"_primaryKey","_firstSeenAt","_lastSeenAt","listingId","vin","stockType","year","make","model","trim","price","msrp","mileage","bodyStyle","exteriorColor","interiorColor","drivetrain","transmission","engine","fuelType","mpg","stockNumber","sellerType","sellerName","sellerCity","sellerState","images","imagesCount","options","optionsCount","description","listingUrl"
"de95b222-3a7d-4eb1-8ea6-821df87fe58d","2026-04-29 23:59:58.299","2026-04-29 23:59:58.299","de95b222-3a7d-4eb1-8ea6-821df87fe58d","[PREMIUM]","New",2026,"Toyota","Grand Highlander","Limited","[PREMIUM]","[PREMIUM]",0,"SUV","Blueprint","Black Leather","Front-wheel Drive",,,"Gasoline",,,"dealership","[PREMIUM]","San Antonio","TX","[PREMIUM]",,"[]",,,"[PREMIUM]"
"191b7b46-af31-4ceb-beef-6570580246ff","2026-04-29 23:59:58.298","2026-04-29 23:59:58.298","191b7b46-af31-4ceb-beef-6570580246ff","[PREMIUM]","New",2026,"Ford","Mustang","GT","[PREMIUM]","[PREMIUM]",5,"Coupe","Mustang",,"Rear-wheel Drive",,,"Gasoline",,,"dealership","[PREMIUM]","Oklahoma City","OK","[PREMIUM]",,"[]",,,"[PREMIUM]"
"7eeae205-7375-4516-ba09-e2b69f390670","2026-04-29 23:59:58.262","2026-04-29 23:59:58.262","7eeae205-7375-4516-ba09-e2b69f390670","[PREMIUM]","New",2026,"Lexus","RX 350h","F SPORT Design","[PREMIUM]","[PREMIUM]",10,"SUV","Incognito","Birch w/Black Open Pore","All-wheel Drive",,,"Gasoline",,,"dealership","[PREMIUM]","Southfield","MI","[PREMIUM]",,"[]",,,"[PREMIUM]"
"e9ccffac-5513-4afc-b5c1-e6870c29dd5f","2026-04-29 23:59:58.254","2026-04-29 23:59:58.254","e9ccffac-5513-4afc-b5c1-e6870c29dd5f","[PREMIUM]","New",2026,"Toyota","Tundra","Limited","[PREMIUM]","[PREMIUM]",0,"Truck","Midnight Black Metallic","Black","Four-wheel Drive",,,"Gasoline",,,"dealership","[PREMIUM]","Kenosha","WI","[PREMIUM]",,"[]",,,"[PREMIUM]"
"021192f7-336c-4538-a765-b7616c53e67d","2026-04-29 23:59:58.247","2026-04-29 23:59:58.247","021192f7-336c-4538-a765-b7616c53e67d","[PREMIUM]","New",2026,"BMW","X3","30 xDrive","[PREMIUM]","[PREMIUM]",0,"SUV","Alpine White","Calm Beige","All-wheel Drive",,,"Gasoline",,,"dealership","[PREMIUM]","Columbus","GA","[PREMIUM]",,"[]",,,"[PREMIUM]"
"b2c47d0d-05f1-4a0c-a8c5-b03a449e4b86","2026-04-29 23:59:58.018","2026-04-29 23:59:58.018","b2c47d0d-05f1-4a0c-a8c5-b03a449e4b86","[PREMIUM]","New",2026,"GMC","Sierra 1500","SLT","[PREMIUM]","[PREMIUM]",6,"Truck","Sterling","Jet Black","4WD",,,"Gasoline",,,"dealership","[PREMIUM]","Lake Wales","FL","[PREMIUM]",,"[]",,,"[PREMIUM]"
"505a6f10-827b-476f-8c32-05623d50bb7f","2026-04-29 23:59:57.997","2026-04-29 23:59:57.997","505a6f10-827b-476f-8c32-05623d50bb7f","[PREMIUM]","New",2026,"Toyota","Tacoma Hybrid","TRD Off Road","[PREMIUM]","[PREMIUM]",0,"Truck","Underground","Black SofTex","Four-wheel Drive",,,"Hybrid",,,"dealership","[PREMIUM]","San Antonio","TX","[PREMIUM]",,"[]",,,"[PREMIUM]"
"88bf7a79-aeca-434c-9e44-f3cab36515fd","2026-04-29 23:59:57.982","2026-04-29 23:59:57.982","88bf7a79-aeca-434c-9e44-f3cab36515fd","[PREMIUM]","New",2026,"Lexus","RX 350h","Premium","[PREMIUM]","[PREMIUM]",3,"SUV","Iridium","Black","All-wheel Drive",,,"Gasoline",,,"dealership","[PREMIUM]","Santa Monica","CA","[PREMIUM]",,"[]",,,"[PREMIUM]"
"13fe49af-d79e-40bf-8630-db7f627dc522","2026-04-29 23:59:57.972","2026-05-03 00:00:14.829","13fe49af-d79e-40bf-8630-db7f627dc522","[PREMIUM]","New",2026,"Audi","Q5","Premium Plus TFSI quattro S tronic","[PREMIUM]","[PREMIUM]",5,"SUV","Florett Silver Metallic","Black","All-wheel Drive",,,"Gasoline",,,"dealership","[PREMIUM]","Littleton","CO","[PREMIUM]",,"[]",,,"[PREMIUM]"
"57de843d-3a29-472a-898a-129bea800eae","2026-04-29 23:59:57.970","2026-04-29 23:59:57.970","57de843d-3a29-472a-898a-129bea800eae","[PREMIUM]","New",2026,"Toyota","4Runner","TRD Off Road Premium","[PREMIUM]","[PREMIUM]",,"SUV","Ice","Black","4WD",,,"Gasoline",,,"dealership","[PREMIUM]","Knoxville","TN","[PREMIUM]",,"[]",,,"[PREMIUM]"
"42fbd7f7-31b0-4b71-85f0-c579a2097210","2026-04-29 23:59:57.969","2026-04-29 23:59:57.969","42fbd7f7-31b0-4b71-85f0-c579a2097210","[PREMIUM]","New",2026,"Lexus","RX 350h","F SPORT Design","[PREMIUM]","[PREMIUM]",12,"SUV","Iridium","Black","All-wheel Drive",,,"Gasoline",,,"dealership","[PREMIUM]","Southfield","MI","[PREMIUM]",,"[]",,,"[PREMIUM]"
"732c5c65-6647-446c-9de0-49a2d906eb5f","2026-04-29 23:59:57.968","2026-05-03 00:00:14.842","732c5c65-6647-446c-9de0-49a2d906eb5f","[PREMIUM]","New",2026,"Audi","Q5","Premium Plus TFSI quattro S tronic","[PREMIUM]","[PREMIUM]",5,"SUV","Mythos Black Metallic","Black","All-wheel Drive",,,"Gasoline",,,"dealership","[PREMIUM]","Littleton","CO","[PREMIUM]",,"[]",,,"[PREMIUM]"
"b3bc8e43-ddc6-420f-9d4e-b8d7bd8aac45","2026-04-29 23:59:57.963","2026-04-29 23:59:57.963","b3bc8e43-ddc6-420f-9d4e-b8d7bd8aac45","[PREMIUM]","New",2026,"Lexus","RX 350","F SPORT Handling","[PREMIUM]","[PREMIUM]",12,"SUV","Caviar","Black","All-wheel Drive",,,"Gasoline",,,"dealership","[PREMIUM]","Southfield","MI","[PREMIUM]",,"[]",,,"[PREMIUM]"
"acc40744-1d3a-4395-b38e-fe27e38a7d80","2026-04-29 23:59:57.954","2026-04-29 23:59:57.954","acc40744-1d3a-4395-b38e-fe27e38a7d80","[PREMIUM]","New",2026,"Ford","F-150","XLT","[PREMIUM]","[PREMIUM]",,"Truck","Carbonized Gray Metallic","Sport","4WD",,,"Gasoline",,,"dealership","[PREMIUM]","Houston","TX","[PREMIUM]",,"[]",,,"[PREMIUM]"
"41ea1e86-126b-4099-9345-6e1b15f71e1d","2026-04-29 23:59:57.952","2026-05-03 00:00:14.807","41ea1e86-126b-4099-9345-6e1b15f71e1d","[PREMIUM]","New",2026,"GMC","Sierra 1500","SLT","[PREMIUM]","[PREMIUM]",5,"Truck","Black","Jet Black, Perforated leather-appointed front outboard seat trim","Four-wheel Drive",,,"Gasoline",,,"dealership","[PREMIUM]","Beaumont","TX","[PREMIUM]",,"[]",,,"[PREMIUM]"
"6fa26b57-e714-46b9-afe4-706599c95deb","2026-04-29 23:59:57.950","2026-04-29 23:59:57.950","6fa26b57-e714-46b9-afe4-706599c95deb","[PREMIUM]","New",2026,"Chevrolet","Silverado 1500","RST","[PREMIUM]","[PREMIUM]",0,"Truck","Sterling Gray Metallic","Jet Black, Cloth seat trim","Four-wheel Drive",,,"Diesel",,,"dealership","[PREMIUM]","El Paso","TX","[PREMIUM]",,"[]",,,"[PREMIUM]"
"8f63d20b-6f2e-44e7-8f15-c847b8aa1a5c","2026-04-29 23:59:57.949","2026-04-29 23:59:57.949","8f63d20b-6f2e-44e7-8f15-c847b8aa1a5c","[PREMIUM]","New",2026,"Chevrolet","Silverado 1500","RST","[PREMIUM]","[PREMIUM]",206,"Truck","White Sands","Jet Black","Four-wheel Drive",,,"Diesel",,,"dealership","[PREMIUM]","Danville","PA","[PREMIUM]",,"[]",,,"[PREMIUM]"
"4ee52895-7cd1-4fd4-b0fa-bcc29327091b","2026-04-29 23:59:57.946","2026-04-29 23:59:57.946","4ee52895-7cd1-4fd4-b0fa-bcc29327091b","[PREMIUM]","New",2026,"Audi","Q5","Premium Plus TFSI quattro S tronic","[PREMIUM]","[PREMIUM]",8,"SUV","Florett Silver Metallic","Black","All-wheel Drive",,,"Gasoline",,,"dealership","[PREMIUM]","Littleton","CO","[PREMIUM]",,"[]",,,"[PREMIUM]"
"216b8ef8-624d-4b2a-8c06-f0e86f6ab78b","2026-04-29 23:59:57.944","2026-04-29 23:59:57.944","216b8ef8-624d-4b2a-8c06-f0e86f6ab78b","[PREMIUM]","New",2026,"Ford","F-150","Lariat","[PREMIUM]","[PREMIUM]",6,"Truck","Avalanche","Black","Four-wheel Drive",,,"Gasoline",,,"dealership","[PREMIUM]","Richmond","VA","[PREMIUM]",,"[]",,,"[PREMIUM]"
"41581df9-b76d-4046-8a1f-49e8c6e0bdd5","2026-04-29 23:59:57.942","2026-04-29 23:59:57.942","41581df9-b76d-4046-8a1f-49e8c6e0bdd5","[PREMIUM]","New",2026,"Toyota","Grand Highlander Hybrid","Limited MAX","[PREMIUM]","[PREMIUM]",4,"SUV","Storm Cloud","Black","All-wheel Drive",,,"Hybrid",,,"dealership","[PREMIUM]","Fayetteville","AR","[PREMIUM]",,"[]",,,"[PREMIUM]"
"29536660-34f9-423e-9583-6518f2e98fd9","2026-04-29 23:59:57.941","2026-04-29 23:59:57.941","29536660-34f9-423e-9583-6518f2e98fd9","[PREMIUM]","New",2026,"Audi","Q5","Premium Plus TFSI quattro S tronic","[PREMIUM]","[PREMIUM]",8,"SUV","Tambora Gray Metallic","Black","All-wheel Drive",,,"Gasoline",,,"dealership","[PREMIUM]","Littleton","CO","[PREMIUM]",,"[]",,,"[PREMIUM]"
"4507c10b-e0a6-4d02-879c-fe472b0839a9","2026-04-29 23:59:57.937","2026-04-29 23:59:57.937","4507c10b-e0a6-4d02-879c-fe472b0839a9","[PREMIUM]","New",2026,"Audi","Q5","Premium Plus TFSI quattro S tronic","[PREMIUM]","[PREMIUM]",8,"SUV","Glacier White Metallic","Black","All-wheel Drive",,,"Gasoline",,,"dealership","[PREMIUM]","Littleton","CO","[PREMIUM]",,"[]",,,"[PREMIUM]"
"fd2509d3-452f-4a8d-a0bf-a1c919f72101","2026-04-29 23:59:57.935","2026-04-29 23:59:57.935","fd2509d3-452f-4a8d-a0bf-a1c919f72101","[PREMIUM]","New",2026,"Audi","Q5","Premium Plus TFSI quattro S tronic","[PREMIUM]","[PREMIUM]",8,"SUV","Mythos Black Metallic","Murillo Brown","All-wheel Drive",,,"Gasoline",,,"dealership","[PREMIUM]","Littleton","CO","[PREMIUM]",,"[]",,,"[PREMIUM]"
"68ba291c-aa74-44ca-afb2-fa5b8003365b","2026-04-29 23:59:57.924","2026-04-29 23:59:57.924","68ba291c-aa74-44ca-afb2-fa5b8003365b","[PREMIUM]","New",2026,"Ford","Explorer","ST","[PREMIUM]","[PREMIUM]",37,"SUV","Rapid Red Metallic Tinted Clearcoat","Aw","Four-wheel Drive",,,"Gasoline",,,"dealership","[PREMIUM]","Warwick","NY","[PREMIUM]",,"[]",,,"[PREMIUM]"
"6468611c-255d-447c-b6f2-75880a480ab1","2026-04-29 23:59:57.921","2026-04-29 23:59:57.921","6468611c-255d-447c-b6f2-75880a480ab1","[PREMIUM]","New",2026,"Audi","Q5","Premium Plus TFSI quattro S tronic","[PREMIUM]","[PREMIUM]",5,"SUV","Mythos Black Metallic","Murillo Brown","All-wheel Drive",,,"Gasoline",,,"dealership","[PREMIUM]","Littleton","CO","[PREMIUM]",,"[]",,,"[PREMIUM]"
"ce294c2d-de40-40c1-b748-f0df19295593","2026-04-29 23:59:57.921","2026-04-29 23:59:57.921","ce294c2d-de40-40c1-b748-f0df19295593","[PREMIUM]","New",2026,"Lexus","RX 350h","Premium+","[PREMIUM]","[PREMIUM]",10,"SUV","Caviar","Black","All-wheel Drive",,,"Gasoline",,,"dealership","[PREMIUM]","Southfield","MI","[PREMIUM]",,"[]",,,"[PREMIUM]"
"23cfd98e-3c30-41de-830c-570fdce67d5c","2026-04-29 23:59:57.917","2026-04-29 23:59:57.917","23cfd98e-3c30-41de-830c-570fdce67d5c","[PREMIUM]","New",2026,"Audi","Q5","Premium Plus TFSI quattro S tronic","[PREMIUM]","[PREMIUM]",8,"SUV","Tambora Gray Metallic","Black","All-wheel Drive",,,"Gasoline",,,"dealership","[PREMIUM]","Littleton","CO","[PREMIUM]",,"[]",,,"[PREMIUM]"
"c6f23956-0117-4f85-843f-47bcb90fe193","2026-04-29 23:59:57.917","2026-04-29 23:59:57.917","c6f23956-0117-4f85-843f-47bcb90fe193","[PREMIUM]","New",2026,"Audi","Q5","Premium Plus TFSI quattro S tronic","[PREMIUM]","[PREMIUM]",8,"SUV","Tambora Gray Metallic","Black","All-wheel Drive",,,"Gasoline",,,"dealership","[PREMIUM]","Littleton","CO","[PREMIUM]",,"[]",,,"[PREMIUM]"
"86075494-3df7-4421-a7a5-be0ee41dd06f","2026-04-29 23:59:57.915","2026-04-29 23:59:57.915","86075494-3df7-4421-a7a5-be0ee41dd06f","[PREMIUM]","New",2026,"Audi","Q5","Premium Plus TFSI quattro S tronic","[PREMIUM]","[PREMIUM]",8,"SUV","Mythos Black Metallic","Black","All-wheel Drive",,,"Gasoline",,,"dealership","[PREMIUM]","Littleton","CO","[PREMIUM]",,"[]",,,"[PREMIUM]"
"7d8307a7-774a-41e3-b3da-cf152ee1b999","2026-04-29 23:59:47.317","2026-04-29 23:59:47.317","7d8307a7-774a-41e3-b3da-cf152ee1b999","[PREMIUM]","New",2026,"Toyota","Grand Highlander Hybrid","Limited MAX","[PREMIUM]","[PREMIUM]",0,"SUV","Storm Cloud","Black","All-wheel Drive",,,"Hybrid",,,"dealership","[PREMIUM]","Putnam","CT","[PREMIUM]",,"[]",,,"[PREMIUM]"
"95ba5484-6d3c-4433-bbf5-36e8b731a6c1","2026-04-29 23:59:47.291","2026-05-09 00:00:18.634","95ba5484-6d3c-4433-bbf5-36e8b731a6c1","[PREMIUM]","New",2026,"Ford","F-150","XLT","[PREMIUM]","[PREMIUM]",7,"Truck","Antimatter Blue Metallic","Black","Four-wheel Drive",,,"Gasoline",,,"dealership","[PREMIUM]","Cincinnati","OH","[PREMIUM]",,"[]",,,"[PREMIUM]"
"af42c982-8b97-41b4-8d0e-02395040eabf","2026-04-29 23:59:47.268","2026-04-29 23:59:47.268","af42c982-8b97-41b4-8d0e-02395040eabf","[PREMIUM]","New",2026,"Chevrolet","Silverado 1500","High Country","[PREMIUM]","[PREMIUM]",0,"Truck","Black","Black","Four-wheel Drive",,,"Gasoline",,,"dealership","[PREMIUM]","Daytona Beach","FL","[PREMIUM]",,"[]",,,"[PREMIUM]"
"f713ef5f-8fc6-4289-8d4a-690fb44af45a","2026-04-29 23:59:47.268","2026-04-29 23:59:47.268","f713ef5f-8fc6-4289-8d4a-690fb44af45a","[PREMIUM]","New",2026,"Lexus","RX 350h","Premium","[PREMIUM]","[PREMIUM]",4,"SUV","Eminent White Pearl","Black","All-wheel Drive",,,"Gasoline",,,"dealership","[PREMIUM]","Durham","NC","[PREMIUM]",,"[]",,,"[PREMIUM]"
"775fba33-178a-4937-995b-321e4e5a886a","2026-04-29 23:59:47.263","2026-05-03 00:00:04.486","775fba33-178a-4937-995b-321e4e5a886a","[PREMIUM]","New",2026,"Lexus","RX 350","Premium","[PREMIUM]","[PREMIUM]",3,"SUV","Nightfall Mica","Black","Front-wheel Drive",,,"Gasoline",,,"dealership","[PREMIUM]","Santa Monica","CA","[PREMIUM]",,"[]",,,"[PREMIUM]"
"6372cff4-0b22-4e58-981c-fd7a104d243b","2026-04-29 23:59:47.260","2026-04-29 23:59:47.260","6372cff4-0b22-4e58-981c-fd7a104d243b","[PREMIUM]","New",2026,"Ford","F-150","XLT","[PREMIUM]","[PREMIUM]",0,"Truck","Oxford White","Black","Four-wheel Drive",,,"Gasoline",,,"dealership","[PREMIUM]","Las Vegas","NV","[PREMIUM]",,"[]",,,"[PREMIUM]"
"db5af51a-683a-47b0-bafa-86d851b8d595","2026-04-29 23:59:47.256","2026-04-29 23:59:47.256","db5af51a-683a-47b0-bafa-86d851b8d595","[PREMIUM]","New",2026,"Toyota","Sienna","Platinum","[PREMIUM]","[PREMIUM]",0,"Passenger Van","Wind Chill Prl","Macadamia Lth","All-wheel Drive",,,"Gasoline",,,"dealership","[PREMIUM]","Malvern","PA","[PREMIUM]",,"[]",,,"[PREMIUM]"
"5826700e-f434-45bb-bab0-1bb558d0a21d","2026-04-29 23:59:47.255","2026-04-29 23:59:47.255","5826700e-f434-45bb-bab0-1bb558d0a21d","[PREMIUM]","New",2026,"BMW","X3","30 xDrive","[PREMIUM]","[PREMIUM]",2,"SUV","Dark Graphite Metallic","Black","All-wheel Drive",,,"Gasoline",,,"dealership","[PREMIUM]","Virginia Beach","VA","[PREMIUM]",,"[]",,,"[PREMIUM]"
"b51c84d4-5ffa-4bb0-936e-3ed04c4760b9","2026-04-29 23:59:47.246","2026-04-29 23:59:47.246","b51c84d4-5ffa-4bb0-936e-3ed04c4760b9","[PREMIUM]","New",2026,"Ford","Transit-350","Base","[PREMIUM]","[PREMIUM]",0,"Cargo Van","Oxford White","Dark Palazzo Gray","All-wheel Drive",,,"Gasoline",,,"dealership","[PREMIUM]","Kent","WA","[PREMIUM]",,"[]",,,"[PREMIUM]"
"f7076ef5-4f56-4035-ae61-47c5b7a1c335","2026-04-29 23:59:47.246","2026-04-29 23:59:47.246","f7076ef5-4f56-4035-ae61-47c5b7a1c335","[PREMIUM]","New",2026,"Lexus","NX 350h","Luxury","[PREMIUM]","[PREMIUM]",0,"SUV","Atomic Silver","Black","All-wheel Drive",,,"Gasoline",,,"dealership","[PREMIUM]","Spokane","WA","[PREMIUM]",,"[]",,,"[PREMIUM]"
"1fa49405-b135-427d-8d8b-4b02bc2aeead","2026-04-29 23:59:37.185","2026-04-29 23:59:37.185","1fa49405-b135-427d-8d8b-4b02bc2aeead","[PREMIUM]","New",2026,"Lincoln","Aviator","Reserve AWD","[PREMIUM]","[PREMIUM]",10,"SUV","INFINITE BLACK MET CC","ONYX PREMIUM LEATHER SU","All-wheel Drive",,,"Gasoline",,,"dealership","[PREMIUM]","North Little Rock","AR","[PREMIUM]",,"[]",,,"[PREMIUM]"
"45a79f5b-60d7-42a8-a85c-8743613842e8","2026-04-29 23:59:36.949","2026-05-06 00:00:00.945","45a79f5b-60d7-42a8-a85c-8743613842e8","[PREMIUM]","New",2026,"Toyota","Grand Highlander Hybrid","Limited","[PREMIUM]","[PREMIUM]",7360,"SUV","X8","Lt Gry Lth","All-wheel Drive",,,"Hybrid",,,"dealership","[PREMIUM]","Bryan","TX","[PREMIUM]",,"[]",,,"[PREMIUM]"
"bec96930-ef33-47aa-bc70-ec500783750a","2026-04-29 23:59:36.873","2026-04-29 23:59:36.873","bec96930-ef33-47aa-bc70-ec500783750a","[PREMIUM]","New",2026,"Toyota","4Runner","TRD Off Road Premium","[PREMIUM]","[PREMIUM]",0,"SUV","Ice Cap","Black","Four-wheel Drive",,,"Gasoline",,,"dealership","[PREMIUM]","Gaithersburg","MD","[PREMIUM]",,"[]",,,"[PREMIUM]"
"46f66bac-854c-4bd5-b13f-b700a0510362","2026-04-29 23:59:36.868","2026-04-29 23:59:36.868","46f66bac-854c-4bd5-b13f-b700a0510362","[PREMIUM]","New",2026,"BMW","X3","30 xDrive","[PREMIUM]","[PREMIUM]",0,"SUV","Alpine","Espresso Bwn Veganza Perf","All-wheel Drive",,,"Gasoline",,,"dealership","[PREMIUM]","Newport News","VA","[PREMIUM]",,"[]",,,"[PREMIUM]"
"fcee74c1-e891-4187-b413-0c56aee066d8","2026-04-29 23:59:36.861","2026-04-29 23:59:36.861","fcee74c1-e891-4187-b413-0c56aee066d8","[PREMIUM]","New",2026,"Acura","MDX","A-SPEC","[PREMIUM]","[PREMIUM]",10,"SUV","Platinum White Pearl","Red","All-wheel Drive",,,"Gasoline",,,"dealership","[PREMIUM]","Libertyville","IL","[PREMIUM]",,"[]",,,"[PREMIUM]"
"507b2b0b-823a-4a70-af5e-d424bbb6291c","2026-04-29 23:59:36.854","2026-04-29 23:59:36.854","507b2b0b-823a-4a70-af5e-d424bbb6291c","[PREMIUM]","New",2026,"Toyota","Tundra","1794 Edition","[PREMIUM]","[PREMIUM]",0,"Truck","Wind Chill Pearl","Saddle Tan","Four-wheel Drive",,,"Gasoline",,,"dealership","[PREMIUM]","Punta Gorda","FL","[PREMIUM]",,"[]",,,"[PREMIUM]"
"29291f54-ec0a-4e1d-9484-30d5d6891a06","2026-04-29 23:59:36.843","2026-04-29 23:59:36.843","29291f54-ec0a-4e1d-9484-30d5d6891a06","[PREMIUM]","New",2026,"Ford","Transit-250","Base","[PREMIUM]","[PREMIUM]",6,"Cargo Van","Carbonized Gray Metallic","Gray","All-wheel Drive",,,"Gasoline",,,"dealership","[PREMIUM]","Columbus","OH","[PREMIUM]",,"[]",,,"[PREMIUM]"
"aa161573-904b-4530-8da5-bb61d6193a1e","2026-04-29 23:59:36.829","2026-04-29 23:59:36.829","aa161573-904b-4530-8da5-bb61d6193a1e","[PREMIUM]","New",2026,"GMC","Sierra 1500","AT4","[PREMIUM]","[PREMIUM]",0,"Truck","Volcanic Red Tintcoat","Jet Black w/Kalahari Accents","Four-wheel Drive",,,"Gasoline",,,"dealership","[PREMIUM]","Bentonville","AR","[PREMIUM]",,"[]",,,"[PREMIUM]"
"eab38cf2-ba7e-44a2-a91c-828d8f477ff5","2026-04-29 23:59:36.826","2026-04-29 23:59:36.826","eab38cf2-ba7e-44a2-a91c-828d8f477ff5","[PREMIUM]","New",2026,"Toyota","4Runner","Limited","[PREMIUM]","[PREMIUM]",10,"SUV","L7","Portobello Lth","Rear-wheel Drive",,,"Gasoline",,,"dealership","[PREMIUM]","Bryan","TX","[PREMIUM]",,"[]",,,"[PREMIUM]"
"b5053556-5a71-4240-8e9f-58b4591451ae","2026-04-29 23:59:36.823","2026-04-29 23:59:36.823","b5053556-5a71-4240-8e9f-58b4591451ae","[PREMIUM]","New",2026,"Chevrolet","Silverado 1500","LT Trail Boss","[PREMIUM]","[PREMIUM]",10,"Truck","Black","Jet Black","Four-wheel Drive",,,"Diesel",,,"dealership","[PREMIUM]","Roseville","MN","[PREMIUM]",,"[]",,,"[PREMIUM]"
"e8b8604a-7884-45f8-973e-b150695f2e42","2026-04-29 23:59:36.819","2026-04-29 23:59:36.819","e8b8604a-7884-45f8-973e-b150695f2e42","[PREMIUM]","New",2026,"Ford","Bronco","Badlands","[PREMIUM]","[PREMIUM]",3,"SUV","Desert Sand","Black","Four-wheel Drive",,,"Gasoline",,,"dealership","[PREMIUM]","Lake Park","FL","[PREMIUM]",,"[]",,,"[PREMIUM]"
"8ae273c8-a724-44aa-b96a-37174a684199","2026-04-29 23:59:36.818","2026-04-29 23:59:36.818","8ae273c8-a724-44aa-b96a-37174a684199","[PREMIUM]","New",2026,"Jeep","Wrangler","Rubicon","[PREMIUM]","[PREMIUM]",1,"SUV","Bright White Clearcoat","Black","Four-wheel Drive",,,"Gasoline",,,"dealership","[PREMIUM]","Ottumwa","IA","[PREMIUM]",,"[]",,,"[PREMIUM]"
"97b37462-6306-4a08-b80f-fd93662fc728","2026-04-29 23:59:36.818","2026-04-29 23:59:36.818","97b37462-6306-4a08-b80f-fd93662fc728","[PREMIUM]","New",2026,"Hyundai","Palisade Hybrid","Calligraphy","[PREMIUM]","[PREMIUM]",8,"SUV","Robust Emerald Pearl","Gray/Navy","All-wheel Drive",,,"Gasoline",,,"dealership","[PREMIUM]","Clarksville","TN","[PREMIUM]",,"[]",,,"[PREMIUM]"
"85a6346f-ba3a-4dfe-afb9-0e4ccf0504bb","2026-04-29 23:59:36.813","2026-04-29 23:59:36.813","85a6346f-ba3a-4dfe-afb9-0e4ccf0504bb","[PREMIUM]","New",2026,"RAM","1500","Laramie","[PREMIUM]","[PREMIUM]",8,"Truck","Granite Crystal Metallic Clearcoat","Black","Four-wheel Drive",,,"Gasoline",,,"dealership","[PREMIUM]","Monticello","MN","[PREMIUM]",,"[]",,,"[PREMIUM]"
"09dbcfe2-3bdd-4bfd-b4d5-405262f3fdfa","2026-04-29 23:59:36.794","2026-04-29 23:59:36.794","09dbcfe2-3bdd-4bfd-b4d5-405262f3fdfa","[PREMIUM]","New",2026,"Ford","F-150","XLT","[PREMIUM]","[PREMIUM]",3380,"Truck","ANTIMATTER BLUE METALLIC","BLACK CLOTH 40/CON/40","Four-wheel Drive",,,"Gasoline",,,"dealership","[PREMIUM]","Las Vegas","NV","[PREMIUM]",,"[]",,,"[PREMIUM]"
"5c1f2b92-9761-4261-8726-795cd1281b90","2026-04-29 23:59:36.794","2026-04-29 23:59:36.794","5c1f2b92-9761-4261-8726-795cd1281b90","[PREMIUM]","Used",2026,"Toyota","Tundra Hybrid","Limited","[PREMIUM]","[PREMIUM]",2313,"Truck","Blueprint","Black","Four-wheel Drive",,,"Hybrid",,,"dealership","[PREMIUM]","Scottsdale","AZ","[PREMIUM]",,"[]",,,"[PREMIUM]"
"23cd06d8-dc67-463c-9117-e69b5b7b3cd4","2026-04-29 23:59:36.789","2026-05-06 00:00:00.911","23cd06d8-dc67-463c-9117-e69b5b7b3cd4","[PREMIUM]","New",2026,"Lexus","RX 350","Premium","[PREMIUM]","[PREMIUM]",0,"SUV","Eminent White Pearl","Black","Front-wheel Drive",,,"Gasoline",,,"dealership","[PREMIUM]","Orlando","FL","[PREMIUM]",,"[]",,,"[PREMIUM]"
"a65a6d3a-8a93-48a2-9a61-bb044956ce52","2026-04-29 23:59:26.419","2026-04-29 23:59:26.419","a65a6d3a-8a93-48a2-9a61-bb044956ce52","[PREMIUM]","New",2026,"Ford","Bronco","Badlands","[PREMIUM]","[PREMIUM]",3,"SUV","Velocity Blue Metallic","Black","Four-wheel Drive",,,"Gasoline",,,"dealership","[PREMIUM]","Lake Park","FL","[PREMIUM]",,"[]",,,"[PREMIUM]"
"876e499a-9317-47e0-a0ff-7d6aa5978d85","2026-04-29 23:59:26.189","2026-04-29 23:59:26.189","876e499a-9317-47e0-a0ff-7d6aa5978d85","[PREMIUM]","New",2026,"Toyota","Tundra","Limited","[PREMIUM]","[PREMIUM]",0,"Truck","Blueprint","Boulder","Four-wheel Drive",,,"Gasoline",,,"dealership","[PREMIUM]","Hagerstown","MD","[PREMIUM]",,"[]",,,"[PREMIUM]"
"884c2b59-d9e9-44e6-bdde-45d2c4eb9ed5","2026-04-29 23:59:26.111","2026-04-29 23:59:26.111","884c2b59-d9e9-44e6-bdde-45d2c4eb9ed5","[PREMIUM]","New",2026,"Toyota","Grand Highlander","Platinum","[PREMIUM]","[PREMIUM]",12,"SUV","Wind Chill Pearl","Light Gray","All-wheel Drive",,,"Gasoline",,,"dealership","[PREMIUM]","Corpus Christi","TX","[PREMIUM]",,"[]",,,"[PREMIUM]"
"9f151de2-7e14-4a07-8f82-d092ecb75c12","2026-04-29 23:59:26.076","2026-04-29 23:59:26.076","9f151de2-7e14-4a07-8f82-d092ecb75c12","[PREMIUM]","New",2026,"Hyundai","Palisade Hybrid","Calligraphy","[PREMIUM]","[PREMIUM]",167,"SUV","Pacific Sapphire","Brown","All-wheel Drive",,,"Gasoline",,,"dealership","[PREMIUM]","Murfreesboro","TN","[PREMIUM]",,"[]",,,"[PREMIUM]"
"2ab8aeea-fbe9-48f4-a84a-d4c2e7b2bba3","2026-04-29 23:59:26.067","2026-04-29 23:59:26.067","2ab8aeea-fbe9-48f4-a84a-d4c2e7b2bba3","[PREMIUM]","New",2026,"Ford","F-250","XLT","[PREMIUM]","[PREMIUM]",239,"Truck","AVALANCHE","MEDIUM DARK SLATE CLOTH","Four-wheel Drive",,,"Gasoline",,,"dealership","[PREMIUM]","Lake Park","FL","[PREMIUM]",,"[]",,,"[PREMIUM]"
"9a3d7449-c660-4be6-8223-d1c149e73a3a","2026-04-29 23:59:26.065","2026-04-29 23:59:26.065","9a3d7449-c660-4be6-8223-d1c149e73a3a","[PREMIUM]","New",2026,"Lincoln","Nautilus","Reserve","[PREMIUM]","[PREMIUM]",0,"SUV","Blue","Blk Onyx Premium Lth Trmm","All-wheel Drive",,,"Gasoline",,,"dealership","[PREMIUM]","Triadelphia","WV","[PREMIUM]",,"[]",,,"[PREMIUM]"
"cccf72dc-9b3e-42cf-b2d2-77923ce89388","2026-04-29 23:59:26.060","2026-05-02 23:59:44.088","cccf72dc-9b3e-42cf-b2d2-77923ce89388","[PREMIUM]","New",2026,"BMW","X3","30 xDrive","[PREMIUM]","[PREMIUM]",10,"SUV","Brooklyn Grey Metallic","Black","All-wheel Drive",,,"Gasoline",,,"dealership","[PREMIUM]","Topeka","KS","[PREMIUM]",,"[]",,,"[PREMIUM]"
"b3b499e5-1897-49db-8316-c824773d7e35","2026-04-29 23:59:26.054","2026-04-29 23:59:26.054","b3b499e5-1897-49db-8316-c824773d7e35","[PREMIUM]","New",2026,"Ford","Bronco","Outer Banks","[PREMIUM]","[PREMIUM]",0,"SUV","Shadow Black","Black Onyx","Four-wheel Drive",,,"Gasoline",,,"dealership","[PREMIUM]","Birmingham","AL","[PREMIUM]",,"[]",,,"[PREMIUM]"
"7e9d313b-b13d-47c0-bbe8-b585f1b6ce34","2026-04-29 23:59:26.047","2026-04-29 23:59:26.047","7e9d313b-b13d-47c0-bbe8-b585f1b6ce34","[PREMIUM]","New",2026,"Toyota","Highlander Hybrid","Base","[PREMIUM]","[PREMIUM]",4,"SUV","01l6/","La20/Black","All-wheel Drive",,,"Hybrid",,,"dealership","[PREMIUM]","Columbus","OH","[PREMIUM]",,"[]",,,"[PREMIUM]"
"4f19e814-58ab-4227-a802-fb51df004618","2026-04-29 23:59:26.038","2026-04-29 23:59:26.038","4f19e814-58ab-4227-a802-fb51df004618","[PREMIUM]","New",2026,"Ford","F-350","XLT","[PREMIUM]","[PREMIUM]",50,"Truck","Oxford White","Medium Dark Slate","Four-wheel Drive",,,"Gasoline",,,"dealership","[PREMIUM]","New Smyrna Beach","FL","[PREMIUM]",,"[]",,,"[PREMIUM]"
"47dfa184-f5dc-4ad0-86cc-8104c7347d13","2026-04-29 23:59:26.035","2026-04-29 23:59:26.035","47dfa184-f5dc-4ad0-86cc-8104c7347d13","[PREMIUM]","New",2026,"Toyota","Sienna","Platinum","[PREMIUM]","[PREMIUM]",1,"Passenger Van","Blueprint","Black","All-wheel Drive",,,"Gasoline",,,"dealership","[PREMIUM]","Hagerstown","MD","[PREMIUM]",,"[]",,,"[PREMIUM]"
"c1928aab-18ea-4ea9-9ad1-9e89818422b6","2026-04-29 23:59:26.029","2026-04-29 23:59:26.029","c1928aab-18ea-4ea9-9ad1-9e89818422b6","[PREMIUM]","New",2026,"GMC","Sierra 1500","SLT","[PREMIUM]","[PREMIUM]",2,"Truck","Onyx Black","Jet Black","Four-wheel Drive",,,"Gasoline",,,"dealership","[PREMIUM]","San Antonio","TX","[PREMIUM]",,"[]",,,"[PREMIUM]"
"e04e4acf-a499-4fbe-981f-b9cb15b16fc2","2026-04-29 23:59:26.025","2026-05-05 23:59:40.680","e04e4acf-a499-4fbe-981f-b9cb15b16fc2","[PREMIUM]","New",2026,"Audi","Q5","Premium Plus TFSI quattro S tronic","[PREMIUM]","[PREMIUM]",8,"SUV","Navarra Blue Metallic","Pearl Beige","All-wheel Drive",,,"Gasoline",,,"dealership","[PREMIUM]","Littleton","CO","[PREMIUM]",,"[]",,,"[PREMIUM]"
"6c8f01a5-d323-4677-b7c6-aa6a37a16658","2026-04-29 23:59:26.024","2026-04-29 23:59:26.024","6c8f01a5-d323-4677-b7c6-aa6a37a16658","[PREMIUM]","New",2026,"Toyota","Grand Highlander Hybrid","Platinum MAX","[PREMIUM]","[PREMIUM]",1,"SUV","Cloud","Portobello Leat","All-wheel Drive",,,"Hybrid",,,"dealership","[PREMIUM]","Hagerstown","MD","[PREMIUM]",,"[]",,,"[PREMIUM]"
"97cd0c1e-ce54-4492-81b6-a4fffc89ae6f","2026-04-29 23:59:26.021","2026-04-29 23:59:26.021","97cd0c1e-ce54-4492-81b6-a4fffc89ae6f","[PREMIUM]","New",2026,"Ford","F-150","XLT","[PREMIUM]","[PREMIUM]",41,"Truck","Oxford White","Black w/Medium Dark Slate","Four-wheel Drive",,,"Gasoline",,,"dealership","[PREMIUM]","Independence","IA","[PREMIUM]",,"[]",,,"[PREMIUM]"
"bd959665-f569-44a6-b52e-75217c32bdc6","2026-04-29 23:59:26.009","2026-04-29 23:59:26.009","bd959665-f569-44a6-b52e-75217c32bdc6","[PREMIUM]","New",2026,"Toyota","4Runner","TRD Sport Premium","[PREMIUM]","[PREMIUM]",1,"SUV","Black","Black","Four-wheel Drive",,,"Gasoline",,,"dealership","[PREMIUM]","Hagerstown","MD","[PREMIUM]",,"[]",,,"[PREMIUM]"
"0ed3e109-5b5d-4a90-8938-40035ceacd4b","2026-04-29 23:59:16.028","2026-04-29 23:59:16.028","0ed3e109-5b5d-4a90-8938-40035ceacd4b","[PREMIUM]","New",2026,"Ford","F-150","XLT","[PREMIUM]","[PREMIUM]",50,"Truck","Oxford White","Black","Four-wheel Drive",,,"Gasoline",,,"dealership","[PREMIUM]","New Smyrna Beach","FL","[PREMIUM]",,"[]",,,"[PREMIUM]"
"8b8fb6a7-cea5-4d95-976f-f28a8d672415","2026-04-29 23:59:15.736","2026-05-05 23:59:40.610","8b8fb6a7-cea5-4d95-976f-f28a8d672415","[PREMIUM]","New",2026,"Hyundai","Palisade Hybrid","Calligraphy","[PREMIUM]","[PREMIUM]",5,"SUV","Creamy White Pearl","Black","All-wheel Drive",,,"Gasoline",,,"dealership","[PREMIUM]","Danvers","MA","[PREMIUM]",,"[]",,,"[PREMIUM]"
"726d5304-a05b-4634-9605-50378410caa3","2026-04-29 23:59:15.690","2026-04-29 23:59:15.690","726d5304-a05b-4634-9605-50378410caa3","[PREMIUM]","New",2026,"Ford","Bronco","Outer Banks","[PREMIUM]","[PREMIUM]",50,"SUV","Oxford White","Black Onyx","Four-wheel Drive",,,"Gasoline",,,"dealership","[PREMIUM]","New Smyrna Beach","FL","[PREMIUM]",,"[]",,,"[PREMIUM]"
"c70acab9-5f16-4ca8-87d4-5c245d3815b8","2026-04-29 23:59:15.679","2026-04-29 23:59:15.679","c70acab9-5f16-4ca8-87d4-5c245d3815b8","[PREMIUM]","New",2026,"Ford","Explorer","Tremor","[PREMIUM]","[PREMIUM]",3,"SUV","Marsh Gray","Onyx","Four-wheel Drive",,,"Gasoline",,,"dealership","[PREMIUM]","Reno","NV","[PREMIUM]",,"[]",,,"[PREMIUM]"
"35b48fcd-fe76-4389-853a-c3c2831a2811","2026-04-29 23:59:15.654","2026-04-29 23:59:15.654","35b48fcd-fe76-4389-853a-c3c2831a2811","[PREMIUM]","New",2027,"Kia","Telluride Hybrid","X-Line SX-Prestige","[PREMIUM]","[PREMIUM]",4,"SUV","Black Jade Green","Black","All-wheel Drive",,,"Hybrid",,,"dealership","[PREMIUM]","Clarksville","TN","[PREMIUM]",,"[]",,,"[PREMIUM]"
"9f67505c-2d8b-4830-8ff4-5818140fd043","2026-04-29 23:59:15.643","2026-05-05 23:59:40.598","9f67505c-2d8b-4830-8ff4-5818140fd043","[PREMIUM]","New",2026,"Ford","Bronco","Heritage Edition","[PREMIUM]","[PREMIUM]",5,"SUV","Velocity Blue Metallic","Navy Pier","Four-wheel Drive",,,"Gasoline",,,"dealership","[PREMIUM]","Marietta","GA","[PREMIUM]",,"[]",,,"[PREMIUM]"
"91972400-afe5-4e71-842f-b091a0fb090e","2026-04-29 23:59:15.626","2026-04-29 23:59:15.626","91972400-afe5-4e71-842f-b091a0fb090e","[PREMIUM]","Used",2026,"GMC","Sierra 1500","AT4","[PREMIUM]","[PREMIUM]",18069,"Truck","Onyx Black","Jet Black w/Kalahari Accents","Four-wheel Drive",,,"Gasoline",,,"dealership","[PREMIUM]","Rogers","AR","[PREMIUM]",,"[]",,,"[PREMIUM]"
"3ddf65d8-3f6b-4a11-9c07-078dfb83c507","2026-04-29 23:58:55.458","2026-04-29 23:58:55.458","3ddf65d8-3f6b-4a11-9c07-078dfb83c507","[PREMIUM]","New",2026,"Chevrolet","Traverse","RS","[PREMIUM]","[PREMIUM]",200,"SUV","Radiant Red Tintcoat","Jet Black w/Torch Red Accents","All-wheel Drive",,,"Gasoline",,,"dealership","[PREMIUM]","Defiance","OH","[PREMIUM]",,"[]",,,"[PREMIUM]"
"2fb2e55f-d317-4c5e-a801-5b9871c2e5b4","2026-04-29 23:58:55.389","2026-04-29 23:58:55.389","2fb2e55f-d317-4c5e-a801-5b9871c2e5b4","[PREMIUM]","New",2026,"Ford","Transit-350","Base","[PREMIUM]","[PREMIUM]",5,"Cargo Van","OXFORD WHITE","DARK PALAZZO GRAY VINYL","Rear-wheel Drive",,,"Gasoline",,,"dealership","[PREMIUM]","Marietta","GA","[PREMIUM]",,"[]",,,"[PREMIUM]"
"1690aaf6-9f83-415f-bada-ab3c9a5549a4","2026-04-29 23:58:55.382","2026-04-29 23:58:55.382","1690aaf6-9f83-415f-bada-ab3c9a5549a4","[PREMIUM]","New",2026,"Toyota","Grand Highlander Hybrid","Platinum MAX","[PREMIUM]","[PREMIUM]",0,"SUV","Heavy Metal","Light Gray Leather and Ultrasuede","All-wheel Drive",,,"Hybrid",,,"dealership","[PREMIUM]","Winchester","VA","[PREMIUM]",,"[]",,,"[PREMIUM]"
"0dcac72e-9cf5-4942-bf2b-eaf143d34f18","2026-04-29 23:58:55.366","2026-04-29 23:58:55.366","0dcac72e-9cf5-4942-bf2b-eaf143d34f18","[PREMIUM]","New",2026,"Toyota","4Runner","Limited","[PREMIUM]","[PREMIUM]",0,"SUV","Black","Black","Four-wheel Drive",,,"Gasoline",,,"dealership","[PREMIUM]","Merriam","KS","[PREMIUM]",,"[]",,,"[PREMIUM]"
"1d236389-62f5-43d9-b269-382b343d3333","2026-04-29 23:58:55.343","2026-04-29 23:58:55.343","1d236389-62f5-43d9-b269-382b343d3333","[PREMIUM]","New",2026,"Lexus","RX 350","Premium","[PREMIUM]","[PREMIUM]",0,"SUV","Eminent White Pearl","Macadamia leather and Ash Bamboo trim","All-wheel Drive",,,"Gasoline",,,"dealership","[PREMIUM]","East Hartford","CT","[PREMIUM]",,"[]",,,"[PREMIUM]"
"f93247da-f628-4741-97ed-2e72acc21bfa","2026-04-29 23:58:45.309","2026-04-29 23:58:45.309","f93247da-f628-4741-97ed-2e72acc21bfa","[PREMIUM]","New",2027,"Kia","Telluride Hybrid","X-Line SX-Prestige","[PREMIUM]","[PREMIUM]",0,"SUV","Black Jade Green","Black","All-wheel Drive",,,"Hybrid",,,"dealership","[PREMIUM]","Denver","CO","[PREMIUM]",,"[]",,,"[PREMIUM]"
"0ca303f4-6b1c-44d2-b8dc-9daffed58e9c","2026-04-29 23:58:45.233","2026-04-29 23:58:45.233","0ca303f4-6b1c-44d2-b8dc-9daffed58e9c","[PREMIUM]","New",2026,"Lexus","NX 350","Luxury","[PREMIUM]","[PREMIUM]",2,"SUV","Cloudburst Gray","Rioja Red leather and Black Open-Pore Wood trim","All-wheel Drive",,,"Gasoline",,,"dealership","[PREMIUM]","Owings Mills","MD","[PREMIUM]",,"[]",,,"[PREMIUM]"
"bab6364f-3fd9-4e12-ad74-49ce0b38fc15","2026-04-29 23:58:45.215","2026-05-02 23:58:53.241","bab6364f-3fd9-4e12-ad74-49ce0b38fc15","[PREMIUM]","New",2026,"Lexus","RX 350","Premium","[PREMIUM]","[PREMIUM]",0,"SUV","Iridium","Black","All-wheel Drive",,,"Gasoline",,,"dealership","[PREMIUM]","Merriam","KS","[PREMIUM]",,"[]",,,"[PREMIUM]"
"47dedce4-5f4c-4890-b8ef-06affc757677","2026-04-29 23:58:45.213","2026-05-08 23:59:38.058","47dedce4-5f4c-4890-b8ef-06affc757677","[PREMIUM]","New",2026,"Lexus","RX 350","Premium","[PREMIUM]","[PREMIUM]",0,"SUV","Eminent White Pearl","Birch w/Black Open Pore","All-wheel Drive",,,"Gasoline",,,"dealership","[PREMIUM]","Merriam","KS","[PREMIUM]",,"[]",,,"[PREMIUM]"
"823d56da-a0f5-4c0b-a7ef-767743142e09","2026-04-29 23:58:24.962","2026-04-29 23:58:24.962","823d56da-a0f5-4c0b-a7ef-767743142e09","[PREMIUM]","New",2027,"Kia","Telluride","X-Pro SX-Prestige","[PREMIUM]","[PREMIUM]",11,"SUV","Glacial White Pearl","Black","All-wheel Drive",,,"Gasoline",,,"dealership","[PREMIUM]","Orlando","FL","[PREMIUM]",,"[]",,,"[PREMIUM]"
"c2bc378e-31e7-4607-b00d-7ce937209d81","2026-04-29 23:58:14.914","2026-04-29 23:58:14.914","c2bc378e-31e7-4607-b00d-7ce937209d81","[PREMIUM]","New",2027,"Kia","Telluride Hybrid","X-Line SX-Prestige","[PREMIUM]","[PREMIUM]",0,"SUV","Midnight","Black","All-wheel Drive",,,"Hybrid",,,"dealership","[PREMIUM]","Denver","CO","[PREMIUM]",,"[]",,,"[PREMIUM]"
"1a878449-7a22-4a9b-8fb5-2284e9f4ad98","2026-04-29 23:58:14.841","2026-04-29 23:58:14.841","1a878449-7a22-4a9b-8fb5-2284e9f4ad98","[PREMIUM]","New",2027,"Kia","Telluride Hybrid","SX Prestige","[PREMIUM]","[PREMIUM]",0,"SUV","Black Jade Green","Black","All-wheel Drive",,,"Hybrid",,,"dealership","[PREMIUM]","Denver","CO","[PREMIUM]",,"[]",,,"[PREMIUM]"
"030e926f-4ed9-4925-8090-67217f721cd4","2026-04-29 23:58:14.834","2026-04-29 23:58:14.834","030e926f-4ed9-4925-8090-67217f721cd4","[PREMIUM]","New",2027,"Kia","Telluride","SX-Prestige","[PREMIUM]","[PREMIUM]",5,"SUV","Ebony Black","Black",,,,"Gasoline",,,"dealership","[PREMIUM]","Hattiesburg","MS","[PREMIUM]",,"[]",,,"[PREMIUM]"
"87aae77d-68c5-40fd-9ce0-bd01b581bbc8","2026-04-29 23:56:34.397","2026-04-29 23:56:34.397","87aae77d-68c5-40fd-9ce0-bd01b581bbc8","[PREMIUM]","Used",2017,"Porsche","718 Boxster","S","[PREMIUM]","[PREMIUM]",25347,"Convertible","GT Silver Metallic","Graphite Blue","Rear-wheel Drive",,,"Gasoline",,,"dealership","[PREMIUM]","Scottsdale","AZ","[PREMIUM]",,"[]",,,"[PREMIUM]"
"f95d31e6-73e0-46bd-85c9-409be35e11ab","2026-04-29 23:56:34.367","2026-04-29 23:56:34.367","f95d31e6-73e0-46bd-85c9-409be35e11ab","[PREMIUM]","Used",2017,"Toyota","Land Cruiser","Base","[PREMIUM]","[PREMIUM]",107752,"SUV","Midnight Black Metallic","Black","Four-wheel Drive",,,"Gasoline",,,"dealership","[PREMIUM]","Scottsdale","AZ","[PREMIUM]",,"[]",,,"[PREMIUM]"
"22325a7c-81b5-4af1-abfe-112f51797b17","2026-04-29 23:56:34.342","2026-04-29 23:56:34.342","22325a7c-81b5-4af1-abfe-112f51797b17","[PREMIUM]","Used",2017,"Ford","F-250","King Ranch","[PREMIUM]","[PREMIUM]",84268,"Truck","White Platinum Metallic Tri-Coat","Java","Four-wheel Drive",,,"Diesel",,,"dealership","[PREMIUM]","Fort Worth","TX","[PREMIUM]",,"[]",,,"[PREMIUM]"
"17b4f587-3888-4686-9374-261c0549dbde","2026-04-29 23:56:24.627","2026-05-02 23:56:32.971","17b4f587-3888-4686-9374-261c0549dbde","[PREMIUM]","Used",2018,"Mercedes-Benz","AMG GT","Base","[PREMIUM]","[PREMIUM]",60075,"Coupe","Diamond White","Savanna/Cashmere Nappa Leather","Rear-wheel Drive",,,"Gasoline",,,"dealership","[PREMIUM]","Jacksonville","FL","[PREMIUM]",,"[]",,,"[PREMIUM]"
"bf148437-a9e3-4c8b-8d6c-38ae23c07fe4","2026-04-29 23:56:24.613","2026-04-29 23:56:24.613","bf148437-a9e3-4c8b-8d6c-38ae23c07fe4","[PREMIUM]","Used",2019,"Toyota","Tundra","Platinum","[PREMIUM]","[PREMIUM]",17244,"Truck","Gray","BLACK","Four-wheel Drive",,,"Gasoline",,,"dealership","[PREMIUM]","Fredericksburg","VA","[PREMIUM]",,"[]",,,"[PREMIUM]"
"87fca12d-592d-4661-9261-8acbf00ef907","2026-04-29 23:56:14.156","2026-04-29 23:56:14.156","87fca12d-592d-4661-9261-8acbf00ef907","[PREMIUM]","Used",2020,"Porsche","Panamera","4","[PREMIUM]","[PREMIUM]",49404,"Hatchback","Black","Black","All-wheel Drive",,,"Hybrid",,,"dealership","[PREMIUM]","Ann Arbor","MI","[PREMIUM]",,"[]",,,"[PREMIUM]"
"a571c512-0cda-40cb-abbb-5c78453950b5","2026-04-29 23:56:04.034","2026-04-29 23:56:04.034","a571c512-0cda-40cb-abbb-5c78453950b5","[PREMIUM]","Used",2020,"Land Rover","Range Rover Sport","SVR","[PREMIUM]","[PREMIUM]",21334,"SUV","Black","Vintage Tan/Ebony/Ebony/Vintage Tan/Ebony","All-wheel Drive",,,"Gasoline",,,"dealership","[PREMIUM]","Riverdale","NJ","[PREMIUM]",,"[]",,,"[PREMIUM]"
"b7761a13-4b5e-4e0b-af89-8b7022778efd","2026-04-29 23:56:04.020","2026-04-29 23:56:04.020","b7761a13-4b5e-4e0b-af89-8b7022778efd","[PREMIUM]","Used",2020,"Ford","F-250","Lariat","[PREMIUM]","[PREMIUM]",66876,"Truck","AGATE BLACK","BLACK LEATHER","Four-wheel Drive",,,"Diesel",,,"dealership","[PREMIUM]","Lake Park","FL","[PREMIUM]",,"[]",,,"[PREMIUM]"
"f8d33e33-fb8d-4ae4-af38-e4706f9f25e7","2026-04-29 23:56:04.007","2026-04-29 23:56:04.007","f8d33e33-fb8d-4ae4-af38-e4706f9f25e7","[PREMIUM]","Used",2021,"Cadillac","Escalade ESV","Premium Luxury Platinum","[PREMIUM]","[PREMIUM]",79856,"SUV","Shadow Metallic","Jet Black","Four-wheel Drive",,,"Gasoline",,,"dealership","[PREMIUM]","Bridgeton","MO","[PREMIUM]",,"[]",,,"[PREMIUM]"
"4167e11b-0ae6-47d0-bb31-1caa1bcaee8a","2026-04-29 23:55:54.162","2026-05-05 23:56:20.540","4167e11b-0ae6-47d0-bb31-1caa1bcaee8a","[PREMIUM]","Used",2022,"Chevrolet","Silverado 3500","High Country","[PREMIUM]","[PREMIUM]",62046,"Truck","Summit White","Jet Black/Umber","Four-wheel Drive",,,"Diesel",,,"dealership","[PREMIUM]","Muncy","PA","[PREMIUM]",,"[]",,,"[PREMIUM]"
"f3b09ac3-74a8-4791-84b4-13f61e0ae4c0","2026-04-29 23:55:53.969","2026-05-02 23:56:02.755","f3b09ac3-74a8-4791-84b4-13f61e0ae4c0","[PREMIUM]","Used",2022,"Tesla","Model X","Base","[PREMIUM]","[PREMIUM]",19916,"SUV","Pearl White Multi","White / Black","All-wheel Drive",,,"Electric",,,"dealership","[PREMIUM]","West Palm Beach","FL","[PREMIUM]",,"[]",,,"[PREMIUM]"
"16c8d5e7-faaf-4f09-b83a-8c12ebcd94c7","2026-04-29 23:55:53.861","2026-04-29 23:55:53.861","16c8d5e7-faaf-4f09-b83a-8c12ebcd94c7","[PREMIUM]","Used",2022,"Mercedes-Benz","S-Class",,"[PREMIUM]","[PREMIUM]",16242,"Sedan","Black","RED","Four-wheel Drive",,,"Gasoline",,,"dealership","[PREMIUM]","Sterling","VA","[PREMIUM]",,"[]",,,"[PREMIUM]"
"eecb4c20-df07-40a7-9eea-bd8199787bd7","2026-04-29 23:55:53.841","2026-05-02 23:56:12.878","eecb4c20-df07-40a7-9eea-bd8199787bd7","[PREMIUM]","Used",2022,"GMC","Yukon","Denali","[PREMIUM]","[PREMIUM]",53395,"SUV","Onyx Black","Teak/Light Shale","Rear-wheel Drive",,,"Gasoline",,,"dealership","[PREMIUM]","Dallas","TX","[PREMIUM]",,"[]",,,"[PREMIUM]"
"60a887bd-7a29-4f24-8868-bab6deaea4b9","2026-04-29 23:55:53.816","2026-04-29 23:55:53.816","60a887bd-7a29-4f24-8868-bab6deaea4b9","[PREMIUM]","Used",2022,"Ford","F-350","XL 4WD Crew Cab 6.75&#39; Box","[PREMIUM]","[PREMIUM]",68066,"Truck","Oxford White",,"Four-wheel Drive",,,"Diesel",,,"dealership","[PREMIUM]","Ocoee","FL","[PREMIUM]",,"[]",,,"[PREMIUM]"
"1bd03cab-d810-4e18-95f5-0d317bb22db9","2026-04-29 23:55:43.883","2026-05-02 23:55:52.438","1bd03cab-d810-4e18-95f5-0d317bb22db9","[PREMIUM]","Used",2022,"Mercedes-Benz","AMG GLE 63","S 4MATIC+","[PREMIUM]","[PREMIUM]",59843,"SUV","Black","Black","All-wheel Drive",,,"Gasoline",,,"dealership","[PREMIUM]","Springfield","NJ","[PREMIUM]",,"[]",,,"[PREMIUM]"
"5ac2f9c0-da24-408d-a6d1-4ad560516a4c","2026-04-29 23:55:43.867","2026-05-05 23:56:10.151","5ac2f9c0-da24-408d-a6d1-4ad560516a4c","[PREMIUM]","Used",2022,"Lexus","GX 460","Luxury","[PREMIUM]","[PREMIUM]",38640,"SUV","Onyx Black","Sepia","Four-wheel Drive",,,"Gasoline",,,"dealership","[PREMIUM]","Dayton","OH","[PREMIUM]",,"[]",,,"[PREMIUM]"
"f2805a4e-8bb8-486f-b8b7-57db4626b78e","2026-04-29 23:55:43.857","2026-05-02 23:55:52.445","f2805a4e-8bb8-486f-b8b7-57db4626b78e","[PREMIUM]","Used",2022,"RAM","1500","Big Horn/Lone Star","[PREMIUM]","[PREMIUM]",41417,"Truck","Flame Red Clearcoat","Black","Four-wheel Drive",,,"Gasoline",,,"dealership","[PREMIUM]","Lubbock","TX","[PREMIUM]",,"[]",,,"[PREMIUM]"
"b8738a5a-5440-40ac-b5a7-49e4cac7b03d","2026-04-29 23:55:43.625","2026-04-29 23:55:43.625","b8738a5a-5440-40ac-b5a7-49e4cac7b03d","[PREMIUM]","Used",2022,"Mercedes-Benz","S-Class",,"[PREMIUM]","[PREMIUM]",56060,"Sedan","White","BROWN","Four-wheel Drive",,,"Gasoline",,,"dealership","[PREMIUM]","Norcross","GA","[PREMIUM]",,"[]",,,"[PREMIUM]"
"3954e61f-83be-4286-abeb-3ebc768bd5da","2026-04-29 23:55:43.577","2026-04-29 23:55:43.577","3954e61f-83be-4286-abeb-3ebc768bd5da","[PREMIUM]","Used",2022,"Chevrolet","Tahoe","Z71","[PREMIUM]","[PREMIUM]",47169,"SUV","Black","BLACK","Four-wheel Drive",,,"Gasoline",,,"dealership","[PREMIUM]","Duarte","CA","[PREMIUM]",,"[]",,,"[PREMIUM]"
"8f7b3c9a-b4f5-4406-82b0-f2e93d1acff0","2026-04-29 23:55:43.525","2026-05-02 23:56:02.711","8f7b3c9a-b4f5-4406-82b0-f2e93d1acff0","[PREMIUM]","Used",2022,"GMC","Yukon","Denali","[PREMIUM]","[PREMIUM]",43590,"SUV","White Frost Tricoat","Teak/Light Shale","Four-wheel Drive",,,"Gasoline",,,"dealership","[PREMIUM]","Conshohocken","PA","[PREMIUM]",,"[]",,,"[PREMIUM]"
"c6c7882d-95b5-46e7-8199-9e2ce8fe56d2","2026-04-29 23:55:43.515","2026-04-29 23:55:43.515","c6c7882d-95b5-46e7-8199-9e2ce8fe56d2","[PREMIUM]","Used",2022,"GMC","Sierra 1500","Denali Ultimate","[PREMIUM]","[PREMIUM]",29554,"Truck","Titanium Rush Metallic","Alpine Umber","Four-wheel Drive",,,"Gasoline",,,"dealership","[PREMIUM]","Gilbert","AZ","[PREMIUM]",,"[]",,,"[PREMIUM]"
"ab7d8bb7-8ee1-4423-95d4-caea36249e2f","2026-04-29 23:55:43.513","2026-04-29 23:55:43.513","ab7d8bb7-8ee1-4423-95d4-caea36249e2f","[PREMIUM]","Used",2022,"Ford","F-250","Lariat","[PREMIUM]","[PREMIUM]",46382,"Truck","STAR WHITE","BAJA LEATHER","Four-wheel Drive",,,"Diesel",,,"dealership","[PREMIUM]","Charlotte","NC","[PREMIUM]",,"[]",,,"[PREMIUM]"
"c41c9f47-3e98-4155-87f8-1ac402a050e4","2026-04-29 23:55:43.501","2026-04-29 23:55:43.501","c41c9f47-3e98-4155-87f8-1ac402a050e4","[PREMIUM]","Used",2022,"GMC","Yukon","Denali","[PREMIUM]","[PREMIUM]",55320,"SUV","White","TAN","Four-wheel Drive",,,"Gasoline",,,"dealership","[PREMIUM]","Nashville","TN","[PREMIUM]",,"[]",,,"[PREMIUM]"
"f33dba2f-43f5-4735-9956-f792194cfef8","2026-04-29 23:55:43.500","2026-04-29 23:55:43.500","f33dba2f-43f5-4735-9956-f792194cfef8","[PREMIUM]","Used",2022,"Chevrolet","Silverado 3500","LTZ","[PREMIUM]","[PREMIUM]",52850,"Truck","Summit White","Jet Black","Four-wheel Drive",,,"Diesel",,,"dealership","[PREMIUM]","Tampa","FL","[PREMIUM]",,"[]",,,"[PREMIUM]"
"00407620-f7c1-46b2-9809-c0df97209b22","2026-04-29 23:55:43.480","2026-05-02 23:55:52.428","00407620-f7c1-46b2-9809-c0df97209b22","[PREMIUM]","Used",2022,"RAM","3500","Limited Crew Cab 4x4 8&#39; Box","[PREMIUM]","[PREMIUM]",118045,"Truck","Bright White Clearcoat","Black","Four-wheel Drive",,,"Diesel",,,"dealership","[PREMIUM]","Tomball","TX","[PREMIUM]",,"[]",,,"[PREMIUM]"
"fb7b54b6-cd32-4850-88f3-de8e284b9c69","2026-04-29 23:55:13.237","2026-04-29 23:55:13.237","fb7b54b6-cd32-4850-88f3-de8e284b9c69","[PREMIUM]","Used",2023,"BMW","740","i","[PREMIUM]","[PREMIUM]",48263,"Sedan","Brooklyn Grey Metallic","Black","Rear-wheel Drive",,,"Gasoline",,,"dealership","[PREMIUM]","Wesley Chapel","FL","[PREMIUM]",,"[]",,,"[PREMIUM]"
"d7edcf98-81ee-4c6f-aefc-b75b8ba4d678","2026-04-29 23:55:13.219","2026-04-29 23:55:13.219","d7edcf98-81ee-4c6f-aefc-b75b8ba4d678","[PREMIUM]","Used",2023,"Lexus","GX 460","Premium","[PREMIUM]","[PREMIUM]",34107,"SUV","White Pearl","Ecru","Four-wheel Drive",,,"Gasoline",,,"dealership","[PREMIUM]","Greenwich","CT","[PREMIUM]",,"[]",,,"[PREMIUM]"
"f2695c65-ed51-42f4-9e4f-d83c84fa10fa","2026-04-29 23:55:13.158","2026-05-02 23:55:32.217","f2695c65-ed51-42f4-9e4f-d83c84fa10fa","[PREMIUM]","Used",2023,"Chevrolet","Tahoe","4WD High Country","[PREMIUM]","[PREMIUM]",70605,"SUV","Black","Jet Black/Mocha","Four-wheel Drive",,,"Gasoline",,,"dealership","[PREMIUM]","Daytona Beach","FL","[PREMIUM]",,"[]",,,"[PREMIUM]"
"9bf20bda-e4ce-4935-9fac-babc7c0a24dd","2026-04-29 23:55:13.134","2026-04-29 23:55:13.134","9bf20bda-e4ce-4935-9fac-babc7c0a24dd","[PREMIUM]","Used",2023,"Chevrolet","Suburban","Z71","[PREMIUM]","[PREMIUM]",45487,"SUV","Gray","BLACK","Four-wheel Drive",,,"Gas",,,"dealership","[PREMIUM]","Tinley Park","IL","[PREMIUM]",,"[]",,,"[PREMIUM]"
"97e2bd34-d8af-4ed1-8c11-7b62dfd29a64","2026-04-29 23:55:13.108","2026-05-02 23:55:22.041","97e2bd34-d8af-4ed1-8c11-7b62dfd29a64","[PREMIUM]","Used",2023,"BMW","iX","xDrive50","[PREMIUM]","[PREMIUM]",24219,"SUV","Black Sapphire Metallic","Castanea Chestnut","All-wheel Drive",,,"Electric",,,"dealership","[PREMIUM]","Los Angeles","CA","[PREMIUM]",,"[]",,,"[PREMIUM]"
"4256a38e-5958-4dbe-9fda-9e1e644ee654","2026-04-29 23:55:13.097","2026-04-29 23:55:13.097","4256a38e-5958-4dbe-9fda-9e1e644ee654","[PREMIUM]","Used",2023,"Chevrolet","Tahoe","Premier","[PREMIUM]","[PREMIUM]",44955,"SUV","Black","Jet Black","Four-wheel Drive",,,"Gasoline",,,"dealership","[PREMIUM]","Monticello","MN","[PREMIUM]",,"[]",,,"[PREMIUM]"
"aca1c673-50b7-420f-a0a1-41d43f90e8f0","2026-04-29 23:55:02.850","2026-05-05 23:55:20.113","aca1c673-50b7-420f-a0a1-41d43f90e8f0","[PREMIUM]","Used",2023,"Chevrolet","Tahoe","Premier","[PREMIUM]","[PREMIUM]",41464,"SUV","Dark Ash Metallic","Jet Black","Four-wheel Drive",,,"Gasoline",,,"dealership","[PREMIUM]","Bentonville","AR","[PREMIUM]",,"[]",,,"[PREMIUM]"
"6fd5416a-d66b-487b-9afa-81c25fedbbf5","2026-04-29 23:55:02.827","2026-04-29 23:55:02.827","6fd5416a-d66b-487b-9afa-81c25fedbbf5","[PREMIUM]","Used",2023,"Chevrolet","Tahoe","4WD High Country","[PREMIUM]","[PREMIUM]",61681,"SUV","Sterling Gray Metallic","Jet Black","Four-wheel Drive",,,"Gasoline",,,"dealership","[PREMIUM]","Bolingbrook","IL","[PREMIUM]",,"[]",,,"[PREMIUM]"
"de1e6843-5abe-4c1f-8630-055de63b56ec","2026-04-29 23:55:02.766","2026-04-29 23:55:02.766","de1e6843-5abe-4c1f-8630-055de63b56ec","[PREMIUM]","Used",2023,"GMC","Yukon XL","SLT","[PREMIUM]","[PREMIUM]",18025,"SUV","Onyx Black","Jet Black","Rear-wheel Drive",,,"Diesel",,,"dealership","[PREMIUM]","West Covina","CA","[PREMIUM]",,"[]",,,"[PREMIUM]"
"3bf37d0c-4e2d-4053-82da-3c1b3b698740","2026-04-29 23:54:42.669","2026-04-29 23:54:42.669","3bf37d0c-4e2d-4053-82da-3c1b3b698740","[PREMIUM]","Used",2025,"Mercedes-Benz","E-Class","E 350","[PREMIUM]","[PREMIUM]",4796,"Sedan","MANUFAKTUR Moonlight White Metallic","Neva Grey Black Nappa","Rear-wheel Drive",,,"Gasoline",,,"dealership","[PREMIUM]","Bonita Springs","FL","[PREMIUM]",,"[]",,,"[PREMIUM]"
"a2dd5a55-2ac9-455b-8677-7a86c2881fc3","2026-04-29 23:54:42.619","2026-04-29 23:54:42.619","a2dd5a55-2ac9-455b-8677-7a86c2881fc3","[PREMIUM]","Used",2024,"Lexus","TX 350","Premium","[PREMIUM]","[PREMIUM]",12825,"SUV","Cloudburst Gray","Black","Front-wheel Drive",,,"Gasoline",,,"dealership","[PREMIUM]","Dallas","TX","[PREMIUM]",,"[]",,,"[PREMIUM]"
"d6dc1840-d331-4335-b41a-cd3a1bff0f4c","2026-04-29 23:54:32.775","2026-04-29 23:54:32.775","d6dc1840-d331-4335-b41a-cd3a1bff0f4c","[PREMIUM]","Used",2024,"BMW","X5","xDrive40i","[PREMIUM]","[PREMIUM]",24628,"SUV","Black Sapphire Metallic","Silverstone","All-wheel Drive",,,"Gasoline",,,"dealership","[PREMIUM]","Devon","PA","[PREMIUM]",,"[]",,,"[PREMIUM]"
"09463994-363b-47bc-88b9-5943b46ca3f9","2026-04-29 23:54:32.448","2026-04-29 23:54:32.448","09463994-363b-47bc-88b9-5943b46ca3f9","[PREMIUM]","Used",2024,"Toyota","Tundra","SR5","[PREMIUM]","[PREMIUM]",8603,"Truck","Supersonic Red","Black","Four-wheel Drive",,,"Gasoline",,,"dealership","[PREMIUM]","Columbia","TN","[PREMIUM]",,"[]",,,"[PREMIUM]"
"a32748a4-bce1-40b4-aaf6-04f52f926ed3","2026-04-29 23:54:32.419","2026-04-29 23:54:32.419","a32748a4-bce1-40b4-aaf6-04f52f926ed3","[PREMIUM]","Used",2024,"Chevrolet","Tahoe","Z71","[PREMIUM]","[PREMIUM]",56350,"SUV","Sterling Gray Metallic","Jet Black","Four-wheel Drive",,,"Gasoline",,,"dealership","[PREMIUM]","Guthrie","OK","[PREMIUM]",,"[]",,,"[PREMIUM]"
"f514cc93-71fc-4261-bd40-bcf8c3222be2","2026-04-29 23:54:12.817","2026-04-29 23:54:12.817","f514cc93-71fc-4261-bd40-bcf8c3222be2","[PREMIUM]","Used",2025,"Ford","Expedition","Active","[PREMIUM]","[PREMIUM]",15587,"SUV","OXFORD WHITE","SPACE GRAY ACTIVEX","Four-wheel Drive",,,"Gasoline",,,"dealership","[PREMIUM]","Elma","NY","[PREMIUM]",,"[]",,,"[PREMIUM]"
"033a610e-bd25-4aeb-a81e-c8546566a857","2026-04-29 23:54:12.419","2026-04-29 23:54:12.419","033a610e-bd25-4aeb-a81e-c8546566a857","[PREMIUM]","New",2025,"Ford","Mustang Mach-E","Premium","[PREMIUM]","[PREMIUM]",5,"SUV","Star White Metallic Tri-Coat","Black Onyx","All-wheel Drive",,,"Electric",,,"dealership","[PREMIUM]","Las Vegas","NV","[PREMIUM]",,"[]",,,"[PREMIUM]"
"7240c74a-aa51-4332-b6c2-77dd92b967e7","2026-04-29 23:54:12.408","2026-05-05 23:54:29.810","7240c74a-aa51-4332-b6c2-77dd92b967e7","[PREMIUM]","Used",2025,"Chevrolet","Suburban","4WD Z71","[PREMIUM]","[PREMIUM]",34767,"SUV","Black","Jet Black","Four-wheel Drive",,,"Gasoline",,,"dealership","[PREMIUM]","Coconut Creek","FL","[PREMIUM]",,"[]",,,"[PREMIUM]"
"b12adf3b-b528-4330-b927-1eb7d0a87f33","2026-04-29 23:54:12.406","2026-05-02 23:54:21.824","b12adf3b-b528-4330-b927-1eb7d0a87f33","[PREMIUM]","New",2025,"Ford","Mustang Mach-E","GT","[PREMIUM]","[PREMIUM]",5,"SUV","Star White Metallic Tri-Coat","Performance Gray","All-wheel Drive",,,"Electric",,,"dealership","[PREMIUM]","Las Vegas","NV","[PREMIUM]",,"[]",,,"[PREMIUM]"
"28bf057c-b92f-4a89-a36c-1205e8474eed","2026-04-29 23:54:12.403","2026-04-29 23:54:12.403","28bf057c-b92f-4a89-a36c-1205e8474eed","[PREMIUM]","Used",2024,"Toyota","4Runner","TRD Pro","[PREMIUM]","[PREMIUM]",31913,"SUV","Terra","Black/Graphite","Four-wheel Drive",,,"Gasoline",,,"dealership","[PREMIUM]","Dry Ridge","KY","[PREMIUM]",,"[]",,,"[PREMIUM]"
"8c3a5ee5-4b5b-4521-878a-f3ecb3deb80b","2026-04-29 23:54:12.381","2026-04-29 23:54:12.381","8c3a5ee5-4b5b-4521-878a-f3ecb3deb80b","[PREMIUM]","New",2025,"Ford","Mustang Mach-E","Premium","[PREMIUM]","[PREMIUM]",5,"SUV","Shadow Black","Black Onyx","All-wheel Drive",,,"Electric",,,"dealership","[PREMIUM]","Las Vegas","NV","[PREMIUM]",,"[]",,,"[PREMIUM]"
"273890ce-1c1a-4afa-865a-25773152300d","2026-04-29 23:54:12.367","2026-05-05 23:54:39.924","273890ce-1c1a-4afa-865a-25773152300d","[PREMIUM]","Used",2024,"Chevrolet","Silverado 1500","LTZ","[PREMIUM]","[PREMIUM]",27046,"Truck","Radiant Red Tintcoat","Jet Black","Four-wheel Drive",,,"Gasoline",,,"dealership","[PREMIUM]","Huntsville","AL","[PREMIUM]",,"[]",,,"[PREMIUM]"
"eb62df9b-56f6-4b92-81fa-17cd1a025de3","2026-04-29 23:54:12.361","2026-04-29 23:54:12.361","eb62df9b-56f6-4b92-81fa-17cd1a025de3","[PREMIUM]","Used",2025,"Toyota","4Runner","SR5","[PREMIUM]","[PREMIUM]",7981,"SUV","Heritage Blue","Boulder","Four-wheel Drive",,,"Gasoline",,,"dealership","[PREMIUM]","Scottsdale","AZ","[PREMIUM]",,"[]",,,"[PREMIUM]"
"1aa193ef-5f70-4694-b1a8-94cfffde4119","2026-04-29 23:54:12.352","2026-04-29 23:54:12.352","1aa193ef-5f70-4694-b1a8-94cfffde4119","[PREMIUM]","Used",2025,"BMW","430","i","[PREMIUM]","[PREMIUM]",5405,"Convertible","Alpine White","Tacora Red","Rear-wheel Drive",,,"Gasoline",,,"dealership","[PREMIUM]","Scottsdale","AZ","[PREMIUM]",,"[]",,,"[PREMIUM]"
"08770da0-15f0-4bd8-a3ae-bcd9b7428122","2026-04-29 23:54:12.339","2026-05-05 23:54:39.888","08770da0-15f0-4bd8-a3ae-bcd9b7428122","[PREMIUM]","Used",2025,"GMC","Sierra 1500","Denali","[PREMIUM]","[PREMIUM]",25440,"Truck","Titanium Rush Metallic","Jet Black","Four-wheel Drive",,,"Gasoline",,,"dealership","[PREMIUM]","Tampa","FL","[PREMIUM]",,"[]",,,"[PREMIUM]"
"74ef5f24-faec-4599-8eac-09c909828af0","2026-04-29 23:54:12.324","2026-04-29 23:54:12.324","74ef5f24-faec-4599-8eac-09c909828af0","[PREMIUM]","Used",2025,"Toyota","4Runner","TRD Sport Premium","[PREMIUM]","[PREMIUM]",11497,"SUV","White","BLACK","Four-wheel Drive",,,"Gasoline",,,"dealership","[PREMIUM]","Fort Wayne","IN","[PREMIUM]",,"[]",,,"[PREMIUM]"
"ffd82eef-33e9-428f-bdbc-a4d1a05cbdb5","2026-04-29 23:54:12.320","2026-04-29 23:54:12.320","ffd82eef-33e9-428f-bdbc-a4d1a05cbdb5","[PREMIUM]","Used",2025,"Lexus","TX 350","Premium","[PREMIUM]","[PREMIUM]",13399,"SUV","Nightfall Mica","Peppercorn","All-wheel Drive",,,"Gasoline",,,"dealership","[PREMIUM]","Palatine","IL","[PREMIUM]",,"[]",,,"[PREMIUM]"
"5bce34c8-4fa3-4fb1-b568-2eae21ed1ada","2026-04-29 23:54:12.315","2026-04-29 23:54:12.315","5bce34c8-4fa3-4fb1-b568-2eae21ed1ada","[PREMIUM]","Used",2025,"Toyota","Tundra","Limited","[PREMIUM]","[PREMIUM]",8407,"Truck","Lunar","Black","Four-wheel Drive",,,"Gasoline",,,"dealership","[PREMIUM]","Burlington","WA","[PREMIUM]",,"[]",,,"[PREMIUM]"
"4b3216bc-0836-4d6b-bd51-3f864a163402","2026-04-29 23:54:01.783","2026-05-02 23:54:11.299","4b3216bc-0836-4d6b-bd51-3f864a163402","[PREMIUM]","Used",2025,"Mercedes-Benz","CLE 300","4MATIC Cabriolet","[PREMIUM]","[PREMIUM]",33909,"Convertible","Polar White","Macchiato Beige","All-wheel Drive",,,"Gasoline",,,"dealership","[PREMIUM]","Sarasota","FL","[PREMIUM]",,"[]",,,"[PREMIUM]"
"8a1186a3-b497-4a37-921d-c9d53ae38eb8","2026-04-29 23:54:01.670","2026-04-29 23:54:01.670","8a1186a3-b497-4a37-921d-c9d53ae38eb8","[PREMIUM]","Used",2025,"Ford","Ranger","Raptor","[PREMIUM]","[PREMIUM]",998,"Truck","SHELTER GREEN METALLIC","EBONY LEATHER-TRIM SEATS","Four-wheel Drive",,,"Gasoline",,,"dealership","[PREMIUM]","Lake Park","FL","[PREMIUM]",,"[]",,,"[PREMIUM]"
"535297ee-a4df-419a-bdd7-02724ef55fa8","2026-04-29 23:54:01.641","2026-04-29 23:54:01.641","535297ee-a4df-419a-bdd7-02724ef55fa8","[PREMIUM]","Used",2025,"Ford","Expedition","Active","[PREMIUM]","[PREMIUM]",33856,"SUV","Dark Matter Gray Metallic","Dark Gray","Four-wheel Drive",,,"Gasoline",,,"dealership","[PREMIUM]","Ephrata","PA","[PREMIUM]",,"[]",,,"[PREMIUM]"
"768cdbd1-0288-4aad-8322-33233f056233","2026-04-29 23:54:01.629","2026-04-29 23:54:01.629","768cdbd1-0288-4aad-8322-33233f056233","[PREMIUM]","Used",2025,"Toyota","4Runner","TRD Sport Premium","[PREMIUM]","[PREMIUM]",5169,"SUV","Black","Black","Four-wheel Drive",,,"Gasoline",,,"dealership","[PREMIUM]","Bethesda","MD","[PREMIUM]",,"[]",,,"[PREMIUM]"
"4f8728ff-ffaf-4c53-af39-6468f6221d1b","2026-04-29 23:54:01.625","2026-04-29 23:54:01.625","4f8728ff-ffaf-4c53-af39-6468f6221d1b","[PREMIUM]","Used",2025,"Chevrolet","Silverado 1500","LT Trail Boss","[PREMIUM]","[PREMIUM]",20460,"Truck","Sterling Gray Metallic","Jet Black","Four-wheel Drive",,,"Gasoline",,,"dealership","[PREMIUM]","Montebello","CA","[PREMIUM]",,"[]",,,"[PREMIUM]"
"94be210d-b8e1-4c97-b3fb-927dbfa2c4ae","2026-04-29 23:54:01.622","2026-04-29 23:54:01.622","94be210d-b8e1-4c97-b3fb-927dbfa2c4ae","[PREMIUM]","New",2025,"Ford","Bronco","Outer Banks","[PREMIUM]","[PREMIUM]",7,"SUV","Eruption Green Metallic","Smoked Truffle w/Black Onyx","Four-wheel Drive",,,"Gasoline",,,"dealership","[PREMIUM]","PATASKALA","OH","[PREMIUM]",,"[]",,,"[PREMIUM]"
"38ac2676-b21e-4981-ae99-92b58d569836","2026-04-29 23:54:01.611","2026-04-29 23:54:01.611","38ac2676-b21e-4981-ae99-92b58d569836","[PREMIUM]","Used",2025,"Toyota","Tundra Hybrid","Limited","[PREMIUM]","[PREMIUM]",16637,"Truck","Smoked Mesquite","Black","Four-wheel Drive",,,"Hybrid",,,"dealership","[PREMIUM]","West Valley City","UT","[PREMIUM]",,"[]",,,"[PREMIUM]"
"766f40ff-5a91-4f0f-9e26-d4909c2366af","2026-04-29 23:54:01.606","2026-05-02 23:54:11.280","766f40ff-5a91-4f0f-9e26-d4909c2366af","[PREMIUM]","Used",2025,"Chevrolet","Tahoe","LT","[PREMIUM]","[PREMIUM]",27793,"SUV","Black","Jet Black","Four-wheel Drive",,,"Gasoline",,,"dealership","[PREMIUM]","Morrow","GA","[PREMIUM]",,"[]",,,"[PREMIUM]"
"59983426-cb5b-41ba-9fb6-c3073e1ac5c8","2026-04-29 23:53:41.431","2026-04-29 23:53:41.431","59983426-cb5b-41ba-9fb6-c3073e1ac5c8","[PREMIUM]","New",2026,"Buick","Enclave","Preferred FWD","[PREMIUM]","[PREMIUM]",2,"SUV","Ocean Blue Metallic","Sandstone w/Ebony Accents","All-wheel Drive",,,"Gasoline",,,"dealership","[PREMIUM]","Saginaw","MI","[PREMIUM]",,"[]",,,"[PREMIUM]"
"9d810ffd-2e62-495e-91f9-fff566f3e9eb","2026-04-29 23:53:41.415","2026-04-29 23:53:41.415","9d810ffd-2e62-495e-91f9-fff566f3e9eb","[PREMIUM]","New",2026,"Chevrolet","Silverado 1500","Custom Trail Boss","[PREMIUM]","[PREMIUM]",4,"Truck","Gray","Jet Black","4WD",,,"Diesel",,,"dealership","[PREMIUM]","Oklahoma City","OK","[PREMIUM]",,"[]",,,"[PREMIUM]"
"6ee419ed-be87-4a28-b18e-324e73f8d154","2026-04-29 23:53:41.409","2026-04-29 23:53:41.409","6ee419ed-be87-4a28-b18e-324e73f8d154","[PREMIUM]","New",2026,"Chevrolet","Traverse","AWD Z71","[PREMIUM]","[PREMIUM]",0,"SUV","Black","Z71 Jet Blk With Torch Re","All-wheel Drive",,,"Gasoline",,,"dealership","[PREMIUM]","Buford","GA","[PREMIUM]",,"[]",,,"[PREMIUM]"
"44c10fb7-7a3e-4421-ac00-4a6ff7dd5a9e","2026-04-29 23:53:41.403","2026-04-29 23:53:41.403","44c10fb7-7a3e-4421-ac00-4a6ff7dd5a9e","[PREMIUM]","Used",2026,"Honda","Passport","AWD TrailSport Elite","[PREMIUM]","[PREMIUM]",1601,"SUV","Platinum White Pearl","Gray","All-wheel Drive",,,"Gasoline",,,"dealership","[PREMIUM]","Clive","IA","[PREMIUM]",,"[]",,,"[PREMIUM]"
"cbad6deb-4a73-4368-9c7e-5b4139e11f77","2026-04-29 23:53:41.381","2026-05-05 23:54:09.571","cbad6deb-4a73-4368-9c7e-5b4139e11f77","[PREMIUM]","New",2026,"Dodge","Charger","R/T","[PREMIUM]","[PREMIUM]",2,"Sedan","BLUDICROUS","Black","All-wheel Drive",,,"Gasoline",,,"dealership","[PREMIUM]","Avondale","AZ","[PREMIUM]",,"[]",,,"[PREMIUM]"
"ff8d5a35-3346-4d53-8358-69a5e2f2f985","2026-04-29 23:53:31.484","2026-05-05 23:53:49.691","ff8d5a35-3346-4d53-8358-69a5e2f2f985","[PREMIUM]","New",2026,"Acura","MDX","Technology Package","[PREMIUM]","[PREMIUM]",4,"SUV","Gray","Espresso","Front-wheel Drive",,,"Gasoline",,,"dealership","[PREMIUM]","Jacksonville","FL","[PREMIUM]",,"[]",,,"[PREMIUM]"
"b2c704eb-c324-470e-9a0d-b48690b22557","2026-04-29 23:53:31.386","2026-04-29 23:53:31.386","b2c704eb-c324-470e-9a0d-b48690b22557","[PREMIUM]","New",2026,"Acura","MDX","Base","[PREMIUM]","[PREMIUM]",4,"SUV","White","Parchment","All-wheel Drive",,,"Gasoline",,,"dealership","[PREMIUM]","Jacksonville","FL","[PREMIUM]",,"[]",,,"[PREMIUM]"
"848f1521-1d10-4a34-a2bd-398ad9452692","2026-04-29 23:53:31.194","2026-04-29 23:53:31.194","848f1521-1d10-4a34-a2bd-398ad9452692","[PREMIUM]","New",2026,"Acura","RDX","A-Spec Advance Package","[PREMIUM]","[PREMIUM]",4,"SUV","Gray","Black","All-wheel Drive",,,"Gasoline",,,"dealership","[PREMIUM]","Jacksonville","FL","[PREMIUM]",,"[]",,,"[PREMIUM]"
"293ba039-5a78-4338-af74-9fb2a1f82b4a","2026-04-29 23:53:31.162","2026-04-29 23:53:31.162","293ba039-5a78-4338-af74-9fb2a1f82b4a","[PREMIUM]","New",2026,"Acura","RDX","A-Spec Advance Package","[PREMIUM]","[PREMIUM]",4,"SUV","Gray","Ivory","All-wheel Drive",,,"Gasoline",,,"dealership","[PREMIUM]","Jacksonville","FL","[PREMIUM]",,"[]",,,"[PREMIUM]"
"d160aad9-4049-4726-bb70-236087d906f5","2026-04-29 23:53:31.151","2026-04-29 23:53:31.151","d160aad9-4049-4726-bb70-236087d906f5","[PREMIUM]","New",2026,"Chevrolet","Silverado 1500","Custom Trail Boss","[PREMIUM]","[PREMIUM]",3,"Truck","White","Jet Black","4WD",,,"Diesel",,,"dealership","[PREMIUM]","Oklahoma City","OK","[PREMIUM]",,"[]",,,"[PREMIUM]"
"37176c64-e76c-4e35-b4d5-42afde424989","2026-04-29 23:53:31.144","2026-04-29 23:53:31.144","37176c64-e76c-4e35-b4d5-42afde424989","[PREMIUM]","New",2026,"Toyota","Grand Highlander Hybrid","Limited","[PREMIUM]","[PREMIUM]",0,"SUV","Storm Cloud","Black","All-wheel Drive",,,"Hybrid",,,"dealership","[PREMIUM]","Vancouver","WA","[PREMIUM]",,"[]",,,"[PREMIUM]"
"da968865-2bf1-4224-8c6b-3e01a3c2eaa4","2026-04-29 23:53:10.622","2026-04-29 23:53:10.622","da968865-2bf1-4224-8c6b-3e01a3c2eaa4","[PREMIUM]","New",2026,"BMW","X3","30 xDrive","[PREMIUM]","[PREMIUM]",,"SUV","Gray Metallic","Espresso Brown","AWD",,,"Gasoline",,,"dealership","[PREMIUM]","Nashua","NH","[PREMIUM]",,"[]",,,"[PREMIUM]"
"d02b63b6-513f-44ae-9236-0d5772ad3c7b","2026-04-29 23:53:10.611","2026-05-11 23:54:12.593","d02b63b6-513f-44ae-9236-0d5772ad3c7b","[PREMIUM]","New",2026,"BMW","X3","30 xDrive","[PREMIUM]","[PREMIUM]",1,"SUV","Mineral White Metallic","Espresso Brown","All-wheel Drive",,,"Gasoline",,,"dealership","[PREMIUM]","Nashua","NH","[PREMIUM]",,"[]",,,"[PREMIUM]"
"f86d90bb-23fb-4b97-82e4-8d909b6dd5a1","2026-04-29 23:53:00.590","2026-04-29 23:53:00.590","f86d90bb-23fb-4b97-82e4-8d909b6dd5a1","[PREMIUM]","New",2026,"Volkswagen","Atlas","2.0T SEL Premium R-Line","[PREMIUM]","[PREMIUM]",5,"SUV","Deep Black","Titan Black","AWD",,,"Gasoline",,,"dealership","[PREMIUM]","Hawthorne","CA","[PREMIUM]",,"[]",,,"[PREMIUM]"
"7dc53e8b-2f00-495f-989f-f13cfbe51247","2026-04-29 23:53:00.455","2026-04-29 23:53:00.455","7dc53e8b-2f00-495f-989f-f13cfbe51247","[PREMIUM]","New",2026,"Volkswagen","Atlas","2.0T SEL Premium R-Line","[PREMIUM]","[PREMIUM]",5,"SUV","Pure Gray","Titan Black","AWD",,,"Gasoline",,,"dealership","[PREMIUM]","Hawthorne","CA","[PREMIUM]",,"[]",,,"[PREMIUM]"
"0387b951-a77e-41d0-b2c4-f266a0e0cff3","2026-04-29 23:52:20.354","2026-04-29 23:52:20.354","0387b951-a77e-41d0-b2c4-f266a0e0cff3","[PREMIUM]","Used",2025,"Porsche","Macan",,"[PREMIUM]","[PREMIUM]",5760,"SUV","Black","BURGUNDY","Rear-wheel Drive",,,"Electric",,,"dealership","[PREMIUM]","Duarte","CA","[PREMIUM]",,"[]",,,"[PREMIUM]"
"511c4030-998c-4b60-8d77-52c1c767888a","2026-04-29 23:52:10.271","2026-04-29 23:52:10.271","511c4030-998c-4b60-8d77-52c1c767888a","[PREMIUM]","New",2026,"Chevrolet","Silverado 2500","Custom","[PREMIUM]","[PREMIUM]",5,"Truck","Sterling Gray Metallic","Jet Black, Cloth seat trim","Four-wheel Drive",,,"Gasoline",,,"dealership","[PREMIUM]","Stillwater","MN","[PREMIUM]",,"[]",,,"[PREMIUM]"
"c8b7922a-2c1a-4016-970c-d811be93a022","2026-04-29 23:52:10.264","2026-04-29 23:52:10.264","c8b7922a-2c1a-4016-970c-d811be93a022","[PREMIUM]","New",2026,"Toyota","Land Cruiser","Base","[PREMIUM]","[PREMIUM]",0,"SUV","Heritage Blue/Gray Scape Roof","Java","Four-wheel Drive",,,"Gasoline",,,"dealership","[PREMIUM]","West Covina","CA","[PREMIUM]",,"[]",,,"[PREMIUM]"
"4fa9b1f2-38c3-4574-8f54-7d09551bfd36","2026-04-29 23:52:00.089","2026-04-29 23:52:00.089","4fa9b1f2-38c3-4574-8f54-7d09551bfd36","[PREMIUM]","Used",2026,"RAM","1500","Rebel","[PREMIUM]","[PREMIUM]",16,"Truck","Diamond Black","Black","Four-wheel Drive",,,"Gasoline",,,"dealership","[PREMIUM]","Miami Lakes","FL","[PREMIUM]",,"[]",,,"[PREMIUM]"
"7c9f303e-d8a8-4480-91ca-e113883d732e","2026-04-29 23:51:59.680","2026-04-29 23:51:59.680","7c9f303e-d8a8-4480-91ca-e113883d732e","[PREMIUM]","New",2026,"Chevrolet","Traverse","Z71","[PREMIUM]","[PREMIUM]",0,"SUV","Radiant Red","Jet Black","AWD",,,"Gasoline",,,"dealership","[PREMIUM]","Green Bay","WI","[PREMIUM]",,"[]",,,"[PREMIUM]"
"1a5eed59-d888-4e18-be76-2d0ef3b167b8","2026-04-29 23:51:59.676","2026-04-29 23:51:59.676","1a5eed59-d888-4e18-be76-2d0ef3b167b8","[PREMIUM]","New",2026,"GMC","Sierra 1500","SLT","[PREMIUM]","[PREMIUM]",55,"Truck","Sterling","Dark Walnut","Four-wheel Drive",,,"Gasoline",,,"dealership","[PREMIUM]","Lucedale","MS","[PREMIUM]",,"[]",,,"[PREMIUM]"
"412ca90e-6af3-468d-aed4-5481ceb28e5f","2026-04-29 23:51:59.670","2026-04-29 23:51:59.670","412ca90e-6af3-468d-aed4-5481ceb28e5f","[PREMIUM]","New",2026,"Chevrolet","Traverse","RS","[PREMIUM]","[PREMIUM]",0,"SUV","Mosaic Black Metallic","Jet Black w/Torch Red Accents","All-wheel Drive",,,"Gasoline",,,"dealership","[PREMIUM]","Warrenton","VA","[PREMIUM]",,"[]",,,"[PREMIUM]"
"b152cc69-01d5-4a96-84f8-61025cd028d2","2026-04-29 23:51:59.665","2026-04-29 23:51:59.665","b152cc69-01d5-4a96-84f8-61025cd028d2","[PREMIUM]","New",2026,"BMW","X2","xDrive28i","[PREMIUM]","[PREMIUM]",0,"SUV","Black Sapphire Metallic","Black w/Blue Contrast Stitching","All-wheel Drive",,,"Gasoline",,,"dealership","[PREMIUM]","Fort Myers","FL","[PREMIUM]",,"[]",,,"[PREMIUM]"
"677eb201-51ec-4aa5-94d6-4a48a50efd26","2026-04-29 23:51:59.644","2026-04-29 23:51:59.644","677eb201-51ec-4aa5-94d6-4a48a50efd26","[PREMIUM]","New",2026,"Chevrolet","Silverado 1500","RST","[PREMIUM]","[PREMIUM]",5,"Truck","Gray","Jet Black","Four-wheel Drive",,,"Gasoline",,,"dealership","[PREMIUM]","Oklahoma City","OK","[PREMIUM]",,"[]",,,"[PREMIUM]"
"2653cd74-e76f-49c0-9952-d2fe59f50d16","2026-04-29 23:51:59.634","2026-04-29 23:51:59.634","2653cd74-e76f-49c0-9952-d2fe59f50d16","[PREMIUM]","New",2026,"Chevrolet","Traverse","Z71","[PREMIUM]","[PREMIUM]",5,"SUV","White","Jet Black","All-wheel Drive",,,"Gasoline",,,"dealership","[PREMIUM]","Oklahoma City","OK","[PREMIUM]",,"[]",,,"[PREMIUM]"
"a74c98b2-b3bc-4559-a8e4-3cae9f30738a","2026-04-29 23:51:59.632","2026-04-29 23:51:59.632","a74c98b2-b3bc-4559-a8e4-3cae9f30738a","[PREMIUM]","New",2026,"Lexus","RX 350","Premium","[PREMIUM]","[PREMIUM]",0,"SUV","Eminent White Pearl","Birch w/Black Open Pore","Front-wheel Drive",,,"Gasoline",,,"dealership","[PREMIUM]","North Miami","FL","[PREMIUM]",,"[]",,,"[PREMIUM]"
"5c3389ad-3fa2-41cb-98b9-e23e321c8af5","2026-04-29 23:51:59.622","2026-04-29 23:51:59.622","5c3389ad-3fa2-41cb-98b9-e23e321c8af5","[PREMIUM]","New",2026,"Toyota","Highlander Hybrid","Platinum","[PREMIUM]","[PREMIUM]",0,"SUV","Ruby Flare Pearl","Glazed Caramel","All-wheel Drive",,,"Hybrid",,,"dealership","[PREMIUM]","West Covina","CA","[PREMIUM]",,"[]",,,"[PREMIUM]"
"ce050e68-074d-4e86-92c3-ed3b0aff8300","2026-04-29 23:51:59.615","2026-04-29 23:51:59.615","ce050e68-074d-4e86-92c3-ed3b0aff8300","[PREMIUM]","New",2026,"Honda","Pilot","Black Edition","[PREMIUM]","[PREMIUM]",1,"SUV","Platinum White Pearl","Black","All-wheel Drive",,,"Gasoline",,,"dealership","[PREMIUM]","Selma","TX","[PREMIUM]",,"[]",,,"[PREMIUM]"
"82d70212-92b4-49b1-8000-b76ab8ba73d3","2026-04-29 23:51:49.102","2026-04-29 23:51:49.102","82d70212-92b4-49b1-8000-b76ab8ba73d3","[PREMIUM]","New",2026,"Ford","F-250",,"[PREMIUM]","[PREMIUM]",0,"Truck","Oxford White","Dark Slate","Four-wheel Drive",,,"E85 Flex Fuel",,,"dealership","[PREMIUM]","East Peoria","IL","[PREMIUM]",,"[]",,,"[PREMIUM]"
"17c2265b-d40c-448d-a8e8-bd26acbdd1ab","2026-04-29 23:51:49.088","2026-04-29 23:51:49.088","17c2265b-d40c-448d-a8e8-bd26acbdd1ab","[PREMIUM]","New",2026,"Chevrolet","Traverse","Z71","[PREMIUM]","[PREMIUM]",0,"SUV","Polar White","Jet Black","AWD",,,"Gasoline",,,"dealership","[PREMIUM]","Green Bay","WI","[PREMIUM]",,"[]",,,"[PREMIUM]"
"7da38205-367d-46b2-ad3f-704e3d1e0219","2026-04-29 23:51:49.086","2026-04-29 23:51:49.086","7da38205-367d-46b2-ad3f-704e3d1e0219","[PREMIUM]","New",2026,"Cadillac","CT5","Premium Luxury AWD","[PREMIUM]","[PREMIUM]",4,"Sedan","Vibrant White","Jet Black","All-wheel Drive",,,"Gasoline",,,"dealership","[PREMIUM]","Kansas City","MO","[PREMIUM]",,"[]",,,"[PREMIUM]"
"bacb12df-38ce-4178-a3a7-398dc3e32346","2026-04-29 23:51:49.080","2026-04-29 23:51:49.080","bacb12df-38ce-4178-a3a7-398dc3e32346","[PREMIUM]","New",2026,"GMC","Sierra 1500","Elevation","[PREMIUM]","[PREMIUM]",5,"Truck","Metallic","Jet Black","Four-wheel Drive",,,"Gasoline",,,"dealership","[PREMIUM]","Lucedale","MS","[PREMIUM]",,"[]",,,"[PREMIUM]"
"fa0f7f37-4174-4872-9f4a-5ebb24201416","2026-04-29 23:51:49.057","2026-04-29 23:51:49.057","fa0f7f37-4174-4872-9f4a-5ebb24201416","[PREMIUM]","New",2026,"GMC","Sierra 1500","Elevation","[PREMIUM]","[PREMIUM]",5,"Truck","Sterling","Jet Black","Four-wheel Drive",,,"Gasoline",,,"dealership","[PREMIUM]","Lucedale","MS","[PREMIUM]",,"[]",,,"[PREMIUM]"
"35400ddb-09fc-412f-9f41-775727ff4da8","2026-04-29 23:51:49.045","2026-04-29 23:51:49.045","35400ddb-09fc-412f-9f41-775727ff4da8","[PREMIUM]","New",2026,"Chevrolet","Traverse","RS","[PREMIUM]","[PREMIUM]",4,"SUV","Mosaic Black Metallic","Jet Black w/Torch Red Accents","Front-wheel Drive",,,"Gasoline",,,"dealership","[PREMIUM]","Acworth","GA","[PREMIUM]",,"[]",,,"[PREMIUM]"
"5d6083c3-d825-4eba-b959-f7f14880e0f2","2026-04-29 23:51:49.043","2026-04-29 23:51:49.043","5d6083c3-d825-4eba-b959-f7f14880e0f2","[PREMIUM]","New",2026,"Ford","Bronco","Outer Banks","[PREMIUM]","[PREMIUM]",0,"SUV","Avalanche Gray","Black Onyx","Four-wheel Drive",,,"Gasoline",,,"dealership","[PREMIUM]","Matteson","IL","[PREMIUM]",,"[]",,,"[PREMIUM]"
"e83e9809-4296-4992-bae4-b55763275eee","2026-04-29 23:51:49.043","2026-04-29 23:51:49.043","e83e9809-4296-4992-bae4-b55763275eee","[PREMIUM]","New",2026,"BMW","330","xDrive NA","[PREMIUM]","[PREMIUM]",0,"Sedan","Jet Black","Black","All-wheel Drive",,,"Gasoline",,,"dealership","[PREMIUM]","Arlington","TX","[PREMIUM]",,"[]",,,"[PREMIUM]"
"f63690c3-4ca5-4bdc-81a0-4a6621411a0e","2026-04-29 23:51:49.043","2026-04-29 23:51:49.043","f63690c3-4ca5-4bdc-81a0-4a6621411a0e","[PREMIUM]","New",2026,"Lexus","NX 350","Premium","[PREMIUM]","[PREMIUM]",0,"SUV","Ultra White","Palomino NuLuxe and Black Prism trim","All-wheel Drive",,,"Gasoline",,,"dealership","[PREMIUM]","Martinez","GA","[PREMIUM]",,"[]",,,"[PREMIUM]"
"ff29876c-ab62-4988-8564-f4d73bec0800","2026-04-29 23:51:49.038","2026-04-29 23:51:49.038","ff29876c-ab62-4988-8564-f4d73bec0800","[PREMIUM]","New",2026,"Ford","F-350","Super Duty","[PREMIUM]","[PREMIUM]",73,"Truck","Agate Black Metallic","Medium Dark Slate","Four-wheel Drive",,,"Gasoline",,,"dealership","[PREMIUM]","Tyrone","PA","[PREMIUM]",,"[]",,,"[PREMIUM]"
"ba910f2d-3d62-4885-9238-5e9b552a3a63","2026-04-29 23:51:49.031","2026-05-05 23:52:19.004","ba910f2d-3d62-4885-9238-5e9b552a3a63","[PREMIUM]","New",2026,"Ford","Explorer","ST","[PREMIUM]","[PREMIUM]",5,"SUV","Agate Black Metallic","Onyx","Four-wheel Drive",,,"Gasoline",,,"dealership","[PREMIUM]","Delaware","OH","[PREMIUM]",,"[]",,,"[PREMIUM]"
"1ce0ac97-7ece-4606-b9ff-93d0c5e934ed","2026-04-29 23:51:49.030","2026-04-29 23:51:49.030","1ce0ac97-7ece-4606-b9ff-93d0c5e934ed","[PREMIUM]","New",2026,"Ford","F-250",,"[PREMIUM]","[PREMIUM]",0,"Truck","Oxford White","Dark Slate","Four-wheel Drive",,,"E85 Flex Fuel",,,"dealership","[PREMIUM]","East Peoria","IL","[PREMIUM]",,"[]",,,"[PREMIUM]"
"d77f2e1a-d684-44bc-a4b2-d20ebfc3e52b","2026-04-29 23:51:49.025","2026-04-29 23:51:49.025","d77f2e1a-d684-44bc-a4b2-d20ebfc3e52b","[PREMIUM]","New",2026,"Hyundai","Palisade Hybrid","Calligraphy","[PREMIUM]","[PREMIUM]",11,"SUV","Pearl","Black","AWD",,,"Hybrid",,,"dealership","[PREMIUM]","Monroe","NC","[PREMIUM]",,"[]",,,"[PREMIUM]"
"5a631272-9294-476d-a4d4-c6fa04ad99b4","2026-04-29 23:51:49.018","2026-04-29 23:51:49.018","5a631272-9294-476d-a4d4-c6fa04ad99b4","[PREMIUM]","New",2026,"Ford","Explorer","ST","[PREMIUM]","[PREMIUM]",5,"SUV","Agate Black Metallic","Onyx","Four-wheel Drive",,,"Gasoline",,,"dealership","[PREMIUM]","Delaware","OH","[PREMIUM]",,"[]",,,"[PREMIUM]"
"592b13d8-3585-4501-8dac-f30e2cced781","2026-04-29 23:51:49.018","2026-04-29 23:51:49.018","592b13d8-3585-4501-8dac-f30e2cced781","[PREMIUM]","New",2026,"Hyundai","Palisade Hybrid","Limited","[PREMIUM]","[PREMIUM]",7,"SUV","Pearl","Gray","AWD",,,"Hybrid",,,"dealership","[PREMIUM]","Monroe","NC","[PREMIUM]",,"[]",,,"[PREMIUM]"
"37208468-64d9-4997-adc8-0d11e88091fe","2026-04-29 23:51:38.345","2026-04-29 23:51:38.345","37208468-64d9-4997-adc8-0d11e88091fe","[PREMIUM]","New",2026,"Toyota","Highlander Hybrid","Base","[PREMIUM]","[PREMIUM]",0,"SUV","Midnight Black Metallic","Black","All-wheel Drive",,,"Hybrid",,,"dealership","[PREMIUM]","Mobile","AL","[PREMIUM]",,"[]",,,"[PREMIUM]"
"0de35c2d-c5ff-4d2d-bc09-9af9024cd902","2026-04-29 23:51:38.323","2026-04-29 23:51:38.323","0de35c2d-c5ff-4d2d-bc09-9af9024cd902","[PREMIUM]","New",2026,"BMW","X3","30 xDrive","[PREMIUM]","[PREMIUM]",5,"SUV","Dune Grey Metallic","Black","All-wheel Drive",,,"Gasoline",,,"dealership","[PREMIUM]","Arlington","TX","[PREMIUM]",,"[]",,,"[PREMIUM]"
"a98da728-0ff1-4711-ba5b-3d464b4f392e","2026-04-29 23:51:38.284","2026-04-29 23:51:38.284","a98da728-0ff1-4711-ba5b-3d464b4f392e","[PREMIUM]","New",2026,"Toyota","Tundra","SR5","[PREMIUM]","[PREMIUM]",0,"Truck","Lunar Rock","Black","Four-wheel Drive",,,"Gasoline",,,"dealership","[PREMIUM]","Mckinney","TX","[PREMIUM]",,"[]",,,"[PREMIUM]"
"2d14fcb6-f467-4a22-a696-2c8bf3c11dfe","2026-04-29 23:51:38.249","2026-04-29 23:51:38.249","2d14fcb6-f467-4a22-a696-2c8bf3c11dfe","[PREMIUM]","New",2026,"GMC","Acadia","Denali","[PREMIUM]","[PREMIUM]",5,"SUV","Ebony Twilight Metallic",,"FWD",,,"Gasoline",,,"dealership","[PREMIUM]","Tampa","FL","[PREMIUM]",,"[]",,,"[PREMIUM]"
"4d89b825-4b00-42fc-aed0-6515365f94c9","2026-04-29 23:51:38.246","2026-04-29 23:51:38.246","4d89b825-4b00-42fc-aed0-6515365f94c9","[PREMIUM]","New",2026,"GMC","Acadia","Denali","[PREMIUM]","[PREMIUM]",5,"SUV","Glacier White",,"FWD",,,"Gasoline",,,"dealership","[PREMIUM]","Tampa","FL","[PREMIUM]",,"[]",,,"[PREMIUM]"
"2a8c5e39-c95e-4662-8c74-d61f22e1611e","2026-04-29 23:51:38.245","2026-04-29 23:51:38.245","2a8c5e39-c95e-4662-8c74-d61f22e1611e","[PREMIUM]","New",2026,"Chevrolet","Silverado 1500","LT","[PREMIUM]","[PREMIUM]",6,"Truck","Cypress","Jet Black","4WD",,,"Gasoline",,,"dealership","[PREMIUM]","Bellevue","NE","[PREMIUM]",,"[]",,,"[PREMIUM]"
"9c4b4b80-1b6a-4f0d-b978-1547061378f4","2026-04-29 23:51:38.244","2026-04-29 23:51:38.244","9c4b4b80-1b6a-4f0d-b978-1547061378f4","[PREMIUM]","New",2026,"Chevrolet","Traverse","RS","[PREMIUM]","[PREMIUM]",6,"SUV","Sterling Gray Metallic","Jet Black","AWD",,,"Gasoline",,,"dealership","[PREMIUM]","Bellevue","NE","[PREMIUM]",,"[]",,,"[PREMIUM]"
"87d1c8aa-b293-4d58-bf73-c90362ef6f38","2026-04-29 23:51:38.241","2026-04-29 23:51:38.241","87d1c8aa-b293-4d58-bf73-c90362ef6f38","[PREMIUM]","New",2026,"Ford","F-150","XLT","[PREMIUM]","[PREMIUM]",5,"Truck","Oxford White","Black","4WD",,,"Gasoline",,,"dealership","[PREMIUM]","Tyrone","PA","[PREMIUM]",,"[]",,,"[PREMIUM]"
"f5f28e08-b36e-45ee-9e86-85a7d897298e","2026-04-29 23:51:38.234","2026-04-29 23:51:38.234","f5f28e08-b36e-45ee-9e86-85a7d897298e","[PREMIUM]","New",2026,"Kia","Carnival Hybrid","SX Prestige","[PREMIUM]","[PREMIUM]",5,"Passenger Van","Metal","Navy","Front-wheel Drive",,,"Hybrid",,,"dealership","[PREMIUM]","Tucson","AZ","[PREMIUM]",,"[]",,,"[PREMIUM]"
"cf6fdbad-ea40-4f68-92df-8df862688d09","2026-04-29 23:51:38.228","2026-04-29 23:51:38.228","cf6fdbad-ea40-4f68-92df-8df862688d09","[PREMIUM]","New",2026,"Chevrolet","Silverado 1500","LT","[PREMIUM]","[PREMIUM]",8,"Truck","Sterling Gray Metallic","Black","Four-wheel Drive",,,"Gasoline",,,"dealership","[PREMIUM]","Bellevue","NE","[PREMIUM]",,"[]",,,"[PREMIUM]"
"caeaa063-ffa3-4615-9f85-b7c57d2c1270","2026-04-29 23:51:38.224","2026-04-29 23:51:38.224","caeaa063-ffa3-4615-9f85-b7c57d2c1270","[PREMIUM]","New",2026,"GMC","Acadia","Denali","[PREMIUM]","[PREMIUM]",5,"SUV","Volcanic Red",,"FWD",,,"Gasoline",,,"dealership","[PREMIUM]","Tampa","FL","[PREMIUM]",,"[]",,,"[PREMIUM]"
"e92e8548-7b4a-43a7-945d-0b25206dc898","2026-04-29 23:51:28.000","2026-04-29 23:51:28.000","e92e8548-7b4a-43a7-945d-0b25206dc898","[PREMIUM]","New",2026,"Chevrolet","Traverse","AWD Z71","[PREMIUM]","[PREMIUM]",4,"SUV","Sterling Gray Metallic","Jet Black w/Torch Red Stitching","All Wheel Drive",,,"Regular unleaded",,,"dealership","[PREMIUM]","Rincon","GA","[PREMIUM]",,"[]",,,"[PREMIUM]"
"cee62655-119d-4214-92f0-40eba6b64fdd","2026-04-29 23:51:27.998","2026-04-29 23:51:27.998","cee62655-119d-4214-92f0-40eba6b64fdd","[PREMIUM]","New",2026,"Chevrolet","Colorado","ZR2","[PREMIUM]","[PREMIUM]",2,"Truck","Black","Jet Black/Artemis","Four-wheel Drive",,,"Gasoline",,,"dealership","[PREMIUM]","Fort Wayne","IN","[PREMIUM]",,"[]",,,"[PREMIUM]"
"afa2950c-3a01-449b-86d5-f494986dae58","2026-04-29 23:51:27.982","2026-04-29 23:51:27.982","afa2950c-3a01-449b-86d5-f494986dae58","[PREMIUM]","New",2026,"Toyota","Grand Highlander Hybrid","Limited","[PREMIUM]","[PREMIUM]",0,"SUV","Wind Chill Pearl","Black","All-wheel Drive",,,"Hybrid",,,"dealership","[PREMIUM]","Mckinney","TX","[PREMIUM]",,"[]",,,"[PREMIUM]"
"d6f89aef-cca9-4a18-bad3-eccf3f721b1a","2026-04-29 23:51:27.979","2026-04-29 23:51:27.979","d6f89aef-cca9-4a18-bad3-eccf3f721b1a","[PREMIUM]","New",2026,"Kia","Carnival Hybrid","SX Prestige","[PREMIUM]","[PREMIUM]",0,"Passenger Van","Snow White Pearl","Off-Black","Front-wheel Drive",,,"Hybrid",,,"dealership","[PREMIUM]","Longwood","FL","[PREMIUM]",,"[]",,,"[PREMIUM]"
"86d0df91-5aa8-4be5-b815-f50d9216b94a","2026-04-29 23:51:27.968","2026-04-29 23:51:27.968","86d0df91-5aa8-4be5-b815-f50d9216b94a","[PREMIUM]","New",2026,"Ford","Mustang","GT Premium","[PREMIUM]","[PREMIUM]",52,"Coupe","Grabber Blue","Black Onyx","RWD",,,"Gasoline",,,"dealership","[PREMIUM]","Tyrone","PA","[PREMIUM]",,"[]",,,"[PREMIUM]"
"f2749695-3abb-490d-9296-478b7a90b1fd","2026-04-29 23:51:27.944","2026-04-29 23:51:27.944","f2749695-3abb-490d-9296-478b7a90b1fd","[PREMIUM]","New",2026,"Chevrolet","Silverado 1500","LT","[PREMIUM]","[PREMIUM]",7,"Truck","Sterling Gray Metallic","Jet Black","Four-wheel Drive",,,"Gasoline",,,"dealership","[PREMIUM]","Bellevue","NE","[PREMIUM]",,"[]",,,"[PREMIUM]"
"b11778db-1afa-4cbe-bf8e-98f9037b524b","2026-04-29 23:51:27.916","2026-04-29 23:51:27.916","b11778db-1afa-4cbe-bf8e-98f9037b524b","[PREMIUM]","New",2026,"Chevrolet","Silverado 1500","LT","[PREMIUM]","[PREMIUM]",2544,"Truck","Black","Black","Four-wheel Drive",,,"Gasoline",,,"dealership","[PREMIUM]","Bellevue","NE","[PREMIUM]",,"[]",,,"[PREMIUM]"
"a825dd7f-b383-44ae-8945-b225cc661119","2026-04-29 23:51:17.943","2026-05-02 23:51:40.033","a825dd7f-b383-44ae-8945-b225cc661119","[PREMIUM]","New",2026,"Kia","Carnival Hybrid","SX Prestige","[PREMIUM]","[PREMIUM]",5,"Passenger Van","Metal","Navy","Front-wheel Drive",,,"Hybrid",,,"dealership","[PREMIUM]","Tucson","AZ","[PREMIUM]",,"[]",,,"[PREMIUM]"
"8a9f84cb-8e96-4cd3-aee2-3a1eddd44858","2026-04-29 23:51:17.656","2026-04-29 23:51:17.656","8a9f84cb-8e96-4cd3-aee2-3a1eddd44858","[PREMIUM]","New",2026,"Chevrolet","Traverse","RS","[PREMIUM]","[PREMIUM]",4,"SUV","Radiant Red","Jet Black","AWD",,,"Gasoline",,,"dealership","[PREMIUM]","Bellevue","NE","[PREMIUM]",,"[]",,,"[PREMIUM]"
"6342eb8a-e9fd-4a91-8181-11e455abb531","2026-04-29 23:51:17.650","2026-04-29 23:51:17.650","6342eb8a-e9fd-4a91-8181-11e455abb531","[PREMIUM]","New",2026,"Toyota","Tundra","SR5","[PREMIUM]","[PREMIUM]",0,"Truck","Blueprint","Black","Four-wheel Drive",,,"Gasoline",,,"dealership","[PREMIUM]","Rochester","NH","[PREMIUM]",,"[]",,,"[PREMIUM]"
"e28d4d2f-7f56-43cd-a84a-224e723340d0","2026-04-29 23:51:17.647","2026-04-29 23:51:17.647","e28d4d2f-7f56-43cd-a84a-224e723340d0","[PREMIUM]","New",2026,"Chevrolet","Traverse","RS","[PREMIUM]","[PREMIUM]",5,"SUV","Radiant Red","Jet Black","AWD",,,"Gasoline",,,"dealership","[PREMIUM]","Bellevue","NE","[PREMIUM]",,"[]",,,"[PREMIUM]"
"b1cf60bb-3f90-4ccc-8ac0-a936fc34ea35","2026-04-29 23:51:17.646","2026-04-29 23:51:17.646","b1cf60bb-3f90-4ccc-8ac0-a936fc34ea35","[PREMIUM]","New",2026,"Toyota","Grand Highlander Hybrid","Limited","[PREMIUM]","[PREMIUM]",0,"SUV","Gray","Black","All-wheel Drive",,,"Hybrid",,,"dealership","[PREMIUM]","St Charles","IL","[PREMIUM]",,"[]",,,"[PREMIUM]"
"a737d62e-5b1e-4de4-9f76-d39e836a3a19","2026-04-29 23:51:17.630","2026-04-29 23:51:17.630","a737d62e-5b1e-4de4-9f76-d39e836a3a19","[PREMIUM]","New",2026,"Chevrolet","Silverado 1500","LT","[PREMIUM]","[PREMIUM]",7,"Truck","Summit White","Black","Four-wheel Drive",,,"Gasoline",,,"dealership","[PREMIUM]","Bellevue","NE","[PREMIUM]",,"[]",,,"[PREMIUM]"
"63c60f3f-4604-44ba-87e9-08d779c5c81b","2026-04-29 23:51:17.628","2026-05-11 23:52:01.127","63c60f3f-4604-44ba-87e9-08d779c5c81b","[PREMIUM]","New",2026,"Chevrolet","Silverado 1500","LT","[PREMIUM]","[PREMIUM]",7,"Truck","Black","Black","Four-wheel Drive",,,"Gasoline",,,"dealership","[PREMIUM]","Bellevue","NE","[PREMIUM]",,"[]",,,"[PREMIUM]"
"4236fdfe-f53b-4f7f-8ccd-5ea41576ec6b","2026-04-29 23:51:17.622","2026-05-02 23:51:40.037","4236fdfe-f53b-4f7f-8ccd-5ea41576ec6b","[PREMIUM]","New",2026,"Ford","F-150","XLT","[PREMIUM]","[PREMIUM]",3,"Truck","Ruby Red","Black","Four-wheel Drive",,,"Gasoline",,,"dealership","[PREMIUM]","Shakopee","MN","[PREMIUM]",,"[]",,,"[PREMIUM]"
"44643860-5856-4502-a41d-a29e7dc48e07","2026-04-29 23:51:17.619","2026-04-29 23:51:17.619","44643860-5856-4502-a41d-a29e7dc48e07","[PREMIUM]","New",2026,"Kia","Carnival Hybrid","SX Prestige","[PREMIUM]","[PREMIUM]",5,"Passenger Van","Ceramic Silver","Navy","Front-wheel Drive",,,"Hybrid",,,"dealership","[PREMIUM]","Tucson","AZ","[PREMIUM]",,"[]",,,"[PREMIUM]"
"b4eac377-9be7-4efa-8f64-f1309d79aa5e","2026-04-29 23:51:17.618","2026-05-02 23:51:29.872","b4eac377-9be7-4efa-8f64-f1309d79aa5e","[PREMIUM]","New",2026,"Toyota","4Runner","TRD Sport Premium","[PREMIUM]","[PREMIUM]",0,"SUV","Supersonic Red","Black","Four-wheel Drive",,,"Gasoline",,,"dealership","[PREMIUM]","Kenosha","WI","[PREMIUM]",,"[]",,,"[PREMIUM]"
"9f8aa60f-7c7e-4e51-a87d-d1752827aa2e","2026-04-29 23:51:17.612","2026-05-05 23:51:38.952","9f8aa60f-7c7e-4e51-a87d-d1752827aa2e","[PREMIUM]","New",2026,"Kia","Carnival Hybrid","SX Prestige","[PREMIUM]","[PREMIUM]",7,"Passenger Van","Metal","Navy","Front-wheel Drive",,,"Hybrid",,,"dealership","[PREMIUM]","Tucson","AZ","[PREMIUM]",,"[]",,,"[PREMIUM]"
"d91c0d4d-a742-41c5-83f3-00baa23cf150","2026-04-29 23:51:17.603","2026-04-29 23:51:17.603","d91c0d4d-a742-41c5-83f3-00baa23cf150","[PREMIUM]","New",2026,"GMC","Canyon","Denali","[PREMIUM]","[PREMIUM]",5,"Truck","Black","Jet Black/Teak, Perforated leather-appointed seat trim","Four-wheel Drive",,,"Gasoline",,,"dealership","[PREMIUM]","Greeley","CO","[PREMIUM]",,"[]",,,"[PREMIUM]"
"ad239ab1-8c8e-4ef8-ba2e-0aa61fcc1421","2026-04-29 23:51:17.602","2026-04-29 23:51:17.602","ad239ab1-8c8e-4ef8-ba2e-0aa61fcc1421","[PREMIUM]","New",2026,"Kia","Carnival Hybrid","SX Prestige","[PREMIUM]","[PREMIUM]",50,"Passenger Van","Metal","Navy","Front-wheel Drive",,,"Hybrid",,,"dealership","[PREMIUM]","Tucson","AZ","[PREMIUM]",,"[]",,,"[PREMIUM]"
"c9a932e2-988c-4251-8027-d588fa89f6d5","2026-04-29 23:51:07.461","2026-04-29 23:51:07.461","c9a932e2-988c-4251-8027-d588fa89f6d5","[PREMIUM]","New",2026,"Honda","Pilot","Black Edition","[PREMIUM]","[PREMIUM]",5,"SUV","Platinum White Pearl","Black","All-wheel Drive",,,"Gasoline",,,"dealership","[PREMIUM]","Omaha","NE","[PREMIUM]",,"[]",,,"[PREMIUM]"
"f4186df4-cf64-4b3a-963d-1255a12d0a0b","2026-04-29 23:51:07.372","2026-04-29 23:51:07.372","f4186df4-cf64-4b3a-963d-1255a12d0a0b","[PREMIUM]","New",2026,"Toyota","Grand Highlander","Limited","[PREMIUM]","[PREMIUM]",0,"SUV","Wind Chill Pearl","Gray","All-wheel Drive",,,"Gasoline",,,"dealership","[PREMIUM]","Rochester","NH","[PREMIUM]",,"[]",,,"[PREMIUM]"
"fe497694-d037-48c6-b60a-2fe0a0dcee7e","2026-04-29 23:51:07.366","2026-04-29 23:51:07.366","fe497694-d037-48c6-b60a-2fe0a0dcee7e","[PREMIUM]","New",2026,"Chevrolet","Silverado 2500","WT","[PREMIUM]","[PREMIUM]",0,"Truck","Summit White","Jet Black, Cloth seat trim","Rear-wheel Drive",,,"Gasoline",,,"dealership","[PREMIUM]","El Paso","TX","[PREMIUM]",,"[]",,,"[PREMIUM]"
"4692c223-bcdc-43aa-b428-78081b07fd4d","2026-04-29 23:51:07.358","2026-05-02 23:51:30.123","4692c223-bcdc-43aa-b428-78081b07fd4d","[PREMIUM]","New",2026,"Chevrolet","Traverse","RS","[PREMIUM]","[PREMIUM]",0,"SUV","Mosaic Black Metallic","Jet Black w/Torch Red Accents","All-wheel Drive",,,"Gasoline",,,"dealership","[PREMIUM]","Norwich","CT","[PREMIUM]",,"[]",,,"[PREMIUM]"
"930320b2-17cb-414d-9068-8cee3c6c3853","2026-04-29 23:51:07.358","2026-05-02 23:51:29.865","930320b2-17cb-414d-9068-8cee3c6c3853","[PREMIUM]","New",2026,"Toyota","4Runner","TRD Sport Premium","[PREMIUM]","[PREMIUM]",0,"SUV","Wind Chill Pearl","Black","Four-wheel Drive",,,"Gasoline",,,"dealership","[PREMIUM]","Englewood","CO","[PREMIUM]",,"[]",,,"[PREMIUM]"
"a930f951-2fe9-409a-b6c6-2046136870c9","2026-04-29 23:51:07.357","2026-05-02 23:51:19.809","a930f951-2fe9-409a-b6c6-2046136870c9","[PREMIUM]","New",2026,"Toyota","4Runner","TRD Sport Premium","[PREMIUM]","[PREMIUM]",0,"SUV","Black","Black","Four-wheel Drive",,,"Gasoline",,,"dealership","[PREMIUM]","Hackensack","NJ","[PREMIUM]",,"[]",,,"[PREMIUM]"
"a3a0676f-3116-41e9-a6bf-533ffa090f26","2026-04-29 23:51:07.341","2026-05-02 23:51:19.818","a3a0676f-3116-41e9-a6bf-533ffa090f26","[PREMIUM]","New",2026,"Honda","Pilot","Elite","[PREMIUM]","[PREMIUM]",5,"SUV","Modern Steel Metallic","Black","All-wheel Drive",,,"Gasoline",,,"dealership","[PREMIUM]","Pharr","TX","[PREMIUM]",,"[]",,,"[PREMIUM]"
"7bbe80c1-c636-42b2-a3f5-bd87d47fbdfa","2026-04-29 23:51:07.337","2026-04-29 23:51:07.337","7bbe80c1-c636-42b2-a3f5-bd87d47fbdfa","[PREMIUM]","New",2026,"RAM","1500","Laramie","[PREMIUM]","[PREMIUM]",10,"Truck","Forged Blue Metallic","Black","Four-wheel Drive",,,"Gasoline",,,"dealership","[PREMIUM]","Lake City","FL","[PREMIUM]",,"[]",,,"[PREMIUM]"
"29d10d59-3797-4fd1-9971-e6ca5c373700","2026-04-29 23:51:07.321","2026-04-29 23:51:07.321","29d10d59-3797-4fd1-9971-e6ca5c373700","[PREMIUM]","New",2026,"Toyota","Grand Highlander","Limited","[PREMIUM]","[PREMIUM]",3,"SUV","Wind Chill Pearl","Black","Front-wheel Drive",,,"Gasoline",,,"dealership","[PREMIUM]","Macon","GA","[PREMIUM]",,"[]",,,"[PREMIUM]"
"552543c3-b15e-41d0-9c57-dd8fe6cc44e0","2026-04-29 23:51:07.316","2026-04-29 23:51:07.316","552543c3-b15e-41d0-9c57-dd8fe6cc44e0","[PREMIUM]","New",2026,"Toyota","Tacoma Hybrid","TRD Off Road","[PREMIUM]","[PREMIUM]",0,"Truck","Mudbath","Black","Four-wheel Drive",,,"Hybrid",,,"dealership","[PREMIUM]","Kenosha","WI","[PREMIUM]",,"[]",,,"[PREMIUM]"
"23d65df5-f9ce-4261-a967-3686c4d5ed25","2026-04-29 23:51:07.313","2026-04-29 23:51:07.313","23d65df5-f9ce-4261-a967-3686c4d5ed25","[PREMIUM]","New",2026,"Volkswagen","Atlas Cross Sport","2.0T SEL Premium","[PREMIUM]","[PREMIUM]",0,"SUV","opal white pearl",,"All-wheel Drive",,,"Gasoline",,,"dealership","[PREMIUM]","Downers Grove","IL","[PREMIUM]",,"[]",,,"[PREMIUM]"
"b70b978f-5705-43f7-b9dd-1b2cd05602ef","2026-04-29 23:51:07.309","2026-05-02 23:51:19.718","b70b978f-5705-43f7-b9dd-1b2cd05602ef","[PREMIUM]","New",2026,"Audi","Q5","Premium TFSI quattro S tronic","[PREMIUM]","[PREMIUM]",8,"SUV","Mythos Black Metallic","Murillo Brown","All-wheel Drive",,,"Gasoline",,,"dealership","[PREMIUM]","Littleton","CO","[PREMIUM]",,"[]",,,"[PREMIUM]"
"f231cfb4-a13f-47e3-9268-ad43cd6791a9","2026-04-29 23:51:07.308","2026-04-29 23:51:07.308","f231cfb4-a13f-47e3-9268-ad43cd6791a9","[PREMIUM]","New",2026,"Chevrolet","Silverado 1500","RST","[PREMIUM]","[PREMIUM]",3,"Truck","Sterling Gray Metallic","Black","Rear-wheel Drive",,,"Gasoline",,,"dealership","[PREMIUM]","Olive Branch","MS","[PREMIUM]",,"[]",,,"[PREMIUM]"
"27a1bf05-251b-4edb-8e59-40fe145fe3fd","2026-04-29 23:50:47.101","2026-04-29 23:50:47.101","27a1bf05-251b-4edb-8e59-40fe145fe3fd","[PREMIUM]","New",2026,"Chevrolet","Silverado 1500","LT","[PREMIUM]","[PREMIUM]",181,"Truck","Black","Jet Black","Four-wheel Drive",,,"Gasoline",,,"dealership","[PREMIUM]","Seguin","TX","[PREMIUM]",,"[]",,,"[PREMIUM]"
"74867e52-2559-4b09-b46a-50a0694317ca","2026-04-29 23:50:46.887","2026-04-29 23:50:46.887","74867e52-2559-4b09-b46a-50a0694317ca","[PREMIUM]","New",2026,"Toyota","Highlander Hybrid","Platinum","[PREMIUM]","[PREMIUM]",10,"SUV","Wind Chill","Graphite","All-wheel Drive",,,"Hybrid",,,"dealership","[PREMIUM]","Spokane","WA","[PREMIUM]",,"[]",,,"[PREMIUM]"
"fada4982-dec0-48bf-9846-c27f7bf621c0","2026-04-29 23:50:46.862","2026-05-02 23:50:59.703","fada4982-dec0-48bf-9846-c27f7bf621c0","[PREMIUM]","New",2026,"Toyota","Tacoma","Limited","[PREMIUM]","[PREMIUM]",0,"Truck","Celestial Silver Metallic","Boulder","Four-wheel Drive",,,"Gasoline",,,"dealership","[PREMIUM]","Malvern","PA","[PREMIUM]",,"[]",,,"[PREMIUM]"
"f0084319-b320-46a3-bd57-c19e61c7c507","2026-04-29 23:50:46.859","2026-04-29 23:50:46.859","f0084319-b320-46a3-bd57-c19e61c7c507","[PREMIUM]","New",2026,"Ford","F-250","XL","[PREMIUM]","[PREMIUM]",56,"Truck","OXFORD WHITE","MEDIUM DARK SLATE VINYL","Rear-wheel Drive",,,"Gasoline",,,"dealership","[PREMIUM]","Rocky Mount","NC","[PREMIUM]",,"[]",,,"[PREMIUM]"
"ed019bba-547d-4729-b5db-47b9e604f0af","2026-04-29 23:50:46.849","2026-04-29 23:50:46.849","ed019bba-547d-4729-b5db-47b9e604f0af","[PREMIUM]","New",2026,"Ford","Explorer","ST","[PREMIUM]","[PREMIUM]",0,"SUV","White Metallic","Onyx","Four-wheel Drive",,,"Gasoline",,,"dealership","[PREMIUM]","Hopkins","MN","[PREMIUM]",,"[]",,,"[PREMIUM]"
"72c1e5e2-451f-4318-b9f7-6c2255b8a31b","2026-04-29 23:50:46.842","2026-04-29 23:50:46.842","72c1e5e2-451f-4318-b9f7-6c2255b8a31b","[PREMIUM]","New",2026,"Chevrolet","Silverado 2500","WT","[PREMIUM]","[PREMIUM]",118,"Truck","Summit White","Jet Black","Four-wheel Drive",,,"Gasoline",,,"dealership","[PREMIUM]","Huntsville","AL","[PREMIUM]",,"[]",,,"[PREMIUM]"
"52778c05-1db2-4927-a22f-6971af757f50","2026-04-29 23:50:46.795","2026-05-11 23:51:50.943","52778c05-1db2-4927-a22f-6971af757f50","[PREMIUM]","New",2026,"Audi","Q5","Premium TFSI quattro S tronic","[PREMIUM]","[PREMIUM]",15,"SUV","Mythos Black Metallic","Brown","All-wheel Drive",,,"Gasoline",,,"dealership","[PREMIUM]","San Diego","CA","[PREMIUM]",,"[]",,,"[PREMIUM]"
"51d86ec3-7385-4545-94c8-00181828727e","2026-04-29 23:50:46.769","2026-04-29 23:50:46.769","51d86ec3-7385-4545-94c8-00181828727e","[PREMIUM]","New",2026,"Honda","Passport","AWD TrailSport Elite","[PREMIUM]","[PREMIUM]",287,"SUV",,,"All-wheel Drive",,,"Gasoline",,,"dealership","[PREMIUM]","Triadelphia","WV","[PREMIUM]",,"[]",,,"[PREMIUM]"
"555e02bb-805a-44d8-bc82-cc9c82a08257","2026-04-29 23:50:46.759","2026-04-29 23:50:46.759","555e02bb-805a-44d8-bc82-cc9c82a08257","[PREMIUM]","New",2026,"GMC","Sierra 2500","Pro","[PREMIUM]","[PREMIUM]",7,"Truck","Summit White","Jet Black","Four-wheel Drive",,,"Gasoline",,,"dealership","[PREMIUM]","Saint Cloud","FL","[PREMIUM]",,"[]",,,"[PREMIUM]"
"aa78a9d7-2805-4235-8cc4-6dbc9960dc6d","2026-04-29 23:50:46.749","2026-04-29 23:50:46.749","aa78a9d7-2805-4235-8cc4-6dbc9960dc6d","[PREMIUM]","Used",2026,"Toyota","Grand Highlander","Platinum","[PREMIUM]","[PREMIUM]",20,"SUV","Midnight Black Metallic","Portobello","All-wheel Drive",,,"Gasoline",,,"dealership","[PREMIUM]","Colorado Springs","CO","[PREMIUM]",,"[]",,,"[PREMIUM]"
"a1797eff-d330-4af0-9062-7a46b2b3c6fe","2026-04-29 23:50:46.744","2026-05-08 23:51:26.092","a1797eff-d330-4af0-9062-7a46b2b3c6fe","[PREMIUM]","New",2026,"Toyota","Grand Highlander","Platinum","[PREMIUM]","[PREMIUM]",0,"SUV","Heavy Metal","Portobello","All-wheel Drive",,,"Gasoline",,,"dealership","[PREMIUM]","Brockton","MA","[PREMIUM]",,"[]",,,"[PREMIUM]"
"84cf40fd-3e86-49cf-a704-ea52119899b4","2026-04-29 23:50:46.740","2026-04-29 23:50:46.740","84cf40fd-3e86-49cf-a704-ea52119899b4","[PREMIUM]","New",2026,"RAM","1500","Big Horn/Lone Star","[PREMIUM]","[PREMIUM]",5,"Truck","Forged Blue Metallic","Diesel Gray/Black","Four-wheel Drive",,,"Gasoline",,,"dealership","[PREMIUM]","Lawton","OK","[PREMIUM]",,"[]",,,"[PREMIUM]"
"c330aa4c-b375-4572-939b-a070494c407d","2026-04-29 23:50:46.727","2026-04-29 23:50:46.727","c330aa4c-b375-4572-939b-a070494c407d","[PREMIUM]","New",2026,"GMC","Sierra 2500","Pro","[PREMIUM]","[PREMIUM]",6,"Truck","Summit White","Jet Black","Four-wheel Drive",,,"Gasoline",,,"dealership","[PREMIUM]","Saint Cloud","FL","[PREMIUM]",,"[]",,,"[PREMIUM]"
"bc53d11c-f563-4b80-9815-3ba4e427e970","2026-04-29 23:50:46.722","2026-05-02 23:50:59.394","bc53d11c-f563-4b80-9815-3ba4e427e970","[PREMIUM]","New",2026,"Audi","Q5","Premium TFSI quattro S tronic","[PREMIUM]","[PREMIUM]",8,"SUV","Arkona White","Black","All-wheel Drive",,,"Gasoline",,,"dealership","[PREMIUM]","Littleton","CO","[PREMIUM]",,"[]",,,"[PREMIUM]"
"1b8a565f-b837-4b40-9c04-a8afbc16ab4d","2026-04-29 23:50:46.719","2026-04-29 23:50:46.719","1b8a565f-b837-4b40-9c04-a8afbc16ab4d","[PREMIUM]","New",2026,"Audi","Q5","Premium TFSI quattro S tronic","[PREMIUM]","[PREMIUM]",8,"SUV","Tambora Gray Metallic","Murillo Brown","All-wheel Drive",,,"Gasoline",,,"dealership","[PREMIUM]","Littleton","CO","[PREMIUM]",,"[]",,,"[PREMIUM]"
"741e1a85-7dc9-4351-bf82-d51a330a3b31","2026-04-29 23:50:46.717","2026-04-29 23:50:46.717","741e1a85-7dc9-4351-bf82-d51a330a3b31","[PREMIUM]","New",2026,"Volvo","XC60","B5 Plus","[PREMIUM]","[PREMIUM]",0,"SUV","Mulberry Metallic","Charcoal","All-wheel Drive",,,"Gasoline",,,"dealership","[PREMIUM]","Cleveland","OH","[PREMIUM]",,"[]",,,"[PREMIUM]"
"aade0382-de10-4286-9b8f-b673411ad920","2026-04-29 23:50:46.712","2026-04-29 23:50:46.712","aade0382-de10-4286-9b8f-b673411ad920","[PREMIUM]","New",2026,"Honda","Pilot","Black Edition","[PREMIUM]","[PREMIUM]",67,"SUV",,"Black","All-wheel Drive",,,"Gasoline",,,"dealership","[PREMIUM]","Triadelphia","WV","[PREMIUM]",,"[]",,,"[PREMIUM]"
"6820e4a3-00e6-4bb9-9833-8a8e03b0b1cb","2026-04-29 23:50:46.703","2026-04-29 23:50:46.703","6820e4a3-00e6-4bb9-9833-8a8e03b0b1cb","[PREMIUM]","New",2026,"Mazda","CX-70","3.3 Turbo S Premium","[PREMIUM]","[PREMIUM]",1,"SUV","Polymetal Gray Metallic","Black","All-wheel Drive",,,"Gasoline",,,"dealership","[PREMIUM]","Torrance","CA","[PREMIUM]",,"[]",,,"[PREMIUM]"
"ab38f149-1c93-4dec-92b9-dac65684c977","2026-04-29 23:50:46.697","2026-04-29 23:50:46.697","ab38f149-1c93-4dec-92b9-dac65684c977","[PREMIUM]","New",2026,"Honda","Pilot","Black Edition","[PREMIUM]","[PREMIUM]",5,"SUV","Sonic Gray Pearl","Black","All-wheel Drive",,,"Gasoline",,,"dealership","[PREMIUM]","Colorado Springs","CO","[PREMIUM]",,"[]",,,"[PREMIUM]"
"2240fe4e-a7d7-4344-8f41-1c4e234d8705","2026-04-29 23:50:36.356","2026-04-29 23:50:36.356","2240fe4e-a7d7-4344-8f41-1c4e234d8705","[PREMIUM]","New",2026,"Kia","EV9","GT-Line","[PREMIUM]","[PREMIUM]",6,"SUV","Pearl",,"All-wheel Drive",,,"Electric",,,"dealership","[PREMIUM]","Clearwater","FL","[PREMIUM]",,"[]",,,"[PREMIUM]"
"85a286a0-1e67-4ccd-9e92-528d5a092bc5","2026-04-29 23:50:36.334","2026-04-29 23:50:36.334","85a286a0-1e67-4ccd-9e92-528d5a092bc5","[PREMIUM]","New",2026,"Lincoln","Nautilus","Premiere","[PREMIUM]","[PREMIUM]",10,"SUV","WHITE PLATINUM MET 3C","MD LT SPC GRY LINCOLN SFT TCH","All-wheel Drive",,,"Gasoline",,,"dealership","[PREMIUM]","North Little Rock","AR","[PREMIUM]",,"[]",,,"[PREMIUM]"
"c6c64558-823f-4e9b-a691-376809137518","2026-04-29 23:50:36.324","2026-04-29 23:50:36.324","c6c64558-823f-4e9b-a691-376809137518","[PREMIUM]","New",2026,"Chevrolet","Traverse","AWD Z71","[PREMIUM]","[PREMIUM]",5,"SUV","Sandstone Gray","Jet Black w/Torch Red Stitching","All-wheel Drive",,,"Gasoline",,,"dealership","[PREMIUM]","North Highlands","CA","[PREMIUM]",,"[]",,,"[PREMIUM]"
"ce9db992-71e8-4244-95dd-eaa2dfb93aac","2026-04-29 23:50:36.297","2026-05-08 23:51:26.216","ce9db992-71e8-4244-95dd-eaa2dfb93aac","[PREMIUM]","New",2026,"Toyota","Tacoma Hybrid","TRD Off Road","[PREMIUM]","[PREMIUM]",10,"Truck","Bronze",,"Four-wheel Drive",,,"Hybrid",,,"dealership","[PREMIUM]","Braintree","MA","[PREMIUM]",,"[]",,,"[PREMIUM]"
"bafaa82c-b4d7-4a95-aaea-d5f4e5d0c5a5","2026-04-29 23:50:36.177","2026-05-02 23:50:49.093","bafaa82c-b4d7-4a95-aaea-d5f4e5d0c5a5","[PREMIUM]","New",2026,"Acura","MDX","Standard","[PREMIUM]","[PREMIUM]",10,"SUV","Solar Silver Metallic","Ebony","All-wheel Drive",,,"Gasoline",,,"dealership","[PREMIUM]","Libertyville","IL","[PREMIUM]",,"[]",,,"[PREMIUM]"
"fee9d20a-40ef-407d-89d9-ee7d112a8659","2026-04-29 23:50:36.008","2026-04-29 23:50:36.008","fee9d20a-40ef-407d-89d9-ee7d112a8659","[PREMIUM]","New",2026,"Chevrolet","Silverado 1500","WT","[PREMIUM]","[PREMIUM]",0,"Truck","Wheatland Yellow",,"Four-wheel Drive",,,"Gasoline",,,"dealership","[PREMIUM]","Platte City","MO","[PREMIUM]",,"[]",,,"[PREMIUM]"
"f605f5c1-242a-49cb-9139-b1284f886442","2026-04-29 23:50:35.998","2026-04-29 23:50:35.998","f605f5c1-242a-49cb-9139-b1284f886442","[PREMIUM]","New",2026,"Lincoln","Aviator","Premiere","[PREMIUM]","[PREMIUM]",10,"SUV","PRISTINE WHITE MET 3C","ONYX SOFT TOUCH","All-wheel Drive",,,"Gasoline",,,"dealership","[PREMIUM]","North Little Rock","AR","[PREMIUM]",,"[]",,,"[PREMIUM]"
"2483346d-b520-4eae-9db8-91750999a347","2026-04-29 23:50:35.992","2026-04-29 23:50:35.992","2483346d-b520-4eae-9db8-91750999a347","[PREMIUM]","New",2026,"Toyota","Highlander Hybrid","Platinum","[PREMIUM]","[PREMIUM]",12,"SUV","Heavy Metal","Glazed Caramel","All-wheel Drive",,,"Hybrid",,,"dealership","[PREMIUM]","North Little Rock","AR","[PREMIUM]",,"[]",,,"[PREMIUM]"
"394e15b6-1f28-4f03-8b1f-a09c9eb6f274","2026-04-29 23:50:35.991","2026-05-02 23:50:49.059","394e15b6-1f28-4f03-8b1f-a09c9eb6f274","[PREMIUM]","New",2026,"Ford","Explorer","Platinum","[PREMIUM]","[PREMIUM]",5,"SUV","Star White Metallic Tri-Coat","Salt Crystal/Onyx","Four-wheel Drive",,,"Gasoline",,,"dealership","[PREMIUM]","Greenwood","IN","[PREMIUM]",,"[]",,,"[PREMIUM]"
"aedd1c94-af9e-4d1f-8545-7bafa9539e6f","2026-04-29 23:50:35.991","2026-04-29 23:50:35.991","aedd1c94-af9e-4d1f-8545-7bafa9539e6f","[PREMIUM]","New",2026,"Toyota","Grand Highlander Hybrid","Limited","[PREMIUM]","[PREMIUM]",0,"SUV","Ruby Flare Pearl","Black","All-wheel Drive",,,"Hybrid",,,"dealership","[PREMIUM]","Putnam","CT","[PREMIUM]",,"[]",,,"[PREMIUM]"
"bd51c548-4073-4509-87b4-66a2c0296584","2026-04-29 23:50:35.985","2026-04-29 23:50:35.985","bd51c548-4073-4509-87b4-66a2c0296584","[PREMIUM]","New",2026,"GMC","Sierra 1500","SLT","[PREMIUM]","[PREMIUM]",2,"Truck","Onyx Black","Jet Black","Four-wheel Drive",,,"Diesel",,,"dealership","[PREMIUM]","Bentonville","AR","[PREMIUM]",,"[]",,,"[PREMIUM]"
"a7e934c1-54d8-4da3-88d9-88134dfc6a34","2026-04-29 23:50:35.984","2026-05-02 23:50:49.112","a7e934c1-54d8-4da3-88d9-88134dfc6a34","[PREMIUM]","New",2026,"Ford","Explorer","Tremor","[PREMIUM]","[PREMIUM]",1,"SUV","Carbonized Gray Metallic","Onyx","Four-wheel Drive",,,"Gasoline",,,"dealership","[PREMIUM]","Conyers","GA","[PREMIUM]",,"[]",,,"[PREMIUM]"
"8f4b5628-aa00-46e1-b316-03ecaae51fd9","2026-04-29 23:50:35.960","2026-04-29 23:50:35.960","8f4b5628-aa00-46e1-b316-03ecaae51fd9","[PREMIUM]","New",2026,"GMC","Sierra 1500","Elevation","[PREMIUM]","[PREMIUM]",3,"Truck","Onyx Black","Jet Black","Four-wheel Drive",,,"Diesel",,,"dealership","[PREMIUM]","Fort Myers","FL","[PREMIUM]",,"[]",,,"[PREMIUM]"
"a39a6a43-9131-4d1b-80c8-f22f1ccd9a01","2026-04-29 23:50:35.959","2026-04-29 23:50:35.959","a39a6a43-9131-4d1b-80c8-f22f1ccd9a01","[PREMIUM]","New",2026,"Mazda","CX-70","3.3 Turbo S Premium Plus","[PREMIUM]","[PREMIUM]",0,"SUV","Jet Black Mica","Tan","All-wheel Drive",,,"Gasoline",,,"dealership","[PREMIUM]","Corona","CA","[PREMIUM]",,"[]",,,"[PREMIUM]"
"f6fb82d1-957d-4d8a-ace9-67cac4839898","2026-04-29 23:50:35.953","2026-05-02 23:50:59.742","f6fb82d1-957d-4d8a-ace9-67cac4839898","[PREMIUM]","New",2026,"Ford","Bronco","Heritage Edition","[PREMIUM]","[PREMIUM]",2,"SUV","Carbonized Gray Metallic","Navy Pier","Four-wheel Drive",,,"Gasoline",,,"dealership","[PREMIUM]","Huntington Beach","CA","[PREMIUM]",,"[]",,,"[PREMIUM]"
"b6498f2d-2443-44a4-8de2-11f467168e86","2026-04-29 23:50:35.948","2026-04-29 23:50:35.948","b6498f2d-2443-44a4-8de2-11f467168e86","[PREMIUM]","New",2026,"Ford","F-150","XLT","[PREMIUM]","[PREMIUM]",3,"Truck","Gray","Blk Unique Sport Clth 40/","Four-wheel Drive",,,"Hybrid",,,"dealership","[PREMIUM]","Apple Valley","MN","[PREMIUM]",,"[]",,,"[PREMIUM]"
"c4711472-e4f1-4ef4-b56d-a50cdbf7bbcd","2026-04-29 23:50:35.948","2026-04-29 23:50:35.948","c4711472-e4f1-4ef4-b56d-a50cdbf7bbcd","[PREMIUM]","New",2026,"Toyota","Tacoma","Limited","[PREMIUM]","[PREMIUM]",10,"Truck","Underground",,"Four-wheel Drive",,,"Gasoline",,,"dealership","[PREMIUM]","Braintree","MA","[PREMIUM]",,"[]",,,"[PREMIUM]"
"87805aa4-a303-41fc-9a59-a09863133f5b","2026-04-29 23:50:35.946","2026-05-02 23:50:49.072","87805aa4-a303-41fc-9a59-a09863133f5b","[PREMIUM]","New",2026,"Chevrolet","Silverado 1500","LT","[PREMIUM]","[PREMIUM]",3,"Truck","Summit White","Jet Black","Four-wheel Drive",,,"Gasoline",,,"dealership","[PREMIUM]","Murraysville","PA","[PREMIUM]",,"[]",,,"[PREMIUM]"
"eba312a9-3c18-44de-b06f-3bcf07a039cb","2026-04-29 23:50:35.939","2026-04-29 23:50:35.939","eba312a9-3c18-44de-b06f-3bcf07a039cb","[PREMIUM]","New",2026,"Mazda","CX-90","3.3 Turbo S Premium Plus","[PREMIUM]","[PREMIUM]",26,"SUV","Artisan Red Premium","Black","All-wheel Drive",,,"Gasoline",,,"dealership","[PREMIUM]","Lubbock","TX","[PREMIUM]",,"[]",,,"[PREMIUM]"
"f907bf27-8cc0-443f-8cbe-071a34cc1826","2026-04-29 23:50:35.939","2026-04-29 23:50:35.939","f907bf27-8cc0-443f-8cbe-071a34cc1826","[PREMIUM]","New",2026,"Chevrolet","Silverado 2500","WT","[PREMIUM]","[PREMIUM]",9,"Truck","Summit White","Jet Black","Four-wheel Drive",,,"Gasoline",,,"dealership","[PREMIUM]","Roseville","MN","[PREMIUM]",,"[]",,,"[PREMIUM]"
"c52b00a1-2762-46fe-8f1e-1f41ef91471f","2026-04-29 23:50:35.937","2026-05-02 23:50:59.369","c52b00a1-2762-46fe-8f1e-1f41ef91471f","[PREMIUM]","New",2026,"Chevrolet","Silverado 1500","WT","[PREMIUM]","[PREMIUM]",0,"Truck","01u","Jet Black","Four-wheel Drive",,,"Gasoline",,,"dealership","[PREMIUM]","Platte City","MO","[PREMIUM]",,"[]",,,"[PREMIUM]"
"6e6d5389-8d88-4cfa-a8ce-b425605176ec","2026-04-29 23:50:35.929","2026-05-05 23:50:58.721","6e6d5389-8d88-4cfa-a8ce-b425605176ec","[PREMIUM]","New",2026,"Chevrolet","Silverado 1500","RST","[PREMIUM]","[PREMIUM]",0,"Truck","Black","Jet Blk Lth-Appointed Fro","Four-wheel Drive",,,"Gasoline",,,"dealership","[PREMIUM]","Baltimore","MD","[PREMIUM]",,"[]",,,"[PREMIUM]"
"1116df4d-816f-424c-bdbd-2ee739b2006f","2026-04-29 23:50:25.298","2026-04-29 23:50:25.298","1116df4d-816f-424c-bdbd-2ee739b2006f","[PREMIUM]","New",2026,"GMC","Sierra 1500","Elevation","[PREMIUM]","[PREMIUM]",0,"Truck","Summit White","Jet Black","Four-wheel Drive",,,"Gasoline",,,"dealership","[PREMIUM]","Madison","WI","[PREMIUM]",,"[]",,,"[PREMIUM]"
"b80b05e8-027e-4b33-8749-85789d012cf1","2026-04-29 23:50:25.269","2026-04-29 23:50:25.269","b80b05e8-027e-4b33-8749-85789d012cf1","[PREMIUM]","New",2026,"Lexus","RZ 450e",,"[PREMIUM]","[PREMIUM]",66,"SUV",,,"All-wheel Drive",,,"Electric",,,"dealership","[PREMIUM]","Ephrata","PA","[PREMIUM]",,"[]",,,"[PREMIUM]"
"beaea9c8-3a17-4e5f-a22b-6cf0b4e43385","2026-04-29 23:50:25.088","2026-04-29 23:50:25.088","beaea9c8-3a17-4e5f-a22b-6cf0b4e43385","[PREMIUM]","New",2026,"Toyota","Tundra","SR5","[PREMIUM]","[PREMIUM]",0,"Truck","Celestial Silver Metallic","Black","Four-wheel Drive",,,"Gasoline",,,"dealership","[PREMIUM]","Cordova","TN","[PREMIUM]",,"[]",,,"[PREMIUM]"
"75680670-ec2f-43cb-8881-04f536e119df","2026-04-29 23:50:25.067","2026-05-02 23:50:38.720","75680670-ec2f-43cb-8881-04f536e119df","[PREMIUM]","New",2026,"Ford","Bronco","Badlands","[PREMIUM]","[PREMIUM]",3,"SUV","Shadow","Blk Onyx Lth Trmmed","Four-wheel Drive",,,"Gasoline",,,"dealership","[PREMIUM]","Apple Valley","MN","[PREMIUM]",,"[]",,,"[PREMIUM]"
"fc2f3eba-1e2f-4af3-859c-c1415ab25f0a","2026-04-29 23:50:25.059","2026-05-05 23:50:58.617","fc2f3eba-1e2f-4af3-859c-c1415ab25f0a","[PREMIUM]","New",2026,"RAM","1500","Big Horn/Lone Star","[PREMIUM]","[PREMIUM]",0,"Truck","Hydro Blue Pearlcoat","Black","Four-wheel Drive",,,"Gasoline",,,"dealership","[PREMIUM]","Watertown","WI","[PREMIUM]",,"[]",,,"[PREMIUM]"
"2413371a-047c-4e13-9082-47b3f1e4ef0d","2026-04-29 23:50:25.051","2026-04-29 23:50:25.051","2413371a-047c-4e13-9082-47b3f1e4ef0d","[PREMIUM]","New",2026,"Ford","Bronco","Heritage Edition","[PREMIUM]","[PREMIUM]",10,"SUV","Ruby Red Metallic Tinted Clearcoat","Navy Pier","Four-wheel Drive",,,"Gasoline",,,"dealership","[PREMIUM]","Toledo","OH","[PREMIUM]",,"[]",,,"[PREMIUM]"
"f50698bd-a05d-4dc6-b96b-71b98f117e6b","2026-04-29 23:50:25.040","2026-04-29 23:50:25.040","f50698bd-a05d-4dc6-b96b-71b98f117e6b","[PREMIUM]","New",2026,"Ford","Bronco","Badlands","[PREMIUM]","[PREMIUM]",3,"SUV","Oxford White","Blk Onyx Lth Trmmed","Four-wheel Drive",,,"Gasoline",,,"dealership","[PREMIUM]","Apple Valley","MN","[PREMIUM]",,"[]",,,"[PREMIUM]"
"55a9784a-c9b2-48b6-a6d9-b5bf3c6e0d42","2026-04-29 23:50:25.038","2026-04-29 23:50:25.038","55a9784a-c9b2-48b6-a6d9-b5bf3c6e0d42","[PREMIUM]","New",2026,"Toyota","Highlander","Platinum","[PREMIUM]","[PREMIUM]",0,"SUV","Midnight Black Metallic","Glazed Caramel","All-wheel Drive",,,"Gasoline",,,"dealership","[PREMIUM]","Cordova","TN","[PREMIUM]",,"[]",,,"[PREMIUM]"
"37f9a481-b973-488f-b043-0c128893ab2b","2026-04-29 23:50:25.019","2026-04-29 23:50:25.019","37f9a481-b973-488f-b043-0c128893ab2b","[PREMIUM]","New",2026,"Ford","Bronco","Big Bend","[PREMIUM]","[PREMIUM]",0,"SUV","Shadow Black","Black Onyx","Four-wheel Drive",,,"Gasoline",,,"dealership","[PREMIUM]","Toledo","OH","[PREMIUM]",,"[]",,,"[PREMIUM]"
"705fbc6d-3e7a-4593-88c5-f8e1be7b9c3c","2026-04-29 23:50:25.006","2026-05-02 23:50:38.734","705fbc6d-3e7a-4593-88c5-f8e1be7b9c3c","[PREMIUM]","New",2026,"Ford","Bronco","Outer Banks","[PREMIUM]","[PREMIUM]",0,"SUV","Oxford White","Black Onyx","Four-wheel Drive",,,"Gasoline",,,"dealership","[PREMIUM]","Birmingham","AL","[PREMIUM]",,"[]",,,"[PREMIUM]"
"46aef06b-516b-41b9-aaa4-d0e5c576ddc8","2026-04-29 23:50:24.995","2026-05-02 23:50:38.769","46aef06b-516b-41b9-aaa4-d0e5c576ddc8","[PREMIUM]","New",2026,"Ford","Bronco","Badlands","[PREMIUM]","[PREMIUM]",0,"SUV","Shadow Black","Black Onyx","Four-wheel Drive",,,"Gasoline",,,"dealership","[PREMIUM]","Birmingham","AL","[PREMIUM]",,"[]",,,"[PREMIUM]"
"6abc9506-a027-498d-ba93-a11aceec1304","2026-04-29 23:50:24.991","2026-04-29 23:50:24.991","6abc9506-a027-498d-ba93-a11aceec1304","[PREMIUM]","New",2026,"Nissan","Pathfinder","Platinum","[PREMIUM]","[PREMIUM]",0,"SUV","White Pearl","Almond Wit","Four-wheel Drive",,,"Gasoline",,,"dealership","[PREMIUM]","Eau Claire","WI","[PREMIUM]",,"[]",,,"[PREMIUM]"
"7da49b6c-4981-4721-95bc-3a757d766131","2026-04-29 23:50:24.991","2026-04-29 23:50:24.991","7da49b6c-4981-4721-95bc-3a757d766131","[PREMIUM]","New",2026,"Ford","F-150","XLT","[PREMIUM]","[PREMIUM]",5,"Truck","Agate Black Metallic","Black","Four-wheel Drive",,,"Gasoline",,,"dealership","[PREMIUM]","Clarksburg","WV","[PREMIUM]",,"[]",,,"[PREMIUM]"
"850296e4-0a82-49b2-abe4-4ea4973feb63","2026-04-29 23:50:24.990","2026-04-29 23:50:24.990","850296e4-0a82-49b2-abe4-4ea4973feb63","[PREMIUM]","New",2026,"Toyota","Grand Highlander","Platinum","[PREMIUM]","[PREMIUM]",0,"SUV","Heavy Metal","Light Gray","All-wheel Drive",,,"Gasoline",,,"dealership","[PREMIUM]","Columbus","OH","[PREMIUM]",,"[]",,,"[PREMIUM]"
"f20cb066-3390-4108-bc34-d69ba265dbfa","2026-04-29 23:50:24.985","2026-04-29 23:50:24.985","f20cb066-3390-4108-bc34-d69ba265dbfa","[PREMIUM]","New",2026,"Toyota","Grand Highlander","Platinum","[PREMIUM]","[PREMIUM]",0,"SUV","Midnight Black Metallic","Portobello","All-wheel Drive",,,"Gasoline",,,"dealership","[PREMIUM]","Cordova","TN","[PREMIUM]",,"[]",,,"[PREMIUM]"
"864e8a43-306a-428f-8024-bedeab062c36","2026-04-29 23:50:24.976","2026-04-29 23:50:24.976","864e8a43-306a-428f-8024-bedeab062c36","[PREMIUM]","New",2026,"Chevrolet","Traverse","RS","[PREMIUM]","[PREMIUM]",5,"SUV","Sterling Gray Metallic","Jet Black w/Torch Red Accents","Front-wheel Drive",,,"Gasoline",,,"dealership","[PREMIUM]","Glenpool","OK","[PREMIUM]",,"[]",,,"[PREMIUM]"
"4da50b78-94ca-4154-98e1-aa34597204de","2026-04-29 23:50:24.975","2026-04-29 23:50:24.975","4da50b78-94ca-4154-98e1-aa34597204de","[PREMIUM]","New",2026,"Toyota","Highlander Hybrid","Platinum","[PREMIUM]","[PREMIUM]",4,"SUV","08x8/","La20/Black","All-wheel Drive",,,"Hybrid",,,"dealership","[PREMIUM]","Columbus","OH","[PREMIUM]",,"[]",,,"[PREMIUM]"
"31a96b71-8364-4a96-b688-311d4c6c55aa","2026-04-29 23:50:24.968","2026-05-02 23:50:38.754","31a96b71-8364-4a96-b688-311d4c6c55aa","[PREMIUM]","New",2026,"GMC","Sierra 1500","Elevation","[PREMIUM]","[PREMIUM]",0,"Truck","Summit White","Jet Black","Four-wheel Drive",,,"Gasoline",,,"dealership","[PREMIUM]","Madison","WI","[PREMIUM]",,"[]",,,"[PREMIUM]"
"44490d44-94dc-4c82-be4a-cd48a58f17df","2026-04-29 23:50:24.958","2026-05-02 23:50:38.714","44490d44-94dc-4c82-be4a-cd48a58f17df","[PREMIUM]","New",2026,"Toyota","Grand Highlander Hybrid","Limited","[PREMIUM]","[PREMIUM]",0,"SUV","Blueprint","Light Gray","All-wheel Drive",,,"Hybrid",,,"dealership","[PREMIUM]","Cockeysville","MD","[PREMIUM]",,"[]",,,"[PREMIUM]"
"98fbcf7e-0389-450a-b844-9c8f5ce22396","2026-04-29 23:50:24.946","2026-05-08 23:51:05.823","98fbcf7e-0389-450a-b844-9c8f5ce22396","[PREMIUM]","New",2026,"GMC","Sierra 1500","Elevation","[PREMIUM]","[PREMIUM]",0,"Truck","Sterling Metallic","Jet Black","Four-wheel Drive",,,"Gasoline",,,"dealership","[PREMIUM]","Madison","WI","[PREMIUM]",,"[]",,,"[PREMIUM]"
"875d0844-1739-4c88-9ec2-f98f12bb5ee8","2026-04-29 23:50:24.943","2026-05-08 23:51:15.913","875d0844-1739-4c88-9ec2-f98f12bb5ee8","[PREMIUM]","Used",2026,"Chevrolet","Traverse","RS","[PREMIUM]","[PREMIUM]",3660,"SUV","Lakeshore Blue Metallic","Jet Black w/Torch Red Accents","All-wheel Drive",,,"Gasoline",,,"dealership","[PREMIUM]","Charleston","WV","[PREMIUM]",,"[]",,,"[PREMIUM]"
"b0703c17-3b0c-4631-85ec-511f564b6bae","2026-04-29 23:50:24.933","2026-04-29 23:50:24.933","b0703c17-3b0c-4631-85ec-511f564b6bae","[PREMIUM]","New",2026,"Toyota","Highlander Hybrid","Limited","[PREMIUM]","[PREMIUM]",0,"SUV","Pearl","Graphite","All-wheel Drive",,,"Hybrid",,,"dealership","[PREMIUM]","Lima","OH","[PREMIUM]",,"[]",,,"[PREMIUM]"
"838da46d-3b50-4592-9118-d1177afedf64","2026-04-29 23:50:14.350","2026-05-08 23:50:45.581","838da46d-3b50-4592-9118-d1177afedf64","[PREMIUM]","New",2026,"Ford","F-150","XLT","[PREMIUM]","[PREMIUM]",1,"Truck","Avalanche","Black","Four-wheel Drive",,,"Gasoline",,,"dealership","[PREMIUM]","Conyers","GA","[PREMIUM]",,"[]",,,"[PREMIUM]"
"0ced8c35-94ba-4d42-9cbc-2e0be1d38603","2026-04-29 23:50:14.344","2026-04-29 23:50:14.344","0ced8c35-94ba-4d42-9cbc-2e0be1d38603","[PREMIUM]","New",2026,"Ford","F-150","XLT","[PREMIUM]","[PREMIUM]",1,"Truck","Carbonized Gray Metallic","Black w/Medium Dark Slate","Four-wheel Drive",,,"Gasoline",,,"dealership","[PREMIUM]","Conyers","GA","[PREMIUM]",,"[]",,,"[PREMIUM]"
"593b0ca5-3aeb-47c6-b0d1-f39a547a17a6","2026-04-29 23:50:14.325","2026-05-02 23:50:38.731","593b0ca5-3aeb-47c6-b0d1-f39a547a17a6","[PREMIUM]","New",2026,"Jeep","Grand Cherokee","Summit","[PREMIUM]","[PREMIUM]",1,"SUV","silver zynith","-X7","Four-wheel Drive",,,"Gasoline",,,"dealership","[PREMIUM]","Hammond","LA","[PREMIUM]",,"[]",,,"[PREMIUM]"
"eb5c6434-8ecc-4ca1-a0e4-25d7613a794c","2026-04-29 23:50:14.318","2026-04-29 23:50:14.318","eb5c6434-8ecc-4ca1-a0e4-25d7613a794c","[PREMIUM]","New",2026,"Toyota","Tundra","SR5","[PREMIUM]","[PREMIUM]",10,"Truck","0040","Black","Four-wheel Drive",,,"Gasoline",,,"dealership","[PREMIUM]","Jasper","IN","[PREMIUM]",,"[]",,,"[PREMIUM]"
"8048cb16-c724-40e3-b03e-0c6a043e435d","2026-04-29 23:50:14.264","2026-04-29 23:50:14.264","8048cb16-c724-40e3-b03e-0c6a043e435d","[PREMIUM]","New",2026,"Ford","F-350","XLT","[PREMIUM]","[PREMIUM]",3,"Truck","Agate Black Metallic","40 Console 40 Seat Medium Dark Slate","Four-wheel Drive",,,"Gasoline",,,"dealership","[PREMIUM]","Forest Lake","MN","[PREMIUM]",,"[]",,,"[PREMIUM]"
"e54f070e-f665-45d5-9893-8c05bae3a6f7","2026-04-29 23:50:14.195","2026-04-29 23:50:14.195","e54f070e-f665-45d5-9893-8c05bae3a6f7","[PREMIUM]","New",2026,"Ford","Bronco","Heritage Edition","[PREMIUM]","[PREMIUM]",3,"SUV","Gray","Navy Pier","Four-wheel Drive",,,"Gasoline",,,"dealership","[PREMIUM]","Lake Park","FL","[PREMIUM]",,"[]",,,"[PREMIUM]"
"aa13e024-4740-4feb-a024-458f903d791a","2026-04-29 23:50:14.163","2026-04-29 23:50:14.163","aa13e024-4740-4feb-a024-458f903d791a","[PREMIUM]","New",2026,"Ford","Bronco","Heritage Edition","[PREMIUM]","[PREMIUM]",8,"SUV","Avalanche Gray","Navy Pier","Four-wheel Drive",,,"Gasoline",,,"dealership","[PREMIUM]","Fullerton","CA","[PREMIUM]",,"[]",,,"[PREMIUM]"
"564fa5dd-84eb-4ac4-a50d-f5845d87f596","2026-04-29 23:50:14.131","2026-04-29 23:50:14.131","564fa5dd-84eb-4ac4-a50d-f5845d87f596","[PREMIUM]","New",2026,"Toyota","Tundra","SR5","[PREMIUM]","[PREMIUM]",4,"Truck","Midnight Black Metallic","Fa21/Black","Four-wheel Drive",,,"Gasoline",,,"dealership","[PREMIUM]","Columbus","OH","[PREMIUM]",,"[]",,,"[PREMIUM]"
"cf3e16cf-df3c-4729-97bc-6d118610c798","2026-04-29 23:50:14.104","2026-04-29 23:50:14.104","cf3e16cf-df3c-4729-97bc-6d118610c798","[PREMIUM]","New",2026,"Toyota","Highlander Hybrid","Base","[PREMIUM]","[PREMIUM]",0,"SUV","Wind Chill Pearl","Black","All-wheel Drive",,,"Hybrid",,,"dealership","[PREMIUM]","Columbus","OH","[PREMIUM]",,"[]",,,"[PREMIUM]"
"ed1df339-52a8-4860-b5c7-f33b84757803","2026-04-29 23:50:04.053","2026-04-29 23:50:04.053","ed1df339-52a8-4860-b5c7-f33b84757803","[PREMIUM]","New",2026,"Chevrolet","Silverado 1500","LT Trail Boss","[PREMIUM]","[PREMIUM]",50,"Truck","Black","Jet Black","Four-wheel Drive",,,"Gasoline",,,"dealership","[PREMIUM]","White Marsh","MD","[PREMIUM]",,"[]",,,"[PREMIUM]"
"8f4a715d-0543-467b-99a8-0c6a58583268","2026-04-29 23:50:04.012","2026-05-02 23:50:18.223","8f4a715d-0543-467b-99a8-0c6a58583268","[PREMIUM]","New",2026,"Ford","F-150","XLT","[PREMIUM]","[PREMIUM]",1,"Truck","Iconic Silver Metallic","Black","Four-wheel Drive",,,"Gasoline",,,"dealership","[PREMIUM]","Conyers","GA","[PREMIUM]",,"[]",,,"[PREMIUM]"
"8fe269ca-fbd1-4485-aca6-ad9a2992b237","2026-04-29 23:50:03.982","2026-04-29 23:50:03.982","8fe269ca-fbd1-4485-aca6-ad9a2992b237","[PREMIUM]","New",2026,"Lincoln","Aviator","Premiere","[PREMIUM]","[PREMIUM]",0,"SUV","Pristine White Metallic Tri-Coat","Onyx","All-wheel Drive",,,"Gasoline",,,"dealership","[PREMIUM]","Triadelphia","WV","[PREMIUM]",,"[]",,,"[PREMIUM]"
"8a9cfed2-a42a-425d-844a-12dc02e4b928","2026-04-29 23:50:03.978","2026-04-29 23:50:03.978","8a9cfed2-a42a-425d-844a-12dc02e4b928","[PREMIUM]","New",2026,"Toyota","Grand Highlander","Limited","[PREMIUM]","[PREMIUM]",1,"SUV","Heavy Metallic","Light Gray","All-wheel Drive",,,"Gasoline",,,"dealership","[PREMIUM]","Hagerstown","MD","[PREMIUM]",,"[]",,,"[PREMIUM]"
"b51b29be-9689-424a-9b2b-fb96b31faa1b","2026-04-29 23:49:53.862","2026-04-29 23:49:53.862","b51b29be-9689-424a-9b2b-fb96b31faa1b","[PREMIUM]","New",2026,"Toyota","Grand Highlander","Platinum","[PREMIUM]","[PREMIUM]",2,"SUV","Wind Chill Pearl","Portobello","All-wheel Drive",,,"Gasoline",,,"dealership","[PREMIUM]","Raleigh","NC","[PREMIUM]",,"[]",,,"[PREMIUM]"
"b55561f8-8978-4e90-826f-95e31d2a5ed4","2026-04-29 23:49:53.787","2026-04-29 23:49:53.787","b55561f8-8978-4e90-826f-95e31d2a5ed4","[PREMIUM]","New",2026,"Chevrolet","Silverado 1500","RST","[PREMIUM]","[PREMIUM]",0,"Truck","Sterling Gray Metallic","Gideon/Very Dark Atmosphere","Four-wheel Drive",,,"Diesel",,,"dealership","[PREMIUM]","Sauk City","WI","[PREMIUM]",,"[]",,,"[PREMIUM]"
"d0d846a8-e270-4047-a859-119f399aa4ac","2026-04-29 23:49:53.746","2026-04-29 23:49:53.746","d0d846a8-e270-4047-a859-119f399aa4ac","[PREMIUM]","New",2026,"Toyota","Highlander","Platinum","[PREMIUM]","[PREMIUM]",1,"SUV","Heavy Metal","Glazed Caramel","All-wheel Drive",,,"Gasoline",,,"dealership","[PREMIUM]","Raleigh","NC","[PREMIUM]",,"[]",,,"[PREMIUM]"
"800cee7c-70eb-448f-815b-11377afdd944","2026-04-29 23:49:53.725","2026-04-29 23:49:53.725","800cee7c-70eb-448f-815b-11377afdd944","[PREMIUM]","New",2026,"Ford","F-150","XLT","[PREMIUM]","[PREMIUM]",4,"Truck","Carbonized Gray Metallic","Black","Four-wheel Drive",,,"Gasoline",,,"dealership","[PREMIUM]","Osseo","WI","[PREMIUM]",,"[]",,,"[PREMIUM]"
"d5027333-ef52-40b9-9995-a603f8064996","2026-04-29 23:49:53.725","2026-04-29 23:49:53.725","d5027333-ef52-40b9-9995-a603f8064996","[PREMIUM]","New",2026,"Chevrolet","Colorado","ZR2","[PREMIUM]","[PREMIUM]",3,"Truck","White Sands","Jet Black/Artemis","Four-wheel Drive",,,"Gasoline",,,"dealership","[PREMIUM]","Marion","OH","[PREMIUM]",,"[]",,,"[PREMIUM]"
"85d7e4b6-59c2-4dba-9072-e4548187d0b0","2026-04-29 23:49:53.681","2026-04-29 23:49:53.681","85d7e4b6-59c2-4dba-9072-e4548187d0b0","[PREMIUM]","New",2026,"Chevrolet","Silverado 1500","LT","[PREMIUM]","[PREMIUM]",124,"Truck","Cypress Gray","Jet Black","Four-wheel Drive",,,"Gasoline",,,"dealership","[PREMIUM]","Standish","MI","[PREMIUM]",,"[]",,,"[PREMIUM]"
"48374097-c018-4243-8a86-392c01164fd9","2026-04-29 23:49:43.849","2026-04-29 23:49:43.849","48374097-c018-4243-8a86-392c01164fd9","[PREMIUM]","New",2026,"Ford","Transit-350","Base","[PREMIUM]","[PREMIUM]",2,"Cargo Van","Oxford White","Vk","Rear-wheel Drive",,,"Gasoline",,,"dealership","[PREMIUM]","PATASKALA","OH","[PREMIUM]",,"[]",,,"[PREMIUM]"
"95257482-c8aa-4666-911d-bf5ecb2cfb6b","2026-04-29 23:49:43.798","2026-04-29 23:49:43.798","95257482-c8aa-4666-911d-bf5ecb2cfb6b","[PREMIUM]","New",2026,"Ford","F-150","XLT","[PREMIUM]","[PREMIUM]",2,"Truck","Oxford White","Us","Four-wheel Drive",,,"Gasoline",,,"dealership","[PREMIUM]","PATASKALA","OH","[PREMIUM]",,"[]",,,"[PREMIUM]"
"03dbd081-b3b6-4755-b4d5-3b0735077675","2026-04-29 23:49:43.495","2026-04-29 23:49:43.495","03dbd081-b3b6-4755-b4d5-3b0735077675","[PREMIUM]","New",2026,"Ford","F-150","XLT","[PREMIUM]","[PREMIUM]",2,"Truck","Oxford White","Us","Four-wheel Drive",,,"Gasoline",,,"dealership","[PREMIUM]","PATASKALA","OH","[PREMIUM]",,"[]",,,"[PREMIUM]"
"4ab20084-9468-4df8-a795-945f181240ee","2026-04-29 23:49:43.483","2026-04-29 23:49:43.483","4ab20084-9468-4df8-a795-945f181240ee","[PREMIUM]","New",2026,"Ford","F-150","XLT","[PREMIUM]","[PREMIUM]",2,"Truck","Oxford White","Us","Four-wheel Drive",,,"Gasoline",,,"dealership","[PREMIUM]","PATASKALA","OH","[PREMIUM]",,"[]",,,"[PREMIUM]"
"9296625b-86dd-43d0-a223-7cfe2fc43f5b","2026-04-29 23:49:43.429","2026-04-29 23:49:43.429","9296625b-86dd-43d0-a223-7cfe2fc43f5b","[PREMIUM]","New",2026,"Lexus","RX 350","Premium","[PREMIUM]","[PREMIUM]",0,"SUV","Eminent White Pearl","Palomino NuLuxe and Ash Bamboo trim","All-wheel Drive",,,"Gasoline",,,"dealership","[PREMIUM]","East Hartford","CT","[PREMIUM]",,"[]",,,"[PREMIUM]"
"d15686fe-f735-43c4-be2b-f8f44e4a0d0d","2026-04-29 23:49:33.675","2026-04-29 23:49:33.675","d15686fe-f735-43c4-be2b-f8f44e4a0d0d","[PREMIUM]","New",2026,"Toyota","Tacoma","Limited","[PREMIUM]","[PREMIUM]",0,"Truck","Heritage Blue","Boulder","Four-wheel Drive",,,"Gasoline",,,"dealership","[PREMIUM]","Merriam","KS","[PREMIUM]",,"[]",,,"[PREMIUM]"
"97a56af6-4b26-4974-ab11-769e1c3f9f78","2026-04-29 23:49:33.636","2026-04-29 23:49:33.636","97a56af6-4b26-4974-ab11-769e1c3f9f78","[PREMIUM]","New",2027,"Kia","Telluride Hybrid","X-Line SX","[PREMIUM]","[PREMIUM]",2,"SUV","Panthera Metal","Black","All-wheel Drive",,,"Hybrid",,,"dealership","[PREMIUM]","Windsor","CO","[PREMIUM]",,"[]",,,"[PREMIUM]"
"1c3dec24-2420-415f-a92c-c87e40f4e859","2026-04-29 23:49:33.334","2026-04-29 23:49:33.334","1c3dec24-2420-415f-a92c-c87e40f4e859","[PREMIUM]","New",2026,"Honda","Pilot","Elite","[PREMIUM]","[PREMIUM]",0,"SUV","Crystal Black Pearl","Black","All-wheel Drive",,,"Gasoline",,,"dealership","[PREMIUM]","Tacoma","WA","[PREMIUM]",,"[]",,,"[PREMIUM]"
"698787e0-5528-4e1b-bbab-79433778e735","2026-04-29 23:49:33.333","2026-04-29 23:49:33.333","698787e0-5528-4e1b-bbab-79433778e735","[PREMIUM]","New",2026,"Ford","Transit-350","Base","[PREMIUM]","[PREMIUM]",19,"Cargo Van","Oxford White","Dk Plz Gr Vny","Rear-wheel Drive",,,"Gasoline",,,"dealership","[PREMIUM]","Melbourne","FL","[PREMIUM]",,"[]",,,"[PREMIUM]"
"effa0253-9246-4cff-8b23-39400cabb33f","2026-04-29 23:49:33.310","2026-04-29 23:49:33.310","effa0253-9246-4cff-8b23-39400cabb33f","[PREMIUM]","New",2026,"Lexus","NX 350h","Luxury","[PREMIUM]","[PREMIUM]",0,"SUV","Ultra White","Macadamia","All-wheel Drive",,,"Gasoline",,,"dealership","[PREMIUM]","Merriam","KS","[PREMIUM]",,"[]",,,"[PREMIUM]"
"f69d101c-c1c4-4dc6-b556-292c07dfef60","2026-04-29 23:49:33.303","2026-04-29 23:49:33.303","f69d101c-c1c4-4dc6-b556-292c07dfef60","[PREMIUM]","New",2027,"Kia","Telluride","SX","[PREMIUM]","[PREMIUM]",,"SUV","Ebony","Black","AWD",,,"Gasoline",,,"dealership","[PREMIUM]","Glen Burnie","MD","[PREMIUM]",,"[]",,,"[PREMIUM]"
"eef3d1af-77cc-4978-a467-ea8dfe829227","2026-04-29 23:49:33.288","2026-04-29 23:49:33.288","eef3d1af-77cc-4978-a467-ea8dfe829227","[PREMIUM]","New",2027,"Kia","Telluride","SX","[PREMIUM]","[PREMIUM]",1,"SUV","Terrain","Black","All-wheel Drive",,,"Gasoline",,,"dealership","[PREMIUM]","Chattanooga","TN","[PREMIUM]",,"[]",,,"[PREMIUM]"
"c2ad8638-3aab-4b8c-afc8-1c1c1e308209","2026-04-29 23:49:33.275","2026-04-29 23:49:33.275","c2ad8638-3aab-4b8c-afc8-1c1c1e308209","[PREMIUM]","New",2026,"GMC","Acadia","Elevation AWD","[PREMIUM]","[PREMIUM]",0,"SUV","Sterling Metallic","After Dark","All-wheel Drive",,,"Gasoline",,,"dealership","[PREMIUM]","Charlotte","MI","[PREMIUM]",,"[]",,,"[PREMIUM]"
"52278358-3ce0-47c2-b63f-e3e2e15f3967","2026-04-29 23:49:33.274","2026-04-29 23:49:33.274","52278358-3ce0-47c2-b63f-e3e2e15f3967","[PREMIUM]","New",2027,"Kia","Telluride","SX","[PREMIUM]","[PREMIUM]",0,"Wagon","Glacial White Pearl","Black","All-wheel Drive",,,"Gasoline",,,"dealership","[PREMIUM]","Johnstown","PA","[PREMIUM]",,"[]",,,"[PREMIUM]"
"6c169be8-66a6-40c3-8ca4-f8b5f6b4c342","2026-04-29 23:49:33.271","2026-04-29 23:49:33.271","6c169be8-66a6-40c3-8ca4-f8b5f6b4c342","[PREMIUM]","New",2027,"Kia","Telluride","SX-Prestige","[PREMIUM]","[PREMIUM]",1,"SUV","Metal","Black","All-wheel Drive",,,"Gasoline",,,"dealership","[PREMIUM]","Chattanooga","TN","[PREMIUM]",,"[]",,,"[PREMIUM]"
"7190f959-0d2c-4eea-85a2-e9513e6b7a48","2026-04-29 23:49:33.254","2026-04-29 23:49:33.254","7190f959-0d2c-4eea-85a2-e9513e6b7a48","[PREMIUM]","New",2026,"Lexus","RX 350","Premium","[PREMIUM]","[PREMIUM]",0,"SUV","Nightfall Mica","Black","All-wheel Drive",,,"Gasoline",,,"dealership","[PREMIUM]","Merriam","KS","[PREMIUM]",,"[]",,,"[PREMIUM]"
"2cbb4ad8-5bdf-453c-a433-f64eb730bfcf","2026-04-29 23:49:22.904","2026-04-29 23:49:22.904","2cbb4ad8-5bdf-453c-a433-f64eb730bfcf","[PREMIUM]","New",2027,"Kia","Telluride","SX","[PREMIUM]","[PREMIUM]",5,"SUV","Ebony Black","Navy","FWD",,,"Gasoline",,,"dealership","[PREMIUM]","Tucson","AZ","[PREMIUM]",,"[]",,,"[PREMIUM]"
"4d555b0f-32f3-42cd-a9f0-abe175e41844","2026-04-29 23:49:13.116","2026-04-29 23:49:13.116","4d555b0f-32f3-42cd-a9f0-abe175e41844","[PREMIUM]","New",2027,"Kia","Telluride","X-Pro SX-Prestige","[PREMIUM]","[PREMIUM]",0,"SUV","Panthera Metal","Black","All-wheel Drive",,,"Gasoline",,,"dealership","[PREMIUM]","Puyallup","WA","[PREMIUM]",,"[]",,,"[PREMIUM]"
"60ba58e5-37cf-4490-9b1c-3bb56ea4806d","2026-04-29 23:49:12.809","2026-04-29 23:49:12.809","60ba58e5-37cf-4490-9b1c-3bb56ea4806d","[PREMIUM]","New",2027,"Kia","Telluride Hybrid","X-Line SX-Prestige","[PREMIUM]","[PREMIUM]",2,"SUV","Wolf Gray","Black","All-wheel Drive",,,"Hybrid",,,"dealership","[PREMIUM]","Longmont","CO","[PREMIUM]",,"[]",,,"[PREMIUM]"
"c300f4f0-1c25-4205-a3e3-a76ab48000be","2026-04-29 23:49:12.783","2026-04-29 23:49:12.783","c300f4f0-1c25-4205-a3e3-a76ab48000be","[PREMIUM]","New",2027,"Kia","Telluride Hybrid","SX Prestige","[PREMIUM]","[PREMIUM]",0,"SUV","Midnight","Black","All-wheel Drive",,,"Hybrid",,,"dealership","[PREMIUM]","Denver","CO","[PREMIUM]",,"[]",,,"[PREMIUM]"
"7c67ed02-bb8d-4e73-ab1a-60a63d5df826","2026-04-29 23:49:12.776","2026-04-29 23:49:12.776","7c67ed02-bb8d-4e73-ab1a-60a63d5df826","[PREMIUM]","New",2027,"Kia","Telluride","SX","[PREMIUM]","[PREMIUM]",5,"SUV","Black Jade","Black","All-wheel Drive",,,"Gasoline",,,"dealership","[PREMIUM]","Tucson","AZ","[PREMIUM]",,"[]",,,"[PREMIUM]"
"eba233ec-8c69-40c5-bb91-2b2afcd7e35c","2026-04-29 23:49:12.776","2026-04-29 23:49:12.776","eba233ec-8c69-40c5-bb91-2b2afcd7e35c","[PREMIUM]","New",2027,"Kia","Telluride Hybrid","X-Line SX","[PREMIUM]","[PREMIUM]",0,"SUV","Black / Jade","Millstone-Saddle Brown","All-wheel Drive",,,"Hybrid",,,"dealership","[PREMIUM]","Bristol","CT","[PREMIUM]",,"[]",,,"[PREMIUM]"
"4a04ce4d-04f3-4441-a915-3b1d26eb9893","2026-04-29 23:49:02.484","2026-04-29 23:49:02.484","4a04ce4d-04f3-4441-a915-3b1d26eb9893","[PREMIUM]","New",2027,"Kia","Telluride","SX","[PREMIUM]","[PREMIUM]",5,"SUV","Black Jade","Black","AWD",,,"Gasoline",,,"dealership","[PREMIUM]","Tucson","AZ","[PREMIUM]",,"[]",,,"[PREMIUM]"
"58384211-c1d2-4410-ab06-151ff7786b38","2026-04-29 23:48:22.354","2026-04-29 23:48:22.354","58384211-c1d2-4410-ab06-151ff7786b38","[PREMIUM]","Used",2022,"RAM","3500","Laramie Mega Cab 4x4 6&#39;4&#39; Box","[PREMIUM]","[PREMIUM]",40513,"Truck","Diamond Black Crystal Pearlcoat","Black","Four-wheel Drive",,,"Diesel",,,"dealership","[PREMIUM]","Selinsgrove","PA","[PREMIUM]",,"[]",,,"[PREMIUM]"
"bc10cca3-fe58-4efe-8177-5868b8f658f4","2026-04-29 23:47:12.211","2026-04-29 23:47:12.211","bc10cca3-fe58-4efe-8177-5868b8f658f4","[PREMIUM]","New",2026,"Dodge","Charger","R/T Scat Pack","[PREMIUM]","[PREMIUM]",2,"Sedan","Redeye","Black","All-wheel Drive",,,"Gasoline",,,"dealership","[PREMIUM]","Antioch","IL","[PREMIUM]",,"[]",,,"[PREMIUM]"
"150328b6-879f-471c-bf63-97fd1a279cb3","2026-04-29 23:46:42.063","2026-04-29 23:46:42.063","150328b6-879f-471c-bf63-97fd1a279cb3","[PREMIUM]","Used",2018,"Ford","F-250","Lariat","[PREMIUM]","[PREMIUM]",71128,"Truck","Blue Jeans Metallic","Camel","Four-wheel Drive",,,"Diesel",,,"dealership","[PREMIUM]","Tempe","AZ","[PREMIUM]",,"[]",,,"[PREMIUM]"
"0284edd6-4cae-420b-8d87-eff490e50e76","2026-04-29 23:46:42.055","2026-04-29 23:46:42.055","0284edd6-4cae-420b-8d87-eff490e50e76","[PREMIUM]","Used",2017,"Chevrolet","Corvette","Grand Sport","[PREMIUM]","[PREMIUM]",37550,"Coupe","Burgundy","BLACK","Rear-wheel Drive",,,"Gasoline",,,"dealership","[PREMIUM]","Danvers","MA","[PREMIUM]",,"[]",,,"[PREMIUM]"
"71527414-55b1-4839-b52b-026fd02942fc","2026-04-29 23:46:32.401","2026-04-29 23:46:32.401","71527414-55b1-4839-b52b-026fd02942fc","[PREMIUM]","Used",2018,"Chevrolet","Silverado 3500","LTZ","[PREMIUM]","[PREMIUM]",47381,"Truck","Black",,"Four-wheel Drive",,,"Diesel",,,"dealership","[PREMIUM]","Muskogee","OK","[PREMIUM]",,"[]",,,"[PREMIUM]"
"a48f0897-d07e-4a85-acfb-fe12f8161630","2026-04-29 23:46:22.232","2026-04-29 23:46:22.232","a48f0897-d07e-4a85-acfb-fe12f8161630","[PREMIUM]","Used",2019,"Chevrolet","Camaro","ZL1","[PREMIUM]","[PREMIUM]",86659,"Coupe","Summit White","Jet Black w/Red Accents","Rear-wheel Drive",,,"Gasoline",,,"dealership","[PREMIUM]","Sandy Springs","GA","[PREMIUM]",,"[]",,,"[PREMIUM]"
"96fab6a7-2380-4924-ac0b-bfb1b39fcb7f","2026-04-29 23:46:21.893","2026-05-02 23:46:27.039","96fab6a7-2380-4924-ac0b-bfb1b39fcb7f","[PREMIUM]","Used",2019,"Chevrolet","Corvette","Stingray","[PREMIUM]","[PREMIUM]",20822,"Coupe","Gray","Jet Black","Rear-wheel Drive",,,"Gasoline",,,"dealership","[PREMIUM]","Burlington","NC","[PREMIUM]",,"[]",,,"[PREMIUM]"
"63690752-7ff6-469f-b9ba-ae978ec3f3fe","2026-04-29 23:46:21.892","2026-05-02 23:46:27.041","63690752-7ff6-469f-b9ba-ae978ec3f3fe","[PREMIUM]","Used",2019,"Land Rover","Range Rover Sport","Supercharged Dynamic","[PREMIUM]","[PREMIUM]",11800,"SUV","Green","BROWN","Four-wheel Drive",,,"Gasoline",,,"dealership","[PREMIUM]","Orlando","FL","[PREMIUM]",,"[]",,,"[PREMIUM]"
"1c2e41a4-005d-411f-900c-86b7758dbe37","2026-04-29 23:46:11.668","2026-05-05 23:46:37.871","1c2e41a4-005d-411f-900c-86b7758dbe37","[PREMIUM]","Used",2020,"RAM","2500","Laramie 4x4 Mega Cab 6&#39;4&#39;&#39; Box","[PREMIUM]","[PREMIUM]",91263,"Truck","Black","Black","Four-wheel Drive",,,"Diesel",,,"dealership","[PREMIUM]","Columbia","SC","[PREMIUM]",,"[]",,,"[PREMIUM]"
"45b5aeae-956d-48ba-b6f0-36d14f93fd21","2026-04-29 23:46:01.649","2026-04-29 23:46:01.649","45b5aeae-956d-48ba-b6f0-36d14f93fd21","[PREMIUM]","Used",2021,"Porsche","Macan","Macan GTS","[PREMIUM]","[PREMIUM]",38503,"SUV",,,"All-wheel Drive",,,"Gasoline",,,"dealership","[PREMIUM]","Loveland","CO","[PREMIUM]",,"[]",,,"[PREMIUM]"
"b98ef75a-596d-45e2-bbd0-abdf7967ff50","2026-04-29 23:45:51.501","2026-04-29 23:45:51.501","b98ef75a-596d-45e2-bbd0-abdf7967ff50","[PREMIUM]","Used",2021,"Lexus","GX 460","Premium","[PREMIUM]","[PREMIUM]",33761,"SUV","Atomic Silver","Sepia","Four-wheel Drive",,,"Gasoline",,,"dealership","[PREMIUM]","Dallas","TX","[PREMIUM]",,"[]",,,"[PREMIUM]"
"abd26127-14a7-4faf-805d-45b983456052","2026-04-29 23:45:51.496","2026-04-29 23:45:51.496","abd26127-14a7-4faf-805d-45b983456052","[PREMIUM]","Used",2021,"Toyota","Tundra","Limited","[PREMIUM]","[PREMIUM]",26219,"Truck","Army Green","Black","Four-wheel Drive",,,"Gasoline",,,"dealership","[PREMIUM]","Boise","ID","[PREMIUM]",,"[]",,,"[PREMIUM]"
"e968b873-7356-4b2b-8147-c04f9f931ae7","2026-04-29 23:45:41.570","2026-04-29 23:45:41.570","e968b873-7356-4b2b-8147-c04f9f931ae7","[PREMIUM]","Used",2021,"Audi","RS 5","2.9T","[PREMIUM]","[PREMIUM]",59464,"Hatchback","Gray",,"All-wheel Drive",,,"Gasoline",,,"dealership","[PREMIUM]","South Jordan","UT","[PREMIUM]",,"[]",,,"[PREMIUM]"
"cdc8563b-7b83-4e1d-8e68-764de75bab61","2026-04-29 23:45:41.472","2026-04-29 23:45:41.472","cdc8563b-7b83-4e1d-8e68-764de75bab61","[PREMIUM]","Used",2022,"Chevrolet","Tahoe","4WD Z71","[PREMIUM]","[PREMIUM]",64869,"SUV","Black","Jet Black","Four-wheel Drive",,,"Gasoline",,,"dealership","[PREMIUM]","Hattiesburg","MS","[PREMIUM]",,"[]",,,"[PREMIUM]"
"688cf020-59b6-4866-bd7d-312e059df355","2026-04-29 23:45:41.452","2026-05-02 23:45:46.712","688cf020-59b6-4866-bd7d-312e059df355","[PREMIUM]","Used",2021,"Ford","F-250","Lariat","[PREMIUM]","[PREMIUM]",51984,"Truck","Agate Black Metallic","Black","Four-wheel Drive",,,"Gasoline",,,"dealership","[PREMIUM]","Green Bay","WI","[PREMIUM]",,"[]",,,"[PREMIUM]"
"0ee61e55-ab82-44b7-b947-a32b18d4e259","2026-04-29 23:45:41.396","2026-04-29 23:45:41.396","0ee61e55-ab82-44b7-b947-a32b18d4e259","[PREMIUM]","Used",2021,"Tesla","Model S","Plaid","[PREMIUM]","[PREMIUM]",65714,"Hatchback","Midnight Silver Metallic","Cream","All-wheel Drive",,,"Electric",,,"dealership","[PREMIUM]","Dayton","OH","[PREMIUM]",,"[]",,,"[PREMIUM]"
"0da1110a-8748-4c50-bcf4-cbd657392284","2026-04-29 23:45:41.390","2026-04-29 23:45:41.390","0da1110a-8748-4c50-bcf4-cbd657392284","[PREMIUM]","Used",2021,"Chevrolet","Silverado 1500","RST","[PREMIUM]","[PREMIUM]",71894,"Truck","Cherry Red Tintcoat","Jet Black","Four-wheel Drive",,,"Gasoline",,,"dealership","[PREMIUM]","Brodheadsville","PA","[PREMIUM]",,"[]",,,"[PREMIUM]"
"818629b9-65d8-4890-9ac5-e239a76a7db1","2026-04-29 23:45:41.382","2026-04-29 23:45:41.382","818629b9-65d8-4890-9ac5-e239a76a7db1","[PREMIUM]","Used",2021,"Mercedes-Benz","AMG GLE 53","4MATIC+ Coupe","[PREMIUM]","[PREMIUM]",47884,"SUV","Black","Black","All-wheel Drive",,,"Gasoline",,,"dealership","[PREMIUM]","Springfield","NJ","[PREMIUM]",,"[]",,,"[PREMIUM]"
"7d7c8084-5aa9-4d25-802f-1d6e5175b754","2026-04-29 23:45:41.376","2026-04-29 23:45:41.376","7d7c8084-5aa9-4d25-802f-1d6e5175b754","[PREMIUM]","Used",2021,"Ford","Mustang","Mach 1 Fastback","[PREMIUM]","[PREMIUM]",21103,"Coupe","Oxford White","Ebony","Rear-wheel Drive",,,"Gasoline",,,"dealership","[PREMIUM]","South Jordan","UT","[PREMIUM]",,"[]",,,"[PREMIUM]"
"2c26ac1c-93e8-4aff-bfe3-f08d07d18eec","2026-04-29 23:45:41.372","2026-04-29 23:45:41.372","2c26ac1c-93e8-4aff-bfe3-f08d07d18eec","[PREMIUM]","Used",2022,"Chevrolet","Tahoe","Z71","[PREMIUM]","[PREMIUM]",50619,"SUV","Black","BLACK","Four-wheel Drive",,,"Gasoline",,,"dealership","[PREMIUM]","Lexington","KY","[PREMIUM]",,"[]",,,"[PREMIUM]"
"2fa4e371-3ace-43b8-a56d-35115d03d73f","2026-04-29 23:45:41.343","2026-05-02 23:45:56.615","2fa4e371-3ace-43b8-a56d-35115d03d73f","[PREMIUM]","Used",2022,"Lexus","RX 450h","Base","[PREMIUM]","[PREMIUM]",45270,"SUV","Green","Black","All-wheel Drive",,,"Gasoline",,,"dealership","[PREMIUM]","Houston","TX","[PREMIUM]",,"[]",,,"[PREMIUM]"
"73f533f2-ccc9-4980-9c5f-00c93ff9c541","2026-04-29 23:45:31.375","2026-04-29 23:45:31.375","73f533f2-ccc9-4980-9c5f-00c93ff9c541","[PREMIUM]","Used",2022,"GMC","Yukon XL","Denali","[PREMIUM]","[PREMIUM]",78981,"SUV","White Frost Tricoat","Teak/Light Shale","Four-wheel Drive",,,"Gasoline",,,"dealership","[PREMIUM]","Jonesboro","AR","[PREMIUM]",,"[]",,,"[PREMIUM]"
"1daea16c-66f9-4a1a-b540-19171bf8b244","2026-04-29 23:45:31.100","2026-04-29 23:45:31.100","1daea16c-66f9-4a1a-b540-19171bf8b244","[PREMIUM]","Used",2022,"GMC","Sierra 1500","Denali Ultimate","[PREMIUM]","[PREMIUM]",57870,"Truck","Onyx Black","Alpine Umber","Four-wheel Drive",,,"Diesel",,,"dealership","[PREMIUM]","Green Bay","WI","[PREMIUM]",,"[]",,,"[PREMIUM]"
"59d17f45-5af9-4113-bdda-f5f9c9da878c","2026-04-29 23:45:31.065","2026-04-29 23:45:31.065","59d17f45-5af9-4113-bdda-f5f9c9da878c","[PREMIUM]","Used",2022,"Ford","F-150","Raptor","[PREMIUM]","[PREMIUM]",117763,"Truck","RAPID RED MET TINTED CC","BLACK LEATHER BUCKET SEATS","Four-wheel Drive",,,"Gasoline",,,"dealership","[PREMIUM]","Vienna","VA","[PREMIUM]",,"[]",,,"[PREMIUM]"
"278b28fb-bbe8-4f88-8704-3fbdfc059ddd","2026-04-29 23:45:31.051","2026-04-29 23:45:31.051","278b28fb-bbe8-4f88-8704-3fbdfc059ddd","[PREMIUM]","Used",2022,"Toyota","Supra","3.0 Premium","[PREMIUM]","[PREMIUM]",45078,"Coupe","Renaissance Red 2.0","Black","Rear-wheel Drive",,,"Gasoline",,,"dealership","[PREMIUM]","Wesley Chapel","FL","[PREMIUM]",,"[]",,,"[PREMIUM]"
"88e4c06b-2646-41f6-92b5-e44ef94017b1","2026-04-29 23:45:31.043","2026-04-29 23:45:31.043","88e4c06b-2646-41f6-92b5-e44ef94017b1","[PREMIUM]","Used",2022,"Chevrolet","Tahoe","LT","[PREMIUM]","[PREMIUM]",45058,"SUV","Empire Beige Metallic","Jet Black","Four-wheel Drive",,,"Gasoline",,,"dealership","[PREMIUM]","Scottsburg","IN","[PREMIUM]",,"[]",,,"[PREMIUM]"
"9802f2fb-a98e-41d0-97b0-98a02ab7d8d2","2026-04-29 23:45:31.043","2026-04-29 23:45:31.043","9802f2fb-a98e-41d0-97b0-98a02ab7d8d2","[PREMIUM]","Used",2023,"Lexus","RX 350","Premium","[PREMIUM]","[PREMIUM]",18427,"SUV","Eminent White Pearl","Birch w/Black Open Pore","All-wheel Drive",,,"Gasoline",,,"dealership","[PREMIUM]","Rockville","MD","[PREMIUM]",,"[]",,,"[PREMIUM]"
"db47cfde-c4aa-4647-8291-c7b4856d4e54","2026-04-29 23:45:31.033","2026-04-29 23:45:31.033","db47cfde-c4aa-4647-8291-c7b4856d4e54","[PREMIUM]","Used",2022,"GMC","Yukon","AT4","[PREMIUM]","[PREMIUM]",80673,"SUV","Onyx Black","Jet Black/Brandy","Four-wheel Drive",,,"Gasoline",,,"dealership","[PREMIUM]","Fort Wayne","IN","[PREMIUM]",,"[]",,,"[PREMIUM]"
"ad3b1059-5944-4c04-81f1-f6b3e7cccff2","2026-04-29 23:45:31.002","2026-04-29 23:45:31.002","ad3b1059-5944-4c04-81f1-f6b3e7cccff2","[PREMIUM]","Used",2022,"Lincoln","Navigator L","Reserve 4x4","[PREMIUM]","[PREMIUM]",38701,,,,"Four-wheel Drive",,,"Gasoline",,,"dealership","[PREMIUM]","Ocoee","FL","[PREMIUM]",,"[]",,,"[PREMIUM]"
"c8735617-94e7-4b85-a1e4-e02bc8c9c5d5","2026-04-29 23:45:00.575","2026-04-29 23:45:00.575","c8735617-94e7-4b85-a1e4-e02bc8c9c5d5","[PREMIUM]","Used",2023,"Ford","F-150","Lariat","[PREMIUM]","[PREMIUM]",19162,"Truck","Rapid Red Metallic Tinted Clearcoat","Black","Four-wheel Drive",,,"Hybrid",,,"dealership","[PREMIUM]","Tampa","FL","[PREMIUM]",,"[]",,,"[PREMIUM]"
"0cae2b0e-8bdd-45eb-b676-4d7968caafb6","2026-04-29 23:44:10.503","2026-04-29 23:44:10.503","0cae2b0e-8bdd-45eb-b676-4d7968caafb6","[PREMIUM]","Used",2023,"Ford","F-150","XL","[PREMIUM]","[PREMIUM]",19256,"Truck","Avalanche","Black","Rear-wheel Drive",,,"Gasoline",,,"dealership","[PREMIUM]","Huntsville","AL","[PREMIUM]",,"[]",,,"[PREMIUM]"
"7c79d5a9-583b-458d-95a8-c09ca7489408","2026-04-29 23:44:10.429","2026-04-29 23:44:10.429","7c79d5a9-583b-458d-95a8-c09ca7489408","[PREMIUM]","Used",2023,"Jeep","Grand Wagoneer","Obsidian 4x4","[PREMIUM]","[PREMIUM]",46298,"SUV","Diamond Black Crystal Pearlcoat","Global Black","Four-wheel Drive",,,"Gasoline",,,"dealership","[PREMIUM]","Orlando","FL","[PREMIUM]",,"[]",,,"[PREMIUM]"
"1bbe8301-ca1b-433d-af97-aff63da792b9","2026-04-29 23:44:10.409","2026-04-29 23:44:10.409","1bbe8301-ca1b-433d-af97-aff63da792b9","[PREMIUM]","Used",2023,"Chevrolet","Silverado 1500","LT Trail Boss","[PREMIUM]","[PREMIUM]",22838,"Truck","Sterling Gray Metallic","Jet Black","Four-wheel Drive",,,"Gasoline",,,"dealership","[PREMIUM]","Garden Grove","CA","[PREMIUM]",,"[]",,,"[PREMIUM]"
"1ddb8e53-20c9-449f-aed3-2671d0fd64d4","2026-04-29 23:44:10.397","2026-04-29 23:44:10.397","1ddb8e53-20c9-449f-aed3-2671d0fd64d4","[PREMIUM]","Used",2023,"Toyota","Tundra","Platinum CrewMax 5.5&#39; Bed (Natl)","[PREMIUM]","[PREMIUM]",17220,,"Magnetic Gray Metallic",,"Four-wheel Drive",,,"Gasoline",,,"dealership","[PREMIUM]","Ocoee","FL","[PREMIUM]",,"[]",,,"[PREMIUM]"
"8d9369b4-36be-4f57-9816-9ccf2a39f7fb","2026-04-29 23:43:30.126","2026-04-29 23:43:30.126","8d9369b4-36be-4f57-9816-9ccf2a39f7fb","[PREMIUM]","Used",2024,"Chevrolet","Silverado 1500","High Country","[PREMIUM]","[PREMIUM]",34936,"Truck","Black","Jet Black","Four-wheel Drive",,,"Gasoline",,,"dealership","[PREMIUM]","Paris","KY","[PREMIUM]",,"[]",,,"[PREMIUM]"
"1f52d2bc-49b5-4330-9f7b-aad4d14eb815","2026-04-29 23:43:30.072","2026-04-29 23:43:30.072","1f52d2bc-49b5-4330-9f7b-aad4d14eb815","[PREMIUM]","New",2026,"Ford","F-150","XLT","[PREMIUM]","[PREMIUM]",5,"Truck","Carbonized Gray Metallic","Black","Four-wheel Drive",,,"Gasoline",,,"dealership","[PREMIUM]","Tampa","FL","[PREMIUM]",,"[]",,,"[PREMIUM]"
"4c81d004-8cb7-49b3-8253-cbf65a75e482","2026-04-29 23:43:19.961","2026-04-29 23:43:19.961","4c81d004-8cb7-49b3-8253-cbf65a75e482","[PREMIUM]","Used",2024,"Chevrolet","Tahoe","LT","[PREMIUM]","[PREMIUM]",44020,"SUV",,,"Rear-wheel Drive",,,"Gasoline",,,"dealership","[PREMIUM]","Temple","TX","[PREMIUM]",,"[]",,,"[PREMIUM]"
"6cd6da34-3ec3-4804-a9eb-f776ed75d8cf","2026-04-29 23:43:19.900","2026-05-05 23:43:47.450","6cd6da34-3ec3-4804-a9eb-f776ed75d8cf","[PREMIUM]","Used",2024,"Ford","F-150","Tremor","[PREMIUM]","[PREMIUM]",43247,"Truck","OXFORD WHITE","Black","Four-wheel Drive",,,"Gasoline",,,"dealership","[PREMIUM]","Grand Island","NY","[PREMIUM]",,"[]",,,"[PREMIUM]"
"46cdcceb-decc-44fe-9a25-f4e8786574e0","2026-04-29 23:42:59.537","2026-05-05 23:43:17.717","46cdcceb-decc-44fe-9a25-f4e8786574e0","[PREMIUM]","Used",2024,"Ford","Mustang","GT Premium","[PREMIUM]","[PREMIUM]",5477,"Coupe","GRABBER BLUE METALLIC","BLACK ONYX LTHR-TRIM RECARO","Rear-wheel Drive",,,"Gasoline",,,"dealership","[PREMIUM]","Greensboro","NC","[PREMIUM]",,"[]",,,"[PREMIUM]"
"d28341e9-5fc5-4bd9-b86f-21d21551d68d","2026-04-29 23:42:09.221","2026-04-29 23:42:09.221","d28341e9-5fc5-4bd9-b86f-21d21551d68d","[PREMIUM]","Used",2024,"Toyota","Tundra","Limited","[PREMIUM]","[PREMIUM]",12980,"Truck","Blueprint","Boulder","Four-wheel Drive",,,"Gasoline",,,"dealership","[PREMIUM]","West Allis","WI","[PREMIUM]",,"[]",,,"[PREMIUM]"
"ce6280a0-f07e-4e9e-b407-6289612072a0","2026-04-29 23:42:09.216","2026-04-29 23:42:09.216","ce6280a0-f07e-4e9e-b407-6289612072a0","[PREMIUM]","New",2024,"Jeep","Grand Cherokee","Limited","[PREMIUM]","[PREMIUM]",8004,"SUV","Rocky Mountain Pearlcoat","Wicker Beige/Global Black","Four-wheel Drive",,,"Gasoline",,,"dealership","[PREMIUM]","Indian Trail","NC","[PREMIUM]",,"[]",,,"[PREMIUM]"
"db966e84-bee3-43f7-9d6e-41646f9929e6","2026-04-29 23:41:59.068","2026-05-02 23:42:16.027","db966e84-bee3-43f7-9d6e-41646f9929e6","[PREMIUM]","Used",2025,"Toyota","Sienna","Platinum","[PREMIUM]","[PREMIUM]",18050,"Passenger Van","Ruby Flare Pearl","Macadamia","All-wheel Drive",,,"Gasoline",,,"dealership","[PREMIUM]","Birmingham","AL","[PREMIUM]",,"[]",,,"[PREMIUM]"
"7226bf32-fe06-42cb-a976-7acec69999d0","2026-04-29 23:41:59.007","2026-04-29 23:41:59.007","7226bf32-fe06-42cb-a976-7acec69999d0","[PREMIUM]","Used",2025,"Ford","F-150 Lightning","Flash","[PREMIUM]","[PREMIUM]",14277,"Truck","Silver Metallic","Medium Dark Slate","All-wheel Drive",,,"Electric",,,"dealership","[PREMIUM]","Crossville","TN","[PREMIUM]",,"[]",,,"[PREMIUM]"
"3780bfd0-92e5-4cc5-82e7-aab579b32b73","2026-04-29 23:41:38.903","2026-04-29 23:41:38.903","3780bfd0-92e5-4cc5-82e7-aab579b32b73","[PREMIUM]","Used",2025,"Ford","Bronco","Badlands","[PREMIUM]","[PREMIUM]",7761,"SUV","Gray","Black Onyx","Four-wheel Drive",,,"Gasoline",,,"dealership","[PREMIUM]","Redding","CA","[PREMIUM]",,"[]",,,"[PREMIUM]"
"c9d6cb78-7a4d-4499-b192-414fadfd7b2d","2026-04-29 23:41:38.884","2026-04-29 23:41:38.884","c9d6cb78-7a4d-4499-b192-414fadfd7b2d","[PREMIUM]","Used",2025,"GMC","Sierra 2500","Pro","[PREMIUM]","[PREMIUM]",4317,"Truck","Summit White","Black","Four-wheel Drive",,,"Gasoline",,,"dealership","[PREMIUM]","San Antonio","TX","[PREMIUM]",,"[]",,,"[PREMIUM]"
"0660796a-3a8c-491e-aff1-893ba8c21df6","2026-04-29 23:41:18.792","2026-04-29 23:41:18.792","0660796a-3a8c-491e-aff1-893ba8c21df6","[PREMIUM]","Used",2025,"Chevrolet","Silverado 1500","LT","[PREMIUM]","[PREMIUM]",2035,"Truck","Red","Jet Black","Four-wheel Drive",,,"Gasoline",,,"dealership","[PREMIUM]","Noblesville","IN","[PREMIUM]",,"[]",,,"[PREMIUM]"
"0bfea708-e349-4b54-92a6-e7fc275f33c2","2026-04-29 23:41:18.776","2026-04-29 23:41:18.776","0bfea708-e349-4b54-92a6-e7fc275f33c2","[PREMIUM]","New",2025,"Mitsubishi","Outlander PHEV","SEL","[PREMIUM]","[PREMIUM]",0,"SUV","Black Diamond W/ Alloy Silver Roof","L/Gray","All-wheel Drive",,,"Gasoline",,,"dealership","[PREMIUM]","Buffalo","NY","[PREMIUM]",,"[]",,,"[PREMIUM]"
"6f818a26-edee-429e-a8b0-3f29baeaa7a7","2026-04-29 23:41:18.771","2026-05-05 23:41:37.471","6f818a26-edee-429e-a8b0-3f29baeaa7a7","[PREMIUM]","Used",2025,"BMW","X4","xDrive30i","[PREMIUM]","[PREMIUM]",11301,"SUV","Black Sapphire Metallic","Black","All-wheel Drive",,,"Gasoline",,,"dealership","[PREMIUM]","Gilbert","AZ","[PREMIUM]",,"[]",,,"[PREMIUM]"
"a3586305-051a-4521-b029-8c6b8dac115c","2026-04-29 23:41:08.730","2026-04-29 23:41:08.730","a3586305-051a-4521-b029-8c6b8dac115c","[PREMIUM]","New",2025,"Ford","Mustang Mach-E","Premium","[PREMIUM]","[PREMIUM]",5,"SUV","Glacier Gray Metallic TriCoat","Black Onyx","Rear-wheel Drive",,,"Electric",,,"dealership","[PREMIUM]","Las Vegas","NV","[PREMIUM]",,"[]",,,"[PREMIUM]"
"8a6592f2-d374-4c1a-868b-446c67c502b2","2026-04-29 23:41:08.709","2026-05-02 23:41:16.023","8a6592f2-d374-4c1a-868b-446c67c502b2","[PREMIUM]","New",2025,"Mitsubishi","Outlander PHEV","SEL","[PREMIUM]","[PREMIUM]",2,"SUV","Red Diamond W/Black Roof","Black","All-wheel Drive",,,"Gasoline",,,"dealership","[PREMIUM]","Buffalo","NY","[PREMIUM]",,"[]",,,"[PREMIUM]"
"b974101e-2f2d-4d89-9018-93870e37163f","2026-04-29 23:41:08.679","2026-05-02 23:41:15.723","b974101e-2f2d-4d89-9018-93870e37163f","[PREMIUM]","New",2025,"Ford","E-Transit","T-350 Low Roof","[PREMIUM]","[PREMIUM]",69,"Cargo Van","OXFORD WHITE","DARK PALAZZO GRAY CLOTH","Rear-wheel Drive",,,"Electric",,,"dealership","[PREMIUM]","Las Vegas","NV","[PREMIUM]",,"[]",,,"[PREMIUM]"
"067067ba-8db1-40d4-b25c-c49b1922136d","2026-04-29 23:41:08.657","2026-04-29 23:41:08.657","067067ba-8db1-40d4-b25c-c49b1922136d","[PREMIUM]","Used",2025,"Toyota","Sienna","Limited","[PREMIUM]","[PREMIUM]",33376,"Passenger Van","Wind Chill Pearl","Black","All-wheel Drive",,,"Gasoline",,,"dealership","[PREMIUM]","Brooklyn","NY","[PREMIUM]",,"[]",,,"[PREMIUM]"
"6a368b92-51d9-4205-b365-75c1fc6c4c72","2026-04-29 23:41:08.633","2026-04-29 23:41:08.633","6a368b92-51d9-4205-b365-75c1fc6c4c72","[PREMIUM]","Used",2025,"Lincoln","Aviator","Reserve","[PREMIUM]","[PREMIUM]",32410,"SUV","Black","GRAY","2WD",,,"Gas",,,"dealership","[PREMIUM]","Columbia","SC","[PREMIUM]",,"[]",,,"[PREMIUM]"
"4a434d10-0745-45ce-89a9-f875b0a97367","2026-04-29 23:41:08.602","2026-04-29 23:41:08.602","4a434d10-0745-45ce-89a9-f875b0a97367","[PREMIUM]","Used",2025,"Ford","F-350","XL","[PREMIUM]","[PREMIUM]",3614,"Truck","Carbonized Gray Metallic","Medium Dark Slate","Four-wheel Drive",,,"Gasoline",,,"dealership","[PREMIUM]","Lomira","WI","[PREMIUM]",,"[]",,,"[PREMIUM]"
"c18d7e09-78a2-4898-9e7a-8eb148895024","2026-04-29 23:41:08.599","2026-04-29 23:41:08.599","c18d7e09-78a2-4898-9e7a-8eb148895024","[PREMIUM]","Used",2025,"Chevrolet","Tahoe","LS","[PREMIUM]","[PREMIUM]",6918,"SUV","Summit White","Jet Black","Rear-wheel Drive",,,"Gasoline",,,"dealership","[PREMIUM]","Miami","FL","[PREMIUM]",,"[]",,,"[PREMIUM]"
"0e41a75a-0570-4e28-bcb1-a365d40844be","2026-04-29 23:41:08.596","2026-05-08 23:41:42.280","0e41a75a-0570-4e28-bcb1-a365d40844be","[PREMIUM]","Used",2025,"Ford","Bronco","Badlands","[PREMIUM]","[PREMIUM]",16374,"SUV","Shadow Black","Black Onyx","Four-wheel Drive",,,"Gasoline",,,"dealership","[PREMIUM]","Sterling","IL","[PREMIUM]",,"[]",,,"[PREMIUM]"
"428dd1e8-9397-4048-9c13-3687cb4fa825","2026-04-29 23:41:08.592","2026-04-29 23:41:08.592","428dd1e8-9397-4048-9c13-3687cb4fa825","[PREMIUM]","New",2025,"Mitsubishi","Outlander PHEV","SEL","[PREMIUM]","[PREMIUM]",2,"SUV","White Diamond","L/Gray","All-wheel Drive",,,"Gasoline",,,"dealership","[PREMIUM]","Buffalo","NY","[PREMIUM]",,"[]",,,"[PREMIUM]"
"93d46ea4-0d3e-4b8f-bad1-83f05bd4852a","2026-04-29 23:41:08.576","2026-05-02 23:41:15.671","93d46ea4-0d3e-4b8f-bad1-83f05bd4852a","[PREMIUM]","Used",2025,"Ford","F-350","XL","[PREMIUM]","[PREMIUM]",18140,"Truck","Oxford White","Medium Dark Slate","Four-wheel Drive",,,"Gasoline",,,"dealership","[PREMIUM]","Lomira","WI","[PREMIUM]",,"[]",,,"[PREMIUM]"
"abdb5e08-e4f2-49ad-b6a9-420128dd7e1d","2026-04-29 23:41:08.559","2026-04-29 23:41:08.559","abdb5e08-e4f2-49ad-b6a9-420128dd7e1d","[PREMIUM]","New",2025,"Mitsubishi","Outlander PHEV","SEL","[PREMIUM]","[PREMIUM]",2,"SUV","White Diamond","Black","All-wheel Drive",,,"Gasoline",,,"dealership","[PREMIUM]","Buffalo","NY","[PREMIUM]",,"[]",,,"[PREMIUM]"
"60526b4a-e6f3-49d3-816c-702ccac196d1","2026-04-29 23:40:58.240","2026-04-29 23:40:58.240","60526b4a-e6f3-49d3-816c-702ccac196d1","[PREMIUM]","New",2026,"Toyota","bZ Woodland","Premium","[PREMIUM]","[PREMIUM]",4,"SUV","Halo","Black","All-wheel Drive",,,"Electric",,,"dealership","[PREMIUM]","Roseville","CA","[PREMIUM]",,"[]",,,"[PREMIUM]"
"f88aea24-fd35-40aa-8622-107da08fab9a","2026-04-29 23:40:58.229","2026-05-02 23:41:15.669","f88aea24-fd35-40aa-8622-107da08fab9a","[PREMIUM]","New",2026,"Chevrolet","Silverado 1500","RST","[PREMIUM]","[PREMIUM]",101,"Truck","Sterling Gray Metallic","Jet Black","Four-wheel Drive",,,"Gasoline",,,"dealership","[PREMIUM]","Neenah","WI","[PREMIUM]",,"[]",,,"[PREMIUM]"
"696ab6f2-d03e-47c4-8554-eebb2762e18c","2026-04-29 23:40:48.287","2026-04-29 23:40:48.287","696ab6f2-d03e-47c4-8554-eebb2762e18c","[PREMIUM]","New",2026,"Ford","F-150","STX","[PREMIUM]","[PREMIUM]",0,"Truck","Oxford White","Black","Four-wheel Drive",,,"Gasoline",,,"dealership","[PREMIUM]","Charlotte","NC","[PREMIUM]",,"[]",,,"[PREMIUM]"
"9009b4ca-4645-4cf1-98aa-308a984bc57a","2026-04-29 23:40:48.284","2026-05-02 23:40:55.317","9009b4ca-4645-4cf1-98aa-308a984bc57a","[PREMIUM]","Used",2023,"Chevrolet","Silverado 1500","High Country","[PREMIUM]","[PREMIUM]",24346,"Truck","Iridescent Pearl Tricoat","Jet Black","Four-wheel Drive",,,"Gasoline",,,"dealership","[PREMIUM]","Noblesville","IN","[PREMIUM]",,"[]",,,"[PREMIUM]"
"9e66675a-da15-4521-bd0e-9eed6df15c00","2026-04-29 23:40:48.199","2026-04-29 23:40:48.199","9e66675a-da15-4521-bd0e-9eed6df15c00","[PREMIUM]","New",2026,"Honda","Pilot","Touring S","[PREMIUM]","[PREMIUM]",4,"SUV","Platinum White Pearl","Brown","All-wheel Drive",,,"Gasoline",,,"dealership","[PREMIUM]","Medford in Medford","OR","[PREMIUM]",,"[]",,,"[PREMIUM]"
"1ffd9b0b-e3aa-4631-b64d-433b7db90cb4","2026-04-29 23:40:48.187","2026-04-29 23:40:48.187","1ffd9b0b-e3aa-4631-b64d-433b7db90cb4","[PREMIUM]","New",2026,"Dodge","Charger","R/T","[PREMIUM]","[PREMIUM]",1,"Sedan","Green","Black","All-wheel Drive",,,"Gasoline",,,"dealership","[PREMIUM]","Pittsburgh","PA","[PREMIUM]",,"[]",,,"[PREMIUM]"
"f7c14968-0827-459a-8801-dec9cabf600c","2026-04-29 23:40:48.187","2026-04-29 23:40:48.187","f7c14968-0827-459a-8801-dec9cabf600c","[PREMIUM]","New",2026,"Ford","F-150","STX","[PREMIUM]","[PREMIUM]",5,"Truck","Gray","Black","4WD",,,"Gasoline",,,"dealership","[PREMIUM]","Schaumburg","IL","[PREMIUM]",,"[]",,,"[PREMIUM]"
"7ad478d2-72b6-4092-8b88-f3a13fd5627e","2026-04-29 23:40:48.165","2026-05-02 23:40:55.309","7ad478d2-72b6-4092-8b88-f3a13fd5627e","[PREMIUM]","New",2026,"Kia","Carnival Hybrid","SX Prestige","[PREMIUM]","[PREMIUM]",2,"Passenger Van","Aurora Black Pearl","Off Black","Front-wheel Drive",,,"Hybrid",,,"dealership","[PREMIUM]","Folsom","CA","[PREMIUM]",,"[]",,,"[PREMIUM]"
"ed34c6da-a2c7-4275-aa74-1ca220462499","2026-04-29 23:40:48.132","2026-04-29 23:40:48.132","ed34c6da-a2c7-4275-aa74-1ca220462499","[PREMIUM]","New",2026,"Toyota","Tacoma Hybrid","TRD Off Road","[PREMIUM]","[PREMIUM]",0,"Truck","Bronze Oxide","Boulder/Black w/Smoke Silver","Four-wheel Drive",,,"Hybrid",,,"dealership","[PREMIUM]","Vancouver","WA","[PREMIUM]",,"[]",,,"[PREMIUM]"
"5f74507b-c409-4587-9a5d-a2aa70193a17","2026-04-29 23:40:27.996","2026-05-08 23:41:02.176","5f74507b-c409-4587-9a5d-a2aa70193a17","[PREMIUM]","New",2026,"Honda","Passport","AWD TrailSport Elite","[PREMIUM]","[PREMIUM]",1,"SUV","Ash Green Metallic","Black","All-wheel Drive",,,"Gasoline",,,"dealership","[PREMIUM]","Orange City","FL","[PREMIUM]",,"[]",,,"[PREMIUM]"
"924a3e85-069b-4772-af1f-1d72cb8ed8ee","2026-04-29 23:40:27.983","2026-04-29 23:40:27.983","924a3e85-069b-4772-af1f-1d72cb8ed8ee","[PREMIUM]","New",2026,"Honda","Passport","AWD TrailSport Elite","[PREMIUM]","[PREMIUM]",4,"SUV","Sonic Gray Pearl","Black","All-wheel Drive",,,"Gasoline",,,"dealership","[PREMIUM]","Orange City","FL","[PREMIUM]",,"[]",,,"[PREMIUM]"
"2065a881-887b-4ed7-b3df-7e2e4240a26a","2026-04-29 23:40:27.979","2026-04-29 23:40:27.979","2065a881-887b-4ed7-b3df-7e2e4240a26a","[PREMIUM]","New",2026,"GMC","Canyon","Denali","[PREMIUM]","[PREMIUM]",10,"Truck","Onyx Black","Jet Black/Teak","Four-wheel Drive",,,"Gasoline",,,"dealership","[PREMIUM]","DeWitt","IA","[PREMIUM]",,"[]",,,"[PREMIUM]"
"f5e47f4f-1620-4a6c-bc42-bfdb91e940ec","2026-04-29 23:40:27.969","2026-04-29 23:40:27.969","f5e47f4f-1620-4a6c-bc42-bfdb91e940ec","[PREMIUM]","New",2026,"Lexus","NX 350h","Premium","[PREMIUM]","[PREMIUM]",2,"SUV","Nori Green Pearl","Palomino","Front-wheel Drive",,,"Gasoline",,,"dealership","[PREMIUM]","Huntsville","AL","[PREMIUM]",,"[]",,,"[PREMIUM]"
"8a21ff57-5e95-49ba-b12b-5e1984944f8d","2026-04-29 23:40:27.967","2026-04-29 23:40:27.967","8a21ff57-5e95-49ba-b12b-5e1984944f8d","[PREMIUM]","Used",2024,"Mercedes-Benz","AMG GLC 43","Base 4MATIC","[PREMIUM]","[PREMIUM]",11557,"SUV","Gray","Red / Black","All-wheel Drive",,,"Gasoline",,,"dealership","[PREMIUM]","Anaheim","CA","[PREMIUM]",,"[]",,,"[PREMIUM]"
"de81abac-2975-4d51-bbc2-a3c3225cc6a7","2026-04-29 23:40:17.820","2026-04-29 23:40:17.820","de81abac-2975-4d51-bbc2-a3c3225cc6a7","[PREMIUM]","New",2026,"Dodge","Durango","Pursuit","[PREMIUM]","[PREMIUM]",13,"SUV","DB Black Clearcoat","Black","AWD",,,"Gasoline",,,"dealership","[PREMIUM]","Corydon","IN","[PREMIUM]",,"[]",,,"[PREMIUM]"
"712fcd15-0d7b-4a54-92d6-de85ee07362d","2026-04-29 23:40:17.803","2026-04-29 23:40:17.803","712fcd15-0d7b-4a54-92d6-de85ee07362d","[PREMIUM]","New",2026,"Honda","Passport","AWD TrailSport Elite","[PREMIUM]","[PREMIUM]",10,"SUV","Ga","Bk","All-wheel Drive",,,"Gasoline",,,"dealership","[PREMIUM]","Montgomeryville","PA","[PREMIUM]",,"[]",,,"[PREMIUM]"
"9c248d50-e5eb-4138-83ef-df99d95ab0eb","2026-04-29 23:40:17.803","2026-04-29 23:40:17.803","9c248d50-e5eb-4138-83ef-df99d95ab0eb","[PREMIUM]","New",2026,"Toyota","Sienna","XSE 7 Passenger","[PREMIUM]","[PREMIUM]",0,"Passenger Van","Blueprint","Moonstone","All-wheel Drive",,,"Gasoline",,,"dealership","[PREMIUM]","Toledo","OH","[PREMIUM]",,"[]",,,"[PREMIUM]"
"9a816751-f3f7-4f22-94e3-dd7104541b66","2026-04-29 23:40:17.800","2026-04-29 23:40:17.800","9a816751-f3f7-4f22-94e3-dd7104541b66","[PREMIUM]","New",2026,"Subaru","Outback","Touring XT","[PREMIUM]","[PREMIUM]",0,"SUV","Crystal White Pearl","Java Brown Napa Leather","All-wheel Drive",,,"Gasoline",,,"dealership","[PREMIUM]","McKinney","TX","[PREMIUM]",,"[]",,,"[PREMIUM]"
"30b5268c-94b7-4c99-ad89-797cc25502e6","2026-04-29 23:40:17.797","2026-05-08 23:40:52.142","30b5268c-94b7-4c99-ad89-797cc25502e6","[PREMIUM]","New",2026,"Dodge","Durango","GT Plus","[PREMIUM]","[PREMIUM]",13,"SUV","Green Machine","Black","All-wheel Drive",,,"Gasoline",,,"dealership","[PREMIUM]","Jackson","MS","[PREMIUM]",,"[]",,,"[PREMIUM]"
"2c757eaf-00e5-45c3-b8b4-9dd303e5e389","2026-04-29 23:40:17.796","2026-04-29 23:40:17.796","2c757eaf-00e5-45c3-b8b4-9dd303e5e389","[PREMIUM]","New",2026,"Ford","Transit-250","148 WB Medium Roof Cargo","[PREMIUM]","[PREMIUM]",2,"Cargo Van","Oxford White","Dark Palazzo Gray","RWD",,,"Gasoline",,,"dealership","[PREMIUM]","Macomb","MI","[PREMIUM]",,"[]",,,"[PREMIUM]"
"0641c9a3-e643-4533-9234-4b1245b2c58d","2026-04-29 23:40:17.794","2026-05-11 23:41:06.999","0641c9a3-e643-4533-9234-4b1245b2c58d","[PREMIUM]","New",2026,"Dodge","Durango","GT Premium HEMI V8","[PREMIUM]","[PREMIUM]",15,"SUV","Vapor Gray","Red/Black/Ebony","All-wheel Drive",,,"Gasoline",,,"dealership","[PREMIUM]","Jackson","MS","[PREMIUM]",,"[]",,,"[PREMIUM]"
"f10931d0-4b88-49ec-9b98-4ce129fe8dae","2026-04-29 23:40:17.785","2026-04-29 23:40:17.785","f10931d0-4b88-49ec-9b98-4ce129fe8dae","[PREMIUM]","New",2026,"Chrysler","Pacifica","Limited","[PREMIUM]","[PREMIUM]",4,"Passenger Van","Silver Mist Clearcoat","Black","All-wheel Drive",,,"Gasoline",,,"dealership","[PREMIUM]","Mukwonago","WI","[PREMIUM]",,"[]",,,"[PREMIUM]"
"2318dfcb-b5de-4d1a-b926-166305bc34b8","2026-04-29 23:40:17.780","2026-04-29 23:40:17.780","2318dfcb-b5de-4d1a-b926-166305bc34b8","[PREMIUM]","New",2026,"Toyota","Highlander Hybrid","XLE","[PREMIUM]","[PREMIUM]",0,"SUV","White","Graphite","AWD",,,"Hybrid",,,"dealership","[PREMIUM]","Miami","FL","[PREMIUM]",,"[]",,,"[PREMIUM]"
"e85e28c5-a10f-49b2-ba45-977a23b778ab","2026-04-29 23:40:17.779","2026-04-29 23:40:17.779","e85e28c5-a10f-49b2-ba45-977a23b778ab","[PREMIUM]","New",2026,"Dodge","Durango","Pursuit","[PREMIUM]","[PREMIUM]",15,"SUV","DB Black Clearcoat","Black","AWD",,,"Gasoline",,,"dealership","[PREMIUM]","Corydon","IN","[PREMIUM]",,"[]",,,"[PREMIUM]"
"03bd50df-8113-436c-a863-05e9cfcca281","2026-04-29 23:40:17.763","2026-04-29 23:40:17.763","03bd50df-8113-436c-a863-05e9cfcca281","[PREMIUM]","New",2026,"Ford","Transit-250","Base","[PREMIUM]","[PREMIUM]",5,"Cargo Van","Oxford White","Dark Palazzo Gray","Rear-wheel Drive",,,"Gasoline",,,"dealership","[PREMIUM]","Delaware","OH","[PREMIUM]",,"[]",,,"[PREMIUM]"
"1a90e1a0-10e3-40b2-a220-fb99b846dc2a","2026-04-29 23:40:17.758","2026-04-29 23:40:17.758","1a90e1a0-10e3-40b2-a220-fb99b846dc2a","[PREMIUM]","New",2026,"Toyota","Sienna","XLE","[PREMIUM]","[PREMIUM]",0,"Passenger Van","Heavy Metal","Gray","Front-wheel Drive",,,"Gasoline",,,"dealership","[PREMIUM]","West Covina","CA","[PREMIUM]",,"[]",,,"[PREMIUM]"
"9df09d21-4926-4caf-8ffd-738db339c3aa","2026-04-29 23:40:17.738","2026-04-29 23:40:17.738","9df09d21-4926-4caf-8ffd-738db339c3aa","[PREMIUM]","New",2026,"BMW","X1","xDrive28i","[PREMIUM]","[PREMIUM]",0,"SUV","Mineral White Metallic","Smoke White","All-wheel Drive",,,"Gasoline",,,"dealership","[PREMIUM]","Houston","TX","[PREMIUM]",,"[]",,,"[PREMIUM]"
"5cf93383-01ce-47c0-8ba7-0d84f47a137f","2026-04-29 23:39:57.124","2026-04-29 23:39:57.124","5cf93383-01ce-47c0-8ba7-0d84f47a137f","[PREMIUM]","New",2026,"Toyota","Tacoma Hybrid","TRD Sport","[PREMIUM]","[PREMIUM]",5,"Truck","Ice Cap","Boulder/Black w/Blue","Four-wheel Drive",,,"Hybrid",,,"dealership","[PREMIUM]","Savannah","GA","[PREMIUM]",,"[]",,,"[PREMIUM]"
"ccf4a7cb-9d78-4de8-b8a7-a7a881152781","2026-04-29 23:39:57.103","2026-04-29 23:39:57.103","ccf4a7cb-9d78-4de8-b8a7-a7a881152781","[PREMIUM]","New",2026,"Toyota","Highlander Hybrid","XLE","[PREMIUM]","[PREMIUM]",5,"SUV","Midnight Black Metallic","Black","All-wheel Drive",,,"Hybrid",,,"dealership","[PREMIUM]","Savannah","GA","[PREMIUM]",,"[]",,,"[PREMIUM]"
"c1279660-e00d-45e4-83db-f02ca44d5785","2026-04-29 23:39:57.101","2026-04-29 23:39:57.101","c1279660-e00d-45e4-83db-f02ca44d5785","[PREMIUM]","New",2026,"Toyota","Crown","Limited","[PREMIUM]","[PREMIUM]",5,"Sedan","Heavy Metal","Black/Saddle Tan","All-wheel Drive",,,"Gasoline",,,"dealership","[PREMIUM]","Auburn","AL","[PREMIUM]",,"[]",,,"[PREMIUM]"
"f362719b-b63c-476b-94ce-d79ceba7eaf7","2026-04-29 23:39:57.100","2026-04-29 23:39:57.100","f362719b-b63c-476b-94ce-d79ceba7eaf7","[PREMIUM]","New",2026,"Chevrolet","Traverse","AWD Z71","[PREMIUM]","[PREMIUM]",6,"SUV","Radiant Red Tintcoat","Jet Black w/Torch Red Stitching","All Wheel Drive",,,"Regular unleaded",,,"dealership","[PREMIUM]","Rincon","GA","[PREMIUM]",,"[]",,,"[PREMIUM]"
"c3e0d046-c7f5-4878-8eef-6cbf076c9396","2026-04-29 23:39:57.098","2026-05-08 23:40:41.967","c3e0d046-c7f5-4878-8eef-6cbf076c9396","[PREMIUM]","New",2026,"BMW","X3","30 xDrive","[PREMIUM]","[PREMIUM]",7419,"SUV","Mineral White Metallic","Black","All-wheel Drive",,,"Gasoline",,,"dealership","[PREMIUM]","Coconut Creek","FL","[PREMIUM]",,"[]",,,"[PREMIUM]"
"554425f3-8176-4574-92b7-53b7e6f9a0e7","2026-04-29 23:39:57.086","2026-04-29 23:39:57.086","554425f3-8176-4574-92b7-53b7e6f9a0e7","[PREMIUM]","New",2026,"Hyundai","Palisade Hybrid","Limited","[PREMIUM]","[PREMIUM]",0,"SUV","Creamy White Pearl","Gray","All-wheel Drive",,,"Gasoline",,,"dealership","[PREMIUM]","Monroeville","PA","[PREMIUM]",,"[]",,,"[PREMIUM]"
"749d89ea-df65-40c4-9a9a-c7c630aa8fc7","2026-04-29 23:39:57.062","2026-04-29 23:39:57.062","749d89ea-df65-40c4-9a9a-c7c630aa8fc7","[PREMIUM]","New",2026,"GMC","Canyon","AT4","[PREMIUM]","[PREMIUM]",5,"Truck","Volcanic Red Tintcoat","Jet Black/Timber, Perforated Leather-appointed front seats","Four-wheel Drive",,,"Gasoline",,,"dealership","[PREMIUM]","El Paso","TX","[PREMIUM]",,"[]",,,"[PREMIUM]"
"df9112ac-f4e7-43d1-804d-9c936f3b13bb","2026-04-29 23:39:57.060","2026-04-29 23:39:57.060","df9112ac-f4e7-43d1-804d-9c936f3b13bb","[PREMIUM]","Used",2026,"Volvo","XC60","B5 Plus","[PREMIUM]","[PREMIUM]",5741,"SUV","Onyx Black Metallic","Charcoal","All-wheel Drive",,,"Gasoline",,,"dealership","[PREMIUM]","Wexford","PA","[PREMIUM]",,"[]",,,"[PREMIUM]"
"9d69f3dc-ca1c-40b2-a4d4-dc28299a6b73","2026-04-29 23:39:46.772","2026-04-29 23:39:46.772","9d69f3dc-ca1c-40b2-a4d4-dc28299a6b73","[PREMIUM]","New",2026,"Hyundai","PALISADE","Calligraphy","[PREMIUM]","[PREMIUM]",27,"SUV","Gray Pearl","Gray","All-wheel Drive",,,"Gasoline",,,"dealership","[PREMIUM]","Bellevue","NE","[PREMIUM]",,"[]",,,"[PREMIUM]"
"83269387-16aa-4da0-8d58-8a88500c7175","2026-04-29 23:39:46.771","2026-04-29 23:39:46.771","83269387-16aa-4da0-8d58-8a88500c7175","[PREMIUM]","New",2026,"Chevrolet","Traverse","AWD Z71","[PREMIUM]","[PREMIUM]",2,"SUV","Mosaic Black Metallic","Jet Black w/Torch Red Stitching","All-wheel Drive",,,"Gasoline",,,"dealership","[PREMIUM]","Fort Wayne","IN","[PREMIUM]",,"[]",,,"[PREMIUM]"
"67e7a791-d473-404e-bed0-0fb00ee8701b","2026-04-29 23:39:46.757","2026-05-05 23:40:36.737","67e7a791-d473-404e-bed0-0fb00ee8701b","[PREMIUM]","New",2026,"Hyundai","PALISADE","Calligraphy","[PREMIUM]","[PREMIUM]",32,"SUV","Abyss Black Pearl","Black","All-wheel Drive",,,"Gasoline",,,"dealership","[PREMIUM]","Bellevue","NE","[PREMIUM]",,"[]",,,"[PREMIUM]"
"c7bcfde7-741e-4da3-b6da-bc89b0263c4a","2026-04-29 23:39:46.742","2026-04-29 23:39:46.742","c7bcfde7-741e-4da3-b6da-bc89b0263c4a","[PREMIUM]","New",2026,"Hyundai","PALISADE","Limited","[PREMIUM]","[PREMIUM]",32,"SUV","Pearl","Black","All-wheel Drive",,,"Gasoline",,,"dealership","[PREMIUM]","Bellevue","NE","[PREMIUM]",,"[]",,,"[PREMIUM]"
"8917cd69-5c51-4129-b5a7-a92c7b0a8195","2026-04-29 23:39:46.736","2026-04-29 23:39:46.736","8917cd69-5c51-4129-b5a7-a92c7b0a8195","[PREMIUM]","New",2026,"Kia","Sorento Hybrid","X-LINE SX PRESTIGE","[PREMIUM]","[PREMIUM]",5,"SUV","Gray","Gray","AWD",,,"Hybrid",,,"dealership","[PREMIUM]","Tucson","AZ","[PREMIUM]",,"[]",,,"[PREMIUM]"
"ce5f39dc-4b95-4b47-9185-073695b512c3","2026-04-29 23:39:46.735","2026-04-29 23:39:46.735","ce5f39dc-4b95-4b47-9185-073695b512c3","[PREMIUM]","New",2026,"Hyundai","PALISADE","Calligraphy","[PREMIUM]","[PREMIUM]",91,"SUV","Gray Pearl","Gray","All-wheel Drive",,,"Gasoline",,,"dealership","[PREMIUM]","Bellevue","NE","[PREMIUM]",,"[]",,,"[PREMIUM]"
"549ee603-ece7-4964-b985-2dd49b69f026","2026-04-29 23:39:46.723","2026-04-29 23:39:46.723","549ee603-ece7-4964-b985-2dd49b69f026","[PREMIUM]","New",2026,"Ford","Explorer","Tremor","[PREMIUM]","[PREMIUM]",254,"SUV","Agate Black Metallic","Onyx","4WD",,,"Gasoline",,,"dealership","[PREMIUM]","Tyrone","PA","[PREMIUM]",,"[]",,,"[PREMIUM]"
"d3c1a631-8c52-4564-8885-fb308067d6b1","2026-04-29 23:39:46.689","2026-04-29 23:39:46.689","d3c1a631-8c52-4564-8885-fb308067d6b1","[PREMIUM]","New",2026,"Chevrolet","Express 3500","3500 Regular Wheelbase, WT, RWD","[PREMIUM]","[PREMIUM]",0,"Cargo Van","Summit White","Medium Pewter","Rear-wheel Drive",,,"Gasoline",,,"dealership","[PREMIUM]","Zelienople","PA","[PREMIUM]",,"[]",,,"[PREMIUM]"
"24f0fb27-541e-4b0a-8d4d-545a006184d9","2026-04-29 23:39:36.789","2026-04-29 23:39:36.789","24f0fb27-541e-4b0a-8d4d-545a006184d9","[PREMIUM]","New",2026,"Toyota","Grand Highlander","XLE","[PREMIUM]","[PREMIUM]",0,"SUV","Wind Chill Pearl","Black SofTex","Front-wheel Drive",,,"Gasoline",,,"dealership","[PREMIUM]","Houston","TX","[PREMIUM]",,"[]",,,"[PREMIUM]"
"f27aa843-25c4-4f61-a523-23851ed92a9e","2026-04-29 23:39:36.579","2026-04-29 23:39:36.579","f27aa843-25c4-4f61-a523-23851ed92a9e","[PREMIUM]","New",2026,"Honda","Pilot","Touring","[PREMIUM]","[PREMIUM]",1,"SUV","Crystal Black Pearl","Black","All-wheel Drive",,,"Gasoline",,,"dealership","[PREMIUM]","O'Fallon","MO","[PREMIUM]",,"[]",,,"[PREMIUM]"
"839d2392-7382-48cf-98f7-7ba2074ba752","2026-04-29 23:39:36.526","2026-04-29 23:39:36.526","839d2392-7382-48cf-98f7-7ba2074ba752","[PREMIUM]","New",2026,"GMC","Sierra 1500","SLE","[PREMIUM]","[PREMIUM]",5,"Truck","White","Jet Black, Cloth seat trim","Four-wheel Drive",,,"Gasoline",,,"dealership","[PREMIUM]","Greeley","CO","[PREMIUM]",,"[]",,,"[PREMIUM]"
"d3972bff-09a7-46a5-a9ae-2f9e6f36354c","2026-04-29 23:39:36.524","2026-05-02 23:40:25.364","d3972bff-09a7-46a5-a9ae-2f9e6f36354c","[PREMIUM]","New",2026,"Toyota","Tacoma Hybrid","TRD Off Road","[PREMIUM]","[PREMIUM]",,"Truck","Red","Boulder","Four-wheel Drive",,,"Hybrid",,,"dealership","[PREMIUM]","Knoxville","TN","[PREMIUM]",,"[]",,,"[PREMIUM]"
"6c5df9af-96fa-4b4a-b7a3-88f3bd1cdcba","2026-04-29 23:39:36.517","2026-05-05 23:40:36.771","6c5df9af-96fa-4b4a-b7a3-88f3bd1cdcba","[PREMIUM]","New",2026,"BMW","X1","xDrive28i","[PREMIUM]","[PREMIUM]",0,"SUV","Black Sapphire Metallic","Black","All-wheel Drive",,,"Gasoline",,,"dealership","[PREMIUM]","Seattle","WA","[PREMIUM]",,"[]",,,"[PREMIUM]"
"05f49ab0-6062-43f3-802c-859347ca62ae","2026-04-29 23:39:36.504","2026-05-05 23:40:36.732","05f49ab0-6062-43f3-802c-859347ca62ae","[PREMIUM]","New",2026,"Chevrolet","Colorado","Z71","[PREMIUM]","[PREMIUM]",0,"Truck","Sterling Gray Metallic","Jet Black/Adrenaline Red","Four-wheel Drive",,,"Gasoline",,,"dealership","[PREMIUM]","Chillicothe","IL","[PREMIUM]",,"[]",,,"[PREMIUM]"
"f79d9258-255c-47c8-a30c-df365386e7c9","2026-04-29 23:39:36.502","2026-04-29 23:39:36.502","f79d9258-255c-47c8-a30c-df365386e7c9","[PREMIUM]","New",2026,"GMC","Sierra 1500","SLE","[PREMIUM]","[PREMIUM]",5,"Truck","White","Jet Black, Cloth seat trim","Four-wheel Drive",,,"Gasoline",,,"dealership","[PREMIUM]","Greeley","CO","[PREMIUM]",,"[]",,,"[PREMIUM]"
"c05a9404-a028-47b5-b875-9e0a69c5068f","2026-04-29 23:39:36.499","2026-05-08 23:40:42.218","c05a9404-a028-47b5-b875-9e0a69c5068f","[PREMIUM]","New",2026,"Cadillac","OPTIQ","Luxury","[PREMIUM]","[PREMIUM]",15,"SUV","Radiant Red Tintcoat","Noir","Rear-wheel Drive",,,"Electric",,,"dealership","[PREMIUM]","West Covina","CA","[PREMIUM]",,"[]",,,"[PREMIUM]"
"263f73e4-1181-46e9-9546-c358a597c18f","2026-04-29 23:39:36.498","2026-04-29 23:39:36.498","263f73e4-1181-46e9-9546-c358a597c18f","[PREMIUM]","New",2026,"Chevrolet","Express 3500","3500 Regular Wheelbase, WT, RWD","[PREMIUM]","[PREMIUM]",1,"Cargo Van","White","Medium Pewter, Custom Cloth Seat Trim","Rear-wheel Drive",,,"Gasoline",,,"dealership","[PREMIUM]","Lake Mills","WI","[PREMIUM]",,"[]",,,"[PREMIUM]"
"3d2373c2-e1f2-4e70-9169-50ec796173ba","2026-04-29 23:39:36.496","2026-04-29 23:39:36.496","3d2373c2-e1f2-4e70-9169-50ec796173ba","[PREMIUM]","New",2026,"Kia","Sorento","X-Line SX Prestige","[PREMIUM]","[PREMIUM]",5,"SUV","Wolf Gray","Black","All-wheel Drive",,,"Gasoline",,,"dealership","[PREMIUM]","Tucson","AZ","[PREMIUM]",,"[]",,,"[PREMIUM]"
"7377b95a-f875-4e44-98e3-22f2ccd7647f","2026-04-29 23:39:36.494","2026-04-29 23:39:36.494","7377b95a-f875-4e44-98e3-22f2ccd7647f","[PREMIUM]","New",2026,"Chevrolet","Traverse","AWD Z71","[PREMIUM]","[PREMIUM]",15,"SUV","Sterling Gray Metallic","Jet Black w/Torch Red Stitching","All-wheel Drive",,,"Gasoline",,,"dealership","[PREMIUM]","Jackson","MS","[PREMIUM]",,"[]",,,"[PREMIUM]"
"14909676-41fe-4969-aae0-e27343440982","2026-04-29 23:39:36.491","2026-04-29 23:39:36.491","14909676-41fe-4969-aae0-e27343440982","[PREMIUM]","New",2026,"Toyota","Grand Highlander Hybrid","XLE","[PREMIUM]","[PREMIUM]",0,"SUV","Midnight Black Metallic","Light Gray","All-wheel Drive",,,"Hybrid",,,"dealership","[PREMIUM]","Kenosha","WI","[PREMIUM]",,"[]",,,"[PREMIUM]"
"aa463ee9-d2c6-44c0-96e7-061179464933","2026-04-29 23:39:36.488","2026-04-29 23:39:36.488","aa463ee9-d2c6-44c0-96e7-061179464933","[PREMIUM]","New",2026,"Honda","Pilot","Elite","[PREMIUM]","[PREMIUM]",1,"SUV","Modern Steel Metallic","Black","AWD",,,"Gasoline",,,"dealership","[PREMIUM]","O'Fallon","MO","[PREMIUM]",,"[]",,,"[PREMIUM]"
"08006707-e9ce-477b-8078-72b391c05e97","2026-04-29 23:39:36.487","2026-04-29 23:39:36.487","08006707-e9ce-477b-8078-72b391c05e97","[PREMIUM]","New",2026,"Honda","Pilot","Touring","[PREMIUM]","[PREMIUM]",1,"SUV","Platinum White","Black","All-wheel Drive",,,"Gasoline",,,"dealership","[PREMIUM]","O'Fallon","MO","[PREMIUM]",,"[]",,,"[PREMIUM]"
"f31f118b-8437-4af9-9657-ae4f99073b0e","2026-04-29 23:39:36.484","2026-04-29 23:39:36.484","f31f118b-8437-4af9-9657-ae4f99073b0e","[PREMIUM]","New",2026,"Volvo","XC40","Plus, B5 AWD Gas (mild hybrid), Dark","[PREMIUM]","[PREMIUM]",12,"SUV","Vapour Grey Metallic",,"All-wheel Drive",,,"Hybrid",,,"dealership","[PREMIUM]","Hyannis","MA","[PREMIUM]",,"[]",,,"[PREMIUM]"
"d3a977d0-72bf-4f44-8830-0ca679adb290","2026-04-29 23:39:36.478","2026-04-29 23:39:36.478","d3a977d0-72bf-4f44-8830-0ca679adb290","[PREMIUM]","New",2026,"Kia","Sorento Hybrid","X-LINE SX PRESTIGE","[PREMIUM]","[PREMIUM]",42,"SUV","Sand","Black","All-wheel Drive",,,"Hybrid",,,"dealership","[PREMIUM]","Tucson","AZ","[PREMIUM]",,"[]",,,"[PREMIUM]"
"175026e7-3c9b-4bca-8db0-22816f2f3fef","2026-04-29 23:39:36.477","2026-04-29 23:39:36.477","175026e7-3c9b-4bca-8db0-22816f2f3fef","[PREMIUM]","New",2026,"BMW","X1","xDrive28i","[PREMIUM]","[PREMIUM]",10,"SUV","Portimao Blue Metallic","Smoke White","All-wheel Drive",,,"Gasoline",,,"dealership","[PREMIUM]","Bloomington","MN","[PREMIUM]",,"[]",,,"[PREMIUM]"
"9fcc5e43-9a5a-4dea-bcbc-a60db08c086a","2026-04-29 23:39:36.477","2026-04-29 23:39:36.477","9fcc5e43-9a5a-4dea-bcbc-a60db08c086a","[PREMIUM]","New",2026,"Lexus","NX 350","Premium","[PREMIUM]","[PREMIUM]",10,"SUV","Ultra White","Black","All-wheel Drive",,,"Gasoline",,,"dealership","[PREMIUM]","Southfield","MI","[PREMIUM]",,"[]",,,"[PREMIUM]"
"cf8a6513-cedf-4ded-a061-66217278ed96","2026-04-29 23:39:36.470","2026-04-29 23:39:36.470","cf8a6513-cedf-4ded-a061-66217278ed96","[PREMIUM]","New",2026,"BMW","X1","xDrive28i","[PREMIUM]","[PREMIUM]",0,"SUV","Space Silver Metallic","Black","All-wheel Drive",,,"Gasoline",,,"dealership","[PREMIUM]","Stratham","NH","[PREMIUM]",,"[]",,,"[PREMIUM]"
"84012430-50d4-478c-879b-1970e635c5b7","2026-04-29 23:39:36.449","2026-04-29 23:39:36.449","84012430-50d4-478c-879b-1970e635c5b7","[PREMIUM]","New",2026,"Volkswagen","Golf R","2.0T","[PREMIUM]","[PREMIUM]",8,"Hatchback","Graphite Gray","Titan Black","All-wheel Drive",,,"Gasoline",,,"dealership","[PREMIUM]","Ann Arbor","MI","[PREMIUM]",,"[]",,,"[PREMIUM]"
"d4f6d2dd-53e2-4e63-bcf7-de78c86111f9","2026-04-29 23:39:26.317","2026-04-29 23:39:26.317","d4f6d2dd-53e2-4e63-bcf7-de78c86111f9","[PREMIUM]","New",2026,"Honda","Pilot","Touring 8-Passenger","[PREMIUM]","[PREMIUM]",10,"SUV","Crystal Black Pearl","Black","All-wheel Drive",,,"Gasoline",,,"dealership","[PREMIUM]","Sea Girt","NJ","[PREMIUM]",,"[]",,,"[PREMIUM]"
"c15b619e-7969-4b38-847c-59a8f71f84a2","2026-04-29 23:39:25.986","2026-04-29 23:39:25.986","c15b619e-7969-4b38-847c-59a8f71f84a2","[PREMIUM]","New",2026,"Honda","Passport","AWD TrailSport","[PREMIUM]","[PREMIUM]",50,"SUV","Sonic Gray Pearl","Black","All-wheel Drive",,,"Gasoline",,,"dealership","[PREMIUM]","Omaha","NE","[PREMIUM]",,"[]",,,"[PREMIUM]"
"dce234dc-5b7c-48c1-b8e5-b179cbd606f1","2026-04-29 23:39:25.917","2026-05-08 23:40:41.891","dce234dc-5b7c-48c1-b8e5-b179cbd606f1","[PREMIUM]","New",2026,"Volkswagen","Atlas","2.0T SEL","[PREMIUM]","[PREMIUM]",10,"SUV","White Pearl","Titan Blk Perforated Vien","All-wheel Drive",,,"Gasoline",,,"dealership","[PREMIUM]","Bend","OR","[PREMIUM]",,"[]",,,"[PREMIUM]"
"ff4ef8cb-44a7-4908-b003-095f136b0b6b","2026-04-29 23:39:25.910","2026-04-29 23:39:25.910","ff4ef8cb-44a7-4908-b003-095f136b0b6b","[PREMIUM]","New",2026,"Nissan","Pathfinder","Platinum","[PREMIUM]","[PREMIUM]",4,"SUV","Super Black","Charcoal","Four-wheel Drive",,,"Gasoline",,,"dealership","[PREMIUM]","Farmington Hills","MI","[PREMIUM]",,"[]",,,"[PREMIUM]"
"51a53d18-9e27-4b3e-b917-b2aa624115ca","2026-04-29 23:39:15.739","2026-05-08 23:40:01.658","51a53d18-9e27-4b3e-b917-b2aa624115ca","[PREMIUM]","New",2026,"Hyundai","Palisade Hybrid","SEL Premium 8P","[PREMIUM]","[PREMIUM]",5,"SUV","Creamy White Pearl","Gray","All-wheel Drive",,,"Gasoline",,,"dealership","[PREMIUM]","Gladstone","OR","[PREMIUM]",,"[]",,,"[PREMIUM]"
"fa5ae290-14a8-4652-8ecc-2be5c1819861","2026-04-29 23:39:15.732","2026-04-29 23:39:15.732","fa5ae290-14a8-4652-8ecc-2be5c1819861","[PREMIUM]","New",2026,"Toyota","Sienna","Woodland Edition","[PREMIUM]","[PREMIUM]",2,"Passenger Van","Midnight Black Metallic","Black","All-wheel Drive",,,"Gasoline",,,"dealership","[PREMIUM]","St Albans","VT","[PREMIUM]",,"[]",,,"[PREMIUM]"
"fa192699-fb1f-4867-8d42-e0af21b6fdd1","2026-04-29 23:39:15.724","2026-04-29 23:39:15.724","fa192699-fb1f-4867-8d42-e0af21b6fdd1","[PREMIUM]","New",2026,"Hyundai","Palisade Hybrid","SEL Premium 8P","[PREMIUM]","[PREMIUM]",5,"SUV","Titainium","Gray","All-wheel Drive",,,"Gasoline",,,"dealership","[PREMIUM]","Gladstone","OR","[PREMIUM]",,"[]",,,"[PREMIUM]"
"400da3fe-c678-49dd-8496-f9f4e54fe58a","2026-04-29 23:39:15.720","2026-04-29 23:39:15.720","400da3fe-c678-49dd-8496-f9f4e54fe58a","[PREMIUM]","New",2026,"Nissan","Rogue","Platinum","[PREMIUM]","[PREMIUM]",5,"SUV","Alpine Frost","Black","All-wheel Drive",,,"Hybrid",,,"dealership","[PREMIUM]","Bessemer","AL","[PREMIUM]",,"[]",,,"[PREMIUM]"
"61b335ee-0f42-448d-9854-2ea1708aacab","2026-04-29 23:39:15.718","2026-04-29 23:39:15.718","61b335ee-0f42-448d-9854-2ea1708aacab","[PREMIUM]","New",2026,"Chevrolet","Silverado 1500","LT","[PREMIUM]","[PREMIUM]",5,"Truck","Sterling Gray Metallic","Jet Black","Rear-wheel Drive",,,"Gasoline",,,"dealership","[PREMIUM]","Seguin","TX","[PREMIUM]",,"[]",,,"[PREMIUM]"
"847577ba-a338-4178-931e-8e81e4684a1f","2026-04-29 23:39:15.717","2026-04-29 23:39:15.717","847577ba-a338-4178-931e-8e81e4684a1f","[PREMIUM]","New",2026,"Hyundai","SANTA FE HEV","Calligraphy","[PREMIUM]","[PREMIUM]",5,"SUV","Hampton Gray","Gray","All-wheel Drive",,,"Hybrid",,,"dealership","[PREMIUM]","Gladstone","OR","[PREMIUM]",,"[]",,,"[PREMIUM]"
"75b18c16-63e7-4363-9e9d-73c0bf5173f4","2026-04-29 23:39:15.707","2026-04-29 23:39:15.707","75b18c16-63e7-4363-9e9d-73c0bf5173f4","[PREMIUM]","New",2026,"Toyota","Tacoma","TRD Off Road","[PREMIUM]","[PREMIUM]",10,"Truck","Supersonic Red","Boulder/Black w/Smoke Silver","Four-wheel Drive",,,"Gasoline",,,"dealership","[PREMIUM]","Putnam","CT","[PREMIUM]",,"[]",,,"[PREMIUM]"
"92e70df3-544a-4391-815f-889f7ad4e507","2026-04-29 23:39:15.696","2026-04-29 23:39:15.696","92e70df3-544a-4391-815f-889f7ad4e507","[PREMIUM]","New",2026,"Jeep","Grand Cherokee L","Limited","[PREMIUM]","[PREMIUM]",3,"SUV","Steel Blue",,"Four-wheel Drive",,,"Gasoline",,,"dealership","[PREMIUM]","Chilton","WI","[PREMIUM]",,"[]",,,"[PREMIUM]"
"11cfc01d-4d34-462b-8d3b-930e7803ab36","2026-04-29 23:39:15.688","2026-05-05 23:40:26.488","11cfc01d-4d34-462b-8d3b-930e7803ab36","[PREMIUM]","New",2026,"Chevrolet","Silverado 1500","LT","[PREMIUM]","[PREMIUM]",5,"Truck","Sterling Gray Metallic","Gideon/Very Dark Atmosphere","Four-wheel Drive",,,"Gasoline",,,"dealership","[PREMIUM]","Glenpool","OK","[PREMIUM]",,"[]",,,"[PREMIUM]"
"52c13979-2e7a-42a7-8123-1395ff9a514e","2026-04-29 23:39:05.415","2026-04-29 23:39:05.415","52c13979-2e7a-42a7-8123-1395ff9a514e","[PREMIUM]","New",2026,"Honda","Passport","AWD TrailSport Elite","[PREMIUM]","[PREMIUM]",0,"SUV","Crystal Black Pearl","Blk Perforated Lth","All-wheel Drive",,,"Gasoline",,,"dealership","[PREMIUM]","Clarkesville","MD","[PREMIUM]",,"[]",,,"[PREMIUM]"
"10c2c755-6159-4321-985f-07eb2e902e9a","2026-04-29 23:39:05.259","2026-04-29 23:39:05.259","10c2c755-6159-4321-985f-07eb2e902e9a","[PREMIUM]","New",2026,"Toyota","Grand Highlander","XLE","[PREMIUM]","[PREMIUM]",0,"SUV","Ruby Flare Pearl","Black","All-wheel Drive",,,"Gasoline",,,"dealership","[PREMIUM]","Putnam","CT","[PREMIUM]",,"[]",,,"[PREMIUM]"
"4cbaadee-b607-40c7-99be-614dbcc03f21","2026-04-29 23:39:05.221","2026-04-29 23:39:05.221","4cbaadee-b607-40c7-99be-614dbcc03f21","[PREMIUM]","New",2026,"Chevrolet","Silverado 1500","RST","[PREMIUM]","[PREMIUM]",0,"Truck","Black","Jet Black","Four-wheel Drive",,,"Gasoline",,,"dealership","[PREMIUM]","Stuart","IA","[PREMIUM]",,"[]",,,"[PREMIUM]"
"db62f073-bb46-493f-8cc4-fe87b084da97","2026-04-29 23:39:05.218","2026-04-29 23:39:05.218","db62f073-bb46-493f-8cc4-fe87b084da97","[PREMIUM]","New",2026,"Honda","Pilot","Elite","[PREMIUM]","[PREMIUM]",5,"SUV","Crystal Black Pearl","Black","All-wheel Drive",,,"Gasoline",,,"dealership","[PREMIUM]","Colorado Springs","CO","[PREMIUM]",,"[]",,,"[PREMIUM]"
"bba88af8-8486-414f-bab3-48f964072b04","2026-04-29 23:38:45.006","2026-05-02 23:38:53.673","bba88af8-8486-414f-bab3-48f964072b04","[PREMIUM]","New",2026,"Subaru","Ascent","Touring 7-Passenger","[PREMIUM]","[PREMIUM]",7,"SUV","Ice Silver","Black","All-wheel Drive",,,"Gasoline",,,"dealership","[PREMIUM]","Kirkland","WA","[PREMIUM]",,"[]",,,"[PREMIUM]"
"9435c819-520f-4c36-9710-1367b85c9680","2026-04-29 23:38:44.966","2026-05-05 23:39:05.998","9435c819-520f-4c36-9710-1367b85c9680","[PREMIUM]","New",2026,"Toyota","Highlander","XLE","[PREMIUM]","[PREMIUM]",2,"SUV","Heavy Metal","Graphite","All-wheel Drive",,,"Gasoline",,,"dealership","[PREMIUM]","Birmingham","AL","[PREMIUM]",,"[]",,,"[PREMIUM]"
"6d077755-ea39-4e91-8523-b350f3e034f7","2026-04-29 23:38:34.900","2026-04-29 23:38:34.900","6d077755-ea39-4e91-8523-b350f3e034f7","[PREMIUM]","New",2026,"GMC","Sierra 1500","Elevation","[PREMIUM]","[PREMIUM]",0,"Truck","Summit White","Jet Black","Four-wheel Drive",,,"Gasoline",,,"dealership","[PREMIUM]","Bentonville","AR","[PREMIUM]",,"[]",,,"[PREMIUM]"
"c7c1e661-afa7-4f6b-9031-a00b1d61926c","2026-04-29 23:38:34.892","2026-04-29 23:38:34.892","c7c1e661-afa7-4f6b-9031-a00b1d61926c","[PREMIUM]","New",2026,"Lexus","RZ 350e","Premium","[PREMIUM]","[PREMIUM]",3,"SUV","Oxygen White","Dapple Gray","Front-wheel Drive",,,"Electric",,,"dealership","[PREMIUM]","Durham","NC","[PREMIUM]",,"[]",,,"[PREMIUM]"
"5fe068a5-06cc-4586-9085-def913f90237","2026-04-29 23:38:34.878","2026-05-02 23:38:53.617","5fe068a5-06cc-4586-9085-def913f90237","[PREMIUM]","New",2026,"Chevrolet","Silverado 1500","RST","[PREMIUM]","[PREMIUM]",2,"Truck","White Sands","Jet Black","Four-wheel Drive",,,"Gasoline",,,"dealership","[PREMIUM]","Murraysville","PA","[PREMIUM]",,"[]",,,"[PREMIUM]"
"1f4b73ba-63e7-4c9e-bf24-23e74d26bc10","2026-04-29 23:38:24.845","2026-05-02 23:38:43.551","1f4b73ba-63e7-4c9e-bf24-23e74d26bc10","[PREMIUM]","New",2026,"Honda","Passport","AWD TrailSport","[PREMIUM]","[PREMIUM]",1,"SUV","Red","Black","All-wheel Drive",,,"Gasoline",,,"dealership","[PREMIUM]","Schenectady","NY","[PREMIUM]",,"[]",,,"[PREMIUM]"
"fd997328-2506-4123-91b3-89c3b52cc047","2026-04-29 23:38:24.808","2026-04-29 23:38:24.808","fd997328-2506-4123-91b3-89c3b52cc047","[PREMIUM]","New",2026,"Hyundai","TUCSON Plug-In Hybrid","Limited","[PREMIUM]","[PREMIUM]",5,"SUV","Shimmering Silver","Gray","All-wheel Drive",,,"Hybrid",,,"dealership","[PREMIUM]","Gilroy","CA","[PREMIUM]",,"[]",,,"[PREMIUM]"
"3c72d002-34d5-44ae-a885-652aa4661541","2026-04-29 23:38:24.787","2026-04-29 23:38:24.787","3c72d002-34d5-44ae-a885-652aa4661541","[PREMIUM]","New",2026,"Ford","Ranger","Lariat","[PREMIUM]","[PREMIUM]",3,"Truck","Avalanche","Ebony Activex Trmmed Fron","Four-wheel Drive",,,"Gasoline",,,"dealership","[PREMIUM]","Apple Valley","MN","[PREMIUM]",,"[]",,,"[PREMIUM]"
"7baf0fea-e83a-47b8-b7a2-b69d57da6860","2026-04-29 23:38:24.784","2026-04-29 23:38:24.784","7baf0fea-e83a-47b8-b7a2-b69d57da6860","[PREMIUM]","New",2026,"Honda","Pilot","Elite","[PREMIUM]","[PREMIUM]",5,"SUV","Modern Steel Metallic","Black","All-wheel Drive",,,"Gasoline",,,"dealership","[PREMIUM]","Barrington","IL","[PREMIUM]",,"[]",,,"[PREMIUM]"
"3dc04b01-91e0-41d8-bedf-94b25a855b8e","2026-04-29 23:38:24.781","2026-05-02 23:38:53.973","3dc04b01-91e0-41d8-bedf-94b25a855b8e","[PREMIUM]","New",2026,"BMW","X2","xDrive28i","[PREMIUM]","[PREMIUM]",0,"SUV","Black Sapphire Metallic","Blk Perforated Veganza","All-wheel Drive",,,"Gasoline",,,"dealership","[PREMIUM]","Newport News","VA","[PREMIUM]",,"[]",,,"[PREMIUM]"
"47a8e0d0-bf85-46fe-87a8-dd3b1285501f","2026-04-29 23:38:24.777","2026-04-29 23:38:24.777","47a8e0d0-bf85-46fe-87a8-dd3b1285501f","[PREMIUM]","New",2026,"Lexus","NX 350h","Premium","[PREMIUM]","[PREMIUM]",23,"SUV","Cloudburst Gray","Rioja Red","Front-wheel Drive",,,"Gasoline",,,"dealership","[PREMIUM]","Raleigh","NC","[PREMIUM]",,"[]",,,"[PREMIUM]"
"0ece06df-a20a-4b1d-a0cc-9d87b81fd060","2026-04-29 23:38:24.775","2026-04-29 23:38:24.775","0ece06df-a20a-4b1d-a0cc-9d87b81fd060","[PREMIUM]","New",2026,"Honda","Passport","AWD TrailSport Elite","[PREMIUM]","[PREMIUM]",110,"SUV","Gray","Black","All-wheel Drive",,,"Gasoline",,,"dealership","[PREMIUM]","North Charleston","SC","[PREMIUM]",,"[]",,,"[PREMIUM]"
"415c0298-c1d4-4dc1-b17c-dff67f143929","2026-04-29 23:38:24.771","2026-05-05 23:38:56.162","415c0298-c1d4-4dc1-b17c-dff67f143929","[PREMIUM]","New",2026,"Toyota","Tacoma Hybrid","TRD Off Road","[PREMIUM]","[PREMIUM]",2,"Truck","04z2","Black","Four-wheel Drive",,,"Hybrid",,,"dealership","[PREMIUM]","Scottsdale","AZ","[PREMIUM]",,"[]",,,"[PREMIUM]"
"f6886623-15fe-4668-97e2-63ed572d03d3","2026-04-29 23:38:24.764","2026-04-29 23:38:24.764","f6886623-15fe-4668-97e2-63ed572d03d3","[PREMIUM]","New",2026,"Kia","Carnival Hybrid","SX Prestige","[PREMIUM]","[PREMIUM]",10,"Passenger Van","Ceramic Silver","Off-Black","Front-wheel Drive",,,"Hybrid",,,"dealership","[PREMIUM]","Union City","GA","[PREMIUM]",,"[]",,,"[PREMIUM]"
"eeaebc65-600f-4614-91a6-c2d722dd724b","2026-04-29 23:38:24.762","2026-04-29 23:38:24.762","eeaebc65-600f-4614-91a6-c2d722dd724b","[PREMIUM]","New",2026,"BMW","228 Gran Coupe","xDrive","[PREMIUM]","[PREMIUM]",12,"Sedan","Storm Bay Metallic","Oyster","All-wheel Drive",,,"Gasoline",,,"dealership","[PREMIUM]","Hyannis","MA","[PREMIUM]",,"[]",,,"[PREMIUM]"
"b1f200f0-7ff0-444f-b7ca-ec70bf48d518","2026-04-29 23:38:24.755","2026-04-29 23:38:24.755","b1f200f0-7ff0-444f-b7ca-ec70bf48d518","[PREMIUM]","New",2026,"Chevrolet","Silverado 1500","LT","[PREMIUM]","[PREMIUM]",2,"Truck","Sterling Gray Metallic","Jet Black","Four-wheel Drive",,,"Diesel",,,"dealership","[PREMIUM]","Grand Prairie","TX","[PREMIUM]",,"[]",,,"[PREMIUM]"
"02ffd0d1-4c8d-4796-986a-829f608265b4","2026-04-29 23:38:24.754","2026-04-29 23:38:24.754","02ffd0d1-4c8d-4796-986a-829f608265b4","[PREMIUM]","New",2026,"Nissan","Murano","Platinum","[PREMIUM]","[PREMIUM]",0,"SUV","Silver Metallic","Lt Gry Lth-Appointed","All-wheel Drive",,,"Gasoline",,,"dealership","[PREMIUM]","Eau Claire","WI","[PREMIUM]",,"[]",,,"[PREMIUM]"
"fe8b53db-dc8d-4df3-bdce-104cef79e308","2026-04-29 23:38:24.752","2026-04-29 23:38:24.752","fe8b53db-dc8d-4df3-bdce-104cef79e308","[PREMIUM]","New",2026,"BMW","X1","xDrive28i","[PREMIUM]","[PREMIUM]",12,"SUV","Storm Bay Metallic","Smoke White","All-wheel Drive",,,"Gasoline",,,"dealership","[PREMIUM]","Hyannis","MA","[PREMIUM]",,"[]",,,"[PREMIUM]"
"d4da7d3f-c07a-4ca2-b546-3c9376e26512","2026-04-29 23:38:04.405","2026-04-29 23:38:04.405","d4da7d3f-c07a-4ca2-b546-3c9376e26512","[PREMIUM]","New",2026,"Toyota","Grand Highlander","Limited","[PREMIUM]","[PREMIUM]",132,"SUV","Cloud","Lt Gry Lth","All-wheel Drive",,,"Gasoline",,,"dealership","[PREMIUM]","Triadelphia","WV","[PREMIUM]",,"[]",,,"[PREMIUM]"
"09cf7d59-0f42-49ce-b207-ea6d532e3ee5","2026-04-29 23:38:04.338","2026-04-29 23:38:04.338","09cf7d59-0f42-49ce-b207-ea6d532e3ee5","[PREMIUM]","New",2026,"Volkswagen","Atlas","2.0T SEL Premium R-Line 4MOTION","[PREMIUM]","[PREMIUM]",0,"SUV","&#39;&#39;&#39;&#39;","&#39;&#39;&#39;&#39;","All-wheel Drive",,,"Gasoline",,,"dealership","[PREMIUM]","Annapolis","MD","[PREMIUM]",,"[]",,,"[PREMIUM]"
"52e82ffe-917e-43da-a7d1-2a57a99bec6a","2026-04-29 23:38:04.334","2026-05-02 23:38:13.122","52e82ffe-917e-43da-a7d1-2a57a99bec6a","[PREMIUM]","New",2026,"GMC","Canyon","Denali","[PREMIUM]","[PREMIUM]",6,"Truck","Volcanic Red Tintcoat","Jet Black/Teak","Four-wheel Drive",,,"Gasoline",,,"dealership","[PREMIUM]","Arlington heights","IL","[PREMIUM]",,"[]",,,"[PREMIUM]"
"9a09a3a1-bb0f-4e91-98f9-2ae3b1adf299","2026-04-29 23:38:04.328","2026-04-29 23:38:04.328","9a09a3a1-bb0f-4e91-98f9-2ae3b1adf299","[PREMIUM]","New",2026,"Chevrolet","Colorado","Z71","[PREMIUM]","[PREMIUM]",2,"Truck","Black","Jet Black/Adrenaline Red","Four-wheel Drive",,,"Gasoline",,,"dealership","[PREMIUM]","Defiance","OH","[PREMIUM]",,"[]",,,"[PREMIUM]"
"b7e27be8-1750-4a0e-a2a6-e2a04b32aea9","2026-04-29 23:38:04.322","2026-04-29 23:38:04.322","b7e27be8-1750-4a0e-a2a6-e2a04b32aea9","[PREMIUM]","New",2026,"Chevrolet","Traverse","AWD Z71","[PREMIUM]","[PREMIUM]",2,"SUV","Sandstone Gray","Jet Black w/Torch Red Stitching","All-wheel Drive",,,"Gasoline",,,"dealership","[PREMIUM]","Sauk City","WI","[PREMIUM]",,"[]",,,"[PREMIUM]"
"964be6f0-2a51-497b-9ecb-b7cb1e991aab","2026-04-29 23:38:04.319","2026-05-02 23:38:13.113","964be6f0-2a51-497b-9ecb-b7cb1e991aab","[PREMIUM]","New",2026,"Chevrolet","Colorado","Z71","[PREMIUM]","[PREMIUM]",2,"Truck","Black","Jet Black/Adrenaline Red","Four-wheel Drive",,,"Gasoline",,,"dealership","[PREMIUM]","Defiance","OH","[PREMIUM]",,"[]",,,"[PREMIUM]"
"306b5c44-f055-4f10-8947-1235e2ac5c42","2026-04-29 23:38:04.314","2026-04-29 23:38:04.314","306b5c44-f055-4f10-8947-1235e2ac5c42","[PREMIUM]","New",2026,"Ford","Bronco","Outer Banks","[PREMIUM]","[PREMIUM]",3,"SUV","Desert Sand","Black","Four-wheel Drive",,,"Gasoline",,,"dealership","[PREMIUM]","Lake Park","FL","[PREMIUM]",,"[]",,,"[PREMIUM]"
"d8425e96-f0f8-4f73-94d2-87e48a9e2986","2026-04-29 23:38:04.313","2026-04-29 23:38:04.313","d8425e96-f0f8-4f73-94d2-87e48a9e2986","[PREMIUM]","New",2026,"Chevrolet","Silverado 1500","LT","[PREMIUM]","[PREMIUM]",1,"Truck","Red Hot",,"Four-wheel Drive",,,"Gasoline",,,"dealership","[PREMIUM]","Standish","MI","[PREMIUM]",,"[]",,,"[PREMIUM]"
"a2857c1f-0b17-4eb8-aee3-102223e910a4","2026-04-29 23:38:04.305","2026-04-29 23:38:04.305","a2857c1f-0b17-4eb8-aee3-102223e910a4","[PREMIUM]","Used",2026,"Chevrolet","Silverado 1500","LT","[PREMIUM]","[PREMIUM]",975,"Truck","Summit White","Jet Black","Four-wheel Drive",,,"Diesel",,,"dealership","[PREMIUM]","White Marsh","MD","[PREMIUM]",,"[]",,,"[PREMIUM]"
"9eb09764-798c-4354-9df0-89c934f77466","2026-04-29 23:38:04.302","2026-04-29 23:38:04.302","9eb09764-798c-4354-9df0-89c934f77466","[PREMIUM]","New",2026,"Toyota","Tacoma","TRD Off Road","[PREMIUM]","[PREMIUM]",0,"Truck","Mudbath","Boulder/Black w/Smoke Silver","Four-wheel Drive",,,"Gasoline",,,"dealership","[PREMIUM]","Merriam","KS","[PREMIUM]",,"[]",,,"[PREMIUM]"
"42d77fd3-9d1f-454a-b196-0036c7019aac","2026-04-29 23:38:04.294","2026-04-29 23:38:04.294","42d77fd3-9d1f-454a-b196-0036c7019aac","[PREMIUM]","Used",2026,"Tesla","Model Y","Long Range","[PREMIUM]","[PREMIUM]",1367,"SUV","Silver","BLACK","Four-wheel Drive",,,"Electric",,,"dealership","[PREMIUM]","Pleasanton","CA","[PREMIUM]",,"[]",,,"[PREMIUM]"
"2110bcfc-9cf0-4333-91c0-de04fa03b988","2026-04-29 23:37:43.753","2026-04-29 23:37:43.753","2110bcfc-9cf0-4333-91c0-de04fa03b988","[PREMIUM]","New",2027,"Kia","Telluride","SX","[PREMIUM]","[PREMIUM]",5,"SUV","Black / Jade","Gray","Front-wheel Drive",,,"Gasoline",,,"dealership","[PREMIUM]","Union City","GA","[PREMIUM]",,"[]",,,"[PREMIUM]"
"eae323ad-e75f-486c-b0df-ef323bca0498","2026-04-29 23:37:43.729","2026-04-29 23:37:43.729","eae323ad-e75f-486c-b0df-ef323bca0498","[PREMIUM]","New",2027,"Kia","Telluride","SX","[PREMIUM]","[PREMIUM]",0,"SUV","Ebony Black","Black","FWD",,,"Gasoline",,,"dealership","[PREMIUM]","Columbia","SC","[PREMIUM]",,"[]",,,"[PREMIUM]"
"8762c1f2-5fc0-4c1c-b2b3-65203311bb01","2026-04-29 23:37:43.727","2026-05-05 23:38:16.078","8762c1f2-5fc0-4c1c-b2b3-65203311bb01","[PREMIUM]","New",2027,"Kia","Telluride","SX","[PREMIUM]","[PREMIUM]",5,"SUV","Metal","Black","Front-wheel Drive",,,"Gasoline",,,"dealership","[PREMIUM]","Tucson","AZ","[PREMIUM]",,"[]",,,"[PREMIUM]"
"0bc3a7d6-70f6-44e7-9078-201ff1d9e8f7","2026-04-29 23:37:43.723","2026-04-29 23:37:43.723","0bc3a7d6-70f6-44e7-9078-201ff1d9e8f7","[PREMIUM]","New",2027,"Kia","Telluride Hybrid","EX","[PREMIUM]","[PREMIUM]",0,"SUV","Panthera Metal","Black","All-wheel Drive",,,"Hybrid",,,"dealership","[PREMIUM]","Denver","CO","[PREMIUM]",,"[]",,,"[PREMIUM]"
"8a6ef69d-4e1d-456c-873d-00e9e483bd74","2026-04-29 23:37:43.700","2026-04-29 23:37:43.700","8a6ef69d-4e1d-456c-873d-00e9e483bd74","[PREMIUM]","New",2027,"Kia","Telluride","X-Line EX","[PREMIUM]","[PREMIUM]",0,"SUV","Wolf Gray","Black","All-wheel Drive",,,"Gasoline",,,"dealership","[PREMIUM]","Denver","CO","[PREMIUM]",,"[]",,,"[PREMIUM]"
"da00f6ee-f8cf-4c3c-80bd-cf97a8c0bfe4","2026-04-29 23:37:03.540","2026-04-29 23:37:03.540","da00f6ee-f8cf-4c3c-80bd-cf97a8c0bfe4","[PREMIUM]","Used",2023,"Chevrolet","Silverado 1500","LT Trail Boss","[PREMIUM]","[PREMIUM]",33901,"Truck","Summit White","Jet Black","Four-wheel Drive",,,"Gasoline",,,"dealership","[PREMIUM]","Noblesville","IN","[PREMIUM]",,"[]",,,"[PREMIUM]"
"32c68a19-c74f-48f7-8b2d-d876ac18b7a5","2026-04-29 23:37:03.393","2026-04-29 23:37:03.393","32c68a19-c74f-48f7-8b2d-d876ac18b7a5","[PREMIUM]","Used",2023,"Chevrolet","Silverado 1500","LTZ","[PREMIUM]","[PREMIUM]",35644,"Truck","Iridescent Pearl Tricoat","Jet Black","Four-wheel Drive",,,"Diesel",,,"dealership","[PREMIUM]","Noblesville","IN","[PREMIUM]",,"[]",,,"[PREMIUM]"
"6d09d9e8-f7dd-476d-a7fd-7bcf39fa09f6","2026-04-29 23:36:53.129","2026-04-29 23:36:53.129","6d09d9e8-f7dd-476d-a7fd-7bcf39fa09f6","[PREMIUM]","New",2026,"RAM","1500","Warlock","[PREMIUM]","[PREMIUM]",12,"Truck","Canyon Lake","Black","Four-wheel Drive",,,"Gasoline",,,"dealership","[PREMIUM]","Antioch","IL","[PREMIUM]",,"[]",,,"[PREMIUM]"
"af520e49-4604-435a-bc0e-cc4f3b50cead","2026-04-29 23:36:53.116","2026-04-29 23:36:53.116","af520e49-4604-435a-bc0e-cc4f3b50cead","[PREMIUM]","Used",2024,"Mercedes-Benz","GLE 350","Base 4MATIC","[PREMIUM]","[PREMIUM]",24598,"SUV","Twilight Blue Metallic","Bahia Brown","All-wheel Drive",,,"Gasoline",,,"dealership","[PREMIUM]","Evansville","IN","[PREMIUM]",,"[]",,,"[PREMIUM]"
"53956aa2-a9f6-4c87-a990-b1b370571838","2026-04-29 23:36:53.084","2026-05-02 23:37:02.780","53956aa2-a9f6-4c87-a990-b1b370571838","[PREMIUM]","New",2026,"Toyota","Sienna","XLE 8 Passenger","[PREMIUM]","[PREMIUM]",15,"Minivan","Pearl","Gray","Front-wheel Drive",,,"Hybrid",,,"dealership","[PREMIUM]","Miami","FL","[PREMIUM]",,"[]",,,"[PREMIUM]"
"d2ee044d-bd50-4ec3-9b5e-1afcce15e5fa","2026-04-29 23:36:32.926","2026-05-02 23:36:42.581","d2ee044d-bd50-4ec3-9b5e-1afcce15e5fa","[PREMIUM]","New",2026,"Chevrolet","Traverse","AWD Z71","[PREMIUM]","[PREMIUM]",4,"SUV","Mosaic Black Metallic","Jet Black w/Torch Red Stitching","All-wheel Drive",,,"Gasoline",,,"dealership","[PREMIUM]","Sanger","TX","[PREMIUM]",,"[]",,,"[PREMIUM]"
"c0c63fd7-7d60-48ab-9567-4811ee460c76","2026-04-29 23:36:32.923","2026-04-29 23:36:32.923","c0c63fd7-7d60-48ab-9567-4811ee460c76","[PREMIUM]","Used",2017,"Ford","F-250","Lariat","[PREMIUM]","[PREMIUM]",74295,"Truck","SHADOW BLACK","BLACK LEATHER","Four-wheel Drive",,,"Diesel",,,"dealership","[PREMIUM]","Columbus","GA","[PREMIUM]",,"[]",,,"[PREMIUM]"
"97d6dc08-191e-4c49-91c1-05841aaca6b0","2026-04-29 23:36:32.909","2026-04-29 23:36:32.909","97d6dc08-191e-4c49-91c1-05841aaca6b0","[PREMIUM]","New",2026,"Toyota","Sienna","XLE","[PREMIUM]","[PREMIUM]",0,"Passenger Van","Wind Chill Pearl","Gray","All-wheel Drive",,,"Gasoline",,,"dealership","[PREMIUM]","Streamwood","IL","[PREMIUM]",,"[]",,,"[PREMIUM]"
"18045a9e-6494-4331-9fae-a591c2423497","2026-04-29 23:36:32.868","2026-04-29 23:36:32.868","18045a9e-6494-4331-9fae-a591c2423497","[PREMIUM]","Used",2016,"Chevrolet","Corvette","Stingray Z51","[PREMIUM]","[PREMIUM]",31459,"Coupe","Arctic White","Jet Black","Rear-wheel Drive",,,"Gasoline",,,"dealership","[PREMIUM]","Chester","PA","[PREMIUM]",,"[]",,,"[PREMIUM]"
"70433f97-f07d-4366-a11e-7fc9ae4756fd","2026-04-29 23:36:23.019","2026-04-29 23:36:23.019","70433f97-f07d-4366-a11e-7fc9ae4756fd","[PREMIUM]","Used",2019,"Ford","F-250","Lariat","[PREMIUM]","[PREMIUM]",94069,"Truck","Red","Black","Four-wheel Drive",,,"Diesel",,,"dealership","[PREMIUM]","Spotsylvania","VA","[PREMIUM]",,"[]",,,"[PREMIUM]"
"036887b5-e579-4430-8b17-4bc88dd8f2ab","2026-04-29 23:36:22.747","2026-04-29 23:36:22.747","036887b5-e579-4430-8b17-4bc88dd8f2ab","[PREMIUM]","Used",2017,"RAM","2500","Longhorn","[PREMIUM]","[PREMIUM]",129923,"Truck","Brilliant Black Crystal Pearlcoat","Black","Four-wheel Drive",,,"Diesel",,,"dealership","[PREMIUM]","Tucson","AZ","[PREMIUM]",,"[]",,,"[PREMIUM]"
"1411d224-1654-40d9-92db-337740c057ad","2026-04-29 23:36:22.708","2026-04-29 23:36:22.708","1411d224-1654-40d9-92db-337740c057ad","[PREMIUM]","Used",2017,"Ford","F-350","Lariat","[PREMIUM]","[PREMIUM]",89897,"Truck","INGOT SILVER METALLIC","BLACK LEATHER","Four-wheel Drive",,,"Diesel",,,"dealership","[PREMIUM]","Wichita Falls","TX","[PREMIUM]",,"[]",,,"[PREMIUM]"
"712e4087-0a16-4c9f-b0e9-59fc08b3a1e3","2026-04-29 23:36:22.707","2026-04-29 23:36:22.707","712e4087-0a16-4c9f-b0e9-59fc08b3a1e3","[PREMIUM]","Used",2017,"BMW","M3","Base","[PREMIUM]","[PREMIUM]",67395,"Sedan","Yas Marina Blue Metallic","Black","Rear-wheel Drive",,,"Gasoline",,,"dealership","[PREMIUM]","Peoria","IL","[PREMIUM]",,"[]",,,"[PREMIUM]"
"c2ec08d2-da24-4fad-a0d8-b21a3f7b17c9","2026-04-29 23:36:22.694","2026-04-29 23:36:22.694","c2ec08d2-da24-4fad-a0d8-b21a3f7b17c9","[PREMIUM]","Used",2017,"Chevrolet","Silverado 3500","LTZ","[PREMIUM]","[PREMIUM]",53703,"Truck","Black","Jet Black","Four-wheel Drive",,,"Diesel",,,"dealership","[PREMIUM]","Clarksville","MD","[PREMIUM]",,"[]",,,"[PREMIUM]"
"c12e3092-1c30-4690-84f7-daa3053eccc6","2026-04-29 23:36:22.694","2026-04-29 23:36:22.694","c12e3092-1c30-4690-84f7-daa3053eccc6","[PREMIUM]","Used",2017,"Chevrolet","Corvette","Stingray Z51","[PREMIUM]","[PREMIUM]",20602,"Coupe","Blade Silver Metallic","Jet Black","Rear-wheel Drive",,,"Gasoline",,,"dealership","[PREMIUM]","Peoria","AZ","[PREMIUM]",,"[]",,,"[PREMIUM]"
"e8fb9293-9113-4f27-b6ad-a4c0800c4758","2026-04-29 23:36:22.692","2026-04-29 23:36:22.692","e8fb9293-9113-4f27-b6ad-a4c0800c4758","[PREMIUM]","Used",2017,"Chevrolet","Corvette","Stingray Z51","[PREMIUM]","[PREMIUM]",31863,"Coupe","White","RED","Rear-wheel Drive",,,"Gasoline",,,"dealership","[PREMIUM]","Greensboro","NC","[PREMIUM]",,"[]",,,"[PREMIUM]"
"dcb6f71b-4072-4b1f-be2c-0d85f5c1a882","2026-04-29 23:36:22.685","2026-04-29 23:36:22.685","dcb6f71b-4072-4b1f-be2c-0d85f5c1a882","[PREMIUM]","New",2027,"Kia","Telluride","SX","[PREMIUM]","[PREMIUM]",10,"SUV","Ebony Black","Black","All-wheel Drive",,,"Gasoline",,,"dealership","[PREMIUM]","Schaumburg","IL","[PREMIUM]",,"[]",,,"[PREMIUM]"
"049bb8f7-4f61-42fc-9bbc-d9461d32867c","2026-04-29 23:36:22.681","2026-05-02 23:36:42.848","049bb8f7-4f61-42fc-9bbc-d9461d32867c","[PREMIUM]","Used",2018,"Ford","F-150","Raptor","[PREMIUM]","[PREMIUM]",46932,"Truck","Shadow Black","Orange Accent","Four-wheel Drive",,,"Gasoline",,,"dealership","[PREMIUM]","South Jordan","UT","[PREMIUM]",,"[]",,,"[PREMIUM]"
"c1a121ee-52a0-4df9-96c2-1a18927a291e","2026-04-29 23:36:22.675","2026-04-29 23:36:22.675","c1a121ee-52a0-4df9-96c2-1a18927a291e","[PREMIUM]","Used",2017,"Chevrolet","Corvette","Stingray","[PREMIUM]","[PREMIUM]",13807,"Coupe","Silver","BLACK","Rear-wheel Drive",,,"Gasoline",,,"dealership","[PREMIUM]","Stockton","CA","[PREMIUM]",,"[]",,,"[PREMIUM]"
"913b1196-8376-434a-9d81-d62cf310f392","2026-04-29 23:36:12.426","2026-04-29 23:36:12.426","913b1196-8376-434a-9d81-d62cf310f392","[PREMIUM]","Used",2018,"Chevrolet","Camaro","2SS","[PREMIUM]","[PREMIUM]",33966,"Coupe","Hyper Blue Metallic","Jet Black","Rear-wheel Drive",,,"Gasoline",,,"dealership","[PREMIUM]","Greenwood","IN","[PREMIUM]",,"[]",,,"[PREMIUM]"
"5136ea82-3c75-4d6c-8f5b-5b61afde683b","2026-04-29 23:36:12.418","2026-04-29 23:36:12.418","5136ea82-3c75-4d6c-8f5b-5b61afde683b","[PREMIUM]","Used",2019,"Ford","F-250","Lariat","[PREMIUM]","[PREMIUM]",75999,"Truck","Magma Red","Black","Four-wheel Drive",,,"Gasoline",,,"dealership","[PREMIUM]","North Huntingdon","PA","[PREMIUM]",,"[]",,,"[PREMIUM]"
"b804c140-3474-4006-a239-037010ea34d3","2026-04-29 23:36:12.418","2026-04-29 23:36:12.418","b804c140-3474-4006-a239-037010ea34d3","[PREMIUM]","Used",2019,"Chevrolet","Camaro","2SS","[PREMIUM]","[PREMIUM]",11455,"Coupe","Black","Jet Black","Rear-wheel Drive",,,"Gasoline",,,"dealership","[PREMIUM]","Fort Wayne","IN","[PREMIUM]",,"[]",,,"[PREMIUM]"
"c3c08af0-2ae8-4c7b-8401-ba3358722221","2026-04-29 23:36:12.417","2026-04-29 23:36:12.417","c3c08af0-2ae8-4c7b-8401-ba3358722221","[PREMIUM]","Used",2019,"Ford","F-150","Raptor","[PREMIUM]","[PREMIUM]",51866,"Truck","Red","BLACK","Four-wheel Drive",,,"Gasoline",,,"dealership","[PREMIUM]","Bakersfield","CA","[PREMIUM]",,"[]",,,"[PREMIUM]"
"f8d09690-a3aa-46c8-aa53-fb729577f12e","2026-04-29 23:36:02.313","2026-04-29 23:36:02.313","f8d09690-a3aa-46c8-aa53-fb729577f12e","[PREMIUM]","Used",2020,"Ford","F-150","Raptor","[PREMIUM]","[PREMIUM]",61500,"Truck","Oxford White","Blue Accent","Four-wheel Drive",,,"Gasoline",,,"dealership","[PREMIUM]","Chandler","AZ","[PREMIUM]",,"[]",,,"[PREMIUM]"
"a16acd79-4f59-45a7-826b-fc59068b3843","2026-04-29 23:36:02.308","2026-04-29 23:36:02.308","a16acd79-4f59-45a7-826b-fc59068b3843","[PREMIUM]","Used",2020,"Dodge","Challenger","SRT Hellcat","[PREMIUM]","[PREMIUM]",20015,"Coupe","Pitch Black Clearcoat","Black","Rear-wheel Drive",,,"Gasoline",,,"dealership","[PREMIUM]","Franklin Square","NY","[PREMIUM]",,"[]",,,"[PREMIUM]"
"3590dfb5-1fd9-4af1-b4cf-abc77a30e9d8","2026-04-29 23:36:02.283","2026-04-29 23:36:02.283","3590dfb5-1fd9-4af1-b4cf-abc77a30e9d8","[PREMIUM]","Used",2020,"Ford","Transit-250","Base","[PREMIUM]","[PREMIUM]",46639,"Cargo Van","White","Black","Rear-wheel Drive",,,"Gasoline",,,"dealership","[PREMIUM]","Clearwater","FL","[PREMIUM]",,"[]",,,"[PREMIUM]"
"7b232d8a-0b77-4870-91bc-b842536f5d0c","2026-04-29 23:35:51.876","2026-05-02 23:36:01.548","7b232d8a-0b77-4870-91bc-b842536f5d0c","[PREMIUM]","Used",2020,"Chevrolet","Camaro","1SS","[PREMIUM]","[PREMIUM]",14162,"Coupe","Summit White","Jet Black","Rear-wheel Drive",,,"Gasoline",,,"dealership","[PREMIUM]","Warrenton","VA","[PREMIUM]",,"[]",,,"[PREMIUM]"
"2b3e3f82-acbc-4a36-872e-a12fb52a3921","2026-04-29 23:35:41.694","2026-04-29 23:35:41.694","2b3e3f82-acbc-4a36-872e-a12fb52a3921","[PREMIUM]","Used",2021,"Toyota","4Runner","TRD Pro","[PREMIUM]","[PREMIUM]",64289,"SUV","Lunar Rock","Black/Graphite","Four-wheel Drive",,,"Gasoline",,,"dealership","[PREMIUM]","White Marsh","MD","[PREMIUM]",,"[]",,,"[PREMIUM]"
"36baefae-12eb-4f1b-8582-6f2b20ebe0f7","2026-04-29 23:35:31.680","2026-04-29 23:35:31.680","36baefae-12eb-4f1b-8582-6f2b20ebe0f7","[PREMIUM]","Used",2021,"GMC","Yukon","Denali","[PREMIUM]","[PREMIUM]",78322,"SUV","White Frost Tricoat","Teak/Light Shale","Four-wheel Drive",,,"Gasoline",,,"dealership","[PREMIUM]","Marion","OH","[PREMIUM]",,"[]",,,"[PREMIUM]"
"b7ccf65f-4310-48e9-9213-f4f40e1c774f","2026-04-29 23:35:31.624","2026-04-29 23:35:31.624","b7ccf65f-4310-48e9-9213-f4f40e1c774f","[PREMIUM]","Used",2021,"Toyota","4Runner","TRD Pro","[PREMIUM]","[PREMIUM]",64122,"SUV","Magnetic Gray Metallic","Black/Graphite","Four-wheel Drive",,,"Gasoline",,,"dealership","[PREMIUM]","Richardson","TX","[PREMIUM]",,"[]",,,"[PREMIUM]"
"0eb57537-5590-4f9f-ba9c-869c583499a6","2026-04-29 23:35:31.613","2026-04-29 23:35:31.613","0eb57537-5590-4f9f-ba9c-869c583499a6","[PREMIUM]","Used",2021,"Chevrolet","Silverado 1500","RST","[PREMIUM]","[PREMIUM]",55298,"Truck","Satin Steel Metallic","Jet Black","Four-wheel Drive",,,"Gasoline",,,"dealership","[PREMIUM]","Atmore","AL","[PREMIUM]",,"[]",,,"[PREMIUM]"
"679c5a2e-0f61-465c-bf90-26b80e1d99a5","2026-04-29 23:35:31.600","2026-04-29 23:35:31.600","679c5a2e-0f61-465c-bf90-26b80e1d99a5","[PREMIUM]","Used",2021,"Dodge","Challenger","R/T Scat Pack Widebody","[PREMIUM]","[PREMIUM]",17129,"Coupe","Red","RED","Rear-wheel Drive",,,"Gasoline",,,"dealership","[PREMIUM]","Henderson","NV","[PREMIUM]",,"[]",,,"[PREMIUM]"
"22d24500-41da-4843-8907-fcf0fae05209","2026-04-29 23:35:31.594","2026-04-29 23:35:31.594","22d24500-41da-4843-8907-fcf0fae05209","[PREMIUM]","Used",2021,"Lexus","GX 460","Base","[PREMIUM]","[PREMIUM]",49042,"SUV","Starfire Pearl","Ecru","Four-wheel Drive",,,"Gasoline",,,"dealership","[PREMIUM]","Greensboro","NC","[PREMIUM]",,"[]",,,"[PREMIUM]"
"506a3123-b398-4639-bf0b-9ca04f6a4f4d","2026-04-29 23:35:31.593","2026-04-29 23:35:31.593","506a3123-b398-4639-bf0b-9ca04f6a4f4d","[PREMIUM]","Used",2021,"Toyota","4Runner","TRD Off Road Premium","[PREMIUM]","[PREMIUM]",46484,"SUV","Classic Silver Metallic","Black/Graphite","Four-wheel Drive",,,"Gasoline",,,"dealership","[PREMIUM]","Oakland","CA","[PREMIUM]",,"[]",,,"[PREMIUM]"
"e3c28640-5688-44bc-8747-a4a3cf1c78c8","2026-04-29 23:35:31.591","2026-04-29 23:35:31.591","e3c28640-5688-44bc-8747-a4a3cf1c78c8","[PREMIUM]","Used",2021,"Mercedes-Benz","GLS 450",,"[PREMIUM]","[PREMIUM]",51853,"SUV","White","GRAY","Four-wheel Drive",,,"Gasoline",,,"dealership","[PREMIUM]","Charlotte","NC","[PREMIUM]",,"[]",,,"[PREMIUM]"
"58651f5a-a0b4-476e-9756-67b5221b6419","2026-04-29 23:35:31.579","2026-04-29 23:35:31.579","58651f5a-a0b4-476e-9756-67b5221b6419","[PREMIUM]","Used",2021,"Ford","F-250","Lariat","[PREMIUM]","[PREMIUM]",123705,"Truck","Silver Metallic","Black","Four-wheel Drive",,,"Diesel",,,"dealership","[PREMIUM]","Fort Smith","AR","[PREMIUM]",,"[]",,,"[PREMIUM]"
"fce6637c-0b94-48c0-9552-ac9ac2d42396","2026-04-29 23:35:31.576","2026-04-29 23:35:31.576","fce6637c-0b94-48c0-9552-ac9ac2d42396","[PREMIUM]","Used",2021,"GMC","Yukon XL","Denali","[PREMIUM]","[PREMIUM]",84469,"SUV","White Frost Tricoat","Jet Black","Four-wheel Drive",,,"Gasoline",,,"dealership","[PREMIUM]","Ottumwa","IA","[PREMIUM]",,"[]",,,"[PREMIUM]"
"05cdabbf-7048-417e-804c-51d695222e3b","2026-04-29 23:35:31.570","2026-04-29 23:35:31.570","05cdabbf-7048-417e-804c-51d695222e3b","[PREMIUM]","Used",2021,"Chevrolet","Silverado 1500","High Country","[PREMIUM]","[PREMIUM]",33010,"Truck","Black","Jet Black","Four-wheel Drive",,,"Gasoline",,,"dealership","[PREMIUM]","Marysville","WA","[PREMIUM]",,"[]",,,"[PREMIUM]"
"6a700a60-47ee-4e39-be4a-571374c7a343","2026-04-29 23:35:31.560","2026-04-29 23:35:31.560","6a700a60-47ee-4e39-be4a-571374c7a343","[PREMIUM]","Used",2021,"GMC","Sierra 1500","Denali","[PREMIUM]","[PREMIUM]",38294,"Truck","Cayenne Red Tintcoat","Jet Black","Four-wheel Drive",,,"Gasoline",,,"dealership","[PREMIUM]","Green Bay","WI","[PREMIUM]",,"[]",,,"[PREMIUM]"
"188f4e94-e608-4b1a-9492-e73bf20650f7","2026-04-29 23:35:31.559","2026-04-29 23:35:31.559","188f4e94-e608-4b1a-9492-e73bf20650f7","[PREMIUM]","Used",2021,"Mercedes-Benz","C-Class",,"[PREMIUM]","[PREMIUM]",42981,"Coupe","Gray","BLACK","Rear-wheel Drive",,,"Gasoline",,,"dealership","[PREMIUM]","Virginia Beach","VA","[PREMIUM]",,"[]",,,"[PREMIUM]"
"08e4e897-14fa-4fa8-afe5-dd190319ecbb","2026-04-29 23:35:31.551","2026-04-29 23:35:31.551","08e4e897-14fa-4fa8-afe5-dd190319ecbb","[PREMIUM]","Used",2021,"Audi","S7","Prestige TFSI quattro Tiptronic","[PREMIUM]","[PREMIUM]",54122,"Hatchback","Glacier White Metallic","Arras Red","All-wheel Drive",,,"Gasoline",,,"dealership","[PREMIUM]","Brodheadsville","PA","[PREMIUM]",,"[]",,,"[PREMIUM]"
"bf10f71e-50b4-4d06-8a81-50319adde5ed","2026-04-29 23:35:31.514","2026-04-29 23:35:31.514","bf10f71e-50b4-4d06-8a81-50319adde5ed","[PREMIUM]","Used",2021,"Mercedes-Benz","AMG GLC 43",,"[PREMIUM]","[PREMIUM]",19488,"SUV","White","BURGUNDY","4WD",,,"Gas",,,"dealership","[PREMIUM]","Edison","NJ","[PREMIUM]",,"[]",,,"[PREMIUM]"
"b7ee000c-a3b9-4f1a-ac29-e6518e708105","2026-04-29 23:35:21.185","2026-04-29 23:35:21.185","b7ee000c-a3b9-4f1a-ac29-e6518e708105","[PREMIUM]","Used",2022,"Lexus","RX 350","F SPORT Handling","[PREMIUM]","[PREMIUM]",22004,"SUV","Nebula Gray Pearl","Red Nv","All-wheel Drive",,,"Gasoline",,,"dealership","[PREMIUM]","Spring","TX","[PREMIUM]",,"[]",,,"[PREMIUM]"
"4e636a3f-5721-46f4-84b9-eae5cd5204a2","2026-04-29 23:35:11.466","2026-04-29 23:35:11.466","4e636a3f-5721-46f4-84b9-eae5cd5204a2","[PREMIUM]","Used",2022,"Chevrolet","Tahoe","4WD Z71","[PREMIUM]","[PREMIUM]",72245,"SUV","Cherry Red Tintcoat","Jet Black","Four-wheel Drive",,,"Gasoline",,,"dealership","[PREMIUM]","Greer","SC","[PREMIUM]",,"[]",,,"[PREMIUM]"
"174c338a-9dfd-46ea-9df0-d21814bb5ed6","2026-04-29 23:35:11.093","2026-05-02 23:35:20.907","174c338a-9dfd-46ea-9df0-d21814bb5ed6","[PREMIUM]","Used",2023,"Ford","F-150","XLT","[PREMIUM]","[PREMIUM]",20692,"Truck","Agate Black Metallic","Black w/Medium Dark Slate","Four-wheel Drive",,,"Gasoline",,,"dealership","[PREMIUM]","Winchester","VA","[PREMIUM]",,"[]",,,"[PREMIUM]"
"ed158ddb-3452-4947-b506-6733cfea3b09","2026-04-29 23:35:11.058","2026-04-29 23:35:11.058","ed158ddb-3452-4947-b506-6733cfea3b09","[PREMIUM]","Used",2023,"Chevrolet","Silverado 1500","High Country","[PREMIUM]","[PREMIUM]",27293,"Truck","Black","Jet Black/Umber","Four-wheel Drive",,,"Gasoline",,,"dealership","[PREMIUM]","Coconut Creek","FL","[PREMIUM]",,"[]",,,"[PREMIUM]"
"9d580442-6d7f-4e0b-b749-d439e10b3aa1","2026-04-29 23:35:11.052","2026-04-29 23:35:11.052","9d580442-6d7f-4e0b-b749-d439e10b3aa1","[PREMIUM]","Used",2023,"Ford","F-150","Lariat","[PREMIUM]","[PREMIUM]",43867,"Truck","Agate Black","Black","Four-wheel Drive",,,"Gasoline",,,"dealership","[PREMIUM]","Fitchburg","MA","[PREMIUM]",,"[]",,,"[PREMIUM]"
"e421915c-2f55-4044-946d-c84823b5b63a","2026-04-29 23:35:11.021","2026-04-29 23:35:11.021","e421915c-2f55-4044-946d-c84823b5b63a","[PREMIUM]","Used",2022,"Ford","F-150","Tremor","[PREMIUM]","[PREMIUM]",27210,"Truck","Agate Black Metallic","Black","Four-wheel Drive",,,"Gasoline",,,"dealership","[PREMIUM]","Duncansville","PA","[PREMIUM]",,"[]",,,"[PREMIUM]"
"db6ffaae-1b6b-44bc-bf55-3a8c4d51dbd3","2026-04-29 23:35:11.021","2026-04-29 23:35:11.021","db6ffaae-1b6b-44bc-bf55-3a8c4d51dbd3","[PREMIUM]","Used",2023,"Ford","F-150","Lariat","[PREMIUM]","[PREMIUM]",26248,"Truck","OXFORD WHITE","BLACK INT W/BLACK LTHR TRIM","Four-wheel Drive",,,"Gasoline",,,"dealership","[PREMIUM]","Duncanville","TX","[PREMIUM]",,"[]",,,"[PREMIUM]"
"4b45b661-969c-4fe3-908b-c3ba6cab66fa","2026-04-29 23:35:11.012","2026-04-29 23:35:11.012","4b45b661-969c-4fe3-908b-c3ba6cab66fa","[PREMIUM]","Used",2022,"Chevrolet","Silverado 1500","LTZ","[PREMIUM]","[PREMIUM]",16158,"Truck","Gray","BLACK","Four-wheel Drive",,,"Gasoline",,,"dealership","[PREMIUM]","Merriam","KS","[PREMIUM]",,"[]",,,"[PREMIUM]"
"fd8d6064-96e2-4a73-8136-47bf7ae50054","2026-04-29 23:35:11.011","2026-04-29 23:35:11.011","fd8d6064-96e2-4a73-8136-47bf7ae50054","[PREMIUM]","Used",2022,"Lexus","RX 350","Base","[PREMIUM]","[PREMIUM]",42859,"SUV","Atomic Silver","Birch","All-wheel Drive",,,"Gasoline",,,"dealership","[PREMIUM]","Palatine","IL","[PREMIUM]",,"[]",,,"[PREMIUM]"
"432d8f11-0e4b-4749-9f7d-6ba3401e0be5","2026-04-29 23:35:11.006","2026-05-11 23:35:54.406","432d8f11-0e4b-4749-9f7d-6ba3401e0be5","[PREMIUM]","Used",2023,"Volvo","XC90","B6 Ultimate 7-Seater","[PREMIUM]","[PREMIUM]",24286,"SUV","Denim Blue Metallic","Charcoal","All-wheel Drive",,,"Gasoline",,,"dealership","[PREMIUM]","Fredericksburg","VA","[PREMIUM]",,"[]",,,"[PREMIUM]"
"f1661c50-b554-4876-affb-49aff878f0cf","2026-04-29 23:35:11.004","2026-04-29 23:35:11.004","f1661c50-b554-4876-affb-49aff878f0cf","[PREMIUM]","Used",2023,"Chevrolet","Silverado 1500","LT Trail Boss","[PREMIUM]","[PREMIUM]",29280,"Truck","Dark Ash Metallic","Jet Black","Four-wheel Drive",,,"Gasoline",,,"dealership","[PREMIUM]","Scottsburg","IN","[PREMIUM]",,"[]",,,"[PREMIUM]"
"9f924ced-bd80-43f8-8c4d-11271763695e","2026-04-29 23:35:10.999","2026-05-02 23:35:20.858","9f924ced-bd80-43f8-8c4d-11271763695e","[PREMIUM]","Used",2022,"GMC","Sierra 1500","Denali","[PREMIUM]","[PREMIUM]",30149,"Truck","White Frost Tricoat","Jet Black","Four-wheel Drive",,,"Gasoline",,,"dealership","[PREMIUM]","Port Orchard","WA","[PREMIUM]",,"[]",,,"[PREMIUM]"
"33e9c8a4-cc1d-427a-af1a-bd06b6a89c1f","2026-04-29 23:35:10.995","2026-04-29 23:35:10.995","33e9c8a4-cc1d-427a-af1a-bd06b6a89c1f","[PREMIUM]","Used",2023,"BMW","X5","xDrive40i","[PREMIUM]","[PREMIUM]",28008,"SUV","Black Sapphire Metallic","Black","All-wheel Drive",,,"Gasoline",,,"dealership","[PREMIUM]","Denver","CO","[PREMIUM]",,"[]",,,"[PREMIUM]"
"be592fc6-c596-460f-a822-a0d032cca2cd","2026-04-29 23:35:10.989","2026-04-29 23:35:10.989","be592fc6-c596-460f-a822-a0d032cca2cd","[PREMIUM]","Used",2023,"Ford","F-250","XL","[PREMIUM]","[PREMIUM]",13131,"Truck","Iconic Silver Metallic","Medium Dark Slate","Four-wheel Drive",,,"Gasoline",,,"dealership","[PREMIUM]","Clarksburg","WV","[PREMIUM]",,"[]",,,"[PREMIUM]"
"f5dbdcfb-de2a-4b31-a848-5edf7ee019f2","2026-04-29 23:35:10.981","2026-04-29 23:35:10.981","f5dbdcfb-de2a-4b31-a848-5edf7ee019f2","[PREMIUM]","Used",2023,"Dodge","Charger","Scat Pack","[PREMIUM]","[PREMIUM]",24795,"Sedan","Frostbite","Black","Rear-wheel Drive",,,"Gasoline",,,"dealership","[PREMIUM]","Tracy","CA","[PREMIUM]",,"[]",,,"[PREMIUM]"
"65f29153-f6e0-48e9-a0e8-606a90be3e70","2026-04-29 23:35:10.974","2026-04-29 23:35:10.974","65f29153-f6e0-48e9-a0e8-606a90be3e70","[PREMIUM]","Used",2022,"Chevrolet","Suburban","4WD High Country","[PREMIUM]","[PREMIUM]",96868,"SUV","Iridescent Pearl Tricoat","Jet Black/Mocha","Four-wheel Drive",,,"Diesel",,,"dealership","[PREMIUM]","Decatur","GA","[PREMIUM]",,"[]",,,"[PREMIUM]"
"c29077cc-3c0a-4d8f-b4f1-7417a2d13acd","2026-04-29 23:35:10.967","2026-04-29 23:35:10.967","c29077cc-3c0a-4d8f-b4f1-7417a2d13acd","[PREMIUM]","Used",2023,"Toyota","Tundra","Limited","[PREMIUM]","[PREMIUM]",27202,"Truck","Green","GRAY","Rear-wheel Drive",,,"Gasoline",,,"dealership","[PREMIUM]","Houston","TX","[PREMIUM]",,"[]",,,"[PREMIUM]"
"0040dad3-4c15-46ee-8279-1e6455bcc1fe","2026-04-29 23:35:10.966","2026-04-29 23:35:10.966","0040dad3-4c15-46ee-8279-1e6455bcc1fe","[PREMIUM]","Used",2022,"BMW","M440","i","[PREMIUM]","[PREMIUM]",28696,"Convertible","Dravit Gray Metallic","Tacora Red","Rear-wheel Drive",,,"Gasoline",,,"dealership","[PREMIUM]","Fort Myers","FL","[PREMIUM]",,"[]",,,"[PREMIUM]"
"e646f739-9b3d-489f-ad03-c0827d7ea5f0","2026-04-29 23:35:10.954","2026-04-29 23:35:10.954","e646f739-9b3d-489f-ad03-c0827d7ea5f0","[PREMIUM]","Used",2023,"Chevrolet","Silverado 1500","LTZ","[PREMIUM]","[PREMIUM]",21323,"Truck","Black","BLACK","Four-wheel Drive",,,"Gasoline",,,"dealership","[PREMIUM]","Houston","TX","[PREMIUM]",,"[]",,,"[PREMIUM]"
"113988f6-7a8e-4d24-835f-2bb505776c6a","2026-04-29 23:35:10.948","2026-04-29 23:35:10.948","113988f6-7a8e-4d24-835f-2bb505776c6a","[PREMIUM]","Used",2022,"Audi","e-tron GT","Prestige","[PREMIUM]","[PREMIUM]",42302,"Sedan","Gray","BLACK","Four-wheel Drive",,,"Electric",,,"dealership","[PREMIUM]","Roseville","CA","[PREMIUM]",,"[]",,,"[PREMIUM]"
"722f4061-f3e0-47e4-8867-018d151922b1","2026-04-29 23:35:00.444","2026-04-29 23:35:00.444","722f4061-f3e0-47e4-8867-018d151922b1","[PREMIUM]","Used",2023,"Chevrolet","Camaro","1SS","[PREMIUM]","[PREMIUM]",10011,"Coupe","Rapid Blue","Jet Black","Rear-wheel Drive",,,"Gasoline",,,"dealership","[PREMIUM]","Green Bay","WI","[PREMIUM]",,"[]",,,"[PREMIUM]"
"c68ddc6e-4ba2-4770-a865-f1b59500ed97","2026-04-29 23:35:00.444","2026-04-29 23:35:00.444","c68ddc6e-4ba2-4770-a865-f1b59500ed97","[PREMIUM]","Used",2023,"Lexus","RX 350h","Premium Plus","[PREMIUM]","[PREMIUM]",35749,"SUV","Silver","BLACK","Four-wheel Drive",,,"Hybrid",,,"dealership","[PREMIUM]","Warrensville Heights","OH","[PREMIUM]",,"[]",,,"[PREMIUM]"
"b0ecd8f3-05c5-4087-a144-a6c1b528ec93","2026-04-29 23:35:00.434","2026-04-29 23:35:00.434","b0ecd8f3-05c5-4087-a144-a6c1b528ec93","[PREMIUM]","Used",2023,"Chevrolet","Silverado 1500","RST","[PREMIUM]","[PREMIUM]",29863,"Truck","Glacier Blue Metallic","Jet Black","Four-wheel Drive",,,"Gasoline",,,"dealership","[PREMIUM]","Little Falls","NJ","[PREMIUM]",,"[]",,,"[PREMIUM]"
"839e90d1-1de6-4a31-b505-a43efb77435c","2026-04-29 23:35:00.410","2026-04-29 23:35:00.410","839e90d1-1de6-4a31-b505-a43efb77435c","[PREMIUM]","Used",2023,"GMC","Yukon","Denali","[PREMIUM]","[PREMIUM]",111000,"SUV","Onyx Black","Teak/Light Shale","Four-wheel Drive",,,"Gasoline",,,"dealership","[PREMIUM]","Birmingham","AL","[PREMIUM]",,"[]",,,"[PREMIUM]"
"76461eb9-c983-42d8-a906-50869595028a","2026-04-29 23:35:00.404","2026-04-29 23:35:00.404","76461eb9-c983-42d8-a906-50869595028a","[PREMIUM]","Used",2023,"Ford","F-150","XLT","[PREMIUM]","[PREMIUM]",17514,"Truck","Black","BLACK","Four-wheel Drive",,,"Gasoline",,,"dealership","[PREMIUM]","Doral","FL","[PREMIUM]",,"[]",,,"[PREMIUM]"
"7ef786f6-82a8-4a97-a0a3-9d816690e2e5","2026-04-29 23:35:00.402","2026-04-29 23:35:00.402","7ef786f6-82a8-4a97-a0a3-9d816690e2e5","[PREMIUM]","Used",2023,"BMW","X5 PHEV","xDrive45e","[PREMIUM]","[PREMIUM]",42045,"SUV","Black Sapphire Metallic","Black","All-wheel Drive",,,"Gasoline",,,"dealership","[PREMIUM]","Newport News","VA","[PREMIUM]",,"[]",,,"[PREMIUM]"
"f4058d69-6fa9-45c4-95d6-7af8c30422a2","2026-04-29 23:35:00.351","2026-04-29 23:35:00.351","f4058d69-6fa9-45c4-95d6-7af8c30422a2","[PREMIUM]","Used",2023,"Audi","e-tron GT","Prestige quattro","[PREMIUM]","[PREMIUM]",14399,"Sedan","Suzuka Gray Metallic","Arras Red","All-wheel Drive",,,"Electric",,,"dealership","[PREMIUM]","Gilbert","AZ","[PREMIUM]",,"[]",,,"[PREMIUM]"
"1636d389-00b8-488a-943c-f43bef027974","2026-04-29 23:35:00.338","2026-04-29 23:35:00.338","1636d389-00b8-488a-943c-f43bef027974","[PREMIUM]","Used",2023,"Jeep","Wagoneer L",,"[PREMIUM]","[PREMIUM]",46538,"SUV","White","BLACK","Four-wheel Drive",,,"Gasoline",,,"dealership","[PREMIUM]","Lakeland","FL","[PREMIUM]",,"[]",,,"[PREMIUM]"
"3b54e447-a0a0-4307-9e86-b1b6b7bc4134","2026-04-29 23:35:00.330","2026-04-29 23:35:00.330","3b54e447-a0a0-4307-9e86-b1b6b7bc4134","[PREMIUM]","Used",2023,"Audi","A6","55 Premium Plus","[PREMIUM]","[PREMIUM]",10800,"Sedan","Mythos Black Metallic","Black","All-wheel Drive",,,"Gasoline",,,"dealership","[PREMIUM]","Englewood","NJ","[PREMIUM]",,"[]",,,"[PREMIUM]"
"e89234d1-2fa1-4592-a837-c041869dbe95","2026-04-29 23:35:00.314","2026-04-29 23:35:00.314","e89234d1-2fa1-4592-a837-c041869dbe95","[PREMIUM]","Used",2023,"Mercedes-Benz","Sprinter 2500",,"[PREMIUM]","[PREMIUM]",35163,"Cargo Van","White","BLACK","Rear-wheel Drive",,,"Diesel",,,"dealership","[PREMIUM]","Austin","TX","[PREMIUM]",,"[]",,,"[PREMIUM]"
"8529d59a-3cdb-4a01-b09e-543dec6a9bd9","2026-04-29 23:34:39.956","2026-04-29 23:34:39.956","8529d59a-3cdb-4a01-b09e-543dec6a9bd9","[PREMIUM]","Used",2024,"Toyota","Sienna","LE","[PREMIUM]","[PREMIUM]",11514,"Passenger Van","Celestial Silver Metallic","Graphite","Front-wheel Drive",,,"Gasoline",,,"dealership","[PREMIUM]","Urbana","IL","[PREMIUM]",,"[]",,,"[PREMIUM]"
"ef0d3228-ea5e-4434-920d-392d45939349","2026-04-29 23:34:39.934","2026-04-29 23:34:39.934","ef0d3228-ea5e-4434-920d-392d45939349","[PREMIUM]","Used",2024,"Jeep","Wagoneer","Series II","[PREMIUM]","[PREMIUM]",39157,"SUV","Diamond Black Crystal Pearlcoat","Global Black","Four-wheel Drive",,,"Gasoline",,,"dealership","[PREMIUM]","Morton","IL","[PREMIUM]",,"[]",,,"[PREMIUM]"
"632c26d2-1a60-41be-9c55-4aa8b733c578","2026-04-29 23:34:29.792","2026-04-29 23:34:29.792","632c26d2-1a60-41be-9c55-4aa8b733c578","[PREMIUM]","Used",2024,"RAM","2500","Tradesman Crew Cab 4x4 6&#39;4&#39; Box","[PREMIUM]","[PREMIUM]",27125,"Truck","Billet Silver Metallic Clearcoat","Black","Four-wheel Drive",,,"Diesel",,,"dealership","[PREMIUM]","Greer","SC","[PREMIUM]",,"[]",,,"[PREMIUM]"
"1cdd3da8-4271-4247-9b93-90eaaea63e53","2026-04-29 23:34:29.776","2026-05-02 23:34:40.254","1cdd3da8-4271-4247-9b93-90eaaea63e53","[PREMIUM]","Used",2024,"Ford","F-150","XLT","[PREMIUM]","[PREMIUM]",9334,"Truck","Iconic Silver Metallic","Black","Four-wheel Drive",,,"Gasoline",,,"dealership","[PREMIUM]","Forest Lake","MN","[PREMIUM]",,"[]",,,"[PREMIUM]"
"65d990d6-10af-44c2-ab68-3181f19c187c","2026-04-29 23:34:09.881","2026-04-29 23:34:09.881","65d990d6-10af-44c2-ab68-3181f19c187c","[PREMIUM]","Used",2024,"Cadillac","XT6","Sport AWD","[PREMIUM]","[PREMIUM]",22173,"SUV","Crystal White Tricoat",,"All-wheel Drive",,,"Gasoline",,,"dealership","[PREMIUM]","Campbellsville","KY","[PREMIUM]",,"[]",,,"[PREMIUM]"
"0b080226-d85b-4d00-a47c-9c9c929a6757","2026-04-29 23:34:09.638","2026-04-29 23:34:09.638","0b080226-d85b-4d00-a47c-9c9c929a6757","[PREMIUM]","Used",2024,"Ford","Transit-350","Base","[PREMIUM]","[PREMIUM]",11360,"Cargo Van","Oxford White","Dark Palazzo Gray","Rear-wheel Drive",,,"Gasoline",,,"dealership","[PREMIUM]","Canton","MA","[PREMIUM]",,"[]",,,"[PREMIUM]"
"19d3da8c-4cdd-4bd2-b5cf-127edc21076f","2026-04-29 23:34:09.603","2026-05-02 23:34:19.872","19d3da8c-4cdd-4bd2-b5cf-127edc21076f","[PREMIUM]","Used",2024,"Toyota","Tundra","Limited","[PREMIUM]","[PREMIUM]",42867,"Truck","Magnetic Gray Metallic","Black","4WD",,,"Gasoline",,,"dealership","[PREMIUM]","Watsonville","CA","[PREMIUM]",,"[]",,,"[PREMIUM]"
"99a72fc2-cdda-407f-b443-73ab21c82a14","2026-04-29 23:34:09.590","2026-05-02 23:34:19.952","99a72fc2-cdda-407f-b443-73ab21c82a14","[PREMIUM]","Used",2024,"Chevrolet","Silverado 1500","LTZ","[PREMIUM]","[PREMIUM]",28340,"Truck","Lakeshore Blue Metallic","Jet Black","Four-wheel Drive",,,"Gasoline",,,"dealership","[PREMIUM]","Columbia","TN","[PREMIUM]",,"[]",,,"[PREMIUM]"
"de4bec55-bbd8-4e19-af74-dc69f841930b","2026-04-29 23:34:09.577","2026-05-02 23:34:19.795","de4bec55-bbd8-4e19-af74-dc69f841930b","[PREMIUM]","Used",2024,"Ford","Ranger","Lariat","[PREMIUM]","[PREMIUM]",10517,"Truck","Hot Pepper Red Metallic Tinted Clearcoat","Sandstone","Four-wheel Drive",,,"Gasoline",,,"dealership","[PREMIUM]","Tyrone","PA","[PREMIUM]",,"[]",,,"[PREMIUM]"
"2e1773f6-d855-47e7-8c58-729b5626d791","2026-04-29 23:34:09.557","2026-04-29 23:34:09.557","2e1773f6-d855-47e7-8c58-729b5626d791","[PREMIUM]","Used",2024,"Lexus","RX 350","Premium","[PREMIUM]","[PREMIUM]",36329,"SUV","Caviar","Birch w/Black Open Pore","Front-wheel Drive",,,"Gasoline",,,"dealership","[PREMIUM]","Durham","NC","[PREMIUM]",,"[]",,,"[PREMIUM]"
"ccc4d003-3f81-4fcd-80d5-4a83bc1fb96e","2026-04-29 23:34:09.538","2026-04-29 23:34:09.538","ccc4d003-3f81-4fcd-80d5-4a83bc1fb96e","[PREMIUM]","Used",2024,"Lexus","IS 350","Base","[PREMIUM]","[PREMIUM]",10834,"Sedan","Incognito","Black","All-wheel Drive",,,"Gasoline",,,"dealership","[PREMIUM]","Plano","TX","[PREMIUM]",,"[]",,,"[PREMIUM]"
"200af7af-6051-4d40-952b-c7dc2686de2b","2026-04-29 23:34:09.526","2026-05-02 23:34:19.792","200af7af-6051-4d40-952b-c7dc2686de2b","[PREMIUM]","Used",2024,"Toyota","Grand Highlander","XLE","[PREMIUM]","[PREMIUM]",43210,"SUV","Coastal Cream","Black","Front-wheel Drive",,,"Gasoline",,,"dealership","[PREMIUM]","Fort Worth","TX","[PREMIUM]",,"[]",,,"[PREMIUM]"
"e18608a9-4f9b-47a5-85a0-576353272b1c","2026-04-29 23:34:09.525","2026-04-29 23:34:09.525","e18608a9-4f9b-47a5-85a0-576353272b1c","[PREMIUM]","Used",2024,"GMC","Sierra 1500","SLT","[PREMIUM]","[PREMIUM]",22244,"Truck","Onyx Black","Jet Black","Rear-wheel Drive",,,"Gasoline",,,"dealership","[PREMIUM]","San Antonio","TX","[PREMIUM]",,"[]",,,"[PREMIUM]"
"9071f449-9181-4128-b255-8664c0deb4dc","2026-04-29 23:34:09.522","2026-04-29 23:34:09.522","9071f449-9181-4128-b255-8664c0deb4dc","[PREMIUM]","Used",2024,"Chevrolet","Traverse","RS","[PREMIUM]","[PREMIUM]",9962,"SUV","White","BLACK","Rear-wheel Drive",,,"Gasoline",,,"dealership","[PREMIUM]","Gastonia","NC","[PREMIUM]",,"[]",,,"[PREMIUM]"
"2d244874-0fa7-4d66-9c4c-a8de33fe3ac9","2026-04-29 23:34:09.520","2026-04-29 23:34:09.520","2d244874-0fa7-4d66-9c4c-a8de33fe3ac9","[PREMIUM]","Used",2024,"Ford","F-150","XLT","[PREMIUM]","[PREMIUM]",12860,"Truck","Black","BLACK","Four-wheel Drive",,,"Gasoline",,,"dealership","[PREMIUM]","Merriam","KS","[PREMIUM]",,"[]",,,"[PREMIUM]"
"49e5f37f-3ceb-47d5-af6a-1dc32b2f6fc6","2026-04-29 23:34:09.516","2026-04-29 23:34:09.516","49e5f37f-3ceb-47d5-af6a-1dc32b2f6fc6","[PREMIUM]","Used",2024,"Lexus","NX 350","Premium","[PREMIUM]","[PREMIUM]",17616,"SUV","White Pearl","Palomino","All-wheel Drive",,,"Gasoline",,,"dealership","[PREMIUM]","San Jose","CA","[PREMIUM]",,"[]",,,"[PREMIUM]"
"2e2310fc-5461-446a-88c9-19cdae359332","2026-04-29 23:34:09.506","2026-04-29 23:34:09.506","2e2310fc-5461-446a-88c9-19cdae359332","[PREMIUM]","Used",2024,"Ford","Bronco","Badlands","[PREMIUM]","[PREMIUM]",8319,"SUV","Carbonized Gray Metallic","Black Onyx","Four-wheel Drive",,,"Gasoline",,,"dealership","[PREMIUM]","Newnan","GA","[PREMIUM]",,"[]",,,"[PREMIUM]"
"ea507a7c-bcf9-453a-99c0-9fa388c6fc11","2026-04-29 23:34:09.506","2026-04-29 23:34:09.506","ea507a7c-bcf9-453a-99c0-9fa388c6fc11","[PREMIUM]","Used",2024,"Toyota","4Runner","TRD Off Road Premium","[PREMIUM]","[PREMIUM]",19614,"SUV","Nautical Blue Metallic","Black/Graphite","Four-wheel Drive",,,"Gasoline",,,"dealership","[PREMIUM]","Katy","TX","[PREMIUM]",,"[]",,,"[PREMIUM]"
"9aa798bf-246d-452c-ae70-5ef6d661d9c3","2026-04-29 23:34:09.505","2026-05-02 23:34:19.894","9aa798bf-246d-452c-ae70-5ef6d661d9c3","[PREMIUM]","Used",2024,"Ford","F-150","XLT","[PREMIUM]","[PREMIUM]",19858,"Truck","Carbonized Gray Metallic","Medium Dark Slate","Four-wheel Drive",,,"Gasoline",,,"dealership","[PREMIUM]","Evansville","IN","[PREMIUM]",,"[]",,,"[PREMIUM]"
"662f7c83-7188-41aa-9f8b-3ba10abb7122","2026-04-29 23:34:09.503","2026-04-29 23:34:09.503","662f7c83-7188-41aa-9f8b-3ba10abb7122","[PREMIUM]","Used",2024,"Mercedes-Benz","C-Class","C 300","[PREMIUM]","[PREMIUM]",21210,"Sedan","Black","AMG Black","Rear-wheel Drive",,,"Gasoline",,,"dealership","[PREMIUM]","Fort Lauderdale","FL","[PREMIUM]",,"[]",,,"[PREMIUM]"
"7f0b2126-4a94-4d1a-8fbe-8f33a60f9035","2026-04-29 23:34:09.501","2026-05-02 23:34:20.114","7f0b2126-4a94-4d1a-8fbe-8f33a60f9035","[PREMIUM]","Used",2024,"Lexus","RX 350","RX 350 Premium FWD","[PREMIUM]","[PREMIUM]",24394,,"Caviar",,"Front-wheel Drive",,,"Gasoline",,,"dealership","[PREMIUM]","Ocoee","FL","[PREMIUM]",,"[]",,,"[PREMIUM]"
"2e8008cf-225a-4543-bc56-2febe81310ba","2026-04-29 23:34:09.483","2026-04-29 23:34:09.483","2e8008cf-225a-4543-bc56-2febe81310ba","[PREMIUM]","Used",2024,"Genesis","GV70","Sport","[PREMIUM]","[PREMIUM]",18484,"SUV","Black","BURGUNDY","Four-wheel Drive",,,"Gasoline",,,"dealership","[PREMIUM]","Richmond","TX","[PREMIUM]",,"[]",,,"[PREMIUM]"
"9836410b-5e38-45ac-ae76-dd4e775f9eb3","2026-04-29 23:33:39.017","2026-04-29 23:33:39.017","9836410b-5e38-45ac-ae76-dd4e775f9eb3","[PREMIUM]","Used",2025,"BMW","X3","30 xDrive","[PREMIUM]","[PREMIUM]",9539,"SUV","Black Sapphire Metallic","Black","All-wheel Drive",,,"Gasoline",,,"dealership","[PREMIUM]","Raleigh","NC","[PREMIUM]",,"[]",,,"[PREMIUM]"
"fce027c4-70d2-4aac-ad10-d727d29fbc53","2026-04-29 23:33:29.102","2026-04-29 23:33:29.102","fce027c4-70d2-4aac-ad10-d727d29fbc53","[PREMIUM]","Used",2025,"Lexus","RX 350","Premium","[PREMIUM]","[PREMIUM]",20821,"SUV","Eminent White Pearl","Birch","All-wheel Drive",,,"Gasoline",,,"dealership","[PREMIUM]","Owings Mills","MD","[PREMIUM]",,"[]",,,"[PREMIUM]"
"0e015020-2b22-47a7-a17e-c0275b9dfc9d","2026-04-29 23:33:28.898","2026-04-29 23:33:28.898","0e015020-2b22-47a7-a17e-c0275b9dfc9d","[PREMIUM]","Used",2025,"Honda","Pilot","Elite","[PREMIUM]","[PREMIUM]",35796,"SUV","Sonic Gray Pearl","Black","All-wheel Drive",,,"Gasoline",,,"dealership","[PREMIUM]","Waite Park","MN","[PREMIUM]",,"[]",,,"[PREMIUM]"
"f179d31a-785f-47c7-8237-b9c9347ac22e","2026-04-29 23:33:28.831","2026-04-29 23:33:28.831","f179d31a-785f-47c7-8237-b9c9347ac22e","[PREMIUM]","Used",2025,"Ford","Explorer","ST","[PREMIUM]","[PREMIUM]",31397,"SUV","Gray Metallic","Onyx","Four-wheel Drive",,,"Gasoline",,,"dealership","[PREMIUM]","Dayton","OH","[PREMIUM]",,"[]",,,"[PREMIUM]"
"eecc3066-ac48-47a1-be32-9566e5f711e5","2026-04-29 23:32:58.703","2026-04-29 23:32:58.703","eecc3066-ac48-47a1-be32-9566e5f711e5","[PREMIUM]","Used",2025,"Hyundai","PALISADE","Calligraphy","[PREMIUM]","[PREMIUM]",1648,"SUV","Abyss Black Pearl","Beige/Navy","All-wheel Drive",,,"Gasoline",,,"dealership","[PREMIUM]","Bountiful","UT","[PREMIUM]",,"[]",,,"[PREMIUM]"
"9d4b1dd2-2f9d-45d4-8a8d-83a2ff53b2cf","2026-04-29 23:32:58.660","2026-04-29 23:32:58.660","9d4b1dd2-2f9d-45d4-8a8d-83a2ff53b2cf","[PREMIUM]","Used",2025,"Lexus","ES 350","Base","[PREMIUM]","[PREMIUM]",8327,"Sedan","Eminent White Pearl","Acorn","Front-wheel Drive",,,"Gasoline",,,"dealership","[PREMIUM]","Lakeway","TX","[PREMIUM]",,"[]",,,"[PREMIUM]"
"cf19e3ce-7427-4f3b-94c1-3de7193a6668","2026-04-29 23:32:58.660","2026-05-05 23:33:25.129","cf19e3ce-7427-4f3b-94c1-3de7193a6668","[PREMIUM]","Used",2025,"Ford","F-150","XLT","[PREMIUM]","[PREMIUM]",1981,"Truck","Carbonized Gray Metallic","Black","Four-wheel Drive",,,"Gasoline",,,"dealership","[PREMIUM]","Minocqua","WI","[PREMIUM]",,"[]",,,"[PREMIUM]"
"eaf4adab-fc0f-4de2-991d-f67fa35267d8","2026-04-29 23:32:58.655","2026-05-02 23:33:09.431","eaf4adab-fc0f-4de2-991d-f67fa35267d8","[PREMIUM]","Used",2025,"Toyota","Crown","Platinum","[PREMIUM]","[PREMIUM]",14689,"Sedan","Heavy Metal","Black","All-wheel Drive",,,"Gasoline",,,"dealership","[PREMIUM]","North Little Rock","AR","[PREMIUM]",,"[]",,,"[PREMIUM]"
"0419aea0-6b26-489f-8894-f6ada2c2c95d","2026-04-29 23:32:58.652","2026-04-29 23:32:58.652","0419aea0-6b26-489f-8894-f6ada2c2c95d","[PREMIUM]","Used",2025,"Ford","Explorer","Platinum","[PREMIUM]","[PREMIUM]",25382,"SUV","Space White Metallic","Mojave Dusk/Onyx","Four-wheel Drive",,,"Gasoline",,,"dealership","[PREMIUM]","Ephrata","PA","[PREMIUM]",,"[]",,,"[PREMIUM]"
"4aaf79bf-c80d-4c6c-b0b8-9edba6c80a7c","2026-04-29 23:32:58.626","2026-04-29 23:32:58.626","4aaf79bf-c80d-4c6c-b0b8-9edba6c80a7c","[PREMIUM]","Used",2025,"Toyota","Sienna","XLE","[PREMIUM]","[PREMIUM]",12295,"Passenger Van","Wind Chill Pearl","Gray","Front-wheel Drive",,,"Gasoline",,,"dealership","[PREMIUM]","Scottsdale","AZ","[PREMIUM]",,"[]",,,"[PREMIUM]"
"94eb6bb0-089e-4e31-b738-3ccb3c29ac89","2026-04-29 23:32:58.624","2026-04-29 23:32:58.624","94eb6bb0-089e-4e31-b738-3ccb3c29ac89","[PREMIUM]","Used",2025,"GMC","Sierra 1500","SLT","[PREMIUM]","[PREMIUM]",45678,"Truck","Summit White","Alpine Umber","Four-wheel Drive",,,"Gasoline",,,"dealership","[PREMIUM]","Houston","TX","[PREMIUM]",,"[]",,,"[PREMIUM]"
"1a036ef1-5c20-47c0-86c5-392d6cf6ccd9","2026-04-29 23:32:58.617","2026-04-29 23:32:58.617","1a036ef1-5c20-47c0-86c5-392d6cf6ccd9","[PREMIUM]","Used",2025,"Lexus","NX 350","Premium","[PREMIUM]","[PREMIUM]",3734,"SUV","Caviar","Rioja Red","All-wheel Drive",,,"Gasoline",,,"dealership","[PREMIUM]","Durham","NC","[PREMIUM]",,"[]",,,"[PREMIUM]"
"1240980a-29d4-4c54-97b9-2ac9301cd765","2026-04-29 23:32:58.615","2026-04-29 23:32:58.615","1240980a-29d4-4c54-97b9-2ac9301cd765","[PREMIUM]","New",2025,"Nissan","Pathfinder","SL FWD","[PREMIUM]","[PREMIUM]",9692,"SUV","Scarlet Ember Tintcoat/Super Black","Charcoal","Front-wheel Drive",,,"Gasoline",,,"dealership","[PREMIUM]","LaGrange","GA","[PREMIUM]",,"[]",,,"[PREMIUM]"
"5ffd3cfc-7427-43ed-b8cd-246717a44d48","2026-04-29 23:32:58.608","2026-04-29 23:32:58.608","5ffd3cfc-7427-43ed-b8cd-246717a44d48","[PREMIUM]","New",2025,"Volkswagen","ID. Buzz","Pro S","[PREMIUM]","[PREMIUM]",89,"Minivan","Candy White","Moonlight - Dark Brown","Rear-wheel Drive",,,"Electric",,,"dealership","[PREMIUM]","Ann Arbor","MI","[PREMIUM]",,"[]",,,"[PREMIUM]"
"a44de4c4-b054-4d37-af46-0f002d8a2685","2026-04-29 23:32:58.607","2026-05-02 23:33:09.427","a44de4c4-b054-4d37-af46-0f002d8a2685","[PREMIUM]","Used",2025,"Chevrolet","Traverse","High Country","[PREMIUM]","[PREMIUM]",15000,"SUV","Mosaic Black Metallic","Jet Black w/Bronze Accents","Front-wheel Drive",,,"Gasoline",,,"dealership","[PREMIUM]","Mobile","AL","[PREMIUM]",,"[]",,,"[PREMIUM]"
"f5bf7b4e-0c2e-4aef-8585-4bb5b1459005","2026-04-29 23:32:58.607","2026-04-29 23:32:58.607","f5bf7b4e-0c2e-4aef-8585-4bb5b1459005","[PREMIUM]","New",2025,"Volkswagen","ID. Buzz","Pro S","[PREMIUM]","[PREMIUM]",31,"Passenger Van","Deep Black Pearl Effect","Moonlight - Dark Brown","Rear-wheel Drive",,,"Electric",,,"dealership","[PREMIUM]","Ann Arbor","MI","[PREMIUM]",,"[]",,,"[PREMIUM]"
"00be2c16-ed9b-4452-8e96-5f4e4c3e960e","2026-04-29 23:32:58.604","2026-05-02 23:33:09.774","00be2c16-ed9b-4452-8e96-5f4e4c3e960e","[PREMIUM]","New",2025,"Ford","Transit-250","Base","[PREMIUM]","[PREMIUM]",351,"Cargo Van","OXFORD WHITE","DARK PALAZZO GRAY CLOTH","Rear-wheel Drive",,,"Gasoline",,,"dealership","[PREMIUM]","Franklin","WI","[PREMIUM]",,"[]",,,"[PREMIUM]"
"2980e9ec-2d54-4309-b77c-1d0c230b448c","2026-04-29 23:32:58.604","2026-04-29 23:32:58.604","2980e9ec-2d54-4309-b77c-1d0c230b448c","[PREMIUM]","Used",2025,"Chevrolet","Silverado 1500","Custom Trail Boss","[PREMIUM]","[PREMIUM]",19852,"Truck","Gray","GRAY","Four-wheel Drive",,,"Diesel",,,"dealership","[PREMIUM]","Killeen","TX","[PREMIUM]",,"[]",,,"[PREMIUM]"
"1612db7f-72d2-4b9c-b814-ff3ce385fcb5","2026-04-29 23:32:58.597","2026-04-29 23:32:58.597","1612db7f-72d2-4b9c-b814-ff3ce385fcb5","[PREMIUM]","Used",2025,"Kia","Telluride","SX Prestige X-Line","[PREMIUM]","[PREMIUM]",14373,"SUV","Gray","BROWN","Four-wheel Drive",,,"Gasoline",,,"dealership","[PREMIUM]","Naperville","IL","[PREMIUM]",,"[]",,,"[PREMIUM]"
"02b67dba-76f9-4d97-a118-66f3080ffecd","2026-04-29 23:32:58.578","2026-05-05 23:33:25.152","02b67dba-76f9-4d97-a118-66f3080ffecd","[PREMIUM]","Used",2025,"Audi","A6 e-tron","Premium","[PREMIUM]","[PREMIUM]",5936,"Sedan","Glacier White","Pearl Beige","Rear-wheel Drive",,,"Electric",,,"dealership","[PREMIUM]","Gilbert","AZ","[PREMIUM]",,"[]",,,"[PREMIUM]"
"ed543ccc-da02-4840-980f-eb3871a9c750","2026-04-29 23:32:37.994","2026-05-05 23:32:54.956","ed543ccc-da02-4840-980f-eb3871a9c750","[PREMIUM]","New",2026,"Honda","Civic",,"[PREMIUM]","[PREMIUM]",4,"Hatchback","Sonic Gray Pearl","Black / Red","Front-wheel Drive",,,"Gasoline",,,"dealership","[PREMIUM]","Medford in Medford","OR","[PREMIUM]",,"[]",,,"[PREMIUM]"
"d1015c53-a2b4-4d56-8bf1-f6d20067e103","2026-04-29 23:32:37.983","2026-04-29 23:32:37.983","d1015c53-a2b4-4d56-8bf1-f6d20067e103","[PREMIUM]","New",2026,"Nissan","Pathfinder","Rock Creek","[PREMIUM]","[PREMIUM]",5,"SUV","Baltic Teal","Charcoal","Four-wheel Drive",,,"Gasoline",,,"dealership","[PREMIUM]","Chandler","AZ","[PREMIUM]",,"[]",,,"[PREMIUM]"
"b44e1e05-b853-4032-b742-1d67b61f142e","2026-04-29 23:32:37.967","2026-04-29 23:32:37.967","b44e1e05-b853-4032-b742-1d67b61f142e","[PREMIUM]","New",2026,"Nissan","Pathfinder","SL","[PREMIUM]","[PREMIUM]",5,"SUV","Everest White Pearl Tricoat","Light Gray","Four-wheel Drive",,,"Gasoline",,,"dealership","[PREMIUM]","Chandler","AZ","[PREMIUM]",,"[]",,,"[PREMIUM]"
"ab989220-1d32-4732-be62-73e0d1a2a57c","2026-04-29 23:32:37.936","2026-04-29 23:32:37.936","ab989220-1d32-4732-be62-73e0d1a2a57c","[PREMIUM]","New",2026,"Nissan","Pathfinder","SV","[PREMIUM]","[PREMIUM]",5,"SUV","Everest White Pearl Tricoat","Charcoal","Front-wheel Drive",,,"Gasoline",,,"dealership","[PREMIUM]","Chandler","AZ","[PREMIUM]",,"[]",,,"[PREMIUM]"
"208f99b8-61e1-4689-9d21-8411f3736b3d","2026-04-29 23:31:57.834","2026-04-29 23:31:57.834","208f99b8-61e1-4689-9d21-8411f3736b3d","[PREMIUM]","New",2026,"MINI","Hardtop","Cooper S","[PREMIUM]","[PREMIUM]",,"Hatchback","British Racing Green IV Metallic","Black","Front-wheel Drive",,,"Gasoline",,,"dealership","[PREMIUM]","Sterling","VA","[PREMIUM]",,"[]",,,"[PREMIUM]"
"2f9ef811-3dfb-49a5-95c0-589b95af2985","2026-04-29 23:31:27.615","2026-04-29 23:31:27.615","2f9ef811-3dfb-49a5-95c0-589b95af2985","[PREMIUM]","New",2026,"Volkswagen","Atlas","2.0T SE W/TECHNOLOGY","[PREMIUM]","[PREMIUM]",5,"SUV","Pure Gray","Titan Black","FWD",,,"Gasoline",,,"dealership","[PREMIUM]","Hawthorne","CA","[PREMIUM]",,"[]",,,"[PREMIUM]"
"cce35069-71fd-433a-a84b-580d4820bd38","2026-04-29 23:31:07.864","2026-04-29 23:31:07.864","cce35069-71fd-433a-a84b-580d4820bd38","[PREMIUM]","New",2026,"Chevrolet","Traverse","LT","[PREMIUM]","[PREMIUM]",1,"SUV","Sterling Gray Metallic","Jet Black","All-wheel Drive",,,"Gasoline",,,"dealership","[PREMIUM]","Fredonia","NY","[PREMIUM]",,"[]",,,"[PREMIUM]"
"b08853ed-a8c7-4808-96a7-0709e239837c","2026-04-29 23:31:07.624","2026-05-05 23:31:35.037","b08853ed-a8c7-4808-96a7-0709e239837c","[PREMIUM]","New",2026,"Chevrolet","Traverse","LT","[PREMIUM]","[PREMIUM]",0,"SUV","Lakeshore Blue Metallic","Jet Black","All-wheel Drive",,,"Gasoline",,,"dealership","[PREMIUM]","Green Bay","WI","[PREMIUM]",,"[]",,,"[PREMIUM]"
"8707c67e-9805-4e9b-8abd-c9f21eb6fd7b","2026-04-29 23:31:07.591","2026-04-29 23:31:07.591","8707c67e-9805-4e9b-8abd-c9f21eb6fd7b","[PREMIUM]","New",2026,"Toyota","Crown Signia","XLE","[PREMIUM]","[PREMIUM]",10,"SUV","Oxygen White","Saddle Tan","All-wheel Drive",,,"Gasoline",,,"dealership","[PREMIUM]","Holiday","FL","[PREMIUM]",,"[]",,,"[PREMIUM]"
"68f2b2a2-1053-497c-8279-d2044fcf449d","2026-04-29 23:31:07.583","2026-04-29 23:31:07.583","68f2b2a2-1053-497c-8279-d2044fcf449d","[PREMIUM]","New",2026,"GMC","Acadia","Elevation","[PREMIUM]","[PREMIUM]",3,"SUV","Sterling",,"FWD",,,"Gasoline",,,"dealership","[PREMIUM]","Atlanta","GA","[PREMIUM]",,"[]",,,"[PREMIUM]"
"682a6f9d-63b3-49fa-a91d-4730f0ffab4b","2026-04-29 23:31:07.568","2026-05-05 23:31:34.901","682a6f9d-63b3-49fa-a91d-4730f0ffab4b","[PREMIUM]","New",2026,"GMC","Sierra 1500","Pro","[PREMIUM]","[PREMIUM]",2,"Truck","Summit White","Jet Black","Four-wheel Drive",,,"Gasoline",,,"dealership","[PREMIUM]","Olympia","WA","[PREMIUM]",,"[]",,,"[PREMIUM]"
"9fc6d7a4-6b0e-4eb0-8b08-06a14bc7b921","2026-04-29 23:31:07.565","2026-04-29 23:31:07.565","9fc6d7a4-6b0e-4eb0-8b08-06a14bc7b921","[PREMIUM]","New",2026,"Ford","Bronco","Big Bend","[PREMIUM]","[PREMIUM]",1,"SUV","Brown","Black Onyx","Four-wheel Drive",,,"Gasoline",,,"dealership","[PREMIUM]","Willow Street","PA","[PREMIUM]",,"[]",,,"[PREMIUM]"
"8b0f65b8-0aec-4449-b74f-bf2707631fee","2026-04-29 23:31:07.549","2026-04-29 23:31:07.549","8b0f65b8-0aec-4449-b74f-bf2707631fee","[PREMIUM]","New",2026,"Toyota","Sienna","XLE","[PREMIUM]","[PREMIUM]",0,"Passenger Van","Heavy Metal","Gray","Front-wheel Drive",,,"Gasoline",,,"dealership","[PREMIUM]","West Covina","CA","[PREMIUM]",,"[]",,,"[PREMIUM]"
"e1ecfd15-d15b-4f49-b0b6-87586f74d16c","2026-04-29 23:31:07.548","2026-04-29 23:31:07.548","e1ecfd15-d15b-4f49-b0b6-87586f74d16c","[PREMIUM]","New",2026,"Honda","Ridgeline","RTL","[PREMIUM]","[PREMIUM]",0,"Truck","Sonic Gray Pearl","Black","All-wheel Drive",,,"Gasoline",,,"dealership","[PREMIUM]","Selma","TX","[PREMIUM]",,"[]",,,"[PREMIUM]"
"e43fd63f-91b6-48a1-abee-3fa0ac407475","2026-04-29 23:31:07.544","2026-04-29 23:31:07.544","e43fd63f-91b6-48a1-abee-3fa0ac407475","[PREMIUM]","New",2026,"Nissan","Pathfinder","SL","[PREMIUM]","[PREMIUM]",0,"SUV","Super Black","Charcoal","Four-wheel Drive",,,"Gasoline",,,"dealership","[PREMIUM]","Edison","NJ","[PREMIUM]",,"[]",,,"[PREMIUM]"
"571817ff-94d4-400a-baeb-09a96f1c8ea2","2026-04-29 23:31:07.536","2026-04-29 23:31:07.536","571817ff-94d4-400a-baeb-09a96f1c8ea2","[PREMIUM]","New",2026,"GMC","Canyon","AT4","[PREMIUM]","[PREMIUM]",0,"Truck","Coastal Dune","Jet Black/Timber","Four-wheel Drive",,,"Gasoline",,,"dealership","[PREMIUM]","Sheboygan","WI","[PREMIUM]",,"[]",,,"[PREMIUM]"
"ebeedf99-3257-48ed-b948-a9fea53e01a5","2026-04-29 23:31:07.531","2026-04-29 23:31:07.531","ebeedf99-3257-48ed-b948-a9fea53e01a5","[PREMIUM]","New",2026,"GMC","Sierra 1500","Pro","[PREMIUM]","[PREMIUM]",0,"Truck","Summit White","Jet Black","Four-wheel Drive",,,"Gasoline",,,"dealership","[PREMIUM]","Olympia","WA","[PREMIUM]",,"[]",,,"[PREMIUM]"
"56a6539c-1f34-4a8c-931c-f581eaf7e2d2","2026-04-29 23:31:07.528","2026-04-29 23:31:07.528","56a6539c-1f34-4a8c-931c-f581eaf7e2d2","[PREMIUM]","New",2026,"Toyota","Sienna",,"[PREMIUM]","[PREMIUM]",5,"Minivan","Midnight Black Metallic","Gray","Front-wheel Drive",,,"Hybrid",,,"dealership","[PREMIUM]","Lake Charles","LA","[PREMIUM]",,"[]",,,"[PREMIUM]"
"d2ffacff-be85-4aeb-830b-70f946e659de","2026-04-29 23:30:57.437","2026-04-29 23:30:57.437","d2ffacff-be85-4aeb-830b-70f946e659de","[PREMIUM]","New",2026,"GMC","Canyon","AT4","[PREMIUM]","[PREMIUM]",5,"Truck","Tan","Jet Black/Timber, Perforated Leather-appointed front seats","Four-wheel Drive",,,"Gasoline",,,"dealership","[PREMIUM]","El Paso","TX","[PREMIUM]",,"[]",,,"[PREMIUM]"
"5be703de-687b-408c-8aa6-256e5f629021","2026-04-29 23:30:57.193","2026-04-29 23:30:57.193","5be703de-687b-408c-8aa6-256e5f629021","[PREMIUM]","New",2026,"GMC","Acadia","Elevation","[PREMIUM]","[PREMIUM]",6,"SUV","Sterling","Gray","FWD",,,"Gasoline",,,"dealership","[PREMIUM]","Tampa","FL","[PREMIUM]",,"[]",,,"[PREMIUM]"
"91b54bb2-fbab-4ea8-9ac7-38534b3dfee6","2026-04-29 23:30:57.175","2026-05-05 23:31:24.731","91b54bb2-fbab-4ea8-9ac7-38534b3dfee6","[PREMIUM]","New",2026,"Toyota","Tacoma","TRD Sport","[PREMIUM]","[PREMIUM]",5,"Truck","Underground","Boulder/Black w/Smoke Silver","Four-wheel Drive",,,"Gasoline",,,"dealership","[PREMIUM]","Savannah","GA","[PREMIUM]",,"[]",,,"[PREMIUM]"
"83c022c7-c781-466e-b748-66fc97b8ef27","2026-04-29 23:30:57.128","2026-04-29 23:30:57.128","83c022c7-c781-466e-b748-66fc97b8ef27","[PREMIUM]","New",2026,"Toyota","Sienna","LE","[PREMIUM]","[PREMIUM]",0,"Passenger Van","Heavy Metal","Gray","All-wheel Drive",,,"Gasoline",,,"dealership","[PREMIUM]","Toledo","OH","[PREMIUM]",,"[]",,,"[PREMIUM]"
"e3da0ef1-af5d-41f2-a8eb-c89077e24fad","2026-04-29 23:30:57.125","2026-04-29 23:30:57.125","e3da0ef1-af5d-41f2-a8eb-c89077e24fad","[PREMIUM]","New",2026,"Nissan","Murano","Platinum","[PREMIUM]","[PREMIUM]",0,"SUV","Deep Ocean Blue Pearl","Gray","All-wheel Drive",,,"Gasoline",,,"dealership","[PREMIUM]","Chicago","IL","[PREMIUM]",,"[]",,,"[PREMIUM]"
"3e168996-af4b-43cd-9354-0495797aa116","2026-04-29 23:30:57.093","2026-04-29 23:30:57.093","3e168996-af4b-43cd-9354-0495797aa116","[PREMIUM]","New",2026,"GMC","Canyon","AT4","[PREMIUM]","[PREMIUM]",5,"Truck","Onyx Black","Jet Black/Timber, Perforated Leather-appointed front seats","Four-wheel Drive",,,"Gasoline",,,"dealership","[PREMIUM]","El Paso","TX","[PREMIUM]",,"[]",,,"[PREMIUM]"
"28a75fb9-ad3e-4a83-8f43-49b7c01be178","2026-04-29 23:30:57.087","2026-04-29 23:30:57.087","28a75fb9-ad3e-4a83-8f43-49b7c01be178","[PREMIUM]","New",2026,"GMC","Canyon","AT4","[PREMIUM]","[PREMIUM]",5,"Truck","Onyx Black","Jet Black/Timber, Cloth/CoreTec seat trim","Four-wheel Drive",,,"Gasoline",,,"dealership","[PREMIUM]","El Paso","TX","[PREMIUM]",,"[]",,,"[PREMIUM]"
"be74eb9d-80e9-4ebc-bc05-cfed25a4e5e4","2026-04-29 23:30:57.087","2026-05-02 23:31:19.060","be74eb9d-80e9-4ebc-bc05-cfed25a4e5e4","[PREMIUM]","Used",2026,"Land Rover","Range Rover Evoque","Dynamic SE","[PREMIUM]","[PREMIUM]",8726,"SUV","Seoul Pearl Silver","Ebony","All-wheel Drive",,,"Gasoline",,,"dealership","[PREMIUM]","Tampa","FL","[PREMIUM]",,"[]",,,"[PREMIUM]"
"1e707513-291a-4302-a667-110158c6dad3","2026-04-29 23:30:46.798","2026-05-02 23:30:58.627","1e707513-291a-4302-a667-110158c6dad3","[PREMIUM]","New",2026,"Chevrolet","Traverse","LT","[PREMIUM]","[PREMIUM]",6,"SUV","Polar White Tricoat","Jet Black","Front-wheel Drive",,,"Gasoline",,,"dealership","[PREMIUM]","Rincon","GA","[PREMIUM]",,"[]",,,"[PREMIUM]"
"8f47977f-5a1e-4294-b47b-7b4065574a32","2026-04-29 23:30:46.745","2026-04-29 23:30:46.745","8f47977f-5a1e-4294-b47b-7b4065574a32","[PREMIUM]","New",2026,"Kia","Sorento Hybrid","X-LINE SX PRESTIGE","[PREMIUM]","[PREMIUM]",6,"SUV","Snow White Pearl","Gray","All-wheel Drive",,,"Hybrid",,,"dealership","[PREMIUM]","Tucson","AZ","[PREMIUM]",,"[]",,,"[PREMIUM]"
"fc78cd23-48e7-4cd9-9904-eb90a70351eb","2026-04-29 23:30:06.806","2026-05-05 23:30:34.480","fc78cd23-48e7-4cd9-9904-eb90a70351eb","[PREMIUM]","New",2026,"Kia","Carnival Hybrid","EX","[PREMIUM]","[PREMIUM]",5,"Passenger Van","Flare Red","Taupe","Front-wheel Drive",,,"Hybrid",,,"dealership","[PREMIUM]","Tucson","AZ","[PREMIUM]",,"[]",,,"[PREMIUM]"
"c2c54163-93e5-4c62-8e60-6d23b1f536f2","2026-04-29 23:30:06.730","2026-04-29 23:30:06.730","c2c54163-93e5-4c62-8e60-6d23b1f536f2","[PREMIUM]","New",2026,"Chevrolet","Silverado 1500","RST","[PREMIUM]","[PREMIUM]",0,"Truck","Gray","Jet Black","4WD",,,"Gasoline",,,"dealership","[PREMIUM]","Gainesville","FL","[PREMIUM]",,"[]",,,"[PREMIUM]"
"32a3f706-5c52-4403-befa-2519ef79bd9d","2026-04-29 23:30:06.534","2026-04-29 23:30:06.534","32a3f706-5c52-4403-befa-2519ef79bd9d","[PREMIUM]","New",2026,"Kia","Carnival Hybrid","SX","[PREMIUM]","[PREMIUM]",,"Passenger Van","Ceramic Silver","Taupe","Front-wheel Drive",,,"Hybrid",,,"dealership","[PREMIUM]","Tyler","TX","[PREMIUM]",,"[]",,,"[PREMIUM]"
"4bd900cb-cb66-4575-bc87-fd907a27db15","2026-04-29 23:30:06.520","2026-05-02 23:30:18.122","4bd900cb-cb66-4575-bc87-fd907a27db15","[PREMIUM]","New",2026,"GMC","Sierra 1500","Elevation","[PREMIUM]","[PREMIUM]",0,"Truck","Summit White","Jet Black","Four-wheel Drive",,,"Gasoline",,,"dealership","[PREMIUM]","Olathe","KS","[PREMIUM]",,"[]",,,"[PREMIUM]"
"d54d4ebd-692a-4c9f-97b4-3461d67bc59a","2026-04-29 23:30:06.510","2026-04-29 23:30:06.510","d54d4ebd-692a-4c9f-97b4-3461d67bc59a","[PREMIUM]","New",2026,"Audi","Q3","S line","[PREMIUM]","[PREMIUM]",5,"SUV","Black Metallic","Black","All-wheel Drive",,,"Gasoline",,,"dealership","[PREMIUM]","Fort Washington","PA","[PREMIUM]",,"[]",,,"[PREMIUM]"
"1adf99a3-47e8-458d-80dd-63ef28f2fb7c","2026-04-29 23:30:06.500","2026-05-02 23:30:18.382","1adf99a3-47e8-458d-80dd-63ef28f2fb7c","[PREMIUM]","New",2026,"Honda","Odyssey","Sport-L","[PREMIUM]","[PREMIUM]",10,"Passenger Van","Crystal Black Pearl","Black","Front-wheel Drive",,,"Gasoline",,,"dealership","[PREMIUM]","Sea Girt","NJ","[PREMIUM]",,"[]",,,"[PREMIUM]"
"8e0e5b51-ec7b-4798-9ee9-5d7db59e9603","2026-04-29 23:30:06.500","2026-04-29 23:30:06.500","8e0e5b51-ec7b-4798-9ee9-5d7db59e9603","[PREMIUM]","New",2026,"Kia","Carnival","SX","[PREMIUM]","[PREMIUM]",5,"Passenger Van","Snow White Pearl","Off Black","Front-wheel Drive",,,"Gasoline",,,"dealership","[PREMIUM]","Tucson","AZ","[PREMIUM]",,"[]",,,"[PREMIUM]"
"b44761e4-b8bb-46d5-a758-c2cf3593d87e","2026-04-29 23:30:06.491","2026-04-29 23:30:06.491","b44761e4-b8bb-46d5-a758-c2cf3593d87e","[PREMIUM]","New",2026,"Volkswagen","Atlas","2.0T Peak Edition","[PREMIUM]","[PREMIUM]",15,"SUV","Deep Black Pearl","Black","All-wheel Drive",,,"Gasoline",,,"dealership","[PREMIUM]","Ann Arbor","MI","[PREMIUM]",,"[]",,,"[PREMIUM]"
"6ef75cfe-d2ab-437d-aba7-67b369b16d3a","2026-04-29 23:30:06.464","2026-05-02 23:30:18.120","6ef75cfe-d2ab-437d-aba7-67b369b16d3a","[PREMIUM]","New",2026,"Kia","Carnival Hybrid","EX","[PREMIUM]","[PREMIUM]",5,"Passenger Van","Snow White Pearl","Taupe","Front-wheel Drive",,,"Hybrid",,,"dealership","[PREMIUM]","Tucson","AZ","[PREMIUM]",,"[]",,,"[PREMIUM]"
"85420d99-18a5-4b21-9187-adcdef2a9d3d","2026-04-29 23:29:56.180","2026-04-29 23:29:56.180","85420d99-18a5-4b21-9187-adcdef2a9d3d","[PREMIUM]","New",2026,"Ford","Bronco","Big Bend","[PREMIUM]","[PREMIUM]",1688,"SUV","Oxford White","Black","Four-wheel Drive",,,"Gasoline",,,"dealership","[PREMIUM]","Shakopee","MN","[PREMIUM]",,"[]",,,"[PREMIUM]"
"ee42eb92-71d8-4706-bf51-11c20e3bcc2b","2026-04-29 23:29:56.179","2026-04-29 23:29:56.179","ee42eb92-71d8-4706-bf51-11c20e3bcc2b","[PREMIUM]","New",2026,"Volkswagen","Atlas","2.0T SE w/Technology 4MOTION","[PREMIUM]","[PREMIUM]",27,"SUV","Avocado Green Pearl","Beige","All-wheel Drive",,,"Gasoline",,,"dealership","[PREMIUM]","Downers Grove","IL","[PREMIUM]",,"[]",,,"[PREMIUM]"
"2db7ff2f-534a-4a78-871e-7d4606deef3a","2026-04-29 23:29:56.163","2026-04-29 23:29:56.163","2db7ff2f-534a-4a78-871e-7d4606deef3a","[PREMIUM]","New",2026,"Volkswagen","Atlas Cross Sport","2.0T SE W/TECHNOLOGY","[PREMIUM]","[PREMIUM]",10,"SUV","Avocado Green Pearl","Dark Beige","All-wheel Drive",,,"Gasoline",,,"dealership","[PREMIUM]","Ann Arbor","MI","[PREMIUM]",,"[]",,,"[PREMIUM]"
"f9ea7ea4-9fd5-4b25-aee0-6d68d3896efe","2026-04-29 23:29:56.147","2026-04-29 23:29:56.147","f9ea7ea4-9fd5-4b25-aee0-6d68d3896efe","[PREMIUM]","New",2026,"Toyota","Sienna","XLE","[PREMIUM]","[PREMIUM]",0,"Passenger Van","Midnight Black Metallic","Gray","Front-wheel Drive",,,"Gasoline",,,"dealership","[PREMIUM]","Kenosha","WI","[PREMIUM]",,"[]",,,"[PREMIUM]"
"deea383a-04a8-48a6-83a0-c0ff3c899f31","2026-04-29 23:29:36.376","2026-05-08 23:30:10.862","deea383a-04a8-48a6-83a0-c0ff3c899f31","[PREMIUM]","New",2026,"Nissan","Pathfinder","SL","[PREMIUM]","[PREMIUM]",4,"SUV","Everest White Pearl Tricoat","Charcoal","Four-wheel Drive",,,"Gasoline",,,"dealership","[PREMIUM]","Farmington Hills","MI","[PREMIUM]",,"[]",,,"[PREMIUM]"
"876a070c-0f12-45aa-bde1-2b82dd48a52f","2026-04-29 23:29:36.370","2026-05-02 23:30:07.809","876a070c-0f12-45aa-bde1-2b82dd48a52f","[PREMIUM]","New",2026,"Subaru","Ascent","Limited","[PREMIUM]","[PREMIUM]",5,"SUV","Magnetite Gray Metallic","Slate Black","All-wheel Drive",,,"Gasoline",,,"dealership","[PREMIUM]","Newington","NH","[PREMIUM]",,"[]",,,"[PREMIUM]"
"a074fb4f-3be2-46cd-a453-88ca845ece06","2026-04-29 23:29:36.333","2026-04-29 23:29:36.333","a074fb4f-3be2-46cd-a453-88ca845ece06","[PREMIUM]","New",2026,"BMW","X1","xDrive28i","[PREMIUM]","[PREMIUM]",10,"SUV","Vegas Red Metallic","Castanea","All-wheel Drive",,,"Gasoline",,,"dealership","[PREMIUM]","Bloomington","MN","[PREMIUM]",,"[]",,,"[PREMIUM]"
"b7d52239-59f9-4388-b073-c06e89bb7ceb","2026-04-29 23:29:36.181","2026-05-02 23:29:57.441","b7d52239-59f9-4388-b073-c06e89bb7ceb","[PREMIUM]","New",2026,"Jeep","Gladiator","Sport S","[PREMIUM]","[PREMIUM]",10,"Truck","Reign","Black w/Cloth Low-Back Bucket Seats or Premium McKinley Trimmed","Four-wheel Drive",,,"Gasoline",,,"dealership","[PREMIUM]","Lake City","FL","[PREMIUM]",,"[]",,,"[PREMIUM]"
"4fec41fe-0f30-4273-a40e-0e6666c2b663","2026-04-29 23:29:36.150","2026-05-05 23:29:54.272","4fec41fe-0f30-4273-a40e-0e6666c2b663","[PREMIUM]","New",2026,"Jeep","Gladiator","Sahara 4x4","[PREMIUM]","[PREMIUM]",10,"Truck","Black Clearcoat","Black w/Cloth Low-Back Bucket Seats or Premium McKinley Trimmed","Four-wheel Drive",,,"Gasoline",,,"dealership","[PREMIUM]","Lake City","FL","[PREMIUM]",,"[]",,,"[PREMIUM]"
"8ad5b686-d623-42b7-bf0f-e73fdb16658b","2026-04-29 23:29:36.130","2026-05-02 23:29:57.437","8ad5b686-d623-42b7-bf0f-e73fdb16658b","[PREMIUM]","New",2026,"Jeep","Gladiator","Sport S","[PREMIUM]","[PREMIUM]",10,"Truck","Reign","Black w/Cloth Low-Back Bucket Seats or Premium McKinley Trimmed","Four-wheel Drive",,,"Gasoline",,,"dealership","[PREMIUM]","Lake City","FL","[PREMIUM]",,"[]",,,"[PREMIUM]"
"bb0d104d-728c-4cca-8ec1-e493abb0e4da","2026-04-29 23:29:36.064","2026-04-29 23:29:36.064","bb0d104d-728c-4cca-8ec1-e493abb0e4da","[PREMIUM]","New",2026,"Honda","Ridgeline","TrailSport+","[PREMIUM]","[PREMIUM]",5,"Truck","Modern Steel Metallic","Black","All-wheel Drive",,,"Gasoline",,,"dealership","[PREMIUM]","Colorado Springs","CO","[PREMIUM]",,"[]",,,"[PREMIUM]"
"8b181621-8b78-4a23-ae72-a23c34c18a24","2026-04-29 23:29:36.063","2026-05-02 23:29:57.434","8b181621-8b78-4a23-ae72-a23c34c18a24","[PREMIUM]","New",2026,"Ford","F-150","STX","[PREMIUM]","[PREMIUM]",1013,"Truck","Black Metallic","Black","Four-wheel Drive",,,"Gasoline",,,"dealership","[PREMIUM]","White Bear Lake","MN","[PREMIUM]",,"[]",,,"[PREMIUM]"
"5d25f2bf-77a1-4c08-a5fd-0e76f939ab57","2026-04-29 23:29:36.055","2026-05-02 23:30:07.815","5d25f2bf-77a1-4c08-a5fd-0e76f939ab57","[PREMIUM]","New",2026,"Ford","F-150","STX","[PREMIUM]","[PREMIUM]",0,"Truck","Argon Blue Metallic","Black","Four-wheel Drive",,,"Gasoline",,,"dealership","[PREMIUM]","Beaver Dam","WI","[PREMIUM]",,"[]",,,"[PREMIUM]"
"0b765709-052e-420a-9377-c2f2630b614c","2026-04-29 23:29:36.050","2026-04-29 23:29:36.050","0b765709-052e-420a-9377-c2f2630b614c","[PREMIUM]","New",2026,"Honda","Pilot","EX-L","[PREMIUM]","[PREMIUM]",5,"SUV","Wy/Gr","Gray","All-wheel Drive",,,"Gasoline",,,"dealership","[PREMIUM]","Omaha","NE","[PREMIUM]",,"[]",,,"[PREMIUM]"
"3315b450-5cc4-4c99-b54d-9ee91ee4f2b3","2026-04-29 23:29:36.044","2026-04-29 23:29:36.044","3315b450-5cc4-4c99-b54d-9ee91ee4f2b3","[PREMIUM]","New",2026,"Jeep","Gladiator","Sport S","[PREMIUM]","[PREMIUM]",10,"Truck","Mojito","Black w/Cloth Low-Back Bucket Seats or Premium McKinley Trimmed","Four-wheel Drive",,,"Gasoline",,,"dealership","[PREMIUM]","Lake City","FL","[PREMIUM]",,"[]",,,"[PREMIUM]"
"a9d7e452-4dd3-4543-8d02-b05c4d33782a","2026-04-29 23:29:36.044","2026-04-29 23:29:36.044","a9d7e452-4dd3-4543-8d02-b05c4d33782a","[PREMIUM]","New",2026,"Honda","Passport","AWD RTL","[PREMIUM]","[PREMIUM]",5,"SUV","Sonic Gray Pearl","Gray","All-wheel Drive",,,"Gasoline",,,"dealership","[PREMIUM]","Omaha","NE","[PREMIUM]",,"[]",,,"[PREMIUM]"
"14d030e1-68c7-4c2c-854a-2b4cb5490c63","2026-04-29 23:29:36.043","2026-05-02 23:29:47.296","14d030e1-68c7-4c2c-854a-2b4cb5490c63","[PREMIUM]","New",2026,"Jeep","Gladiator","Sport S","[PREMIUM]","[PREMIUM]",10,"Truck","41","Black w/Cloth Low-Back Bucket Seats or Premium McKinley Trimmed","Four-wheel Drive",,,"Gasoline",,,"dealership","[PREMIUM]","Lake City","FL","[PREMIUM]",,"[]",,,"[PREMIUM]"
"ce6e8fe7-47fb-45b9-834b-1c551bdf1102","2026-04-29 23:29:36.041","2026-04-29 23:29:36.041","ce6e8fe7-47fb-45b9-834b-1c551bdf1102","[PREMIUM]","Used",2026,"Honda","Pilot","TrailSport","[PREMIUM]","[PREMIUM]",2697,"SUV","Platinum White Pearl","Black","All-wheel Drive",,,"Gasoline",,,"dealership","[PREMIUM]","Omaha","NE","[PREMIUM]",,"[]",,,"[PREMIUM]"
"5bb05890-0fb0-4045-b303-6a3fe326ee0e","2026-04-29 23:29:36.039","2026-04-29 23:29:36.039","5bb05890-0fb0-4045-b303-6a3fe326ee0e","[PREMIUM]","New",2026,"Honda","Passport","AWD RTL","[PREMIUM]","[PREMIUM]",200,"SUV","Crystal Black Pearl","Black","All-wheel Drive",,,"Gasoline",,,"dealership","[PREMIUM]","Omaha","NE","[PREMIUM]",,"[]",,,"[PREMIUM]"
"849e418f-8b0e-47f0-99ed-502b9ef2e559","2026-04-29 23:29:36.032","2026-04-29 23:29:36.032","849e418f-8b0e-47f0-99ed-502b9ef2e559","[PREMIUM]","New",2026,"Subaru","WRX","Base","[PREMIUM]","[PREMIUM]",0,"Sedan","Sy1","Black","All-wheel Drive",,,"Gasoline",,,"dealership","[PREMIUM]","Tacoma","WA","[PREMIUM]",,"[]",,,"[PREMIUM]"
"43231159-215f-4f19-adee-0f80755c41ad","2026-04-29 23:29:36.031","2026-04-29 23:29:36.031","43231159-215f-4f19-adee-0f80755c41ad","[PREMIUM]","New",2026,"Jeep","Gladiator","Sport S","[PREMIUM]","[PREMIUM]",10,"Truck","Black Clearcoat","Black w/Cloth Low-Back Bucket Seats or Premium McKinley Trimmed","Four-wheel Drive",,,"Gasoline",,,"dealership","[PREMIUM]","Lake City","FL","[PREMIUM]",,"[]",,,"[PREMIUM]"
"c47dcd95-0789-49bb-805a-00ed7806f868","2026-04-29 23:29:36.027","2026-04-29 23:29:36.027","c47dcd95-0789-49bb-805a-00ed7806f868","[PREMIUM]","New",2026,"Chevrolet","Traverse","LT","[PREMIUM]","[PREMIUM]",0,"SUV","Black Metallic","Lt Jet Black","Front-wheel Drive",,,"Gasoline",,,"dealership","[PREMIUM]","Huntsville","AL","[PREMIUM]",,"[]",,,"[PREMIUM]"
"fd182ac3-d507-49d4-8f59-2e9664ea48c4","2026-04-29 23:29:36.027","2026-04-29 23:29:36.027","fd182ac3-d507-49d4-8f59-2e9664ea48c4","[PREMIUM]","New",2026,"Chevrolet","Silverado 1500","RST","[PREMIUM]","[PREMIUM]",0,"Truck","Black","Jet Black, Cloth seat trim","Four-wheel Drive",,,"Gasoline",,,"dealership","[PREMIUM]","El Paso","TX","[PREMIUM]",,"[]",,,"[PREMIUM]"
"258b8a18-2f1b-4e59-a4f0-8b18ff1de3a1","2026-04-29 23:29:36.017","2026-04-29 23:29:36.017","258b8a18-2f1b-4e59-a4f0-8b18ff1de3a1","[PREMIUM]","New",2026,"Jeep","Gladiator","Sport S","[PREMIUM]","[PREMIUM]",10,"Truck","Hydro Blue Pearlcoat","Black w/Cloth Low-Back Bucket Seats or Premium McKinley Trimmed","Four-wheel Drive",,,"Gasoline",,,"dealership","[PREMIUM]","Lake City","FL","[PREMIUM]",,"[]",,,"[PREMIUM]"
"23eb3ab7-ec98-4a3d-9592-73ac2f7c6a3f","2026-04-29 23:29:36.017","2026-04-29 23:29:36.017","23eb3ab7-ec98-4a3d-9592-73ac2f7c6a3f","[PREMIUM]","New",2026,"Honda","Pilot","EX-L","[PREMIUM]","[PREMIUM]",5,"SUV","Solar Silver Metallic","Gray","All-wheel Drive",,,"Gasoline",,,"dealership","[PREMIUM]","Omaha","NE","[PREMIUM]",,"[]",,,"[PREMIUM]"
"65f558d8-3930-4131-a05a-26a512804415","2026-04-29 23:29:36.017","2026-04-29 23:29:36.017","65f558d8-3930-4131-a05a-26a512804415","[PREMIUM]","New",2026,"Honda","Ridgeline","Black","[PREMIUM]","[PREMIUM]",5,"Truck","Sonic Gray Pearl","Black","All-wheel Drive",,,"Gasoline",,,"dealership","[PREMIUM]","Colorado Springs","CO","[PREMIUM]",,"[]",,,"[PREMIUM]"
"f4c4e6da-692b-4e04-a341-51f115759acc","2026-04-29 23:29:36.017","2026-04-29 23:29:36.017","f4c4e6da-692b-4e04-a341-51f115759acc","[PREMIUM]","New",2026,"Toyota","4Runner","SR5","[PREMIUM]","[PREMIUM]",0,"SUV","Underground","Black","Four-wheel Drive",,,"Gasoline",,,"dealership","[PREMIUM]","Englewood","CO","[PREMIUM]",,"[]",,,"[PREMIUM]"
"97d5d500-9927-4734-b389-cc3be3821999","2026-04-29 23:29:36.003","2026-04-29 23:29:36.003","97d5d500-9927-4734-b389-cc3be3821999","[PREMIUM]","New",2026,"Toyota","Tacoma","TRD Sport","[PREMIUM]","[PREMIUM]",0,"Truck","Bronze","Boulderblack","Four-wheel Drive",,,"Gasoline",,,"dealership","[PREMIUM]","San Marcos","TX","[PREMIUM]",,"[]",,,"[PREMIUM]"
"c85921b4-1616-4ff7-826b-e1f66abd52a2","2026-04-29 23:29:35.989","2026-04-29 23:29:35.989","c85921b4-1616-4ff7-826b-e1f66abd52a2","[PREMIUM]","New",2026,"GMC","Canyon","Elevation","[PREMIUM]","[PREMIUM]",0,"Truck","White","Jet Black, CoreTec seat trim","Four-wheel Drive",,,"Gasoline",,,"dealership","[PREMIUM]","Greeley","CO","[PREMIUM]",,"[]",,,"[PREMIUM]"
"bda7833d-6454-41a5-9dd7-3a5e2303ec77","2026-04-29 23:29:25.074","2026-04-29 23:29:25.074","bda7833d-6454-41a5-9dd7-3a5e2303ec77","[PREMIUM]","New",2026,"Ford","Explorer","ST-Line","[PREMIUM]","[PREMIUM]",0,"SUV","Space White Metallic","Onyx","Rear-wheel Drive",,,"Gasoline",,,"dealership","[PREMIUM]","Englewood","FL","[PREMIUM]",,"[]",,,"[PREMIUM]"
"61bee2a3-3450-448d-bfd7-5b2b417e51c5","2026-04-29 23:29:25.065","2026-04-29 23:29:25.065","61bee2a3-3450-448d-bfd7-5b2b417e51c5","[PREMIUM]","New",2026,"Buick","Enclave","Preferred FWD","[PREMIUM]","[PREMIUM]",0,"SUV","Ocean Blue Metallic","Ebony With Sky Cool Gray And Ebony Interior Accents, Leatherette","All-wheel Drive",,,"Gasoline",,,"dealership","[PREMIUM]","Clinton Township","MI","[PREMIUM]",,"[]",,,"[PREMIUM]"
"ca7691a6-6863-4a92-81ee-97a92c576042","2026-04-29 23:29:25.047","2026-05-02 23:29:37.039","ca7691a6-6863-4a92-81ee-97a92c576042","[PREMIUM]","New",2026,"Jeep","Gladiator","Sport S","[PREMIUM]","[PREMIUM]",10,"Truck","Hydro Blue Pearlcoat","Black w/Cloth Low-Back Bucket Seats or Premium McKinley Trimmed","Four-wheel Drive",,,"Gasoline",,,"dealership","[PREMIUM]","Lake City","FL","[PREMIUM]",,"[]",,,"[PREMIUM]"
"ff3b203e-af62-4cdd-95a8-65b64db33d20","2026-04-29 23:29:25.024","2026-04-29 23:29:25.024","ff3b203e-af62-4cdd-95a8-65b64db33d20","[PREMIUM]","New",2026,"Toyota","RAV4 Plug-In Hybrid","GR Sport","[PREMIUM]","[PREMIUM]",0,"SUV","Midnight Black Metallic","Black","All-wheel Drive",,,"Hybrid",,,"dealership","[PREMIUM]","Hackensack","NJ","[PREMIUM]",,"[]",,,"[PREMIUM]"
"6f3fb74a-331e-44de-aaf1-b3eead72bf22","2026-04-29 23:29:25.001","2026-04-29 23:29:25.001","6f3fb74a-331e-44de-aaf1-b3eead72bf22","[PREMIUM]","New",2026,"Ford","Bronco","Big Bend","[PREMIUM]","[PREMIUM]",0,"SUV","Shadow Black","Lv","Four-wheel Drive",,,"Gasoline",,,"dealership","[PREMIUM]","Oklahoma City","OK","[PREMIUM]",,"[]",,,"[PREMIUM]"
"cd5e9580-07f2-44e3-92d6-5a935b072ba6","2026-04-29 23:29:24.981","2026-05-02 23:29:36.989","cd5e9580-07f2-44e3-92d6-5a935b072ba6","[PREMIUM]","New",2026,"Jeep","Gladiator","Sport S","[PREMIUM]","[PREMIUM]",10,"Truck","Anvil Clearcoat","Black w/Cloth Low-Back Bucket Seats or Premium McKinley Trimmed","Four-wheel Drive",,,"Gasoline",,,"dealership","[PREMIUM]","Lake City","FL","[PREMIUM]",,"[]",,,"[PREMIUM]"
"4651fed7-023c-497d-95d8-35e6fb24424c","2026-04-29 23:29:24.969","2026-04-29 23:29:24.969","4651fed7-023c-497d-95d8-35e6fb24424c","[PREMIUM]","New",2026,"Kia","Sorento","SX","[PREMIUM]","[PREMIUM]",0,"SUV","Ebony Black","Black","All-wheel Drive",,,"Gasoline",,,"dealership","[PREMIUM]","Puyallup","WA","[PREMIUM]",,"[]",,,"[PREMIUM]"
"65e21bc8-df2c-4dac-a563-1b4d692c3809","2026-04-29 23:29:24.964","2026-04-29 23:29:24.964","65e21bc8-df2c-4dac-a563-1b4d692c3809","[PREMIUM]","New",2026,"Buick","Enclave","Preferred FWD","[PREMIUM]","[PREMIUM]",0,"SUV","Ocean Blue Metallic","Ebony With Sky Cool Gray And Ebony Interior Accents, Leatherette","All-wheel Drive",,,"Gasoline",,,"dealership","[PREMIUM]","Clinton Township","MI","[PREMIUM]",,"[]",,,"[PREMIUM]"
"5ad07598-1655-4375-8231-ffb66e40d252","2026-04-29 23:29:24.962","2026-04-29 23:29:24.962","5ad07598-1655-4375-8231-ffb66e40d252","[PREMIUM]","New",2026,"Honda","Passport","AWD TrailSport","[PREMIUM]","[PREMIUM]",5,"SUV","Modern Steel Metallic","Black","All-wheel Drive",,,"Gasoline",,,"dealership","[PREMIUM]","Colorado Springs","CO","[PREMIUM]",,"[]",,,"[PREMIUM]"
"5dfb2bce-9477-415f-9d62-d68972a67a3a","2026-04-29 23:29:24.948","2026-04-29 23:29:24.948","5dfb2bce-9477-415f-9d62-d68972a67a3a","[PREMIUM]","New",2026,"Toyota","Tacoma","SR5","[PREMIUM]","[PREMIUM]",9,"Truck","Black","Boulder","Four-wheel Drive",,,"Gasoline",,,"dealership","[PREMIUM]","Fayetteville","AR","[PREMIUM]",,"[]",,,"[PREMIUM]"
"9cb573b0-bb36-4592-8c1e-891e94745420","2026-04-29 23:29:24.947","2026-04-29 23:29:24.947","9cb573b0-bb36-4592-8c1e-891e94745420","[PREMIUM]","New",2026,"Buick","Enclave","Preferred FWD","[PREMIUM]","[PREMIUM]",0,"SUV","Ebony Twilight Metallic","Ebony With Sky Cool Gray And Ebony Interior Accents, Leatherette","Front-wheel Drive",,,"Gasoline",,,"dealership","[PREMIUM]","Clinton Township","MI","[PREMIUM]",,"[]",,,"[PREMIUM]"
"3faa4eab-a236-4291-8ab8-dc17fa8ec524","2026-04-29 23:29:24.883","2026-05-08 23:30:10.971","3faa4eab-a236-4291-8ab8-dc17fa8ec524","[PREMIUM]","New",2026,"Jeep","Gladiator","Sahara 4x4","[PREMIUM]","[PREMIUM]",10,"Truck","Bright White Clearcoat","Black w/Cloth Low-Back Bucket Seats or Premium McKinley Trimmed","Four-wheel Drive",,,"Gasoline",,,"dealership","[PREMIUM]","Lake City","FL","[PREMIUM]",,"[]",,,"[PREMIUM]"
"c700c586-40e5-4385-a067-1dc9cc7b2bb3","2026-04-29 23:29:24.880","2026-04-29 23:29:24.880","c700c586-40e5-4385-a067-1dc9cc7b2bb3","[PREMIUM]","New",2026,"Ford","F-150","STX","[PREMIUM]","[PREMIUM]",0,"Truck","Carbonized Gray Metallic","Stx 40 Con 40 Black","Four-wheel Drive",,,"Gasoline",,,"dealership","[PREMIUM]","Pasco","WA","[PREMIUM]",,"[]",,,"[PREMIUM]"
"951b3c17-3c24-40b5-9e10-4063b45367c8","2026-04-29 23:29:24.833","2026-04-29 23:29:24.833","951b3c17-3c24-40b5-9e10-4063b45367c8","[PREMIUM]","New",2026,"Chevrolet","Silverado 1500","RST","[PREMIUM]","[PREMIUM]",4,"Truck","White Sands","Jet Black","Four-wheel Drive",,,"Gasoline",,,"dealership","[PREMIUM]","Clarkston","MI","[PREMIUM]",,"[]",,,"[PREMIUM]"
"c3e1e0f7-443d-4068-918b-9b7f1f182092","2026-04-29 23:29:24.821","2026-04-29 23:29:24.821","c3e1e0f7-443d-4068-918b-9b7f1f182092","[PREMIUM]","New",2026,"Ford","Ranger","LARIAT","[PREMIUM]","[PREMIUM]",0,"Truck","Shadow Black","Ebony","Four-wheel Drive",,,"Gasoline",,,"dealership","[PREMIUM]","Richmond","VA","[PREMIUM]",,"[]",,,"[PREMIUM]"
"b78f9bde-3592-46a4-ac4b-3d8dbd30619d","2026-04-29 23:29:24.799","2026-04-29 23:29:24.799","b78f9bde-3592-46a4-ac4b-3d8dbd30619d","[PREMIUM]","New",2026,"Kia","Sorento","SX","[PREMIUM]","[PREMIUM]",5,"SUV","Black","Black","All-wheel Drive",,,"Gasoline",,,"dealership","[PREMIUM]","Irving","TX","[PREMIUM]",,"[]",,,"[PREMIUM]"
"c4d133f9-4169-4053-aafc-33b9e74eef7b","2026-04-29 23:29:24.767","2026-04-29 23:29:24.767","c4d133f9-4169-4053-aafc-33b9e74eef7b","[PREMIUM]","New",2026,"Audi","Q3","TFSI quattro S tronic","[PREMIUM]","[PREMIUM]",30,"SUV","Sage Green Metallic","Black w/Steel Gray Stitch","All-wheel Drive",,,"Gasoline",,,"dealership","[PREMIUM]","Littleton","CO","[PREMIUM]",,"[]",,,"[PREMIUM]"
"32f52868-7cd4-4e87-b20b-c4e83ca1e4de","2026-04-29 23:28:54.273","2026-04-29 23:28:54.273","32f52868-7cd4-4e87-b20b-c4e83ca1e4de","[PREMIUM]","New",2026,"Honda","Pilot","EX-L","[PREMIUM]","[PREMIUM]",0,"SUV","Sonic Gray Pearl","Black","All-wheel Drive",,,"Gasoline",,,"dealership","[PREMIUM]","Triadelphia","WV","[PREMIUM]",,"[]",,,"[PREMIUM]"
"c27d223d-38c9-4167-b16e-a1ffc63ab185","2026-04-29 23:28:54.200","2026-04-29 23:28:54.200","c27d223d-38c9-4167-b16e-a1ffc63ab185","[PREMIUM]","New",2026,"Ford","F-150","STX","[PREMIUM]","[PREMIUM]",1263,"Truck","AVALANCHE","Blk Unique Sport Clth 40/","Four-wheel Drive",,,"Gasoline",,,"dealership","[PREMIUM]","Apple Valley","MN","[PREMIUM]",,"[]",,,"[PREMIUM]"
"64fc6ced-8f5a-479e-949a-64618879438e","2026-04-29 23:28:44.263","2026-04-29 23:28:44.263","64fc6ced-8f5a-479e-949a-64618879438e","[PREMIUM]","New",2026,"Ford","Ranger","XLT","[PREMIUM]","[PREMIUM]",0,"Truck","Desert Sand","Ebony","Four-wheel Drive",,,"Gasoline",,,"dealership","[PREMIUM]","Englewood","FL","[PREMIUM]",,"[]",,,"[PREMIUM]"
"7b19e33a-b4f8-4c03-bcf5-482bfc191d4e","2026-04-29 23:28:44.120","2026-04-29 23:28:44.120","7b19e33a-b4f8-4c03-bcf5-482bfc191d4e","[PREMIUM]","New",2026,"Ford","F-150","STX","[PREMIUM]","[PREMIUM]",7,"Truck","Carbonized Gray Metallic","Black","Four-wheel Drive",,,"Gasoline",,,"dealership","[PREMIUM]","Foxboro","MA","[PREMIUM]",,"[]",,,"[PREMIUM]"
"07a72a12-c2c2-4230-a3a7-a0188371fe67","2026-04-29 23:28:44.119","2026-04-29 23:28:44.119","07a72a12-c2c2-4230-a3a7-a0188371fe67","[PREMIUM]","New",2026,"Toyota","Grand Highlander","XLE","[PREMIUM]","[PREMIUM]",1,"SUV","Celestial Silver Metallic","Black","All-wheel Drive",,,"Gasoline",,,"dealership","[PREMIUM]","St Albans","VT","[PREMIUM]",,"[]",,,"[PREMIUM]"
"562fee9e-9601-43d9-8292-6c3cac79c307","2026-04-29 23:28:44.110","2026-05-02 23:29:26.727","562fee9e-9601-43d9-8292-6c3cac79c307","[PREMIUM]","New",2026,"Honda","Ridgeline","Black","[PREMIUM]","[PREMIUM]",5,"Truck","Platinum White Pearl","Black","All-wheel Drive",,,"Gasoline",,,"dealership","[PREMIUM]","Minneapolis","MN","[PREMIUM]",,"[]",,,"[PREMIUM]"
"56e1000b-1621-4cf7-b059-e9fe6e998b80","2026-04-29 23:28:44.105","2026-05-02 23:29:16.307","56e1000b-1621-4cf7-b059-e9fe6e998b80","[PREMIUM]","New",2026,"Chevrolet","Traverse","LT","[PREMIUM]","[PREMIUM]",5,"SUV","Sterling Gray Metallic","Jet Black","All-wheel Drive",,,"Gasoline",,,"dealership","[PREMIUM]","Glenpool","OK","[PREMIUM]",,"[]",,,"[PREMIUM]"
"ae38a1a6-0bb8-40a6-a214-a0ecd842e853","2026-04-29 23:28:44.068","2026-04-29 23:28:44.068","ae38a1a6-0bb8-40a6-a214-a0ecd842e853","[PREMIUM]","New",2026,"RAM","2500","Tradesman Crew Cab 4x4 6&#39;4&#39; Box","[PREMIUM]","[PREMIUM]",1707,"Truck","Diamond Black Crystal Pearl-Coat Exterior Paint","Black / Diesel Gray Interior Colors","Four-wheel Drive",,,"Gasoline",,,"dealership","[PREMIUM]","Chilton","WI","[PREMIUM]",,"[]",,,"[PREMIUM]"
"999742c5-66b6-40f7-a0e5-671ea82b902c","2026-04-29 23:28:44.059","2026-04-29 23:28:44.059","999742c5-66b6-40f7-a0e5-671ea82b902c","[PREMIUM]","New",2027,"Kia","Telluride","S","[PREMIUM]","[PREMIUM]",14,"SUV","Gray",,"AWD",,,"Gasoline",,,"dealership","[PREMIUM]","East Meadow","NY","[PREMIUM]",,"[]",,,"[PREMIUM]"
"db0a641e-7769-42f9-be84-03bd3a77a160","2026-04-29 23:28:34.092","2026-04-29 23:28:34.092","db0a641e-7769-42f9-be84-03bd3a77a160","[PREMIUM]","New",2026,"Chevrolet","Traverse","RS","[PREMIUM]","[PREMIUM]",10,"SUV","Radiant Red","Jet Black w/Torch Red Accents","Front-wheel Drive",,,"Gasoline",,,"dealership","[PREMIUM]","Miami","FL","[PREMIUM]",,"[]",,,"[PREMIUM]"
"969a6007-84a4-4e88-a709-eb0a51446054","2026-04-29 23:28:34.070","2026-04-29 23:28:34.070","969a6007-84a4-4e88-a709-eb0a51446054","[PREMIUM]","New",2026,"Toyota","RAV4","SE","[PREMIUM]","[PREMIUM]",2,"SUV","Midnight Black Metallic","Black","All-wheel Drive",,,"Gasoline",,,"dealership","[PREMIUM]","Bethesda","MD","[PREMIUM]",,"[]",,,"[PREMIUM]"
"cb62197a-345e-464a-aea1-96b5becd488c","2026-04-29 23:28:33.806","2026-04-29 23:28:33.806","cb62197a-345e-464a-aea1-96b5becd488c","[PREMIUM]","New",2026,"Nissan","Pathfinder","SL","[PREMIUM]","[PREMIUM]",0,"SUV","Super Black","Charcoal","Four-wheel Drive",,,"Gasoline",,,"dealership","[PREMIUM]","Alexandria","VA","[PREMIUM]",,"[]",,,"[PREMIUM]"
"67ff8e4d-f0e3-418b-a75e-6d5192905619","2026-04-29 23:28:33.753","2026-04-29 23:28:33.753","67ff8e4d-f0e3-418b-a75e-6d5192905619","[PREMIUM]","New",2026,"Toyota","Tacoma","TRD Sport","[PREMIUM]","[PREMIUM]",0,"Truck","Ice Cap","Boulder/Black w/Blue","Four-wheel Drive",,,"Gasoline",,,"dealership","[PREMIUM]","Putnam","CT","[PREMIUM]",,"[]",,,"[PREMIUM]"
"30f90d58-5ebc-452b-8d40-ab3de4cfafff","2026-04-29 23:28:33.749","2026-04-29 23:28:33.749","30f90d58-5ebc-452b-8d40-ab3de4cfafff","[PREMIUM]","New",2026,"Toyota","Tacoma","TRD Off Road","[PREMIUM]","[PREMIUM]",0,"Truck","Celestial Silver Metallic","Boulder/Black w/Smoke Silver","Four-wheel Drive",,,"Gasoline",,,"dealership","[PREMIUM]","Putnam","CT","[PREMIUM]",,"[]",,,"[PREMIUM]"
"850c94cf-1ddb-4f6f-94fe-317eebb8b065","2026-04-29 23:28:33.749","2026-04-29 23:28:33.749","850c94cf-1ddb-4f6f-94fe-317eebb8b065","[PREMIUM]","New",2026,"Toyota","Tacoma","TRD Sport","[PREMIUM]","[PREMIUM]",0,"Truck","Wind Chill Pearl","Boulder/Black w/Smoke Silver","Four-wheel Drive",,,"Gasoline",,,"dealership","[PREMIUM]","Putnam","CT","[PREMIUM]",,"[]",,,"[PREMIUM]"
"c3df65c3-0e29-47bc-9877-9fb5df1fb3a7","2026-04-29 23:28:33.729","2026-04-29 23:28:33.729","c3df65c3-0e29-47bc-9877-9fb5df1fb3a7","[PREMIUM]","New",2026,"Lexus","NX 350","350 Base","[PREMIUM]","[PREMIUM]",5,"SUV","Ultra White","Black","All-wheel Drive",,,"Gasoline",,,"dealership","[PREMIUM]","Durham","NC","[PREMIUM]",,"[]",,,"[PREMIUM]"
"56867bb4-6279-4331-8769-d30fcd162b5c","2026-04-29 23:28:33.727","2026-04-29 23:28:33.727","56867bb4-6279-4331-8769-d30fcd162b5c","[PREMIUM]","New",2026,"Chevrolet","Traverse","LT","[PREMIUM]","[PREMIUM]",1,"SUV","Sterling Gray Metallic","Lt Jet Black","Front-wheel Drive",,,"Gasoline",,,"dealership","[PREMIUM]","Greer","SC","[PREMIUM]",,"[]",,,"[PREMIUM]"
"b0362281-062e-4df7-87b9-aba250524e44","2026-04-29 23:28:33.726","2026-04-29 23:28:33.726","b0362281-062e-4df7-87b9-aba250524e44","[PREMIUM]","New",2026,"Toyota","RAV4","Limited","[PREMIUM]","[PREMIUM]",10,"SUV","Pearl","Black Seat Trim","All-wheel Drive",,,"Gasoline",,,"dealership","[PREMIUM]","Milwaukee","WI","[PREMIUM]",,"[]",,,"[PREMIUM]"
"0454b3e6-9c01-4859-8795-0ceb74c606b6","2026-04-29 23:28:33.724","2026-04-29 23:28:33.724","0454b3e6-9c01-4859-8795-0ceb74c606b6","[PREMIUM]","New",2026,"Volkswagen","Atlas","2.0T SEL","[PREMIUM]","[PREMIUM]",1,"SUV","avocado green pearl","Shetland Bge Perforated V","All-wheel Drive",,,"Gasoline",,,"dealership","[PREMIUM]","Laurel","MD","[PREMIUM]",,"[]",,,"[PREMIUM]"
"8ba8a89d-5d1c-44e6-9543-94482295ef1c","2026-04-29 23:28:33.710","2026-04-29 23:28:33.710","8ba8a89d-5d1c-44e6-9543-94482295ef1c","[PREMIUM]","New",2026,"Toyota","Crown","Limited","[PREMIUM]","[PREMIUM]",0,"Sedan","Oxygen White","Black","All-wheel Drive",,,"Gasoline",,,"dealership","[PREMIUM]","Birmingham","AL","[PREMIUM]",,"[]",,,"[PREMIUM]"
"29b4f6f1-f8c4-4ef6-96fa-5b8d7ad0977a","2026-04-29 23:28:33.704","2026-05-02 23:29:16.313","29b4f6f1-f8c4-4ef6-96fa-5b8d7ad0977a","[PREMIUM]","New",2026,"Chevrolet","Silverado 2500","WT","[PREMIUM]","[PREMIUM]",0,"Truck","Summit White","Jet Black","Four-wheel Drive",,,"Gasoline",,,"dealership","[PREMIUM]","Daytona Beach","FL","[PREMIUM]",,"[]",,,"[PREMIUM]"
"0ed1bee2-079b-4927-bd5c-5e454d33b346","2026-04-29 23:28:33.701","2026-05-02 23:29:16.304","0ed1bee2-079b-4927-bd5c-5e454d33b346","[PREMIUM]","New",2026,"Chevrolet","Silverado 1500","LT","[PREMIUM]","[PREMIUM]",10,"Truck","Red Hot","H0y Jet Black","Rear-wheel Drive",,,"Gasoline",,,"dealership","[PREMIUM]","Daytona Beach","FL","[PREMIUM]",,"[]",,,"[PREMIUM]"
"e1a9a7f7-7a32-4bb0-93d7-7b0597d84f98","2026-04-29 23:28:33.689","2026-04-29 23:28:33.689","e1a9a7f7-7a32-4bb0-93d7-7b0597d84f98","[PREMIUM]","New",2026,"Honda","Pilot","EX-L","[PREMIUM]","[PREMIUM]",163,"SUV","Radiant Red",,"All-wheel Drive",,,"Gasoline",,,"dealership","[PREMIUM]","Grandville","MI","[PREMIUM]",,"[]",,,"[PREMIUM]"
"e030bb16-7b4b-4937-98a9-163d0c014079","2026-04-29 23:28:33.685","2026-05-02 23:28:55.839","e030bb16-7b4b-4937-98a9-163d0c014079","[PREMIUM]","New",2026,"Toyota","Tacoma","TRD Off Road","[PREMIUM]","[PREMIUM]",0,"Truck","Celestial Silver Metallic","Boulder/Black w/Smoke Silver","Four-wheel Drive",,,"Gasoline",,,"dealership","[PREMIUM]","Putnam","CT","[PREMIUM]",,"[]",,,"[PREMIUM]"
"2be3ad89-b28f-45ed-9638-bf8fd722735c","2026-04-29 23:28:33.681","2026-04-29 23:28:33.681","2be3ad89-b28f-45ed-9638-bf8fd722735c","[PREMIUM]","New",2026,"Honda","Odyssey","Touring","[PREMIUM]","[PREMIUM]",5,"Passenger Van","Solar Silver Metallic","Gray","Front-wheel Drive",,,"Gasoline",,,"dealership","[PREMIUM]","Colorado Springs","CO","[PREMIUM]",,"[]",,,"[PREMIUM]"
"6a7c54dd-b2f9-48ff-88eb-7eda564a481d","2026-04-29 23:28:23.447","2026-04-29 23:28:23.447","6a7c54dd-b2f9-48ff-88eb-7eda564a481d","[PREMIUM]","New",2026,"Chevrolet","Colorado","Trail Boss","[PREMIUM]","[PREMIUM]",1,"Truck","Sterling Gray Metallic","Jet Black","Four-wheel Drive",,,"Gasoline",,,"dealership","[PREMIUM]","Kalamazoo","MI","[PREMIUM]",,"[]",,,"[PREMIUM]"
"1b292bdf-5b9e-457b-9ec1-76aa4aebe3cd","2026-04-29 23:28:23.273","2026-04-29 23:28:23.273","1b292bdf-5b9e-457b-9ec1-76aa4aebe3cd","[PREMIUM]","New",2026,"Honda","Passport","AWD RTL","[PREMIUM]","[PREMIUM]",0,"SUV",,,"All-wheel Drive",,,"Gasoline",,,"dealership","[PREMIUM]","Albany","NY","[PREMIUM]",,"[]",,,"[PREMIUM]"
"a20b12c5-753d-4127-a180-49995d041d3d","2026-04-29 23:28:23.126","2026-04-29 23:28:23.126","a20b12c5-753d-4127-a180-49995d041d3d","[PREMIUM]","New",2026,"Honda","Ridgeline","Black","[PREMIUM]","[PREMIUM]",2,"Truck","Platinum White Pearl","Black","All-wheel Drive",,,"Gasoline",,,"dealership","[PREMIUM]","Albany","NY","[PREMIUM]",,"[]",,,"[PREMIUM]"
"e346b1fb-9957-444f-984b-d06575cfc929","2026-04-29 23:28:23.124","2026-04-29 23:28:23.124","e346b1fb-9957-444f-984b-d06575cfc929","[PREMIUM]","New",2026,"Toyota","Tacoma","TRD Off Road","[PREMIUM]","[PREMIUM]",4,"Truck","Black","Boulder/Black w/Smoke Silver","Four-wheel Drive",,,"Gasoline",,,"dealership","[PREMIUM]","Schenectady","NY","[PREMIUM]",,"[]",,,"[PREMIUM]"
"e88b7af5-491a-4710-927d-211f875336a7","2026-04-29 23:28:23.110","2026-04-29 23:28:23.110","e88b7af5-491a-4710-927d-211f875336a7","[PREMIUM]","New",2026,"Hyundai","PALISADE","SEL Premium","[PREMIUM]","[PREMIUM]",9,"SUV","Creamy White Pearl","Black","All-wheel Drive",,,"Gasoline",,,"dealership","[PREMIUM]","Clarksville","TN","[PREMIUM]",,"[]",,,"[PREMIUM]"
"90eb8278-8cf4-4e7f-a184-6460433170a2","2026-04-29 23:28:23.087","2026-04-29 23:28:23.087","90eb8278-8cf4-4e7f-a184-6460433170a2","[PREMIUM]","New",2026,"Toyota","Tacoma","TRD Off Road","[PREMIUM]","[PREMIUM]",4,"Truck","Celestial Silver Metallic","Boulder/Black w/Smoke Silver","Four-wheel Drive",,,"Gasoline",,,"dealership","[PREMIUM]","Schenectady","NY","[PREMIUM]",,"[]",,,"[PREMIUM]"
"613c89a5-d8e6-4066-8e85-fde1275fd4e9","2026-04-29 23:28:23.062","2026-05-02 23:28:34.444","613c89a5-d8e6-4066-8e85-fde1275fd4e9","[PREMIUM]","New",2026,"Chevrolet","Silverado 1500","RST","[PREMIUM]","[PREMIUM]",2,"Truck","Sterling Gray Metallic","Gideon/Very Dark Atmosphere","Four-wheel Drive",,,"Gasoline",,,"dealership","[PREMIUM]","McKinney","TX","[PREMIUM]",,"[]",,,"[PREMIUM]"
"17faec12-39e3-4a66-bfa7-08b1d4279f32","2026-04-29 23:28:23.049","2026-04-29 23:28:23.049","17faec12-39e3-4a66-bfa7-08b1d4279f32","[PREMIUM]","New",2026,"Ford","F-250","XL","[PREMIUM]","[PREMIUM]",10,"Truck","OXFORD WHITE","MEDIUM DARK SLATE VINYL","Four-wheel Drive",,,"Gasoline",,,"dealership","[PREMIUM]","North Little Rock","AR","[PREMIUM]",,"[]",,,"[PREMIUM]"
"8e3a9359-3a00-4e43-b654-bfac7d79931a","2026-04-29 23:28:23.043","2026-04-29 23:28:23.043","8e3a9359-3a00-4e43-b654-bfac7d79931a","[PREMIUM]","New",2026,"Honda","Ridgeline","Black","[PREMIUM]","[PREMIUM]",5,"Truck","Platinum White Pearl","Black","All-wheel Drive",,,"Gasoline",,,"dealership","[PREMIUM]","Barrington","IL","[PREMIUM]",,"[]",,,"[PREMIUM]"
"5fd9ce98-1c6f-43ed-9e9d-1eed2736d246","2026-04-29 23:28:23.038","2026-04-29 23:28:23.038","5fd9ce98-1c6f-43ed-9e9d-1eed2736d246","[PREMIUM]","New",2026,"Subaru","Outback","Wilderness","[PREMIUM]","[PREMIUM]",0,"SUV","River Rock Pearl","Black","All-wheel Drive",,,"Gasoline",,,"dealership","[PREMIUM]","Washington","PA","[PREMIUM]",,"[]",,,"[PREMIUM]"
"b1f228bb-9342-49f0-8873-9ea8699eff68","2026-04-29 23:28:23.022","2026-05-05 23:28:53.413","b1f228bb-9342-49f0-8873-9ea8699eff68","[PREMIUM]","New",2026,"Toyota","RAV4","Limited","[PREMIUM]","[PREMIUM]",10,"SUV","Pearl",,"All-wheel Drive",,,"Gasoline",,,"dealership","[PREMIUM]","Braintree","MA","[PREMIUM]",,"[]",,,"[PREMIUM]"
"4ee85204-bf19-40de-8534-8a0587d29e3d","2026-04-29 23:28:23.017","2026-04-29 23:28:23.017","4ee85204-bf19-40de-8534-8a0587d29e3d","[PREMIUM]","New",2026,"Subaru","Trailseeker","Touring","[PREMIUM]","[PREMIUM]",5,"SUV","Gray","Blue","All-wheel Drive",,,"Electric",,,"dealership","[PREMIUM]","Kirkland","WA","[PREMIUM]",,"[]",,,"[PREMIUM]"
"47f6730b-2ca8-4c6c-b4e5-9f95ff91f086","2026-04-29 23:28:23.006","2026-05-02 23:28:34.440","47f6730b-2ca8-4c6c-b4e5-9f95ff91f086","[PREMIUM]","New",2026,"Chevrolet","Silverado 2500","WT","[PREMIUM]","[PREMIUM]",0,"Truck","Summit White","Jet Black","Four-wheel Drive",,,"Gasoline",,,"dealership","[PREMIUM]","Daytona Beach","FL","[PREMIUM]",,"[]",,,"[PREMIUM]"
"b164fe70-a1c2-4133-8c4f-b3ac11716d38","2026-04-29 23:28:22.998","2026-05-02 23:28:45.251","b164fe70-a1c2-4133-8c4f-b3ac11716d38","[PREMIUM]","New",2026,"Buick","Enclave","Sport Touring","[PREMIUM]","[PREMIUM]",2,"SUV","Moonstone Gray Metallic","Ebony w/Sky Cool Gray &amp; Ebony Accents","Front-wheel Drive",,,"Gasoline",,,"dealership","[PREMIUM]","Bentonville","AR","[PREMIUM]",,"[]",,,"[PREMIUM]"
"0fc9aff6-3ef7-4bf8-82db-e2a9834f2187","2026-04-29 23:28:22.993","2026-05-02 23:28:34.438","0fc9aff6-3ef7-4bf8-82db-e2a9834f2187","[PREMIUM]","New",2026,"Ford","F-150","XL","[PREMIUM]","[PREMIUM]",3,"Truck","Gray","Blk W/Med Dk Slate Clth 4","Four-wheel Drive",,,"Gasoline",,,"dealership","[PREMIUM]","Apple Valley","MN","[PREMIUM]",,"[]",,,"[PREMIUM]"
"ad48692d-098d-467f-8466-3ec45e363636","2026-04-29 23:28:22.992","2026-04-29 23:28:22.992","ad48692d-098d-467f-8466-3ec45e363636","[PREMIUM]","New",2026,"Honda","Pilot","EX-L","[PREMIUM]","[PREMIUM]",15,"SUV","Solar Silver Metallic","Gray","All-wheel Drive",,,"Gasoline",,,"dealership","[PREMIUM]","Wallingford","CT","[PREMIUM]",,"[]",,,"[PREMIUM]"
"c708395a-bfcc-4d2b-a749-830769ec1c22","2026-04-29 23:28:22.988","2026-05-05 23:28:43.157","c708395a-bfcc-4d2b-a749-830769ec1c22","[PREMIUM]","New",2026,"BMW","X1","xDrive28i","[PREMIUM]","[PREMIUM]",0,"SUV","Mineral White Metallic","Smoke Wht Perforated Vega","All-wheel Drive",,,"Gasoline",,,"dealership","[PREMIUM]","Newport News","VA","[PREMIUM]",,"[]",,,"[PREMIUM]"
"9b332e04-cd87-4d01-a7de-83490b70796c","2026-04-29 23:28:22.987","2026-04-29 23:28:22.987","9b332e04-cd87-4d01-a7de-83490b70796c","[PREMIUM]","New",2026,"Volkswagen","Atlas","2.0T SE w/Technology","[PREMIUM]","[PREMIUM]",0,"SUV","avocado green pearl",,"Front-wheel Drive",,,"Gasoline",,,"dealership","[PREMIUM]","Huntsville","AL","[PREMIUM]",,"[]",,,"[PREMIUM]"
"93fa01d8-db5f-41a5-bb85-876af3529859","2026-04-29 23:28:22.983","2026-05-05 23:28:43.437","93fa01d8-db5f-41a5-bb85-876af3529859","[PREMIUM]","New",2026,"Chevrolet","Traverse","LT","[PREMIUM]","[PREMIUM]",0,"SUV","Summit White","Jet Black","All-wheel Drive",,,"Gasoline",,,"dealership","[PREMIUM]","Stuart","IA","[PREMIUM]",,"[]",,,"[PREMIUM]"
"9e004b2d-ece5-4a2d-a752-1e63b7d67095","2026-04-29 23:28:22.981","2026-05-05 23:28:43.212","9e004b2d-ece5-4a2d-a752-1e63b7d67095","[PREMIUM]","New",2026,"Volkswagen","Atlas Cross Sport","2.0T SE w/Technology 4MOTION","[PREMIUM]","[PREMIUM]",14,"SUV","deep black pearl","Titan Black","All-wheel Drive",,,"Gasoline",,,"dealership","[PREMIUM]","Huntsville","AL","[PREMIUM]",,"[]",,,"[PREMIUM]"
"06b35837-f2c4-4047-97d5-5aed09c8dbc3","2026-04-29 23:28:22.979","2026-04-29 23:28:22.979","06b35837-f2c4-4047-97d5-5aed09c8dbc3","[PREMIUM]","New",2026,"Volkswagen","Atlas","2.0T SE w/Technology","[PREMIUM]","[PREMIUM]",0,"SUV","avocado green pearl",,"Front-wheel Drive",,,"Gasoline",,,"dealership","[PREMIUM]","Huntsville","AL","[PREMIUM]",,"[]",,,"[PREMIUM]"
"d9d3a20f-fa02-4223-a520-304e6f5c9e38","2026-04-29 23:28:22.965","2026-04-29 23:28:22.965","d9d3a20f-fa02-4223-a520-304e6f5c9e38","[PREMIUM]","New",2026,"GMC","Sierra 1500","Pro","[PREMIUM]","[PREMIUM]",9,"Truck","Summit White","Jet Black","Four-wheel Drive",,,"Gasoline",,,"dealership","[PREMIUM]","Dinuba","CA","[PREMIUM]",,"[]",,,"[PREMIUM]"
"3170b9f1-1fc9-4e99-95cb-64407ad088a5","2026-04-29 23:28:22.959","2026-04-29 23:28:22.959","3170b9f1-1fc9-4e99-95cb-64407ad088a5","[PREMIUM]","New",2026,"Ford","Explorer","ST-Line","[PREMIUM]","[PREMIUM]",3,"SUV","Gray","Onyx Heated Unique Clth C","Four-wheel Drive",,,"Gasoline",,,"dealership","[PREMIUM]","Apple Valley","MN","[PREMIUM]",,"[]",,,"[PREMIUM]"
"ccd77476-d863-4161-a1a5-35cfbf7d9722","2026-04-29 23:28:22.942","2026-05-05 23:28:53.651","ccd77476-d863-4161-a1a5-35cfbf7d9722","[PREMIUM]","New",2026,"Toyota","bZ Woodland",,"[PREMIUM]","[PREMIUM]",4,"SUV","Steel","Black SofTex","All-wheel Drive",,,"Electric",,,"dealership","[PREMIUM]","Boise","ID","[PREMIUM]",,"[]",,,"[PREMIUM]"
"58f48be9-a334-40b8-a2d6-25f291441b50","2026-04-29 23:28:12.412","2026-04-29 23:28:12.412","58f48be9-a334-40b8-a2d6-25f291441b50","[PREMIUM]","New",2026,"Chevrolet","Colorado","Z71","[PREMIUM]","[PREMIUM]",40,"Truck","Sterling Gray Metallic","Jet Black/Adrenaline Red","Four-wheel Drive",,,"Gasoline",,,"dealership","[PREMIUM]","Aurora","OH","[PREMIUM]",,"[]",,,"[PREMIUM]"
"84dbde24-0220-4446-8931-744ed5e286da","2026-04-29 23:28:12.297","2026-04-29 23:28:12.297","84dbde24-0220-4446-8931-744ed5e286da","[PREMIUM]","New",2026,"Jeep","Gladiator","85th Anniversary Edition","[PREMIUM]","[PREMIUM]",0,"Truck","Bright White Clearcoat","Black w/Cloth Low-Back Bucket Seats or Premium McKinley Trimmed","Four-wheel Drive",,,"Gasoline",,,"dealership","[PREMIUM]","Brazil","IN","[PREMIUM]",,"[]",,,"[PREMIUM]"
"eec9dbe9-b33a-49fc-8883-8713cd8bdf4e","2026-04-29 23:28:12.094","2026-04-29 23:28:12.094","eec9dbe9-b33a-49fc-8883-8713cd8bdf4e","[PREMIUM]","New",2026,"Mazda","CX-90","3.3 Turbo Premium Sport","[PREMIUM]","[PREMIUM]",5,"SUV","Polymetal Gray Metallic","Black","All-wheel Drive",,,"Gasoline",,,"dealership","[PREMIUM]","Falmouth","ME","[PREMIUM]",,"[]",,,"[PREMIUM]"
"3ff46fd7-e9f2-45dd-bfa2-e885fd1fa042","2026-04-29 23:28:12.052","2026-05-02 23:28:24.211","3ff46fd7-e9f2-45dd-bfa2-e885fd1fa042","[PREMIUM]","New",2026,"Toyota","Tacoma","SR5","[PREMIUM]","[PREMIUM]",0,"Truck","Celestial Silver Metallic","Boulder","Four-wheel Drive",,,"Gasoline",,,"dealership","[PREMIUM]","Watertown","NY","[PREMIUM]",,"[]",,,"[PREMIUM]"
"04caf338-fc5c-4559-9f89-d100db4185dd","2026-04-29 23:28:12.044","2026-04-29 23:28:12.044","04caf338-fc5c-4559-9f89-d100db4185dd","[PREMIUM]","New",2026,"Hyundai","SANTA FE HEV","Calligraphy","[PREMIUM]","[PREMIUM]",25,"SUV","Ultimate Red","Black","All-wheel Drive",,,"Hybrid",,,"dealership","[PREMIUM]","Chesapeake","VA","[PREMIUM]",,"[]",,,"[PREMIUM]"
"38ca5a37-54f6-4357-835a-1e515d4a1942","2026-04-29 23:28:12.018","2026-05-02 23:28:34.441","38ca5a37-54f6-4357-835a-1e515d4a1942","[PREMIUM]","New",2026,"Toyota","Highlander Hybrid","LE","[PREMIUM]","[PREMIUM]",9,"SUV","Wind Chill Pearl","Black","All-wheel Drive",,,"Hybrid",,,"dealership","[PREMIUM]","Las Vegas","NV","[PREMIUM]",,"[]",,,"[PREMIUM]"
"d3cd9051-f93e-4f12-a885-6dc97fa14e6e","2026-04-29 23:28:12.009","2026-04-29 23:28:12.009","d3cd9051-f93e-4f12-a885-6dc97fa14e6e","[PREMIUM]","New",2026,"Ford","Bronco","Big Bend","[PREMIUM]","[PREMIUM]",4,"SUV","Shadow Black","Dark Space Gray w/Black Onyx","Four-wheel Drive",,,"Gasoline",,,"dealership","[PREMIUM]","Fullerton","CA","[PREMIUM]",,"[]",,,"[PREMIUM]"
"54fcace0-0c84-47f7-9fd4-aa1a35c0c89e","2026-04-29 23:28:12.002","2026-04-29 23:28:12.002","54fcace0-0c84-47f7-9fd4-aa1a35c0c89e","[PREMIUM]","New",2026,"Toyota","Highlander Hybrid","LE","[PREMIUM]","[PREMIUM]",7,"SUV","Storm Cloud","Black","All-wheel Drive",,,"Hybrid",,,"dealership","[PREMIUM]","Las Vegas","NV","[PREMIUM]",,"[]",,,"[PREMIUM]"
"ae9a7be0-1c51-445b-95d5-9db2656799de","2026-04-29 23:28:12.001","2026-04-29 23:28:12.001","ae9a7be0-1c51-445b-95d5-9db2656799de","[PREMIUM]","New",2026,"Ford","Explorer","ST-Line","[PREMIUM]","[PREMIUM]",3,"SUV","Star White Metallic Tri-Coat","Onyx","Rear-wheel Drive",,,"Gasoline",,,"dealership","[PREMIUM]","Fullerton","CA","[PREMIUM]",,"[]",,,"[PREMIUM]"
"f6806db7-1ec5-43a2-b771-3cf263b82e47","2026-04-29 23:28:12.001","2026-04-29 23:28:12.001","f6806db7-1ec5-43a2-b771-3cf263b82e47","[PREMIUM]","New",2026,"Toyota","Tacoma","TRD Off Road","[PREMIUM]","[PREMIUM]",7,"Truck","Celestial Silver Metallic","Boulder/Black w/Smoke Silver","Four-wheel Drive",,,"Gasoline",,,"dealership","[PREMIUM]","Las Vegas","NV","[PREMIUM]",,"[]",,,"[PREMIUM]"
"d07b6087-8dc8-41ec-81e0-703c92c0e9d2","2026-04-29 23:28:11.998","2026-04-29 23:28:11.998","d07b6087-8dc8-41ec-81e0-703c92c0e9d2","[PREMIUM]","New",2026,"Toyota","Crown Signia","XLE","[PREMIUM]","[PREMIUM]",0,"SUV","Storm Cloud","Saddle Tan","All-wheel Drive",,,"Gasoline",,,"dealership","[PREMIUM]","Capitola","CA","[PREMIUM]",,"[]",,,"[PREMIUM]"
"39d68e72-d1bc-4cae-be59-1392df9a9c80","2026-04-29 23:28:11.982","2026-04-29 23:28:11.982","39d68e72-d1bc-4cae-be59-1392df9a9c80","[PREMIUM]","New",2026,"Ford","Transit-250","Base","[PREMIUM]","[PREMIUM]",1,"Cargo Van","Oxford White","Vk","Rear-wheel Drive",,,"Gasoline",,,"dealership","[PREMIUM]","Conyers","GA","[PREMIUM]",,"[]",,,"[PREMIUM]"
"e4eaba6f-36f5-40c1-a1fa-f21ef865a0e8","2026-04-29 23:28:11.979","2026-05-02 23:28:24.243","e4eaba6f-36f5-40c1-a1fa-f21ef865a0e8","[PREMIUM]","New",2026,"Toyota","Tacoma","TRD Sport","[PREMIUM]","[PREMIUM]",2,"Truck","Ice Cap","Boulder/Black w/Smoke Silver","Four-wheel Drive",,,"Gasoline",,,"dealership","[PREMIUM]","Raleigh","NC","[PREMIUM]",,"[]",,,"[PREMIUM]"
"e2524620-25f9-4d70-8eca-8251b63b4573","2026-04-29 23:28:11.972","2026-04-29 23:28:11.972","e2524620-25f9-4d70-8eca-8251b63b4573","[PREMIUM]","New",2026,"Toyota","Sienna","XLE","[PREMIUM]","[PREMIUM]",2,"Passenger Van","Midnight Black","Gray","All-wheel Drive",,,"Gasoline",,,"dealership","[PREMIUM]","Akron","OH","[PREMIUM]",,"[]",,,"[PREMIUM]"
"6691d0fb-e056-44be-bfbe-2d7c8a9a62b6","2026-04-29 23:28:11.960","2026-04-29 23:28:11.960","6691d0fb-e056-44be-bfbe-2d7c8a9a62b6","[PREMIUM]","New",2026,"RAM","1500","Express","[PREMIUM]","[PREMIUM]",12,"Truck","Bright White Clearcoat","Black","Four-wheel Drive",,,"Gasoline",,,"dealership","[PREMIUM]","Wichita Falls","TX","[PREMIUM]",,"[]",,,"[PREMIUM]"
"35ddc608-cba0-4631-8a5b-49134bdf707c","2026-04-29 23:28:11.936","2026-04-29 23:28:11.936","35ddc608-cba0-4631-8a5b-49134bdf707c","[PREMIUM]","New",2026,"Cadillac","XT5","Luxury","[PREMIUM]","[PREMIUM]",1,"SUV","Crystal White Tricoat","Jet Black","Front-wheel Drive",,,"Gasoline",,,"dealership","[PREMIUM]","Beavercreek","OH","[PREMIUM]",,"[]",,,"[PREMIUM]"
"a1793c8c-f5e8-4d92-9e69-48285d9ca9c0","2026-04-29 23:28:01.763","2026-04-29 23:28:01.763","a1793c8c-f5e8-4d92-9e69-48285d9ca9c0","[PREMIUM]","New",2026,"Chevrolet","Colorado","Trail Boss","[PREMIUM]","[PREMIUM]",4,"Truck","Reef Blue Metallic","Jet Black","Four-wheel Drive",,,"Gasoline",,,"dealership","[PREMIUM]","Cherry Hill Township","NJ","[PREMIUM]",,"[]",,,"[PREMIUM]"
"0927fd0c-4b2a-47c6-bc66-77ed9533446d","2026-04-29 23:28:01.598","2026-04-29 23:28:01.598","0927fd0c-4b2a-47c6-bc66-77ed9533446d","[PREMIUM]","New",2026,"Toyota","Tacoma","SR5","[PREMIUM]","[PREMIUM]",0,"Truck","Underground","Black Fabric w","Four-wheel Drive",,,"Gasoline",,,"dealership","[PREMIUM]","San Antonio","TX","[PREMIUM]",,"[]",,,"[PREMIUM]"
"b31ba0ce-d272-4748-a413-b7e85f8aacab","2026-04-29 23:28:01.445","2026-05-02 23:28:14.046","b31ba0ce-d272-4748-a413-b7e85f8aacab","[PREMIUM]","Used",2026,"Tesla","Model Y","Long Range","[PREMIUM]","[PREMIUM]",18730,"SUV","Gray","GRAY","Four-wheel Drive",,,"Electric",,,"dealership","[PREMIUM]","Richmond","TX","[PREMIUM]",,"[]",,,"[PREMIUM]"
"e5304d73-b29f-424b-b079-48863cebe449","2026-04-29 23:28:01.338","2026-04-29 23:28:01.338","e5304d73-b29f-424b-b079-48863cebe449","[PREMIUM]","New",2026,"GMC","Canyon","AT4","[PREMIUM]","[PREMIUM]",4,"Truck","Coastal Dune","Jet Black/Timber","Four-wheel Drive",,,"Gasoline",,,"dealership","[PREMIUM]","Helena","MT","[PREMIUM]",,"[]",,,"[PREMIUM]"
"95efea5d-6b16-4af6-b3cc-d4883a4f34db","2026-04-29 23:28:01.285","2026-04-29 23:28:01.285","95efea5d-6b16-4af6-b3cc-d4883a4f34db","[PREMIUM]","New",2026,"Chevrolet","Silverado 1500","RST","[PREMIUM]","[PREMIUM]",1,"Truck","Black","Jet Black","Four-wheel Drive",,,"Gasoline",,,"dealership","[PREMIUM]","Inverness","FL","[PREMIUM]",,"[]",,,"[PREMIUM]"
"f9c1475f-ae4c-456a-8897-2a2351f3862d","2026-04-29 23:28:01.269","2026-04-29 23:28:01.269","f9c1475f-ae4c-456a-8897-2a2351f3862d","[PREMIUM]","New",2026,"Kia","Sorento","SX","[PREMIUM]","[PREMIUM]",1,"SUV","Ivory Silver","Black","All-wheel Drive",,,"Gasoline",,,"dealership","[PREMIUM]","Albany","NY","[PREMIUM]",,"[]",,,"[PREMIUM]"
"33f4ca9a-13c9-425e-a5ce-84b97e555342","2026-04-29 23:28:01.253","2026-04-29 23:28:01.253","33f4ca9a-13c9-425e-a5ce-84b97e555342","[PREMIUM]","New",2026,"Kia","Sorento","SX","[PREMIUM]","[PREMIUM]",1,"SUV","Ebony Black","Black","All-wheel Drive",,,"Gasoline",,,"dealership","[PREMIUM]","Albany","NY","[PREMIUM]",,"[]",,,"[PREMIUM]"
"38f58de5-3c58-4ca6-89c9-3dff3add8ecc","2026-04-29 23:28:01.234","2026-04-29 23:28:01.234","38f58de5-3c58-4ca6-89c9-3dff3add8ecc","[PREMIUM]","New",2026,"Jeep","Grand Cherokee","Limited","[PREMIUM]","[PREMIUM]",0,"SUV","bright white clearcoat","wicker beige/global black","Rear-wheel Drive",,,"Gasoline",,,"dealership","[PREMIUM]","Plantation","FL","[PREMIUM]",,"[]",,,"[PREMIUM]"
"27e0b024-882c-4ac0-a560-b0ccce744614","2026-04-29 23:28:01.231","2026-04-29 23:28:01.231","27e0b024-882c-4ac0-a560-b0ccce744614","[PREMIUM]","Used",2026,"BMW","X3","30 xDrive","[PREMIUM]","[PREMIUM]",15055,"SUV","Black Sapphire Metallic","Black","All-wheel Drive",,,"Gasoline",,,"dealership","[PREMIUM]","Decatur","GA","[PREMIUM]",,"[]",,,"[PREMIUM]"
"f56d9302-4fc9-4b98-94a8-025d11c1ad24","2026-04-29 23:27:50.952","2026-04-29 23:27:50.952","f56d9302-4fc9-4b98-94a8-025d11c1ad24","[PREMIUM]","New",2027,"Kia","Telluride","X-Line EX","[PREMIUM]","[PREMIUM]",1,"SUV","Ebony Black","Black","All-wheel Drive",,,"Gasoline",,,"dealership","[PREMIUM]","Monroe","NC","[PREMIUM]",,"[]",,,"[PREMIUM]"
"b044c525-2fa7-486c-a689-c088386377d2","2026-04-29 23:27:50.910","2026-05-02 23:28:03.969","b044c525-2fa7-486c-a689-c088386377d2","[PREMIUM]","New",2027,"Kia","Telluride","X-Line EX","[PREMIUM]","[PREMIUM]",5,"SUV","Glacial White Pearl","Black","All-wheel Drive",,,"Gasoline",,,"dealership","[PREMIUM]","Tulsa","OK","[PREMIUM]",,"[]",,,"[PREMIUM]"
"68bafb5b-218f-43cf-8fa4-e4a89b0b533e","2026-04-29 23:27:50.890","2026-04-29 23:27:50.890","68bafb5b-218f-43cf-8fa4-e4a89b0b533e","[PREMIUM]","New",2027,"Kia","Telluride","S","[PREMIUM]","[PREMIUM]",55,"SUV","Ivory Silver","Black","All-wheel Drive",,,"Gasoline",,,"dealership","[PREMIUM]","Berwyn","IL","[PREMIUM]",,"[]",,,"[PREMIUM]"
"510ff84d-ef82-4d7e-bd04-730232c3e842","2026-04-29 23:26:40.581","2026-04-29 23:26:40.581","510ff84d-ef82-4d7e-bd04-730232c3e842","[PREMIUM]","Used",2014,"BMW","i8","w/ Tera World Pkg!","[PREMIUM]","[PREMIUM]",61883,"Coupe","Sophisto Gray Metallic w","Tera Exclusive Dalbergia Brown","All-wheel Drive",,,"Gasoline",,,"dealership","[PREMIUM]","Lawrenceville","GA","[PREMIUM]",,"[]",,,"[PREMIUM]"
"1fd73fc3-d386-46d7-ba3e-ad5ef6279ef8","2026-04-29 23:26:30.606","2026-04-29 23:26:30.606","1fd73fc3-d386-46d7-ba3e-ad5ef6279ef8","[PREMIUM]","Used",2017,"RAM","2500","Laramie","[PREMIUM]","[PREMIUM]",98717,"Truck","Bright White Clearcoat","Black","Four-wheel Drive",,,"Diesel",,,"dealership","[PREMIUM]","Medford in Medford","OR","[PREMIUM]",,"[]",,,"[PREMIUM]"
"25bea7a4-e026-4fbe-a2d7-61ea96c27dcd","2026-04-29 23:26:20.495","2026-04-29 23:26:20.495","25bea7a4-e026-4fbe-a2d7-61ea96c27dcd","[PREMIUM]","Used",2018,"Chevrolet","Silverado 3500","High Country","[PREMIUM]","[PREMIUM]",136986,"Truck","Black","Jet Black Medium Ash Gray Piping Stitching","Four-wheel Drive",,,"Diesel",,,"dealership","[PREMIUM]","Woonsocket","RI","[PREMIUM]",,"[]",,,"[PREMIUM]"
"9ab0c3f4-36bf-4929-aa1f-1579833c2d49","2026-04-29 23:25:50.317","2026-05-02 23:25:53.579","9ab0c3f4-36bf-4929-aa1f-1579833c2d49","[PREMIUM]","Used",2019,"Mercedes-Benz","S-Class","S 560","[PREMIUM]","[PREMIUM]",58572,"Sedan","Black","Black","Rear-wheel Drive",,,"Gasoline",,,"dealership","[PREMIUM]","Rock Hill","SC","[PREMIUM]",,"[]",,,"[PREMIUM]"
"018dce0b-0ceb-4120-ba2c-da45240b13e7","2026-04-29 23:25:30.668","2026-04-29 23:25:30.668","018dce0b-0ceb-4120-ba2c-da45240b13e7","[PREMIUM]","Used",2019,"Lexus","GX 460","Luxury","[PREMIUM]","[PREMIUM]",54070,"SUV",,"Ecru","Four-wheel Drive",,,"Gasoline",,,"dealership","[PREMIUM]","Houston","TX","[PREMIUM]",,"[]",,,"[PREMIUM]"
"527cf9fd-c7cf-465b-8aad-a4c51b137cbd","2026-04-29 23:25:30.255","2026-04-29 23:25:30.255","527cf9fd-c7cf-465b-8aad-a4c51b137cbd","[PREMIUM]","Used",2019,"Ford","F-250","Lariat","[PREMIUM]","[PREMIUM]",164879,"Truck","Oxford White","Black","Four-wheel Drive",,,"Diesel",,,"dealership","[PREMIUM]","Fort Worth","TX","[PREMIUM]",,"[]",,,"[PREMIUM]"
"365feb3a-db33-4e57-b01f-fba6aad6755b","2026-04-29 23:25:30.241","2026-04-29 23:25:30.241","365feb3a-db33-4e57-b01f-fba6aad6755b","[PREMIUM]","Used",2019,"Toyota","Tundra","SR5","[PREMIUM]","[PREMIUM]",53137,"Truck","Silver Sky Metallic","Graphite","Four-wheel Drive",,,"Gasoline",,,"dealership","[PREMIUM]","Asheville","NC","[PREMIUM]",,"[]",,,"[PREMIUM]"
"a088adb8-2c27-4221-8b3e-7ddfe44d614a","2026-04-29 23:25:30.238","2026-05-02 23:25:53.669","a088adb8-2c27-4221-8b3e-7ddfe44d614a","[PREMIUM]","Used",2019,"Toyota","Tacoma","TRD Off Road","[PREMIUM]","[PREMIUM]",77409,"Truck","Cavalry Blue","Black/Gun Metal","Four-wheel Drive",,,"Gasoline",,,"dealership","[PREMIUM]","Glendale","AZ","[PREMIUM]",,"[]",,,"[PREMIUM]"
"f22953e4-8774-4679-8746-8200a51a825a","2026-04-29 23:25:20.138","2026-04-29 23:25:20.138","f22953e4-8774-4679-8746-8200a51a825a","[PREMIUM]","Used",2019,"GMC","Sierra 1500","Denali","[PREMIUM]","[PREMIUM]",76082,"Truck","Onyx Black","Jet Black","Four-wheel Drive",,,"Gasoline",,,"dealership","[PREMIUM]","Midland","TX","[PREMIUM]",,"[]",,,"[PREMIUM]"
"8f1e3ad8-e382-4a39-adfa-368b73dab750","2026-04-29 23:25:09.992","2026-04-29 23:25:09.992","8f1e3ad8-e382-4a39-adfa-368b73dab750","[PREMIUM]","Used",2020,"Toyota","Tundra","1794","[PREMIUM]","[PREMIUM]",86960,"Truck","Brown","BROWN","Four-wheel Drive",,,"Gasoline",,,"dealership","[PREMIUM]","Clearwater","FL","[PREMIUM]",,"[]",,,"[PREMIUM]"
"3558c320-41e3-4c7c-b0f9-3c69408553d6","2026-04-29 23:25:00.320","2026-04-29 23:25:00.320","3558c320-41e3-4c7c-b0f9-3c69408553d6","[PREMIUM]","Used",2020,"Toyota","Tundra","SR5","[PREMIUM]","[PREMIUM]",43995,"Truck","Red","GRAY","Four-wheel Drive",,,"Gasoline",,,"dealership","[PREMIUM]","Warrensville Heights","OH","[PREMIUM]",,"[]",,,"[PREMIUM]"
"f9a93aab-b5b2-4fb3-aa99-f4e31ab28759","2026-04-29 23:25:00.280","2026-04-29 23:25:00.280","f9a93aab-b5b2-4fb3-aa99-f4e31ab28759","[PREMIUM]","Used",2021,"GMC","Sierra 1500","AT4","[PREMIUM]","[PREMIUM]",56124,"Truck","Summit White","Jet Black","Four-wheel Drive",,,"Gasoline",,,"dealership","[PREMIUM]","Chattanooga","TN","[PREMIUM]",,"[]",,,"[PREMIUM]"
"4af79b4c-40f0-494e-a39a-67929044fc1a","2026-04-29 23:25:00.253","2026-04-29 23:25:00.253","4af79b4c-40f0-494e-a39a-67929044fc1a","[PREMIUM]","Used",2022,"Lexus","RC 350","F Sport","[PREMIUM]","[PREMIUM]",18116,"Coupe","Ultrasonic Blue Mica 2.0","Black","Rear-wheel Drive",,,"Gasoline",,,"dealership","[PREMIUM]","Wesley Chapel","FL","[PREMIUM]",,"[]",,,"[PREMIUM]"
"1afebe49-6113-4bce-bb0e-51f34ca577a7","2026-04-29 23:24:59.997","2026-05-02 23:25:13.179","1afebe49-6113-4bce-bb0e-51f34ca577a7","[PREMIUM]","Used",2020,"GMC","Sierra 1500","AT4","[PREMIUM]","[PREMIUM]",68584,"Truck","Pacific Blue Metallic","Jet Black w/Kalahari Accents","Four-wheel Drive",,,"Diesel",,,"dealership","[PREMIUM]","Anchorage","AK","[PREMIUM]",,"[]",,,"[PREMIUM]"
"54b0b0fe-96d8-4c77-9a8c-c4b58fefd721","2026-04-29 23:24:59.966","2026-05-02 23:25:13.285","54b0b0fe-96d8-4c77-9a8c-c4b58fefd721","[PREMIUM]","Used",2021,"BMW","X7","xDrive40i","[PREMIUM]","[PREMIUM]",53346,"SUV","Mineral White Metallic","Cognac","All-wheel Drive",,,"Gasoline",,,"dealership","[PREMIUM]","Greensboro","NC","[PREMIUM]",,"[]",,,"[PREMIUM]"
"96b0b21d-673c-4492-855c-ab3289a30528","2026-04-29 23:24:59.944","2026-05-02 23:25:53.617","96b0b21d-673c-4492-855c-ab3289a30528","[PREMIUM]","Used",2020,"RAM","2500","Power Wagon","[PREMIUM]","[PREMIUM]",69191,"Truck","Billet Silver Metallic Clearcoat","Black","Four-wheel Drive",,,"Gasoline",,,"dealership","[PREMIUM]","Tampa","FL","[PREMIUM]",,"[]",,,"[PREMIUM]"
"5ce15ea7-29fe-454a-952b-0d416e312662","2026-04-29 23:24:59.931","2026-04-29 23:24:59.931","5ce15ea7-29fe-454a-952b-0d416e312662","[PREMIUM]","Used",2021,"Toyota","Tundra","Limited","[PREMIUM]","[PREMIUM]",73018,"Truck","Magnetic Gray Metallic","Black","Four-wheel Drive",,,"Gasoline",,,"dealership","[PREMIUM]","Flemington","NJ","[PREMIUM]",,"[]",,,"[PREMIUM]"
"243b7b4a-b20e-457d-83f5-3639b1ce7381","2026-04-29 23:24:59.923","2026-04-29 23:24:59.923","243b7b4a-b20e-457d-83f5-3639b1ce7381","[PREMIUM]","Used",2020,"Dodge","Challenger","R/T Scat Pack 50th Anniversary","[PREMIUM]","[PREMIUM]",18608,"Coupe","Yellow","BLACK","Rear-wheel Drive",,,"Gasoline",,,"dealership","[PREMIUM]","Modesto","CA","[PREMIUM]",,"[]",,,"[PREMIUM]"
"889dc28b-9717-4ebd-b463-beeb10f41443","2026-04-29 23:24:59.921","2026-04-29 23:24:59.921","889dc28b-9717-4ebd-b463-beeb10f41443","[PREMIUM]","Used",2022,"BMW","X5","xDrive40i","[PREMIUM]","[PREMIUM]",40762,"SUV","Alpine White","Coffee","All-wheel Drive",,,"Gasoline",,,"dealership","[PREMIUM]","Union City","GA","[PREMIUM]",,"[]",,,"[PREMIUM]"
"1ac2c272-b2ea-4e1a-b1ae-8c1970e23bbe","2026-04-29 23:24:59.917","2026-04-29 23:24:59.917","1ac2c272-b2ea-4e1a-b1ae-8c1970e23bbe","[PREMIUM]","Used",2021,"GMC","Yukon","Denali","[PREMIUM]","[PREMIUM]",71111,"SUV","Cayenne Red Tintcoat","Jet Black","Rear-wheel Drive",,,"Gasoline",,,"dealership","[PREMIUM]","Euless","TX","[PREMIUM]",,"[]",,,"[PREMIUM]"
"95757b16-89bf-49a0-90b9-eb60288bf350","2026-04-29 23:24:59.910","2026-04-29 23:24:59.910","95757b16-89bf-49a0-90b9-eb60288bf350","[PREMIUM]","Used",2020,"Lexus","RX 350","L","[PREMIUM]","[PREMIUM]",24183,"SUV","Gray","BLACK","Four-wheel Drive",,,"Gasoline",,,"dealership","[PREMIUM]","Beaverton","OR","[PREMIUM]",,"[]",,,"[PREMIUM]"
"e0423713-eb72-4c82-9b06-dc18000464ca","2026-04-29 23:24:59.909","2026-04-29 23:24:59.909","e0423713-eb72-4c82-9b06-dc18000464ca","[PREMIUM]","Used",2021,"Audi","Q8","Premium Plus","[PREMIUM]","[PREMIUM]",42804,"SUV","Gray","BLACK","Four-wheel Drive",,,"Gasoline",,,"dealership","[PREMIUM]","McKinney","TX","[PREMIUM]",,"[]",,,"[PREMIUM]"
"b8e3cf2a-ba22-4a6c-97dc-bb8a176a0f5b","2026-04-29 23:24:49.559","2026-04-29 23:24:49.559","b8e3cf2a-ba22-4a6c-97dc-bb8a176a0f5b","[PREMIUM]","Used",2021,"Chevrolet","Tahoe","Premier","[PREMIUM]","[PREMIUM]",81075,"SUV","Satin Steel Metallic","Jet Black","RWD",,,"Diesel",,,"dealership","[PREMIUM]","Tampa","FL","[PREMIUM]",,"[]",,,"[PREMIUM]"
"846f8057-2c7f-4f3c-9b59-ba673f0ab549","2026-04-29 23:24:49.489","2026-04-29 23:24:49.489","846f8057-2c7f-4f3c-9b59-ba673f0ab549","[PREMIUM]","Used",2021,"BMW","X6","sDrive40i","[PREMIUM]","[PREMIUM]",67636,"SUV","Dark Graphite Metallic","Black","Rear-wheel Drive",,,"Gasoline",,,"dealership","[PREMIUM]","Raleigh","NC","[PREMIUM]",,"[]",,,"[PREMIUM]"
"f62f4cd3-7057-4da8-a39e-fa1ec43a4711","2026-04-29 23:24:49.472","2026-04-29 23:24:49.472","f62f4cd3-7057-4da8-a39e-fa1ec43a4711","[PREMIUM]","Used",2021,"Lexus","GX 460",,"[PREMIUM]","[PREMIUM]",73752,"SUV","Black","BLACK","Four-wheel Drive",,,"Gasoline",,,"dealership","[PREMIUM]","Austin","TX","[PREMIUM]",,"[]",,,"[PREMIUM]"
"95a61975-7edb-471c-a9c1-bcd19390daad","2026-04-29 23:24:49.423","2026-04-29 23:24:49.423","95a61975-7edb-471c-a9c1-bcd19390daad","[PREMIUM]","Used",2021,"Lexus","IS 350","Base","[PREMIUM]","[PREMIUM]",42853,"Sedan","Ultra White","Flare Red w/Black","All-wheel Drive",,,"Gasoline",,,"dealership","[PREMIUM]","Brodheadsville","PA","[PREMIUM]",,"[]",,,"[PREMIUM]"
"70775342-b9c1-4dc2-9a4c-d2a0136062aa","2026-04-29 23:24:49.415","2026-04-29 23:24:49.415","70775342-b9c1-4dc2-9a4c-d2a0136062aa","[PREMIUM]","Used",2021,"BMW","X6","M50i","[PREMIUM]","[PREMIUM]",86272,"SUV","Carbon Black Metallic","Tacora Red","All-wheel Drive",,,"Gasoline",,,"dealership","[PREMIUM]","Amarillo","TX","[PREMIUM]",,"[]",,,"[PREMIUM]"
"39376e26-ceef-4308-ad97-7e0d7c6f4940","2026-04-29 23:24:39.592","2026-05-02 23:24:52.867","39376e26-ceef-4308-ad97-7e0d7c6f4940","[PREMIUM]","Used",2021,"BMW","M440","I xDrive","[PREMIUM]","[PREMIUM]",37649,"Coupe","Gray","BLACK","Four-wheel Drive",,,"Gasoline",,,"dealership","[PREMIUM]","Hartford","CT","[PREMIUM]",,"[]",,,"[PREMIUM]"
"d280b366-8bcd-4f84-9057-3cbe95d9f24a","2026-04-29 23:24:39.302","2026-05-02 23:24:52.911","d280b366-8bcd-4f84-9057-3cbe95d9f24a","[PREMIUM]","Used",2021,"Toyota","4Runner","Nightshade Special Edition","[PREMIUM]","[PREMIUM]",56852,"SUV","Midnight Black Metallic","Black/Graphite","Four-wheel Drive",,,"Gasoline",,,"dealership","[PREMIUM]","Gladstone","OR","[PREMIUM]",,"[]",,,"[PREMIUM]"
"c8eab434-bf9f-468a-ad71-f6b4443c7c54","2026-04-29 23:24:39.279","2026-04-29 23:24:39.279","c8eab434-bf9f-468a-ad71-f6b4443c7c54","[PREMIUM]","Used",2021,"GMC","Sierra 1500","SLT","[PREMIUM]","[PREMIUM]",7934,"Truck","Silver","BLACK","Four-wheel Drive",,,"Gasoline",,,"dealership","[PREMIUM]","Buena Park","CA","[PREMIUM]",,"[]",,,"[PREMIUM]"
"5c8f82ad-168c-4a9f-9f35-fb98b159fe9f","2026-04-29 23:24:39.264","2026-04-29 23:24:39.264","5c8f82ad-168c-4a9f-9f35-fb98b159fe9f","[PREMIUM]","Used",2021,"Toyota","Tundra","Limited","[PREMIUM]","[PREMIUM]",70971,"Truck","Cement","Black","Four-wheel Drive",,,"Gasoline",,,"dealership","[PREMIUM]","Vancouver","WA","[PREMIUM]",,"[]",,,"[PREMIUM]"
"8161ff17-562d-48e1-8849-407b3246a79d","2026-04-29 23:24:39.251","2026-04-29 23:24:39.251","8161ff17-562d-48e1-8849-407b3246a79d","[PREMIUM]","Used",2021,"Cadillac","CT5","V-Series","[PREMIUM]","[PREMIUM]",30936,"Sedan","Summit White","Whisper Beige","All-wheel Drive",,,"Gasoline",,,"dealership","[PREMIUM]","Taylor","MI","[PREMIUM]",,"[]",,,"[PREMIUM]"
"26a50310-d21e-4147-9c60-db4a4b8f4980","2026-04-29 23:24:39.247","2026-04-29 23:24:39.247","26a50310-d21e-4147-9c60-db4a4b8f4980","[PREMIUM]","Used",2021,"Audi","Q8","Premium Plus","[PREMIUM]","[PREMIUM]",48509,"SUV","Black","BROWN","Four-wheel Drive",,,"Gasoline",,,"dealership","[PREMIUM]","Shreveport","LA","[PREMIUM]",,"[]",,,"[PREMIUM]"
"e93fd44c-e9de-4ccd-8e85-942eaa143e43","2026-04-29 23:23:58.974","2026-05-05 23:24:21.380","e93fd44c-e9de-4ccd-8e85-942eaa143e43","[PREMIUM]","Used",2022,"Ford","Expedition","XLT","[PREMIUM]","[PREMIUM]",35515,"SUV","Dark Matter Metallic","Black Onyx","Four-wheel Drive",,,"Gasoline",,,"dealership","[PREMIUM]","Hazelwood","MO","[PREMIUM]",,"[]",,,"[PREMIUM]"
"0e3264ae-4dba-4ee0-bace-fdf6ce5102ef","2026-04-29 23:23:38.904","2026-05-05 23:23:50.933","0e3264ae-4dba-4ee0-bace-fdf6ce5102ef","[PREMIUM]","Used",2022,"Ford","F-150","Lariat","[PREMIUM]","[PREMIUM]",54668,"Truck","Atlas Blue Metallic","Black","Four-wheel Drive",,,"Gasoline",,,"dealership","[PREMIUM]","Englewood","CO","[PREMIUM]",,"[]",,,"[PREMIUM]"
"1ece17eb-96f0-46f1-94c1-9386cf4cc382","2026-04-29 23:23:38.831","2026-04-29 23:23:38.831","1ece17eb-96f0-46f1-94c1-9386cf4cc382","[PREMIUM]","Used",2024,"Ford","Expedition Max","XLT","[PREMIUM]","[PREMIUM]",96207,"SUV","Black","Black","Four-wheel Drive",,,"Gasoline",,,"dealership","[PREMIUM]","Collierville","TN","[PREMIUM]",,"[]",,,"[PREMIUM]"
"9c5f7dab-c4b8-4a73-8e16-6e408e1dba4b","2026-04-29 23:23:29.161","2026-05-05 23:23:50.889","9c5f7dab-c4b8-4a73-8e16-6e408e1dba4b","[PREMIUM]","Used",2022,"Dodge","Challenger","R/T Scat Pack Widebody","[PREMIUM]","[PREMIUM]",31125,"Coupe","White","BLACK","Rear-wheel Drive",,,"Gasoline",,,"dealership","[PREMIUM]","Orlando","FL","[PREMIUM]",,"[]",,,"[PREMIUM]"
"39e1cbdb-92b3-4fed-837a-60235dbaf4c9","2026-04-29 23:23:28.760","2026-04-29 23:23:28.760","39e1cbdb-92b3-4fed-837a-60235dbaf4c9","[PREMIUM]","Used",2022,"Mercedes-Benz","GLC 300",,"[PREMIUM]","[PREMIUM]",8957,"SUV","Silver","RED","Four-wheel Drive",,,"Gasoline",,,"dealership","[PREMIUM]","Rochester","NY","[PREMIUM]",,"[]",,,"[PREMIUM]"
"76ab0b61-72cb-42fa-83c3-1c4c65f39e61","2026-04-29 23:23:28.752","2026-04-29 23:23:28.752","76ab0b61-72cb-42fa-83c3-1c4c65f39e61","[PREMIUM]","Used",2022,"Ford","Mustang","GT Premium","[PREMIUM]","[PREMIUM]",12131,"Coupe","White","BLACK","Rear-wheel Drive",,,"Gasoline",,,"dealership","[PREMIUM]","Killeen","TX","[PREMIUM]",,"[]",,,"[PREMIUM]"
"e6e7a94f-2a7f-4f60-85ff-eea83d466e38","2026-04-29 23:23:28.746","2026-04-29 23:23:28.746","e6e7a94f-2a7f-4f60-85ff-eea83d466e38","[PREMIUM]","Used",2022,"Acura","MDX","SH-AWD A-Spec","[PREMIUM]","[PREMIUM]",21156,"SUV","Gray","RED","Four-wheel Drive",,,"Gasoline",,,"dealership","[PREMIUM]","Hartford","CT","[PREMIUM]",,"[]",,,"[PREMIUM]"
"263b11b1-5605-4630-a641-b468ce9fcb54","2026-04-29 23:23:28.735","2026-04-29 23:23:28.735","263b11b1-5605-4630-a641-b468ce9fcb54","[PREMIUM]","Used",2022,"INFINITI","QX60","Autograph","[PREMIUM]","[PREMIUM]",34250,"SUV","Tan","BROWN","Four-wheel Drive",,,"Gasoline",,,"dealership","[PREMIUM]","Kennesaw","GA","[PREMIUM]",,"[]",,,"[PREMIUM]"
"07af1482-e0b9-486e-b959-f0459c85fe0c","2026-04-29 23:23:28.728","2026-04-29 23:23:28.728","07af1482-e0b9-486e-b959-f0459c85fe0c","[PREMIUM]","Used",2022,"RAM","2500","Big Horn Crew Cab 4x4 8&#39; Box","[PREMIUM]","[PREMIUM]",60044,"Truck","Delmonico Red Pearlcoat","Diesel Gray/Black","Four-wheel Drive",,,"Diesel",,,"dealership","[PREMIUM]","Ottumwa","IA","[PREMIUM]",,"[]",,,"[PREMIUM]"
"98e9251a-bf29-4d96-9f13-aa41efc7db6a","2026-04-29 23:23:28.713","2026-04-29 23:23:28.713","98e9251a-bf29-4d96-9f13-aa41efc7db6a","[PREMIUM]","Used",2022,"Chevrolet","Silverado 2500","Custom","[PREMIUM]","[PREMIUM]",69227,"Truck","Black","BLACK","Four-wheel Drive",,,"Diesel",,,"dealership","[PREMIUM]","Gastonia","NC","[PREMIUM]",,"[]",,,"[PREMIUM]"
"46b2043e-42f0-4ea3-af97-93e19183fa01","2026-04-29 23:23:18.518","2026-04-29 23:23:18.518","46b2043e-42f0-4ea3-af97-93e19183fa01","[PREMIUM]","Used",2022,"Ford","Bronco","Everglades","[PREMIUM]","[PREMIUM]",60005,"SUV","Shadow Black","Dark Space Gray w/Black Onyx","Four-wheel Drive",,,"Gasoline",,,"dealership","[PREMIUM]","INDIANAPOLIS","IN","[PREMIUM]",,"[]",,,"[PREMIUM]"
"abf9ff31-7021-4893-aba0-426c4e7cdb9c","2026-04-29 23:23:18.509","2026-04-29 23:23:18.509","abf9ff31-7021-4893-aba0-426c4e7cdb9c","[PREMIUM]","Used",2022,"Ford","Expedition Max","Limited","[PREMIUM]","[PREMIUM]",78372,"SUV","Oxford White","Sandstone","Four-wheel Drive",,,"Gasoline",,,"dealership","[PREMIUM]","Birmingham","AL","[PREMIUM]",,"[]",,,"[PREMIUM]"
"31b91da2-850d-479d-9e60-1895212c4346","2026-04-29 23:23:08.404","2026-04-29 23:23:08.404","31b91da2-850d-479d-9e60-1895212c4346","[PREMIUM]","Used",2023,"Audi","Q7","45 Premium Plus","[PREMIUM]","[PREMIUM]",30287,"SUV","Waitomo Blue Metallic","Okapi Brown","All-wheel Drive",,,"Gasoline",,,"dealership","[PREMIUM]","Minneapolis","MN","[PREMIUM]",,"[]",,,"[PREMIUM]"
"0619c9ee-b0fa-449f-8618-efbe1f86e1f7","2026-04-29 23:23:08.386","2026-05-08 23:23:59.174","0619c9ee-b0fa-449f-8618-efbe1f86e1f7","[PREMIUM]","Used",2023,"Audi","Q8","55 Premium Plus","[PREMIUM]","[PREMIUM]",40258,"SUV","Waitomo Blue Metallic","Black","All-wheel Drive",,,"Gasoline",,,"dealership","[PREMIUM]","Brooklyn","NY","[PREMIUM]",,"[]",,,"[PREMIUM]"
"7a7abf8c-b349-4cee-b927-a45f598c6356","2026-04-29 23:23:08.369","2026-05-02 23:23:21.506","7a7abf8c-b349-4cee-b927-a45f598c6356","[PREMIUM]","Used",2023,"Toyota","Tundra","SR5 CrewMax 5.5&#39; Bed (Natl)","[PREMIUM]","[PREMIUM]",24992,,"Supersonic Red",,"Four-wheel Drive",,,"Gasoline",,,"dealership","[PREMIUM]","Ocoee","FL","[PREMIUM]",,"[]",,,"[PREMIUM]"
"69348a3c-7573-4557-9967-4fa430aa72ba","2026-04-29 23:23:08.361","2026-04-29 23:23:08.361","69348a3c-7573-4557-9967-4fa430aa72ba","[PREMIUM]","Used",2022,"BMW","X5 PHEV","XDrive45e","[PREMIUM]","[PREMIUM]",32743,"SUV","Black","ORANGE","Four-wheel Drive",,,"Plug-In Hybrid",,,"dealership","[PREMIUM]","Midlothian","VA","[PREMIUM]",,"[]",,,"[PREMIUM]"
"11c64a88-9781-44d6-ab3b-ec9ab93367da","2026-04-29 23:22:58.277","2026-04-29 23:22:58.277","11c64a88-9781-44d6-ab3b-ec9ab93367da","[PREMIUM]","Used",2023,"Toyota","Tacoma","Limited","[PREMIUM]","[PREMIUM]",40992,"Truck","Black","Black","Four-wheel Drive",,,"Gasoline",,,"dealership","[PREMIUM]","Tacoma","WA","[PREMIUM]",,"[]",,,"[PREMIUM]"
"19c6a9f7-b955-4c4d-a2f3-3763ef45fe16","2026-04-29 23:22:58.266","2026-04-29 23:22:58.266","19c6a9f7-b955-4c4d-a2f3-3763ef45fe16","[PREMIUM]","Used",2023,"Honda","Odyssey","Elite","[PREMIUM]","[PREMIUM]",25277,"Passenger Van","Lunar Silver Metallic","Gray","Front-wheel Drive",,,"Gasoline",,,"dealership","[PREMIUM]","Saint Peters","MO","[PREMIUM]",,"[]",,,"[PREMIUM]"
"3e96dd87-2141-4271-bae2-2d63d0a878ce","2026-04-29 23:22:58.252","2026-05-02 23:23:11.420","3e96dd87-2141-4271-bae2-2d63d0a878ce","[PREMIUM]","Used",2023,"Toyota","Tacoma","TRD Off Road","[PREMIUM]","[PREMIUM]",12370,"Truck","Gray","GRAY","Four-wheel Drive",,,"Gasoline",,,"dealership","[PREMIUM]","Pleasanton","CA","[PREMIUM]",,"[]",,,"[PREMIUM]"
"4bc64279-e1f2-43d2-abbb-ac18a95a7055","2026-04-29 23:22:58.243","2026-04-29 23:22:58.243","4bc64279-e1f2-43d2-abbb-ac18a95a7055","[PREMIUM]","Used",2023,"Toyota","Highlander","XLE","[PREMIUM]","[PREMIUM]",16182,"SUV","Moon Dust","Graphite","All-wheel Drive",,,"Gasoline",,,"dealership","[PREMIUM]","Cleveland Heights","OH","[PREMIUM]",,"[]",,,"[PREMIUM]"
"e8270592-607a-42f3-a95b-5501cbf6244b","2026-04-29 23:22:58.226","2026-04-29 23:22:58.226","e8270592-607a-42f3-a95b-5501cbf6244b","[PREMIUM]","Used",2023,"Chevrolet","Silverado 1500","Custom Trail Boss","[PREMIUM]","[PREMIUM]",22360,"Truck","Black","Jet Black","Four-wheel Drive",,,"Gasoline",,,"dealership","[PREMIUM]","Seguin","TX","[PREMIUM]",,"[]",,,"[PREMIUM]"
"5cbfc66a-965d-4bf2-91d7-732103971458","2026-04-29 23:22:58.220","2026-04-29 23:22:58.220","5cbfc66a-965d-4bf2-91d7-732103971458","[PREMIUM]","Used",2023,"RAM","1500","Big Horn/Lone Star","[PREMIUM]","[PREMIUM]",20727,"Truck","Granite Crystal Metallic Clearcoat","Black","Four-wheel Drive",,,"Gasoline",,,"dealership","[PREMIUM]","Ephrata","PA","[PREMIUM]",,"[]",,,"[PREMIUM]"
"a6d2e4c2-4874-4c50-ad04-aa1152ca3747","2026-04-29 23:22:58.220","2026-04-29 23:22:58.220","a6d2e4c2-4874-4c50-ad04-aa1152ca3747","[PREMIUM]","Used",2023,"Chevrolet","Silverado 1500","LT Trail Boss","[PREMIUM]","[PREMIUM]",27207,"Truck","Black","Jet Black","Four-wheel Drive",,,"Gasoline",,,"dealership","[PREMIUM]","Scottsdale","AZ","[PREMIUM]",,"[]",,,"[PREMIUM]"
"5c00018c-b227-4c7e-adf6-e0571d094313","2026-04-29 23:22:58.196","2026-05-02 23:23:11.429","5c00018c-b227-4c7e-adf6-e0571d094313","[PREMIUM]","Used",2023,"Toyota","Tundra","SR5","[PREMIUM]","[PREMIUM]",8582,"Truck","Magnetic Gray Metallic","Boulder","Four-wheel Drive",,,"Gasoline",,,"dealership","[PREMIUM]","Matthews","NC","[PREMIUM]",,"[]",,,"[PREMIUM]"
"dc56f583-1c06-454d-8649-82f5c4c6dc33","2026-04-29 23:22:47.961","2026-04-29 23:22:47.961","dc56f583-1c06-454d-8649-82f5c4c6dc33","[PREMIUM]","Used",2023,"Ford","F-150","XLT","[PREMIUM]","[PREMIUM]",18318,"Truck","RACE RED","Black","Four-wheel Drive",,,"Gasoline",,,"dealership","[PREMIUM]","Triadelphia","WV","[PREMIUM]",,"[]",,,"[PREMIUM]"
"9289e760-0a6c-424c-ace2-d59134998c64","2026-04-29 23:22:37.744","2026-04-29 23:22:37.744","9289e760-0a6c-424c-ace2-d59134998c64","[PREMIUM]","Used",2023,"Ford","F-150","XLT","[PREMIUM]","[PREMIUM]",21412,"Truck","Gray Metallic","Black W/Medium Dark Slate","Four-wheel Drive",,,"Gasoline",,,"dealership","[PREMIUM]","Triadelphia","WV","[PREMIUM]",,"[]",,,"[PREMIUM]"
"2708b3ce-591b-4747-bfb1-8c3144726765","2026-04-29 23:22:37.724","2026-05-02 23:22:51.733","2708b3ce-591b-4747-bfb1-8c3144726765","[PREMIUM]","Used",2023,"Acura","MDX","Advance Package","[PREMIUM]","[PREMIUM]",27372,"SUV","Platinum White Pearl","Parchment","All-wheel Drive",,,"Gasoline",,,"dealership","[PREMIUM]","SUMMIT","NJ","[PREMIUM]",,"[]",,,"[PREMIUM]"
"bdf5acc6-06f7-4f49-8ef7-e9cb9d6976c5","2026-04-29 23:22:37.698","2026-04-29 23:22:37.698","bdf5acc6-06f7-4f49-8ef7-e9cb9d6976c5","[PREMIUM]","Used",2023,"Dodge","Charger","R/T","[PREMIUM]","[PREMIUM]",12846,"Sedan","Destroyer Gray Clearcoat","Black","Rear-wheel Drive",,,"Gasoline",,,"dealership","[PREMIUM]","Bridgeton","MO","[PREMIUM]",,"[]",,,"[PREMIUM]"
"dacbb74a-afd7-4a16-854f-0cb804378c76","2026-04-29 23:22:37.693","2026-04-29 23:22:37.693","dacbb74a-afd7-4a16-854f-0cb804378c76","[PREMIUM]","Used",2023,"Genesis","GV70",,"[PREMIUM]","[PREMIUM]",11385,"SUV","Green","BLACK","Four-wheel Drive",,,"Gasoline",,,"dealership","[PREMIUM]","Sterling","VA","[PREMIUM]",,"[]",,,"[PREMIUM]"
"10e2e5e4-983d-49da-8eaa-0c6d5d9262b3","2026-04-29 23:22:37.691","2026-04-29 23:22:37.691","10e2e5e4-983d-49da-8eaa-0c6d5d9262b3","[PREMIUM]","Used",2023,"Chevrolet","Silverado 1500","LTZ","[PREMIUM]","[PREMIUM]",47619,"Truck","White","BLACK","Four-wheel Drive",,,"Gasoline",,,"dealership","[PREMIUM]","Fort Worth","TX","[PREMIUM]",,"[]",,,"[PREMIUM]"
"edd1a2c8-b5ec-4ae9-98da-65841d82c0d8","2026-04-29 23:22:37.690","2026-04-29 23:22:37.690","edd1a2c8-b5ec-4ae9-98da-65841d82c0d8","[PREMIUM]","Used",2023,"Ford","F-150","XLT","[PREMIUM]","[PREMIUM]",20295,"Truck","Black","BLACK","Four-wheel Drive",,,"Gasoline",,,"dealership","[PREMIUM]","Akron","OH","[PREMIUM]",,"[]",,,"[PREMIUM]"
"373541e2-d234-4318-b0fb-96ea659b970c","2026-04-29 23:22:37.675","2026-04-29 23:22:37.675","373541e2-d234-4318-b0fb-96ea659b970c","[PREMIUM]","Used",2023,"Porsche","Macan",,"[PREMIUM]","[PREMIUM]",25922,"SUV","White","BLACK","Four-wheel Drive",,,"Gasoline",,,"dealership","[PREMIUM]","Henderson","NV","[PREMIUM]",,"[]",,,"[PREMIUM]"
"e2d2992c-8768-4806-8f0d-312ae9139730","2026-04-29 23:22:37.672","2026-04-29 23:22:37.672","e2d2992c-8768-4806-8f0d-312ae9139730","[PREMIUM]","Used",2023,"Honda","Pilot","Touring","[PREMIUM]","[PREMIUM]",34731,"SUV","Black","BLACK","Four-wheel Drive",,,"Gasoline",,,"dealership","[PREMIUM]","Brandywine","MD","[PREMIUM]",,"[]",,,"[PREMIUM]"
"aea9706a-0668-47d8-9bd6-9968ec5219bd","2026-04-29 23:22:37.667","2026-04-29 23:22:37.667","aea9706a-0668-47d8-9bd6-9968ec5219bd","[PREMIUM]","Used",2023,"Toyota","Highlander","Platinum","[PREMIUM]","[PREMIUM]",36242,"SUV","Silver","BLACK","2WD",,,"Gas",,,"dealership","[PREMIUM]","Gilbert","AZ","[PREMIUM]",,"[]",,,"[PREMIUM]"
"bee4e16c-9e43-4489-8ff3-100cf98bf239","2026-04-29 23:22:27.438","2026-04-29 23:22:27.438","bee4e16c-9e43-4489-8ff3-100cf98bf239","[PREMIUM]","Used",2024,"BMW","X3","xDrive30i","[PREMIUM]","[PREMIUM]",11356,"SUV","Dark Graphite Metallic","Cognac","All-wheel Drive",,,"Gasoline",,,"dealership","[PREMIUM]","Owings Mills","MD","[PREMIUM]",,"[]",,,"[PREMIUM]"
"767c703c-adcb-4557-ac39-3de79cb49de9","2026-04-29 23:22:27.416","2026-04-29 23:22:27.416","767c703c-adcb-4557-ac39-3de79cb49de9","[PREMIUM]","Used",2024,"BMW","X3","sDrive30i","[PREMIUM]","[PREMIUM]",13826,"SUV","Black Sapphire Metallic","Cognac","Rear-wheel Drive",,,"Gasoline",,,"dealership","[PREMIUM]","Grapevine","TX","[PREMIUM]",,"[]",,,"[PREMIUM]"
"281cdbc1-e813-46ca-8620-801c2dc048e7","2026-04-29 23:22:27.389","2026-04-29 23:22:27.389","281cdbc1-e813-46ca-8620-801c2dc048e7","[PREMIUM]","Used",2024,"Honda","Odyssey",,"[PREMIUM]","[PREMIUM]",49731,"Minivan","Platinum White Pearl","Black",,,,"Gasoline",,,"dealership","[PREMIUM]","Greensboro","NC","[PREMIUM]",,"[]",,,"[PREMIUM]"
"7ed834af-9a67-4875-bfb0-bae162e4bafd","2026-04-29 23:22:17.310","2026-04-29 23:22:17.310","7ed834af-9a67-4875-bfb0-bae162e4bafd","[PREMIUM]","Used",2024,"Chevrolet","Colorado","Z71","[PREMIUM]","[PREMIUM]",28639,"Truck","Radiant Red","Jet Black/Adrenaline Red","Four-wheel Drive",,,"Gasoline",,,"dealership","[PREMIUM]","Belleville","IL","[PREMIUM]",,"[]",,,"[PREMIUM]"
"d064897b-a2e2-4f6d-98d5-e74912591d5a","2026-04-29 23:22:17.277","2026-04-29 23:22:17.277","d064897b-a2e2-4f6d-98d5-e74912591d5a","[PREMIUM]","Used",2024,"Lexus","IS 300","Base","[PREMIUM]","[PREMIUM]",14151,"Sedan","Cloudburst Gray","Glazed Carmel","Rear-wheel Drive",,,"Gasoline",,,"dealership","[PREMIUM]","Scottsdale","AZ","[PREMIUM]",,"[]",,,"[PREMIUM]"
"5e42c41c-5b12-4a20-abf0-2d95d2527c04","2026-04-29 23:22:17.271","2026-04-29 23:22:17.271","5e42c41c-5b12-4a20-abf0-2d95d2527c04","[PREMIUM]","Used",2024,"Ford","Bronco","Big Bend","[PREMIUM]","[PREMIUM]",1320,"SUV","Eruption Green Metallic","Dark Space Gray w/Black Onyx","Four-wheel Drive",,,"Gasoline",,,"dealership","[PREMIUM]","Rancho Santa Margarita","CA","[PREMIUM]",,"[]",,,"[PREMIUM]"
"79ca71a1-fe40-4d90-bfb8-dd6ffe6bc61b","2026-04-29 23:22:17.264","2026-04-29 23:22:17.264","79ca71a1-fe40-4d90-bfb8-dd6ffe6bc61b","[PREMIUM]","Used",2024,"BMW","X3","sDrive30i","[PREMIUM]","[PREMIUM]",6130,"SUV","Tanzanite Blue II Metallic","Black","Rear-wheel Drive",,,"Gasoline",,,"dealership","[PREMIUM]","Union City","GA","[PREMIUM]",,"[]",,,"[PREMIUM]"
"da2f4329-cb06-403b-9139-7d55c1c31206","2026-04-29 23:22:17.256","2026-04-29 23:22:17.256","da2f4329-cb06-403b-9139-7d55c1c31206","[PREMIUM]","Used",2024,"Chevrolet","Tahoe","LT","[PREMIUM]","[PREMIUM]",69124,"SUV","Black","Jet Black","Four-wheel Drive",,,"Gasoline",,,"dealership","[PREMIUM]","Zelienople","PA","[PREMIUM]",,"[]",,,"[PREMIUM]"
"b37545b5-78d4-444e-bb97-2c83315198e6","2026-04-29 23:22:07.129","2026-04-29 23:22:07.129","b37545b5-78d4-444e-bb97-2c83315198e6","[PREMIUM]","Used",2024,"Ford","F-150","XLT","[PREMIUM]","[PREMIUM]",22738,"Truck","ANTIMATTER BLUE METALLIC","BLACK SPORT 40/CONSOLE/40","Four-wheel Drive",,,"Gasoline",,,"dealership","[PREMIUM]","Rochester Hills","MI","[PREMIUM]",,"[]",,,"[PREMIUM]"
"e67deed6-5194-47a5-a5a7-a4139a5379e0","2026-04-29 23:22:07.109","2026-04-29 23:22:07.109","e67deed6-5194-47a5-a5a7-a4139a5379e0","[PREMIUM]","Used",2024,"Cadillac","XT6","Premium Luxury AWD","[PREMIUM]","[PREMIUM]",43253,"SUV","Stellar Black Metallic","Jet Black w/Jet Black Accents","All-wheel Drive",,,"Gasoline",,,"dealership","[PREMIUM]","Sandy Springs","GA","[PREMIUM]",,"[]",,,"[PREMIUM]"
"460d1e80-fc17-4648-84c6-604cb8ca67bc","2026-04-29 23:22:07.103","2026-04-29 23:22:07.103","460d1e80-fc17-4648-84c6-604cb8ca67bc","[PREMIUM]","Used",2024,"Ford","F-150","STX","[PREMIUM]","[PREMIUM]",21284,"Truck","Carbonized Gray Metallic","Black","Four-wheel Drive",,,"Gasoline",,,"dealership","[PREMIUM]","Randolph","OH","[PREMIUM]",,"[]",,,"[PREMIUM]"
"4a671bb7-5473-4753-b460-3b15becc03a0","2026-04-29 23:22:07.096","2026-04-29 23:22:07.096","4a671bb7-5473-4753-b460-3b15becc03a0","[PREMIUM]","Used",2025,"Subaru","Forester Hybrid","Touring","[PREMIUM]","[PREMIUM]",1301,"SUV","Crystal White Pearl","Touring Black","All-wheel Drive",,,"Hybrid",,,"dealership","[PREMIUM]","Toms River","NJ","[PREMIUM]",,"[]",,,"[PREMIUM]"
"b062e501-cb3f-4b1d-b97e-1d6ac2b8f910","2026-04-29 23:22:07.084","2026-05-08 23:22:29.101","b062e501-cb3f-4b1d-b97e-1d6ac2b8f910","[PREMIUM]","Used",2025,"Nissan","Pathfinder","Platinum 4WD","[PREMIUM]","[PREMIUM]",8744,"SUV","Everest White Pearl Tricoat","Chestnut","Four-wheel Drive",,,"Gasoline",,,"dealership","[PREMIUM]","Conway","AR","[PREMIUM]",,"[]",,,"[PREMIUM]"
"e4b8ebba-5bc8-4315-9726-501a809e8213","2026-04-29 23:22:07.070","2026-04-29 23:22:07.070","e4b8ebba-5bc8-4315-9726-501a809e8213","[PREMIUM]","Used",2024,"Nissan","Z","Performance Auto","[PREMIUM]","[PREMIUM]",18091,"Coupe","Black Diamond Pearl","Graphite","Rear-wheel Drive",,,"Gasoline",,,"dealership","[PREMIUM]","Duncansville","PA","[PREMIUM]",,"[]",,,"[PREMIUM]"
"8b1916cd-3c72-4f58-9e36-08d2ff66015c","2026-04-29 23:22:07.062","2026-05-05 23:22:19.871","8b1916cd-3c72-4f58-9e36-08d2ff66015c","[PREMIUM]","Used",2024,"Chevrolet","Silverado 1500","RST","[PREMIUM]","[PREMIUM]",16952,"Truck","White","BLACK","Rear-wheel Drive",,,"Gasoline",,,"dealership","[PREMIUM]","Daytona Beach","FL","[PREMIUM]",,"[]",,,"[PREMIUM]"
"f0eddc47-4f4b-4acf-86e2-a3a2bde7b959","2026-04-29 23:21:57.246","2026-04-29 23:21:57.246","f0eddc47-4f4b-4acf-86e2-a3a2bde7b959","[PREMIUM]","Used",2025,"Hyundai","SANTA FE","Calligraphy","[PREMIUM]","[PREMIUM]",11153,"SUV","Gray","GRAY","4WD",,,"Gas",,,"dealership","[PREMIUM]","Columbia","SC","[PREMIUM]",,"[]",,,"[PREMIUM]"
"61327520-7cab-48a7-af48-1970dd99463b","2026-04-29 23:21:57.096","2026-04-29 23:21:57.096","61327520-7cab-48a7-af48-1970dd99463b","[PREMIUM]","New",2026,"Mazda","CX-50 Hybrid","PREMIUM PLUS","[PREMIUM]","[PREMIUM]",0,"SUV","Machine Gray Metallic","Black","All-wheel Drive",,,"Hybrid",,,"dealership","[PREMIUM]","Daytona Beach","FL","[PREMIUM]",,"[]",,,"[PREMIUM]"
"f8d65f95-d7d0-4c3a-86e3-dd23576936d3","2026-04-29 23:21:56.847","2026-04-29 23:21:56.847","f8d65f95-d7d0-4c3a-86e3-dd23576936d3","[PREMIUM]","Used",2025,"Kia","Telluride","X-Line EX","[PREMIUM]","[PREMIUM]",4123,"SUV","Black","BROWN","Four-wheel Drive",,,"Gasoline",,,"dealership","[PREMIUM]","Westborough","MA","[PREMIUM]",,"[]",,,"[PREMIUM]"
"92d6809a-46e2-465b-8bef-40ec92094766","2026-04-29 23:21:56.820","2026-05-08 23:22:29.176","92d6809a-46e2-465b-8bef-40ec92094766","[PREMIUM]","Used",2025,"Toyota","Tacoma","TRD Sport","[PREMIUM]","[PREMIUM]",9127,"Truck","Underground","Black","Four-wheel Drive",,,"Gasoline",,,"dealership","[PREMIUM]","San Diego","CA","[PREMIUM]",,"[]",,,"[PREMIUM]"
"9a6eec12-aee9-4b7d-a399-35863139d0f3","2026-04-29 23:21:56.793","2026-05-02 23:22:11.180","9a6eec12-aee9-4b7d-a399-35863139d0f3","[PREMIUM]","New",2025,"Chevrolet","Express 2500","Work Van","[PREMIUM]","[PREMIUM]",10,"Cargo Van","Summit White","Medium Pewter","Rear-wheel Drive",,,"Gasoline",,,"dealership","[PREMIUM]","Elk Grove Village","IL","[PREMIUM]",,"[]",,,"[PREMIUM]"
"b2283a37-eed8-4996-9038-589bd9b3beee","2026-04-29 23:21:56.790","2026-05-02 23:22:10.841","b2283a37-eed8-4996-9038-589bd9b3beee","[PREMIUM]","Used",2025,"Lexus","NX 250","Base","[PREMIUM]","[PREMIUM]",4020,"SUV","Cloudburst Gray","Palomino","Front-wheel Drive",,,"Gasoline",,,"dealership","[PREMIUM]","San Jose","CA","[PREMIUM]",,"[]",,,"[PREMIUM]"
"618069c1-8041-414d-88c2-d1fb9961aa5b","2026-04-29 23:21:56.784","2026-04-29 23:21:56.784","618069c1-8041-414d-88c2-d1fb9961aa5b","[PREMIUM]","Used",2025,"Audi","A5","Premium Plus TFSI quattro S tronic","[PREMIUM]","[PREMIUM]",7828,"Hatchback","Glacier White Metallic","Black","All-wheel Drive",,,"Gasoline",,,"dealership","[PREMIUM]","Dublin","OH","[PREMIUM]",,"[]",,,"[PREMIUM]"
"f9bcb2c7-f4bc-4e43-b0ca-465561615bbd","2026-04-29 23:21:56.781","2026-04-29 23:21:56.781","f9bcb2c7-f4bc-4e43-b0ca-465561615bbd","[PREMIUM]","New",2025,"Jeep","Grand Cherokee","Limited","[PREMIUM]","[PREMIUM]",10,"SUV","Metallic","Global Black","Four-wheel Drive",,,"Gasoline",,,"dealership","[PREMIUM]","Roswell","GA","[PREMIUM]",,"[]",,,"[PREMIUM]"
"414424db-e6ee-41ed-81a2-dd350f63e383","2026-04-29 23:21:56.776","2026-04-29 23:21:56.776","414424db-e6ee-41ed-81a2-dd350f63e383","[PREMIUM]","Used",2025,"Toyota","Tundra","SR","[PREMIUM]","[PREMIUM]",4511,"Truck","Black","BLACK","Four-wheel Drive",,,"Gasoline",,,"dealership","[PREMIUM]","San Antonio","TX","[PREMIUM]",,"[]",,,"[PREMIUM]"
"197eb41a-5250-4c50-a000-2e524c576af7","2026-04-29 23:21:56.767","2026-04-29 23:21:56.767","197eb41a-5250-4c50-a000-2e524c576af7","[PREMIUM]","Used",2025,"BMW","430","I xDrive Gran Coupe","[PREMIUM]","[PREMIUM]",16510,"Hatchback","White","BLACK","Four-wheel Drive",,,"Gasoline",,,"dealership","[PREMIUM]","Tolleson","AZ","[PREMIUM]",,"[]",,,"[PREMIUM]"
"14639bd5-f9cd-4649-9f13-d7fe37f30ebe","2026-04-29 23:21:56.751","2026-04-29 23:21:56.751","14639bd5-f9cd-4649-9f13-d7fe37f30ebe","[PREMIUM]","Used",2025,"Nissan","Z","Performance Automatic Transmission","[PREMIUM]","[PREMIUM]",28482,"Coupe","Solid Red/Super Black","Red Accent","Rear-wheel Drive",,,"Gasoline",,,"dealership","[PREMIUM]","South Jordan","UT","[PREMIUM]",,"[]",,,"[PREMIUM]"
"8906e331-1373-4174-be8d-97fac2b0dbe3","2026-04-29 23:21:56.743","2026-04-29 23:21:56.743","8906e331-1373-4174-be8d-97fac2b0dbe3","[PREMIUM]","New",2025,"Volkswagen","ID.4","Pro","[PREMIUM]","[PREMIUM]",5,"SUV","Pure Gray","Stone","All-wheel Drive",,,"Electric",,,"dealership","[PREMIUM]","Ann Arbor","MI","[PREMIUM]",,"[]",,,"[PREMIUM]"
"6dfbf7c8-fbc1-4ebf-9a99-cb623fb887b6","2026-04-29 23:21:46.405","2026-04-29 23:21:46.405","6dfbf7c8-fbc1-4ebf-9a99-cb623fb887b6","[PREMIUM]","New",2026,"Kia","Carnival Hybrid","EX","[PREMIUM]","[PREMIUM]",5,"Minivan","Ceramic White",,"Front-wheel Drive",,,"Hybrid",,,"dealership","[PREMIUM]","Lawton","OK","[PREMIUM]",,"[]",,,"[PREMIUM]"
"2810a9b8-33f4-41a8-be99-8ad001b1e2b5","2026-04-29 23:21:46.401","2026-04-29 23:21:46.401","2810a9b8-33f4-41a8-be99-8ad001b1e2b5","[PREMIUM]","New",2026,"Hyundai","SANTA FE","SEL 2.4","[PREMIUM]","[PREMIUM]",0,"SUV","Ecotronic Gray","Gray","All-wheel Drive",,,"Gasoline",,,"dealership","[PREMIUM]","Pittsburgh","PA","[PREMIUM]",,"[]",,,"[PREMIUM]"
"1f03f518-9ee4-469e-96bf-1419c1e2560e","2026-04-29 23:21:46.397","2026-04-29 23:21:46.397","1f03f518-9ee4-469e-96bf-1419c1e2560e","[PREMIUM]","New",2026,"Mazda","CX-50","2.5 TURBO PREMIUM PLUS","[PREMIUM]","[PREMIUM]",1,"SUV","Polymetal Gray Metallic","Terracotta","AWD",,,"Gasoline",,,"dealership","[PREMIUM]","Mentor","OH","[PREMIUM]",,"[]",,,"[PREMIUM]"
"23bf205d-bd8a-40e8-941f-6014f059a048","2026-04-29 23:21:46.394","2026-04-29 23:21:46.394","23bf205d-bd8a-40e8-941f-6014f059a048","[PREMIUM]","New",2026,"Ford","Maverick","Lariat","[PREMIUM]","[PREMIUM]",5,"Truck","Space White Metallic","Smoked Truffle","All-wheel Drive",,,"Gasoline",,,"dealership","[PREMIUM]","Delaware","OH","[PREMIUM]",,"[]",,,"[PREMIUM]"
"356896b1-fe32-41df-a33d-f2680fae5be8","2026-04-29 23:21:46.384","2026-04-29 23:21:46.384","356896b1-fe32-41df-a33d-f2680fae5be8","[PREMIUM]","New",2026,"Honda","CR-V Hybrid","Sport Touring AWD","[PREMIUM]","[PREMIUM]",0,"SUV","Platinum White Pearl","Black","All-wheel Drive",,,"Hybrid",,,"dealership","[PREMIUM]","Dubuque","IA","[PREMIUM]",,"[]",,,"[PREMIUM]"
"e2615521-f051-4acf-bf5e-dcc406ca3650","2026-04-29 23:21:46.384","2026-04-29 23:21:46.384","e2615521-f051-4acf-bf5e-dcc406ca3650","[PREMIUM]","New",2026,"Hyundai","TUCSON Hybrid","Limited","[PREMIUM]","[PREMIUM]",5,"SUV","Deep Sea","Black","All-wheel Drive",,,"Hybrid",,,"dealership","[PREMIUM]","Catonsville","MD","[PREMIUM]",,"[]",,,"[PREMIUM]"
"a74e85c6-c3c5-45a8-897c-f8155b8158d2","2026-04-29 23:21:46.383","2026-04-29 23:21:46.383","a74e85c6-c3c5-45a8-897c-f8155b8158d2","[PREMIUM]","New",2026,"Hyundai","SANTA FE","SEL 2.4","[PREMIUM]","[PREMIUM]",0,"SUV","Serenity White","Black","All-wheel Drive",,,"Hybrid",,,"dealership","[PREMIUM]","Pittsburgh","PA","[PREMIUM]",,"[]",,,"[PREMIUM]"
"fa467f80-79f3-48b3-90a1-cb0b17137b7f","2026-04-29 23:21:46.380","2026-04-29 23:21:46.380","fa467f80-79f3-48b3-90a1-cb0b17137b7f","[PREMIUM]","New",2026,"Honda","Odyssey","EX-L","[PREMIUM]","[PREMIUM]",0,"Passenger Van","Platinum White Pearl","Gray","Front-wheel Drive",,,"Gasoline",,,"dealership","[PREMIUM]","Dubuque","IA","[PREMIUM]",,"[]",,,"[PREMIUM]"
"62f9ed72-0418-40e6-83a6-b410728fd29b","2026-04-29 23:21:46.375","2026-04-29 23:21:46.375","62f9ed72-0418-40e6-83a6-b410728fd29b","[PREMIUM]","New",2026,"Chevrolet","Equinox EV","LT","[PREMIUM]","[PREMIUM]",4,"SUV","Black","Sky Cool Gray","Front-wheel Drive",,,"Electric",,,"dealership","[PREMIUM]","Richardson","TX","[PREMIUM]",,"[]",,,"[PREMIUM]"
"bff02ed9-2864-4094-b64a-df7d03b167a6","2026-04-29 23:21:46.370","2026-05-05 23:22:09.576","bff02ed9-2864-4094-b64a-df7d03b167a6","[PREMIUM]","New",2026,"Honda","Odyssey","EX-L","[PREMIUM]","[PREMIUM]",1,"Passenger Van","Crystal Black Pearl","Black","Front-wheel Drive",,,"Gasoline",,,"dealership","[PREMIUM]","Orange City","FL","[PREMIUM]",,"[]",,,"[PREMIUM]"
"c9612c46-4e6e-4ebf-9df0-9a9f28217052","2026-04-29 23:21:46.366","2026-04-29 23:21:46.366","c9612c46-4e6e-4ebf-9df0-9a9f28217052","[PREMIUM]","New",2026,"Chevrolet","Silverado 1500","WT","[PREMIUM]","[PREMIUM]",5,"Truck","Summit White","Black","Four-wheel Drive",,,"Gasoline",,,"dealership","[PREMIUM]","Bellevue","NE","[PREMIUM]",,"[]",,,"[PREMIUM]"
"f7c1f05f-51a5-4bb1-8ace-df6d19311a8a","2026-04-29 23:21:46.363","2026-04-29 23:21:46.363","f7c1f05f-51a5-4bb1-8ace-df6d19311a8a","[PREMIUM]","New",2026,"Toyota","Tacoma","TRD Sport","[PREMIUM]","[PREMIUM]",0,"Truck","UNDERGROUND","Boulder","RWD",,,"Gasoline",,,"dealership","[PREMIUM]","Lake Charles","LA","[PREMIUM]",,"[]",,,"[PREMIUM]"
"bc4b0975-1598-417f-bb5c-1a40191af9a0","2026-04-29 23:21:36.043","2026-04-29 23:21:36.043","bc4b0975-1598-417f-bb5c-1a40191af9a0","[PREMIUM]","New",2026,"Honda","CR-V Hybrid","Sport Touring","[PREMIUM]","[PREMIUM]",116,"SUV","Crystal Black Pearl","Gray","All-wheel Drive",,,"Hybrid",,,"dealership","[PREMIUM]","Palm Harbor","FL","[PREMIUM]",,"[]",,,"[PREMIUM]"
"4874d1a7-aa69-4b6d-8f2d-a73d96c369a3","2026-04-29 23:21:36.041","2026-05-02 23:21:50.562","4874d1a7-aa69-4b6d-8f2d-a73d96c369a3","[PREMIUM]","New",2026,"Hyundai","SANTA FE HEV","Limited","[PREMIUM]","[PREMIUM]",7,"SUV","White","Pecan","Front-wheel Drive",,,"Hybrid",,,"dealership","[PREMIUM]","Monroe","NC","[PREMIUM]",,"[]",,,"[PREMIUM]"
"034ec7e9-c2ae-4e7c-9bd9-6db39046f029","2026-04-29 23:21:36.031","2026-04-29 23:21:36.031","034ec7e9-c2ae-4e7c-9bd9-6db39046f029","[PREMIUM]","New",2026,"Chevrolet","Colorado","Trail Boss","[PREMIUM]","[PREMIUM]",1,"Truck","Black","Jet Black","Four-wheel Drive",,,"Gasoline",,,"dealership","[PREMIUM]","Hamburg","PA","[PREMIUM]",,"[]",,,"[PREMIUM]"
"b985e458-83ae-4b13-b87f-01721c3e9848","2026-04-29 23:21:25.993","2026-05-02 23:21:30.264","b985e458-83ae-4b13-b87f-01721c3e9848","[PREMIUM]","New",2026,"Ford","Bronco Sport","Badlands","[PREMIUM]","[PREMIUM]",0,"SUV","Space White Metallic","Dark Space Gray","Four-wheel Drive",,,"Gasoline",,,"dealership","[PREMIUM]","Matteson","IL","[PREMIUM]",,"[]",,,"[PREMIUM]"
"68df844c-d52f-44f6-b040-2e0ff4f1d2a9","2026-04-29 23:21:25.925","2026-05-02 23:21:40.462","68df844c-d52f-44f6-b040-2e0ff4f1d2a9","[PREMIUM]","New",2026,"GMC","Terrain","Denali","[PREMIUM]","[PREMIUM]",21,"SUV","Ebony Twilight Metallic","Ash","All-wheel Drive",,,"Gasoline",,,"dealership","[PREMIUM]","Tampa","FL","[PREMIUM]",,"[]",,,"[PREMIUM]"
"16a93595-316e-4b07-82c2-0c599ac13f76","2026-04-29 23:21:25.915","2026-05-05 23:21:39.082","16a93595-316e-4b07-82c2-0c599ac13f76","[PREMIUM]","New",2026,"Toyota","Prius Plug-In Hybrid","Nightshade","[PREMIUM]","[PREMIUM]",0,"Hatchback","White","Black","Front-wheel Drive",,,"Hybrid",,,"dealership","[PREMIUM]","St Charles","IL","[PREMIUM]",,"[]",,,"[PREMIUM]"
"fe5f8dc9-895c-4818-9634-e9b9dbc02a6e","2026-04-29 23:21:25.908","2026-04-29 23:21:25.908","fe5f8dc9-895c-4818-9634-e9b9dbc02a6e","[PREMIUM]","New",2026,"GMC","Canyon","Elevation","[PREMIUM]","[PREMIUM]",5,"Truck","Sterling Metallic","Jet Black, Cloth seat trim","Rear-wheel Drive",,,"Gasoline",,,"dealership","[PREMIUM]","El Paso","TX","[PREMIUM]",,"[]",,,"[PREMIUM]"
"5eaac3ed-fca0-44e1-8a86-6c5abb89e219","2026-04-29 23:21:15.775","2026-04-29 23:21:15.775","5eaac3ed-fca0-44e1-8a86-6c5abb89e219","[PREMIUM]","New",2026,"Chevrolet","Colorado","LT","[PREMIUM]","[PREMIUM]",5,"Truck","Summit White","Jet Black","4WD",,,"Gasoline",,,"dealership","[PREMIUM]","Bellevue","NE","[PREMIUM]",,"[]",,,"[PREMIUM]"
"d1cb7d25-b276-454a-b80e-970f65829d72","2026-04-29 23:21:15.775","2026-05-02 23:21:20.181","d1cb7d25-b276-454a-b80e-970f65829d72","[PREMIUM]","New",2026,"Buick","Enclave","Preferred","[PREMIUM]","[PREMIUM]",6,"SUV","Moonstone Gray Metallic","Ebony","Front-wheel Drive",,,"Gasoline",,,"dealership","[PREMIUM]","Tampa","FL","[PREMIUM]",,"[]",,,"[PREMIUM]"
"24b4c5a0-8c07-4959-8913-35855c793f7b","2026-04-29 23:21:15.773","2026-04-29 23:21:15.773","24b4c5a0-8c07-4959-8913-35855c793f7b","[PREMIUM]","New",2026,"Chevrolet","Silverado 1500","WT","[PREMIUM]","[PREMIUM]",5,"Truck","Summit White","Jet Black","4x2",,,"Regular unleaded",,,"dealership","[PREMIUM]","Rincon","GA","[PREMIUM]",,"[]",,,"[PREMIUM]"
"b6bd89e9-8c2f-4f81-9736-d1af72c3fddf","2026-04-29 23:21:15.747","2026-04-29 23:21:15.747","b6bd89e9-8c2f-4f81-9736-d1af72c3fddf","[PREMIUM]","New",2026,"Ford","Ranger","XLT","[PREMIUM]","[PREMIUM]",7,"Truck","Ruby Red Metallic Tinted Clearcoat","Ebony","4WD",,,"Gasoline",,,"dealership","[PREMIUM]","Tyrone","PA","[PREMIUM]",,"[]",,,"[PREMIUM]"
"845de76e-aea6-4706-8e83-605234ba0330","2026-04-29 23:21:15.744","2026-05-02 23:21:30.237","845de76e-aea6-4706-8e83-605234ba0330","[PREMIUM]","New",2026,"Kia","Carnival","EX","[PREMIUM]","[PREMIUM]",5,"Passenger Van","Aurora Black Pearl","Taupe","Front-wheel Drive",,,"Gasoline",,,"dealership","[PREMIUM]","Tucson","AZ","[PREMIUM]",,"[]",,,"[PREMIUM]"
"c329aebe-12d1-4b13-bd9c-6871ead6458e","2026-04-29 23:21:15.744","2026-04-29 23:21:15.744","c329aebe-12d1-4b13-bd9c-6871ead6458e","[PREMIUM]","New",2026,"GMC","Terrain","Denali","[PREMIUM]","[PREMIUM]",1,"SUV","Glacier White","Ash","AWD",,,"Gasoline",,,"dealership","[PREMIUM]","Tampa","FL","[PREMIUM]",,"[]",,,"[PREMIUM]"
"03762fb4-3288-4e53-b326-8eb1f83c6251","2026-04-29 23:21:05.602","2026-04-29 23:21:05.602","03762fb4-3288-4e53-b326-8eb1f83c6251","[PREMIUM]","New",2026,"Hyundai","SANTA FE HEV","SEL","[PREMIUM]","[PREMIUM]",14,"SUV","Red","Black","All-wheel Drive",,,"Hybrid",,,"dealership","[PREMIUM]","Bellevue","NE","[PREMIUM]",,"[]",,,"[PREMIUM]"
"2edcaafc-f26f-4948-94ae-1a097e533ceb","2026-04-29 23:20:55.839","2026-05-05 23:21:18.572","2edcaafc-f26f-4948-94ae-1a097e533ceb","[PREMIUM]","New",2026,"Kia","Sportage Hybrid","SX-Prestige","[PREMIUM]","[PREMIUM]",8,"SUV","Heritage Blue","Gray","All-wheel Drive",,,"Hybrid",,,"dealership","[PREMIUM]","Tucson","AZ","[PREMIUM]",,"[]",,,"[PREMIUM]"
"971588c2-4ff6-4801-ba0f-9147e8729d7d","2026-04-29 23:20:55.553","2026-05-05 23:21:18.608","971588c2-4ff6-4801-ba0f-9147e8729d7d","[PREMIUM]","New",2026,"Chevrolet","Colorado","Trail Boss","[PREMIUM]","[PREMIUM]",3,"Truck","White Sand","Jet Black","Four-wheel Drive",,,"Gasoline",,,"dealership","[PREMIUM]","Bellevue","NE","[PREMIUM]",,"[]",,,"[PREMIUM]"
"eb9693c8-2015-4570-bdcc-6e396b8add49","2026-04-29 23:20:55.525","2026-04-29 23:20:55.525","eb9693c8-2015-4570-bdcc-6e396b8add49","[PREMIUM]","New",2026,"Kia","Sportage Hybrid","SX-Prestige","[PREMIUM]","[PREMIUM]",9,"SUV","Heritage Blue","Gray","All-wheel Drive",,,"Hybrid",,,"dealership","[PREMIUM]","Tucson","AZ","[PREMIUM]",,"[]",,,"[PREMIUM]"
"35419060-9ead-4784-9646-7d7ce495c5c9","2026-04-29 23:20:55.523","2026-05-02 23:21:20.076","35419060-9ead-4784-9646-7d7ce495c5c9","[PREMIUM]","New",2026,"Kia","Sportage Hybrid","SX-Prestige","[PREMIUM]","[PREMIUM]",14,"SUV","Heritage Blue","Gray","All-wheel Drive",,,"Hybrid",,,"dealership","[PREMIUM]","Tucson","AZ","[PREMIUM]",,"[]",,,"[PREMIUM]"
"9a1aeb7f-cdde-4c52-9222-07f2a6a98e12","2026-04-29 23:20:55.522","2026-05-02 23:21:20.404","9a1aeb7f-cdde-4c52-9222-07f2a6a98e12","[PREMIUM]","New",2026,"Kia","Carnival","EX","[PREMIUM]","[PREMIUM]",20,"Passenger Van","Metal","Taupe","Front-wheel Drive",,,"Gasoline",,,"dealership","[PREMIUM]","Tucson","AZ","[PREMIUM]",,"[]",,,"[PREMIUM]"
"1e0ee3e7-1798-414a-a57b-9fd729fef42e","2026-04-29 23:20:55.519","2026-04-29 23:20:55.519","1e0ee3e7-1798-414a-a57b-9fd729fef42e","[PREMIUM]","New",2026,"Kia","Sorento","SX","[PREMIUM]","[PREMIUM]",6,"SUV","Glacial White Pearl","Black","Front-wheel Drive",,,"Gasoline",,,"dealership","[PREMIUM]","Tucson","AZ","[PREMIUM]",,"[]",,,"[PREMIUM]"
"2da465dd-53e2-40a6-8d22-26183590f975","2026-04-29 23:20:55.519","2026-05-02 23:21:20.056","2da465dd-53e2-40a6-8d22-26183590f975","[PREMIUM]","New",2026,"Kia","Sportage Hybrid","SX-Prestige","[PREMIUM]","[PREMIUM]",5,"SUV","Heritage Blue","Gray","All-wheel Drive",,,"Hybrid",,,"dealership","[PREMIUM]","Tucson","AZ","[PREMIUM]",,"[]",,,"[PREMIUM]"
"74b35da2-8642-4094-a044-f51de75a116e","2026-04-29 23:20:55.518","2026-05-02 23:21:09.759","74b35da2-8642-4094-a044-f51de75a116e","[PREMIUM]","New",2026,"Kia","Sorento Hybrid","EX","[PREMIUM]","[PREMIUM]",5,"SUV","Gray","Black","Front-wheel Drive",,,"Hybrid",,,"dealership","[PREMIUM]","Tucson","AZ","[PREMIUM]",,"[]",,,"[PREMIUM]"
"3484f1d9-7d59-4cfa-af0b-a3fc68910d56","2026-04-29 23:20:55.507","2026-05-02 23:21:20.076","3484f1d9-7d59-4cfa-af0b-a3fc68910d56","[PREMIUM]","New",2026,"Kia","Sorento","EX","[PREMIUM]","[PREMIUM]",5,"SUV","Glacial White Pearl","Gray","Front-wheel Drive",,,"Gasoline",,,"dealership","[PREMIUM]","Tucson","AZ","[PREMIUM]",,"[]",,,"[PREMIUM]"
"0f1b9e03-7cf6-4db8-8f16-d15266092c52","2026-04-29 23:20:55.504","2026-05-05 23:21:18.572","0f1b9e03-7cf6-4db8-8f16-d15266092c52","[PREMIUM]","New",2026,"Kia","Sportage Hybrid","SX-Prestige","[PREMIUM]","[PREMIUM]",7,"SUV","Heritage Blue","Gray","All-wheel Drive",,,"Hybrid",,,"dealership","[PREMIUM]","Tucson","AZ","[PREMIUM]",,"[]",,,"[PREMIUM]"
"97e8912c-c2bb-47c2-9d62-92d5558d13a8","2026-04-29 23:20:55.497","2026-04-29 23:20:55.497","97e8912c-c2bb-47c2-9d62-92d5558d13a8","[PREMIUM]","New",2026,"Chevrolet","Silverado 1500","WT","[PREMIUM]","[PREMIUM]",3,"Truck","Summit White","Jet Black","Four-wheel Drive",,,"Gasoline",,,"dealership","[PREMIUM]","Bellevue","NE","[PREMIUM]",,"[]",,,"[PREMIUM]"
"58898cd0-d0ef-48b6-af7f-f68189425228","2026-04-29 23:20:55.496","2026-05-02 23:21:09.768","58898cd0-d0ef-48b6-af7f-f68189425228","[PREMIUM]","New",2026,"Hyundai","SANTA FE","XRT","[PREMIUM]","[PREMIUM]",7,"SUV","White","Black","All-wheel Drive",,,"Gasoline",,,"dealership","[PREMIUM]","Bellevue","NE","[PREMIUM]",,"[]",,,"[PREMIUM]"
"87891ce6-de0e-46f7-b109-3e0e04a56c5d","2026-04-29 23:20:55.487","2026-05-02 23:21:09.756","87891ce6-de0e-46f7-b109-3e0e04a56c5d","[PREMIUM]","New",2026,"Kia","Carnival Hybrid","EX","[PREMIUM]","[PREMIUM]",11,"Passenger Van","Flare Red","Taupe","Front-wheel Drive",,,"Hybrid",,,"dealership","[PREMIUM]","Tucson","AZ","[PREMIUM]",,"[]",,,"[PREMIUM]"
"34f0ecdf-e8d2-4bc9-af6e-df1f621f238a","2026-04-29 23:20:55.486","2026-04-29 23:20:55.486","34f0ecdf-e8d2-4bc9-af6e-df1f621f238a","[PREMIUM]","New",2026,"Kia","Sportage Hybrid","SX-Prestige","[PREMIUM]","[PREMIUM]",5,"SUV","Gravity Gray","Gray","All-wheel Drive",,,"Hybrid",,,"dealership","[PREMIUM]","Tucson","AZ","[PREMIUM]",,"[]",,,"[PREMIUM]"
"d94fe9f1-36d2-4819-8eb2-a733189c6503","2026-04-29 23:20:35.478","2026-05-02 23:20:38.493","d94fe9f1-36d2-4819-8eb2-a733189c6503","[PREMIUM]","New",2026,"Kia","Sportage Hybrid","SX-Prestige","[PREMIUM]","[PREMIUM]",5,"SUV","Heritage Blue","Gray","All-wheel Drive",,,"Hybrid",,,"dealership","[PREMIUM]","Tucson","AZ","[PREMIUM]",,"[]",,,"[PREMIUM]"
"3f973454-7d92-4b1b-95ff-3d8fe11e9b72","2026-04-29 23:20:35.202","2026-05-08 23:21:08.396","3f973454-7d92-4b1b-95ff-3d8fe11e9b72","[PREMIUM]","New",2026,"Kia","Sportage Hybrid","SX-Prestige","[PREMIUM]","[PREMIUM]",16,"SUV","Heritage Blue","Gray","All-wheel Drive",,,"Hybrid",,,"dealership","[PREMIUM]","Tucson","AZ","[PREMIUM]",,"[]",,,"[PREMIUM]"
"665d8c65-3e6d-47e5-b835-95728af4412e","2026-04-29 23:20:35.191","2026-04-29 23:20:35.191","665d8c65-3e6d-47e5-b835-95728af4412e","[PREMIUM]","New",2026,"Kia","Sportage Hybrid","SX-Prestige","[PREMIUM]","[PREMIUM]",5,"SUV","Gravity Gray","Gray","All-wheel Drive",,,"Hybrid",,,"dealership","[PREMIUM]","Tucson","AZ","[PREMIUM]",,"[]",,,"[PREMIUM]"
"dc0ec0e0-01b8-4629-bd74-959ae5e9845d","2026-04-29 23:20:35.181","2026-05-05 23:20:57.923","dc0ec0e0-01b8-4629-bd74-959ae5e9845d","[PREMIUM]","New",2026,"Kia","Carnival","LXS","[PREMIUM]","[PREMIUM]",5,"Passenger Van","Snow White Pearl","Taupe","Front-wheel Drive",,,"Gasoline",,,"dealership","[PREMIUM]","Tucson","AZ","[PREMIUM]",,"[]",,,"[PREMIUM]"
"e3038fad-4a92-4d28-848b-fe804c724980","2026-04-29 23:20:25.229","2026-05-05 23:20:57.989","e3038fad-4a92-4d28-848b-fe804c724980","[PREMIUM]","New",2026,"Kia","Sportage Hybrid","SX-Prestige","[PREMIUM]","[PREMIUM]",5,"SUV","Heritage Blue","Gray","All-wheel Drive",,,"Hybrid",,,"dealership","[PREMIUM]","Tucson","AZ","[PREMIUM]",,"[]",,,"[PREMIUM]"
"85897ee6-d67d-4ef6-973c-a9543798809d","2026-04-29 23:20:25.145","2026-04-29 23:20:25.145","85897ee6-d67d-4ef6-973c-a9543798809d","[PREMIUM]","New",2026,"Chevrolet","Colorado","LT","[PREMIUM]","[PREMIUM]",0,"Truck","Red","Jet Black","RWD",,,"Gasoline",,,"dealership","[PREMIUM]","Gainesville","FL","[PREMIUM]",,"[]",,,"[PREMIUM]"
"e0fca203-86c9-45c0-8e7b-43241c35a799","2026-04-29 23:20:25.109","2026-04-29 23:20:25.109","e0fca203-86c9-45c0-8e7b-43241c35a799","[PREMIUM]","New",2026,"Kia","Sportage Hybrid","SX-Prestige","[PREMIUM]","[PREMIUM]",5,"SUV","Wolf Gray","Black","AWD",,,"Hybrid",,,"dealership","[PREMIUM]","Tucson","AZ","[PREMIUM]",,"[]",,,"[PREMIUM]"
"c7510f29-edb2-4f96-a926-faa5f9375d50","2026-04-29 23:20:25.094","2026-04-29 23:20:25.094","c7510f29-edb2-4f96-a926-faa5f9375d50","[PREMIUM]","New",2026,"Kia","Sorento Hybrid","EX","[PREMIUM]","[PREMIUM]",5,"SUV","Snow White Pearl","Black","All-wheel Drive",,,"Hybrid",,,"dealership","[PREMIUM]","Tucson","AZ","[PREMIUM]",,"[]",,,"[PREMIUM]"
"83f78422-203c-4e0e-a13a-6fc901fbb5bf","2026-04-29 23:20:25.089","2026-04-29 23:20:25.089","83f78422-203c-4e0e-a13a-6fc901fbb5bf","[PREMIUM]","New",2026,"Subaru","Forester","Touring","[PREMIUM]","[PREMIUM]",5,"SUV","DM4","Brown","All-wheel Drive",,,"Gasoline",,,"dealership","[PREMIUM]","Newington","NH","[PREMIUM]",,"[]",,,"[PREMIUM]"
"0d0becc6-95ba-41dd-8e1f-bab12ce21af1","2026-04-29 23:20:25.061","2026-04-29 23:20:25.061","0d0becc6-95ba-41dd-8e1f-bab12ce21af1","[PREMIUM]","New",2026,"Volkswagen","Golf GTI","2.0T SE","[PREMIUM]","[PREMIUM]",7,"Hatchback","Opal White Pearl","Titan Black","Front-wheel Drive",,,"Gasoline",,,"dealership","[PREMIUM]","Ann Arbor","MI","[PREMIUM]",,"[]",,,"[PREMIUM]"
"4d41be62-c5d6-4c10-bedc-048d9928ef22","2026-04-29 23:20:05.151","2026-04-29 23:20:05.151","4d41be62-c5d6-4c10-bedc-048d9928ef22","[PREMIUM]","New",2026,"Mazda","CX-50","2.5 Turbo","[PREMIUM]","[PREMIUM]",0,"SUV","Machine Gray","terracotta","All-wheel Drive",,,"Gasoline",,,"dealership","[PREMIUM]","Lutherville","MD","[PREMIUM]",,"[]",,,"[PREMIUM]"
"9981984d-77cf-4804-8fee-3179e81599d2","2026-04-29 23:20:04.952","2026-04-29 23:20:04.952","9981984d-77cf-4804-8fee-3179e81599d2","[PREMIUM]","New",2026,"Honda","CR-V Hybrid","Sport Touring","[PREMIUM]","[PREMIUM]",,"SUV","Platinum White","Black","All-wheel Drive",,,"Hybrid",,,"dealership","[PREMIUM]","Parkville","MD","[PREMIUM]",,"[]",,,"[PREMIUM]"
"b7473e96-e555-4ca0-abd8-35faaf3fce72","2026-04-29 23:20:04.894","2026-04-29 23:20:04.894","b7473e96-e555-4ca0-abd8-35faaf3fce72","[PREMIUM]","New",2026,"Mazda","CX-5","2.5 S Premium Plus Package","[PREMIUM]","[PREMIUM]",0,"SUV","White Metallic","Sport Tan","All-wheel Drive",,,"Gasoline",,,"dealership","[PREMIUM]","Lutherville","MD","[PREMIUM]",,"[]",,,"[PREMIUM]"
"347a22ef-23be-4d1e-85bb-26e5179fce4c","2026-04-29 23:20:04.844","2026-05-02 23:20:28.708","347a22ef-23be-4d1e-85bb-26e5179fce4c","[PREMIUM]","New",2026,"Chevrolet","Traverse","LT","[PREMIUM]","[PREMIUM]",6,"SUV","Sterling Gray Metallic","Jet Black","All-wheel Drive",,,"Gasoline",,,"dealership","[PREMIUM]","Kenosha","WI","[PREMIUM]",,"[]",,,"[PREMIUM]"
"4d9ced41-728b-417e-b3b9-f432400825ac","2026-04-29 23:20:04.844","2026-04-29 23:20:04.844","4d9ced41-728b-417e-b3b9-f432400825ac","[PREMIUM]","New",2026,"Subaru","Uncharted",,"[PREMIUM]","[PREMIUM]",5,"SUV","Wolf Gray","Black","All-wheel Drive",,,,,,"dealership","[PREMIUM]","Newington","NH","[PREMIUM]",,"[]",,,"[PREMIUM]"
"6b44002a-88bf-4f3f-bb21-262fa359033f","2026-04-29 23:20:04.842","2026-05-05 23:20:27.300","6b44002a-88bf-4f3f-bb21-262fa359033f","[PREMIUM]","New",2026,"Honda","CR-V Hybrid","TrailSport","[PREMIUM]","[PREMIUM]",5,"SUV","Ash Green","Black","All-wheel Drive",,,"Hybrid",,,"dealership","[PREMIUM]","Everett","MA","[PREMIUM]",,"[]",,,"[PREMIUM]"
"11ae949b-c6fa-4522-96b3-71c65369610b","2026-04-29 23:20:04.832","2026-04-29 23:20:04.832","11ae949b-c6fa-4522-96b3-71c65369610b","[PREMIUM]","New",2026,"Honda","CR-V Hybrid","Sport-L","[PREMIUM]","[PREMIUM]",5,"SUV","Urban Gray Pearl","Black","All-wheel Drive",,,"Hybrid",,,"dealership","[PREMIUM]","Everett","MA","[PREMIUM]",,"[]",,,"[PREMIUM]"
"be6e0ea3-61e8-48b6-ac82-65dacd816951","2026-04-29 23:20:04.830","2026-04-29 23:20:04.830","be6e0ea3-61e8-48b6-ac82-65dacd816951","[PREMIUM]","New",2026,"Chevrolet","Traverse","LT","[PREMIUM]","[PREMIUM]",4,"SUV",,,"All-wheel Drive",,,"Gasoline",,,"dealership","[PREMIUM]","Kenosha","WI","[PREMIUM]",,"[]",,,"[PREMIUM]"
"6bfeaf86-a2bd-4733-96a4-4d161e2d8844","2026-04-29 23:20:04.824","2026-04-29 23:20:04.824","6bfeaf86-a2bd-4733-96a4-4d161e2d8844","[PREMIUM]","New",2026,"Chevrolet","Equinox EV","LT","[PREMIUM]","[PREMIUM]",582,"SUV","Black","Black w/Blue Accents","Front-wheel Drive",,,"Electric",,,"dealership","[PREMIUM]","Santa Ana","CA","[PREMIUM]",,"[]",,,"[PREMIUM]"
"adcdc75a-3c50-4f7b-a995-8434a02c4f83","2026-04-29 23:20:04.823","2026-04-29 23:20:04.823","adcdc75a-3c50-4f7b-a995-8434a02c4f83","[PREMIUM]","New",2026,"Honda","Prologue","EX","[PREMIUM]","[PREMIUM]",5,"SUV","White Pearl","Black","All-wheel Drive",,,"Electric",,,"dealership","[PREMIUM]","Everett","MA","[PREMIUM]",,"[]",,,"[PREMIUM]"
"b1f15f72-0b1c-4e42-b031-01f6685d1954","2026-04-29 23:20:04.813","2026-05-05 23:20:17.037","b1f15f72-0b1c-4e42-b031-01f6685d1954","[PREMIUM]","New",2026,"Subaru","Outback","Limited","[PREMIUM]","[PREMIUM]",5,"SUV","Crystal Black Silica","Titanium Gray","All-wheel Drive",,,"Gasoline",,,"dealership","[PREMIUM]","Newington","NH","[PREMIUM]",,"[]",,,"[PREMIUM]"
"0589fd07-b4d5-490d-8e23-ec46c4341502","2026-04-29 23:20:04.794","2026-05-02 23:20:18.102","0589fd07-b4d5-490d-8e23-ec46c4341502","[PREMIUM]","New",2026,"Mazda","CX-5","Premium Plus","[PREMIUM]","[PREMIUM]",,"SUV","Navy Blue Mica","Black","All-wheel Drive",,,"Gasoline",,,"dealership","[PREMIUM]","Royal Palm Beach","FL","[PREMIUM]",,"[]",,,"[PREMIUM]"
"6b803283-7462-4dfa-841a-5463ed29d240","2026-04-29 23:20:04.793","2026-04-29 23:20:04.793","6b803283-7462-4dfa-841a-5463ed29d240","[PREMIUM]","New",2026,"Volkswagen","Golf GTI","2.0T SE","[PREMIUM]","[PREMIUM]",10,"Hatchback","Moonstone Gray","Soul Black - Tornado Red","Front-wheel Drive",,,"Gasoline",,,"dealership","[PREMIUM]","Ann Arbor","MI","[PREMIUM]",,"[]",,,"[PREMIUM]"
"3a68de8d-0b0c-4380-9ae2-e8216d074d73","2026-04-29 23:20:04.789","2026-05-02 23:20:18.120","3a68de8d-0b0c-4380-9ae2-e8216d074d73","[PREMIUM]","New",2026,"Volkswagen","Tiguan","2.0T SEL R-Line 4MOTION","[PREMIUM]","[PREMIUM]",203,"SUV","deep black pearl","Grigio","All-wheel Drive",,,"Gasoline",,,"dealership","[PREMIUM]","Downers Grove","IL","[PREMIUM]",,"[]",,,"[PREMIUM]"
"60b45865-8046-4434-a853-7b9814c50235","2026-04-29 23:20:04.764","2026-04-29 23:20:04.764","60b45865-8046-4434-a853-7b9814c50235","[PREMIUM]","New",2026,"Toyota","RAV4","SE","[PREMIUM]","[PREMIUM]",0,"SUV","Midnight Black Metallic","Black","All-wheel Drive",,,"Gasoline",,,"dealership","[PREMIUM]","White Hall","WV","[PREMIUM]",,"[]",,,"[PREMIUM]"
"0eb67fab-7a17-4b53-aa32-3192fc8ff448","2026-04-29 23:20:04.749","2026-04-29 23:20:04.749","0eb67fab-7a17-4b53-aa32-3192fc8ff448","[PREMIUM]","New",2026,"Mazda","CX-50","Premium","[PREMIUM]","[PREMIUM]",,"SUV","Wind Chill Pearl","Red","All-wheel Drive",,,"Gasoline",,,"dealership","[PREMIUM]","Gilbert","AZ","[PREMIUM]",,"[]",,,"[PREMIUM]"
"8d01c36a-4c28-4642-8c0e-02baadb2ccac","2026-04-29 23:19:54.468","2026-04-29 23:19:54.468","8d01c36a-4c28-4642-8c0e-02baadb2ccac","[PREMIUM]","New",2026,"Toyota","bZ","XLE","[PREMIUM]","[PREMIUM]",10,"SUV","Midnight Black Metallic","Black","All-wheel Drive",,,"Electric",,,"dealership","[PREMIUM]","Spokane","WA","[PREMIUM]",,"[]",,,"[PREMIUM]"
"dfd20da2-e647-456e-9c38-75135e284b41","2026-04-29 23:19:54.325","2026-04-29 23:19:54.325","dfd20da2-e647-456e-9c38-75135e284b41","[PREMIUM]","New",2026,"Volkswagen","Atlas Cross Sport","2.0T SE w/Technology 4MOTION","[PREMIUM]","[PREMIUM]",5,"SUV","deep black pearl",,"All-wheel Drive",,,"Gasoline",,,"dealership","[PREMIUM]","Richardson","TX","[PREMIUM]",,"[]",,,"[PREMIUM]"
"8498a80d-d222-4dd2-8a47-879ee2ed24b1","2026-04-29 23:19:54.208","2026-04-29 23:19:54.208","8498a80d-d222-4dd2-8a47-879ee2ed24b1","[PREMIUM]","New",2026,"Honda","Accord Hybrid","Touring","[PREMIUM]","[PREMIUM]",2,"Sedan","Meteorite Gray Metallic","Nh-904m/Black","Front-wheel Drive",,,"Hybrid",,,"dealership","[PREMIUM]","Brewster","NY","[PREMIUM]",,"[]",,,"[PREMIUM]"
"9093e622-64f5-41a3-bcbd-0f05eab625e8","2026-04-29 23:19:54.206","2026-05-08 23:20:38.647","9093e622-64f5-41a3-bcbd-0f05eab625e8","[PREMIUM]","New",2026,"Toyota","RAV4","XLE Premium","[PREMIUM]","[PREMIUM]",10,"SUV","Midnight Black Metallic","Black","All-wheel Drive",,,"Gasoline",,,"dealership","[PREMIUM]","Spokane","WA","[PREMIUM]",,"[]",,,"[PREMIUM]"
"c05a63dd-ce59-46aa-9a7f-a5ccd560fa40","2026-04-29 23:19:54.204","2026-04-29 23:19:54.204","c05a63dd-ce59-46aa-9a7f-a5ccd560fa40","[PREMIUM]","New",2026,"Honda","CR-V Hybrid","Sport Touring AWD","[PREMIUM]","[PREMIUM]",5,"SUV","Meteorite Gray Metallic","Black","All-wheel Drive",,,"Hybrid",,,"dealership","[PREMIUM]","Omaha","NE","[PREMIUM]",,"[]",,,"[PREMIUM]"
"823431e3-cc2f-4d8f-b534-4d246f0789d2","2026-04-29 23:19:54.203","2026-05-02 23:19:57.385","823431e3-cc2f-4d8f-b534-4d246f0789d2","[PREMIUM]","New",2026,"Ford","Mustang","EcoBoost Premium","[PREMIUM]","[PREMIUM]",15,"Coupe","Oxford White","Black Onyx","Rear-wheel Drive",,,"Gasoline",,,"dealership","[PREMIUM]","Englewood","FL","[PREMIUM]",,"[]",,,"[PREMIUM]"
"5a25df78-1995-4ef3-83eb-a552d1cb4d89","2026-04-29 23:19:54.189","2026-04-29 23:19:54.189","5a25df78-1995-4ef3-83eb-a552d1cb4d89","[PREMIUM]","New",2026,"Honda","CR-V Hybrid","Sport-L AWD","[PREMIUM]","[PREMIUM]",5,"SUV","Solar Silver Metallic","Black","All-wheel Drive",,,"Hybrid",,,"dealership","[PREMIUM]","Colorado Springs","CO","[PREMIUM]",,"[]",,,"[PREMIUM]"
"c7a7e28a-6599-40e1-a4e4-8a2dde72ee25","2026-04-29 23:19:54.189","2026-05-02 23:20:07.906","c7a7e28a-6599-40e1-a4e4-8a2dde72ee25","[PREMIUM]","New",2026,"Nissan","Rogue","Platinum","[PREMIUM]","[PREMIUM]",22,"SUV","Everest White Pearl Tricoat","Charcoal","All-wheel Drive",,,"Gasoline",,,"dealership","[PREMIUM]","North Attleborough","MA","[PREMIUM]",,"[]",,,"[PREMIUM]"
"1a885a7f-1b3f-4c00-bac7-b9a26582962f","2026-04-29 23:19:54.185","2026-05-08 23:20:28.237","1a885a7f-1b3f-4c00-bac7-b9a26582962f","[PREMIUM]","New",2026,"Chevrolet","Colorado","Trail Boss","[PREMIUM]","[PREMIUM]",0,"Truck","Summit White","Jet Black","Four-wheel Drive",,,"Gasoline",,,"dealership","[PREMIUM]","Huntsville","AL","[PREMIUM]",,"[]",,,"[PREMIUM]"
"2a56dbb3-ade0-425f-9f3b-0c0538ab9793","2026-04-29 23:19:54.178","2026-05-02 23:20:07.884","2a56dbb3-ade0-425f-9f3b-0c0538ab9793","[PREMIUM]","New",2026,"Volkswagen","Tiguan","2.0T SE R-Line Black 4MOTION","[PREMIUM]","[PREMIUM]",10,"SUV","Avocado Green w/Deep Black Roof","Crystal Gry Perforated V","All-wheel Drive",,,"Gasoline",,,"dealership","[PREMIUM]","Bend","OR","[PREMIUM]",,"[]",,,"[PREMIUM]"
"07117a83-ca52-4ba6-8832-f973a95ad1c4","2026-04-29 23:19:54.175","2026-04-29 23:19:54.175","07117a83-ca52-4ba6-8832-f973a95ad1c4","[PREMIUM]","New",2026,"Hyundai","TUCSON Hybrid","Limited","[PREMIUM]","[PREMIUM]",0,"SUV","Deep Sea","Black","All-wheel Drive",,,"Hybrid",,,"dealership","[PREMIUM]","Fairfax","VA","[PREMIUM]",,"[]",,,"[PREMIUM]"
"2c86325d-2c62-4433-b3ad-04b2a16e6bdf","2026-04-29 23:19:54.172","2026-04-29 23:19:54.172","2c86325d-2c62-4433-b3ad-04b2a16e6bdf","[PREMIUM]","New",2026,"Honda","CR-V Hybrid","Sport-L AWD","[PREMIUM]","[PREMIUM]",5,"SUV","Meteorite Gray Metallic","Black","All-wheel Drive",,,"Hybrid",,,"dealership","[PREMIUM]","Colorado Springs","CO","[PREMIUM]",,"[]",,,"[PREMIUM]"
"56eb4670-d8b9-4882-8909-36e3cd7b3113","2026-04-29 23:19:54.151","2026-04-29 23:19:54.151","56eb4670-d8b9-4882-8909-36e3cd7b3113","[PREMIUM]","New",2026,"Honda","Accord Hybrid","Touring","[PREMIUM]","[PREMIUM]",5,"Sedan","Platinum White Pearl","Black","Front-wheel Drive",,,"Hybrid",,,"dealership","[PREMIUM]","Colorado Springs","CO","[PREMIUM]",,"[]",,,"[PREMIUM]"
"64ef5538-9c4d-4689-b3b4-986b674c25ca","2026-04-29 23:19:54.145","2026-05-02 23:20:07.865","64ef5538-9c4d-4689-b3b4-986b674c25ca","[PREMIUM]","Used",2026,"RAM","ProMaster 2500","Tradesman","[PREMIUM]","[PREMIUM]",6835,"Cargo Van","Bright White Clearcoat","Black","Front-wheel Drive",,,"Gasoline",,,"dealership","[PREMIUM]","Milwaukie","OR","[PREMIUM]",,"[]",,,"[PREMIUM]"
"63388f5e-45b1-494f-adcf-fa81295b205f","2026-04-29 23:19:43.693","2026-04-29 23:19:43.693","63388f5e-45b1-494f-adcf-fa81295b205f","[PREMIUM]","New",2026,"GMC","Sierra 1500","Pro","[PREMIUM]","[PREMIUM]",2,"Truck","Summit White","Jet Blk Clth","Four-wheel Drive",,,"Gasoline",,,"dealership","[PREMIUM]","Jefferson City","MO","[PREMIUM]",,"[]",,,"[PREMIUM]"
"f028b3c4-986b-4041-a7b1-2a94f830717c","2026-04-29 23:19:43.640","2026-04-29 23:19:43.640","f028b3c4-986b-4041-a7b1-2a94f830717c","[PREMIUM]","New",2026,"Kia","Sportage Hybrid","SX-Prestige","[PREMIUM]","[PREMIUM]",0,"SUV","Gray",,"All-wheel Drive",,,"Hybrid",,,"dealership","[PREMIUM]","Puyallup","WA","[PREMIUM]",,"[]",,,"[PREMIUM]"
"a72cb68e-45ab-42d6-9c79-14238630204f","2026-04-29 23:19:43.620","2026-05-02 23:19:57.409","a72cb68e-45ab-42d6-9c79-14238630204f","[PREMIUM]","New",2026,"Volkswagen","Atlas","2.0T SE w/Technology","[PREMIUM]","[PREMIUM]",0,"SUV","opal white pearl","Shetland Bge Perforated V","Front-wheel Drive",,,"Gasoline",,,"dealership","[PREMIUM]","Tampa","FL","[PREMIUM]",,"[]",,,"[PREMIUM]"
"af95edb9-f24d-48e8-ba65-54f49465fd48","2026-04-29 23:19:43.607","2026-05-05 23:20:17.051","af95edb9-f24d-48e8-ba65-54f49465fd48","[PREMIUM]","New",2026,"Volkswagen","Atlas","2.0T SE w/Technology","[PREMIUM]","[PREMIUM]",0,"SUV","avocado green pearl","Black","Front-wheel Drive",,,"Gasoline",,,"dealership","[PREMIUM]","Tampa","FL","[PREMIUM]",,"[]",,,"[PREMIUM]"
"0f2bb49a-d4f1-4c8f-b80c-01cf1054bb1c","2026-04-29 23:19:43.602","2026-04-29 23:19:43.602","0f2bb49a-d4f1-4c8f-b80c-01cf1054bb1c","[PREMIUM]","New",2026,"Honda","CR-V Hybrid","TrailSport AWD","[PREMIUM]","[PREMIUM]",38,"SUV","Ash Green Metallic","Black","All-wheel Drive",,,"Hybrid",,,"dealership","[PREMIUM]","Brewster","NY","[PREMIUM]",,"[]",,,"[PREMIUM]"
"66bf721e-da1a-4b79-bf22-c7ed19cfc88c","2026-04-29 23:19:43.597","2026-04-29 23:19:43.597","66bf721e-da1a-4b79-bf22-c7ed19cfc88c","[PREMIUM]","New",2026,"Honda","Ridgeline","RTL","[PREMIUM]","[PREMIUM]",5,"Truck","Modern Steel Metallic","Black","All-wheel Drive",,,"Gasoline",,,"dealership","[PREMIUM]","Colorado Springs","CO","[PREMIUM]",,"[]",,,"[PREMIUM]"
"1d1e847f-2394-4d09-9510-88b6cd3ca1a5","2026-04-29 23:19:43.587","2026-04-29 23:19:43.587","1d1e847f-2394-4d09-9510-88b6cd3ca1a5","[PREMIUM]","New",2026,"Toyota","Camry","XLE","[PREMIUM]","[PREMIUM]",0,"Sedan","Supersonic Red","Boulder Lth &amp; Mic","Front-wheel Drive",,,"Gasoline",,,"dealership","[PREMIUM]","Malvern","PA","[PREMIUM]",,"[]",,,"[PREMIUM]"
"892f4341-327e-4b39-b9b9-d45222ca16e2","2026-04-29 23:19:43.587","2026-04-29 23:19:43.587","892f4341-327e-4b39-b9b9-d45222ca16e2","[PREMIUM]","New",2026,"Honda","CR-V Hybrid","Sport-L AWD","[PREMIUM]","[PREMIUM]",5,"SUV","Canyon River Blue Metallic","Black","All-wheel Drive",,,"Hybrid",,,"dealership","[PREMIUM]","Colorado Springs","CO","[PREMIUM]",,"[]",,,"[PREMIUM]"
"6732ba24-d6ac-4991-b00d-7997626b6003","2026-04-29 23:19:43.492","2026-05-11 23:20:31.634","6732ba24-d6ac-4991-b00d-7997626b6003","[PREMIUM]","New",2026,"Kia","Sorento","EX","[PREMIUM]","[PREMIUM]",14,"SUV","Glacial White Pearl","Black","Front-wheel Drive",,,"Gasoline",,,"dealership","[PREMIUM]","Las Vegas","NV","[PREMIUM]",,"[]",,,"[PREMIUM]"
"252c8a04-437d-4311-88a7-f01aea835fb4","2026-04-29 23:19:43.445","2026-05-02 23:19:57.365","252c8a04-437d-4311-88a7-f01aea835fb4","[PREMIUM]","New",2026,"Volkswagen","Atlas","2.0T SE w/Technology","[PREMIUM]","[PREMIUM]",0,"SUV","pure gray","Black","Front-wheel Drive",,,"Gasoline",,,"dealership","[PREMIUM]","Tampa","FL","[PREMIUM]",,"[]",,,"[PREMIUM]"
"a84907d3-0f7c-4150-9d47-ab8a657feab8","2026-04-29 23:19:43.443","2026-04-29 23:19:43.443","a84907d3-0f7c-4150-9d47-ab8a657feab8","[PREMIUM]","New",2026,"Subaru","Ascent","Premium 7-Passenger","[PREMIUM]","[PREMIUM]",5,"SUV","Ice Silver Metallic","Black","All-wheel Drive",,,"Gasoline",,,"dealership","[PREMIUM]","Minnetonka","MN","[PREMIUM]",,"[]",,,"[PREMIUM]"
"b1b8ccba-1908-4242-962c-53382ad901e3","2026-04-29 23:19:43.440","2026-04-29 23:19:43.440","b1b8ccba-1908-4242-962c-53382ad901e3","[PREMIUM]","New",2026,"Toyota","Camry","XSE","[PREMIUM]","[PREMIUM]",0,"Sedan","Underground","Cockpit Red Lth","All-wheel Drive",,,"Gasoline",,,"dealership","[PREMIUM]","Malvern","PA","[PREMIUM]",,"[]",,,"[PREMIUM]"
"a324dfc0-446a-4f9e-8635-53adcc30c173","2026-04-29 23:19:43.436","2026-04-29 23:19:43.436","a324dfc0-446a-4f9e-8635-53adcc30c173","[PREMIUM]","New",2026,"Volkswagen","Atlas","2.0T SE w/Technology","[PREMIUM]","[PREMIUM]",0,"SUV","pure gray","Black","Front-wheel Drive",,,"Gasoline",,,"dealership","[PREMIUM]","Tampa","FL","[PREMIUM]",,"[]",,,"[PREMIUM]"
"6e1c4ad8-e72b-457e-a7aa-027063b57fb5","2026-04-29 23:19:43.429","2026-05-02 23:19:57.342","6e1c4ad8-e72b-457e-a7aa-027063b57fb5","[PREMIUM]","New",2026,"Toyota","RAV4 Plug-In Hybrid","SE","[PREMIUM]","[PREMIUM]",3,"SUV","Ice Cap","Black","All-wheel Drive",,,"Hybrid",,,"dealership","[PREMIUM]","Corsicana","TX","[PREMIUM]",,"[]",,,"[PREMIUM]"
"5bc942d9-99ed-4717-aa26-9b9191096116","2026-04-29 23:19:43.422","2026-05-05 23:20:06.709","5bc942d9-99ed-4717-aa26-9b9191096116","[PREMIUM]","New",2026,"Volkswagen","Atlas","2.0T SE w/Technology","[PREMIUM]","[PREMIUM]",0,"SUV","deep black pearl","Black","Front-wheel Drive",,,"Gasoline",,,"dealership","[PREMIUM]","Tampa","FL","[PREMIUM]",,"[]",,,"[PREMIUM]"
"b808e44b-7822-4097-bf09-7e7a3a52928c","2026-04-29 23:19:43.418","2026-05-05 23:20:06.704","b808e44b-7822-4097-bf09-7e7a3a52928c","[PREMIUM]","New",2026,"Volkswagen","Atlas","2.0T SE w/Technology","[PREMIUM]","[PREMIUM]",0,"SUV","opal white pearl","Black","Front-wheel Drive",,,"Gasoline",,,"dealership","[PREMIUM]","Tampa","FL","[PREMIUM]",,"[]",,,"[PREMIUM]"
"e4bca289-2957-4760-b623-6969f874057e","2026-04-29 23:19:43.407","2026-05-02 23:19:57.379","e4bca289-2957-4760-b623-6969f874057e","[PREMIUM]","New",2026,"Volkswagen","Atlas","2.0T SE w/Technology","[PREMIUM]","[PREMIUM]",0,"SUV","opal white pearl","Black","Front-wheel Drive",,,"Gasoline",,,"dealership","[PREMIUM]","Tampa","FL","[PREMIUM]",,"[]",,,"[PREMIUM]"
"6dbca1ae-1679-45ba-9574-0de69255e1c7","2026-04-29 23:19:43.406","2026-04-29 23:19:43.406","6dbca1ae-1679-45ba-9574-0de69255e1c7","[PREMIUM]","New",2026,"Volkswagen","Atlas","2.0T SE w/Technology","[PREMIUM]","[PREMIUM]",0,"SUV","pure gray","Black","Front-wheel Drive",,,"Gasoline",,,"dealership","[PREMIUM]","Tampa","FL","[PREMIUM]",,"[]",,,"[PREMIUM]"
"a722f1f8-ad1d-464b-bf9d-a65ec5895601","2026-04-29 23:19:43.387","2026-04-29 23:19:43.387","a722f1f8-ad1d-464b-bf9d-a65ec5895601","[PREMIUM]","New",2026,"Volkswagen","Atlas","2.0T SE w/Technology","[PREMIUM]","[PREMIUM]",0,"SUV","pure gray","Black","Front-wheel Drive",,,"Gasoline",,,"dealership","[PREMIUM]","Tampa","FL","[PREMIUM]",,"[]",,,"[PREMIUM]"
"b4119500-438c-4319-a1e9-f33e3354cc41","2026-04-29 23:19:33.209","2026-05-02 23:19:57.396","b4119500-438c-4319-a1e9-f33e3354cc41","[PREMIUM]","New",2026,"Nissan","Frontier","PRO-4X","[PREMIUM]","[PREMIUM]",7,"Truck","Glacier White","Lava Red St","Four-wheel Drive",,,"Gasoline",,,"dealership","[PREMIUM]","Irving","TX","[PREMIUM]",,"[]",,,"[PREMIUM]"
"223c6d7e-1b31-4958-b2b7-d775b6efcae4","2026-04-29 23:19:33.128","2026-05-05 23:20:06.716","223c6d7e-1b31-4958-b2b7-d775b6efcae4","[PREMIUM]","New",2026,"Honda","Pilot","EX-L","[PREMIUM]","[PREMIUM]",5,"SUV","Wy","Gray","Front-wheel Drive",,,"Gasoline",,,"dealership","[PREMIUM]","Jacksonville","FL","[PREMIUM]",,"[]",,,"[PREMIUM]"
"821f25a5-cfff-4a00-a5d1-420fbbfabe7c","2026-04-29 23:19:33.113","2026-05-02 23:19:46.722","821f25a5-cfff-4a00-a5d1-420fbbfabe7c","[PREMIUM]","New",2026,"Honda","Odyssey","EX-L","[PREMIUM]","[PREMIUM]",5,"Passenger Van","Modern Steel Metallic","Bk","Front-wheel Drive",,,"Gasoline",,,"dealership","[PREMIUM]","Jacksonville","FL","[PREMIUM]",,"[]",,,"[PREMIUM]"
"ae1caa68-8a34-4fab-b30c-cd516c344442","2026-04-29 23:19:33.039","2026-05-05 23:20:06.657","ae1caa68-8a34-4fab-b30c-cd516c344442","[PREMIUM]","New",2026,"Nissan","Frontier","PRO-4X","[PREMIUM]","[PREMIUM]",1,"Truck","Tactical Green Metallic","Steel","Four-wheel Drive",,,"Gasoline",,,"dealership","[PREMIUM]","Sheffield","OH","[PREMIUM]",,"[]",,,"[PREMIUM]"
"6b027980-144b-4498-95ec-e1a5ab82c9dd","2026-04-29 23:19:32.861","2026-04-29 23:19:32.861","6b027980-144b-4498-95ec-e1a5ab82c9dd","[PREMIUM]","New",2026,"Honda","Odyssey","EX-L","[PREMIUM]","[PREMIUM]",0,"Passenger Van","NH-731P/CRYSTAL BL","NH-731P/BLACK","Front-wheel Drive",,,"Gasoline",,,"dealership","[PREMIUM]","Montgomeryville","PA","[PREMIUM]",,"[]",,,"[PREMIUM]"
"ab17892c-69e4-49e2-90f7-d47d05731ca6","2026-04-29 23:19:32.838","2026-04-29 23:19:32.838","ab17892c-69e4-49e2-90f7-d47d05731ca6","[PREMIUM]","New",2026,"Honda","CR-V Hybrid","Sport-L AWD","[PREMIUM]","[PREMIUM]",5,"SUV","Platinum White Pearl","Black","All-wheel Drive",,,"Hybrid",,,"dealership","[PREMIUM]","Colorado Springs","CO","[PREMIUM]",,"[]",,,"[PREMIUM]"
"111531e9-fcdd-4fdc-be70-e7a574b4ef8b","2026-04-29 23:19:32.832","2026-05-08 23:20:18.004","111531e9-fcdd-4fdc-be70-e7a574b4ef8b","[PREMIUM]","New",2026,"Honda","CR-V Hybrid","Sport Touring AWD","[PREMIUM]","[PREMIUM]",1,"SUV","Urban Gray","Nh-912p/Black","All-wheel Drive",,,"Hybrid",,,"dealership","[PREMIUM]","North Attleborough","MA","[PREMIUM]",,"[]",,,"[PREMIUM]"
"23acdc12-308a-4a49-87db-f78e41660b07","2026-04-29 23:19:32.786","2026-04-29 23:19:32.786","23acdc12-308a-4a49-87db-f78e41660b07","[PREMIUM]","New",2026,"Chevrolet","Colorado","Trail Boss","[PREMIUM]","[PREMIUM]",0,"Truck","Sterling Gray Metallic","Jet Black","Four-wheel Drive",,,"Gasoline",,,"dealership","[PREMIUM]","Daytona Beach","FL","[PREMIUM]",,"[]",,,"[PREMIUM]"
"55e4b745-09d3-4566-9cbb-897133e133db","2026-04-29 23:19:32.779","2026-04-29 23:19:32.779","55e4b745-09d3-4566-9cbb-897133e133db","[PREMIUM]","New",2026,"Honda","CR-V Hybrid","Sport-L AWD","[PREMIUM]","[PREMIUM]",0,"SUV","Urban Gray Pearl","Black","All-wheel Drive",,,"Hybrid",,,"dealership","[PREMIUM]","Clarkesville","MD","[PREMIUM]",,"[]",,,"[PREMIUM]"
"3dd0e68d-0775-4da7-95ea-a673b71409b6","2026-04-29 23:19:32.770","2026-04-29 23:19:32.770","3dd0e68d-0775-4da7-95ea-a673b71409b6","[PREMIUM]","New",2026,"Jeep","Grand Cherokee L","Altitude","[PREMIUM]","[PREMIUM]",5,"SUV","Velvet Red Pearlcoat","Global Black","Rear-wheel Drive",,,"Gasoline",,,"dealership","[PREMIUM]","Lawton","OK","[PREMIUM]",,"[]",,,"[PREMIUM]"
"79a1a413-733b-4619-9dcb-23c6af44b732","2026-04-29 23:19:32.759","2026-04-29 23:19:32.759","79a1a413-733b-4619-9dcb-23c6af44b732","[PREMIUM]","New",2026,"Honda","Odyssey","EX-L","[PREMIUM]","[PREMIUM]",3,"Passenger Van","Solar Silver Metallic","Bk","Front-wheel Drive",,,"Gasoline",,,"dealership","[PREMIUM]","Jacksonville","FL","[PREMIUM]",,"[]",,,"[PREMIUM]"
"d0047260-d0d5-4334-a5d2-4e0f85e672b7","2026-04-29 23:19:32.759","2026-04-29 23:19:32.759","d0047260-d0d5-4334-a5d2-4e0f85e672b7","[PREMIUM]","New",2026,"Acura","ADX","w/A-Spec Package","[PREMIUM]","[PREMIUM]",20,"SUV","Crystal Black Pearl","Red","All-wheel Drive",,,"Gasoline",,,"dealership","[PREMIUM]","Westmont","IL","[PREMIUM]",,"[]",,,"[PREMIUM]"
"a2e37619-ece6-4cca-bd64-63736d238c8c","2026-04-29 23:19:32.758","2026-05-02 23:19:57.409","a2e37619-ece6-4cca-bd64-63736d238c8c","[PREMIUM]","New",2026,"Honda","CR-V Hybrid","Sport-L AWD","[PREMIUM]","[PREMIUM]",0,"SUV","Radiant Red Metallic","R-569M/BLACK","All-wheel Drive",,,"Hybrid",,,"dealership","[PREMIUM]","Montgomeryville","PA","[PREMIUM]",,"[]",,,"[PREMIUM]"
"0ab63740-034e-4a50-a526-307046e25e96","2026-04-29 23:19:32.745","2026-04-29 23:19:32.745","0ab63740-034e-4a50-a526-307046e25e96","[PREMIUM]","New",2026,"Jeep","Grand Cherokee","Altitude","[PREMIUM]","[PREMIUM]",10,"SUV","Bright White Clearcoat","Global Black","Rear-wheel Drive",,,"Gasoline",,,"dealership","[PREMIUM]","Lake City","FL","[PREMIUM]",,"[]",,,"[PREMIUM]"
"34a80389-e419-4b3e-91b0-7cdb379063fb","2026-04-29 23:19:32.745","2026-04-29 23:19:32.745","34a80389-e419-4b3e-91b0-7cdb379063fb","[PREMIUM]","New",2026,"Subaru","Forester Hybrid","Touring","[PREMIUM]","[PREMIUM]",5,"SUV","Daybreak Blue Pearl","Black","All-wheel Drive",,,"Hybrid",,,"dealership","[PREMIUM]","Kirkland","WA","[PREMIUM]",,"[]",,,"[PREMIUM]"
"6dfadf7a-251d-4908-9105-475f92cebafa","2026-04-29 23:19:32.742","2026-04-29 23:19:32.742","6dfadf7a-251d-4908-9105-475f92cebafa","[PREMIUM]","New",2026,"Toyota","RAV4","Woodland","[PREMIUM]","[PREMIUM]",10,"SUV","Cloud","Black","All-wheel Drive",,,"Gasoline",,,"dealership","[PREMIUM]","Milwaukee","WI","[PREMIUM]",,"[]",,,"[PREMIUM]"
