"_primaryKey","_firstSeenAt","_lastSeenAt","listingId","vin","stockType","year","make","model","trim","price","msrp","mileage","bodyStyle","exteriorColor","interiorColor","drivetrain","transmission","engine","fuelType","mpg","stockNumber","sellerType","sellerName","sellerCity","sellerState","images","imagesCount","options","optionsCount","description","listingUrl"
"2f83c28b-e629-49d2-a5fc-2ea30ddc7a79","2026-05-29 23:59:39.323","2026-05-29 23:59:39.323","2f83c28b-e629-49d2-a5fc-2ea30ddc7a79","[PREMIUM]","Used",2019,"Jeep","Grand Cherokee","Limited","[PREMIUM]","[PREMIUM]",177153,"SUV","Granite Crystal Metallic Clearcoat","Black","Four-wheel Drive",,,"Gasoline",,,"dealership","[PREMIUM]","Milwaukie","OR","[PREMIUM]",,"[]",,,"[PREMIUM]"
"5d6745b0-d60e-4833-944b-c66082e268ba","2026-05-29 23:59:09.155","2026-06-01 23:59:50.599","5d6745b0-d60e-4833-944b-c66082e268ba","[PREMIUM]","Used",2019,"Chrysler","Pacifica","Touring Plus","[PREMIUM]","[PREMIUM]",124638,"Minivan","Bright White Clearcoat","Black/Black/Black","Front-wheel Drive",,,"Gasoline",,,"dealership","[PREMIUM]","Clive","IA","[PREMIUM]",,"[]",,,"[PREMIUM]"
"22357fcf-4114-4c41-8982-fb0cff689ef2","2026-05-29 23:59:09.149","2026-05-29 23:59:09.149","22357fcf-4114-4c41-8982-fb0cff689ef2","[PREMIUM]","Used",2019,"Ford","Fiesta","SE","[PREMIUM]","[PREMIUM]",62944,"Sedan","Magnetic Metallic","Charcoal Black","Front-wheel Drive",,,"Gasoline",,,"dealership","[PREMIUM]","Chesapeake","VA","[PREMIUM]",,"[]",,,"[PREMIUM]"
"92a1e1a8-4cca-478a-98d3-515fe13589ab","2026-05-29 23:59:09.147","2026-05-29 23:59:09.147","92a1e1a8-4cca-478a-98d3-515fe13589ab","[PREMIUM]","Used",2019,"Ford","Flex","SEL","[PREMIUM]","[PREMIUM]",111645,"SUV","Ruby Red Metallic Tinted Clearcoat","Dune","All-wheel Drive",,,"Gasoline",,,"dealership","[PREMIUM]","Adrian","MI","[PREMIUM]",,"[]",,,"[PREMIUM]"
"f23ea9c7-d289-45f8-a891-1343756339d7","2026-05-29 23:59:09.139","2026-05-29 23:59:09.139","f23ea9c7-d289-45f8-a891-1343756339d7","[PREMIUM]","Used",2019,"INFINITI","QX50","ESSENTIAL","[PREMIUM]","[PREMIUM]",130927,"SUV","Majestic White","Graphite","All-wheel Drive",,,"Gasoline",,,"dealership","[PREMIUM]","Danbury","CT","[PREMIUM]",,"[]",,,"[PREMIUM]"
"658a1e3b-97eb-4dfc-b87a-5a074d6f33c1","2026-05-29 23:59:09.131","2026-05-29 23:59:09.131","658a1e3b-97eb-4dfc-b87a-5a074d6f33c1","[PREMIUM]","Used",2019,"Tesla","Model 3","Long Range","[PREMIUM]","[PREMIUM]",61729,"Sedan","Pearl White Multi-Coat","Black","All-wheel Drive",,,"Electric",,,"dealership","[PREMIUM]","Dumfries","VA","[PREMIUM]",,"[]",,,"[PREMIUM]"
"7dbfe66d-0405-4545-a867-1aae44ca0433","2026-05-29 23:59:09.131","2026-05-29 23:59:09.131","7dbfe66d-0405-4545-a867-1aae44ca0433","[PREMIUM]","Used",2019,"Hyundai","KONA","SE","[PREMIUM]","[PREMIUM]",106552,"SUV","Sonic Silver","Black","All-wheel Drive",,,"Gasoline",,,"dealership","[PREMIUM]","Cheyenne","WY","[PREMIUM]",,"[]",,,"[PREMIUM]"
"9b0c258f-504b-4d81-ba24-0d82f9a62737","2026-05-29 23:58:39.065","2026-05-29 23:58:39.065","9b0c258f-504b-4d81-ba24-0d82f9a62737","[PREMIUM]","Used",2019,"Chrysler","300","S","[PREMIUM]","[PREMIUM]",184067,"Sedan","Ceramic Gray","Black","AWD",,,"Gasoline",,,"dealership","[PREMIUM]","Columbia","SC","[PREMIUM]",,"[]",,,"[PREMIUM]"
"a5194118-ddfa-4e41-b95a-ebb72bb5fba8","2026-05-29 23:58:38.909","2026-05-29 23:58:38.909","a5194118-ddfa-4e41-b95a-ebb72bb5fba8","[PREMIUM]","Used",2019,"Chevrolet","Equinox","1LT","[PREMIUM]","[PREMIUM]",98500,"SUV","Summit White","Jet Black","Front-wheel Drive",,,"Gasoline",,,"dealership","[PREMIUM]","Northfield","OH","[PREMIUM]",,"[]",,,"[PREMIUM]"
"99ce7c01-5ef5-4225-b2f2-903dac08956d","2026-05-29 23:58:38.784","2026-05-29 23:58:38.784","99ce7c01-5ef5-4225-b2f2-903dac08956d","[PREMIUM]","Used",2019,"Chevrolet","Cruze","LS","[PREMIUM]","[PREMIUM]",86678,"Hatchback","Black","Black","FWD",,,"Gasoline",,,"dealership","[PREMIUM]","Yuma","CO","[PREMIUM]",,"[]",,,"[PREMIUM]"
"738e0e9c-e8a6-49cd-90b1-c335e9b26ac7","2026-05-29 23:58:38.715","2026-05-29 23:58:38.715","738e0e9c-e8a6-49cd-90b1-c335e9b26ac7","[PREMIUM]","Used",2019,"Chevrolet","Spark","1LT","[PREMIUM]","[PREMIUM]",65073,"Hatchback","Silver Ice Metallic","Jet Black/Dark Anderson Silver Metallic","Front-wheel Drive",,,"Gasoline",,,"dealership","[PREMIUM]","Oklahoma City","OK","[PREMIUM]",,"[]",,,"[PREMIUM]"
"c35ba7b5-8ba8-47e1-99cd-6374934c32fc","2026-05-29 23:58:28.500","2026-05-29 23:58:28.500","c35ba7b5-8ba8-47e1-99cd-6374934c32fc","[PREMIUM]","Used",2019,"Hyundai","KONA","SE","[PREMIUM]","[PREMIUM]",96971,"SUV","Orange","GRAY","Rear-wheel Drive",,,"Gasoline",,,"dealership","[PREMIUM]","Doral","FL","[PREMIUM]",,"[]",,,"[PREMIUM]"
"5982b1fc-9ace-4108-94b8-b8a579c15634","2026-05-29 23:58:28.405","2026-05-29 23:58:28.405","5982b1fc-9ace-4108-94b8-b8a579c15634","[PREMIUM]","Used",2019,"Ford","Fusion","SE","[PREMIUM]","[PREMIUM]",55124,"Sedan","White","BLACK","Rear-wheel Drive",,,"Gasoline",,,"dealership","[PREMIUM]","Clermont","FL","[PREMIUM]",,"[]",,,"[PREMIUM]"
"a12ab198-998b-4b3c-9e98-521a27f53b61","2026-05-29 23:58:28.390","2026-06-01 23:59:09.062","a12ab198-998b-4b3c-9e98-521a27f53b61","[PREMIUM]","Used",2019,"Mercedes-Benz","GLA 250","Base","[PREMIUM]","[PREMIUM]",102933,"SUV","Night Black","Sahara Beige/Black","Front-wheel Drive",,,"Gasoline",,,"dealership","[PREMIUM]","Fort Worth","TX","[PREMIUM]",,"[]",,,"[PREMIUM]"
"4dbe2780-09f0-4c4f-a319-09c480c03f30","2026-05-29 23:58:28.358","2026-06-01 23:59:09.052","4dbe2780-09f0-4c4f-a319-09c480c03f30","[PREMIUM]","Used",2019,"GMC","Acadia","Denali","[PREMIUM]","[PREMIUM]",88045,"SUV",,,"All-wheel Drive",,,"Gasoline",,,"dealership","[PREMIUM]","Kennedale","TX","[PREMIUM]",,"[]",,,"[PREMIUM]"
"0600a8ad-d5c4-4716-8170-6ed369ae9ea3","2026-05-29 23:58:18.259","2026-06-01 23:59:09.043","0600a8ad-d5c4-4716-8170-6ed369ae9ea3","[PREMIUM]","Used",2020,"Nissan","Altima","S FWD","[PREMIUM]","[PREMIUM]",108008,"Sedan","Super Black","Charcoal","Front-wheel Drive",,,"Gasoline",,,"dealership","[PREMIUM]","Peoria","IL","[PREMIUM]",,"[]",,,"[PREMIUM]"
"7d8e09f5-651a-40e1-8967-daa76ef45a47","2026-05-29 23:58:18.151","2026-05-29 23:58:18.151","7d8e09f5-651a-40e1-8967-daa76ef45a47","[PREMIUM]","Used",2020,"Jeep","Grand Cherokee","Laredo","[PREMIUM]","[PREMIUM]",85665,"SUV","Black","Beige","Four-wheel Drive",,,"Gasoline",,,"dealership","[PREMIUM]","Old Bridge","NJ","[PREMIUM]",,"[]",,,"[PREMIUM]"
"2e01e21d-ae64-41e8-a078-bc92e9807ad8","2026-05-29 23:57:17.930","2026-05-29 23:57:17.930","2e01e21d-ae64-41e8-a078-bc92e9807ad8","[PREMIUM]","Used",2020,"Volkswagen","Tiguan","2.0T S","[PREMIUM]","[PREMIUM]",84226,"SUV","Deep Black","Storm Gray","Front-wheel Drive",,,"Gasoline",,,"dealership","[PREMIUM]","Eminence","KY","[PREMIUM]",,"[]",,,"[PREMIUM]"
"466c0ade-1af4-4bc0-b5b8-f6ded71976e3","2026-05-29 23:56:17.799","2026-05-29 23:56:17.799","466c0ade-1af4-4bc0-b5b8-f6ded71976e3","[PREMIUM]","Used",2020,"Chevrolet","Trax","LT","[PREMIUM]","[PREMIUM]",16750,"SUV","Summit White","Jet Black","Front-wheel Drive",,,"Gasoline",,,"dealership","[PREMIUM]","Dumfries","VA","[PREMIUM]",,"[]",,,"[PREMIUM]"
"7b941478-412f-4c20-9bba-f0dead35e566","2026-05-29 23:55:57.590","2026-06-01 23:56:07.060","7b941478-412f-4c20-9bba-f0dead35e566","[PREMIUM]","Used",2020,"Kia","Soul","LX","[PREMIUM]","[PREMIUM]",70545,"Hatchback","Sparkling Silver","Black","Front-wheel Drive",,,"Gasoline",,,"dealership","[PREMIUM]","Frisco","TX","[PREMIUM]",,"[]",,,"[PREMIUM]"
"13fa18a6-00e8-4aa7-8bd6-255fb3e61531","2026-05-29 23:55:57.531","2026-05-29 23:55:57.531","13fa18a6-00e8-4aa7-8bd6-255fb3e61531","[PREMIUM]","Used",2020,"Kia","Optima","LX","[PREMIUM]","[PREMIUM]",108162,"Sedan","Snow White Pearl","Black","Front-wheel Drive",,,"Gasoline",,,"dealership","[PREMIUM]","Rocky Mount","NC","[PREMIUM]",,"[]",,,"[PREMIUM]"
"715ba8e7-1b90-471b-9a90-dcb9e37428ed","2026-05-29 23:55:47.471","2026-05-29 23:55:47.471","715ba8e7-1b90-471b-9a90-dcb9e37428ed","[PREMIUM]","Used",2020,"Ford","Escape","SE","[PREMIUM]","[PREMIUM]",67381,"SUV","Magnetic","Dark Earth Gray","Front-wheel Drive",,,"Gasoline",,,"dealership","[PREMIUM]","Sanford","NC","[PREMIUM]",,"[]",,,"[PREMIUM]"
"45e35b55-d833-4c9d-b7d1-08deb890c0cf","2026-05-29 23:55:07.277","2026-05-29 23:55:07.277","45e35b55-d833-4c9d-b7d1-08deb890c0cf","[PREMIUM]","Used",2020,"Chevrolet","Equinox","LS","[PREMIUM]","[PREMIUM]",99803,"SUV","Black","Gray","Front-wheel Drive",,,"Gasoline",,,"dealership","[PREMIUM]","Silver Spring","MD","[PREMIUM]",,"[]",,,"[PREMIUM]"
"81508323-728e-47d3-bc39-cf1ffbc40b39","2026-05-29 23:54:27.116","2026-05-29 23:54:27.116","81508323-728e-47d3-bc39-cf1ffbc40b39","[PREMIUM]","Used",2020,"Nissan","Sentra","SV","[PREMIUM]","[PREMIUM]",121359,"Sedan","Fresh Powder","Charcoal","Front-wheel Drive",,,"Gasoline",,,"dealership","[PREMIUM]","Rainbow City","AL","[PREMIUM]",,"[]",,,"[PREMIUM]"
"6057c3c6-d3e5-4bda-bb55-01c70296511d","2026-05-29 23:54:17.070","2026-05-29 23:54:17.070","6057c3c6-d3e5-4bda-bb55-01c70296511d","[PREMIUM]","Used",2020,"Chevrolet","Impala","LT","[PREMIUM]","[PREMIUM]",131054,"Sedan","Silver Ice Metallic","Jet Black","Front-wheel Drive",,,"Gasoline",,,"dealership","[PREMIUM]","Tulsa","OK","[PREMIUM]",,"[]",,,"[PREMIUM]"
"27a2e299-d675-48a7-a788-145e69c1372c","2026-05-29 23:54:16.986","2026-06-01 23:54:26.669","27a2e299-d675-48a7-a788-145e69c1372c","[PREMIUM]","Used",2020,"Chevrolet","Equinox","2LT","[PREMIUM]","[PREMIUM]",127454,"SUV","Cajun Red Tintcoat","Jet Black","Front-wheel Drive",,,"Gasoline",,,"dealership","[PREMIUM]","Union","MO","[PREMIUM]",,"[]",,,"[PREMIUM]"
"dd598cd5-30c1-45a2-bf10-f7609c6a32b3","2026-05-29 23:54:07.005","2026-05-29 23:54:07.005","dd598cd5-30c1-45a2-bf10-f7609c6a32b3","[PREMIUM]","Used",2020,"Kia","Optima","LX","[PREMIUM]","[PREMIUM]",100939,"Sedan","Sparkling Silver","Black","Front-wheel Drive",,,"Gasoline",,,"dealership","[PREMIUM]","Surprise","AZ","[PREMIUM]",,"[]",,,"[PREMIUM]"
"4e15ad3c-da77-4841-9097-bb90f1611054","2026-05-29 23:54:06.910","2026-06-01 23:54:26.597","4e15ad3c-da77-4841-9097-bb90f1611054","[PREMIUM]","Used",2020,"Nissan","Rogue Sport","S","[PREMIUM]","[PREMIUM]",100587,"SUV","Blue",,"Front-wheel Drive",,,"Gasoline",,,"dealership","[PREMIUM]","Homosassa","FL","[PREMIUM]",,"[]",,,"[PREMIUM]"
"8308b384-79fc-4591-a294-a90d64071e78","2026-05-29 23:54:06.898","2026-05-29 23:54:06.898","8308b384-79fc-4591-a294-a90d64071e78","[PREMIUM]","Used",2020,"Nissan","Armada","SL","[PREMIUM]","[PREMIUM]",132637,"SUV","Brilliant Silver Metallic","Black","Four-wheel Drive",,,"Gasoline",,,"dealership","[PREMIUM]","Beaverton","OR","[PREMIUM]",,"[]",,,"[PREMIUM]"
"0b7b3430-e294-4b04-b819-a2ef644dbafb","2026-05-29 23:54:06.892","2026-05-29 23:54:06.892","0b7b3430-e294-4b04-b819-a2ef644dbafb","[PREMIUM]","Used",2020,"Nissan","Rogue Sport","S","[PREMIUM]","[PREMIUM]",85855,"SUV","Caspian Blue","Charcoal","Front-wheel Drive",,,"Gasoline",,,"dealership","[PREMIUM]","Tampa","FL","[PREMIUM]",,"[]",,,"[PREMIUM]"
"944b0199-41eb-443f-a1e0-a42736d82d1d","2026-05-29 23:54:06.885","2026-05-29 23:54:06.885","944b0199-41eb-443f-a1e0-a42736d82d1d","[PREMIUM]","Used",2020,"Hyundai","ELANTRA","Eco","[PREMIUM]","[PREMIUM]",79393,"Sedan","Symphony Silver","Black","Front-wheel Drive",,,"Gasoline",,,"dealership","[PREMIUM]","Wilmington","NC","[PREMIUM]",,"[]",,,"[PREMIUM]"
"64eae87f-882c-4d0f-bb36-5c3827e2e9c7","2026-05-29 23:53:36.505","2026-05-29 23:53:36.505","64eae87f-882c-4d0f-bb36-5c3827e2e9c7","[PREMIUM]","Used",2020,"Mazda","CX-30","Preferred","[PREMIUM]","[PREMIUM]",105951,"SUV","Snowflake White Pearl Mica","Black","All-wheel Drive",,,"Gasoline",,,"dealership","[PREMIUM]","West Chester","OH","[PREMIUM]",,"[]",,,"[PREMIUM]"
"f74a4c47-1b26-4b65-928c-9d1de805c847","2026-05-29 23:53:26.313","2026-05-29 23:53:26.313","f74a4c47-1b26-4b65-928c-9d1de805c847","[PREMIUM]","Used",2020,"Jeep","Compass","Limited","[PREMIUM]","[PREMIUM]",98804,"SUV","Olive Green Pearlcoat","Black","Four-wheel Drive",,,"Gasoline",,,"dealership","[PREMIUM]","Bloomfield Hills","MI","[PREMIUM]",,"[]",,,"[PREMIUM]"
"bf94d308-33c8-465f-8c87-8c75bbb6cbb3","2026-05-29 23:53:16.286","2026-05-29 23:53:16.286","bf94d308-33c8-465f-8c87-8c75bbb6cbb3","[PREMIUM]","Used",2020,"Kia","Rio","S","[PREMIUM]","[PREMIUM]",72976,"Hatchback","Blue","Black","Front-wheel Drive",,,"Gasoline",,,"dealership","[PREMIUM]","Tarpon Springs","FL","[PREMIUM]",,"[]",,,"[PREMIUM]"
"04e592ec-6898-4b0c-ad67-2c790fcf0f82","2026-05-29 23:53:16.237","2026-05-29 23:53:16.237","04e592ec-6898-4b0c-ad67-2c790fcf0f82","[PREMIUM]","Used",2020,"Land Rover","Range Rover Evoque","S","[PREMIUM]","[PREMIUM]",98453,"SUV","Narvik Black","Ebony / Ebony","All-wheel Drive",,,"Gasoline",,,"dealership","[PREMIUM]","Schaumburg","IL","[PREMIUM]",,"[]",,,"[PREMIUM]"
"7818a052-edfc-48bd-8468-70b64564cb8f","2026-05-29 23:53:16.176","2026-06-01 23:53:26.256","7818a052-edfc-48bd-8468-70b64564cb8f","[PREMIUM]","Used",2020,"Kia","Optima","LX","[PREMIUM]","[PREMIUM]",101584,"Sedan","White","Black","Front-wheel Drive",,,"Gasoline",,,"dealership","[PREMIUM]","Bloomington","IL","[PREMIUM]",,"[]",,,"[PREMIUM]"
"b1cc32a8-7fc6-4e85-b23e-738018dba9f6","2026-05-29 23:52:26.202","2026-06-01 23:52:46.077","b1cc32a8-7fc6-4e85-b23e-738018dba9f6","[PREMIUM]","Used",2020,"Nissan","Altima","S FWD","[PREMIUM]","[PREMIUM]",98619,"Sedan","Brilliant Silver Metallic","Charcoal","Front-wheel Drive",,,"Gasoline",,,"dealership","[PREMIUM]","Des Moines","IA","[PREMIUM]",,"[]",,,"[PREMIUM]"
"bb97af5a-84b5-4995-830b-59178280da9c","2026-05-29 23:52:25.988","2026-05-29 23:52:25.988","bb97af5a-84b5-4995-830b-59178280da9c","[PREMIUM]","Used",2020,"Hyundai","ELANTRA","Value Edition","[PREMIUM]","[PREMIUM]",78566,"Sedan","Scarlet Red Pearl","Beige","Front-wheel Drive",,,"Gasoline",,,"dealership","[PREMIUM]","Troy","OH","[PREMIUM]",,"[]",,,"[PREMIUM]"
"531c1e68-8731-405b-98df-79f790dc6975","2026-05-29 23:52:25.956","2026-05-29 23:52:25.956","531c1e68-8731-405b-98df-79f790dc6975","[PREMIUM]","Used",2020,"Ford","Escape","SE","[PREMIUM]","[PREMIUM]",51703,"SUV","Magnetic Metallic","Sandstone","Front-wheel Drive",,,"Gasoline",,,"dealership","[PREMIUM]","Montclair","CA","[PREMIUM]",,"[]",,,"[PREMIUM]"
"0b508172-03b9-45d4-a2b8-d51aec7ec38c","2026-05-29 23:52:25.953","2026-05-29 23:52:25.953","0b508172-03b9-45d4-a2b8-d51aec7ec38c","[PREMIUM]","Used",2020,"Nissan","Kicks","SR","[PREMIUM]","[PREMIUM]",71868,"SUV","Gun Metallic","Charcoal","Front-wheel Drive",,,"Gasoline",,,"dealership","[PREMIUM]","Orem","UT","[PREMIUM]",,"[]",,,"[PREMIUM]"
"daba1682-08a0-4222-a1d8-1ad70934fc5c","2026-05-29 23:51:35.619","2026-05-29 23:51:35.619","daba1682-08a0-4222-a1d8-1ad70934fc5c","[PREMIUM]","Used",2021,"Nissan","Rogue","S","[PREMIUM]","[PREMIUM]",103996,"SUV","Gun Metallic","Charcoal","Front-wheel Drive",,,"Gasoline",,,"dealership","[PREMIUM]","Albuquerque","NM","[PREMIUM]",,"[]",,,"[PREMIUM]"
"e8cac6de-130c-4e50-8f2c-5d0863cbe048","2026-05-29 23:51:05.506","2026-05-29 23:51:05.506","e8cac6de-130c-4e50-8f2c-5d0863cbe048","[PREMIUM]","Used",2021,"Chevrolet","Spark","ACTIV","[PREMIUM]","[PREMIUM]",60195,"Hatchback","Nightfall Gray Metallic","Jet Black/Dark Anderson Silver Metallic","Front-wheel Drive",,,"Gasoline",,,"dealership","[PREMIUM]","Orem","UT","[PREMIUM]",,"[]",,,"[PREMIUM]"
"e3938983-a782-45d1-86ab-c19d54d4d763","2026-05-29 23:51:05.450","2026-05-29 23:51:05.450","e3938983-a782-45d1-86ab-c19d54d4d763","[PREMIUM]","Used",2021,"Chevrolet","Spark","LS","[PREMIUM]","[PREMIUM]",40964,"Hatchback","Silver Ice Metallic","Jet Black","Front-wheel Drive",,,"Gasoline",,,"dealership","[PREMIUM]","Montclair","CA","[PREMIUM]",,"[]",,,"[PREMIUM]"
"810962fe-f15b-468b-8fba-5c2d55e40f6b","2026-05-29 23:51:05.434","2026-05-29 23:51:05.434","810962fe-f15b-468b-8fba-5c2d55e40f6b","[PREMIUM]","Used",2021,"Mitsubishi","Mirage G4","ES","[PREMIUM]","[PREMIUM]",97638,"Sedan","Mercury Gray Metallic","Black","Front-wheel Drive",,,"Gasoline",,,"dealership","[PREMIUM]","Fayetteville","NC","[PREMIUM]",,"[]",,,"[PREMIUM]"
"ec2371d1-d2be-4666-b8a4-8a07c467e2bb","2026-05-29 23:51:05.420","2026-05-29 23:51:05.420","ec2371d1-d2be-4666-b8a4-8a07c467e2bb","[PREMIUM]","Used",2021,"Jeep","Cherokee","Latitude","[PREMIUM]","[PREMIUM]",112155,"SUV","Spitfire Orange Clearcoat","Black","Front-wheel Drive",,,"Gasoline",,,"dealership","[PREMIUM]","Pittsburg","TX","[PREMIUM]",,"[]",,,"[PREMIUM]"
"8401078e-59bb-48fa-9e87-f9ff9e58fe24","2026-05-29 23:51:05.393","2026-05-29 23:51:05.393","8401078e-59bb-48fa-9e87-f9ff9e58fe24","[PREMIUM]","Used",2021,"Kia","Soul","LX","[PREMIUM]","[PREMIUM]",100039,"Wagon","Orange","GRAY","Rear-wheel Drive",,,"Gasoline",,,"dealership","[PREMIUM]","Oklahoma City","OK","[PREMIUM]",,"[]",,,"[PREMIUM]"
"bcb4d343-c048-43bc-a876-0c0a24845962","2026-05-29 23:51:05.383","2026-05-29 23:51:05.383","bcb4d343-c048-43bc-a876-0c0a24845962","[PREMIUM]","Used",2021,"Nissan","NV200","S","[PREMIUM]","[PREMIUM]",107621,"Cargo Van","Fresh Powder","Gray","FWD",,,"Gasoline",,,"dealership","[PREMIUM]","Plano","TX","[PREMIUM]",,"[]",,,"[PREMIUM]"
"27afb208-0389-43cf-a7a8-338176442211","2026-05-29 23:50:55.185","2026-05-29 23:50:55.185","27afb208-0389-43cf-a7a8-338176442211","[PREMIUM]","Used",2021,"Jeep","Compass","Latitude","[PREMIUM]","[PREMIUM]",70780,"SUV","Diamond Black Crystal Pearlcoat","Black","Front-wheel Drive",,,"Gasoline",,,"dealership","[PREMIUM]","Montclair","CA","[PREMIUM]",,"[]",,,"[PREMIUM]"
"23d900bc-a451-478b-8b13-f32450c25a11","2026-05-29 23:50:55.180","2026-05-29 23:50:55.180","23d900bc-a451-478b-8b13-f32450c25a11","[PREMIUM]","Used",2021,"Ford","EcoSport","Titanium","[PREMIUM]","[PREMIUM]",57232,"SUV","Smoke Metallic","Ebony Black","Front-wheel Drive",,,"Gasoline",,,"dealership","[PREMIUM]","Montclair","CA","[PREMIUM]",,"[]",,,"[PREMIUM]"
"f2af17c2-728f-481a-ad69-d62df9b3d004","2026-05-29 23:50:55.176","2026-05-29 23:50:55.176","f2af17c2-728f-481a-ad69-d62df9b3d004","[PREMIUM]","Used",2021,"Ford","EcoSport","S","[PREMIUM]","[PREMIUM]",49065,"SUV","Blue","GRAY","Rear-wheel Drive",,,"Gasoline",,,"dealership","[PREMIUM]","Gastonia","NC","[PREMIUM]",,"[]",,,"[PREMIUM]"
"3517f9fb-ef60-4394-a1ee-08475843db1b","2026-05-29 23:50:55.131","2026-05-29 23:50:55.131","3517f9fb-ef60-4394-a1ee-08475843db1b","[PREMIUM]","Used",2021,"Kia","Forte","LXS","[PREMIUM]","[PREMIUM]",82436,"Sedan","Currant Red","Black","Front-wheel Drive",,,"Gasoline",,,"dealership","[PREMIUM]","Blackfoot","ID","[PREMIUM]",,"[]",,,"[PREMIUM]"
"79ec2ff6-9f77-469a-b631-ea62a5c031d6","2026-05-29 23:50:45.216","2026-05-29 23:50:45.216","79ec2ff6-9f77-469a-b631-ea62a5c031d6","[PREMIUM]","Used",2022,"Hyundai","TUCSON","SEL","[PREMIUM]","[PREMIUM]",147333,"SUV","Portofino Gray","Gray","Front-wheel Drive",,,"Gasoline",,,"dealership","[PREMIUM]","Crestview","FL","[PREMIUM]",,"[]",,,"[PREMIUM]"
"a148c6ec-ec01-46d3-83f7-097823c650fa","2026-05-29 23:50:44.903","2026-05-29 23:50:44.903","a148c6ec-ec01-46d3-83f7-097823c650fa","[PREMIUM]","Used",2022,"Kia","Soul","LX","[PREMIUM]","[PREMIUM]",57643,"Hatchback","Gravity Gray","Black","Front-wheel Drive",,,"Gasoline",,,"dealership","[PREMIUM]","Houston","TX","[PREMIUM]",,"[]",,,"[PREMIUM]"
"8f9f0534-b59a-466d-9718-61ca49f4ef72","2026-05-29 23:50:44.868","2026-06-01 23:51:05.660","8f9f0534-b59a-466d-9718-61ca49f4ef72","[PREMIUM]","Used",2022,"Hyundai","SONATA","SEL Plus","[PREMIUM]","[PREMIUM]",128582,"Sedan","Stormy Blue","Black","Front-wheel Drive",,,"Gasoline",,,"dealership","[PREMIUM]","Greer","SC","[PREMIUM]",,"[]",,,"[PREMIUM]"
"b2660efd-cbc1-451c-9ac9-c129dbab004f","2026-05-29 23:50:44.864","2026-05-29 23:50:44.864","b2660efd-cbc1-451c-9ac9-c129dbab004f","[PREMIUM]","Used",2022,"Hyundai","Accent","SEL","[PREMIUM]","[PREMIUM]",57043,"Sedan","Frost White Pearl","Black","Front-wheel Drive",,,"Gasoline",,,"dealership","[PREMIUM]","Montclair","CA","[PREMIUM]",,"[]",,,"[PREMIUM]"
"bc6a93b7-892d-48c6-a653-6f5b5b7c3da2","2026-05-29 23:50:44.837","2026-05-29 23:50:44.837","bc6a93b7-892d-48c6-a653-6f5b5b7c3da2","[PREMIUM]","Used",2022,"Chevrolet","Malibu","LT","[PREMIUM]","[PREMIUM]",126774,"Sedan","Black Metallic","Jet Black","Front-wheel Drive",,,"Gasoline",,,"dealership","[PREMIUM]","Okemos","MI","[PREMIUM]",,"[]",,,"[PREMIUM]"
"388ea712-81cf-4926-b91f-927e6b683be0","2026-05-29 23:50:34.792","2026-06-01 23:50:45.678","388ea712-81cf-4926-b91f-927e6b683be0","[PREMIUM]","Used",2022,"Tesla","Model 3","Standard Range","[PREMIUM]","[PREMIUM]",164260,"Sedan","Pearl White Multi-Coat","Black","Rear-wheel Drive",,,"Electric",,,"dealership","[PREMIUM]","Los Angeles","CA","[PREMIUM]",,"[]",,,"[PREMIUM]"
"5b7e7d5b-c759-4e0e-bc12-735d6eb1806f","2026-05-29 23:50:34.492","2026-06-01 23:50:45.435","5b7e7d5b-c759-4e0e-bc12-735d6eb1806f","[PREMIUM]","Used",2022,"Hyundai","Accent","SE","[PREMIUM]","[PREMIUM]",63319,"Sedan","Admiral Blue","Black","Front-wheel Drive",,,"Gasoline",,,"dealership","[PREMIUM]","Webster","TX","[PREMIUM]",,"[]",,,"[PREMIUM]"
"b67caca8-ffdf-4f2b-ae6e-14201089531a","2026-05-29 23:50:34.459","2026-06-01 23:50:45.455","b67caca8-ffdf-4f2b-ae6e-14201089531a","[PREMIUM]","Used",2022,"Hyundai","ELANTRA","SEL","[PREMIUM]","[PREMIUM]",84494,"Sedan","Phantom Black","Black","Front-wheel Drive",,,"Gasoline",,,"dealership","[PREMIUM]","Surprise","AZ","[PREMIUM]",,"[]",,,"[PREMIUM]"
"9fb1fbce-d17f-4e4f-905b-21eefab3416b","2026-05-29 23:50:34.456","2026-05-29 23:50:34.456","9fb1fbce-d17f-4e4f-905b-21eefab3416b","[PREMIUM]","Used",2022,"Volkswagen","Taos","1.5T S","[PREMIUM]","[PREMIUM]",77782,"SUV","Pyrite Silver Metallic","Gray/Black","Front-wheel Drive",,,"Gasoline",,,"dealership","[PREMIUM]","Montclair","CA","[PREMIUM]",,"[]",,,"[PREMIUM]"
"f05ba034-c1f7-4e46-80a1-a38d6be62afe","2026-05-29 23:50:24.250","2026-06-01 23:50:35.238","f05ba034-c1f7-4e46-80a1-a38d6be62afe","[PREMIUM]","Used",2023,"Mitsubishi","Mirage G4","LE","[PREMIUM]","[PREMIUM]",40515,"Sedan","Mercury Gray Metallic","Black","Front-wheel Drive",,,"Gasoline",,,"dealership","[PREMIUM]","Akron","OH","[PREMIUM]",,"[]",,,"[PREMIUM]"
"f84174cf-52dd-423d-a06c-6bbf3a5325bd","2026-05-29 23:50:24.249","2026-05-29 23:50:24.249","f84174cf-52dd-423d-a06c-6bbf3a5325bd","[PREMIUM]","Used",2023,"Kia","Rio","S","[PREMIUM]","[PREMIUM]",81589,"Sedan","Aurora Black","Black","Front-wheel Drive",,,"Gasoline",,,"dealership","[PREMIUM]","McKinney","TX","[PREMIUM]",,"[]",,,"[PREMIUM]"
"fac7b4b6-c6b4-4584-950a-180959198533","2026-05-29 23:50:04.018","2026-05-29 23:50:04.018","fac7b4b6-c6b4-4584-950a-180959198533","[PREMIUM]","Used",2024,"Nissan","Versa","S","[PREMIUM]","[PREMIUM]",55362,"Sedan","Gun Metallic","Charcoal","Front-wheel Drive",,,"Gasoline",,,"dealership","[PREMIUM]","Miami","FL","[PREMIUM]",,"[]",,,"[PREMIUM]"
"b4f9ddf9-4e88-47d2-ad5d-d4b66a5a8038","2026-05-29 23:50:03.993","2026-05-29 23:50:03.993","b4f9ddf9-4e88-47d2-ad5d-d4b66a5a8038","[PREMIUM]","Used",2024,"Mitsubishi","Mirage G4","Black Edition","[PREMIUM]","[PREMIUM]",37982,"Sedan","Starlight Silver Metallic","Black","Front-wheel Drive",,,"Gasoline",,,"dealership","[PREMIUM]","Houston","TX","[PREMIUM]",,"[]",,,"[PREMIUM]"
"995583c6-1594-43ef-aea8-f1b9734d269f","2026-05-29 23:49:13.765","2026-05-29 23:49:13.765","995583c6-1594-43ef-aea8-f1b9734d269f","[PREMIUM]","Used",2026,"Nissan","Rogue","SV","[PREMIUM]","[PREMIUM]",54,"SUV","Not Specified","Not Specified","All-wheel Drive",,,"Gasoline",,,"dealership","[PREMIUM]","Yonkers","NY","[PREMIUM]",,"[]",,,"[PREMIUM]"
"74080c0a-a4f6-4fae-99e6-19122ae0a874","2026-05-29 23:48:53.608","2026-05-29 23:48:53.608","74080c0a-a4f6-4fae-99e6-19122ae0a874","[PREMIUM]","Used",2001,"Chevrolet","Tahoe","LT","[PREMIUM]","[PREMIUM]",207860,"SUV","Light Pewter Metallic","Tan/Neutral","Four-wheel Drive",,,"Gasoline",,,"dealership","[PREMIUM]","Bothell","WA","[PREMIUM]",,"[]",,,"[PREMIUM]"
"04ff3c8b-4f17-41cd-974f-306f667d9b78","2026-05-29 23:48:53.606","2026-06-01 23:49:04.511","04ff3c8b-4f17-41cd-974f-306f667d9b78","[PREMIUM]","Used",2002,"Jaguar","XKR","Base","[PREMIUM]","[PREMIUM]",51450,"Convertible","British Green","Tan","Rear-wheel Drive",,,"Gasoline",,,"dealership","[PREMIUM]","Hutto","TX","[PREMIUM]",,"[]",,,"[PREMIUM]"
"6723478b-e1c9-48ee-b4d9-be215ac0402a","2026-05-29 23:48:53.581","2026-05-29 23:48:53.581","6723478b-e1c9-48ee-b4d9-be215ac0402a","[PREMIUM]","Used",2002,"Toyota","Camry","LE V6","[PREMIUM]","[PREMIUM]",68527,"Sedan","Catalina Blue Metallic","Taupe","Front-wheel Drive",,,"Gasoline",,,"dealership","[PREMIUM]","Kansas City","MO","[PREMIUM]",,"[]",,,"[PREMIUM]"
"f5b10836-f410-41e4-9d3c-4f5056200913","2026-05-29 23:48:23.490","2026-05-29 23:48:23.490","f5b10836-f410-41e4-9d3c-4f5056200913","[PREMIUM]","Used",2002,"Toyota","Camry","LE","[PREMIUM]","[PREMIUM]",63298,"Sedan","Silver","Gray","Front-wheel Drive",,,"Gasoline",,,"dealership","[PREMIUM]","Gloucester City","NJ","[PREMIUM]",,"[]",,,"[PREMIUM]"
"817c514a-59bb-42dd-8182-965553f87de9","2026-05-29 23:48:13.422","2026-05-29 23:48:13.422","817c514a-59bb-42dd-8182-965553f87de9","[PREMIUM]","Used",2002,"Toyota","Camry Solara","SLE V6","[PREMIUM]","[PREMIUM]",98250,"Convertible","Gold Dust Metallic","BIEGE","Front-wheel Drive",,,"Gasoline",,,"dealership","[PREMIUM]","Wautoma","WI","[PREMIUM]",,"[]",,,"[PREMIUM]"
"4d1ade07-3b91-44f6-81cf-f715f4a803cf","2026-05-29 23:47:53.314","2026-05-29 23:47:53.314","4d1ade07-3b91-44f6-81cf-f715f4a803cf","[PREMIUM]","Used",2002,"Toyota","Sequoia","Limited","[PREMIUM]","[PREMIUM]",299028,"SUV","Silver Sky","Charcoal","Four-wheel Drive",,,"Gasoline",,,"dealership","[PREMIUM]","Salem","OR","[PREMIUM]",,"[]",,,"[PREMIUM]"
"7e22bdcb-7baf-4bb2-aafe-416c09e5194c","2026-05-29 23:47:43.229","2026-06-01 23:48:03.876","7e22bdcb-7baf-4bb2-aafe-416c09e5194c","[PREMIUM]","Used",2002,"Jeep","Wrangler","Sport","[PREMIUM]","[PREMIUM]",236128,"SUV","Solar Yellow Clearcoat","Agate","Four-wheel Drive",,,"Gasoline",,,"dealership","[PREMIUM]","League City","TX","[PREMIUM]",,"[]",,,"[PREMIUM]"
"c357132c-7430-475f-8bad-aff77c0815dd","2026-05-29 23:47:13.241","2026-05-29 23:47:13.241","c357132c-7430-475f-8bad-aff77c0815dd","[PREMIUM]","Used",2003,"Toyota","4Runner","Limited","[PREMIUM]","[PREMIUM]",208906,"SUV","Gray",,"4WD",,,"Gasoline",,,"dealership","[PREMIUM]","San Jose","CA","[PREMIUM]",,"[]",,,"[PREMIUM]"
"bbfc06a4-d519-435f-b359-7e39b63d016f","2026-05-29 23:46:12.878","2026-05-29 23:46:12.878","bbfc06a4-d519-435f-b359-7e39b63d016f","[PREMIUM]","Used",2006,"Honda","Civic","LX","[PREMIUM]","[PREMIUM]",75491,"Sedan","Blue","Gray","FWD",,,"Gasoline",,,"dealership","[PREMIUM]","Lombard","IL","[PREMIUM]",,"[]",,,"[PREMIUM]"
"00709532-c7d6-4d08-99b0-c18f0887fa64","2026-05-29 23:46:02.790","2026-06-01 23:46:22.361","00709532-c7d6-4d08-99b0-c18f0887fa64","[PREMIUM]","Used",2007,"Chevrolet","Tahoe","LT","[PREMIUM]","[PREMIUM]",127611,"SUV",,,"Four-wheel Drive",,,"E85 Flex Fuel",,,"dealership","[PREMIUM]","Ames","IA","[PREMIUM]",,"[]",,,"[PREMIUM]"
"33693d02-3eaf-41c8-add9-a22c4633fe69","2026-05-29 23:45:52.611","2026-05-29 23:45:52.611","33693d02-3eaf-41c8-add9-a22c4633fe69","[PREMIUM]","Used",2007,"Chevrolet","Tahoe","LTZ","[PREMIUM]","[PREMIUM]",154960,"SUV","Silver Birch Metallic","Ebony","Four Wheel Drive",,,"Flex Fuel",,,"dealership","[PREMIUM]","West Valley City","UT","[PREMIUM]",,"[]",,,"[PREMIUM]"
"78846888-5695-484d-8b01-3487e8b5656b","2026-05-29 23:45:52.591","2026-06-01 23:46:22.316","78846888-5695-484d-8b01-3487e8b5656b","[PREMIUM]","Used",2007,"Honda","Accord","LX","[PREMIUM]","[PREMIUM]",72784,"Sedan","Silver","Gray","Front-wheel Drive",,,"Gasoline",,,"dealership","[PREMIUM]","Lilburn","GA","[PREMIUM]",,"[]",,,"[PREMIUM]"
"10fe1e4e-b0e1-4dac-b497-e3498c00aa5c","2026-05-29 23:45:32.373","2026-05-29 23:45:32.373","10fe1e4e-b0e1-4dac-b497-e3498c00aa5c","[PREMIUM]","Used",2008,"Toyota","Sienna","XLE Limited","[PREMIUM]","[PREMIUM]",172419,"Passenger Van","Silver Shadow Pearl","Stone","All-wheel Drive",,,"Gasoline",,,"dealership","[PREMIUM]","Edmonds","WA","[PREMIUM]",,"[]",,,"[PREMIUM]"
"6a29bf82-9e30-412b-8e5d-7cd6d35b729a","2026-05-29 23:45:32.336","2026-05-29 23:45:32.336","6a29bf82-9e30-412b-8e5d-7cd6d35b729a","[PREMIUM]","Used",2008,"Cadillac","CTS","Base","[PREMIUM]","[PREMIUM]",90020,"Sedan","White Diamond Tricoat","Cashmere Leather w/Cocoa Accents","Rear-wheel Drive",,,"Gasoline",,,"dealership","[PREMIUM]","Rancho Cordova","CA","[PREMIUM]",,"[]",,,"[PREMIUM]"
"9447a8fb-76f9-436e-ab26-ee9cf17ec626","2026-05-29 23:44:02.180","2026-05-29 23:44:02.180","9447a8fb-76f9-436e-ab26-ee9cf17ec626","[PREMIUM]","Used",2010,"Chevrolet","Impala","LT","[PREMIUM]","[PREMIUM]",127674,"Sedan","Silver Ice Metallic","Ebony","Front-wheel Drive",,,"E85 Flex Fuel",,,"dealership","[PREMIUM]","Tulsa","OK","[PREMIUM]",,"[]",,,"[PREMIUM]"
"e2366e0e-e482-4107-916a-c8dd5b4b6a20","2026-05-29 23:44:02.090","2026-05-29 23:44:02.090","e2366e0e-e482-4107-916a-c8dd5b4b6a20","[PREMIUM]","Used",2010,"Toyota","Corolla","LE","[PREMIUM]","[PREMIUM]",165708,"Sedan","Barcelona Red Metallic","Bisque","Front-wheel Drive",,,"Gasoline",,,"dealership","[PREMIUM]","Mesa","AZ","[PREMIUM]",,"[]",,,"[PREMIUM]"
"3ade9c31-a088-4450-9173-651848844dcc","2026-05-29 23:42:41.928","2026-05-29 23:42:41.928","3ade9c31-a088-4450-9173-651848844dcc","[PREMIUM]","Used",2011,"Chevrolet","Tahoe","LT","[PREMIUM]","[PREMIUM]",169964,"SUV","Taupe Gray Metallic","Light Titanium/Dark Titanium","Four-wheel Drive",,,"E85 Flex Fuel",,,"dealership","[PREMIUM]","White Bear Lake","MN","[PREMIUM]",,"[]",,,"[PREMIUM]"
"31aa9603-e7f0-4bb6-96f9-3f4eb93be367","2026-05-29 23:42:41.791","2026-05-29 23:42:41.791","31aa9603-e7f0-4bb6-96f9-3f4eb93be367","[PREMIUM]","Used",2011,"BMW","328","i","[PREMIUM]","[PREMIUM]",114317,"Sedan","Alpine White","Beige","Rear-wheel Drive",,,"Gasoline",,,"dealership","[PREMIUM]","San Diego","CA","[PREMIUM]",,"[]",,,"[PREMIUM]"
"5ff60698-056c-41dd-8bf3-3b5897e7bc95","2026-05-29 23:42:41.716","2026-05-29 23:42:41.716","5ff60698-056c-41dd-8bf3-3b5897e7bc95","[PREMIUM]","Used",2011,"Lexus","ES 350","Base","[PREMIUM]","[PREMIUM]",155888,"Sedan","Gold","Tan","Front-wheel Drive",,,"Gasoline",,,"dealership","[PREMIUM]","Martins Ferry","OH","[PREMIUM]",,"[]",,,"[PREMIUM]"
"0fed54ce-eb26-4ab6-8b5f-1b7966af2b0d","2026-05-29 23:42:11.510","2026-05-29 23:42:11.510","0fed54ce-eb26-4ab6-8b5f-1b7966af2b0d","[PREMIUM]","Used",2012,"Ford","Fusion","SE","[PREMIUM]","[PREMIUM]",45346,"Sedan","Steel Blue Metallic","Black","Front-wheel Drive",,,"Gasoline",,,"dealership","[PREMIUM]","Middleton","WI","[PREMIUM]",,"[]",,,"[PREMIUM]"
"aa3380ab-1344-4159-ba8d-9e61ba6798a4","2026-05-29 23:40:01.188","2026-05-29 23:40:01.188","aa3380ab-1344-4159-ba8d-9e61ba6798a4","[PREMIUM]","Used",2013,"Chevrolet","Captiva Sport","LT","[PREMIUM]","[PREMIUM]",89068,"SUV","Black Granite Metallic","Grey","Front-wheel Drive",,,"Gasoline",,,"dealership","[PREMIUM]","Punta Gorda","FL","[PREMIUM]",,"[]",,,"[PREMIUM]"
"72ef30b3-2145-46b5-b001-b86bfc532970","2026-05-29 23:39:51.052","2026-05-29 23:39:51.052","72ef30b3-2145-46b5-b001-b86bfc532970","[PREMIUM]","Used",2014,"Mazda","CX-5","Sport","[PREMIUM]","[PREMIUM]",119957,"SUV","Soul Red Metallic","Black","Front-wheel Drive",,,"Gasoline",,,"dealership","[PREMIUM]","Savannah","GA","[PREMIUM]",,"[]",,,"[PREMIUM]"
"2db61af6-7e4e-4938-8bd0-b278d12a79bd","2026-05-29 23:38:40.750","2026-06-01 23:38:57.232","2db61af6-7e4e-4938-8bd0-b278d12a79bd","[PREMIUM]","Used",2014,"Jeep","Grand Cherokee","Limited","[PREMIUM]","[PREMIUM]",142138,"SUV","Billet Silver Metallic Clearcoat","Black","Four-wheel Drive",,,"E85 Flex Fuel",,,"dealership","[PREMIUM]","Cincinnati","OH","[PREMIUM]",,"[]",,,"[PREMIUM]"
"81b73078-1388-4aab-93cc-c32bd7882b89","2026-05-29 23:38:40.723","2026-05-29 23:38:40.723","81b73078-1388-4aab-93cc-c32bd7882b89","[PREMIUM]","Used",2014,"Chevrolet","Cruze","LTZ","[PREMIUM]","[PREMIUM]",100852,"Sedan","Silver Ice Metallic","Jet Black","Front Wheel Drive",,,"Gasoline Fuel",,,"dealership","[PREMIUM]","South Jordan","UT","[PREMIUM]",,"[]",,,"[PREMIUM]"
"72497450-5d8a-4136-b8e9-fde09cf4ce13","2026-05-29 23:38:40.715","2026-05-29 23:38:40.715","72497450-5d8a-4136-b8e9-fde09cf4ce13","[PREMIUM]","Used",2014,"Toyota","Corolla","L","[PREMIUM]","[PREMIUM]",161661,"Sedan","Super White","Steel Gray","Front-wheel Drive",,,"Gasoline",,,"dealership","[PREMIUM]","West Covina","CA","[PREMIUM]",,"[]",,,"[PREMIUM]"
"93f78dcf-737a-4de3-83ec-4dfcec07d31a","2026-05-29 23:38:40.694","2026-05-29 23:38:40.694","93f78dcf-737a-4de3-83ec-4dfcec07d31a","[PREMIUM]","Used",2014,"Chevrolet","Cruze","1LT","[PREMIUM]","[PREMIUM]",110025,"Sedan","Black Granite Metallic","Jet Black","Front-wheel Drive",,,"Gasoline",,,"dealership","[PREMIUM]","Des Moines","IA","[PREMIUM]",,"[]",,,"[PREMIUM]"
"71aefa93-edd2-4480-8f93-7ea9ce8d8bf0","2026-05-29 23:38:40.692","2026-05-29 23:38:40.692","71aefa93-edd2-4480-8f93-7ea9ce8d8bf0","[PREMIUM]","Used",2014,"Jeep","Grand Cherokee","Limited","[PREMIUM]","[PREMIUM]",127080,"SUV","Cashmere Pearlcoat","Black/Lt Frost Beige","Rear-wheel Drive",,,"Gasoline",,,"dealership","[PREMIUM]","Murray","UT","[PREMIUM]",,"[]",,,"[PREMIUM]"
"3d4f9795-eb93-45dd-958f-0237136fab33","2026-05-29 23:38:40.672","2026-06-01 23:38:57.089","3d4f9795-eb93-45dd-958f-0237136fab33","[PREMIUM]","Used",2014,"Mazda","Mazda2","Sport","[PREMIUM]","[PREMIUM]",55692,"Hatchback","Liquid Silver Metallic","Black","FWD",,,"Gasoline",,,"dealership","[PREMIUM]","Longmont","CO","[PREMIUM]",,"[]",,,"[PREMIUM]"
"3cd68df0-6622-4f0d-8b30-c26c6e38f572","2026-05-29 23:37:20.277","2026-06-01 23:38:06.942","3cd68df0-6622-4f0d-8b30-c26c6e38f572","[PREMIUM]","Used",2015,"GMC","Acadia","SLT-1","[PREMIUM]","[PREMIUM]",118314,"SUV","Carbon Black Metallic","Ebony","All-wheel Drive",,,"Gasoline",,,"dealership","[PREMIUM]","Merrillville","IN","[PREMIUM]",,"[]",,,"[PREMIUM]"
"731aa78d-ded1-442e-99ea-630ea06f9d53","2026-05-29 23:36:50.131","2026-05-29 23:36:50.131","731aa78d-ded1-442e-99ea-630ea06f9d53","[PREMIUM]","Used",2015,"Chrysler","200","S","[PREMIUM]","[PREMIUM]",120197,"Sedan","Black Clearcoat","Black","All-wheel Drive",,,"Gasoline",,,"dealership","[PREMIUM]","Gladstone","OR","[PREMIUM]",,"[]",,,"[PREMIUM]"
"ec0b250e-4992-4a58-ba28-3db619e44f68","2026-05-29 23:36:50.101","2026-05-29 23:36:50.101","ec0b250e-4992-4a58-ba28-3db619e44f68","[PREMIUM]","Used",2015,"Toyota","Camry","SE","[PREMIUM]","[PREMIUM]",121000,"Sedan","Blue","Black","Front-wheel Drive",,,"Gasoline",,,"private","[PREMIUM]",,,"[PREMIUM]",,"[]",,,"[PREMIUM]"
"9ffe5d12-b16b-49d8-8f7c-1e9bd1be4eb9","2026-05-29 23:36:50.096","2026-06-01 23:37:05.047","9ffe5d12-b16b-49d8-8f7c-1e9bd1be4eb9","[PREMIUM]","Used",2015,"FIAT","500","Lounge","[PREMIUM]","[PREMIUM]",82841,"Hatchback","Blu Chiaro (Light Blue)","Black","Front-wheel Drive",,,"Gasoline",,,"dealership","[PREMIUM]","Fenton","MO","[PREMIUM]",,"[]",,,"[PREMIUM]"
"f7b49ceb-22d5-4cce-86fd-c70869bc150f","2026-05-29 23:36:50.088","2026-05-29 23:36:50.088","f7b49ceb-22d5-4cce-86fd-c70869bc150f","[PREMIUM]","Used",2015,"Mitsubishi","Mirage","DE","[PREMIUM]","[PREMIUM]",79497,"Hatchback","White","BLACK","Rear-wheel Drive",,,"Gasoline",,,"dealership","[PREMIUM]","Escondido","CA","[PREMIUM]",,"[]",,,"[PREMIUM]"
"203fdc51-4c18-4abb-aeed-5a25c594866e","2026-05-29 23:36:39.872","2026-05-29 23:36:39.872","203fdc51-4c18-4abb-aeed-5a25c594866e","[PREMIUM]","Used",2015,"Jeep","Cherokee","Latitude","[PREMIUM]","[PREMIUM]",151379,"SUV","Billet Silver Metallic Clearcoat","Black","Four Wheel Drive",,,"Regular unleaded",,,"dealership","[PREMIUM]","Clive","IA","[PREMIUM]",,"[]",,,"[PREMIUM]"
"98ca0408-7e2a-4e65-a681-4d34ef08db6c","2026-05-29 23:36:39.790","2026-05-29 23:36:39.790","98ca0408-7e2a-4e65-a681-4d34ef08db6c","[PREMIUM]","Used",2016,"Ford","Fusion Hybrid","SE","[PREMIUM]","[PREMIUM]",104821,"Sedan","OXFORD WHITE","CHARCOAL BLK LTHR TRIM SEATS","Front-wheel Drive",,,"Hybrid",,,"dealership","[PREMIUM]","Savannah","GA","[PREMIUM]",,"[]",,,"[PREMIUM]"
"89d195a2-4ef4-4a1a-a764-a441c717414e","2026-05-29 23:36:39.765","2026-05-29 23:36:39.765","89d195a2-4ef4-4a1a-a764-a441c717414e","[PREMIUM]","Used",2015,"Jeep","Grand Cherokee","Limited","[PREMIUM]","[PREMIUM]",141471,"SUV","Bright White Clearcoat","Light Frost","Four-wheel Drive",,,"Gasoline",,,"dealership","[PREMIUM]","Schaumburg","IL","[PREMIUM]",,"[]",,,"[PREMIUM]"
"310b38b0-cc14-4384-bac2-0eec8f9923ca","2026-05-29 23:36:19.624","2026-05-29 23:36:19.624","310b38b0-cc14-4384-bac2-0eec8f9923ca","[PREMIUM]","Used",2016,"Buick","Encore","Sport Touring","[PREMIUM]","[PREMIUM]",106458,"SUV","Carbon Black Metallic","Ebony","All-wheel Drive",,,"Gasoline",,,"dealership","[PREMIUM]","Moorhead","MN","[PREMIUM]",,"[]",,,"[PREMIUM]"
"11de9d0d-cb9a-4c5e-85c5-27e8f6cd9a31","2026-05-29 23:36:19.556","2026-05-29 23:36:19.556","11de9d0d-cb9a-4c5e-85c5-27e8f6cd9a31","[PREMIUM]","Used",2016,"GMC","Acadia","Denali","[PREMIUM]","[PREMIUM]",229183,"SUV","Ebony Twilight Metallic","Ebony","Front-wheel Drive",,,"Gasoline",,,"dealership","[PREMIUM]","Evansville","IN","[PREMIUM]",,"[]",,,"[PREMIUM]"
"5c13b185-4b7a-4d1f-baae-597d65b3c62c","2026-05-29 23:36:19.555","2026-05-29 23:36:19.555","5c13b185-4b7a-4d1f-baae-597d65b3c62c","[PREMIUM]","Used",2016,"Land Rover","LR4","Base","[PREMIUM]","[PREMIUM]",146257,"SUV","Black","Black","Four-wheel Drive",,,"Gasoline",,,"dealership","[PREMIUM]","Fullerton","CA","[PREMIUM]",,"[]",,,"[PREMIUM]"
"879afc15-0dd2-46e6-9a5f-313845b6b183","2026-05-29 23:36:19.533","2026-05-29 23:36:19.533","879afc15-0dd2-46e6-9a5f-313845b6b183","[PREMIUM]","Used",2016,"Mitsubishi","Lancer","ES","[PREMIUM]","[PREMIUM]",100166,"Sedan","Mercury Gray Pearl","Black","Front-wheel Drive",,,"Gasoline",,,"dealership","[PREMIUM]","Topeka","KS","[PREMIUM]",,"[]",,,"[PREMIUM]"
"e532fdbd-504f-408e-9d29-8790194ab77f","2026-05-29 23:36:19.511","2026-05-29 23:36:19.511","e532fdbd-504f-408e-9d29-8790194ab77f","[PREMIUM]","Used",2016,"Nissan","Rogue","SV","[PREMIUM]","[PREMIUM]",118636,"SUV","Red","Black","Front-wheel Drive",,,"Gasoline",,,"dealership","[PREMIUM]","Santa Ana","CA","[PREMIUM]",,"[]",,,"[PREMIUM]"
"36855ef9-8082-4b44-8ee3-8ed42229bde8","2026-05-29 23:36:09.516","2026-05-29 23:36:09.516","36855ef9-8082-4b44-8ee3-8ed42229bde8","[PREMIUM]","Used",2016,"Ford","Fusion","S","[PREMIUM]","[PREMIUM]",141264,"Sedan","Oxford White","Earth Gray","Front Wheel Drive",,,"Regular unleaded",,,"dealership","[PREMIUM]","Clive","IA","[PREMIUM]",,"[]",,,"[PREMIUM]"
"28a670ca-c14b-4c81-8591-0c37a48e65d1","2026-05-29 23:36:09.221","2026-05-29 23:36:09.221","28a670ca-c14b-4c81-8591-0c37a48e65d1","[PREMIUM]","Used",2016,"Buick","Encore","Leather","[PREMIUM]","[PREMIUM]",141499,"SUV","Carbon Black Metallic","Ebony","All-wheel Drive",,,"Gasoline",,,"dealership","[PREMIUM]","Sandy","UT","[PREMIUM]",,"[]",,,"[PREMIUM]"
"5b3412e0-7173-4832-9a02-76babb7b7691","2026-05-29 23:36:09.163","2026-05-29 23:36:09.163","5b3412e0-7173-4832-9a02-76babb7b7691","[PREMIUM]","Used",2016,"Buick","Enclave","Leather","[PREMIUM]","[PREMIUM]",148372,"SUV","Ebony Twilight Metallic","Ebony with Ebony interior accents","All Wheel Drive",,,"Regular unleaded",,,"dealership","[PREMIUM]","Des Moines","IA","[PREMIUM]",,"[]",,,"[PREMIUM]"
"d227a675-fb2e-4fd8-930a-adf64e20c1c0","2026-05-29 23:36:09.156","2026-05-29 23:36:09.156","d227a675-fb2e-4fd8-930a-adf64e20c1c0","[PREMIUM]","Used",2016,"Chrysler","300","S","[PREMIUM]","[PREMIUM]",111374,"Sedan","Bright White Clearcoat","Black","Rear-wheel Drive",,,"Gasoline",,,"dealership","[PREMIUM]","Sacramento","CA","[PREMIUM]",,"[]",,,"[PREMIUM]"
"d32449d4-ee7a-4f46-be46-71a06b786445","2026-05-29 23:36:09.146","2026-05-29 23:36:09.146","d32449d4-ee7a-4f46-be46-71a06b786445","[PREMIUM]","Used",2016,"Chrysler","Town &amp; Country","Touring","[PREMIUM]","[PREMIUM]",103185,"Minivan","White","Black","Front-wheel Drive",,,"Gasoline",,,"private","[PREMIUM]",,,"[PREMIUM]",,"[]",,,"[PREMIUM]"
"a67970a0-645a-40c8-a118-3ac2c01f2c1c","2026-05-29 23:36:09.145","2026-05-29 23:36:09.145","a67970a0-645a-40c8-a118-3ac2c01f2c1c","[PREMIUM]","Used",2016,"Chevrolet","Trax","LT","[PREMIUM]","[PREMIUM]",107393,"SUV","Cyber Gray Metallic","Jet Black","All-wheel Drive",,,"Gasoline",,,"dealership","[PREMIUM]","Sandy","UT","[PREMIUM]",,"[]",,,"[PREMIUM]"
"d7d9da5a-8202-441c-8f4c-0a4671540569","2026-05-29 23:35:28.921","2026-05-29 23:35:28.921","d7d9da5a-8202-441c-8f4c-0a4671540569","[PREMIUM]","Used",2017,"Dodge","Grand Caravan","GT","[PREMIUM]","[PREMIUM]",143712,"Passenger Van","Granite Pearlcoat","Black","Front-wheel Drive",,,"Gasoline",,,"dealership","[PREMIUM]","Littleton","CO","[PREMIUM]",,"[]",,,"[PREMIUM]"
"04426a5b-e2ad-4614-860e-828095f57843","2026-05-29 23:35:28.765","2026-05-29 23:35:28.765","04426a5b-e2ad-4614-860e-828095f57843","[PREMIUM]","Used",2017,"Kia","Sorento","LX","[PREMIUM]","[PREMIUM]",120814,"SUV","Remington Red","Satin Black","Front-wheel Drive",,,"Gasoline",,,"dealership","[PREMIUM]","Vero Beach","FL","[PREMIUM]",,"[]",,,"[PREMIUM]"
"a94bea9a-31e1-42ff-94fc-75d18b1cbd22","2026-05-29 23:35:28.754","2026-06-03 00:04:37.041","a94bea9a-31e1-42ff-94fc-75d18b1cbd22","[PREMIUM]","Used",2017,"Nissan","Versa","S","[PREMIUM]","[PREMIUM]",14271,"Sedan","Cloud White","Charcoal","Front-wheel Drive",,,"Gasoline",,,"dealership","[PREMIUM]","Clearwater","FL","[PREMIUM]",,"[]",,,"[PREMIUM]"
"7a093597-59f5-4258-b2f4-87a425f3453f","2026-05-29 23:35:28.728","2026-05-29 23:35:28.728","7a093597-59f5-4258-b2f4-87a425f3453f","[PREMIUM]","Used",2017,"Audi","A3","2.0T Premium","[PREMIUM]","[PREMIUM]",163010,"Sedan","White","Rock Gray","All-wheel Drive",,,"Gasoline",,,"dealership","[PREMIUM]","Walnutport","PA","[PREMIUM]",,"[]",,,"[PREMIUM]"
"930b2f6f-2ece-4eee-ae3c-fcaebfa86c39","2026-05-29 23:35:28.582","2026-05-29 23:35:28.582","930b2f6f-2ece-4eee-ae3c-fcaebfa86c39","[PREMIUM]","Used",2017,"Ford","Explorer","XLT","[PREMIUM]","[PREMIUM]",161262,"SUV","Oxford White","Black","Front-wheel Drive",,,"Gasoline",,,"dealership","[PREMIUM]","ALBUQUERQUE","NM","[PREMIUM]",,"[]",,,"[PREMIUM]"
"d4bf6d0e-f54e-453d-8686-84386c9d2d5e","2026-05-29 23:35:28.509","2026-05-29 23:35:28.509","d4bf6d0e-f54e-453d-8686-84386c9d2d5e","[PREMIUM]","Used",2017,"Dodge","Grand Caravan","SXT","[PREMIUM]","[PREMIUM]",113881,"Minivan","Gray",,"Front-wheel Drive",,,"E85 Flex Fuel",,,"private","[PREMIUM]",,,"[PREMIUM]",,"[]",,,"[PREMIUM]"
"537acb7f-2c52-416e-ab6b-05f57425d86a","2026-05-29 23:35:08.533","2026-06-01 23:35:24.420","537acb7f-2c52-416e-ab6b-05f57425d86a","[PREMIUM]","Used",2018,"Dodge","Grand Caravan","GT","[PREMIUM]","[PREMIUM]",126109,"Passenger Van","Silver","Black","Front-wheel Drive",,,"Gasoline",,,"dealership","[PREMIUM]","Sterling Heights","MI","[PREMIUM]",,"[]",,,"[PREMIUM]"
"f4b91214-d8d3-4ed5-856b-8edd8633eb47","2026-05-29 23:34:58.277","2026-05-29 23:34:58.277","f4b91214-d8d3-4ed5-856b-8edd8633eb47","[PREMIUM]","Used",2018,"Toyota","Corolla","SE","[PREMIUM]","[PREMIUM]",248717,"Sedan","Slate Metallic","Black","Front-wheel Drive",,,"Gasoline",,,"dealership","[PREMIUM]","Perry","OK","[PREMIUM]",,"[]",,,"[PREMIUM]"
"8376a49a-bdac-4f23-b5c2-64619964a818","2026-05-29 23:34:38.005","2026-05-29 23:34:38.005","8376a49a-bdac-4f23-b5c2-64619964a818","[PREMIUM]","Used",2018,"BMW","X1","sDrive28i","[PREMIUM]","[PREMIUM]",132966,"SUV","White","Black","Front-wheel Drive",,,"Gasoline",,,"dealership","[PREMIUM]","Montebello","CA","[PREMIUM]",,"[]",,,"[PREMIUM]"
"f6b8799f-4476-4961-b8cc-7e77192c7cf7","2026-05-29 23:34:37.993","2026-05-29 23:34:37.993","f6b8799f-4476-4961-b8cc-7e77192c7cf7","[PREMIUM]","Used",2018,"Kia","Optima","LX","[PREMIUM]","[PREMIUM]",116610,"Sedan","Snow White Pearl","Beige","Front-wheel Drive",,,"Gasoline",,,"dealership","[PREMIUM]","Detroit","MI","[PREMIUM]",,"[]",,,"[PREMIUM]"
"e102d4c8-8eb5-435c-96ad-167bf0670420","2026-05-29 23:33:28.005","2026-05-29 23:33:28.005","e102d4c8-8eb5-435c-96ad-167bf0670420","[PREMIUM]","Used",2019,"Chevrolet","Trax","LT","[PREMIUM]","[PREMIUM]",81653,"SUV","Nightfall Gray Metallic","Jet Black","Front-wheel Drive",,,"Gasoline",,,"dealership","[PREMIUM]","Mesa","AZ","[PREMIUM]",,"[]",,,"[PREMIUM]"
"c3d18620-13de-4ce5-9bd3-1a94519cfa35","2026-05-29 23:33:27.788","2026-05-29 23:33:27.788","c3d18620-13de-4ce5-9bd3-1a94519cfa35","[PREMIUM]","Used",2019,"Jeep","Cherokee","Limited","[PREMIUM]","[PREMIUM]",128575,"SUV","Blue Shade Pearlcoat","Black","Four-wheel Drive",,,"Gasoline",,,"dealership","[PREMIUM]","Woodland Park","NJ","[PREMIUM]",,"[]",,,"[PREMIUM]"
"da0656c2-001a-48a5-b492-e2e5d3f06379","2026-05-29 23:33:27.774","2026-05-29 23:33:27.774","da0656c2-001a-48a5-b492-e2e5d3f06379","[PREMIUM]","Used",2019,"Mazda","CX-5","Grand Touring","[PREMIUM]","[PREMIUM]",170260,"SUV","Snowflake White Pearl","Black","Front-wheel Drive",,,"Gasoline",,,"dealership","[PREMIUM]","Greenwood","IN","[PREMIUM]",,"[]",,,"[PREMIUM]"
"94185f95-6d04-4809-8125-e43a1601083c","2026-05-29 23:33:17.820","2026-05-29 23:33:17.820","94185f95-6d04-4809-8125-e43a1601083c","[PREMIUM]","Used",2020,"Chevrolet","Trax","LT","[PREMIUM]","[PREMIUM]",109707,"SUV","Cajun Red Tintcoat","Jet Black","Front-wheel Drive",,,"Gasoline",,,"dealership","[PREMIUM]","Louisville","TN","[PREMIUM]",,"[]",,,"[PREMIUM]"
"1d75e0f4-ef19-4e2e-9806-b40624295c8f","2026-05-29 23:33:07.491","2026-05-29 23:33:07.491","1d75e0f4-ef19-4e2e-9806-b40624295c8f","[PREMIUM]","Used",2020,"Nissan","Altima","SR FWD","[PREMIUM]","[PREMIUM]",152640,"Sedan","Gun Metallic","Sport","Front-wheel Drive",,,"Gasoline",,,"dealership","[PREMIUM]","Louisville","TN","[PREMIUM]",,"[]",,,"[PREMIUM]"
"8d68da0e-1cda-4e02-884d-18af5e84a5f4","2026-05-29 23:33:07.481","2026-05-29 23:33:07.481","8d68da0e-1cda-4e02-884d-18af5e84a5f4","[PREMIUM]","Used",2020,"Dodge","Journey","SE Value","[PREMIUM]","[PREMIUM]",137141,"SUV","Destroyer Gray Clearcoat","Black","Front-wheel Drive",,,"Gasoline",,,"dealership","[PREMIUM]","Mt Vernon","IN","[PREMIUM]",,"[]",,,"[PREMIUM]"
"b4fe1717-aff3-4bab-b583-82a364672e16","2026-05-29 23:31:37.232","2026-05-29 23:31:37.232","b4fe1717-aff3-4bab-b583-82a364672e16","[PREMIUM]","Used",2002,"Chevrolet","Trailblazer","LTZ","[PREMIUM]","[PREMIUM]",125000,"SUV","Onyx Black",,"Four-wheel Drive",,,"Gasoline",,,"dealership","[PREMIUM]","Longmont","CO","[PREMIUM]",,"[]",,,"[PREMIUM]"
"ef89d19b-3a60-4b59-875a-e17db1a3fbb0","2026-05-29 23:31:07.152","2026-05-29 23:31:07.152","ef89d19b-3a60-4b59-875a-e17db1a3fbb0","[PREMIUM]","Used",2003,"Mazda","Protege","DX","[PREMIUM]","[PREMIUM]",68857,"Sedan","Sunlight Silver Metallic","Gray","Front-wheel Drive",,,"Gasoline",,,"dealership","[PREMIUM]","San Antonio","TX","[PREMIUM]",,"[]",,,"[PREMIUM]"
"f53c0ebe-1dcf-4412-b47f-df022abdf96c","2026-05-29 23:31:07.133","2026-05-29 23:31:07.133","f53c0ebe-1dcf-4412-b47f-df022abdf96c","[PREMIUM]","Used",2003,"Honda","Pilot","EX-L","[PREMIUM]","[PREMIUM]",258904,"SUV","Redrock Pearl","Gray","Four-wheel Drive",,,"Gasoline",,,"dealership","[PREMIUM]","Overland Park","KS","[PREMIUM]",,"[]",,,"[PREMIUM]"
"af1f4c48-5e06-42a8-956b-ac94ccb4bf71","2026-05-29 23:30:06.985","2026-05-29 23:30:06.985","af1f4c48-5e06-42a8-956b-ac94ccb4bf71","[PREMIUM]","Used",2005,"Ford","Mustang","Premium","[PREMIUM]","[PREMIUM]",159352,"Coupe","Red","Light Graphite","Rear-wheel Drive",,,"Gasoline",,,"dealership","[PREMIUM]","Salt Lake City","UT","[PREMIUM]",,"[]",,,"[PREMIUM]"
"0fdc40ce-bccc-4454-8ee9-2f8ed37ec75f","2026-05-29 23:29:46.874","2026-05-29 23:29:46.874","0fdc40ce-bccc-4454-8ee9-2f8ed37ec75f","[PREMIUM]","Used",2006,"Jaguar","S-Type","3.0","[PREMIUM]","[PREMIUM]",93055,"Sedan","Radiance","Champagne","RWD",,,"Gasoline",,,"dealership","[PREMIUM]","Colorado Springs","CO","[PREMIUM]",,"[]",,,"[PREMIUM]"
"9e0be503-aaf5-4063-bad1-d7eed50f2d21","2026-05-29 23:29:46.856","2026-05-29 23:29:46.856","9e0be503-aaf5-4063-bad1-d7eed50f2d21","[PREMIUM]","Used",2007,"Ford","Mustang","Premium","[PREMIUM]","[PREMIUM]",50422,"Coupe","Vista Blue Metallic","Dark Charcoal","Rear-wheel Drive",,,"Gasoline",,,"dealership","[PREMIUM]","Roseburg","OR","[PREMIUM]",,"[]",,,"[PREMIUM]"
"4f47f50d-7b41-4ca1-af96-7598dc838085","2026-05-29 23:29:46.816","2026-05-29 23:29:46.816","4f47f50d-7b41-4ca1-af96-7598dc838085","[PREMIUM]","Used",2007,"Dodge","Ram 2500","ST Quad Cab","[PREMIUM]","[PREMIUM]",168000,"Truck","White","Gray","Rear-wheel Drive",,,"Gasoline",,,"private","[PREMIUM]",,,"[PREMIUM]",,"[]",,,"[PREMIUM]"
"f5d451c0-01aa-49c8-9819-70b2c6dbc65b","2026-05-29 23:29:46.816","2026-05-29 23:29:46.816","f5d451c0-01aa-49c8-9819-70b2c6dbc65b","[PREMIUM]","Used",2007,"Chevrolet","Equinox","LT","[PREMIUM]","[PREMIUM]",129280,"SUV","Bermuda Green Metallic","Seat Trim Seating Inserts","All-wheel Drive",,,"Gasoline",,,"dealership","[PREMIUM]","American Fork","UT","[PREMIUM]",,"[]",,,"[PREMIUM]"
"5c65d44c-f795-4c79-a607-b587bad4c4bc","2026-05-29 23:29:36.488","2026-06-01 23:29:49.392","5c65d44c-f795-4c79-a607-b587bad4c4bc","[PREMIUM]","Used",2007,"Ford","E250","Base","[PREMIUM]","[PREMIUM]",191680,"Cargo Van","Oxford White Clearcoat","Gray","Rear-wheel Drive",,,"Gasoline",,,"dealership","[PREMIUM]","Parker","CO","[PREMIUM]",,"[]",,,"[PREMIUM]"
"0592692d-dce2-469b-8c9a-eca792b65694","2026-05-29 23:29:16.336","2026-05-29 23:29:16.336","0592692d-dce2-469b-8c9a-eca792b65694","[PREMIUM]","Used",2008,"Hyundai","Accent","GS","[PREMIUM]","[PREMIUM]",60088,"Hatchback","Green",,"FWD",,,"Gasoline",,,"dealership","[PREMIUM]","Louisville","KY","[PREMIUM]",,"[]",,,"[PREMIUM]"
"9c3e35b5-d2ed-4d52-a84d-48a01a8be0d7","2026-05-29 23:29:16.298","2026-05-29 23:29:16.298","9c3e35b5-d2ed-4d52-a84d-48a01a8be0d7","[PREMIUM]","Used",2008,"Chevrolet","Silverado 1500","LT Extended Cab","[PREMIUM]","[PREMIUM]",154453,"Truck","Dark Blue Metallic","Light Titanium / Ebony","4WD",,,"Gasoline",,,"dealership","[PREMIUM]","Columbus","IN","[PREMIUM]",,"[]",,,"[PREMIUM]"
"416defb0-0aaa-44ec-a794-7dd988e9930f","2026-05-29 23:29:16.294","2026-06-01 23:29:29.289","416defb0-0aaa-44ec-a794-7dd988e9930f","[PREMIUM]","Used",2008,"BMW","335","xi","[PREMIUM]","[PREMIUM]",136680,"Sedan","Black Sapphire Metallic","Beige","All-wheel Drive",,,"Gasoline",,,"dealership","[PREMIUM]","Bradenton","FL","[PREMIUM]",,"[]",,,"[PREMIUM]"
"b91f0af5-1d8e-43c3-97e4-0db393461af9","2026-05-29 23:29:16.289","2026-05-29 23:29:16.289","b91f0af5-1d8e-43c3-97e4-0db393461af9","[PREMIUM]","Used",2008,"Ford","Expedition","Limited","[PREMIUM]","[PREMIUM]",278790,"SUV","White Sand Tri-Coat Metallic","Stone","RWD",,,"Gasoline",,,"dealership","[PREMIUM]","Warner Robins","GA","[PREMIUM]",,"[]",,,"[PREMIUM]"
"44e91c91-f48c-4519-85e1-347f18bb1245","2026-05-29 23:29:16.245","2026-05-29 23:29:16.245","44e91c91-f48c-4519-85e1-347f18bb1245","[PREMIUM]","Used",2008,"Jeep","Grand Cherokee","Laredo","[PREMIUM]","[PREMIUM]",80282,"SUV","Green","Dark Slate Gray","Rear-wheel Drive",,,"Gasoline",,,"dealership","[PREMIUM]","Longwood","FL","[PREMIUM]",,"[]",,,"[PREMIUM]"
"efd368db-fbc6-432f-965b-96c3ab9433b1","2026-05-29 23:28:46.121","2026-05-29 23:28:46.121","efd368db-fbc6-432f-965b-96c3ab9433b1","[PREMIUM]","Used",2009,"Dodge","Journey","SXT","[PREMIUM]","[PREMIUM]",68122,"SUV","Brilliant Black Crystal Pearlcoat","Dark Slate Gray / Light Graystone","AWD",,,"Gasoline",,,"dealership","[PREMIUM]","Philadelphia","PA","[PREMIUM]",,"[]",,,"[PREMIUM]"
"72ded9d2-f5fd-4847-988f-578dfc9bf497","2026-05-29 23:28:26.054","2026-05-29 23:28:26.054","72ded9d2-f5fd-4847-988f-578dfc9bf497","[PREMIUM]","Used",2010,"Chevrolet","Suburban","1500 LS","[PREMIUM]","[PREMIUM]",184883,"SUV","BLACK",,"Four-wheel Drive",,,"E85 Flex Fuel",,,"dealership","[PREMIUM]","Milwaukie","OR","[PREMIUM]",,"[]",,,"[PREMIUM]"
"34e6a710-deb5-4473-a1e9-b58a90a5ff2d","2026-05-29 23:28:26.052","2026-05-29 23:28:26.052","34e6a710-deb5-4473-a1e9-b58a90a5ff2d","[PREMIUM]","Used",2010,"Audi","A3","2.0T Premium Plus","[PREMIUM]","[PREMIUM]",82336,"Hatchback","Silver","Black","Front-wheel Drive",,,"Gasoline",,,"dealership","[PREMIUM]","Brea","CA","[PREMIUM]",,"[]",,,"[PREMIUM]"
"58260e98-cde3-46a4-90fc-2fcc9fde613e","2026-05-29 23:28:05.851","2026-06-01 23:28:19.032","58260e98-cde3-46a4-90fc-2fcc9fde613e","[PREMIUM]","Used",2011,"Honda","Accord","EX","[PREMIUM]","[PREMIUM]",176171,"Sedan","Black","Black","Front-wheel Drive",,,"Gasoline",,,"private","[PREMIUM]",,,"[PREMIUM]",,"[]",,,"[PREMIUM]"
"d1204a40-ddf3-458d-86c5-56c112cf2355","2026-05-29 23:28:05.838","2026-05-29 23:28:05.838","d1204a40-ddf3-458d-86c5-56c112cf2355","[PREMIUM]","Used",2011,"Chevrolet","Express 1500","Work Van","[PREMIUM]","[PREMIUM]",191840,"Cargo Van","Summit White","Medium Pewter","Rear-wheel Drive",,,"Gasoline",,,"dealership","[PREMIUM]","Fenton","MO","[PREMIUM]",,"[]",,,"[PREMIUM]"
"af13b20a-2479-48b6-9ce1-838ca0bf1adf","2026-05-29 23:28:05.766","2026-05-29 23:28:05.766","af13b20a-2479-48b6-9ce1-838ca0bf1adf","[PREMIUM]","Used",2011,"Audi","A4","2.0T Premium","[PREMIUM]","[PREMIUM]",139214,"Sedan","Gray","Black","Front-wheel Drive",,,"Gasoline",,,"private","[PREMIUM]",,,"[PREMIUM]",,"[]",,,"[PREMIUM]"
"abd8110e-e371-4a04-99ff-976581f7d99b","2026-05-29 23:27:35.722","2026-05-29 23:27:35.722","abd8110e-e371-4a04-99ff-976581f7d99b","[PREMIUM]","Used",2012,"Nissan","Versa","1.8 S","[PREMIUM]","[PREMIUM]",118063,"Hatchback","Brilliant Silver","Charcoal","Front-wheel Drive",,,"Gasoline",,,"dealership","[PREMIUM]","Sandy","UT","[PREMIUM]",,"[]",,,"[PREMIUM]"
"ab2d24a7-8b76-4777-98af-c45e459888dc","2026-05-29 23:27:25.630","2026-05-29 23:27:25.630","ab2d24a7-8b76-4777-98af-c45e459888dc","[PREMIUM]","Used",2012,"Volkswagen","Passat","2.5 SE","[PREMIUM]","[PREMIUM]",98659,"Sedan","Glacier Blue Metallic","Titan Black","Front-wheel Drive",,,"Gasoline",,,"dealership","[PREMIUM]","Mesa","AZ","[PREMIUM]",,"[]",,,"[PREMIUM]"
"84cc5da0-b805-432a-b2de-581db33ce075","2026-05-29 23:27:05.682","2026-05-29 23:27:05.682","84cc5da0-b805-432a-b2de-581db33ce075","[PREMIUM]","Used",2012,"Nissan","Frontier","SV","[PREMIUM]","[PREMIUM]",163650,"Truck","White","Beige","Rear-wheel Drive",,,"Gasoline",,,"private","[PREMIUM]",,,"[PREMIUM]",,"[]",,,"[PREMIUM]"
"efb00f35-4220-431c-a469-eac65eff7fff","2026-05-29 23:27:05.380","2026-05-29 23:27:05.380","efb00f35-4220-431c-a469-eac65eff7fff","[PREMIUM]","Used",2012,"Porsche","Cayenne","Cayenne","[PREMIUM]","[PREMIUM]",187512,"SUV","White","Tan","All-wheel Drive",,,"Gasoline",,,"dealership","[PREMIUM]","North Randall","OH","[PREMIUM]",,"[]",,,"[PREMIUM]"
"07d33032-52c1-416e-a248-9e5d5ad95cc3","2026-05-29 23:27:05.347","2026-05-29 23:27:05.347","07d33032-52c1-416e-a248-9e5d5ad95cc3","[PREMIUM]","Used",2012,"Ford","Expedition EL","XLT","[PREMIUM]","[PREMIUM]",210398,"SUV","Green","Camel","4WD",,,"Flexible Fuel",,,"dealership","[PREMIUM]","Columbus","IN","[PREMIUM]",,"[]",,,"[PREMIUM]"
"5ed1c9d9-c825-48da-b232-121eacfa9892","2026-05-29 23:26:05.228","2026-05-29 23:26:05.228","5ed1c9d9-c825-48da-b232-121eacfa9892","[PREMIUM]","Used",2013,"Toyota","Corolla","L","[PREMIUM]","[PREMIUM]",146921,"Sedan","Classic Silver Metallic","Ash","Front-wheel Drive",,,"Gasoline",,,"dealership","[PREMIUM]","Decatur","TX","[PREMIUM]",,"[]",,,"[PREMIUM]"
"fc927b0f-0b61-4bd4-ab75-cf4c0cb39cee","2026-05-29 23:26:05.182","2026-05-29 23:26:05.182","fc927b0f-0b61-4bd4-ab75-cf4c0cb39cee","[PREMIUM]","Used",2013,"Toyota","Camry","SE","[PREMIUM]","[PREMIUM]",189316,"Sedan","Gray","Black","Front-wheel Drive",,,"Gasoline",,,"dealership","[PREMIUM]","Norton","OH","[PREMIUM]",,"[]",,,"[PREMIUM]"
"a7054bd9-74c1-4bec-9d75-2141205a71a8","2026-05-29 23:26:05.176","2026-06-01 23:26:26.530","a7054bd9-74c1-4bec-9d75-2141205a71a8","[PREMIUM]","Used",2013,"Ford","Focus","S","[PREMIUM]","[PREMIUM]",120966,"Sedan","Ingot Silver","Black","Front-wheel Drive",,,"Gasoline",,,"dealership","[PREMIUM]","South Jordan","UT","[PREMIUM]",,"[]",,,"[PREMIUM]"
"f7d0f393-e623-4cd7-b0a2-8e17a392ac96","2026-05-29 23:25:24.759","2026-05-29 23:25:24.759","f7d0f393-e623-4cd7-b0a2-8e17a392ac96","[PREMIUM]","Used",2014,"Hyundai","Veloster","Base","[PREMIUM]","[PREMIUM]",122677,"Hatchback","Boston Red Metallic","Black","FWD",,,"Gasoline",,,"dealership","[PREMIUM]","Burlington","WI","[PREMIUM]",,"[]",,,"[PREMIUM]"
"08964f5a-fb11-4c02-b417-6131c9f0f5a7","2026-05-29 23:25:14.516","2026-05-29 23:25:14.516","08964f5a-fb11-4c02-b417-6131c9f0f5a7","[PREMIUM]","Used",2014,"Kia","Forte","EX","[PREMIUM]","[PREMIUM]",116553,"Sedan","Snow White Pearl","Black","Front-wheel Drive",,,"Gasoline",,,"dealership","[PREMIUM]","Salt Lake City","UT","[PREMIUM]",,"[]",,,"[PREMIUM]"
"280e58af-6b3f-4511-97cd-d9f18dda6c56","2026-05-29 23:25:14.511","2026-06-01 23:25:25.560","280e58af-6b3f-4511-97cd-d9f18dda6c56","[PREMIUM]","Used",2014,"Subaru","XV Crosstrek","2.0i Premium","[PREMIUM]","[PREMIUM]",128918,"SUV","Desert Khaki","Black","All-wheel Drive",,,"Gasoline",,,"dealership","[PREMIUM]","Schaumburg","IL","[PREMIUM]",,"[]",,,"[PREMIUM]"
"2a14e215-8b6d-4a37-bdf5-e405f9957d3f","2026-05-29 23:25:14.471","2026-05-29 23:25:14.471","2a14e215-8b6d-4a37-bdf5-e405f9957d3f","[PREMIUM]","Used",2014,"Volkswagen","Jetta","Auto SE","[PREMIUM]","[PREMIUM]",114095,"Sedan","Reflex Silver Metallic",,"Front Wheel Drive",,,"Regular unleaded",,,"dealership","[PREMIUM]","Salt Lake City","UT","[PREMIUM]",,"[]",,,"[PREMIUM]"
"60d11d0c-c04f-4305-af27-ac3176af5337","2026-05-29 23:25:14.451","2026-05-29 23:25:14.451","60d11d0c-c04f-4305-af27-ac3176af5337","[PREMIUM]","Used",2014,"Subaru","Legacy","Base","[PREMIUM]","[PREMIUM]",103055,"Sedan","Blue","Black","All-wheel Drive",,,"Gasoline",,,"dealership","[PREMIUM]","Brentwood","NH","[PREMIUM]",,"[]",,,"[PREMIUM]"
"b4ea2677-4a71-4b22-be58-8f1a70d2ba8c","2026-05-29 23:24:54.382","2026-05-29 23:24:54.382","b4ea2677-4a71-4b22-be58-8f1a70d2ba8c","[PREMIUM]","Used",2015,"Ford","Focus","S","[PREMIUM]","[PREMIUM]",45194,"Sedan","Ingot Silver","Charcoal Black","FWD",,,"Flexible Fuel",,,"dealership","[PREMIUM]","Schaumburg","IL","[PREMIUM]",,"[]",,,"[PREMIUM]"
"016f4697-f240-4ece-a330-60d02ec79819","2026-05-29 23:24:54.128","2026-06-01 23:25:05.173","016f4697-f240-4ece-a330-60d02ec79819","[PREMIUM]","Used",2015,"Dodge","Journey","SE","[PREMIUM]","[PREMIUM]",142758,"SUV","Pitch Black Clearcoat","Light Frost","Front-wheel Drive",,,"Gasoline",,,"dealership","[PREMIUM]","STILLWATER","OK","[PREMIUM]",,"[]",,,"[PREMIUM]"
"62c571e7-0c22-463d-9403-d49748429413","2026-05-29 23:24:54.097","2026-05-29 23:24:54.097","62c571e7-0c22-463d-9403-d49748429413","[PREMIUM]","Used",2015,"Chevrolet","Cruze","1LT","[PREMIUM]","[PREMIUM]",94137,"Sedan","Blue Ray Metallic","Black","FWD",,,"Gasoline",,,"dealership","[PREMIUM]","Columbus","IN","[PREMIUM]",,"[]",,,"[PREMIUM]"
"6c676cf8-bbfb-4126-9843-3249e340a597","2026-05-29 23:24:24.032","2026-05-29 23:24:24.032","6c676cf8-bbfb-4126-9843-3249e340a597","[PREMIUM]","Used",2016,"Hyundai","SONATA","Sport","[PREMIUM]","[PREMIUM]",154209,"Sedan","Phantom Black","Black","Front-wheel Drive",,,"Gasoline",,,"dealership","[PREMIUM]","Ringgold","GA","[PREMIUM]",,"[]",,,"[PREMIUM]"
"d69e1966-6312-4124-9cd8-5130d4a401e8","2026-05-29 23:24:13.893","2026-05-29 23:24:13.893","d69e1966-6312-4124-9cd8-5130d4a401e8","[PREMIUM]","Used",2017,"Hyundai","ELANTRA","SE","[PREMIUM]","[PREMIUM]",67543,"Sedan","Scarlet Red","Beige","Front-wheel Drive",,,"Gasoline",,,"dealership","[PREMIUM]","Manchester","NH","[PREMIUM]",,"[]",,,"[PREMIUM]"
"019ba730-b04d-4c96-a99a-5c81594f4a23","2026-05-29 23:24:03.800","2026-05-29 23:24:03.800","019ba730-b04d-4c96-a99a-5c81594f4a23","[PREMIUM]","Used",2017,"GMC","Terrain","SLE-1","[PREMIUM]","[PREMIUM]",167185,"SUV","Summit White","Jet Black","Front-wheel Drive",,,"Gasoline",,,"dealership","[PREMIUM]","Saint Francisville","LA","[PREMIUM]",,"[]",,,"[PREMIUM]"
"00239adc-56f2-4e2d-b91c-838d88d89452","2026-05-29 23:21:43.541","2026-05-29 23:21:43.541","00239adc-56f2-4e2d-b91c-838d88d89452","[PREMIUM]","Used",2017,"Ford","Edge","SE","[PREMIUM]","[PREMIUM]",149775,"SUV","Blue Jeans Metallic","Gray","All-wheel Drive",,,"Gasoline",,,"dealership","[PREMIUM]","Merrillville","IN","[PREMIUM]",,"[]",,,"[PREMIUM]"
"8721b8ef-0374-4091-95d0-d7494abf8f6d","2026-05-29 23:21:43.532","2026-05-29 23:21:43.532","8721b8ef-0374-4091-95d0-d7494abf8f6d","[PREMIUM]","Used",2018,"Ford","Fiesta","SE","[PREMIUM]","[PREMIUM]",114513,"Sedan","Magnetic","Charcoal Black","Front-wheel Drive",,,"Gasoline",,,"dealership","[PREMIUM]","Reno","NV","[PREMIUM]",,"[]",,,"[PREMIUM]"
"ec3f6c9d-6a86-4c61-88ad-f50df5e27d6f","2026-05-29 23:21:43.528","2026-05-29 23:21:43.528","ec3f6c9d-6a86-4c61-88ad-f50df5e27d6f","[PREMIUM]","Used",2017,"Ford","Focus","SE","[PREMIUM]","[PREMIUM]",103361,"Sedan","Ingot Silver Metallic","Silver","Front-wheel Drive",,,"Gasoline",,,"dealership","[PREMIUM]","Orlando","FL","[PREMIUM]",,"[]",,,"[PREMIUM]"
"4bb49d8d-2a3e-45ee-88bb-c8fbec767aea","2026-05-29 23:21:43.492","2026-05-29 23:21:43.492","4bb49d8d-2a3e-45ee-88bb-c8fbec767aea","[PREMIUM]","Used",2017,"Dodge","Grand Caravan","SXT","[PREMIUM]","[PREMIUM]",139222,"Minivan","Silver","Black","FWD",,,"Flexible Fuel",,,"dealership","[PREMIUM]","Bloomington","IL","[PREMIUM]",,"[]",,,"[PREMIUM]"
"ff8df69e-7ddb-4755-b038-adbc63583736","2026-05-29 23:21:43.439","2026-05-29 23:21:43.439","ff8df69e-7ddb-4755-b038-adbc63583736","[PREMIUM]","Used",2017,"Ford","Focus","SE","[PREMIUM]","[PREMIUM]",78666,"Sedan","Shadow Black","Charcoal Black","Front-wheel Drive",,,"Gasoline",,,"dealership","[PREMIUM]","Willoughby Hills","OH","[PREMIUM]",,"[]",,,"[PREMIUM]"
"460f828a-31ad-4634-89d6-23cd7cf7dda8","2026-05-29 23:21:13.266","2026-05-29 23:21:13.266","460f828a-31ad-4634-89d6-23cd7cf7dda8","[PREMIUM]","Used",2019,"Ford","Escape","SE","[PREMIUM]","[PREMIUM]",138819,"SUV","Ingot Silver","Charcoal Black/Chromite Gray","Front-wheel Drive",,,"Gasoline",,,"dealership","[PREMIUM]","St. Louis","MO","[PREMIUM]",,"[]",,,"[PREMIUM]"
"cad0146a-8774-49a0-815e-b797c7485561","2026-05-29 23:21:03.139","2026-05-29 23:21:03.139","cad0146a-8774-49a0-815e-b797c7485561","[PREMIUM]","Used",2020,"Nissan","NV200","S","[PREMIUM]","[PREMIUM]",164808,"Cargo Van","Cloud White","Wheat","Front-wheel Drive",,,"Gasoline",,,"dealership","[PREMIUM]","Atlanta","GA","[PREMIUM]",,"[]",,,"[PREMIUM]"
"e6a15aef-acd8-4a02-abe6-26fe94a241fb","2026-05-29 23:19:03.021","2026-05-29 23:19:03.021","e6a15aef-acd8-4a02-abe6-26fe94a241fb","[PREMIUM]","Used",2001,"Chevrolet","Silverado 1500","LS Extended Cab","[PREMIUM]","[PREMIUM]",228455,"Truck","Light Pewter Metallic","Graphite","4WD",,,"Gasoline",,,"dealership","[PREMIUM]","Elkhorn","WI","[PREMIUM]",,"[]",,,"[PREMIUM]"
"16443873-9f86-48b3-a489-97f6ee934a86","2026-05-29 23:19:03.001","2026-05-29 23:19:03.001","16443873-9f86-48b3-a489-97f6ee934a86","[PREMIUM]","Used",2001,"Toyota","Camry","XLE","[PREMIUM]","[PREMIUM]",119030,"Sedan","Gray","Gray","Front-wheel Drive",,,"Gasoline",,,"dealership","[PREMIUM]","Winchester","VA","[PREMIUM]",,"[]",,,"[PREMIUM]"
"b65d3293-b19a-4ded-8cb9-7bad826234ec","2026-05-29 23:17:32.726","2026-05-29 23:17:32.726","b65d3293-b19a-4ded-8cb9-7bad826234ec","[PREMIUM]","Used",2006,"Jeep","Wrangler","X","[PREMIUM]","[PREMIUM]",143074,"SUV","Turquoise","Dark Slate Gray cloth, premium c","Four-wheel Drive",,,"Gasoline",,,"dealership","[PREMIUM]","Owings","MD","[PREMIUM]",,"[]",,,"[PREMIUM]"
"61a3ecf1-f016-42a2-b375-06c7cdfcea3a","2026-05-29 23:17:32.723","2026-05-29 23:17:32.723","61a3ecf1-f016-42a2-b375-06c7cdfcea3a","[PREMIUM]","Used",2006,"Honda","Ridgeline","RTS","[PREMIUM]","[PREMIUM]",151670,"Truck","Redrock Pearl","Gray","Four-wheel Drive",,,"Gasoline",,,"dealership","[PREMIUM]","Garland","TX","[PREMIUM]",,"[]",,,"[PREMIUM]"
"3e1b8ba2-5b0e-4ea7-b3fa-71342327b90e","2026-05-29 23:17:32.709","2026-05-29 23:17:32.709","3e1b8ba2-5b0e-4ea7-b3fa-71342327b90e","[PREMIUM]","Used",2006,"Chevrolet","Silverado 2500","LT2","[PREMIUM]","[PREMIUM]",267074,"Truck","Summit White","Gray","Four-wheel Drive",,,"Gaseous",,,"dealership","[PREMIUM]","Roseville","CA","[PREMIUM]",,"[]",,,"[PREMIUM]"
"882daf13-3286-4578-a19f-d8c597807cba","2026-05-29 23:17:32.693","2026-05-29 23:17:32.693","882daf13-3286-4578-a19f-d8c597807cba","[PREMIUM]","Used",2006,"Subaru","Impreza","2.5i","[PREMIUM]","[PREMIUM]",157996,"Sedan","Steel Gray Metallic","Off Black","All-wheel Drive",,,"Gasoline",,,"dealership","[PREMIUM]","San Antonio","TX","[PREMIUM]",,"[]",,,"[PREMIUM]"
"ffa0fe49-4549-48da-81e0-10304be75110","2026-05-29 23:17:22.520","2026-05-29 23:17:22.520","ffa0fe49-4549-48da-81e0-10304be75110","[PREMIUM]","Used",2007,"Subaru","Forester","2.5X","[PREMIUM]","[PREMIUM]",158811,"SUV","Newport Blue Pearl","Beige","AWD",,,"Gasoline",,,"dealership","[PREMIUM]","Columbus","IN","[PREMIUM]",,"[]",,,"[PREMIUM]"
"45a94964-daa9-4f56-bc84-bf234ae0a6ee","2026-05-29 23:17:22.476","2026-05-29 23:17:22.476","45a94964-daa9-4f56-bc84-bf234ae0a6ee","[PREMIUM]","Used",2007,"Honda","Accord","EX-L","[PREMIUM]","[PREMIUM]",198309,"Sedan","Desert Mist Metallic","Ivory","Front-wheel Drive",,,"Gasoline",,,"dealership","[PREMIUM]","Fredericksburg","VA","[PREMIUM]",,"[]",,,"[PREMIUM]"
"594f7af8-4b8e-4ab7-9463-407a27f9d7cc","2026-05-29 23:17:12.397","2026-06-01 23:17:24.168","594f7af8-4b8e-4ab7-9463-407a27f9d7cc","[PREMIUM]","Used",2008,"Toyota","Camry","LE","[PREMIUM]","[PREMIUM]",195325,"Sedan","Silver","Gray","Front-wheel Drive",,,"Gasoline",,,"dealership","[PREMIUM]","Houston","TX","[PREMIUM]",,"[]",,,"[PREMIUM]"
"08b5a137-5d2a-41f7-9c80-59d7667df581","2026-05-29 23:16:12.280","2026-05-29 23:16:12.280","08b5a137-5d2a-41f7-9c80-59d7667df581","[PREMIUM]","Used",2010,"Ford","Fusion","SE","[PREMIUM]","[PREMIUM]",159317,"Sedan","Tuxedo Black Metallic",,"Front-wheel Drive",,,"Gasoline",,,"dealership","[PREMIUM]","Maysville","KY","[PREMIUM]",,"[]",,,"[PREMIUM]"
"0338d1da-175f-4a39-bc4c-243a76c7aed9","2026-05-29 23:15:52.162","2026-06-01 23:16:03.738","0338d1da-175f-4a39-bc4c-243a76c7aed9","[PREMIUM]","Used",2010,"Volvo","XC70","T6","[PREMIUM]","[PREMIUM]",214000,"Wagon","White","Black","All-wheel Drive",,,"Gasoline",,,"private","[PREMIUM]",,,"[PREMIUM]",,"[]",,,"[PREMIUM]"
"b066cd90-9b0f-459a-be1d-7b01e868bef9","2026-05-29 23:15:52.143","2026-05-29 23:15:52.143","b066cd90-9b0f-459a-be1d-7b01e868bef9","[PREMIUM]","Used",2010,"Chevrolet","Cobalt","LT","[PREMIUM]","[PREMIUM]",113015,"Sedan","Black","Ebony","Front-wheel Drive",,,"Gasoline",,,"dealership","[PREMIUM]","Reno","NV","[PREMIUM]",,"[]",,,"[PREMIUM]"
"425ce159-a3f4-48f2-ad4f-90acece757b4","2026-05-29 23:15:52.135","2026-05-29 23:15:52.135","425ce159-a3f4-48f2-ad4f-90acece757b4","[PREMIUM]","Used",2010,"Ford","Focus","SE","[PREMIUM]","[PREMIUM]",55000,"Sedan","Ebony","Charcoal Black","Front-wheel Drive",,,"Gasoline",,,"dealership","[PREMIUM]","Decatur","IL","[PREMIUM]",,"[]",,,"[PREMIUM]"
"d1bd7c34-4c81-4e10-b9a1-51f10babf5bf","2026-05-29 23:15:52.130","2026-05-29 23:15:52.130","d1bd7c34-4c81-4e10-b9a1-51f10babf5bf","[PREMIUM]","Used",2010,"Toyota","Sienna","CE","[PREMIUM]","[PREMIUM]",104100,"Passenger Van","Silver Pine Mica","Taupe","Front-wheel Drive",,,"Gasoline",,,"dealership","[PREMIUM]","Levittown","PA","[PREMIUM]",,"[]",,,"[PREMIUM]"
"855281c0-98f5-4a2d-9e53-b6aad9ec9e33","2026-05-29 23:15:32.002","2026-05-29 23:15:32.002","855281c0-98f5-4a2d-9e53-b6aad9ec9e33","[PREMIUM]","Used",2011,"Nissan","Juke","SL","[PREMIUM]","[PREMIUM]",150131,"SUV","Cayenne Red",,"All-wheel Drive",,,"Gasoline",,,"dealership","[PREMIUM]","Phoenix","AZ","[PREMIUM]",,"[]",,,"[PREMIUM]"
"889bf751-17c7-434c-a852-f010dc845fb8","2026-05-29 23:15:01.934","2026-06-01 23:15:23.572","889bf751-17c7-434c-a852-f010dc845fb8","[PREMIUM]","Used",2011,"Mercedes-Benz","C-Class","C 300","[PREMIUM]","[PREMIUM]",171848,"Sedan","Iridium Silver Metallic","Black","All-wheel Drive",,,"Gasoline",,,"dealership","[PREMIUM]","West Chester Township","OH","[PREMIUM]",,"[]",,,"[PREMIUM]"
"dc9fcccd-238a-477d-9c32-67b1b6739ee7","2026-05-29 23:14:51.856","2026-05-29 23:14:51.856","dc9fcccd-238a-477d-9c32-67b1b6739ee7","[PREMIUM]","Used",2011,"Subaru","Legacy","2.5i Premium","[PREMIUM]","[PREMIUM]",161447,"Sedan","Graphite Gray Metallic","Black","AWD",,,"Gasoline",,,"dealership","[PREMIUM]","Kenosha","WI","[PREMIUM]",,"[]",,,"[PREMIUM]"
"2d0c5ab1-f5a8-4ea9-bac0-4548fd99a079","2026-05-29 23:14:51.638","2026-05-29 23:14:51.638","2d0c5ab1-f5a8-4ea9-bac0-4548fd99a079","[PREMIUM]","Used",2011,"Hyundai","SONATA","Limited","[PREMIUM]","[PREMIUM]",132995,"Sedan","Radiant Silver","Gray","Front-wheel Drive",,,"Gasoline",,,"dealership","[PREMIUM]","Bloomington","IL","[PREMIUM]",,"[]",,,"[PREMIUM]"
"8baa9b7c-037d-4bee-ba91-186cb2f8e1cc","2026-05-29 23:14:51.443","2026-05-29 23:14:51.443","8baa9b7c-037d-4bee-ba91-186cb2f8e1cc","[PREMIUM]","Used",2011,"Nissan","Sentra","2.0 S","[PREMIUM]","[PREMIUM]",149929,"Sedan","Aspen White Pearl","Beige","Front-wheel Drive",,,"Gasoline",,,"dealership","[PREMIUM]","Fenton","MO","[PREMIUM]",,"[]",,,"[PREMIUM]"
"5c5496dd-4094-4e11-8723-e6640ffc0d33","2026-05-29 23:14:31.195","2026-05-29 23:14:31.195","5c5496dd-4094-4e11-8723-e6640ffc0d33","[PREMIUM]","Used",2012,"Nissan","Sentra","2.0","[PREMIUM]","[PREMIUM]",133963,"Sedan","Blue Onyx","Charcoal","Front-wheel Drive",,,"Gasoline",,,"dealership","[PREMIUM]","Lynnwood","WA","[PREMIUM]",,"[]",,,"[PREMIUM]"
"f57bddde-c159-4040-a218-f3bc50598abb","2026-05-29 23:13:11.515","2026-05-29 23:13:11.515","f57bddde-c159-4040-a218-f3bc50598abb","[PREMIUM]","Used",2014,"Ford","Flex","SEL","[PREMIUM]","[PREMIUM]",247997,"SUV","Ruby Red Metallic Tinted Clearcoat","GREY","Front-wheel Drive",,,"Gasoline",,,"dealership","[PREMIUM]","Milwaukee","WI","[PREMIUM]",,"[]",,,"[PREMIUM]"
"fb4a8948-24d6-4153-b551-7507573b907d","2026-05-29 23:13:11.024","2026-05-29 23:13:11.024","fb4a8948-24d6-4153-b551-7507573b907d","[PREMIUM]","Used",2013,"Kia","Rio","LX","[PREMIUM]","[PREMIUM]",150347,"Hatchback","Gray","Black","Front-wheel Drive",,,"Gasoline",,,"dealership","[PREMIUM]","Virginia Beach","VA","[PREMIUM]",,"[]",,,"[PREMIUM]"
"fda6e6a1-c174-4290-ba98-ae422b1497ed","2026-05-29 23:13:11.007","2026-05-29 23:13:11.007","fda6e6a1-c174-4290-ba98-ae422b1497ed","[PREMIUM]","Used",2013,"Ford","Taurus","Limited","[PREMIUM]","[PREMIUM]",131472,"Sedan","Ruby Red Metallic Tinted Clearcoat","Charcoal Black","Front-wheel Drive",,,"Gasoline",,,"dealership","[PREMIUM]","Cleveland","OH","[PREMIUM]",,"[]",,,"[PREMIUM]"
"4d69c109-fb84-4c7a-877c-36ce136d7846","2026-05-29 23:12:40.752","2026-05-29 23:12:40.752","4d69c109-fb84-4c7a-877c-36ce136d7846","[PREMIUM]","Used",2015,"Jeep","Compass","Latitude","[PREMIUM]","[PREMIUM]",187118,"SUV","Black Clearcoat","Dark Slate Gray","Four-wheel Drive",,,"Gasoline",,,"dealership","[PREMIUM]","Cambridge","OH","[PREMIUM]",,"[]",,,"[PREMIUM]"
"c7ab5a6f-ce2e-4d88-a633-c7223beca839","2026-05-29 23:12:40.745","2026-05-29 23:12:40.745","c7ab5a6f-ce2e-4d88-a633-c7223beca839","[PREMIUM]","Used",2015,"Ford","Escape","Titanium","[PREMIUM]","[PREMIUM]",197371,"SUV","Ruby Red Metallic Tinted Clearcoat","Charcoal Black","Four-wheel Drive",,,"Gasoline",,,"dealership","[PREMIUM]","Chillicothe","OH","[PREMIUM]",,"[]",,,"[PREMIUM]"
"ccb31a4e-65a6-4567-82e7-8d13dca5a38b","2026-05-29 23:12:40.722","2026-05-29 23:12:40.722","ccb31a4e-65a6-4567-82e7-8d13dca5a38b","[PREMIUM]","Used",2015,"Nissan","Pathfinder","S","[PREMIUM]","[PREMIUM]",173499,"SUV","Magnetic Black","Charcoal","Front-wheel Drive",,,"Gasoline",,,"dealership","[PREMIUM]","Albuquerque","NM","[PREMIUM]",,"[]",,,"[PREMIUM]"
"c8ba2893-c1d7-4506-9950-1dada73c6348","2026-05-29 23:10:40.540","2026-05-29 23:10:40.540","c8ba2893-c1d7-4506-9950-1dada73c6348","[PREMIUM]","Used",2019,"Ford","Fiesta","SE","[PREMIUM]","[PREMIUM]",76537,"Sedan","Ingot Silver","Medium Light Stone","Front-wheel Drive",,,"Gasoline",,,"dealership","[PREMIUM]","Miami","FL","[PREMIUM]",,"[]",,,"[PREMIUM]"
"f372a78a-7d20-4645-9178-ad0da59ed4f9","2026-05-29 23:08:50.739","2026-05-29 23:08:50.739","f372a78a-7d20-4645-9178-ad0da59ed4f9","[PREMIUM]","Used",2003,"Toyota","Sequoia","SR5","[PREMIUM]","[PREMIUM]",160002,"SUV","Silver Sky Metallic","Charcoal","Rear-wheel Drive",,,"Gasoline",,,"dealership","[PREMIUM]","Grand Prairie","TX","[PREMIUM]",,"[]",,,"[PREMIUM]"
"5c8c1215-39b5-441a-b4ee-34fa4bc0bb1c","2026-05-29 23:08:30.291","2026-05-29 23:08:30.291","5c8c1215-39b5-441a-b4ee-34fa4bc0bb1c","[PREMIUM]","Used",2005,"Honda","Pilot","EX-L","[PREMIUM]","[PREMIUM]",222850,"SUV","White","Gray","All-wheel Drive",,,"Gasoline",,,"private","[PREMIUM]",,,"[PREMIUM]",,"[]",,,"[PREMIUM]"
"5d455f6b-54de-44b4-a2ab-96ffc3aaef0e","2026-05-29 23:08:30.285","2026-05-29 23:08:30.285","5d455f6b-54de-44b4-a2ab-96ffc3aaef0e","[PREMIUM]","Used",2005,"Mercury","Grand Marquis","GS","[PREMIUM]","[PREMIUM]",131905,"Sedan","Silver",,"Rear-wheel Drive",,,"Gasoline",,,"dealership","[PREMIUM]","Oak Ridge","TN","[PREMIUM]",,"[]",,,"[PREMIUM]"
"1e5dd7ef-f2bd-4a37-b6de-3a5b8b909e5b","2026-05-29 23:08:20.018","2026-05-29 23:08:20.018","1e5dd7ef-f2bd-4a37-b6de-3a5b8b909e5b","[PREMIUM]","Used",2007,"Ford","Fusion","SE","[PREMIUM]","[PREMIUM]",139616,"Sedan","Silver","Black","Front-wheel Drive",,,"Gasoline",,,"dealership","[PREMIUM]","Barberton","OH","[PREMIUM]",,"[]",,,"[PREMIUM]"
"d10bfab5-47ee-41fd-8582-e6f063cf2636","2026-05-29 23:07:49.742","2026-05-29 23:07:49.742","d10bfab5-47ee-41fd-8582-e6f063cf2636","[PREMIUM]","Used",2008,"Dodge","Grand Caravan","SXT","[PREMIUM]","[PREMIUM]",227995,"Passenger Van","Sunburst Orange Pearl","Md Slate/Lt Shale","Front-wheel Drive",,,"Gasoline",,,"dealership","[PREMIUM]","Bedford","VA","[PREMIUM]",,"[]",,,"[PREMIUM]"
"73f5832c-5ee7-4bb7-bcd4-f7ca015c87a4","2026-05-29 23:07:49.696","2026-05-29 23:07:49.696","73f5832c-5ee7-4bb7-bcd4-f7ca015c87a4","[PREMIUM]","Used",2009,"Jeep","Liberty","Sport","[PREMIUM]","[PREMIUM]",90811,"SUV","Stone White Clearcoat","Gray","Four-wheel Drive",,,"Gasoline",,,"dealership","[PREMIUM]","Dearborn","MI","[PREMIUM]",,"[]",,,"[PREMIUM]"
"22f85de6-e3ff-4c90-97ed-ea05dee26f36","2026-05-29 23:07:39.572","2026-05-29 23:07:39.572","22f85de6-e3ff-4c90-97ed-ea05dee26f36","[PREMIUM]","Used",2009,"Dodge","Journey","SXT","[PREMIUM]","[PREMIUM]",174713,"SUV","Silver Steel Metallic Clearcoat","Dark Slate Gray/Light Graystone","Front-wheel Drive",,,"Gasoline",,,"dealership","[PREMIUM]","Oak Creek","WI","[PREMIUM]",,"[]",,,"[PREMIUM]"
"4975f1f7-ea52-49c9-a313-4617eff85893","2026-05-29 23:07:19.392","2026-05-29 23:07:19.392","4975f1f7-ea52-49c9-a313-4617eff85893","[PREMIUM]","Used",2010,"Dodge","Journey","SXT","[PREMIUM]","[PREMIUM]",205349,"SUV","Inferno Red Crystal Pearlcoat","Dark Slate Gray","Front-wheel Drive",,,"Gasoline",,,"dealership","[PREMIUM]","Mesa","AZ","[PREMIUM]",,"[]",,,"[PREMIUM]"
"b903e42f-27e9-4188-8981-0f1e8cbc7164","2026-05-29 23:06:49.094","2026-05-29 23:06:49.094","b903e42f-27e9-4188-8981-0f1e8cbc7164","[PREMIUM]","Used",2011,"Toyota","Camry","SE","[PREMIUM]","[PREMIUM]",155000,"Sedan","Gray","Gray","Front-wheel Drive",,,"Gasoline",,,"private","[PREMIUM]",,,"[PREMIUM]",,"[]",,,"[PREMIUM]"
"552b21a2-b5f4-45a1-8fd0-f685dfd2b23b","2026-05-29 23:06:49.087","2026-05-29 23:06:49.087","552b21a2-b5f4-45a1-8fd0-f685dfd2b23b","[PREMIUM]","Used",2011,"Honda","Accord","SE","[PREMIUM]","[PREMIUM]",313168,"Sedan","Crystal Black Pearl","Black","Front-wheel Drive",,,"Gasoline",,,"dealership","[PREMIUM]","Columbus","OH","[PREMIUM]",,"[]",,,"[PREMIUM]"
"99b17058-ecf7-49df-8add-143f3030ca5d","2026-05-29 23:06:49.066","2026-05-29 23:06:49.066","99b17058-ecf7-49df-8add-143f3030ca5d","[PREMIUM]","Used",2012,"Hyundai","ELANTRA","Limited","[PREMIUM]","[PREMIUM]",170742,"Sedan","Titanium Gray Metallic","Black","FWD",,,"Gasoline",,,"dealership","[PREMIUM]","Elk River","MN","[PREMIUM]",,"[]",,,"[PREMIUM]"
"b0fc5918-3220-4a25-a380-46d6d5acdcd7","2026-05-29 23:06:49.064","2026-05-29 23:06:49.064","b0fc5918-3220-4a25-a380-46d6d5acdcd7","[PREMIUM]","Used",2012,"Ford","Fusion","SEL","[PREMIUM]","[PREMIUM]",207000,"Sedan","Green","Black","Front-wheel Drive",,,"Gasoline",,,"private","[PREMIUM]",,,"[PREMIUM]",,"[]",,,"[PREMIUM]"
"dc1a3c39-0d59-4d58-abd0-c3efe7fbe952","2026-05-29 23:06:28.775","2026-05-29 23:06:28.775","dc1a3c39-0d59-4d58-abd0-c3efe7fbe952","[PREMIUM]","Used",2013,"Buick","LaCrosse","Leather","[PREMIUM]","[PREMIUM]",120657,"Sedan","Carbon Black Metallic","Ebony","FWD",,,"Gasoline",,,"dealership","[PREMIUM]","Strongsville","OH","[PREMIUM]",,"[]",,,"[PREMIUM]"
"227325b8-98e9-4752-a677-c067ea6f6404","2026-05-29 23:06:28.714","2026-05-29 23:06:28.714","227325b8-98e9-4752-a677-c067ea6f6404","[PREMIUM]","Used",2014,"Subaru","Forester","2.5i Limited","[PREMIUM]","[PREMIUM]",167167,"SUV",,,"All-wheel Drive",,,"Gasoline",,,"dealership","[PREMIUM]","Snellville","GA","[PREMIUM]",,"[]",,,"[PREMIUM]"
"ab581524-2ae1-481f-b3dc-0b9291a23137","2026-05-29 23:06:18.490","2026-05-29 23:06:18.490","ab581524-2ae1-481f-b3dc-0b9291a23137","[PREMIUM]","Used",2014,"Dodge","Journey","SE","[PREMIUM]","[PREMIUM]",138508,"SUV","Pitch Black Clearcoat","Black","Front-wheel Drive",,,"Gasoline",,,"dealership","[PREMIUM]","Salt Lake City","UT","[PREMIUM]",,"[]",,,"[PREMIUM]"
"723a8b78-58cd-49d0-b3ed-8f27050e7d6f","2026-05-29 23:05:48.430","2026-05-29 23:05:48.430","723a8b78-58cd-49d0-b3ed-8f27050e7d6f","[PREMIUM]","Used",2015,"Nissan","Sentra","S","[PREMIUM]","[PREMIUM]",165000,"Sedan","Black","Black","Front-wheel Drive",,,"Gasoline",,,"dealership","[PREMIUM]","Nashville","TN","[PREMIUM]",,"[]",,,"[PREMIUM]"
"c2510fbd-3f03-4b1d-adac-b821c28c0f00","2026-05-29 23:01:57.811","2026-05-29 23:01:57.811","c2510fbd-3f03-4b1d-adac-b821c28c0f00","[PREMIUM]","Used",2001,"Lexus","GS 300","Base","[PREMIUM]","[PREMIUM]",220000,"Sedan","Black","Black","Rear-wheel Drive",,,"Gasoline",,,"private","[PREMIUM]",,,"[PREMIUM]",,"[]",,,"[PREMIUM]"
"442aa46e-4978-4ccf-a6e3-fd158876fae9","2026-05-29 23:01:57.737","2026-05-29 23:01:57.737","442aa46e-4978-4ccf-a6e3-fd158876fae9","[PREMIUM]","Used",2002,"Subaru","Forester","L","[PREMIUM]","[PREMIUM]",281054,"SUV","Burgundy","Tan","All-wheel Drive",,,"Gasoline",,,"dealership","[PREMIUM]","Essex","MD","[PREMIUM]",,"[]",,,"[PREMIUM]"
"79598119-df27-42a6-a0d7-62f1189bafc6","2026-05-29 22:59:17.526","2026-05-29 22:59:17.526","79598119-df27-42a6-a0d7-62f1189bafc6","[PREMIUM]","Used",2010,"Nissan","Murano","SL","[PREMIUM]","[PREMIUM]",171946,"SUV","Tinted Bronze","Beige","AWD",,,"Gasoline",,,"dealership","[PREMIUM]","Champaign","IL","[PREMIUM]",,"[]",,,"[PREMIUM]"
"516b5824-7da9-49e2-b337-a8d0c7e6c411","2026-05-29 22:58:35.074","2026-05-29 22:58:35.074","516b5824-7da9-49e2-b337-a8d0c7e6c411","[PREMIUM]","Used",2012,"Nissan","Maxima","SV","[PREMIUM]","[PREMIUM]",163002,"Sedan","Brown","Black","Front-wheel Drive",,,"Gasoline",,,"private","[PREMIUM]",,,"[PREMIUM]",,"[]",,,"[PREMIUM]"
"6a1207b0-5533-4a48-9a7a-03088877a7c2","2026-05-29 22:57:05.016","2026-06-01 22:57:20.675","6a1207b0-5533-4a48-9a7a-03088877a7c2","[PREMIUM]","Used",2022,"GMC","Yukon XL","Denali","[PREMIUM]","[PREMIUM]",48734,"SUV","Onyx Black","Jet Black","Rear-wheel Drive",,,"Gasoline",,,"dealership","[PREMIUM]","Tampa","FL","[PREMIUM]",,"[]",,,"[PREMIUM]"
"09f99fae-970b-4263-8d3c-cc7b2bc76eff","2026-05-29 22:56:34.763","2026-05-29 22:56:34.763","09f99fae-970b-4263-8d3c-cc7b2bc76eff","[PREMIUM]","New",2026,"Honda","Accord","SE","[PREMIUM]","[PREMIUM]",5,"Sedan","Urban Gray Pearl","Black","Front-wheel Drive",,,"Gasoline",,,"dealership","[PREMIUM]","Vallejo","CA","[PREMIUM]",,"[]",,,"[PREMIUM]"
"2145ce2b-aa85-4ecb-9a29-3335ea6ad491","2026-05-29 22:13:00.914","2026-05-29 22:13:00.914","2145ce2b-aa85-4ecb-9a29-3335ea6ad491","[PREMIUM]","Used",2003,"Ferrari","360 Modena",,"[PREMIUM]","[PREMIUM]",28123,"Convertible","Blue","Beige","Rear-wheel Drive",,,"Gasoline",,,"dealership","[PREMIUM]","West Palm Beach","FL","[PREMIUM]",,"[]",,,"[PREMIUM]"
"fb104550-4391-4cb2-b8c2-e1b107f4c66b","2026-05-29 22:11:50.278","2026-06-01 22:11:57.758","fb104550-4391-4cb2-b8c2-e1b107f4c66b","[PREMIUM]","Used",2011,"Chevrolet","Corvette","ZR-1","[PREMIUM]","[PREMIUM]",17999,"Coupe","Velocity Yellow Tinted Clearcoat","Ebony","Rear-wheel Drive",,,"Gasoline",,,"dealership","[PREMIUM]","Highlands Ranch","CO","[PREMIUM]",,"[]",,,"[PREMIUM]"
"9b3001ab-43d8-4587-8358-8f5bfd4e7cba","2026-05-29 22:11:10.207","2026-05-29 22:11:10.207","9b3001ab-43d8-4587-8358-8f5bfd4e7cba","[PREMIUM]","Used",2015,"Bentley","Continental GT","V8 S","[PREMIUM]","[PREMIUM]",3271,"Convertible","Silverlake Metallic","Magnolia","All-wheel Drive",,,"Gasoline",,,"dealership","[PREMIUM]","Jessup","MD","[PREMIUM]",,"[]",,,"[PREMIUM]"
"0ab9afd9-031f-42f6-90aa-92ca26cfc5c7","2026-05-29 22:10:40.371","2026-05-29 22:10:40.371","0ab9afd9-031f-42f6-90aa-92ca26cfc5c7","[PREMIUM]","Used",2017,"Audi","R8","5.2 V10 plus","[PREMIUM]","[PREMIUM]",33544,"Coupe","Mythos Black Metallic","Black","All-wheel Drive",,,"Gasoline",,,"dealership","[PREMIUM]","Atlanta","GA","[PREMIUM]",,"[]",,,"[PREMIUM]"
"747adacc-6a91-457a-9fd1-f3e0c0568866","2026-05-29 22:08:39.992","2026-05-29 22:08:39.992","747adacc-6a91-457a-9fd1-f3e0c0568866","[PREMIUM]","Used",2019,"Rolls-Royce","Cullinan",,"[PREMIUM]","[PREMIUM]",32852,"SUV","Arctic White","Red","AWD",,,"Gasoline",,,"dealership","[PREMIUM]","Anaheim","CA","[PREMIUM]",,"[]",,,"[PREMIUM]"
"2fbe330b-bb68-4d6e-a0aa-6c6e4181d0bd","2026-05-29 22:08:19.853","2026-05-29 22:08:19.853","2fbe330b-bb68-4d6e-a0aa-6c6e4181d0bd","[PREMIUM]","Used",2020,"Lamborghini","Urus","Base","[PREMIUM]","[PREMIUM]",22087,"SUV","Blu Eleos Metallic","Blu Amon/Nero Ade","All-wheel Drive",,,"Gasoline",,,"dealership","[PREMIUM]","Phoenix","AZ","[PREMIUM]",,"[]",,,"[PREMIUM]"
"79d67912-e4ca-48e0-865e-f85db59c7a81","2026-05-29 22:08:09.752","2026-05-29 22:08:09.752","79d67912-e4ca-48e0-865e-f85db59c7a81","[PREMIUM]","Used",2020,"Ferrari","F8 Tributo","Base","[PREMIUM]","[PREMIUM]",15756,"Coupe","Bianco Avus","bianco","Rear-wheel Drive",,,"Gasoline",,,"dealership","[PREMIUM]","Joliet","IL","[PREMIUM]",,"[]",,,"[PREMIUM]"
"e4d62467-c5c6-4607-8bfd-3b65ff17d0b6","2026-05-29 22:06:29.698","2026-05-29 22:06:29.698","e4d62467-c5c6-4607-8bfd-3b65ff17d0b6","[PREMIUM]","Used",2021,"Mercedes-Benz","AMG G 63","Base","[PREMIUM]","[PREMIUM]",22966,"SUV","Black",,"AWD",,,"Gasoline",,,"dealership","[PREMIUM]","Davie","FL","[PREMIUM]",,"[]",,,"[PREMIUM]"
"f7e50e6f-0f13-4728-84dc-ed73d10c4885","2026-05-29 22:06:29.637","2026-05-29 22:06:29.637","f7e50e6f-0f13-4728-84dc-ed73d10c4885","[PREMIUM]","Used",2021,"Ferrari","812 GTS","Convertible","[PREMIUM]","[PREMIUM]",6634,"Convertible","Grigio Silverstone Metallic","Crema","Rear-wheel Drive",,,"Gasoline",,,"dealership","[PREMIUM]","Charlotte","NC","[PREMIUM]",,"[]",,,"[PREMIUM]"
"5975f20f-5c63-4899-850a-a0f05f0a6cdb","2026-05-29 22:05:59.538","2026-05-29 22:05:59.538","5975f20f-5c63-4899-850a-a0f05f0a6cdb","[PREMIUM]","Used",2022,"Porsche","911","Turbo S","[PREMIUM]","[PREMIUM]",20468,"Convertible","Carrara White Metallic","Blue","All-wheel Drive",,,"Gasoline",,,"dealership","[PREMIUM]","West Chicago","IL","[PREMIUM]",,"[]",,,"[PREMIUM]"
"fc481c66-c127-4d88-91b5-0f2e5bd563a1","2026-05-29 22:05:59.533","2026-06-01 22:06:24.913","fc481c66-c127-4d88-91b5-0f2e5bd563a1","[PREMIUM]","Used",2022,"Lamborghini","Urus","SUV ONLY 13k Miles HOT Spec Style Pkg Comfort Seats 3D Sound LOADED","[PREMIUM]","[PREMIUM]",13336,"SUV","Rosso Mars Metallic","Nero Ade with Rosso Alala","All-wheel Drive",,,"Gasoline",,,"dealership","[PREMIUM]","West Chicago","IL","[PREMIUM]",,"[]",,,"[PREMIUM]"
"7e060c06-3e5d-4c88-9c2a-efdaa797f3e4","2026-05-29 22:05:39.376","2026-05-29 22:05:39.376","7e060c06-3e5d-4c88-9c2a-efdaa797f3e4","[PREMIUM]","Used",2022,"Ferrari","Roma","Base","[PREMIUM]","[PREMIUM]",12211,"Coupe","Grigio Silverstone Metallic","Rosso Ferrari Inner Details","Rear-wheel Drive",,,"Gasoline",,,"dealership","[PREMIUM]","West Palm Beach","FL","[PREMIUM]",,"[]",,,"[PREMIUM]"
"60f8c290-8da5-467d-a905-1dfd49725ae5","2026-05-29 22:05:39.352","2026-06-01 22:05:44.734","60f8c290-8da5-467d-a905-1dfd49725ae5","[PREMIUM]","Used",2023,"Porsche","Cayenne","Turbo","[PREMIUM]","[PREMIUM]",23071,"SUV","Gray Metallic","Black","All-wheel Drive",,,"Gasoline",,,"dealership","[PREMIUM]","Mill Valley","CA","[PREMIUM]",,"[]",,,"[PREMIUM]"
"a11f9fea-1da7-4aa6-9a90-e441b3aa6848","2026-05-29 22:05:39.288","2026-05-29 22:05:39.288","a11f9fea-1da7-4aa6-9a90-e441b3aa6848","[PREMIUM]","Used",2022,"Mercedes-Benz","AMG G 63","4MATIC","[PREMIUM]","[PREMIUM]",37500,"SUV","Lunar Blue Metallic","Black Leather with Bengal Red Insert and Stitching","All-wheel Drive",,,"Gasoline",,,"dealership","[PREMIUM]","Cary","NC","[PREMIUM]",,"[]",,,"[PREMIUM]"
"12dd2c5d-73d1-4475-8914-67c843265890","2026-05-29 22:05:39.246","2026-05-29 22:05:39.246","12dd2c5d-73d1-4475-8914-67c843265890","[PREMIUM]","Used",2022,"Porsche","911","Turbo","[PREMIUM]","[PREMIUM]",14491,"Coupe","Chalk","Black","All-wheel Drive",,,"Gasoline",,,"dealership","[PREMIUM]","West Palm Beach","FL","[PREMIUM]",,"[]",,,"[PREMIUM]"
"9b20be6d-7288-47d1-83a6-fdd6aae81f81","2026-05-29 22:05:28.962","2026-05-29 22:05:28.962","9b20be6d-7288-47d1-83a6-fdd6aae81f81","[PREMIUM]","Used",2023,"Porsche","Panamera","4S Executive","[PREMIUM]","[PREMIUM]",2637,"Hatchback","Chalk","Black","All-wheel Drive",,,"Gasoline",,,"dealership","[PREMIUM]","West Palm Beach","FL","[PREMIUM]",,"[]",,,"[PREMIUM]"
"22db8e96-9da7-49af-b94d-1e4370ef1ee5","2026-05-29 22:05:28.941","2026-06-01 22:05:34.489","22db8e96-9da7-49af-b94d-1e4370ef1ee5","[PREMIUM]","Used",2023,"Bentley","Continental GT","V8","[PREMIUM]","[PREMIUM]",8155,"Coupe","Moon","Beluga","All-wheel Drive",,,"Gasoline",,,"dealership","[PREMIUM]","San Diego","CA","[PREMIUM]",,"[]",,,"[PREMIUM]"
"aad2b465-59a1-45bd-a72c-0bcb5104c8f0","2026-05-29 22:05:28.935","2026-05-29 22:05:28.935","aad2b465-59a1-45bd-a72c-0bcb5104c8f0","[PREMIUM]","Used",2023,"Porsche","911","Turbo S","[PREMIUM]","[PREMIUM]",1351,"Coupe","Carrara White Metallic","Black","All-wheel Drive",,,"Gasoline",,,"dealership","[PREMIUM]","Springfield","IL","[PREMIUM]",,"[]",,,"[PREMIUM]"
"3b0ad015-32ca-4e5c-a612-79b82506fc60","2026-05-29 22:05:28.916","2026-05-29 22:05:28.916","3b0ad015-32ca-4e5c-a612-79b82506fc60","[PREMIUM]","Used",2023,"Chevrolet","Tahoe","4WD Z71","[PREMIUM]","[PREMIUM]",30723,"SUV","Black","Jet Black","Four-wheel Drive",,,"Gasoline",,,"dealership","[PREMIUM]","Long Island City","NY","[PREMIUM]",,"[]",,,"[PREMIUM]"
"d65eb26c-1223-408f-829e-292718b7eac3","2026-05-29 22:05:28.894","2026-06-01 22:05:44.821","d65eb26c-1223-408f-829e-292718b7eac3","[PREMIUM]","Used",2023,"Hyundai","SONATA","SEL","[PREMIUM]","[PREMIUM]",38988,"Sedan","Curated Silver","Black","Front-wheel Drive",,,"Gasoline",,,"dealership","[PREMIUM]","Avenel","NJ","[PREMIUM]",,"[]",,,"[PREMIUM]"
"d038dd00-12b6-4636-8273-92e445b856d1","2026-05-29 22:05:28.860","2026-05-29 22:05:28.860","d038dd00-12b6-4636-8273-92e445b856d1","[PREMIUM]","Used",2023,"Lamborghini","Urus","Performante","[PREMIUM]","[PREMIUM]",24681,"SUV","Black","Nero Ade","All-wheel Drive",,,"Gasoline",,,"dealership","[PREMIUM]","Southwest Ranches","FL","[PREMIUM]",,"[]",,,"[PREMIUM]"
"4ea94954-fdb7-4f76-b58d-76bf1a934784","2026-05-29 22:05:18.833","2026-05-29 22:05:18.833","4ea94954-fdb7-4f76-b58d-76bf1a934784","[PREMIUM]","Used",2023,"Porsche","911","GT3","[PREMIUM]","[PREMIUM]",15036,"Coupe","Jet Black Metallic","Black","Rear-wheel Drive",,,"Gasoline",,,"dealership","[PREMIUM]","West Palm Beach","FL","[PREMIUM]",,"[]",,,"[PREMIUM]"
"42f95ac0-51d1-48eb-9bd5-440650283bc5","2026-05-29 22:05:18.746","2026-05-29 22:05:18.746","42f95ac0-51d1-48eb-9bd5-440650283bc5","[PREMIUM]","Used",2023,"Ford","F-150","Raptor","[PREMIUM]","[PREMIUM]",26804,"Truck","Avalanche","Black","Four-wheel Drive",,,"Gasoline",,,"dealership","[PREMIUM]","Carrollton","TX","[PREMIUM]",,"[]",,,"[PREMIUM]"
"7cec46e0-43fc-4dcf-8172-d6afc9aad898","2026-05-29 22:05:18.737","2026-05-29 22:05:18.737","7cec46e0-43fc-4dcf-8172-d6afc9aad898","[PREMIUM]","Used",2023,"Mercedes-Benz","G-Class","G 550 4MATIC","[PREMIUM]","[PREMIUM]",22004,"SUV","Platinum","Platinum White","All-wheel Drive",,,"Gasoline",,,"dealership","[PREMIUM]","Rocklin","CA","[PREMIUM]",,"[]",,,"[PREMIUM]"
"40f5b0a1-d5af-42ae-907d-94258199bdb4","2026-05-29 22:05:18.733","2026-06-01 22:05:34.663","40f5b0a1-d5af-42ae-907d-94258199bdb4","[PREMIUM]","Used",2023,"Mercedes-Benz","AMG E 63","S 4MATIC","[PREMIUM]","[PREMIUM]",15864,"Sedan",,,"All-wheel Drive",,,"Gasoline",,,"dealership","[PREMIUM]","Huntersville","NC","[PREMIUM]",,"[]",,,"[PREMIUM]"
"9cc39353-3ba8-4d8e-b722-379eeccaba2a","2026-05-29 22:05:18.712","2026-05-29 22:05:18.712","9cc39353-3ba8-4d8e-b722-379eeccaba2a","[PREMIUM]","Used",2023,"Porsche","911","Turbo S","[PREMIUM]","[PREMIUM]",6260,"Coupe","Jet Black Metallic","Black","All-wheel Drive",,,"Gasoline",,,"dealership","[PREMIUM]","West Palm Beach","FL","[PREMIUM]",,"[]",,,"[PREMIUM]"
"adde2ee9-91d2-433e-9681-c8c56a4e355f","2026-05-29 22:05:08.298","2026-06-01 22:05:14.557","adde2ee9-91d2-433e-9681-c8c56a4e355f","[PREMIUM]","Used",2024,"Chevrolet","Corvette","Z06","[PREMIUM]","[PREMIUM]",1194,"Coupe","Arctic White","Sky Cool Gray","Rear-wheel Drive",,,"Gasoline",,,"dealership","[PREMIUM]","Miami","FL","[PREMIUM]",,"[]",,,"[PREMIUM]"
"c4509e98-3ddc-4dc4-b4f8-4479aae73ab3","2026-05-29 22:04:48.451","2026-05-29 22:04:48.451","c4509e98-3ddc-4dc4-b4f8-4479aae73ab3","[PREMIUM]","Used",2024,"Porsche","911","Carrera GTS","[PREMIUM]","[PREMIUM]",16122,"Coupe","Chalk","Bordeaux Red","Rear-wheel Drive",,,"Gasoline",,,"dealership","[PREMIUM]","Pittsburgh","PA","[PREMIUM]",,"[]",,,"[PREMIUM]"
"e83023c0-c30e-4042-b21c-e3a0e155c49b","2026-05-29 22:04:38.025","2026-05-29 22:04:38.025","e83023c0-c30e-4042-b21c-e3a0e155c49b","[PREMIUM]","Used",2024,"Ford","F-150","Raptor","[PREMIUM]","[PREMIUM]",32311,"Truck","Gray Metallic","Black","Four-wheel Drive",,,"Gasoline",,,"dealership","[PREMIUM]","Apex","NC","[PREMIUM]",,"[]",,,"[PREMIUM]"
"50b7e760-c1d3-42b1-8d87-376e08f5dc7b","2026-05-29 22:04:27.988","2026-05-29 22:04:27.988","50b7e760-c1d3-42b1-8d87-376e08f5dc7b","[PREMIUM]","Used",2024,"BMW","M3","CS","[PREMIUM]","[PREMIUM]",10327,"Sedan","Signal Green","Anthracite","All-wheel Drive",,,"Gasoline",,,"dealership","[PREMIUM]","Anaheim hills","CA","[PREMIUM]",,"[]",,,"[PREMIUM]"
"119d1d70-09c3-40ff-a04a-0b308c9719f8","2026-05-29 22:04:27.973","2026-05-29 22:04:27.973","119d1d70-09c3-40ff-a04a-0b308c9719f8","[PREMIUM]","Used",2024,"Chevrolet","Corvette","Z06","[PREMIUM]","[PREMIUM]",7799,"Coupe","Silver Flare Metallic","Jet Black","Rear-wheel Drive",,,"Gasoline",,,"dealership","[PREMIUM]","Atlanta","GA","[PREMIUM]",,"[]",,,"[PREMIUM]"
"3b5ed38d-fdfc-4822-b114-cf6bbdede57e","2026-05-29 22:04:27.963","2026-05-29 22:04:27.963","3b5ed38d-fdfc-4822-b114-cf6bbdede57e","[PREMIUM]","Used",2024,"Porsche","Taycan","GTS","[PREMIUM]","[PREMIUM]",10185,"Sedan","Black","Black","All-wheel Drive",,,"Electric",,,"dealership","[PREMIUM]","Highland Park","IL","[PREMIUM]",,"[]",,,"[PREMIUM]"
"eaca740b-f49a-4e6e-9a53-239c251fa051","2026-05-29 22:04:27.954","2026-06-01 22:04:43.632","eaca740b-f49a-4e6e-9a53-239c251fa051","[PREMIUM]","Used",2024,"Land Rover","Range Rover","P530 SE","[PREMIUM]","[PREMIUM]",28628,"SUV","Hakuba Silver","Ebony/  Ebony Interior","All-wheel Drive",,,"Gasoline",,,"dealership","[PREMIUM]","Eatontown","NJ","[PREMIUM]",,"[]",,,"[PREMIUM]"
"6adf70c6-c3d9-409d-80a4-bc5231d1561b","2026-05-29 22:04:27.939","2026-05-29 22:04:27.939","6adf70c6-c3d9-409d-80a4-bc5231d1561b","[PREMIUM]","Used",2024,"Ford","F-250","Lariat","[PREMIUM]","[PREMIUM]",7577,"Truck","Race Red","Black Onyx","Four-wheel Drive",,,"Diesel",,,"dealership","[PREMIUM]","Ada","OK","[PREMIUM]",,"[]",,,"[PREMIUM]"
"eb5095bc-9e12-422b-ba7a-6c1f56388154","2026-05-29 22:04:27.884","2026-05-29 22:04:27.884","eb5095bc-9e12-422b-ba7a-6c1f56388154","[PREMIUM]","Used",2024,"Ford","F-250","Lariat","[PREMIUM]","[PREMIUM]",14941,"Truck","Carbonized Gray Metallic","Black Onyx","Four-wheel Drive",,,"Diesel",,,"dealership","[PREMIUM]","Joliet","IL","[PREMIUM]",,"[]",,,"[PREMIUM]"
"1495ebd6-35d6-4692-b526-f88626213ea1","2026-05-29 22:04:27.868","2026-05-29 22:04:27.868","1495ebd6-35d6-4692-b526-f88626213ea1","[PREMIUM]","Used",2024,"Porsche","718 Boxster","GTS 4.0","[PREMIUM]","[PREMIUM]",27240,"Convertible","Red","Black","Rear-wheel Drive",,,"Gasoline",,,"dealership","[PREMIUM]","Davie","FL","[PREMIUM]",,"[]",,,"[PREMIUM]"
"8eecb650-a372-4ed0-b164-3571a1573686","2026-05-29 22:04:17.700","2026-05-29 22:04:17.700","8eecb650-a372-4ed0-b164-3571a1573686","[PREMIUM]","Used",2024,"Chevrolet","Corvette","Z06","[PREMIUM]","[PREMIUM]",1015,"Coupe","Arctic White","Jet Black","Rear-wheel Drive",,,"Gasoline",,,"dealership","[PREMIUM]","Joliet","IL","[PREMIUM]",,"[]",,,"[PREMIUM]"
"1c6d5e3d-6785-4d99-acc7-73b44f287df5","2026-05-29 22:04:17.698","2026-05-29 22:04:17.698","1c6d5e3d-6785-4d99-acc7-73b44f287df5","[PREMIUM]","Used",2024,"Porsche","Cayenne","S Coupe AWD","[PREMIUM]","[PREMIUM]",14198,"SUV","White","Black","All-wheel Drive",,,"Gasoline",,,"dealership","[PREMIUM]","West Palm Beach","FL","[PREMIUM]",,"[]",,,"[PREMIUM]"
"2fec94e5-7919-41db-a347-15b646727c2f","2026-05-29 22:04:17.682","2026-06-01 22:04:23.513","2fec94e5-7919-41db-a347-15b646727c2f","[PREMIUM]","Used",2024,"Chevrolet","Corvette","Z06","[PREMIUM]","[PREMIUM]",12596,"Coupe","Sea","Jet Black","Rear-wheel Drive",,,"Gasoline",,,"dealership","[PREMIUM]","Littleton","CO","[PREMIUM]",,"[]",,,"[PREMIUM]"
"75c6233e-3c8d-4e2c-9cd4-8fbcc31d7796","2026-05-29 22:04:17.443","2026-05-29 22:04:17.443","75c6233e-3c8d-4e2c-9cd4-8fbcc31d7796","[PREMIUM]","Used",2024,"Porsche","911","Turbo S","[PREMIUM]","[PREMIUM]",3881,"Convertible","Shark Blue","Black","All-wheel Drive",,,"Gasoline",,,"dealership","[PREMIUM]","West Palm Beach","FL","[PREMIUM]",,"[]",,,"[PREMIUM]"
"0a50ca16-4755-428c-831c-5c2c84f5ab6f","2026-05-29 22:04:17.435","2026-05-29 22:04:17.435","0a50ca16-4755-428c-831c-5c2c84f5ab6f","[PREMIUM]","Used",2024,"Porsche","911","Carrera S","[PREMIUM]","[PREMIUM]",6110,"Coupe","Jet Black Metallic","Black","Rear-wheel Drive",,,"Gasoline",,,"dealership","[PREMIUM]","West Palm Beach","FL","[PREMIUM]",,"[]",,,"[PREMIUM]"
"f0f2121c-a3e9-4a53-9fe8-52ea2e91da3c","2026-05-29 22:04:17.429","2026-05-29 22:04:17.429","f0f2121c-a3e9-4a53-9fe8-52ea2e91da3c","[PREMIUM]","Used",2024,"Porsche","911","Targa 4 GTS","[PREMIUM]","[PREMIUM]",9200,"Coupe","Aventurine Green Metallic","Truffle Brown","All-wheel Drive",,,"Gasoline",,,"dealership","[PREMIUM]","West Palm Beach","FL","[PREMIUM]",,"[]",,,"[PREMIUM]"
"cbe5872d-5c29-4b08-9371-fa030dd2ddba","2026-05-29 22:04:17.408","2026-06-01 22:04:23.545","cbe5872d-5c29-4b08-9371-fa030dd2ddba","[PREMIUM]","Used",2024,"Porsche","911","Turbo S","[PREMIUM]","[PREMIUM]",3359,"Coupe","Carmine Red","Mojave Beige","All-wheel Drive",,,"Gasoline",,,"dealership","[PREMIUM]","San Antonio","TX","[PREMIUM]",,"[]",,,"[PREMIUM]"
"675dc671-9335-41c5-8599-79c6577709e1","2026-05-29 22:04:17.400","2026-05-29 22:04:17.400","675dc671-9335-41c5-8599-79c6577709e1","[PREMIUM]","Used",2024,"Porsche","911","Carrera","[PREMIUM]","[PREMIUM]",2742,"Coupe","Agate Gray Metallic","Black","Rear-wheel Drive",,,"Gasoline",,,"dealership","[PREMIUM]","West Palm Beach","FL","[PREMIUM]",,"[]",,,"[PREMIUM]"
"bd657bbe-2efb-46d4-b150-50dbb82b9c8b","2026-05-29 22:04:17.400","2026-05-29 22:04:17.400","bd657bbe-2efb-46d4-b150-50dbb82b9c8b","[PREMIUM]","Used",2024,"BMW","X5 M","Base","[PREMIUM]","[PREMIUM]",12481,"SUV","Green Metallic","Beige","All-wheel Drive",,,"Gasoline",,,"dealership","[PREMIUM]","Fort Lauderdale","FL","[PREMIUM]",,"[]",,,"[PREMIUM]"
"26978a15-721b-4cc6-bdd6-e07752080956","2026-05-29 22:04:17.395","2026-05-29 22:04:17.395","26978a15-721b-4cc6-bdd6-e07752080956","[PREMIUM]","Used",2024,"Porsche","911","Carrera T","[PREMIUM]","[PREMIUM]",7082,"Coupe","Ruby","Black","Rear-wheel Drive",,,"Gasoline",,,"dealership","[PREMIUM]","West Palm Beach","FL","[PREMIUM]",,"[]",,,"[PREMIUM]"
"64c9658c-0e70-45a4-a527-bb78176cae7a","2026-05-29 22:04:17.395","2026-05-29 22:04:17.395","64c9658c-0e70-45a4-a527-bb78176cae7a","[PREMIUM]","Used",2024,"Porsche","911","Carrera GTS","[PREMIUM]","[PREMIUM]",2876,"Coupe","Gentian Blue Metallic","Black","Rear-wheel Drive",,,"Gasoline",,,"dealership","[PREMIUM]","West Palm Beach","FL","[PREMIUM]",,"[]",,,"[PREMIUM]"
"04543030-c7c2-46b7-ba1d-5c1837a15871","2026-05-29 22:04:17.392","2026-06-01 22:04:23.558","04543030-c7c2-46b7-ba1d-5c1837a15871","[PREMIUM]","Used",2024,"Cadillac","Escalade","V-Series","[PREMIUM]","[PREMIUM]",5736,"SUV","Crystal White Tri-Coat","Jet Black","All-wheel Drive",,,"Gasoline",,,"dealership","[PREMIUM]","Mahwah","NJ","[PREMIUM]",,"[]",,,"[PREMIUM]"
"4ce580f5-fcd8-4a54-8634-d3c989cb5060","2026-05-29 22:04:17.383","2026-05-29 22:04:17.383","4ce580f5-fcd8-4a54-8634-d3c989cb5060","[PREMIUM]","Used",2024,"Chevrolet","Corvette","Z06","[PREMIUM]","[PREMIUM]",8091,"Coupe","Rapid Blue","Tension Blue/Twilight Blue Dipped","Rear-wheel Drive",,,"Gasoline",,,"dealership","[PREMIUM]","Joliet","IL","[PREMIUM]",,"[]",,,"[PREMIUM]"
"2fb1c175-e39d-4435-b0af-b6b9a37d3a91","2026-05-29 22:04:17.380","2026-05-29 22:04:17.380","2fb1c175-e39d-4435-b0af-b6b9a37d3a91","[PREMIUM]","Used",2025,"Lamborghini","Urus","SE","[PREMIUM]","[PREMIUM]",10958,"SUV","Nero Helene Metallic","Nero Ade","All-wheel Drive",,,"Gasoline",,,"dealership","[PREMIUM]","Las Vegas","NV","[PREMIUM]",,"[]",,,"[PREMIUM]"
"534f9b04-c37c-4003-a719-964c5252a910","2026-05-29 22:04:17.357","2026-05-29 22:04:17.357","534f9b04-c37c-4003-a719-964c5252a910","[PREMIUM]","Used",2024,"Land Rover","Range Rover","P615 SV","[PREMIUM]","[PREMIUM]",1913,"SUV","Eiger Grey","Ebony/Ebony Interior","All-wheel Drive",,,"Gasoline",,,"dealership","[PREMIUM]","Ventura","CA","[PREMIUM]",,"[]",,,"[PREMIUM]"
"4d76a23c-59fd-42ce-bf51-87972c06407b","2026-05-29 22:04:17.343","2026-05-29 22:04:17.343","4d76a23c-59fd-42ce-bf51-87972c06407b","[PREMIUM]","Used",2024,"Porsche","911","Targa 4S","[PREMIUM]","[PREMIUM]",2568,"Coupe","Arctic Grey","Black","All-wheel Drive",,,"Gasoline",,,"dealership","[PREMIUM]","Littleton","CO","[PREMIUM]",,"[]",,,"[PREMIUM]"
"65a0a639-7845-47c1-a8d4-4f3fdc2ad6b1","2026-05-29 22:04:17.337","2026-05-29 22:04:17.337","65a0a639-7845-47c1-a8d4-4f3fdc2ad6b1","[PREMIUM]","Used",2025,"Ferrari","296 GTS",,"[PREMIUM]","[PREMIUM]",190,"Convertible","Verde Zeltweg","Cuoio","Rear-wheel Drive",,,"Gasoline",,,"dealership","[PREMIUM]","West Palm Beach","FL","[PREMIUM]",,"[]",,,"[PREMIUM]"
"62a980e3-b139-43dd-94d8-5dcf0f8c1afe","2026-05-29 22:04:17.328","2026-05-29 22:04:17.328","62a980e3-b139-43dd-94d8-5dcf0f8c1afe","[PREMIUM]","Used",2024,"Audi","RS 6 Avant","4.0T","[PREMIUM]","[PREMIUM]",11917,"Wagon","EXCLUSIVE PAINT","EXCLUSIVE INTERIOR","All-wheel Drive",,,"Gasoline",,,"dealership","[PREMIUM]","Joliet","IL","[PREMIUM]",,"[]",,,"[PREMIUM]"
"78034cc9-1e45-47c6-ac07-be5809acc4e4","2026-05-29 22:04:17.320","2026-05-29 22:04:17.320","78034cc9-1e45-47c6-ac07-be5809acc4e4","[PREMIUM]","Used",2024,"Audi","RS Q8","4.0T","[PREMIUM]","[PREMIUM]",15869,"SUV","Satellite Silver Metallic","Cognac","All-wheel Drive",,,"Gasoline",,,"dealership","[PREMIUM]","Salt Lake City","UT","[PREMIUM]",,"[]",,,"[PREMIUM]"
"fbcf7117-7233-4ecc-8bc5-a96d41d1e302","2026-05-29 22:04:17.318","2026-05-29 22:04:17.318","fbcf7117-7233-4ecc-8bc5-a96d41d1e302","[PREMIUM]","Used",2024,"McLaren","750S","Base","[PREMIUM]","[PREMIUM]",4209,"Convertible","Papaya Spark","Carbon Black","Rear-wheel Drive",,,"Gasoline",,,"dealership","[PREMIUM]","West Chester","PA","[PREMIUM]",,"[]",,,"[PREMIUM]"
"8d52bfc6-15e4-4f30-8069-2b1994023270","2026-05-29 22:04:17.314","2026-05-29 22:04:17.314","8d52bfc6-15e4-4f30-8069-2b1994023270","[PREMIUM]","Used",2024,"Land Rover","Range Rover Sport","EDITION ONE","[PREMIUM]","[PREMIUM]",7704,"SUV","Flux Silver In Gloss Finish","Light Cloud/Ebony","Four-wheel Drive",,,"Gasoline",,,"dealership","[PREMIUM]","Littleton","CO","[PREMIUM]",,"[]",,,"[PREMIUM]"
"a134cd69-a9e7-4003-a20b-4e27c5803bb5","2026-05-29 22:04:17.309","2026-05-29 22:04:17.309","a134cd69-a9e7-4003-a20b-4e27c5803bb5","[PREMIUM]","New",2024,"Jaguar","F-TYPE","P575 R75","[PREMIUM]","[PREMIUM]",64,"Coupe","Santorini Black","Tan","AWD",,,"Gasoline",,,"dealership","[PREMIUM]","Clear Lake","TX","[PREMIUM]",,"[]",,,"[PREMIUM]"
"70a9e580-622a-4e5b-ae1d-71670c74e7d3","2026-05-29 22:04:17.308","2026-05-29 22:04:17.308","70a9e580-622a-4e5b-ae1d-71670c74e7d3","[PREMIUM]","Used",2024,"Mercedes-Benz","AMG S 63 E","Base","[PREMIUM]","[PREMIUM]",4922,"Sedan","Black","Black","All-wheel Drive",,,"Hybrid",,,"dealership","[PREMIUM]","Littleton","CO","[PREMIUM]",,"[]",,,"[PREMIUM]"
"d8d6a3b5-0bfd-4557-b0f6-2ea31b1eb3a7","2026-05-29 22:03:56.162","2026-05-29 22:03:56.162","d8d6a3b5-0bfd-4557-b0f6-2ea31b1eb3a7","[PREMIUM]","Used",2025,"Porsche","Taycan","Turbo","[PREMIUM]","[PREMIUM]",3266,"Sedan","Blue",,"All-wheel Drive",,,"Electric",,,"dealership","[PREMIUM]","Santa Clara","CA","[PREMIUM]",,"[]",,,"[PREMIUM]"
"2c7fa772-4bb4-4180-902f-44b1da76ee75","2026-05-29 22:03:56.073","2026-05-29 22:03:56.073","2c7fa772-4bb4-4180-902f-44b1da76ee75","[PREMIUM]","Used",2025,"Cadillac","Escalade","Sport Platinum","[PREMIUM]","[PREMIUM]",2105,"SUV","Crystal White Tricoat","Jet Black","Four-wheel Drive",,,"Gasoline",,,"dealership","[PREMIUM]","Arlington","TX","[PREMIUM]",,"[]",,,"[PREMIUM]"
"a11512c1-966c-40d6-9b62-e237748990b0","2026-05-29 22:03:56.059","2026-05-29 22:03:56.059","a11512c1-966c-40d6-9b62-e237748990b0","[PREMIUM]","Used",2025,"Porsche","911","Targa 4 GTS","[PREMIUM]","[PREMIUM]",2198,"Coupe","Chalk","Bordeaux Red","All-wheel Drive",,,"Hybrid",,,"dealership","[PREMIUM]","Charleston","SC","[PREMIUM]",,"[]",,,"[PREMIUM]"
"879bb650-fc13-45fb-b6d1-054f929f5edf","2026-05-29 22:03:45.913","2026-06-01 22:04:03.330","879bb650-fc13-45fb-b6d1-054f929f5edf","[PREMIUM]","Used",2025,"Chevrolet","Corvette","Z06","[PREMIUM]","[PREMIUM]",51,"Convertible","Torch Red","Adrenaline Red","Rear-wheel Drive",,,"Gasoline",,,"dealership","[PREMIUM]","Jacksonville","FL","[PREMIUM]",,"[]",,,"[PREMIUM]"
"1923f656-8dc6-46c9-a096-568b8cc4ca51","2026-05-29 22:03:45.856","2026-06-01 22:04:03.282","1923f656-8dc6-46c9-a096-568b8cc4ca51","[PREMIUM]","Used",2025,"Land Rover","Range Rover","P530 SE","[PREMIUM]","[PREMIUM]",4120,"SUV","Varesine Blue","Perlino/ Perlino","All-wheel Drive",,,"Gasoline",,,"dealership","[PREMIUM]","Wayne","PA","[PREMIUM]",,"[]",,,"[PREMIUM]"
"3bacb3b0-a6d1-481e-8503-ec55db0e446f","2026-05-29 22:03:15.650","2026-05-29 22:03:15.650","3bacb3b0-a6d1-481e-8503-ec55db0e446f","[PREMIUM]","Used",2025,"Land Rover","Range Rover","P530 SE","[PREMIUM]","[PREMIUM]",20640,"SUV","Gray","Ebony","All-wheel Drive",,,"Gasoline",,,"dealership","[PREMIUM]","Waukesha","WI","[PREMIUM]",,"[]",,,"[PREMIUM]"
"01b6c130-3201-43d6-b8a9-a58c471679e5","2026-05-29 22:02:05.515","2026-06-01 22:02:21.689","01b6c130-3201-43d6-b8a9-a58c471679e5","[PREMIUM]","Used",2025,"BMW","X5 M","Competition","[PREMIUM]","[PREMIUM]",14560,"SUV","Metallic","Black","All-wheel Drive",,,"Gasoline",,,"dealership","[PREMIUM]","Lubbock","TX","[PREMIUM]",,"[]",,,"[PREMIUM]"
"c5de085e-c381-4677-b7c4-c8e8fd32c11c","2026-05-29 22:01:45.358","2026-06-01 22:02:01.136","c5de085e-c381-4677-b7c4-c8e8fd32c11c","[PREMIUM]","Used",2025,"Cadillac","Escalade","Sport Platinum","[PREMIUM]","[PREMIUM]",30801,"SUV","Crystal White Tri-Coat","Jet Black","Four-wheel Drive",,,"Gasoline",,,"dealership","[PREMIUM]","Troy","MI","[PREMIUM]",,"[]",,,"[PREMIUM]"
"0bfc72b2-97f4-47b5-89d6-f68197e05972","2026-05-29 22:01:45.342","2026-06-01 22:02:01.134","0bfc72b2-97f4-47b5-89d6-f68197e05972","[PREMIUM]","Used",2025,"Ferrari","12Cilindri",,"[PREMIUM]","[PREMIUM]",1805,"Coupe","Azzurro La Plata","Grigio Chiaro","Rear-wheel Drive",,,"Gasoline",,,"dealership","[PREMIUM]","Spring Valley","NY","[PREMIUM]",,"[]",,,"[PREMIUM]"
"016169d2-6deb-42fb-befe-d8ef2f1849b8","2026-05-29 22:01:45.282","2026-05-29 22:01:45.282","016169d2-6deb-42fb-befe-d8ef2f1849b8","[PREMIUM]","Used",2025,"Ferrari","12Cilindri",".","[PREMIUM]","[PREMIUM]",51,"Coupe","Azzurro La Plata","BROWN","Rear-wheel Drive",,,"Gasoline",,,"dealership","[PREMIUM]","Houston","TX","[PREMIUM]",,"[]",,,"[PREMIUM]"
"3a787533-f2ce-4363-b365-40545ddeeaf2","2026-05-29 22:00:05.216","2026-05-29 22:00:05.216","3a787533-f2ce-4363-b365-40545ddeeaf2","[PREMIUM]","Used",2025,"Mercedes-Benz","Maybach GLS 600","4MATIC","[PREMIUM]","[PREMIUM]",11334,"SUV","Obsidian Black Metallic","Black Pearl","All-wheel Drive",,,"Gasoline",,,"dealership","[PREMIUM]","North Olmsted","OH","[PREMIUM]",,"[]",,,"[PREMIUM]"
"7af2b181-1d37-45bc-a806-ea152f0df605","2026-05-29 21:58:34.929","2026-05-29 21:58:34.929","7af2b181-1d37-45bc-a806-ea152f0df605","[PREMIUM]","Used",2025,"Cadillac","Escalade IQ","Luxury 2","[PREMIUM]","[PREMIUM]",6568,"SUV","Black Raven","Blue","AWD",,,"Electric",,,"dealership","[PREMIUM]","STILLWATER","OK","[PREMIUM]",,"[]",,,"[PREMIUM]"
"4e7f2d21-ba21-4de2-93b0-165b2b2eb84f","2026-05-29 21:58:34.904","2026-05-29 21:58:34.904","4e7f2d21-ba21-4de2-93b0-165b2b2eb84f","[PREMIUM]","Used",2025,"Porsche","Panamera","4","[PREMIUM]","[PREMIUM]",5200,"Hatchback","Frozen Blue","Black","All-wheel Drive",,,"Gasoline",,,"dealership","[PREMIUM]","Oklahoma City","OK","[PREMIUM]",,"[]",,,"[PREMIUM]"
"40002696-d995-4295-9efa-86ad5f35653c","2026-05-29 21:58:34.856","2026-05-29 21:58:34.856","40002696-d995-4295-9efa-86ad5f35653c","[PREMIUM]","New",2026,"GMC","Yukon","Denali Ultimate","[PREMIUM]","[PREMIUM]",5,"SUV","Glacier White Tricoat","Woodland Mahogany","Four-wheel Drive",,,"Gasoline",,,"dealership","[PREMIUM]","McKinney","TX","[PREMIUM]",,"[]",,,"[PREMIUM]"
"3019aa89-d8a9-417f-ad17-d4e6f1ba56c3","2026-05-29 21:58:34.835","2026-06-01 21:58:59.978","3019aa89-d8a9-417f-ad17-d4e6f1ba56c3","[PREMIUM]","Used",2025,"Cadillac","Escalade IQ","Sport 2","[PREMIUM]","[PREMIUM]",5006,"SUV","Metallic","Blue","All-wheel Drive",,,"Electric",,,"dealership","[PREMIUM]","Danbury","CT","[PREMIUM]",,"[]",,,"[PREMIUM]"
"a863610c-dfa9-4882-b508-52ce0decc0ed","2026-05-29 21:58:34.784","2026-06-01 21:59:00.034","a863610c-dfa9-4882-b508-52ce0decc0ed","[PREMIUM]","Used",2025,"Porsche","911","GT3 RS","[PREMIUM]","[PREMIUM]",2982,"Coupe","White","Black","Rear-wheel Drive",,,"Gasoline",,,"dealership","[PREMIUM]","West Palm Beach","FL","[PREMIUM]",,"[]",,,"[PREMIUM]"
"7c4b8db7-47e6-4d13-8eaa-32df965cf4d3","2026-05-29 21:58:34.774","2026-05-29 21:58:34.774","7c4b8db7-47e6-4d13-8eaa-32df965cf4d3","[PREMIUM]","Used",2025,"Porsche","911","Carrera","[PREMIUM]","[PREMIUM]",3374,"Coupe","Gray Metallic","Night Blue","Rear-wheel Drive",,,"Gasoline",,,"dealership","[PREMIUM]","West Palm Beach","FL","[PREMIUM]",,"[]",,,"[PREMIUM]"
"1aa0c635-3d20-4853-bb58-e63e1a648945","2026-05-29 21:58:34.772","2026-06-01 21:59:10.257","1aa0c635-3d20-4853-bb58-e63e1a648945","[PREMIUM]","New",2026,"Lincoln","Navigator L","Reserve","[PREMIUM]","[PREMIUM]",10,"SUV","White Metallic","Black Onyx","Four-wheel Drive",,,"Gasoline",,,"dealership","[PREMIUM]","Georgetown","TX","[PREMIUM]",,"[]",,,"[PREMIUM]"
"b1cf80c1-1690-484b-82c1-dc8f3fe58e51","2026-05-29 21:58:34.749","2026-05-29 21:58:34.749","b1cf80c1-1690-484b-82c1-dc8f3fe58e51","[PREMIUM]","Used",2025,"Porsche","911","Turbo S","[PREMIUM]","[PREMIUM]",1098,"Coupe","GT Silver Metallic","Graphite Blue","All-wheel Drive",,,"Gasoline",,,"dealership","[PREMIUM]","West Palm Beach","FL","[PREMIUM]",,"[]",,,"[PREMIUM]"
"bfb717b2-578e-493e-a174-4750cf1c2a2c","2026-05-29 21:58:34.746","2026-05-29 21:58:34.746","bfb717b2-578e-493e-a174-4750cf1c2a2c","[PREMIUM]","Used",2025,"Mercedes-Benz","AMG G 63","4MATIC","[PREMIUM]","[PREMIUM]",11800,"SUV","Platinum","Red Pepper","All-wheel Drive",,,"Gasoline",,,"dealership","[PREMIUM]","Orlando","FL","[PREMIUM]",,"[]",,,"[PREMIUM]"
"57732894-f757-4e11-a007-458e06758905","2026-05-29 21:58:34.712","2026-05-29 21:58:34.712","57732894-f757-4e11-a007-458e06758905","[PREMIUM]","Used",2025,"Cadillac","Escalade ESV","Sport","[PREMIUM]","[PREMIUM]",9374,"SUV","Black Raven","Black","4WD",,,"Gasoline",,,"dealership","[PREMIUM]","STILLWATER","OK","[PREMIUM]",,"[]",,,"[PREMIUM]"
"63f2bcc1-b7be-47df-be53-40e4ba1f766a","2026-05-29 21:58:24.160","2026-05-29 21:58:24.160","63f2bcc1-b7be-47df-be53-40e4ba1f766a","[PREMIUM]","New",2026,"Mercedes-Benz","G-Class","G 550 4MATIC","[PREMIUM]","[PREMIUM]",13,"SUV","designo Magno Night Black","Saddle","All-wheel Drive",,,"Gasoline",,,"dealership","[PREMIUM]","Columbus","OH","[PREMIUM]",,"[]",,,"[PREMIUM]"
"34f651a0-22b6-4a38-80f2-1e4da5ddb2bc","2026-05-29 21:58:24.107","2026-06-01 21:59:10.318","34f651a0-22b6-4a38-80f2-1e4da5ddb2bc","[PREMIUM]","New",2026,"Mercedes-Benz","AMG GT 63","Base","[PREMIUM]","[PREMIUM]",23,"Coupe","Obsidian Black Metallic","Crystal White/Black","All-wheel Drive",,,"Gasoline",,,"dealership","[PREMIUM]","Peoria","AZ","[PREMIUM]",,"[]",,,"[PREMIUM]"
"de058577-f0c1-49b2-b690-5cda0ba77779","2026-05-29 21:58:13.948","2026-05-29 21:58:13.948","de058577-f0c1-49b2-b690-5cda0ba77779","[PREMIUM]","New",2026,"Ford","F-250","ROUSH","[PREMIUM]","[PREMIUM]",1,"Truck","Glacier Gray Metallic","Black Onyx","Four-wheel Drive",,,"Diesel",,,"dealership","[PREMIUM]","Dallas","TX","[PREMIUM]",,"[]",,,"[PREMIUM]"
"e7d634b8-16cc-4ea5-956f-3ca0b4f4d4ab","2026-05-29 21:58:13.914","2026-05-29 21:58:13.914","e7d634b8-16cc-4ea5-956f-3ca0b4f4d4ab","[PREMIUM]","New",2026,"Lincoln","Navigator","Reserve","[PREMIUM]","[PREMIUM]",10,"SUV","Gray Mist Metallic","Black Onyx","Four-wheel Drive",,,"Gasoline",,,"dealership","[PREMIUM]","Georgetown","TX","[PREMIUM]",,"[]",,,"[PREMIUM]"
"a4579e3a-3e03-4769-be37-619e733f6de4","2026-05-29 21:58:13.897","2026-05-29 21:58:13.897","a4579e3a-3e03-4769-be37-619e733f6de4","[PREMIUM]","New",2026,"Land Rover","Range Rover Sport","P460e Dynamic SE","[PREMIUM]","[PREMIUM]",1,"SUV","Fuji White","Caraway/ Ebony","AWD",,,"Hybrid",,,"dealership","[PREMIUM]","Eatontown","NJ","[PREMIUM]",,"[]",,,"[PREMIUM]"
"2745988d-d3f6-4893-923f-43f074bc59eb","2026-05-29 21:58:13.896","2026-05-29 21:58:13.896","2745988d-d3f6-4893-923f-43f074bc59eb","[PREMIUM]","New",2026,"Cadillac","Escalade","4WD Luxury","[PREMIUM]","[PREMIUM]",0,"SUV","Galactic Gray Metallic","Brandy","4WD",,,"Gasoline",,,"dealership","[PREMIUM]","Chamblee","GA","[PREMIUM]",,"[]",,,"[PREMIUM]"
"767a78ee-3d1c-4a6b-a5a5-1cca81e4e843","2026-05-29 21:58:13.846","2026-05-29 21:58:13.846","767a78ee-3d1c-4a6b-a5a5-1cca81e4e843","[PREMIUM]","New",2026,"Porsche","Cayenne","Cayenne","[PREMIUM]","[PREMIUM]",0,"SUV","Chromite Black Metallic","Leather Interior in Black/Magnesium Grey","All-wheel Drive",,,"Electric",,,"dealership","[PREMIUM]","El Paso","TX","[PREMIUM]",,"[]",,,"[PREMIUM]"
"031e5c12-5afa-4293-b22c-68b940d36364","2026-05-29 21:58:13.843","2026-05-29 21:58:13.843","031e5c12-5afa-4293-b22c-68b940d36364","[PREMIUM]","New",2026,"Mercedes-Benz","EQS 400","Eqs 400 4matic","[PREMIUM]","[PREMIUM]",0,"SUV","MANUFAKTUR Patagonia Red Metallic","Macchiato Beige / Space Grey Leather","All-wheel Drive",,,"Electric",,,"dealership","[PREMIUM]","Arlington","VA","[PREMIUM]",,"[]",,,"[PREMIUM]"
"1c71489f-1b13-462b-af8e-8db49e288d83","2026-05-29 21:58:13.814","2026-05-29 21:58:13.814","1c71489f-1b13-462b-af8e-8db49e288d83","[PREMIUM]","New",2026,"Audi","RS Q8","performance","[PREMIUM]","[PREMIUM]",15,"SUV","Blue Metallic","Black","AWD",,,"Gasoline",,,"dealership","[PREMIUM]","Rockville","MD","[PREMIUM]",,"[]",,,"[PREMIUM]"
"93d4c6a6-4a31-4968-843c-c8a61243c6d9","2026-05-29 21:58:13.813","2026-05-29 21:58:13.813","93d4c6a6-4a31-4968-843c-c8a61243c6d9","[PREMIUM]","Used",2026,"Cadillac","Escalade ESV","V-Series","[PREMIUM]","[PREMIUM]",9816,"SUV","Aegean Stone","Jet Black","All-wheel Drive",,,"Gasoline",,,"dealership","[PREMIUM]","Joliet","IL","[PREMIUM]",,"[]",,,"[PREMIUM]"
"f9a0e127-673e-4515-843a-3f1c4ebe2714","2026-05-29 21:58:13.813","2026-05-29 21:58:13.813","f9a0e127-673e-4515-843a-3f1c4ebe2714","[PREMIUM]","New",2026,"Ford","Mustang","Shelby GT350","[PREMIUM]","[PREMIUM]",,"Coupe","Race Red","Black Onyx","Rear-wheel Drive",,,"Gasoline",,,"dealership","[PREMIUM]","Delavan","WI","[PREMIUM]",,"[]",,,"[PREMIUM]"
"6482a291-37b6-4a0d-a0be-20765b6edf08","2026-05-29 21:58:13.812","2026-06-01 21:58:19.601","6482a291-37b6-4a0d-a0be-20765b6edf08","[PREMIUM]","New",2026,"Ford","Mustang","GT Premium","[PREMIUM]","[PREMIUM]",,"Convertible","Orange Fury","Black Onyx","Rear-wheel Drive",,,"Gasoline",,,"dealership","[PREMIUM]","Delavan","WI","[PREMIUM]",,"[]",,,"[PREMIUM]"
"fb178e82-5619-4603-8582-44ad3e1982f5","2026-05-29 21:58:13.810","2026-06-01 21:58:19.486","fb178e82-5619-4603-8582-44ad3e1982f5","[PREMIUM]","Used",2026,"Cadillac","Escalade","V-Series","[PREMIUM]","[PREMIUM]",2046,"SUV","Black Raven","Jet Black","All-wheel Drive",,,"Gasoline",,,"dealership","[PREMIUM]","Joliet","IL","[PREMIUM]",,"[]",,,"[PREMIUM]"
"bc7fedfb-6070-4ea3-928a-bf6a6fd69a0c","2026-05-29 21:58:13.798","2026-05-29 21:58:13.798","bc7fedfb-6070-4ea3-928a-bf6a6fd69a0c","[PREMIUM]","New",2026,"Lincoln","Navigator L","Reserve","[PREMIUM]","[PREMIUM]",5,"SUV","Black Metallic","Black Onyx","Four-wheel Drive",,,"Gasoline",,,"dealership","[PREMIUM]","Doral","FL","[PREMIUM]",,"[]",,,"[PREMIUM]"
"8cea03e7-922a-43bc-988c-0d0f403dbd58","2026-05-29 21:58:03.560","2026-05-29 21:58:03.560","8cea03e7-922a-43bc-988c-0d0f403dbd58","[PREMIUM]","New",2026,"Lexus","LX 700h","Luxury","[PREMIUM]","[PREMIUM]",19,"SUV","Black","Black","4WD",,,"Hybrid",,,"dealership","[PREMIUM]","Glen Cove","NY","[PREMIUM]",,"[]",,,"[PREMIUM]"
"796ed94a-19c4-42a0-9676-05aafb5b3fc6","2026-05-29 21:58:03.290","2026-05-29 21:58:03.290","796ed94a-19c4-42a0-9676-05aafb5b3fc6","[PREMIUM]","New",2026,"Porsche","911","Carrera GTS","[PREMIUM]","[PREMIUM]",15,"Coupe","JET BLACK MET","Truffle Brown","Rear-wheel Drive",,,"Gasoline",,,"dealership","[PREMIUM]","Rocklin","CA","[PREMIUM]",,"[]",,,"[PREMIUM]"
"70125438-1ee3-4ff3-b23a-87ea23a16480","2026-05-29 21:58:03.281","2026-05-29 21:58:03.281","70125438-1ee3-4ff3-b23a-87ea23a16480","[PREMIUM]","New",2026,"BMW","740","xDrive","[PREMIUM]","[PREMIUM]",4,"Sedan","Carbon Black Metallic","Amarone","All-wheel Drive",,,"Gasoline",,,"dealership","[PREMIUM]","Bloomfield","NJ","[PREMIUM]",,"[]",,,"[PREMIUM]"
"fd0301d0-7006-490a-9075-f0c63dbf9198","2026-05-29 21:58:03.264","2026-05-29 21:58:03.264","fd0301d0-7006-490a-9075-f0c63dbf9198","[PREMIUM]","New",2026,"Lexus","LX 700h","Luxury","[PREMIUM]","[PREMIUM]",0,"SUV","Eminent White Pearl","Palomino","Four Wheel Drive",,,"Regular unleaded",,,"dealership","[PREMIUM]","Murray","UT","[PREMIUM]",,"[]",,,"[PREMIUM]"
"674f68d4-f3c6-42cb-a9c7-44519cad36ee","2026-05-29 21:58:03.253","2026-06-01 21:58:19.605","674f68d4-f3c6-42cb-a9c7-44519cad36ee","[PREMIUM]","New",2026,"Mercedes-Benz","GLS 450","4MATIC","[PREMIUM]","[PREMIUM]",10,"SUV","MANUFAKTUR Alpine Grey","Black Leather","All-wheel Drive",,,"Gasoline",,,"dealership","[PREMIUM]","Fresno","CA","[PREMIUM]",,"[]",,,"[PREMIUM]"
"4b630f47-bc03-4cd9-b4dd-36e16d6dfb80","2026-05-29 21:58:03.230","2026-05-29 21:58:03.230","4b630f47-bc03-4cd9-b4dd-36e16d6dfb80","[PREMIUM]","New",2026,"Ford","F-150","Raptor","[PREMIUM]","[PREMIUM]",7,"Truck","Agate Black Metallic","Black","4WD",,,"Gasoline",,,"dealership","[PREMIUM]","Salisbury","MD","[PREMIUM]",,"[]",,,"[PREMIUM]"
"dcdac270-9105-4e1a-9606-af114729ff7e","2026-05-29 21:58:03.229","2026-05-29 21:58:03.229","dcdac270-9105-4e1a-9606-af114729ff7e","[PREMIUM]","New",2026,"Ford","F-150","Raptor","[PREMIUM]","[PREMIUM]",0,"Truck","Avalanche","Recaro Blk Lth Trimmed Seat","Four-wheel Drive",,,"Gasoline",,,"dealership","[PREMIUM]","Dayton","OH","[PREMIUM]",,"[]",,,"[PREMIUM]"
"989101cd-d86b-4576-94e1-80018537b71a","2026-05-29 21:58:03.213","2026-06-01 21:58:19.571","989101cd-d86b-4576-94e1-80018537b71a","[PREMIUM]","New",2026,"Chevrolet","Corvette","ZR1","[PREMIUM]","[PREMIUM]",0,"Convertible","Arctic White","Jet Black","Rear-wheel Drive",,,"Gasoline",,,"dealership","[PREMIUM]","Orlando","FL","[PREMIUM]",,"[]",,,"[PREMIUM]"
"d9a5e81e-a7f0-4e50-95e2-389561342cd0","2026-05-29 21:58:03.192","2026-05-29 21:58:03.192","d9a5e81e-a7f0-4e50-95e2-389561342cd0","[PREMIUM]","New",2026,"Lexus","LX 700h","Luxury","[PREMIUM]","[PREMIUM]",0,"SUV","Caviar","White/Peppercorn","Four Wheel Drive",,,"Regular unleaded",,,"dealership","[PREMIUM]","Murray","UT","[PREMIUM]",,"[]",,,"[PREMIUM]"
"26dbee9e-fd55-426d-8802-b7b4bbb0e004","2026-05-29 21:58:03.189","2026-05-29 21:58:03.189","26dbee9e-fd55-426d-8802-b7b4bbb0e004","[PREMIUM]","New",2026,"Aston Martin","DBX","S","[PREMIUM]","[PREMIUM]",15,"SUV","Q Satin Aluminite Silver","Onyx Black w/Stitching in Silver","All-wheel Drive",,,"Gasoline",,,"dealership","[PREMIUM]","Fort Lauderdale","FL","[PREMIUM]",,"[]",,,"[PREMIUM]"
"4e81f7da-0125-4acf-aa42-30a0edef3f41","2026-05-29 21:58:03.186","2026-06-01 21:58:39.750","4e81f7da-0125-4acf-aa42-30a0edef3f41","[PREMIUM]","New",2026,"Mercedes-Benz","Maybach GLS 600","4MATIC","[PREMIUM]","[PREMIUM]",2,"SUV","Obsidian Black","MANUFAKTUR Carmine Red","All-wheel Drive",,,"Gasoline",,,"dealership","[PREMIUM]","Gilbert","AZ","[PREMIUM]",,"[]",,,"[PREMIUM]"
"cc5481de-a7fc-4084-b6ba-a3c01240f4e6","2026-05-29 21:58:03.175","2026-05-29 21:58:03.175","cc5481de-a7fc-4084-b6ba-a3c01240f4e6","[PREMIUM]","New",2026,"Chevrolet","Silverado 1500","RST","[PREMIUM]","[PREMIUM]",225,"Truck","Radiant Red Tintcoat","Jet Black","Four-wheel Drive",,,"Gasoline",,,"dealership","[PREMIUM]","Jacksonville","NC","[PREMIUM]",,"[]",,,"[PREMIUM]"
"e102ebfc-b69b-4df8-b1eb-d776136fe698","2026-05-29 21:57:52.728","2026-05-29 21:57:52.728","e102ebfc-b69b-4df8-b1eb-d776136fe698","[PREMIUM]","New",2026,"BMW","i7","xDrive60","[PREMIUM]","[PREMIUM]",0,"Sedan","Black Sapphire Metallic","Black","All-wheel Drive",,,"Electric",,,"dealership","[PREMIUM]","Camarillo","CA","[PREMIUM]",,"[]",,,"[PREMIUM]"
"eb7b6736-0d83-4b3e-af8d-e22b5ac640ad","2026-05-29 21:57:52.722","2026-05-29 21:57:52.722","eb7b6736-0d83-4b3e-af8d-e22b5ac640ad","[PREMIUM]","New",2026,"BMW","i7","xDrive60","[PREMIUM]","[PREMIUM]",0,"Sedan","490/Vctq","Tartufo","All-wheel Drive",,,"Electric",,,"dealership","[PREMIUM]","Camarillo","CA","[PREMIUM]",,"[]",,,"[PREMIUM]"
"1fc543de-da0a-4a4c-b807-b2da18cf9d03","2026-05-29 21:57:42.532","2026-05-29 21:57:42.532","1fc543de-da0a-4a4c-b807-b2da18cf9d03","[PREMIUM]","New",2026,"Cadillac","Escalade ESV","Platinum Sport","[PREMIUM]","[PREMIUM]",4,"SUV","Black Raven","Gray","4WD",,,"Gasoline",,,"dealership","[PREMIUM]","STILLWATER","OK","[PREMIUM]",,"[]",,,"[PREMIUM]"
"04ae371b-ceb1-49e4-9f6b-c099e3b07db2","2026-05-29 21:57:42.524","2026-05-29 21:57:42.524","04ae371b-ceb1-49e4-9f6b-c099e3b07db2","[PREMIUM]","Used",2026,"Cadillac","Escalade IQ","Premium Sport","[PREMIUM]","[PREMIUM]",8975,"SUV","Metal","Black","AWD",,,"Electric",,,"dealership","[PREMIUM]","STILLWATER","OK","[PREMIUM]",,"[]",,,"[PREMIUM]"
"437a4f87-25d5-4b47-821a-ec348afc3522","2026-05-29 21:57:32.408","2026-05-29 21:57:32.408","437a4f87-25d5-4b47-821a-ec348afc3522","[PREMIUM]","New",2026,"GMC","Yukon","AT4 Ultimate","[PREMIUM]","[PREMIUM]",4,"SUV","Midnight Pine","Obsidian Rush","4WD",,,"Gasoline",,,"dealership","[PREMIUM]","STILLWATER","OK","[PREMIUM]",,"[]",,,"[PREMIUM]"
"109f7fd0-3e8f-4ea1-a8d1-e32c8cbfe674","2026-05-29 21:57:32.379","2026-05-29 21:57:32.379","109f7fd0-3e8f-4ea1-a8d1-e32c8cbfe674","[PREMIUM]","New",2026,"Land Rover","Defender","110 X-Dynamic SE","[PREMIUM]","[PREMIUM]",14,"SUV","Santorini Black","Khaki / Ebony","AWD",,,"Gasoline",,,"dealership","[PREMIUM]","Clear Lake","TX","[PREMIUM]",,"[]",,,"[PREMIUM]"
"644fb57d-5d87-4143-86df-c813a771997d","2026-05-29 21:57:32.372","2026-05-29 21:57:32.372","644fb57d-5d87-4143-86df-c813a771997d","[PREMIUM]","New",2026,"Cadillac","Escalade IQL","Premium Sport","[PREMIUM]","[PREMIUM]",3618,"SUV","Black Raven","Blue","AWD",,,"Electric",,,"dealership","[PREMIUM]","STILLWATER","OK","[PREMIUM]",,"[]",,,"[PREMIUM]"
"da2d25b4-f1f2-4080-a124-41aad9081da6","2026-05-29 21:57:32.359","2026-05-29 21:57:32.359","da2d25b4-f1f2-4080-a124-41aad9081da6","[PREMIUM]","New",2026,"Cadillac","Escalade","Platinum Sport","[PREMIUM]","[PREMIUM]",7,"SUV","Vibrant White","Jet Black","4WD",,,"Gasoline",,,"dealership","[PREMIUM]","STILLWATER","OK","[PREMIUM]",,"[]",,,"[PREMIUM]"
"c60e9dbf-6ace-4f78-935d-125fc2f0e02e","2026-05-29 21:57:32.351","2026-05-29 21:57:32.351","c60e9dbf-6ace-4f78-935d-125fc2f0e02e","[PREMIUM]","New",2026,"Cadillac","Escalade","Sport","[PREMIUM]","[PREMIUM]",2,"SUV","Vibrant White","Jet Black","4WD",,,"Gasoline",,,"dealership","[PREMIUM]","STILLWATER","OK","[PREMIUM]",,"[]",,,"[PREMIUM]"
"e16ad64e-5d49-42b4-8090-f847f84e70cd","2026-05-29 21:57:32.343","2026-05-29 21:57:32.343","e16ad64e-5d49-42b4-8090-f847f84e70cd","[PREMIUM]","New",2026,"Cadillac","Escalade ESV","V-Series","[PREMIUM]","[PREMIUM]",2,"SUV","Black Raven","Jet Black","AWD",,,"Gasoline",,,"dealership","[PREMIUM]","STILLWATER","OK","[PREMIUM]",,"[]",,,"[PREMIUM]"
"4eb5aca5-ac5f-4844-b8d9-426d2263e92b","2026-05-29 21:57:32.326","2026-05-29 21:57:32.326","4eb5aca5-ac5f-4844-b8d9-426d2263e92b","[PREMIUM]","New",2026,"Cadillac","Escalade ESV","Platinum Sport","[PREMIUM]","[PREMIUM]",3621,"SUV","Vibrant White","Gray","4WD",,,"Gasoline",,,"dealership","[PREMIUM]","STILLWATER","OK","[PREMIUM]",,"[]",,,"[PREMIUM]"
"a970cfb5-94ad-4b56-865a-bc417293c6dd","2026-05-29 21:57:32.308","2026-05-29 21:57:32.308","a970cfb5-94ad-4b56-865a-bc417293c6dd","[PREMIUM]","New",2026,"Cadillac","Escalade","Platinum Sport","[PREMIUM]","[PREMIUM]",4,"SUV","Vibrant White","Whisper Beige","4WD",,,"Gasoline",,,"dealership","[PREMIUM]","STILLWATER","OK","[PREMIUM]",,"[]",,,"[PREMIUM]"
"10c8622c-2432-4299-863b-33a9e0de10f7","2026-05-29 21:57:32.304","2026-05-29 21:57:32.304","10c8622c-2432-4299-863b-33a9e0de10f7","[PREMIUM]","New",2026,"Cadillac","Escalade","Sport","[PREMIUM]","[PREMIUM]",4,"SUV","Vibrant White","Red","4WD",,,"Gasoline",,,"dealership","[PREMIUM]","STILLWATER","OK","[PREMIUM]",,"[]",,,"[PREMIUM]"
"662ce6a9-f36a-4ce1-89d8-32881f1a3e7d","2026-05-29 21:57:32.268","2026-05-29 21:57:32.268","662ce6a9-f36a-4ce1-89d8-32881f1a3e7d","[PREMIUM]","New",2026,"Jaguar","F-PACE","SVR 575 Edition","[PREMIUM]","[PREMIUM]",14,"SUV","Sorrento Yellow In Gloss Finish","Ebony / Ebony","AWD",,,"Gasoline",,,"dealership","[PREMIUM]","Clear Lake","TX","[PREMIUM]",,"[]",,,"[PREMIUM]"
"24e94472-6679-47fa-8be2-84c602ec1e55","2026-05-29 21:57:22.084","2026-06-01 21:57:38.626","24e94472-6679-47fa-8be2-84c602ec1e55","[PREMIUM]","New",2026,"GMC","Yukon XL","Denali Ultimate","[PREMIUM]","[PREMIUM]",3,"SUV","Glacier White Tricoat","Woodland Mahogany","Four-wheel Drive",,,"Diesel",,,"dealership","[PREMIUM]","Riverdale","UT","[PREMIUM]",,"[]",,,"[PREMIUM]"
"6daeb4da-9924-4ea8-ba36-718449ccd7ab","2026-05-29 21:57:22.078","2026-06-01 21:57:38.599","6daeb4da-9924-4ea8-ba36-718449ccd7ab","[PREMIUM]","New",2026,"GMC","Yukon","Denali Ultimate","[PREMIUM]","[PREMIUM]",3,"SUV","Sterling Metallic","Woodland Mahogany","Four-wheel Drive",,,"Gasoline",,,"dealership","[PREMIUM]","Riverdale","UT","[PREMIUM]",,"[]",,,"[PREMIUM]"
"8c149499-001f-4830-8a21-7e914d97a157","2026-05-29 21:57:11.920","2026-05-29 21:57:11.920","8c149499-001f-4830-8a21-7e914d97a157","[PREMIUM]","New",2026,"Porsche","Panamera","Base","[PREMIUM]","[PREMIUM]",10,"Sedan","Carrara White",,"Rear-wheel Drive",,,"Gasoline",,,"dealership","[PREMIUM]","West Palm Beach","FL","[PREMIUM]",,"[]",,,"[PREMIUM]"
"b921515c-707f-42b2-8833-41f92af4e2df","2026-05-29 21:57:11.916","2026-05-29 21:57:11.916","b921515c-707f-42b2-8833-41f92af4e2df","[PREMIUM]","New",2026,"Land Rover","Range Rover","P550e SE","[PREMIUM]","[PREMIUM]",14,"SUV","Eiger Grey","Ebony/ Ebony Interior","AWD",,,"Hybrid",,,"dealership","[PREMIUM]","Clear Lake","TX","[PREMIUM]",,"[]",,,"[PREMIUM]"
"140b9696-1420-411d-a93d-b771de0afa20","2026-05-29 21:57:11.888","2026-05-29 21:57:11.888","140b9696-1420-411d-a93d-b771de0afa20","[PREMIUM]","New",2026,"Cadillac","Escalade","4WD Luxury","[PREMIUM]","[PREMIUM]",,"SUV","Black Raven","Jet Black","Four-wheel Drive",,,"Gasoline",,,"dealership","[PREMIUM]","Mahwah","NJ","[PREMIUM]",,"[]",,,"[PREMIUM]"
"c627d655-62c5-457f-bf46-8677e146b02b","2026-05-29 21:56:41.680","2026-05-29 21:56:41.680","c627d655-62c5-457f-bf46-8677e146b02b","[PREMIUM]","New",2026,"Porsche","Macan","4S","[PREMIUM]","[PREMIUM]",14,"SUV","Gray",,"All-wheel Drive",,,"Electric",,,"dealership","[PREMIUM]","West Palm Beach","FL","[PREMIUM]",,"[]",,,"[PREMIUM]"
"5c5aa1aa-2e10-4f05-b951-22e9b950729e","2026-05-29 21:56:41.616","2026-05-29 21:56:41.616","5c5aa1aa-2e10-4f05-b951-22e9b950729e","[PREMIUM]","New",2026,"Mercedes-Benz","AMG GLE 63","S","[PREMIUM]","[PREMIUM]",10,"SUV","Black","Black","All-wheel Drive",,,"Gasoline",,,"dealership","[PREMIUM]","Littleton","CO","[PREMIUM]",,"[]",,,"[PREMIUM]"
"a06426d9-8c2c-46bd-8d8d-8e280c4cc54c","2026-05-29 21:56:41.592","2026-05-29 21:56:41.592","a06426d9-8c2c-46bd-8d8d-8e280c4cc54c","[PREMIUM]","New",2026,"Mercedes-Benz","AMG GLE 53","Base","[PREMIUM]","[PREMIUM]",10,"SUV","Alpine Gray","Macchiato Beige","All-wheel Drive",,,"Gasoline",,,"dealership","[PREMIUM]","Littleton","CO","[PREMIUM]",,"[]",,,"[PREMIUM]"
"5e6f46c6-331b-40dd-b206-ea39411c243e","2026-05-29 21:56:41.582","2026-05-29 21:56:41.582","5e6f46c6-331b-40dd-b206-ea39411c243e","[PREMIUM]","New",2026,"Mercedes-Benz","AMG GT 63","Base","[PREMIUM]","[PREMIUM]",10,"Coupe","Alpine Gray","Black","All-wheel Drive",,,"Gasoline",,,"dealership","[PREMIUM]","Littleton","CO","[PREMIUM]",,"[]",,,"[PREMIUM]"
"4f89974f-35fe-4a45-8138-79ce039d4ace","2026-05-29 21:56:41.541","2026-05-29 21:56:41.541","4f89974f-35fe-4a45-8138-79ce039d4ace","[PREMIUM]","Used",2026,"Porsche","Panamera","GTS","[PREMIUM]","[PREMIUM]",1391,"Hatchback","Jet Black Metallic","Black","All-wheel Drive",,,"Gasoline",,,"dealership","[PREMIUM]","West Palm Beach","FL","[PREMIUM]",,"[]",,,"[PREMIUM]"
"bbf9d6f2-9ae6-461c-bd9a-a0ac2c16dfff","2026-05-29 21:56:41.512","2026-06-01 21:56:58.268","bbf9d6f2-9ae6-461c-bd9a-a0ac2c16dfff","[PREMIUM]","New",2026,"Mercedes-Benz","AMG GLE 63","S","[PREMIUM]","[PREMIUM]",12,"SUV","Twilight Blue Metallic","Macchiato Beige","All-wheel Drive",,,"Gasoline",,,"dealership","[PREMIUM]","Littleton","CO","[PREMIUM]",,"[]",,,"[PREMIUM]"
"48accf0a-8d84-47f3-ab76-24def49dc043","2026-05-29 21:56:31.314","2026-05-29 21:56:31.314","48accf0a-8d84-47f3-ab76-24def49dc043","[PREMIUM]","New",2026,"Audi","RS Q8","4.0T","[PREMIUM]","[PREMIUM]",5,"SUV","White",,"All-wheel Drive",,,"Gasoline",,,"dealership","[PREMIUM]","Lakewood","CO","[PREMIUM]",,"[]",,,"[PREMIUM]"
"5fce0f2d-320c-481a-aaa1-42d2a123902b","2026-05-29 21:56:31.047","2026-05-29 21:56:31.047","5fce0f2d-320c-481a-aaa1-42d2a123902b","[PREMIUM]","New",2026,"Mercedes-Benz","GLE 580","AWD 4MATIC","[PREMIUM]","[PREMIUM]",10,"SUV","Black","Macchiato","All-wheel Drive",,,"Gasoline",,,"dealership","[PREMIUM]","Littleton","CO","[PREMIUM]",,"[]",,,"[PREMIUM]"
"d7b649c7-d435-4e77-bf2d-1e2a37eb9d52","2026-05-29 21:56:31.043","2026-05-29 21:56:31.043","d7b649c7-d435-4e77-bf2d-1e2a37eb9d52","[PREMIUM]","New",2026,"Porsche","Cayenne","AWD","[PREMIUM]","[PREMIUM]",10,"SUV","Chalk",,"All-wheel Drive",,,"Gasoline",,,"dealership","[PREMIUM]","West Palm Beach","FL","[PREMIUM]",,"[]",,,"[PREMIUM]"
"2a163481-220d-4d26-b7ad-64e1e2b37bae","2026-05-29 21:56:31.038","2026-05-29 21:56:31.038","2a163481-220d-4d26-b7ad-64e1e2b37bae","[PREMIUM]","New",2026,"Porsche","Cayenne","Base","[PREMIUM]","[PREMIUM]",10,"SUV","Black Metallic",,"All-wheel Drive",,,"Gasoline",,,"dealership","[PREMIUM]","West Palm Beach","FL","[PREMIUM]",,"[]",,,"[PREMIUM]"
"daf6c533-c1c1-447a-b170-2d8f60f9f5d8","2026-05-29 21:56:31.038","2026-05-29 21:56:31.038","daf6c533-c1c1-447a-b170-2d8f60f9f5d8","[PREMIUM]","New",2026,"Porsche","Cayenne","Base","[PREMIUM]","[PREMIUM]",12,"SUV","Dolomite Gray",,"All-wheel Drive",,,"Gasoline",,,"dealership","[PREMIUM]","West Palm Beach","FL","[PREMIUM]",,"[]",,,"[PREMIUM]"
"fa635d70-8998-4a05-bc7f-ff48c308b48d","2026-05-29 21:56:31.031","2026-06-01 21:56:58.336","fa635d70-8998-4a05-bc7f-ff48c308b48d","[PREMIUM]","New",2026,"Chevrolet","Corvette","Z06","[PREMIUM]","[PREMIUM]",3,"Coupe","Arctic White","Adrenaline Red","Rear-wheel Drive",,,"Gasoline",,,"dealership","[PREMIUM]","Fenton","MO","[PREMIUM]",,"[]",,,"[PREMIUM]"
"64dc9f2e-861a-4048-913a-d8138df553ee","2026-05-29 21:56:31.030","2026-05-29 21:56:31.030","64dc9f2e-861a-4048-913a-d8138df553ee","[PREMIUM]","New",2026,"Cadillac","Escalade","Sport","[PREMIUM]","[PREMIUM]",0,"SUV","Black Raven","Red","4WD",,,"Gasoline",,,"dealership","[PREMIUM]","Dearborn","MI","[PREMIUM]",,"[]",,,"[PREMIUM]"
"e5f3a236-4fb3-4136-ad79-862c69396d80","2026-05-29 21:56:31.019","2026-05-29 21:56:31.019","e5f3a236-4fb3-4136-ad79-862c69396d80","[PREMIUM]","New",2026,"Porsche","Taycan","Base","[PREMIUM]","[PREMIUM]",15,"Sedan","White",,"Rear-wheel Drive",,,"Electric",,,"dealership","[PREMIUM]","West Palm Beach","FL","[PREMIUM]",,"[]",,,"[PREMIUM]"
"904c2ad2-d09e-4a13-aa09-b1f9b928035c","2026-05-29 21:56:31.013","2026-06-01 21:56:47.964","904c2ad2-d09e-4a13-aa09-b1f9b928035c","[PREMIUM]","New",2026,"Porsche","Macan",,"[PREMIUM]","[PREMIUM]",15,"SUV","Gray",,"All-wheel Drive",,,,,,"dealership","[PREMIUM]","West Palm Beach","FL","[PREMIUM]",,"[]",,,"[PREMIUM]"
"c7c4f39b-214c-48e9-b058-32dfb37df113","2026-05-29 21:56:30.986","2026-06-01 21:56:48.018","c7c4f39b-214c-48e9-b058-32dfb37df113","[PREMIUM]","New",2026,"INFINITI","QX80","AUTOGRAPH AWD","[PREMIUM]","[PREMIUM]",0,"SUV","Radiant White/Black Obsidian","Burgundy","Four-wheel Drive",,,"Gasoline",,,"dealership","[PREMIUM]","Aurora","CO","[PREMIUM]",,"[]",,,"[PREMIUM]"
"e09ade44-f575-4ce8-9e9f-56d76eea7f8f","2026-05-29 21:56:30.976","2026-05-29 21:56:30.976","e09ade44-f575-4ce8-9e9f-56d76eea7f8f","[PREMIUM]","New",2026,"Mercedes-Benz","AMG GLE 53","Base","[PREMIUM]","[PREMIUM]",10,"SUV","Obsidian Black Metallic","Black","All-wheel Drive",,,"Gasoline",,,"dealership","[PREMIUM]","Littleton","CO","[PREMIUM]",,"[]",,,"[PREMIUM]"
"026ca785-98c5-4c00-bf8d-a4456a242ae6","2026-05-29 21:56:30.955","2026-06-01 21:56:48.001","026ca785-98c5-4c00-bf8d-a4456a242ae6","[PREMIUM]","New",2026,"Mercedes-Benz","GLS 450","4MATIC","[PREMIUM]","[PREMIUM]",10,"SUV","Alpine Gray","Macchiato Beige","All-wheel Drive",,,"Gasoline",,,"dealership","[PREMIUM]","Littleton","CO","[PREMIUM]",,"[]",,,"[PREMIUM]"
"4d6c81c6-31e8-4150-af39-2038b9d77649","2026-05-29 21:56:10.070","2026-05-29 21:56:10.070","4d6c81c6-31e8-4150-af39-2038b9d77649","[PREMIUM]","New",2027,"BMW","X7","M60i","[PREMIUM]","[PREMIUM]",0,"SUV","Black Sapphire Metallic","Black","All-wheel Drive",,,"Gasoline",,,"dealership","[PREMIUM]","Marlow Heights","MD","[PREMIUM]",,"[]",,,"[PREMIUM]"
"448458f9-6120-44d4-a824-18fd54a0bfbb","2026-05-29 21:56:00.568","2026-05-29 21:56:00.568","448458f9-6120-44d4-a824-18fd54a0bfbb","[PREMIUM]","New",2027,"BMW","X6","M60i","[PREMIUM]","[PREMIUM]",5,"SUV","Black","Black","All-wheel Drive",,,"Gasoline",,,"dealership","[PREMIUM]","Annapolis","MD","[PREMIUM]",,"[]",,,"[PREMIUM]"
"ecc0c327-19d8-4f99-8706-e9a1289f5867","2026-05-29 21:55:59.941","2026-05-29 21:55:59.941","ecc0c327-19d8-4f99-8706-e9a1289f5867","[PREMIUM]","New",2027,"BMW","X7","M60i","[PREMIUM]","[PREMIUM]",0,"SUV","Brooklyn Grey Metallic","Black","All-wheel Drive",,,"Gasoline",,,"dealership","[PREMIUM]","Camarillo","CA","[PREMIUM]",,"[]",,,"[PREMIUM]"
"b6fa2f5d-dbf3-4975-9c43-204a77a88c3f","2026-05-29 21:55:59.933","2026-05-29 21:55:59.933","b6fa2f5d-dbf3-4975-9c43-204a77a88c3f","[PREMIUM]","New",2027,"BMW","X7","M60i","[PREMIUM]","[PREMIUM]",0,"SUV","Skyscraper Grey Metallic","Black","All-wheel Drive",,,"Gasoline",,,"dealership","[PREMIUM]","Camarillo","CA","[PREMIUM]",,"[]",,,"[PREMIUM]"
"1519a659-b03d-4b5e-b2f4-a94e7e1bb13e","2026-05-29 21:55:59.884","2026-06-01 21:56:17.435","1519a659-b03d-4b5e-b2f4-a94e7e1bb13e","[PREMIUM]","New",2027,"BMW","X7","M60i","[PREMIUM]","[PREMIUM]",5,"SUV","Mineral White Metallic","Black","All-wheel Drive",,,"Gasoline",,,"dealership","[PREMIUM]","Springfield","MO","[PREMIUM]",,"[]",,,"[PREMIUM]"
"0f517044-145d-44e6-a168-99105a259aec","2026-05-29 21:52:09.154","2026-05-29 21:52:09.154","0f517044-145d-44e6-a168-99105a259aec","[PREMIUM]","Used",2025,"BMW","X7","M60i","[PREMIUM]","[PREMIUM]",10470,"SUV","Mineral White Metallic","Black","All-wheel Drive",,,"Gasoline",,,"dealership","[PREMIUM]","Daytona Beach","FL","[PREMIUM]",,"[]",,,"[PREMIUM]"
"aa589307-1c34-46f6-b21d-c886393406dc","2026-05-29 21:50:39.040","2026-06-01 21:50:52.302","aa589307-1c34-46f6-b21d-c886393406dc","[PREMIUM]","New",2026,"Land Rover","Range Rover Sport","SE","[PREMIUM]","[PREMIUM]",9,"SUV","Charente Gray Premium Metallic","Lt Cloud/Ebony Perforated","All-wheel Drive",,,"Gasoline",,,"dealership","[PREMIUM]","Duluth","GA","[PREMIUM]",,"[]",,,"[PREMIUM]"
"fc3d7690-cd9e-4e8f-ae27-fb0ab6166e25","2026-05-29 21:50:39.005","2026-06-01 21:50:42.282","fc3d7690-cd9e-4e8f-ae27-fb0ab6166e25","[PREMIUM]","New",2026,"GMC","Sierra 2500","Denali Ultimate","[PREMIUM]","[PREMIUM]",,"Truck","Sterling","Alpine Umber","Four-wheel Drive",,,"Diesel",,,"dealership","[PREMIUM]","Dickinson","TX","[PREMIUM]",,"[]",,,"[PREMIUM]"
"52b0996a-db2d-4d65-baa1-aa2b71760f0a","2026-05-29 21:50:28.816","2026-05-29 21:50:28.816","52b0996a-db2d-4d65-baa1-aa2b71760f0a","[PREMIUM]","New",2026,"GMC","HUMMER EV Pickup","2X","[PREMIUM]","[PREMIUM]",1,"Truck","Dune","Eclipse","All-wheel Drive",,,"Electric",,,"dealership","[PREMIUM]","Matteson","IL","[PREMIUM]",,"[]",,,"[PREMIUM]"
"6f2ddd86-16f4-47a6-8055-157809609195","2026-05-29 21:50:28.814","2026-05-29 21:50:28.814","6f2ddd86-16f4-47a6-8055-157809609195","[PREMIUM]","New",2026,"GMC","Yukon","4WD AT4 Ultimate","[PREMIUM]","[PREMIUM]",5,"SUV","GBD/MIDNIGHT PI","Obsidian Rush w/Red Accents","Four-wheel Drive",,,"Gasoline",,,"dealership","[PREMIUM]","Robstown","TX","[PREMIUM]",,"[]",,,"[PREMIUM]"
"1f36042f-04fc-4990-b586-47d3993592d0","2026-05-29 21:50:28.794","2026-06-01 21:50:42.298","1f36042f-04fc-4990-b586-47d3993592d0","[PREMIUM]","New",2026,"GMC","Yukon","Denali","[PREMIUM]","[PREMIUM]",0,"SUV","Sterling","Jet Black","Four-wheel Drive",,,"Gasoline",,,"dealership","[PREMIUM]","Richmond","VA","[PREMIUM]",,"[]",,,"[PREMIUM]"
"3837516d-d4b9-4f91-afa3-90346fc96c5f","2026-05-29 21:50:18.714","2026-05-29 21:50:18.714","3837516d-d4b9-4f91-afa3-90346fc96c5f","[PREMIUM]","New",2026,"RAM","2500","Limited Crew Cab 4x4 6&#39;4&#39; Box","[PREMIUM]","[PREMIUM]",16,"Truck","Diamond Black Crystal Pearlcoat","Black","Four-wheel Drive",,,"Diesel",,,"dealership","[PREMIUM]","Branson","MO","[PREMIUM]",,"[]",,,"[PREMIUM]"
"ac93f6ce-9201-41eb-b946-e622f69a8959","2026-05-29 21:50:18.690","2026-05-29 21:50:18.690","ac93f6ce-9201-41eb-b946-e622f69a8959","[PREMIUM]","New",2026,"Lincoln","Navigator L","L Premiere","[PREMIUM]","[PREMIUM]",10,"SUV","Crystal White Metallic",,"4WD",,,"Gasoline",,,"dealership","[PREMIUM]","Crystal River","FL","[PREMIUM]",,"[]",,,"[PREMIUM]"
"5d430e88-2089-4d28-bd05-d3e947a9bab9","2026-05-29 21:49:58.507","2026-06-01 21:50:11.846","5d430e88-2089-4d28-bd05-d3e947a9bab9","[PREMIUM]","New",2026,"Jeep","Grand Wagoneer","Summit","[PREMIUM]","[PREMIUM]",15,"SUV","Gloss Black","Tupelo","Four-wheel Drive",,,"Gasoline",,,"dealership","[PREMIUM]","Waxahachie","TX","[PREMIUM]",,"[]",,,"[PREMIUM]"
"a32e9932-a2f9-4929-856b-7dc26bb4f20a","2026-05-29 21:49:48.401","2026-05-29 21:49:48.401","a32e9932-a2f9-4929-856b-7dc26bb4f20a","[PREMIUM]","New",2026,"BMW","X5","M60i","[PREMIUM]","[PREMIUM]",65,"SUV","Mineral White Metallic","Cognac","All-wheel Drive",,,"Gasoline",,,"dealership","[PREMIUM]","Camarillo","CA","[PREMIUM]",,"[]",,,"[PREMIUM]"
"fc42462f-69f3-4f0c-9fca-9d0ce98aa6bf","2026-05-29 21:49:48.399","2026-05-29 21:49:48.399","fc42462f-69f3-4f0c-9fca-9d0ce98aa6bf","[PREMIUM]","New",2026,"Ford","F-350","Platinum","[PREMIUM]","[PREMIUM]",0,"Truck","STAR WHITE","BLK ONYX BLUE LTH SEAT SURF","Four-wheel Drive",,,"Diesel",,,"dealership","[PREMIUM]","Colorado Springs","CO","[PREMIUM]",,"[]",,,"[PREMIUM]"
"49e5b0d5-8ea4-4e68-9b63-0a4f203c5964","2026-05-29 21:49:48.398","2026-05-29 21:49:48.398","49e5b0d5-8ea4-4e68-9b63-0a4f203c5964","[PREMIUM]","New",2026,"GMC","Yukon","4WD AT4 Ultimate","[PREMIUM]","[PREMIUM]",25,"SUV","Summit White","Obsidian Rush w/Red Accents","Four-wheel Drive",,,"Gasoline",,,"dealership","[PREMIUM]","Houston","TX","[PREMIUM]",,"[]",,,"[PREMIUM]"
"3f8d9ec0-ff95-485e-af57-75121d6e1748","2026-05-29 21:49:48.384","2026-05-29 21:49:48.384","3f8d9ec0-ff95-485e-af57-75121d6e1748","[PREMIUM]","New",2026,"GMC","Yukon","4WD AT4 Ultimate","[PREMIUM]","[PREMIUM]",2,"SUV","Summit White","Obsidian Rush w/Red Accents","Four Wheel Drive",,,"Premium unleaded",,,"dealership","[PREMIUM]","Wichita","KS","[PREMIUM]",,"[]",,,"[PREMIUM]"
"2611e43e-4f85-4d50-88a6-0ba08c889ac0","2026-05-29 21:49:48.362","2026-05-29 21:49:48.362","2611e43e-4f85-4d50-88a6-0ba08c889ac0","[PREMIUM]","New",2026,"BMW","840 Gran Coupe","840i","[PREMIUM]","[PREMIUM]",40,"Sedan","Dravit Grey Metallic","Tartufo/Black","Rear-wheel Drive",,,"Gasoline",,,"dealership","[PREMIUM]","Camarillo","CA","[PREMIUM]",,"[]",,,"[PREMIUM]"
"4b7c2a0c-7930-4191-8fa3-a8e842c68871","2026-05-29 21:49:48.361","2026-06-01 21:50:01.597","4b7c2a0c-7930-4191-8fa3-a8e842c68871","[PREMIUM]","New",2026,"BMW","M2","CS","[PREMIUM]","[PREMIUM]",0,"Coupe","Portimao Blue Metallic","Black w/M Color Highlight","Rear-wheel Drive",,,"Gasoline",,,"dealership","[PREMIUM]","Camarillo","CA","[PREMIUM]",,"[]",,,"[PREMIUM]"
"cbe29604-038e-4a25-84e4-926bbcb00147","2026-05-29 21:49:28.016","2026-05-29 21:49:28.016","cbe29604-038e-4a25-84e4-926bbcb00147","[PREMIUM]","New",2026,"RAM","2500","Limited Crew Cab 4x4 6&#39;4&#39; Box","[PREMIUM]","[PREMIUM]",23,"Truck","Molten Red Pearlcoat","Black","Four Wheel Drive",,,"Diesel",,,"dealership","[PREMIUM]","Waynesboro","PA","[PREMIUM]",,"[]",,,"[PREMIUM]"
"bb96040c-63a4-45e7-9287-bb7acab8bbaa","2026-05-29 21:49:28.000","2026-05-29 21:49:28.000","bb96040c-63a4-45e7-9287-bb7acab8bbaa","[PREMIUM]","New",2026,"GMC","Yukon XL","AT4 Ultimate","[PREMIUM]","[PREMIUM]",2,"SUV","Midnight Pine","Obsidian Rush","4WD",,,"Gasoline",,,"dealership","[PREMIUM]","STILLWATER","OK","[PREMIUM]",,"[]",,,"[PREMIUM]"
"7615f4ed-ab5a-43ac-b4a1-8686345c3d81","2026-05-29 21:49:27.970","2026-05-29 21:49:27.970","7615f4ed-ab5a-43ac-b4a1-8686345c3d81","[PREMIUM]","New",2026,"GMC","Sierra 2500","Denali Ultimate","[PREMIUM]","[PREMIUM]",6,"Truck","Sterling","Alpine Umber","4WD",,,"Diesel",,,"dealership","[PREMIUM]","STILLWATER","OK","[PREMIUM]",,"[]",,,"[PREMIUM]"
"fa339d6a-b985-4f92-9da9-eaf4f3fe81ce","2026-05-29 21:49:27.964","2026-06-01 21:50:01.599","fa339d6a-b985-4f92-9da9-eaf4f3fe81ce","[PREMIUM]","New",2026,"GMC","Yukon XL","Denali","[PREMIUM]","[PREMIUM]",9,"SUV","Sterling","Black","Four-wheel Drive",,,"Gasoline",,,"dealership","[PREMIUM]","STILLWATER","OK","[PREMIUM]",,"[]",,,"[PREMIUM]"
"6ce44147-bb8c-490b-8752-65e3dedb322d","2026-05-29 21:49:07.787","2026-05-29 21:49:07.787","6ce44147-bb8c-490b-8752-65e3dedb322d","[PREMIUM]","New",2026,"GMC","Yukon XL","4WD AT4 Ultimate","[PREMIUM]","[PREMIUM]",3,"SUV","Sterling Metallic","Obsidian Rush w/Red Accents","Four Wheel Drive",,,"Premium unleaded",,,"dealership","[PREMIUM]","Riverdale","UT","[PREMIUM]",,"[]",,,"[PREMIUM]"
"4ca47e9c-c857-422b-a563-d2d8f0c9a377","2026-05-29 21:49:07.764","2026-05-29 21:49:07.764","4ca47e9c-c857-422b-a563-d2d8f0c9a377","[PREMIUM]","New",2026,"Mercedes-Benz","AMG GLE 53","Base","[PREMIUM]","[PREMIUM]",9,"SUV","Selenite Gray Metallic","Black","All-wheel Drive",,,"Gasoline",,,"dealership","[PREMIUM]","Littleton","CO","[PREMIUM]",,"[]",,,"[PREMIUM]"
"41390509-b397-4fa9-b04f-afd48fefc8d2","2026-05-29 21:48:57.756","2026-05-29 21:48:57.756","41390509-b397-4fa9-b04f-afd48fefc8d2","[PREMIUM]","New",2026,"RAM","2500","Limited Crew Cab 4x4 6&#39;4&#39; Box","[PREMIUM]","[PREMIUM]",21,"Truck","Diamond Black Crystal Pearlcoat","Black","Four Wheel Drive",,,"Diesel",,,"dealership","[PREMIUM]","Waynesboro","PA","[PREMIUM]",,"[]",,,"[PREMIUM]"
"b8b993a1-9eb4-4f49-823d-3f00883ac612","2026-05-29 21:48:57.753","2026-06-01 21:49:10.851","b8b993a1-9eb4-4f49-823d-3f00883ac612","[PREMIUM]","New",2026,"Mercedes-Benz","GLS 450","4MATIC","[PREMIUM]","[PREMIUM]",10,"SUV","Obsidian Black Metallic","Black","All-wheel Drive",,,"Gasoline",,,"dealership","[PREMIUM]","Littleton","CO","[PREMIUM]",,"[]",,,"[PREMIUM]"
"01a98bbb-708b-4e4f-ba00-7623908ca724","2026-05-29 21:48:57.701","2026-05-29 21:48:57.701","01a98bbb-708b-4e4f-ba00-7623908ca724","[PREMIUM]","New",2026,"Mercedes-Benz","GLS 450","4MATIC","[PREMIUM]","[PREMIUM]",11,"SUV","Cirrus Silver Metallic","Black","All-wheel Drive",,,"Gasoline",,,"dealership","[PREMIUM]","Littleton","CO","[PREMIUM]",,"[]",,,"[PREMIUM]"
"daaad4ea-df4d-4684-b713-29678544f7e2","2026-05-29 21:48:57.670","2026-05-29 21:48:57.670","daaad4ea-df4d-4684-b713-29678544f7e2","[PREMIUM]","New",2026,"Land Rover","Defender","P400 X-Dynamic SE","[PREMIUM]","[PREMIUM]",14,"SUV","Carpathian Grey","Carway","AWD",,,"Gasoline",,,"dealership","[PREMIUM]","Clear Lake","TX","[PREMIUM]",,"[]",,,"[PREMIUM]"
"025886a1-dea6-4919-ae8a-443ce8e3db1e","2026-05-29 21:48:47.492","2026-05-29 21:48:47.492","025886a1-dea6-4919-ae8a-443ce8e3db1e","[PREMIUM]","New",2027,"BMW","M3","Competition xDrive","[PREMIUM]","[PREMIUM]",0,"Sedan","Dravit Grey Metallic","Silverstone/Black","All-wheel Drive",,,"Gasoline",,,"dealership","[PREMIUM]","Camarillo","CA","[PREMIUM]",,"[]",,,"[PREMIUM]"
"18761076-81f4-46e3-bc17-666d15a8078f","2026-05-29 21:48:47.327","2026-05-29 21:48:47.327","18761076-81f4-46e3-bc17-666d15a8078f","[PREMIUM]","New",2027,"BMW","X7","xDrive40i","[PREMIUM]","[PREMIUM]",4,"SUV","Gray Metallic","Black","All-wheel Drive",,,"Gasoline",,,"dealership","[PREMIUM]","Schererville","IN","[PREMIUM]",,"[]",,,"[PREMIUM]"
"95952e1d-f3e6-4556-bb4d-ac8f4ffdf00f","2026-05-29 21:48:47.307","2026-06-01 21:49:00.670","95952e1d-f3e6-4556-bb4d-ac8f4ffdf00f","[PREMIUM]","New",2027,"BMW","X7","xDrive40i","[PREMIUM]","[PREMIUM]",10,"SUV","Black Sapphire Metallic","Black","All-wheel Drive",,,"Gasoline",,,"dealership","[PREMIUM]","Newport Beach","CA","[PREMIUM]",,"[]",,,"[PREMIUM]"
"ee4ef664-3661-46ac-b0d3-23f87ca477a3","2026-05-29 21:44:56.900","2026-05-29 21:44:56.900","ee4ef664-3661-46ac-b0d3-23f87ca477a3","[PREMIUM]","Used",2019,"Chevrolet","Silverado 1500","LT Trail Boss","[PREMIUM]","[PREMIUM]",56415,"Truck","Iridescent Pearl Tricoat","Gideon/Very Dark Atmosphere","Four-wheel Drive",,,"Gasoline",,,"dealership","[PREMIUM]","Dallas","TX","[PREMIUM]",,"[]",,,"[PREMIUM]"
"f92d51e6-b764-4b89-b1c6-badd05d76be0","2026-05-29 21:44:56.727","2026-05-29 21:44:56.727","f92d51e6-b764-4b89-b1c6-badd05d76be0","[PREMIUM]","Used",2019,"Lexus","ES 350","Base","[PREMIUM]","[PREMIUM]",137544,"Sedan",,,"Front-wheel Drive",,,"Gasoline",,,"dealership","[PREMIUM]","Dallas","TX","[PREMIUM]",,"[]",,,"[PREMIUM]"
"283f3f2c-f6b2-4191-bea0-be0c3487a2ea","2026-05-29 21:43:06.469","2026-05-29 21:43:06.469","283f3f2c-f6b2-4191-bea0-be0c3487a2ea","[PREMIUM]","Used",2021,"Ford","Shelby GT500","Base","[PREMIUM]","[PREMIUM]",5123,"Coupe","CARBONIZED GRAY","EBONY LTHR RECARO GRAY ACNT","Rear-wheel Drive",,,"Gasoline",,,"dealership","[PREMIUM]","Claremont","CA","[PREMIUM]",,"[]",,,"[PREMIUM]"
"d9551220-3a2f-482c-a21a-84654b14ed93","2026-05-29 21:42:46.207","2026-05-29 21:42:46.207","d9551220-3a2f-482c-a21a-84654b14ed93","[PREMIUM]","Used",2023,"Dodge","Charger","SRT Hellcat Widebody Jailbreak","[PREMIUM]","[PREMIUM]",148,"Sedan","White Knuckle Clearcoat","Demonic Red/Black","Rear-wheel Drive",,,"Gasoline",,,"dealership","[PREMIUM]","Joliet","IL","[PREMIUM]",,"[]",,,"[PREMIUM]"
"22e4801f-0604-4849-a027-aa2ef785d056","2026-05-29 21:42:46.177","2026-06-01 21:42:57.725","22e4801f-0604-4849-a027-aa2ef785d056","[PREMIUM]","Used",2023,"Dodge","Charger","SRT Hellcat Redeye Widebody Jailbreak","[PREMIUM]","[PREMIUM]",281,"Sedan","Gray","Black","Rear-wheel Drive",,,"Gasoline",,,"private","[PREMIUM]","Bellevue","IA","[PREMIUM]",,"[]",,,"[PREMIUM]"
"7223e958-8855-42f5-b0a8-d76501920fdf","2026-05-29 21:42:46.147","2026-05-29 21:42:46.147","7223e958-8855-42f5-b0a8-d76501920fdf","[PREMIUM]","Used",2023,"BMW","M8","Competition","[PREMIUM]","[PREMIUM]",7326,"Convertible","Alpine White","Black","AWD",,,"Gasoline",,,"dealership","[PREMIUM]","Salisbury","MD","[PREMIUM]",,"[]",,,"[PREMIUM]"
"9fc289c1-e54e-4d42-b563-79828ec050e8","2026-05-29 21:42:46.140","2026-05-29 21:42:46.140","9fc289c1-e54e-4d42-b563-79828ec050e8","[PREMIUM]","Used",2023,"Cadillac","Escalade","V-Series","[PREMIUM]","[PREMIUM]",62894,"SUV","Black Raven","Jet Black","AWD",,,"Gasoline",,,"dealership","[PREMIUM]","STILLWATER","OK","[PREMIUM]",,"[]",,,"[PREMIUM]"
"06d48019-13a6-479b-bc4b-f3ac9198823b","2026-05-29 21:42:46.136","2026-05-29 21:42:46.136","06d48019-13a6-479b-bc4b-f3ac9198823b","[PREMIUM]","Used",2023,"Lincoln","Nautilus","Black Label","[PREMIUM]","[PREMIUM]",49065,"SUV","Silver Radiance Metallic Clearcoat","Alpine","All-wheel Drive",,,"Gasoline",,,"dealership","[PREMIUM]","Dallas","TX","[PREMIUM]",,"[]",,,"[PREMIUM]"
"f99e247d-685a-4226-b545-ad5bb58d0630","2026-05-29 21:42:16.001","2026-05-29 21:42:16.001","f99e247d-685a-4226-b545-ad5bb58d0630","[PREMIUM]","Used",2024,"Porsche","Cayenne","AWD","[PREMIUM]","[PREMIUM]",9081,"SUV","Carrara White Metallic","Black","All-wheel Drive",,,"Hybrid",,,"dealership","[PREMIUM]","West Palm Beach","FL","[PREMIUM]",,"[]",,,"[PREMIUM]"
"eaf11a89-bba3-4fd7-9de8-c7c2beaf35f4","2026-05-29 21:38:15.447","2026-05-29 21:38:15.447","eaf11a89-bba3-4fd7-9de8-c7c2beaf35f4","[PREMIUM]","Used",2025,"BMW","760","760i xDrive","[PREMIUM]","[PREMIUM]",17404,"Sedan","White Metallic","Smoke","All-wheel Drive",,,"Gasoline",,,"dealership","[PREMIUM]","Grapevine","TX","[PREMIUM]",,"[]",,,"[PREMIUM]"
"973151c9-c702-4c46-a59a-2dca83d6f813","2026-05-29 21:38:15.341","2026-05-29 21:38:15.341","973151c9-c702-4c46-a59a-2dca83d6f813","[PREMIUM]","New",2025,"Chevrolet","Silverado EV","RST","[PREMIUM]","[PREMIUM]",490,"Truck","Slate Gray Metallic","Black","All-wheel Drive",,,"Electric",,,"dealership","[PREMIUM]","STILLWATER","OK","[PREMIUM]",,"[]",,,"[PREMIUM]"
"9b9a32a3-106b-4066-938f-436955c8f9a7","2026-05-29 21:37:45.362","2026-05-29 21:37:45.362","9b9a32a3-106b-4066-938f-436955c8f9a7","[PREMIUM]","New",2026,"Mercedes-Benz","GLS 450","4MATIC","[PREMIUM]","[PREMIUM]",20,"SUV","Alpine Gray","Black","All-wheel Drive",,,"Gasoline",,,"dealership","[PREMIUM]","Beverly Hills","CA","[PREMIUM]",,"[]",,,"[PREMIUM]"
"c08f46a8-5189-4836-b1ee-64a33aed12fa","2026-05-29 21:34:55.122","2026-05-29 21:34:55.122","c08f46a8-5189-4836-b1ee-64a33aed12fa","[PREMIUM]","New",2026,"Mercedes-Benz","GLE 580","4MATIC","[PREMIUM]","[PREMIUM]",14,"SUV","Black","Black","All-wheel Drive",,,"Gasoline",,,"dealership","[PREMIUM]","Chattanooga","TN","[PREMIUM]",,"[]",,,"[PREMIUM]"
"be59a976-310e-4fac-a015-50f68287843f","2026-05-29 21:34:05.006","2026-05-29 21:34:05.006","be59a976-310e-4fac-a015-50f68287843f","[PREMIUM]","New",2026,"Ford","F-350","King Ranch","[PREMIUM]","[PREMIUM]",25,"Truck","Agate Black Metallic","Java","Four-wheel Drive",,,"Diesel",,,"dealership","[PREMIUM]","Milford","OH","[PREMIUM]",,"[]",,,"[PREMIUM]"
"86739668-6755-480b-9071-d6d61c8c7259","2026-05-29 21:33:54.829","2026-05-29 21:33:54.829","86739668-6755-480b-9071-d6d61c8c7259","[PREMIUM]","New",2026,"GMC","Yukon XL","AT4 Ultimate","[PREMIUM]","[PREMIUM]",7,"SUV","Summit White","Obsidian Rush","Four-wheel Drive",,,"Diesel",,,"dealership","[PREMIUM]","Collinsville","IL","[PREMIUM]",,"[]",,,"[PREMIUM]"
"bae099f3-6af6-402e-8b93-875570e864cf","2026-05-29 21:33:54.791","2026-05-29 21:33:54.791","bae099f3-6af6-402e-8b93-875570e864cf","[PREMIUM]","New",2026,"Porsche","Macan","Macan","[PREMIUM]","[PREMIUM]",12,"SUV","Gentian Blue Metallic","Black","All-wheel Drive",,,"Gasoline",,,"dealership","[PREMIUM]","Littleton","CO","[PREMIUM]",,"[]",,,"[PREMIUM]"
"4248a245-2a9c-4f78-ac16-85858ea47124","2026-05-29 21:33:54.765","2026-05-29 21:33:54.765","4248a245-2a9c-4f78-ac16-85858ea47124","[PREMIUM]","New",2026,"Ford","F-250","Platinum","[PREMIUM]","[PREMIUM]",0,"Truck","Agate Black Metallic","Black Onyx","Four-wheel Drive",,,"Diesel",,,"dealership","[PREMIUM]","Havana","FL","[PREMIUM]",,"[]",,,"[PREMIUM]"
"85c54252-e713-4348-81fe-b43493da921f","2026-05-29 21:33:54.759","2026-05-29 21:33:54.759","85c54252-e713-4348-81fe-b43493da921f","[PREMIUM]","New",2026,"Ford","F-350","Platinum","[PREMIUM]","[PREMIUM]",0,"Truck","Carbonized Gray Metallic","Black Onyx/Platinum Blue","Four-wheel Drive",,,"Diesel",,,"dealership","[PREMIUM]","Waldorf","MD","[PREMIUM]",,"[]",,,"[PREMIUM]"
"91b06885-f31c-46ea-abdb-1085ed9777f2","2026-05-29 21:33:54.743","2026-05-29 21:33:54.743","91b06885-f31c-46ea-abdb-1085ed9777f2","[PREMIUM]","New",2026,"Cadillac","Escalade","Standard","[PREMIUM]","[PREMIUM]",4,"SUV","Vibrant White","Jet Black","4WD",,,"Gasoline",,,"dealership","[PREMIUM]","The Woodlands","TX","[PREMIUM]",,"[]",,,"[PREMIUM]"
"6ceb9187-30b2-41c8-9afa-8abbe2471ef6","2026-05-29 21:33:54.721","2026-05-29 21:33:54.721","6ceb9187-30b2-41c8-9afa-8abbe2471ef6","[PREMIUM]","Used",2026,"BMW","M3","Competition xDrive","[PREMIUM]","[PREMIUM]",6816,"Sedan","Special","Fiona Red","All-wheel Drive",,,"Gasoline",,,"dealership","[PREMIUM]","Grapevine","TX","[PREMIUM]",,"[]",,,"[PREMIUM]"
"fe414668-1494-4019-bad8-7182ccff4343","2026-05-29 21:33:34.448","2026-05-29 21:33:34.448","fe414668-1494-4019-bad8-7182ccff4343","[PREMIUM]","New",2026,"Ford","F-350","Platinum","[PREMIUM]","[PREMIUM]",4,"Truck","Star White Metallic Tri-Coat","Black Onyx/Platinum Blue","Four-wheel Drive",,,"Diesel",,,"dealership","[PREMIUM]","Waldorf","MD","[PREMIUM]",,"[]",,,"[PREMIUM]"
"b83b0ca8-df0b-4fc2-85de-c2aa698f6b54","2026-05-29 21:33:04.262","2026-05-29 21:33:04.262","b83b0ca8-df0b-4fc2-85de-c2aa698f6b54","[PREMIUM]","New",2026,"BMW","X5 PHEV","xDrive50e","[PREMIUM]","[PREMIUM]",0,"SUV","Dravit Grey Metallic","Tartufo","All-wheel Drive",,,"Gasoline",,,"dealership","[PREMIUM]","Raleigh","NC","[PREMIUM]",,"[]",,,"[PREMIUM]"
"3b16d972-95a6-43c3-97fe-e340e7ad5556","2026-05-29 21:32:54.140","2026-05-29 21:32:54.140","3b16d972-95a6-43c3-97fe-e340e7ad5556","[PREMIUM]","New",2026,"Chevrolet","Suburban","High Country","[PREMIUM]","[PREMIUM]",5,"SUV","Gray","Jet Black","4WD",,,"Gasoline",,,"dealership","[PREMIUM]","Houston","TX","[PREMIUM]",,"[]",,,"[PREMIUM]"
"dd00f67d-cab1-4524-9e0f-4b3794d2dfd4","2026-05-29 21:32:54.021","2026-05-29 21:32:54.021","dd00f67d-cab1-4524-9e0f-4b3794d2dfd4","[PREMIUM]","New",2026,"Chevrolet","Suburban","High Country","[PREMIUM]","[PREMIUM]",2,"SUV","Polar White","Jet Black","4WD",,,"Gasoline",,,"dealership","[PREMIUM]","Lone Tree","CO","[PREMIUM]",,"[]",,,"[PREMIUM]"
"8b00fb28-b4b7-4001-ad57-a0fdc3e0007a","2026-05-29 21:32:44.608","2026-05-29 21:32:44.608","8b00fb28-b4b7-4001-ad57-a0fdc3e0007a","[PREMIUM]","New",2026,"Ford","F-150","Raptor","[PREMIUM]","[PREMIUM]",0,"Truck","Shelter Green",,"Four-wheel Drive",,,"Gasoline",,,"dealership","[PREMIUM]","Orland Park","IL","[PREMIUM]",,"[]",,,"[PREMIUM]"
"992aec85-46b8-4fd8-9d3f-8efdf261ee54","2026-05-29 21:32:44.000","2026-05-29 21:32:44.000","992aec85-46b8-4fd8-9d3f-8efdf261ee54","[PREMIUM]","New",2026,"Ford","F-250","King Ranch","[PREMIUM]","[PREMIUM]",11,"Truck","Argon","Java","4WD",,,"Diesel",,,"dealership","[PREMIUM]","Crystal River","FL","[PREMIUM]",,"[]",,,"[PREMIUM]"
"7109feb7-e4ca-48e6-87ab-c442bd204276","2026-05-29 21:32:43.896","2026-05-29 21:32:43.896","7109feb7-e4ca-48e6-87ab-c442bd204276","[PREMIUM]","New",2026,"Ford","F-350","Platinum","[PREMIUM]","[PREMIUM]",5,"Truck","Agate Black Metallic",,"Four Wheel Drive",,,"Diesel",,,"dealership","[PREMIUM]","American Fork","UT","[PREMIUM]",,"[]",,,"[PREMIUM]"
"83dd7586-c6da-48c9-98e0-fc9d18f344f5","2026-05-29 21:32:43.893","2026-05-29 21:32:43.893","83dd7586-c6da-48c9-98e0-fc9d18f344f5","[PREMIUM]","New",2026,"Mercedes-Benz","GLS 450","4MATIC","[PREMIUM]","[PREMIUM]",5,"SUV","Moonlight White",,"All-wheel Drive",,,"Gasoline",,,"dealership","[PREMIUM]","Grapevine","TX","[PREMIUM]",,"[]",,,"[PREMIUM]"
"6f1efeb5-57bd-4968-a826-6752e060a48a","2026-05-29 21:32:43.861","2026-06-01 21:32:52.327","6f1efeb5-57bd-4968-a826-6752e060a48a","[PREMIUM]","New",2026,"Chevrolet","Suburban","High Country, 4WD","[PREMIUM]","[PREMIUM]",0,"SUV","Black","Jet Black, Perforated leather seating surfaces","Four-wheel Drive",,,"Gasoline",,,"dealership","[PREMIUM]","Estero","FL","[PREMIUM]",,"[]",,,"[PREMIUM]"
"08a7ee47-0742-401a-8139-7ef3a95d208a","2026-05-29 21:32:43.838","2026-05-29 21:32:43.838","08a7ee47-0742-401a-8139-7ef3a95d208a","[PREMIUM]","New",2026,"Ford","F-450","XL","[PREMIUM]","[PREMIUM]",0,"Truck","Oxford White","Black Onyx","Four Wheel Drive",,,"Diesel",,,"dealership","[PREMIUM]","American Fork","UT","[PREMIUM]",,"[]",,,"[PREMIUM]"
"9158bf39-464f-4a8a-a0ba-afe5ebdcc683","2026-05-29 21:32:43.838","2026-05-29 21:32:43.838","9158bf39-464f-4a8a-a0ba-afe5ebdcc683","[PREMIUM]","New",2026,"Ford","F-450","Lariat","[PREMIUM]","[PREMIUM]",0,"Truck","Oxford White","Black Onyx","Four-wheel Drive",,,"Diesel",,,"dealership","[PREMIUM]","American Fork","UT","[PREMIUM]",,"[]",,,"[PREMIUM]"
"86a736bb-8591-4996-af65-76b413b8e878","2026-05-29 21:32:43.828","2026-05-29 21:32:43.828","86a736bb-8591-4996-af65-76b413b8e878","[PREMIUM]","Used",2026,"Ford","F-350","Platinum","[PREMIUM]","[PREMIUM]",6552,"Truck","Avalanche","Smoked Truffle","Four Wheel Drive",,,"Diesel",,,"dealership","[PREMIUM]","American Fork","UT","[PREMIUM]",,"[]",,,"[PREMIUM]"
"ff0e92b8-b16a-4277-834b-e86801f271d8","2026-05-29 21:32:33.647","2026-05-29 21:32:33.647","ff0e92b8-b16a-4277-834b-e86801f271d8","[PREMIUM]","New",2026,"BMW","X5 PHEV","xDrive50e","[PREMIUM]","[PREMIUM]",6,"SUV","Frozen Pure Grey Metallic","Black","All-wheel Drive",,,"Gasoline",,,"dealership","[PREMIUM]","Camarillo","CA","[PREMIUM]",,"[]",,,"[PREMIUM]"
"6fb051a3-bc08-4477-a483-cbd1d3ce60c0","2026-05-29 21:32:33.607","2026-05-29 21:32:33.607","6fb051a3-bc08-4477-a483-cbd1d3ce60c0","[PREMIUM]","New",2026,"Porsche","Macan","S","[PREMIUM]","[PREMIUM]",12,"SUV","White",,"All-wheel Drive",,,"Gasoline",,,"dealership","[PREMIUM]","West Palm Beach","FL","[PREMIUM]",,"[]",,,"[PREMIUM]"
"3b7de48c-df79-4ada-bbda-7ec50d0e165c","2026-05-29 21:32:33.603","2026-05-29 21:32:33.603","3b7de48c-df79-4ada-bbda-7ec50d0e165c","[PREMIUM]","New",2026,"Jeep","Grand Wagoneer","Summit Obsidian","[PREMIUM]","[PREMIUM]",5,"SUV","Bright White Clearcoat","Sea Salt","4WD",,,"Gasoline",,,"dealership","[PREMIUM]","Newton","NC","[PREMIUM]",,"[]",,,"[PREMIUM]"
"2056db12-feaf-43a1-9fcc-4e06e924a04f","2026-05-29 21:32:33.595","2026-05-29 21:32:33.595","2056db12-feaf-43a1-9fcc-4e06e924a04f","[PREMIUM]","New",2026,"BMW","X5 PHEV","xDrive50e","[PREMIUM]","[PREMIUM]",12,"SUV","Frozen Pure Grey Metallic","Tartufo","All-wheel Drive",,,"Gasoline",,,"dealership","[PREMIUM]","Camarillo","CA","[PREMIUM]",,"[]",,,"[PREMIUM]"
"65e9e8e5-e054-4193-8ccc-f35158698e5a","2026-05-29 21:32:33.534","2026-05-29 21:32:33.534","65e9e8e5-e054-4193-8ccc-f35158698e5a","[PREMIUM]","New",2026,"GMC","Yukon","AT4 Ultimate","[PREMIUM]","[PREMIUM]",0,"SUV","Midnight Pine","Obsidian Rush","4WD",,,"Gasoline",,,"dealership","[PREMIUM]","Lucedale","MS","[PREMIUM]",,"[]",,,"[PREMIUM]"
"002d758d-bd79-4aab-9f6f-7919b2af750f","2026-05-29 21:32:33.518","2026-05-29 21:32:33.518","002d758d-bd79-4aab-9f6f-7919b2af750f","[PREMIUM]","New",2026,"Porsche","Macan","Base","[PREMIUM]","[PREMIUM]",20,"SUV","Gray",,"Rear-wheel Drive",,,"Electric",,,"dealership","[PREMIUM]","West Palm Beach","FL","[PREMIUM]",,"[]",,,"[PREMIUM]"
"fa138170-8baf-4db6-acb9-d764b34625d8","2026-05-29 21:32:33.509","2026-05-29 21:32:33.509","fa138170-8baf-4db6-acb9-d764b34625d8","[PREMIUM]","New",2026,"GMC","Yukon XL","Denali","[PREMIUM]","[PREMIUM]",2,"SUV","Sterling","Teak","4WD",,,"Gasoline",,,"dealership","[PREMIUM]","STILLWATER","OK","[PREMIUM]",,"[]",,,"[PREMIUM]"
"d8c11128-0dfd-47a5-bdbd-9a0aa734f0c9","2026-05-29 21:32:33.503","2026-05-29 21:32:33.503","d8c11128-0dfd-47a5-bdbd-9a0aa734f0c9","[PREMIUM]","New",2026,"RAM","3500","Limited Mega Cab 4x4 6&#39;4&#39; Box","[PREMIUM]","[PREMIUM]",22,"Truck","Forged Blue Metallic","Black","Four Wheel Drive",,,"Diesel",,,"dealership","[PREMIUM]","Waynesboro","PA","[PREMIUM]",,"[]",,,"[PREMIUM]"
"0984b3d6-8778-4f34-8e4c-1374d5278864","2026-05-29 21:32:33.491","2026-05-29 21:32:33.491","0984b3d6-8778-4f34-8e4c-1374d5278864","[PREMIUM]","New",2026,"Cadillac","VISTIQ","Platinum","[PREMIUM]","[PREMIUM]",55,"SUV","Silver Metallic","Jet Black","All-wheel Drive",,,"Electric",,,"dealership","[PREMIUM]","STILLWATER","OK","[PREMIUM]",,"[]",,,"[PREMIUM]"
"dc9d39da-1639-4669-b49c-50402e2af00f","2026-05-29 21:32:33.490","2026-05-29 21:32:33.490","dc9d39da-1639-4669-b49c-50402e2af00f","[PREMIUM]","New",2026,"Ford","F-350","Lariat","[PREMIUM]","[PREMIUM]",5,"Truck","Avalanche",,"Four Wheel Drive",,,"Diesel",,,"dealership","[PREMIUM]","West Valley City","UT","[PREMIUM]",,"[]",,,"[PREMIUM]"
"4a4f23ee-1682-4682-809b-73391c494a90","2026-05-29 21:32:33.472","2026-05-29 21:32:33.472","4a4f23ee-1682-4682-809b-73391c494a90","[PREMIUM]","New",2026,"Jaguar","F-PACE","SVR 575 Edition","[PREMIUM]","[PREMIUM]",14,"SUV","Santorini Black","Ebony / Ebony","AWD",,,"Gasoline",,,"dealership","[PREMIUM]","Clear Lake","TX","[PREMIUM]",,"[]",,,"[PREMIUM]"
"9405d69c-86e6-4a7f-9faf-ef62d79af303","2026-05-29 21:32:23.065","2026-05-29 21:32:23.065","9405d69c-86e6-4a7f-9faf-ef62d79af303","[PREMIUM]","New",2026,"GMC","Yukon XL","Denali","[PREMIUM]","[PREMIUM]",1,"SUV","Glacier White","Jet Black","Four-wheel Drive",,,"Gasoline",,,"dealership","[PREMIUM]","Decatur","TX","[PREMIUM]",,"[]",,,"[PREMIUM]"
"467c3500-01ea-45e5-ac34-b28430064afa","2026-05-29 21:32:23.049","2026-06-01 21:32:42.290","467c3500-01ea-45e5-ac34-b28430064afa","[PREMIUM]","New",2026,"GMC","Yukon XL","AT4","[PREMIUM]","[PREMIUM]",2,"SUV","Midnight Pine","Storm","Four-wheel Drive",,,"Gasoline",,,"dealership","[PREMIUM]","Brooklyn","NY","[PREMIUM]",,"[]",,,"[PREMIUM]"
"e271c211-124e-44a7-9b12-9ed364a616f1","2026-05-29 21:26:12.690","2026-05-29 21:26:12.690","e271c211-124e-44a7-9b12-9ed364a616f1","[PREMIUM]","Used",2023,"Porsche","Panamera","Platinum Edition","[PREMIUM]","[PREMIUM]",13666,,"Dolomite Silver Metallic","Black","Rear-wheel Drive",,,"Gasoline",,,"dealership","[PREMIUM]","West Palm Beach","FL","[PREMIUM]",,"[]",,,"[PREMIUM]"
"4f68cff2-e558-4f31-9532-fffbb47d648c","2026-05-29 21:25:42.021","2026-05-29 21:25:42.021","4f68cff2-e558-4f31-9532-fffbb47d648c","[PREMIUM]","Used",2024,"RAM","1500","TRX","[PREMIUM]","[PREMIUM]",26994,"Truck","Diamond Black","Black","Four-wheel Drive",,,"Gasoline",,,"dealership","[PREMIUM]","Littleton","CO","[PREMIUM]",,"[]",,,"[PREMIUM]"
"272a4480-2212-45f3-bb46-b3a211ca8a35","2026-05-29 21:25:41.987","2026-05-29 21:25:41.987","272a4480-2212-45f3-bb46-b3a211ca8a35","[PREMIUM]","Used",2024,"Cadillac","Escalade","Sport Platinum","[PREMIUM]","[PREMIUM]",34820,"SUV","Crystal White Tricoat","Jet Black","Four-wheel Drive",,,"Gasoline",,,"dealership","[PREMIUM]","Lakewood","CO","[PREMIUM]",,"[]",,,"[PREMIUM]"
"e806df71-41f8-4303-8dcc-42dafbaf2363","2026-05-29 21:25:41.922","2026-05-29 21:25:41.922","e806df71-41f8-4303-8dcc-42dafbaf2363","[PREMIUM]","Used",2024,"Lexus","LX 600","F SPORT","[PREMIUM]","[PREMIUM]",12689,"SUV","Ultra White","Circuit Red","Four Wheel Drive",,,"Premium unleaded",,,"dealership","[PREMIUM]","Murray","UT","[PREMIUM]",,"[]",,,"[PREMIUM]"
"f62fe682-45a8-49af-ab05-c36e9c81ac49","2026-05-29 21:25:41.910","2026-05-29 21:25:41.910","f62fe682-45a8-49af-ab05-c36e9c81ac49","[PREMIUM]","Used",2024,"Lotus","Emira","V6 First Edition","[PREMIUM]","[PREMIUM]",2899,"Coupe","Mist White",,"Rear-wheel Drive",,,"Gasoline",,,"dealership","[PREMIUM]","Orem","UT","[PREMIUM]",,"[]",,,"[PREMIUM]"
"9416a9a8-fe50-4a4c-a891-f0df7421b715","2026-05-29 21:25:31.639","2026-05-29 21:25:31.639","9416a9a8-fe50-4a4c-a891-f0df7421b715","[PREMIUM]","Used",2025,"Ford","Expedition","Tremor","[PREMIUM]","[PREMIUM]",16169,"SUV","Dark Matter Gray Metallic","Black Onyx","Four-wheel Drive",,,"Gasoline",,,"dealership","[PREMIUM]","Tallahassee","FL","[PREMIUM]",,"[]",,,"[PREMIUM]"
"2fee72c9-6784-47fd-90d1-e691f8c00105","2026-05-29 21:25:21.541","2026-05-29 21:25:21.541","2fee72c9-6784-47fd-90d1-e691f8c00105","[PREMIUM]","New",2025,"Ford","F-350","XL","[PREMIUM]","[PREMIUM]",0,"Truck","Agate Black Metallic","Black Onyx","Four Wheel Drive",,,"Diesel",,,"dealership","[PREMIUM]","American Fork","UT","[PREMIUM]",,"[]",,,"[PREMIUM]"
"dbfc92f0-bd05-451d-b841-f4762362d10f","2026-05-29 21:25:21.384","2026-05-29 21:25:21.384","dbfc92f0-bd05-451d-b841-f4762362d10f","[PREMIUM]","Used",2025,"BMW","M3","Competition xDrive","[PREMIUM]","[PREMIUM]",8985,"Sedan","Black Sapphire Metallic","Tartufo/Black","All-wheel Drive",,,"Gasoline",,,"dealership","[PREMIUM]","Monroe","NC","[PREMIUM]",,"[]",,,"[PREMIUM]"
"13f309cb-86ca-4d50-a66f-d1f1317bbfab","2026-05-29 21:25:21.352","2026-05-29 21:25:21.352","13f309cb-86ca-4d50-a66f-d1f1317bbfab","[PREMIUM]","Used",2025,"Cadillac","Escalade ESV","Premium Luxury","[PREMIUM]","[PREMIUM]",33001,"SUV","Black Raven","Black","Four-wheel Drive",,,"Gasoline",,,"dealership","[PREMIUM]","STILLWATER","OK","[PREMIUM]",,"[]",,,"[PREMIUM]"
"b7615985-f8d0-45b4-9614-0e83d42973ae","2026-05-29 21:25:21.172","2026-05-29 21:25:21.172","b7615985-f8d0-45b4-9614-0e83d42973ae","[PREMIUM]","Used",2025,"BMW","760","xDrive","[PREMIUM]","[PREMIUM]",3708,"Sedan","Black Sapphire Metallic","Black","All-wheel Drive",,,"Gasoline",,,"dealership","[PREMIUM]","Camarillo","CA","[PREMIUM]",,"[]",,,"[PREMIUM]"
"0f7e4b67-d2d1-490d-8a15-96bc0fa40a39","2026-05-29 21:24:50.992","2026-06-01 21:24:57.147","0f7e4b67-d2d1-490d-8a15-96bc0fa40a39","[PREMIUM]","New",2026,"Ford","F-150","Raptor","[PREMIUM]","[PREMIUM]",9,"Truck","Carbonized Gray Metallic","Black","Four-wheel Drive",,,"Gasoline",,,"dealership","[PREMIUM]","Hudson","WI","[PREMIUM]",,"[]",,,"[PREMIUM]"
"16e97413-9278-42d1-8b76-c956370620b6","2026-05-29 21:24:50.945","2026-05-29 21:24:50.945","16e97413-9278-42d1-8b76-c956370620b6","[PREMIUM]","New",2026,"RAM","1500","Tungsten","[PREMIUM]","[PREMIUM]",,"Truck","Molten Red Pearlcoat","Black","Four-wheel Drive",,,"Gasoline",,,"dealership","[PREMIUM]","Norton","OH","[PREMIUM]",,"[]",,,"[PREMIUM]"
"62126578-f3ec-4479-8236-1732fc8ddd5d","2026-05-29 21:24:50.902","2026-05-29 21:24:50.902","62126578-f3ec-4479-8236-1732fc8ddd5d","[PREMIUM]","New",2026,"GMC","Sierra 2500","Denali","[PREMIUM]","[PREMIUM]",6,"Truck","Black","Jet Black","Four-wheel Drive",,,"Diesel",,,"dealership","[PREMIUM]","Nashua","NH","[PREMIUM]",,"[]",,,"[PREMIUM]"
"67c8c144-7083-4728-962d-c8b0b0d6b5ff","2026-05-29 21:24:50.902","2026-05-29 21:24:50.902","67c8c144-7083-4728-962d-c8b0b0d6b5ff","[PREMIUM]","New",2026,"GMC","Sierra 3500","AT4","[PREMIUM]","[PREMIUM]",3,"Truck","Dune","Jet Black","Four-wheel Drive",,,"Diesel",,,"dealership","[PREMIUM]","Utica","NY","[PREMIUM]",,"[]",,,"[PREMIUM]"
"ef2ecc74-4ba7-4df9-954e-6177b46422b5","2026-05-29 21:24:50.885","2026-05-29 21:24:50.885","ef2ecc74-4ba7-4df9-954e-6177b46422b5","[PREMIUM]","New",2026,"BMW","X5 PHEV","xDrive50e","[PREMIUM]","[PREMIUM]",0,"SUV","Brooklyn Grey Metallic","Cognac","All-wheel Drive",,,"Gasoline",,,"dealership","[PREMIUM]","Raleigh","NC","[PREMIUM]",,"[]",,,"[PREMIUM]"
"a4c90308-451c-4138-ac57-19f4b67b6e36","2026-05-29 21:24:50.878","2026-05-29 21:24:50.878","a4c90308-451c-4138-ac57-19f4b67b6e36","[PREMIUM]","New",2026,"RAM","3500","Laramie","[PREMIUM]","[PREMIUM]",,"Truck","Diamond Black","Black","4WD",,,"Diesel",,,"dealership","[PREMIUM]","Waxahachie","TX","[PREMIUM]",,"[]",,,"[PREMIUM]"
"5a4a9e34-feec-4a15-bf95-987a9738791c","2026-05-29 21:24:50.873","2026-06-01 21:24:57.177","5a4a9e34-feec-4a15-bf95-987a9738791c","[PREMIUM]","New",2026,"Ford","F-350","Lariat","[PREMIUM]","[PREMIUM]",0,"Truck","Ruby Red Metallic Tinted Clearcoat","Black Onyx","Four-wheel Drive",,,"Diesel",,,"dealership","[PREMIUM]","Watertown","WI","[PREMIUM]",,"[]",,,"[PREMIUM]"
"eb7e1897-59dd-43ed-baa3-5875b5d8512e","2026-05-29 21:24:50.858","2026-05-29 21:24:50.858","eb7e1897-59dd-43ed-baa3-5875b5d8512e","[PREMIUM]","New",2026,"Chevrolet","Suburban","Premier","[PREMIUM]","[PREMIUM]",0,"SUV","Black","Jet Black","Four-wheel Drive",,,"Gasoline",,,"dealership","[PREMIUM]","Tampa","FL","[PREMIUM]",,"[]",,,"[PREMIUM]"
"746c67ba-719f-48d0-9dd1-6e572955c8d7","2026-05-29 21:24:50.836","2026-05-29 21:24:50.836","746c67ba-719f-48d0-9dd1-6e572955c8d7","[PREMIUM]","New",2026,"GMC","Yukon XL","AT4","[PREMIUM]","[PREMIUM]",13,"SUV","White","Storm","4WD",,,"Gasoline",,,"dealership","[PREMIUM]","Houston","TX","[PREMIUM]",,"[]",,,"[PREMIUM]"
"1f305d29-f287-40af-942d-12628062ae25","2026-05-29 21:24:40.531","2026-05-29 21:24:40.531","1f305d29-f287-40af-942d-12628062ae25","[PREMIUM]","New",2026,"Ford","F-350","Lariat","[PREMIUM]","[PREMIUM]",3,"Truck","Oxford White","Black Onyx","Four Wheel Drive",,,"Diesel",,,"dealership","[PREMIUM]","American Fork","UT","[PREMIUM]",,"[]",,,"[PREMIUM]"
"3004a233-980c-49e4-a276-92a43139bae6","2026-05-29 21:24:40.438","2026-05-29 21:24:40.438","3004a233-980c-49e4-a276-92a43139bae6","[PREMIUM]","New",2026,"Ford","F-350","Platinum","[PREMIUM]","[PREMIUM]",5,"Truck","Agate Black Metallic","Black Onyx/Platinum Blue","Four Wheel Drive",,,"Diesel",,,"dealership","[PREMIUM]","American Fork","UT","[PREMIUM]",,"[]",,,"[PREMIUM]"
"eed46bf8-11ea-4f19-8871-c3e4ba339b99","2026-05-29 21:24:40.398","2026-06-01 21:24:57.217","eed46bf8-11ea-4f19-8871-c3e4ba339b99","[PREMIUM]","New",2026,"Toyota","Sequoia","Capstone","[PREMIUM]","[PREMIUM]",1,"SUV","Supersonic Red","Shale","Four-wheel Drive",,,"Gasoline",,,"dealership","[PREMIUM]","Decatur","AL","[PREMIUM]",,"[]",,,"[PREMIUM]"
"2aa28a6d-2c07-4630-9d87-a9f404d4a0ba","2026-05-29 21:24:40.368","2026-05-29 21:24:40.368","2aa28a6d-2c07-4630-9d87-a9f404d4a0ba","[PREMIUM]","New",2026,"Ford","F-350","Lariat","[PREMIUM]","[PREMIUM]",3,"Truck","Oxford White","Black Onyx","Four Wheel Drive",,,"Diesel",,,"dealership","[PREMIUM]","American Fork","UT","[PREMIUM]",,"[]",,,"[PREMIUM]"
"c0120a00-a31c-4a30-bc9f-720242b048d9","2026-05-29 21:24:40.350","2026-05-29 21:24:40.350","c0120a00-a31c-4a30-bc9f-720242b048d9","[PREMIUM]","New",2026,"Chevrolet","Tahoe","4WD High Country","[PREMIUM]","[PREMIUM]",0,"SUV","Black","Jet Black, Perforated leather seating surfaces","Four-wheel Drive",,,"Gasoline",,,"dealership","[PREMIUM]","Estero","FL","[PREMIUM]",,"[]",,,"[PREMIUM]"
"8b6eb750-ac79-4f26-9e4a-b58ee3f3fd35","2026-05-29 21:24:40.349","2026-05-29 21:24:40.349","8b6eb750-ac79-4f26-9e4a-b58ee3f3fd35","[PREMIUM]","New",2026,"GMC","Yukon XL","4WD Elevation","[PREMIUM]","[PREMIUM]",6,"SUV","Downpour Metallic","Jet Black","Four-wheel Drive",,,"Gasoline",,,"dealership","[PREMIUM]","Findlay","OH","[PREMIUM]",,"[]",,,"[PREMIUM]"
"e15ef06a-f1cd-4f36-b5f7-44f8491f1652","2026-05-29 21:24:40.331","2026-05-29 21:24:40.331","e15ef06a-f1cd-4f36-b5f7-44f8491f1652","[PREMIUM]","New",2026,"Toyota","Sequoia","Platinum","[PREMIUM]","[PREMIUM]",1,"SUV","Lunar Rock","Black","Four-wheel Drive",,,"Gasoline",,,"dealership","[PREMIUM]","Decatur","AL","[PREMIUM]",,"[]",,,"[PREMIUM]"
"96b0681b-5772-425f-8777-b251efb925bf","2026-05-29 21:24:40.326","2026-06-01 21:24:57.149","96b0681b-5772-425f-8777-b251efb925bf","[PREMIUM]","New",2026,"Chevrolet","Suburban","High Country, 4WD","[PREMIUM]","[PREMIUM]",0,"SUV","Polar White Tricoat","Jet Black/Mocha","Four-wheel Drive",,,"Gasoline",,,"dealership","[PREMIUM]","O Fallon","MO","[PREMIUM]",,"[]",,,"[PREMIUM]"
"607bc47e-5ed4-4df6-8d4f-091ab77de7ae","2026-05-29 21:24:30.035","2026-05-29 21:24:30.035","607bc47e-5ed4-4df6-8d4f-091ab77de7ae","[PREMIUM]","New",2026,"BMW","X5","xDrive40i","[PREMIUM]","[PREMIUM]",0,"SUV","Tanzanite Blue II Metallic","Ivory White","All-wheel Drive",,,"Gasoline",,,"dealership","[PREMIUM]","Camarillo","CA","[PREMIUM]",,"[]",,,"[PREMIUM]"
"22bdbb59-cf66-4cbd-8cdf-cf6f6b432a0d","2026-05-29 21:24:20.671","2026-05-29 21:24:20.671","22bdbb59-cf66-4cbd-8cdf-cf6f6b432a0d","[PREMIUM]","New",2026,"Land Rover","Defender","P400 X-Dynamic SE","[PREMIUM]","[PREMIUM]",14,"SUV","Woolstone Green","Ebony","AWD",,,"Gasoline",,,"dealership","[PREMIUM]","Clear Lake","TX","[PREMIUM]",,"[]",,,"[PREMIUM]"
"eece010e-bbed-4d6f-8201-cfcbc40244f0","2026-05-29 21:24:20.541","2026-06-01 21:24:36.739","eece010e-bbed-4d6f-8201-cfcbc40244f0","[PREMIUM]","New",2026,"Ford","Expedition Max","Platinum","[PREMIUM]","[PREMIUM]",5,"SUV","Agate Black Metallic","Mojave","Four-wheel Drive",,,"Gasoline",,,"dealership","[PREMIUM]","Columbia","KY","[PREMIUM]",,"[]",,,"[PREMIUM]"
"c8b3ec69-40be-4f5b-9d09-cd2c6d6b4009","2026-05-29 21:24:20.235","2026-05-29 21:24:20.235","c8b3ec69-40be-4f5b-9d09-cd2c6d6b4009","[PREMIUM]","New",2026,"GMC","Sierra 2500","Denali","[PREMIUM]","[PREMIUM]",2,"Truck","Glacier White","Atmosphere","Four-wheel Drive",,,"Diesel",,,"dealership","[PREMIUM]","STILLWATER","OK","[PREMIUM]",,"[]",,,"[PREMIUM]"
"b1ec120d-fbd8-4486-9852-94b8d2cffef1","2026-05-29 21:24:19.964","2026-05-29 21:24:19.964","b1ec120d-fbd8-4486-9852-94b8d2cffef1","[PREMIUM]","New",2026,"Lexus","GX 550","Luxury+","[PREMIUM]","[PREMIUM]",0,"SUV","Nebula Gray Pearl",,"Four Wheel Drive",,,"Premium unleaded",,,"dealership","[PREMIUM]","Lindon","UT","[PREMIUM]",,"[]",,,"[PREMIUM]"
"778c927b-c470-46f9-879b-569bd2e24bf9","2026-05-29 21:24:19.882","2026-05-29 21:24:19.882","778c927b-c470-46f9-879b-569bd2e24bf9","[PREMIUM]","New",2026,"Ford","F-350","Platinum","[PREMIUM]","[PREMIUM]",5,"Truck","Gray",,"Four Wheel Drive",,,"Diesel",,,"dealership","[PREMIUM]","American Fork","UT","[PREMIUM]",,"[]",,,"[PREMIUM]"
"16031dab-0d58-4d4b-8d18-76d89f99a538","2026-05-29 21:24:19.879","2026-05-29 21:24:19.879","16031dab-0d58-4d4b-8d18-76d89f99a538","[PREMIUM]","New",2026,"BMW","i5","M60","[PREMIUM]","[PREMIUM]",0,"Sedan","Brooklyn Grey Metallic","Black","All-wheel Drive",,,"Electric",,,"dealership","[PREMIUM]","Camarillo","CA","[PREMIUM]",,"[]",,,"[PREMIUM]"
"088c87ae-a227-47cb-bb38-87a85a6c91dc","2026-05-29 21:24:19.871","2026-05-29 21:24:19.871","088c87ae-a227-47cb-bb38-87a85a6c91dc","[PREMIUM]","New",2026,"Chevrolet","Suburban","High Country","[PREMIUM]","[PREMIUM]",2,"SUV","Polar White","Jet Black","Four-wheel Drive",,,"Gasoline",,,"dealership","[PREMIUM]","Decatur","TX","[PREMIUM]",,"[]",,,"[PREMIUM]"
"1becfa2a-39e2-4594-9caf-2c169f66b534","2026-05-29 21:24:19.817","2026-05-29 21:24:19.817","1becfa2a-39e2-4594-9caf-2c169f66b534","[PREMIUM]","New",2026,"BMW","i5","M60","[PREMIUM]","[PREMIUM]",12,"Sedan","Alpine White","Black","All-wheel Drive",,,"Electric",,,"dealership","[PREMIUM]","Camarillo","CA","[PREMIUM]",,"[]",,,"[PREMIUM]"
"d0d7fff7-e4c6-4f79-b077-9ce5ab01a2c7","2026-05-29 21:24:19.763","2026-05-29 21:24:19.763","d0d7fff7-e4c6-4f79-b077-9ce5ab01a2c7","[PREMIUM]","Used",2026,"Porsche","Macan","S","[PREMIUM]","[PREMIUM]",6331,"SUV","Copper","Black","All-wheel Drive",,,"Gasoline",,,"dealership","[PREMIUM]","West Palm Beach","FL","[PREMIUM]",,"[]",,,"[PREMIUM]"
"2736706d-318e-4c74-b77f-53093db1078a","2026-05-29 21:24:19.753","2026-05-29 21:24:19.753","2736706d-318e-4c74-b77f-53093db1078a","[PREMIUM]","New",2026,"Land Rover","Defender","110 X-Dynamic SE","[PREMIUM]","[PREMIUM]",14,"SUV","Tasman Blue","Light Cloud","AWD",,,"Gasoline",,,"dealership","[PREMIUM]","Clear Lake","TX","[PREMIUM]",,"[]",,,"[PREMIUM]"
"68899edd-ff8f-4c3b-bda3-02ac72c29da3","2026-05-29 21:24:19.739","2026-05-29 21:24:19.739","68899edd-ff8f-4c3b-bda3-02ac72c29da3","[PREMIUM]","New",2026,"Mercedes-Benz","AMG GLE 53","Base","[PREMIUM]","[PREMIUM]",10,"SUV","Obsidian Black Metallic","Red Pepper","All-wheel Drive",,,"Gasoline",,,"dealership","[PREMIUM]","Littleton","CO","[PREMIUM]",,"[]",,,"[PREMIUM]"
"9a92faf1-3435-41c5-ba6b-b83d9e764ac6","2026-05-29 21:24:19.712","2026-05-29 21:24:19.712","9a92faf1-3435-41c5-ba6b-b83d9e764ac6","[PREMIUM]","New",2026,"Chevrolet","Suburban","Premier","[PREMIUM]","[PREMIUM]",3,"SUV","Polar White Tricoat","Jet Black","Four-wheel Drive",,,"Gasoline",,,"dealership","[PREMIUM]","Fenton","MO","[PREMIUM]",,"[]",,,"[PREMIUM]"
"1a548cae-e11a-4811-ad77-f733087728fd","2026-05-29 21:24:19.658","2026-06-01 21:24:36.791","1a548cae-e11a-4811-ad77-f733087728fd","[PREMIUM]","New",2026,"Chevrolet","Silverado 2500","High Country","[PREMIUM]","[PREMIUM]",0,"Truck","Black","Jet Black","Four-wheel Drive",,,"Diesel",,,"dealership","[PREMIUM]","Greensboro","NC","[PREMIUM]",,"[]",,,"[PREMIUM]"
"3caf7229-aa47-4384-97b7-4fe72674663c","2026-05-29 21:24:19.589","2026-05-29 21:24:19.589","3caf7229-aa47-4384-97b7-4fe72674663c","[PREMIUM]","New",2026,"Mercedes-Benz","GLE 450","4MATIC","[PREMIUM]","[PREMIUM]",10,"SUV","Selenite Gray Metallic","Black","All-wheel Drive",,,"Gasoline",,,"dealership","[PREMIUM]","Littleton","CO","[PREMIUM]",,"[]",,,"[PREMIUM]"
"8fc95de6-62f5-4a34-b2dd-56324a8db5de","2026-05-29 21:24:19.587","2026-05-29 21:24:19.587","8fc95de6-62f5-4a34-b2dd-56324a8db5de","[PREMIUM]","Used",2026,"Ford","F-350","Platinum","[PREMIUM]","[PREMIUM]",1181,"Truck","Avalanche","Black Onyx/Platinum Blue","Four-wheel Drive",,,"Diesel",,,"dealership","[PREMIUM]","Fort Collins","CO","[PREMIUM]",,"[]",,,"[PREMIUM]"
"3e8ffb4c-19df-4bc2-bdd6-0ec7b550d7f5","2026-05-29 21:24:09.357","2026-05-29 21:24:09.357","3e8ffb4c-19df-4bc2-bdd6-0ec7b550d7f5","[PREMIUM]","New",2026,"GMC","Yukon","Denali","[PREMIUM]","[PREMIUM]",2,"SUV","Glacier White","Teak","Four-wheel Drive",,,"Gasoline",,,"dealership","[PREMIUM]","Decatur","TX","[PREMIUM]",,"[]",,,"[PREMIUM]"
"ab69cff0-56fd-4c25-b9ee-7a1ec59f7c51","2026-05-29 21:24:09.243","2026-06-01 21:24:26.667","ab69cff0-56fd-4c25-b9ee-7a1ec59f7c51","[PREMIUM]","New",2026,"Chevrolet","Tahoe","4WD High Country","[PREMIUM]","[PREMIUM]",3,"SUV","Sterling Gray Metallic","Jet Black/Mocha","Four-wheel Drive",,,"Gasoline",,,"dealership","[PREMIUM]","Fenton","MO","[PREMIUM]",,"[]",,,"[PREMIUM]"
"ccf33afe-94ac-4f50-b84f-af7d0620c79f","2026-05-29 21:24:09.189","2026-05-29 21:24:09.189","ccf33afe-94ac-4f50-b84f-af7d0620c79f","[PREMIUM]","New",2026,"Chevrolet","Suburban","Premier","[PREMIUM]","[PREMIUM]",3,"SUV","Black","Jet Black","Four-wheel Drive",,,"Gasoline",,,"dealership","[PREMIUM]","Fenton","MO","[PREMIUM]",,"[]",,,"[PREMIUM]"
"c7d64259-245d-48f7-9b88-710fc356ea92","2026-05-29 21:24:09.182","2026-05-29 21:24:09.182","c7d64259-245d-48f7-9b88-710fc356ea92","[PREMIUM]","New",2026,"Ford","Expedition Max","Platinum","[PREMIUM]","[PREMIUM]",15,"SUV","Star White",,"4WD",,,"Gasoline",,,"dealership","[PREMIUM]","Columbia","KY","[PREMIUM]",,"[]",,,"[PREMIUM]"
"3790c85e-3947-4302-822a-1037eab0277e","2026-05-29 21:24:09.177","2026-05-29 21:24:09.177","3790c85e-3947-4302-822a-1037eab0277e","[PREMIUM]","New",2026,"RAM","2500","Rebel/Power Wagon","[PREMIUM]","[PREMIUM]",,"Truck","Blue Metallic","Black","4WD",,,"Gasoline",,,"dealership","[PREMIUM]","Enfield","CT","[PREMIUM]",,"[]",,,"[PREMIUM]"
"44f0c3ed-43a1-408b-87c2-59b907e03f5e","2026-05-29 21:24:09.103","2026-06-01 21:24:26.667","44f0c3ed-43a1-408b-87c2-59b907e03f5e","[PREMIUM]","New",2026,"GMC","Yukon","Denali","[PREMIUM]","[PREMIUM]",1,"SUV","Sterling","Jet Black","Four-wheel Drive",,,"Gasoline",,,"dealership","[PREMIUM]","Decatur","TX","[PREMIUM]",,"[]",,,"[PREMIUM]"
"2a2732ee-3e59-4b01-97ab-21a4ccf4e1ef","2026-05-29 21:24:09.102","2026-06-01 21:24:26.694","2a2732ee-3e59-4b01-97ab-21a4ccf4e1ef","[PREMIUM]","New",2026,"Porsche","Macan","Base","[PREMIUM]","[PREMIUM]",12,"SUV","Chalk",,"All-wheel Drive",,,"Gasoline",,,"dealership","[PREMIUM]","West Palm Beach","FL","[PREMIUM]",,"[]",,,"[PREMIUM]"
"411814fb-df44-4fc5-bab9-0f6b63307b84","2026-05-29 21:24:09.091","2026-05-29 21:24:09.091","411814fb-df44-4fc5-bab9-0f6b63307b84","[PREMIUM]","New",2026,"GMC","Sierra 2500","AT4X","[PREMIUM]","[PREMIUM]",7,"Truck","Onyx Black","Obsidian Rush","Four-wheel Drive",,,"Diesel",,,"dealership","[PREMIUM]","Decatur","TX","[PREMIUM]",,"[]",,,"[PREMIUM]"
"d3f8602c-aa28-4c58-ad5a-551ef1e05d13","2026-05-29 21:24:09.085","2026-05-29 21:24:09.085","d3f8602c-aa28-4c58-ad5a-551ef1e05d13","[PREMIUM]","New",2026,"RAM","1500","RHO","[PREMIUM]","[PREMIUM]",,"Truck","Bright White Clearcoat","Black","4WD",,,"Gasoline",,,"dealership","[PREMIUM]","Enfield","CT","[PREMIUM]",,"[]",,,"[PREMIUM]"
"ba7e45e7-44ba-4d92-9069-d149cfd7bf97","2026-05-29 21:24:09.056","2026-05-29 21:24:09.056","ba7e45e7-44ba-4d92-9069-d149cfd7bf97","[PREMIUM]","New",2026,"Mercedes-Benz","AMG CLA 45","Base 4MATIC","[PREMIUM]","[PREMIUM]",6,"Sedan","MANUFAKTUR Mountain Gray","Black","All-wheel Drive",,,"Gasoline",,,"dealership","[PREMIUM]","Littleton","CO","[PREMIUM]",,"[]",,,"[PREMIUM]"
"1293218d-5738-45f4-8973-309b627acfbf","2026-05-29 21:23:28.459","2026-05-29 21:23:28.459","1293218d-5738-45f4-8973-309b627acfbf","[PREMIUM]","New",2027,"BMW","X6","xDrive40i","[PREMIUM]","[PREMIUM]",5,"SUV","Alpine White","COGNAC SENSAFIN","All-wheel Drive",,,"Gasoline",,,"dealership","[PREMIUM]","Springfield","MO","[PREMIUM]",,"[]",,,"[PREMIUM]"
"301c8159-98af-4c92-927a-5a71602becff","2026-05-29 21:21:18.134","2026-06-01 21:21:25.973","301c8159-98af-4c92-927a-5a71602becff","[PREMIUM]","Used",2013,"Porsche","911","Carrera S","[PREMIUM]","[PREMIUM]",45537,"Convertible","White","Carrera Red","Rear-wheel Drive",,,"Gasoline",,,"dealership","[PREMIUM]","West Palm Beach","FL","[PREMIUM]",,"[]",,,"[PREMIUM]"
"27e4c21a-3902-4a81-830c-aaa4cb5fe699","2026-05-29 21:21:18.028","2026-06-01 21:21:25.970","27e4c21a-3902-4a81-830c-aaa4cb5fe699","[PREMIUM]","Used",2014,"Bentley","Continental GT","Base","[PREMIUM]","[PREMIUM]",11370,"Coupe","Black","White","All-wheel Drive",,,"E85 Flex Fuel",,,"private","[PREMIUM]",,,"[PREMIUM]",,"[]",,,"[PREMIUM]"
"6bafdd9b-0c68-4e8b-8fe2-90d07b219cff","2026-05-29 21:19:57.661","2026-05-29 21:19:57.661","6bafdd9b-0c68-4e8b-8fe2-90d07b219cff","[PREMIUM]","Used",2020,"Porsche","Taycan","Turbo Sedan 4D","[PREMIUM]","[PREMIUM]",10900,"Sedan","White","Atacama Beige/Basalt Black","All-wheel Drive",,,"Electric",,,"dealership","[PREMIUM]","Bayside","NY","[PREMIUM]",,"[]",,,"[PREMIUM]"
"b45a9edc-6cc4-4c53-a033-882690bf5de5","2026-05-29 21:19:47.606","2026-05-29 21:19:47.606","b45a9edc-6cc4-4c53-a033-882690bf5de5","[PREMIUM]","Used",2023,"Land Rover","Range Rover","P400 SE","[PREMIUM]","[PREMIUM]",24665,"SUV","Green",,"All-wheel Drive",,,"Gasoline",,,"dealership","[PREMIUM]","Salt Lake City","UT","[PREMIUM]",,"[]",,,"[PREMIUM]"
"f6f0ead9-0ff8-4cb7-8e7f-3d3b1f086cf0","2026-05-29 21:19:37.597","2026-05-29 21:19:37.597","f6f0ead9-0ff8-4cb7-8e7f-3d3b1f086cf0","[PREMIUM]","Used",2023,"BMW","XM","Base","[PREMIUM]","[PREMIUM]",29709,"SUV","Carbon Black Metallic","Black","All-wheel Drive",,,"Hybrid",,,"dealership","[PREMIUM]","Highlands Ranch","CO","[PREMIUM]",,"[]",,,"[PREMIUM]"
"0578164e-be2d-499a-a83b-0aa96ae541be","2026-05-29 21:19:37.545","2026-05-29 21:19:37.545","0578164e-be2d-499a-a83b-0aa96ae541be","[PREMIUM]","Used",2023,"Chevrolet","Corvette","Stingray w/3LT","[PREMIUM]","[PREMIUM]",3106,"Convertible","White Pearl Metallic Tricoat","Ceramic White w/Red Stitching","Rear-wheel Drive",,,"Gasoline",,,"dealership","[PREMIUM]","Leesburg","FL","[PREMIUM]",,"[]",,,"[PREMIUM]"
"c4995e59-f7c9-4559-a987-ea1ee2c103ff","2026-05-29 21:19:37.508","2026-05-29 21:19:37.508","c4995e59-f7c9-4559-a987-ea1ee2c103ff","[PREMIUM]","Used",2024,"RAM","1500","TRX","[PREMIUM]","[PREMIUM]",41236,"Truck","Billet Silver Metallic Clearcoat","Black","Four-wheel Drive",,,"Gasoline",,,"dealership","[PREMIUM]","Hurst","TX","[PREMIUM]",,"[]",,,"[PREMIUM]"
"dfd7f344-be89-40c3-bf39-b20b6e3db6df","2026-05-29 21:19:17.235","2026-05-29 21:19:17.235","dfd7f344-be89-40c3-bf39-b20b6e3db6df","[PREMIUM]","Used",2024,"Porsche","Macan","GTS","[PREMIUM]","[PREMIUM]",28396,"SUV","Jet Black Metallic","Black","All-wheel Drive",,,"Gasoline",,,"dealership","[PREMIUM]","West Palm Beach","FL","[PREMIUM]",,"[]",,,"[PREMIUM]"
"0a5a7f61-718d-4b5a-9e3f-c2217a75a5fc","2026-05-29 21:17:37.039","2026-05-29 21:17:37.039","0a5a7f61-718d-4b5a-9e3f-c2217a75a5fc","[PREMIUM]","Used",2025,"Porsche","Macan","4S","[PREMIUM]","[PREMIUM]",9792,"SUV","Slate Gray","Black","All-wheel Drive",,,"Electric",,,"dealership","[PREMIUM]","West Palm Beach","FL","[PREMIUM]",,"[]",,,"[PREMIUM]"
"29fb17f2-9057-414c-bc31-9531399f836c","2026-05-29 21:17:36.999","2026-05-29 21:17:36.999","29fb17f2-9057-414c-bc31-9531399f836c","[PREMIUM]","Used",2025,"Porsche","Taycan","Base","[PREMIUM]","[PREMIUM]",12447,"Sedan","Grn/Green","Gry/Gray",,,,"Electric",,,"dealership","[PREMIUM]","Miami","FL","[PREMIUM]",,"[]",,,"[PREMIUM]"
"a211f0a6-963a-49de-9e31-b8d75a311b9a","2026-05-29 21:15:46.663","2026-05-29 21:15:46.663","a211f0a6-963a-49de-9e31-b8d75a311b9a","[PREMIUM]","New",2026,"Mercedes-Benz","GLE 450","4MATIC","[PREMIUM]","[PREMIUM]",45,"SUV","Selenite Grey","Classic Red/Black","All-wheel Drive",,,"Gasoline",,,"dealership","[PREMIUM]","Buena Park","CA","[PREMIUM]",,"[]",,,"[PREMIUM]"
"a89050cd-4ab4-4687-aed7-a2d935a40941","2026-05-29 21:15:36.493","2026-05-29 21:15:36.493","a89050cd-4ab4-4687-aed7-a2d935a40941","[PREMIUM]","New",2026,"Audi","Q8","Premium Plus","[PREMIUM]","[PREMIUM]",8,"SUV","Mythos Black Metallic",,"All-wheel Drive",,,"Gasoline",,,"dealership","[PREMIUM]","Cherry Hill","NJ","[PREMIUM]",,"[]",,,"[PREMIUM]"
"e18c4b68-7e96-46b7-9acb-33bd3a27d5fa","2026-05-29 21:15:36.454","2026-05-29 21:15:36.454","e18c4b68-7e96-46b7-9acb-33bd3a27d5fa","[PREMIUM]","New",2026,"GMC","Yukon","Elevation","[PREMIUM]","[PREMIUM]",0,"SUV","Summit White","Jet Black","Four-wheel Drive",,,"Gasoline",,,"dealership","[PREMIUM]","Richmond","VA","[PREMIUM]",,"[]",,,"[PREMIUM]"
"efc7540d-b0ab-4c95-a639-22f36a603bf8","2026-05-29 21:15:16.308","2026-05-29 21:15:16.308","efc7540d-b0ab-4c95-a639-22f36a603bf8","[PREMIUM]","New",2026,"Ford","F-350","Lariat","[PREMIUM]","[PREMIUM]",11,"Truck","Carbonized Gray Metallic","Black Onyx","Four-wheel Drive",,,"Diesel",,,"dealership","[PREMIUM]","Baraboo","WI","[PREMIUM]",,"[]",,,"[PREMIUM]"
"5bf97e16-c242-4ae2-9b0c-ab249868e76e","2026-05-29 21:15:16.300","2026-05-29 21:15:16.300","5bf97e16-c242-4ae2-9b0c-ab249868e76e","[PREMIUM]","New",2026,"GMC","Sierra 2500","AT4","[PREMIUM]","[PREMIUM]",0,"Truck","Sterling","Jet Black","4WD",,,"Diesel",,,"dealership","[PREMIUM]","Boerne","TX","[PREMIUM]",,"[]",,,"[PREMIUM]"
"4684b58f-a0c4-4ed9-ba04-5bfaa92942c9","2026-05-29 21:15:16.291","2026-05-29 21:15:16.291","4684b58f-a0c4-4ed9-ba04-5bfaa92942c9","[PREMIUM]","New",2026,"BMW","X5","xDrive40i","[PREMIUM]","[PREMIUM]",,"SUV","Manhattan Green Metallic","Black","AWD",,,"Gasoline",,,"dealership","[PREMIUM]","Nashua","NH","[PREMIUM]",,"[]",,,"[PREMIUM]"
"d56e0480-2250-4330-90f8-43f1bb467ab8","2026-05-29 21:15:16.271","2026-06-01 21:15:32.027","d56e0480-2250-4330-90f8-43f1bb467ab8","[PREMIUM]","New",2026,"Mercedes-Benz","GLE 450","4MATIC","[PREMIUM]","[PREMIUM]",,"SUV","Moonlight White","Black","All-wheel Drive",,,"Gasoline",,,"dealership","[PREMIUM]","Chantilly","VA","[PREMIUM]",,"[]",,,"[PREMIUM]"
"55d265db-a2ba-4a68-9fa9-cbdedfa976d9","2026-05-29 21:15:06.665","2026-05-29 21:15:06.665","55d265db-a2ba-4a68-9fa9-cbdedfa976d9","[PREMIUM]","New",2026,"Ford","F-150","Platinum","[PREMIUM]","[PREMIUM]",10,"Truck","White","Black","4WD",,,"Hybrid",,,"dealership","[PREMIUM]","Prosser","WA","[PREMIUM]",,"[]",,,"[PREMIUM]"
"cbff61a3-a869-4f6a-9529-7355d2ed53a8","2026-05-29 21:15:06.206","2026-05-29 21:15:06.206","cbff61a3-a869-4f6a-9529-7355d2ed53a8","[PREMIUM]","New",2026,"Land Rover","Defender","P400 X-Dynamic SE","[PREMIUM]","[PREMIUM]",1,"SUV","Borasco Grey","Ebony","AWD",,,"Gasoline",,,"dealership","[PREMIUM]","Eatontown","NJ","[PREMIUM]",,"[]",,,"[PREMIUM]"
"ef0aca20-9604-4bdf-959c-9665eb92c664","2026-05-29 21:15:06.175","2026-05-29 21:15:06.175","ef0aca20-9604-4bdf-959c-9665eb92c664","[PREMIUM]","New",2026,"GMC","Sierra 2500","AT4","[PREMIUM]","[PREMIUM]",10,"Truck","Volcanic Red","Jet Black","Four-wheel Drive",,,"Diesel",,,"dealership","[PREMIUM]","San Angelo","TX","[PREMIUM]",,"[]",,,"[PREMIUM]"
"7d5cc068-845e-4145-b7e1-6b4fc46b8456","2026-05-29 21:15:06.065","2026-05-29 21:15:06.065","7d5cc068-845e-4145-b7e1-6b4fc46b8456","[PREMIUM]","New",2026,"GMC","Yukon","4WD Elevation","[PREMIUM]","[PREMIUM]",0,"SUV","Titanium Rush Metallic","Jet Black","Four-wheel Drive",,,"Gasoline",,,"dealership","[PREMIUM]","henrietta","NY","[PREMIUM]",,"[]",,,"[PREMIUM]"
"4728cc50-4b1d-4785-b54d-af4de9f0fcde","2026-05-29 21:15:06.004","2026-05-29 21:15:06.004","4728cc50-4b1d-4785-b54d-af4de9f0fcde","[PREMIUM]","New",2026,"Ford","F-250","Lariat","[PREMIUM]","[PREMIUM]",,"Truck","Black",,"4WD",,,"Diesel",,,"dealership","[PREMIUM]","Georgetown","TX","[PREMIUM]",,"[]",,,"[PREMIUM]"
"c669e1ee-f62a-461a-b0bd-554865a897cd","2026-05-29 21:15:05.975","2026-05-29 21:15:05.975","c669e1ee-f62a-461a-b0bd-554865a897cd","[PREMIUM]","New",2026,"BMW","X5","xDrive40i","[PREMIUM]","[PREMIUM]",6,"SUV","Gray Metallic","Black","AWD",,,"Gasoline",,,"dealership","[PREMIUM]","Naples","FL","[PREMIUM]",,"[]",,,"[PREMIUM]"
"65c27cf3-0224-476d-a8c3-17309769582e","2026-05-29 21:15:05.955","2026-05-29 21:15:05.955","65c27cf3-0224-476d-a8c3-17309769582e","[PREMIUM]","New",2026,"Chevrolet","Suburban","Z71","[PREMIUM]","[PREMIUM]",5,"SUV","Black","Jet Black","Four-wheel Drive",,,"Diesel",,,"dealership","[PREMIUM]","Tampa","FL","[PREMIUM]",,"[]",,,"[PREMIUM]"
"00b908dc-84f0-41cb-8ffe-eef80f1e0976","2026-05-29 21:15:05.944","2026-05-29 21:15:05.944","00b908dc-84f0-41cb-8ffe-eef80f1e0976","[PREMIUM]","New",2026,"BMW","X5","xDrive40i","[PREMIUM]","[PREMIUM]",8,"SUV","Black Sapphire Metallic","Cognac","All-wheel Drive",,,"Gasoline",,,"dealership","[PREMIUM]","Carlsbad","CA","[PREMIUM]",,"[]",,,"[PREMIUM]"
"14cbdc65-3367-44ee-b492-48dc905ec9cd","2026-05-29 21:15:05.933","2026-05-29 21:15:05.933","14cbdc65-3367-44ee-b492-48dc905ec9cd","[PREMIUM]","New",2026,"Ford","Expedition","Platinum","[PREMIUM]","[PREMIUM]",4,"SUV","GLACIER GRAY MET TRI-COAT","BLACK ONYX LTHR-TRIMMED","Four-wheel Drive",,,"Gasoline",,,"dealership","[PREMIUM]","Coeur D'alene","ID","[PREMIUM]",,"[]",,,"[PREMIUM]"
"c572dd2c-e9f0-482e-b8f4-22f48c3e559d","2026-05-29 21:15:05.921","2026-05-29 21:15:05.921","c572dd2c-e9f0-482e-b8f4-22f48c3e559d","[PREMIUM]","New",2026,"RAM","3500","Laramie","[PREMIUM]","[PREMIUM]",17,"Truck","White","Black","4WD",,,"Diesel",,,"dealership","[PREMIUM]","Henderson","NV","[PREMIUM]",,"[]",,,"[PREMIUM]"
"90af0373-8989-41e5-a899-79b1f07537e0","2026-05-29 21:15:05.909","2026-05-29 21:15:05.909","90af0373-8989-41e5-a899-79b1f07537e0","[PREMIUM]","New",2026,"GMC","Yukon XL","Elevation","[PREMIUM]","[PREMIUM]",0,"SUV","Sterling","Jet Black","4WD",,,"Gasoline",,,"dealership","[PREMIUM]","Boerne","TX","[PREMIUM]",,"[]",,,"[PREMIUM]"
"f8dfd90d-77b5-43e9-8d52-094c73e19365","2026-05-29 21:15:05.888","2026-05-29 21:15:05.888","f8dfd90d-77b5-43e9-8d52-094c73e19365","[PREMIUM]","New",2026,"Ford","Expedition","Platinum","[PREMIUM]","[PREMIUM]",0,"SUV","Black Metallic","Mojave","4WD",,,"Gasoline",,,"dealership","[PREMIUM]","Southfield","MI","[PREMIUM]",,"[]",,,"[PREMIUM]"
"c728bda3-6af5-49ae-ac5c-252b6382ae3e","2026-05-29 21:15:05.873","2026-05-29 21:15:05.873","c728bda3-6af5-49ae-ac5c-252b6382ae3e","[PREMIUM]","New",2026,"GMC","Yukon","Elevation","[PREMIUM]","[PREMIUM]",0,"SUV","Summit White","Jet Black","4WD",,,"Gasoline",,,"dealership","[PREMIUM]","Merrillville","IN","[PREMIUM]",,"[]",,,"[PREMIUM]"
"0a7afcd9-c12c-40dc-8814-4df99199cdab","2026-05-29 21:14:55.527","2026-05-29 21:14:55.527","0a7afcd9-c12c-40dc-8814-4df99199cdab","[PREMIUM]","New",2026,"Chevrolet","Silverado 2500","High Country","[PREMIUM]","[PREMIUM]",0,"Truck","Gray","Jet Black","4WD",,,"Diesel",,,"dealership","[PREMIUM]","Humble","TX","[PREMIUM]",,"[]",,,"[PREMIUM]"
"533d112b-5928-4e9b-a650-767fae8f92e4","2026-05-29 21:14:55.526","2026-06-01 21:15:01.892","533d112b-5928-4e9b-a650-767fae8f92e4","[PREMIUM]","New",2026,"GMC","Sierra 1500","Denali Ultimate","[PREMIUM]","[PREMIUM]",0,"Truck","Glacier White Tricoat","Alpine Umber","Four-wheel Drive",,,"Diesel",,,"dealership","[PREMIUM]","Altoona","PA","[PREMIUM]",,"[]",,,"[PREMIUM]"
"46e3747f-93fd-4d7e-85ef-f9be5eb31187","2026-05-29 21:14:55.429","2026-05-29 21:14:55.429","46e3747f-93fd-4d7e-85ef-f9be5eb31187","[PREMIUM]","New",2026,"BMW","X6","xDrive40i","[PREMIUM]","[PREMIUM]",10,"SUV","Alpine White","Tacora Red","All-wheel Drive",,,"Gasoline",,,"dealership","[PREMIUM]","Valencia","CA","[PREMIUM]",,"[]",,,"[PREMIUM]"
"a560e8c3-b7cd-480c-9dc3-4f34e64e4f0e","2026-05-29 21:14:55.311","2026-05-29 21:14:55.311","a560e8c3-b7cd-480c-9dc3-4f34e64e4f0e","[PREMIUM]","New",2026,"Chevrolet","Silverado 2500","ZR2","[PREMIUM]","[PREMIUM]",0,"Truck","Black","Jet Black","4WD",,,"Diesel",,,"dealership","[PREMIUM]","Humble","TX","[PREMIUM]",,"[]",,,"[PREMIUM]"
"46415a0d-7b18-4225-ae5d-945800620625","2026-05-29 21:14:55.279","2026-05-29 21:14:55.279","46415a0d-7b18-4225-ae5d-945800620625","[PREMIUM]","New",2026,"Chevrolet","Silverado 2500","Crew Cab, Standard Bed, XR2, 4WD","[PREMIUM]","[PREMIUM]",25,"Truck","Black","Jet Black/Graystone","Four-wheel Drive",,,"Diesel",,,"dealership","[PREMIUM]","Rigby","ID","[PREMIUM]",,"[]",,,"[PREMIUM]"
"401fa827-0bee-4ead-acb8-5d8140efacaa","2026-05-29 21:14:55.234","2026-05-29 21:14:55.234","401fa827-0bee-4ead-acb8-5d8140efacaa","[PREMIUM]","New",2026,"Mercedes-Benz","GLE 450","4MATIC","[PREMIUM]","[PREMIUM]",5,"SUV","Black","Black","All-wheel Drive",,,"Gasoline",,,"dealership","[PREMIUM]","Austin","TX","[PREMIUM]",,"[]",,,"[PREMIUM]"
"a5152474-8336-4d8c-85b8-9591d447ca48","2026-05-29 21:14:55.208","2026-05-29 21:14:55.208","a5152474-8336-4d8c-85b8-9591d447ca48","[PREMIUM]","New",2026,"GMC","Yukon","Denali","[PREMIUM]","[PREMIUM]",2,"SUV","Onyx Black",,"Four-wheel Drive",,,"Gasoline",,,"dealership","[PREMIUM]","Tullahoma","TN","[PREMIUM]",,"[]",,,"[PREMIUM]"
"fe332b52-051a-4743-8af0-2cfb48b93425","2026-05-29 21:14:55.180","2026-05-29 21:14:55.180","fe332b52-051a-4743-8af0-2cfb48b93425","[PREMIUM]","New",2026,"Mercedes-Benz","GLE 450e","4MATIC","[PREMIUM]","[PREMIUM]",0,"SUV","MANUFAKTUR Alpine Grey","Black MB-Tex","All-wheel Drive",,,"Gasoline",,,"dealership","[PREMIUM]","Arlington","VA","[PREMIUM]",,"[]",,,"[PREMIUM]"
"da1d5650-0bb8-4cf3-86ed-7be54257661c","2026-05-29 21:14:55.167","2026-05-29 21:14:55.167","da1d5650-0bb8-4cf3-86ed-7be54257661c","[PREMIUM]","New",2026,"Chevrolet","Silverado 3500","LTZ","[PREMIUM]","[PREMIUM]",5,"Truck","Blue","Jet Black, Perforated leather-appointed front outboard seating p","Four-wheel Drive",,,"Diesel",,,"dealership","[PREMIUM]","Estero","FL","[PREMIUM]",,"[]",,,"[PREMIUM]"
"df8dc592-c77a-458a-a546-d7635dd27fe7","2026-05-29 21:14:55.156","2026-05-29 21:14:55.156","df8dc592-c77a-458a-a546-d7635dd27fe7","[PREMIUM]","New",2026,"Volvo","XC90 Plug-In Hybrid","T8 Ultra 6-Seater","[PREMIUM]","[PREMIUM]",8,"SUV","Crystal White Pearl","Blonde","All-wheel Drive",,,"Hybrid",,,"dealership","[PREMIUM]","Santa Monica","CA","[PREMIUM]",,"[]",,,"[PREMIUM]"
"d83476f3-9ef2-428a-ba99-0daa1ce7f12d","2026-05-29 21:14:45.140","2026-05-29 21:14:45.140","d83476f3-9ef2-428a-ba99-0daa1ce7f12d","[PREMIUM]","New",2026,"Nissan","Armada","Platinum Reserve","[PREMIUM]","[PREMIUM]",5,"SUV","Alpine Metallic","Charcoal w/Espresso","Four Wheel Drive",,,"Premium unleaded",,,"dealership","[PREMIUM]","Clarendon","VT","[PREMIUM]",,"[]",,,"[PREMIUM]"
"f30110df-790a-409e-a3ce-9a9de7eeffbe","2026-05-29 21:14:44.893","2026-05-29 21:14:44.893","f30110df-790a-409e-a3ce-9a9de7eeffbe","[PREMIUM]","New",2026,"RAM","3500","Laramie","[PREMIUM]","[PREMIUM]",10,"Truck","Diamond Black","Black","4WD",,,"Diesel",,,"dealership","[PREMIUM]","Newton","NC","[PREMIUM]",,"[]",,,"[PREMIUM]"
"0f2369db-7a01-4761-a475-6d357e445f5e","2026-05-29 21:14:44.788","2026-05-29 21:14:44.788","0f2369db-7a01-4761-a475-6d357e445f5e","[PREMIUM]","New",2026,"Ford","F-150","Raptor","[PREMIUM]","[PREMIUM]",5,"Truck","Oxford White",,"Four Wheel Drive",,,"Regular unleaded",,,"dealership","[PREMIUM]","American Fork","UT","[PREMIUM]",,"[]",,,"[PREMIUM]"
"0eae1abb-bb8e-44af-945a-5b13d33fef22","2026-05-29 21:14:44.709","2026-05-29 21:14:44.709","0eae1abb-bb8e-44af-945a-5b13d33fef22","[PREMIUM]","New",2026,"Toyota","Sequoia","TRD Pro","[PREMIUM]","[PREMIUM]",2,"SUV","0040","Black SofTex-trimmed [softex]","Four-wheel Drive",,,"Gasoline",,,"dealership","[PREMIUM]","Cheyenne","WY","[PREMIUM]",,"[]",,,"[PREMIUM]"
"f520a6d5-01b5-4a5f-bd2c-1dbeff992485","2026-05-29 21:14:44.687","2026-05-29 21:14:44.687","f520a6d5-01b5-4a5f-bd2c-1dbeff992485","[PREMIUM]","New",2026,"Ford","F-350","Lariat","[PREMIUM]","[PREMIUM]",5,"Truck","Glacier Gray Metallic Tri-Coat","Black Onyx","Four Wheel Drive",,,"Diesel",,,"dealership","[PREMIUM]","American Fork","UT","[PREMIUM]",,"[]",,,"[PREMIUM]"
"fd794ac5-460c-4d67-8bc2-439b2aab54e7","2026-05-29 21:14:44.665","2026-05-29 21:14:44.665","fd794ac5-460c-4d67-8bc2-439b2aab54e7","[PREMIUM]","New",2026,"Ford","F-350","Lariat","[PREMIUM]","[PREMIUM]",5,"Truck","Oxford White","Black Onyx","Four Wheel Drive",,,"Diesel",,,"dealership","[PREMIUM]","American Fork","UT","[PREMIUM]",,"[]",,,"[PREMIUM]"
"408673c4-9840-4eb5-91df-5e0bf0315903","2026-05-29 21:14:44.656","2026-05-29 21:14:44.656","408673c4-9840-4eb5-91df-5e0bf0315903","[PREMIUM]","New",2026,"Chevrolet","Tahoe","Premier","[PREMIUM]","[PREMIUM]",1,"SUV","Sterling Gray Metallic","Jet Black","Four-wheel Drive",,,"Gasoline",,,"dealership","[PREMIUM]","Massillon","OH","[PREMIUM]",,"[]",,,"[PREMIUM]"
"c93655f7-0109-46d2-a776-b688c3d5c817","2026-05-29 21:14:44.621","2026-05-29 21:14:44.621","c93655f7-0109-46d2-a776-b688c3d5c817","[PREMIUM]","New",2026,"Ford","F-350","Lariat","[PREMIUM]","[PREMIUM]",5,"Truck","Argon Blue Metallic","Black Onyx","Four Wheel Drive",,,"Diesel",,,"dealership","[PREMIUM]","American Fork","UT","[PREMIUM]",,"[]",,,"[PREMIUM]"
"30a5473b-9a30-49f9-89ee-a90f4777d382","2026-05-29 21:14:34.258","2026-05-29 21:14:34.258","30a5473b-9a30-49f9-89ee-a90f4777d382","[PREMIUM]","New",2026,"Chevrolet","Silverado 2500","LTZ","[PREMIUM]","[PREMIUM]",0,"Truck","Cypress","Jet Black","Four-wheel Drive",,,"Diesel",,,"dealership","[PREMIUM]","Greensboro","NC","[PREMIUM]",,"[]",,,"[PREMIUM]"
"2f9cb11b-8d45-448b-b5bd-d1ada949c2e1","2026-05-29 21:14:34.258","2026-06-01 21:14:51.642","2f9cb11b-8d45-448b-b5bd-d1ada949c2e1","[PREMIUM]","New",2026,"GMC","Sierra 1500","Denali Ultimate","[PREMIUM]","[PREMIUM]",2,"Truck","Dune","Alpine Umber","Four-wheel Drive",,,"Diesel",,,"dealership","[PREMIUM]","STILLWATER","OK","[PREMIUM]",,"[]",,,"[PREMIUM]"
"da17db4e-9126-4443-8f39-848b340b34d3","2026-05-29 21:14:34.240","2026-05-29 21:14:34.240","da17db4e-9126-4443-8f39-848b340b34d3","[PREMIUM]","New",2026,"BMW","X5","xDrive40i","[PREMIUM]","[PREMIUM]",12,"SUV","Alpine White","Black","All-wheel Drive",,,"Gasoline",,,"dealership","[PREMIUM]","Camarillo","CA","[PREMIUM]",,"[]",,,"[PREMIUM]"
"ae41ed4b-9f9a-4087-90ed-bf8166bb8ab1","2026-05-29 21:14:34.199","2026-06-01 21:14:51.697","ae41ed4b-9f9a-4087-90ed-bf8166bb8ab1","[PREMIUM]","Used",2026,"GMC","Yukon XL","Denali","[PREMIUM]","[PREMIUM]",13156,"SUV","Onyx Black","Black","Four-wheel Drive",,,"Gasoline",,,"dealership","[PREMIUM]","STILLWATER","OK","[PREMIUM]",,"[]",,,"[PREMIUM]"
"0f5058e4-a3da-4f9f-8e43-58b6b21b9c73","2026-05-29 21:14:34.177","2026-05-29 21:14:34.177","0f5058e4-a3da-4f9f-8e43-58b6b21b9c73","[PREMIUM]","New",2026,"GMC","Yukon","Denali","[PREMIUM]","[PREMIUM]",2,"SUV","Sterling","Black","Four-wheel Drive",,,"Gasoline",,,"dealership","[PREMIUM]","STILLWATER","OK","[PREMIUM]",,"[]",,,"[PREMIUM]"
"304e9375-7e7d-4650-a97e-c23d1f496dd5","2026-05-29 21:14:34.169","2026-05-29 21:14:34.169","304e9375-7e7d-4650-a97e-c23d1f496dd5","[PREMIUM]","New",2026,"Cadillac","CT4-V","Blackwing","[PREMIUM]","[PREMIUM]",5,"Sedan","Driftwood","Black","RWD",,,"Gasoline",,,"dealership","[PREMIUM]","STILLWATER","OK","[PREMIUM]",,"[]",,,"[PREMIUM]"
"a9a2deff-f64e-4f84-b3f9-45ea59ab69bf","2026-05-29 21:14:24.435","2026-05-29 21:14:24.435","a9a2deff-f64e-4f84-b3f9-45ea59ab69bf","[PREMIUM]","New",2026,"Chevrolet","Suburban","Z71","[PREMIUM]","[PREMIUM]",2,"SUV","Cypress","Jet Black","Four-wheel Drive",,,"Diesel",,,"dealership","[PREMIUM]","STILLWATER","OK","[PREMIUM]",,"[]",,,"[PREMIUM]"
"5ac60205-8158-498e-868c-c879d16282a3","2026-05-29 21:14:24.178","2026-05-29 21:14:24.178","5ac60205-8158-498e-868c-c879d16282a3","[PREMIUM]","New",2026,"GMC","Sierra 1500","AT4X","[PREMIUM]","[PREMIUM]",2,"Truck","Sterling","Obsidian Rush","4WD",,,"Gasoline",,,"dealership","[PREMIUM]","STILLWATER","OK","[PREMIUM]",,"[]",,,"[PREMIUM]"
"3edb8069-2cbc-4c7b-8a39-0d98b9a296bf","2026-05-29 21:14:23.896","2026-05-29 21:14:23.896","3edb8069-2cbc-4c7b-8a39-0d98b9a296bf","[PREMIUM]","New",2026,"GMC","Sierra 1500","AT4X","[PREMIUM]","[PREMIUM]",5,"Truck","Summit White","Obsidian Rush","4WD",,,"Gasoline",,,"dealership","[PREMIUM]","STILLWATER","OK","[PREMIUM]",,"[]",,,"[PREMIUM]"
"984ed99a-19e0-4799-ad91-f649350edfe1","2026-05-29 21:14:23.891","2026-05-29 21:14:23.891","984ed99a-19e0-4799-ad91-f649350edfe1","[PREMIUM]","New",2026,"GMC","Sierra 1500","AT4X","[PREMIUM]","[PREMIUM]",3,"Truck","Dune","Obsidian Rush","4WD",,,"Gasoline",,,"dealership","[PREMIUM]","STILLWATER","OK","[PREMIUM]",,"[]",,,"[PREMIUM]"
"5986150a-e1ef-4c9c-90de-be33c3cb63cf","2026-05-29 21:14:23.870","2026-05-29 21:14:23.870","5986150a-e1ef-4c9c-90de-be33c3cb63cf","[PREMIUM]","New",2026,"Cadillac","LYRIQ","V Premium","[PREMIUM]","[PREMIUM]",2,"SUV","Metal","Black","AWD",,,"Electric",,,"dealership","[PREMIUM]","STILLWATER","OK","[PREMIUM]",,"[]",,,"[PREMIUM]"
"c1facb64-2c27-4872-99d6-c1df8e286e4e","2026-05-29 21:14:23.851","2026-05-29 21:14:23.851","c1facb64-2c27-4872-99d6-c1df8e286e4e","[PREMIUM]","New",2026,"Chevrolet","Silverado 2500","ZR2","[PREMIUM]","[PREMIUM]",7,"Truck","White Sand","Jet Black","4WD",,,"Diesel",,,"dealership","[PREMIUM]","STILLWATER","OK","[PREMIUM]",,"[]",,,"[PREMIUM]"
"f0a14df4-be79-4498-8099-15137b8c01f5","2026-05-29 21:14:13.895","2026-06-01 21:14:21.628","f0a14df4-be79-4498-8099-15137b8c01f5","[PREMIUM]","New",2026,"Mercedes-Benz","GLE 350","Base 4MATIC","[PREMIUM]","[PREMIUM]",10,"SUV","Obsidian Black Metallic","Black","All-wheel Drive",,,"Gasoline",,,"dealership","[PREMIUM]","Littleton","CO","[PREMIUM]",,"[]",,,"[PREMIUM]"
"1db8b2cf-5eea-4347-9004-cd82d4bd210c","2026-05-29 21:14:13.566","2026-05-29 21:14:13.566","1db8b2cf-5eea-4347-9004-cd82d4bd210c","[PREMIUM]","New",2026,"Porsche","Macan","Base","[PREMIUM]","[PREMIUM]",10,"SUV","Copper",,"All-wheel Drive",,,"Gasoline",,,"dealership","[PREMIUM]","West Palm Beach","FL","[PREMIUM]",,"[]",,,"[PREMIUM]"
"f7495cf5-593f-40ea-8f1b-a15e5c849b10","2026-05-29 21:14:04.110","2026-05-29 21:14:04.110","f7495cf5-593f-40ea-8f1b-a15e5c849b10","[PREMIUM]","New",2026,"Mercedes-Benz","GLE 450","4MATIC","[PREMIUM]","[PREMIUM]",11,"SUV","Polar White","White / Black","All-wheel Drive",,,"Gasoline",,,"dealership","[PREMIUM]","Littleton","CO","[PREMIUM]",,"[]",,,"[PREMIUM]"
"8234bddd-6655-4b3a-859e-419855b3779f","2026-05-29 21:14:03.482","2026-05-29 21:14:03.482","8234bddd-6655-4b3a-859e-419855b3779f","[PREMIUM]","New",2026,"Porsche","Macan","Base","[PREMIUM]","[PREMIUM]",15,"SUV","Jet Black Metallic",,"All-wheel Drive",,,"Gasoline",,,"dealership","[PREMIUM]","West Palm Beach","FL","[PREMIUM]",,"[]",,,"[PREMIUM]"
"ba4df342-31ba-42bf-aa17-00a117f55d9e","2026-05-29 21:14:03.423","2026-05-29 21:14:03.423","ba4df342-31ba-42bf-aa17-00a117f55d9e","[PREMIUM]","New",2026,"Ford","Expedition","King Ranch","[PREMIUM]","[PREMIUM]",54,"SUV","Space Silver",,"4WD",,,"Gasoline",,,"dealership","[PREMIUM]","Columbia","KY","[PREMIUM]",,"[]",,,"[PREMIUM]"
"c4e7507d-0154-436a-a6a3-24f10de4265b","2026-05-29 21:14:03.404","2026-05-29 21:14:03.404","c4e7507d-0154-436a-a6a3-24f10de4265b","[PREMIUM]","New",2026,"Mercedes-Benz","Sprinter 2500","High Roof","[PREMIUM]","[PREMIUM]",11,"Passenger Van","Silver","Black","Rear-wheel Drive",,,"Diesel",,,"dealership","[PREMIUM]","Littleton","CO","[PREMIUM]",,"[]",,,"[PREMIUM]"
"143b36ec-9723-45da-a686-38e82733dfe9","2026-05-29 21:14:03.348","2026-05-29 21:14:03.348","143b36ec-9723-45da-a686-38e82733dfe9","[PREMIUM]","New",2026,"Ford","F-250","Lariat","[PREMIUM]","[PREMIUM]",300,"Truck","Gray Metallic","Black Onyx","4WD",,,"Diesel",,,"dealership","[PREMIUM]","Columbia","KY","[PREMIUM]",,"[]",,,"[PREMIUM]"
"b586e87b-1bb3-45f7-a988-9557ff80d6f4","2026-05-29 21:13:53.092","2026-05-29 21:13:53.092","b586e87b-1bb3-45f7-a988-9557ff80d6f4","[PREMIUM]","New",2026,"GMC","Sierra 3500","Denali","[PREMIUM]","[PREMIUM]",5,"Truck","Sterling","Jet Black","Four-wheel Drive",,,"Diesel",,,"dealership","[PREMIUM]","Decatur","TX","[PREMIUM]",,"[]",,,"[PREMIUM]"
"0315ad59-2805-4f86-9279-20f2b6aaf9da","2026-05-29 21:13:53.064","2026-06-01 21:14:11.479","0315ad59-2805-4f86-9279-20f2b6aaf9da","[PREMIUM]","New",2026,"Ford","F-250","Lariat","[PREMIUM]","[PREMIUM]",250,"Truck","White Metallic","Black Onyx","Four-wheel Drive",,,"Diesel",,,"dealership","[PREMIUM]","Columbia","KY","[PREMIUM]",,"[]",,,"[PREMIUM]"
"2719e6b8-d8cd-47fe-b2db-bff9c5d2cb1e","2026-05-29 21:13:53.043","2026-05-29 21:13:53.043","2719e6b8-d8cd-47fe-b2db-bff9c5d2cb1e","[PREMIUM]","New",2026,"Mercedes-Benz","Sprinter 2500","High Roof","[PREMIUM]","[PREMIUM]",10,"Cargo Van","Stone",,,,,"Diesel",,,"dealership","[PREMIUM]","Littleton","CO","[PREMIUM]",,"[]",,,"[PREMIUM]"
"c9b3e1d7-6c89-4b87-a33d-50de88e34675","2026-05-29 21:13:42.854","2026-05-29 21:13:42.854","c9b3e1d7-6c89-4b87-a33d-50de88e34675","[PREMIUM]","New",2026,"GMC","HUMMER EV SUV","2X","[PREMIUM]","[PREMIUM]",2087,"SUV","White","Granite","All-wheel Drive",,,"Electric",,,"dealership","[PREMIUM]","Decatur","TX","[PREMIUM]",,"[]",,,"[PREMIUM]"
"efb1b2d0-3970-4ca0-8ae6-77edf7667a4c","2026-05-29 21:13:42.850","2026-06-01 21:13:51.345","efb1b2d0-3970-4ca0-8ae6-77edf7667a4c","[PREMIUM]","New",2026,"Chevrolet","Tahoe","High Country","[PREMIUM]","[PREMIUM]",3,"SUV","Black","Jet Black","Four-wheel Drive",,,"Diesel",,,"dealership","[PREMIUM]","Decatur","TX","[PREMIUM]",,"[]",,,"[PREMIUM]"
"1c4ba9fd-22e2-43c8-a3ef-b7a479481fbe","2026-05-29 21:13:42.788","2026-06-01 21:13:51.320","1c4ba9fd-22e2-43c8-a3ef-b7a479481fbe","[PREMIUM]","New",2026,"GMC","Yukon XL","AT4","[PREMIUM]","[PREMIUM]",3,"SUV","Onyx Black","Storm","Four-wheel Drive",,,"Gasoline",,,"dealership","[PREMIUM]","Brooklyn","NY","[PREMIUM]",,"[]",,,"[PREMIUM]"
"eccb1d34-73f2-484f-874a-24e0463e1b83","2026-05-29 21:13:42.774","2026-05-29 21:13:42.774","eccb1d34-73f2-484f-874a-24e0463e1b83","[PREMIUM]","New",2026,"Mercedes-Benz","Sprinter 2500","High Roof","[PREMIUM]","[PREMIUM]",13,"Cargo Van","Blue / Gray",,,,,"Diesel",,,"dealership","[PREMIUM]","Littleton","CO","[PREMIUM]",,"[]",,,"[PREMIUM]"
"dea10d6e-e6ff-474a-a361-e8c95dce654b","2026-05-29 21:13:42.758","2026-05-29 21:13:42.758","dea10d6e-e6ff-474a-a361-e8c95dce654b","[PREMIUM]","New",2026,"Chevrolet","Tahoe","High Country","[PREMIUM]","[PREMIUM]",6,"SUV","Black","Jet Black","4WD",,,"Gasoline",,,"dealership","[PREMIUM]","Columbus","IN","[PREMIUM]",,"[]",,,"[PREMIUM]"
"b0f777cd-e3e5-4ff0-96f7-dc0394423986","2026-05-29 21:13:42.746","2026-05-29 21:13:42.746","b0f777cd-e3e5-4ff0-96f7-dc0394423986","[PREMIUM]","New",2026,"Chevrolet","Suburban","Premier","[PREMIUM]","[PREMIUM]",3,"SUV","Black","Jet Black","Four-wheel Drive",,,"Gasoline",,,"dealership","[PREMIUM]","Fenton","MO","[PREMIUM]",,"[]",,,"[PREMIUM]"
"d1e57142-d9e2-43ce-bb16-989c9dfa771f","2026-05-29 21:13:42.702","2026-05-29 21:13:42.702","d1e57142-d9e2-43ce-bb16-989c9dfa771f","[PREMIUM]","New",2026,"RAM","1500","RHO","[PREMIUM]","[PREMIUM]",,"Truck","Diamond Black","Black","4WD",,,"Gasoline",,,"dealership","[PREMIUM]","Houston","TX","[PREMIUM]",,"[]",,,"[PREMIUM]"
"4dd86fb0-e54d-447f-bfc3-c289c04723cc","2026-05-29 21:07:22.050","2026-05-29 21:07:22.050","4dd86fb0-e54d-447f-bfc3-c289c04723cc","[PREMIUM]","Used",2024,"GMC","Sierra 2500","AT4","[PREMIUM]","[PREMIUM]",13407,"Truck","Sterling","Jet Black","Four-wheel Drive",,,"Diesel",,,"dealership","[PREMIUM]","Austin","TX","[PREMIUM]",,"[]",,,"[PREMIUM]"
"e4364b0a-dc04-4050-9f4a-928919fac438","2026-05-29 21:07:11.964","2026-05-29 21:07:11.964","e4364b0a-dc04-4050-9f4a-928919fac438","[PREMIUM]","Used",2024,"Ford","F-250","Lariat","[PREMIUM]","[PREMIUM]",13231,"Truck","Agate Black Metallic","Baja","Four-wheel Drive",,,"Diesel",,,"dealership","[PREMIUM]","North Richland Hills","TX","[PREMIUM]",,"[]",,,"[PREMIUM]"
"908887a8-0ac5-44ca-826c-c5d7b516104a","2026-05-29 21:07:02.095","2026-05-29 21:07:02.095","908887a8-0ac5-44ca-826c-c5d7b516104a","[PREMIUM]","Used",2024,"GMC","Sierra 2500","Denali Ultimate","[PREMIUM]","[PREMIUM]",23050,"Truck","Titanium Rush Metallic","Alpine Umber","Four-wheel Drive",,,"Diesel",,,"dealership","[PREMIUM]","Spruce Pine","NC","[PREMIUM]",,"[]",,,"[PREMIUM]"
"211c5d06-f9f2-4616-b90c-318e1f367617","2026-05-29 21:07:01.684","2026-05-29 21:07:01.684","211c5d06-f9f2-4616-b90c-318e1f367617","[PREMIUM]","Used",2024,"GMC","HUMMER EV Pickup","3X","[PREMIUM]","[PREMIUM]",10500,"Truck","White","Lunar","All-wheel Drive",,,"Electric",,,"dealership","[PREMIUM]","Apple Valley","MN","[PREMIUM]",,"[]",,,"[PREMIUM]"
"251d0b2e-2fbe-4f6c-8865-191083e0790c","2026-05-29 21:06:41.620","2026-05-29 21:06:41.620","251d0b2e-2fbe-4f6c-8865-191083e0790c","[PREMIUM]","Used",2025,"Ford","F-250","King Ranch","[PREMIUM]","[PREMIUM]",17870,"Truck","Star White","Java","Four-wheel Drive",,,"Diesel",,,"dealership","[PREMIUM]","Canfield","OH","[PREMIUM]",,"[]",,,"[PREMIUM]"
"3dca0027-cf57-4a03-9066-dee20b2cc369","2026-05-29 21:06:21.381","2026-05-29 21:06:21.381","3dca0027-cf57-4a03-9066-dee20b2cc369","[PREMIUM]","Used",2025,"Lincoln","Navigator","Reserve","[PREMIUM]","[PREMIUM]",12116,"SUV","Pristine White","Black Onyx","4WD",,,"Gasoline",,,"dealership","[PREMIUM]","Hicksville","OH","[PREMIUM]",,"[]",,,"[PREMIUM]"
"7880e160-bbfb-426e-8bcd-4525a8476d78","2026-05-29 21:06:11.419","2026-05-29 21:06:11.419","7880e160-bbfb-426e-8bcd-4525a8476d78","[PREMIUM]","Used",2025,"Dodge","Durango","SRT Hellcat","[PREMIUM]","[PREMIUM]",7250,"SUV","Nickel","Red","All-wheel Drive",,,"Gasoline",,,"dealership","[PREMIUM]","West Palm Beach","FL","[PREMIUM]",,"[]",,,"[PREMIUM]"
"f949ef76-f3e6-4f42-9088-ac89f7750b03","2026-05-29 21:06:11.346","2026-05-29 21:06:11.346","f949ef76-f3e6-4f42-9088-ac89f7750b03","[PREMIUM]","New",2026,"Chevrolet","Tahoe","Premier","[PREMIUM]","[PREMIUM]",33,"SUV","Sterling Gray Metallic","Jet Black/Sky Cool Gray","Rear-wheel Drive",,,"Gasoline",,,"dealership","[PREMIUM]","Glendale","AZ","[PREMIUM]",,"[]",,,"[PREMIUM]"
"e6807e3f-8c79-4519-85d6-079e1ac97c21","2026-05-29 21:06:11.336","2026-05-29 21:06:11.336","e6807e3f-8c79-4519-85d6-079e1ac97c21","[PREMIUM]","New",2026,"RAM","1500","RHO","[PREMIUM]","[PREMIUM]",5,"Truck","Blue Metallic","Black","Four-wheel Drive",,,"Gasoline",,,"dealership","[PREMIUM]","West Valley City","UT","[PREMIUM]",,"[]",,,"[PREMIUM]"
"43c30f11-db3d-47d1-8898-646ed9a84b27","2026-05-29 21:06:11.335","2026-05-29 21:06:11.335","43c30f11-db3d-47d1-8898-646ed9a84b27","[PREMIUM]","Used",2025,"GMC","Yukon","AT4 Ultimate 4WD","[PREMIUM]","[PREMIUM]",11839,"SUV","Onyx Black","Obsidian Rush w/Red Accents","Four-wheel Drive",,,"Gasoline",,,"dealership","[PREMIUM]","Jacksonville","FL","[PREMIUM]",,"[]",,,"[PREMIUM]"
"f40cb422-1395-4000-85dc-9897f214cb7e","2026-05-29 21:06:11.320","2026-05-29 21:06:11.320","f40cb422-1395-4000-85dc-9897f214cb7e","[PREMIUM]","New",2026,"GMC","Sierra 2500","Denali","[PREMIUM]","[PREMIUM]",0,"Truck","Downpour Metallic","Jet Black","Four-wheel Drive",,,"Diesel",,,"dealership","[PREMIUM]","Clarksville","MD","[PREMIUM]",,"[]",,,"[PREMIUM]"
"446606a6-61c0-4196-b038-ff7ba602e899","2026-05-29 21:06:01.486","2026-05-29 21:06:01.486","446606a6-61c0-4196-b038-ff7ba602e899","[PREMIUM]","New",2026,"Ford","Expedition Max","Platinum","[PREMIUM]","[PREMIUM]",3,"SUV","Star White","Black Onyx","4WD",,,"Gasoline",,,"dealership","[PREMIUM]","Delray Beach","FL","[PREMIUM]",,"[]",,,"[PREMIUM]"
"6e207f26-cf20-4650-90fb-03856f8ba276","2026-05-29 21:06:01.370","2026-06-01 21:06:09.310","6e207f26-cf20-4650-90fb-03856f8ba276","[PREMIUM]","New",2026,"BMW","X5","sDrive40i","[PREMIUM]","[PREMIUM]",5,"SUV","White","Silverstone","Rear-wheel Drive",,,"Gasoline",,,"dealership","[PREMIUM]","Webster","TX","[PREMIUM]",,"[]",,,"[PREMIUM]"
"c644a4b7-86a1-4273-876e-bc7cc5dfa3d6","2026-05-29 21:06:01.030","2026-06-01 21:06:09.575","c644a4b7-86a1-4273-876e-bc7cc5dfa3d6","[PREMIUM]","New",2026,"RAM","3500","Lone Star","[PREMIUM]","[PREMIUM]",4,"Truck","Ceramic Gray Clearcoat","Black","Four-wheel Drive",,,"Diesel",,,"dealership","[PREMIUM]","San Angelo","TX","[PREMIUM]",,"[]",,,"[PREMIUM]"
"499c2d23-b99f-49b3-8b74-75b6859603d9","2026-05-29 21:06:00.927","2026-06-01 21:06:09.311","499c2d23-b99f-49b3-8b74-75b6859603d9","[PREMIUM]","New",2026,"Ford","F-350",,"[PREMIUM]","[PREMIUM]",0,"Truck","Star White","Black Onyx","Four-wheel Drive",,,"Gasoline",,,"dealership","[PREMIUM]","Thomaston","ME","[PREMIUM]",,"[]",,,"[PREMIUM]"
"790a9442-1460-47d4-8b6c-0ec8f96c29d2","2026-05-29 21:06:00.890","2026-06-01 21:06:09.323","790a9442-1460-47d4-8b6c-0ec8f96c29d2","[PREMIUM]","New",2026,"Ford","Expedition Max","Platinum","[PREMIUM]","[PREMIUM]",0,"SUV","Star White","Black Onyx","Four-wheel Drive",,,"Gasoline",,,"dealership","[PREMIUM]","Moline","IL","[PREMIUM]",,"[]",,,"[PREMIUM]"
"a0fa27ad-8f8f-45c9-8225-604c78e1972d","2026-05-29 21:06:00.863","2026-06-01 21:06:09.269","a0fa27ad-8f8f-45c9-8225-604c78e1972d","[PREMIUM]","New",2026,"GMC","Yukon","Elevation","[PREMIUM]","[PREMIUM]",,"SUV","Onyx Black","Jet Black","Four-wheel Drive",,,"Gasoline",,,"dealership","[PREMIUM]","Newnan","GA","[PREMIUM]",,"[]",,,"[PREMIUM]"
"c7bdaea8-7cb0-450d-a0d9-69a1b8260a1e","2026-05-29 21:05:40.559","2026-05-29 21:05:40.559","c7bdaea8-7cb0-450d-a0d9-69a1b8260a1e","[PREMIUM]","New",2026,"Ford","Expedition","Tremor","[PREMIUM]","[PREMIUM]",5,"SUV","Glacier Gray Metallic","Black","4WD",,,"Gasoline",,,"dealership","[PREMIUM]","DeSoto","TX","[PREMIUM]",,"[]",,,"[PREMIUM]"
"cd54eedd-58fa-4aa5-952d-c1f3de564489","2026-05-29 21:05:40.495","2026-05-29 21:05:40.495","cd54eedd-58fa-4aa5-952d-c1f3de564489","[PREMIUM]","New",2026,"GMC","Yukon","Elevation","[PREMIUM]","[PREMIUM]",5,"SUV","Onyx Black",,"Four-wheel Drive",,,"Gasoline",,,"dealership","[PREMIUM]","Peru","IL","[PREMIUM]",,"[]",,,"[PREMIUM]"
"974910a4-1565-4d8e-8700-ad722846ed83","2026-05-29 21:05:20.406","2026-06-01 21:05:39.048","974910a4-1565-4d8e-8700-ad722846ed83","[PREMIUM]","New",2026,"GMC","Sierra 1500","AT4X","[PREMIUM]","[PREMIUM]",0,"Truck","Summit White","Obsidian Rush","Four-wheel Drive",,,"Gasoline",,,"dealership","[PREMIUM]","Palmdale","CA","[PREMIUM]",,"[]",,,"[PREMIUM]"
"2e3de514-8f6f-41a9-a2db-8743aa70e932","2026-05-29 21:05:20.243","2026-05-29 21:05:20.243","2e3de514-8f6f-41a9-a2db-8743aa70e932","[PREMIUM]","New",2026,"Mercedes-Benz","GLE 450","4MATIC","[PREMIUM]","[PREMIUM]",5,"SUV","Gray","Macchiato/Black","All-wheel Drive",,,"Gasoline",,,"dealership","[PREMIUM]","Austin","TX","[PREMIUM]",,"[]",,,"[PREMIUM]"
"ffa2be93-ecd2-4d6a-b9ac-940a26fffa99","2026-05-29 21:05:20.189","2026-05-29 21:05:20.189","ffa2be93-ecd2-4d6a-b9ac-940a26fffa99","[PREMIUM]","New",2026,"Volvo","XC90 Plug-In Hybrid","T8 Plus 6-Seater","[PREMIUM]","[PREMIUM]",10,"SUV","Onyx Black Metallic","Charcoal","AWD",,,"Hybrid",,,"dealership","[PREMIUM]","Santa Monica","CA","[PREMIUM]",,"[]",,,"[PREMIUM]"
"582a197e-93cd-4266-9238-6bb4e58952dc","2026-05-29 21:05:20.171","2026-05-29 21:05:20.171","582a197e-93cd-4266-9238-6bb4e58952dc","[PREMIUM]","New",2026,"BMW","X5 PHEV","xDrive50e","[PREMIUM]","[PREMIUM]",5,"SUV","Alpine White","Black","All-wheel Drive",,,"Gasoline",,,"dealership","[PREMIUM]","El Paso","TX","[PREMIUM]",,"[]",,,"[PREMIUM]"
"3cec46bd-eba4-47e5-8d91-4b4257f42023","2026-05-29 21:05:20.140","2026-05-29 21:05:20.140","3cec46bd-eba4-47e5-8d91-4b4257f42023","[PREMIUM]","New",2026,"Nissan","Armada","Platinum","[PREMIUM]","[PREMIUM]",2540,"SUV","Aspen White","Steel","4WD",,,"Gasoline",,,"dealership","[PREMIUM]","Salisbury","MD","[PREMIUM]",,"[]",,,"[PREMIUM]"
"bcc8f00c-a074-477b-8cc8-ddd2cd7c5d06","2026-05-29 21:05:09.797","2026-05-29 21:05:09.797","bcc8f00c-a074-477b-8cc8-ddd2cd7c5d06","[PREMIUM]","New",2026,"Ford","Expedition Max","Platinum","[PREMIUM]","[PREMIUM]",5,"SUV","Oxford White",,"Four Wheel Drive",,,"Regular unleaded",,,"dealership","[PREMIUM]","American Fork","UT","[PREMIUM]",,"[]",,,"[PREMIUM]"
"e12c868e-3799-45da-81dc-b089cf709192","2026-05-29 21:04:29.567","2026-05-29 21:04:29.567","e12c868e-3799-45da-81dc-b089cf709192","[PREMIUM]","New",2026,"GMC","Yukon","Elevation","[PREMIUM]","[PREMIUM]",2,"SUV","Onyx Black",,"4WD",,,"Gasoline",,,"dealership","[PREMIUM]","STILLWATER","OK","[PREMIUM]",,"[]",,,"[PREMIUM]"
"9d90f7ee-131f-4bc4-8672-c9eb08a43e43","2026-05-29 21:03:59.540","2026-05-29 21:03:59.540","9d90f7ee-131f-4bc4-8672-c9eb08a43e43","[PREMIUM]","New",2026,"Mercedes-Benz","GLE 450","4MATIC","[PREMIUM]","[PREMIUM]",11,"SUV","Polar White","Beige / Black","All-wheel Drive",,,"Gasoline",,,"dealership","[PREMIUM]","Littleton","CO","[PREMIUM]",,"[]",,,"[PREMIUM]"
"ca2a2a4f-914e-4c0a-ab1d-3d5f9cb7560a","2026-05-29 21:03:59.252","2026-05-29 21:03:59.252","ca2a2a4f-914e-4c0a-ab1d-3d5f9cb7560a","[PREMIUM]","New",2026,"GMC","Sierra 1500","Denali","[PREMIUM]","[PREMIUM]",2,"Truck","Onyx Black","Atmosphere","4WD",,,"Gasoline",,,"dealership","[PREMIUM]","STILLWATER","OK","[PREMIUM]",,"[]",,,"[PREMIUM]"
"39beb907-f551-4793-91dc-d51402212b72","2026-05-29 21:03:59.230","2026-05-29 21:03:59.230","39beb907-f551-4793-91dc-d51402212b72","[PREMIUM]","New",2026,"Mercedes-Benz","GLE 350","Base 4MATIC","[PREMIUM]","[PREMIUM]",10,"SUV","Black","Black","All-wheel Drive",,,"Gasoline",,,"dealership","[PREMIUM]","Littleton","CO","[PREMIUM]",,"[]",,,"[PREMIUM]"
"04876996-5851-4935-8c65-b7dff97ca10c","2026-05-29 21:03:59.196","2026-05-29 21:03:59.196","04876996-5851-4935-8c65-b7dff97ca10c","[PREMIUM]","New",2026,"Chevrolet","Suburban","Premier","[PREMIUM]","[PREMIUM]",5,"SUV","Black","Black","Rear-wheel Drive",,,"Gasoline",,,"dealership","[PREMIUM]","Sherman","TX","[PREMIUM]",,"[]",,,"[PREMIUM]"
"8cf45fcc-0ed9-4699-ad59-804f759e1d3d","2026-05-29 21:03:59.195","2026-05-29 21:03:59.195","8cf45fcc-0ed9-4699-ad59-804f759e1d3d","[PREMIUM]","New",2026,"Mercedes-Benz","E-Class","E 350 4MATIC","[PREMIUM]","[PREMIUM]",12,"Sedan","Polar White","Macchiato Beige","All-wheel Drive",,,"Gasoline",,,"dealership","[PREMIUM]","Littleton","CO","[PREMIUM]",,"[]",,,"[PREMIUM]"
"e6d17870-7782-4634-96be-3333360cf47f","2026-05-29 21:03:48.887","2026-05-29 21:03:48.887","e6d17870-7782-4634-96be-3333360cf47f","[PREMIUM]","New",2026,"Audi","RS 3","TFSI quattro S tronic","[PREMIUM]","[PREMIUM]",14,"Sedan","Blue",,"All-wheel Drive",,,"Gasoline",,,"dealership","[PREMIUM]","Lakewood","CO","[PREMIUM]",,"[]",,,"[PREMIUM]"
"711e5dc0-f11b-4df4-a489-a67d3e51fb3d","2026-05-29 21:03:48.873","2026-05-29 21:03:48.873","711e5dc0-f11b-4df4-a489-a67d3e51fb3d","[PREMIUM]","New",2026,"Chevrolet","Silverado 2500","High Country","[PREMIUM]","[PREMIUM]",7,"Truck","Black","Jet Black","Four-wheel Drive",,,"Diesel",,,"dealership","[PREMIUM]","Decatur","TX","[PREMIUM]",,"[]",,,"[PREMIUM]"
"3593a3d6-00ab-4b59-b795-adaf5a34d832","2026-05-29 21:03:48.852","2026-05-29 21:03:48.852","3593a3d6-00ab-4b59-b795-adaf5a34d832","[PREMIUM]","New",2026,"GMC","Yukon","Denali","[PREMIUM]","[PREMIUM]",1,"SUV","Glacier White","Teak","Four-wheel Drive",,,"Gasoline",,,"dealership","[PREMIUM]","Decatur","TX","[PREMIUM]",,"[]",,,"[PREMIUM]"
"1aed4699-f890-4342-9804-148b17c026e3","2026-05-29 21:03:48.849","2026-05-29 21:03:48.849","1aed4699-f890-4342-9804-148b17c026e3","[PREMIUM]","New",2026,"Jeep","Grand Wagoneer","Limited Reserve","[PREMIUM]","[PREMIUM]",13,"SUV","Gloss Black","Black","4WD",,,"Gasoline",,,"dealership","[PREMIUM]","Dickson","TN","[PREMIUM]",,"[]",,,"[PREMIUM]"
"bb3d91c6-2719-4855-ac32-ed1fb6404ddc","2026-05-29 21:03:08.599","2026-05-29 21:03:08.599","bb3d91c6-2719-4855-ac32-ed1fb6404ddc","[PREMIUM]","New",2026,"Chevrolet","Silverado 2500","High Country","[PREMIUM]","[PREMIUM]",3,"Truck","Black","Jet Black","Four-wheel Drive",,,"Diesel",,,"dealership","[PREMIUM]","Fenton","MO","[PREMIUM]",,"[]",,,"[PREMIUM]"
"ee88ffe6-9425-44c5-9e03-4daa1761e4af","2026-05-29 21:03:08.381","2026-05-29 21:03:08.381","ee88ffe6-9425-44c5-9e03-4daa1761e4af","[PREMIUM]","New",2026,"RAM","1500","Laramie","[PREMIUM]","[PREMIUM]",,"Truck","Diamond Black","Black","4WD",,,"Gasoline",,,"dealership","[PREMIUM]","Enfield","CT","[PREMIUM]",,"[]",,,"[PREMIUM]"
"ed244790-2e4f-4a3d-bcf9-b7f0ec8b3c01","2026-05-29 21:03:08.326","2026-05-29 21:03:08.326","ed244790-2e4f-4a3d-bcf9-b7f0ec8b3c01","[PREMIUM]","New",2026,"Ford","Bronco","Raptor","[PREMIUM]","[PREMIUM]",5,"SUV","Oxford White","Black Onyx","4WD",,,"Gasoline",,,"dealership","[PREMIUM]","Columbia","KY","[PREMIUM]",,"[]",,,"[PREMIUM]"
"e53da890-8b59-4967-ae09-f04aa8e4bebe","2026-05-29 21:02:27.915","2026-05-29 21:02:27.915","e53da890-8b59-4967-ae09-f04aa8e4bebe","[PREMIUM]","New",2027,"BMW","M440","i","[PREMIUM]","[PREMIUM]",0,"Convertible","Green Metallic","Beige","Rear-wheel Drive",,,"Gasoline",,,"dealership","[PREMIUM]","Charleston","SC","[PREMIUM]",,"[]",,,"[PREMIUM]"
"95959069-84f6-4e82-9f15-881a331998e7","2026-05-29 21:02:07.920","2026-05-29 21:02:07.920","95959069-84f6-4e82-9f15-881a331998e7","[PREMIUM]","New",2027,"Audi","SQ6 e-tron","Premium Plus quattro","[PREMIUM]","[PREMIUM]",12,"SUV","Daytona Gray Pearl Effect","Black","All-wheel Drive",,,"Electric",,,"dealership","[PREMIUM]","Torrance","CA","[PREMIUM]",,"[]",,,"[PREMIUM]"
"5aad2bcf-2520-4803-9da9-be0f78b55792","2026-05-29 20:58:57.318","2026-06-01 20:59:07.209","5aad2bcf-2520-4803-9da9-be0f78b55792","[PREMIUM]","Used",2018,"Mercedes-Benz","AMG GT","Base","[PREMIUM]","[PREMIUM]",18726,"Convertible","Black","Black","Rear-wheel Drive",,,"Gasoline",,,"dealership","[PREMIUM]","Houston","TX","[PREMIUM]",,"[]",,,"[PREMIUM]"
"fce65375-3f21-4fc7-8be7-5112fbb5850d","2026-05-29 20:58:10.420","2026-05-29 20:58:10.420","fce65375-3f21-4fc7-8be7-5112fbb5850d","[PREMIUM]","Used",2020,"Chevrolet","Corvette","Stingray w/3LT","[PREMIUM]","[PREMIUM]",8669,"Convertible","Long Beach Red Metallic Tintcoat","Jet Black","Rear-wheel Drive",,,"Gasoline",,,"dealership","[PREMIUM]","Bethlehem","PA","[PREMIUM]",,"[]",,,"[PREMIUM]"
"c3696136-1725-4ba8-81c6-0fafd11c2f46","2026-05-29 20:57:30.294","2026-05-29 20:57:30.294","c3696136-1725-4ba8-81c6-0fafd11c2f46","[PREMIUM]","Used",2022,"Chevrolet","Corvette","Stingray w/2LT","[PREMIUM]","[PREMIUM]",15887,"Convertible","Mist",,"Rear-wheel Drive",,,"Gasoline",,,"dealership","[PREMIUM]","Marysville","WA","[PREMIUM]",,"[]",,,"[PREMIUM]"
"ed8e3449-11a0-4588-ab34-51188d1fb284","2026-05-29 20:53:29.727","2026-05-29 20:53:29.727","ed8e3449-11a0-4588-ab34-51188d1fb284","[PREMIUM]","Used",2023,"Chevrolet","Corvette","Stingray w/3LT","[PREMIUM]","[PREMIUM]",9409,"Coupe","Black Granite Metallic","Ceramic White","Rear-wheel Drive",,,"Gasoline",,,"dealership","[PREMIUM]","Columbia","KY","[PREMIUM]",,"[]",,,"[PREMIUM]"
"04c64f54-2885-41ef-9b17-354d289e109d","2026-05-29 20:52:59.585","2026-05-29 20:52:59.585","04c64f54-2885-41ef-9b17-354d289e109d","[PREMIUM]","Used",2024,"RAM","3500","Longhorn","[PREMIUM]","[PREMIUM]",18821,"Truck","Pearl White","Cattle Tan/Black","Four-wheel Drive",,,"Diesel",,,"dealership","[PREMIUM]","Indianapolis","IN","[PREMIUM]",,"[]",,,"[PREMIUM]"
"8de699bc-5183-4ce7-9582-0503484ac54c","2026-05-29 20:52:59.562","2026-05-29 20:52:59.562","8de699bc-5183-4ce7-9582-0503484ac54c","[PREMIUM]","Used",2024,"Tesla","Cybertruck","All-Wheel Drive","[PREMIUM]","[PREMIUM]",38689,"Truck","Stainless Steel","Black","All-wheel Drive",,,"Electric",,,"dealership","[PREMIUM]","Richmond","TX","[PREMIUM]",,"[]",,,"[PREMIUM]"
"6f8cc127-ddb7-4a37-ab94-a019d4e01774","2026-05-29 20:52:59.543","2026-05-29 20:52:59.543","6f8cc127-ddb7-4a37-ab94-a019d4e01774","[PREMIUM]","Used",2024,"Mercedes-Benz","AMG GLE 53","4MATIC+ Coupe","[PREMIUM]","[PREMIUM]",29879,"SUV","Polar White","Classic Red/Black","All-wheel Drive",,,"Gasoline",,,"dealership","[PREMIUM]","Freehold","NJ","[PREMIUM]",,"[]",,,"[PREMIUM]"
"4b2a1ff1-1f6a-4f8d-a6c9-c5b41807ddc6","2026-05-29 20:52:59.522","2026-05-29 20:52:59.522","4b2a1ff1-1f6a-4f8d-a6c9-c5b41807ddc6","[PREMIUM]","Used",2024,"INEOS","Grenadier","Fieldmaster","[PREMIUM]","[PREMIUM]",15631,"SUV","Inky Black","Black","Four-wheel Drive",,,"Gasoline",,,"dealership","[PREMIUM]","St George","UT","[PREMIUM]",,"[]",,,"[PREMIUM]"
"843e6b21-b555-4a4a-a972-eeaef2e6e5ea","2026-05-29 20:51:58.879","2026-05-29 20:51:58.879","843e6b21-b555-4a4a-a972-eeaef2e6e5ea","[PREMIUM]","Used",2024,"GMC","Sierra 2500","AT4","[PREMIUM]","[PREMIUM]",23965,"Truck","Volcanic Red","Jet Black","Four-wheel Drive",,,"Diesel",,,"dealership","[PREMIUM]","Decatur","TX","[PREMIUM]",,"[]",,,"[PREMIUM]"
"c17c6be0-5ef6-4e8e-8ac3-daf2bff7367b","2026-05-29 20:51:58.869","2026-05-29 20:51:58.869","c17c6be0-5ef6-4e8e-8ac3-daf2bff7367b","[PREMIUM]","Used",2024,"GMC","Sierra 2500","AT4X","[PREMIUM]","[PREMIUM]",26189,"Truck","Thunderstorm Gray","Obsidian Rush","Four-wheel Drive",,,"Diesel",,,"dealership","[PREMIUM]","Fenton","MO","[PREMIUM]",,"[]",,,"[PREMIUM]"
"1b37efdf-31ba-4d56-9df7-4076cdd68e1b","2026-05-29 20:51:58.867","2026-05-29 20:51:58.867","1b37efdf-31ba-4d56-9df7-4076cdd68e1b","[PREMIUM]","Used",2024,"GMC","HUMMER EV SUV","3X","[PREMIUM]","[PREMIUM]",11164,"SUV","Green Matte","Lunar","All-wheel Drive",,,"Electric",,,"dealership","[PREMIUM]","Grapevine","TX","[PREMIUM]",,"[]",,,"[PREMIUM]"
"56a2400e-ed72-4eba-8013-3621749d06c0","2026-05-29 20:51:58.821","2026-05-29 20:51:58.821","56a2400e-ed72-4eba-8013-3621749d06c0","[PREMIUM]","Used",2024,"Ford","F-350","King Ranch","[PREMIUM]","[PREMIUM]",40456,"Truck","White Metallic","Java","4WD",,,"Diesel",,,"dealership","[PREMIUM]","Orchard Park","NY","[PREMIUM]",,"[]",,,"[PREMIUM]"
"4e63efbf-cc18-4891-aaab-6d121aa6ce56","2026-05-29 20:51:58.791","2026-05-29 20:51:58.791","4e63efbf-cc18-4891-aaab-6d121aa6ce56","[PREMIUM]","Used",2024,"GMC","Yukon XL","Denali","[PREMIUM]","[PREMIUM]",949,"SUV","Titanium Rush Metallic","Black","4WD",,,"Gasoline",,,"dealership","[PREMIUM]","STILLWATER","OK","[PREMIUM]",,"[]",,,"[PREMIUM]"
"7d175502-8bc4-4b3d-a23a-1c6d36119d4f","2026-05-29 20:51:08.451","2026-05-29 20:51:08.451","7d175502-8bc4-4b3d-a23a-1c6d36119d4f","[PREMIUM]","Used",2025,"BMW","X7","xDrive40i","[PREMIUM]","[PREMIUM]",19429,"SUV","Pure","Ivory White","All-wheel Drive",,,"Gasoline",,,"dealership","[PREMIUM]","Highlands Ranch","CO","[PREMIUM]",,"[]",,,"[PREMIUM]"
"337d9c05-6139-4b71-a0ce-a525da9f7610","2026-05-29 20:51:08.358","2026-05-29 20:51:08.358","337d9c05-6139-4b71-a0ce-a525da9f7610","[PREMIUM]","Used",2025,"Jeep","Grand Wagoneer L","Series III","[PREMIUM]","[PREMIUM]",10677,"SUV","Midnight Sky","Tupelo","Four-wheel Drive",,,"Gasoline",,,"dealership","[PREMIUM]","Lutz","FL","[PREMIUM]",,"[]",,,"[PREMIUM]"
"5b0cc62b-189b-49c6-807b-a14ff2d02fcf","2026-05-29 20:51:08.293","2026-05-29 20:51:08.293","5b0cc62b-189b-49c6-807b-a14ff2d02fcf","[PREMIUM]","Used",2025,"Mercedes-Benz","GLS 450","4MATIC","[PREMIUM]","[PREMIUM]",17714,"SUV","Selenite Gray Metallic","Black","All-wheel Drive",,,"Gasoline",,,"dealership","[PREMIUM]","Fort Washington","PA","[PREMIUM]",,"[]",,,"[PREMIUM]"
"13d3806b-9a76-440b-81cb-794f51f134ec","2026-05-29 20:50:27.899","2026-05-29 20:50:27.899","13d3806b-9a76-440b-81cb-794f51f134ec","[PREMIUM]","Used",2025,"GMC","Sierra 2500","AT4","[PREMIUM]","[PREMIUM]",13727,"Truck","Summit White","Jet Black w/Kalahari Accents","Four-wheel Drive",,,"Diesel",,,"dealership","[PREMIUM]","Montclair","CA","[PREMIUM]",,"[]",,,"[PREMIUM]"
"c0fc9fa3-fc57-4100-9959-f7219c5f8f3d","2026-05-29 20:50:17.739","2026-05-29 20:50:17.739","c0fc9fa3-fc57-4100-9959-f7219c5f8f3d","[PREMIUM]","Used",2025,"Ford","F-150","Raptor","[PREMIUM]","[PREMIUM]",19830,"Truck","Black Metallic","Black","4WD",,,"Gasoline",,,"dealership","[PREMIUM]","Columbia","KY","[PREMIUM]",,"[]",,,"[PREMIUM]"
"372bc4d3-99a2-405d-915a-7f9b1899e113","2026-05-29 20:50:17.733","2026-05-29 20:50:17.733","372bc4d3-99a2-405d-915a-7f9b1899e113","[PREMIUM]","Used",2025,"Ford","Expedition","Tremor","[PREMIUM]","[PREMIUM]",11224,"SUV","Green","Black Onyx","Four-wheel Drive",,,"Gasoline",,,"dealership","[PREMIUM]","Columbia","KY","[PREMIUM]",,"[]",,,"[PREMIUM]"
"9da71f05-8bd3-4d7c-94e2-49ced0179a68","2026-05-29 20:50:07.591","2026-05-29 20:50:07.591","9da71f05-8bd3-4d7c-94e2-49ced0179a68","[PREMIUM]","New",2026,"GMC","Sierra 2500","Denali","[PREMIUM]","[PREMIUM]",10,"Truck","Summit White","Jet Black","Four-wheel Drive",,,"Diesel",,,"dealership","[PREMIUM]","DeWitt","IA","[PREMIUM]",,"[]",,,"[PREMIUM]"
"3300df38-cebd-4e6a-8566-ccbd412d1b9a","2026-05-29 20:49:57.518","2026-05-29 20:49:57.518","3300df38-cebd-4e6a-8566-ccbd412d1b9a","[PREMIUM]","New",2026,"Ford","F-150","King Ranch","[PREMIUM]","[PREMIUM]",6,"Truck","Star White","Java","Four-wheel Drive",,,"Gasoline",,,"dealership","[PREMIUM]","Porterville","CA","[PREMIUM]",,"[]",,,"[PREMIUM]"
"a1102dbe-bcde-4eb0-8a27-b9b275e365a7","2026-05-29 20:49:57.463","2026-05-29 20:49:57.463","a1102dbe-bcde-4eb0-8a27-b9b275e365a7","[PREMIUM]","New",2026,"Kia","EV9","GT-Line","[PREMIUM]","[PREMIUM]",5,"SUV","Panthera Metal Matte","Brown/Black","All-wheel Drive",,,"Electric",,,"dealership","[PREMIUM]","Cape Coral","FL","[PREMIUM]",,"[]",,,"[PREMIUM]"
"b56f20f9-2b4f-46f3-b250-52c77b6fc97c","2026-05-29 20:49:57.434","2026-05-29 20:49:57.434","b56f20f9-2b4f-46f3-b250-52c77b6fc97c","[PREMIUM]","New",2026,"Ford","Expedition","Tremor","[PREMIUM]","[PREMIUM]",0,"SUV","Dark Matter Gray Metallic","Black Onyx/Electric Spice","Four-wheel Drive",,,"Gasoline",,,"dealership","[PREMIUM]","Watertown","WI","[PREMIUM]",,"[]",,,"[PREMIUM]"
"c2c94a4b-c65a-4ba2-8b1b-76b95f0968c2","2026-05-29 20:49:57.428","2026-05-29 20:49:57.428","c2c94a4b-c65a-4ba2-8b1b-76b95f0968c2","[PREMIUM]","New",2026,"Mercedes-Benz","GLE 350","Base 4MATIC","[PREMIUM]","[PREMIUM]",,"SUV","Moonlight White","Black","AWD",,,"Gasoline",,,"dealership","[PREMIUM]","Chantilly","VA","[PREMIUM]",,"[]",,,"[PREMIUM]"
"2288b431-bcd6-481b-ae8b-47f7e7358032","2026-05-29 20:49:57.402","2026-05-29 20:49:57.402","2288b431-bcd6-481b-ae8b-47f7e7358032","[PREMIUM]","New",2026,"Ford","F-350","XLT","[PREMIUM]","[PREMIUM]",0,"Truck","Oxford White","Medium Dark Slate","Four-wheel Drive",,,"Diesel",,,"dealership","[PREMIUM]","Agawam","MA","[PREMIUM]",,"[]",,,"[PREMIUM]"
"860d617b-d64a-4eb2-9e88-ed013967a349","2026-05-29 20:49:47.322","2026-05-29 20:49:47.322","860d617b-d64a-4eb2-9e88-ed013967a349","[PREMIUM]","New",2026,"Ford","Expedition","Platinum","[PREMIUM]","[PREMIUM]",0,"SUV","Oxford White","Black Onyx","Four-wheel Drive",,,"Gasoline",,,"dealership","[PREMIUM]","Houston","TX","[PREMIUM]",,"[]",,,"[PREMIUM]"
"9c1ade4c-870f-47f0-a268-e6e4f27d4f28","2026-05-29 20:49:47.279","2026-05-29 20:49:47.279","9c1ade4c-870f-47f0-a268-e6e4f27d4f28","[PREMIUM]","New",2026,"Ford","Expedition","Platinum","[PREMIUM]","[PREMIUM]",0,"SUV","Agate Black Metallic","Black Onyx","Four-wheel Drive",,,"Gasoline",,,"dealership","[PREMIUM]","Mesquite","TX","[PREMIUM]",,"[]",,,"[PREMIUM]"
"8920b382-05e3-4964-876d-47e1b8fa0de1","2026-05-29 20:49:47.005","2026-05-29 20:49:47.005","8920b382-05e3-4964-876d-47e1b8fa0de1","[PREMIUM]","New",2026,"RAM","1500","REBEL-4X4 57","[PREMIUM]","[PREMIUM]",1,"Truck","Canyon","Black","4WD",,,,,,"dealership","[PREMIUM]","Indianapolis","IN","[PREMIUM]",,"[]",,,"[PREMIUM]"
"8dae3222-e3f8-4da9-9cf6-d0ac1c6dce4d","2026-05-29 20:49:46.966","2026-05-29 20:49:46.966","8dae3222-e3f8-4da9-9cf6-d0ac1c6dce4d","[PREMIUM]","New",2026,"Chevrolet","Tahoe","LT","[PREMIUM]","[PREMIUM]",10,"SUV","Summit White","Jet Black","Four-wheel Drive",,,"Gasoline",,,"dealership","[PREMIUM]","Springfield","MO","[PREMIUM]",,"[]",,,"[PREMIUM]"
"c70ff57b-92d2-4f3f-b2f4-8d1e50c5b7de","2026-05-29 20:49:46.921","2026-05-29 20:49:46.921","c70ff57b-92d2-4f3f-b2f4-8d1e50c5b7de","[PREMIUM]","New",2026,"Chevrolet","Suburban","Z71","[PREMIUM]","[PREMIUM]",,"SUV","Cypress","Jet Black","Four-wheel Drive",,,"Gasoline",,,"dealership","[PREMIUM]","Radcliff","KY","[PREMIUM]",,"[]",,,"[PREMIUM]"
"0b6011e5-0b64-4919-9aa2-06b9cb88aadb","2026-05-29 20:49:36.865","2026-05-29 20:49:36.865","0b6011e5-0b64-4919-9aa2-06b9cb88aadb","[PREMIUM]","New",2026,"GMC","Yukon XL","Elevation","[PREMIUM]","[PREMIUM]",3,"SUV","Summit White","Jet Black","Four-wheel Drive",,,"Gasoline",,,"dealership","[PREMIUM]","Frankenmuth","MI","[PREMIUM]",,"[]",,,"[PREMIUM]"
"6ff1bf08-4ea0-4339-96d5-3f65d8672903","2026-05-29 20:49:36.854","2026-05-29 20:49:36.854","6ff1bf08-4ea0-4339-96d5-3f65d8672903","[PREMIUM]","New",2026,"BMW","M440","i xDrive","[PREMIUM]","[PREMIUM]",110,"Coupe","Black Sapphire Metallic","Black","All-wheel Drive",,,"Gasoline",,,"dealership","[PREMIUM]","Nashua","NH","[PREMIUM]",,"[]",,,"[PREMIUM]"
"141152ad-c144-41b3-9c75-69f3134a97a6","2026-05-29 20:49:36.558","2026-05-29 20:49:36.558","141152ad-c144-41b3-9c75-69f3134a97a6","[PREMIUM]","New",2026,"RAM","3500","Big Horn","[PREMIUM]","[PREMIUM]",,"Truck","Ceramic Gray Clearcoat","Black","4WD",,,"Diesel",,,"dealership","[PREMIUM]","Prattville","AL","[PREMIUM]",,"[]",,,"[PREMIUM]"
"79e1ac96-449d-4b2d-b2d0-428e6dd9f7ec","2026-05-29 20:49:36.551","2026-05-29 20:49:36.551","79e1ac96-449d-4b2d-b2d0-428e6dd9f7ec","[PREMIUM]","New",2026,"Genesis","GV70","3.5T Sport Prestige","[PREMIUM]","[PREMIUM]",5,"SUV","Makalu Gray","Black","AWD",,,"Gasoline",,,"dealership","[PREMIUM]","White Plains","NY","[PREMIUM]",,"[]",,,"[PREMIUM]"
"a261611d-8fe5-492b-85bd-6f788e710ea0","2026-05-29 20:49:26.143","2026-05-29 20:49:26.143","a261611d-8fe5-492b-85bd-6f788e710ea0","[PREMIUM]","New",2026,"RAM","2500","Laramie","[PREMIUM]","[PREMIUM]",,"Truck","Ceramic Gray Clearcoat",,"4WD",,,"Diesel",,,"dealership","[PREMIUM]","Brighton","CO","[PREMIUM]",,"[]",,,"[PREMIUM]"
"a963cb84-54fc-4ba7-a588-bc10635e279b","2026-05-29 20:49:26.098","2026-05-29 20:49:26.098","a963cb84-54fc-4ba7-a588-bc10635e279b","[PREMIUM]","New",2026,"GMC","Sierra 2500","SLT","[PREMIUM]","[PREMIUM]",7,"Truck","Gray","Jet Black","Four-wheel Drive",,,"Gasoline",,,"dealership","[PREMIUM]","Nashua","NH","[PREMIUM]",,"[]",,,"[PREMIUM]"
"3e46ae1e-e65d-4ee4-8780-61d47d391e46","2026-05-29 20:49:16.259","2026-05-29 20:49:16.259","3e46ae1e-e65d-4ee4-8780-61d47d391e46","[PREMIUM]","New",2026,"RAM","1500","Laramie","[PREMIUM]","[PREMIUM]",0,"Truck","Gray","Black Interior Color","Four-wheel Drive",,,"Gasoline",,,"dealership","[PREMIUM]","Gladstone","MO","[PREMIUM]",,"[]",,,"[PREMIUM]"
"00c5da32-6f1f-440a-bfe8-62748f8dd3f2","2026-05-29 20:49:16.119","2026-06-01 20:49:23.914","00c5da32-6f1f-440a-bfe8-62748f8dd3f2","[PREMIUM]","New",2026,"Chevrolet","Suburban","RST","[PREMIUM]","[PREMIUM]",0,"SUV","Black","Jet Black","4WD",,,"Gasoline",,,"dealership","[PREMIUM]","Sugar Land","TX","[PREMIUM]",,"[]",,,"[PREMIUM]"
"3bf680b4-73f0-45ca-9359-753eed760791","2026-05-29 20:49:16.086","2026-05-29 20:49:16.086","3bf680b4-73f0-45ca-9359-753eed760791","[PREMIUM]","New",2026,"Lexus","RX 450h+","Luxury","[PREMIUM]","[PREMIUM]",11,"SUV","Green Pearl",,"AWD",,,"Hybrid",,,"dealership","[PREMIUM]","Glen Cove","NY","[PREMIUM]",,"[]",,,"[PREMIUM]"
"b3aba11a-ab17-4ac3-b3f7-54b34a2ab13a","2026-05-29 20:49:16.079","2026-05-29 20:49:16.079","b3aba11a-ab17-4ac3-b3f7-54b34a2ab13a","[PREMIUM]","New",2026,"Chevrolet","Tahoe","RST","[PREMIUM]","[PREMIUM]",5,"SUV","White","Jet Black","RWD",,,"Gasoline",,,"dealership","[PREMIUM]","Houston","TX","[PREMIUM]",,"[]",,,"[PREMIUM]"
"93811b93-ab33-4110-97d0-1f680e6a3152","2026-05-29 20:49:16.071","2026-05-29 20:49:16.071","93811b93-ab33-4110-97d0-1f680e6a3152","[PREMIUM]","New",2026,"Chevrolet","Suburban","LT","[PREMIUM]","[PREMIUM]",0,"SUV","Black","Jet Black","Four-wheel Drive",,,"Gasoline",,,"dealership","[PREMIUM]","Roslyn","NY","[PREMIUM]",,"[]",,,"[PREMIUM]"
"e84f3468-d68d-4a09-97f6-d92e86e5596e","2026-05-29 20:49:16.070","2026-05-29 20:49:16.070","e84f3468-d68d-4a09-97f6-d92e86e5596e","[PREMIUM]","New",2026,"Chevrolet","Tahoe","4WD Z71","[PREMIUM]","[PREMIUM]",10,"SUV","Black","Jet Black","Four-wheel Drive",,,"Gasoline",,,"dealership","[PREMIUM]","Norwood","MA","[PREMIUM]",,"[]",,,"[PREMIUM]"
"cc0fa21b-2184-4409-b76c-25b43d7de615","2026-05-29 20:49:16.066","2026-06-01 20:49:23.960","cc0fa21b-2184-4409-b76c-25b43d7de615","[PREMIUM]","New",2026,"RAM","1500","Laramie","[PREMIUM]","[PREMIUM]",3,"Truck","Black","Black Interior Color","Four-wheel Drive",,,"Gasoline",,,"dealership","[PREMIUM]","Gladstone","MO","[PREMIUM]",,"[]",,,"[PREMIUM]"
"6b8360a8-485f-42a5-83ce-ead497e68ea0","2026-05-29 20:49:16.052","2026-05-29 20:49:16.052","6b8360a8-485f-42a5-83ce-ead497e68ea0","[PREMIUM]","New",2026,"Chevrolet","Silverado 2500","ZR2","[PREMIUM]","[PREMIUM]",0,"Truck","White","Jet Black","4WD",,,"Gasoline",,,"dealership","[PREMIUM]","Sugar Land","TX","[PREMIUM]",,"[]",,,"[PREMIUM]"
"07ed61f9-f646-4399-882d-862aa09da7aa","2026-05-29 20:49:16.034","2026-05-29 20:49:16.034","07ed61f9-f646-4399-882d-862aa09da7aa","[PREMIUM]","New",2026,"Volvo","XC90","Ultra Dark Theme, B6 AWD Gas (mild hybrid), Gasoline, 6 Seats","[PREMIUM]","[PREMIUM]",10,"SUV","Onyx Black Metallic","Charcoal","All-wheel Drive",,,"Hybrid",,,"dealership","[PREMIUM]","Barrington","IL","[PREMIUM]",,"[]",,,"[PREMIUM]"
"d643476c-a610-40ad-8a6e-658598dd45e5","2026-05-29 20:49:16.031","2026-05-29 20:49:16.031","d643476c-a610-40ad-8a6e-658598dd45e5","[PREMIUM]","New",2026,"GMC","Sierra 1500","Denali","[PREMIUM]","[PREMIUM]",0,"Truck","Glacier White","Atmosphere","4WD",,,"Gasoline",,,"dealership","[PREMIUM]","Boerne","TX","[PREMIUM]",,"[]",,,"[PREMIUM]"
"3fabfa92-31e3-4b22-a9ab-bcc665fc2846","2026-05-29 20:49:16.027","2026-06-01 20:49:34.063","3fabfa92-31e3-4b22-a9ab-bcc665fc2846","[PREMIUM]","New",2026,"Chevrolet","Tahoe","4WD Z71","[PREMIUM]","[PREMIUM]",0,"SUV","Cypress Gray","Jet Black","Four-wheel Drive",,,"Gasoline",,,"dealership","[PREMIUM]","Woburn","MA","[PREMIUM]",,"[]",,,"[PREMIUM]"
"9ea49a15-4587-4205-ace5-2a6b6efb9605","2026-05-29 20:49:16.005","2026-05-29 20:49:16.005","9ea49a15-4587-4205-ace5-2a6b6efb9605","[PREMIUM]","New",2026,"Chevrolet","Corvette","Stingray w/1LT","[PREMIUM]","[PREMIUM]",0,"Coupe","Black","JET BLACK","Rear-wheel Drive",,,"Gasoline",,,"dealership","[PREMIUM]","Troy","MO","[PREMIUM]",,"[]",,,"[PREMIUM]"
"331668f4-5bb6-40cc-abff-11eaca7becd5","2026-05-29 20:48:55.555","2026-05-29 20:48:55.555","331668f4-5bb6-40cc-abff-11eaca7becd5","[PREMIUM]","New",2026,"Ford","Transit-350","XLT","[PREMIUM]","[PREMIUM]",5,"Passenger Van","Carbonized Gray Metallic","Dark Palazzo Gray","All Wheel Drive",,,"Regular unleaded",,,"dealership","[PREMIUM]","American Fork","UT","[PREMIUM]",,"[]",,,"[PREMIUM]"
"6a1cd155-6c9e-4002-a637-5a7660c9ad10","2026-05-29 20:48:55.152","2026-05-29 20:48:55.152","6a1cd155-6c9e-4002-a637-5a7660c9ad10","[PREMIUM]","New",2026,"GMC","Sierra 1500","Denali Ultimate","[PREMIUM]","[PREMIUM]",5,"Truck","Glacier White Tricoat","Alpine Umber","Four-wheel Drive",,,"Diesel",,,"dealership","[PREMIUM]","Sherman","TX","[PREMIUM]",,"[]",,,"[PREMIUM]"
"30e07a12-ce58-4ac0-a45b-6e730608a908","2026-05-29 20:48:55.136","2026-06-01 20:49:03.392","30e07a12-ce58-4ac0-a45b-6e730608a908","[PREMIUM]","New",2026,"Ford","Transit-350","XLT","[PREMIUM]","[PREMIUM]",3,"Cargo Van","Carbonized Gray Metallic","Dark Palazzo Gray","All-wheel Drive",,,"Gasoline",,,"dealership","[PREMIUM]","American Fork","UT","[PREMIUM]",,"[]",,,"[PREMIUM]"
"db1182e3-ded1-4838-8255-191addfeaa60","2026-05-29 20:48:55.127","2026-05-29 20:48:55.127","db1182e3-ded1-4838-8255-191addfeaa60","[PREMIUM]","New",2026,"Lexus","TX 500h","F SPORT Premium","[PREMIUM]","[PREMIUM]",6,"SUV","Caviar","Black","All Wheel Drive",,,"Premium unleaded",,,"dealership","[PREMIUM]","Murray","UT","[PREMIUM]",,"[]",,,"[PREMIUM]"
"1fa9d787-25e2-4ced-87e0-4786df16f1b5","2026-05-29 20:48:55.123","2026-05-29 20:48:55.123","1fa9d787-25e2-4ced-87e0-4786df16f1b5","[PREMIUM]","New",2026,"Lexus","TX 500h","F SPORT Premium","[PREMIUM]","[PREMIUM]",7,"SUV","Wind Chill Pearl","Black","All Wheel Drive",,,"Premium unleaded",,,"dealership","[PREMIUM]","Murray","UT","[PREMIUM]",,"[]",,,"[PREMIUM]"
"5a527f5d-ec14-463a-bf9b-8af92f91c7a8","2026-05-29 20:48:55.113","2026-05-29 20:48:55.113","5a527f5d-ec14-463a-bf9b-8af92f91c7a8","[PREMIUM]","New",2026,"Ford","Expedition","Tremor","[PREMIUM]","[PREMIUM]",5,"SUV","Gray","Black Onyx/Electric Spice","Four Wheel Drive",,,"Premium unleaded",,,"dealership","[PREMIUM]","American Fork","UT","[PREMIUM]",,"[]",,,"[PREMIUM]"
"70e51af7-0d17-48f5-8a28-a45338bd7ccb","2026-05-29 20:48:55.094","2026-05-29 20:48:55.094","70e51af7-0d17-48f5-8a28-a45338bd7ccb","[PREMIUM]","New",2026,"Lexus","TX 350","Luxury","[PREMIUM]","[PREMIUM]",7,"SUV","Cloudburst Gray","Peppercorn","All Wheel Drive",,,"Premium unleaded",,,"dealership","[PREMIUM]","Murray","UT","[PREMIUM]",,"[]",,,"[PREMIUM]"
"0151811b-706a-41af-bd5b-95e930911494","2026-05-29 20:48:55.055","2026-06-01 20:49:03.372","0151811b-706a-41af-bd5b-95e930911494","[PREMIUM]","New",2026,"Chevrolet","Silverado 1500","ZR2","[PREMIUM]","[PREMIUM]",0,"Truck","White Sands","Jet Black/Graystone","Four-wheel Drive",,,"Gasoline",,,"dealership","[PREMIUM]","Danville","PA","[PREMIUM]",,"[]",,,"[PREMIUM]"
"182cadb5-8ec6-434f-aef4-d1ae4aa473ec","2026-05-29 20:48:44.757","2026-05-29 20:48:44.757","182cadb5-8ec6-434f-aef4-d1ae4aa473ec","[PREMIUM]","New",2026,"BMW","X5","sDrive40i","[PREMIUM]","[PREMIUM]",8,"SUV","Alpine White","Black","Rear-wheel Drive",,,"Gasoline",,,"dealership","[PREMIUM]","Camarillo","CA","[PREMIUM]",,"[]",,,"[PREMIUM]"
"587f5e26-6dc3-4c22-8993-b6cb521efdec","2026-05-29 20:48:44.722","2026-05-29 20:48:44.722","587f5e26-6dc3-4c22-8993-b6cb521efdec","[PREMIUM]","New",2026,"Ford","F-150","King Ranch","[PREMIUM]","[PREMIUM]",10,"Truck","Ruby Red","Java","4WD",,,"Gasoline",,,"dealership","[PREMIUM]","Temple","TX","[PREMIUM]",,"[]",,,"[PREMIUM]"
"c2f3b6f0-8c17-4dc5-bc91-c67acad4be5b","2026-05-29 20:48:44.713","2026-06-01 20:49:03.390","c2f3b6f0-8c17-4dc5-bc91-c67acad4be5b","[PREMIUM]","New",2026,"Chevrolet","Tahoe","Premier","[PREMIUM]","[PREMIUM]",76,"SUV","Radiant Red","Black","Rear-wheel Drive",,,"Gasoline",,,"dealership","[PREMIUM]","Sherman","TX","[PREMIUM]",,"[]",,,"[PREMIUM]"
"ff5cbb7e-8dad-4326-b769-a0a0af66929f","2026-05-29 20:48:44.701","2026-05-29 20:48:44.701","ff5cbb7e-8dad-4326-b769-a0a0af66929f","[PREMIUM]","New",2026,"Ford","Transit-350","XLT","[PREMIUM]","[PREMIUM]",5,"Passenger Van","Ingot Silver","Dark Palazzo Gray","All Wheel Drive",,,"Regular unleaded",,,"dealership","[PREMIUM]","American Fork","UT","[PREMIUM]",,"[]",,,"[PREMIUM]"
"33943fcc-3336-4d90-b720-60cc95af0c94","2026-05-29 20:48:44.688","2026-05-29 20:48:44.688","33943fcc-3336-4d90-b720-60cc95af0c94","[PREMIUM]","New",2026,"Lexus","RX 450h+","Base","[PREMIUM]","[PREMIUM]",15,"SUV","Eminent White Pearl","Black","All Wheel Drive",,,"Premium unleaded",,,"dealership","[PREMIUM]","Lindon","UT","[PREMIUM]",,"[]",,,"[PREMIUM]"
"ced59a97-fe12-4470-99af-cfbb3d5c8ea2","2026-05-29 20:48:44.674","2026-05-29 20:48:44.674","ced59a97-fe12-4470-99af-cfbb3d5c8ea2","[PREMIUM]","New",2026,"Lexus","TX 500h","F SPORT Premium","[PREMIUM]","[PREMIUM]",3,"SUV","Celestial Silver Metallic","Black","All Wheel Drive",,,"Premium Unleaded",,,"dealership","[PREMIUM]","Lindon","UT","[PREMIUM]",,"[]",,,"[PREMIUM]"
"5e1f0e51-0bf0-4a80-9e12-5224c695dab3","2026-05-29 20:48:44.651","2026-05-29 20:48:44.651","5e1f0e51-0bf0-4a80-9e12-5224c695dab3","[PREMIUM]","New",2026,"Ford","Expedition Max","Platinum","[PREMIUM]","[PREMIUM]",5,"SUV","Agate Black Metallic","Black Onyx","Four Wheel Drive",,,"Regular unleaded",,,"dealership","[PREMIUM]","American Fork","UT","[PREMIUM]",,"[]",,,"[PREMIUM]"
"6060f49d-ddf6-412e-8212-dd58d425b0f9","2026-05-29 20:48:44.627","2026-05-29 20:48:44.627","6060f49d-ddf6-412e-8212-dd58d425b0f9","[PREMIUM]","New",2026,"BMW","540","xDrive","[PREMIUM]","[PREMIUM]",152,"Sedan","Black Sapphire Metallic","Black","All-wheel Drive",,,"Gasoline",,,"dealership","[PREMIUM]","Camarillo","CA","[PREMIUM]",,"[]",,,"[PREMIUM]"
"7cfcbcf0-6b43-4c0b-8633-a1eea30edecc","2026-05-29 20:48:44.620","2026-05-29 20:48:44.620","7cfcbcf0-6b43-4c0b-8633-a1eea30edecc","[PREMIUM]","New",2026,"Ford","Expedition Max","Platinum","[PREMIUM]","[PREMIUM]",5,"SUV","Gray",,"Four Wheel Drive",,,"Regular unleaded",,,"dealership","[PREMIUM]","American Fork","UT","[PREMIUM]",,"[]",,,"[PREMIUM]"
"d0fc501e-6413-410f-8650-5d4b9a707d72","2026-05-29 20:48:34.316","2026-05-29 20:48:34.316","d0fc501e-6413-410f-8650-5d4b9a707d72","[PREMIUM]","New",2026,"Audi","Q7","55 Premium Plus","[PREMIUM]","[PREMIUM]",22,"SUV","Samurai Gray Metallic",,"All-wheel Drive",,,"Gasoline",,,"dealership","[PREMIUM]","Lakewood","CO","[PREMIUM]",,"[]",,,"[PREMIUM]"
"e78f1da6-4946-4d58-852a-11f5a538bd49","2026-05-29 20:48:34.290","2026-05-29 20:48:34.290","e78f1da6-4946-4d58-852a-11f5a538bd49","[PREMIUM]","New",2026,"Mercedes-Benz","GLE 350","Base 4MATIC","[PREMIUM]","[PREMIUM]",10,"SUV","Silver",,"All-wheel Drive",,,"Gasoline",,,"dealership","[PREMIUM]","Littleton","CO","[PREMIUM]",,"[]",,,"[PREMIUM]"
"27f839c2-47a0-404c-9fb0-3fedbf34a026","2026-05-29 20:48:34.285","2026-05-29 20:48:34.285","27f839c2-47a0-404c-9fb0-3fedbf34a026","[PREMIUM]","New",2026,"Mercedes-Benz","Sprinter 2500","Standard Roof","[PREMIUM]","[PREMIUM]",10,"Cargo Van","Gray",,,,,"Diesel",,,"dealership","[PREMIUM]","Littleton","CO","[PREMIUM]",,"[]",,,"[PREMIUM]"
"74a02461-fbdb-4c53-9b41-fea258216f64","2026-05-29 20:48:34.276","2026-06-01 20:48:43.260","74a02461-fbdb-4c53-9b41-fea258216f64","[PREMIUM]","New",2026,"Audi","SQ5","3.0T Premium Plus","[PREMIUM]","[PREMIUM]",13,"SUV","Ultra Blue Metallic",,"All-wheel Drive",,,"Gasoline",,,"dealership","[PREMIUM]","Lakewood","CO","[PREMIUM]",,"[]",,,"[PREMIUM]"
"695c58cb-a86d-4a8e-8cd2-6c634b91b87e","2026-05-29 20:48:34.274","2026-05-29 20:48:34.274","695c58cb-a86d-4a8e-8cd2-6c634b91b87e","[PREMIUM]","New",2026,"Ford","F-150","King Ranch","[PREMIUM]","[PREMIUM]",10,"Truck","Star White","Java","4WD",,,"Hybrid",,,"dealership","[PREMIUM]","Columbia","KY","[PREMIUM]",,"[]",,,"[PREMIUM]"
"43e87257-28c3-4057-a32d-53c395bcd40f","2026-05-29 20:48:34.266","2026-05-29 20:48:34.266","43e87257-28c3-4057-a32d-53c395bcd40f","[PREMIUM]","New",2026,"Ford","F-150","King Ranch","[PREMIUM]","[PREMIUM]",7,"Truck","Ruby Red Metallic Tinted Clearcoat","Java","4WD",,,"Hybrid",,,"dealership","[PREMIUM]","Columbia","KY","[PREMIUM]",,"[]",,,"[PREMIUM]"
"4a3ee83b-7e0c-4063-8b3d-a773822a1d8d","2026-05-29 20:48:34.261","2026-05-29 20:48:34.261","4a3ee83b-7e0c-4063-8b3d-a773822a1d8d","[PREMIUM]","New",2026,"RAM","2500","Laramie","[PREMIUM]","[PREMIUM]",13,"Truck","Ceramic Gray Clearcoat","Black","4WD",,,"Diesel",,,"dealership","[PREMIUM]","Dickson","TN","[PREMIUM]",,"[]",,,"[PREMIUM]"
"65ca72dd-656c-4a27-930b-26411792d882","2026-05-29 20:48:34.261","2026-05-29 20:48:34.261","65ca72dd-656c-4a27-930b-26411792d882","[PREMIUM]","New",2026,"Mercedes-Benz","GLE 350","Base 4MATIC","[PREMIUM]","[PREMIUM]",10,"SUV","Polar White","Macchiato","All-wheel Drive",,,"Gasoline",,,"dealership","[PREMIUM]","Littleton","CO","[PREMIUM]",,"[]",,,"[PREMIUM]"
"bef29a4f-deb1-4303-a700-765dce86c0ec","2026-05-29 20:48:34.260","2026-05-29 20:48:34.260","bef29a4f-deb1-4303-a700-765dce86c0ec","[PREMIUM]","New",2026,"Mercedes-Benz","GLE 350","Base 4MATIC","[PREMIUM]","[PREMIUM]",10,"SUV","Polar White","Macchiato","All-wheel Drive",,,"Gasoline",,,"dealership","[PREMIUM]","Littleton","CO","[PREMIUM]",,"[]",,,"[PREMIUM]"
"d1390726-7262-491c-bd72-7e2afe74b15a","2026-05-29 20:48:34.260","2026-05-29 20:48:34.260","d1390726-7262-491c-bd72-7e2afe74b15a","[PREMIUM]","New",2026,"RAM","1500","Laramie","[PREMIUM]","[PREMIUM]",,"Truck","Hydro Blue Pearlcoat","Black","4WD",,,"Gasoline",,,"dealership","[PREMIUM]","Enfield","CT","[PREMIUM]",,"[]",,,"[PREMIUM]"
"17f86820-13ff-4992-8cd5-90b7b84b7ed0","2026-05-29 20:48:34.250","2026-05-29 20:48:34.250","17f86820-13ff-4992-8cd5-90b7b84b7ed0","[PREMIUM]","New",2026,"Jeep","Grand Wagoneer","Limited Reserve","[PREMIUM]","[PREMIUM]",84,"SUV","Bright White Clearcoat","Black","4WD",,,"Gasoline",,,"dealership","[PREMIUM]","Dickson","TN","[PREMIUM]",,"[]",,,"[PREMIUM]"
"60722937-7367-44c1-a897-b38b2a551dfb","2026-05-29 20:48:34.232","2026-05-29 20:48:34.232","60722937-7367-44c1-a897-b38b2a551dfb","[PREMIUM]","New",2026,"Mercedes-Benz","Sprinter 2500","High Roof","[PREMIUM]","[PREMIUM]",12,"Cargo Van","Blue / Gray","Black",,,,"Diesel",,,"dealership","[PREMIUM]","Littleton","CO","[PREMIUM]",,"[]",,,"[PREMIUM]"
"b39ac757-8d16-4b02-929e-1df2a38cbfb2","2026-05-29 20:45:43.543","2026-05-29 20:45:43.543","b39ac757-8d16-4b02-929e-1df2a38cbfb2","[PREMIUM]","Used",2016,"Chevrolet","Corvette","Z06","[PREMIUM]","[PREMIUM]",31852,"Coupe","Daytona Sunrise Orange Metallic","Kalahari","Rear-wheel Drive",,,"Gasoline",,,"dealership","[PREMIUM]","Joliet","IL","[PREMIUM]",,"[]",,,"[PREMIUM]"
"dd5aceb7-bc74-4ae8-bb7e-270664dd70a2","2026-05-29 20:44:23.467","2026-05-29 20:44:23.467","dd5aceb7-bc74-4ae8-bb7e-270664dd70a2","[PREMIUM]","Used",2019,"Mercedes-Benz","AMG GT","Base","[PREMIUM]","[PREMIUM]",44951,"Coupe","Diamond White","Black","Rear-wheel Drive",,,"Gasoline",,,"dealership","[PREMIUM]","Atlanta","GA","[PREMIUM]",,"[]",,,"[PREMIUM]"
"12707c08-5fee-4f35-a7e5-61672a29461b","2026-05-29 20:44:13.182","2026-06-01 20:44:22.763","12707c08-5fee-4f35-a7e5-61672a29461b","[PREMIUM]","Used",2020,"Porsche","Panamera","GTS","[PREMIUM]","[PREMIUM]",53732,"Hatchback","Night Blue Metallic","Truffle Brown","All-wheel Drive",,,"Gasoline",,,"dealership","[PREMIUM]","Annapolis","MD","[PREMIUM]",,"[]",,,"[PREMIUM]"
"97b4dfb3-29c2-44d2-9ef4-f60f63a97cf7","2026-05-29 20:43:53.104","2026-05-29 20:43:53.104","97b4dfb3-29c2-44d2-9ef4-f60f63a97cf7","[PREMIUM]","Used",2021,"Chevrolet","Camaro","ZL1","[PREMIUM]","[PREMIUM]",17473,"Coupe","Summit White","Jet Black w/Red Accents","Rear-wheel Drive",,,"Gasoline",,,"dealership","[PREMIUM]","Joliet","IL","[PREMIUM]",,"[]",,,"[PREMIUM]"
"3a696cbf-268c-4c8b-9d20-b9206d30fef8","2026-05-29 20:43:53.025","2026-05-29 20:43:53.025","3a696cbf-268c-4c8b-9d20-b9206d30fef8","[PREMIUM]","Used",2021,"Porsche","Taycan",,"[PREMIUM]","[PREMIUM]",21807,"Sedan","Dolomite Silver Metallic","Leather Interior in Black",,,,,,,"dealership","[PREMIUM]","Cary","NC","[PREMIUM]",,"[]",,,"[PREMIUM]"
"85a1bdd9-e580-4b10-97fd-dc960c81c49b","2026-05-29 20:43:42.904","2026-05-29 20:43:42.904","85a1bdd9-e580-4b10-97fd-dc960c81c49b","[PREMIUM]","Used",2022,"Ford","F-350","King Ranch","[PREMIUM]","[PREMIUM]",42264,"Truck","Star White Metallic Tri-Coat","Java","Four-wheel Drive",,,"Diesel",,,"dealership","[PREMIUM]","Mesquite","TX","[PREMIUM]",,"[]",,,"[PREMIUM]"
"2555d994-f666-461a-9ca2-83f78a51b0aa","2026-05-29 20:42:53.019","2026-05-29 20:42:53.019","2555d994-f666-461a-9ca2-83f78a51b0aa","[PREMIUM]","Used",2023,"GMC","Yukon XL","Denali","[PREMIUM]","[PREMIUM]",37385,"SUV","White","Jet Black","4WD",,,"Gasoline",,,"dealership","[PREMIUM]","Salisbury","MD","[PREMIUM]",,"[]",,,"[PREMIUM]"
"6d94592d-68ab-4677-9a1a-0a37f8d2e991","2026-05-29 20:41:42.758","2026-05-29 20:41:42.758","6d94592d-68ab-4677-9a1a-0a37f8d2e991","[PREMIUM]","Used",2024,"BMW","X7","xDrive40i","[PREMIUM]","[PREMIUM]",7590,"SUV","Black Sapphire Metallic","Tartufo","All-wheel Drive",,,"Gasoline",,,"dealership","[PREMIUM]","Bellevue","WA","[PREMIUM]",,"[]",,,"[PREMIUM]"
"63db8560-210e-4535-bb64-1dd82acaa64b","2026-05-29 20:41:42.754","2026-06-01 20:41:52.547","63db8560-210e-4535-bb64-1dd82acaa64b","[PREMIUM]","Used",2024,"GMC","Yukon XL","Denali","[PREMIUM]","[PREMIUM]",37306,"SUV","Onyx Black","Jet Black","Four-wheel Drive",,,"Gasoline",,,"dealership","[PREMIUM]","Jacksonville","FL","[PREMIUM]",,"[]",,,"[PREMIUM]"
"8169860a-2aec-464a-940c-274d3552939d","2026-05-29 20:41:32.595","2026-05-29 20:41:32.595","8169860a-2aec-464a-940c-274d3552939d","[PREMIUM]","Used",2024,"RAM","2500","Limited","[PREMIUM]","[PREMIUM]",38292,"Truck","Pearl White","Black","Four-wheel Drive",,,"Diesel",,,"dealership","[PREMIUM]","Clovis","CA","[PREMIUM]",,"[]",,,"[PREMIUM]"
"c24833b8-eaae-4610-9a57-5ece20980eb9","2026-05-29 20:41:32.584","2026-05-29 20:41:32.584","c24833b8-eaae-4610-9a57-5ece20980eb9","[PREMIUM]","Used",2024,"GMC","Sierra 1500","Denali Ultimate","[PREMIUM]","[PREMIUM]",22809,"Truck","Titanium Rush Metallic","Alpine Umber","Four-wheel Drive",,,"Gasoline",,,"dealership","[PREMIUM]","Covington","LA","[PREMIUM]",,"[]",,,"[PREMIUM]"
"c5b9c145-efd3-40bc-b8cb-962cfa9f533f","2026-05-29 20:41:32.551","2026-06-01 20:41:42.563","c5b9c145-efd3-40bc-b8cb-962cfa9f533f","[PREMIUM]","Used",2024,"Mercedes-Benz","AMG GLE 53","Base","[PREMIUM]","[PREMIUM]",22093,"SUV","Polar White","Macchiato Beige","All-wheel Drive",,,"Gasoline",,,"dealership","[PREMIUM]","Nashville","TN","[PREMIUM]",,"[]",,,"[PREMIUM]"
"a079b5ea-bbf2-418f-a77d-9d7035233477","2026-05-29 20:41:12.407","2026-05-29 20:41:12.407","a079b5ea-bbf2-418f-a77d-9d7035233477","[PREMIUM]","Used",2024,"Land Rover","Defender","110 P400 X","[PREMIUM]","[PREMIUM]",19259,"SUV","Carpathian Grey Premium Metallic","Vintage Tan/Ebony","All-wheel Drive",,,"Gasoline",,,"dealership","[PREMIUM]","Houston","TX","[PREMIUM]",,"[]",,,"[PREMIUM]"
"752fd4e1-68a6-410a-92d0-2216a82451a7","2026-05-29 20:40:42.122","2026-05-29 20:40:42.122","752fd4e1-68a6-410a-92d0-2216a82451a7","[PREMIUM]","Used",2024,"Lexus","IS 500","F SPORT Performance Premium","[PREMIUM]","[PREMIUM]",7015,"Sedan","Caviar","Black","Rear-wheel Drive",,,"Gasoline",,,"dealership","[PREMIUM]","Wilmington","DE","[PREMIUM]",,"[]",,,"[PREMIUM]"
"ab6ec21e-3ffe-42ee-a39b-925156c066de","2026-05-29 20:40:32.041","2026-05-29 20:40:32.041","ab6ec21e-3ffe-42ee-a39b-925156c066de","[PREMIUM]","Used",2024,"Toyota","Sequoia","Platinum","[PREMIUM]","[PREMIUM]",32327,"SUV","Wind Chill Pearl","Black","Rear-wheel Drive",,,"Gasoline",,,"dealership","[PREMIUM]","El Paso","TX","[PREMIUM]",,"[]",,,"[PREMIUM]"
"3a8b7b5f-2390-4cb7-8fd0-d6ee8f672fb8","2026-05-29 20:39:01.862","2026-05-29 20:39:01.862","3a8b7b5f-2390-4cb7-8fd0-d6ee8f672fb8","[PREMIUM]","Used",2024,"BMW","X5","M60i","[PREMIUM]","[PREMIUM]",22549,"SUV","Mineral White Metallic","Black","All-wheel Drive",,,"Gasoline",,,"dealership","[PREMIUM]","Milwaukee","WI","[PREMIUM]",,"[]",,,"[PREMIUM]"
"408bc98c-6ce3-447b-bb26-9b65d35ff521","2026-05-29 20:39:01.737","2026-06-01 20:39:22.255","408bc98c-6ce3-447b-bb26-9b65d35ff521","[PREMIUM]","Used",2024,"Chevrolet","Silverado 2500","ZR2","[PREMIUM]","[PREMIUM]",19659,"Truck","Black","Jet Black","Four-wheel Drive",,,"Diesel",,,"dealership","[PREMIUM]","Mount Carroll","IL","[PREMIUM]",,"[]",,,"[PREMIUM]"
"3eb9553d-9fc8-4d03-9def-cbaac9f12889","2026-05-29 20:38:41.485","2026-05-29 20:38:41.485","3eb9553d-9fc8-4d03-9def-cbaac9f12889","[PREMIUM]","Used",2024,"Land Rover","Range Rover Sport","SE","[PREMIUM]","[PREMIUM]",36361,"SUV","GY",,"All-wheel Drive",,,"Gasoline",,,"dealership","[PREMIUM]","Long Island City","NY","[PREMIUM]",,"[]",,,"[PREMIUM]"
"c7201068-21ad-44d5-a4ae-1a6be468bb59","2026-05-29 20:38:41.462","2026-05-29 20:38:41.462","c7201068-21ad-44d5-a4ae-1a6be468bb59","[PREMIUM]","Used",2024,"GMC","Sierra 2500","AT4","[PREMIUM]","[PREMIUM]",36729,"Truck","Thunderstorm Gray","Jet Black w/Kalahari Accents","Four-wheel Drive",,,"Diesel",,,"dealership","[PREMIUM]","Paola","KS","[PREMIUM]",,"[]",,,"[PREMIUM]"
"5bc7f0f7-6f0e-4d3e-92cb-b0d6c4a054a0","2026-05-29 20:37:21.091","2026-05-29 20:37:21.091","5bc7f0f7-6f0e-4d3e-92cb-b0d6c4a054a0","[PREMIUM]","Used",2024,"BMW","X7","xDrive40i","[PREMIUM]","[PREMIUM]",17368,"SUV","Carbon Black Metallic","Coffee","All-wheel Drive",,,"Gasoline",,,"dealership","[PREMIUM]","Alpharetta","GA","[PREMIUM]",,"[]",,,"[PREMIUM]"
"eb2ef01f-5558-48b9-8d7f-b0015b919355","2026-05-29 20:36:51.018","2026-05-29 20:36:51.018","eb2ef01f-5558-48b9-8d7f-b0015b919355","[PREMIUM]","Used",2024,"Chevrolet","Silverado 2500","High Country","[PREMIUM]","[PREMIUM]",5059,"Truck","Iridescent Pearl Tricoat","Jet Black","Four-wheel Drive",,,"Diesel",,,"dealership","[PREMIUM]","Columbia","KY","[PREMIUM]",,"[]",,,"[PREMIUM]"
"7bf944bf-6ca3-4b14-b2f0-d8d3187d88a6","2026-05-29 20:35:30.748","2026-05-29 20:35:30.748","7bf944bf-6ca3-4b14-b2f0-d8d3187d88a6","[PREMIUM]","Used",2025,"Chevrolet","Silverado 2500","LTZ","[PREMIUM]","[PREMIUM]",4107,"Truck","Sterling Gray Metallic","Black","Four-wheel Drive",,,"Diesel",,,"dealership","[PREMIUM]","Austin","TX","[PREMIUM]",,"[]",,,"[PREMIUM]"
"3e553d4d-bace-4b7d-ab89-ffcd39404835","2026-05-29 20:35:20.426","2026-05-29 20:35:20.426","3e553d4d-bace-4b7d-ab89-ffcd39404835","[PREMIUM]","New",2025,"Nissan","Armada","PRO-4X","[PREMIUM]","[PREMIUM]",6,"SUV","Deep Ocean Blue","Charcoal","4WD",,,"Gasoline",,,"dealership","[PREMIUM]","Salisbury","MD","[PREMIUM]",,"[]",,,"[PREMIUM]"
"0ce2e01a-fb23-4bd4-b1d9-b87a3c546a8b","2026-05-29 20:35:20.419","2026-06-01 20:35:31.069","0ce2e01a-fb23-4bd4-b1d9-b87a3c546a8b","[PREMIUM]","New",2025,"Ford","F-350","XL","[PREMIUM]","[PREMIUM]",0,"Truck","Oxford White","Medium Dark Slate","Four-wheel Drive",,,"Diesel",,,"dealership","[PREMIUM]","American Fork","UT","[PREMIUM]",,"[]",,,"[PREMIUM]"
"2e64ed4c-4d4c-4159-8d25-7a6d07c001ce","2026-05-29 20:35:20.394","2026-05-29 20:35:20.394","2e64ed4c-4d4c-4159-8d25-7a6d07c001ce","[PREMIUM]","Used",2025,"Ford","F-350","Lariat Super Duty","[PREMIUM]","[PREMIUM]",29899,"Truck","Avalanche","Baja","Four-wheel Drive",,,"Diesel",,,"dealership","[PREMIUM]","Columbia","KY","[PREMIUM]",,"[]",,,"[PREMIUM]"
"0e8c37fc-4638-4cf5-9fc0-160b446aa91a","2026-05-29 20:35:00.245","2026-05-29 20:35:00.245","0e8c37fc-4638-4cf5-9fc0-160b446aa91a","[PREMIUM]","New",2026,"GMC","Sierra 2500","Pro","[PREMIUM]","[PREMIUM]",0,"Truck","Onyx Black","Jet Black","Four-wheel Drive",,,"Diesel",,,"dealership","[PREMIUM]","Houston","TX","[PREMIUM]",,"[]",,,"[PREMIUM]"
"7f16dad7-3c48-4f0d-ba29-16cd5ba65d26","2026-05-29 20:34:30.059","2026-05-29 20:34:30.059","7f16dad7-3c48-4f0d-ba29-16cd5ba65d26","[PREMIUM]","New",2026,"Ford","F-250","Lariat","[PREMIUM]","[PREMIUM]",35,"Truck","Agate Black Metallic","Black Onyx","Four-wheel Drive",,,"Gasoline",,,"dealership","[PREMIUM]","Houston","TX","[PREMIUM]",,"[]",,,"[PREMIUM]"
"8c9f530d-0c04-4418-b2b4-1576112946de","2026-05-29 20:34:29.997","2026-06-01 20:34:50.916","8c9f530d-0c04-4418-b2b4-1576112946de","[PREMIUM]","New",2026,"Audi","S5","Premium Plus TFSI quattro S tronic","[PREMIUM]","[PREMIUM]",0,"Hatchback","Mythos Black Metallic","Black","All-wheel Drive",,,"Gasoline",,,"dealership","[PREMIUM]","Burlingame","CA","[PREMIUM]",,"[]",,,"[PREMIUM]"
"596765ad-64dc-43c1-be0b-2662342c9ddf","2026-05-29 20:34:19.946","2026-05-29 20:34:19.946","596765ad-64dc-43c1-be0b-2662342c9ddf","[PREMIUM]","New",2026,"RAM","1500","Laramie","[PREMIUM]","[PREMIUM]",0,"Truck","Diamond Black","Black","4WD",,,"Gasoline",,,"dealership","[PREMIUM]","Wooster","OH","[PREMIUM]",,"[]",,,"[PREMIUM]"
"085a0e26-dac9-434f-87a0-3ab75caa4107","2026-05-29 20:34:19.878","2026-06-01 20:35:01.026","085a0e26-dac9-434f-87a0-3ab75caa4107","[PREMIUM]","New",2026,"GMC","Yukon","Elevation","[PREMIUM]","[PREMIUM]",,"SUV","Summit White","Jet Black","Rear-wheel Drive",,,"Gasoline",,,"dealership","[PREMIUM]","Newnan","GA","[PREMIUM]",,"[]",,,"[PREMIUM]"
"3f0e5424-19ca-4bf7-8ea3-7d3528e583c6","2026-05-29 20:34:19.858","2026-05-29 20:34:19.858","3f0e5424-19ca-4bf7-8ea3-7d3528e583c6","[PREMIUM]","New",2026,"Ford","F-150","King Ranch","[PREMIUM]","[PREMIUM]",,"Truck","Brown",,"4WD",,,"Hybrid",,,"dealership","[PREMIUM]","La Grange","KY","[PREMIUM]",,"[]",,,"[PREMIUM]"
"b3d8a2b4-bfa2-444c-b8f7-92cfca29bab1","2026-05-29 20:34:09.687","2026-05-29 20:34:09.687","b3d8a2b4-bfa2-444c-b8f7-92cfca29bab1","[PREMIUM]","New",2026,"Ford","Transit-350","Base","[PREMIUM]","[PREMIUM]",2,"Cargo Van","Ingot Silver Metallic","Gray","AWD",,,"Flexible Fuel",,,"dealership","[PREMIUM]","Georgetown","TX","[PREMIUM]",,"[]",,,"[PREMIUM]"
"05a2181c-30e6-41dc-9c5d-5148ce03c5b2","2026-05-29 20:34:09.636","2026-05-29 20:34:09.636","05a2181c-30e6-41dc-9c5d-5148ce03c5b2","[PREMIUM]","New",2026,"Ford","F-150","King Ranch","[PREMIUM]","[PREMIUM]",153,"Truck","Ruby Red Metallic Tinted Clearcoat","Java","4WD",,,"Hybrid",,,"dealership","[PREMIUM]","Pawleys Island","SC","[PREMIUM]",,"[]",,,"[PREMIUM]"
"590c77ac-e200-420a-ba40-ef23f7c794a4","2026-05-29 20:34:09.613","2026-05-29 20:34:09.613","590c77ac-e200-420a-ba40-ef23f7c794a4","[PREMIUM]","New",2026,"Lincoln","Aviator","Reserve RWD","[PREMIUM]","[PREMIUM]",32,"SUV","Blue Metallic","Gray","RWD",,,"Gasoline",,,"dealership","[PREMIUM]","Doral","FL","[PREMIUM]",,"[]",,,"[PREMIUM]"
"2164d73d-c476-4f61-b1a7-700a4cfab66a","2026-05-29 20:34:09.611","2026-05-29 20:34:09.611","2164d73d-c476-4f61-b1a7-700a4cfab66a","[PREMIUM]","New",2026,"Genesis","GV70","3.5T Sport Prestige","[PREMIUM]","[PREMIUM]",5,"SUV","Vik Black","Black","AWD",,,"Gasoline",,,"dealership","[PREMIUM]","White Plains","NY","[PREMIUM]",,"[]",,,"[PREMIUM]"
"20d44205-2967-4e54-b36a-041c9df79dc2","2026-05-29 20:33:59.687","2026-05-29 20:33:59.687","20d44205-2967-4e54-b36a-041c9df79dc2","[PREMIUM]","New",2026,"Lexus","RX 350","Luxury","[PREMIUM]","[PREMIUM]",6,"SUV","Eminent White Pearl","Black","All Wheel Drive",,,"Premium unleaded",,,"dealership","[PREMIUM]","Murray","UT","[PREMIUM]",,"[]",,,"[PREMIUM]"
"24387c56-b286-4831-adbb-14c1f5d92d6a","2026-05-29 20:33:59.463","2026-05-29 20:33:59.463","24387c56-b286-4831-adbb-14c1f5d92d6a","[PREMIUM]","New",2026,"BMW","X5","sDrive40i","[PREMIUM]","[PREMIUM]",5,"SUV","Manhattan Green Metallic","Coffee","Rear-wheel Drive",,,"Gasoline",,,"dealership","[PREMIUM]","El Paso","TX","[PREMIUM]",,"[]",,,"[PREMIUM]"
"84b9b9d3-9e34-4db9-bb31-d257bba80938","2026-05-29 20:33:59.459","2026-05-29 20:33:59.459","84b9b9d3-9e34-4db9-bb31-d257bba80938","[PREMIUM]","New",2026,"Toyota","Tundra","1794 Edition","[PREMIUM]","[PREMIUM]",0,"Truck","Magnetic Gray Metallic","Saddle Tan","Four-wheel Drive",,,"Gasoline",,,"dealership","[PREMIUM]","Chicago","IL","[PREMIUM]",,"[]",,,"[PREMIUM]"
"21e2d15d-68d2-4a36-866e-0ed92e6d729a","2026-05-29 20:33:59.456","2026-05-29 20:33:59.456","21e2d15d-68d2-4a36-866e-0ed92e6d729a","[PREMIUM]","New",2026,"Volvo","XC90","B6 Plus 7-Seater","[PREMIUM]","[PREMIUM]",8,"SUV","Aurora Blue","Charcoal","All-wheel Drive",,,"Gasoline",,,"dealership","[PREMIUM]","Santa Monica","CA","[PREMIUM]",,"[]",,,"[PREMIUM]"
"02a1556d-9254-4565-850a-412791922a5c","2026-05-29 20:33:59.453","2026-05-29 20:33:59.453","02a1556d-9254-4565-850a-412791922a5c","[PREMIUM]","New",2026,"Lexus","TX 350","Base","[PREMIUM]","[PREMIUM]",6,"SUV","Celestial Silver Metallic","Black","All Wheel Drive",,,"Premium Unleaded",,,"dealership","[PREMIUM]","Murray","UT","[PREMIUM]",,"[]",,,"[PREMIUM]"
"7f6fede2-bde6-440f-8688-1adbf84f13be","2026-05-29 20:33:59.453","2026-06-01 20:34:10.696","7f6fede2-bde6-440f-8688-1adbf84f13be","[PREMIUM]","New",2026,"Lexus","RX 350h","Luxury","[PREMIUM]","[PREMIUM]",0,"SUV","Eminent White Pearl","Black","All-wheel Drive",,,"Gasoline",,,"dealership","[PREMIUM]","Murray","UT","[PREMIUM]",,"[]",,,"[PREMIUM]"
"8d5f2106-bda8-47ac-ac0c-3125d9f9c72b","2026-05-29 20:33:59.449","2026-06-01 20:34:10.775","8d5f2106-bda8-47ac-ac0c-3125d9f9c72b","[PREMIUM]","New",2026,"BMW","M340","M340i NA xDrive","[PREMIUM]","[PREMIUM]",0,"Sedan","Black Sapphire Metallic","Black","All-wheel Drive",,,"Hybrid",,,"dealership","[PREMIUM]","Ocala","FL","[PREMIUM]",,"[]",,,"[PREMIUM]"
"6bc719c3-425f-4359-8bde-b999ab4810b8","2026-05-29 20:33:59.427","2026-05-29 20:33:59.427","6bc719c3-425f-4359-8bde-b999ab4810b8","[PREMIUM]","New",2026,"Mercedes-Benz","Sprinter 2500","High Roof","[PREMIUM]","[PREMIUM]",6,"Cargo Van","Arctic White","Artico Man-Made Leather Black","Rear-wheel Drive",,,"Diesel",,,"dealership","[PREMIUM]","Waukesha","WI","[PREMIUM]",,"[]",,,"[PREMIUM]"
"1f3b82cd-9e6c-4890-a17e-a1e69ad0497c","2026-05-29 20:33:49.230","2026-05-29 20:33:49.230","1f3b82cd-9e6c-4890-a17e-a1e69ad0497c","[PREMIUM]","New",2026,"Toyota","Tundra Hybrid","Limited","[PREMIUM]","[PREMIUM]",1,"Truck","Mudbath","Black","Four-wheel Drive",,,"Hybrid",,,"dealership","[PREMIUM]","Cheyenne","WY","[PREMIUM]",,"[]",,,"[PREMIUM]"
"70bf80fa-64f6-4dac-b099-ca6f0145e96c","2026-05-29 20:33:49.191","2026-06-01 20:34:00.578","70bf80fa-64f6-4dac-b099-ca6f0145e96c","[PREMIUM]","New",2026,"Toyota","Tundra Hybrid","Limited","[PREMIUM]","[PREMIUM]",3,"Truck","Magnetic Gray Metallic","Black","Four-wheel Drive",,,"Hybrid",,,"dealership","[PREMIUM]","Cheyenne","WY","[PREMIUM]",,"[]",,,"[PREMIUM]"
"d73f1156-b05b-44f1-ad37-4cf536537679","2026-05-29 20:33:49.102","2026-05-29 20:33:49.102","d73f1156-b05b-44f1-ad37-4cf536537679","[PREMIUM]","New",2026,"RAM","1500","Rebel","[PREMIUM]","[PREMIUM]",5,"Truck","Bright White Clearcoat","Black","4WD",,,"Gasoline",,,"dealership","[PREMIUM]","Newton","NC","[PREMIUM]",,"[]",,,"[PREMIUM]"
"ac33ec4c-68ff-4f59-b643-f7e0039f8dfd","2026-05-29 20:33:49.059","2026-05-29 20:33:49.059","ac33ec4c-68ff-4f59-b643-f7e0039f8dfd","[PREMIUM]","New",2026,"Ford","F-250","XL","[PREMIUM]","[PREMIUM]",5,"Truck","Oxford White","Medium Dark Slate","Four Wheel Drive",,,"Diesel",,,"dealership","[PREMIUM]","American Fork","UT","[PREMIUM]",,"[]",,,"[PREMIUM]"
"ad562a45-6f50-4ce9-a411-d881833bd9d1","2026-05-29 20:33:49.057","2026-05-29 20:33:49.057","ad562a45-6f50-4ce9-a411-d881833bd9d1","[PREMIUM]","New",2026,"Lexus","TX 350","Luxury","[PREMIUM]","[PREMIUM]",0,"SUV","Celestial Silver Metallic","Birch","All Wheel Drive",,,"Premium unleaded",,,"dealership","[PREMIUM]","Murray","UT","[PREMIUM]",,"[]",,,"[PREMIUM]"
"588d74c5-5cd9-4009-b83c-27dd3d33492f","2026-05-29 20:33:49.055","2026-05-29 20:33:49.055","588d74c5-5cd9-4009-b83c-27dd3d33492f","[PREMIUM]","New",2026,"Ford","F-250","XL","[PREMIUM]","[PREMIUM]",5,"Truck","Oxford White","Medium Dark Slate","Four Wheel Drive",,,"Diesel",,,"dealership","[PREMIUM]","American Fork","UT","[PREMIUM]",,"[]",,,"[PREMIUM]"
"b7d412ea-48aa-4404-b362-d51973033e45","2026-05-29 20:33:49.055","2026-05-29 20:33:49.055","b7d412ea-48aa-4404-b362-d51973033e45","[PREMIUM]","New",2026,"Ford","Expedition Max","Active 4x4","[PREMIUM]","[PREMIUM]",5,"SUV","Oxford White",,"Four Wheel Drive",,,"Regular unleaded",,,"dealership","[PREMIUM]","American Fork","UT","[PREMIUM]",,"[]",,,"[PREMIUM]"
"5a52efef-3437-4f0a-b4e5-064e06719121","2026-05-29 20:33:49.030","2026-05-29 20:33:49.030","5a52efef-3437-4f0a-b4e5-064e06719121","[PREMIUM]","New",2026,"Ford","F-350","Platinum","[PREMIUM]","[PREMIUM]",5,"Truck","Oxford White",,"Four Wheel Drive",,,"Diesel",,,"dealership","[PREMIUM]","American Fork","UT","[PREMIUM]",,"[]",,,"[PREMIUM]"
"cb5ec5fb-9a7f-4c83-9971-f0bb7c327725","2026-05-29 20:33:49.025","2026-05-29 20:33:49.025","cb5ec5fb-9a7f-4c83-9971-f0bb7c327725","[PREMIUM]","New",2026,"Ford","F-250","XL","[PREMIUM]","[PREMIUM]",5,"Truck","Oxford White","Medium Dark Slate","Four Wheel Drive",,,"Diesel",,,"dealership","[PREMIUM]","American Fork","UT","[PREMIUM]",,"[]",,,"[PREMIUM]"
"266d566f-5f1a-4e48-9300-b72225ec82ca","2026-05-29 20:33:49.023","2026-05-29 20:33:49.023","266d566f-5f1a-4e48-9300-b72225ec82ca","[PREMIUM]","New",2026,"Lexus","RX 350","Luxury","[PREMIUM]","[PREMIUM]",0,"SUV","Nightfall Mica",,"All Wheel Drive",,,"Premium unleaded",,,"dealership","[PREMIUM]","Lindon","UT","[PREMIUM]",,"[]",,,"[PREMIUM]"
"4420ad22-9865-4e11-b13d-f8819258130a","2026-05-29 20:33:49.021","2026-05-29 20:33:49.021","4420ad22-9865-4e11-b13d-f8819258130a","[PREMIUM]","New",2026,"Ford","Expedition Max","Active 4x4","[PREMIUM]","[PREMIUM]",5,"SUV","Agate Black Metallic",,"Four Wheel Drive",,,"Regular unleaded",,,"dealership","[PREMIUM]","American Fork","UT","[PREMIUM]",,"[]",,,"[PREMIUM]"
"b459abbd-a659-44e1-94c2-dd4a1c14dd48","2026-05-29 20:33:49.021","2026-05-29 20:33:49.021","b459abbd-a659-44e1-94c2-dd4a1c14dd48","[PREMIUM]","New",2026,"Toyota","Tundra Hybrid","Platinum","[PREMIUM]","[PREMIUM]",0,"Truck","0218","Black","Four-wheel Drive",,,"Hybrid",,,"dealership","[PREMIUM]","Cheyenne","WY","[PREMIUM]",,"[]",,,"[PREMIUM]"
"5f235a47-5d17-4f58-9229-1fff7d6b9d75","2026-05-29 20:33:49.005","2026-06-01 20:34:00.912","5f235a47-5d17-4f58-9229-1fff7d6b9d75","[PREMIUM]","New",2026,"Ford","F-350","XLT","[PREMIUM]","[PREMIUM]",5,"Truck","Oxford White",,"Four-wheel Drive",,,"Diesel",,,"dealership","[PREMIUM]","American Fork","UT","[PREMIUM]",,"[]",,,"[PREMIUM]"
"0b50744b-9f29-4fc0-b00c-dd9dc034f555","2026-05-29 20:33:48.992","2026-05-29 20:33:48.992","0b50744b-9f29-4fc0-b00c-dd9dc034f555","[PREMIUM]","New",2026,"Lexus","RX 450h+","Base","[PREMIUM]","[PREMIUM]",0,"SUV","Eminent White Pearl","Palomino","All Wheel Drive",,,"Premium unleaded",,,"dealership","[PREMIUM]","Lindon","UT","[PREMIUM]",,"[]",,,"[PREMIUM]"
"cb8c9df7-55ff-4f2f-950f-069cd305492b","2026-05-29 20:33:48.970","2026-05-29 20:33:48.970","cb8c9df7-55ff-4f2f-950f-069cd305492b","[PREMIUM]","New",2026,"Lexus","RX 350h","Luxury","[PREMIUM]","[PREMIUM]",0,"SUV","Eminent White Pearl","Black","All Wheel Drive",,,"Premium unleaded",,,"dealership","[PREMIUM]","Murray","UT","[PREMIUM]",,"[]",,,"[PREMIUM]"
"0f373995-6da1-43f4-b707-cd0cf11eb487","2026-05-29 20:33:48.947","2026-05-29 20:33:48.947","0f373995-6da1-43f4-b707-cd0cf11eb487","[PREMIUM]","New",2026,"Ford","F-350","XL","[PREMIUM]","[PREMIUM]",3,"Truck","Oxford White","Medium Dark Slate","Four Wheel Drive",,,"Diesel",,,"dealership","[PREMIUM]","American Fork","UT","[PREMIUM]",,"[]",,,"[PREMIUM]"
"fa87cb1f-94a8-4994-b4d8-8a0248d638ce","2026-05-29 20:33:38.487","2026-05-29 20:33:38.487","fa87cb1f-94a8-4994-b4d8-8a0248d638ce","[PREMIUM]","New",2026,"Chevrolet","Silverado 2500","LT","[PREMIUM]","[PREMIUM]",3,"Truck","Black","Jet Black","Four-wheel Drive",,,"Diesel",,,"dealership","[PREMIUM]","Fenton","MO","[PREMIUM]",,"[]",,,"[PREMIUM]"
"971a5d2e-13de-49dd-9aba-edfb8a178f8b","2026-05-29 20:33:38.470","2026-05-29 20:33:38.470","971a5d2e-13de-49dd-9aba-edfb8a178f8b","[PREMIUM]","New",2026,"BMW","i4 Gran Coupe","xDrive40","[PREMIUM]","[PREMIUM]",0,"Hatchback","Cape York Green Metallic","Cognac","All-wheel Drive",,,"Electric",,,"dealership","[PREMIUM]","Camarillo","CA","[PREMIUM]",,"[]",,,"[PREMIUM]"
"780eb718-1d83-4f20-8058-5781e0d86fd7","2026-05-29 20:33:38.442","2026-05-29 20:33:38.442","780eb718-1d83-4f20-8058-5781e0d86fd7","[PREMIUM]","New",2026,"Lexus","RX 450h+","Base","[PREMIUM]","[PREMIUM]",0,"SUV","Eminent White Pearl",,"All Wheel Drive",,,"Premium unleaded",,,"dealership","[PREMIUM]","Lindon","UT","[PREMIUM]",,"[]",,,"[PREMIUM]"
"38244019-5619-4be1-8698-436e49133637","2026-05-29 20:33:38.423","2026-05-29 20:33:38.423","38244019-5619-4be1-8698-436e49133637","[PREMIUM]","New",2026,"Lexus","RX 350","Luxury","[PREMIUM]","[PREMIUM]",0,"SUV","Caviar",,"All Wheel Drive",,,"Premium unleaded",,,"dealership","[PREMIUM]","Lindon","UT","[PREMIUM]",,"[]",,,"[PREMIUM]"
"a51e032f-41e1-4bcc-a4a0-894e8e439488","2026-05-29 20:33:38.422","2026-06-01 20:33:50.415","a51e032f-41e1-4bcc-a4a0-894e8e439488","[PREMIUM]","New",2026,"Chevrolet","Suburban","LS","[PREMIUM]","[PREMIUM]",2,"SUV","Summit White","Jet Black","Four-wheel Drive",,,"Gasoline",,,"dealership","[PREMIUM]","Santa Barbara","CA","[PREMIUM]",,"[]",,,"[PREMIUM]"
"885fe25c-1417-4658-9fff-7e35bd793f98","2026-05-29 20:33:38.385","2026-05-29 20:33:38.385","885fe25c-1417-4658-9fff-7e35bd793f98","[PREMIUM]","New",2026,"Lexus","TX 350","Luxury","[PREMIUM]","[PREMIUM]",0,"SUV","Nightfall Mica",,"All Wheel Drive",,,"Premium unleaded",,,"dealership","[PREMIUM]","Lindon","UT","[PREMIUM]",,"[]",,,"[PREMIUM]"
"5b0556cb-1737-4761-aaac-ec9d5817f274","2026-05-29 20:33:38.359","2026-05-29 20:33:38.359","5b0556cb-1737-4761-aaac-ec9d5817f274","[PREMIUM]","New",2026,"BMW","M340","M340i","[PREMIUM]","[PREMIUM]",0,"Sedan","Portimao Blue Metallic","Cognac","Rear-wheel Drive",,,"Gasoline",,,"dealership","[PREMIUM]","Camarillo","CA","[PREMIUM]",,"[]",,,"[PREMIUM]"
"25d36a4e-0f55-420e-bbf5-f57d3d6092c4","2026-05-29 20:33:38.314","2026-06-01 20:33:50.433","25d36a4e-0f55-420e-bbf5-f57d3d6092c4","[PREMIUM]","New",2026,"Lexus","RX 350h","Luxury","[PREMIUM]","[PREMIUM]",0,"SUV","Copper Crest",,"All-wheel Drive",,,"Gasoline",,,"dealership","[PREMIUM]","Lindon","UT","[PREMIUM]",,"[]",,,"[PREMIUM]"
"c539e14c-1e1a-4f2d-8704-0e3a818fa1d8","2026-05-29 20:33:38.242","2026-05-29 20:33:38.242","c539e14c-1e1a-4f2d-8704-0e3a818fa1d8","[PREMIUM]","New",2026,"Chevrolet","Tahoe","LT","[PREMIUM]","[PREMIUM]",3,"SUV","Summit White","Jet Black","Four-wheel Drive",,,"Gasoline",,,"dealership","[PREMIUM]","Fenton","MO","[PREMIUM]",,"[]",,,"[PREMIUM]"
"d58ee500-e95d-4ec6-8e4c-00983e56c445","2026-05-29 20:33:38.236","2026-05-29 20:33:38.236","d58ee500-e95d-4ec6-8e4c-00983e56c445","[PREMIUM]","New",2026,"Ford","F-150","XLT","[PREMIUM]","[PREMIUM]",5,"Truck","Agate Black Metallic","Black","Four-wheel Drive",,,"Gasoline",,,"dealership","[PREMIUM]","Chantilly","VA","[PREMIUM]",,"[]",,,"[PREMIUM]"
"4ef87e1a-9e53-491b-9cd9-99e7c85a553e","2026-05-29 20:33:38.201","2026-05-29 20:33:38.201","4ef87e1a-9e53-491b-9cd9-99e7c85a553e","[PREMIUM]","New",2026,"Chevrolet","Silverado 1500","ZR2","[PREMIUM]","[PREMIUM]",,"Truck","White Sand","Jet Black","Four-wheel Drive",,,"Gasoline",,,"dealership","[PREMIUM]","Lansing","IL","[PREMIUM]",,"[]",,,"[PREMIUM]"
"f833faac-aff3-4ab8-b064-77f484f7738f","2026-05-29 20:33:38.196","2026-05-29 20:33:38.196","f833faac-aff3-4ab8-b064-77f484f7738f","[PREMIUM]","New",2026,"Chevrolet","Silverado 2500","LT","[PREMIUM]","[PREMIUM]",3,"Truck","Red Hot","Jet Black","Four-wheel Drive",,,"Diesel",,,"dealership","[PREMIUM]","Fenton","MO","[PREMIUM]",,"[]",,,"[PREMIUM]"
"10a3131a-7015-4d69-ba90-d7278a34c5f4","2026-05-29 20:33:38.188","2026-05-29 20:33:38.188","10a3131a-7015-4d69-ba90-d7278a34c5f4","[PREMIUM]","New",2026,"Toyota","Tundra","1794 Edition","[PREMIUM]","[PREMIUM]",,"Truck","Silver","Saddle Tan","4WD",,,"Gasoline",,,"dealership","[PREMIUM]","Knoxville","TN","[PREMIUM]",,"[]",,,"[PREMIUM]"
"838258bd-4303-484d-b3d8-e29d094a6351","2026-05-29 20:33:38.183","2026-05-29 20:33:38.183","838258bd-4303-484d-b3d8-e29d094a6351","[PREMIUM]","New",2026,"Chevrolet","Silverado 2500","LT","[PREMIUM]","[PREMIUM]",0,"Truck","Cypress Gray","Jet Black","Four-wheel Drive",,,"Diesel",,,"dealership","[PREMIUM]","Fenton","MO","[PREMIUM]",,"[]",,,"[PREMIUM]"
"72d55257-a32c-442a-b758-5785f36ab46e","2026-05-29 20:33:38.160","2026-05-29 20:33:38.160","72d55257-a32c-442a-b758-5785f36ab46e","[PREMIUM]","New",2026,"Chevrolet","Silverado 2500","LT","[PREMIUM]","[PREMIUM]",0,"Truck","Cypress Gray","Jet Black","Four-wheel Drive",,,"Diesel",,,"dealership","[PREMIUM]","Fenton","MO","[PREMIUM]",,"[]",,,"[PREMIUM]"
"8447ce61-cbf8-4329-8ef9-2e37c07a17c6","2026-05-29 20:33:38.160","2026-05-29 20:33:38.160","8447ce61-cbf8-4329-8ef9-2e37c07a17c6","[PREMIUM]","New",2026,"BMW","i4 Gran Coupe","xDrive40","[PREMIUM]","[PREMIUM]",8,"Hatchback","Black Sapphire Metallic","Black","All-wheel Drive",,,"Electric",,,"dealership","[PREMIUM]","Camarillo","CA","[PREMIUM]",,"[]",,,"[PREMIUM]"
"63179cab-181f-4872-8509-a1d6d70858ac","2026-05-29 20:33:38.158","2026-05-29 20:33:38.158","63179cab-181f-4872-8509-a1d6d70858ac","[PREMIUM]","New",2026,"BMW","i4 Gran Coupe","eDrive40","[PREMIUM]","[PREMIUM]",8,"Hatchback","Brooklyn Grey Metallic","Black w/Red Highlight","Rear-wheel Drive",,,"Electric",,,"dealership","[PREMIUM]","Camarillo","CA","[PREMIUM]",,"[]",,,"[PREMIUM]"
"d0e6dd85-f97f-4a0e-a314-2e8aca1e440b","2026-05-29 20:33:38.157","2026-05-29 20:33:38.157","d0e6dd85-f97f-4a0e-a314-2e8aca1e440b","[PREMIUM]","New",2026,"Ford","F-250","XLT","[PREMIUM]","[PREMIUM]",5,"Truck","Race Red","Medium Dark Slate","4WD",,,"Diesel",,,"dealership","[PREMIUM]","Columbia","KY","[PREMIUM]",,"[]",,,"[PREMIUM]"
"defc2d44-ae69-4a16-8149-925180329b8a","2026-05-29 20:33:38.153","2026-06-01 20:33:50.441","defc2d44-ae69-4a16-8149-925180329b8a","[PREMIUM]","New",2026,"Ford","F-150","Platinum","[PREMIUM]","[PREMIUM]",28,"Truck","Agate Black Metallic","Gray","Four-wheel Drive",,,"Hybrid",,,"dealership","[PREMIUM]","Columbia","KY","[PREMIUM]",,"[]",,,"[PREMIUM]"
"67c7955f-84f2-4cbf-baba-b8d940ef5887","2026-05-29 20:33:38.150","2026-05-29 20:33:38.150","67c7955f-84f2-4cbf-baba-b8d940ef5887","[PREMIUM]","New",2026,"BMW","i4 Gran Coupe","xDrive40","[PREMIUM]","[PREMIUM]",8,"Hatchback","Mineral White Metallic","Black","All-wheel Drive",,,"Electric",,,"dealership","[PREMIUM]","Camarillo","CA","[PREMIUM]",,"[]",,,"[PREMIUM]"
"7ec5a0cf-6b9f-494a-9227-111f10ea9a1d","2026-05-29 20:33:38.142","2026-05-29 20:33:38.142","7ec5a0cf-6b9f-494a-9227-111f10ea9a1d","[PREMIUM]","New",2026,"BMW","i4 Gran Coupe","xDrive40","[PREMIUM]","[PREMIUM]",0,"Hatchback","Dravit Grey Metallic","Cognac","All-wheel Drive",,,"Electric",,,"dealership","[PREMIUM]","Camarillo","CA","[PREMIUM]",,"[]",,,"[PREMIUM]"
"3872a1ee-a82f-4869-9609-4cc459f131f4","2026-05-29 20:33:38.140","2026-05-29 20:33:38.140","3872a1ee-a82f-4869-9609-4cc459f131f4","[PREMIUM]","New",2026,"BMW","i4 Gran Coupe","M60","[PREMIUM]","[PREMIUM]",8,"Hatchback","Dravit Grey Metallic","Cognac","All-wheel Drive",,,"Electric",,,"dealership","[PREMIUM]","Camarillo","CA","[PREMIUM]",,"[]",,,"[PREMIUM]"
"eb12c955-764e-4ad5-bfe1-2ddfa07e27fa","2026-05-29 20:33:38.086","2026-06-01 20:33:50.477","eb12c955-764e-4ad5-bfe1-2ddfa07e27fa","[PREMIUM]","New",2026,"Nissan","Armada","Platinum","[PREMIUM]","[PREMIUM]",60,"SUV","Coulis Red Pear","Almond","Four-wheel Drive",,,"Gasoline",,,"dealership","[PREMIUM]","Houston","TX","[PREMIUM]",,"[]",,,"[PREMIUM]"
"430dc737-948b-4903-a035-ac5525aa3879","2026-05-29 20:33:38.085","2026-05-29 20:33:38.085","430dc737-948b-4903-a035-ac5525aa3879","[PREMIUM]","New",2026,"RAM","2500","Big Horn Crew Cab 4x4 8&#39; Box","[PREMIUM]","[PREMIUM]",24,"Truck","Molten Red Pearlcoat","Black","Four Wheel Drive",,,"Diesel",,,"dealership","[PREMIUM]","Waynesboro","PA","[PREMIUM]",,"[]",,,"[PREMIUM]"
"c51ee355-9bcc-40ca-9b2f-e700f58324b6","2026-05-29 20:33:38.066","2026-05-29 20:33:38.066","c51ee355-9bcc-40ca-9b2f-e700f58324b6","[PREMIUM]","New",2026,"BMW","M340","NA","[PREMIUM]","[PREMIUM]",8,"Sedan","Frozen Pure Grey Metallic","Black","Rear-wheel Drive",,,"Gasoline",,,"dealership","[PREMIUM]","Camarillo","CA","[PREMIUM]",,"[]",,,"[PREMIUM]"
"5e5bd876-3a0c-49a3-b768-c1475ca5693c","2026-05-29 20:33:38.038","2026-05-29 20:33:38.038","5e5bd876-3a0c-49a3-b768-c1475ca5693c","[PREMIUM]","Used",2026,"Acura","MDX",,"[PREMIUM]","[PREMIUM]",2696,"SUV","Liquid Carbon Metallic","Ebony",,,,,,,"dealership","[PREMIUM]","Manchester","MO","[PREMIUM]",,"[]",,,"[PREMIUM]"
"2dde4cff-3ccb-4217-91b7-6604a1790702","2026-05-29 20:33:17.167","2026-05-29 20:33:17.167","2dde4cff-3ccb-4217-91b7-6604a1790702","[PREMIUM]","New",2027,"BMW","530","i","[PREMIUM]","[PREMIUM]",8,"Sedan","Frozen Deep Grey","Black","Rear-wheel Drive",,,"Gasoline",,,"dealership","[PREMIUM]","Camarillo","CA","[PREMIUM]",,"[]",,,"[PREMIUM]"
"09b44612-763f-482a-80d8-3510f42949ee","2026-05-29 20:33:17.004","2026-05-29 20:33:17.004","09b44612-763f-482a-80d8-3510f42949ee","[PREMIUM]","New",2027,"BMW","530","i","[PREMIUM]","[PREMIUM]",0,"Sedan","Oxide Grey Metallic","Espresso Brown","Rear-wheel Drive",,,"Gasoline",,,"dealership","[PREMIUM]","Camarillo","CA","[PREMIUM]",,"[]",,,"[PREMIUM]"
"2d437c48-8e7b-48c2-ac63-e4b36be4f5e2","2026-05-29 20:33:16.991","2026-05-29 20:33:16.991","2d437c48-8e7b-48c2-ac63-e4b36be4f5e2","[PREMIUM]","New",2027,"BMW","530","i","[PREMIUM]","[PREMIUM]",0,"Sedan","Black Sapphire Metallic","Smoke","Rear-wheel Drive",,,"Gasoline",,,"dealership","[PREMIUM]","Katy","TX","[PREMIUM]",,"[]",,,"[PREMIUM]"
"c0239cae-25b7-4309-a2f7-4038345101b4","2026-05-29 20:33:16.975","2026-05-29 20:33:16.975","c0239cae-25b7-4309-a2f7-4038345101b4","[PREMIUM]","New",2027,"Audi","Q6 e-tron","Premium quattro","[PREMIUM]","[PREMIUM]",11,"SUV","Manhattan Gray Metallic","Black","All-wheel Drive",,,"Electric",,,"dealership","[PREMIUM]","Beverly Hills","CA","[PREMIUM]",,"[]",,,"[PREMIUM]"
"e1456f79-13a5-44b0-8185-04cd174ac901","2026-05-29 20:33:16.963","2026-05-29 20:33:16.963","e1456f79-13a5-44b0-8185-04cd174ac901","[PREMIUM]","New",2027,"BMW","530","i","[PREMIUM]","[PREMIUM]",0,"Sedan","C4p/Kssw","Black","Rear-wheel Drive",,,"Gasoline",,,"dealership","[PREMIUM]","Camarillo","CA","[PREMIUM]",,"[]",,,"[PREMIUM]"
"65ee8730-ed64-4e4d-9fd0-f16c944dfd85","2026-05-29 20:33:16.948","2026-05-29 20:33:16.948","65ee8730-ed64-4e4d-9fd0-f16c944dfd85","[PREMIUM]","New",2027,"BMW","530","i","[PREMIUM]","[PREMIUM]",0,"Sedan","Tanzanite Blue II Metallic","Smoke White","Rear-wheel Drive",,,"Gasoline",,,"dealership","[PREMIUM]","Camarillo","CA","[PREMIUM]",,"[]",,,"[PREMIUM]"
"25c9faa3-5f16-476f-9ebe-d6735c7fdf2d","2026-05-29 20:27:35.549","2026-05-29 20:27:35.549","25c9faa3-5f16-476f-9ebe-d6735c7fdf2d","[PREMIUM]","Used",2022,"Ford","F-250","LARIAT","[PREMIUM]","[PREMIUM]",39167,"Truck","OXFORD WHITE","BLACK ONYX LEATHER",,,,,,,"dealership","[PREMIUM]","Riverside","CA","[PREMIUM]",,"[]",,,"[PREMIUM]"
"d8f6e3e9-8e05-408a-96ba-71a49be44146","2026-05-29 20:26:05.391","2026-05-29 20:26:05.391","d8f6e3e9-8e05-408a-96ba-71a49be44146","[PREMIUM]","Used",2022,"BMW","M4","Competition xDrive","[PREMIUM]","[PREMIUM]",17056,"Convertible","Skyscraper Grey Metallic","Silverstone/Black","All-wheel Drive",,,"Gasoline",,,"dealership","[PREMIUM]","Camarillo","CA","[PREMIUM]",,"[]",,,"[PREMIUM]"
"3ce935af-566d-4a41-b0cc-2168b1df378e","2026-05-29 20:24:35.029","2026-05-29 20:24:35.029","3ce935af-566d-4a41-b0cc-2168b1df378e","[PREMIUM]","Used",2023,"Ford","Bronco","Raptor","[PREMIUM]","[PREMIUM]",23196,"SUV","Shadow Black","Black Onyx","Four-wheel Drive",,,"Gasoline",,,"dealership","[PREMIUM]","Blair","NE","[PREMIUM]",,"[]",,,"[PREMIUM]"
"191e4227-5104-4e21-b14f-e8f6cda72831","2026-05-29 20:24:34.968","2026-05-29 20:24:34.968","191e4227-5104-4e21-b14f-e8f6cda72831","[PREMIUM]","Used",2023,"Chevrolet","Tahoe","4WD RST","[PREMIUM]","[PREMIUM]",2474,"SUV","Black","Jet Black/Victory Red","Four-wheel Drive",,,"Gasoline",,,"dealership","[PREMIUM]","Montclair","CA","[PREMIUM]",,"[]",,,"[PREMIUM]"
"28d1626f-87f7-4794-95ca-048f799a8a7f","2026-05-29 20:24:34.955","2026-06-01 20:24:48.974","28d1626f-87f7-4794-95ca-048f799a8a7f","[PREMIUM]","Used",2023,"Ford","F-450","XL","[PREMIUM]","[PREMIUM]",10033,"Truck","AGATE BLACK","MEDIUM DARK SLATE CLOTH","Four-wheel Drive",,,"Diesel",,,"dealership","[PREMIUM]","Parma","OH","[PREMIUM]",,"[]",,,"[PREMIUM]"
"c119ff8a-1f3e-45ce-86d3-4448a4fdd649","2026-05-29 20:24:34.930","2026-05-29 20:24:34.930","c119ff8a-1f3e-45ce-86d3-4448a4fdd649","[PREMIUM]","Used",2023,"Ford","F-250","King Ranch","[PREMIUM]","[PREMIUM]",20053,"Truck","Black Metallic","Java","Four-wheel Drive",,,"Gasoline",,,"dealership","[PREMIUM]","Columbia","KY","[PREMIUM]",,"[]",,,"[PREMIUM]"
"17b00d54-26a2-4548-b23c-870f3fe31b2c","2026-05-29 20:24:04.842","2026-05-29 20:24:04.842","17b00d54-26a2-4548-b23c-870f3fe31b2c","[PREMIUM]","Used",2024,"BMW","X5","M60i","[PREMIUM]","[PREMIUM]",30430,"SUV","Marina Bay Blue Metallic","Black","All-wheel Drive",,,"Gasoline",,,"dealership","[PREMIUM]","Camarillo","CA","[PREMIUM]",,"[]",,,"[PREMIUM]"
"05e121ac-49ae-4393-9691-6de11f3cb8f4","2026-05-29 20:24:04.559","2026-06-01 20:24:28.746","05e121ac-49ae-4393-9691-6de11f3cb8f4","[PREMIUM]","Used",2024,"Chevrolet","Tahoe","Premier","[PREMIUM]","[PREMIUM]",27843,"SUV","Dark Ash Metallic","Black","Four-wheel Drive",,,"Gasoline",,,"dealership","[PREMIUM]","Raleigh","NC","[PREMIUM]",,"[]",,,"[PREMIUM]"
"83777878-ef60-4b77-992f-4c582dbb7d3a","2026-05-29 20:24:04.510","2026-05-29 20:24:04.510","83777878-ef60-4b77-992f-4c582dbb7d3a","[PREMIUM]","Used",2024,"Toyota","Sequoia","Capstone","[PREMIUM]","[PREMIUM]",44974,"SUV","Magnetic Gray Metallic","Black/White","Four-wheel Drive",,,"Gasoline",,,"dealership","[PREMIUM]","Arlington","TX","[PREMIUM]",,"[]",,,"[PREMIUM]"
"bb08dffe-3412-40e9-99a3-c73a922fc298","2026-05-29 20:24:04.510","2026-05-29 20:24:04.510","bb08dffe-3412-40e9-99a3-c73a922fc298","[PREMIUM]","Used",2024,"BMW","X7","xDrive40i","[PREMIUM]","[PREMIUM]",31715,"SUV","Brooklyn Gray Metallic","Cognac","All-wheel Drive",,,"Gasoline",,,"dealership","[PREMIUM]","Huntsville","AL","[PREMIUM]",,"[]",,,"[PREMIUM]"
"ac624826-6f90-464a-9d18-00956b76de8b","2026-05-29 20:24:04.453","2026-05-29 20:24:04.453","ac624826-6f90-464a-9d18-00956b76de8b","[PREMIUM]","Used",2024,"GMC","Sierra 2500","Denali","[PREMIUM]","[PREMIUM]",42785,"Truck","Volcanic Red","Atmosphere","Four-wheel Drive",,,"Diesel",,,"dealership","[PREMIUM]","Collinsville","IL","[PREMIUM]",,"[]",,,"[PREMIUM]"
"102a5c3c-64fd-48c8-8456-552a3fcd2eb5","2026-05-29 20:23:54.336","2026-06-01 20:24:08.693","102a5c3c-64fd-48c8-8456-552a3fcd2eb5","[PREMIUM]","Used",2024,"GMC","Sierra 2500","AT4","[PREMIUM]","[PREMIUM]",32118,"Truck","Onyx Black","Jet Black w/Kalahari Accents","Four-wheel Drive",,,"Gasoline",,,"dealership","[PREMIUM]","Montclair","CA","[PREMIUM]",,"[]",,,"[PREMIUM]"
"977bf39e-ddfb-458f-967a-6e1f0de12ce9","2026-05-29 20:23:54.290","2026-06-01 20:24:08.663","977bf39e-ddfb-458f-967a-6e1f0de12ce9","[PREMIUM]","Used",2024,"Chevrolet","Silverado 2500","4WD Crew Cab Standard Bed ZR2","[PREMIUM]","[PREMIUM]",38899,"Truck","Red Hot","Jet Black/Graystone","Four-wheel Drive",,,"Gasoline",,,"dealership","[PREMIUM]","Orem","UT","[PREMIUM]",,"[]",,,"[PREMIUM]"
"ce28768d-919d-476f-96d7-2b49620c4c5d","2026-05-29 20:23:54.283","2026-05-29 20:23:54.283","ce28768d-919d-476f-96d7-2b49620c4c5d","[PREMIUM]","Used",2024,"Tesla","Model X","Long Range","[PREMIUM]","[PREMIUM]",35785,"SUV","White","BLACK","Four-wheel Drive",,,"Electric",,,"dealership","[PREMIUM]","Austin","TX","[PREMIUM]",,"[]",,,"[PREMIUM]"
"a0783883-9a87-424c-a308-7f9acf025b4f","2026-05-29 20:23:34.255","2026-05-29 20:23:34.255","a0783883-9a87-424c-a308-7f9acf025b4f","[PREMIUM]","Used",2025,"Toyota","Land Cruiser","Base","[PREMIUM]","[PREMIUM]",5473,"SUV","Heritage Blue","Java","Four-wheel Drive",,,"Gasoline",,,"dealership","[PREMIUM]","Avondale","AZ","[PREMIUM]",,"[]",,,"[PREMIUM]"
"bcc56e23-4b73-424c-8300-d5126832b6b3","2026-05-29 20:23:24.102","2026-05-29 20:23:24.102","bcc56e23-4b73-424c-8300-d5126832b6b3","[PREMIUM]","Used",2025,"GMC","Yukon","Denali","[PREMIUM]","[PREMIUM]",36355,"SUV","Black","Black","Four-wheel Drive",,,"Gasoline",,,"dealership","[PREMIUM]","Tarpon Springs","FL","[PREMIUM]",,"[]",,,"[PREMIUM]"
"85b14534-5432-4421-a6dc-779719906248","2026-05-29 20:23:24.084","2026-05-29 20:23:24.084","85b14534-5432-4421-a6dc-779719906248","[PREMIUM]","Used",2025,"Toyota","Land Cruiser","1958","[PREMIUM]","[PREMIUM]",17911,"SUV","Ice Cap","Black","Four-wheel Drive",,,"Gasoline",,,"dealership","[PREMIUM]","Albuquerque","NM","[PREMIUM]",,"[]",,,"[PREMIUM]"
"7a15e895-ce5e-48a2-9d94-c17e7033cde5","2026-05-29 20:23:14.175","2026-05-29 20:23:14.175","7a15e895-ce5e-48a2-9d94-c17e7033cde5","[PREMIUM]","New",2025,"Ford","Expedition","Active","[PREMIUM]","[PREMIUM]",0,"SUV","Oxford White","Gray","Four Wheel Drive",,,"Regular unleaded",,,"dealership","[PREMIUM]","American Fork","UT","[PREMIUM]",,"[]",,,"[PREMIUM]"
"a2432d70-0faf-41ff-b3dd-416ddd37c795","2026-05-29 20:23:14.155","2026-05-29 20:23:14.155","a2432d70-0faf-41ff-b3dd-416ddd37c795","[PREMIUM]","Used",2025,"Chevrolet","Silverado 2500","LTZ","[PREMIUM]","[PREMIUM]",13794,"Truck","Radiant Red Tintcoat","Jet Black","Four-wheel Drive",,,"Diesel",,,"dealership","[PREMIUM]","Montclair","CA","[PREMIUM]",,"[]",,,"[PREMIUM]"
"27200494-8b88-4fc9-a8ab-694958f4aac6","2026-05-29 20:23:13.940","2026-05-29 20:23:13.940","27200494-8b88-4fc9-a8ab-694958f4aac6","[PREMIUM]","New",2025,"Ford","Expedition","Active","[PREMIUM]","[PREMIUM]",0,"SUV","Oxford White","Gray","Four Wheel Drive",,,"Regular unleaded",,,"dealership","[PREMIUM]","American Fork","UT","[PREMIUM]",,"[]",,,"[PREMIUM]"
"84677f43-b9b9-4860-a796-075b39c75df0","2026-05-29 20:23:13.917","2026-05-29 20:23:13.917","84677f43-b9b9-4860-a796-075b39c75df0","[PREMIUM]","New",2025,"RAM","2500","Big Horn Crew Cab 4x4 6&#39;4&#39; Box","[PREMIUM]","[PREMIUM]",15,"Truck","Diamond Black Crystal Pearlcoat","Black","Four Wheel Drive",,,"Diesel",,,"dealership","[PREMIUM]","Waynesboro","PA","[PREMIUM]",,"[]",,,"[PREMIUM]"
"06c1653d-ce70-4d24-931a-ea17970f7704","2026-05-29 20:23:13.910","2026-05-29 20:23:13.910","06c1653d-ce70-4d24-931a-ea17970f7704","[PREMIUM]","Used",2025,"Ford","F-150","King Ranch","[PREMIUM]","[PREMIUM]",11704,"Truck","Antimatter Blue Metallic","Java","Four-wheel Drive",,,"Hybrid",,,"dealership","[PREMIUM]","Columbia","KY","[PREMIUM]",,"[]",,,"[PREMIUM]"
"f61f9320-9c14-4ad5-868b-38fc5ad674a2","2026-05-29 20:22:43.644","2026-06-01 20:22:58.484","f61f9320-9c14-4ad5-868b-38fc5ad674a2","[PREMIUM]","New",2026,"RAM","1500","Big Horn/Lone Star","[PREMIUM]","[PREMIUM]",1,"Truck","Diamond Black Crystal Pearlcoat","Black","Four-wheel Drive",,,"Gasoline",,,"dealership","[PREMIUM]","Schenectady","NY","[PREMIUM]",,"[]",,,"[PREMIUM]"
"f9ca8de4-b5f0-4f28-964b-f61fe3353a22","2026-05-29 20:22:43.579","2026-06-01 20:22:48.112","f9ca8de4-b5f0-4f28-964b-f61fe3353a22","[PREMIUM]","Used",2026,"Ford","F-150","Lariat","[PREMIUM]","[PREMIUM]",208,"Truck","Agate Black Metallic","Black","Four-wheel Drive",,,"Gasoline",,,"dealership","[PREMIUM]","Waterbury","CT","[PREMIUM]",,"[]",,,"[PREMIUM]"
"6ff2e133-09bb-4d81-b1c2-a2c25a71fedb","2026-05-29 20:22:43.578","2026-05-29 20:22:43.578","6ff2e133-09bb-4d81-b1c2-a2c25a71fedb","[PREMIUM]","New",2026,"Lincoln","Nautilus","Premiere","[PREMIUM]","[PREMIUM]",9,"SUV","WHITE PLATINUM MET 3C","MD LT SPC GRY LINCOLN SFT TCH","All-wheel Drive",,,"Gasoline",,,"dealership","[PREMIUM]","Ballwin","MO","[PREMIUM]",,"[]",,,"[PREMIUM]"
"863ae52e-3526-47e4-96e1-018263a18a86","2026-05-29 20:22:43.504","2026-06-01 20:22:48.072","863ae52e-3526-47e4-96e1-018263a18a86","[PREMIUM]","New",2026,"Lexus","TX 350","Premium","[PREMIUM]","[PREMIUM]",5,"SUV","Wind Chill Pearl","Black","All-wheel Drive",,,"Gasoline",,,"dealership","[PREMIUM]","Akron","OH","[PREMIUM]",,"[]",,,"[PREMIUM]"
"ff6a587f-cc2b-4cae-951d-e8114552a564","2026-05-29 20:21:53.261","2026-05-29 20:21:53.261","ff6a587f-cc2b-4cae-951d-e8114552a564","[PREMIUM]","New",2026,"Toyota","Tacoma Hybrid","TRD Pro","[PREMIUM]","[PREMIUM]",0,"Truck","Black","Black SofTex","Four-wheel Drive",,,"Hybrid",,,"dealership","[PREMIUM]","Allston","MA","[PREMIUM]",,"[]",,,"[PREMIUM]"
"ed2cd0e7-d07b-4b22-8cdc-fbf63b834b4e","2026-05-29 20:21:53.166","2026-05-29 20:21:53.166","ed2cd0e7-d07b-4b22-8cdc-fbf63b834b4e","[PREMIUM]","New",2026,"RAM","1500","Rebel","[PREMIUM]","[PREMIUM]",0,"Truck","Blue","Black","4WD",,,"Gasoline",,,"dealership","[PREMIUM]","San Fernando","CA","[PREMIUM]",,"[]",,,"[PREMIUM]"
"24625fa8-8a30-4cac-8b9c-8b2c1a2a7fae","2026-05-29 20:21:53.128","2026-06-01 20:22:07.780","24625fa8-8a30-4cac-8b9c-8b2c1a2a7fae","[PREMIUM]","New",2026,"Lexus","RX 350","Luxury","[PREMIUM]","[PREMIUM]",3,"SUV","Caviar","La21/Black","Front-wheel Drive",,,"Gasoline",,,"dealership","[PREMIUM]","Plano","TX","[PREMIUM]",,"[]",,,"[PREMIUM]"
"e0f9b1da-c86f-4fb5-9cd4-db08fa998e85","2026-05-29 20:21:43.064","2026-06-01 20:21:57.770","e0f9b1da-c86f-4fb5-9cd4-db08fa998e85","[PREMIUM]","New",2026,"Land Rover","Range Rover Velar","P250 S","[PREMIUM]","[PREMIUM]",2,"SUV","Batumi Gold","Ebony","All-wheel Drive",,,"Gasoline",,,"dealership","[PREMIUM]","Alexandria","VA","[PREMIUM]",,"[]",,,"[PREMIUM]"
"65e0f97c-a110-44f8-9b53-b0e5d0b71bc2","2026-05-29 20:21:22.885","2026-05-29 20:21:22.885","65e0f97c-a110-44f8-9b53-b0e5d0b71bc2","[PREMIUM]","New",2026,"Toyota","Tundra Hybrid","Platinum","[PREMIUM]","[PREMIUM]",10,"Truck","Supersonic Red","Black","Four-wheel Drive",,,"Hybrid",,,"dealership","[PREMIUM]","Phoenix","AZ","[PREMIUM]",,"[]",,,"[PREMIUM]"
"9fe90236-d676-4929-8fbd-f6c22f478031","2026-05-29 20:21:22.852","2026-05-29 20:21:22.852","9fe90236-d676-4929-8fbd-f6c22f478031","[PREMIUM]","New",2026,"Buick","Enclave","Avenir","[PREMIUM]","[PREMIUM]",0,"SUV","Ebony Twilight Metallic","Ebony","AWD",,,"Gasoline",,,"dealership","[PREMIUM]","Merrillville","IN","[PREMIUM]",,"[]",,,"[PREMIUM]"
"0cd4a3bf-d229-464d-9e32-e224a46633b0","2026-05-29 20:20:52.701","2026-05-29 20:20:52.701","0cd4a3bf-d229-464d-9e32-e224a46633b0","[PREMIUM]","New",2026,"GMC","Sierra 1500","Denali","[PREMIUM]","[PREMIUM]",,"Truck","Onyx Black","Atmosphere","4WD",,,"Gasoline",,,"dealership","[PREMIUM]","Souderton","PA","[PREMIUM]",,"[]",,,"[PREMIUM]"
"5e16aa6e-1e90-48bf-a0c7-6ad7c80721e4","2026-05-29 20:20:42.525","2026-06-01 20:20:57.607","5e16aa6e-1e90-48bf-a0c7-6ad7c80721e4","[PREMIUM]","New",2026,"Chevrolet","Silverado 1500","RST","[PREMIUM]","[PREMIUM]",75,"Truck","Black",,"Four-wheel Drive",,,"Gasoline",,,"dealership","[PREMIUM]","Okarche","OK","[PREMIUM]",,"[]",,,"[PREMIUM]"
"73b7fc57-d79c-422a-b6f4-dc6b9e1e28f9","2026-05-29 20:20:32.415","2026-05-29 20:20:32.415","73b7fc57-d79c-422a-b6f4-dc6b9e1e28f9","[PREMIUM]","New",2026,"Ford","F-250","XL","[PREMIUM]","[PREMIUM]",12,"Truck","Oxford White","Medium Dark Slate","Four-wheel Drive",,,"Diesel",,,"dealership","[PREMIUM]","Comanche","TX","[PREMIUM]",,"[]",,,"[PREMIUM]"
"da6468cd-251c-4764-ae15-00cd167788cc","2026-05-29 20:20:32.289","2026-05-29 20:20:32.289","da6468cd-251c-4764-ae15-00cd167788cc","[PREMIUM]","New",2026,"Chevrolet","Silverado 1500","LT Trail Boss","[PREMIUM]","[PREMIUM]",0,"Truck","Black","Jet Black, Leather-appointed front outboard seating positions","Four-wheel Drive",,,"Gasoline",,,"dealership","[PREMIUM]","Egg Harbor Township","NJ","[PREMIUM]",,"[]",,,"[PREMIUM]"
"6e8e290b-1bd9-4165-88ea-ac7b74d507f9","2026-05-29 20:20:32.244","2026-05-29 20:20:32.244","6e8e290b-1bd9-4165-88ea-ac7b74d507f9","[PREMIUM]","New",2026,"Mercedes-Benz","GLE 350","Base","[PREMIUM]","[PREMIUM]",5,"SUV","White","Black","Rear-wheel Drive",,,"Gasoline",,,"dealership","[PREMIUM]","Austin","TX","[PREMIUM]",,"[]",,,"[PREMIUM]"
"7cc56043-04cd-487b-b691-c2283987698b","2026-05-29 20:20:32.232","2026-05-29 20:20:32.232","7cc56043-04cd-487b-b691-c2283987698b","[PREMIUM]","New",2026,"Lexus","TX 350","Premium","[PREMIUM]","[PREMIUM]",6,"SUV","Celestial Silver Metallic","Black","All Wheel Drive",,,"Premium unleaded",,,"dealership","[PREMIUM]","Murray","UT","[PREMIUM]",,"[]",,,"[PREMIUM]"
"337fea7b-bab5-442e-ba15-57b4e148ce05","2026-05-29 20:20:32.191","2026-05-29 20:20:32.191","337fea7b-bab5-442e-ba15-57b4e148ce05","[PREMIUM]","New",2026,"Ford","Expedition","Active","[PREMIUM]","[PREMIUM]",5,"SUV","Oxford White","Gray","Four Wheel Drive",,,"Regular unleaded",,,"dealership","[PREMIUM]","American Fork","UT","[PREMIUM]",,"[]",,,"[PREMIUM]"
"ad11e14e-7ee2-49dd-9399-63761418bd5f","2026-05-29 20:20:32.181","2026-06-01 20:20:37.387","ad11e14e-7ee2-49dd-9399-63761418bd5f","[PREMIUM]","New",2026,"Ford","Bronco","Badlands","[PREMIUM]","[PREMIUM]",,"SUV","Oxford White",,"Four-wheel Drive",,,"Gasoline",,,"dealership","[PREMIUM]","Gilbert","AZ","[PREMIUM]",,"[]",,,"[PREMIUM]"
"cbd3a708-9404-40cc-85e4-5ce41690d54a","2026-05-29 20:20:32.174","2026-05-29 20:20:32.174","cbd3a708-9404-40cc-85e4-5ce41690d54a","[PREMIUM]","New",2026,"Nissan","Armada","SL","[PREMIUM]","[PREMIUM]",25,"SUV","Gray","Charcoal","Rear-wheel Drive",,,"Gasoline",,,"dealership","[PREMIUM]","Round Rock","TX","[PREMIUM]",,"[]",,,"[PREMIUM]"
"27ecdae4-4a1c-434c-a586-09e69481f9cb","2026-05-29 20:20:32.170","2026-05-29 20:20:32.170","27ecdae4-4a1c-434c-a586-09e69481f9cb","[PREMIUM]","New",2026,"Toyota","Tundra","1794 Edition","[PREMIUM]","[PREMIUM]",0,"Truck","Gray","Saddle Tan","Four-wheel Drive",,,"Gasoline",,,"dealership","[PREMIUM]","Kenosha","WI","[PREMIUM]",,"[]",,,"[PREMIUM]"
"0c1216db-163a-4a79-9e8e-e0fa4f255cc8","2026-05-29 20:20:32.158","2026-05-29 20:20:32.158","0c1216db-163a-4a79-9e8e-e0fa4f255cc8","[PREMIUM]","New",2026,"Chevrolet","Tahoe","LT","[PREMIUM]","[PREMIUM]",210,"SUV","Black","Jet Black","Four-wheel Drive",,,"Gasoline",,,"dealership","[PREMIUM]","Livonia","MI","[PREMIUM]",,"[]",,,"[PREMIUM]"
"c8e12198-876c-4c5e-b48a-9cd3076f029b","2026-05-29 20:20:21.398","2026-05-29 20:20:21.398","c8e12198-876c-4c5e-b48a-9cd3076f029b","[PREMIUM]","New",2026,"Ford","F-150","Lariat","[PREMIUM]","[PREMIUM]",5,"Truck","Agate Black Metallic",,"Four Wheel Drive",,,"Regular unleaded",,,"dealership","[PREMIUM]","American Fork","UT","[PREMIUM]",,"[]",,,"[PREMIUM]"
"68ca759a-e0f7-4cec-b27f-f16b13169679","2026-05-29 20:20:21.390","2026-05-29 20:20:21.390","68ca759a-e0f7-4cec-b27f-f16b13169679","[PREMIUM]","New",2026,"Lexus","TX 350","Premium","[PREMIUM]","[PREMIUM]",6,"SUV","Wind Chill Pearl","Black","All Wheel Drive",,,"Premium unleaded",,,"dealership","[PREMIUM]","Murray","UT","[PREMIUM]",,"[]",,,"[PREMIUM]"
"d9e4a5a9-b487-4393-aefe-da6b58e3b2d1","2026-05-29 20:20:21.388","2026-05-29 20:20:21.388","d9e4a5a9-b487-4393-aefe-da6b58e3b2d1","[PREMIUM]","New",2026,"Ford","F-150","Lariat","[PREMIUM]","[PREMIUM]",5,"Truck","Avalanche",,"Four Wheel Drive",,,"Regular unleaded",,,"dealership","[PREMIUM]","American Fork","UT","[PREMIUM]",,"[]",,,"[PREMIUM]"
"f1253bd3-d1b9-4626-ab96-cfec89ba2baf","2026-05-29 20:20:21.371","2026-05-29 20:20:21.371","f1253bd3-d1b9-4626-ab96-cfec89ba2baf","[PREMIUM]","New",2026,"Ford","F-150","Lariat","[PREMIUM]","[PREMIUM]",5,"Truck","Gray",,"Four Wheel Drive",,,"Regular unleaded",,,"dealership","[PREMIUM]","American Fork","UT","[PREMIUM]",,"[]",,,"[PREMIUM]"
"05efc36a-9e6b-4309-a974-d79b2cfb58ff","2026-05-29 20:20:21.368","2026-05-29 20:20:21.368","05efc36a-9e6b-4309-a974-d79b2cfb58ff","[PREMIUM]","New",2026,"Ford","Bronco","Badlands","[PREMIUM]","[PREMIUM]",5,"SUV","Gray",,"Four Wheel Drive",,,"Regular unleaded",,,"dealership","[PREMIUM]","American Fork","UT","[PREMIUM]",,"[]",,,"[PREMIUM]"
"c44bbff5-351c-40c6-86f9-2c85fead8b0b","2026-05-29 20:20:21.368","2026-05-29 20:20:21.368","c44bbff5-351c-40c6-86f9-2c85fead8b0b","[PREMIUM]","New",2026,"Ford","Expedition Max","Active 4x4","[PREMIUM]","[PREMIUM]",5,"SUV","Oxford White","Gray","Four Wheel Drive",,,"Regular unleaded",,,"dealership","[PREMIUM]","American Fork","UT","[PREMIUM]",,"[]",,,"[PREMIUM]"
"01c774c4-d021-4f7b-a794-91e23b4e4bc3","2026-05-29 20:20:21.355","2026-05-29 20:20:21.355","01c774c4-d021-4f7b-a794-91e23b4e4bc3","[PREMIUM]","New",2026,"Lexus","TX 350","Premium","[PREMIUM]","[PREMIUM]",0,"SUV","Cloudburst Gray","Black","All Wheel Drive",,,"Premium unleaded",,,"dealership","[PREMIUM]","Murray","UT","[PREMIUM]",,"[]",,,"[PREMIUM]"
"471e7646-6e87-4c6e-9d2f-160d20a7dabb","2026-05-29 20:20:21.351","2026-05-29 20:20:21.351","471e7646-6e87-4c6e-9d2f-160d20a7dabb","[PREMIUM]","New",2026,"Lexus","NX 450h+","Luxury","[PREMIUM]","[PREMIUM]",0,"SUV","Infrared","Black","All Wheel Drive",,,"Premium unleaded",,,"dealership","[PREMIUM]","Murray","UT","[PREMIUM]",,"[]",,,"[PREMIUM]"
"767a9bc7-a818-493c-acb7-ca4b78f35d67","2026-05-29 20:20:21.349","2026-05-29 20:20:21.349","767a9bc7-a818-493c-acb7-ca4b78f35d67","[PREMIUM]","New",2026,"Ford","Bronco","Badlands","[PREMIUM]","[PREMIUM]",3,"SUV","Marsh Gray","Black Onyx","Four Wheel Drive",,,"Regular unleaded",,,"dealership","[PREMIUM]","American Fork","UT","[PREMIUM]",,"[]",,,"[PREMIUM]"
"2bcce95d-f4f6-4374-b8d0-3451b6d6d52b","2026-05-29 20:20:21.337","2026-06-01 20:20:47.514","2bcce95d-f4f6-4374-b8d0-3451b6d6d52b","[PREMIUM]","New",2026,"Lexus","TX 350","Premium","[PREMIUM]","[PREMIUM]",7,"SUV","Cloudburst Gray","Black","All-wheel Drive",,,"Gasoline",,,"dealership","[PREMIUM]","Murray","UT","[PREMIUM]",,"[]",,,"[PREMIUM]"
"9aa5569e-9e0f-4e1c-9ff4-10807ab38a27","2026-05-29 20:20:21.323","2026-05-29 20:20:21.323","9aa5569e-9e0f-4e1c-9ff4-10807ab38a27","[PREMIUM]","New",2026,"Lexus","TX 350","Premium","[PREMIUM]","[PREMIUM]",6,"SUV","Nightfall Mica","Black","All Wheel Drive",,,"Premium unleaded",,,"dealership","[PREMIUM]","Murray","UT","[PREMIUM]",,"[]",,,"[PREMIUM]"
"298455e5-9e54-4c8c-9fb1-0284197662cd","2026-05-29 20:20:21.290","2026-05-29 20:20:21.290","298455e5-9e54-4c8c-9fb1-0284197662cd","[PREMIUM]","New",2026,"Ford","F-150","Lariat","[PREMIUM]","[PREMIUM]",1,"Truck","Carbonized Gray Metallic",,"Four-wheel Drive",,,"Gasoline",,,"dealership","[PREMIUM]","Maurice","LA","[PREMIUM]",,"[]",,,"[PREMIUM]"
"1dd9438c-3f3e-44bc-b7a6-0355662ad136","2026-05-29 20:20:21.284","2026-05-29 20:20:21.284","1dd9438c-3f3e-44bc-b7a6-0355662ad136","[PREMIUM]","New",2026,"Lexus","RX 350h","Premium+","[PREMIUM]","[PREMIUM]",0,"SUV","Nori Green Pearl","Macadamia","All Wheel Drive",,,"Premium unleaded",,,"dealership","[PREMIUM]","Murray","UT","[PREMIUM]",,"[]",,,"[PREMIUM]"
"29cbefef-bfcb-43b0-8604-4102fe890e9a","2026-05-29 20:20:21.276","2026-05-29 20:20:21.276","29cbefef-bfcb-43b0-8604-4102fe890e9a","[PREMIUM]","New",2026,"Chevrolet","Silverado 1500","LT Trail Boss","[PREMIUM]","[PREMIUM]",25,"Truck","Summit White","Jet Black","Four-wheel Drive",,,"Diesel",,,"dealership","[PREMIUM]","Rigby","ID","[PREMIUM]",,"[]",,,"[PREMIUM]"
"71ed1481-1cbe-48a4-b93c-74af4d045895","2026-05-29 20:20:10.833","2026-05-29 20:20:10.833","71ed1481-1cbe-48a4-b93c-74af4d045895","[PREMIUM]","New",2026,"Ford","F-150","Lariat","[PREMIUM]","[PREMIUM]",3,"Truck","Avalanche",,"Four Wheel Drive",,,"Regular unleaded",,,"dealership","[PREMIUM]","American Fork","UT","[PREMIUM]",,"[]",,,"[PREMIUM]"
"8cc52c7c-a1b0-45c4-8695-fc812cc26702","2026-05-29 20:20:10.823","2026-06-01 20:20:27.224","8cc52c7c-a1b0-45c4-8695-fc812cc26702","[PREMIUM]","New",2026,"Lexus","TX 350","Premium","[PREMIUM]","[PREMIUM]",0,"SUV","Nightfall Mica","Black","All-wheel Drive",,,"Gasoline",,,"dealership","[PREMIUM]","Murray","UT","[PREMIUM]",,"[]",,,"[PREMIUM]"
"6e438b57-9316-4aa3-b68c-4517a254285d","2026-05-29 20:20:10.815","2026-05-29 20:20:10.815","6e438b57-9316-4aa3-b68c-4517a254285d","[PREMIUM]","New",2026,"Ford","F-150","Lariat","[PREMIUM]","[PREMIUM]",5,"Truck","Gray",,"Four Wheel Drive",,,"Regular unleaded",,,"dealership","[PREMIUM]","American Fork","UT","[PREMIUM]",,"[]",,,"[PREMIUM]"
"48295a71-44cf-427e-bccb-ec5e6be609da","2026-05-29 20:20:10.804","2026-05-29 20:20:10.804","48295a71-44cf-427e-bccb-ec5e6be609da","[PREMIUM]","New",2026,"Ford","F-150","Lariat","[PREMIUM]","[PREMIUM]",5,"Truck","Agate Black Metallic","Black","Four Wheel Drive",,,"Regular unleaded",,,"dealership","[PREMIUM]","American Fork","UT","[PREMIUM]",,"[]",,,"[PREMIUM]"
"548054c6-7324-4f3d-bc93-4de7c265c42c","2026-05-29 20:20:10.803","2026-05-29 20:20:10.803","548054c6-7324-4f3d-bc93-4de7c265c42c","[PREMIUM]","New",2026,"Ford","F-150","Lariat","[PREMIUM]","[PREMIUM]",5,"Truck","Agate Black Metallic",,"Four Wheel Drive",,,"Regular unleaded",,,"dealership","[PREMIUM]","American Fork","UT","[PREMIUM]",,"[]",,,"[PREMIUM]"
"2e22ad94-df9a-48aa-975e-3a6bbb115748","2026-05-29 20:20:10.778","2026-05-29 20:20:10.778","2e22ad94-df9a-48aa-975e-3a6bbb115748","[PREMIUM]","New",2026,"Ford","Bronco","Badlands","[PREMIUM]","[PREMIUM]",5,"SUV","Oxford White","Black Onyx","Four Wheel Drive",,,"Regular unleaded",,,"dealership","[PREMIUM]","American Fork","UT","[PREMIUM]",,"[]",,,"[PREMIUM]"
"cdac721a-ec8c-4374-b5b1-14bbbc70d102","2026-05-29 20:20:10.749","2026-05-29 20:20:10.749","cdac721a-ec8c-4374-b5b1-14bbbc70d102","[PREMIUM]","New",2026,"Ford","F-350","XL","[PREMIUM]","[PREMIUM]",5,"Truck","Oxford White",,"Four-wheel Drive",,,"Diesel",,,"dealership","[PREMIUM]","American Fork","UT","[PREMIUM]",,"[]",,,"[PREMIUM]"
"e8e1bb11-c9ac-4cb8-8f5e-3e000c81e853","2026-05-29 20:20:10.749","2026-05-29 20:20:10.749","e8e1bb11-c9ac-4cb8-8f5e-3e000c81e853","[PREMIUM]","New",2026,"Lexus","RX 350h","Premium+","[PREMIUM]","[PREMIUM]",5,"SUV","Eminent White Pearl",,"All Wheel Drive",,,"Premium unleaded",,,"dealership","[PREMIUM]","Lindon","UT","[PREMIUM]",,"[]",,,"[PREMIUM]"
"03765b06-ce59-4779-a2f7-de8404de7db8","2026-05-29 20:20:10.729","2026-05-29 20:20:10.729","03765b06-ce59-4779-a2f7-de8404de7db8","[PREMIUM]","New",2026,"Toyota","Tundra Hybrid","Limited","[PREMIUM]","[PREMIUM]",1,"Truck","Lunar Rock","Black","Four-wheel Drive",,,"Hybrid",,,"dealership","[PREMIUM]","Vancouver","WA","[PREMIUM]",,"[]",,,"[PREMIUM]"
"70d6a287-4622-4802-9c33-04a641cf21ee","2026-05-29 20:20:10.686","2026-05-29 20:20:10.686","70d6a287-4622-4802-9c33-04a641cf21ee","[PREMIUM]","New",2026,"Ford","F-350","XL","[PREMIUM]","[PREMIUM]",45,"Truck","Oxford White","Medium Dark Slate","Four-wheel Drive",,,"Diesel",,,"dealership","[PREMIUM]","American Fork","UT","[PREMIUM]",,"[]",,,"[PREMIUM]"
"a8f81169-feec-464b-9190-43897b1971d0","2026-05-29 20:20:00.536","2026-05-29 20:20:00.536","a8f81169-feec-464b-9190-43897b1971d0","[PREMIUM]","New",2026,"Ford","F-150","Lariat","[PREMIUM]","[PREMIUM]",5,"Truck","Agate Black Metallic","Black","Four Wheel Drive",,,"Regular unleaded",,,"dealership","[PREMIUM]","American Fork","UT","[PREMIUM]",,"[]",,,"[PREMIUM]"
"b677f018-1c74-4150-b328-d10e45cdc8d1","2026-05-29 20:20:00.212","2026-05-29 20:20:00.212","b677f018-1c74-4150-b328-d10e45cdc8d1","[PREMIUM]","New",2026,"Ford","F-150","Lariat","[PREMIUM]","[PREMIUM]",5,"Truck","Oxford White",,"Four Wheel Drive",,,"Regular unleaded",,,"dealership","[PREMIUM]","American Fork","UT","[PREMIUM]",,"[]",,,"[PREMIUM]"
"f41c8015-21c7-44f4-b19d-541fa3287957","2026-05-29 20:20:00.202","2026-05-29 20:20:00.202","f41c8015-21c7-44f4-b19d-541fa3287957","[PREMIUM]","New",2026,"RAM","2500","Big Horn Crew Cab 4x4 6&#39;4&#39; Box","[PREMIUM]","[PREMIUM]",3,"Truck","Forged Blue Metallic","Black","Four-wheel Drive",,,"Gasoline",,,"dealership","[PREMIUM]","Brunswick","OH","[PREMIUM]",,"[]",,,"[PREMIUM]"
"54516fe2-5f04-4942-9aa2-84fcdf5cd4c1","2026-05-29 20:20:00.186","2026-05-29 20:20:00.186","54516fe2-5f04-4942-9aa2-84fcdf5cd4c1","[PREMIUM]","New",2026,"BMW","i4 Gran Coupe","eDrive40","[PREMIUM]","[PREMIUM]",12,"Hatchback","Alpine White","Tacora Red","Rear-wheel Drive",,,"Electric",,,"dealership","[PREMIUM]","Camarillo","CA","[PREMIUM]",,"[]",,,"[PREMIUM]"
"d7fbd618-9832-40c5-9d51-7b83d1889dc5","2026-05-29 20:20:00.185","2026-05-29 20:20:00.185","d7fbd618-9832-40c5-9d51-7b83d1889dc5","[PREMIUM]","New",2026,"Ford","F-150","Lariat","[PREMIUM]","[PREMIUM]",5,"Truck","Oxford White",,"Four Wheel Drive",,,"Regular unleaded",,,"dealership","[PREMIUM]","American Fork","UT","[PREMIUM]",,"[]",,,"[PREMIUM]"
"862363b5-32dc-4d01-b516-75c37b3c03d0","2026-05-29 20:20:00.182","2026-05-29 20:20:00.182","862363b5-32dc-4d01-b516-75c37b3c03d0","[PREMIUM]","New",2026,"Lexus","NX 450h+","Luxury","[PREMIUM]","[PREMIUM]",0,"SUV","Atomic Silver","Black","All Wheel Drive",,,"Premium unleaded",,,"dealership","[PREMIUM]","Lindon","UT","[PREMIUM]",,"[]",,,"[PREMIUM]"
"856b1c68-b233-4214-b4b4-b07037408607","2026-05-29 20:20:00.167","2026-05-29 20:20:00.167","856b1c68-b233-4214-b4b4-b07037408607","[PREMIUM]","New",2026,"Toyota","Tundra Hybrid","1794 Edition","[PREMIUM]","[PREMIUM]",2,"Truck","Midnight Black Metallic","Saddle Tan","Four-wheel Drive",,,"Hybrid",,,"dealership","[PREMIUM]","Cheyenne","WY","[PREMIUM]",,"[]",,,"[PREMIUM]"
"44b03a23-9253-42fb-9220-6302c712aedf","2026-05-29 20:20:00.164","2026-05-29 20:20:00.164","44b03a23-9253-42fb-9220-6302c712aedf","[PREMIUM]","New",2026,"BMW","530","530i","[PREMIUM]","[PREMIUM]",12,"Sedan","Mineral White Metallic","Espresso Brown","Rear-wheel Drive",,,"Gasoline",,,"dealership","[PREMIUM]","Camarillo","CA","[PREMIUM]",,"[]",,,"[PREMIUM]"
"7354cf3e-839c-4679-95e3-428c5b5af2f1","2026-05-29 20:20:00.163","2026-06-01 20:20:07.432","7354cf3e-839c-4679-95e3-428c5b5af2f1","[PREMIUM]","New",2026,"Lexus","TX 350","Premium","[PREMIUM]","[PREMIUM]",4,"SUV","Wind Chill Pearl",,"All-wheel Drive",,,"Gasoline",,,"dealership","[PREMIUM]","Lindon","UT","[PREMIUM]",,"[]",,,"[PREMIUM]"
"b6b205da-4fa1-4071-825d-4c6fa49ab521","2026-05-29 20:20:00.152","2026-05-29 20:20:00.152","b6b205da-4fa1-4071-825d-4c6fa49ab521","[PREMIUM]","New",2026,"BMW","i4 Gran Coupe","xDrive40","[PREMIUM]","[PREMIUM]",0,"Hatchback","Skyscraper Grey Metallic","Black","All-wheel Drive",,,"Electric",,,"dealership","[PREMIUM]","Camarillo","CA","[PREMIUM]",,"[]",,,"[PREMIUM]"
"a6ca73da-7417-4414-8e20-10a941bb5da6","2026-05-29 20:20:00.137","2026-05-29 20:20:00.137","a6ca73da-7417-4414-8e20-10a941bb5da6","[PREMIUM]","New",2026,"Ford","F-250","XL","[PREMIUM]","[PREMIUM]",5,"Truck","Oxford White","Medium Dark Slate","Four Wheel Drive",,,"Diesel",,,"dealership","[PREMIUM]","American Fork","UT","[PREMIUM]",,"[]",,,"[PREMIUM]"
"e8f7d2de-0699-4388-9a71-31682f553275","2026-05-29 20:20:00.132","2026-05-29 20:20:00.132","e8f7d2de-0699-4388-9a71-31682f553275","[PREMIUM]","New",2026,"Ford","F-150","Lariat","[PREMIUM]","[PREMIUM]",5,"Truck","Agate Black Metallic",,"Four Wheel Drive",,,"Regular unleaded",,,"dealership","[PREMIUM]","American Fork","UT","[PREMIUM]",,"[]",,,"[PREMIUM]"
"dc82f16c-0172-48b6-8987-2cc46df414a4","2026-05-29 20:20:00.104","2026-05-29 20:20:00.104","dc82f16c-0172-48b6-8987-2cc46df414a4","[PREMIUM]","New",2026,"BMW","M340","xDrive NA","[PREMIUM]","[PREMIUM]",8,"Sedan","Alpine White","Tacora Red","All-wheel Drive",,,"Gasoline",,,"dealership","[PREMIUM]","Camarillo","CA","[PREMIUM]",,"[]",,,"[PREMIUM]"
"01cd4e13-e064-4cda-a17d-51dd3e715165","2026-05-29 20:19:49.962","2026-05-29 20:19:49.962","01cd4e13-e064-4cda-a17d-51dd3e715165","[PREMIUM]","New",2026,"Kia","EV9","Wind","[PREMIUM]","[PREMIUM]",1,"SUV","Ocean Blue",,"All-wheel Drive",,,"Electric",,,"dealership","[PREMIUM]","Kahului","HI","[PREMIUM]",,"[]",,,"[PREMIUM]"
"e124c667-bfc7-4a58-8a35-204654959f64","2026-05-29 20:19:49.828","2026-05-29 20:19:49.828","e124c667-bfc7-4a58-8a35-204654959f64","[PREMIUM]","New",2026,"BMW","X3","30 xDrive","[PREMIUM]","[PREMIUM]",8,"SUV","Frozen Deep Grey","Black","All-wheel Drive",,,"Gasoline",,,"dealership","[PREMIUM]","Camarillo","CA","[PREMIUM]",,"[]",,,"[PREMIUM]"
"8432e935-44f5-4940-9fc8-cc63ba2b662f","2026-05-29 20:19:49.732","2026-06-01 20:20:07.202","8432e935-44f5-4940-9fc8-cc63ba2b662f","[PREMIUM]","New",2026,"Chevrolet","Silverado 1500","High Country","[PREMIUM]","[PREMIUM]",0,"Truck","Black","Jet Black/Umber","Four-wheel Drive",,,"Diesel",,,"dealership","[PREMIUM]","Fenton","MO","[PREMIUM]",,"[]",,,"[PREMIUM]"
"d81d9401-f0af-4454-bd7c-9f5126206719","2026-05-29 20:19:49.695","2026-05-29 20:19:49.695","d81d9401-f0af-4454-bd7c-9f5126206719","[PREMIUM]","New",2026,"BMW","i4 Gran Coupe","eDrive40","[PREMIUM]","[PREMIUM]",0,"Hatchback","Portimao Blue Metallic","Black","Rear-wheel Drive",,,"Electric",,,"dealership","[PREMIUM]","Camarillo","CA","[PREMIUM]",,"[]",,,"[PREMIUM]"
"ed09f2f4-a8e6-4e30-9372-93339be571ac","2026-05-29 20:19:49.689","2026-05-29 20:19:49.689","ed09f2f4-a8e6-4e30-9372-93339be571ac","[PREMIUM]","New",2026,"BMW","X3","30 xDrive","[PREMIUM]","[PREMIUM]",8,"SUV","Frozen Deep Grey","Black","All-wheel Drive",,,"Gasoline",,,"dealership","[PREMIUM]","Camarillo","CA","[PREMIUM]",,"[]",,,"[PREMIUM]"
"9623ac44-df07-4a66-866a-a1febaee44df","2026-05-29 20:19:49.681","2026-05-29 20:19:49.681","9623ac44-df07-4a66-866a-a1febaee44df","[PREMIUM]","New",2026,"Ford","Transit-250","Base","[PREMIUM]","[PREMIUM]",8,"Cargo Van","Oxford White","Gray","All Wheel Drive",,,"Gasoline",,,"dealership","[PREMIUM]","West Valley City","UT","[PREMIUM]",,"[]",,,"[PREMIUM]"
"d0857e2c-31cf-48fd-8a07-a203444c0af9","2026-05-29 20:19:49.678","2026-05-29 20:19:49.678","d0857e2c-31cf-48fd-8a07-a203444c0af9","[PREMIUM]","New",2026,"BMW","i4 Gran Coupe","xDrive40","[PREMIUM]","[PREMIUM]",8,"Hatchback","Mineral White Metallic","Canberra Beige","All-wheel Drive",,,"Electric",,,"dealership","[PREMIUM]","Camarillo","CA","[PREMIUM]",,"[]",,,"[PREMIUM]"
"908a71cd-494b-4a27-bc93-26fb539cdb15","2026-05-29 20:19:49.668","2026-05-29 20:19:49.668","908a71cd-494b-4a27-bc93-26fb539cdb15","[PREMIUM]","New",2026,"BMW","530","530i","[PREMIUM]","[PREMIUM]",8,"Sedan","Alpine White","Espresso Brown","Rear-wheel Drive",,,"Gasoline",,,"dealership","[PREMIUM]","Camarillo","CA","[PREMIUM]",,"[]",,,"[PREMIUM]"
"5131eece-9489-4415-b755-510ce1c925b6","2026-05-29 20:19:49.655","2026-05-29 20:19:49.655","5131eece-9489-4415-b755-510ce1c925b6","[PREMIUM]","New",2026,"Toyota","Sequoia","SR5","[PREMIUM]","[PREMIUM]",0,"SUV","Ice Cap","Black","Four-wheel Drive",,,"Gasoline",,,"dealership","[PREMIUM]","Capitola","CA","[PREMIUM]",,"[]",,,"[PREMIUM]"
"a5484970-95bc-474c-be7e-d135bb9ce5f2","2026-05-29 20:19:49.651","2026-05-29 20:19:49.651","a5484970-95bc-474c-be7e-d135bb9ce5f2","[PREMIUM]","New",2026,"Kia","EV9","Wind","[PREMIUM]","[PREMIUM]",22,"SUV","Ocean Blue","Gray","All Wheel Drive",,,"Electric",,,"dealership","[PREMIUM]","Lihue","HI","[PREMIUM]",,"[]",,,"[PREMIUM]"
"6d2d43be-a8c9-4c06-ad3b-5d86aff6c862","2026-05-29 20:19:49.628","2026-05-29 20:19:49.628","6d2d43be-a8c9-4c06-ad3b-5d86aff6c862","[PREMIUM]","New",2026,"BMW","M340","NA","[PREMIUM]","[PREMIUM]",9,"Sedan","Dravit Grey Metallic",,"Rear-wheel Drive",,,"Gasoline",,,"dealership","[PREMIUM]","Camarillo","CA","[PREMIUM]",,"[]",,,"[PREMIUM]"
"82b4fead-05d1-44c6-ae13-0dc542b1a5b8","2026-05-29 20:19:39.209","2026-06-01 20:19:46.912","82b4fead-05d1-44c6-ae13-0dc542b1a5b8","[PREMIUM]","New",2026,"Chevrolet","Silverado 1500","ZR2","[PREMIUM]","[PREMIUM]",0,"Truck","Cypress Gray","Jet Black/Graystone","Four-wheel Drive",,,"Diesel",,,"dealership","[PREMIUM]","Fenton","MO","[PREMIUM]",,"[]",,,"[PREMIUM]"
"5d2d3548-c889-41f9-938b-346af4fc383c","2026-05-29 20:19:39.192","2026-05-29 20:19:39.192","5d2d3548-c889-41f9-938b-346af4fc383c","[PREMIUM]","New",2026,"Chevrolet","Tahoe","LS","[PREMIUM]","[PREMIUM]",3,"SUV","Black","Jet Black","Four-wheel Drive",,,"Gasoline",,,"dealership","[PREMIUM]","Fenton","MO","[PREMIUM]",,"[]",,,"[PREMIUM]"
"e9e0b969-d242-4ed3-ba91-f6f2b3f0a051","2026-05-29 20:19:39.187","2026-06-01 20:19:46.826","e9e0b969-d242-4ed3-ba91-f6f2b3f0a051","[PREMIUM]","New",2026,"Audi","Q5","Prestige TFSI quattro S tronic","[PREMIUM]","[PREMIUM]",19,"SUV","Gray",,"All-wheel Drive",,,"Gasoline",,,"dealership","[PREMIUM]","Lakewood","CO","[PREMIUM]",,"[]",,,"[PREMIUM]"
"7b6e1568-522d-4566-8f09-dc3d7dbbc299","2026-05-29 20:19:39.167","2026-06-01 20:19:46.806","7b6e1568-522d-4566-8f09-dc3d7dbbc299","[PREMIUM]","New",2027,"INFINITI","QX60",,"[PREMIUM]","[PREMIUM]",3,"SUV","White","Graphite","All-wheel Drive",,,"Gasoline",,,"dealership","[PREMIUM]","Libertyville","IL","[PREMIUM]",,"[]",,,"[PREMIUM]"
"83e4ba4a-b907-413d-ba7e-72d4de0774e7","2026-05-29 20:19:39.129","2026-05-29 20:19:39.129","83e4ba4a-b907-413d-ba7e-72d4de0774e7","[PREMIUM]","New",2027,"BMW","530","i","[PREMIUM]","[PREMIUM]",8,"Sedan","Alpine White","Burgundy Red","Rear-wheel Drive",,,"Gasoline",,,"dealership","[PREMIUM]","Camarillo","CA","[PREMIUM]",,"[]",,,"[PREMIUM]"
"8a31828b-0bdd-4837-a6c4-af7900e25dff","2026-05-29 20:19:39.120","2026-05-29 20:19:39.120","8a31828b-0bdd-4837-a6c4-af7900e25dff","[PREMIUM]","New",2027,"BMW","430","i","[PREMIUM]","[PREMIUM]",3,"Convertible","Mineral White","Cognac",,,,"Gasoline",,,"dealership","[PREMIUM]","Knoxville","TN","[PREMIUM]",,"[]",,,"[PREMIUM]"
"1e4204c7-8a44-4673-ad22-8ac6c1c2826a","2026-05-29 20:18:58.464","2026-05-29 20:18:58.464","1e4204c7-8a44-4673-ad22-8ac6c1c2826a","[PREMIUM]","Used",2006,"Porsche","911","Carrera S Cabriolet","[PREMIUM]","[PREMIUM]",67744,"Convertible","Cobalt Blue","Black","Rear-wheel Drive",,,"Gasoline",,,"dealership","[PREMIUM]","West Palm Beach","FL","[PREMIUM]",,"[]",,,"[PREMIUM]"
"ac22f25c-f88d-4b25-bfb8-5f6f5eaaad6d","2026-05-29 20:18:28.241","2026-05-29 20:18:28.241","ac22f25c-f88d-4b25-bfb8-5f6f5eaaad6d","[PREMIUM]","Used",2012,"Ford","Mustang","Boss 302","[PREMIUM]","[PREMIUM]",56,"Coupe","Ingot Silver","Black","Rear-wheel Drive",,,"Gasoline",,,"dealership","[PREMIUM]","Apex","NC","[PREMIUM]",,"[]",,,"[PREMIUM]"
"8b914dc2-4e5c-4e6b-8ad5-aad8a42ab515","2026-05-29 20:15:37.127","2026-05-29 20:15:37.127","8b914dc2-4e5c-4e6b-8ad5-aad8a42ab515","[PREMIUM]","Used",2021,"RAM","3500","Longhorn","[PREMIUM]","[PREMIUM]",33339,"Truck","White","BROWN","Four-wheel Drive",,,"Diesel",,,"dealership","[PREMIUM]","Fresno","CA","[PREMIUM]",,"[]",,,"[PREMIUM]"
"2ae9db8d-6e80-4bbc-af72-0d556517f4fd","2026-05-29 20:15:37.125","2026-05-29 20:15:37.125","2ae9db8d-6e80-4bbc-af72-0d556517f4fd","[PREMIUM]","Used",2021,"Chevrolet","Corvette","Stingray w/3LT","[PREMIUM]","[PREMIUM]",12655,"Coupe","Accelerate Yellow Metallic","Sky Cool Gray/Strike Yellow","Rear-wheel Drive",,,"Gasoline",,,"dealership","[PREMIUM]","Joliet","IL","[PREMIUM]",,"[]",,,"[PREMIUM]"
"0267f048-729b-4ebb-89e9-063dade4bfd1","2026-05-29 20:15:37.030","2026-05-29 20:15:37.030","0267f048-729b-4ebb-89e9-063dade4bfd1","[PREMIUM]","Used",2022,"Ford","F-350","XL","[PREMIUM]","[PREMIUM]",31698,"Truck","31692","Baja","Four Wheel Drive",,,"Diesel",,,"dealership","[PREMIUM]","Fort Collins","CO","[PREMIUM]",,"[]",,,"[PREMIUM]"
"e5ab7e21-14f8-43ec-a690-c0218acdf07b","2026-05-29 20:15:16.928","2026-05-29 20:15:16.928","e5ab7e21-14f8-43ec-a690-c0218acdf07b","[PREMIUM]","Used",2023,"BMW","X5","M50i","[PREMIUM]","[PREMIUM]",23018,"SUV","Black Sapphire Metallic","Black","All-wheel Drive",,,"Gasoline",,,"dealership","[PREMIUM]","Creve Coeur","MO","[PREMIUM]",,"[]",,,"[PREMIUM]"
"8d4f7b01-0607-425b-83ca-f0fc96a601dd","2026-05-29 20:15:16.924","2026-05-29 20:15:16.924","8d4f7b01-0607-425b-83ca-f0fc96a601dd","[PREMIUM]","Used",2022,"RAM","3500","Laramie Mega Cab 4x4 6&#39;4&#39; Box","[PREMIUM]","[PREMIUM]",57910,"Truck","Granite Crystal Metallic Clearcoat","Black","Four-wheel Drive",,,"Diesel",,,"dealership","[PREMIUM]","Montclair","CA","[PREMIUM]",,"[]",,,"[PREMIUM]"
"1b726b56-f586-4e28-a9af-a1f80f4329b9","2026-05-29 20:15:06.638","2026-06-01 20:15:26.236","1b726b56-f586-4e28-a9af-a1f80f4329b9","[PREMIUM]","Used",2023,"GMC","Yukon XL","Denali","[PREMIUM]","[PREMIUM]",34092,"SUV","Onyx Black","Jet Black","Four-wheel Drive",,,"Gasoline",,,"dealership","[PREMIUM]","Miami","FL","[PREMIUM]",,"[]",,,"[PREMIUM]"
"19f5756d-3cb7-42e2-9aee-0e95cfb12af4","2026-05-29 20:14:56.554","2026-05-29 20:14:56.554","19f5756d-3cb7-42e2-9aee-0e95cfb12af4","[PREMIUM]","Used",2023,"BMW","X7","xDrive40i","[PREMIUM]","[PREMIUM]",38583,"SUV","Black Sapphire Metallic","Black","All-wheel Drive",,,"Gasoline",,,"dealership","[PREMIUM]","Long Island City","NY","[PREMIUM]",,"[]",,,"[PREMIUM]"
"1faeef6f-390c-41d7-aca4-aab076336d01","2026-05-29 20:13:36.601","2026-05-29 20:13:36.601","1faeef6f-390c-41d7-aca4-aab076336d01","[PREMIUM]","Used",2023,"Toyota","Sequoia","Limited","[PREMIUM]","[PREMIUM]",39678,"SUV","Wind Chill Pearl","Black","Four-wheel Drive",,,"Hybrid",,,"dealership","[PREMIUM]","Williamstown","NJ","[PREMIUM]",,"[]",,,"[PREMIUM]"
"64256cfa-5e6b-496f-a6cf-e2070ea2942b","2026-05-29 20:13:36.300","2026-06-01 20:13:46.569","64256cfa-5e6b-496f-a6cf-e2070ea2942b","[PREMIUM]","Used",2023,"GMC","Sierra 1500","Denali Ultimate","[PREMIUM]","[PREMIUM]",36546,"Truck","White Frost Tricoat","Alpine Umber","Four-wheel Drive",,,"Gasoline",,,"dealership","[PREMIUM]","Denton","TX","[PREMIUM]",,"[]",,,"[PREMIUM]"
"cbcb7a53-7953-4b2d-b620-2a860275b0e3","2026-05-29 20:13:36.291","2026-05-29 20:13:36.291","cbcb7a53-7953-4b2d-b620-2a860275b0e3","[PREMIUM]","Used",2023,"Chevrolet","Tahoe","Z71","[PREMIUM]","[PREMIUM]",35151,"SUV","Black","BLACK","Four-wheel Drive",,,"Gasoline",,,"dealership","[PREMIUM]","Milwaukie","OR","[PREMIUM]",,"[]",,,"[PREMIUM]"
"0df86b90-4b89-4985-a3a1-baac4529c6e9","2026-05-29 20:13:36.258","2026-05-29 20:13:36.258","0df86b90-4b89-4985-a3a1-baac4529c6e9","[PREMIUM]","Used",2023,"Jeep","Grand Wagoneer","Series II","[PREMIUM]","[PREMIUM]",17440,"SUV","Diamond Black","Black","Four-wheel Drive",,,"Gasoline",,,"dealership","[PREMIUM]","Elkhorn","WI","[PREMIUM]",,"[]",,,"[PREMIUM]"
"39bd76ce-1924-44c6-8863-0ab9faa8d052","2026-05-29 20:13:16.055","2026-05-29 20:13:16.055","39bd76ce-1924-44c6-8863-0ab9faa8d052","[PREMIUM]","Used",2024,"BMW","X7","xDrive40i","[PREMIUM]","[PREMIUM]",28346,"SUV","Mineral White Metallic","Black","All-wheel Drive",,,"Gasoline",,,"dealership","[PREMIUM]","Houston","TX","[PREMIUM]",,"[]",,,"[PREMIUM]"
"73da0984-455c-4aee-9faa-43f1fe1d38da","2026-05-29 20:13:16.030","2026-05-29 20:13:16.030","73da0984-455c-4aee-9faa-43f1fe1d38da","[PREMIUM]","Used",2024,"Mercedes-Benz","GLS 450","4MATIC","[PREMIUM]","[PREMIUM]",22586,"SUV","Black",,"All-wheel Drive",,,"Gasoline",,,"dealership","[PREMIUM]","North Miami Beach","FL","[PREMIUM]",,"[]",,,"[PREMIUM]"
"0fbd03c6-7a94-40ea-a7f3-a1d364c65c5e","2026-05-29 20:13:15.979","2026-05-29 20:13:15.979","0fbd03c6-7a94-40ea-a7f3-a1d364c65c5e","[PREMIUM]","Used",2024,"Lucid","Air","Grand Touring","[PREMIUM]","[PREMIUM]",17965,"Sedan","White","Black","All-wheel Drive",,,"Electric",,,"dealership","[PREMIUM]","Murrieta","CA","[PREMIUM]",,"[]",,,"[PREMIUM]"
"aa395f14-a6e5-42d4-8e2e-9cbcfcce01fd","2026-05-29 20:13:05.922","2026-05-29 20:13:05.922","aa395f14-a6e5-42d4-8e2e-9cbcfcce01fd","[PREMIUM]","Used",2024,"Toyota","Land Cruiser","Base","[PREMIUM]","[PREMIUM]",32689,"SUV","Pearl","Java","Four-wheel Drive",,,"Hybrid",,,"dealership","[PREMIUM]","Fox Lake","IL","[PREMIUM]",,"[]",,,"[PREMIUM]"
"2f38d7f8-ab7a-4dd4-b8e4-5b5111325b40","2026-05-29 20:13:05.862","2026-06-01 20:13:26.004","2f38d7f8-ab7a-4dd4-b8e4-5b5111325b40","[PREMIUM]","Used",2024,"BMW","X3","M40i","[PREMIUM]","[PREMIUM]",23157,"SUV","Brooklyn Gray Metallic","Tacora Red","All-wheel Drive",,,"Gasoline",,,"dealership","[PREMIUM]","Miami","FL","[PREMIUM]",,"[]",,,"[PREMIUM]"
"068f6cb7-fd00-4efe-9cb7-ae1ce1137f17","2026-05-29 20:13:05.783","2026-05-29 20:13:05.783","068f6cb7-fd00-4efe-9cb7-ae1ce1137f17","[PREMIUM]","Used",2024,"Land Rover","Defender","P400 S","[PREMIUM]","[PREMIUM]",38728,"SUV","Eiger Grey","Vintage Tan  / Ebony","All-wheel Drive",,,"Gasoline",,,"dealership","[PREMIUM]","Franklin","TN","[PREMIUM]",,"[]",,,"[PREMIUM]"
"f6ac8c8b-6158-469a-882c-aa7be2f97c43","2026-05-29 20:12:05.515","2026-05-29 20:12:05.515","f6ac8c8b-6158-469a-882c-aa7be2f97c43","[PREMIUM]","Used",2024,"RAM","2500","Laramie Crew Cab 4x4 6&#39;4&#39; Box","[PREMIUM]","[PREMIUM]",14288,"Truck","Bright White Clearcoat","Black","Four Wheel Drive",,,"Diesel",,,"dealership","[PREMIUM]","Lihue","HI","[PREMIUM]",,"[]",,,"[PREMIUM]"
"edec2f8b-5cc3-4679-9fc5-776d4fda056a","2026-05-29 20:11:55.479","2026-06-01 20:12:06.163","edec2f8b-5cc3-4679-9fc5-776d4fda056a","[PREMIUM]","New",2024,"Ford","Bronco","Outer Banks","[PREMIUM]","[PREMIUM]",10,"SUV","Race Red","Roast w/Black Onyx","Four-wheel Drive",,,"Gasoline",,,"dealership","[PREMIUM]","La Grande","OR","[PREMIUM]",,"[]",,,"[PREMIUM]"
"c9e372ca-af5f-434b-921c-3b3f8bd2f294","2026-05-29 20:11:55.440","2026-05-29 20:11:55.440","c9e372ca-af5f-434b-921c-3b3f8bd2f294","[PREMIUM]","Used",2024,"Ford","F-250","Lariat","[PREMIUM]","[PREMIUM]",20742,"Truck","Oxford White","Black Onyx","Four-wheel Drive",,,"Gasoline",,,"dealership","[PREMIUM]","Montclair","CA","[PREMIUM]",,"[]",,,"[PREMIUM]"
"f8c48d27-1ce3-4b73-a4cb-da415ad67268","2026-05-29 20:11:35.344","2026-05-29 20:11:35.344","f8c48d27-1ce3-4b73-a4cb-da415ad67268","[PREMIUM]","Used",2025,"Ford","F-150","Tremor","[PREMIUM]","[PREMIUM]",13153,"Truck","Iconic Silver Metallic","Black","Four-wheel Drive",,,"Gasoline",,,"dealership","[PREMIUM]","Abingdon","MD","[PREMIUM]",,"[]",,,"[PREMIUM]"
"6c860a29-b595-4b55-929e-c6ca3377347c","2026-05-29 20:11:15.291","2026-05-29 20:11:15.291","6c860a29-b595-4b55-929e-c6ca3377347c","[PREMIUM]","New",2025,"Ford","F-250","XL","[PREMIUM]","[PREMIUM]",1,"Truck","Oxford White","Medium Dark Slate","Four-wheel Drive",,,"Diesel",,,"dealership","[PREMIUM]","Salt Lake City","UT","[PREMIUM]",,"[]",,,"[PREMIUM]"
"0ddb2023-106d-4a72-98e7-9364513a838e","2026-05-29 20:10:15.068","2026-05-29 20:10:15.068","0ddb2023-106d-4a72-98e7-9364513a838e","[PREMIUM]","Used",2025,"Land Rover","Defender","110 P300","[PREMIUM]","[PREMIUM]",6292,"SUV","Fuji White","Ebony","All-wheel Drive",,,"Gasoline",,,"dealership","[PREMIUM]","Salt Lake City","UT","[PREMIUM]",,"[]",,,"[PREMIUM]"
"ded39708-97b6-45ad-b037-64b18b3ad496","2026-05-29 20:09:54.846","2026-05-29 20:09:54.846","ded39708-97b6-45ad-b037-64b18b3ad496","[PREMIUM]","New",2026,"Mercedes-Benz","GLC 300","4MATIC","[PREMIUM]","[PREMIUM]",2,"SUV","Alpine Grey","Black","All-wheel Drive",,,"Gasoline",,,"dealership","[PREMIUM]","Creve Coeur","MO","[PREMIUM]",,"[]",,,"[PREMIUM]"
"4ca2c404-c345-40cd-9ab8-423bfbb41021","2026-05-29 20:09:54.834","2026-05-29 20:09:54.834","4ca2c404-c345-40cd-9ab8-423bfbb41021","[PREMIUM]","New",2026,"Ford","F-150","XLT","[PREMIUM]","[PREMIUM]",0,"Truck","Iconic Silver Metallic","Black","Four-wheel Drive",,,"Gasoline",,,"dealership","[PREMIUM]","Minneapolis","MN","[PREMIUM]",,"[]",,,"[PREMIUM]"
"af7dc90f-d1a0-43ba-9da9-2f4a49d5a5c5","2026-05-29 20:09:44.692","2026-06-01 20:09:55.642","af7dc90f-d1a0-43ba-9da9-2f4a49d5a5c5","[PREMIUM]","New",2026,"Ford","F-150","XLT","[PREMIUM]","[PREMIUM]",1,"Truck","Carbonized Gray Metallic","BLACK CLOTH 40/CON/40","Four-wheel Drive",,,"Gasoline",,,"dealership","[PREMIUM]","Wilmington","IL","[PREMIUM]",,"[]",,,"[PREMIUM]"
"82ef536b-6a3d-41a9-a595-39df5376496f","2026-05-29 20:09:14.666","2026-05-29 20:09:14.666","82ef536b-6a3d-41a9-a595-39df5376496f","[PREMIUM]","New",2026,"Ford","F-150","XLT","[PREMIUM]","[PREMIUM]",6,"Truck","OXFORD WHITE","BLACK CLOTH 40/CON/40","Four-wheel Drive",,,"Gasoline",,,"dealership","[PREMIUM]","St. Louis","MO","[PREMIUM]",,"[]",,,"[PREMIUM]"
"bebe6e47-c892-4ebe-8640-a32775116514","2026-05-29 20:09:14.582","2026-05-29 20:09:14.582","bebe6e47-c892-4ebe-8640-a32775116514","[PREMIUM]","New",2026,"Toyota","4Runner","TRD Off Road Premium","[PREMIUM]","[PREMIUM]",0,"SUV","Black","Black","Four-wheel Drive",,,"Hybrid",,,"dealership","[PREMIUM]","San Marcos","TX","[PREMIUM]",,"[]",,,"[PREMIUM]"
"cb0902fe-47df-4930-9968-3684b5f1ff2c","2026-05-29 20:09:04.485","2026-05-29 20:09:04.485","cb0902fe-47df-4930-9968-3684b5f1ff2c","[PREMIUM]","New",2026,"RAM","1500","Laramie","[PREMIUM]","[PREMIUM]",0,"Truck","Canyon Lake","Black","Four-wheel Drive",,,"Gasoline",,,"dealership","[PREMIUM]","Orlando","FL","[PREMIUM]",,"[]",,,"[PREMIUM]"
"644b4829-4a82-4812-9934-d6d2ad169bd5","2026-05-29 20:09:04.387","2026-06-01 20:09:25.984","644b4829-4a82-4812-9934-d6d2ad169bd5","[PREMIUM]","New",2026,"Chevrolet","Silverado 2500","Regular Cab, Long Bed, WT, 4WD","[PREMIUM]","[PREMIUM]",8,"Truck","Summit White","Jet Black","Four-wheel Drive",,,"Diesel",,,"dealership","[PREMIUM]","Surprise","AZ","[PREMIUM]",,"[]",,,"[PREMIUM]"
"c4e924d8-3bb5-49e4-bc3d-f8c316a8ce44","2026-05-29 20:09:04.387","2026-05-29 20:09:04.387","c4e924d8-3bb5-49e4-bc3d-f8c316a8ce44","[PREMIUM]","New",2026,"Toyota","4Runner","TRD Off Road Premium","[PREMIUM]","[PREMIUM]",15,"SUV","Heritage Blue","Black","Four-wheel Drive",,,"Hybrid",,,"dealership","[PREMIUM]","Lakewood","CO","[PREMIUM]",,"[]",,,"[PREMIUM]"
"688fcd3b-6a62-4e4f-8f19-d85ef14a7ea4","2026-05-29 20:08:44.210","2026-05-29 20:08:44.210","688fcd3b-6a62-4e4f-8f19-d85ef14a7ea4","[PREMIUM]","New",2026,"Ford","F-250","XLT","[PREMIUM]","[PREMIUM]",0,"Truck","Oxford White","Medium Dark Slate","Four-wheel Drive",,,"Gasoline",,,"dealership","[PREMIUM]","Stratford","NJ","[PREMIUM]",,"[]",,,"[PREMIUM]"
"f532c160-6637-4cbc-900a-adb02e9f47bc","2026-05-29 20:08:44.183","2026-05-29 20:08:44.183","f532c160-6637-4cbc-900a-adb02e9f47bc","[PREMIUM]","New",2026,"RAM","1500","Big Horn/Lone Star","[PREMIUM]","[PREMIUM]",5,"Truck","Canyon","Black","Four-wheel Drive",,,"Gasoline",,,"dealership","[PREMIUM]","Lillington","NC","[PREMIUM]",,"[]",,,"[PREMIUM]"
"e1fdd967-65b6-4b80-9508-73a959f5be76","2026-05-29 20:08:44.162","2026-05-29 20:08:44.162","e1fdd967-65b6-4b80-9508-73a959f5be76","[PREMIUM]","New",2026,"Ford","F-150","XLT","[PREMIUM]","[PREMIUM]",105,"Truck","Agate Black Metallic","Black","Four-wheel Drive",,,"Gasoline",,,"dealership","[PREMIUM]","Agawam","MA","[PREMIUM]",,"[]",,,"[PREMIUM]"
"7096c5f4-6709-4773-a708-68330179f616","2026-05-29 20:08:44.155","2026-05-29 20:08:44.155","7096c5f4-6709-4773-a708-68330179f616","[PREMIUM]","New",2026,"BMW","M240","i xDrive","[PREMIUM]","[PREMIUM]",9,"Convertible","Thundernight Metallic","Cognac","All-wheel Drive",,,"Gasoline",,,"dealership","[PREMIUM]","Raleigh","NC","[PREMIUM]",,"[]",,,"[PREMIUM]"
"afddc438-c1e0-421e-99d2-ae1c6533391c","2026-05-29 20:08:44.154","2026-05-29 20:08:44.154","afddc438-c1e0-421e-99d2-ae1c6533391c","[PREMIUM]","New",2026,"Toyota","Grand Highlander Hybrid","Limited","[PREMIUM]","[PREMIUM]",0,"SUV","Heavy Metal","Light Gray","All-wheel Drive",,,"Hybrid",,,"dealership","[PREMIUM]","Mckinney","TX","[PREMIUM]",,"[]",,,"[PREMIUM]"
"63b2ebb9-260e-4535-8e82-22b1c356d0e9","2026-05-29 20:08:44.135","2026-05-29 20:08:44.135","63b2ebb9-260e-4535-8e82-22b1c356d0e9","[PREMIUM]","New",2026,"Toyota","Grand Highlander Hybrid","Platinum MAX","[PREMIUM]","[PREMIUM]",0,"SUV","Cement","Light Gray","All-wheel Drive",,,"Hybrid",,,"dealership","[PREMIUM]","McDonald","TN","[PREMIUM]",,"[]",,,"[PREMIUM]"
"ee345cd3-3346-47c1-b805-ff8c74656fba","2026-05-29 20:08:44.124","2026-05-29 20:08:44.124","ee345cd3-3346-47c1-b805-ff8c74656fba","[PREMIUM]","New",2026,"RAM","1500","Big Horn/Lone Star","[PREMIUM]","[PREMIUM]",0,"Truck","Blue","Diesel Gray / Black","Four-wheel Drive",,,"Gasoline",,,"dealership","[PREMIUM]","Wisconsin Rapids","WI","[PREMIUM]",,"[]",,,"[PREMIUM]"
"c384da1e-cad6-454a-aa77-c53fecc09b8e","2026-05-29 20:08:44.097","2026-05-29 20:08:44.097","c384da1e-cad6-454a-aa77-c53fecc09b8e","[PREMIUM]","New",2026,"RAM","1500","Big Horn/Lone Star","[PREMIUM]","[PREMIUM]",5,"Truck","Diamond Black","Black","Four-wheel Drive",,,"Gasoline",,,"dealership","[PREMIUM]","Lillington","NC","[PREMIUM]",,"[]",,,"[PREMIUM]"
"2fd0ab38-b8d4-4eaf-ae39-27e4a291214d","2026-05-29 20:08:33.676","2026-05-29 20:08:33.676","2fd0ab38-b8d4-4eaf-ae39-27e4a291214d","[PREMIUM]","New",2026,"Toyota","Grand Highlander Hybrid","Limited","[PREMIUM]","[PREMIUM]",0,"SUV","Heavy Metal","Black","All-wheel Drive",,,"Hybrid",,,"dealership","[PREMIUM]","Mckinney","TX","[PREMIUM]",,"[]",,,"[PREMIUM]"
"b672ede4-7c32-4949-9f8c-b42183e7dba4","2026-05-29 20:08:33.630","2026-05-29 20:08:33.630","b672ede4-7c32-4949-9f8c-b42183e7dba4","[PREMIUM]","New",2026,"Chevrolet","Silverado 2500","LT","[PREMIUM]","[PREMIUM]",2,"Truck","Summit White",,"4WD",,,"Gasoline",,,"dealership","[PREMIUM]","Poplar Bluff","MO","[PREMIUM]",,"[]",,,"[PREMIUM]"
"424f4193-3e53-41ee-99df-52b3bf72ee03","2026-05-29 20:08:24.123","2026-05-29 20:08:24.123","424f4193-3e53-41ee-99df-52b3bf72ee03","[PREMIUM]","New",2026,"GMC","Sierra 1500","AT4","[PREMIUM]","[PREMIUM]",6,"Truck","Dune","Jet Black","4WD",,,"Diesel",,,"dealership","[PREMIUM]","Lake Wales","FL","[PREMIUM]",,"[]",,,"[PREMIUM]"
"a4fba3ad-2245-4ba1-8e40-6189d4c37474","2026-05-29 20:08:23.614","2026-05-29 20:08:23.614","a4fba3ad-2245-4ba1-8e40-6189d4c37474","[PREMIUM]","New",2026,"Chevrolet","Silverado 1500","LT Trail Boss","[PREMIUM]","[PREMIUM]",6,"Truck","Black","Jet Black","4WD",,,"Gasoline",,,"dealership","[PREMIUM]","Tampa","FL","[PREMIUM]",,"[]",,,"[PREMIUM]"
"f04cf43a-9b93-4558-9466-e8a4b42a9bd5","2026-05-29 20:08:23.470","2026-06-01 20:08:36.002","f04cf43a-9b93-4558-9466-e8a4b42a9bd5","[PREMIUM]","New",2026,"Chevrolet","Silverado 1500","RST","[PREMIUM]","[PREMIUM]",5,"Truck","Sterling Gray Metallic","Jet Black","Four-wheel Drive",,,"Gasoline",,,"dealership","[PREMIUM]","Okarche","OK","[PREMIUM]",,"[]",,,"[PREMIUM]"
"5ab7c9a0-1313-4736-a98e-a80972259431","2026-05-29 20:08:23.438","2026-05-29 20:08:23.438","5ab7c9a0-1313-4736-a98e-a80972259431","[PREMIUM]","New",2026,"Toyota","4Runner","TRD Off Road Premium","[PREMIUM]","[PREMIUM]",2,"SUV","Blue","Black","4WD",,,"Gasoline",,,"dealership","[PREMIUM]","Milwaukee","WI","[PREMIUM]",,"[]",,,"[PREMIUM]"
"65890e3e-b739-43b2-9bfb-b5f02f6db413","2026-05-29 20:08:23.371","2026-06-01 20:08:35.496","65890e3e-b739-43b2-9bfb-b5f02f6db413","[PREMIUM]","New",2026,"Ford","F-150","XLT","[PREMIUM]","[PREMIUM]",1030,"Truck","Iconic Silver Metallic","Black","Four-wheel Drive",,,"Gasoline",,,"dealership","[PREMIUM]","Taylor","MI","[PREMIUM]",,"[]",,,"[PREMIUM]"
"de502e80-35a1-4d2f-8df9-a3e2fa14cf5a","2026-05-29 20:08:23.344","2026-05-29 20:08:23.344","de502e80-35a1-4d2f-8df9-a3e2fa14cf5a","[PREMIUM]","New",2026,"Acura","MDX","Technology Package","[PREMIUM]","[PREMIUM]",1,"SUV","Black","Ebony","AWD",,,"Gasoline",,,"dealership","[PREMIUM]","Tampa","FL","[PREMIUM]",,"[]",,,"[PREMIUM]"
"c16f2c29-c862-498a-bfc9-59740609a896","2026-05-29 20:08:23.336","2026-05-29 20:08:23.336","c16f2c29-c862-498a-bfc9-59740609a896","[PREMIUM]","New",2026,"Jeep","Wrangler","Rubicon","[PREMIUM]","[PREMIUM]",0,"SUV","Anvil","Black","4WD",,,"Gasoline",,,"dealership","[PREMIUM]","Lynnfield","MA","[PREMIUM]",,"[]",,,"[PREMIUM]"
"b112c381-9af2-4037-9995-1a0f9662eacd","2026-05-29 20:08:23.331","2026-05-29 20:08:23.331","b112c381-9af2-4037-9995-1a0f9662eacd","[PREMIUM]","New",2026,"RAM","1500","Laramie","[PREMIUM]","[PREMIUM]",1,"Truck","White","Black","Four-wheel Drive",,,"Gasoline",,,"dealership","[PREMIUM]","Oak Park","MI","[PREMIUM]",,"[]",,,"[PREMIUM]"
"9f2a2162-66b3-4241-995b-6b5ad68268f0","2026-05-29 20:08:23.326","2026-05-29 20:08:23.326","9f2a2162-66b3-4241-995b-6b5ad68268f0","[PREMIUM]","New",2026,"Ford","F-150","XLT","[PREMIUM]","[PREMIUM]",66,"Truck","OXFORD WHITE","MD DARK SLATE CLOTH 40/C/40","Four-wheel Drive",,,"Gasoline",,,"dealership","[PREMIUM]","Glen Allen","VA","[PREMIUM]",,"[]",,,"[PREMIUM]"
"a06917a4-655b-4073-8b6b-f969f673443a","2026-05-29 20:08:23.289","2026-05-29 20:08:23.289","a06917a4-655b-4073-8b6b-f969f673443a","[PREMIUM]","New",2026,"Ford","F-150","XLT","[PREMIUM]","[PREMIUM]",5,"Truck","Carbonized Gray Metallic","Black","Four-wheel Drive",,,"Gasoline",,,"dealership","[PREMIUM]","DeSoto","TX","[PREMIUM]",,"[]",,,"[PREMIUM]"
"ce46dbcd-4baf-4e63-8d58-1dd834ebb7de","2026-05-29 20:08:23.277","2026-05-29 20:08:23.277","ce46dbcd-4baf-4e63-8d58-1dd834ebb7de","[PREMIUM]","New",2026,"Lincoln","Nautilus","Premiere","[PREMIUM]","[PREMIUM]",10,"SUV","Red Carpet Metallic Tinted Clearcoat","Space Gray","All-wheel Drive",,,"Gasoline",,,"dealership","[PREMIUM]","Georgetown","TX","[PREMIUM]",,"[]",,,"[PREMIUM]"
"f1d2c63f-9736-4820-b89b-ef9a64894569","2026-05-29 20:08:23.266","2026-05-29 20:08:23.266","f1d2c63f-9736-4820-b89b-ef9a64894569","[PREMIUM]","New",2026,"Lincoln","Nautilus","Reserve","[PREMIUM]","[PREMIUM]",10,"SUV","Metallic","Black Onyx","All-wheel Drive",,,"Gasoline",,,"dealership","[PREMIUM]","Georgetown","TX","[PREMIUM]",,"[]",,,"[PREMIUM]"
"07913622-4706-49ed-92c1-8a4acfe613d8","2026-05-29 20:08:23.264","2026-05-29 20:08:23.264","07913622-4706-49ed-92c1-8a4acfe613d8","[PREMIUM]","New",2026,"Audi","Q5",,"[PREMIUM]","[PREMIUM]",10,"SUV","Glacier White Metallic","Black",,,,"Gasoline",,,"dealership","[PREMIUM]","East Hartford","CT","[PREMIUM]",,"[]",,,"[PREMIUM]"
"d3e49aca-bfce-4c21-91ba-6698ab8d1e05","2026-05-29 20:08:23.257","2026-05-29 20:08:23.257","d3e49aca-bfce-4c21-91ba-6698ab8d1e05","[PREMIUM]","New",2026,"Lincoln","Aviator","Premiere","[PREMIUM]","[PREMIUM]",5,"SUV","Blue Metallic","Gray","RWD",,,"Gasoline",,,"dealership","[PREMIUM]","Doral","FL","[PREMIUM]",,"[]",,,"[PREMIUM]"
"288137f4-8b1d-46ac-b782-5783e6d3f5e2","2026-05-29 20:08:23.254","2026-05-29 20:08:23.254","288137f4-8b1d-46ac-b782-5783e6d3f5e2","[PREMIUM]","New",2026,"Ford","Explorer","ST","[PREMIUM]","[PREMIUM]",,"SUV","Agate Black Metallic","Onyx","Four-wheel Drive",,,"Gasoline",,,"dealership","[PREMIUM]","Taylor","MI","[PREMIUM]",,"[]",,,"[PREMIUM]"
"55863754-a28f-4e63-af17-fac837fe87d2","2026-05-29 20:08:23.247","2026-05-29 20:08:23.247","55863754-a28f-4e63-af17-fac837fe87d2","[PREMIUM]","New",2026,"Audi","Q5",,"[PREMIUM]","[PREMIUM]",10,"SUV","Glacier White Metallic","Black",,,,"Gasoline",,,"dealership","[PREMIUM]","East Hartford","CT","[PREMIUM]",,"[]",,,"[PREMIUM]"
"fd49b1bb-e85a-4ff1-9063-8bd4c1429db3","2026-05-29 20:08:23.230","2026-05-29 20:08:23.230","fd49b1bb-e85a-4ff1-9063-8bd4c1429db3","[PREMIUM]","New",2026,"Lexus","RZ 450e","Luxury","[PREMIUM]","[PREMIUM]",0,"SUV","Cloudburst Gray","Palomino and Macadamia Ultrasuede and Charcoal tri","All-wheel Drive",,,"Electric",,,"dealership","[PREMIUM]","East Hartford","CT","[PREMIUM]",,"[]",,,"[PREMIUM]"
"405f9a24-f6dc-4222-9112-571f656b0b10","2026-05-29 20:08:23.208","2026-05-29 20:08:23.208","405f9a24-f6dc-4222-9112-571f656b0b10","[PREMIUM]","New",2026,"Ford","Explorer","ST","[PREMIUM]","[PREMIUM]",0,"SUV","CARBONIZED GRAY METALLIC","ONYX MIKO INSERTS","Four-wheel Drive",,,"Gasoline",,,"dealership","[PREMIUM]","Glen Allen","VA","[PREMIUM]",,"[]",,,"[PREMIUM]"
"273ee0dc-46b7-4e66-839c-780ba72e3531","2026-05-29 20:08:12.280","2026-05-29 20:08:12.280","273ee0dc-46b7-4e66-839c-780ba72e3531","[PREMIUM]","New",2026,"Ford","Explorer","Platinum","[PREMIUM]","[PREMIUM]",,"SUV","Rapid Red Metallic Tinted Clearcoat","Onyx","4WD",,,"Gasoline",,,"dealership","[PREMIUM]","Raleigh","NC","[PREMIUM]",,"[]",,,"[PREMIUM]"
"3af6bfc9-89c7-45c6-9410-4cae24da7dc3","2026-05-29 20:08:12.272","2026-05-29 20:08:12.272","3af6bfc9-89c7-45c6-9410-4cae24da7dc3","[PREMIUM]","New",2026,"Ford","Explorer","ST","[PREMIUM]","[PREMIUM]",4,"SUV","Agate Black Metallic","Onyx","Four-wheel Drive",,,"Gasoline",,,"dealership","[PREMIUM]","Buford","GA","[PREMIUM]",,"[]",,,"[PREMIUM]"
"c03bbeda-85ea-4f4c-b948-e88753dd531e","2026-05-29 20:08:12.244","2026-05-29 20:08:12.244","c03bbeda-85ea-4f4c-b948-e88753dd531e","[PREMIUM]","New",2026,"RAM","2500","Tradesman","[PREMIUM]","[PREMIUM]",,"Truck","Bright White Clearcoat","Black","4WD",,,"Gasoline",,,"dealership","[PREMIUM]","Brighton","CO","[PREMIUM]",,"[]",,,"[PREMIUM]"
"2f7eae6e-f6d9-496e-9d4f-e759cba0e5fd","2026-05-29 20:08:12.210","2026-05-29 20:08:12.210","2f7eae6e-f6d9-496e-9d4f-e759cba0e5fd","[PREMIUM]","New",2026,"RAM","1500","Big Horn/Lone Star","[PREMIUM]","[PREMIUM]",0,"Truck","Granite Crystal Metallic Clearcoat","Black","Four-wheel Drive",,,"Gasoline",,,"dealership","[PREMIUM]","Turlock","CA","[PREMIUM]",,"[]",,,"[PREMIUM]"
"0e65cd31-80e7-4445-accf-4298925580f1","2026-05-29 20:08:12.205","2026-05-29 20:08:12.205","0e65cd31-80e7-4445-accf-4298925580f1","[PREMIUM]","New",2026,"RAM","1500","Big Horn/Lone Star","[PREMIUM]","[PREMIUM]",0,"Truck","Bright White Clearcoat","Black","Four-wheel Drive",,,"Gasoline",,,"dealership","[PREMIUM]","Troy","OH","[PREMIUM]",,"[]",,,"[PREMIUM]"
"59dd1a93-db35-4977-a567-97dc91aa840f","2026-05-29 20:08:12.106","2026-05-29 20:08:12.106","59dd1a93-db35-4977-a567-97dc91aa840f","[PREMIUM]","New",2026,"BMW","330","NA","[PREMIUM]","[PREMIUM]",0,"Sedan","Dravit Grey Metallic","Tacora Red","Rear-wheel Drive",,,"Gasoline",,,"dealership","[PREMIUM]","Pensacola","FL","[PREMIUM]",,"[]",,,"[PREMIUM]"
"0da0abdb-a7a9-4957-99c7-ecd6f8a7b4f9","2026-05-29 20:07:52.053","2026-05-29 20:07:52.053","0da0abdb-a7a9-4957-99c7-ecd6f8a7b4f9","[PREMIUM]","New",2026,"Ford","F-150","XLT","[PREMIUM]","[PREMIUM]",0,"Truck","ANTIMATTER BLUE METALLIC","BLACK CLOTH 40/CON/40","Four-wheel Drive",,,"Gasoline",,,"dealership","[PREMIUM]","Mukwonago","WI","[PREMIUM]",,"[]",,,"[PREMIUM]"
"95ea77e5-2ac3-4bec-9973-1bdb173b04dd","2026-05-29 20:07:51.957","2026-05-29 20:07:51.957","95ea77e5-2ac3-4bec-9973-1bdb173b04dd","[PREMIUM]","New",2026,"RAM","1500","Warlock Crew Cab 4x4 5&#39;7&#39; Box","[PREMIUM]","[PREMIUM]",0,"Truck","Diamond Black Crystal Pearlcoat","Black Interior Color","Four-wheel Drive",,,"Gasoline",,,"dealership","[PREMIUM]","Norwood","MA","[PREMIUM]",,"[]",,,"[PREMIUM]"
"830e4043-b6b9-4070-a70a-235722e43489","2026-05-29 20:07:51.864","2026-05-29 20:07:51.864","830e4043-b6b9-4070-a70a-235722e43489","[PREMIUM]","New",2026,"Lexus","RX 350","Premium","[PREMIUM]","[PREMIUM]",0,"SUV","Eminent White Pearl","Birch","All Wheel Drive",,,"Premium unleaded",,,"dealership","[PREMIUM]","Murray","UT","[PREMIUM]",,"[]",,,"[PREMIUM]"
"2b55c352-df5e-4225-a75b-6943865b4291","2026-05-29 20:07:51.835","2026-05-29 20:07:51.835","2b55c352-df5e-4225-a75b-6943865b4291","[PREMIUM]","New",2026,"Lexus","NX 350","Luxury","[PREMIUM]","[PREMIUM]",6,"SUV","Ultra White","Black","All Wheel Drive",,,"Premium unleaded",,,"dealership","[PREMIUM]","Murray","UT","[PREMIUM]",,"[]",,,"[PREMIUM]"
"8411fb7f-4c4f-486f-b38c-8e92cdbda92a","2026-05-29 20:07:51.787","2026-05-29 20:07:51.787","8411fb7f-4c4f-486f-b38c-8e92cdbda92a","[PREMIUM]","New",2026,"Lexus","RX 350","Premium","[PREMIUM]","[PREMIUM]",0,"SUV","Matador Red Mica","Black","All-wheel Drive",,,"Gasoline",,,"dealership","[PREMIUM]","Murray","UT","[PREMIUM]",,"[]",,,"[PREMIUM]"
"e4287a20-921c-400d-ba88-847e2ae1ca38","2026-05-29 20:07:51.741","2026-05-29 20:07:51.741","e4287a20-921c-400d-ba88-847e2ae1ca38","[PREMIUM]","New",2026,"Toyota","Tundra","SR5","[PREMIUM]","[PREMIUM]",2,"Truck","Cap","Black","Four-wheel Drive",,,"Gasoline",,,"dealership","[PREMIUM]","Willmar","MN","[PREMIUM]",,"[]",,,"[PREMIUM]"
"2efd1791-6815-4138-980c-03a4ed700cdb","2026-05-29 20:07:41.470","2026-05-29 20:07:41.470","2efd1791-6815-4138-980c-03a4ed700cdb","[PREMIUM]","Used",2026,"Genesis","GV70","3.5T Sport Prestige","[PREMIUM]","[PREMIUM]",9847,"SUV","Ceres Blue","Ultramarine Blue","All Wheel Drive",,,"Premium unleaded",,,"dealership","[PREMIUM]","Murray","UT","[PREMIUM]",,"[]",,,"[PREMIUM]"
"cad086ea-f535-42b9-a4fe-4a77084058fa","2026-05-29 20:07:31.332","2026-05-29 20:07:31.332","cad086ea-f535-42b9-a4fe-4a77084058fa","[PREMIUM]","New",2026,"Audi","Q5","Prestige TFSI quattro S tronic","[PREMIUM]","[PREMIUM]",5,"SUV","Ultra Blue Metallic","Black","All-wheel Drive",,,"Gasoline",,,"dealership","[PREMIUM]","Richfield","MN","[PREMIUM]",,"[]",,,"[PREMIUM]"
"c8569712-c486-4694-9cbe-4ff3d09e9ee1","2026-05-29 20:07:31.320","2026-05-29 20:07:31.320","c8569712-c486-4694-9cbe-4ff3d09e9ee1","[PREMIUM]","New",2026,"Nissan","Armada","SV","[PREMIUM]","[PREMIUM]",5,"SUV","Aspen White Tricoat","Charcoal","Four-wheel Drive",,,"Gasoline",,,"dealership","[PREMIUM]","Orem","UT","[PREMIUM]",,"[]",,,"[PREMIUM]"
"a7955328-ef58-4d6c-840a-87a644124b26","2026-05-29 20:07:31.318","2026-05-29 20:07:31.318","a7955328-ef58-4d6c-840a-87a644124b26","[PREMIUM]","Used",2026,"Lexus","TX 350","Premium","[PREMIUM]","[PREMIUM]",2098,"SUV","Cloudburst Gray","Black","All Wheel Drive",,,"Premium unleaded",,,"dealership","[PREMIUM]","Murray","UT","[PREMIUM]",,"[]",,,"[PREMIUM]"
"bdb194d5-3ff7-4f4c-aa87-39e5cd029cc3","2026-05-29 20:07:31.317","2026-05-29 20:07:31.317","bdb194d5-3ff7-4f4c-aa87-39e5cd029cc3","[PREMIUM]","Used",2026,"Lexus","TX 350","Premium","[PREMIUM]","[PREMIUM]",4650,"SUV","Wind Chill Pearl","Black","All Wheel Drive",,,"Premium unleaded",,,"dealership","[PREMIUM]","Murray","UT","[PREMIUM]",,"[]",,,"[PREMIUM]"
"4e5f15ea-c8d0-4004-b566-e6e22ef5f904","2026-05-29 20:07:31.287","2026-05-29 20:07:31.287","4e5f15ea-c8d0-4004-b566-e6e22ef5f904","[PREMIUM]","New",2026,"Lexus","RX 350","Premium","[PREMIUM]","[PREMIUM]",6,"SUV","Nightfall Mica","Palomino","All Wheel Drive",,,"Premium unleaded",,,"dealership","[PREMIUM]","Murray","UT","[PREMIUM]",,"[]",,,"[PREMIUM]"
"f2737070-d0c2-4917-9e57-7670e43bc6fa","2026-05-29 20:07:31.284","2026-05-29 20:07:31.284","f2737070-d0c2-4917-9e57-7670e43bc6fa","[PREMIUM]","New",2026,"Toyota","Tundra","Limited","[PREMIUM]","[PREMIUM]",4,"Truck","01j9","Black Leather-trimmed","Four-wheel Drive",,,"Gasoline",,,"dealership","[PREMIUM]","Cheyenne","WY","[PREMIUM]",,"[]",,,"[PREMIUM]"
"6a9c118c-0f1d-4700-9268-ea722a5c22af","2026-05-29 20:07:31.250","2026-05-29 20:07:31.250","6a9c118c-0f1d-4700-9268-ea722a5c22af","[PREMIUM]","New",2026,"Ford","Transit-250","Base","[PREMIUM]","[PREMIUM]",5,"Cargo Van","Oxford White","Dark Palazzo Gray","All Wheel Drive",,,"Gasoline",,,"dealership","[PREMIUM]","American Fork","UT","[PREMIUM]",,"[]",,,"[PREMIUM]"
"e8103f1b-af15-43d4-afb5-382d157f3c17","2026-05-29 20:07:31.243","2026-05-29 20:07:31.243","e8103f1b-af15-43d4-afb5-382d157f3c17","[PREMIUM]","New",2026,"Lexus","NX 350h","AWD","[PREMIUM]","[PREMIUM]",0,"SUV","Atomic Silver","Black","All Wheel Drive",,,"Premium unleaded",,,"dealership","[PREMIUM]","Murray","UT","[PREMIUM]",,"[]",,,"[PREMIUM]"
"d3a1bf2a-a86c-450a-9144-af67b34ce9ab","2026-05-29 20:07:31.220","2026-05-29 20:07:31.220","d3a1bf2a-a86c-450a-9144-af67b34ce9ab","[PREMIUM]","New",2026,"Lexus","RZ 450e","Luxury","[PREMIUM]","[PREMIUM]",0,"SUV","Iridium","Dapple Gray","All-wheel Drive",,,"Electric",,,"dealership","[PREMIUM]","Murray","UT","[PREMIUM]",,"[]",,,"[PREMIUM]"
"e5ddb403-79a3-4899-95c2-3bf79191562d","2026-05-29 20:07:31.211","2026-05-29 20:07:31.211","e5ddb403-79a3-4899-95c2-3bf79191562d","[PREMIUM]","New",2026,"Ford","F-150","XLT","[PREMIUM]","[PREMIUM]",5,"Truck","Agate Black Metallic",,"Four Wheel Drive",,,"Regular unleaded",,,"dealership","[PREMIUM]","American Fork","UT","[PREMIUM]",,"[]",,,"[PREMIUM]"
"32f0ec10-f523-4e8f-83cd-5c14d70b9ee4","2026-05-29 20:07:31.201","2026-05-29 20:07:31.201","32f0ec10-f523-4e8f-83cd-5c14d70b9ee4","[PREMIUM]","New",2026,"Jeep","Grand Cherokee","Summit","[PREMIUM]","[PREMIUM]",1,"SUV","Copper Shino Metallic Clearcoat","Global Black","Four-wheel Drive",,,"Gasoline",,,"dealership","[PREMIUM]","Brunswick","OH","[PREMIUM]",,"[]",,,"[PREMIUM]"
"d3402017-e90e-42db-be30-032f2e6b4d19","2026-05-29 20:07:31.199","2026-05-29 20:07:31.199","d3402017-e90e-42db-be30-032f2e6b4d19","[PREMIUM]","New",2026,"Lexus","RX 350","Premium","[PREMIUM]","[PREMIUM]",0,"SUV","Cloudburst Gray","Macadamia","All Wheel Drive",,,"Premium unleaded",,,"dealership","[PREMIUM]","Murray","UT","[PREMIUM]",,"[]",,,"[PREMIUM]"
"ba651e22-67e6-41f4-afb1-9d28d3ba0374","2026-05-29 20:07:31.180","2026-05-29 20:07:31.180","ba651e22-67e6-41f4-afb1-9d28d3ba0374","[PREMIUM]","New",2026,"Ford","Transit-250","Base","[PREMIUM]","[PREMIUM]",5,"Cargo Van","Oxford White","Gray","All Wheel Drive",,,"Gasoline",,,"dealership","[PREMIUM]","American Fork","UT","[PREMIUM]",,"[]",,,"[PREMIUM]"
"f9bc5a00-a1e2-4bb2-a190-a05fb9c477d1","2026-05-29 20:07:31.173","2026-06-01 20:07:45.494","f9bc5a00-a1e2-4bb2-a190-a05fb9c477d1","[PREMIUM]","New",2026,"Lexus","NX 350h","AWD","[PREMIUM]","[PREMIUM]",5,"SUV","Caviar","Black","All-wheel Drive",,,"Gasoline",,,"dealership","[PREMIUM]","Lindon","UT","[PREMIUM]",,"[]",,,"[PREMIUM]"
"0d612d13-7383-4add-a603-eaeca60cde5d","2026-05-29 20:07:31.172","2026-05-29 20:07:31.172","0d612d13-7383-4add-a603-eaeca60cde5d","[PREMIUM]","New",2026,"Lexus","RX 350","Premium","[PREMIUM]","[PREMIUM]",3,"SUV","Iridium","Black","All Wheel Drive",,,"Premium unleaded",,,"dealership","[PREMIUM]","Lindon","UT","[PREMIUM]",,"[]",,,"[PREMIUM]"
"cbd430e4-7a1a-4aa5-aa68-b27da2e9b6d1","2026-05-29 20:07:21.098","2026-05-29 20:07:21.098","cbd430e4-7a1a-4aa5-aa68-b27da2e9b6d1","[PREMIUM]","New",2026,"BMW","430","i","[PREMIUM]","[PREMIUM]",12,"Coupe","Black Sapphire Metallic","Black","Rear-wheel Drive",,,"Gasoline",,,"dealership","[PREMIUM]","Camarillo","CA","[PREMIUM]",,"[]",,,"[PREMIUM]"
"561b6411-c7cb-4b1a-8a26-9196fbe9d6d4","2026-05-29 20:07:20.959","2026-05-29 20:07:20.959","561b6411-c7cb-4b1a-8a26-9196fbe9d6d4","[PREMIUM]","New",2026,"Lexus","RX 350","Premium","[PREMIUM]","[PREMIUM]",4,"SUV","Matador Red Mica","Birch","All Wheel Drive",,,"Premium unleaded",,,"dealership","[PREMIUM]","Lindon","UT","[PREMIUM]",,"[]",,,"[PREMIUM]"
"961bed9d-a413-48a1-88d3-7086ee854ca9","2026-05-29 20:07:20.816","2026-05-29 20:07:20.816","961bed9d-a413-48a1-88d3-7086ee854ca9","[PREMIUM]","New",2026,"Toyota","4Runner","TRD Off Road Premium","[PREMIUM]","[PREMIUM]",0,"SUV","Heritage Blue","Black","Four-wheel Drive",,,"Hybrid",,,"dealership","[PREMIUM]","Prescott","AZ","[PREMIUM]",,"[]",,,"[PREMIUM]"
"56ed8498-a156-4d83-a6d1-df1828a89665","2026-05-29 20:07:20.793","2026-05-29 20:07:20.793","56ed8498-a156-4d83-a6d1-df1828a89665","[PREMIUM]","New",2026,"BMW","330","NA","[PREMIUM]","[PREMIUM]",8,"Sedan","Frozen Pure Grey Metallic","Black","Rear-wheel Drive",,,"Gasoline",,,"dealership","[PREMIUM]","Camarillo","CA","[PREMIUM]",,"[]",,,"[PREMIUM]"
"287960b5-bea4-47fe-afb8-8f444d8bd33f","2026-05-29 20:07:20.757","2026-05-29 20:07:20.757","287960b5-bea4-47fe-afb8-8f444d8bd33f","[PREMIUM]","New",2026,"Lexus","RX 350h","Premium","[PREMIUM]","[PREMIUM]",13,"SUV","Iridium","Palomino","All Wheel Drive",,,"Premium unleaded",,,"dealership","[PREMIUM]","Lindon","UT","[PREMIUM]",,"[]",,,"[PREMIUM]"
"7ba98117-cd4a-43b5-87b0-812b9dfdf6dc","2026-05-29 20:07:20.685","2026-05-29 20:07:20.685","7ba98117-cd4a-43b5-87b0-812b9dfdf6dc","[PREMIUM]","New",2026,"Lexus","RX 350h","Premium","[PREMIUM]","[PREMIUM]",13,"SUV","Iridium","Black","All Wheel Drive",,,"Premium unleaded",,,"dealership","[PREMIUM]","Lindon","UT","[PREMIUM]",,"[]",,,"[PREMIUM]"
"92c6d41d-3991-4c6b-aebd-deef9baf6c14","2026-05-29 20:07:20.680","2026-05-29 20:07:20.680","92c6d41d-3991-4c6b-aebd-deef9baf6c14","[PREMIUM]","New",2026,"Lexus","NX 350h","Luxury","[PREMIUM]","[PREMIUM]",5,"SUV","Ultra White",,"All Wheel Drive",,,"Premium unleaded",,,"dealership","[PREMIUM]","Lindon","UT","[PREMIUM]",,"[]",,,"[PREMIUM]"
"ab22d651-65eb-421e-b345-c6a05f11f234","2026-05-29 20:07:20.665","2026-05-29 20:07:20.665","ab22d651-65eb-421e-b345-c6a05f11f234","[PREMIUM]","New",2026,"Lexus","RX 350","Premium","[PREMIUM]","[PREMIUM]",11,"SUV","Cloudburst Gray","Birch","All Wheel Drive",,,"Premium unleaded",,,"dealership","[PREMIUM]","Lindon","UT","[PREMIUM]",,"[]",,,"[PREMIUM]"
"5fecbcf8-981f-417c-aee6-b9aabf59f21e","2026-05-29 20:07:10.642","2026-05-29 20:07:10.642","5fecbcf8-981f-417c-aee6-b9aabf59f21e","[PREMIUM]","New",2026,"BMW","i4 Gran Coupe","eDrive40","[PREMIUM]","[PREMIUM]",37,"Hatchback","Jet Black","Black","Rear-wheel Drive",,,"Electric",,,"dealership","[PREMIUM]","Camarillo","CA","[PREMIUM]",,"[]",,,"[PREMIUM]"
"8cb54ac7-ee11-4540-9aed-3bc3fba8082d","2026-05-29 20:07:10.347","2026-05-29 20:07:10.347","8cb54ac7-ee11-4540-9aed-3bc3fba8082d","[PREMIUM]","New",2026,"BMW","X3","30 xDrive","[PREMIUM]","[PREMIUM]",0,"SUV","Brooklyn Grey Metallic","Black","All-wheel Drive",,,"Gasoline",,,"dealership","[PREMIUM]","Camarillo","CA","[PREMIUM]",,"[]",,,"[PREMIUM]"
"b6e696a9-1e38-4d93-8eaf-29f92cc55c99","2026-05-29 20:07:10.333","2026-05-29 20:07:10.333","b6e696a9-1e38-4d93-8eaf-29f92cc55c99","[PREMIUM]","New",2026,"BMW","330","NA","[PREMIUM]","[PREMIUM]",0,"Sedan","Alpine White","Black","Rear-wheel Drive",,,"Gasoline",,,"dealership","[PREMIUM]","Camarillo","CA","[PREMIUM]",,"[]",,,"[PREMIUM]"
"82affbe1-59f6-464d-afc3-616a789a27b1","2026-05-29 20:06:50.120","2026-06-01 20:07:04.957","82affbe1-59f6-464d-afc3-616a789a27b1","[PREMIUM]","New",2026,"RAM","1500","Laramie","[PREMIUM]","[PREMIUM]",10,"Truck","Diamond Black Crystal Pearlcoat","Black","Four-wheel Drive",,,"Gasoline",,,"dealership","[PREMIUM]","Waynesboro","PA","[PREMIUM]",,"[]",,,"[PREMIUM]"
"e128d5b0-0d36-405c-a4a3-ba81770ef22c","2026-05-29 20:06:50.112","2026-05-29 20:06:50.112","e128d5b0-0d36-405c-a4a3-ba81770ef22c","[PREMIUM]","New",2026,"Chevrolet","Silverado 2500","Custom","[PREMIUM]","[PREMIUM]",3,"Truck","Red Hot","Jet Black","Four-wheel Drive",,,"Diesel",,,"dealership","[PREMIUM]","Fenton","MO","[PREMIUM]",,"[]",,,"[PREMIUM]"
"bf5b0094-3bfe-462e-881f-aa3c2fdd2dd9","2026-05-29 20:06:50.089","2026-05-29 20:06:50.089","bf5b0094-3bfe-462e-881f-aa3c2fdd2dd9","[PREMIUM]","New",2026,"Ford","Transit-250","Base","[PREMIUM]","[PREMIUM]",5,"Cargo Van","Oxford White","Gray","All Wheel Drive",,,"Gasoline",,,"dealership","[PREMIUM]","West Valley City","UT","[PREMIUM]",,"[]",,,"[PREMIUM]"
"d8b7403e-46f1-4e27-8969-45c153bfa6f8","2026-05-29 20:06:49.982","2026-05-29 20:06:49.982","d8b7403e-46f1-4e27-8969-45c153bfa6f8","[PREMIUM]","New",2026,"Ford","Transit-250","Base","[PREMIUM]","[PREMIUM]",5,"Cargo Van","Oxford White","Gray","All Wheel Drive",,,"Gasoline",,,"dealership","[PREMIUM]","West Valley City","UT","[PREMIUM]",,"[]",,,"[PREMIUM]"
"e61ed483-6ff0-48ef-8e53-8286e738830d","2026-05-29 20:06:39.851","2026-05-29 20:06:39.851","e61ed483-6ff0-48ef-8e53-8286e738830d","[PREMIUM]","New",2026,"Chevrolet","Silverado 2500","Crew Cab, Standard Bed, WT, 4WD","[PREMIUM]","[PREMIUM]",0,"Truck","Summit White","Jet Black","Four-wheel Drive",,,"Diesel",,,"dealership","[PREMIUM]","Fenton","MO","[PREMIUM]",,"[]",,,"[PREMIUM]"
"1a97f1a3-b5bf-412e-ac25-750c2644edbe","2026-05-29 20:06:39.708","2026-05-29 20:06:39.708","1a97f1a3-b5bf-412e-ac25-750c2644edbe","[PREMIUM]","New",2026,"Ford","Transit-250","Base","[PREMIUM]","[PREMIUM]",5,"Cargo Van","Oxford White","Gray","All Wheel Drive",,,"Gasoline",,,"dealership","[PREMIUM]","West Valley City","UT","[PREMIUM]",,"[]",,,"[PREMIUM]"
"da4da9a2-6d42-4792-8330-e061b9401354","2026-05-29 20:06:29.534","2026-05-29 20:06:29.534","da4da9a2-6d42-4792-8330-e061b9401354","[PREMIUM]","New",2027,"Kia","Telluride Hybrid","SX Prestige","[PREMIUM]","[PREMIUM]",10,"SUV","Ebony Black","Navy","All-wheel Drive",,,"Hybrid",,,"dealership","[PREMIUM]","Centennial","CO","[PREMIUM]",,"[]",,,"[PREMIUM]"
"01d876f3-a0de-40bf-a92c-6281a5bee6b4","2026-05-29 20:06:29.533","2026-06-01 20:06:44.763","01d876f3-a0de-40bf-a92c-6281a5bee6b4","[PREMIUM]","New",2027,"Kia","Telluride Hybrid","X-Line SX-Prestige","[PREMIUM]","[PREMIUM]",29,"SUV","Ebony Black","Black","All-wheel Drive",,,"Hybrid",,,"dealership","[PREMIUM]","Gaithersburg","MD","[PREMIUM]",,"[]",,,"[PREMIUM]"
"8a686019-e219-49f6-82e5-2e9abd4d192a","2026-05-29 20:06:29.516","2026-05-29 20:06:29.516","8a686019-e219-49f6-82e5-2e9abd4d192a","[PREMIUM]","New",2027,"Kia","Telluride","SX-Prestige","[PREMIUM]","[PREMIUM]",4,"SUV","White","Black","AWD",,,"Gasoline",,,"dealership","[PREMIUM]","Dallas","TX","[PREMIUM]",,"[]",,,"[PREMIUM]"
"cc47a809-69f5-4630-a76b-df08a0d60c32","2026-05-29 20:06:19.072","2026-05-29 20:06:19.072","cc47a809-69f5-4630-a76b-df08a0d60c32","[PREMIUM]","New",2027,"Kia","Telluride Hybrid","X-Line SX-Prestige","[PREMIUM]","[PREMIUM]",5,"SUV","Black Jade Green","Black","All-wheel Drive",,,"Hybrid",,,"dealership","[PREMIUM]","Phoenix","AZ","[PREMIUM]",,"[]",,,"[PREMIUM]"
"9c1699a5-53ab-4e01-8e5e-3ed15daa720f","2026-05-29 20:06:19.066","2026-05-29 20:06:19.066","9c1699a5-53ab-4e01-8e5e-3ed15daa720f","[PREMIUM]","New",2027,"Kia","Telluride","SX","[PREMIUM]","[PREMIUM]",3,"SUV","Terrain","Black","AWD",,,"Gasoline",,,"dealership","[PREMIUM]","Scottsdale","AZ","[PREMIUM]",,"[]",,,"[PREMIUM]"
"65dd7794-5585-4c8d-9e05-1630f9a7f427","2026-05-29 20:06:18.949","2026-05-29 20:06:18.949","65dd7794-5585-4c8d-9e05-1630f9a7f427","[PREMIUM]","New",2027,"Kia","Telluride","SX","[PREMIUM]","[PREMIUM]",1,"SUV","Brown",,"AWD",,,"Gasoline",,,"dealership","[PREMIUM]","Grand Junction","CO","[PREMIUM]",,"[]",,,"[PREMIUM]"
"f512c41a-0637-4bc6-bd78-15e5e460a9e2","2026-05-29 20:06:09.339","2026-05-29 20:06:09.339","f512c41a-0637-4bc6-bd78-15e5e460a9e2","[PREMIUM]","New",2027,"Kia","Telluride Hybrid","X-Line SX-Prestige","[PREMIUM]","[PREMIUM]",1,"SUV","Midnight Lake Blue","Black","All-wheel Drive",,,"Hybrid",,,"dealership","[PREMIUM]","Pittsburgh","PA","[PREMIUM]",,"[]",,,"[PREMIUM]"
"16d788f8-3ba9-45ed-b627-ec3e3638b53b","2026-05-29 20:03:28.495","2026-05-29 20:03:28.495","16d788f8-3ba9-45ed-b627-ec3e3638b53b","[PREMIUM]","Used",2016,"Mercedes-Benz","G-Class","G 550 4MATIC","[PREMIUM]","[PREMIUM]",96497,"SUV","Blue","Gray","All-wheel Drive",,,"Gasoline",,,"private","[PREMIUM]",,,"[PREMIUM]",,"[]",,,"[PREMIUM]"
"a427d873-ce75-4ea8-8848-bac67f1ce5e4","2026-05-29 20:02:48.128","2026-05-29 20:02:48.128","a427d873-ce75-4ea8-8848-bac67f1ce5e4","[PREMIUM]","Used",2019,"Chevrolet","Corvette","Grand Sport","[PREMIUM]","[PREMIUM]",55081,"Convertible","Arctic White","Jet Black","Rear-wheel Drive",,,"Gasoline",,,"dealership","[PREMIUM]","Warsaw","IN","[PREMIUM]",,"[]",,,"[PREMIUM]"
"2dd312a3-08a7-479b-9dfb-ccbf75e7140f","2026-05-29 20:02:48.120","2026-06-01 20:03:04.857","2dd312a3-08a7-479b-9dfb-ccbf75e7140f","[PREMIUM]","Used",2018,"Mercedes-Benz","AMG SL 63","Base","[PREMIUM]","[PREMIUM]",78842,"Convertible","Iridium Silver","Bengal Red / Black","Rear-wheel Drive",,,"Gasoline",,,"dealership","[PREMIUM]","Denver","CO","[PREMIUM]",,"[]",,,"[PREMIUM]"
"e2d05dba-b85d-4c40-9987-dae60b51a311","2026-05-29 20:02:17.873","2026-05-29 20:02:17.873","e2d05dba-b85d-4c40-9987-dae60b51a311","[PREMIUM]","Used",2020,"Chevrolet","Corvette","Stingray 2LT","[PREMIUM]","[PREMIUM]",30075,"Coupe","Silver","RED","Rear-wheel Drive",,,"Gasoline",,,"dealership","[PREMIUM]","Independence","MO","[PREMIUM]",,"[]",,,"[PREMIUM]"
"48f4d4d4-592b-44ff-8c92-2000ec3c1680","2026-05-29 20:01:57.738","2026-06-01 20:02:04.391","48f4d4d4-592b-44ff-8c92-2000ec3c1680","[PREMIUM]","Used",2021,"Ford","F-350","Lariat Super Duty","[PREMIUM]","[PREMIUM]",78958,"Truck","White Metallic","Black","Four-wheel Drive",,,"Gasoline",,,"dealership","[PREMIUM]","St. George","UT","[PREMIUM]",,"[]",,,"[PREMIUM]"
"a58697d8-a668-4bfd-815e-f67bf911dfbc","2026-05-29 20:01:57.667","2026-05-29 20:01:57.667","a58697d8-a668-4bfd-815e-f67bf911dfbc","[PREMIUM]","Used",2021,"GMC","Sierra 2500","Denali","[PREMIUM]","[PREMIUM]",62806,"Truck","Onyx Black","Jet Black","Four-wheel Drive",,,"Diesel",,,"dealership","[PREMIUM]","Montclair","CA","[PREMIUM]",,"[]",,,"[PREMIUM]"
"6e9bd9b3-15df-4243-803c-13077488bb5f","2026-05-29 20:01:57.627","2026-05-29 20:01:57.627","6e9bd9b3-15df-4243-803c-13077488bb5f","[PREMIUM]","Used",2021,"GMC","Sierra 2500","Denali","[PREMIUM]","[PREMIUM]",46017,"Truck","Gray","BLACK","Four-wheel Drive",,,"Diesel",,,"dealership","[PREMIUM]","Albuquerque","NM","[PREMIUM]",,"[]",,,"[PREMIUM]"
