"_primaryKey","_firstSeenAt","_lastSeenAt","listingId","vin","stockType","year","make","model","trim","price","msrp","mileage","bodyStyle","exteriorColor","interiorColor","drivetrain","transmission","engine","fuelType","mpg","stockNumber","sellerType","sellerName","sellerCity","sellerState","images","imagesCount","options","optionsCount","description","listingUrl"
"468cbe04-6757-4f4e-8585-7be8b1947b16","2026-03-07 23:59:57.427","2026-03-07 23:59:57.427","468cbe04-6757-4f4e-8585-7be8b1947b16","[PREMIUM]","Used",2025,"Kia","Carnival","LXS","[PREMIUM]","[PREMIUM]",25011,"Passenger Van","Snow White Pearl","Taupe/Off-Black","Front-wheel Drive",,,"Gasoline",,,"dealership","[PREMIUM]","Wall Township","NJ","[PREMIUM]",,"[]",,,"[PREMIUM]"
"d1f491a0-53cd-473f-9eea-16ab74ef4c6e","2026-03-07 23:59:57.414","2026-03-07 23:59:57.414","d1f491a0-53cd-473f-9eea-16ab74ef4c6e","[PREMIUM]","Used",2025,"Cadillac","XT4","Premium Luxury","[PREMIUM]","[PREMIUM]",32596,"SUV","Argent Silver Metallic","Oxford Stone/Jet Black","Front-wheel Drive",,,"Gasoline",,,"dealership","[PREMIUM]","Punta Gorda","FL","[PREMIUM]",,"[]",,,"[PREMIUM]"
"4a4f5387-6c3c-41e9-9fe7-eaefc5d92a8a","2026-03-07 23:59:57.290","2026-03-07 23:59:57.290","4a4f5387-6c3c-41e9-9fe7-eaefc5d92a8a","[PREMIUM]","New",2025,"Hyundai","TUCSON","SEL","[PREMIUM]","[PREMIUM]",955,"SUV","Ultimate Red","Gray","Front-wheel Drive",,,"Gasoline",,,"dealership","[PREMIUM]","Sherman","TX","[PREMIUM]",,"[]",,,"[PREMIUM]"
"52500ddb-7973-463a-a379-4737d2913c20","2026-03-07 23:59:57.185","2026-03-21 18:31:19.240","52500ddb-7973-463a-a379-4737d2913c20","[PREMIUM]","Used",2025,"Honda","Civic Hybrid","Sport Touring","[PREMIUM]","[PREMIUM]",6093,"Sedan","White","BLACK","Rear-wheel Drive",,,"Hybrid",,,"dealership","[PREMIUM]","West Carrollton","OH","[PREMIUM]",,"[]",,,"[PREMIUM]"
"9c10b2c1-59ed-45b9-a841-2f87932e0904","2026-03-07 23:59:57.182","2026-03-07 23:59:57.182","9c10b2c1-59ed-45b9-a841-2f87932e0904","[PREMIUM]","New",2025,"Ford","Maverick","XLT","[PREMIUM]","[PREMIUM]",93,"Truck","Shadow Black","Navy Pier","AWD",,,"Hybrid",,,"dealership","[PREMIUM]","Mercer","PA","[PREMIUM]",,"[]",,,"[PREMIUM]"
"21f7230c-f090-46fc-825f-00da12c14077","2026-03-07 23:59:57.135","2026-03-07 23:59:57.135","21f7230c-f090-46fc-825f-00da12c14077","[PREMIUM]","New",2025,"Ford","Maverick","Lobo Standard","[PREMIUM]","[PREMIUM]",6,"Truck","Gray Metallic","Black Onyx","All-wheel Drive",,,"Gasoline",,,"dealership","[PREMIUM]","Kissimmee","FL","[PREMIUM]",,"[]",,,"[PREMIUM]"
"0b091c34-c3ca-4d7d-88bd-8e26905152ba","2026-03-07 23:59:57.131","2026-03-07 23:59:57.131","0b091c34-c3ca-4d7d-88bd-8e26905152ba","[PREMIUM]","Used",2025,"Hyundai","SANTA CRUZ","Limited","[PREMIUM]","[PREMIUM]",4186,"Truck","Sage Gray","Medium Gray","All-wheel Drive",,,"Gasoline",,,"dealership","[PREMIUM]","Inverness","FL","[PREMIUM]",,"[]",,,"[PREMIUM]"
"88eb7a72-bdf5-47c8-94a9-e836635e7893","2026-03-07 23:59:57.128","2026-03-07 23:59:57.128","88eb7a72-bdf5-47c8-94a9-e836635e7893","[PREMIUM]","New",2025,"Ford","Bronco Sport","Big Bend","[PREMIUM]","[PREMIUM]",17,"SUV","Shadow Black",,"4WD",,,"Gasoline",,,"dealership","[PREMIUM]","Mercer","PA","[PREMIUM]",,"[]",,,"[PREMIUM]"
"84db357d-6fbc-4539-b957-48b792488a49","2026-03-07 23:59:47.850","2026-03-07 23:59:47.850","84db357d-6fbc-4539-b957-48b792488a49","[PREMIUM]","New",2026,"Toyota","Camry","LE","[PREMIUM]","[PREMIUM]",7,"Sedan","Celestial Silver Metallic","Black","Front-wheel Drive",,,"Gasoline",,,"dealership","[PREMIUM]","Sacramento","CA","[PREMIUM]",,"[]",,,"[PREMIUM]"
"41cc1f31-0ff5-4c90-96cf-5ca921ce8ca2","2026-03-07 23:59:47.069","2026-03-15 11:22:28.242","41cc1f31-0ff5-4c90-96cf-5ca921ce8ca2","[PREMIUM]","New",2026,"Toyota","Camry","SE","[PREMIUM]","[PREMIUM]",5,"Sedan","Ice Cap","Black","Front-wheel Drive",,,"Gasoline",,,"dealership","[PREMIUM]","Sacramento","CA","[PREMIUM]",,"[]",,,"[PREMIUM]"
"128eb8ce-3893-41ea-bc1f-ea0568fd2837","2026-03-07 23:59:47.035","2026-03-07 23:59:47.035","128eb8ce-3893-41ea-bc1f-ea0568fd2837","[PREMIUM]","New",2026,"Acura","Integra","Base","[PREMIUM]","[PREMIUM]",5,"Hatchback","White","Ebony","Front-wheel Drive",,,"Gasoline",,,"dealership","[PREMIUM]","Elmhurst","IL","[PREMIUM]",,"[]",,,"[PREMIUM]"
"8bbaac4f-b7ea-44d8-8612-c126cff2c458","2026-03-07 23:59:47.007","2026-03-07 23:59:47.007","8bbaac4f-b7ea-44d8-8612-c126cff2c458","[PREMIUM]","Used",2025,"Hyundai","IONIQ 5","SEL","[PREMIUM]","[PREMIUM]",6216,"SUV","White","GRAY","Four-wheel Drive",,,"Electric",,,"dealership","[PREMIUM]","Louisville","KY","[PREMIUM]",,"[]",,,"[PREMIUM]"
"830c4177-d979-4b11-ab8d-15c08d51ad4d","2026-03-07 23:59:46.998","2026-03-12 11:22:08.939","830c4177-d979-4b11-ab8d-15c08d51ad4d","[PREMIUM]","New",2026,"Chevrolet","Equinox","LT","[PREMIUM]","[PREMIUM]",3,"SUV","Summit White","Black","All-wheel Drive",,,"Gasoline",,,"dealership","[PREMIUM]","Mount Horeb","WI","[PREMIUM]",,"[]",,,"[PREMIUM]"
"83de3f35-50ca-4d99-ba48-ef38e1faceb7","2026-03-07 23:59:46.967","2026-03-07 23:59:46.967","83de3f35-50ca-4d99-ba48-ef38e1faceb7","[PREMIUM]","New",2026,"Toyota","Camry","SE","[PREMIUM]","[PREMIUM]",5,"Sedan","Heavy Metal","Black","Front-wheel Drive",,,"Gasoline",,,"dealership","[PREMIUM]","Sacramento","CA","[PREMIUM]",,"[]",,,"[PREMIUM]"
"2d6b8974-fefb-4ebc-bfae-2b694e1feaf6","2026-03-07 23:59:46.923","2026-03-07 23:59:46.923","2d6b8974-fefb-4ebc-bfae-2b694e1feaf6","[PREMIUM]","New",2026,"Kia","Sportage","EX","[PREMIUM]","[PREMIUM]",0,"SUV","Gray","Blk Syntex Lthette","Front-wheel Drive",,,"Gasoline",,,"dealership","[PREMIUM]","Indianapolis","IN","[PREMIUM]",,"[]",,,"[PREMIUM]"
"dd0cd0df-272e-41e3-8101-0cd86aec343a","2026-03-07 23:59:46.917","2026-03-07 23:59:46.917","dd0cd0df-272e-41e3-8101-0cd86aec343a","[PREMIUM]","Used",2025,"Acura","Integra","A-SPEC Technology","[PREMIUM]","[PREMIUM]",6383,"Hatchback","Liquid Carbon Metallic","Ebony","Front-wheel Drive",,,"Gasoline",,,"dealership","[PREMIUM]","Charlotte","NC","[PREMIUM]",,"[]",,,"[PREMIUM]"
"87167c03-c013-45fd-9e4d-859cae1972d4","2026-03-07 23:59:46.912","2026-03-15 11:22:29.542","87167c03-c013-45fd-9e4d-859cae1972d4","[PREMIUM]","New",2026,"Kia","Sportage Hybrid","EX","[PREMIUM]","[PREMIUM]",5,"SUV","Snow White Pearl","Black","All-wheel Drive",,,"Hybrid",,,"dealership","[PREMIUM]","Elmhurst","IL","[PREMIUM]",,"[]",,,"[PREMIUM]"
"9445b546-f194-4956-a8ec-67cefab734c5","2026-03-07 23:59:46.896","2026-03-07 23:59:46.896","9445b546-f194-4956-a8ec-67cefab734c5","[PREMIUM]","New",2026,"Toyota","Camry","LE","[PREMIUM]","[PREMIUM]",4,"Sedan","Ocean Gem","Black","Front-wheel Drive",,,"Gasoline",,,"dealership","[PREMIUM]","Sacramento","CA","[PREMIUM]",,"[]",,,"[PREMIUM]"
"f921c05f-699d-41e7-aa42-60f91429ae52","2026-03-07 23:59:46.887","2026-03-07 23:59:46.887","f921c05f-699d-41e7-aa42-60f91429ae52","[PREMIUM]","Used",2025,"Acura","Integra","A-SPEC Technology","[PREMIUM]","[PREMIUM]",9149,"Hatchback","Apex Blue Pearl","Ebony","Front-wheel Drive",,,"Gasoline",,,"dealership","[PREMIUM]","Charlotte","NC","[PREMIUM]",,"[]",,,"[PREMIUM]"
"81f23f56-7714-4456-b0c4-09466ef2b888","2026-03-07 23:59:46.885","2026-03-07 23:59:46.885","81f23f56-7714-4456-b0c4-09466ef2b888","[PREMIUM]","New",2026,"Kia","Sportage","EX","[PREMIUM]","[PREMIUM]",0,"SUV","Nebular Blue","Black","Front-wheel Drive",,,"Gasoline",,,"dealership","[PREMIUM]","Selma","CA","[PREMIUM]",,"[]",,,"[PREMIUM]"
"f3475416-9aa0-4bec-9c0b-475f101df490","2026-03-07 23:59:46.885","2026-03-07 23:59:46.885","f3475416-9aa0-4bec-9c0b-475f101df490","[PREMIUM]","New",2026,"Toyota","Camry","SE","[PREMIUM]","[PREMIUM]",5,"Sedan","Underground","Black","Front-wheel Drive",,,"Gasoline",,,"dealership","[PREMIUM]","Sacramento","CA","[PREMIUM]",,"[]",,,"[PREMIUM]"
"b6b97583-b687-4b24-ac84-920f4909e08e","2026-03-07 23:59:46.883","2026-03-07 23:59:46.883","b6b97583-b687-4b24-ac84-920f4909e08e","[PREMIUM]","Used",2025,"Honda","Odyssey","Touring","[PREMIUM]","[PREMIUM]",10068,"Passenger Van","Silver","Gray","Front-wheel Drive",,,"Gasoline",,,"dealership","[PREMIUM]","Berea","OH","[PREMIUM]",,"[]",,,"[PREMIUM]"
"4c0ca300-8d1c-454c-8311-ffd6651857df","2026-03-07 23:59:46.879","2026-03-07 23:59:46.879","4c0ca300-8d1c-454c-8311-ffd6651857df","[PREMIUM]","New",2026,"Kia","Sorento","S","[PREMIUM]","[PREMIUM]",5,"SUV","Wolf Gray","Black","All-wheel Drive",,,"Gasoline",,,"dealership","[PREMIUM]","Elmhurst","IL","[PREMIUM]",,"[]",,,"[PREMIUM]"
"33169978-dcc1-4789-bc8b-569717d9ddb5","2026-03-07 23:59:46.874","2026-03-07 23:59:46.874","33169978-dcc1-4789-bc8b-569717d9ddb5","[PREMIUM]","New",2026,"Kia","Sportage","EX","[PREMIUM]","[PREMIUM]",5,"SUV","Panthera Metal","Black","All-wheel Drive",,,"Gasoline",,,"dealership","[PREMIUM]","Wexford","PA","[PREMIUM]",,"[]",,,"[PREMIUM]"
"472e1835-9a46-4455-b278-3568e6e44013","2026-03-07 23:59:46.874","2026-03-12 11:21:49.269","472e1835-9a46-4455-b278-3568e6e44013","[PREMIUM]","Used",2025,"Toyota","Camry","XSE","[PREMIUM]","[PREMIUM]",17988,"Sedan","Red",,"All-wheel Drive",,,"Gasoline",,,"dealership","[PREMIUM]","Chicago","IL","[PREMIUM]",,"[]",,,"[PREMIUM]"
"e742caa0-c9f6-4aa6-abd1-77b7ec4bd65f","2026-03-07 23:59:46.873","2026-03-12 11:21:49.065","e742caa0-c9f6-4aa6-abd1-77b7ec4bd65f","[PREMIUM]","Used",2025,"Ford","Escape","ST-Line","[PREMIUM]","[PREMIUM]",3851,"SUV","Carbonized Gray Metallic","Ebony","Front-wheel Drive",,,"Gasoline",,,"dealership","[PREMIUM]","San Leandro","CA","[PREMIUM]",,"[]",,,"[PREMIUM]"
"c309ee78-a6f0-4e9c-8b1d-58411f12523f","2026-03-07 23:59:46.857","2026-03-07 23:59:46.857","c309ee78-a6f0-4e9c-8b1d-58411f12523f","[PREMIUM]","Used",2025,"Honda","CR-V","EX","[PREMIUM]","[PREMIUM]",4702,"SUV","Blue","BLACK","Four-wheel Drive",,,"Gasoline",,,"dealership","[PREMIUM]","Denton","TX","[PREMIUM]",,"[]",,,"[PREMIUM]"
"c106a41d-d81a-4ccd-bdea-47df620d68f5","2026-03-07 23:59:46.839","2026-03-12 11:21:49.158","c106a41d-d81a-4ccd-bdea-47df620d68f5","[PREMIUM]","New",2025,"Jeep","Grand Cherokee","Laredo","[PREMIUM]","[PREMIUM]",9,"SUV","Diamond Black Crystal Pearlcoat","Global Black","Four-wheel Drive",,,"Gasoline",,,"dealership","[PREMIUM]","Fort Worth","TX","[PREMIUM]",,"[]",,,"[PREMIUM]"
"41201bbb-67d7-459b-950f-af8b2211556f","2026-03-07 23:59:36.822","2026-03-07 23:59:36.822","41201bbb-67d7-459b-950f-af8b2211556f","[PREMIUM]","New",2026,"Kia","K5","GT-Line AWD","[PREMIUM]","[PREMIUM]",11,"Sedan","Snow White Pearl","Black","All-wheel Drive",,,"Gasoline",,,"dealership","[PREMIUM]","Canandaigua","NY","[PREMIUM]",,"[]",,,"[PREMIUM]"
"8fff934e-498a-4b64-b38d-fd6e6d366fc0","2026-03-07 23:59:36.551","2026-03-07 23:59:36.551","8fff934e-498a-4b64-b38d-fd6e6d366fc0","[PREMIUM]","New",2026,"Honda","Civic Hybrid","Sport","[PREMIUM]","[PREMIUM]",0,"Sedan","Crystal Black Pearl","Blk Clth/Lthette","Front-wheel Drive",,,"Hybrid",,,"dealership","[PREMIUM]","Charlotte","NC","[PREMIUM]",,"[]",,,"[PREMIUM]"
"095e5859-93cd-4666-bd0b-ba16aa8e22b0","2026-03-07 23:59:36.494","2026-03-07 23:59:36.494","095e5859-93cd-4666-bd0b-ba16aa8e22b0","[PREMIUM]","New",2026,"Mazda","CX-30","2.5 S Carbon Edition","[PREMIUM]","[PREMIUM]",136,"SUV","Polymetal Gray Metallic","Red","All-wheel Drive",,,"Gasoline",,,"dealership","[PREMIUM]","Nyack","NY","[PREMIUM]",,"[]",,,"[PREMIUM]"
"572c048e-0f43-496b-9d81-833f37c0b115","2026-03-07 23:59:36.477","2026-03-07 23:59:36.477","572c048e-0f43-496b-9d81-833f37c0b115","[PREMIUM]","New",2026,"Nissan","Rogue","Dark Armor","[PREMIUM]","[PREMIUM]",0,"SUV","Super Black","Charcoal","All-wheel Drive",,,"Gasoline",,,"dealership","[PREMIUM]","Columbia","MO","[PREMIUM]",,"[]",,,"[PREMIUM]"
"70e20c50-d69d-4155-b0e3-f864997bce40","2026-03-07 23:59:36.468","2026-03-07 23:59:36.468","70e20c50-d69d-4155-b0e3-f864997bce40","[PREMIUM]","New",2026,"Toyota","Corolla Cross","XLE","[PREMIUM]","[PREMIUM]",55,"SUV","Sonic Silver","Black","Front-wheel Drive",,,"Gasoline",,,"dealership","[PREMIUM]","Richmond","KY","[PREMIUM]",,"[]",,,"[PREMIUM]"
"bd082595-b5ad-4ba8-b4df-a2c2069ae5af","2026-03-07 23:59:36.455","2026-03-07 23:59:36.455","bd082595-b5ad-4ba8-b4df-a2c2069ae5af","[PREMIUM]","New",2026,"Honda","HR-V","EX-L","[PREMIUM]","[PREMIUM]",5,"SUV","Crystal Black Pearl","Bk","All-wheel Drive",,,"Gasoline",,,"dealership","[PREMIUM]","Chicago","IL","[PREMIUM]",,"[]",,,"[PREMIUM]"
"e7a89739-7d22-4d75-acfb-13daa054288a","2026-03-07 23:59:36.454","2026-03-07 23:59:36.454","e7a89739-7d22-4d75-acfb-13daa054288a","[PREMIUM]","New",2026,"Mazda","CX-50","2.5 S","[PREMIUM]","[PREMIUM]",4,"SUV","zircon sand metallic","black","All-wheel Drive",,,"Gasoline",,,"dealership","[PREMIUM]","Clarksville","TN","[PREMIUM]",,"[]",,,"[PREMIUM]"
"f28263e8-0449-4924-87a2-5964c3cb2b1e","2026-03-07 23:59:36.449","2026-03-07 23:59:36.449","f28263e8-0449-4924-87a2-5964c3cb2b1e","[PREMIUM]","New",2026,"Honda","HR-V","AWD Sport","[PREMIUM]","[PREMIUM]",5,"SUV","Nordic Forest Pearl","Black","All-wheel Drive",,,"Gasoline",,,"dealership","[PREMIUM]","Elyria","OH","[PREMIUM]",,"[]",,,"[PREMIUM]"
"512d1a15-74b4-42db-a09b-6b88ee8a7672","2026-03-07 23:59:36.415","2026-03-12 11:22:08.156","512d1a15-74b4-42db-a09b-6b88ee8a7672","[PREMIUM]","New",2026,"Hyundai","SONATA Hybrid","SE","[PREMIUM]","[PREMIUM]",12,"Sedan","Ultimate Red","Gray","Front-wheel Drive",,,"Hybrid",,,"dealership","[PREMIUM]","Gilroy","CA","[PREMIUM]",,"[]",,,"[PREMIUM]"
"ff434e3b-6617-4a85-ade6-9ffed93c5a4c","2026-03-07 23:59:36.408","2026-03-07 23:59:36.408","ff434e3b-6617-4a85-ade6-9ffed93c5a4c","[PREMIUM]","New",2026,"Chevrolet","Equinox","1LT","[PREMIUM]","[PREMIUM]",5,"SUV","Summit White","Black","Front-wheel Drive",,,"Gasoline",,,"dealership","[PREMIUM]","North Highlands","CA","[PREMIUM]",,"[]",,,"[PREMIUM]"
"4429777e-5b2d-419d-a091-ce28e36ef3f4","2026-03-07 23:59:36.407","2026-03-21 18:30:58.290","4429777e-5b2d-419d-a091-ce28e36ef3f4","[PREMIUM]","New",2026,"Honda","CR-V","LX 2WD","[PREMIUM]","[PREMIUM]",0,"SUV","Crystal Black Pearl","Black","Front-wheel Drive",,,"Gasoline",,,"dealership","[PREMIUM]","Charlotte","NC","[PREMIUM]",,"[]",,,"[PREMIUM]"
"91aeac63-e211-4ebd-9d45-83b272cf316b","2026-03-07 23:59:36.400","2026-03-07 23:59:36.400","91aeac63-e211-4ebd-9d45-83b272cf316b","[PREMIUM]","New",2026,"Mazda","CX-50","2.5 S Preferred Package","[PREMIUM]","[PREMIUM]",0,"SUV","soul red crystal metallic","white","All-wheel Drive",,,"Gasoline",,,"dealership","[PREMIUM]","Peoria","AZ","[PREMIUM]",,"[]",,,"[PREMIUM]"
"e7fcc9ae-559f-4e3a-b1ad-88a9d6d66940","2026-03-07 23:59:36.382","2026-03-07 23:59:36.382","e7fcc9ae-559f-4e3a-b1ad-88a9d6d66940","[PREMIUM]","New",2026,"Nissan","Rogue","Rock Creek","[PREMIUM]","[PREMIUM]",4,"SUV","Baja Storm Metallic","Charcoal","All-wheel Drive",,,"Gasoline",,,"dealership","[PREMIUM]","Columbia","TN","[PREMIUM]",,"[]",,,"[PREMIUM]"
"15953992-4a52-4d56-a821-8488089b01cd","2026-03-07 23:59:25.763","2026-03-07 23:59:25.763","15953992-4a52-4d56-a821-8488089b01cd","[PREMIUM]","New",2026,"Mazda","CX-50","2.5 S Select Package","[PREMIUM]","[PREMIUM]",0,"SUV","machine gray metallic","black","All-wheel Drive",,,"Gasoline",,,"dealership","[PREMIUM]","Miami","FL","[PREMIUM]",,"[]",,,"[PREMIUM]"
"fc12bc07-658a-4cca-859d-8b5bdbc9233c","2026-03-07 23:59:25.672","2026-03-07 23:59:25.672","fc12bc07-658a-4cca-859d-8b5bdbc9233c","[PREMIUM]","New",2026,"Honda","Accord","SE","[PREMIUM]","[PREMIUM]",2,"Sedan","Solar Silver Metallic","Black","Front-wheel Drive",,,"Gasoline",,,"dealership","[PREMIUM]","Elyria","OH","[PREMIUM]",,"[]",,,"[PREMIUM]"
"8c74bde3-e5ed-4a05-9d29-41dba55c5189","2026-03-07 23:59:25.429","2026-03-21 18:30:58.277","8c74bde3-e5ed-4a05-9d29-41dba55c5189","[PREMIUM]","New",2026,"Kia","Seltos","SX","[PREMIUM]","[PREMIUM]",5,"SUV","Snow White Pearl","Black","All-wheel Drive",,,"Gasoline",,,"dealership","[PREMIUM]","Fort Collins","CO","[PREMIUM]",,"[]",,,"[PREMIUM]"
"fac10e3c-1e28-4df5-b335-8573a91d1d6c","2026-03-07 23:59:25.426","2026-03-07 23:59:25.426","fac10e3c-1e28-4df5-b335-8573a91d1d6c","[PREMIUM]","New",2026,"GMC","Terrain","FWD Elevation","[PREMIUM]","[PREMIUM]",5,"SUV","Volcanic Red Tintcoat","After Dark","Front-wheel Drive",,,"Gasoline",,,"dealership","[PREMIUM]","Flint","MI","[PREMIUM]",,"[]",,,"[PREMIUM]"
"0f690185-229e-451e-8081-163010235b6f","2026-03-07 23:59:25.417","2026-03-07 23:59:25.417","0f690185-229e-451e-8081-163010235b6f","[PREMIUM]","New",2026,"Toyota","Corolla Cross","LE","[PREMIUM]","[PREMIUM]",0,"SUV","Jet Black","Light Gray","All-wheel Drive",,,"Gasoline",,,"dealership","[PREMIUM]","Naperville","IL","[PREMIUM]",,"[]",,,"[PREMIUM]"
"8d35c2bb-78e5-4c46-adc3-7faa32c6b7e6","2026-03-07 23:59:25.417","2026-03-15 11:21:35.239","8d35c2bb-78e5-4c46-adc3-7faa32c6b7e6","[PREMIUM]","New",2026,"Nissan","Rogue","Rock Creek","[PREMIUM]","[PREMIUM]",7,"SUV","Everest White Pearl Tricoat","Charcoal","All-wheel Drive",,,"Gasoline",,,"dealership","[PREMIUM]","Harrisonburg","VA","[PREMIUM]",,"[]",,,"[PREMIUM]"
"347f84c1-21dd-41a8-b8b2-6a65873baaa1","2026-03-07 23:59:25.403","2026-03-07 23:59:25.403","347f84c1-21dd-41a8-b8b2-6a65873baaa1","[PREMIUM]","New",2026,"Honda","HR-V","EX-L","[PREMIUM]","[PREMIUM]",7,"SUV","Nordic Forest Pearl","Blk Lth-Trmmed Seats","All-wheel Drive",,,"Gasoline",,,"dealership","[PREMIUM]","West Babylon","NY","[PREMIUM]",,"[]",,,"[PREMIUM]"
"975577f5-8093-40ed-8e3d-81660062ae79","2026-03-07 23:59:25.395","2026-03-07 23:59:25.395","975577f5-8093-40ed-8e3d-81660062ae79","[PREMIUM]","New",2026,"Honda","HR-V","AWD Sport","[PREMIUM]","[PREMIUM]",5,"SUV","Nordic Forest Pearl","Black","All-wheel Drive",,,"Gasoline",,,"dealership","[PREMIUM]","Elyria","OH","[PREMIUM]",,"[]",,,"[PREMIUM]"
"2b91e570-737e-43df-83bf-04ce4a096f9c","2026-03-07 23:59:25.388","2026-03-21 18:30:37.159","2b91e570-737e-43df-83bf-04ce4a096f9c","[PREMIUM]","New",2026,"Honda","HR-V","AWD Sport","[PREMIUM]","[PREMIUM]",0,"SUV","Crystal Black Pearl","Black","All-wheel Drive",,,"Gasoline",,,"dealership","[PREMIUM]","Elyria","OH","[PREMIUM]",,"[]",,,"[PREMIUM]"
"f4a0b299-500e-44ec-8ba8-01e2ddd7a2d2","2026-03-07 23:59:25.387","2026-03-21 18:30:58.430","f4a0b299-500e-44ec-8ba8-01e2ddd7a2d2","[PREMIUM]","New",2026,"Honda","Accord","LX 1.5T","[PREMIUM]","[PREMIUM]",2,"Sedan","Platinum White Pearl","Black","Front-wheel Drive",,,"Gasoline",,,"dealership","[PREMIUM]","Elyria","OH","[PREMIUM]",,"[]",,,"[PREMIUM]"
"adc8c9a7-98e8-4e26-842d-8e7eeca81a99","2026-03-07 23:59:25.379","2026-03-07 23:59:25.379","adc8c9a7-98e8-4e26-842d-8e7eeca81a99","[PREMIUM]","New",2026,"Kia","Sportage","EX","[PREMIUM]","[PREMIUM]",5,"SUV","Glacial White Pearl","Black","Front-wheel Drive",,,"Gasoline",,,"dealership","[PREMIUM]","Lansing","IL","[PREMIUM]",,"[]",,,"[PREMIUM]"
"dcf9052a-7a67-45b2-9c89-22a5436b2ee9","2026-03-07 23:59:25.371","2026-03-07 23:59:25.371","dcf9052a-7a67-45b2-9c89-22a5436b2ee9","[PREMIUM]","New",2026,"Honda","Accord","SE","[PREMIUM]","[PREMIUM]",0,"Sedan","Crystal Black Pearl","Black","Front-wheel Drive",,,"Gasoline",,,"dealership","[PREMIUM]","Elyria","OH","[PREMIUM]",,"[]",,,"[PREMIUM]"
"82ec0cd5-96c1-43a5-82d8-3c025bae2524","2026-03-07 23:59:25.153","2026-03-07 23:59:25.153","82ec0cd5-96c1-43a5-82d8-3c025bae2524","[PREMIUM]","New",2026,"Kia","Seltos","SX","[PREMIUM]","[PREMIUM]",0,"SUV","Gray","Black","All-wheel Drive",,,"Gasoline",,,"dealership","[PREMIUM]","Harrisonburg","VA","[PREMIUM]",,"[]",,,"[PREMIUM]"
"90b87e83-49b6-4466-b826-93bdbd9fc92e","2026-03-07 23:59:25.149","2026-03-12 11:21:34.758","90b87e83-49b6-4466-b826-93bdbd9fc92e","[PREMIUM]","New",2026,"Chevrolet","Equinox","1LT","[PREMIUM]","[PREMIUM]",0,"SUV","Mosaic Black Metallic","Black","Front-wheel Drive",,,"Gasoline",,,"dealership","[PREMIUM]","Palm Coast","FL","[PREMIUM]",,"[]",,,"[PREMIUM]"
"f9a4df21-a262-4b66-bc3c-6e445c86a432","2026-03-07 23:59:25.148","2026-03-07 23:59:25.148","f9a4df21-a262-4b66-bc3c-6e445c86a432","[PREMIUM]","New",2026,"Kia","Sportage","EX","[PREMIUM]","[PREMIUM]",3,"SUV","Ebony Black","Black","All-wheel Drive",,,"Gasoline",,,"dealership","[PREMIUM]","Lansing","IL","[PREMIUM]",,"[]",,,"[PREMIUM]"
"0d103bef-4717-4d39-a4e2-a8d06bb3c398","2026-03-07 23:59:25.139","2026-03-07 23:59:25.139","0d103bef-4717-4d39-a4e2-a8d06bb3c398","[PREMIUM]","New",2026,"Kia","K4","GT-Line Turbo","[PREMIUM]","[PREMIUM]",0,"Hatchback","Interstellar Gray","Black","Front-wheel Drive",,,"Gasoline",,,"dealership","[PREMIUM]","Harrisonburg","VA","[PREMIUM]",,"[]",,,"[PREMIUM]"
"66b6c9f7-dcf4-4d99-b9a6-b67619a5c204","2026-03-07 23:59:25.121","2026-03-07 23:59:25.121","66b6c9f7-dcf4-4d99-b9a6-b67619a5c204","[PREMIUM]","New",2026,"Chevrolet","Equinox","1LT","[PREMIUM]","[PREMIUM]",0,"SUV","Lakeshore Blue Metallic","Artemis Gray","Front-wheel Drive",,,"Gasoline",,,"dealership","[PREMIUM]","Palm Coast","FL","[PREMIUM]",,"[]",,,"[PREMIUM]"
"2286f723-c44a-4fdb-9811-7432ac56abf2","2026-03-07 23:59:25.111","2026-03-07 23:59:25.111","2286f723-c44a-4fdb-9811-7432ac56abf2","[PREMIUM]","New",2026,"Chevrolet","Equinox","1LT","[PREMIUM]","[PREMIUM]",0,"SUV","Mosaic Black Metallic","Black","Front-wheel Drive",,,"Gasoline",,,"dealership","[PREMIUM]","Palm Coast","FL","[PREMIUM]",,"[]",,,"[PREMIUM]"
"9d52a7ad-f16a-4ce9-bf4c-5b9eccb467a4","2026-03-07 23:59:25.103","2026-03-21 18:30:16.339","9d52a7ad-f16a-4ce9-bf4c-5b9eccb467a4","[PREMIUM]","New",2026,"Chevrolet","Equinox","FWD RS","[PREMIUM]","[PREMIUM]",4,"SUV","Lakeshore Blue Metallic","Black w/Red Accents","Front-wheel Drive",,,"Gasoline",,,"dealership","[PREMIUM]","Oak Lawn","IL","[PREMIUM]",,"[]",,,"[PREMIUM]"
"a8fd935b-263a-4712-a16a-2933b6d485d5","2026-03-07 23:59:25.103","2026-03-07 23:59:25.103","a8fd935b-263a-4712-a16a-2933b6d485d5","[PREMIUM]","New",2026,"Volkswagen","Tiguan","2.0T S 4MOTION","[PREMIUM]","[PREMIUM]",0,"SUV","Silver Metallic","grigio and black","All-wheel Drive",,,"Gasoline",,,"dealership","[PREMIUM]","Bedford","OH","[PREMIUM]",,"[]",,,"[PREMIUM]"
"5f05e109-afa7-49db-aecf-21713f493e0e","2026-03-07 23:59:25.099","2026-03-18 18:30:41.869","5f05e109-afa7-49db-aecf-21713f493e0e","[PREMIUM]","New",2026,"Chevrolet","Equinox","1LT","[PREMIUM]","[PREMIUM]",0,"SUV","Radiant Red Tintcoat","Black","Front-wheel Drive",,,"Gasoline",,,"dealership","[PREMIUM]","Palm Coast","FL","[PREMIUM]",,"[]",,,"[PREMIUM]"
"7c958b09-8ccc-46f8-8caa-3c24059ca57c","2026-03-07 23:59:25.099","2026-03-07 23:59:25.099","7c958b09-8ccc-46f8-8caa-3c24059ca57c","[PREMIUM]","New",2026,"Chevrolet","Equinox","1LT","[PREMIUM]","[PREMIUM]",0,"SUV","Sterling Gray Metallic","Black","Front-wheel Drive",,,"Gasoline",,,"dealership","[PREMIUM]","Palm Coast","FL","[PREMIUM]",,"[]",,,"[PREMIUM]"
"54c4d9bc-d2cc-4870-837e-e376433ffa18","2026-03-07 23:59:25.097","2026-03-07 23:59:25.097","54c4d9bc-d2cc-4870-837e-e376433ffa18","[PREMIUM]","New",2026,"Chevrolet","Equinox","1LT","[PREMIUM]","[PREMIUM]",0,"SUV","Mosaic Black Metallic","Black","Front-wheel Drive",,,"Gasoline",,,"dealership","[PREMIUM]","Palm Coast","FL","[PREMIUM]",,"[]",,,"[PREMIUM]"
"ee6972b6-43d3-4d82-a9f4-56d63a7041bd","2026-03-07 23:59:25.097","2026-03-07 23:59:25.097","ee6972b6-43d3-4d82-a9f4-56d63a7041bd","[PREMIUM]","New",2026,"Buick","Encore GX","Preferred","[PREMIUM]","[PREMIUM]",3,"SUV",,,"All-wheel Drive",,,"Gasoline",,,"dealership","[PREMIUM]","Fort Myers","FL","[PREMIUM]",,"[]",,,"[PREMIUM]"
"5b562b23-f795-4dfb-b4d8-64f5256a56c0","2026-03-07 23:59:25.095","2026-03-07 23:59:25.095","5b562b23-f795-4dfb-b4d8-64f5256a56c0","[PREMIUM]","New",2026,"Chevrolet","Colorado","WT","[PREMIUM]","[PREMIUM]",0,"Truck","Sterling Gray Metallic","H1t Jet Black","Rear-wheel Drive",,,"Gasoline",,,"dealership","[PREMIUM]","Daytona Beach","FL","[PREMIUM]",,"[]",,,"[PREMIUM]"
"b408b455-7202-48b7-9146-69b9ff2c06fd","2026-03-07 23:59:25.065","2026-03-07 23:59:25.065","b408b455-7202-48b7-9146-69b9ff2c06fd","[PREMIUM]","New",2026,"Volkswagen","Tiguan","2.0T S 4MOTION","[PREMIUM]","[PREMIUM]",5,"SUV","platinum gray metallic","grigio and black","All-wheel Drive",,,"Gasoline",,,"dealership","[PREMIUM]","Denver","CO","[PREMIUM]",,"[]",,,"[PREMIUM]"
"a1b081ff-e3b2-4284-8c8f-b30b3cb84b13","2026-03-07 23:59:25.058","2026-03-07 23:59:25.058","a1b081ff-e3b2-4284-8c8f-b30b3cb84b13","[PREMIUM]","New",2026,"Toyota","Prius","LE","[PREMIUM]","[PREMIUM]",1,"Hatchback","Cutting Edge","Gradient Black","Front-wheel Drive",,,"Gasoline",,,"dealership","[PREMIUM]","Johnson City","TN","[PREMIUM]",,"[]",,,"[PREMIUM]"
"39c3cd3f-ee62-4016-9c21-08c1b740258d","2026-03-07 23:59:25.037","2026-03-07 23:59:25.037","39c3cd3f-ee62-4016-9c21-08c1b740258d","[PREMIUM]","New",2026,"Kia","Sportage","EX","[PREMIUM]","[PREMIUM]",0,"SUV","Panthera Metal Gray","Black","Front-wheel Drive",,,"Gasoline",,,"dealership","[PREMIUM]","North Olmsted","OH","[PREMIUM]",,"[]",,,"[PREMIUM]"
"f0a91657-3034-4db9-a1c7-bbf8995b9dda","2026-03-07 23:59:25.034","2026-03-07 23:59:25.034","f0a91657-3034-4db9-a1c7-bbf8995b9dda","[PREMIUM]","New",2026,"Chevrolet","Equinox","1LT","[PREMIUM]","[PREMIUM]",0,"SUV","Sterling Gray Metallic","Artemis Gray","Front-wheel Drive",,,"Gasoline",,,"dealership","[PREMIUM]","Palm Coast","FL","[PREMIUM]",,"[]",,,"[PREMIUM]"
"7089e966-16d9-42de-8f6e-7210f91b15f5","2026-03-07 23:59:25.030","2026-03-12 11:21:30.675","7089e966-16d9-42de-8f6e-7210f91b15f5","[PREMIUM]","New",2026,"GMC","Terrain","AWD Elevation","[PREMIUM]","[PREMIUM]",5,"SUV","Ebony Twilight Metallic","After Dark","All-wheel Drive",,,"Gasoline",,,"dealership","[PREMIUM]","Flint","MI","[PREMIUM]",,"[]",,,"[PREMIUM]"
"608c0fde-84bd-41b5-857b-aa8efabd535e","2026-03-07 23:59:25.019","2026-03-07 23:59:25.019","608c0fde-84bd-41b5-857b-aa8efabd535e","[PREMIUM]","New",2026,"Kia","Sportage","EX","[PREMIUM]","[PREMIUM]",0,"SUV","Wolf Gray","Black","Front-wheel Drive",,,"Gasoline",,,"dealership","[PREMIUM]","North Olmsted","OH","[PREMIUM]",,"[]",,,"[PREMIUM]"
"1325dc23-4c2f-4d40-9f03-a2a625a07f49","2026-03-07 23:59:25.018","2026-03-07 23:59:25.018","1325dc23-4c2f-4d40-9f03-a2a625a07f49","[PREMIUM]","New",2026,"GMC","Terrain","FWD Elevation","[PREMIUM]","[PREMIUM]",5,"SUV","Ebony Twilight Metallic","After Dark","Front-wheel Drive",,,"Gasoline",,,"dealership","[PREMIUM]","Flint","MI","[PREMIUM]",,"[]",,,"[PREMIUM]"
"52453d0d-0b0a-4df1-9a3a-c27b8804330f","2026-03-07 23:59:25.017","2026-03-07 23:59:25.017","52453d0d-0b0a-4df1-9a3a-c27b8804330f","[PREMIUM]","New",2026,"Kia","Sportage","EX","[PREMIUM]","[PREMIUM]",0,"SUV","Ebony Black",,"All-wheel Drive",,,"Gasoline",,,"dealership","[PREMIUM]","Harrisonburg","VA","[PREMIUM]",,"[]",,,"[PREMIUM]"
"4d3fa932-4532-4c00-8ad3-f0fb7dc19b32","2026-03-07 23:59:25.014","2026-03-07 23:59:25.014","4d3fa932-4532-4c00-8ad3-f0fb7dc19b32","[PREMIUM]","New",2026,"Nissan","Rogue","Rock Creek","[PREMIUM]","[PREMIUM]",1,"SUV","Obsidian Green","Charcoal","All-wheel Drive",,,"Gasoline",,,"dealership","[PREMIUM]","Harrisonburg","VA","[PREMIUM]",,"[]",,,"[PREMIUM]"
"faed5235-5cee-4e71-936c-681f73186e68","2026-03-07 23:59:25.014","2026-03-07 23:59:25.014","faed5235-5cee-4e71-936c-681f73186e68","[PREMIUM]","New",2026,"Buick","Envista","Sport Touring FWD","[PREMIUM]","[PREMIUM]",0,"SUV","Ebony","Ebony Seats With Sant","Front-wheel Drive",,,"Gasoline",,,"dealership","[PREMIUM]","Jonesboro","AR","[PREMIUM]",,"[]",,,"[PREMIUM]"
"708c1738-47b4-4839-9592-a526407ceed7","2026-03-07 23:59:25.012","2026-03-07 23:59:25.012","708c1738-47b4-4839-9592-a526407ceed7","[PREMIUM]","New",2026,"Ford","Bronco Sport","Big Bend","[PREMIUM]","[PREMIUM]",0,"SUV","Shadow","Med Lt Smoked Truffle Clt","Four-wheel Drive",,,"Gasoline",,,"dealership","[PREMIUM]","Fort Myers","FL","[PREMIUM]",,"[]",,,"[PREMIUM]"
"2cdbdbd7-f8a6-48a8-b50b-dcc0437d99f3","2026-03-07 23:59:25.004","2026-03-07 23:59:25.004","2cdbdbd7-f8a6-48a8-b50b-dcc0437d99f3","[PREMIUM]","New",2026,"Toyota","Corolla Cross","LE","[PREMIUM]","[PREMIUM]",5,"SUV","Wind Chill Pearl","Black","Front-wheel Drive",,,"Gasoline",,,"dealership","[PREMIUM]","El Monte","CA","[PREMIUM]",,"[]",,,"[PREMIUM]"
"a381227c-e97b-479a-a423-de336ae5e46c","2026-03-07 23:59:25.001","2026-03-07 23:59:25.001","a381227c-e97b-479a-a423-de336ae5e46c","[PREMIUM]","New",2026,"Honda","HR-V","EX-L","[PREMIUM]","[PREMIUM]",0,"SUV","Platinum White Pearl","Bk/Black","All-wheel Drive",,,"Gasoline",,,"dealership","[PREMIUM]","Elyria","OH","[PREMIUM]",,"[]",,,"[PREMIUM]"
"35067397-10b9-473a-ac5d-aadbc80ed1ce","2026-03-07 23:59:24.999","2026-03-07 23:59:24.999","35067397-10b9-473a-ac5d-aadbc80ed1ce","[PREMIUM]","New",2026,"Hyundai","SONATA","N Line","[PREMIUM]","[PREMIUM]",99,"Sedan","Serenity White","Dark Gray","Front-wheel Drive",,,"Gasoline",,,"dealership","[PREMIUM]","Venice","FL","[PREMIUM]",,"[]",,,"[PREMIUM]"
"46b01a1e-c3bd-408e-86b9-7c420abbe036","2026-03-07 23:59:24.998","2026-03-21 18:30:58.189","46b01a1e-c3bd-408e-86b9-7c420abbe036","[PREMIUM]","New",2026,"Toyota","Corolla Cross","LE","[PREMIUM]","[PREMIUM]",7,"SUV","Cypress","Black","Front-wheel Drive",,,"Gasoline",,,"dealership","[PREMIUM]","El Monte","CA","[PREMIUM]",,"[]",,,"[PREMIUM]"
"3f089b53-4f05-44ce-a43b-6ea37f90ea7d","2026-03-07 23:59:24.995","2026-03-07 23:59:24.995","3f089b53-4f05-44ce-a43b-6ea37f90ea7d","[PREMIUM]","New",2026,"Buick","Envista","Avenir FWD","[PREMIUM]","[PREMIUM]",0,"SUV","Moonstone","Peb Gry Seats With Ebony","Front-wheel Drive",,,"Gasoline",,,"dealership","[PREMIUM]","Jonesboro","AR","[PREMIUM]",,"[]",,,"[PREMIUM]"
"f34e9e08-8c0e-4e7b-8460-44886bd2243b","2026-03-07 23:59:24.991","2026-03-07 23:59:24.991","f34e9e08-8c0e-4e7b-8460-44886bd2243b","[PREMIUM]","New",2026,"Volkswagen","Tiguan","2.0T S 4MOTION","[PREMIUM]","[PREMIUM]",0,"SUV","platinum gray metallic","grigio and black","All-wheel Drive",,,"Gasoline",,,"dealership","[PREMIUM]","Bedford","OH","[PREMIUM]",,"[]",,,"[PREMIUM]"
"b1bf6a94-35a2-4b19-859f-187a9df39578","2026-03-07 23:59:24.988","2026-03-07 23:59:24.988","b1bf6a94-35a2-4b19-859f-187a9df39578","[PREMIUM]","New",2026,"Kia","K4","GT-Line Turbo","[PREMIUM]","[PREMIUM]",1,"Hatchback","Interstellar Gray","Black","Front-wheel Drive",,,"Gasoline",,,"dealership","[PREMIUM]","Madison","WI","[PREMIUM]",,"[]",,,"[PREMIUM]"
"f1704cb9-351b-425f-8784-824846192fd3","2026-03-07 23:59:24.988","2026-03-21 18:30:58.254","f1704cb9-351b-425f-8784-824846192fd3","[PREMIUM]","New",2026,"Buick","Encore GX","Sport Touring","[PREMIUM]","[PREMIUM]",5,"SUV","Summit White","Ebony Seats Interior With Santorini Blue Stitc","All-wheel Drive",,,"Gasoline",,,"dealership","[PREMIUM]","Flint","MI","[PREMIUM]",,"[]",,,"[PREMIUM]"
"3aa52c9f-2612-4647-85ec-928c4ab16688","2026-03-07 23:59:24.986","2026-03-07 23:59:24.986","3aa52c9f-2612-4647-85ec-928c4ab16688","[PREMIUM]","New",2026,"Toyota","Camry","LE","[PREMIUM]","[PREMIUM]",4,"Sedan","Reservoir Blue","Boulder","All-wheel Drive",,,"Gasoline",,,"dealership","[PREMIUM]","Cincinnati","OH","[PREMIUM]",,"[]",,,"[PREMIUM]"
"00359933-6a00-4f3f-89cb-a94f4c5dca05","2026-03-07 23:59:24.985","2026-03-07 23:59:24.985","00359933-6a00-4f3f-89cb-a94f4c5dca05","[PREMIUM]","New",2026,"Toyota","Camry","SE","[PREMIUM]","[PREMIUM]",4,"Sedan","Underground","Black","Front-wheel Drive",,,"Gasoline",,,"dealership","[PREMIUM]","Cincinnati","OH","[PREMIUM]",,"[]",,,"[PREMIUM]"
"ec53cdc2-4483-4a6f-bdd2-bd2ca50ad85e","2026-03-07 23:59:24.958","2026-03-07 23:59:24.958","ec53cdc2-4483-4a6f-bdd2-bd2ca50ad85e","[PREMIUM]","New",2026,"Nissan","Sentra","SL","[PREMIUM]","[PREMIUM]",5,"Sedan","Gun Met","Quilted Gray","Front-wheel Drive",,,"Gasoline",,,"dealership","[PREMIUM]","Hendersonville","NC","[PREMIUM]",,"[]",,,"[PREMIUM]"
"fd7d02a5-027f-461c-a0d2-798ffcb1efc3","2026-03-07 23:59:24.953","2026-03-07 23:59:24.953","fd7d02a5-027f-461c-a0d2-798ffcb1efc3","[PREMIUM]","New",2026,"Subaru","Outback","Premium","[PREMIUM]","[PREMIUM]",52,"SUV","Gray","Blk Startex-Trmmed","All-wheel Drive",,,"Gasoline",,,"dealership","[PREMIUM]","Manassas","VA","[PREMIUM]",,"[]",,,"[PREMIUM]"
"4b185384-dec8-48b5-937c-d767f104e563","2026-03-07 23:59:14.156","2026-03-21 18:30:58.266","4b185384-dec8-48b5-937c-d767f104e563","[PREMIUM]","New",2026,"Chevrolet","Trailblazer","RS","[PREMIUM]","[PREMIUM]",13,"SUV","Sterling Gray Metallic","Jet Black w/Red Accents","All-wheel Drive",,,"Gasoline",,,"dealership","[PREMIUM]","Franklin","TN","[PREMIUM]",,"[]",,,"[PREMIUM]"
"349efb8f-1137-4dd7-8618-b157e856796f","2026-03-07 23:59:13.623","2026-03-07 23:59:13.623","349efb8f-1137-4dd7-8618-b157e856796f","[PREMIUM]","New",2026,"Buick","Envista","Sport Touring FWD","[PREMIUM]","[PREMIUM]",0,"SUV","Moonstone","Ebony Seats With Sant","Front-wheel Drive",,,"Gasoline",,,"dealership","[PREMIUM]","Jonesboro","AR","[PREMIUM]",,"[]",,,"[PREMIUM]"
"237f0d7a-64a4-4694-9654-7ea891dbd589","2026-03-07 23:59:13.619","2026-03-07 23:59:13.619","237f0d7a-64a4-4694-9654-7ea891dbd589","[PREMIUM]","New",2026,"Buick","Envista","Avenir FWD","[PREMIUM]","[PREMIUM]",0,"SUV","Ebony","Peb Gry Seats With Ebony","Front-wheel Drive",,,"Gasoline",,,"dealership","[PREMIUM]","Jonesboro","AR","[PREMIUM]",,"[]",,,"[PREMIUM]"
"fcab5a0e-1288-40d9-af68-7d1b27db8112","2026-03-07 23:59:13.609","2026-03-07 23:59:13.609","fcab5a0e-1288-40d9-af68-7d1b27db8112","[PREMIUM]","New",2026,"Ford","Maverick","XLT","[PREMIUM]","[PREMIUM]",0,"Truck","Azure","Navy Pier/Aspen Gry Uniqu","Front-wheel Drive",,,"Gasoline",,,"dealership","[PREMIUM]","Fort Myers","FL","[PREMIUM]",,"[]",,,"[PREMIUM]"
"14082eee-c992-4055-b420-a4971ba5dae2","2026-03-07 23:59:13.592","2026-03-07 23:59:13.592","14082eee-c992-4055-b420-a4971ba5dae2","[PREMIUM]","New",2026,"Chevrolet","Colorado","WT","[PREMIUM]","[PREMIUM]",0,"Truck","Summit White","H1t Jet Black","Rear-wheel Drive",,,"Gasoline",,,"dealership","[PREMIUM]","Daytona Beach","FL","[PREMIUM]",,"[]",,,"[PREMIUM]"
"bcdfb6b7-d6ff-4884-8ab7-ccdb59eca180","2026-03-07 23:59:13.584","2026-03-07 23:59:13.584","bcdfb6b7-d6ff-4884-8ab7-ccdb59eca180","[PREMIUM]","New",2026,"Honda","CR-V","EX 2WD","[PREMIUM]","[PREMIUM]",10,"SUV","Solar Silver Metallic","Black","Front-wheel Drive",,,"Gasoline",,,"dealership","[PREMIUM]","Miami","FL","[PREMIUM]",,"[]",,,"[PREMIUM]"
"3fbf42b3-cc4b-4c61-9cc4-d4e77f084652","2026-03-07 23:59:13.569","2026-03-18 18:30:31.680","3fbf42b3-cc4b-4c61-9cc4-d4e77f084652","[PREMIUM]","New",2026,"Kia","Sportage Hybrid","EX","[PREMIUM]","[PREMIUM]",10,"SUV","Fusion Black","Black","All-wheel Drive",,,"Hybrid",,,"dealership","[PREMIUM]","Palatine","IL","[PREMIUM]",,"[]",,,"[PREMIUM]"
"7adcc84b-0cf2-4bd6-88e5-e310b9db9329","2026-03-07 23:59:13.565","2026-03-07 23:59:13.565","7adcc84b-0cf2-4bd6-88e5-e310b9db9329","[PREMIUM]","New",2026,"Honda","HR-V","EX-L","[PREMIUM]","[PREMIUM]",5,"SUV","Platinum White Pearl","Black","All-wheel Drive",,,"Gasoline",,,"dealership","[PREMIUM]","Little Rock","AR","[PREMIUM]",,"[]",,,"[PREMIUM]"
"186c5cd2-dd26-4281-bc56-08d62b6ac82d","2026-03-07 23:59:13.560","2026-03-07 23:59:13.560","186c5cd2-dd26-4281-bc56-08d62b6ac82d","[PREMIUM]","New",2026,"Chevrolet","Colorado","WT","[PREMIUM]","[PREMIUM]",0,"Truck","Summit White","H1t Jet Black","Rear-wheel Drive",,,"Gasoline",,,"dealership","[PREMIUM]","Daytona Beach","FL","[PREMIUM]",,"[]",,,"[PREMIUM]"
"6789c97b-69cd-4fe6-a57b-0055f9933eac","2026-03-07 23:59:13.537","2026-03-07 23:59:13.537","6789c97b-69cd-4fe6-a57b-0055f9933eac","[PREMIUM]","New",2026,"Toyota","Camry","XLE","[PREMIUM]","[PREMIUM]",0,"Sedan","Midnight Black Metallic","Black","Front-wheel Drive",,,"Gasoline",,,"dealership","[PREMIUM]","Scottsdale","AZ","[PREMIUM]",,"[]",,,"[PREMIUM]"
"6b5b4e9b-b39b-40f7-a6a3-ca35b91c6a98","2026-03-07 23:59:13.516","2026-03-07 23:59:13.516","6b5b4e9b-b39b-40f7-a6a3-ca35b91c6a98","[PREMIUM]","New",2026,"Honda","CR-V","EX 2WD","[PREMIUM]","[PREMIUM]",10,"SUV","Platinum White Pearl","Black","Front-wheel Drive",,,"Gasoline",,,"dealership","[PREMIUM]","Miami","FL","[PREMIUM]",,"[]",,,"[PREMIUM]"
"0ff5a035-c036-4ca4-875e-2b33adb2ae1d","2026-03-07 23:59:13.510","2026-03-07 23:59:13.510","0ff5a035-c036-4ca4-875e-2b33adb2ae1d","[PREMIUM]","New",2026,"Honda","Accord","SE","[PREMIUM]","[PREMIUM]",10,"Sedan","Platinum White Pearl","Black","Front-wheel Drive",,,"Gasoline",,,"dealership","[PREMIUM]","Miami","FL","[PREMIUM]",,"[]",,,"[PREMIUM]"
"3afd804e-d08e-41ae-9c1e-5fdc904644e4","2026-03-07 23:59:13.471","2026-03-07 23:59:13.471","3afd804e-d08e-41ae-9c1e-5fdc904644e4","[PREMIUM]","New",2026,"Ford","Maverick","XLT","[PREMIUM]","[PREMIUM]",10,"Truck","ORANGE FURY METALLIC TRI-COAT","NAVY PIER - ASPEN GRAY","All-wheel Drive",,,"Gasoline",,,"dealership","[PREMIUM]","Highland","IN","[PREMIUM]",,"[]",,,"[PREMIUM]"
"da144c3c-b3d3-4b32-bc2f-1535e0755542","2026-03-07 23:59:13.470","2026-03-07 23:59:13.470","da144c3c-b3d3-4b32-bc2f-1535e0755542","[PREMIUM]","New",2026,"Nissan","Rogue","SV","[PREMIUM]","[PREMIUM]",424,"SUV","Everest White Pearl Tricoat","Charcoal","All-wheel Drive",,,"Gasoline",,,"dealership","[PREMIUM]","Bentonville","AR","[PREMIUM]",,"[]",,,"[PREMIUM]"
"b38d039a-f52c-47f5-a117-b32ae09fcad6","2026-03-07 23:59:13.465","2026-03-07 23:59:13.465","b38d039a-f52c-47f5-a117-b32ae09fcad6","[PREMIUM]","New",2026,"Chevrolet","Trailblazer","LT","[PREMIUM]","[PREMIUM]",5,"SUV","Apex Red","Jet Blk Clth","All-wheel Drive",,,"Gasoline",,,"dealership","[PREMIUM]","Austin","TX","[PREMIUM]",,"[]",,,"[PREMIUM]"
"46c687dc-3426-42d1-a542-deb09a26298f","2026-03-07 23:59:13.462","2026-03-07 23:59:13.462","46c687dc-3426-42d1-a542-deb09a26298f","[PREMIUM]","New",2026,"Kia","K4","GT-Line Turbo","[PREMIUM]","[PREMIUM]",1,"Sedan","Interstellar Gr","Blk Syntex Artificial Lth","Front-wheel Drive",,,"Gasoline",,,"dealership","[PREMIUM]","Conway","AR","[PREMIUM]",,"[]",,,"[PREMIUM]"
"b5c3406c-160a-4b81-a4bd-a2daf372fae2","2026-03-07 23:59:13.462","2026-03-07 23:59:13.462","b5c3406c-160a-4b81-a4bd-a2daf372fae2","[PREMIUM]","New",2026,"Dodge","Durango","GT RWD","[PREMIUM]","[PREMIUM]",10,"SUV","DB Black Clearcoat","Black","Rear-wheel Drive",,,"Gasoline",,,"dealership","[PREMIUM]","Phoenix","AZ","[PREMIUM]",,"[]",,,"[PREMIUM]"
"c24b6a8d-4434-4179-bea8-f56e1190b9d4","2026-03-07 23:59:13.405","2026-03-07 23:59:13.405","c24b6a8d-4434-4179-bea8-f56e1190b9d4","[PREMIUM]","New",2026,"Buick","Envista","Sport Touring FWD","[PREMIUM]","[PREMIUM]",0,"SUV","Ocean","Ebony Seats With Sant","Front-wheel Drive",,,"Gasoline",,,"dealership","[PREMIUM]","Rochester Hills","MI","[PREMIUM]",,"[]",,,"[PREMIUM]"
"cb8e8b3a-ecb9-468a-b74d-281441c2f01b","2026-03-07 23:59:13.394","2026-03-07 23:59:13.394","cb8e8b3a-ecb9-468a-b74d-281441c2f01b","[PREMIUM]","New",2026,"Subaru","Impreza","RS","[PREMIUM]","[PREMIUM]",3,"Hatchback","Magnetite Gray Metallic","Black","All-wheel Drive",,,"Gasoline",,,"dealership","[PREMIUM]","Manassas","VA","[PREMIUM]",,"[]",,,"[PREMIUM]"
"2e837f1c-1a15-4d64-ba46-a44fdbc3bc83","2026-03-07 23:59:13.382","2026-03-15 11:21:35.548","2e837f1c-1a15-4d64-ba46-a44fdbc3bc83","[PREMIUM]","New",2026,"Volkswagen","Tiguan","2.0T S","[PREMIUM]","[PREMIUM]",5,"SUV","pure white","grigio and black","Front-wheel Drive",,,"Gasoline",,,"dealership","[PREMIUM]","Sterling","VA","[PREMIUM]",,"[]",,,"[PREMIUM]"
"2ef0c451-ed79-4f63-9244-0c1fa90d467e","2026-03-07 23:59:13.379","2026-03-07 23:59:13.379","2ef0c451-ed79-4f63-9244-0c1fa90d467e","[PREMIUM]","New",2026,"Ford","Bronco Sport","Big Bend","[PREMIUM]","[PREMIUM]",10,"SUV","Space White Metallic","Medium Light Smoked Truffle","Four-wheel Drive",,,"Gasoline",,,"dealership","[PREMIUM]","Columbia","MD","[PREMIUM]",,"[]",,,"[PREMIUM]"
"381d138b-bee3-43a7-a6cf-580fbc3d13a6","2026-03-07 23:59:13.376","2026-03-07 23:59:13.376","381d138b-bee3-43a7-a6cf-580fbc3d13a6","[PREMIUM]","New",2026,"Subaru","Crosstrek","Limited","[PREMIUM]","[PREMIUM]",3,"SUV","Alpine","Gry Clth","All-wheel Drive",,,"Gasoline",,,"dealership","[PREMIUM]","Manassas","VA","[PREMIUM]",,"[]",,,"[PREMIUM]"
"ba842ebd-8a5b-472c-b516-7b0b1064f0fd","2026-03-07 23:59:13.355","2026-03-15 11:21:36.548","ba842ebd-8a5b-472c-b516-7b0b1064f0fd","[PREMIUM]","New",2026,"Honda","Accord","SE","[PREMIUM]","[PREMIUM]",12,"Sedan","Crystal Black Pearl","Black","Front-wheel Drive",,,"Gasoline",,,"dealership","[PREMIUM]","Miami","FL","[PREMIUM]",,"[]",,,"[PREMIUM]"
"1737bc40-0d44-43b0-a3da-410317768068","2026-03-07 23:59:13.353","2026-03-07 23:59:13.353","1737bc40-0d44-43b0-a3da-410317768068","[PREMIUM]","New",2026,"Volkswagen","Tiguan","2.0T S 4MOTION","[PREMIUM]","[PREMIUM]",5,"SUV","deep black pearl","grigio and black","All-wheel Drive",,,"Gasoline",,,"dealership","[PREMIUM]","Denver","CO","[PREMIUM]",,"[]",,,"[PREMIUM]"
"918b34c1-323f-4493-9f8d-fde3d89248af","2026-03-07 23:59:13.353","2026-03-07 23:59:13.353","918b34c1-323f-4493-9f8d-fde3d89248af","[PREMIUM]","New",2026,"Honda","Accord","SE","[PREMIUM]","[PREMIUM]",10,"Sedan","Crystal Black Pearl","Black","Front-wheel Drive",,,"Gasoline",,,"dealership","[PREMIUM]","Miami","FL","[PREMIUM]",,"[]",,,"[PREMIUM]"
"d95de5ed-7147-409d-b794-ccd7e0edcaea","2026-03-07 23:59:13.353","2026-03-21 18:30:58.280","d95de5ed-7147-409d-b794-ccd7e0edcaea","[PREMIUM]","New",2026,"Honda","Accord Hybrid","Sport","[PREMIUM]","[PREMIUM]",12,"Sedan","Crystal Black Pearl","Black","Front-wheel Drive",,,"Hybrid",,,"dealership","[PREMIUM]","Miami","FL","[PREMIUM]",,"[]",,,"[PREMIUM]"
"6ab0c6c0-3219-42a8-8339-155141fc062e","2026-03-07 23:59:13.352","2026-03-07 23:59:13.352","6ab0c6c0-3219-42a8-8339-155141fc062e","[PREMIUM]","New",2026,"Volkswagen","Tiguan","2.0T S 4MOTION","[PREMIUM]","[PREMIUM]",5,"SUV","pure white","grigio and black","All-wheel Drive",,,"Gasoline",,,"dealership","[PREMIUM]","Denver","CO","[PREMIUM]",,"[]",,,"[PREMIUM]"
"0dbb1485-5907-4464-bdc6-c8c95b22e1ae","2026-03-07 23:59:13.348","2026-03-07 23:59:13.348","0dbb1485-5907-4464-bdc6-c8c95b22e1ae","[PREMIUM]","New",2026,"Toyota","Corolla Cross","XLE","[PREMIUM]","[PREMIUM]",0,"SUV","Silver","Blk Synthetic Lth","All-wheel Drive",,,"Gasoline",,,"dealership","[PREMIUM]","Westborough","MA","[PREMIUM]",,"[]",,,"[PREMIUM]"
"023c7bcd-3d6b-4ddc-b053-48cfc3aff729","2026-03-07 23:59:13.346","2026-03-07 23:59:13.346","023c7bcd-3d6b-4ddc-b053-48cfc3aff729","[PREMIUM]","New",2026,"Kia","Sportage Hybrid","EX","[PREMIUM]","[PREMIUM]",1,"SUV","Gray","Blk Syntex Artificial Lth","All-wheel Drive",,,"Hybrid",,,"dealership","[PREMIUM]","Conway","AR","[PREMIUM]",,"[]",,,"[PREMIUM]"
"9c1d0b36-7e26-4ac9-87a2-069a326c1263","2026-03-07 23:59:13.346","2026-03-15 11:21:35.747","9c1d0b36-7e26-4ac9-87a2-069a326c1263","[PREMIUM]","New",2026,"Honda","Accord","SE","[PREMIUM]","[PREMIUM]",10,"Sedan","Crystal Black Pearl","Black","Front-wheel Drive",,,"Gasoline",,,"dealership","[PREMIUM]","Miami","FL","[PREMIUM]",,"[]",,,"[PREMIUM]"
"79f80c05-20dd-4844-8349-bf53fe36a7c6","2026-03-07 23:59:13.344","2026-03-15 11:21:36.244","79f80c05-20dd-4844-8349-bf53fe36a7c6","[PREMIUM]","New",2026,"Toyota","Camry","LE","[PREMIUM]","[PREMIUM]",0,"Sedan","Celestial Silver Metallic","Black","Front-wheel Drive",,,"Gasoline",,,"dealership","[PREMIUM]","Moon Twp","PA","[PREMIUM]",,"[]",,,"[PREMIUM]"
"9daa6a06-6474-45cc-85a7-7ec922603d28","2026-03-07 23:59:13.344","2026-03-15 11:21:35.732","9daa6a06-6474-45cc-85a7-7ec922603d28","[PREMIUM]","New",2026,"Toyota","Camry","LE","[PREMIUM]","[PREMIUM]",10,"Sedan","Ocean Gem","Black","All-wheel Drive",,,"Gasoline",,,"dealership","[PREMIUM]","Putnam","CT","[PREMIUM]",,"[]",,,"[PREMIUM]"
"ee392069-dd38-418a-ae7a-a9c321c0d967","2026-03-07 23:59:13.344","2026-03-07 23:59:13.344","ee392069-dd38-418a-ae7a-a9c321c0d967","[PREMIUM]","New",2026,"Ford","Maverick","XLT","[PREMIUM]","[PREMIUM]",3,"Truck","Shadow","Navy Pier/Aspen Gry Uniqu","All-wheel Drive",,,"Gasoline",,,"dealership","[PREMIUM]","Apple Valley","MN","[PREMIUM]",,"[]",,,"[PREMIUM]"
"6de8c1c1-4d46-40b6-ad17-58311b3f1326","2026-03-07 23:59:13.343","2026-03-07 23:59:13.343","6de8c1c1-4d46-40b6-ad17-58311b3f1326","[PREMIUM]","New",2026,"Kia","K5","GT-Line AWD","[PREMIUM]","[PREMIUM]",1,"Sedan","Aurora Black Pearl","Black","All-wheel Drive",,,"Gasoline",,,"dealership","[PREMIUM]","Streetsboro","OH","[PREMIUM]",,"[]",,,"[PREMIUM]"
"7d05330b-5f50-4a2d-bce8-90bc1a25b808","2026-03-07 23:59:13.343","2026-03-07 23:59:13.343","7d05330b-5f50-4a2d-bce8-90bc1a25b808","[PREMIUM]","New",2026,"Chevrolet","Colorado","WT","[PREMIUM]","[PREMIUM]",5,"Truck","Radiant Red Tintcoat","Jet Black","Rear-wheel Drive",,,"Gasoline",,,"dealership","[PREMIUM]","Venice","FL","[PREMIUM]",,"[]",,,"[PREMIUM]"
"f13ad2c3-9f0d-4c82-9d71-4bc93bb34aa3","2026-03-07 23:59:13.341","2026-03-07 23:59:13.341","f13ad2c3-9f0d-4c82-9d71-4bc93bb34aa3","[PREMIUM]","New",2026,"Chevrolet","Equinox","1LT","[PREMIUM]","[PREMIUM]",6,"SUV","Mosaic Black Metallic","Black","All-wheel Drive",,,"Gasoline",,,"dealership","[PREMIUM]","Cold Spring","MN","[PREMIUM]",,"[]",,,"[PREMIUM]"
"cfc0cd60-440e-427f-a6cb-0cc4f198b291","2026-03-07 23:59:13.340","2026-03-07 23:59:13.340","cfc0cd60-440e-427f-a6cb-0cc4f198b291","[PREMIUM]","New",2026,"Honda","CR-V","LX 2WD","[PREMIUM]","[PREMIUM]",10,"SUV","Meteorite Gray Metallic","Black","Front-wheel Drive",,,"Gasoline",,,"dealership","[PREMIUM]","Miami","FL","[PREMIUM]",,"[]",,,"[PREMIUM]"
"cff7a54a-3c6e-4e50-91e8-9a97e484b2d4","2026-03-07 23:59:13.338","2026-03-15 11:21:35.549","cff7a54a-3c6e-4e50-91e8-9a97e484b2d4","[PREMIUM]","New",2026,"Honda","Accord","SE","[PREMIUM]","[PREMIUM]",12,"Sedan","Crystal Black Pearl","Black","Front-wheel Drive",,,"Gasoline",,,"dealership","[PREMIUM]","Miami","FL","[PREMIUM]",,"[]",,,"[PREMIUM]"
"10ae24d7-b2e2-4e71-8887-f0c06f85d116","2026-03-07 23:59:13.332","2026-03-15 11:21:34.544","10ae24d7-b2e2-4e71-8887-f0c06f85d116","[PREMIUM]","New",2026,"Volkswagen","Tiguan","2.0T S 4MOTION","[PREMIUM]","[PREMIUM]",5,"SUV","platinum gray metallic","grigio and black","All-wheel Drive",,,"Gasoline",,,"dealership","[PREMIUM]","Denver","CO","[PREMIUM]",,"[]",,,"[PREMIUM]"
"35cf1967-2cf1-47ac-9073-ac6ba94fcdcb","2026-03-07 23:59:13.316","2026-03-07 23:59:13.316","35cf1967-2cf1-47ac-9073-ac6ba94fcdcb","[PREMIUM]","New",2026,"Honda","CR-V","LX 2WD","[PREMIUM]","[PREMIUM]",10,"SUV","Solar Silver Metallic","Black","Front-wheel Drive",,,"Gasoline",,,"dealership","[PREMIUM]","Miami","FL","[PREMIUM]",,"[]",,,"[PREMIUM]"
"b8b1952d-bf42-4165-8460-ec5d974af12e","2026-03-07 23:59:13.289","2026-03-07 23:59:13.289","b8b1952d-bf42-4165-8460-ec5d974af12e","[PREMIUM]","New",2026,"Toyota","Corolla Cross","LE","[PREMIUM]","[PREMIUM]",0,"SUV","Sonic Silver","Blk Fabric","Front-wheel Drive",,,"Gasoline",,,"dealership","[PREMIUM]","Chattanooga","TN","[PREMIUM]",,"[]",,,"[PREMIUM]"
"00c18731-743e-42ba-a1b3-b28d19ff5ffd","2026-03-07 23:59:13.265","2026-03-07 23:59:13.265","00c18731-743e-42ba-a1b3-b28d19ff5ffd","[PREMIUM]","New",2026,"Hyundai","SANTA CRUZ","SE","[PREMIUM]","[PREMIUM]",250,"Truck","Blue Stone","Medium Gray","Front-wheel Drive",,,"Gasoline",,,"dealership","[PREMIUM]","Wichita","KS","[PREMIUM]",,"[]",,,"[PREMIUM]"
"225cb9cf-82d5-4d40-a249-532f96714c41","2026-03-07 23:59:13.261","2026-03-15 11:21:35.643","225cb9cf-82d5-4d40-a249-532f96714c41","[PREMIUM]","New",2026,"Dodge","Durango","GT RWD","[PREMIUM]","[PREMIUM]",10,"SUV","White Knuckle Clearcoat","Black","Rear-wheel Drive",,,"Gasoline",,,"dealership","[PREMIUM]","Phoenix","AZ","[PREMIUM]",,"[]",,,"[PREMIUM]"
"94dabe70-ae00-44a9-915b-b6b0dd43db5e","2026-03-07 23:59:13.247","2026-03-18 18:30:31.221","94dabe70-ae00-44a9-915b-b6b0dd43db5e","[PREMIUM]","New",2026,"Chevrolet","Trailblazer","RS","[PREMIUM]","[PREMIUM]",16,"SUV","Mosaic Black Metallic","Jet Black w/Red Accents","Front-wheel Drive",,,"Gasoline",,,"dealership","[PREMIUM]","Franklin","TN","[PREMIUM]",,"[]",,,"[PREMIUM]"
"2b3c92c6-39b4-4ef2-877d-a705b26786ed","2026-03-07 23:59:13.232","2026-03-07 23:59:13.232","2b3c92c6-39b4-4ef2-877d-a705b26786ed","[PREMIUM]","New",2026,"Kia","K5","GT-Line","[PREMIUM]","[PREMIUM]",1,"Sedan","Gray","Blk Syntex Artificial Lth",,,,"Gasoline",,,"dealership","[PREMIUM]","Conway","AR","[PREMIUM]",,"[]",,,"[PREMIUM]"
"44cc1aab-83b4-46ba-bb98-22b0a7a169c0","2026-03-07 23:59:13.231","2026-03-07 23:59:13.231","44cc1aab-83b4-46ba-bb98-22b0a7a169c0","[PREMIUM]","New",2026,"Kia","K5","GT-Line","[PREMIUM]","[PREMIUM]",1,"Sedan","Aurora Blue","Blk Syntex Artificial Lth",,,,"Gasoline",,,"dealership","[PREMIUM]","Conway","AR","[PREMIUM]",,"[]",,,"[PREMIUM]"
"624d76ae-f568-482a-af5b-66ccabff4052","2026-03-07 23:59:13.222","2026-03-07 23:59:13.222","624d76ae-f568-482a-af5b-66ccabff4052","[PREMIUM]","New",2026,"Kia","Sportage","SX Turbo","[PREMIUM]","[PREMIUM]",2,"SUV","Snow White Pearl","Black","All-wheel Drive",,,"Hybrid",,,"dealership","[PREMIUM]","Madison","WI","[PREMIUM]",,"[]",,,"[PREMIUM]"
"553d9765-6ca3-46ea-8b23-89d76bf1bb53","2026-03-07 23:59:01.551","2026-03-07 23:59:01.551","553d9765-6ca3-46ea-8b23-89d76bf1bb53","[PREMIUM]","New",2026,"Toyota","Corolla Cross","XLE","[PREMIUM]","[PREMIUM]",7,"SUV","Wind Chill Pearl","Black","Front-wheel Drive",,,"Gasoline",,,"dealership","[PREMIUM]","Las Vegas","NV","[PREMIUM]",,"[]",,,"[PREMIUM]"
"23fd73bb-5f1e-42f7-8db9-0ecbc0445aa6","2026-03-07 23:59:01.507","2026-03-21 18:30:37.168","23fd73bb-5f1e-42f7-8db9-0ecbc0445aa6","[PREMIUM]","New",2026,"Buick","Envista","Sport Touring FWD","[PREMIUM]","[PREMIUM]",1,"SUV","Moonstone Gray Metallic","Ebony w/Santorini Blue Stitching","Front-wheel Drive",,,"Gasoline",,,"dealership","[PREMIUM]","Elmhurst","IL","[PREMIUM]",,"[]",,,"[PREMIUM]"
"cf13ed95-3de6-4bb8-98e4-054b79603145","2026-03-07 23:59:01.483","2026-03-15 11:21:35.945","cf13ed95-3de6-4bb8-98e4-054b79603145","[PREMIUM]","New",2026,"Kia","Sportage Hybrid","EX","[PREMIUM]","[PREMIUM]",11,"SUV","Wolf Gray","Black","All-wheel Drive",,,"Hybrid",,,"dealership","[PREMIUM]","Freehold","NJ","[PREMIUM]",,"[]",,,"[PREMIUM]"
"58eb1302-e8f2-4e45-b14d-08e4390eaa44","2026-03-07 23:59:01.474","2026-03-21 18:30:58.274","58eb1302-e8f2-4e45-b14d-08e4390eaa44","[PREMIUM]","New",2026,"Honda","CR-V","LX AWD","[PREMIUM]","[PREMIUM]",0,"SUV","Solar Silver","Black","All-wheel Drive",,,"Gasoline",,,"dealership","[PREMIUM]","Syracuse","NY","[PREMIUM]",,"[]",,,"[PREMIUM]"
"3a20190d-aa8f-4aaf-bcfb-12f7b4d2604d","2026-03-07 23:59:01.460","2026-03-07 23:59:01.460","3a20190d-aa8f-4aaf-bcfb-12f7b4d2604d","[PREMIUM]","New",2026,"Kia","Niro","EX","[PREMIUM]","[PREMIUM]",14,"SUV","Aurora Black Pearl",,"Front-wheel Drive",,,"Gasoline",,,"dealership","[PREMIUM]","Freehold","NJ","[PREMIUM]",,"[]",,,"[PREMIUM]"
"f3f7c005-3555-4f3b-bddf-781670d3cc55","2026-03-07 23:59:01.439","2026-03-07 23:59:01.439","f3f7c005-3555-4f3b-bddf-781670d3cc55","[PREMIUM]","New",2026,"Buick","Encore GX","Sport Touring","[PREMIUM]","[PREMIUM]",0,"SUV","Moonstone Gray Metallic","Ebony w/Santorini Blue Stitching","All-wheel Drive",,,"Gasoline",,,"dealership","[PREMIUM]","Dubuque","IA","[PREMIUM]",,"[]",,,"[PREMIUM]"
"4a1acc06-b79e-4201-9376-06217ab47e98","2026-03-07 23:59:01.430","2026-03-12 11:21:07.738","4a1acc06-b79e-4201-9376-06217ab47e98","[PREMIUM]","New",2026,"Jeep","Compass","Limited","[PREMIUM]","[PREMIUM]",920,"SUV","Red Hot Pearlcoat","Black","Four-wheel Drive",,,"Gasoline",,,"dealership","[PREMIUM]","Ravenna","OH","[PREMIUM]",,"[]",,,"[PREMIUM]"
"93cee7ea-4ac8-491f-994e-f3c6d2aeca5d","2026-03-07 23:59:01.406","2026-03-21 18:30:16.365","93cee7ea-4ac8-491f-994e-f3c6d2aeca5d","[PREMIUM]","New",2026,"Kia","Sportage Hybrid","LX","[PREMIUM]","[PREMIUM]",12,"SUV","Fusion Black","Black","Front-wheel Drive",,,"Hybrid",,,"dealership","[PREMIUM]","Fort Walton Beach","FL","[PREMIUM]",,"[]",,,"[PREMIUM]"
"c920c7af-cc77-4345-b85b-b637e6480b9e","2026-03-07 23:59:01.347","2026-03-12 11:21:06.050","c920c7af-cc77-4345-b85b-b637e6480b9e","[PREMIUM]","New",2026,"Subaru","Forester","Premium","[PREMIUM]","[PREMIUM]",0,"SUV","Ice Silver","Black","All-wheel Drive",,,"Gasoline",,,"dealership","[PREMIUM]","Rochester","NY","[PREMIUM]",,"[]",,,"[PREMIUM]"
"b5e99a52-a620-4cf6-8fd2-46d8eff8d915","2026-03-07 23:59:01.344","2026-03-15 11:21:36.160","b5e99a52-a620-4cf6-8fd2-46d8eff8d915","[PREMIUM]","New",2026,"Ford","Maverick","XLT","[PREMIUM]","[PREMIUM]",1,"Truck","Oxford White","Navy Pier/Aspen Gray","Front-wheel Drive",,,"Gasoline",,,"dealership","[PREMIUM]","Conyers","GA","[PREMIUM]",,"[]",,,"[PREMIUM]"
"3597e7df-1bfa-4fcf-822b-a31394a2a2f8","2026-03-07 23:59:01.343","2026-03-07 23:59:01.343","3597e7df-1bfa-4fcf-822b-a31394a2a2f8","[PREMIUM]","New",2026,"Toyota","Corolla Cross","XLE","[PREMIUM]","[PREMIUM]",7,"SUV","Soul Red Crystal","Portobello","Front-wheel Drive",,,"Gasoline",,,"dealership","[PREMIUM]","Las Vegas","NV","[PREMIUM]",,"[]",,,"[PREMIUM]"
"34746dd7-1bb1-494f-b590-3021c0ffa37f","2026-03-07 23:59:01.332","2026-03-12 11:21:38.979","34746dd7-1bb1-494f-b590-3021c0ffa37f","[PREMIUM]","New",2026,"Honda","Accord","SE","[PREMIUM]","[PREMIUM]",10,"Sedan","Solar Silver Metallic","Black","Front-wheel Drive",,,"Gasoline",,,"dealership","[PREMIUM]","Miami","FL","[PREMIUM]",,"[]",,,"[PREMIUM]"
"9d2da694-1953-4517-87a4-02084596c4be","2026-03-07 23:59:01.330","2026-03-18 18:30:41.890","9d2da694-1953-4517-87a4-02084596c4be","[PREMIUM]","New",2026,"Kia","Sportage Hybrid","EX","[PREMIUM]","[PREMIUM]",12,"SUV","Wolf Gray","Black","All-wheel Drive",,,"Hybrid",,,"dealership","[PREMIUM]","Freehold","NJ","[PREMIUM]",,"[]",,,"[PREMIUM]"
"f98b17c6-a4bc-4743-a8c7-686a85ab14dc","2026-03-07 23:59:01.315","2026-03-15 11:21:36.152","f98b17c6-a4bc-4743-a8c7-686a85ab14dc","[PREMIUM]","New",2026,"Subaru","Forester","Premium","[PREMIUM]","[PREMIUM]",0,"SUV","River Rock Pearl","Black","All-wheel Drive",,,"Gasoline",,,"dealership","[PREMIUM]","Rochester","NY","[PREMIUM]",,"[]",,,"[PREMIUM]"
"ca7afaaa-c957-47e7-8363-3b1e5351035a","2026-03-07 23:59:01.314","2026-03-12 11:21:08.303","ca7afaaa-c957-47e7-8363-3b1e5351035a","[PREMIUM]","New",2026,"Mazda","CX-30","2.5 S Carbon Edition","[PREMIUM]","[PREMIUM]",2,"SUV","Polymetal Gray Metallic","Red","All-wheel Drive",,,"Gasoline",,,"dealership","[PREMIUM]","Minnetonka","MN","[PREMIUM]",,"[]",,,"[PREMIUM]"
"0cf9a926-ac9c-42d3-9476-e14c7e46c006","2026-03-07 23:59:01.309","2026-03-07 23:59:01.309","0cf9a926-ac9c-42d3-9476-e14c7e46c006","[PREMIUM]","New",2026,"Chevrolet","Silverado 1500","Custom","[PREMIUM]","[PREMIUM]",1,"Truck","Black","Jet Black","Rear-wheel Drive",,,"Gasoline",,,"dealership","[PREMIUM]","Austin","TX","[PREMIUM]",,"[]",,,"[PREMIUM]"
"6d428cfa-46a5-4cec-923a-456b92354dc5","2026-03-07 23:59:01.309","2026-03-15 11:21:35.749","6d428cfa-46a5-4cec-923a-456b92354dc5","[PREMIUM]","New",2026,"Chevrolet","Equinox","1LT","[PREMIUM]","[PREMIUM]",3,"SUV","Sterling Gray Metallic","Black","All-wheel Drive",,,"Gasoline",,,"dealership","[PREMIUM]","Kansas City","MO","[PREMIUM]",,"[]",,,"[PREMIUM]"
"fead51c8-d76b-4798-8326-ea65a26883ef","2026-03-07 23:59:01.289","2026-03-15 11:21:35.441","fead51c8-d76b-4798-8326-ea65a26883ef","[PREMIUM]","New",2026,"Kia","Sportage Hybrid","LX","[PREMIUM]","[PREMIUM]",5,"SUV","Snow White Pearl","Black","Front-wheel Drive",,,"Hybrid",,,"dealership","[PREMIUM]","Fort Walton Beach","FL","[PREMIUM]",,"[]",,,"[PREMIUM]"
"cc174bbe-32ae-40fb-8547-79125557a9ac","2026-03-07 23:59:00.949","2026-03-18 18:29:38.260","cc174bbe-32ae-40fb-8547-79125557a9ac","[PREMIUM]","New",2026,"Subaru","Crosstrek","Premium","[PREMIUM]","[PREMIUM]",1,"SUV","MAGNETITE GRAY PEARL",,"All-wheel Drive",,,"Gasoline",,,"dealership","[PREMIUM]","Skokie","IL","[PREMIUM]",,"[]",,,"[PREMIUM]"
"028655ab-b3a9-4945-82cc-ec4fb58d8df6","2026-03-07 23:59:00.898","2026-03-12 11:20:55.969","028655ab-b3a9-4945-82cc-ec4fb58d8df6","[PREMIUM]","New",2026,"Toyota","Corolla Cross","XLE","[PREMIUM]","[PREMIUM]",0,"SUV","Sonic Silver","Black SofTex","All-wheel Drive",,,"Gasoline",,,"dealership","[PREMIUM]","Hackensack","NJ","[PREMIUM]",,"[]",,,"[PREMIUM]"
"ee79d06f-6bb3-4017-99fc-456fbfd33622","2026-03-07 23:59:00.863","2026-03-21 18:30:16.319","ee79d06f-6bb3-4017-99fc-456fbfd33622","[PREMIUM]","New",2026,"Subaru","Crosstrek","Limited","[PREMIUM]","[PREMIUM]",0,"SUV","Lithium Red Pearl","Black","All-wheel Drive",,,"Gasoline",,,"dealership","[PREMIUM]","Rochester","NY","[PREMIUM]",,"[]",,,"[PREMIUM]"
"a2eb5750-4321-4eba-a90e-364e1ecfade7","2026-03-07 23:59:00.851","2026-03-15 11:21:13.648","a2eb5750-4321-4eba-a90e-364e1ecfade7","[PREMIUM]","New",2026,"Chevrolet","Trailblazer","LT","[PREMIUM]","[PREMIUM]",0,"SUV","Mosaic Black Metallic","Jet Black","Front-wheel Drive",,,"Gasoline",,,"dealership","[PREMIUM]","Decatur","AL","[PREMIUM]",,"[]",,,"[PREMIUM]"
"a9d4e724-bb6f-42a5-9c4a-37169b24fa8b","2026-03-07 23:59:00.802","2026-03-21 18:29:44.515","a9d4e724-bb6f-42a5-9c4a-37169b24fa8b","[PREMIUM]","New",2026,"Honda","Accord","SE","[PREMIUM]","[PREMIUM]",1,"Sedan","Platinum White Pearl","Gray","Front-wheel Drive",,,"Gasoline",,,"dealership","[PREMIUM]","Tampa","FL","[PREMIUM]",,"[]",,,"[PREMIUM]"
"41cc6b01-32e6-4b67-b20a-81883138ee4d","2026-03-07 23:59:00.780","2026-03-18 18:29:49.521","41cc6b01-32e6-4b67-b20a-81883138ee4d","[PREMIUM]","New",2026,"Ford","Maverick","XL","[PREMIUM]","[PREMIUM]",0,"Truck","Oxford White","Black Onyx/Dark Slate","Front-wheel Drive",,,"Gasoline",,,"dealership","[PREMIUM]","Aiea","HI","[PREMIUM]",,"[]",,,"[PREMIUM]"
"dacf5fe7-7ccf-4d24-9f18-f8fe2674c167","2026-03-07 23:59:00.775","2026-03-07 23:59:00.775","dacf5fe7-7ccf-4d24-9f18-f8fe2674c167","[PREMIUM]","New",2026,"Subaru","Crosstrek","Premium","[PREMIUM]","[PREMIUM]",0,"SUV","Sapphire Blue Pearl","Black","All-wheel Drive",,,"Gasoline",,,"dealership","[PREMIUM]","Rochester","NY","[PREMIUM]",,"[]",,,"[PREMIUM]"
"7bbd3ec5-48b0-438d-ae1e-26afff6eb0ce","2026-03-07 23:59:00.774","2026-03-15 11:21:13.449","7bbd3ec5-48b0-438d-ae1e-26afff6eb0ce","[PREMIUM]","New",2026,"Honda","Accord Hybrid","Sport","[PREMIUM]","[PREMIUM]",3,"Sedan","Solar Silver Metallic","Black","Front-wheel Drive",,,"Hybrid",,,"dealership","[PREMIUM]","Midlothian","VA","[PREMIUM]",,"[]",,,"[PREMIUM]"
"35458beb-7cf8-47f3-867c-c55581e52865","2026-03-07 23:59:00.772","2026-03-12 11:20:55.989","35458beb-7cf8-47f3-867c-c55581e52865","[PREMIUM]","New",2026,"Ford","Maverick","XLT","[PREMIUM]","[PREMIUM]",0,"Truck","Space White Metallic","Black Onyx","All-wheel Drive",,,"Gasoline",,,"dealership","[PREMIUM]","Aiea","HI","[PREMIUM]",,"[]",,,"[PREMIUM]"
"6dac1592-f7f7-4ff4-adec-dc1616fd1a73","2026-03-07 23:59:00.771","2026-03-15 11:21:13.949","6dac1592-f7f7-4ff4-adec-dc1616fd1a73","[PREMIUM]","New",2026,"Ford","Maverick","XLT","[PREMIUM]","[PREMIUM]",0,"Truck","Space White Metallic","Navy Pier/Aspen Gray","Front-wheel Drive",,,"Gasoline",,,"dealership","[PREMIUM]","Aiea","HI","[PREMIUM]",,"[]",,,"[PREMIUM]"
"83412d5d-079c-4a2f-a8a5-16ec14096ada","2026-03-07 23:59:00.764","2026-03-07 23:59:00.764","83412d5d-079c-4a2f-a8a5-16ec14096ada","[PREMIUM]","New",2026,"Hyundai","SONATA","SEL","[PREMIUM]","[PREMIUM]",1,"Sedan","Abyss Black","Gray","Front-wheel Drive",,,"Gasoline",,,"dealership","[PREMIUM]","Mentor","OH","[PREMIUM]",,"[]",,,"[PREMIUM]"
"ba29f64c-ec8d-41b2-95f1-563bdb6136af","2026-03-07 23:59:00.763","2026-03-07 23:59:00.763","ba29f64c-ec8d-41b2-95f1-563bdb6136af","[PREMIUM]","New",2026,"Ford","Maverick","XL","[PREMIUM]","[PREMIUM]",0,"Truck","Orange Fury Metallic Tri-Coat","Black Onyx/Dark Slate","Front-wheel Drive",,,"Gasoline",,,"dealership","[PREMIUM]","Aiea","HI","[PREMIUM]",,"[]",,,"[PREMIUM]"
"fa2ac402-1a7a-42b7-935b-88bdb16881b1","2026-03-07 23:59:00.761","2026-03-12 11:21:12.064","fa2ac402-1a7a-42b7-935b-88bdb16881b1","[PREMIUM]","New",2026,"Subaru","Forester","Premium","[PREMIUM]","[PREMIUM]",0,"SUV","Magnetite Gray","Black","All-wheel Drive",,,"Gasoline",,,"dealership","[PREMIUM]","Rochester","NY","[PREMIUM]",,"[]",,,"[PREMIUM]"
"20f4e628-7b4a-4898-b269-5e7b0319ed05","2026-03-07 23:59:00.758","2026-03-21 18:30:16.346","20f4e628-7b4a-4898-b269-5e7b0319ed05","[PREMIUM]","New",2026,"Subaru","Forester","Premium","[PREMIUM]","[PREMIUM]",0,"SUV","Autumn Green","Black","All-wheel Drive",,,"Gasoline",,,"dealership","[PREMIUM]","Rochester","NY","[PREMIUM]",,"[]",,,"[PREMIUM]"
"0583ac78-479d-4e40-af25-14326f7d8314","2026-03-07 23:59:00.757","2026-03-07 23:59:00.757","0583ac78-479d-4e40-af25-14326f7d8314","[PREMIUM]","New",2026,"Subaru","Forester","Premium","[PREMIUM]","[PREMIUM]",0,"SUV","Magnetite Gray","Black","All-wheel Drive",,,"Gasoline",,,"dealership","[PREMIUM]","Rochester","NY","[PREMIUM]",,"[]",,,"[PREMIUM]"
"bbf1e9ca-4de0-4439-b73f-1a9f98a5a5f9","2026-03-07 23:59:00.737","2026-03-12 11:21:06.757","bbf1e9ca-4de0-4439-b73f-1a9f98a5a5f9","[PREMIUM]","New",2026,"Chevrolet","Colorado","WT","[PREMIUM]","[PREMIUM]",3,"Truck","Sterling Gray Metallic","Jet Black","Four-wheel Drive",,,"Gasoline",,,"dealership","[PREMIUM]","Sanford","FL","[PREMIUM]",,"[]",,,"[PREMIUM]"
"d69e2495-51e7-441d-a260-968cc34a8bfa","2026-03-07 23:59:00.737","2026-03-07 23:59:00.737","d69e2495-51e7-441d-a260-968cc34a8bfa","[PREMIUM]","New",2026,"Toyota","Corolla Cross","XLE","[PREMIUM]","[PREMIUM]",0,"SUV","Cypress","Black","All-wheel Drive",,,"Gasoline",,,"dealership","[PREMIUM]","Springfield","PA","[PREMIUM]",,"[]",,,"[PREMIUM]"
"bd855a79-add8-40bc-9893-954b1e2b1aa8","2026-03-07 23:59:00.735","2026-03-21 18:29:44.430","bd855a79-add8-40bc-9893-954b1e2b1aa8","[PREMIUM]","New",2026,"Toyota","Camry","SE","[PREMIUM]","[PREMIUM]",0,"Sedan","Midnight Black Metallic","Black","Front-wheel Drive",,,"Gasoline",,,"dealership","[PREMIUM]","Daytona Beach","FL","[PREMIUM]",,"[]",,,"[PREMIUM]"
"ce449d67-e0a8-4525-befc-47529b3ce322","2026-03-07 23:59:00.735","2026-03-12 11:20:56.556","ce449d67-e0a8-4525-befc-47529b3ce322","[PREMIUM]","New",2026,"Subaru","Crosstrek","Premium","[PREMIUM]","[PREMIUM]",1,"SUV","Crystal Black Silica",,"All-wheel Drive",,,"Gasoline",,,"dealership","[PREMIUM]","Skokie","IL","[PREMIUM]",,"[]",,,"[PREMIUM]"
"7a07f251-0434-428e-94db-aa367e919711","2026-03-07 23:59:00.734","2026-03-07 23:59:00.734","7a07f251-0434-428e-94db-aa367e919711","[PREMIUM]","New",2026,"Chevrolet","Colorado","WT","[PREMIUM]","[PREMIUM]",3,"Truck","Black","Jet Black","Rear-wheel Drive",,,"Gasoline",,,"dealership","[PREMIUM]","Sanford","FL","[PREMIUM]",,"[]",,,"[PREMIUM]"
"048c61a4-5c40-4a80-8e47-29b141199eee","2026-03-07 23:59:00.729","2026-03-18 18:29:38.540","048c61a4-5c40-4a80-8e47-29b141199eee","[PREMIUM]","New",2026,"Toyota","Camry","SE","[PREMIUM]","[PREMIUM]",0,"Sedan","Midnight Black Metallic","Black","Front-wheel Drive",,,"Gasoline",,,"dealership","[PREMIUM]","Springfield","PA","[PREMIUM]",,"[]",,,"[PREMIUM]"
"ff4e2777-c218-4e3d-a686-3ce73e7af665","2026-03-07 23:59:00.728","2026-03-12 11:21:12.061","ff4e2777-c218-4e3d-a686-3ce73e7af665","[PREMIUM]","New",2026,"Chevrolet","Trailblazer","RS","[PREMIUM]","[PREMIUM]",9,"SUV","Mosaic Black Metallic","Jet Black w/Red Accents","Front-wheel Drive",,,"Gasoline",,,"dealership","[PREMIUM]","Randolph","OH","[PREMIUM]",,"[]",,,"[PREMIUM]"
"c4e0a609-ca5e-469b-8ea4-fd1683e619f9","2026-03-07 23:59:00.726","2026-03-15 11:21:14.140","c4e0a609-ca5e-469b-8ea4-fd1683e619f9","[PREMIUM]","New",2026,"Subaru","Crosstrek","Premium","[PREMIUM]","[PREMIUM]",1,"SUV","Sapphire Blue Pearl",,"All-wheel Drive",,,"Gasoline",,,"dealership","[PREMIUM]","Skokie","IL","[PREMIUM]",,"[]",,,"[PREMIUM]"
"396298fd-d3c6-42a4-8f66-80efbe404c33","2026-03-07 23:59:00.725","2026-03-12 11:21:06.093","396298fd-d3c6-42a4-8f66-80efbe404c33","[PREMIUM]","New",2026,"Subaru","Crosstrek","Premium","[PREMIUM]","[PREMIUM]",1,"SUV","Lithium Red Pearl",,"All-wheel Drive",,,"Gasoline",,,"dealership","[PREMIUM]","Skokie","IL","[PREMIUM]",,"[]",,,"[PREMIUM]"
"bc64ac4a-3574-4021-9e4c-bb513da9677c","2026-03-07 23:59:00.725","2026-03-15 11:21:13.561","bc64ac4a-3574-4021-9e4c-bb513da9677c","[PREMIUM]","New",2026,"Subaru","Forester","Premium","[PREMIUM]","[PREMIUM]",1,"SUV","River Rock Pearl",,"All-wheel Drive",,,"Gasoline",,,"dealership","[PREMIUM]","Skokie","IL","[PREMIUM]",,"[]",,,"[PREMIUM]"
"9b88784f-7544-49f6-aa49-8da2040f4f08","2026-03-07 23:59:00.722","2026-03-07 23:59:00.722","9b88784f-7544-49f6-aa49-8da2040f4f08","[PREMIUM]","New",2026,"Chevrolet","Equinox","1LT","[PREMIUM]","[PREMIUM]",2,"SUV","Sterling Gray Metallic","Black","Front-wheel Drive",,,"Gasoline",,,"dealership","[PREMIUM]","Springfield","MO","[PREMIUM]",,"[]",,,"[PREMIUM]"
"8845faad-c3a4-46ce-a1e0-e06034acb778","2026-03-07 23:59:00.721","2026-03-15 11:21:14.538","8845faad-c3a4-46ce-a1e0-e06034acb778","[PREMIUM]","New",2026,"Subaru","Crosstrek","Premium","[PREMIUM]","[PREMIUM]",1,"SUV","MAGNETITE GRAY PEARL",,"All-wheel Drive",,,"Gasoline",,,"dealership","[PREMIUM]","Skokie","IL","[PREMIUM]",,"[]",,,"[PREMIUM]"
"1c046abd-f464-49f9-8687-642fcee7e90e","2026-03-07 23:59:00.718","2026-03-21 18:30:05.553","1c046abd-f464-49f9-8687-642fcee7e90e","[PREMIUM]","New",2026,"Toyota","Camry","SE","[PREMIUM]","[PREMIUM]",0,"Sedan","Midnight Black Metallic","Boulder","Front-wheel Drive",,,"Gasoline",,,"dealership","[PREMIUM]","Springfield","PA","[PREMIUM]",,"[]",,,"[PREMIUM]"
"7166a86d-8255-4b17-b67f-bb4a0ebc3882","2026-03-07 23:59:00.718","2026-03-15 11:21:13.162","7166a86d-8255-4b17-b67f-bb4a0ebc3882","[PREMIUM]","New",2026,"Toyota","Camry","LE","[PREMIUM]","[PREMIUM]",0,"Sedan","Reservoir Blue","Boulder Fabric","Front-wheel Drive",,,"Gasoline",,,"dealership","[PREMIUM]","Hackensack","NJ","[PREMIUM]",,"[]",,,"[PREMIUM]"
"93981c49-f99a-4b31-970d-7b8b6f69e2ea","2026-03-07 23:59:00.717","2026-03-18 18:29:27.362","93981c49-f99a-4b31-970d-7b8b6f69e2ea","[PREMIUM]","New",2026,"Subaru","Crosstrek","Premium","[PREMIUM]","[PREMIUM]",1,"SUV","Alpine Green",,"All-wheel Drive",,,"Gasoline",,,"dealership","[PREMIUM]","Skokie","IL","[PREMIUM]",,"[]",,,"[PREMIUM]"
"1a762b64-7505-4a63-a084-e003bda287de","2026-03-07 23:59:00.715","2026-03-07 23:59:00.715","1a762b64-7505-4a63-a084-e003bda287de","[PREMIUM]","New",2026,"Chevrolet","Equinox","FWD ACTIV","[PREMIUM]","[PREMIUM]",2,"SUV","Sterling Gray Metallic","Maple Sugar","Front-wheel Drive",,,"Gasoline",,,"dealership","[PREMIUM]","Scottsdale","AZ","[PREMIUM]",,"[]",,,"[PREMIUM]"
"2f5ae66d-2a72-4db4-8f4e-c6a577b95b62","2026-03-07 23:59:00.714","2026-03-12 11:20:56.048","2f5ae66d-2a72-4db4-8f4e-c6a577b95b62","[PREMIUM]","New",2026,"Toyota","Camry","SE","[PREMIUM]","[PREMIUM]",0,"Sedan","Underground","Black SofTex &amp; Fabric","Front-wheel Drive",,,"Gasoline",,,"dealership","[PREMIUM]","Hackensack","NJ","[PREMIUM]",,"[]",,,"[PREMIUM]"
"4f36eb2b-381a-4532-94ff-314b34fb1292","2026-03-07 23:59:00.662","2026-03-18 18:29:38.260","4f36eb2b-381a-4532-94ff-314b34fb1292","[PREMIUM]","New",2026,"Toyota","Camry","SE","[PREMIUM]","[PREMIUM]",0,"Sedan","Ice Cap","Black SofTex &amp; Fabric","Front-wheel Drive",,,"Gasoline",,,"dealership","[PREMIUM]","Hackensack","NJ","[PREMIUM]",,"[]",,,"[PREMIUM]"
"09691faa-e9e1-4f1a-9b94-b6d7dc3b9d6f","2026-03-07 23:59:00.647","2026-03-07 23:59:00.647","09691faa-e9e1-4f1a-9b94-b6d7dc3b9d6f","[PREMIUM]","New",2026,"Chevrolet","Trailblazer","RS","[PREMIUM]","[PREMIUM]",3,"SUV","Sterling Gray Metallic","Jet Black w/Red Accents","All-wheel Drive",,,"Gasoline",,,"dealership","[PREMIUM]","Kansas City","MO","[PREMIUM]",,"[]",,,"[PREMIUM]"
"d2c76e9d-f5c5-4c65-811f-d6a0b5172d0f","2026-03-07 23:59:00.647","2026-03-12 11:20:53.759","d2c76e9d-f5c5-4c65-811f-d6a0b5172d0f","[PREMIUM]","New",2026,"Subaru","Forester","Premium","[PREMIUM]","[PREMIUM]",0,"SUV","Dark Mahogany Pearl","Black","All-wheel Drive",,,"Gasoline",,,"dealership","[PREMIUM]","Rochester","NY","[PREMIUM]",,"[]",,,"[PREMIUM]"
"08d950b9-9157-4d62-bb0e-0e6207ecedec","2026-03-07 23:59:00.646","2026-03-21 18:29:44.450","08d950b9-9157-4d62-bb0e-0e6207ecedec","[PREMIUM]","New",2026,"Subaru","Impreza","RS","[PREMIUM]","[PREMIUM]",1,"Hatchback","Magnetite Gray Metallic","Black","All-wheel Drive",,,"Gasoline",,,"dealership","[PREMIUM]","Skokie","IL","[PREMIUM]",,"[]",,,"[PREMIUM]"
"78d2d164-082e-4a8c-adf8-6a7a959953a3","2026-03-07 23:59:00.640","2026-03-07 23:59:00.640","78d2d164-082e-4a8c-adf8-6a7a959953a3","[PREMIUM]","New",2026,"Ford","Bronco Sport","Big Bend","[PREMIUM]","[PREMIUM]",0,"SUV","Oxford White","Medium Light Smoked Truffle","Four-wheel Drive",,,"Gasoline",,,"dealership","[PREMIUM]","Aiea","HI","[PREMIUM]",,"[]",,,"[PREMIUM]"
"f83a3d69-75a8-4248-9136-1851079fc697","2026-03-07 23:59:00.620","2026-03-12 11:20:54.747","f83a3d69-75a8-4248-9136-1851079fc697","[PREMIUM]","New",2026,"Subaru","Crosstrek","Premium","[PREMIUM]","[PREMIUM]",0,"SUV","Crystal White Pearl","Black","All-wheel Drive",,,"Gasoline",,,"dealership","[PREMIUM]","Rochester","NY","[PREMIUM]",,"[]",,,"[PREMIUM]"
"4b77c455-bd7d-4e84-881c-b0705bfc1da9","2026-03-07 23:59:00.594","2026-03-07 23:59:00.594","4b77c455-bd7d-4e84-881c-b0705bfc1da9","[PREMIUM]","New",2026,"Toyota","Camry","SE","[PREMIUM]","[PREMIUM]",0,"Sedan","Midnight Black Metallic","Black","Front-wheel Drive",,,"Gasoline",,,"dealership","[PREMIUM]","Daytona Beach","FL","[PREMIUM]",,"[]",,,"[PREMIUM]"
"7745e462-3382-4e75-a5f1-4f353fcdc57b","2026-03-07 23:59:00.593","2026-03-21 18:30:05.549","7745e462-3382-4e75-a5f1-4f353fcdc57b","[PREMIUM]","New",2026,"Toyota","Camry","SE","[PREMIUM]","[PREMIUM]",0,"Sedan","Underground","Black","Front-wheel Drive",,,"Gasoline",,,"dealership","[PREMIUM]","Daytona Beach","FL","[PREMIUM]",,"[]",,,"[PREMIUM]"
"49777c34-6541-432f-b3ea-b3d0cf70d51e","2026-03-07 23:58:48.754","2026-03-07 23:58:48.754","49777c34-6541-432f-b3ea-b3d0cf70d51e","[PREMIUM]","New",2026,"Toyota","Corolla Cross","LE","[PREMIUM]","[PREMIUM]",0,"SUV","Cypress","Light Gray","Front-wheel Drive",,,"Gasoline",,,"dealership","[PREMIUM]","Coconut Creek","FL","[PREMIUM]",,"[]",,,"[PREMIUM]"
"8a4686b8-15fc-43bf-a9c7-9233ff9fc4aa","2026-03-07 23:58:48.753","2026-03-12 11:20:52.737","8a4686b8-15fc-43bf-a9c7-9233ff9fc4aa","[PREMIUM]","New",2026,"Toyota","Corolla Cross","XLE","[PREMIUM]","[PREMIUM]",0,"SUV","Sonic Silver","Black SofTex","All-wheel Drive",,,"Gasoline",,,"dealership","[PREMIUM]","Hackensack","NJ","[PREMIUM]",,"[]",,,"[PREMIUM]"
"33fed2eb-e336-4ec6-accf-e60de7769bed","2026-03-07 23:58:48.714","2026-03-07 23:58:48.714","33fed2eb-e336-4ec6-accf-e60de7769bed","[PREMIUM]","New",2026,"Toyota","Camry","SE","[PREMIUM]","[PREMIUM]",0,"Sedan","Ice Cap","Black SofTex &amp; Fabric","Front-wheel Drive",,,"Gasoline",,,"dealership","[PREMIUM]","Hackensack","NJ","[PREMIUM]",,"[]",,,"[PREMIUM]"
"7eee5723-ffff-4767-8763-e446ee982b87","2026-03-07 23:58:48.701","2026-03-07 23:58:48.701","7eee5723-ffff-4767-8763-e446ee982b87","[PREMIUM]","New",2026,"Toyota","Camry","SE","[PREMIUM]","[PREMIUM]",0,"Sedan","Underground","Black SofTex &amp; Fabric","Front-wheel Drive",,,"Gasoline",,,"dealership","[PREMIUM]","Hackensack","NJ","[PREMIUM]",,"[]",,,"[PREMIUM]"
"1356a071-0b05-4e14-b7c1-1870db9d57ee","2026-03-07 23:58:48.698","2026-03-07 23:58:48.698","1356a071-0b05-4e14-b7c1-1870db9d57ee","[PREMIUM]","New",2026,"Toyota","Camry","LE","[PREMIUM]","[PREMIUM]",0,"Sedan","Midnight Black Metallic","Black Fabric","All-wheel Drive",,,"Gasoline",,,"dealership","[PREMIUM]","Hackensack","NJ","[PREMIUM]",,"[]",,,"[PREMIUM]"
"0febe449-362c-43fa-a69a-fb09b7fe4bdb","2026-03-07 23:58:48.684","2026-03-21 18:29:44.448","0febe449-362c-43fa-a69a-fb09b7fe4bdb","[PREMIUM]","New",2026,"Toyota","Tacoma","SR","[PREMIUM]","[PREMIUM]",0,"Truck","Ice Cap","Black Fabric","Rear-wheel Drive",,,"Gasoline",,,"dealership","[PREMIUM]","Hackensack","NJ","[PREMIUM]",,"[]",,,"[PREMIUM]"
"a3bc9e00-6566-4242-a929-1523487dafb8","2026-03-07 23:58:48.380","2026-03-21 18:29:33.654","a3bc9e00-6566-4242-a929-1523487dafb8","[PREMIUM]","New",2026,"Subaru","Crosstrek","Premium","[PREMIUM]","[PREMIUM]",0,"SUV","Crystal White Pearl",,"All-wheel Drive",,,"Gasoline",,,"dealership","[PREMIUM]","Jacksonville","FL","[PREMIUM]",,"[]",,,"[PREMIUM]"
"b84a738c-b933-4289-9332-d5da8517c645","2026-03-07 23:58:48.335","2026-03-07 23:58:48.335","b84a738c-b933-4289-9332-d5da8517c645","[PREMIUM]","New",2026,"Toyota","Corolla Cross","XLE","[PREMIUM]","[PREMIUM]",1,"SUV","Jet Black","Black","Front-wheel Drive",,,"Gasoline",,,"dealership","[PREMIUM]","Raleigh","NC","[PREMIUM]",,"[]",,,"[PREMIUM]"
"f47e1e0e-4297-4617-a4d8-e5dbc9225ffa","2026-03-07 23:58:48.236","2026-03-12 11:20:55.977","f47e1e0e-4297-4617-a4d8-e5dbc9225ffa","[PREMIUM]","New",2026,"Honda","Civic Hybrid","Sport","[PREMIUM]","[PREMIUM]",1,"Sedan","Crystal Black Pearl","Black","Front-wheel Drive",,,"Hybrid",,,"dealership","[PREMIUM]","Orange City","FL","[PREMIUM]",,"[]",,,"[PREMIUM]"
"70f4b99b-c029-49dc-ad13-39527995599f","2026-03-07 23:58:48.222","2026-03-07 23:58:48.222","70f4b99b-c029-49dc-ad13-39527995599f","[PREMIUM]","New",2026,"Honda","Civic Si","Base","[PREMIUM]","[PREMIUM]",1,"Sedan","Crystal Black Pearl","Black/Red","Front-wheel Drive",,,"Gasoline",,,"dealership","[PREMIUM]","Orange City","FL","[PREMIUM]",,"[]",,,"[PREMIUM]"
"0fe984e9-5f38-4b2d-8cf3-0ca28363e38f","2026-03-07 23:58:48.218","2026-03-21 18:29:44.422","0fe984e9-5f38-4b2d-8cf3-0ca28363e38f","[PREMIUM]","New",2026,"Hyundai","TUCSON","SEL","[PREMIUM]","[PREMIUM]",8,"SUV","Shimmering Silver","Gray","Front-wheel Drive",,,"Gasoline",,,"dealership","[PREMIUM]","Tempe","AZ","[PREMIUM]",,"[]",,,"[PREMIUM]"
"d2cd4c90-cf9e-4c59-903f-41257a455bfe","2026-03-07 23:58:48.211","2026-03-07 23:58:48.211","d2cd4c90-cf9e-4c59-903f-41257a455bfe","[PREMIUM]","New",2026,"Honda","Accord","SE","[PREMIUM]","[PREMIUM]",6,"Sedan","Platinum White Pearl","Gray","Front-wheel Drive",,,"Gasoline",,,"dealership","[PREMIUM]","Clive","IA","[PREMIUM]",,"[]",,,"[PREMIUM]"
"53138eb5-1cdc-4e57-8843-32ad7e678525","2026-03-07 23:58:48.186","2026-03-15 11:20:51.831","53138eb5-1cdc-4e57-8843-32ad7e678525","[PREMIUM]","New",2026,"Honda","HR-V","EX-L","[PREMIUM]","[PREMIUM]",5,"SUV","Crystal Black Pearl","Blk Lth &amp;Clth","All-wheel Drive",,,"Gasoline",,,"dealership","[PREMIUM]","Joliet","IL","[PREMIUM]",,"[]",,,"[PREMIUM]"
"56586ce4-26f8-4bd7-912d-8025c572088b","2026-03-07 23:58:48.183","2026-03-12 11:20:41.853","56586ce4-26f8-4bd7-912d-8025c572088b","[PREMIUM]","New",2026,"Ford","Bronco Sport","Big Bend","[PREMIUM]","[PREMIUM]",0,"SUV","Oxford White","W Easy Clean Material Smoked Truffle","Four-wheel Drive",,,"Gasoline",,,"dealership","[PREMIUM]","Opelika","AL","[PREMIUM]",,"[]",,,"[PREMIUM]"
"14e78873-b5ef-4bee-8d43-2679384063da","2026-03-07 23:58:48.179","2026-03-07 23:58:48.179","14e78873-b5ef-4bee-8d43-2679384063da","[PREMIUM]","New",2026,"Volkswagen","Tiguan","2.0T S","[PREMIUM]","[PREMIUM]",0,"SUV","pure white","grigio and black","Front-wheel Drive",,,"Gasoline",,,"dealership","[PREMIUM]","Frisco","TX","[PREMIUM]",,"[]",,,"[PREMIUM]"
"d85f7dfe-26be-4b0e-8c77-3f60329d9347","2026-03-07 23:58:48.178","2026-03-07 23:58:48.178","d85f7dfe-26be-4b0e-8c77-3f60329d9347","[PREMIUM]","New",2026,"Honda","Civic Si","Base","[PREMIUM]","[PREMIUM]",5,"Sedan","Crystal Black Pearl","Black/Red","Front-wheel Drive",,,"Gasoline",,,"dealership","[PREMIUM]","Joliet","IL","[PREMIUM]",,"[]",,,"[PREMIUM]"
"a60a9799-428f-4006-a33f-e43cad08877f","2026-03-07 23:58:48.177","2026-03-07 23:58:48.177","a60a9799-428f-4006-a33f-e43cad08877f","[PREMIUM]","New",2026,"Nissan","Rogue","S","[PREMIUM]","[PREMIUM]",0,"SUV","Scarlet Ember Tintcoat","Charcoal","Front-wheel Drive",,,"Gasoline",,,"dealership","[PREMIUM]","Melbourne","FL","[PREMIUM]",,"[]",,,"[PREMIUM]"
"10bb0d76-fd94-4954-8aed-6710337a3df0","2026-03-07 23:58:48.176","2026-03-12 11:20:41.857","10bb0d76-fd94-4954-8aed-6710337a3df0","[PREMIUM]","New",2026,"Kia","Sportage Hybrid","EX","[PREMIUM]","[PREMIUM]",5,"SUV","Snow White Pearl","Black","All-wheel Drive",,,"Hybrid",,,"dealership","[PREMIUM]","Bohemia","NY","[PREMIUM]",,"[]",,,"[PREMIUM]"
"bb797589-cff5-407a-826d-ea312f48db64","2026-03-07 23:58:48.175","2026-03-12 11:20:42.356","bb797589-cff5-407a-826d-ea312f48db64","[PREMIUM]","New",2026,"Honda","HR-V","EX-L","[PREMIUM]","[PREMIUM]",5,"SUV","Platinum White Pearl","Gry Lth &amp;Clth","All-wheel Drive",,,"Gasoline",,,"dealership","[PREMIUM]","Joliet","IL","[PREMIUM]",,"[]",,,"[PREMIUM]"
"1f81a15b-3467-4dc4-8a17-06ba0b038979","2026-03-07 23:58:48.172","2026-03-21 18:29:44.445","1f81a15b-3467-4dc4-8a17-06ba0b038979","[PREMIUM]","New",2026,"Honda","CR-V","LX AWD","[PREMIUM]","[PREMIUM]",2,"SUV","Gray","Blk Clth","All-wheel Drive",,,"Gasoline",,,"dealership","[PREMIUM]","Brooklyn","NY","[PREMIUM]",,"[]",,,"[PREMIUM]"
"764ae588-42c9-4498-ad7f-e633a995dad1","2026-03-07 23:58:48.171","2026-03-15 11:20:51.148","764ae588-42c9-4498-ad7f-e633a995dad1","[PREMIUM]","New",2026,"Toyota","Camry","LE","[PREMIUM]","[PREMIUM]",2,"Sedan","Reservoir Blue","Boulder","All-wheel Drive",,,"Gasoline",,,"dealership","[PREMIUM]","Raleigh","NC","[PREMIUM]",,"[]",,,"[PREMIUM]"
"1ee14a64-f157-482c-86ab-a38172b6bf57","2026-03-07 23:58:48.169","2026-03-07 23:58:48.169","1ee14a64-f157-482c-86ab-a38172b6bf57","[PREMIUM]","New",2026,"Honda","HR-V","AWD Sport","[PREMIUM]","[PREMIUM]",5,"SUV","Crystal Black Pearl","Black","All-wheel Drive",,,"Gasoline",,,"dealership","[PREMIUM]","Joliet","IL","[PREMIUM]",,"[]",,,"[PREMIUM]"
"e4a76f40-0ecf-44aa-b81d-a07d48311106","2026-03-07 23:58:48.169","2026-03-07 23:58:48.169","e4a76f40-0ecf-44aa-b81d-a07d48311106","[PREMIUM]","New",2026,"Chevrolet","Equinox","1LT","[PREMIUM]","[PREMIUM]",0,"SUV","Sterling Gray Metallic","Black","Front-wheel Drive",,,"Gasoline",,,"dealership","[PREMIUM]","Lebanon","OH","[PREMIUM]",,"[]",,,"[PREMIUM]"
"c17b98ea-07d6-45da-b6e4-1acda542d0f6","2026-03-07 23:58:48.168","2026-03-07 23:58:48.168","c17b98ea-07d6-45da-b6e4-1acda542d0f6","[PREMIUM]","New",2026,"Toyota","Corolla Cross","XLE","[PREMIUM]","[PREMIUM]",0,"SUV","Celestite","Black SofTex","All-wheel Drive",,,"Gasoline",,,"dealership","[PREMIUM]","Hackensack","NJ","[PREMIUM]",,"[]",,,"[PREMIUM]"
"ab206276-8973-4b31-9906-474c2ff8c69f","2026-03-07 23:58:48.115","2026-03-21 18:30:07.652","ab206276-8973-4b31-9906-474c2ff8c69f","[PREMIUM]","New",2026,"Chevrolet","Trailblazer","RS","[PREMIUM]","[PREMIUM]",0,"SUV","White Sands","Jet Black w/Red Accents","Front-wheel Drive",,,"Gasoline",,,"dealership","[PREMIUM]","Lebanon","OH","[PREMIUM]",,"[]",,,"[PREMIUM]"
"075de6e6-9472-4440-8f9a-3959111bc41d","2026-03-07 23:58:48.112","2026-03-21 18:29:44.478","075de6e6-9472-4440-8f9a-3959111bc41d","[PREMIUM]","New",2026,"Chevrolet","Equinox","1LT","[PREMIUM]","[PREMIUM]",0,"SUV","Sterling Gray Metallic","Black","Front-wheel Drive",,,"Gasoline",,,"dealership","[PREMIUM]","Charleston","SC","[PREMIUM]",,"[]",,,"[PREMIUM]"
"570b5dad-36be-4490-ad60-b04b2c275ae1","2026-03-07 23:58:48.087","2026-03-07 23:58:48.087","570b5dad-36be-4490-ad60-b04b2c275ae1","[PREMIUM]","New",2026,"Toyota","Corolla Cross","LE","[PREMIUM]","[PREMIUM]",0,"SUV","0D10","Moonstone w/Fabric Seat Trim","Front-wheel Drive",,,"Gasoline",,,"dealership","[PREMIUM]","Paris","TX","[PREMIUM]",,"[]",,,"[PREMIUM]"
"792dc394-e41d-4b25-b312-3443169ac7bd","2026-03-07 23:58:48.086","2026-03-07 23:58:48.086","792dc394-e41d-4b25-b312-3443169ac7bd","[PREMIUM]","New",2026,"Hyundai","TUCSON","SEL","[PREMIUM]","[PREMIUM]",5,"SUV","Shimmering Silver","Black","Front-wheel Drive",,,"Gasoline",,,"dealership","[PREMIUM]","Tempe","AZ","[PREMIUM]",,"[]",,,"[PREMIUM]"
"2059b0a1-7bba-41a4-bf7a-4582602055e8","2026-03-07 23:58:48.083","2026-03-12 11:20:56.038","2059b0a1-7bba-41a4-bf7a-4582602055e8","[PREMIUM]","New",2026,"Volkswagen","Jetta","1.4T SEL","[PREMIUM]","[PREMIUM]",5,"Sedan","Pyrite Silver Metallic","Black","Front-wheel Drive",,,"Gasoline",,,"dealership","[PREMIUM]","Crystal Lake","IL","[PREMIUM]",,"[]",,,"[PREMIUM]"
"f577536d-e855-49fb-b634-aaad8f9dae56","2026-03-07 23:58:48.078","2026-03-15 11:20:50.951","f577536d-e855-49fb-b634-aaad8f9dae56","[PREMIUM]","Used",2026,"Subaru","Outback","Premium","[PREMIUM]","[PREMIUM]",869,"SUV","Crystal Black Silica","Black","All-wheel Drive",,,"Gasoline",,,"dealership","[PREMIUM]","Hatfield","PA","[PREMIUM]",,"[]",,,"[PREMIUM]"
"9ab36d4c-d096-4713-ab26-1eb2cc5d020b","2026-03-07 23:58:48.075","2026-03-07 23:58:48.075","9ab36d4c-d096-4713-ab26-1eb2cc5d020b","[PREMIUM]","New",2026,"Subaru","Impreza","Sport","[PREMIUM]","[PREMIUM]",1,"Hatchback","Crystal White Pearl","Black","All-wheel Drive",,,"Gasoline",,,"dealership","[PREMIUM]","Vernon","CT","[PREMIUM]",,"[]",,,"[PREMIUM]"
"5f12ea5e-bf0c-47d3-85cb-8e50d243ce01","2026-03-07 23:58:48.061","2026-03-12 11:20:41.850","5f12ea5e-bf0c-47d3-85cb-8e50d243ce01","[PREMIUM]","New",2026,"Mitsubishi","Outlander Sport","2.0 RALLIART","[PREMIUM]","[PREMIUM]",1,"SUV","Mercury Gray Metallic","Black","Four-wheel Drive",,,"Gasoline",,,"dealership","[PREMIUM]","Daytona Beach","FL","[PREMIUM]",,"[]",,,"[PREMIUM]"
"102f3190-0adf-4001-ad0b-562857e8fb6a","2026-03-07 23:58:48.059","2026-03-07 23:58:48.059","102f3190-0adf-4001-ad0b-562857e8fb6a","[PREMIUM]","New",2026,"Nissan","Kicks","SR","[PREMIUM]","[PREMIUM]",0,"SUV","Arctic Ice Blue Metallic/Super Black","Sport","Front-wheel Drive",,,"Gasoline",,,"dealership","[PREMIUM]","Melbourne","FL","[PREMIUM]",,"[]",,,"[PREMIUM]"
"82aaee72-d349-41be-b719-00e102281552","2026-03-07 23:58:48.058","2026-03-21 18:29:33.634","82aaee72-d349-41be-b719-00e102281552","[PREMIUM]","New",2026,"Honda","Accord Hybrid","Sport","[PREMIUM]","[PREMIUM]",2,"Sedan","Crystal Black Pearl","Black","Front-wheel Drive",,,"Hybrid",,,"dealership","[PREMIUM]","Brooklyn","NY","[PREMIUM]",,"[]",,,"[PREMIUM]"
"c24a1d4f-2ae6-4ef8-924f-1506860afb83","2026-03-07 23:58:48.058","2026-03-21 18:29:33.532","c24a1d4f-2ae6-4ef8-924f-1506860afb83","[PREMIUM]","New",2026,"Chevrolet","Silverado 1500","WT","[PREMIUM]","[PREMIUM]",0,"Truck","Red Hot","Jet Black","Rear-wheel Drive",,,"Gasoline",,,"dealership","[PREMIUM]","Charleston","SC","[PREMIUM]",,"[]",,,"[PREMIUM]"
"f321c39a-aafe-4ef0-8747-1b10638eec8f","2026-03-07 23:58:48.057","2026-03-07 23:58:48.057","f321c39a-aafe-4ef0-8747-1b10638eec8f","[PREMIUM]","New",2026,"Honda","HR-V","EX-L","[PREMIUM]","[PREMIUM]",6,"SUV","Crystal Black Pearl","Bk","All-wheel Drive",,,"Gasoline",,,"dealership","[PREMIUM]","Clive","IA","[PREMIUM]",,"[]",,,"[PREMIUM]"
"d36e0c05-31d4-4627-b4e5-d4ef5436de9b","2026-03-07 23:58:48.055","2026-03-07 23:58:48.055","d36e0c05-31d4-4627-b4e5-d4ef5436de9b","[PREMIUM]","New",2026,"Volkswagen","Tiguan","2.0T S","[PREMIUM]","[PREMIUM]",3,"SUV","pyrite silver metallic","grigio and black","Front-wheel Drive",,,"Gasoline",,,"dealership","[PREMIUM]","Fallston","MD","[PREMIUM]",,"[]",,,"[PREMIUM]"
"5a3cfe1b-31ac-4c74-b987-6d9ed0eac699","2026-03-07 23:58:48.054","2026-03-12 11:20:41.644","5a3cfe1b-31ac-4c74-b987-6d9ed0eac699","[PREMIUM]","New",2026,"Honda","Accord","SE","[PREMIUM]","[PREMIUM]",0,"Sedan","Crystal Black Pearl","Blk Fabric","Front-wheel Drive",,,"Gasoline",,,"dealership","[PREMIUM]","Brooklyn","NY","[PREMIUM]",,"[]",,,"[PREMIUM]"
"470cc13d-abfa-4a0d-8d6b-22676f1e4108","2026-03-07 23:58:48.041","2026-03-07 23:58:48.041","470cc13d-abfa-4a0d-8d6b-22676f1e4108","[PREMIUM]","New",2026,"Honda","Accord","SE","[PREMIUM]","[PREMIUM]",0,"Sedan","Gray","Blk Fabric","Front-wheel Drive",,,"Gasoline",,,"dealership","[PREMIUM]","Brooklyn","NY","[PREMIUM]",,"[]",,,"[PREMIUM]"
"6b0429da-955c-4939-8391-976a3990fbc2","2026-03-07 23:58:48.011","2026-03-07 23:58:48.011","6b0429da-955c-4939-8391-976a3990fbc2","[PREMIUM]","New",2026,"Kia","Sorento","LX","[PREMIUM]","[PREMIUM]",10,"SUV","Ebony Black","Black","Front-wheel Drive",,,"Gasoline",,,"dealership","[PREMIUM]","Houston","TX","[PREMIUM]",,"[]",,,"[PREMIUM]"
"ce633a69-f45a-4bc9-8186-7db24ef7f0c9","2026-03-07 23:58:36.936","2026-03-12 11:20:41.851","ce633a69-f45a-4bc9-8186-7db24ef7f0c9","[PREMIUM]","New",2026,"Hyundai","SANTA FE","SE","[PREMIUM]","[PREMIUM]",5,"SUV","Serenity White","Gray","Front-wheel Drive",,,"Hybrid",,,"dealership","[PREMIUM]","Duluth","GA","[PREMIUM]",,"[]",,,"[PREMIUM]"
"82a7afa7-a9ae-4a46-bbf4-40e14cbaf34c","2026-03-07 23:58:36.899","2026-03-12 11:20:39.859","82a7afa7-a9ae-4a46-bbf4-40e14cbaf34c","[PREMIUM]","New",2026,"Mazda","CX-50 Hybrid","Preferred","[PREMIUM]","[PREMIUM]",0,"SUV","Gray","black","All-wheel Drive",,,"Hybrid",,,"dealership","[PREMIUM]","Chippewa Falls","WI","[PREMIUM]",,"[]",,,"[PREMIUM]"
"aeac99c0-3279-486e-800b-6215917d30a0","2026-03-07 23:58:36.750","2026-03-21 18:29:44.451","aeac99c0-3279-486e-800b-6215917d30a0","[PREMIUM]","New",2026,"Honda","Accord","SE","[PREMIUM]","[PREMIUM]",2,"Sedan","Platinum","Gry Fabric","Front-wheel Drive",,,"Gasoline",,,"dealership","[PREMIUM]","Brooklyn","NY","[PREMIUM]",,"[]",,,"[PREMIUM]"
"a8fceb3d-3560-4907-a0a8-14724b9b6af0","2026-03-07 23:58:36.618","2026-03-07 23:58:36.618","a8fceb3d-3560-4907-a0a8-14724b9b6af0","[PREMIUM]","New",2026,"Honda","Accord Hybrid","Sport","[PREMIUM]","[PREMIUM]",0,"Sedan","Silver Metallic","Black","Front-wheel Drive",,,"Hybrid",,,"dealership","[PREMIUM]","Brooklyn","NY","[PREMIUM]",,"[]",,,"[PREMIUM]"
"cdee5814-2745-4fa6-879c-c8c9cc7f239f","2026-03-07 23:58:36.614","2026-03-15 11:21:04.636","cdee5814-2745-4fa6-879c-c8c9cc7f239f","[PREMIUM]","New",2027,"Chevrolet","Bolt","RS","[PREMIUM]","[PREMIUM]",0,"SUV","Summit White","Jet Black with Red Stitching","Front-wheel Drive",,,"Electric",,,"dealership","[PREMIUM]","Merriam","KS","[PREMIUM]",,"[]",,,"[PREMIUM]"
"b3fd97d5-7718-485f-82d0-001c7cf6cfd1","2026-03-07 23:58:36.608","2026-03-07 23:58:36.608","b3fd97d5-7718-485f-82d0-001c7cf6cfd1","[PREMIUM]","New",2026,"Honda","Accord Hybrid","Sport","[PREMIUM]","[PREMIUM]",0,"Sedan","Silver Metallic","Black","Front-wheel Drive",,,"Hybrid",,,"dealership","[PREMIUM]","Brooklyn","NY","[PREMIUM]",,"[]",,,"[PREMIUM]"
"8f799506-75ef-4812-a87a-faf5ec055c69","2026-03-07 23:58:36.602","2026-03-12 11:20:41.538","8f799506-75ef-4812-a87a-faf5ec055c69","[PREMIUM]","New",2026,"Toyota","Camry","LE","[PREMIUM]","[PREMIUM]",0,"Sedan","Celestial Silver Metallic","Boulder","Front-wheel Drive",,,"Gasoline",,,"dealership","[PREMIUM]","Enfield","CT","[PREMIUM]",,"[]",,,"[PREMIUM]"
"932d6d1b-c4df-4d87-a33b-a54211110b6c","2026-03-07 23:58:36.593","2026-03-12 11:20:30.734","932d6d1b-c4df-4d87-a33b-a54211110b6c","[PREMIUM]","New",2026,"Nissan","Rogue","SV","[PREMIUM]","[PREMIUM]",0,"SUV","Super Black","Charcoal","All-wheel Drive",,,"Gasoline",,,"dealership","[PREMIUM]","Fishers","IN","[PREMIUM]",,"[]",,,"[PREMIUM]"
"61a364c6-8fbf-4fbf-a463-4a387d16d9d0","2026-03-07 23:58:36.592","2026-03-21 18:29:44.427","61a364c6-8fbf-4fbf-a463-4a387d16d9d0","[PREMIUM]","New",2026,"Honda","Accord","SE","[PREMIUM]","[PREMIUM]",2,"Sedan","Meteorite","Blk Fabric","Front-wheel Drive",,,"Gasoline",,,"dealership","[PREMIUM]","Brooklyn","NY","[PREMIUM]",,"[]",,,"[PREMIUM]"
"3a65339a-c1e4-4965-9fc4-f69e781306a8","2026-03-07 23:58:36.575","2026-03-07 23:58:36.575","3a65339a-c1e4-4965-9fc4-f69e781306a8","[PREMIUM]","New",2026,"Hyundai","TUCSON Hybrid","Blue SE","[PREMIUM]","[PREMIUM]",2,"SUV","Deep Sea","Gray","All-wheel Drive",,,"Hybrid",,,"dealership","[PREMIUM]","Albany","NY","[PREMIUM]",,"[]",,,"[PREMIUM]"
"a6306137-80c1-477a-a9bf-e748f36b455c","2026-03-07 23:58:36.554","2026-03-18 18:29:27.628","a6306137-80c1-477a-a9bf-e748f36b455c","[PREMIUM]","New",2026,"Hyundai","KONA","SEL Premium","[PREMIUM]","[PREMIUM]",2,"SUV","Ultimate Red Metallic","Black","All-wheel Drive",,,"Gasoline",,,"dealership","[PREMIUM]","Albany","NY","[PREMIUM]",,"[]",,,"[PREMIUM]"
"ccbd275c-6b9b-4a20-8296-9fafc48ac021","2026-03-07 23:58:36.547","2026-03-18 18:29:27.438","ccbd275c-6b9b-4a20-8296-9fafc48ac021","[PREMIUM]","New",2026,"Hyundai","TUCSON Hybrid","Blue SE","[PREMIUM]","[PREMIUM]",9,"SUV","Cashmere Bronze","Gray","All-wheel Drive",,,"Hybrid",,,"dealership","[PREMIUM]","Albany","NY","[PREMIUM]",,"[]",,,"[PREMIUM]"
"04c60471-409b-42a5-8789-ba27ad833adb","2026-03-07 23:58:36.534","2026-03-07 23:58:36.534","04c60471-409b-42a5-8789-ba27ad833adb","[PREMIUM]","New",2026,"Hyundai","TUCSON Hybrid","Blue SE","[PREMIUM]","[PREMIUM]",2,"SUV","Amazon Gray","Black","All-wheel Drive",,,"Hybrid",,,"dealership","[PREMIUM]","Albany","NY","[PREMIUM]",,"[]",,,"[PREMIUM]"
"d00bf772-3064-43b9-afa0-22df0ef44cfe","2026-03-07 23:57:54.150","2026-03-21 18:29:22.993","d00bf772-3064-43b9-afa0-22df0ef44cfe","[PREMIUM]","Used",2012,"Ford","F-250","4WD Crew Cab 156&#39;&#39; Lariat","[PREMIUM]","[PREMIUM]",201015,"Truck","Ingot Silver Metallic","Black","Four-wheel Drive",,,"Diesel",,,"dealership","[PREMIUM]","Huntsville","AL","[PREMIUM]",,"[]",,,"[PREMIUM]"
"7efded77-b50e-4261-a505-c3e005c290d4","2026-03-07 23:57:43.530","2026-03-07 23:57:43.530","7efded77-b50e-4261-a505-c3e005c290d4","[PREMIUM]","Used",2015,"Toyota","4Runner","SR5 Premium","[PREMIUM]","[PREMIUM]",79530,"SUV","Classic Silver Metallic","Black/Graphite","Four-wheel Drive",,,"Gasoline",,,"dealership","[PREMIUM]","Moon Twp","PA","[PREMIUM]",,"[]",,,"[PREMIUM]"
"87bed2ab-9f4f-480b-9dfc-6d6c1c369a5d","2026-03-07 23:57:43.488","2026-03-07 23:57:43.488","87bed2ab-9f4f-480b-9dfc-6d6c1c369a5d","[PREMIUM]","Used",2015,"RAM","2500","Laramie","[PREMIUM]","[PREMIUM]",180648,"Truck","Maximum Steel Metallic Clearcoat","Black","Four-wheel Drive",,,"Diesel",,,"dealership","[PREMIUM]","PATASKALA","OH","[PREMIUM]",,"[]",,,"[PREMIUM]"
"166132d6-e0d6-4026-b704-d8512570741d","2026-03-07 23:57:43.461","2026-03-07 23:57:43.461","166132d6-e0d6-4026-b704-d8512570741d","[PREMIUM]","Used",2014,"Toyota","Sienna","XLE","[PREMIUM]","[PREMIUM]",46299,"Passenger Van","Silver","GRAY","Rear-wheel Drive",,,"Gasoline",,,"dealership","[PREMIUM]","Torrance","CA","[PREMIUM]",,"[]",,,"[PREMIUM]"
"61f2df77-5703-4490-934f-8c43268d48e7","2026-03-07 23:57:43.446","2026-03-07 23:57:43.446","61f2df77-5703-4490-934f-8c43268d48e7","[PREMIUM]","Used",2013,"Chevrolet","Silverado 1500","LT","[PREMIUM]","[PREMIUM]",12171,"Truck","Summit White","Ebony","Four-wheel Drive",,,"Gasoline",,,"dealership","[PREMIUM]","Asheboro","NC","[PREMIUM]",,"[]",,,"[PREMIUM]"
"69946cb6-a07e-49a1-bc36-8b6b20abafac","2026-03-07 23:57:43.444","2026-03-21 18:29:01.002","69946cb6-a07e-49a1-bc36-8b6b20abafac","[PREMIUM]","Used",2015,"Nissan","Titan","SV","[PREMIUM]","[PREMIUM]",54065,"Truck","Black","BLACK","Four-wheel Drive",,,"Gasoline",,,"dealership","[PREMIUM]","Brandywine","MD","[PREMIUM]",,"[]",,,"[PREMIUM]"
"11603bfe-19f1-41dd-b8e8-0a7608d85a8a","2026-03-07 23:57:43.431","2026-03-07 23:57:43.431","11603bfe-19f1-41dd-b8e8-0a7608d85a8a","[PREMIUM]","Used",2015,"Toyota","Tacoma","Prerunner","[PREMIUM]","[PREMIUM]",77717,"Truck","White","GRAY","Rear-wheel Drive",,,"Gasoline",,,"dealership","[PREMIUM]","Mobile","AL","[PREMIUM]",,"[]",,,"[PREMIUM]"
"83cf19c3-166a-4a87-b58e-e8fb9b401b18","2026-03-07 23:57:22.858","2026-03-12 11:18:55.846","83cf19c3-166a-4a87-b58e-e8fb9b401b18","[PREMIUM]","Used",2016,"RAM","2500","SLT","[PREMIUM]","[PREMIUM]",160816,"Truck","Bright Silver Metallic Clearcoat","Diesel Gray/Black","Four-wheel Drive",,,"Diesel",,,"dealership","[PREMIUM]","Midlothian","TX","[PREMIUM]",,"[]",,,"[PREMIUM]"
"6c27c8c0-4d18-4576-9ef1-760309a773bc","2026-03-07 23:57:22.819","2026-03-21 18:29:01.243","6c27c8c0-4d18-4576-9ef1-760309a773bc","[PREMIUM]","Used",2018,"Lexus","IS 300","Base","[PREMIUM]","[PREMIUM]",59151,"Sedan","Atomic Silver","Rioja Red","All-wheel Drive",,,"Gasoline",,,"dealership","[PREMIUM]","Rosedale","MD","[PREMIUM]",,"[]",,,"[PREMIUM]"
"35350c5f-4989-4b6c-8679-fe4f88e03590","2026-03-07 23:57:22.814","2026-03-07 23:57:22.814","35350c5f-4989-4b6c-8679-fe4f88e03590","[PREMIUM]","Used",2016,"Ford","Transit-350","XLT","[PREMIUM]","[PREMIUM]",53260,"Cargo Van","Caribou Metallic","Pewter","Rear-wheel Drive",,,"Gasoline",,,"dealership","[PREMIUM]","O'Fallon","MO","[PREMIUM]",,"[]",,,"[PREMIUM]"
"d9a1e2fa-635e-45d3-ad28-39fe061073bd","2026-03-07 23:57:22.811","2026-03-07 23:57:22.811","d9a1e2fa-635e-45d3-ad28-39fe061073bd","[PREMIUM]","Used",2016,"Lexus","GX 460","Base","[PREMIUM]","[PREMIUM]",88535,"SUV","Starfire Pearl","Sepia","Four-wheel Drive",,,"Gasoline",,,"dealership","[PREMIUM]","Wayzata","MN","[PREMIUM]",,"[]",,,"[PREMIUM]"
"2201aa93-23e9-457d-9a53-378e7fda231d","2026-03-07 23:57:22.805","2026-03-07 23:57:22.805","2201aa93-23e9-457d-9a53-378e7fda231d","[PREMIUM]","Used",2016,"Dodge","Challenger","R/T Shaker","[PREMIUM]","[PREMIUM]",40605,"Coupe","Black","BLACK","Rear-wheel Drive",,,"Gasoline",,,"dealership","[PREMIUM]","Augusta","GA","[PREMIUM]",,"[]",,,"[PREMIUM]"
"01cff0bd-89b1-4468-a0a2-1fe672615203","2026-03-07 23:57:22.800","2026-03-07 23:57:22.800","01cff0bd-89b1-4468-a0a2-1fe672615203","[PREMIUM]","New",2016,"Toyota","Camry","SE","[PREMIUM]","[PREMIUM]",0,"Sedan","Super White","Blk Sprt Trm Front","Front-wheel Drive",,,"Gasoline",,,"dealership","[PREMIUM]","Enfield","CT","[PREMIUM]",,"[]",,,"[PREMIUM]"
"1f25cb93-d454-421f-9a60-05b2f8a35539","2026-03-07 23:57:22.741","2026-03-07 23:57:22.741","1f25cb93-d454-421f-9a60-05b2f8a35539","[PREMIUM]","Used",2018,"Honda","CR-V","Touring","[PREMIUM]","[PREMIUM]",15579,"SUV","White","TAN","Four-wheel Drive",,,"Gasoline",,,"dealership","[PREMIUM]","Parker","CO","[PREMIUM]",,"[]",,,"[PREMIUM]"
"fcd1da75-8dee-44d9-95ef-e751dc7a72b3","2026-03-07 23:57:22.740","2026-03-07 23:57:22.740","fcd1da75-8dee-44d9-95ef-e751dc7a72b3","[PREMIUM]","Used",2016,"Toyota","Tundra","SR5","[PREMIUM]","[PREMIUM]",68511,"Truck","Super White","Graphite","Rear-wheel Drive",,,"Gasoline",,,"dealership","[PREMIUM]","Escondido","CA","[PREMIUM]",,"[]",,,"[PREMIUM]"
"96bb74a3-23eb-407e-bd2b-17cb207d7aec","2026-03-07 23:57:22.738","2026-03-07 23:57:22.738","96bb74a3-23eb-407e-bd2b-17cb207d7aec","[PREMIUM]","New",2016,"Toyota","RAV4","XLE","[PREMIUM]","[PREMIUM]",0,"SUV","Black","Blk Fabric","All-wheel Drive",,,"Gasoline",,,"dealership","[PREMIUM]","Enfield","CT","[PREMIUM]",,"[]",,,"[PREMIUM]"
"3ce0ee63-dca9-4147-be24-912184ae4513","2026-03-07 23:57:22.693","2026-03-07 23:57:22.693","3ce0ee63-dca9-4147-be24-912184ae4513","[PREMIUM]","Used",2017,"RAM","1500","Limited Crew Cab 4x4 6&#39;4&#39; Box","[PREMIUM]","[PREMIUM]",120340,"Truck","Granite Crystal Metallic Clearcoat","Black","Four-wheel Drive",,,"Gasoline",,,"dealership","[PREMIUM]","Anchorage","AK","[PREMIUM]",,"[]",,,"[PREMIUM]"
"1673ce47-5877-4c40-ba53-bc397be1eb02","2026-03-07 23:57:22.692","2026-03-07 23:57:22.692","1673ce47-5877-4c40-ba53-bc397be1eb02","[PREMIUM]","Used",2016,"Chevrolet","Camaro","SS","[PREMIUM]","[PREMIUM]",50304,"Coupe","Black","BLACK","Rear-wheel Drive",,,"Gasoline",,,"dealership","[PREMIUM]","Tolleson","AZ","[PREMIUM]",,"[]",,,"[PREMIUM]"
"db1e3fce-9184-4008-bcf5-f201e6c85cce","2026-03-07 23:57:22.688","2026-03-12 11:18:45.741","db1e3fce-9184-4008-bcf5-f201e6c85cce","[PREMIUM]","Used",2016,"Toyota","Tundra","Limited","[PREMIUM]","[PREMIUM]",142146,"Truck","Super White","Black","Four-wheel Drive",,,"Gasoline",,,"dealership","[PREMIUM]","Phoenix","AZ","[PREMIUM]",,"[]",,,"[PREMIUM]"
"bc3eb481-8548-4366-93b8-e7edf39776ca","2026-03-07 23:57:22.681","2026-03-21 18:29:11.980","bc3eb481-8548-4366-93b8-e7edf39776ca","[PREMIUM]","Used",2018,"Toyota","Tacoma","SR5","[PREMIUM]","[PREMIUM]",70570,"Truck","Blazing Blue Pearl","Cement Gray","Four-wheel Drive",,,"Gasoline",,,"dealership","[PREMIUM]","San Diego","CA","[PREMIUM]",,"[]",,,"[PREMIUM]"
"18b8e4f7-1d55-4561-8842-8192e6c596e4","2026-03-07 23:57:22.665","2026-03-12 11:18:53.938","18b8e4f7-1d55-4561-8842-8192e6c596e4","[PREMIUM]","Used",2018,"Chevrolet","Silverado 1500","2LT","[PREMIUM]","[PREMIUM]",62067,"Truck","Graphite Metallic","Black","Four-wheel Drive",,,"Gasoline",,,"dealership","[PREMIUM]","New Braunfels","TX","[PREMIUM]",,"[]",,,"[PREMIUM]"
"e0dfa993-c803-40d6-84d2-953a500d88c4","2026-03-07 23:57:22.659","2026-03-07 23:57:22.659","e0dfa993-c803-40d6-84d2-953a500d88c4","[PREMIUM]","Used",2018,"Jeep","Wrangler Unlimited","Sport","[PREMIUM]","[PREMIUM]",52970,"SUV","Firecracker Red Clearcoat","Black","Four-wheel Drive",,,"Gasoline",,,"dealership","[PREMIUM]","Gresham","OR","[PREMIUM]",,"[]",,,"[PREMIUM]"
"da5379b2-664a-464a-90e2-4065aca3a573","2026-03-07 23:57:12.035","2026-03-07 23:57:12.035","da5379b2-664a-464a-90e2-4065aca3a573","[PREMIUM]","Used",2018,"Cadillac","Escalade","Platinum","[PREMIUM]","[PREMIUM]",63504,"SUV","Dark Adriatic Blue Metallic","Maple Sugar w/Jet Black Accents","Four-wheel Drive",,,"Gasoline",,,"dealership","[PREMIUM]","Wall Township","NJ","[PREMIUM]",,"[]",,,"[PREMIUM]"
"05516790-9c40-4c60-a83d-6f37e499c2d0","2026-03-07 23:57:12.016","2026-03-12 11:18:32.956","05516790-9c40-4c60-a83d-6f37e499c2d0","[PREMIUM]","Used",2019,"Ford","Ranger","Lariat","[PREMIUM]","[PREMIUM]",80775,"Truck","Ingot Silver","Ebony","Four-wheel Drive",,,"Gasoline",,,"dealership","[PREMIUM]","Tulsa","OK","[PREMIUM]",,"[]",,,"[PREMIUM]"
"8f67f9e0-4b03-4e22-ac39-734ec184b37c","2026-03-07 23:57:12.015","2026-03-07 23:57:12.015","8f67f9e0-4b03-4e22-ac39-734ec184b37c","[PREMIUM]","Used",2018,"Toyota","RAV4 Hybrid","Limited","[PREMIUM]","[PREMIUM]",57062,"SUV","Blue","BLACK","Four-wheel Drive",,,"Hybrid",,,"dealership","[PREMIUM]","Sicklerville","NJ","[PREMIUM]",,"[]",,,"[PREMIUM]"
"b70075a4-46d1-43ff-88fe-0f3bb1b8a007","2026-03-07 23:57:12.002","2026-03-12 11:18:34.609","b70075a4-46d1-43ff-88fe-0f3bb1b8a007","[PREMIUM]","Used",2018,"Chevrolet","Suburban","Premier","[PREMIUM]","[PREMIUM]",89811,"SUV","Iridescent Pearl Tricoat","Cocoa/Dune","Four-wheel Drive",,,"Gasoline",,,"dealership","[PREMIUM]","Charlotte","NC","[PREMIUM]",,"[]",,,"[PREMIUM]"
"c7d98fc2-409b-4271-804d-cc9c213c2570","2026-03-07 23:57:11.992","2026-03-07 23:57:11.992","c7d98fc2-409b-4271-804d-cc9c213c2570","[PREMIUM]","Used",2018,"Jeep","Wrangler","All-New Unlimited Sahara","[PREMIUM]","[PREMIUM]",56576,"SUV","White","BLACK","Four-wheel Drive",,,"Gasoline",,,"dealership","[PREMIUM]","Jackson","TN","[PREMIUM]",,"[]",,,"[PREMIUM]"
"27222d7c-4edf-4390-8710-22d8947c7d8a","2026-03-07 23:57:11.991","2026-03-07 23:57:11.991","27222d7c-4edf-4390-8710-22d8947c7d8a","[PREMIUM]","Used",2018,"RAM","1500","ST","[PREMIUM]","[PREMIUM]",58800,"Truck","Brilliant Black Crystal Pearlcoat","Diesel Gray/Black","Rear-wheel Drive",,,"Gasoline",,,"dealership","[PREMIUM]","Midland","TX","[PREMIUM]",,"[]",,,"[PREMIUM]"
"274b12f4-2923-42d4-bea9-b5a80715af63","2026-03-07 23:57:11.946","2026-03-07 23:57:11.946","274b12f4-2923-42d4-bea9-b5a80715af63","[PREMIUM]","Used",2018,"Acura","TLX","Technology","[PREMIUM]","[PREMIUM]",77634,"Sedan","Bellanova White Pearl","Full Red","All-wheel Drive",,,"Gasoline",,,"dealership","[PREMIUM]","Linden","NJ","[PREMIUM]",,"[]",,,"[PREMIUM]"
"a35c1d50-b140-49cd-b510-13b27d534ff4","2026-03-07 23:57:11.944","2026-03-21 18:29:01.000","a35c1d50-b140-49cd-b510-13b27d534ff4","[PREMIUM]","Used",2018,"Jeep","Wrangler Unlimited","Rubicon","[PREMIUM]","[PREMIUM]",60113,"SUV","Granite Crystal Metallic Clearcoat","Black/Heritage Tan","Four-wheel Drive",,,"Gasoline",,,"dealership","[PREMIUM]","Leesburg","VA","[PREMIUM]",,"[]",,,"[PREMIUM]"
"740ce978-b826-4184-a3e8-5da1120508ed","2026-03-07 23:57:11.936","2026-03-07 23:57:11.936","740ce978-b826-4184-a3e8-5da1120508ed","[PREMIUM]","Used",2018,"Chevrolet","Silverado 1500","2LT","[PREMIUM]","[PREMIUM]",79469,"Truck","Deep Ocean Blue Metallic","Black","Four-wheel Drive",,,"Gasoline",,,"dealership","[PREMIUM]","S.Glens Falls","NY","[PREMIUM]",,"[]",,,"[PREMIUM]"
"7bf31fc6-e3ca-417c-8c13-4f442a6889b9","2026-03-07 23:57:11.925","2026-03-07 23:57:11.925","7bf31fc6-e3ca-417c-8c13-4f442a6889b9","[PREMIUM]","New",2018,"Toyota","Camry","SE","[PREMIUM]","[PREMIUM]",0,"Sedan","Aqua","Blk Fabric W","Front-wheel Drive",,,"Gasoline",,,"dealership","[PREMIUM]","Enfield","CT","[PREMIUM]",,"[]",,,"[PREMIUM]"
"60328d1e-1f0c-48eb-96ae-3c64700de98b","2026-03-07 23:57:11.923","2026-03-12 11:18:54.632","60328d1e-1f0c-48eb-96ae-3c64700de98b","[PREMIUM]","Used",2019,"RAM","1500","Laramie","[PREMIUM]","[PREMIUM]",101814,"Truck","Billet Silver Metallic Clearcoat","Black","Four-wheel Drive",,,"Gasoline",,,"dealership","[PREMIUM]","Jacksonville","AR","[PREMIUM]",,"[]",,,"[PREMIUM]"
"b596fa11-2fac-478c-9442-1a95861f670d","2026-03-07 23:57:11.922","2026-03-12 11:18:44.752","b596fa11-2fac-478c-9442-1a95861f670d","[PREMIUM]","Used",2018,"Chevrolet","Silverado 1500","LTZ","[PREMIUM]","[PREMIUM]",66027,"Truck","Black","Jet Black","Four-wheel Drive",,,"Gasoline",,,"dealership","[PREMIUM]","Yankton","SD","[PREMIUM]",,"[]",,,"[PREMIUM]"
"f04dd633-e4d6-42c4-88d0-124116eac8fb","2026-03-07 23:57:11.911","2026-03-15 11:18:54.184","f04dd633-e4d6-42c4-88d0-124116eac8fb","[PREMIUM]","Used",2019,"Cadillac","Escalade","Luxury","[PREMIUM]","[PREMIUM]",105419,"SUV","Satin Steel Metallic","Jet Black","Four-wheel Drive",,,"Gasoline",,,"dealership","[PREMIUM]","South Hackensack","NJ","[PREMIUM]",,"[]",,,"[PREMIUM]"
"c3a75f4c-c6f8-4b71-9ac2-9db331a44380","2026-03-07 23:57:11.900","2026-03-07 23:57:11.900","c3a75f4c-c6f8-4b71-9ac2-9db331a44380","[PREMIUM]","Used",2019,"Toyota","Highlander","Limited","[PREMIUM]","[PREMIUM]",59284,"SUV","White","TAN","Rear-wheel Drive",,,"Gasoline",,,"dealership","[PREMIUM]","Independence","MO","[PREMIUM]",,"[]",,,"[PREMIUM]"
"85fe7c7e-fb98-44f1-bf0e-871b8b3fbf2d","2026-03-07 23:57:11.897","2026-03-12 11:18:33.247","85fe7c7e-fb98-44f1-bf0e-871b8b3fbf2d","[PREMIUM]","Used",2019,"BMW","X3","M40i","[PREMIUM]","[PREMIUM]",60888,"SUV","Glacier Silver Metallic","Black","All-wheel Drive",,,"Gasoline",,,"dealership","[PREMIUM]","Cincinnati","OH","[PREMIUM]",,"[]",,,"[PREMIUM]"
"6812cbd0-7a84-47fb-8817-b672c25a2787","2026-03-07 23:56:51.345","2026-03-07 23:56:51.345","6812cbd0-7a84-47fb-8817-b672c25a2787","[PREMIUM]","Used",2019,"Ford","F-150","XLT","[PREMIUM]","[PREMIUM]",58710,"Truck","Velocity Blue Metallic","Black","Four-wheel Drive",,,"Gasoline",,,"dealership","[PREMIUM]","Washington Township","NJ","[PREMIUM]",,"[]",,,"[PREMIUM]"
"e84c78cb-174c-450c-a308-aad211fee8e8","2026-03-07 23:56:51.281","2026-03-07 23:56:51.281","e84c78cb-174c-450c-a308-aad211fee8e8","[PREMIUM]","Used",2019,"Toyota","Avalon","XLE","[PREMIUM]","[PREMIUM]",46920,"Sedan","Celestial Silver Metallic","Black","Front-wheel Drive",,,"Gasoline",,,"dealership","[PREMIUM]","Richardson","TX","[PREMIUM]",,"[]",,,"[PREMIUM]"
"8f499655-d15e-4d66-9ccb-f612618f47c8","2026-03-07 23:56:51.249","2026-03-12 11:18:34.854","8f499655-d15e-4d66-9ccb-f612618f47c8","[PREMIUM]","Used",2019,"Acura","RDX","Advance Package","[PREMIUM]","[PREMIUM]",47461,"SUV","Fathom Blue Pearl",,"All-wheel Drive",,,"Gasoline",,,"dealership","[PREMIUM]","Grapevine","TX","[PREMIUM]",,"[]",,,"[PREMIUM]"
"832771d9-302d-47f9-aced-774c6171fce2","2026-03-07 23:56:31.179","2026-03-07 23:56:31.179","832771d9-302d-47f9-aced-774c6171fce2","[PREMIUM]","Used",2019,"Honda","CR-V","EX-L","[PREMIUM]","[PREMIUM]",14010,"SUV","Lunar Silver Metallic","Black","All-wheel Drive",,,"Gasoline",,,"dealership","[PREMIUM]","Elgin in Elgin","IL","[PREMIUM]",,"[]",,,"[PREMIUM]"
"05e70adc-65e5-4a05-8288-198cddb27a52","2026-03-07 23:56:31.146","2026-03-07 23:56:31.146","05e70adc-65e5-4a05-8288-198cddb27a52","[PREMIUM]","New",2019,"Toyota","Prius","LE","[PREMIUM]","[PREMIUM]",0,"Hatchback","Blizzard Pearl","Blk Fabric","All-wheel Drive",,,"Gasoline",,,"dealership","[PREMIUM]","Enfield","CT","[PREMIUM]",,"[]",,,"[PREMIUM]"
"1693ad87-c91e-415c-8f46-7b37ec17066e","2026-03-07 23:56:31.098","2026-03-07 23:56:31.098","1693ad87-c91e-415c-8f46-7b37ec17066e","[PREMIUM]","Used",2019,"Lexus","NX 300","F-Sport","[PREMIUM]","[PREMIUM]",83519,"SUV","Black","RED","Rear-wheel Drive",,,"Gasoline",,,"dealership","[PREMIUM]","Mobile","AL","[PREMIUM]",,"[]",,,"[PREMIUM]"
"1058838f-2ec8-4212-9247-063be834cd1d","2026-03-07 23:56:31.025","2026-03-07 23:56:31.025","1058838f-2ec8-4212-9247-063be834cd1d","[PREMIUM]","Used",2019,"Land Rover","Range Rover","3.0L V6 Supercharged HSE","[PREMIUM]","[PREMIUM]",76746,"SUV","Loire Blue Metallic","Almond/Espresso/Almond/Ivory","Four-wheel Drive",,,"Gasoline",,,"dealership","[PREMIUM]","Durham","NC","[PREMIUM]",,"[]",,,"[PREMIUM]"
"6b8f2f9a-2d5a-4b3c-bc89-e098e3675ec8","2026-03-07 23:56:30.998","2026-03-07 23:56:30.998","6b8f2f9a-2d5a-4b3c-bc89-e098e3675ec8","[PREMIUM]","Used",2019,"Audi","A6","3.0T Prestige Quattro","[PREMIUM]","[PREMIUM]",54459,"Sedan","Black Metallic","Black","All-wheel Drive",,,"Gasoline",,,"dealership","[PREMIUM]","Janesville","WI","[PREMIUM]",,"[]",,,"[PREMIUM]"
"f4761431-cfb6-494c-99a3-596ee8106652","2026-03-07 23:56:30.994","2026-03-07 23:56:30.994","f4761431-cfb6-494c-99a3-596ee8106652","[PREMIUM]","Used",2019,"Mercedes-Benz","Sprinter 2500","Standard Roof","[PREMIUM]","[PREMIUM]",66427,"Cargo Van","Arctic White","Black","Rear-wheel Drive",,,"Diesel",,,"dealership","[PREMIUM]","Dallas","TX","[PREMIUM]",,"[]",,,"[PREMIUM]"
"f69b1bf5-0d4f-42a6-ac2f-9aa47b900308","2026-03-07 23:56:30.990","2026-03-07 23:56:30.990","f69b1bf5-0d4f-42a6-ac2f-9aa47b900308","[PREMIUM]","Used",2019,"Toyota","Tacoma","SR5","[PREMIUM]","[PREMIUM]",89400,"Truck","White","GRAY","Rear-wheel Drive",,,"Gasoline",,,"dealership","[PREMIUM]","Fairfield","CA","[PREMIUM]",,"[]",,,"[PREMIUM]"
"5abd6b03-5a15-4804-9147-f0a6f2f55465","2026-03-07 23:56:30.987","2026-03-07 23:56:30.987","5abd6b03-5a15-4804-9147-f0a6f2f55465","[PREMIUM]","Used",2019,"Toyota","RAV4","Adventure","[PREMIUM]","[PREMIUM]",75279,"SUV","Green","BLACK","4WD",,,"Gas",,,"dealership","[PREMIUM]","Ontario","CA","[PREMIUM]",,"[]",,,"[PREMIUM]"
"bc6ec710-8378-4b0e-be2f-5d889ab5c39a","2026-03-07 23:56:20.826","2026-03-12 11:18:31.053","bc6ec710-8378-4b0e-be2f-5d889ab5c39a","[PREMIUM]","Used",2020,"Mercedes-Benz","C-Class","C 300 4MATIC","[PREMIUM]","[PREMIUM]",86771,"Convertible","10.25&#39; Color Display","Ash Leather Seating Inserts","All-wheel Drive",,,"Gasoline",,,"dealership","[PREMIUM]","Rosedale","MD","[PREMIUM]",,"[]",,,"[PREMIUM]"
"1e00ff7c-1d2b-476c-ad4c-e5aed802a0d6","2026-03-07 23:56:20.727","2026-03-07 23:56:20.727","1e00ff7c-1d2b-476c-ad4c-e5aed802a0d6","[PREMIUM]","Used",2020,"Honda","CR-V","2WD EX-L","[PREMIUM]","[PREMIUM]",43189,"SUV","Sonic Gray Pearl",,"Front-wheel Drive",,,"Gasoline",,,"dealership","[PREMIUM]","Knoxville","TN","[PREMIUM]",,"[]",,,"[PREMIUM]"
"92c1f39f-2c62-4681-87d1-8352f13cccb3","2026-03-07 23:56:20.598","2026-03-12 11:18:38.853","92c1f39f-2c62-4681-87d1-8352f13cccb3","[PREMIUM]","Used",2020,"Toyota","RAV4","TRD Off-Road","[PREMIUM]","[PREMIUM]",99677,"SUV","Ruby Flare Pearl","Black","All-wheel Drive",,,"Gasoline",,,"dealership","[PREMIUM]","Spokane","WA","[PREMIUM]",,"[]",,,"[PREMIUM]"
"5d22d35d-7761-46a2-95b2-0c9c52299bf1","2026-03-07 23:56:20.566","2026-03-07 23:56:20.566","5d22d35d-7761-46a2-95b2-0c9c52299bf1","[PREMIUM]","Used",2020,"Ford","Explorer","XLT","[PREMIUM]","[PREMIUM]",37622,"SUV","Rapid Red Metallic Tinted Clearcoat","Ebony","Four-wheel Drive",,,"Gasoline",,,"dealership","[PREMIUM]","Anchorage","AK","[PREMIUM]",,"[]",,,"[PREMIUM]"
"ccedf624-9199-4f30-8b0a-e56881a7be17","2026-03-07 23:56:20.554","2026-03-12 11:18:15.736","ccedf624-9199-4f30-8b0a-e56881a7be17","[PREMIUM]","Used",2020,"Ford","F-150","XLT","[PREMIUM]","[PREMIUM]",88351,"Truck","Blue","Black","Four-wheel Drive",,,"Gasoline",,,"dealership","[PREMIUM]","Lexington","SC","[PREMIUM]",,"[]",,,"[PREMIUM]"
"50bb0a02-9654-4aad-8e76-9f6ea65c70a7","2026-03-07 23:56:10.200","2026-03-07 23:56:10.200","50bb0a02-9654-4aad-8e76-9f6ea65c70a7","[PREMIUM]","Used",2020,"RAM","1500","Big Horn/Lone Star","[PREMIUM]","[PREMIUM]",61730,"Truck","Bright White Clearcoat","Diesel Gray/Black","Four-wheel Drive",,,"Gasoline",,,"dealership","[PREMIUM]","Milwaukie","OR","[PREMIUM]",,"[]",,,"[PREMIUM]"
"ffc56b92-a8a5-43df-ba34-9c966057dbdd","2026-03-07 23:56:10.120","2026-03-07 23:56:10.120","ffc56b92-a8a5-43df-ba34-9c966057dbdd","[PREMIUM]","Used",2020,"Tesla","Model Y","Long Range Dual Motor All-Wheel Drive","[PREMIUM]","[PREMIUM]",49162,"SUV","Gray","Black","All-wheel Drive",,,"Electric",,,"dealership","[PREMIUM]","Rosedale","MD","[PREMIUM]",,"[]",,,"[PREMIUM]"
"487a66be-65d5-431b-b73b-d81f5120125c","2026-03-07 23:56:10.089","2026-03-07 23:56:10.089","487a66be-65d5-431b-b73b-d81f5120125c","[PREMIUM]","New",2020,"Toyota","Camry","LE","[PREMIUM]","[PREMIUM]",0,"Sedan","Celestial Silver Metallic","Ash","Front-wheel Drive",,,"Gasoline",,,"dealership","[PREMIUM]","Enfield","CT","[PREMIUM]",,"[]",,,"[PREMIUM]"
"11b57ccd-b694-4f03-ba46-40b474729d68","2026-03-07 23:56:10.074","2026-03-07 23:56:10.074","11b57ccd-b694-4f03-ba46-40b474729d68","[PREMIUM]","Used",2020,"Toyota","Highlander Hybrid","LE","[PREMIUM]","[PREMIUM]",90898,"SUV","Gray","GRAY","Four-wheel Drive",,,"Hybrid",,,"dealership","[PREMIUM]","Santa Rosa","CA","[PREMIUM]",,"[]",,,"[PREMIUM]"
"999ba8b4-bcc1-4ac6-9de9-2ad12b46bef2","2026-03-07 23:56:10.064","2026-03-21 18:27:16.611","999ba8b4-bcc1-4ac6-9de9-2ad12b46bef2","[PREMIUM]","Used",2020,"Lexus","RX 350L","Base","[PREMIUM]","[PREMIUM]",127617,"SUV","Nebula Gray Pearl","Black W/Striated Black Trim","All-wheel Drive",,,"Gasoline",,,"dealership","[PREMIUM]","Erie","PA","[PREMIUM]",,"[]",,,"[PREMIUM]"
"1dddb418-1df2-4cd3-bf95-6841e4a8c64d","2026-03-07 23:56:10.063","2026-03-07 23:56:10.063","1dddb418-1df2-4cd3-bf95-6841e4a8c64d","[PREMIUM]","New",2020,"Toyota","Tacoma","SR","[PREMIUM]","[PREMIUM]",0,"Truck","Super White","Cement","Four-wheel Drive",,,"Gasoline",,,"dealership","[PREMIUM]","Enfield","CT","[PREMIUM]",,"[]",,,"[PREMIUM]"
"0d4c275c-c588-4093-877a-96fd93454cb0","2026-03-07 23:56:10.060","2026-03-07 23:56:10.060","0d4c275c-c588-4093-877a-96fd93454cb0","[PREMIUM]","Used",2020,"Ford","F-150","XLT","[PREMIUM]","[PREMIUM]",77876,"Truck","Race Red","Black","Rear-wheel Drive",,,"Gasoline",,,"dealership","[PREMIUM]","Arlington","TX","[PREMIUM]",,"[]",,,"[PREMIUM]"
"56e6ee4e-d2f2-4fac-b416-3589c06758a5","2026-03-07 23:56:10.049","2026-03-07 23:56:10.049","56e6ee4e-d2f2-4fac-b416-3589c06758a5","[PREMIUM]","Used",2020,"Jeep","Wrangler Unlimited","Rubicon","[PREMIUM]","[PREMIUM]",105394,"SUV","Bright White Clearcoat","Black","Four-wheel Drive",,,"Gasoline",,,"dealership","[PREMIUM]","Jacksonville","AR","[PREMIUM]",,"[]",,,"[PREMIUM]"
"8e6fc928-4dfd-48ec-8a62-7d7b86a74593","2026-03-07 23:56:10.047","2026-03-07 23:56:10.047","8e6fc928-4dfd-48ec-8a62-7d7b86a74593","[PREMIUM]","Used",2020,"Ford","Explorer","ST","[PREMIUM]","[PREMIUM]",75541,"SUV","White","BLACK","Four-wheel Drive",,,"Gasoline",,,"dealership","[PREMIUM]","Colma","CA","[PREMIUM]",,"[]",,,"[PREMIUM]"
"1f4605d0-816e-4aaf-b241-3c9224abf923","2026-03-07 23:56:10.046","2026-03-07 23:56:10.046","1f4605d0-816e-4aaf-b241-3c9224abf923","[PREMIUM]","Used",2020,"Toyota","4Runner","SR5 Premium","[PREMIUM]","[PREMIUM]",115717,"SUV","Barcelona Red Metallic","Black/Graphite","Four-wheel Drive",,,"Gasoline",,,"dealership","[PREMIUM]","Midwest City","OK","[PREMIUM]",,"[]",,,"[PREMIUM]"
"c5ed42f8-f0c1-4e84-9020-46540c55cb09","2026-03-07 23:56:10.046","2026-03-12 11:18:24.466","c5ed42f8-f0c1-4e84-9020-46540c55cb09","[PREMIUM]","Used",2020,"Chevrolet","Silverado 2500","LT","[PREMIUM]","[PREMIUM]",127415,"Truck","Red Hot","Jet Black","Four-wheel Drive",,,"Gasoline",,,"dealership","[PREMIUM]","Brillion","WI","[PREMIUM]",,"[]",,,"[PREMIUM]"
"99e1c91e-e3eb-4b46-82a2-e81a8c13a04e","2026-03-07 23:56:10.031","2026-03-07 23:56:10.031","99e1c91e-e3eb-4b46-82a2-e81a8c13a04e","[PREMIUM]","Used",2020,"Mercedes-Benz","E-Class",,"[PREMIUM]","[PREMIUM]",58310,"Sedan","White","TAN","Four-wheel Drive",,,"Gasoline",,,"dealership","[PREMIUM]","Brandywine","MD","[PREMIUM]",,"[]",,,"[PREMIUM]"
"15c31d62-9a32-4b82-bcfd-c2ed22230225","2026-03-07 23:56:10.020","2026-03-07 23:56:10.020","15c31d62-9a32-4b82-bcfd-c2ed22230225","[PREMIUM]","Used",2020,"Cadillac","CT4","V","[PREMIUM]","[PREMIUM]",65376,"Sedan","Blue","BLACK","Rear-wheel Drive",,,"Gasoline",,,"dealership","[PREMIUM]","Franklin","TN","[PREMIUM]",,"[]",,,"[PREMIUM]"
"edb332c8-32e1-43b7-a1d8-c642766d363b","2026-03-07 23:56:10.017","2026-03-07 23:56:10.017","edb332c8-32e1-43b7-a1d8-c642766d363b","[PREMIUM]","Used",2020,"Dodge","Challenger","R/T","[PREMIUM]","[PREMIUM]",54179,"Coupe","Hellraisin","Black","Rear-wheel Drive",,,"Gasoline",,,"dealership","[PREMIUM]","Bradley","IL","[PREMIUM]",,"[]",,,"[PREMIUM]"
"46e6c921-b75c-45ed-87c3-c201e55a056e","2026-03-07 23:55:49.325","2026-03-07 23:55:49.325","46e6c921-b75c-45ed-87c3-c201e55a056e","[PREMIUM]","Used",2021,"Toyota","RAV4","LE","[PREMIUM]","[PREMIUM]",45832,"SUV","Super White","Black","Front-wheel Drive",,,"Gasoline",,,"dealership","[PREMIUM]","Roseville","CA","[PREMIUM]",,"[]",,,"[PREMIUM]"
"04a78738-1788-41d1-98cc-30fe6a61a1b2","2026-03-07 23:55:49.322","2026-03-07 23:55:49.322","04a78738-1788-41d1-98cc-30fe6a61a1b2","[PREMIUM]","Used",2021,"BMW","X3","sDrive30i","[PREMIUM]","[PREMIUM]",15390,"SUV","Glacier Silver Metallic","Oyster","Rear-wheel Drive",,,"Gasoline",,,"dealership","[PREMIUM]","Sarasota","FL","[PREMIUM]",,"[]",,,"[PREMIUM]"
"89168bdc-ddcf-464c-92fc-b1d81853a1cf","2026-03-07 23:55:49.319","2026-03-07 23:55:49.319","89168bdc-ddcf-464c-92fc-b1d81853a1cf","[PREMIUM]","Used",2021,"Toyota","RAV4 Hybrid","XLE Premium","[PREMIUM]","[PREMIUM]",60572,"SUV","Blizzard Pearl","Ash","All-wheel Drive",,,"Hybrid",,,"dealership","[PREMIUM]","Roseville","CA","[PREMIUM]",,"[]",,,"[PREMIUM]"
"6ea3b621-6dac-473c-8740-e4277f38378e","2026-03-07 23:55:49.318","2026-03-07 23:55:49.318","6ea3b621-6dac-473c-8740-e4277f38378e","[PREMIUM]","Used",2021,"Toyota","Sienna","LE","[PREMIUM]","[PREMIUM]",91600,"Minivan","Predawn Gray Mica","Graphite","Front-wheel Drive",,,"Gasoline",,,"dealership","[PREMIUM]","Inver Grove Heights","MN","[PREMIUM]",,"[]",,,"[PREMIUM]"
"f07f1210-b2d2-40ec-84d5-d5f67b3ba6c2","2026-03-07 23:55:49.307","2026-03-12 11:18:00.837","f07f1210-b2d2-40ec-84d5-d5f67b3ba6c2","[PREMIUM]","Used",2021,"Chevrolet","Silverado 1500","LTZ","[PREMIUM]","[PREMIUM]",133783,"Truck","Shadow Gray Metallic","Jet Black","Four-wheel Drive",,,"Gasoline",,,"dealership","[PREMIUM]","Springfield","MO","[PREMIUM]",,"[]",,,"[PREMIUM]"
"302ef2a9-3ced-44de-8477-261b4822479b","2026-03-07 23:55:49.210","2026-03-07 23:55:49.210","302ef2a9-3ced-44de-8477-261b4822479b","[PREMIUM]","Used",2021,"Jeep","Gladiator","Willys 4x4","[PREMIUM]","[PREMIUM]",71062,"Truck","Snazzberry Pearlcoat","Black","Four-wheel Drive",,,"Gasoline",,,"dealership","[PREMIUM]","Alliance","OH","[PREMIUM]",,"[]",,,"[PREMIUM]"
"f1ea1832-fe48-40d9-b901-a0079dddb273","2026-03-07 23:55:49.161","2026-03-07 23:55:49.161","f1ea1832-fe48-40d9-b901-a0079dddb273","[PREMIUM]","Used",2021,"BMW","X5","sDrive40i","[PREMIUM]","[PREMIUM]",63633,"SUV","Alpine White","Canberra Beige/Black","Rear-wheel Drive",,,"Gasoline",,,"dealership","[PREMIUM]","Summerville","SC","[PREMIUM]",,"[]",,,"[PREMIUM]"
"0f6645b2-0d6f-4c73-9cc0-0e27d525bdce","2026-03-07 23:55:38.747","2026-03-07 23:55:38.747","0f6645b2-0d6f-4c73-9cc0-0e27d525bdce","[PREMIUM]","Used",2021,"Kia","Telluride","SX","[PREMIUM]","[PREMIUM]",69413,"SUV","Glacial White Pearl","Black","All-wheel Drive",,,"Gasoline",,,"dealership","[PREMIUM]","Rockwall","TX","[PREMIUM]",,"[]",,,"[PREMIUM]"
"98ff7204-bad3-4d68-81dc-791de8478a39","2026-03-07 23:55:38.694","2026-03-07 23:55:38.694","98ff7204-bad3-4d68-81dc-791de8478a39","[PREMIUM]","Used",2021,"Jeep","Grand Cherokee L","Limited","[PREMIUM]","[PREMIUM]",56686,"SUV","Velvet Red Pearlcoat","Beige / Black","Four-wheel Drive",,,"Gasoline",,,"dealership","[PREMIUM]","Cincinnati","OH","[PREMIUM]",,"[]",,,"[PREMIUM]"
"97738fba-5a8c-4eab-9632-a98d390a6e8f","2026-03-07 23:55:38.671","2026-03-07 23:55:38.671","97738fba-5a8c-4eab-9632-a98d390a6e8f","[PREMIUM]","Used",2021,"Jeep","Grand Cherokee L","Limited","[PREMIUM]","[PREMIUM]",69459,"SUV","Bright White Clearcoat","Global Black","Four-wheel Drive",,,"Gasoline",,,"dealership","[PREMIUM]","Shelbyville","KY","[PREMIUM]",,"[]",,,"[PREMIUM]"
"01420afe-aefa-4e97-b416-acf1a687400d","2026-03-07 23:55:28.302","2026-03-07 23:55:28.302","01420afe-aefa-4e97-b416-acf1a687400d","[PREMIUM]","Used",2021,"Jeep","Grand Cherokee L","Limited","[PREMIUM]","[PREMIUM]",59260,"SUV","Diamond Black Crystal Pearlcoat","Global Black","Four-wheel Drive",,,"Gasoline",,,"dealership","[PREMIUM]","Charlotte","NC","[PREMIUM]",,"[]",,,"[PREMIUM]"
"c7e950f7-09bd-4841-89da-1c0307982669","2026-03-07 23:55:28.288","2026-03-07 23:55:28.288","c7e950f7-09bd-4841-89da-1c0307982669","[PREMIUM]","Used",2021,"Nissan","Frontier","SV","[PREMIUM]","[PREMIUM]",18021,"Truck","Gun Metallic","Graphite","Four-wheel Drive",,,"Gasoline",,,"dealership","[PREMIUM]","Kirkland","WA","[PREMIUM]",,"[]",,,"[PREMIUM]"
"aec6944b-0823-47fb-9eb5-d89592f33b05","2026-03-07 23:55:28.286","2026-03-07 23:55:28.286","aec6944b-0823-47fb-9eb5-d89592f33b05","[PREMIUM]","Used",2021,"Tesla","Model Y","Long Range","[PREMIUM]","[PREMIUM]",42873,"SUV","White","Black","All-wheel Drive",,,"Electric",,,"dealership","[PREMIUM]","Spotsylvania","VA","[PREMIUM]",,"[]",,,"[PREMIUM]"
"502548d4-627b-43ec-9520-e36aff66addb","2026-03-07 23:55:28.284","2026-03-15 11:17:52.349","502548d4-627b-43ec-9520-e36aff66addb","[PREMIUM]","Used",2021,"Toyota","Avalon","TRD","[PREMIUM]","[PREMIUM]",91930,"Sedan","Midnight Black Metallic","Black/Red","Front-wheel Drive",,,"Gasoline",,,"dealership","[PREMIUM]","Tempe","AZ","[PREMIUM]",,"[]",,,"[PREMIUM]"
"90ee3b5c-99f0-4218-b716-7ea893e7e5cc","2026-03-07 23:55:28.278","2026-03-07 23:55:28.278","90ee3b5c-99f0-4218-b716-7ea893e7e5cc","[PREMIUM]","Used",2021,"Tesla","Model 3","Long Range","[PREMIUM]","[PREMIUM]",27927,"Sedan","Pearl White Multi-Coat","Black","All-wheel Drive",,,"Electric",,,"dealership","[PREMIUM]","Oakland","CA","[PREMIUM]",,"[]",,,"[PREMIUM]"
"d6437119-3d67-4f0b-9dfb-c6a7b343945e","2026-03-07 23:55:28.268","2026-03-07 23:55:28.268","d6437119-3d67-4f0b-9dfb-c6a7b343945e","[PREMIUM]","Used",2021,"Audi","Q3","45 S line Premium Plus","[PREMIUM]","[PREMIUM]",22047,"SUV","Glacier White Metallic","Black","All-wheel Drive",,,"Gasoline",,,"dealership","[PREMIUM]","Bellevue","WA","[PREMIUM]",,"[]",,,"[PREMIUM]"
"f16ca073-bcf0-437a-b851-95c265f39087","2026-03-07 23:55:28.263","2026-03-07 23:55:28.263","f16ca073-bcf0-437a-b851-95c265f39087","[PREMIUM]","Used",2021,"Ford","F-150","XLT","[PREMIUM]","[PREMIUM]",111988,"Truck","Silver Metallic","Black/Medium Dark Slate","Four-wheel Drive",,,"Gasoline",,,"dealership","[PREMIUM]","Waukee","IA","[PREMIUM]",,"[]",,,"[PREMIUM]"
"9352e2a3-7146-40f5-922c-855bcf4583b0","2026-03-07 23:55:28.214","2026-03-07 23:55:28.214","9352e2a3-7146-40f5-922c-855bcf4583b0","[PREMIUM]","Used",2021,"Ford","Ranger","XL","[PREMIUM]","[PREMIUM]",14000,"Truck","Shadow Black","Ebony","Four-wheel Drive",,,"Gasoline",,,"dealership","[PREMIUM]","Norwich","NY","[PREMIUM]",,"[]",,,"[PREMIUM]"
"ae281b07-c20d-4c68-a6d6-c7f84d1e1fcb","2026-03-07 23:55:28.213","2026-03-18 18:26:47.773","ae281b07-c20d-4c68-a6d6-c7f84d1e1fcb","[PREMIUM]","Used",2021,"Toyota","RAV4 Hybrid","XLE","[PREMIUM]","[PREMIUM]",71678,"SUV","Super White","Nutmeg","All-wheel Drive",,,"Hybrid",,,"dealership","[PREMIUM]","Maplewood","MN","[PREMIUM]",,"[]",,,"[PREMIUM]"
"259f4a8b-6692-401a-bdb3-70c5dada85b6","2026-03-07 23:55:28.204","2026-03-15 11:17:52.657","259f4a8b-6692-401a-bdb3-70c5dada85b6","[PREMIUM]","Used",2021,"Cadillac","CT5","Sport AWD","[PREMIUM]","[PREMIUM]",65981,"Sedan","Satin Steel Metallic","Jet Black","All-wheel Drive",,,"Gasoline",,,"dealership","[PREMIUM]","Costa Mesa","CA","[PREMIUM]",,"[]",,,"[PREMIUM]"
"f3ac95a3-457f-4d61-bcbe-0d00b8e36187","2026-03-07 23:55:28.193","2026-03-07 23:55:28.193","f3ac95a3-457f-4d61-bcbe-0d00b8e36187","[PREMIUM]","Used",2021,"Toyota","RAV4","XLE Premium","[PREMIUM]","[PREMIUM]",49965,"SUV","Midnight Black Metallic","Ash","Front-wheel Drive",,,"Gasoline",,,"dealership","[PREMIUM]","Oklahoma City","OK","[PREMIUM]",,"[]",,,"[PREMIUM]"
"7b7879f6-7ef5-4e39-8de1-6d7f546d3e1f","2026-03-07 23:55:28.181","2026-03-12 11:17:40.451","7b7879f6-7ef5-4e39-8de1-6d7f546d3e1f","[PREMIUM]","Used",2021,"Jeep","Gladiator","Sport S","[PREMIUM]","[PREMIUM]",64398,"Truck","Granite Crystal Metallic Clearcoat","Black","Four-wheel Drive",,,"Gasoline",,,"dealership","[PREMIUM]","Winchester","VA","[PREMIUM]",,"[]",,,"[PREMIUM]"
"92763a70-04aa-4a61-92f5-05df761db5bb","2026-03-07 23:55:28.181","2026-03-12 11:17:46.344","92763a70-04aa-4a61-92f5-05df761db5bb","[PREMIUM]","Used",2021,"Ford","Explorer","Timberline","[PREMIUM]","[PREMIUM]",56120,"SUV","Black","Ebony","Four-wheel Drive",,,"Gasoline",,,"dealership","[PREMIUM]","Morton","IL","[PREMIUM]",,"[]",,,"[PREMIUM]"
"d815558f-6ca3-46b1-b42b-ee32d80600c6","2026-03-07 23:55:28.168","2026-03-07 23:55:28.168","d815558f-6ca3-46b1-b42b-ee32d80600c6","[PREMIUM]","Used",2021,"Mercedes-Benz","GLA 250","Base 4MATIC","[PREMIUM]","[PREMIUM]",42671,"SUV","White","Black","Front-wheel Drive",,,"Gasoline",,,"dealership","[PREMIUM]","lithia springs","GA","[PREMIUM]",,"[]",,,"[PREMIUM]"
"3d676f0d-68c1-4ff3-b085-9b0a6b55a51e","2026-03-07 23:55:28.166","2026-03-07 23:55:28.166","3d676f0d-68c1-4ff3-b085-9b0a6b55a51e","[PREMIUM]","Used",2021,"RAM","1500","Laramie","[PREMIUM]","[PREMIUM]",125910,"Truck","Delmonico Red Pearlcoat","Black","Four-wheel Drive",,,"Gasoline",,,"dealership","[PREMIUM]","Lutz","FL","[PREMIUM]",,"[]",,,"[PREMIUM]"
"7790d12f-9876-4248-948e-dc9af0e0ed26","2026-03-07 23:55:28.163","2026-03-07 23:55:28.163","7790d12f-9876-4248-948e-dc9af0e0ed26","[PREMIUM]","Used",2021,"Ford","Transit-350",,"[PREMIUM]","[PREMIUM]",47536,"Cargo Van","White",,"Rear-wheel Drive",,,"E85 Flex Fuel",,,"dealership","[PREMIUM]","Manassas","VA","[PREMIUM]",,"[]",,,"[PREMIUM]"
"d664141a-cccb-48eb-afdc-397160f0002b","2026-03-07 23:55:28.132","2026-03-07 23:55:28.132","d664141a-cccb-48eb-afdc-397160f0002b","[PREMIUM]","Used",2021,"Mercedes-Benz","C-Class","C 300 4MATIC","[PREMIUM]","[PREMIUM]",31517,"Sedan","Black","Black","All-wheel Drive",,,"Gasoline",,,"dealership","[PREMIUM]","Owings Mills","MD","[PREMIUM]",,"[]",,,"[PREMIUM]"
"03bb4e87-f20e-4bb6-be58-df5a46c7b5ce","2026-03-07 23:55:17.735","2026-03-12 11:17:35.146","03bb4e87-f20e-4bb6-be58-df5a46c7b5ce","[PREMIUM]","Used",2021,"Nissan","NV Cargo NV2500 HD","SV V6","[PREMIUM]","[PREMIUM]",29905,"Cargo Van","Glacier White","Grey","Rear-wheel Drive",,,"Gasoline",,,"dealership","[PREMIUM]","Pompano Beach","FL","[PREMIUM]",,"[]",,,"[PREMIUM]"
"a51bdac0-e79c-488b-9d3e-35c1efdbc312","2026-03-07 23:55:17.713","2026-03-07 23:55:17.713","a51bdac0-e79c-488b-9d3e-35c1efdbc312","[PREMIUM]","Used",2021,"Nissan","NV Cargo NV2500 HD","SV V6","[PREMIUM]","[PREMIUM]",13223,"Cargo Van","Glacier White","Grey","Rear-wheel Drive",,,"Gasoline",,,"dealership","[PREMIUM]","Pompano Beach","FL","[PREMIUM]",,"[]",,,"[PREMIUM]"
"0d3e805d-004a-4d1d-8706-042e84aee308","2026-03-07 23:55:17.624","2026-03-12 11:17:21.437","0d3e805d-004a-4d1d-8706-042e84aee308","[PREMIUM]","Used",2021,"Chrysler","Pacifica Hybrid","Touring L","[PREMIUM]","[PREMIUM]",42350,"Passenger Van","Billet Silver Metallic Clearcoat","Black","Front-wheel Drive",,,"Hybrid",,,"dealership","[PREMIUM]","Elk Grove","CA","[PREMIUM]",,"[]",,,"[PREMIUM]"
"0c235681-7ed1-46cd-81b3-83ab5a8df79b","2026-03-07 23:55:17.617","2026-03-07 23:55:17.617","0c235681-7ed1-46cd-81b3-83ab5a8df79b","[PREMIUM]","Used",2021,"Chevrolet","Silverado 1500","Custom","[PREMIUM]","[PREMIUM]",90988,"Truck","Satin Steel Metallic","Jet Black","Four-wheel Drive",,,"Gasoline",,,"dealership","[PREMIUM]","Rochester Hills","MI","[PREMIUM]",,"[]",,,"[PREMIUM]"
"d05dc409-3cf4-4e73-bdc2-f50b0da3c24f","2026-03-07 23:55:17.615","2026-03-07 23:55:17.615","d05dc409-3cf4-4e73-bdc2-f50b0da3c24f","[PREMIUM]","Used",2021,"Jeep","Grand Cherokee L","Limited","[PREMIUM]","[PREMIUM]",50690,"SUV","Bright White Clearcoat","Wicker Beige/Global Black","Rear-wheel Drive",,,"Gasoline",,,"dealership","[PREMIUM]","Kansas City","MO","[PREMIUM]",,"[]",,,"[PREMIUM]"
"61a9ecf2-6c96-47d2-9be4-079c107aea85","2026-03-07 23:55:17.599","2026-03-15 11:17:42.240","61a9ecf2-6c96-47d2-9be4-079c107aea85","[PREMIUM]","Used",2021,"GMC","Yukon","Denali","[PREMIUM]","[PREMIUM]",170669,"SUV","White Frost Tricoat","Dark Walnut/Very Dark Ash Gray","Rear-wheel Drive",,,"Gasoline",,,"dealership","[PREMIUM]","Valdosta","GA","[PREMIUM]",,"[]",,,"[PREMIUM]"
"606e79bc-79a9-4881-863d-861ebde0b8bc","2026-03-07 23:55:17.597","2026-03-15 11:17:24.136","606e79bc-79a9-4881-863d-861ebde0b8bc","[PREMIUM]","Used",2021,"Toyota","Venza","XLE","[PREMIUM]","[PREMIUM]",58552,"SUV","Coastal Gray Metallic","Black","All-wheel Drive",,,"Gasoline",,,"dealership","[PREMIUM]","Athens","GA","[PREMIUM]",,"[]",,,"[PREMIUM]"
"b7d1b6bf-619f-4b7a-8958-d4985a348c72","2026-03-07 23:55:17.595","2026-03-12 11:17:21.542","b7d1b6bf-619f-4b7a-8958-d4985a348c72","[PREMIUM]","Used",2021,"Toyota","Camry","XSE","[PREMIUM]","[PREMIUM]",45473,"Sedan","Wind Chill Pearl","Cockpit Red","Front-wheel Drive",,,"Gasoline",,,"dealership","[PREMIUM]","San Diego","CA","[PREMIUM]",,"[]",,,"[PREMIUM]"
"8e75cbe0-32c4-4493-89a0-878192e225c4","2026-03-07 23:55:17.592","2026-03-07 23:55:17.592","8e75cbe0-32c4-4493-89a0-878192e225c4","[PREMIUM]","Used",2021,"Toyota","RAV4","Limited","[PREMIUM]","[PREMIUM]",89931,"SUV","Silver Sky Metallic",,"All-wheel Drive",,,"Gasoline",,,"dealership","[PREMIUM]","Dayton","OH","[PREMIUM]",,"[]",,,"[PREMIUM]"
"fbfe4792-969f-487e-ae05-6e6ca281d7f3","2026-03-07 23:55:17.581","2026-03-07 23:55:17.581","fbfe4792-969f-487e-ae05-6e6ca281d7f3","[PREMIUM]","Used",2021,"Dodge","Charger","R/T","[PREMIUM]","[PREMIUM]",43253,"Sedan","Octane Red Pearlcoat","Black","Rear-wheel Drive",,,"Gasoline",,,"dealership","[PREMIUM]","Easton","PA","[PREMIUM]",,"[]",,,"[PREMIUM]"
"9907bac0-0601-416d-ae94-47a6b76067f4","2026-03-07 23:55:17.574","2026-03-12 11:17:20.440","9907bac0-0601-416d-ae94-47a6b76067f4","[PREMIUM]","Used",2021,"Tesla","Model Y","Long Range Dual Motor All-Wheel Drive","[PREMIUM]","[PREMIUM]",52131,"SUV","Gray","White/Black","All-wheel Drive",,,"Electric",,,"dealership","[PREMIUM]","Lawndale","CA","[PREMIUM]",,"[]",,,"[PREMIUM]"
"7d2539c2-c1d6-492e-8309-1f7958432ab9","2026-03-07 23:55:17.570","2026-03-12 11:17:20.547","7d2539c2-c1d6-492e-8309-1f7958432ab9","[PREMIUM]","Used",2021,"BMW","530","i xDrive","[PREMIUM]","[PREMIUM]",68931,"Sedan","Jet Black","Canberra Beige","All-wheel Drive",,,"Gasoline",,,"dealership","[PREMIUM]","Pittsburgh","PA","[PREMIUM]",,"[]",,,"[PREMIUM]"
"af1dad05-6b23-4264-9254-76bdf20e40cb","2026-03-07 23:55:17.556","2026-03-18 18:26:36.989","af1dad05-6b23-4264-9254-76bdf20e40cb","[PREMIUM]","Used",2021,"Honda","Ridgeline","Sport","[PREMIUM]","[PREMIUM]",44768,"Truck","Platinum White Pearl","Black","All-wheel Drive",,,"Gasoline",,,"dealership","[PREMIUM]","Troy","OH","[PREMIUM]",,"[]",,,"[PREMIUM]"
"cc2f1326-a0cc-4b5c-85c1-42d1e5be3447","2026-03-07 23:55:17.495","2026-03-15 11:17:19.959","cc2f1326-a0cc-4b5c-85c1-42d1e5be3447","[PREMIUM]","Used",2021,"Nissan","NV Cargo NV2500 HD","SV V6","[PREMIUM]","[PREMIUM]",7806,"Cargo Van","Glacier White","Grey","Rear-wheel Drive",,,"Gasoline",,,"dealership","[PREMIUM]","Pompano Beach","FL","[PREMIUM]",,"[]",,,"[PREMIUM]"
"5a2faff2-bd73-4cdf-aeb5-e89c32ace986","2026-03-07 23:55:07.262","2026-03-07 23:55:07.262","5a2faff2-bd73-4cdf-aeb5-e89c32ace986","[PREMIUM]","Used",2021,"Ford","Expedition","XLT","[PREMIUM]","[PREMIUM]",79482,"SUV","Black","Ebony","Rear-wheel Drive",,,"Gasoline",,,"dealership","[PREMIUM]","Grapevine","TX","[PREMIUM]",,"[]",,,"[PREMIUM]"
"35779438-961a-4221-a53c-c374a0492a5e","2026-03-07 23:55:06.870","2026-03-21 18:26:44.734","35779438-961a-4221-a53c-c374a0492a5e","[PREMIUM]","Used",2021,"Kia","Telluride","S","[PREMIUM]","[PREMIUM]",56266,"SUV","Everlasting Silver","Black","Front-wheel Drive",,,"Gasoline",,,"dealership","[PREMIUM]","Kennesaw","GA","[PREMIUM]",,"[]",,,"[PREMIUM]"
"504e01d0-02ac-4f1b-9516-58b3de86b373","2026-03-07 23:55:06.860","2026-03-07 23:55:06.860","504e01d0-02ac-4f1b-9516-58b3de86b373","[PREMIUM]","Used",2021,"Toyota","RAV4","XLE","[PREMIUM]","[PREMIUM]",63797,"SUV","Blue Flame","Black","All-wheel Drive",,,"Gasoline",,,"dealership","[PREMIUM]","Thornton","CO","[PREMIUM]",,"[]",,,"[PREMIUM]"
"33f71b84-5340-4f74-b758-3130e8004295","2026-03-07 23:55:06.856","2026-03-07 23:55:06.856","33f71b84-5340-4f74-b758-3130e8004295","[PREMIUM]","Used",2021,"Chevrolet","Silverado 1500","Custom","[PREMIUM]","[PREMIUM]",53056,"Truck","Red Hot","Jet Black","Four-wheel Drive",,,"Gasoline",,,"dealership","[PREMIUM]","Fresno","CA","[PREMIUM]",,"[]",,,"[PREMIUM]"
"b5c7b468-5ac8-48fc-a7f4-fb0168f7c545","2026-03-07 23:55:06.855","2026-03-07 23:55:06.855","b5c7b468-5ac8-48fc-a7f4-fb0168f7c545","[PREMIUM]","Used",2021,"Tesla","Model Y","Long Range Dual Motor All-Wheel Drive","[PREMIUM]","[PREMIUM]",40021,"SUV","Solid Black","Black","All-wheel Drive",,,"Electric",,,"dealership","[PREMIUM]","Costa Mesa","CA","[PREMIUM]",,"[]",,,"[PREMIUM]"
"c7c7b7e0-c5d0-4fe4-a250-190d98c5a76f","2026-03-07 23:55:06.853","2026-03-07 23:55:06.853","c7c7b7e0-c5d0-4fe4-a250-190d98c5a76f","[PREMIUM]","Used",2021,"Nissan","Rogue","Platinum","[PREMIUM]","[PREMIUM]",3542,"SUV","White","Black","Front-wheel Drive",,,"Gasoline",,,"dealership","[PREMIUM]","Dallas","TX","[PREMIUM]",,"[]",,,"[PREMIUM]"
"dafeaf58-788a-43aa-a4c1-d1581b397515","2026-03-07 23:55:06.848","2026-03-07 23:55:06.848","dafeaf58-788a-43aa-a4c1-d1581b397515","[PREMIUM]","Used",2021,"BMW","X5","xDrive40i","[PREMIUM]","[PREMIUM]",93365,"SUV","Jet Black","Canberra Beige","All-wheel Drive",,,"Gasoline",,,"dealership","[PREMIUM]","Charlotte","NC","[PREMIUM]",,"[]",,,"[PREMIUM]"
"d6e7a574-7284-40f9-95a4-91a27491bf8f","2026-03-07 23:55:06.848","2026-03-15 11:17:22.066","d6e7a574-7284-40f9-95a4-91a27491bf8f","[PREMIUM]","Used",2021,"RAM","1500","Laramie","[PREMIUM]","[PREMIUM]",101356,"Truck","Patriot Blue Pearlcoat",,"Four-wheel Drive",,,"Diesel",,,"dealership","[PREMIUM]","Avondale","AZ","[PREMIUM]",,"[]",,,"[PREMIUM]"
"2ea455ca-20d3-4673-aadf-899416f504b9","2026-03-07 23:55:06.841","2026-03-12 11:17:20.644","2ea455ca-20d3-4673-aadf-899416f504b9","[PREMIUM]","Used",2021,"Dodge","Durango","GT","[PREMIUM]","[PREMIUM]",59717,"SUV","Octane Red Pearlcoat","Light Frost","All-wheel Drive",,,"Gasoline",,,"dealership","[PREMIUM]","Ponca City","OK","[PREMIUM]",,"[]",,,"[PREMIUM]"
"269e2f2d-7b25-44d6-86ec-bbb5e0f78ba2","2026-03-07 23:55:06.840","2026-03-07 23:55:06.840","269e2f2d-7b25-44d6-86ec-bbb5e0f78ba2","[PREMIUM]","Used",2021,"Jeep","Gladiator","Sport","[PREMIUM]","[PREMIUM]",101793,"Truck","Granite Crystal Clearcoat Metallic","Black","Four-wheel Drive",,,"Gasoline",,,"dealership","[PREMIUM]","Albuquerque","NM","[PREMIUM]",,"[]",,,"[PREMIUM]"
"3e1fd43c-c4dd-437d-beb2-e78a0c604404","2026-03-07 23:55:06.829","2026-03-07 23:55:06.829","3e1fd43c-c4dd-437d-beb2-e78a0c604404","[PREMIUM]","Used",2021,"Toyota","Avalon Hybrid","XLE","[PREMIUM]","[PREMIUM]",55946,"Sedan","Wind Chill Pearl","Harvest Beige","Front-wheel Drive",,,"Hybrid",,,"dealership","[PREMIUM]","Austin","TX","[PREMIUM]",,"[]",,,"[PREMIUM]"
"057d8b8d-2569-4c55-a3d2-4d79ea47266c","2026-03-07 23:55:06.819","2026-03-07 23:55:06.819","057d8b8d-2569-4c55-a3d2-4d79ea47266c","[PREMIUM]","Used",2021,"Chevrolet","Silverado 1500","Custom","[PREMIUM]","[PREMIUM]",43537,"Truck","Black","Jet Black","Four-wheel Drive",,,"Gasoline",,,"dealership","[PREMIUM]","Deerfield Beach","FL","[PREMIUM]",,"[]",,,"[PREMIUM]"
"0e0852c2-c5c7-47f5-a15c-e155d84564a7","2026-03-07 23:55:06.817","2026-03-07 23:55:06.817","0e0852c2-c5c7-47f5-a15c-e155d84564a7","[PREMIUM]","Used",2021,"Jeep","Gladiator","Willys 4x4","[PREMIUM]","[PREMIUM]",65292,"Truck","Black Clearcoat","Black","Four-wheel Drive",,,"Gasoline",,,"dealership","[PREMIUM]","Conway","SC","[PREMIUM]",,"[]",,,"[PREMIUM]"
"9073e182-57c0-4fc2-842e-c03e8e653689","2026-03-07 23:55:06.790","2026-03-12 11:17:09.844","9073e182-57c0-4fc2-842e-c03e8e653689","[PREMIUM]","Used",2021,"Volvo","XC60","T5 Momentum","[PREMIUM]","[PREMIUM]",17816,"SUV","White","Maroon Brown","Front-wheel Drive",,,"Gasoline",,,"dealership","[PREMIUM]","Las Vegas","NV","[PREMIUM]",,"[]",,,"[PREMIUM]"
"5a69c89b-bf4f-4d4d-ae63-6fc0daf59596","2026-03-07 23:54:56.280","2026-03-07 23:54:56.280","5a69c89b-bf4f-4d4d-ae63-6fc0daf59596","[PREMIUM]","Used",2021,"Lexus","NX 300h","Base","[PREMIUM]","[PREMIUM]",87982,"SUV","Eminent White Pearl","Creme","All-wheel Drive",,,"Gasoline",,,"dealership","[PREMIUM]","Naperville","IL","[PREMIUM]",,"[]",,,"[PREMIUM]"
"950830b2-8712-4f48-a24f-e7ff1bfda964","2026-03-07 23:54:56.045","2026-03-21 18:26:44.792","950830b2-8712-4f48-a24f-e7ff1bfda964","[PREMIUM]","Used",2021,"Toyota","RAV4","XLE","[PREMIUM]","[PREMIUM]",67921,"SUV","Ruby Flare Pearl","Black","All-wheel Drive",,,"Gasoline",,,"dealership","[PREMIUM]","Rochester","MN","[PREMIUM]",,"[]",,,"[PREMIUM]"
"7416ee96-b859-4f6b-993c-661fc17707cd","2026-03-07 23:54:55.986","2026-03-12 11:17:39.301","7416ee96-b859-4f6b-993c-661fc17707cd","[PREMIUM]","Used",2021,"Toyota","Highlander","LE","[PREMIUM]","[PREMIUM]",48805,"SUV","Ruby Flare Pearl","Black","All-wheel Drive",,,"Gasoline",,,"dealership","[PREMIUM]","Hyattsville","MD","[PREMIUM]",,"[]",,,"[PREMIUM]"
"863f2196-45ad-486d-bad7-8bae1fab35bc","2026-03-07 23:54:55.982","2026-03-15 11:17:20.134","863f2196-45ad-486d-bad7-8bae1fab35bc","[PREMIUM]","Used",2021,"Kia","Telluride","SX","[PREMIUM]","[PREMIUM]",54026,"SUV","Sangria","Gray","Front-wheel Drive",,,"Gasoline",,,"dealership","[PREMIUM]","Punta Gorda","FL","[PREMIUM]",,"[]",,,"[PREMIUM]"
"86ceda61-4f8b-4c24-a4d5-e09144d71a3b","2026-03-07 23:54:55.969","2026-03-21 18:26:44.737","86ceda61-4f8b-4c24-a4d5-e09144d71a3b","[PREMIUM]","Used",2021,"Jeep","Grand Cherokee","Limited","[PREMIUM]","[PREMIUM]",35350,"SUV","Granite Crystal Metallic Clearcoat","Black","Four-wheel Drive",,,"Gasoline",,,"dealership","[PREMIUM]","Bismarck","ND","[PREMIUM]",,"[]",,,"[PREMIUM]"
"0d03f409-a633-45a0-98bf-d9b3b940e7a7","2026-03-07 23:54:55.967","2026-03-07 23:54:55.967","0d03f409-a633-45a0-98bf-d9b3b940e7a7","[PREMIUM]","Used",2021,"Tesla","Model Y","Long Range Dual Motor All-Wheel Drive","[PREMIUM]","[PREMIUM]",53819,"SUV","Deep Blue Metallic","White/Black","All-wheel Drive",,,"Electric",,,"dealership","[PREMIUM]","Greensboro","NC","[PREMIUM]",,"[]",,,"[PREMIUM]"
"1080fe58-6329-40fc-81d0-fa6d0b9907c0","2026-03-07 23:54:55.948","2026-03-12 11:17:09.641","1080fe58-6329-40fc-81d0-fa6d0b9907c0","[PREMIUM]","Used",2021,"RAM","1500 Classic","Warlock Crew Cab 4x2 5&#39;7&#39; Box","[PREMIUM]","[PREMIUM]",32375,"Truck","Billet Silver Metallic Clearcoat","Black","Rear-wheel Drive",,,"Gasoline",,,"dealership","[PREMIUM]","Clermont","FL","[PREMIUM]",,"[]",,,"[PREMIUM]"
"4105ce42-44aa-424b-a5f7-77f33ecb0e46","2026-03-07 23:54:55.948","2026-03-07 23:54:55.948","4105ce42-44aa-424b-a5f7-77f33ecb0e46","[PREMIUM]","Used",2021,"RAM","1500","Big Horn","[PREMIUM]","[PREMIUM]",84162,"Truck","Diamond Black","Black","4WD",,,"Gasoline",,,"dealership","[PREMIUM]","Rockford","MI","[PREMIUM]",,"[]",,,"[PREMIUM]"
"6d8728bc-e2a3-42fa-9c8a-3002ebf3df58","2026-03-07 23:54:55.939","2026-03-07 23:54:55.939","6d8728bc-e2a3-42fa-9c8a-3002ebf3df58","[PREMIUM]","Used",2021,"Subaru","Outback","Touring","[PREMIUM]","[PREMIUM]",40228,"SUV","Autumn Green Metallic","Java Brown","All-wheel Drive",,,"Gasoline",,,"dealership","[PREMIUM]","Golden","CO","[PREMIUM]",,"[]",,,"[PREMIUM]"
"aa43fe14-a541-4d3f-b65d-7e9f5dda5b6c","2026-03-07 23:54:55.938","2026-03-12 11:16:57.243","aa43fe14-a541-4d3f-b65d-7e9f5dda5b6c","[PREMIUM]","Used",2021,"Jeep","Wrangler Unlimited","Sport Altitude","[PREMIUM]","[PREMIUM]",72942,"SUV","Sting-Gray Clearcoat","Black","Four-wheel Drive",,,"Gasoline",,,"dealership","[PREMIUM]","Clarksville","TN","[PREMIUM]",,"[]",,,"[PREMIUM]"
"ab16db4e-162e-48fe-9023-3c334536752a","2026-03-07 23:54:55.922","2026-03-12 11:16:56.464","ab16db4e-162e-48fe-9023-3c334536752a","[PREMIUM]","Used",2021,"RAM","1500 Classic","Warlock Quad Cab 4x4 6&#39;4&#39; Box","[PREMIUM]","[PREMIUM]",87059,"Truck","Granite Crystal Metallic Clearcoat","Black","Four-wheel Drive",,,"Gasoline",,,"dealership","[PREMIUM]","Asheville","NC","[PREMIUM]",,"[]",,,"[PREMIUM]"
"3028ecd1-c255-4769-939f-698f64ab1d28","2026-03-07 23:54:55.914","2026-03-07 23:54:55.914","3028ecd1-c255-4769-939f-698f64ab1d28","[PREMIUM]","Used",2021,"Jeep","Wrangler Unlimited","Sahara","[PREMIUM]","[PREMIUM]",78824,"SUV","Granite Crystal Clearcoat Metallic","Black","4WD",,,"Gasoline",,,"dealership","[PREMIUM]","Rockford","MI","[PREMIUM]",,"[]",,,"[PREMIUM]"
"17dc7cfa-f682-44f3-b371-b3fe8e4734b2","2026-03-07 23:54:45.217","2026-03-07 23:54:45.217","17dc7cfa-f682-44f3-b371-b3fe8e4734b2","[PREMIUM]","Used",2021,"Ford","Ranger","Lariat","[PREMIUM]","[PREMIUM]",84839,"Truck","Gray","BLACK","Four-wheel Drive",,,"Gasoline",,,"dealership","[PREMIUM]","Colorado Springs","CO","[PREMIUM]",,"[]",,,"[PREMIUM]"
"ccb2e95b-88bd-4b49-acef-3d6b1986c9a3","2026-03-07 23:54:45.203","2026-03-07 23:54:45.203","ccb2e95b-88bd-4b49-acef-3d6b1986c9a3","[PREMIUM]","Used",2021,"Chevrolet","Silverado 1500","Custom","[PREMIUM]","[PREMIUM]",80739,"Truck","Gray","GRAY","Rear-wheel Drive",,,"Gasoline",,,"dealership","[PREMIUM]","Palmdale","CA","[PREMIUM]",,"[]",,,"[PREMIUM]"
"39759a6b-617b-4596-9235-eb50a8825604","2026-03-07 23:54:45.201","2026-03-12 11:16:57.060","39759a6b-617b-4596-9235-eb50a8825604","[PREMIUM]","Used",2021,"Acura","RDX","Advance","[PREMIUM]","[PREMIUM]",50656,"SUV","Gray","CREAM","Rear-wheel Drive",,,"Gasoline",,,"dealership","[PREMIUM]","Gainesville","GA","[PREMIUM]",,"[]",,,"[PREMIUM]"
"3d88ed3d-b653-4087-a0d8-aa31f497c179","2026-03-07 23:54:45.197","2026-03-07 23:54:45.197","3d88ed3d-b653-4087-a0d8-aa31f497c179","[PREMIUM]","Used",2021,"Mercedes-Benz","GLA 250",,"[PREMIUM]","[PREMIUM]",25369,"SUV","Red","CREAM","Four-wheel Drive",,,"Gasoline",,,"dealership","[PREMIUM]","Nashville","TN","[PREMIUM]",,"[]",,,"[PREMIUM]"
"8943ee2f-bfe2-4fc5-88a4-0c70d329528f","2026-03-07 23:54:45.195","2026-03-07 23:54:45.195","8943ee2f-bfe2-4fc5-88a4-0c70d329528f","[PREMIUM]","Used",2021,"Honda","CR-V","EX","[PREMIUM]","[PREMIUM]",23295,"SUV","Gray","Gray","All-wheel Drive",,,"Gasoline",,,"private","[PREMIUM]",,,"[PREMIUM]",,"[]",,,"[PREMIUM]"
"31e91aee-7854-4923-883d-a0f174922da0","2026-03-07 23:54:45.186","2026-03-12 11:16:57.259","31e91aee-7854-4923-883d-a0f174922da0","[PREMIUM]","Used",2021,"Volkswagen","Atlas","SE w/Tech","[PREMIUM]","[PREMIUM]",47275,"SUV","Gray","BLACK","Four-wheel Drive",,,"Gasoline",,,"dealership","[PREMIUM]","Torrance","CA","[PREMIUM]",,"[]",,,"[PREMIUM]"
"d8f8a5e4-9fde-4434-8cf0-e379a486bcbd","2026-03-07 23:54:45.179","2026-03-07 23:54:45.179","d8f8a5e4-9fde-4434-8cf0-e379a486bcbd","[PREMIUM]","Used",2021,"Subaru","Outback","Onyx Edition XT","[PREMIUM]","[PREMIUM]",30522,"SUV","Black","GRAY","Four-wheel Drive",,,"Gasoline",,,"dealership","[PREMIUM]","Schaumburg","IL","[PREMIUM]",,"[]",,,"[PREMIUM]"
"22142bd6-5562-4dd2-bd24-624059ced208","2026-03-07 23:54:45.168","2026-03-21 18:26:45.309","22142bd6-5562-4dd2-bd24-624059ced208","[PREMIUM]","Used",2022,"Ford","Escape","SEL","[PREMIUM]","[PREMIUM]",35944,"SUV","Star White Metallic Tri-Coat","Ebony","Front-wheel Drive",,,"Hybrid",,,"dealership","[PREMIUM]","Baltimore","MD","[PREMIUM]",,"[]",,,"[PREMIUM]"
"e0e3d43a-ffc4-4828-83fb-c0bc7b204fea","2026-03-07 23:54:45.163","2026-03-07 23:54:45.163","e0e3d43a-ffc4-4828-83fb-c0bc7b204fea","[PREMIUM]","Used",2021,"Jeep","Wrangler","Unlimited Willys","[PREMIUM]","[PREMIUM]",41694,"SUV","Green","BLACK","Four-wheel Drive",,,"Gasoline",,,"dealership","[PREMIUM]","Columbus","OH","[PREMIUM]",,"[]",,,"[PREMIUM]"
"1b1ebd27-2587-4ac5-8321-a9ba6471c15b","2026-03-07 23:54:45.160","2026-03-18 18:26:26.267","1b1ebd27-2587-4ac5-8321-a9ba6471c15b","[PREMIUM]","Used",2021,"Dodge","Durango","GT AWD","[PREMIUM]","[PREMIUM]",56222,"SUV","DB Black Clearcoat","Black","All-wheel Drive",,,"Gasoline",,,"dealership","[PREMIUM]","Allentown","PA","[PREMIUM]",,"[]",,,"[PREMIUM]"
"6072805f-5363-4786-9d84-04634d4787a4","2026-03-07 23:54:45.156","2026-03-07 23:54:45.156","6072805f-5363-4786-9d84-04634d4787a4","[PREMIUM]","Used",2021,"RAM","1500","Lonestar","[PREMIUM]","[PREMIUM]",70470,"Truck","White","BLACK","Rear-wheel Drive",,,"Gasoline",,,"dealership","[PREMIUM]","Fort Worth","TX","[PREMIUM]",,"[]",,,"[PREMIUM]"
"b098f711-b0bf-41ba-bd29-c6ac7140f7f4","2026-03-07 23:54:45.077","2026-03-07 23:54:45.077","b098f711-b0bf-41ba-bd29-c6ac7140f7f4","[PREMIUM]","Used",2022,"Jeep","Wrangler Unlimited 4xe","Sahara","[PREMIUM]","[PREMIUM]",70175,"SUV","Silver Zynith Clearcoat","Black","Four-wheel Drive",,,"Gasoline",,,"dealership","[PREMIUM]","Honolulu","HI","[PREMIUM]",,"[]",,,"[PREMIUM]"
"15864645-3fcd-4539-8fb4-5cede7bc115f","2026-03-07 23:54:44.758","2026-03-12 11:16:57.063","15864645-3fcd-4539-8fb4-5cede7bc115f","[PREMIUM]","Used",2022,"Kia","Sorento","SX","[PREMIUM]","[PREMIUM]",44189,"SUV","Ebony Black","Black","All-wheel Drive",,,"Gasoline",,,"dealership","[PREMIUM]","Maple Shade","NJ","[PREMIUM]",,"[]",,,"[PREMIUM]"
"fa5fd0a5-a832-4509-bc23-ea241430f8ac","2026-03-07 23:54:44.751","2026-03-07 23:54:44.751","fa5fd0a5-a832-4509-bc23-ea241430f8ac","[PREMIUM]","Used",2022,"Ford","F-150","XL","[PREMIUM]","[PREMIUM]",97170,"Truck","AGATE BLACK METALLIC","DARK SLATE VINYL 40/20/40","Four-wheel Drive",,,"Gasoline",,,"dealership","[PREMIUM]","Greer","SC","[PREMIUM]",,"[]",,,"[PREMIUM]"
"4b63cf32-6097-4510-a6ed-b7fee23fbb21","2026-03-07 23:54:44.745","2026-03-18 18:26:26.754","4b63cf32-6097-4510-a6ed-b7fee23fbb21","[PREMIUM]","Used",2022,"Ford","Transit Connect","XL Cargo Van","[PREMIUM]","[PREMIUM]",66652,"Cargo Van","Frozen White","Ebony","Front-wheel Drive",,,"Gasoline",,,"dealership","[PREMIUM]","Lithia Springs","GA","[PREMIUM]",,"[]",,,"[PREMIUM]"
"255534ec-37fd-4d21-9b60-b5ddd3aa688f","2026-03-07 23:54:44.743","2026-03-12 11:16:44.747","255534ec-37fd-4d21-9b60-b5ddd3aa688f","[PREMIUM]","Used",2022,"GMC","Canyon","Elevation","[PREMIUM]","[PREMIUM]",33276,"Truck","Dynamic Blue Metallic","Jet Black","Rear-wheel Drive",,,"Gasoline",,,"dealership","[PREMIUM]","Baton Rouge","LA","[PREMIUM]",,"[]",,,"[PREMIUM]"
"fb3c2cb8-1a59-435f-8fe1-87ae710b023d","2026-03-07 23:54:44.742","2026-03-21 18:26:44.781","fb3c2cb8-1a59-435f-8fe1-87ae710b023d","[PREMIUM]","Used",2022,"Dodge","Challenger","SXT","[PREMIUM]","[PREMIUM]",17826,"Coupe","White Knuckle Clearcoat","Black","Rear-wheel Drive",,,"Gasoline",,,"dealership","[PREMIUM]","Springdale","AR","[PREMIUM]",,"[]",,,"[PREMIUM]"
"4dfc47c2-d9ae-4773-ba48-9211a8de9357","2026-03-07 23:54:44.741","2026-03-12 11:16:46.954","4dfc47c2-d9ae-4773-ba48-9211a8de9357","[PREMIUM]","Used",2022,"Subaru","Ascent","Onyx Edition 7-Passenger","[PREMIUM]","[PREMIUM]",44802,"SUV","Crystal White Pearl","Gray","All-wheel Drive",,,"Gasoline",,,"dealership","[PREMIUM]","Bozeman","MT","[PREMIUM]",,"[]",,,"[PREMIUM]"
"7931d2dd-251f-4c40-aee3-68053e6b16be","2026-03-07 23:54:44.740","2026-03-15 11:17:10.640","7931d2dd-251f-4c40-aee3-68053e6b16be","[PREMIUM]","Used",2022,"Audi","Q5","45 S line Premium","[PREMIUM]","[PREMIUM]",64800,"SUV","Glacier White Metallic","Rock Gray","All-wheel Drive",,,"Gasoline",,,"dealership","[PREMIUM]","Rosedale","MD","[PREMIUM]",,"[]",,,"[PREMIUM]"
"bb7dcb94-6480-42da-b579-e248f004f419","2026-03-07 23:54:44.740","2026-03-07 23:54:44.740","bb7dcb94-6480-42da-b579-e248f004f419","[PREMIUM]","Used",2022,"Ford","Explorer","XLT","[PREMIUM]","[PREMIUM]",39395,"SUV","CARBONIZED GRAY METALLIC","SANDSTONE ACTIVEX SEAT MTRL","Four-wheel Drive",,,"Gasoline",,,"dealership","[PREMIUM]","Millersville","MD","[PREMIUM]",,"[]",,,"[PREMIUM]"
"49af4c85-ddc4-4358-ba0a-00228ce48758","2026-03-07 23:54:44.739","2026-03-07 23:54:44.739","49af4c85-ddc4-4358-ba0a-00228ce48758","[PREMIUM]","Used",2022,"Hyundai","PALISADE","Limited","[PREMIUM]","[PREMIUM]",63146,"SUV","Moonlight Cloud","Navy/Beige","Front-wheel Drive",,,"Gasoline",,,"dealership","[PREMIUM]","Jacksonville","FL","[PREMIUM]",,"[]",,,"[PREMIUM]"
"6db7b1b3-d2c5-4586-b0a7-e2fe6b2774e7","2026-03-07 23:54:44.739","2026-03-12 11:16:57.636","6db7b1b3-d2c5-4586-b0a7-e2fe6b2774e7","[PREMIUM]","Used",2022,"Kia","Sorento","EX","[PREMIUM]","[PREMIUM]",33083,"SUV","White","BLACK","Rear-wheel Drive",,,"Gasoline",,,"dealership","[PREMIUM]","Oak Lawn","IL","[PREMIUM]",,"[]",,,"[PREMIUM]"
"6633a5f7-4086-4d8d-8dfd-f6de5b82feac","2026-03-07 23:54:44.738","2026-03-07 23:54:44.738","6633a5f7-4086-4d8d-8dfd-f6de5b82feac","[PREMIUM]","Used",2022,"Audi","Q5","Prestige","[PREMIUM]","[PREMIUM]",58618,"SUV","Gray","TAN","Four-wheel Drive",,,"Gasoline",,,"dealership","[PREMIUM]","Pleasant Hill","CA","[PREMIUM]",,"[]",,,"[PREMIUM]"
"0fcdc3c1-326b-45ad-865c-89004d6a2764","2026-03-07 23:54:44.728","2026-03-12 11:16:56.338","0fcdc3c1-326b-45ad-865c-89004d6a2764","[PREMIUM]","Used",2022,"Honda","CR-V","EX-L","[PREMIUM]","[PREMIUM]",38752,"SUV","Platinum White","Black","All-wheel Drive",,,"Gasoline",,,"dealership","[PREMIUM]","Clermont","FL","[PREMIUM]",,"[]",,,"[PREMIUM]"
"d211ac48-bdb8-41d8-aee1-fd38ff7f68eb","2026-03-07 23:54:44.725","2026-03-07 23:54:44.725","d211ac48-bdb8-41d8-aee1-fd38ff7f68eb","[PREMIUM]","Used",2022,"Jeep","Gladiator","Sport","[PREMIUM]","[PREMIUM]",50665,"Truck","Black","BLACK","4WD",,,"Gas",,,"dealership","[PREMIUM]","Myrtle Beach","SC","[PREMIUM]",,"[]",,,"[PREMIUM]"
"5cf58647-f023-44e5-881f-ff6b4254d678","2026-03-07 23:54:44.720","2026-03-12 11:16:44.506","5cf58647-f023-44e5-881f-ff6b4254d678","[PREMIUM]","Used",2022,"Nissan","Frontier","SV","[PREMIUM]","[PREMIUM]",7132,"Truck","Black","BLACK","Rear-wheel Drive",,,"Gasoline",,,"dealership","[PREMIUM]","San Jose","CA","[PREMIUM]",,"[]",,,"[PREMIUM]"
"61311c41-a4be-44ad-a604-54f912f869c6","2026-03-07 23:54:44.716","2026-03-07 23:54:44.716","61311c41-a4be-44ad-a604-54f912f869c6","[PREMIUM]","Used",2022,"Tesla","Model Y","Performance Dual Motor All-Wheel Drive","[PREMIUM]","[PREMIUM]",33052,"SUV","Red Multi-Coat","Black","All-wheel Drive",,,"Electric",,,"dealership","[PREMIUM]","Huntley","IL","[PREMIUM]",,"[]",,,"[PREMIUM]"
"1c0abf05-52fc-4ff0-9f67-3c65f8ed63a5","2026-03-07 23:54:44.714","2026-03-07 23:54:44.714","1c0abf05-52fc-4ff0-9f67-3c65f8ed63a5","[PREMIUM]","Used",2022,"Jeep","Gladiator","Willys","[PREMIUM]","[PREMIUM]",68219,"Truck","Hydro Blue Pearlcoat","Black","Four-wheel Drive",,,"Gasoline",,,"dealership","[PREMIUM]","Hollywood","FL","[PREMIUM]",,"[]",,,"[PREMIUM]"
"1ff15d74-5fb6-4320-820e-ab9801e57cd0","2026-03-07 23:54:44.711","2026-03-12 11:16:44.495","1ff15d74-5fb6-4320-820e-ab9801e57cd0","[PREMIUM]","Used",2022,"Dodge","Challenger","GT","[PREMIUM]","[PREMIUM]",50088,"Coupe","Indigo Blue","Black","Rear-wheel Drive",,,"Gasoline",,,"dealership","[PREMIUM]","Tucson","AZ","[PREMIUM]",,"[]",,,"[PREMIUM]"
"9416c8a9-53b5-405d-b0f4-1eaa7720db96","2026-03-07 23:54:44.711","2026-03-07 23:54:44.711","9416c8a9-53b5-405d-b0f4-1eaa7720db96","[PREMIUM]","Used",2022,"Toyota","Highlander","XLE","[PREMIUM]","[PREMIUM]",111067,"SUV","Midnight Black Metallic","Black","Front-wheel Drive",,,"Gasoline",,,"dealership","[PREMIUM]","San Antonio","TX","[PREMIUM]",,"[]",,,"[PREMIUM]"
"7c0e5a72-8d27-4fbb-ab36-b47e9d7701f3","2026-03-07 23:54:44.709","2026-03-07 23:54:44.709","7c0e5a72-8d27-4fbb-ab36-b47e9d7701f3","[PREMIUM]","Used",2022,"Honda","Odyssey","EX","[PREMIUM]","[PREMIUM]",52311,"Passenger Van","White","GRAY","Rear-wheel Drive",,,"Gasoline",,,"dealership","[PREMIUM]","Houston","TX","[PREMIUM]",,"[]",,,"[PREMIUM]"
"8ebd5443-7713-4873-bb46-f80cdba737b3","2026-03-07 23:54:44.709","2026-03-12 11:16:44.948","8ebd5443-7713-4873-bb46-f80cdba737b3","[PREMIUM]","Used",2022,"Mercedes-Benz","CLA 250","Base","[PREMIUM]","[PREMIUM]",26166,"Sedan","Black",,"Front-wheel Drive",,,"Gasoline",,,"dealership","[PREMIUM]","Santa Monica","CA","[PREMIUM]",,"[]",,,"[PREMIUM]"
"82464b33-a005-4c25-9967-611edc284ac5","2026-03-07 23:54:44.708","2026-03-07 23:54:44.708","82464b33-a005-4c25-9967-611edc284ac5","[PREMIUM]","Used",2022,"Chevrolet","Traverse","Premier","[PREMIUM]","[PREMIUM]",79893,"SUV","Mosaic Black Metallic","Jet Black","Front-wheel Drive",,,"Gasoline",,,"dealership","[PREMIUM]","Santa Barbara","CA","[PREMIUM]",,"[]",,,"[PREMIUM]"
"34183a46-95f7-410a-88bc-56c3482393b0","2026-03-07 23:54:44.707","2026-03-12 11:16:56.949","34183a46-95f7-410a-88bc-56c3482393b0","[PREMIUM]","Used",2022,"Ford","F-150","XLT","[PREMIUM]","[PREMIUM]",117059,"Truck","Silver Metallic","Tan","Four-wheel Drive",,,"Gasoline",,,"dealership","[PREMIUM]","Travelers Rest","SC","[PREMIUM]",,"[]",,,"[PREMIUM]"
"feb1830b-f8a9-4e00-8703-97492db87ea7","2026-03-07 23:54:44.707","2026-03-15 11:17:12.052","feb1830b-f8a9-4e00-8703-97492db87ea7","[PREMIUM]","Used",2022,"Kia","Sorento","EX","[PREMIUM]","[PREMIUM]",26953,"SUV","Gravity Grey","Black","Front-wheel Drive",,,"Gasoline",,,"dealership","[PREMIUM]","Charlotte","NC","[PREMIUM]",,"[]",,,"[PREMIUM]"
"6e9c6cb9-fe1b-4679-991d-2d94d9566d24","2026-03-07 23:54:44.704","2026-03-12 11:16:48.293","6e9c6cb9-fe1b-4679-991d-2d94d9566d24","[PREMIUM]","Used",2022,"Subaru","Outback","Touring XT","[PREMIUM]","[PREMIUM]",24885,"SUV","Crystal White Pearl","Java Brown","All-wheel Drive",,,"Gasoline",,,"dealership","[PREMIUM]","Chesapeake","VA","[PREMIUM]",,"[]",,,"[PREMIUM]"
"b2b2c984-fdf3-47d0-b0a6-00cc246fe04b","2026-03-07 23:54:44.703","2026-03-07 23:54:44.703","b2b2c984-fdf3-47d0-b0a6-00cc246fe04b","[PREMIUM]","Used",2022,"Cadillac","XT5","Premium Luxury","[PREMIUM]","[PREMIUM]",55397,"SUV","Crystal White Tricoat","Cirrus w/Dark Titanium Accents","Front-wheel Drive",,,"Gasoline",,,"dealership","[PREMIUM]","Shreveport","LA","[PREMIUM]",,"[]",,,"[PREMIUM]"
"45ff0714-d2c4-49cc-adca-99be84e5dd67","2026-03-07 23:54:44.700","2026-03-07 23:54:44.700","45ff0714-d2c4-49cc-adca-99be84e5dd67","[PREMIUM]","Used",2022,"Toyota","RAV4","XLE","[PREMIUM]","[PREMIUM]",37807,"SUV","Red","BLACK","Rear-wheel Drive",,,"Gasoline",,,"dealership","[PREMIUM]","Las Vegas","NV","[PREMIUM]",,"[]",,,"[PREMIUM]"
"a9912e15-b367-49cd-b729-cf4501a61754","2026-03-07 23:54:44.700","2026-03-07 23:54:44.700","a9912e15-b367-49cd-b729-cf4501a61754","[PREMIUM]","Used",2022,"Volkswagen","Atlas","SE w/Tech","[PREMIUM]","[PREMIUM]",50111,"SUV","White","BLACK","Four-wheel Drive",,,"Gasoline",,,"dealership","[PREMIUM]","Sterling","VA","[PREMIUM]",,"[]",,,"[PREMIUM]"
"fe14decc-49ae-4c62-af71-a33bea8d5eda","2026-03-07 23:54:44.699","2026-03-12 11:16:46.156","fe14decc-49ae-4c62-af71-a33bea8d5eda","[PREMIUM]","Used",2022,"Ford","Explorer","XLT","[PREMIUM]","[PREMIUM]",69300,"SUV","Carbonized Gray Metallic","Ebony","Four-wheel Drive",,,"Gasoline",,,"dealership","[PREMIUM]","Elwood","IN","[PREMIUM]",,"[]",,,"[PREMIUM]"
"707cf89f-a6a1-43ac-af3f-c21c0e54ea3d","2026-03-07 23:54:44.698","2026-03-07 23:54:44.698","707cf89f-a6a1-43ac-af3f-c21c0e54ea3d","[PREMIUM]","Used",2022,"Lincoln","Nautilus","Reserve","[PREMIUM]","[PREMIUM]",41855,"SUV","Burgundy Velvet Metallic Tinted Clearcoat","Sandstone","Front-wheel Drive",,,"Gasoline",,,"dealership","[PREMIUM]","Noblesville","IN","[PREMIUM]",,"[]",,,"[PREMIUM]"
"8e557f87-b81d-4d79-ac63-12c1c6eeaf02","2026-03-07 23:54:44.698","2026-03-07 23:54:44.698","8e557f87-b81d-4d79-ac63-12c1c6eeaf02","[PREMIUM]","Used",2022,"Jeep","Wrangler Unlimited 4xe","Unlimited Sahara","[PREMIUM]","[PREMIUM]",29816,"SUV","White","BLACK","Four-wheel Drive",,,"Plug-In Hybrid",,,"dealership","[PREMIUM]","Buford","GA","[PREMIUM]",,"[]",,,"[PREMIUM]"
"e4ca590e-ddf7-4592-98d2-f016fdcd35f7","2026-03-07 23:54:44.696","2026-03-21 18:26:44.703","e4ca590e-ddf7-4592-98d2-f016fdcd35f7","[PREMIUM]","Used",2022,"BMW","330","I","[PREMIUM]","[PREMIUM]",47797,"Sedan","White","TAN","Rear-wheel Drive",,,"Gasoline",,,"dealership","[PREMIUM]","Fort Worth","TX","[PREMIUM]",,"[]",,,"[PREMIUM]"
"b28e40c8-adb7-4b26-85a5-b89efe44936d","2026-03-07 23:54:44.694","2026-03-21 18:26:44.735","b28e40c8-adb7-4b26-85a5-b89efe44936d","[PREMIUM]","Used",2022,"Dodge","Durango","GT","[PREMIUM]","[PREMIUM]",33765,"SUV","White","TAN","Four-wheel Drive",,,"Gasoline",,,"dealership","[PREMIUM]","Clearwater","FL","[PREMIUM]",,"[]",,,"[PREMIUM]"
"e1918e2a-328d-4281-a479-686aa57e11b0","2026-03-07 23:54:44.690","2026-03-21 18:26:44.688","e1918e2a-328d-4281-a479-686aa57e11b0","[PREMIUM]","Used",2022,"Mercedes-Benz","GLC 300",,"[PREMIUM]","[PREMIUM]",33728,"SUV","Blue","TAN","Four-wheel Drive",,,"Gasoline",,,"dealership","[PREMIUM]","Colma","CA","[PREMIUM]",,"[]",,,"[PREMIUM]"
"467f4561-810a-431a-9fa4-d48e26d99810","2026-03-07 23:54:44.679","2026-03-12 11:16:44.754","467f4561-810a-431a-9fa4-d48e26d99810","[PREMIUM]","Used",2022,"Nissan","Maxima","SV Xtronic CVT","[PREMIUM]","[PREMIUM]",35764,"Sedan","Deep Blue Pearl","Charcoal","Front-wheel Drive",,,"Gasoline",,,"dealership","[PREMIUM]","Clermont","FL","[PREMIUM]",,"[]",,,"[PREMIUM]"
"25d8ff00-cfa0-444d-a420-4029eaf706ea","2026-03-07 23:54:44.678","2026-03-07 23:54:44.678","25d8ff00-cfa0-444d-a420-4029eaf706ea","[PREMIUM]","Used",2022,"Toyota","RAV4","XLE","[PREMIUM]","[PREMIUM]",35441,"SUV","Gray","BLACK","Rear-wheel Drive",,,"Gasoline",,,"dealership","[PREMIUM]","Davie","FL","[PREMIUM]",,"[]",,,"[PREMIUM]"
"500bab18-9e69-452d-a10d-dc4a351137b7","2026-03-07 23:54:44.647","2026-03-07 23:54:44.647","500bab18-9e69-452d-a10d-dc4a351137b7","[PREMIUM]","Used",2022,"Audi","Q3","Premium Plus 45 TFSI S line quattro Tiptronic","[PREMIUM]","[PREMIUM]",21364,"SUV","Chronos Gray Metallic","Black w/Rock Gray Stitching","All-wheel Drive",,,"Gasoline",,,"dealership","[PREMIUM]","Oakland","CA","[PREMIUM]",,"[]",,,"[PREMIUM]"
"995a6280-1965-48e2-b081-3b1da8781be8","2026-03-07 23:54:12.723","2026-03-21 18:26:23.351","995a6280-1965-48e2-b081-3b1da8781be8","[PREMIUM]","Used",2023,"Toyota","Tacoma","SR","[PREMIUM]","[PREMIUM]",34986,"Truck","Black","Cement","Rear-wheel Drive",,,"Gasoline",,,"dealership","[PREMIUM]","Scottsdale","AZ","[PREMIUM]",,"[]",,,"[PREMIUM]"
"f7eef457-89e1-495d-b593-e037231ebf02","2026-03-07 23:54:12.522","2026-03-07 23:54:12.522","f7eef457-89e1-495d-b593-e037231ebf02","[PREMIUM]","Used",2023,"Subaru","Forester","Wilderness","[PREMIUM]","[PREMIUM]",34392,"SUV","Autumn Green Metallic","Gray","All-wheel Drive",,,"Gasoline",,,"dealership","[PREMIUM]","Buffalo","MN","[PREMIUM]",,"[]",,,"[PREMIUM]"
"bc15e7bb-4ec4-4786-930c-782618717edd","2026-03-07 23:54:12.484","2026-03-12 11:16:32.483","bc15e7bb-4ec4-4786-930c-782618717edd","[PREMIUM]","Used",2023,"Subaru","Forester","Limited","[PREMIUM]","[PREMIUM]",18277,"SUV","Horizon Blue Pearl","Gray","All-wheel Drive",,,"Gasoline",,,"dealership","[PREMIUM]","Cuyahoga Falls","OH","[PREMIUM]",,"[]",,,"[PREMIUM]"
"7e85f82d-a133-4756-9c4e-81a03edeacbe","2026-03-07 23:54:12.437","2026-03-21 18:26:33.795","7e85f82d-a133-4756-9c4e-81a03edeacbe","[PREMIUM]","Used",2023,"Mazda","CX-30","2.5 Turbo Premium Plus Package","[PREMIUM]","[PREMIUM]",12467,"SUV","Soul Red Crystal Metallic","Black","All-wheel Drive",,,"Gasoline",,,"dealership","[PREMIUM]","Sanford","FL","[PREMIUM]",,"[]",,,"[PREMIUM]"
"84305b4a-4af7-402d-8a21-0c714818deb2","2026-03-07 23:54:12.436","2026-03-18 18:26:26.336","84305b4a-4af7-402d-8a21-0c714818deb2","[PREMIUM]","Used",2023,"Kia","Sportage Hybrid","EX","[PREMIUM]","[PREMIUM]",27407,"SUV","Fusion Black","Black","All-wheel Drive",,,"Hybrid",,,"dealership","[PREMIUM]","Freehold","NJ","[PREMIUM]",,"[]",,,"[PREMIUM]"
"5240502a-4315-4394-88c6-eca6743f0700","2026-03-07 23:54:12.428","2026-03-15 11:17:20.446","5240502a-4315-4394-88c6-eca6743f0700","[PREMIUM]","Used",2023,"Toyota","Camry","SE","[PREMIUM]","[PREMIUM]",48155,"Sedan","Supersonic Red","Ash","Front-wheel Drive",,,"Gasoline",,,"dealership","[PREMIUM]","Henderson","NV","[PREMIUM]",,"[]",,,"[PREMIUM]"
"7873df12-9da7-4ff1-8950-21388733fc10","2026-03-07 23:54:12.428","2026-03-07 23:54:12.428","7873df12-9da7-4ff1-8950-21388733fc10","[PREMIUM]","Used",2023,"Kia","K5","GT-Line","[PREMIUM]","[PREMIUM]",16884,"Sedan","Glacial White Pearl","Black","Front-wheel Drive",,,"Gasoline",,,"dealership","[PREMIUM]","Lake City","FL","[PREMIUM]",,"[]",,,"[PREMIUM]"
"7f9a8fbf-0d22-4ae9-9ee6-9ba2e5a101c4","2026-03-07 23:54:12.425","2026-03-07 23:54:12.425","7f9a8fbf-0d22-4ae9-9ee6-9ba2e5a101c4","[PREMIUM]","Used",2023,"Toyota","RAV4","XLE","[PREMIUM]","[PREMIUM]",27930,"SUV","Silver Sky Metallic","Black","All-wheel Drive",,,"Gasoline",,,"dealership","[PREMIUM]","Greensboro","NC","[PREMIUM]",,"[]",,,"[PREMIUM]"
"beef4bed-fb9d-4a3d-887e-2526af23d76a","2026-03-07 23:54:12.425","2026-03-07 23:54:12.425","beef4bed-fb9d-4a3d-887e-2526af23d76a","[PREMIUM]","Used",2023,"Honda","CR-V","EX-L","[PREMIUM]","[PREMIUM]",21429,"SUV","Platinum White Pearl",,"Front-wheel Drive",,,"Gasoline",,,"dealership","[PREMIUM]","Inverness","FL","[PREMIUM]",,"[]",,,"[PREMIUM]"
"feece34c-e211-4768-8200-856737babd27","2026-03-07 23:54:12.425","2026-03-12 11:16:32.748","feece34c-e211-4768-8200-856737babd27","[PREMIUM]","Used",2023,"Ford","Explorer","XLT","[PREMIUM]","[PREMIUM]",38535,"SUV","Oxford White","Ebony","Rear-wheel Drive",,,"Gasoline",,,"dealership","[PREMIUM]","Pelham","AL","[PREMIUM]",,"[]",,,"[PREMIUM]"
"e90be175-9e1c-4a2e-955c-9f9c271cfcfc","2026-03-07 23:54:12.418","2026-03-12 11:16:32.552","e90be175-9e1c-4a2e-955c-9f9c271cfcfc","[PREMIUM]","Used",2023,"Ford","Bronco Sport","Outer Banks","[PREMIUM]","[PREMIUM]",35986,"SUV","AREA 51","NAVY PIER LEA-TRIM","Four-wheel Drive",,,"Gasoline",,,"dealership","[PREMIUM]","Glendale Heights","IL","[PREMIUM]",,"[]",,,"[PREMIUM]"
"455158b3-ac50-4ba7-beda-4bdf33603d5d","2026-03-07 23:54:12.412","2026-03-21 18:26:23.528","455158b3-ac50-4ba7-beda-4bdf33603d5d","[PREMIUM]","Used",2023,"Audi","Q5","40 Premium","[PREMIUM]","[PREMIUM]",25745,"SUV","Black Metallic","Black","All-wheel Drive",,,"Gasoline",,,"dealership","[PREMIUM]","Honolulu","HI","[PREMIUM]",,"[]",,,"[PREMIUM]"
"be4bb7f5-388e-4d75-b71b-28d5862840e2","2026-03-07 23:54:12.411","2026-03-21 18:26:23.819","be4bb7f5-388e-4d75-b71b-28d5862840e2","[PREMIUM]","Used",2023,"Ford","F-150","XL","[PREMIUM]","[PREMIUM]",81717,"Truck","Oxford White","Black","4x2",,,"Regular unleaded",,,"dealership","[PREMIUM]","Travelers Rest","SC","[PREMIUM]",,"[]",,,"[PREMIUM]"
"f3e6cc8e-e08b-404d-bafa-25f7acd85532","2026-03-07 23:54:12.411","2026-03-07 23:54:12.411","f3e6cc8e-e08b-404d-bafa-25f7acd85532","[PREMIUM]","Used",2023,"Mazda","CX-9","Touring","[PREMIUM]","[PREMIUM]",47538,"SUV","Machine Gray Metallic","Sand","All-wheel Drive",,,"Gasoline",,,"dealership","[PREMIUM]","Laurel","MD","[PREMIUM]",,"[]",,,"[PREMIUM]"
"6d4dd3c5-8fbb-4770-8f76-eaeb5eb9ae32","2026-03-07 23:54:12.410","2026-03-18 18:26:15.725","6d4dd3c5-8fbb-4770-8f76-eaeb5eb9ae32","[PREMIUM]","Used",2023,"Jeep","Gladiator","Sport S","[PREMIUM]","[PREMIUM]",71309,"Truck","Sarge Green Clearcoat","Black","Four-wheel Drive",,,"Gasoline",,,"dealership","[PREMIUM]","Jacksonville","AR","[PREMIUM]",,"[]",,,"[PREMIUM]"
"e4e7f2b1-4fc5-477c-8c45-88154ab9dd3b","2026-03-07 23:54:12.406","2026-03-15 11:16:51.448","e4e7f2b1-4fc5-477c-8c45-88154ab9dd3b","[PREMIUM]","Used",2023,"Audi","A4","40 Premium Plus","[PREMIUM]","[PREMIUM]",8345,"Sedan","Navarra Blue Metallic","Black","All-wheel Drive",,,"Gasoline",,,"dealership","[PREMIUM]","Honolulu","HI","[PREMIUM]",,"[]",,,"[PREMIUM]"
"87900bf6-cbf7-449c-ab8d-dac430ff8dda","2026-03-07 23:54:12.404","2026-03-07 23:54:12.404","87900bf6-cbf7-449c-ab8d-dac430ff8dda","[PREMIUM]","Used",2023,"Ford","Transit-350","XLT","[PREMIUM]","[PREMIUM]",62619,"Cargo Van","OXFORD WHITE","DARK PALAZZO GRAY CLOTH","Rear-wheel Drive",,,"Gasoline",,,"dealership","[PREMIUM]","Rosedale","MD","[PREMIUM]",,"[]",,,"[PREMIUM]"
"43ce9b1b-f0f9-4afb-a4c9-ed1a9fbc8ac6","2026-03-07 23:54:12.403","2026-03-07 23:54:12.403","43ce9b1b-f0f9-4afb-a4c9-ed1a9fbc8ac6","[PREMIUM]","Used",2023,"Mazda","CX-5","2.5 S Carbon Edition","[PREMIUM]","[PREMIUM]",29037,"SUV","Polymetal Gray","Red","All-wheel Drive",,,"Gasoline",,,"dealership","[PREMIUM]","Laurel","MD","[PREMIUM]",,"[]",,,"[PREMIUM]"
"acfce0c8-582a-4f63-8ed5-fc7ce78b942c","2026-03-07 23:54:12.397","2026-03-18 18:26:15.894","acfce0c8-582a-4f63-8ed5-fc7ce78b942c","[PREMIUM]","Used",2023,"Chevrolet","Blazer","2LT","[PREMIUM]","[PREMIUM]",18232,"SUV","Summit White","Jet Black","Front-wheel Drive",,,"Gasoline",,,"dealership","[PREMIUM]","Jacksonville","FL","[PREMIUM]",,"[]",,,"[PREMIUM]"
"a3d8a935-a8b9-43ce-a89f-e0f347b8dce5","2026-03-07 23:54:12.391","2026-03-07 23:54:12.391","a3d8a935-a8b9-43ce-a89f-e0f347b8dce5","[PREMIUM]","Used",2023,"Toyota","Camry","SE","[PREMIUM]","[PREMIUM]",35525,"Sedan","Midnight Black","Black","Front-wheel Drive",,,"Gasoline",,,"dealership","[PREMIUM]","Cincinnati","OH","[PREMIUM]",,"[]",,,"[PREMIUM]"
"47cd97eb-71e4-4dc6-a15d-4619aac0647e","2026-03-07 23:54:12.388","2026-03-21 18:26:23.392","47cd97eb-71e4-4dc6-a15d-4619aac0647e","[PREMIUM]","Used",2023,"Subaru","Outback","Premium","[PREMIUM]","[PREMIUM]",28262,"SUV","Autumn Green Metallic","Warm Ivory","All-wheel Drive",,,"Gasoline",,,"dealership","[PREMIUM]","Minnetonka","MN","[PREMIUM]",,"[]",,,"[PREMIUM]"
"3d6bb2ff-9781-4ab5-9aeb-c65afe442b18","2026-03-07 23:54:12.386","2026-03-07 23:54:12.386","3d6bb2ff-9781-4ab5-9aeb-c65afe442b18","[PREMIUM]","Used",2023,"Nissan","Frontier","S","[PREMIUM]","[PREMIUM]",23851,"Truck","Glacier White","Charcoal","Four-wheel Drive",,,"Gasoline",,,"dealership","[PREMIUM]","Easley","SC","[PREMIUM]",,"[]",,,"[PREMIUM]"
"55c46a18-03e0-4c47-a087-a28ad7f360e2","2026-03-07 23:54:12.385","2026-03-18 18:26:15.697","55c46a18-03e0-4c47-a087-a28ad7f360e2","[PREMIUM]","Used",2023,"Chevrolet","Equinox","RS","[PREMIUM]","[PREMIUM]",24969,"SUV","White","Black","All-wheel Drive",,,"Gasoline",,,"dealership","[PREMIUM]","Chippewa Falls","WI","[PREMIUM]",,"[]",,,"[PREMIUM]"
"5c11c37c-7b03-4157-8014-e3910f596b8e","2026-03-07 23:54:12.378","2026-03-07 23:54:12.378","5c11c37c-7b03-4157-8014-e3910f596b8e","[PREMIUM]","Used",2023,"Volkswagen","Tiguan","2.0T SE R-Line Black","[PREMIUM]","[PREMIUM]",17741,"SUV","Opal White","Titan Black","Front-wheel Drive",,,"Gasoline",,,"dealership","[PREMIUM]","Kansas City","MO","[PREMIUM]",,"[]",,,"[PREMIUM]"
"96fc275a-c006-480b-ae47-90ff950d0419","2026-03-07 23:54:12.369","2026-03-07 23:54:12.369","96fc275a-c006-480b-ae47-90ff950d0419","[PREMIUM]","New",2023,"Dodge","Durango","GT Plus","[PREMIUM]","[PREMIUM]",33501,"SUV","DB Black Crystal Clearcoat","Black","All-wheel Drive",,,"Gasoline",,,"dealership","[PREMIUM]","Blair","NE","[PREMIUM]",,"[]",,,"[PREMIUM]"
"b0a48dae-f1f6-4cbb-89b1-c8ed8579f6bc","2026-03-07 23:54:12.363","2026-03-18 18:26:15.674","b0a48dae-f1f6-4cbb-89b1-c8ed8579f6bc","[PREMIUM]","Used",2023,"Genesis","G70","2.0T RWD","[PREMIUM]","[PREMIUM]",36484,"Sedan","Tasman Blue","Obsidian Black/Sandstorm Gray","Rear-wheel Drive",,,"Gasoline",,,"dealership","[PREMIUM]","Jacksonville","FL","[PREMIUM]",,"[]",,,"[PREMIUM]"
"9cc15026-b7cc-4792-b059-3b63f9367193","2026-03-07 23:54:00.874","2026-03-07 23:54:00.874","9cc15026-b7cc-4792-b059-3b63f9367193","[PREMIUM]","Used",2023,"Kia","Sorento","LX","[PREMIUM]","[PREMIUM]",26389,"SUV","Gray","BLACK","Four-wheel Drive",,,"Gasoline",,,"dealership","[PREMIUM]","Sicklerville","NJ","[PREMIUM]",,"[]",,,"[PREMIUM]"
"9a372b70-0ded-44e9-a37a-c03d114cb4f5","2026-03-07 23:54:00.873","2026-03-15 11:16:37.569","9a372b70-0ded-44e9-a37a-c03d114cb4f5","[PREMIUM]","Used",2023,"Chevrolet","Colorado","Work Truck","[PREMIUM]","[PREMIUM]",32168,"Truck","Gray","BLACK","Rear-wheel Drive",,,"Gasoline",,,"dealership","[PREMIUM]","Costa Mesa","CA","[PREMIUM]",,"[]",,,"[PREMIUM]"
"6ab845d1-73a3-47e8-9fc8-04a5a67f2c86","2026-03-07 23:54:00.835","2026-03-07 23:54:00.835","6ab845d1-73a3-47e8-9fc8-04a5a67f2c86","[PREMIUM]","Used",2023,"RAM","ProMaster 2500","Base","[PREMIUM]","[PREMIUM]",4418,"Cargo Van","Bright White Clearcoat","Black","Front-wheel Drive",,,"Gasoline",,,"dealership","[PREMIUM]","Honolulu","HI","[PREMIUM]",,"[]",,,"[PREMIUM]"
"08eb031d-9223-4154-8940-7793f50418ca","2026-03-07 23:54:00.800","2026-03-18 18:26:15.848","08eb031d-9223-4154-8940-7793f50418ca","[PREMIUM]","Used",2024,"Volvo","S60","B5 Core Dark Theme","[PREMIUM]","[PREMIUM]",19119,"Sedan","Onyx Black Metallic","Charcoal","Front-wheel Drive",,,"Gasoline",,,"dealership","[PREMIUM]","Bluffton","SC","[PREMIUM]",,"[]",,,"[PREMIUM]"
"690ebc7d-42fb-4648-98ea-aa588aef0832","2026-03-07 23:54:00.798","2026-03-15 11:16:49.242","690ebc7d-42fb-4648-98ea-aa588aef0832","[PREMIUM]","Used",2023,"RAM","ProMaster 2500","Base","[PREMIUM]","[PREMIUM]",21746,"Cargo Van","Bright White Clearcoat","Black","Front-wheel Drive",,,"Gasoline",,,"dealership","[PREMIUM]","Honolulu","HI","[PREMIUM]",,"[]",,,"[PREMIUM]"
"a8c4f3a5-5e22-4b7a-998c-5da7e18d5d3c","2026-03-07 23:54:00.797","2026-03-07 23:54:00.797","a8c4f3a5-5e22-4b7a-998c-5da7e18d5d3c","[PREMIUM]","Used",2023,"Mercedes-Benz","GLA 250",,"[PREMIUM]","[PREMIUM]",42510,"SUV","White","CREAM","Four-wheel Drive",,,"Gasoline",,,"dealership","[PREMIUM]","Tinley Park","IL","[PREMIUM]",,"[]",,,"[PREMIUM]"
"68e745ba-6291-4110-a274-6ad00ed2daa6","2026-03-07 23:54:00.795","2026-03-21 18:26:23.349","68e745ba-6291-4110-a274-6ad00ed2daa6","[PREMIUM]","Used",2023,"Jeep","Grand Cherokee L","Limited","[PREMIUM]","[PREMIUM]",36408,"SUV","Bright White Clearcoat","Global Black","Rear-wheel Drive",,,"Gasoline",,,"dealership","[PREMIUM]","Stafford","TX","[PREMIUM]",,"[]",,,"[PREMIUM]"
"bfaa19fb-7644-4fcd-8dbb-ca1f091cf5c1","2026-03-07 23:54:00.782","2026-03-07 23:54:00.782","bfaa19fb-7644-4fcd-8dbb-ca1f091cf5c1","[PREMIUM]","Used",2023,"Jeep","Gladiator","Overland","[PREMIUM]","[PREMIUM]",60640,"Truck","Black Clearcoat","Black","Four-wheel Drive",,,"Gasoline",,,"dealership","[PREMIUM]","Denver","CO","[PREMIUM]",,"[]",,,"[PREMIUM]"
"52e72200-c7c0-4199-a379-b68e59443917","2026-03-07 23:54:00.781","2026-03-07 23:54:00.781","52e72200-c7c0-4199-a379-b68e59443917","[PREMIUM]","Used",2023,"Chevrolet","Traverse","Premier","[PREMIUM]","[PREMIUM]",72639,"SUV","Sterling Gray Metallic","Jet Black","All-wheel Drive",,,"Gasoline",,,"dealership","[PREMIUM]","Saukville","WI","[PREMIUM]",,"[]",,,"[PREMIUM]"
"b4e509ef-3a72-4b7e-85f1-6e3cdfd45e4d","2026-03-07 23:54:00.777","2026-03-21 18:26:23.318","b4e509ef-3a72-4b7e-85f1-6e3cdfd45e4d","[PREMIUM]","Used",2023,"Ford","Maverick","XLT","[PREMIUM]","[PREMIUM]",37462,"Truck","Oxford White","Black Onyx/Medium Dark Slate","All-wheel Drive",,,"Gasoline",,,"dealership","[PREMIUM]","Louisville","NE","[PREMIUM]",,"[]",,,"[PREMIUM]"
"0970e3d6-4b64-441a-a11c-d72f389f9ed9","2026-03-07 23:54:00.776","2026-03-07 23:54:00.776","0970e3d6-4b64-441a-a11c-d72f389f9ed9","[PREMIUM]","Used",2023,"Tesla","Model Y","Long Range Dual Motor All-Wheel Drive","[PREMIUM]","[PREMIUM]",35183,"SUV","Gray","Black","All-wheel Drive",,,"Electric",,,"dealership","[PREMIUM]","Huntley","IL","[PREMIUM]",,"[]",,,"[PREMIUM]"
"7c28f84d-d6b7-411f-b22a-1cb081ee73c5","2026-03-07 23:54:00.775","2026-03-18 18:26:15.794","7c28f84d-d6b7-411f-b22a-1cb081ee73c5","[PREMIUM]","Used",2023,"Honda","HR-V","EX-L","[PREMIUM]","[PREMIUM]",20521,"SUV","Modern Steel Metallic","Black","All-wheel Drive",,,"Gasoline",,,"dealership","[PREMIUM]","Salem","OR","[PREMIUM]",,"[]",,,"[PREMIUM]"
"3502ae9b-e33e-4475-8af5-2ad6d6a30a15","2026-03-07 23:54:00.773","2026-03-21 18:26:23.540","3502ae9b-e33e-4475-8af5-2ad6d6a30a15","[PREMIUM]","Used",2023,"Mazda","CX-30","2.5 S Premium Package","[PREMIUM]","[PREMIUM]",16207,"SUV","Jet Black Mica","White","All-wheel Drive",,,"Gasoline",,,"dealership","[PREMIUM]","Irving","TX","[PREMIUM]",,"[]",,,"[PREMIUM]"
"353dca23-ae0b-4ffe-8abf-7da0b1aa0723","2026-03-07 23:54:00.772","2026-03-07 23:54:00.772","353dca23-ae0b-4ffe-8abf-7da0b1aa0723","[PREMIUM]","Used",2023,"Kia","Sportage","SX Prestige","[PREMIUM]","[PREMIUM]",17872,"SUV","Gray","BLACK","Rear-wheel Drive",,,"Gasoline",,,"dealership","[PREMIUM]","Davie","FL","[PREMIUM]",,"[]",,,"[PREMIUM]"
"dd33a8fe-b8c2-4eac-80c3-b1da19d53074","2026-03-07 23:54:00.771","2026-03-07 23:54:00.771","dd33a8fe-b8c2-4eac-80c3-b1da19d53074","[PREMIUM]","Used",2023,"Kia","Sorento","X-Line S","[PREMIUM]","[PREMIUM]",36107,"SUV","Gray","BLACK","Four-wheel Drive",,,"Gasoline",,,"dealership","[PREMIUM]","Milwaukee","WI","[PREMIUM]",,"[]",,,"[PREMIUM]"
"6f1981b5-f60c-47eb-8be8-da4e797d2814","2026-03-07 23:54:00.770","2026-03-07 23:54:00.770","6f1981b5-f60c-47eb-8be8-da4e797d2814","[PREMIUM]","Used",2023,"Mazda","CX-5","2.5 S Preferred Package","[PREMIUM]","[PREMIUM]",28687,"SUV","Eternal Blue Mica","Black","All-wheel Drive",,,"Gasoline",,,"dealership","[PREMIUM]","Hyannis","MA","[PREMIUM]",,"[]",,,"[PREMIUM]"
"e1aaf5af-dd36-4bbc-8560-4fa7a4abe0f7","2026-03-07 23:54:00.769","2026-03-21 18:26:25.114","e1aaf5af-dd36-4bbc-8560-4fa7a4abe0f7","[PREMIUM]","Used",2023,"Nissan","Pathfinder","Platinum 4WD","[PREMIUM]","[PREMIUM]",101563,"SUV","Boulder Gray Pearl","Chestnut","Four-wheel Drive",,,"Gasoline",,,"dealership","[PREMIUM]","Norwood","MA","[PREMIUM]",,"[]",,,"[PREMIUM]"
"9149be4d-d46e-49ff-b64c-4272816bc595","2026-03-07 23:54:00.766","2026-03-07 23:54:00.766","9149be4d-d46e-49ff-b64c-4272816bc595","[PREMIUM]","Used",2023,"Jeep","Wrangler 4xe","Sahara","[PREMIUM]","[PREMIUM]",46707,"SUV","Black Clearcoat","Dark Saddle/Black","Four-wheel Drive",,,"Gasoline",,,"dealership","[PREMIUM]","Maple Shade","NJ","[PREMIUM]",,"[]",,,"[PREMIUM]"
"bdcb8d08-e8a3-4b2c-bb40-e0bd1951ed1d","2026-03-07 23:54:00.762","2026-03-18 18:26:15.810","bdcb8d08-e8a3-4b2c-bb40-e0bd1951ed1d","[PREMIUM]","Used",2023,"Ford","Bronco Sport","Big Bend","[PREMIUM]","[PREMIUM]",15699,"SUV","Gray Metallic","Ebony","Four-wheel Drive",,,"Gasoline",,,"dealership","[PREMIUM]","Rochester","NY","[PREMIUM]",,"[]",,,"[PREMIUM]"
"a84c5a8d-cf32-4604-9365-441d19b4be0c","2026-03-07 23:54:00.761","2026-03-07 23:54:00.761","a84c5a8d-cf32-4604-9365-441d19b4be0c","[PREMIUM]","Used",2024,"Chevrolet","Colorado","WT","[PREMIUM]","[PREMIUM]",13021,"Truck","Sand Dune Metallic","Jet Black","Rear-wheel Drive",,,"Gasoline",,,"dealership","[PREMIUM]","Rosedale","MD","[PREMIUM]",,"[]",,,"[PREMIUM]"
"513a1cfd-8f53-46c4-8ebd-84b18771b351","2026-03-07 23:54:00.760","2026-03-12 11:16:34.445","513a1cfd-8f53-46c4-8ebd-84b18771b351","[PREMIUM]","Used",2023,"Toyota","Corolla Cross","LE","[PREMIUM]","[PREMIUM]",35681,"SUV","Cypress","Black","All-wheel Drive",,,"Gasoline",,,"dealership","[PREMIUM]","Brunswick","OH","[PREMIUM]",,"[]",,,"[PREMIUM]"
"8644c097-fcd1-4514-9ade-87d8c6d0febf","2026-03-07 23:54:00.760","2026-03-21 18:26:33.788","8644c097-fcd1-4514-9ade-87d8c6d0febf","[PREMIUM]","Used",2023,"Chevrolet","Traverse","LT Leather","[PREMIUM]","[PREMIUM]",76124,"SUV","Summit White","Jet Black, Leather-Appointed Seat Trim","Front-wheel Drive",,,"Gasoline",,,"dealership","[PREMIUM]","Irving","TX","[PREMIUM]",,"[]",,,"[PREMIUM]"
"5f9143e1-d0ca-48b3-88eb-fbee8652db73","2026-03-07 23:54:00.758","2026-03-12 11:16:54.939","5f9143e1-d0ca-48b3-88eb-fbee8652db73","[PREMIUM]","Used",2023,"Nissan","Titan","SV","[PREMIUM]","[PREMIUM]",78824,"Truck","Super Black","Black","Four-wheel Drive",,,"Gasoline",,,"dealership","[PREMIUM]","Norwood","MA","[PREMIUM]",,"[]",,,"[PREMIUM]"
"c3f8f2e0-2109-4cb4-8acf-97591dc26182","2026-03-07 23:54:00.758","2026-03-07 23:54:00.758","c3f8f2e0-2109-4cb4-8acf-97591dc26182","[PREMIUM]","Used",2023,"Chevrolet","Traverse","LT Leather","[PREMIUM]","[PREMIUM]",64800,"SUV","Summit White","Jet Black, Leather-Appointed Seat Trim","Front-wheel Drive",,,"Gasoline",,,"dealership","[PREMIUM]","Irving","TX","[PREMIUM]",,"[]",,,"[PREMIUM]"
"6df66a16-3c87-4ea7-b472-3fcd212da987","2026-03-07 23:54:00.753","2026-03-07 23:54:00.753","6df66a16-3c87-4ea7-b472-3fcd212da987","[PREMIUM]","Used",2023,"Toyota","Corolla Cross","LE","[PREMIUM]","[PREMIUM]",25117,"SUV","Blue","BLACK","Rear-wheel Drive",,,"Gasoline",,,"dealership","[PREMIUM]","Hillside","IL","[PREMIUM]",,"[]",,,"[PREMIUM]"
"dab0fdae-c574-4ac2-9d2f-fb36dd98eac7","2026-03-07 23:54:00.654","2026-03-12 11:16:23.755","dab0fdae-c574-4ac2-9d2f-fb36dd98eac7","[PREMIUM]","Used",2024,"Chrysler","Voyager","LX","[PREMIUM]","[PREMIUM]",44122,"Passenger Van","Bright White Clearcoat","Black/Alloy/Black","Front-wheel Drive",,,"Gasoline",,,"dealership","[PREMIUM]","Punta Gorda","FL","[PREMIUM]",,"[]",,,"[PREMIUM]"
"090086c0-5b0f-4aeb-b54a-7c654d2967f1","2026-03-07 23:54:00.644","2026-03-07 23:54:00.644","090086c0-5b0f-4aeb-b54a-7c654d2967f1","[PREMIUM]","Used",2023,"Subaru","Ascent","Premium 8-Passenger","[PREMIUM]","[PREMIUM]",24281,"SUV","Cosmic Blue Pearl","Warm Ivory","All-wheel Drive",,,"Gasoline",,,"dealership","[PREMIUM]","Schaumburg","IL","[PREMIUM]",,"[]",,,"[PREMIUM]"
"b90758b4-f640-4872-9dae-d7ee4988978f","2026-03-07 23:54:00.642","2026-03-07 23:54:00.642","b90758b4-f640-4872-9dae-d7ee4988978f","[PREMIUM]","Used",2023,"Mazda","MX-5 Miata","RF Grand Touring","[PREMIUM]","[PREMIUM]",10624,"Convertible","White","BLACK","Rear-wheel Drive",,,"Gasoline",,,"dealership","[PREMIUM]","Irvine","CA","[PREMIUM]",,"[]",,,"[PREMIUM]"
"4737b0f8-83f3-4107-bf91-49dafc0c3707","2026-03-07 23:54:00.640","2026-03-12 11:16:26.454","4737b0f8-83f3-4107-bf91-49dafc0c3707","[PREMIUM]","Used",2023,"Kia","K5","GT-Line","[PREMIUM]","[PREMIUM]",19412,"Sedan","White","RED","Four-wheel Drive",,,"Gasoline",,,"dealership","[PREMIUM]","Wilmington","NC","[PREMIUM]",,"[]",,,"[PREMIUM]"
"fe899c49-892c-4c88-b373-bade89441cec","2026-03-07 23:54:00.635","2026-03-12 11:16:29.982","fe899c49-892c-4c88-b373-bade89441cec","[PREMIUM]","Used",2024,"Nissan","Sentra","SR","[PREMIUM]","[PREMIUM]",11620,"Sedan","Monarch Orange Metallic/Super Black","Sport","Front-wheel Drive",,,"Gasoline",,,"dealership","[PREMIUM]","Maysville","KY","[PREMIUM]",,"[]",,,"[PREMIUM]"
"894c68f9-5a17-40ef-b32a-d009a6b25bed","2026-03-07 23:54:00.619","2026-03-07 23:54:00.619","894c68f9-5a17-40ef-b32a-d009a6b25bed","[PREMIUM]","Used",2023,"Mazda","MX-5 Miata","Grand Touring","[PREMIUM]","[PREMIUM]",13366,"Convertible","Platinum Quartz Metallic","Teracotta","Rear-wheel Drive",,,"Gasoline",,,"dealership","[PREMIUM]","Shreveport","LA","[PREMIUM]",,"[]",,,"[PREMIUM]"
"e78d617b-2105-4830-a684-b1b44c0cbdac","2026-03-07 23:54:00.611","2026-03-15 11:16:53.637","e78d617b-2105-4830-a684-b1b44c0cbdac","[PREMIUM]","Used",2024,"Honda","Accord Hybrid","Sport","[PREMIUM]","[PREMIUM]",17940,"Sedan","Nh-912p/Urban G","Black","Front-wheel Drive",,,"Hybrid",,,"dealership","[PREMIUM]","Durham","NC","[PREMIUM]",,"[]",,,"[PREMIUM]"
"3a7e43b3-060c-4f22-bfc0-f42e6bce659c","2026-03-07 23:53:50.513","2026-03-12 11:16:43.844","3a7e43b3-060c-4f22-bfc0-f42e6bce659c","[PREMIUM]","Used",2025,"Toyota","Camry","SE","[PREMIUM]","[PREMIUM]",59654,"Sedan","Midnight Black Metallic","Black","Front-wheel Drive",,,"Gasoline",,,"dealership","[PREMIUM]","Columbia","MO","[PREMIUM]",,"[]",,,"[PREMIUM]"
"4478fcc0-c331-4c3f-bc90-d161eb188fd8","2026-03-07 23:53:49.532","2026-03-07 23:53:49.532","4478fcc0-c331-4c3f-bc90-d161eb188fd8","[PREMIUM]","Used",2023,"Mazda","CX-5","2.5 S Premium Package","[PREMIUM]","[PREMIUM]",13941,"SUV","Gray","BLACK","Four-wheel Drive",,,"Gasoline",,,"dealership","[PREMIUM]","King of Prussia","PA","[PREMIUM]",,"[]",,,"[PREMIUM]"
"3bdae107-50a9-431b-ad14-b4fafde9c587","2026-03-07 23:53:49.516","2026-03-07 23:53:49.516","3bdae107-50a9-431b-ad14-b4fafde9c587","[PREMIUM]","Used",2024,"Mazda","CX-5","2.5 S Select Package","[PREMIUM]","[PREMIUM]",8275,"SUV","Blue","BLACK","Four-wheel Drive",,,"Gasoline",,,"dealership","[PREMIUM]","King of Prussia","PA","[PREMIUM]",,"[]",,,"[PREMIUM]"
"b6730b98-0a72-45f1-a0bc-b052839cb4d7","2026-03-07 23:53:49.513","2026-03-07 23:53:49.513","b6730b98-0a72-45f1-a0bc-b052839cb4d7","[PREMIUM]","Used",2024,"Chrysler","Pacifica","Touring L","[PREMIUM]","[PREMIUM]",64152,"Minivan","Diamond Black Crystal Pearlcoat","Black","Front-wheel Drive",,,"Gasoline",,,"dealership","[PREMIUM]","Greenfield","WI","[PREMIUM]",,"[]",,,"[PREMIUM]"
"a74b7ac3-aac8-4610-aa12-3de41353f473","2026-03-07 23:53:49.508","2026-03-07 23:53:49.508","a74b7ac3-aac8-4610-aa12-3de41353f473","[PREMIUM]","Used",2024,"Honda","HR-V","EX-L","[PREMIUM]","[PREMIUM]",4899,"SUV","Lunar Silver Metallic","Gray","All-wheel Drive",,,"Gasoline",,,"dealership","[PREMIUM]","Omaha","NE","[PREMIUM]",,"[]",,,"[PREMIUM]"
"5b4f986e-39d1-425d-af85-9d6cebfcd7a9","2026-03-07 23:53:49.504","2026-03-07 23:53:49.504","5b4f986e-39d1-425d-af85-9d6cebfcd7a9","[PREMIUM]","Used",2023,"Subaru","Forester","Premium","[PREMIUM]","[PREMIUM]",14701,"SUV","Black","BLACK","Four-wheel Drive",,,"Gasoline",,,"dealership","[PREMIUM]","Memphis","TN","[PREMIUM]",,"[]",,,"[PREMIUM]"
"b3d4b8be-788a-415b-a128-c3870311ccd9","2026-03-07 23:53:49.504","2026-03-12 11:16:40.142","b3d4b8be-788a-415b-a128-c3870311ccd9","[PREMIUM]","Used",2024,"Hyundai","KONA","Limited","[PREMIUM]","[PREMIUM]",6526,"SUV","Ecotronic Gray Pearl","Black","All-wheel Drive",,,"Gasoline",,,"dealership","[PREMIUM]","Birmingham","AL","[PREMIUM]",,"[]",,,"[PREMIUM]"
"b0460b9c-d4e0-44d6-8b32-6786787aa207","2026-03-07 23:53:49.497","2026-03-21 18:26:23.473","b0460b9c-d4e0-44d6-8b32-6786787aa207","[PREMIUM]","Used",2024,"Jeep","Grand Cherokee 4xe","Base","[PREMIUM]","[PREMIUM]",4766,"SUV","Baltic Gray Metallic Clearcoat","Global Black","Four-wheel Drive",,,"Gasoline",,,"dealership","[PREMIUM]","Milwaukee","WI","[PREMIUM]",,"[]",,,"[PREMIUM]"
"da4095bd-5eb3-4d0a-8006-e9ccbe00efff","2026-03-07 23:53:49.484","2026-03-07 23:53:49.484","da4095bd-5eb3-4d0a-8006-e9ccbe00efff","[PREMIUM]","Used",2023,"Jeep","Grand Cherokee","Limited","[PREMIUM]","[PREMIUM]",36132,"SUV","White","BLACK","Four-wheel Drive",,,"Gasoline",,,"dealership","[PREMIUM]","Laurel","MD","[PREMIUM]",,"[]",,,"[PREMIUM]"
"9ad50837-dde8-4ce7-af05-c4fbcf94f863","2026-03-07 23:53:49.481","2026-03-07 23:53:49.481","9ad50837-dde8-4ce7-af05-c4fbcf94f863","[PREMIUM]","Used",2025,"Toyota","RAV4","LE","[PREMIUM]","[PREMIUM]",22352,"SUV","White","BLACK","Four-wheel Drive",,,"Gasoline",,,"dealership","[PREMIUM]","Independence","MO","[PREMIUM]",,"[]",,,"[PREMIUM]"
"a5452393-84f8-4673-974b-ee013b01bf0b","2026-03-07 23:53:49.481","2026-03-07 23:53:49.481","a5452393-84f8-4673-974b-ee013b01bf0b","[PREMIUM]","Used",2024,"Jeep","Grand Cherokee L","Limited","[PREMIUM]","[PREMIUM]",36950,"SUV","Silver Zynith","Global Black","Four-wheel Drive",,,"Gasoline",,,"dealership","[PREMIUM]","Charlotte","NC","[PREMIUM]",,"[]",,,"[PREMIUM]"
"0e96270c-4ac6-4659-823f-12a2c55545dd","2026-03-07 23:53:49.468","2026-03-12 11:16:17.250","0e96270c-4ac6-4659-823f-12a2c55545dd","[PREMIUM]","Used",2024,"Toyota","RAV4","LE","[PREMIUM]","[PREMIUM]",46288,"SUV","Midnight Black Metallic","Black","All-wheel Drive",,,"Gasoline",,,"dealership","[PREMIUM]","Eastpointe","MI","[PREMIUM]",,"[]",,,"[PREMIUM]"
"c265aded-122b-4700-9edf-0aa87d570921","2026-03-07 23:53:49.454","2026-03-07 23:53:49.454","c265aded-122b-4700-9edf-0aa87d570921","[PREMIUM]","Used",2024,"Honda","HR-V","Sport","[PREMIUM]","[PREMIUM]",4366,"SUV","Platinum White Pearl","Black","All-wheel Drive",,,"Gasoline",,,"dealership","[PREMIUM]","Clermont","FL","[PREMIUM]",,"[]",,,"[PREMIUM]"
"439a5547-03ca-4c52-adbc-a4759f729f94","2026-03-07 23:53:49.448","2026-03-12 11:16:28.270","439a5547-03ca-4c52-adbc-a4759f729f94","[PREMIUM]","Used",2025,"Toyota","RAV4","XLE","[PREMIUM]","[PREMIUM]",35223,"SUV","Midnight Black Metallic","Black","Front-wheel Drive",,,"Gasoline",,,"dealership","[PREMIUM]","Columbia","MO","[PREMIUM]",,"[]",,,"[PREMIUM]"
"64b501f5-9c8f-4a1c-a247-8fe698ea4a95","2026-03-07 23:53:49.443","2026-03-07 23:53:49.443","64b501f5-9c8f-4a1c-a247-8fe698ea4a95","[PREMIUM]","Used",2024,"Toyota","RAV4","LE","[PREMIUM]","[PREMIUM]",34412,"SUV","Black","BLACK","Four-wheel Drive",,,"Gasoline",,,"dealership","[PREMIUM]","Reno","NV","[PREMIUM]",,"[]",,,"[PREMIUM]"
"e590b0d0-d397-4588-b4a0-1bb4e4444c05","2026-03-07 23:53:49.442","2026-03-12 11:16:15.049","e590b0d0-d397-4588-b4a0-1bb4e4444c05","[PREMIUM]","Used",2025,"Jeep","Compass","Trailhawk","[PREMIUM]","[PREMIUM]",25495,"SUV","Bright White Clearcoat","Ruby Red/Black","Four-wheel Drive",,,"Gasoline",,,"dealership","[PREMIUM]","Morehead","KY","[PREMIUM]",,"[]",,,"[PREMIUM]"
"97aca6a4-2192-49f1-8e1b-8aa4a61a7714","2026-03-07 23:53:49.434","2026-03-07 23:53:49.434","97aca6a4-2192-49f1-8e1b-8aa4a61a7714","[PREMIUM]","Used",2024,"Honda","Accord Hybrid","Sport-L","[PREMIUM]","[PREMIUM]",36904,"Sedan","Blue","BLACK","Rear-wheel Drive",,,"Hybrid",,,"dealership","[PREMIUM]","Austin","TX","[PREMIUM]",,"[]",,,"[PREMIUM]"
"5686af81-3f47-412f-a099-e5a76826be65","2026-03-07 23:53:49.427","2026-03-07 23:53:49.427","5686af81-3f47-412f-a099-e5a76826be65","[PREMIUM]","Used",2025,"Toyota","RAV4","XLE","[PREMIUM]","[PREMIUM]",30516,"SUV","Midnight Black Metallic","Black","Front-wheel Drive",,,"Gasoline",,,"dealership","[PREMIUM]","Columbia","MO","[PREMIUM]",,"[]",,,"[PREMIUM]"
"89dcf218-31dd-498f-876e-82272428bf54","2026-03-07 23:53:49.396","2026-03-15 11:16:27.435","89dcf218-31dd-498f-876e-82272428bf54","[PREMIUM]","Used",2025,"Chevrolet","Equinox","1LT","[PREMIUM]","[PREMIUM]",11205,"SUV","Radiant Red Tintcoat","Black","Front-wheel Drive",,,"Gasoline",,,"dealership","[PREMIUM]","Santa Barbara","CA","[PREMIUM]",,"[]",,,"[PREMIUM]"
"86e03f6e-84f8-49b2-a2de-c7b69bc55d6b","2026-03-07 23:53:49.383","2026-03-07 23:53:49.383","86e03f6e-84f8-49b2-a2de-c7b69bc55d6b","[PREMIUM]","Used",2025,"Honda","Accord","LX 1.5T","[PREMIUM]","[PREMIUM]",20740,"Sedan","Crystal Black Pearl","Black","Front-wheel Drive",,,"Gasoline",,,"dealership","[PREMIUM]","Hyattsville","MD","[PREMIUM]",,"[]",,,"[PREMIUM]"
"decf1e96-5e7f-4de4-8aa7-3736dfeb9704","2026-03-07 23:53:49.365","2026-03-07 23:53:49.365","decf1e96-5e7f-4de4-8aa7-3736dfeb9704","[PREMIUM]","Used",2024,"Jeep","Grand Cherokee","Altitude","[PREMIUM]","[PREMIUM]",29161,"SUV","Gray","BLACK","Rear-wheel Drive",,,"Gasoline",,,"dealership","[PREMIUM]","Houston","TX","[PREMIUM]",,"[]",,,"[PREMIUM]"
"94833288-afc4-48b1-80c3-952e76f8ce90","2026-03-07 23:53:49.299","2026-03-07 23:53:49.299","94833288-afc4-48b1-80c3-952e76f8ce90","[PREMIUM]","Used",2024,"Chevrolet","Colorado","WT","[PREMIUM]","[PREMIUM]",15782,"Truck","Summit White","Black","Rear-wheel Drive",,,"Gasoline",,,"dealership","[PREMIUM]","Jacksonville","AR","[PREMIUM]",,"[]",,,"[PREMIUM]"
"517733ae-356a-49b2-b817-cd87d8a27d35","2026-03-07 23:53:49.276","2026-03-21 18:26:17.783","517733ae-356a-49b2-b817-cd87d8a27d35","[PREMIUM]","Used",2025,"Toyota","Camry","LE","[PREMIUM]","[PREMIUM]",23277,"Sedan","Ice","Black","Front-wheel Drive",,,"Gasoline",,,"dealership","[PREMIUM]","Westborough","MA","[PREMIUM]",,"[]",,,"[PREMIUM]"
"fde55ab3-b771-4c59-99b7-73f44dd5f303","2026-03-07 23:53:49.271","2026-03-15 11:16:22.747","fde55ab3-b771-4c59-99b7-73f44dd5f303","[PREMIUM]","Used",2025,"Toyota","RAV4","XLE","[PREMIUM]","[PREMIUM]",36364,"SUV","Silver Sky Metallic","Black","All-wheel Drive",,,"Gasoline",,,"dealership","[PREMIUM]","Columbia","MO","[PREMIUM]",,"[]",,,"[PREMIUM]"
"1f615584-6f33-42a3-a9df-007ee8236899","2026-03-07 23:53:49.265","2026-03-07 23:53:49.265","1f615584-6f33-42a3-a9df-007ee8236899","[PREMIUM]","Used",2024,"Toyota","RAV4","LE","[PREMIUM]","[PREMIUM]",35755,"SUV","Gray","BLACK","Four-wheel Drive",,,"Gasoline",,,"dealership","[PREMIUM]","Pleasant Hill","CA","[PREMIUM]",,"[]",,,"[PREMIUM]"
"bfc3ff2a-9fdb-4799-9091-79feb27d59b5","2026-03-07 23:53:49.263","2026-03-18 18:25:42.530","bfc3ff2a-9fdb-4799-9091-79feb27d59b5","[PREMIUM]","Used",2024,"Volkswagen","Tiguan","2.0T SEL R-Line 4MOTION","[PREMIUM]","[PREMIUM]",9712,"SUV","Atlantic Blue Metallic","Titan Black","All-wheel Drive",,,"Gasoline",,,"dealership","[PREMIUM]","Sheboygan","WI","[PREMIUM]",,"[]",,,"[PREMIUM]"
"e3c7a76a-7651-4ed1-a884-3a9e27ad8cf9","2026-03-07 23:53:49.261","2026-03-07 23:53:49.261","e3c7a76a-7651-4ed1-a884-3a9e27ad8cf9","[PREMIUM]","Used",2024,"Chevrolet","Colorado","WT","[PREMIUM]","[PREMIUM]",12540,"Truck","Harvest Bronze Metallic","Black","Rear-wheel Drive",,,"Gasoline",,,"dealership","[PREMIUM]","Jacksonville","AR","[PREMIUM]",,"[]",,,"[PREMIUM]"
"1f0e03aa-5895-460b-a595-032d9850c3a6","2026-03-07 23:53:49.259","2026-03-15 11:16:13.232","1f0e03aa-5895-460b-a595-032d9850c3a6","[PREMIUM]","Used",2024,"Kia","K5","GT","[PREMIUM]","[PREMIUM]",45582,"Sedan","Wolf Gray","Black","Front-wheel Drive",,,"Gasoline",,,"dealership","[PREMIUM]","Arlington","TX","[PREMIUM]",,"[]",,,"[PREMIUM]"
"d3d6b569-1001-48bd-8464-e0b0a5c22cd1","2026-03-07 23:53:49.256","2026-03-07 23:53:49.256","d3d6b569-1001-48bd-8464-e0b0a5c22cd1","[PREMIUM]","Used",2024,"Toyota","RAV4","LE","[PREMIUM]","[PREMIUM]",29742,"SUV","Black","BLACK","Four-wheel Drive",,,"Gasoline",,,"dealership","[PREMIUM]","Duarte","CA","[PREMIUM]",,"[]",,,"[PREMIUM]"
"0be42237-5757-489a-a4d6-34419a656bd7","2026-03-07 23:53:49.248","2026-03-18 18:26:04.787","0be42237-5757-489a-a4d6-34419a656bd7","[PREMIUM]","Used",2024,"Jeep","Grand Cherokee L","Altitude","[PREMIUM]","[PREMIUM]",46449,"SUV","Diamond Black Crystal Pearlcoat","Global Black","Four-wheel Drive",,,"Gasoline",,,"dealership","[PREMIUM]","Huntley","IL","[PREMIUM]",,"[]",,,"[PREMIUM]"
"9159b60a-cf58-4719-8890-a668312a7234","2026-03-07 23:53:49.241","2026-03-07 23:53:49.241","9159b60a-cf58-4719-8890-a668312a7234","[PREMIUM]","New",2025,"Volkswagen","Taos","1.5T SE","[PREMIUM]","[PREMIUM]",10,"SUV","Blue",,"All-wheel Drive",,,"Gasoline",,,"dealership","[PREMIUM]","Evanston","IL","[PREMIUM]",,"[]",,,"[PREMIUM]"
"ae20b390-1ac5-4394-8e19-a8b94e1be431","2026-03-07 23:53:49.240","2026-03-07 23:53:49.240","ae20b390-1ac5-4394-8e19-a8b94e1be431","[PREMIUM]","Used",2025,"Kia","Sportage","X-Line","[PREMIUM]","[PREMIUM]",9819,"SUV","Jungle Green","Black","All-wheel Drive",,,"Gasoline",,,"dealership","[PREMIUM]","Johnston","RI","[PREMIUM]",,"[]",,,"[PREMIUM]"
"ecb7a0a5-879a-43e5-9b3a-76c79cfaf3b6","2026-03-07 23:53:49.240","2026-03-07 23:53:49.240","ecb7a0a5-879a-43e5-9b3a-76c79cfaf3b6","[PREMIUM]","Used",2024,"Toyota","Corolla Cross","LE","[PREMIUM]","[PREMIUM]",41453,"SUV","Sonic Silver","Black","Front-wheel Drive",,,"Gasoline",,,"dealership","[PREMIUM]","Metairie","LA","[PREMIUM]",,"[]",,,"[PREMIUM]"
"ff82ff0e-fef4-4567-ac55-96df3f213b98","2026-03-07 23:53:49.239","2026-03-07 23:53:49.239","ff82ff0e-fef4-4567-ac55-96df3f213b98","[PREMIUM]","Used",2025,"Chrysler","Pacifica","L","[PREMIUM]","[PREMIUM]",45740,"Minivan","Ceramic Gray Clearcoat","Black","Front-wheel Drive",,,"Gasoline",,,"dealership","[PREMIUM]","Punta Gorda","FL","[PREMIUM]",,"[]",,,"[PREMIUM]"
"a670c0c4-72f6-4134-a048-fdf6613cae21","2026-03-07 23:53:49.235","2026-03-07 23:53:49.235","a670c0c4-72f6-4134-a048-fdf6613cae21","[PREMIUM]","New",2025,"Volkswagen","Jetta","1.5T Sport","[PREMIUM]","[PREMIUM]",2,"Sedan",,"Titan Black w/Molekular Inserts","Front-wheel Drive",,,"Gasoline",,,"dealership","[PREMIUM]","Woodland Hills","CA","[PREMIUM]",,"[]",,,"[PREMIUM]"
"68943edc-3a0a-4e44-88b8-6826660e81c5","2026-03-07 23:53:49.233","2026-03-07 23:53:49.233","68943edc-3a0a-4e44-88b8-6826660e81c5","[PREMIUM]","Used",2024,"Ford","Maverick","XLT","[PREMIUM]","[PREMIUM]",29284,"Truck","Silver","BLACK","Four-wheel Drive",,,"Gasoline",,,"dealership","[PREMIUM]","Richmond","TX","[PREMIUM]",,"[]",,,"[PREMIUM]"
"f446ec8c-33c6-49cb-bf3d-b685db182eb1","2026-03-07 23:53:49.228","2026-03-15 11:16:37.556","f446ec8c-33c6-49cb-bf3d-b685db182eb1","[PREMIUM]","Used",2024,"Subaru","Crosstrek","Premium","[PREMIUM]","[PREMIUM]",19554,"SUV","Offshore Blue Metallic","Blc","All-wheel Drive",,,"Gasoline",,,"dealership","[PREMIUM]","Gresham","OR","[PREMIUM]",,"[]",,,"[PREMIUM]"
"b5f99a06-7229-4029-a565-833ff79d8f34","2026-03-07 23:53:49.226","2026-03-07 23:53:49.226","b5f99a06-7229-4029-a565-833ff79d8f34","[PREMIUM]","Used",2025,"Toyota","Prius","LE","[PREMIUM]","[PREMIUM]",13356,"Hatchback","Cutting Edge","Gradient Black","Front-wheel Drive",,,"Gasoline",,,"dealership","[PREMIUM]","Westborough","MA","[PREMIUM]",,"[]",,,"[PREMIUM]"
"0989749b-78af-41a0-a994-a9dd6a60afff","2026-03-07 23:53:49.225","2026-03-15 11:16:37.364","0989749b-78af-41a0-a994-a9dd6a60afff","[PREMIUM]","Used",2024,"Ford","Maverick","XL","[PREMIUM]","[PREMIUM]",13128,"Truck","White","BLACK","Four-wheel Drive",,,"Gasoline",,,"dealership","[PREMIUM]","Loveland","CO","[PREMIUM]",,"[]",,,"[PREMIUM]"
"455df1d7-de69-40fb-b04c-7dcaeacfbd24","2026-03-07 23:53:49.221","2026-03-07 23:53:49.221","455df1d7-de69-40fb-b04c-7dcaeacfbd24","[PREMIUM]","Used",2024,"Volkswagen","Atlas Cross Sport","2.0T SE w/Technology","[PREMIUM]","[PREMIUM]",29855,"SUV","Silver Mist Metallic","Titan Black","Front-wheel Drive",,,"Gasoline",,,"dealership","[PREMIUM]","Miami Lakes","FL","[PREMIUM]",,"[]",,,"[PREMIUM]"
"c635442e-f282-4271-b2a7-3e8d8b94836b","2026-03-07 23:53:49.217","2026-03-12 11:16:43.749","c635442e-f282-4271-b2a7-3e8d8b94836b","[PREMIUM]","Used",2024,"Jeep","Wrangler 4xe","Sport S","[PREMIUM]","[PREMIUM]",18243,"SUV","Granite Crystal Metallic Clearcoat","Black","Four-wheel Drive",,,"Gasoline",,,"dealership","[PREMIUM]","Phoenix","AZ","[PREMIUM]",,"[]",,,"[PREMIUM]"
"3de3a5ba-47ef-45f0-971e-eea5199d68d9","2026-03-07 23:53:49.216","2026-03-21 18:26:13.200","3de3a5ba-47ef-45f0-971e-eea5199d68d9","[PREMIUM]","Used",2024,"Chrysler","Voyager","LX","[PREMIUM]","[PREMIUM]",53833,"Passenger Van","Bright White Clearcoat","Black/Alloy/Black","Front-wheel Drive",,,"Gasoline",,,"dealership","[PREMIUM]","Oak Lawn","IL","[PREMIUM]",,"[]",,,"[PREMIUM]"
"806aff0d-d417-4d1e-b625-04b0c8a07610","2026-03-07 23:53:49.216","2026-03-15 11:16:26.479","806aff0d-d417-4d1e-b625-04b0c8a07610","[PREMIUM]","Used",2024,"Honda","Accord","EX","[PREMIUM]","[PREMIUM]",24423,"Sedan","Platinum White Pearl","Gray","Front-wheel Drive",,,"Gasoline",,,"dealership","[PREMIUM]","Daytona Beach","FL","[PREMIUM]",,"[]",,,"[PREMIUM]"
"bbc2ceb8-52af-4be7-9e93-308344d7e3ee","2026-03-07 23:53:49.213","2026-03-12 11:15:59.372","bbc2ceb8-52af-4be7-9e93-308344d7e3ee","[PREMIUM]","Used",2025,"Nissan","Rogue","SV","[PREMIUM]","[PREMIUM]",12698,"SUV","Gun Metallic","charcoal","All-wheel Drive",,,"Gasoline",,,"dealership","[PREMIUM]","Madison","WI","[PREMIUM]",,"[]",,,"[PREMIUM]"
"24008777-9e66-4395-bcc6-45e8b65962fa","2026-03-07 23:53:49.212","2026-03-15 11:16:26.456","24008777-9e66-4395-bcc6-45e8b65962fa","[PREMIUM]","Used",2024,"Subaru","Crosstrek","Limited","[PREMIUM]","[PREMIUM]",30662,"SUV","Magnetite Gray Metallic","Black","All-wheel Drive",,,"Gasoline",,,"dealership","[PREMIUM]","Gresham","OR","[PREMIUM]",,"[]",,,"[PREMIUM]"
"5ccd5e51-1a4a-421e-b076-4d3ac915dbd6","2026-03-07 23:53:49.212","2026-03-18 18:25:32.375","5ccd5e51-1a4a-421e-b076-4d3ac915dbd6","[PREMIUM]","Used",2024,"Honda","CR-V","LX 2WD","[PREMIUM]","[PREMIUM]",6363,"SUV","Urban Gray Pearl","Black","Front-wheel Drive",,,"Gasoline",,,"dealership","[PREMIUM]","Henderson","NV","[PREMIUM]",,"[]",,,"[PREMIUM]"
"6e73c7e6-b709-4e41-bc6d-83def69415ab","2026-03-07 23:53:49.208","2026-03-07 23:53:49.208","6e73c7e6-b709-4e41-bc6d-83def69415ab","[PREMIUM]","New",2025,"Ford","Maverick","XLT","[PREMIUM]","[PREMIUM]",0,"Truck","OXFORD WHITE","Black Onyx","All-wheel Drive",,,"Gasoline",,,"dealership","[PREMIUM]","Fort Myers","FL","[PREMIUM]",,"[]",,,"[PREMIUM]"
"499cf500-9bb1-4692-8e4e-d83d49a24175","2026-03-07 23:53:49.207","2026-03-15 11:16:27.640","499cf500-9bb1-4692-8e4e-d83d49a24175","[PREMIUM]","Used",2024,"Toyota","RAV4","XLE","[PREMIUM]","[PREMIUM]",35762,"SUV","Magnetic Gray Metallic","Black","Front-wheel Drive",,,"Gasoline",,,"dealership","[PREMIUM]","North Little Rock","AR","[PREMIUM]",,"[]",,,"[PREMIUM]"
"711549d5-e47f-4b0e-8f9b-b9243f1d2b2d","2026-03-07 23:53:49.207","2026-03-15 11:16:40.992","711549d5-e47f-4b0e-8f9b-b9243f1d2b2d","[PREMIUM]","Used",2025,"Mazda","CX-5","2.5 S Preferred Package","[PREMIUM]","[PREMIUM]",4487,"SUV","Jet Black Mica","Black","All-wheel Drive",,,"Gasoline",,,"dealership","[PREMIUM]","Madison","WI","[PREMIUM]",,"[]",,,"[PREMIUM]"
"c6a4c1f0-8ef6-4b94-ae70-f4501706781a","2026-03-07 23:53:49.205","2026-03-07 23:53:49.205","c6a4c1f0-8ef6-4b94-ae70-f4501706781a","[PREMIUM]","Used",2024,"Ford","Escape","ST-Line","[PREMIUM]","[PREMIUM]",9832,"SUV","White Metallic","Ebony","Front-wheel Drive",,,"Gasoline",,,"dealership","[PREMIUM]","Kissimmee","FL","[PREMIUM]",,"[]",,,"[PREMIUM]"
"5ca23fbe-ce89-4d4e-9c37-1d4c88de2889","2026-03-07 23:53:49.204","2026-03-07 23:53:49.204","5ca23fbe-ce89-4d4e-9c37-1d4c88de2889","[PREMIUM]","Used",2024,"Subaru","Legacy","Limited","[PREMIUM]","[PREMIUM]",24090,"Sedan","Cosmic Blue Pearl","Slate Black","All-wheel Drive",,,"Gasoline",,,"dealership","[PREMIUM]","Bridgeport","WV","[PREMIUM]",,"[]",,,"[PREMIUM]"
"04dd4847-f3c9-4f71-bc42-ba59dc133f0a","2026-03-07 23:53:49.199","2026-03-07 23:53:49.199","04dd4847-f3c9-4f71-bc42-ba59dc133f0a","[PREMIUM]","Used",2025,"Honda","HR-V","AWD Sport","[PREMIUM]","[PREMIUM]",16150,"SUV","Crystal Black Pearl","Black","All-wheel Drive",,,"Gasoline",,,"dealership","[PREMIUM]","Phoenix","AZ","[PREMIUM]",,"[]",,,"[PREMIUM]"
"61f3edb1-2cb4-421f-9652-1089be09d992","2026-03-07 23:53:49.197","2026-03-07 23:53:49.197","61f3edb1-2cb4-421f-9652-1089be09d992","[PREMIUM]","Used",2025,"Toyota","Camry","SE","[PREMIUM]","[PREMIUM]",43007,"Sedan","Ice Cap","Black","Front-wheel Drive",,,"Gasoline",,,"dealership","[PREMIUM]","Clarksville","TN","[PREMIUM]",,"[]",,,"[PREMIUM]"
"e9eb9d2f-e0d1-479a-b243-4aa591d04564","2026-03-07 23:53:49.194","2026-03-15 11:16:26.455","e9eb9d2f-e0d1-479a-b243-4aa591d04564","[PREMIUM]","Used",2025,"Buick","Envista","Sport Touring FWD","[PREMIUM]","[PREMIUM]",15161,"SUV","Cinnabar Metallic","Ebony w/Santorini Blue Stitching","Front-wheel Drive",,,"Gasoline",,,"dealership","[PREMIUM]","Fayetteville","AR","[PREMIUM]",,"[]",,,"[PREMIUM]"
"193c8e8b-c2e3-4294-8491-88b7d2f99400","2026-03-07 23:53:49.192","2026-03-07 23:53:49.192","193c8e8b-c2e3-4294-8491-88b7d2f99400","[PREMIUM]","Used",2024,"Toyota","RAV4","LE","[PREMIUM]","[PREMIUM]",40826,"SUV","Gray","BLACK","Four-wheel Drive",,,"Gasoline",,,"dealership","[PREMIUM]","Hillside","IL","[PREMIUM]",,"[]",,,"[PREMIUM]"
"4057d4a7-a671-427b-8062-0a18faa7aba7","2026-03-07 23:53:49.179","2026-03-07 23:53:49.179","4057d4a7-a671-427b-8062-0a18faa7aba7","[PREMIUM]","Used",2025,"Chevrolet","Trax","FWD 2RS","[PREMIUM]","[PREMIUM]",7914,"SUV","Sterling Gray Metallic","Jet Black w/Red Accents","Front-wheel Drive",,,"Gasoline",,,"dealership","[PREMIUM]","Daytona Beach","FL","[PREMIUM]",,"[]",,,"[PREMIUM]"
"59699f18-1ff8-4e6e-82f3-c018edfb530a","2026-03-07 23:53:49.163","2026-03-07 23:53:49.163","59699f18-1ff8-4e6e-82f3-c018edfb530a","[PREMIUM]","Used",2024,"Mazda","CX-90","Turbo Preferred","[PREMIUM]","[PREMIUM]",49782,"SUV","Gray","BLACK","Four-wheel Drive",,,"Gasoline",,,"dealership","[PREMIUM]","Parker","CO","[PREMIUM]",,"[]",,,"[PREMIUM]"
"658c3317-f546-4b71-ab63-8fe42e7c772c","2026-03-07 23:53:49.100","2026-03-07 23:53:49.100","658c3317-f546-4b71-ab63-8fe42e7c772c","[PREMIUM]","Used",2024,"Kia","Carnival","LX Seat Package","[PREMIUM]","[PREMIUM]",41557,"Passenger Van","Gray","BLACK","Rear-wheel Drive",,,"Gasoline",,,"dealership","[PREMIUM]","Kenosha","WI","[PREMIUM]",,"[]",,,"[PREMIUM]"
"ea2e70ca-d2e9-4b34-a3f4-fd3584c6bbae","2026-03-07 23:53:37.489","2026-03-15 11:16:14.439","ea2e70ca-d2e9-4b34-a3f4-fd3584c6bbae","[PREMIUM]","Used",2025,"Subaru","Crosstrek","Premium","[PREMIUM]","[PREMIUM]",9426,"SUV","Blue Metallic","Gray","All-wheel Drive",,,"Gasoline",,,"dealership","[PREMIUM]","Cincinnati","OH","[PREMIUM]",,"[]",,,"[PREMIUM]"
"2395b335-a108-40f7-8fb2-2b7c18add062","2026-03-07 23:53:37.446","2026-03-07 23:53:37.446","2395b335-a108-40f7-8fb2-2b7c18add062","[PREMIUM]","Used",2025,"Honda","Accord","LX 1.5T","[PREMIUM]","[PREMIUM]",2590,"Sedan","Meteorite Gray Metallic","Gray","Front-wheel Drive",,,"Gasoline",,,"dealership","[PREMIUM]","Clive","IA","[PREMIUM]",,"[]",,,"[PREMIUM]"
"ec1d34ec-0d8b-4871-b163-6bdfa788c3de","2026-03-07 23:53:37.368","2026-03-07 23:53:37.368","ec1d34ec-0d8b-4871-b163-6bdfa788c3de","[PREMIUM]","New",2025,"Toyota","Corolla Hybrid","LE","[PREMIUM]","[PREMIUM]",0,"Sedan","Celestite","Black","Front-wheel Drive",,,"Hybrid",,,"dealership","[PREMIUM]","Enfield","CT","[PREMIUM]",,"[]",,,"[PREMIUM]"
"779e1163-a5f0-432f-9c64-7b21ac7b10ee","2026-03-07 23:53:37.258","2026-03-07 23:53:37.258","779e1163-a5f0-432f-9c64-7b21ac7b10ee","[PREMIUM]","Used",2025,"Honda","Prologue","Touring","[PREMIUM]","[PREMIUM]",6132,"SUV","Snowfall Pearl","Black","All-wheel Drive",,,"Electric",,,"dealership","[PREMIUM]","Union City","GA","[PREMIUM]",,"[]",,,"[PREMIUM]"
"1ae3dcda-bcb8-44af-86c0-764bc05cbb5b","2026-03-07 23:53:37.235","2026-03-21 18:26:14.457","1ae3dcda-bcb8-44af-86c0-764bc05cbb5b","[PREMIUM]","New",2026,"Chevrolet","Trax","FWD 2RS","[PREMIUM]","[PREMIUM]",5,"SUV","Summit White","Jet Black w/Red Accents","Front-wheel Drive",,,"Gasoline",,,"dealership","[PREMIUM]","North Highlands","CA","[PREMIUM]",,"[]",,,"[PREMIUM]"
"6e63bcea-0a66-42fa-8d55-2585f9205a81","2026-03-07 23:53:37.202","2026-03-21 18:26:02.048","6e63bcea-0a66-42fa-8d55-2585f9205a81","[PREMIUM]","Used",2025,"Volkswagen","Tiguan","2.0T S 4MOTION","[PREMIUM]","[PREMIUM]",3868,"SUV","Pure White","Grigio &amp; Black","All-wheel Drive",,,"Gasoline",,,"dealership","[PREMIUM]","Pasadena","MD","[PREMIUM]",,"[]",,,"[PREMIUM]"
"78f635f1-d768-4559-85bb-ac91d9e9f6fc","2026-03-07 23:53:37.202","2026-03-12 11:15:59.359","78f635f1-d768-4559-85bb-ac91d9e9f6fc","[PREMIUM]","Used",2025,"Toyota","Corolla Cross","L","[PREMIUM]","[PREMIUM]",11879,"SUV","Silver","GRAY","Rear-wheel Drive",,,"Gasoline",,,"dealership","[PREMIUM]","Midlothian","VA","[PREMIUM]",,"[]",,,"[PREMIUM]"
"8d18db3a-bbc9-48f6-bbaf-d1b802803e0f","2026-03-07 23:53:37.189","2026-03-07 23:53:37.189","8d18db3a-bbc9-48f6-bbaf-d1b802803e0f","[PREMIUM]","Used",2025,"Kia","Sportage","EX","[PREMIUM]","[PREMIUM]",10395,"SUV","Glacial White Pearl","Black","Front-wheel Drive",,,"Gasoline",,,"dealership","[PREMIUM]","Peoria","IL","[PREMIUM]",,"[]",,,"[PREMIUM]"
"b6ab4984-d3fa-43c6-9e23-ac8d9e7a3ec4","2026-03-07 23:53:37.160","2026-03-07 23:53:37.160","b6ab4984-d3fa-43c6-9e23-ac8d9e7a3ec4","[PREMIUM]","Used",2025,"Ford","Escape","ST-Line","[PREMIUM]","[PREMIUM]",5480,"SUV","Carbonized Gray Metallic","Ebony","All-wheel Drive",,,"Gasoline",,,"dealership","[PREMIUM]","Parma","OH","[PREMIUM]",,"[]",,,"[PREMIUM]"
"e3ac5369-0bc7-452a-bf70-e6bffa3504bb","2026-03-07 23:53:37.155","2026-03-12 11:15:59.153","e3ac5369-0bc7-452a-bf70-e6bffa3504bb","[PREMIUM]","Used",2025,"Chevrolet","Equinox","FWD RS","[PREMIUM]","[PREMIUM]",17632,"SUV","Sterling Gray Metallic","Black w/Red Accents","Front-wheel Drive",,,"Gasoline",,,"dealership","[PREMIUM]","Leesburg","VA","[PREMIUM]",,"[]",,,"[PREMIUM]"
"fb818910-1f7f-439a-9325-f00ef6426e01","2026-03-07 23:53:37.147","2026-03-07 23:53:37.147","fb818910-1f7f-439a-9325-f00ef6426e01","[PREMIUM]","Used",2025,"Toyota","RAV4","XLE","[PREMIUM]","[PREMIUM]",17415,"SUV","Midnight Black Metallic","Black","All-wheel Drive",,,"Gasoline",,,"dealership","[PREMIUM]","Centennial","CO","[PREMIUM]",,"[]",,,"[PREMIUM]"
"04466484-1dd0-494a-a40f-c15c2b0873fe","2026-03-07 23:53:26.674","2026-03-07 23:53:26.674","04466484-1dd0-494a-a40f-c15c2b0873fe","[PREMIUM]","New",2026,"Toyota","Corolla","LE","[PREMIUM]","[PREMIUM]",1,"Sedan","Ice Cap","Light Gray","Front-wheel Drive",,,"Gasoline",,,"dealership","[PREMIUM]","rochester","NY","[PREMIUM]",,"[]",,,"[PREMIUM]"
"60e142d8-e10f-448b-bcba-a3ebbcb267c6","2026-03-07 23:53:16.750","2026-03-12 11:15:59.949","60e142d8-e10f-448b-bcba-a3ebbcb267c6","[PREMIUM]","New",2026,"Honda","Civic","LX","[PREMIUM]","[PREMIUM]",0,"Sedan","Platinum White Pearl","Black","Front-wheel Drive",,,"Gasoline",,,"dealership","[PREMIUM]","Charlotte","NC","[PREMIUM]",,"[]",,,"[PREMIUM]"
"3b42fb0e-e0ce-4171-b442-a8a2ec6cd1e9","2026-03-07 23:53:16.702","2026-03-07 23:53:16.702","3b42fb0e-e0ce-4171-b442-a8a2ec6cd1e9","[PREMIUM]","New",2026,"Honda","Civic","LX","[PREMIUM]","[PREMIUM]",0,"Sedan","Meteorite Gray Metallic","Black","Front-wheel Drive",,,"Gasoline",,,"dealership","[PREMIUM]","Charlotte","NC","[PREMIUM]",,"[]",,,"[PREMIUM]"
"406ad826-b7c2-4cc2-b82e-fee34c612ffb","2026-03-07 23:53:16.687","2026-03-18 18:25:21.239","406ad826-b7c2-4cc2-b82e-fee34c612ffb","[PREMIUM]","New",2026,"Toyota","Corolla","SE","[PREMIUM]","[PREMIUM]",120,"Sedan","Classic Silver Metallic","Moonstone Premi","Front-wheel Drive",,,"Gasoline",,,"dealership","[PREMIUM]","San Marcos","TX","[PREMIUM]",,"[]",,,"[PREMIUM]"
"e3c0a211-05ed-4a2a-9052-e8d627c254b6","2026-03-07 23:53:16.683","2026-03-07 23:53:16.683","e3c0a211-05ed-4a2a-9052-e8d627c254b6","[PREMIUM]","New",2026,"Honda","Civic","LX","[PREMIUM]","[PREMIUM]",0,"Sedan","Solar Silver Metallic","Black","Front-wheel Drive",,,"Gasoline",,,"dealership","[PREMIUM]","Charlotte","NC","[PREMIUM]",,"[]",,,"[PREMIUM]"
"da331324-d8ac-4dbd-a2f2-83332ccb9c12","2026-03-07 23:53:16.681","2026-03-07 23:53:16.681","da331324-d8ac-4dbd-a2f2-83332ccb9c12","[PREMIUM]","New",2026,"Honda","HR-V","Sport","[PREMIUM]","[PREMIUM]",5,"SUV","Crystal Black Pearl","Black","All-wheel Drive",,,"Gasoline",,,"dealership","[PREMIUM]","Chicago","IL","[PREMIUM]",,"[]",,,"[PREMIUM]"
"a69d70f4-1c3d-4d93-8111-429b3b6ff268","2026-03-07 23:53:16.679","2026-03-07 23:53:16.679","a69d70f4-1c3d-4d93-8111-429b3b6ff268","[PREMIUM]","New",2026,"Chevrolet","Trax","FWD 1RS","[PREMIUM]","[PREMIUM]",3,"SUV","Mosaic Black Metallic","Jet Black/Gray w/Red Accents","Front-wheel Drive",,,"Gasoline",,,"dealership","[PREMIUM]","Jacksonville","NC","[PREMIUM]",,"[]",,,"[PREMIUM]"
"eaa0dd1f-ff2d-4696-9a08-695852deaba0","2026-03-07 23:53:16.669","2026-03-07 23:53:16.669","eaa0dd1f-ff2d-4696-9a08-695852deaba0","[PREMIUM]","Used",2026,"GMC","Terrain","AWD Elevation","[PREMIUM]","[PREMIUM]",20436,"SUV","Ebony Twilight Metallic","After Dark","All-wheel Drive",,,"Gasoline",,,"dealership","[PREMIUM]","Allentown","PA","[PREMIUM]",,"[]",,,"[PREMIUM]"
"fc3f5247-6072-43d2-9485-87f6b3231e0c","2026-03-07 23:53:16.661","2026-03-07 23:53:16.661","fc3f5247-6072-43d2-9485-87f6b3231e0c","[PREMIUM]","New",2026,"Kia","K5","LXS FWD","[PREMIUM]","[PREMIUM]",5,"Sedan","Interstellar G","Black","Front-wheel Drive",,,"Gasoline",,,"dealership","[PREMIUM]","Cerritos","CA","[PREMIUM]",,"[]",,,"[PREMIUM]"
"4f7a8e9a-d09c-4203-9117-3578a784233b","2026-03-07 23:53:16.656","2026-03-18 18:25:32.109","4f7a8e9a-d09c-4203-9117-3578a784233b","[PREMIUM]","New",2026,"Kia","K5","GT-Line FWD","[PREMIUM]","[PREMIUM]",9,"Sedan","Steel Matte Gray","Black","Front-wheel Drive",,,"Gasoline",,,"dealership","[PREMIUM]","Cerritos","CA","[PREMIUM]",,"[]",,,"[PREMIUM]"
"f38ade8f-ad5a-4db1-a12b-fb7dea6d1e25","2026-03-07 23:53:16.646","2026-03-07 23:53:16.646","f38ade8f-ad5a-4db1-a12b-fb7dea6d1e25","[PREMIUM]","New",2026,"Subaru","Crosstrek","Base","[PREMIUM]","[PREMIUM]",10,"SUV","Lithium Red Pearl","Gray","All-wheel Drive",,,"Gasoline",,,"dealership","[PREMIUM]","Columbus","OH","[PREMIUM]",,"[]",,,"[PREMIUM]"
"3e3a7dd4-b99d-48b1-8284-f50eae786884","2026-03-07 23:53:16.612","2026-03-07 23:53:16.612","3e3a7dd4-b99d-48b1-8284-f50eae786884","[PREMIUM]","New",2026,"Nissan","Rogue","SV","[PREMIUM]","[PREMIUM]",4,"SUV","Gun Metallic","Charcoal","Front-wheel Drive",,,"Gasoline",,,"dealership","[PREMIUM]","Columbia","TN","[PREMIUM]",,"[]",,,"[PREMIUM]"
"ff823bc1-1844-4471-8919-15f981907572","2026-03-07 23:53:16.493","2026-03-07 23:53:16.493","ff823bc1-1844-4471-8919-15f981907572","[PREMIUM]","New",2026,"Buick","Envista","Sport Touring FWD","[PREMIUM]","[PREMIUM]",1,"SUV","Moonstone","Ebony Seats With Sant","Front-wheel Drive",,,"Gasoline",,,"dealership","[PREMIUM]","Springdale","AR","[PREMIUM]",,"[]",,,"[PREMIUM]"
"6537f1af-f633-4407-afa7-1c975fec3033","2026-03-07 23:53:16.314","2026-03-15 11:16:13.743","6537f1af-f633-4407-afa7-1c975fec3033","[PREMIUM]","New",2026,"Chevrolet","Colorado","WT","[PREMIUM]","[PREMIUM]",27,"Truck","Summit White","Jet Black","Rear-wheel Drive",,,"Gasoline",,,"dealership","[PREMIUM]","Daytona Beach","FL","[PREMIUM]",,"[]",,,"[PREMIUM]"
"fc002872-f1e2-43fc-95be-9ea11d820942","2026-03-07 23:53:16.192","2026-03-15 11:16:16.707","fc002872-f1e2-43fc-95be-9ea11d820942","[PREMIUM]","New",2026,"Kia","Seltos","LX","[PREMIUM]","[PREMIUM]",0,"SUV","Fusion Black","Black","Front-wheel Drive",,,"Gasoline",,,"dealership","[PREMIUM]","Harrisonburg","VA","[PREMIUM]",,"[]",,,"[PREMIUM]"
"5997b5c1-9750-494f-b2e4-4e2838eeb0c6","2026-03-07 23:53:16.179","2026-03-15 11:16:16.632","5997b5c1-9750-494f-b2e4-4e2838eeb0c6","[PREMIUM]","New",2026,"Chevrolet","Colorado","WT","[PREMIUM]","[PREMIUM]",0,"Truck","Summit White","Jet Black","Rear-wheel Drive",,,"Gasoline",,,"dealership","[PREMIUM]","Daytona Beach","FL","[PREMIUM]",,"[]",,,"[PREMIUM]"
"d793bffa-180a-42c6-a239-a0cf26dc2862","2026-03-07 23:53:16.175","2026-03-07 23:53:16.175","d793bffa-180a-42c6-a239-a0cf26dc2862","[PREMIUM]","New",2026,"Buick","Encore GX","Preferred","[PREMIUM]","[PREMIUM]",1,"SUV","Red","Ebony Seats With Ebony Ac","Front-wheel Drive",,,"Gasoline",,,"dealership","[PREMIUM]","Springdale","AR","[PREMIUM]",,"[]",,,"[PREMIUM]"
"948cac3f-07e5-4a69-956d-7e05928f3090","2026-03-07 23:53:16.169","2026-03-21 18:26:01.441","948cac3f-07e5-4a69-956d-7e05928f3090","[PREMIUM]","New",2026,"Toyota","Corolla Cross","L","[PREMIUM]","[PREMIUM]",2,"SUV","Celestite","Light Gray","Front-wheel Drive",,,"Gasoline",,,"dealership","[PREMIUM]","Clarksville","TN","[PREMIUM]",,"[]",,,"[PREMIUM]"
"3d56ec40-91f8-438b-8acb-b20f64cf0a47","2026-03-07 23:53:16.167","2026-03-21 18:26:01.476","3d56ec40-91f8-438b-8acb-b20f64cf0a47","[PREMIUM]","New",2026,"Kia","K4","EX","[PREMIUM]","[PREMIUM]",0,"Sedan","Aurora Black Pearl","Black","Front-wheel Drive",,,"Gasoline",,,"dealership","[PREMIUM]","North Olmsted","OH","[PREMIUM]",,"[]",,,"[PREMIUM]"
"9236672d-9c85-4751-8ad8-693469dee24c","2026-03-07 23:53:16.167","2026-03-15 11:16:28.557","9236672d-9c85-4751-8ad8-693469dee24c","[PREMIUM]","New",2026,"Kia","K5","LXS","[PREMIUM]","[PREMIUM]",0,"Sedan","Aurora Black Pearl","Black","Front-wheel Drive",,,"Gasoline",,,"dealership","[PREMIUM]","North Olmsted","OH","[PREMIUM]",,"[]",,,"[PREMIUM]"
"19a4c2dd-268c-41d0-998c-7ed60e20daba","2026-03-07 23:53:16.161","2026-03-07 23:53:16.161","19a4c2dd-268c-41d0-998c-7ed60e20daba","[PREMIUM]","New",2026,"Kia","Seltos","LX","[PREMIUM]","[PREMIUM]",0,"SUV","Dark Ocean Blue","Black","All-wheel Drive",,,"Gasoline",,,"dealership","[PREMIUM]","Harrisonburg","VA","[PREMIUM]",,"[]",,,"[PREMIUM]"
"502eb087-a4ba-4bd5-9562-90072c1f9ad1","2026-03-07 23:53:16.161","2026-03-07 23:53:16.161","502eb087-a4ba-4bd5-9562-90072c1f9ad1","[PREMIUM]","New",2026,"Toyota","Corolla","SE","[PREMIUM]","[PREMIUM]",10,"Sedan","Classic Silver Metallic","Blackred Premiu","Front-wheel Drive",,,"Gasoline",,,"dealership","[PREMIUM]","Little Falls","NJ","[PREMIUM]",,"[]",,,"[PREMIUM]"
"a4089bb7-775c-4e34-9e62-a09706d2f812","2026-03-07 23:53:16.161","2026-03-07 23:53:16.161","a4089bb7-775c-4e34-9e62-a09706d2f812","[PREMIUM]","New",2026,"Buick","Encore GX","Sport Touring","[PREMIUM]","[PREMIUM]",1,"SUV","Ocean","Ebony Seats With Sant","Front-wheel Drive",,,"Gasoline",,,"dealership","[PREMIUM]","Springdale","AR","[PREMIUM]",,"[]",,,"[PREMIUM]"
"19566428-ea2e-48a8-a3de-14a8869188ce","2026-03-07 23:53:16.159","2026-03-07 23:53:16.159","19566428-ea2e-48a8-a3de-14a8869188ce","[PREMIUM]","New",2026,"Honda","Civic Hybrid","Sport","[PREMIUM]","[PREMIUM]",8,"Hatchback","Crystal Black Pearl","Black","Front-wheel Drive",,,"Hybrid",,,"dealership","[PREMIUM]","West Bend","WI","[PREMIUM]",,"[]",,,"[PREMIUM]"
"b7d30b42-10d3-4db3-a2f8-777f9ed6149e","2026-03-07 23:53:16.159","2026-03-21 18:25:50.324","b7d30b42-10d3-4db3-a2f8-777f9ed6149e","[PREMIUM]","New",2026,"Buick","Envista","Sport Touring FWD","[PREMIUM]","[PREMIUM]",1,"SUV","Ebony","Ebony Seats With Sant","Front-wheel Drive",,,"Gasoline",,,"dealership","[PREMIUM]","Springdale","AR","[PREMIUM]",,"[]",,,"[PREMIUM]"
"3a59a65b-6c34-4d09-828b-25031fd66d24","2026-03-07 23:53:16.155","2026-03-07 23:53:16.155","3a59a65b-6c34-4d09-828b-25031fd66d24","[PREMIUM]","New",2026,"Kia","Seltos","LX","[PREMIUM]","[PREMIUM]",0,"SUV","Steel Gray","Black","All-wheel Drive",,,"Gasoline",,,"dealership","[PREMIUM]","Harrisonburg","VA","[PREMIUM]",,"[]",,,"[PREMIUM]"
"cfea8849-d497-4df8-8221-82124bc12741","2026-03-07 23:53:16.154","2026-03-18 18:25:21.494","cfea8849-d497-4df8-8221-82124bc12741","[PREMIUM]","New",2026,"Buick","Encore GX","Preferred","[PREMIUM]","[PREMIUM]",1,"SUV","Summit White","Ebony Seats With Ebony Ac","Front-wheel Drive",,,"Gasoline",,,"dealership","[PREMIUM]","Springdale","AR","[PREMIUM]",,"[]",,,"[PREMIUM]"
"e62ffb2a-5288-4f8a-973e-36792a9cb0c4","2026-03-07 23:53:16.152","2026-03-07 23:53:16.152","e62ffb2a-5288-4f8a-973e-36792a9cb0c4","[PREMIUM]","New",2026,"Kia","K4","EX","[PREMIUM]","[PREMIUM]",0,"Sedan","Morning Haze",,"Front-wheel Drive",,,"Gasoline",,,"dealership","[PREMIUM]","Harrisonburg","VA","[PREMIUM]",,"[]",,,"[PREMIUM]"
"5a896415-f0ab-41c5-a8e7-3316738babc3","2026-03-07 23:53:16.148","2026-03-07 23:53:16.148","5a896415-f0ab-41c5-a8e7-3316738babc3","[PREMIUM]","New",2026,"Buick","Encore GX","Sport Touring","[PREMIUM]","[PREMIUM]",1,"SUV","Ebony","Ebony Seats With Sant","Front-wheel Drive",,,"Gasoline",,,"dealership","[PREMIUM]","Springdale","AR","[PREMIUM]",,"[]",,,"[PREMIUM]"
"625c4cd8-f657-459d-80c2-49b39288e590","2026-03-07 23:53:16.145","2026-03-21 18:26:01.465","625c4cd8-f657-459d-80c2-49b39288e590","[PREMIUM]","New",2026,"Chevrolet","Equinox","1LT","[PREMIUM]","[PREMIUM]",3,"SUV","Mosaic Black Metallic","Black","Front-wheel Drive",,,"Gasoline",,,"dealership","[PREMIUM]","Daytona Beach","FL","[PREMIUM]",,"[]",,,"[PREMIUM]"
"1bb2e89a-861a-498a-8f6e-1d10309abf8f","2026-03-07 23:53:16.142","2026-03-15 11:16:04.850","1bb2e89a-861a-498a-8f6e-1d10309abf8f","[PREMIUM]","New",2026,"Chevrolet","Trax","LT","[PREMIUM]","[PREMIUM]",1,"SUV","Marina Blue Metallic","Jet Black w/Blue Accents","Front-wheel Drive",,,"Gasoline",,,"dealership","[PREMIUM]","Oak Lawn","IL","[PREMIUM]",,"[]",,,"[PREMIUM]"
"0f2acf21-9d98-485a-8ea1-aa4ecbd21eca","2026-03-07 23:53:16.141","2026-03-15 11:16:04.444","0f2acf21-9d98-485a-8ea1-aa4ecbd21eca","[PREMIUM]","New",2026,"Chevrolet","Trax","FWD ACTIV","[PREMIUM]","[PREMIUM]",13,"SUV","Sterling Gray Metallic","Jet Black w/Yellow Accents","Front-wheel Drive",,,"Gasoline",,,"dealership","[PREMIUM]","Franklin","TN","[PREMIUM]",,"[]",,,"[PREMIUM]"
"5eaf8794-9e5f-4afd-bd84-802b9cc84f2b","2026-03-07 23:53:16.141","2026-03-07 23:53:16.141","5eaf8794-9e5f-4afd-bd84-802b9cc84f2b","[PREMIUM]","New",2026,"Kia","Seltos","LX","[PREMIUM]","[PREMIUM]",0,"SUV","Snow White Pearl","Black","Front-wheel Drive",,,"Gasoline",,,"dealership","[PREMIUM]","Harrisonburg","VA","[PREMIUM]",,"[]",,,"[PREMIUM]"
"90e08e0d-8c97-4e91-b6e7-1bdb3006e641","2026-03-07 23:53:16.141","2026-03-07 23:53:16.141","90e08e0d-8c97-4e91-b6e7-1bdb3006e641","[PREMIUM]","New",2026,"Toyota","Corolla","SE","[PREMIUM]","[PREMIUM]",10,"Sedan","Classic Silver Metallic","Blackred Premiu","Front-wheel Drive",,,"Gasoline",,,"dealership","[PREMIUM]","Little Falls","NJ","[PREMIUM]",,"[]",,,"[PREMIUM]"
"e8b0ab22-a319-46c0-9316-b1fcbbee576e","2026-03-07 23:53:16.141","2026-03-15 11:16:06.442","e8b0ab22-a319-46c0-9316-b1fcbbee576e","[PREMIUM]","New",2026,"Chevrolet","Trailblazer","LT","[PREMIUM]","[PREMIUM]",0,"SUV","Summit White","Jet Black","Front-wheel Drive",,,"Gasoline",,,"dealership","[PREMIUM]","Glendora","CA","[PREMIUM]",,"[]",,,"[PREMIUM]"
"cc4d7e80-1b1c-4c22-a3d3-c03456d8f88c","2026-03-07 23:53:16.140","2026-03-07 23:53:16.140","cc4d7e80-1b1c-4c22-a3d3-c03456d8f88c","[PREMIUM]","New",2026,"Kia","K5","GT-Line","[PREMIUM]","[PREMIUM]",15,"Sedan","Gray","Black",,,,"Gasoline",,,"dealership","[PREMIUM]","Wallingford","CT","[PREMIUM]",,"[]",,,"[PREMIUM]"
"e4825cec-24a5-4f83-a50f-6a8e7d5f3e64","2026-03-07 23:53:16.138","2026-03-21 18:26:02.221","e4825cec-24a5-4f83-a50f-6a8e7d5f3e64","[PREMIUM]","New",2026,"Chevrolet","Equinox","1LT","[PREMIUM]","[PREMIUM]",0,"SUV","Sterling Gray Metallic","Black","Front-wheel Drive",,,"Gasoline",,,"dealership","[PREMIUM]","Palm Coast","FL","[PREMIUM]",,"[]",,,"[PREMIUM]"
"e140d37a-8fe0-452f-9e4b-0431f07248b1","2026-03-07 23:53:16.137","2026-03-15 11:16:18.577","e140d37a-8fe0-452f-9e4b-0431f07248b1","[PREMIUM]","New",2026,"Ford","Maverick","XL","[PREMIUM]","[PREMIUM]",0,"Truck","Oxford White","Blk Onyx/Dk Slate Front C","All-wheel Drive",,,"Gasoline",,,"dealership","[PREMIUM]","Fort Myers","FL","[PREMIUM]",,"[]",,,"[PREMIUM]"
"b288c02c-36a4-4448-8d53-9b964a6c158b","2026-03-07 23:53:16.128","2026-03-07 23:53:16.128","b288c02c-36a4-4448-8d53-9b964a6c158b","[PREMIUM]","New",2026,"Toyota","Corolla Cross","L","[PREMIUM]","[PREMIUM]",0,"SUV","Celestite","Light Gray","Front-wheel Drive",,,"Gasoline",,,"dealership","[PREMIUM]","Milpitas","CA","[PREMIUM]",,"[]",,,"[PREMIUM]"
"65c74f8e-46c9-4246-9d39-cd8595ffe586","2026-03-07 23:53:16.126","2026-03-07 23:53:16.126","65c74f8e-46c9-4246-9d39-cd8595ffe586","[PREMIUM]","New",2026,"Honda","HR-V","LX","[PREMIUM]","[PREMIUM]",18,"SUV","Modern Steel Metallic","Gry Clth","All-wheel Drive",,,"Gasoline",,,"dealership","[PREMIUM]","West Babylon","NY","[PREMIUM]",,"[]",,,"[PREMIUM]"
"e69f97ad-88e6-4051-939e-c0c5ac68dbf5","2026-03-07 23:53:16.126","2026-03-21 18:26:01.459","e69f97ad-88e6-4051-939e-c0c5ac68dbf5","[PREMIUM]","New",2026,"Buick","Envista","Sport Touring FWD","[PREMIUM]","[PREMIUM]",1,"SUV","Ebony","Ebony Seats With Sant","Front-wheel Drive",,,"Gasoline",,,"dealership","[PREMIUM]","Springdale","AR","[PREMIUM]",,"[]",,,"[PREMIUM]"
"50ebe9b4-869a-4509-81f2-244ba9b7bd1a","2026-03-07 23:53:16.124","2026-03-12 11:15:49.144","50ebe9b4-869a-4509-81f2-244ba9b7bd1a","[PREMIUM]","New",2026,"Buick","Encore GX","Preferred","[PREMIUM]","[PREMIUM]",1,"SUV","Moonstone","Ebony Seats With Ebony Ac","Front-wheel Drive",,,"Gasoline",,,"dealership","[PREMIUM]","Springdale","AR","[PREMIUM]",,"[]",,,"[PREMIUM]"
"8d367876-6195-499f-8851-e2a1e69f7ae1","2026-03-07 23:53:16.122","2026-03-07 23:53:16.122","8d367876-6195-499f-8851-e2a1e69f7ae1","[PREMIUM]","New",2026,"Nissan","Kicks","SV","[PREMIUM]","[PREMIUM]",0,"SUV","Gray","Charcoal","Front-wheel Drive",,,"Gasoline",,,"dealership","[PREMIUM]","Sarasota","FL","[PREMIUM]",,"[]",,,"[PREMIUM]"
"de36bece-3b5d-4949-8972-3065f76fb9bb","2026-03-07 23:53:16.111","2026-03-12 11:15:49.337","de36bece-3b5d-4949-8972-3065f76fb9bb","[PREMIUM]","New",2026,"Ford","Maverick","XL","[PREMIUM]","[PREMIUM]",0,"Truck","Oxford White","Blk Onyx/Dk Slate Front C","Front-wheel Drive",,,"Gasoline",,,"dealership","[PREMIUM]","Fort Myers","FL","[PREMIUM]",,"[]",,,"[PREMIUM]"
"8831a0ee-1daf-4356-aabd-75b4378201d8","2026-03-07 23:53:16.100","2026-03-07 23:53:16.100","8831a0ee-1daf-4356-aabd-75b4378201d8","[PREMIUM]","New",2026,"Chevrolet","Trax","FWD 2RS","[PREMIUM]","[PREMIUM]",0,"SUV","Sterling Gray Metallic","Jet Black w/Red Accents","Front-wheel Drive",,,"Gasoline",,,"dealership","[PREMIUM]","Little Falls","NJ","[PREMIUM]",,"[]",,,"[PREMIUM]"
"3f650c33-faf0-4da2-a14d-30bdb889fde4","2026-03-07 23:53:16.097","2026-03-18 18:25:42.489","3f650c33-faf0-4da2-a14d-30bdb889fde4","[PREMIUM]","New",2026,"Hyundai","VENUE","SEL","[PREMIUM]","[PREMIUM]",16,"SUV","Intense Blue","Gray","Front-wheel Drive",,,"Gasoline",,,"dealership","[PREMIUM]","Enfield","CT","[PREMIUM]",,"[]",,,"[PREMIUM]"
"227cc064-12c8-4406-bc3b-17b3f0275e88","2026-03-07 23:53:16.090","2026-03-15 11:16:03.538","227cc064-12c8-4406-bc3b-17b3f0275e88","[PREMIUM]","New",2026,"Volkswagen","Jetta","1.4T SE","[PREMIUM]","[PREMIUM]",4,"Sedan","Gray","Grigio &amp; Black","Front-wheel Drive",,,"Gasoline",,,"dealership","[PREMIUM]","Woodland Hills","CA","[PREMIUM]",,"[]",,,"[PREMIUM]"
"b81ad1e0-5c11-444d-8f8d-9c759840040c","2026-03-07 23:53:16.053","2026-03-15 11:16:06.955","b81ad1e0-5c11-444d-8f8d-9c759840040c","[PREMIUM]","New",2026,"Volkswagen","Taos","S","[PREMIUM]","[PREMIUM]",4,"SUV","Deep Black","Gray/Black","Front-wheel Drive",,,"Gasoline",,,"dealership","[PREMIUM]","Woodland Hills","CA","[PREMIUM]",,"[]",,,"[PREMIUM]"
"3811bd33-8cc6-4d42-8cc7-694ead065b40","2026-03-07 23:52:55.130","2026-03-07 23:52:55.130","3811bd33-8cc6-4d42-8cc7-694ead065b40","[PREMIUM]","New",2026,"Ford","Maverick","XL","[PREMIUM]","[PREMIUM]",10,"Truck","ORANGE FURY METALLIC TRI-COAT","NAVY PIER - BLACK/SLATE","All-wheel Drive",,,"Gasoline",,,"dealership","[PREMIUM]","Highland","IN","[PREMIUM]",,"[]",,,"[PREMIUM]"
"b6982482-8e2b-4fcd-99b3-154c19e67b29","2026-03-07 23:52:55.128","2026-03-15 11:16:04.146","b6982482-8e2b-4fcd-99b3-154c19e67b29","[PREMIUM]","New",2026,"Honda","HR-V","LX","[PREMIUM]","[PREMIUM]",2,"SUV","Platinum","Blk Clth","Front-wheel Drive",,,"Gasoline",,,"dealership","[PREMIUM]","Oakland","CA","[PREMIUM]",,"[]",,,"[PREMIUM]"
"1bebbac1-6dee-4df6-8ba0-be6c415a6ebd","2026-03-07 23:52:55.124","2026-03-07 23:52:55.124","1bebbac1-6dee-4df6-8ba0-be6c415a6ebd","[PREMIUM]","New",2026,"Kia","K5","GT-Line","[PREMIUM]","[PREMIUM]",1,"Sedan","Aurora Blue","Blk Syntex Artificial Lth",,,,"Gasoline",,,"dealership","[PREMIUM]","Conway","AR","[PREMIUM]",,"[]",,,"[PREMIUM]"
"ec9e0bf8-7261-4ef9-ae39-7b96f46c3dfb","2026-03-07 23:52:55.119","2026-03-07 23:52:55.119","ec9e0bf8-7261-4ef9-ae39-7b96f46c3dfb","[PREMIUM]","New",2026,"Toyota","Camry","SE","[PREMIUM]","[PREMIUM]",0,"Sedan","Midnight Black Metallic","Boulder","Front-wheel Drive",,,"Gasoline",,,"dealership","[PREMIUM]","Punta Gorda","FL","[PREMIUM]",,"[]",,,"[PREMIUM]"
"3266164c-c3a4-44b2-af6f-8fd2c6fd68ab","2026-03-07 23:52:55.110","2026-03-07 23:52:55.110","3266164c-c3a4-44b2-af6f-8fd2c6fd68ab","[PREMIUM]","New",2026,"Honda","HR-V","2WD Sport","[PREMIUM]","[PREMIUM]",10,"SUV","Nordic Forest Pearl","Black","Front-wheel Drive",,,"Gasoline",,,"dealership","[PREMIUM]","Miami","FL","[PREMIUM]",,"[]",,,"[PREMIUM]"
"c3027a45-704a-4053-af98-2364d3a25f43","2026-03-07 23:52:55.088","2026-03-15 11:15:41.453","c3027a45-704a-4053-af98-2364d3a25f43","[PREMIUM]","New",2026,"Honda","Civic","LX","[PREMIUM]","[PREMIUM]",10,"Sedan","Platinum White Pearl","Black","Front-wheel Drive",,,"Gasoline",,,"dealership","[PREMIUM]","Miami","FL","[PREMIUM]",,"[]",,,"[PREMIUM]"
"0b5af9cc-9b04-4a0f-9200-8d8ba41279ad","2026-03-07 23:52:55.066","2026-03-07 23:52:55.066","0b5af9cc-9b04-4a0f-9200-8d8ba41279ad","[PREMIUM]","New",2026,"Kia","Seltos","EX","[PREMIUM]","[PREMIUM]",1,"SUV","Blue","Blk Artificial Lth","Front-wheel Drive",,,"Gasoline",,,"dealership","[PREMIUM]","Conway","AR","[PREMIUM]",,"[]",,,"[PREMIUM]"
"efd5195e-a5d0-4b6e-a136-4cfe369832e0","2026-03-07 23:52:55.063","2026-03-07 23:52:55.063","efd5195e-a5d0-4b6e-a136-4cfe369832e0","[PREMIUM]","New",2026,"Nissan","Kicks","SV","[PREMIUM]","[PREMIUM]",10,"SUV","Canyon Bronze Metallic","Charcoal","Front-wheel Drive",,,"Gasoline",,,"dealership","[PREMIUM]","Broken Arrow","OK","[PREMIUM]",,"[]",,,"[PREMIUM]"
"dec88bce-806c-462f-8245-1d6376db2d46","2026-03-07 23:52:55.054","2026-03-21 18:25:50.390","dec88bce-806c-462f-8245-1d6376db2d46","[PREMIUM]","New",2026,"Toyota","Corolla Cross","L","[PREMIUM]","[PREMIUM]",0,"SUV","Wind Chill Pearl","Light Gray","All-wheel Drive",,,"Gasoline",,,"dealership","[PREMIUM]","Chattanooga","TN","[PREMIUM]",,"[]",,,"[PREMIUM]"
"f0dfb00a-d24b-486f-bb8d-a0e957ccf5d0","2026-03-07 23:52:54.975","2026-03-07 23:52:54.975","f0dfb00a-d24b-486f-bb8d-a0e957ccf5d0","[PREMIUM]","New",2026,"Chevrolet","Trailblazer","ACTIV","[PREMIUM]","[PREMIUM]",0,"SUV","White Sands","Hlq Jet Black","Front-wheel Drive",,,"Gasoline",,,"dealership","[PREMIUM]","Daytona Beach","FL","[PREMIUM]",,"[]",,,"[PREMIUM]"
"285b0117-c353-4af8-8766-501b2e7af620","2026-03-07 23:52:54.966","2026-03-12 11:15:37.345","285b0117-c353-4af8-8766-501b2e7af620","[PREMIUM]","New",2026,"Hyundai","ELANTRA","Limited","[PREMIUM]","[PREMIUM]",13,"Sedan","Amazon Gray","Black","Front-wheel Drive",,,"Gasoline",,,"dealership","[PREMIUM]","Springfield","MO","[PREMIUM]",,"[]",,,"[PREMIUM]"
"5c77f02b-3574-40cd-bc6a-aa7b083f27de","2026-03-07 23:52:54.965","2026-03-15 11:16:30.757","5c77f02b-3574-40cd-bc6a-aa7b083f27de","[PREMIUM]","New",2026,"Buick","Envista","Sport Touring FWD","[PREMIUM]","[PREMIUM]",1,"SUV","Brilliant Red","Ebony w/Santorini Blue Stitching","Front-wheel Drive",,,"Gasoline",,,"dealership","[PREMIUM]","Elmhurst","IL","[PREMIUM]",,"[]",,,"[PREMIUM]"
"9009dab1-6274-40f4-a667-4ca73fc28465","2026-03-07 23:52:54.964","2026-03-15 11:16:18.160","9009dab1-6274-40f4-a667-4ca73fc28465","[PREMIUM]","New",2026,"Toyota","Corolla","SE","[PREMIUM]","[PREMIUM]",0,"Hatchback","Magnetic Gray Metallic","Black","Front-wheel Drive",,,"Gasoline",,,"dealership","[PREMIUM]","Watertown","NY","[PREMIUM]",,"[]",,,"[PREMIUM]"
"580d73da-68f0-44b3-bf32-b375af8d911d","2026-03-07 23:52:54.961","2026-03-07 23:52:54.961","580d73da-68f0-44b3-bf32-b375af8d911d","[PREMIUM]","New",2026,"Buick","Envista","Sport Touring FWD","[PREMIUM]","[PREMIUM]",1,"SUV","Summit White","Ebony Seats With Sant","Front-wheel Drive",,,"Gasoline",,,"dealership","[PREMIUM]","Elmhurst","IL","[PREMIUM]",,"[]",,,"[PREMIUM]"
"1dc93960-455b-4a12-9c71-4d1b1a2e6878","2026-03-07 23:52:54.943","2026-03-18 18:25:21.217","1dc93960-455b-4a12-9c71-4d1b1a2e6878","[PREMIUM]","New",2026,"Buick","Envista","Sport Touring FWD","[PREMIUM]","[PREMIUM]",1,"SUV","Summit White","Ebony w/Santorini Blue Stitching","Front-wheel Drive",,,"Gasoline",,,"dealership","[PREMIUM]","Elmhurst","IL","[PREMIUM]",,"[]",,,"[PREMIUM]"
"97c3c3de-7714-47d1-87b2-3dcb808aeb0d","2026-03-07 23:52:54.940","2026-03-18 18:25:21.293","97c3c3de-7714-47d1-87b2-3dcb808aeb0d","[PREMIUM]","New",2026,"Kia","Seltos","LX","[PREMIUM]","[PREMIUM]",1,"SUV","Ocean Blue","Black","Front-wheel Drive",,,"Gasoline",,,"dealership","[PREMIUM]","Waipahu","HI","[PREMIUM]",,"[]",,,"[PREMIUM]"
"0a4328d3-4f8a-4d90-97b8-8dbca17f4eb7","2026-03-07 23:52:54.887","2026-03-07 23:52:54.887","0a4328d3-4f8a-4d90-97b8-8dbca17f4eb7","[PREMIUM]","New",2026,"Kia","Seltos","S","[PREMIUM]","[PREMIUM]",1,"SUV","Steel Gray","Black","Front-wheel Drive",,,"Gasoline",,,"dealership","[PREMIUM]","Waipahu","HI","[PREMIUM]",,"[]",,,"[PREMIUM]"
"274243d6-e46a-4db7-8d2e-2a0eeb61eef2","2026-03-07 23:52:54.882","2026-03-15 11:16:03.537","274243d6-e46a-4db7-8d2e-2a0eeb61eef2","[PREMIUM]","New",2026,"Chevrolet","Trailblazer","LT","[PREMIUM]","[PREMIUM]",0,"SUV","Mosaic Black Metallic","Jet Black","Front-wheel Drive",,,"Gasoline",,,"dealership","[PREMIUM]","Franklin","TN","[PREMIUM]",,"[]",,,"[PREMIUM]"
"580e7446-9ba6-439c-a9ef-6d5ebe7ac52d","2026-03-07 23:52:54.881","2026-03-07 23:52:54.881","580e7446-9ba6-439c-a9ef-6d5ebe7ac52d","[PREMIUM]","New",2026,"Nissan","Sentra","SV","[PREMIUM]","[PREMIUM]",0,"Sedan","Gray","Charcoal","Front-wheel Drive",,,"Gasoline",,,"dealership","[PREMIUM]","Sarasota","FL","[PREMIUM]",,"[]",,,"[PREMIUM]"
"988ba89b-41f2-4cd3-ace9-27f2dc1b016a","2026-03-07 23:52:54.878","2026-03-07 23:52:54.878","988ba89b-41f2-4cd3-ace9-27f2dc1b016a","[PREMIUM]","New",2026,"Honda","Civic","Sport","[PREMIUM]","[PREMIUM]",5,"Sedan","Crystal Black Pearl","Black","Front-wheel Drive",,,"Gasoline",,,"dealership","[PREMIUM]","Birmingham","AL","[PREMIUM]",,"[]",,,"[PREMIUM]"
"7b5b41a9-07a3-426e-bfa3-a3b440afeaa1","2026-03-07 23:52:54.872","2026-03-07 23:52:54.872","7b5b41a9-07a3-426e-bfa3-a3b440afeaa1","[PREMIUM]","New",2026,"Kia","Seltos","S","[PREMIUM]","[PREMIUM]",1,"SUV","Fusion Black","Black","All-wheel Drive",,,"Gasoline",,,"dealership","[PREMIUM]","Streetsboro","OH","[PREMIUM]",,"[]",,,"[PREMIUM]"
"f719f49c-63c3-4d4d-9512-89476458674a","2026-03-07 23:52:54.871","2026-03-21 18:25:50.382","f719f49c-63c3-4d4d-9512-89476458674a","[PREMIUM]","New",2026,"Toyota","Corolla","LE","[PREMIUM]","[PREMIUM]",0,"Sedan","Celestite","Light Gray","Front-wheel Drive",,,"Gasoline",,,"dealership","[PREMIUM]","Moon Twp","PA","[PREMIUM]",,"[]",,,"[PREMIUM]"
"a686bfae-0066-4401-90c5-04deb894d3ff","2026-03-07 23:52:54.867","2026-03-07 23:52:54.867","a686bfae-0066-4401-90c5-04deb894d3ff","[PREMIUM]","New",2026,"Honda","Civic","Sport","[PREMIUM]","[PREMIUM]",10,"Sedan","Platinum White Pearl","Black","Front-wheel Drive",,,"Gasoline",,,"dealership","[PREMIUM]","Miami","FL","[PREMIUM]",,"[]",,,"[PREMIUM]"
"b5290d04-b79e-462b-8624-d92441e1f1c6","2026-03-07 23:52:54.862","2026-03-07 23:52:54.862","b5290d04-b79e-462b-8624-d92441e1f1c6","[PREMIUM]","New",2026,"Buick","Envista","Sport Touring FWD","[PREMIUM]","[PREMIUM]",1,"SUV","Summit White","Ebony Seats With Sant","Front-wheel Drive",,,"Gasoline",,,"dealership","[PREMIUM]","Elmhurst","IL","[PREMIUM]",,"[]",,,"[PREMIUM]"
"1b62cb30-e7be-4603-897d-317ac1303587","2026-03-07 23:52:54.850","2026-03-15 11:16:05.372","1b62cb30-e7be-4603-897d-317ac1303587","[PREMIUM]","New",2026,"Chevrolet","Equinox","1LT","[PREMIUM]","[PREMIUM]",3,"SUV","Mosaic Black Metallic","Black","Front-wheel Drive",,,"Gasoline",,,"dealership","[PREMIUM]","Kansas City","MO","[PREMIUM]",,"[]",,,"[PREMIUM]"
"4a3962e2-820d-4b22-85f1-1584f80513ec","2026-03-07 23:52:54.850","2026-03-07 23:52:54.850","4a3962e2-820d-4b22-85f1-1584f80513ec","[PREMIUM]","New",2026,"Ford","Bronco Sport","Big Bend","[PREMIUM]","[PREMIUM]",10,"SUV","SPACE WHITE METALLIC","MED LIGHT SMOKED TRUFFLE TRIM","Four-wheel Drive",,,"Gasoline",,,"dealership","[PREMIUM]","Highland","IN","[PREMIUM]",,"[]",,,"[PREMIUM]"
"762f6897-4138-4c17-81e9-ee8c66a85c5d","2026-03-07 23:52:54.850","2026-03-12 11:15:49.740","762f6897-4138-4c17-81e9-ee8c66a85c5d","[PREMIUM]","New",2026,"Nissan","Sentra","SV","[PREMIUM]","[PREMIUM]",10,"Sedan","Fresh Powder","Charcoal","Front-wheel Drive",,,"Gasoline",,,"dealership","[PREMIUM]","Broken Arrow","OK","[PREMIUM]",,"[]",,,"[PREMIUM]"
"caad3300-5a35-43d8-8718-82e491672416","2026-03-07 23:52:54.850","2026-03-07 23:52:54.850","caad3300-5a35-43d8-8718-82e491672416","[PREMIUM]","New",2026,"Toyota","Camry","SE","[PREMIUM]","[PREMIUM]",0,"Sedan","Heavy Metal","Boulder","Front-wheel Drive",,,"Gasoline",,,"dealership","[PREMIUM]","Punta Gorda","FL","[PREMIUM]",,"[]",,,"[PREMIUM]"
"87ebb9be-c035-47fc-964d-273a374cc22f","2026-03-07 23:52:54.849","2026-03-15 11:16:04.352","87ebb9be-c035-47fc-964d-273a374cc22f","[PREMIUM]","New",2026,"Kia","Niro","LX","[PREMIUM]","[PREMIUM]",5,"SUV","Snow White Pearl","Charcoal","Front-wheel Drive",,,"Gasoline",,,"dealership","[PREMIUM]","Freehold","NJ","[PREMIUM]",,"[]",,,"[PREMIUM]"
"ea987b27-b595-4348-803d-ccfec4dfb0f3","2026-03-07 23:52:54.849","2026-03-07 23:52:54.849","ea987b27-b595-4348-803d-ccfec4dfb0f3","[PREMIUM]","New",2026,"Honda","Accord","LX 1.5T","[PREMIUM]","[PREMIUM]",10,"Sedan","Meteorite Gray Metallic","Black","Front-wheel Drive",,,"Gasoline",,,"dealership","[PREMIUM]","Miami","FL","[PREMIUM]",,"[]",,,"[PREMIUM]"
"21e1b4de-7a42-4642-871a-324cf47e5412","2026-03-07 23:52:54.846","2026-03-12 11:15:38.248","21e1b4de-7a42-4642-871a-324cf47e5412","[PREMIUM]","New",2026,"Honda","Civic","Sport","[PREMIUM]","[PREMIUM]",5,"Sedan","Blue Lagoon Pearl","Black","Front-wheel Drive",,,"Gasoline",,,"dealership","[PREMIUM]","Wallingford","CT","[PREMIUM]",,"[]",,,"[PREMIUM]"
"1227498f-a949-48da-86d0-fa247ac5b624","2026-03-07 23:52:54.841","2026-03-07 23:52:54.841","1227498f-a949-48da-86d0-fa247ac5b624","[PREMIUM]","New",2026,"Honda","HR-V","2WD Sport","[PREMIUM]","[PREMIUM]",10,"SUV","Nordic Forest Pearl","Black","Front-wheel Drive",,,"Gasoline",,,"dealership","[PREMIUM]","Miami","FL","[PREMIUM]",,"[]",,,"[PREMIUM]"
"cf46c3e7-ffe7-4b36-913e-6c543f17e825","2026-03-07 23:52:54.841","2026-03-07 23:52:54.841","cf46c3e7-ffe7-4b36-913e-6c543f17e825","[PREMIUM]","New",2026,"Honda","Civic","LX","[PREMIUM]","[PREMIUM]",2,"Sedan","Meteorite Gray Metallic","Black","Front-wheel Drive",,,"Gasoline",,,"dealership","[PREMIUM]","San Luis Obispo","CA","[PREMIUM]",,"[]",,,"[PREMIUM]"
"f3a20cac-27dc-40a3-9059-92cbf112b6a8","2026-03-07 23:52:54.841","2026-03-12 11:15:49.544","f3a20cac-27dc-40a3-9059-92cbf112b6a8","[PREMIUM]","New",2026,"Honda","HR-V","2WD Sport","[PREMIUM]","[PREMIUM]",10,"SUV","Platinum White Pearl","Black","Front-wheel Drive",,,"Gasoline",,,"dealership","[PREMIUM]","Miami","FL","[PREMIUM]",,"[]",,,"[PREMIUM]"
"881c09b6-ed7f-4f73-a6d1-cdeb48c1b27c","2026-03-07 23:52:54.838","2026-03-07 23:52:54.838","881c09b6-ed7f-4f73-a6d1-cdeb48c1b27c","[PREMIUM]","New",2026,"Toyota","Camry","SE","[PREMIUM]","[PREMIUM]",0,"Sedan","Supersonic Red","Boulder","Front-wheel Drive",,,"Gasoline",,,"dealership","[PREMIUM]","Punta Gorda","FL","[PREMIUM]",,"[]",,,"[PREMIUM]"
"32e826af-01a9-461d-82b9-cacaf989bdec","2026-03-07 23:52:54.837","2026-03-15 11:16:04.644","32e826af-01a9-461d-82b9-cacaf989bdec","[PREMIUM]","New",2026,"Honda","Civic","LX","[PREMIUM]","[PREMIUM]",0,"Sedan","Rallye Red","Black","Front-wheel Drive",,,"Gasoline",,,"dealership","[PREMIUM]","Daytona Beach","FL","[PREMIUM]",,"[]",,,"[PREMIUM]"
"aef7c8d3-c9c5-4e98-9936-e915fa6018e9","2026-03-07 23:52:54.837","2026-03-12 11:15:48.756","aef7c8d3-c9c5-4e98-9936-e915fa6018e9","[PREMIUM]","New",2026,"Honda","Accord","LX 1.5T","[PREMIUM]","[PREMIUM]",10,"Sedan","Meteorite Gray Metallic","Black","Front-wheel Drive",,,"Gasoline",,,"dealership","[PREMIUM]","Miami","FL","[PREMIUM]",,"[]",,,"[PREMIUM]"
"aec38c68-79a6-4199-b9e6-59198e1fec99","2026-03-07 23:52:54.831","2026-03-18 18:25:21.287","aec38c68-79a6-4199-b9e6-59198e1fec99","[PREMIUM]","New",2026,"Honda","HR-V","2WD Sport","[PREMIUM]","[PREMIUM]",10,"SUV","Urban Gray Pearl","Black","Front-wheel Drive",,,"Gasoline",,,"dealership","[PREMIUM]","Miami","FL","[PREMIUM]",,"[]",,,"[PREMIUM]"
"04c5dcc3-e626-492c-938e-0d6a0db3a55a","2026-03-07 23:52:54.810","2026-03-07 23:52:54.810","04c5dcc3-e626-492c-938e-0d6a0db3a55a","[PREMIUM]","New",2026,"Toyota","Camry","SE","[PREMIUM]","[PREMIUM]",0,"Sedan","Midnight Black Metallic","Boulder","Front-wheel Drive",,,"Gasoline",,,"dealership","[PREMIUM]","Punta Gorda","FL","[PREMIUM]",,"[]",,,"[PREMIUM]"
"1cabd16f-23b4-4166-8883-793fe77a3e87","2026-03-07 23:52:54.810","2026-03-15 11:15:52.442","1cabd16f-23b4-4166-8883-793fe77a3e87","[PREMIUM]","New",2026,"Honda","HR-V","LX","[PREMIUM]","[PREMIUM]",2,"SUV","Crystal Black Pearl","Blk Clth","Front-wheel Drive",,,"Gasoline",,,"dealership","[PREMIUM]","Oakland","CA","[PREMIUM]",,"[]",,,"[PREMIUM]"
"775b5053-0849-40b2-be89-9767acbc2e9d","2026-03-07 23:52:54.804","2026-03-15 11:15:52.249","775b5053-0849-40b2-be89-9767acbc2e9d","[PREMIUM]","New",2026,"Chevrolet","Equinox","1LT","[PREMIUM]","[PREMIUM]",0,"SUV","Summit White","Black","Front-wheel Drive",,,"Gasoline",,,"dealership","[PREMIUM]","Daytona Beach","FL","[PREMIUM]",,"[]",,,"[PREMIUM]"
"4ab2e92f-a6dd-41fe-a03c-b5a830457010","2026-03-07 23:52:54.731","2026-03-12 11:15:38.055","4ab2e92f-a6dd-41fe-a03c-b5a830457010","[PREMIUM]","New",2026,"Toyota","Corolla Hybrid","SE","[PREMIUM]","[PREMIUM]",0,"Sedan","Underground","Black/Red","Front-wheel Drive",,,"Hybrid",,,"dealership","[PREMIUM]","Manhattan Beach","CA","[PREMIUM]",,"[]",,,"[PREMIUM]"
"51ca06dc-9eb5-4394-bd7b-89ab71775be4","2026-03-07 23:52:43.170","2026-03-15 11:15:39.950","51ca06dc-9eb5-4394-bd7b-89ab71775be4","[PREMIUM]","New",2026,"Chevrolet","Trailblazer","LS","[PREMIUM]","[PREMIUM]",0,"SUV","Mosaic Black Metallic","Jet Black","Front-wheel Drive",,,"Gasoline",,,"dealership","[PREMIUM]","Decatur","AL","[PREMIUM]",,"[]",,,"[PREMIUM]"
"9e7bbec6-2957-4e88-8b32-d497ad1e6669","2026-03-07 23:52:42.843","2026-03-18 18:24:38.170","9e7bbec6-2957-4e88-8b32-d497ad1e6669","[PREMIUM]","New",2026,"Chevrolet","Trax","FWD 2RS","[PREMIUM]","[PREMIUM]",0,"SUV","Mosaic Black Metallic","Jet Black w/Red Accents","Front-wheel Drive",,,"Gasoline",,,"dealership","[PREMIUM]","Springfield","MO","[PREMIUM]",,"[]",,,"[PREMIUM]"
"0b8b28d7-8d3e-4d43-8546-c7017666f659","2026-03-07 23:52:42.837","2026-03-07 23:52:42.837","0b8b28d7-8d3e-4d43-8546-c7017666f659","[PREMIUM]","New",2026,"Subaru","Crosstrek","Base","[PREMIUM]","[PREMIUM]",0,"SUV","Lithium Red Pearl","Gray","All-wheel Drive",,,"Gasoline",,,"dealership","[PREMIUM]","Rochester","NY","[PREMIUM]",,"[]",,,"[PREMIUM]"
"2be5c971-0506-4f5f-889a-ab98e5a3cf70","2026-03-07 23:52:42.817","2026-03-07 23:52:42.817","2be5c971-0506-4f5f-889a-ab98e5a3cf70","[PREMIUM]","New",2026,"Buick","Encore GX","Preferred","[PREMIUM]","[PREMIUM]",6,"SUV","Ebony Twilight Metallic","Ebony w/Ebony Accents","Front-wheel Drive",,,"Gasoline",,,"dealership","[PREMIUM]","McKinney","TX","[PREMIUM]",,"[]",,,"[PREMIUM]"
"3d5b7e2b-e6f7-43c7-870a-ba8c88b43c6e","2026-03-07 23:52:42.815","2026-03-07 23:52:42.815","3d5b7e2b-e6f7-43c7-870a-ba8c88b43c6e","[PREMIUM]","New",2026,"Chevrolet","Trax","LT","[PREMIUM]","[PREMIUM]",0,"SUV","Summit White","Jet Black w/Blue Accents","Front-wheel Drive",,,"Gasoline",,,"dealership","[PREMIUM]","Evansville","IN","[PREMIUM]",,"[]",,,"[PREMIUM]"
"bc672b25-bd66-4803-b088-28cb9353c95d","2026-03-07 23:52:42.813","2026-03-12 11:15:36.757","bc672b25-bd66-4803-b088-28cb9353c95d","[PREMIUM]","New",2026,"Chevrolet","Trax","FWD ACTIV","[PREMIUM]","[PREMIUM]",0,"SUV","Cacti Green","Jet Black w/Artemis Accents","Front-wheel Drive",,,"Gasoline",,,"dealership","[PREMIUM]","Springfield","MO","[PREMIUM]",,"[]",,,"[PREMIUM]"
"1cb41ad7-6c52-4e1e-b63a-1c4d1c093f90","2026-03-07 23:52:42.811","2026-03-07 23:52:42.811","1cb41ad7-6c52-4e1e-b63a-1c4d1c093f90","[PREMIUM]","New",2026,"Hyundai","ELANTRA","SE","[PREMIUM]","[PREMIUM]",12,"Sedan","Serenity White","Black","Front-wheel Drive",,,"Gasoline",,,"dealership","[PREMIUM]","Palmdale","CA","[PREMIUM]",,"[]",,,"[PREMIUM]"
"b7b1a1e1-786a-40d3-9639-89bc31c0859e","2026-03-07 23:52:42.796","2026-03-12 11:15:36.773","b7b1a1e1-786a-40d3-9639-89bc31c0859e","[PREMIUM]","New",2026,"Buick","Envista","Sport Touring FWD","[PREMIUM]","[PREMIUM]",4,"SUV","Summit White",,"Front-wheel Drive",,,"Gasoline",,,"dealership","[PREMIUM]","Portland","OR","[PREMIUM]",,"[]",,,"[PREMIUM]"
"716fd106-882c-4d11-9482-efee2560e498","2026-03-07 23:52:42.794","2026-03-12 11:15:36.843","716fd106-882c-4d11-9482-efee2560e498","[PREMIUM]","New",2026,"Subaru","Crosstrek","Base","[PREMIUM]","[PREMIUM]",1,"SUV","Ice Silver Metallic","Gray","All-wheel Drive",,,"Gasoline",,,"dealership","[PREMIUM]","Skokie","IL","[PREMIUM]",,"[]",,,"[PREMIUM]"
"d099bdb6-39cc-4722-b018-be3556d1742b","2026-03-07 23:52:42.779","2026-03-18 18:25:21.246","d099bdb6-39cc-4722-b018-be3556d1742b","[PREMIUM]","New",2026,"Subaru","Impreza","Sport","[PREMIUM]","[PREMIUM]",1,"Hatchback","Crystal Black Silica","Black","All-wheel Drive",,,"Gasoline",,,"dealership","[PREMIUM]","Skokie","IL","[PREMIUM]",,"[]",,,"[PREMIUM]"
"0b6f13cb-9930-4e8c-a337-450a0770cdc4","2026-03-07 23:52:42.774","2026-03-07 23:52:42.774","0b6f13cb-9930-4e8c-a337-450a0770cdc4","[PREMIUM]","New",2026,"Chevrolet","Trax","FWD 2RS","[PREMIUM]","[PREMIUM]",0,"SUV","Summit White","Jet Black w/Red Accents","Front-wheel Drive",,,"Gasoline",,,"dealership","[PREMIUM]","Sanford","FL","[PREMIUM]",,"[]",,,"[PREMIUM]"
"697543da-e3f3-46f1-b8f5-5cd13d59a109","2026-03-07 23:52:42.750","2026-03-07 23:52:42.750","697543da-e3f3-46f1-b8f5-5cd13d59a109","[PREMIUM]","New",2026,"Subaru","Crosstrek","Base","[PREMIUM]","[PREMIUM]",0,"SUV","Crystal Black Silica","Gray","All-wheel Drive",,,"Gasoline",,,"dealership","[PREMIUM]","St George","UT","[PREMIUM]",,"[]",,,"[PREMIUM]"
"0e89c96d-61e4-4995-841c-064ad146f6e5","2026-03-07 23:52:42.727","2026-03-18 18:24:37.566","0e89c96d-61e4-4995-841c-064ad146f6e5","[PREMIUM]","New",2026,"Chevrolet","Trax","FWD ACTIV","[PREMIUM]","[PREMIUM]",3,"SUV","White Sands","Jet Black w/Artemis Accents","Front-wheel Drive",,,"Gasoline",,,"dealership","[PREMIUM]","Sanford","FL","[PREMIUM]",,"[]",,,"[PREMIUM]"
"187d8d75-2e3b-4284-bb12-954f98a41e2e","2026-03-07 23:52:42.650","2026-03-15 11:15:41.736","187d8d75-2e3b-4284-bb12-954f98a41e2e","[PREMIUM]","New",2026,"Buick","Envista","Sport Touring FWD","[PREMIUM]","[PREMIUM]",4,"SUV","Ocean Blue Metallic","Ebony w/Santorini Blue Stitching","Front-wheel Drive",,,"Gasoline",,,"dealership","[PREMIUM]","Portland","OR","[PREMIUM]",,"[]",,,"[PREMIUM]"
"f0dedc58-35c6-4034-b6dd-8ee70887bba0","2026-03-07 23:52:42.466","2026-03-18 18:24:48.077","f0dedc58-35c6-4034-b6dd-8ee70887bba0","[PREMIUM]","New",2026,"Chevrolet","Trailblazer","LT","[PREMIUM]","[PREMIUM]",3,"SUV","Cacti Green","Jet Black","Front-wheel Drive",,,"Gasoline",,,"dealership","[PREMIUM]","Attica","NY","[PREMIUM]",,"[]",,,"[PREMIUM]"
"1f397166-a175-427c-a944-f655cc0a8430","2026-03-07 23:52:42.462","2026-03-07 23:52:42.462","1f397166-a175-427c-a944-f655cc0a8430","[PREMIUM]","New",2026,"Toyota","Corolla Cross","L","[PREMIUM]","[PREMIUM]",0,"SUV","Jet Black","Light Gray","All-wheel Drive",,,"Gasoline",,,"dealership","[PREMIUM]","Hackensack","NJ","[PREMIUM]",,"[]",,,"[PREMIUM]"
"700a9e32-a392-4536-ad79-7cd5dd8ac955","2026-03-07 23:52:42.454","2026-03-07 23:52:42.454","700a9e32-a392-4536-ad79-7cd5dd8ac955","[PREMIUM]","New",2026,"Honda","Civic","LX","[PREMIUM]","[PREMIUM]",0,"Sedan","Solar Silver Metallic","Black","Front-wheel Drive",,,"Gasoline",,,"dealership","[PREMIUM]","Fort Myers","FL","[PREMIUM]",,"[]",,,"[PREMIUM]"
"4ebc668f-69c3-4e51-ab19-b4a55c2d5d6b","2026-03-07 23:52:42.436","2026-03-07 23:52:42.436","4ebc668f-69c3-4e51-ab19-b4a55c2d5d6b","[PREMIUM]","New",2026,"Buick","Envista","Sport Touring FWD","[PREMIUM]","[PREMIUM]",6,"SUV","Brilliant Red","Ebony w/Santorini Blue Stitching","Front-wheel Drive",,,"Gasoline",,,"dealership","[PREMIUM]","McKinney","TX","[PREMIUM]",,"[]",,,"[PREMIUM]"
"8e0f9adc-6c51-4fb7-8e10-9383e53864ab","2026-03-07 23:52:42.436","2026-03-21 18:25:50.390","8e0f9adc-6c51-4fb7-8e10-9383e53864ab","[PREMIUM]","New",2026,"Subaru","Impreza","Sport","[PREMIUM]","[PREMIUM]",1,"Hatchback","Sapphire Blue Pearl","Black","All-wheel Drive",,,"Gasoline",,,"dealership","[PREMIUM]","Skokie","IL","[PREMIUM]",,"[]",,,"[PREMIUM]"
"a374ae6c-d511-4a94-8987-99190f3deec4","2026-03-07 23:52:42.428","2026-03-07 23:52:42.428","a374ae6c-d511-4a94-8987-99190f3deec4","[PREMIUM]","New",2026,"Hyundai","ELANTRA","Sport","[PREMIUM]","[PREMIUM]",0,"Sedan","Ecotronic Gray","Gray","Front-wheel Drive",,,"Gasoline",,,"dealership","[PREMIUM]","Tucson","AZ","[PREMIUM]",,"[]",,,"[PREMIUM]"
"6cb8eed6-94d4-490e-af86-d8e57f627669","2026-03-07 23:52:42.426","2026-03-21 18:24:47.109","6cb8eed6-94d4-490e-af86-d8e57f627669","[PREMIUM]","New",2026,"Hyundai","ELANTRA","Sport","[PREMIUM]","[PREMIUM]",8,"Sedan","Amazon Gray","Gray","Front-wheel Drive",,,"Gasoline",,,"dealership","[PREMIUM]","Tucson","AZ","[PREMIUM]",,"[]",,,"[PREMIUM]"
"22c31514-99c2-46aa-9e77-e8f069b9239c","2026-03-07 23:52:42.425","2026-03-07 23:52:42.425","22c31514-99c2-46aa-9e77-e8f069b9239c","[PREMIUM]","New",2026,"Toyota","Corolla","SE","[PREMIUM]","[PREMIUM]",0,"Sedan","Black","Black","Front-wheel Drive",,,"Gasoline",,,"dealership","[PREMIUM]","Santa Fe","NM","[PREMIUM]",,"[]",,,"[PREMIUM]"
"572c9464-54d6-4aa0-b349-758e7985c61b","2026-03-07 23:52:42.417","2026-03-15 11:15:51.749","572c9464-54d6-4aa0-b349-758e7985c61b","[PREMIUM]","New",2026,"Toyota","Corolla Cross","L","[PREMIUM]","[PREMIUM]",0,"SUV","Celestite","Light Gray","All-wheel Drive",,,"Gasoline",,,"dealership","[PREMIUM]","Hackensack","NJ","[PREMIUM]",,"[]",,,"[PREMIUM]"
"1192f64b-425d-4069-ae71-82ebd1b3b8de","2026-03-07 23:52:42.412","2026-03-12 11:15:36.846","1192f64b-425d-4069-ae71-82ebd1b3b8de","[PREMIUM]","New",2026,"Toyota","Corolla","SE","[PREMIUM]","[PREMIUM]",0,"Hatchback","Midnight Black Metallic","Black Fabric","Front-wheel Drive",,,"Gasoline",,,"dealership","[PREMIUM]","Hackensack","NJ","[PREMIUM]",,"[]",,,"[PREMIUM]"
"d8d0e5a4-5eb6-4ca9-be5d-871e4ba27ec8","2026-03-07 23:52:42.401","2026-03-07 23:52:42.401","d8d0e5a4-5eb6-4ca9-be5d-871e4ba27ec8","[PREMIUM]","New",2026,"Chevrolet","Equinox","1LT","[PREMIUM]","[PREMIUM]",6,"SUV","Mosaic Black Metallic","Black","Front-wheel Drive",,,"Gasoline",,,"dealership","[PREMIUM]","White Marsh","MD","[PREMIUM]",,"[]",,,"[PREMIUM]"
"d64878f9-61ef-4de0-b1a2-2b3d58b6f02b","2026-03-07 23:52:42.393","2026-03-07 23:52:42.393","d64878f9-61ef-4de0-b1a2-2b3d58b6f02b","[PREMIUM]","New",2026,"Hyundai","ELANTRA","Sport","[PREMIUM]","[PREMIUM]",0,"Sedan","Abyss Black","Gray","Front-wheel Drive",,,"Gasoline",,,"dealership","[PREMIUM]","Tucson","AZ","[PREMIUM]",,"[]",,,"[PREMIUM]"
"8e14e718-b5a9-4de1-bfe3-f103140e6705","2026-03-07 23:52:42.391","2026-03-18 18:25:10.515","8e14e718-b5a9-4de1-bfe3-f103140e6705","[PREMIUM]","New",2026,"Buick","Encore GX","Preferred","[PREMIUM]","[PREMIUM]",6,"SUV","Ebony Twilight Metallic","Ebony w/Ebony Accents","Front-wheel Drive",,,"Gasoline",,,"dealership","[PREMIUM]","McKinney","TX","[PREMIUM]",,"[]",,,"[PREMIUM]"
"abcaedd3-296f-4d1d-a37a-7fe1679e766a","2026-03-07 23:52:42.387","2026-03-07 23:52:42.387","abcaedd3-296f-4d1d-a37a-7fe1679e766a","[PREMIUM]","New",2026,"Subaru","Crosstrek","Base","[PREMIUM]","[PREMIUM]",0,"SUV","Lithium Red Pearl","Gray","All-wheel Drive",,,"Gasoline",,,"dealership","[PREMIUM]","Rochester","NY","[PREMIUM]",,"[]",,,"[PREMIUM]"
"07a82e70-1965-4b70-aed2-d552a6564a67","2026-03-07 23:52:42.382","2026-03-15 11:15:39.750","07a82e70-1965-4b70-aed2-d552a6564a67","[PREMIUM]","New",2026,"Hyundai","ELANTRA","Sport","[PREMIUM]","[PREMIUM]",10,"Sedan","Ecotronic Gray","Gray","Front-wheel Drive",,,"Gasoline",,,"dealership","[PREMIUM]","Tucson","AZ","[PREMIUM]",,"[]",,,"[PREMIUM]"
"05094e59-b71d-4883-86da-ed98cf7e1529","2026-03-07 23:52:42.369","2026-03-07 23:52:42.369","05094e59-b71d-4883-86da-ed98cf7e1529","[PREMIUM]","New",2026,"Toyota","Corolla","SE","[PREMIUM]","[PREMIUM]",0,"Sedan","Gray","Black","Front-wheel Drive",,,"Gasoline",,,"dealership","[PREMIUM]","Santa Fe","NM","[PREMIUM]",,"[]",,,"[PREMIUM]"
"77013d45-f1cd-480b-8a30-0371e91bc2b6","2026-03-07 23:52:42.369","2026-03-07 23:52:42.369","77013d45-f1cd-480b-8a30-0371e91bc2b6","[PREMIUM]","New",2026,"Hyundai","ELANTRA","Sport","[PREMIUM]","[PREMIUM]",0,"Sedan","Serenity White","Black","Front-wheel Drive",,,"Gasoline",,,"dealership","[PREMIUM]","Tucson","AZ","[PREMIUM]",,"[]",,,"[PREMIUM]"
"eaef9f05-e2d6-42f7-abef-69878a600b4d","2026-03-07 23:52:42.369","2026-03-18 18:24:37.531","eaef9f05-e2d6-42f7-abef-69878a600b4d","[PREMIUM]","New",2026,"Hyundai","ELANTRA","Sport","[PREMIUM]","[PREMIUM]",8,"Sedan","Ecotronic Gray","Black","Front-wheel Drive",,,"Gasoline",,,"dealership","[PREMIUM]","Tucson","AZ","[PREMIUM]",,"[]",,,"[PREMIUM]"
"a95f419c-9cd8-4ffb-9edb-cf0c81eeca5e","2026-03-07 23:52:42.367","2026-03-07 23:52:42.367","a95f419c-9cd8-4ffb-9edb-cf0c81eeca5e","[PREMIUM]","New",2026,"Chevrolet","Trax","FWD 2RS","[PREMIUM]","[PREMIUM]",0,"SUV","Summit White","Jet Black w/Red Accents","Front-wheel Drive",,,"Gasoline",,,"dealership","[PREMIUM]","Sanford","FL","[PREMIUM]",,"[]",,,"[PREMIUM]"
"e9c0a3bd-5b05-46be-be9c-af66013a6d25","2026-03-07 23:52:42.364","2026-03-07 23:52:42.364","e9c0a3bd-5b05-46be-be9c-af66013a6d25","[PREMIUM]","New",2026,"Hyundai","ELANTRA","Sport","[PREMIUM]","[PREMIUM]",0,"Sedan","Serenity White","Gray","Front-wheel Drive",,,"Gasoline",,,"dealership","[PREMIUM]","Tucson","AZ","[PREMIUM]",,"[]",,,"[PREMIUM]"
"36260613-14fb-40b5-94e2-ccd8526a6249","2026-03-07 23:52:42.363","2026-03-07 23:52:42.363","36260613-14fb-40b5-94e2-ccd8526a6249","[PREMIUM]","New",2026,"Toyota","Corolla Cross","L","[PREMIUM]","[PREMIUM]",10,"SUV","Jet Black","Light Gray","Front-wheel Drive",,,"Gasoline",,,"dealership","[PREMIUM]","Springfield","PA","[PREMIUM]",,"[]",,,"[PREMIUM]"
"2225ad92-c37c-4819-8679-bec9fe9e4f2b","2026-03-07 23:52:42.359","2026-03-15 11:15:51.662","2225ad92-c37c-4819-8679-bec9fe9e4f2b","[PREMIUM]","New",2026,"Hyundai","TUCSON","SEL","[PREMIUM]","[PREMIUM]",5,"SUV","Atlantis Blue","Gray","All-wheel Drive",,,"Gasoline",,,"dealership","[PREMIUM]","Dayton","OH","[PREMIUM]",,"[]",,,"[PREMIUM]"
"1c6837ef-0ded-488b-8213-4a7fe5379187","2026-03-07 23:52:42.329","2026-03-21 18:26:03.826","1c6837ef-0ded-488b-8213-4a7fe5379187","[PREMIUM]","New",2026,"Honda","Civic","Sport","[PREMIUM]","[PREMIUM]",2,"Sedan","Silver Metallic","Black","Front-wheel Drive",,,"Gasoline",,,"dealership","[PREMIUM]","Brooklyn","NY","[PREMIUM]",,"[]",,,"[PREMIUM]"
"a018b8ea-cbe7-4165-a85a-ceae1e630d9c","2026-03-07 23:52:31.199","2026-03-12 11:15:36.543","a018b8ea-cbe7-4165-a85a-ceae1e630d9c","[PREMIUM]","New",2026,"Mazda","CX-30","2.5 S Select Sport","[PREMIUM]","[PREMIUM]",0,"SUV","Ceramic White","Blk Lthette","All-wheel Drive",,,"Gasoline",,,"dealership","[PREMIUM]","Chippewa Falls","WI","[PREMIUM]",,"[]",,,"[PREMIUM]"
"81b2fde9-3c14-4e48-827c-22ebef3f605d","2026-03-07 23:52:21.317","2026-03-12 11:15:26.243","81b2fde9-3c14-4e48-827c-22ebef3f605d","[PREMIUM]","New",2026,"Nissan","Rogue","SV","[PREMIUM]","[PREMIUM]",0,"SUV","Scarlet Ember Tintcoat","Charcoal","Front-wheel Drive",,,"Gasoline",,,"dealership","[PREMIUM]","Jacksonville","FL","[PREMIUM]",,"[]",,,"[PREMIUM]"
"6b3efa46-9d96-4879-90e8-009cd5906e1d","2026-03-07 23:52:21.070","2026-03-15 11:15:41.458","6b3efa46-9d96-4879-90e8-009cd5906e1d","[PREMIUM]","New",2026,"Volkswagen","Jetta","1.4T S","[PREMIUM]","[PREMIUM]",0,"Sedan","Deep Black Pearl","Titan Black w/Molekular Inserts","Front-wheel Drive",,,"Gasoline",,,"dealership","[PREMIUM]","Pasadena","MD","[PREMIUM]",,"[]",,,"[PREMIUM]"
"5b2e9231-b4eb-42df-b267-ffd858726687","2026-03-07 23:52:21.063","2026-03-12 11:15:28.156","5b2e9231-b4eb-42df-b267-ffd858726687","[PREMIUM]","New",2026,"Toyota","Corolla Cross","L","[PREMIUM]","[PREMIUM]",0,"SUV","Wind Chill Pearl","Light Gray","All-wheel Drive",,,"Gasoline",,,"dealership","[PREMIUM]","Enfield","CT","[PREMIUM]",,"[]",,,"[PREMIUM]"
"bbd3a67a-061a-4e13-974d-570af3be926f","2026-03-07 23:52:21.063","2026-03-07 23:52:21.063","bbd3a67a-061a-4e13-974d-570af3be926f","[PREMIUM]","New",2026,"Chevrolet","Trax","FWD ACTIV","[PREMIUM]","[PREMIUM]",0,"SUV","White Sands","Jet Black w/Artemis Accents","Front-wheel Drive",,,"Gasoline",,,"dealership","[PREMIUM]","Lebanon","OH","[PREMIUM]",,"[]",,,"[PREMIUM]"
"022d6637-e6dd-4f3f-9f84-562ee0c81e57","2026-03-07 23:52:21.061","2026-03-07 23:52:21.061","022d6637-e6dd-4f3f-9f84-562ee0c81e57","[PREMIUM]","New",2026,"Honda","Civic","Sport","[PREMIUM]","[PREMIUM]",5,"Sedan","Platinum","Black","Front-wheel Drive",,,"Gasoline",,,"dealership","[PREMIUM]","Joliet","IL","[PREMIUM]",,"[]",,,"[PREMIUM]"
"56c41a9d-9dae-4649-a5e6-620a2ece96e8","2026-03-07 23:52:21.056","2026-03-18 18:24:27.023","56c41a9d-9dae-4649-a5e6-620a2ece96e8","[PREMIUM]","New",2026,"Chevrolet","Trax","LT","[PREMIUM]","[PREMIUM]",0,"SUV","Blue","Jet Blk With Blu Accents","Front-wheel Drive",,,"Gasoline",,,"dealership","[PREMIUM]","Lincoln","NE","[PREMIUM]",,"[]",,,"[PREMIUM]"
"e0f73cc3-675b-478c-9bda-82785f7f9d93","2026-03-07 23:52:21.048","2026-03-07 23:52:21.048","e0f73cc3-675b-478c-9bda-82785f7f9d93","[PREMIUM]","New",2026,"Hyundai","SONATA","SE","[PREMIUM]","[PREMIUM]",7,"Sedan","Serenity White","Black","Front-wheel Drive",,,"Gasoline",,,"dealership","[PREMIUM]","Avon","IN","[PREMIUM]",,"[]",,,"[PREMIUM]"
"ccc72473-fbef-4867-a7f8-bcd4af876e62","2026-03-07 23:52:21.045","2026-03-15 11:15:39.948","ccc72473-fbef-4867-a7f8-bcd4af876e62","[PREMIUM]","New",2026,"Nissan","Sentra","SL","[PREMIUM]","[PREMIUM]",5,"Sedan","Atlantic Gray Metallic","Quilted Gray","Front-wheel Drive",,,"Gasoline",,,"dealership","[PREMIUM]","Bakersfield","CA","[PREMIUM]",,"[]",,,"[PREMIUM]"
"cb3e5e32-260d-4b09-97e6-83222beaaf8d","2026-03-07 23:52:21.007","2026-03-07 23:52:21.007","cb3e5e32-260d-4b09-97e6-83222beaaf8d","[PREMIUM]","New",2026,"Kia","K5","GT-Line FWD","[PREMIUM]","[PREMIUM]",1,"Sedan","Aurora Black Pearl","Black","Front-wheel Drive",,,"Gasoline",,,"dealership","[PREMIUM]","Bentonville","AR","[PREMIUM]",,"[]",,,"[PREMIUM]"
"2ff2bc58-b207-48b6-9764-8d672c94751e","2026-03-07 23:52:20.993","2026-03-07 23:52:20.993","2ff2bc58-b207-48b6-9764-8d672c94751e","[PREMIUM]","New",2026,"Honda","Civic","Sport","[PREMIUM]","[PREMIUM]",0,"Hatchback","Meteorite Gray Metallic","Black","Front-wheel Drive",,,"Gasoline",,,"dealership","[PREMIUM]","Charlotte","NC","[PREMIUM]",,"[]",,,"[PREMIUM]"
"54df655d-c494-40a7-a24a-a2c2e8620890","2026-03-07 23:52:20.992","2026-03-07 23:52:20.992","54df655d-c494-40a7-a24a-a2c2e8620890","[PREMIUM]","New",2026,"Chevrolet","Equinox","1LT","[PREMIUM]","[PREMIUM]",6808,"SUV","Sterling Gray Metallic","Black","All-wheel Drive",,,"Gasoline",,,"dealership","[PREMIUM]","White Marsh","MD","[PREMIUM]",,"[]",,,"[PREMIUM]"
"5ad54d89-ad3a-41f4-a1fb-9fe7a69004d0","2026-03-07 23:52:20.990","2026-03-21 18:24:36.639","5ad54d89-ad3a-41f4-a1fb-9fe7a69004d0","[PREMIUM]","New",2026,"Kia","K4","EX","[PREMIUM]","[PREMIUM]",1,"Sedan","Steel Gray","Gray","Front-wheel Drive",,,"Gasoline",,,"dealership","[PREMIUM]","Bentonville","AR","[PREMIUM]",,"[]",,,"[PREMIUM]"
"59db204c-ab91-490e-b9dc-e13c5f23659a","2026-03-07 23:52:20.984","2026-03-15 11:15:39.740","59db204c-ab91-490e-b9dc-e13c5f23659a","[PREMIUM]","New",2026,"Nissan","Sentra","SL","[PREMIUM]","[PREMIUM]",5,"Sedan","Gun Metallic","Quilted Gray","Front-wheel Drive",,,"Gasoline",,,"dealership","[PREMIUM]","Bakersfield","CA","[PREMIUM]",,"[]",,,"[PREMIUM]"
"12fbb776-0427-49bd-a987-79ed27835258","2026-03-07 23:52:20.972","2026-03-07 23:52:20.972","12fbb776-0427-49bd-a987-79ed27835258","[PREMIUM]","New",2026,"Honda","Civic","LX","[PREMIUM]","[PREMIUM]",5,"Sedan","Platinum","Black","Front-wheel Drive",,,"Gasoline",,,"dealership","[PREMIUM]","Joliet","IL","[PREMIUM]",,"[]",,,"[PREMIUM]"
"4d64502b-8312-4631-a877-d53d87d723ba","2026-03-07 23:52:20.970","2026-03-21 18:24:37.396","4d64502b-8312-4631-a877-d53d87d723ba","[PREMIUM]","New",2026,"Chevrolet","Trax","LT","[PREMIUM]","[PREMIUM]",0,"SUV","Mosaic Black Metallic","Jet Black w/Blue Accents","Front-wheel Drive",,,"Gasoline",,,"dealership","[PREMIUM]","Lebanon","OH","[PREMIUM]",,"[]",,,"[PREMIUM]"
"78306eb3-b340-4ce2-a608-b536a1c227b4","2026-03-07 23:52:20.968","2026-03-15 11:15:39.655","78306eb3-b340-4ce2-a608-b536a1c227b4","[PREMIUM]","New",2026,"Hyundai","ELANTRA","Sport","[PREMIUM]","[PREMIUM]",5,"Sedan","Ecotronic Gray","Black","Front-wheel Drive",,,"Gasoline",,,"dealership","[PREMIUM]","Burlington","WA","[PREMIUM]",,"[]",,,"[PREMIUM]"
"b5d29028-b8e1-4eb4-991c-bbefd317ff00","2026-03-07 23:52:20.968","2026-03-12 11:15:25.854","b5d29028-b8e1-4eb4-991c-bbefd317ff00","[PREMIUM]","New",2026,"Volkswagen","Jetta","1.4T S","[PREMIUM]","[PREMIUM]",5,"Sedan","Platinum Gray Metallic","Black","Front-wheel Drive",,,"Gasoline",,,"dealership","[PREMIUM]","Crystal Lake","IL","[PREMIUM]",,"[]",,,"[PREMIUM]"
"8ed96bc2-263e-4f33-ba59-f6671935a2a2","2026-03-07 23:52:20.967","2026-03-21 18:24:36.822","8ed96bc2-263e-4f33-ba59-f6671935a2a2","[PREMIUM]","New",2026,"Subaru","Impreza","Sport","[PREMIUM]","[PREMIUM]",1,"Hatchback","Ice Silver Metallic","Black","All-wheel Drive",,,"Gasoline",,,"dealership","[PREMIUM]","Vernon","CT","[PREMIUM]",,"[]",,,"[PREMIUM]"
"6c5af2ce-e1e7-4459-91b2-407777a24333","2026-03-07 23:52:20.963","2026-03-21 18:24:16.096","6c5af2ce-e1e7-4459-91b2-407777a24333","[PREMIUM]","New",2026,"Subaru","Impreza","Sport","[PREMIUM]","[PREMIUM]",1,"Hatchback","Magnetite Gray Metallic","Black","All-wheel Drive",,,"Gasoline",,,"dealership","[PREMIUM]","Vernon","CT","[PREMIUM]",,"[]",,,"[PREMIUM]"
"4f5d7a7e-181d-4da0-be6d-d575ac79f3bb","2026-03-07 23:52:20.962","2026-03-15 11:15:39.705","4f5d7a7e-181d-4da0-be6d-d575ac79f3bb","[PREMIUM]","New",2026,"Hyundai","ELANTRA","Limited","[PREMIUM]","[PREMIUM]",2,"Sedan","Amazon Gray","Black","Front-wheel Drive",,,"Gasoline",,,"dealership","[PREMIUM]","Albany","NY","[PREMIUM]",,"[]",,,"[PREMIUM]"
"c1ae0c78-4acd-4e70-b622-534155a8b4b9","2026-03-07 23:52:20.962","2026-03-15 11:15:41.345","c1ae0c78-4acd-4e70-b622-534155a8b4b9","[PREMIUM]","New",2026,"Hyundai","TUCSON","SEL","[PREMIUM]","[PREMIUM]",10,"SUV","Ecotronic Gray","Black","All-wheel Drive",,,"Gasoline",,,"dealership","[PREMIUM]","Fall River","MA","[PREMIUM]",,"[]",,,"[PREMIUM]"
"6f9834c3-3a17-41f0-bb79-75a2ad311339","2026-03-07 23:52:20.956","2026-03-07 23:52:20.956","6f9834c3-3a17-41f0-bb79-75a2ad311339","[PREMIUM]","New",2026,"Honda","Civic","LX","[PREMIUM]","[PREMIUM]",0,"Sedan","Crystal Bl","Black","Front-wheel Drive",,,"Gasoline",,,"dealership","[PREMIUM]","Cincinnati","OH","[PREMIUM]",,"[]",,,"[PREMIUM]"
"2aab99b9-9fdb-44a8-ab4e-2d5cd3a26891","2026-03-07 23:52:20.949","2026-03-07 23:52:20.949","2aab99b9-9fdb-44a8-ab4e-2d5cd3a26891","[PREMIUM]","New",2026,"Hyundai","ELANTRA","Sport","[PREMIUM]","[PREMIUM]",10,"Sedan","Ecotronic Gray","Black","Front-wheel Drive",,,"Gasoline",,,"dealership","[PREMIUM]","Burlington","WA","[PREMIUM]",,"[]",,,"[PREMIUM]"
"8e4858ac-b5bf-42fa-9be3-36551ae126f3","2026-03-07 23:52:20.946","2026-03-07 23:52:20.946","8e4858ac-b5bf-42fa-9be3-36551ae126f3","[PREMIUM]","New",2026,"Hyundai","SONATA","SE","[PREMIUM]","[PREMIUM]",7,"Sedan","Carbon Blue","Black","Front-wheel Drive",,,"Gasoline",,,"dealership","[PREMIUM]","Avon","IN","[PREMIUM]",,"[]",,,"[PREMIUM]"
"943af52b-1b24-4269-9741-7e679516c202","2026-03-07 23:52:20.944","2026-03-21 18:24:27.045","943af52b-1b24-4269-9741-7e679516c202","[PREMIUM]","New",2026,"Chevrolet","Trax","FWD 2RS","[PREMIUM]","[PREMIUM]",3,"SUV","White Sands","Jet Black w/Red Accents","Front-wheel Drive",,,"Gasoline",,,"dealership","[PREMIUM]","Hattiesburg","MS","[PREMIUM]",,"[]",,,"[PREMIUM]"
"70e62a30-988d-4cc4-8b0a-bf4fbb51fc19","2026-03-07 23:52:20.942","2026-03-15 11:15:40.331","70e62a30-988d-4cc4-8b0a-bf4fbb51fc19","[PREMIUM]","New",2026,"Kia","K4","EX","[PREMIUM]","[PREMIUM]",1,"Sedan","Currant Red","Gray","Front-wheel Drive",,,"Gasoline",,,"dealership","[PREMIUM]","Bentonville","AR","[PREMIUM]",,"[]",,,"[PREMIUM]"
"f2baa29f-9df1-41db-afce-4421fc45b2bd","2026-03-07 23:52:20.930","2026-03-07 23:52:20.930","f2baa29f-9df1-41db-afce-4421fc45b2bd","[PREMIUM]","New",2026,"Mazda","CX-30","2.5 S Select Sport","[PREMIUM]","[PREMIUM]",0,"SUV","Jet Black","Blk Lthette","All-wheel Drive",,,"Gasoline",,,"dealership","[PREMIUM]","Chippewa Falls","WI","[PREMIUM]",,"[]",,,"[PREMIUM]"
"4539683a-9515-415e-9603-777ed50cb13c","2026-03-07 23:52:09.946","2026-03-18 18:24:06.532","4539683a-9515-415e-9603-777ed50cb13c","[PREMIUM]","New",2026,"Chevrolet","Trax","FWD 2RS","[PREMIUM]","[PREMIUM]",5,"SUV","Sterling Gray Metallic","Jet Black w/Red Accents","Front-wheel Drive",,,"Gasoline",,,"dealership","[PREMIUM]","Brockton","MA","[PREMIUM]",,"[]",,,"[PREMIUM]"
"f2cedd91-eef4-4d5f-91ed-4693c572a72a","2026-03-07 23:52:09.926","2026-03-07 23:52:09.926","f2cedd91-eef4-4d5f-91ed-4693c572a72a","[PREMIUM]","New",2026,"Hyundai","TUCSON","SE","[PREMIUM]","[PREMIUM]",5,"SUV","Shimmering Silver","Black","Front-wheel Drive",,,"Gasoline",,,"dealership","[PREMIUM]","Lithia Springs","GA","[PREMIUM]",,"[]",,,"[PREMIUM]"
"7c1de3f8-2f8b-4c6c-b61f-e9b3fab1e6bd","2026-03-07 23:52:09.902","2026-03-12 11:15:26.144","7c1de3f8-2f8b-4c6c-b61f-e9b3fab1e6bd","[PREMIUM]","New",2026,"Chevrolet","Trax","LT","[PREMIUM]","[PREMIUM]",5,"SUV","Sterling","Jet Blk With Blu Accents","Front-wheel Drive",,,"Gasoline",,,"dealership","[PREMIUM]","Brockton","MA","[PREMIUM]",,"[]",,,"[PREMIUM]"
"e8d07ac1-a018-467f-971f-c4594f197af1","2026-03-07 23:52:09.856","2026-03-21 18:24:17.088","e8d07ac1-a018-467f-971f-c4594f197af1","[PREMIUM]","New",2026,"Hyundai","ELANTRA","Limited","[PREMIUM]","[PREMIUM]",2,"Sedan","Ecotronic Gray","Light Gray","Front-wheel Drive",,,"Gasoline",,,"dealership","[PREMIUM]","Albany","NY","[PREMIUM]",,"[]",,,"[PREMIUM]"
"59b4e0ff-080d-42a7-8981-0afcb20b86c0","2026-03-07 23:52:09.844","2026-03-12 11:15:27.759","59b4e0ff-080d-42a7-8981-0afcb20b86c0","[PREMIUM]","New",2027,"Chevrolet","Bolt","LT","[PREMIUM]","[PREMIUM]",1,"SUV","Gb8","Jet Black With Blue Gray Stitching","Front-wheel Drive",,,"Electric",,,"dealership","[PREMIUM]","Cold Spring","MN","[PREMIUM]",,"[]",,,"[PREMIUM]"
"5c48d416-f009-4790-9f67-0a5a713f47da","2026-03-07 23:52:09.753","2026-03-07 23:52:09.753","5c48d416-f009-4790-9f67-0a5a713f47da","[PREMIUM]","New",2026,"Hyundai","TUCSON","SE","[PREMIUM]","[PREMIUM]",5,"SUV","Ultimate Red","Black","Front-wheel Drive",,,"Gasoline",,,"dealership","[PREMIUM]","Duluth","GA","[PREMIUM]",,"[]",,,"[PREMIUM]"
"5c9d4d23-d176-462c-ad26-287b0af70146","2026-03-07 23:52:09.687","2026-03-12 11:15:26.651","5c9d4d23-d176-462c-ad26-287b0af70146","[PREMIUM]","New",2026,"Nissan","Sentra","SR","[PREMIUM]","[PREMIUM]",5,"Sedan","Aspen White Tricoat","Sport","Front-wheel Drive",,,"Gasoline",,,"dealership","[PREMIUM]","Bakersfield","CA","[PREMIUM]",,"[]",,,"[PREMIUM]"
"9c94cac0-340d-46a4-a4f5-6661f400a534","2026-03-07 23:52:09.684","2026-03-07 23:52:09.684","9c94cac0-340d-46a4-a4f5-6661f400a534","[PREMIUM]","New",2026,"Mazda","CX-30","2.5 S","[PREMIUM]","[PREMIUM]",0,"SUV","Jet Black","White","All-wheel Drive",,,"Gasoline",,,"dealership","[PREMIUM]","Chippewa Falls","WI","[PREMIUM]",,"[]",,,"[PREMIUM]"
"42ed7c53-1ba3-486d-b029-189b652d69ba","2026-03-07 23:52:09.683","2026-03-18 18:24:17.523","42ed7c53-1ba3-486d-b029-189b652d69ba","[PREMIUM]","New",2026,"Nissan","Rogue","SV","[PREMIUM]","[PREMIUM]",0,"SUV","Everest White Pearl Tricoat","Charcoal","Front-wheel Drive",,,"Gasoline",,,"dealership","[PREMIUM]","Jacksonville","FL","[PREMIUM]",,"[]",,,"[PREMIUM]"
"222c71c8-0d9f-4014-8f78-ea0d6e539bc0","2026-03-07 23:52:09.680","2026-03-21 18:24:36.657","222c71c8-0d9f-4014-8f78-ea0d6e539bc0","[PREMIUM]","New",2026,"Nissan","Sentra","SR","[PREMIUM]","[PREMIUM]",5,"Sedan","Super Black","Sport","Front-wheel Drive",,,"Gasoline",,,"dealership","[PREMIUM]","Bakersfield","CA","[PREMIUM]",,"[]",,,"[PREMIUM]"
"488cba8b-5500-413b-823a-7130bdbba305","2026-03-07 23:52:09.679","2026-03-12 11:15:26.654","488cba8b-5500-413b-823a-7130bdbba305","[PREMIUM]","New",2026,"Nissan","Sentra","SL","[PREMIUM]","[PREMIUM]",5,"Sedan","Gun Metallic","Quilted Gray","Front-wheel Drive",,,"Gasoline",,,"dealership","[PREMIUM]","Bakersfield","CA","[PREMIUM]",,"[]",,,"[PREMIUM]"
"da2e194f-70a3-4105-8b9a-ea6187403ff3","2026-03-07 23:52:09.663","2026-03-07 23:52:09.663","da2e194f-70a3-4105-8b9a-ea6187403ff3","[PREMIUM]","New",2026,"Nissan","Sentra","SR","[PREMIUM]","[PREMIUM]",5,"Sedan","Atlantic Gray Metallic","Sport","Front-wheel Drive",,,"Gasoline",,,"dealership","[PREMIUM]","Bakersfield","CA","[PREMIUM]",,"[]",,,"[PREMIUM]"
"27b88053-c813-47a9-ae07-8c1691b0c261","2026-03-07 23:52:09.662","2026-03-12 11:15:25.938","27b88053-c813-47a9-ae07-8c1691b0c261","[PREMIUM]","New",2027,"Chevrolet","Bolt","LT","[PREMIUM]","[PREMIUM]",1,"SUV","Summit White","Jet Black with Blue and Gray Stitching","Front-wheel Drive",,,"Electric",,,"dealership","[PREMIUM]","Cold Spring","MN","[PREMIUM]",,"[]",,,"[PREMIUM]"
"54f99150-5391-4d6f-83dc-3f28ca4d75de","2026-03-07 23:52:09.659","2026-03-12 11:15:26.765","54f99150-5391-4d6f-83dc-3f28ca4d75de","[PREMIUM]","New",2026,"Nissan","Sentra","SL","[PREMIUM]","[PREMIUM]",5,"Sedan","Super Black","Quilted Gray","Front-wheel Drive",,,"Gasoline",,,"dealership","[PREMIUM]","Bakersfield","CA","[PREMIUM]",,"[]",,,"[PREMIUM]"
"2d64310f-0b70-4d96-8b11-41cef82c7894","2026-03-07 23:52:09.656","2026-03-07 23:52:09.656","2d64310f-0b70-4d96-8b11-41cef82c7894","[PREMIUM]","New",2026,"Chevrolet","Trax","FWD ACTIV","[PREMIUM]","[PREMIUM]",3,"SUV","Mosaic Black Metallic","Jet Black w/Artemis Accents","Front-wheel Drive",,,"Gasoline",,,"dealership","[PREMIUM]","Hattiesburg","MS","[PREMIUM]",,"[]",,,"[PREMIUM]"
"1e5fbe89-a941-4ee7-9fc4-89cf01489e16","2026-03-07 23:52:09.655","2026-03-07 23:52:09.655","1e5fbe89-a941-4ee7-9fc4-89cf01489e16","[PREMIUM]","New",2026,"Mazda","Mazda3","AWD","[PREMIUM]","[PREMIUM]",0,"Sedan","Polymetal Gray Metallic","Red","All-wheel Drive",,,"Gasoline",,,"dealership","[PREMIUM]","Chippewa Falls","WI","[PREMIUM]",,"[]",,,"[PREMIUM]"
"301ea1d6-3cd4-4bbe-b811-b1e3f174261c","2026-03-07 23:52:09.651","2026-03-18 18:24:16.696","301ea1d6-3cd4-4bbe-b811-b1e3f174261c","[PREMIUM]","New",2026,"Nissan","Sentra","SR","[PREMIUM]","[PREMIUM]",5,"Sedan","Atlantic Gray/Super Black","Sport","Front-wheel Drive",,,"Gasoline",,,"dealership","[PREMIUM]","Bakersfield","CA","[PREMIUM]",,"[]",,,"[PREMIUM]"
"e85fcd94-8225-43a1-84ef-4e5c977a1571","2026-03-07 23:52:09.647","2026-03-15 11:15:41.751","e85fcd94-8225-43a1-84ef-4e5c977a1571","[PREMIUM]","New",2026,"Chevrolet","Trax","FWD ACTIV","[PREMIUM]","[PREMIUM]",3,"SUV","Summit White","Jet Black w/Artemis Accents","Front-wheel Drive",,,"Gasoline",,,"dealership","[PREMIUM]","Hattiesburg","MS","[PREMIUM]",,"[]",,,"[PREMIUM]"
"3c98cda4-377e-4dbc-8ae0-eef97e7c1c8e","2026-03-07 23:52:09.626","2026-03-07 23:52:09.626","3c98cda4-377e-4dbc-8ae0-eef97e7c1c8e","[PREMIUM]","New",2027,"Chevrolet","Bolt","LT","[PREMIUM]","[PREMIUM]",2,"SUV","Marina Blue Metallic","Jet Black with Blue and Gray Stitching","Front-wheel Drive",,,"Electric",,,"dealership","[PREMIUM]","Scottsdale","AZ","[PREMIUM]",,"[]",,,"[PREMIUM]"
"e8051a32-789f-47e5-a9fb-eb7d6d51652e","2026-03-07 23:51:28.887","2026-03-12 11:15:26.253","e8051a32-789f-47e5-a9fb-eb7d6d51652e","[PREMIUM]","New",2027,"Chevrolet","Bolt","LT","[PREMIUM]","[PREMIUM]",5,"SUV","Marina Blue Metallic","Jet Black with Blue and Gray Stitching","Front-wheel Drive",,,"Electric",,,"dealership","[PREMIUM]","Garden Grove","CA","[PREMIUM]",,"[]",,,"[PREMIUM]"
"82bc8b88-ee8c-45f1-bf50-c84a92edc1a9","2026-03-07 23:51:28.800","2026-03-21 18:24:26.462","82bc8b88-ee8c-45f1-bf50-c84a92edc1a9","[PREMIUM]","New",2027,"Chevrolet","Bolt","LT","[PREMIUM]","[PREMIUM]",5,"SUV","Summit White","Gray","Front-wheel Drive",,,"Electric",,,"dealership","[PREMIUM]","North Highlands","CA","[PREMIUM]",,"[]",,,"[PREMIUM]"
"60ead341-4b3a-4f80-b2d2-e46d7f55ba35","2026-03-07 23:51:28.777","2026-03-07 23:51:28.777","60ead341-4b3a-4f80-b2d2-e46d7f55ba35","[PREMIUM]","New",2027,"Chevrolet","Bolt","LT","[PREMIUM]","[PREMIUM]",3,"SUV","Summit White","Jet Black with Blue and Gray Stitching","Front-wheel Drive",,,"Electric",,,"dealership","[PREMIUM]","Austin","TX","[PREMIUM]",,"[]",,,"[PREMIUM]"
"947cea0c-92b6-4793-ac8e-e0b71fb1ae44","2026-03-07 23:51:08.001","2026-03-12 11:15:05.041","947cea0c-92b6-4793-ac8e-e0b71fb1ae44","[PREMIUM]","Used",2004,"Chevrolet","Corvette","Base","[PREMIUM]","[PREMIUM]",54697,"Coupe","LeMans Blue Metallic","Beige","Rear-wheel Drive",,,"Gasoline",,,"dealership","[PREMIUM]","Butler","PA","[PREMIUM]",,"[]",,,"[PREMIUM]"
"f33abecf-8f3b-406e-a880-e921317d922d","2026-03-07 23:51:07.948","2026-03-12 11:15:29.248","f33abecf-8f3b-406e-a880-e921317d922d","[PREMIUM]","Used",2013,"Ford","Mustang","GT Premium","[PREMIUM]","[PREMIUM]",46807,"Coupe","Performance White","Charcoal Black/Carbon Accents","Rear-wheel Drive",,,"Gasoline",,,"dealership","[PREMIUM]","Walled Lake","MI","[PREMIUM]",,"[]",,,"[PREMIUM]"
"3c1ffa9f-239c-4809-96cb-63f5448d17bd","2026-03-07 23:50:57.684","2026-03-12 11:15:05.843","3c1ffa9f-239c-4809-96cb-63f5448d17bd","[PREMIUM]","Used",2014,"Toyota","4Runner","Limited","[PREMIUM]","[PREMIUM]",135634,"SUV","Attitude Black","Black","Four-wheel Drive",,,"Gasoline",,,"dealership","[PREMIUM]","Cincinnati","OH","[PREMIUM]",,"[]",,,"[PREMIUM]"
"e4358053-dd5b-4b47-bc63-b663d8d999b1","2026-03-07 23:50:57.648","2026-03-07 23:50:57.648","e4358053-dd5b-4b47-bc63-b663d8d999b1","[PREMIUM]","Used",2014,"RAM","2500","SLT","[PREMIUM]","[PREMIUM]",143221,"Truck","Bright White Clearcoat","Diesel Gray / Black","Four-wheel Drive",,,"Gasoline",,,"dealership","[PREMIUM]","Sycamore","IL","[PREMIUM]",,"[]",,,"[PREMIUM]"
"a0b15a1e-40db-4890-8eaf-1ea6b8a90abe","2026-03-07 23:50:57.607","2026-03-07 23:50:57.607","a0b15a1e-40db-4890-8eaf-1ea6b8a90abe","[PREMIUM]","Used",2014,"Dodge","Challenger","R/T","[PREMIUM]","[PREMIUM]",18201,"Coupe","Toreador Red","Dark Slate Gray","Rear-wheel Drive",,,"Gasoline",,,"dealership","[PREMIUM]","Milwaukie","OR","[PREMIUM]",,"[]",,,"[PREMIUM]"
"420ec02f-9aa7-4a88-b84a-67828e1bc107","2026-03-07 23:50:57.480","2026-03-07 23:50:57.480","420ec02f-9aa7-4a88-b84a-67828e1bc107","[PREMIUM]","Used",2014,"Dodge","Challenger","R/T","[PREMIUM]","[PREMIUM]",68435,"Coupe","Purple","Dark Slate Gray","Rear-wheel Drive",,,"Gasoline",,,"dealership","[PREMIUM]","Springfield","OH","[PREMIUM]",,"[]",,,"[PREMIUM]"
"5ebfdd0b-af2b-4f40-bf11-b9fd9ab45017","2026-03-07 23:50:57.317","2026-03-15 11:15:22.742","5ebfdd0b-af2b-4f40-bf11-b9fd9ab45017","[PREMIUM]","Used",2014,"Toyota","Tundra","Limited","[PREMIUM]","[PREMIUM]",161415,"Truck","Super White","Graphite","Four-wheel Drive",,,"Gasoline",,,"dealership","[PREMIUM]","Asheville","NC","[PREMIUM]",,"[]",,,"[PREMIUM]"
"0323683f-d09c-47ca-863b-313a4e656f01","2026-03-07 23:50:57.308","2026-03-07 23:50:57.308","0323683f-d09c-47ca-863b-313a4e656f01","[PREMIUM]","Used",2015,"Mercedes-Benz","SLK-Class",,"[PREMIUM]","[PREMIUM]",37129,"Convertible","White","BLACK","Rear-wheel Drive",,,"Gasoline",,,"dealership","[PREMIUM]","Knoxville","TN","[PREMIUM]",,"[]",,,"[PREMIUM]"
"bd9f546a-71a5-4a7d-bd6d-316002fcb8d0","2026-03-07 23:50:37.671","2026-03-18 18:24:06.032","bd9f546a-71a5-4a7d-bd6d-316002fcb8d0","[PREMIUM]","Used",2015,"Ford","F-150","King Ranch","[PREMIUM]","[PREMIUM]",123481,"Truck","blk","Mesa","Four-wheel Drive",,,"Gasoline",,,"dealership","[PREMIUM]","Rochester","IN","[PREMIUM]",,"[]",,,"[PREMIUM]"
"3b4badac-3030-4fd0-9fcd-f3a410f2f719","2026-03-07 23:50:37.572","2026-03-07 23:50:37.572","3b4badac-3030-4fd0-9fcd-f3a410f2f719","[PREMIUM]","Used",2015,"Ford","Mustang","GT Premium","[PREMIUM]","[PREMIUM]",97250,"Convertible","Black","Red Line","Rear-wheel Drive",,,"Gasoline",,,"dealership","[PREMIUM]","Indianapolis","IN","[PREMIUM]",,"[]",,,"[PREMIUM]"
"0312936d-e8e9-4efc-a25b-e18378b757cf","2026-03-07 23:50:37.223","2026-03-07 23:50:37.223","0312936d-e8e9-4efc-a25b-e18378b757cf","[PREMIUM]","Used",2016,"Chevrolet","Colorado","Z71","[PREMIUM]","[PREMIUM]",82851,"Truck","Red Rock Metallic","Jet Black","Four-wheel Drive",,,"Gasoline",,,"dealership","[PREMIUM]","Cedarville","IL","[PREMIUM]",,"[]",,,"[PREMIUM]"
"9d3af35c-48c7-49c5-9483-01b1e16f201a","2026-03-07 23:50:37.177","2026-03-07 23:50:37.177","9d3af35c-48c7-49c5-9483-01b1e16f201a","[PREMIUM]","Used",2015,"Chevrolet","Silverado 1500","1LT","[PREMIUM]","[PREMIUM]",71268,"Truck","Black","Jet Black","Rear-wheel Drive",,,"Gasoline",,,"dealership","[PREMIUM]","Daytona Beach","FL","[PREMIUM]",,"[]",,,"[PREMIUM]"
"858500f6-d44b-4a41-80fb-c92334f5800c","2026-03-07 23:50:37.018","2026-03-07 23:50:37.018","858500f6-d44b-4a41-80fb-c92334f5800c","[PREMIUM]","Used",2016,"Toyota","Tundra","SR5","[PREMIUM]","[PREMIUM]",176238,"Truck","Super White","Graphite","Four-wheel Drive",,,"Gasoline",,,"dealership","[PREMIUM]","Asheville","NC","[PREMIUM]",,"[]",,,"[PREMIUM]"
"c6fbe826-ebfb-4371-9393-5f0c86136414","2026-03-07 23:50:36.912","2026-03-07 23:50:36.912","c6fbe826-ebfb-4371-9393-5f0c86136414","[PREMIUM]","Used",2015,"Mercedes-Benz","SLK-Class","SLK 250","[PREMIUM]","[PREMIUM]",37958,"Convertible","Red",,"Rear-wheel Drive",,,"Gasoline",,,"dealership","[PREMIUM]","Triadelphia","WV","[PREMIUM]",,"[]",,,"[PREMIUM]"
"52df10b3-772f-469b-bced-bb42dd2665d4","2026-03-07 23:50:36.908","2026-03-12 11:15:04.142","52df10b3-772f-469b-bced-bb42dd2665d4","[PREMIUM]","Used",2016,"Chevrolet","Silverado 1500","LTZ","[PREMIUM]","[PREMIUM]",183593,"Truck","Red Hot","Jet Black","Four-wheel Drive",,,"Gasoline",,,"dealership","[PREMIUM]","South Sioux City","NE","[PREMIUM]",,"[]",,,"[PREMIUM]"
"20af8ad9-62f5-407f-9b76-8d00040184cd","2026-03-07 23:50:36.898","2026-03-07 23:50:36.898","20af8ad9-62f5-407f-9b76-8d00040184cd","[PREMIUM]","Used",2015,"Chevrolet","Silverado 1500","High Country","[PREMIUM]","[PREMIUM]",129274,"Truck","Black","Saddle","Four-wheel Drive",,,"Gasoline",,,"dealership","[PREMIUM]","Stonecrest","GA","[PREMIUM]",,"[]",,,"[PREMIUM]"
"64ae1cf3-ff10-4037-9e79-6584d261d490","2026-03-07 23:50:36.896","2026-03-07 23:50:36.896","64ae1cf3-ff10-4037-9e79-6584d261d490","[PREMIUM]","Used",2015,"Toyota","Highlander","XLE","[PREMIUM]","[PREMIUM]",75629,"SUV","Silver","GRAY","Four-wheel Drive",,,"Gasoline",,,"dealership","[PREMIUM]","Plano","TX","[PREMIUM]",,"[]",,,"[PREMIUM]"
"efd9c498-e081-4c99-abcd-627fc6661380","2026-03-07 23:50:36.890","2026-03-07 23:50:36.890","efd9c498-e081-4c99-abcd-627fc6661380","[PREMIUM]","Used",2015,"Dodge","Charger","R/T Scat Pack","[PREMIUM]","[PREMIUM]",45000,"Sedan","Torred","Black","Rear-wheel Drive",,,"Gasoline",,,"dealership","[PREMIUM]","Omaha","NE","[PREMIUM]",,"[]",,,"[PREMIUM]"
"e29acf0c-13c2-4784-80d6-29240428cab4","2026-03-07 23:50:36.885","2026-03-07 23:50:36.885","e29acf0c-13c2-4784-80d6-29240428cab4","[PREMIUM]","Used",2015,"Toyota","4Runner","SR5 Premium","[PREMIUM]","[PREMIUM]",131101,"SUV","Classic Silver Metallic","Black/Graphite","Four-wheel Drive",,,"Gasoline",,,"dealership","[PREMIUM]","Saint Marys","PA","[PREMIUM]",,"[]",,,"[PREMIUM]"
"2291501c-666a-4b1c-9bb6-11936b4f09b6","2026-03-07 23:50:36.884","2026-03-07 23:50:36.884","2291501c-666a-4b1c-9bb6-11936b4f09b6","[PREMIUM]","Used",2017,"RAM","1500","Rebel","[PREMIUM]","[PREMIUM]",107847,"Truck","Bright Silver Metallic Clearcoat","Black","Four-wheel Drive",,,"Gasoline",,,"dealership","[PREMIUM]","Greenfield","WI","[PREMIUM]",,"[]",,,"[PREMIUM]"
"95b7bf30-2dcd-4ba8-8d8b-09ff3e588994","2026-03-07 23:50:36.880","2026-03-07 23:50:36.880","95b7bf30-2dcd-4ba8-8d8b-09ff3e588994","[PREMIUM]","Used",2015,"Chevrolet","Silverado 1500","LT","[PREMIUM]","[PREMIUM]",70586,"Truck","Black","Black","Rear-wheel Drive",,,"Gasoline",,,"dealership","[PREMIUM]","Tulsa","OK","[PREMIUM]",,"[]",,,"[PREMIUM]"
"53b8b59f-f2aa-44bc-8483-bcbe277c6bf1","2026-03-07 23:50:36.866","2026-03-12 11:15:05.239","53b8b59f-f2aa-44bc-8483-bcbe277c6bf1","[PREMIUM]","Used",2014,"Ford","F-150","XLT","[PREMIUM]","[PREMIUM]",68299,"Truck",,,"Four-wheel Drive",,,"Gasoline",,,"dealership","[PREMIUM]","Colorado Springs","CO","[PREMIUM]",,"[]",,,"[PREMIUM]"
"a86cbf7a-7fe1-4018-a1fd-0722f0b84d53","2026-03-07 23:50:36.865","2026-03-07 23:50:36.865","a86cbf7a-7fe1-4018-a1fd-0722f0b84d53","[PREMIUM]","Used",2017,"Toyota","Sienna","Limited Premium","[PREMIUM]","[PREMIUM]",89984,"Passenger Van","Silver Sky Metallic","Ash","All-wheel Drive",,,"Gasoline",,,"dealership","[PREMIUM]","Indianapolis","IN","[PREMIUM]",,"[]",,,"[PREMIUM]"
"069244ed-f21a-408d-8b2a-108ca97e9dab","2026-03-07 23:50:36.861","2026-03-12 11:15:05.238","069244ed-f21a-408d-8b2a-108ca97e9dab","[PREMIUM]","Used",2016,"Ford","F-150","King Ranch","[PREMIUM]","[PREMIUM]",134927,"Truck","Shadow Black","Mesa","Four-wheel Drive",,,"Gasoline",,,"dealership","[PREMIUM]","Colorado Springs","CO","[PREMIUM]",,"[]",,,"[PREMIUM]"
"586b0517-1f6c-43af-8669-e9fd3e5215f1","2026-03-07 23:50:36.855","2026-03-07 23:50:36.855","586b0517-1f6c-43af-8669-e9fd3e5215f1","[PREMIUM]","Used",2016,"Jeep","Wrangler Unlimited","Sport","[PREMIUM]","[PREMIUM]",88360,"SUV","Black Clearcoat","Black","Four-wheel Drive",,,"Gasoline",,,"dealership","[PREMIUM]","Rockville","MD","[PREMIUM]",,"[]",,,"[PREMIUM]"
"3711b10a-3f49-4b7a-ae67-de6b6fc5ae2f","2026-03-07 23:50:16.520","2026-03-07 23:50:16.520","3711b10a-3f49-4b7a-ae67-de6b6fc5ae2f","[PREMIUM]","Used",2017,"RAM","1500","Longhorn","[PREMIUM]","[PREMIUM]",119651,"Truck","Brilliant Black Crystal Pearl","Black","Four-wheel Drive",,,"Gasoline",,,"dealership","[PREMIUM]","South Sioux City","NE","[PREMIUM]",,"[]",,,"[PREMIUM]"
"d08671af-76f1-430c-aa38-d73300e194db","2026-03-07 23:50:16.516","2026-03-07 23:50:16.516","d08671af-76f1-430c-aa38-d73300e194db","[PREMIUM]","New",2016,"Toyota","Camry","LE","[PREMIUM]","[PREMIUM]",0,"Sedan","Creme Brulee","Almond Fabric Seat Trim","Front-wheel Drive",,,"Gasoline",,,"dealership","[PREMIUM]","Enfield","CT","[PREMIUM]",,"[]",,,"[PREMIUM]"
"422fc630-037d-4550-aa77-f8c23d7ab537","2026-03-07 23:50:16.499","2026-03-07 23:50:16.499","422fc630-037d-4550-aa77-f8c23d7ab537","[PREMIUM]","Used",2016,"INFINITI","Q50","Sport","[PREMIUM]","[PREMIUM]",50439,"Sedan","White","BLACK","2WD",,,"Gas",,,"dealership","[PREMIUM]","Duarte","CA","[PREMIUM]",,"[]",,,"[PREMIUM]"
"7019e2ec-3fe4-4b83-8950-cfc1207b8439","2026-03-07 23:50:16.481","2026-03-07 23:50:16.481","7019e2ec-3fe4-4b83-8950-cfc1207b8439","[PREMIUM]","Used",2017,"Toyota","Sienna","SE Premium","[PREMIUM]","[PREMIUM]",101397,"Passenger Van","Super White","Black","Front-wheel Drive",,,"Gasoline",,,"dealership","[PREMIUM]","San Diego","CA","[PREMIUM]",,"[]",,,"[PREMIUM]"
"eae38d23-ee4c-49f7-99c8-232331a62079","2026-03-07 23:50:16.304","2026-03-07 23:50:16.304","eae38d23-ee4c-49f7-99c8-232331a62079","[PREMIUM]","Used",2017,"Toyota","Highlander","SE","[PREMIUM]","[PREMIUM]",78546,"SUV","Salsa Red Pearl","Black","Front-wheel Drive",,,"Gasoline",,,"dealership","[PREMIUM]","Augusta","KS","[PREMIUM]",,"[]",,,"[PREMIUM]"
"69396068-f969-4d97-86fc-fc2cb92cc763","2026-03-07 23:50:16.281","2026-03-07 23:50:16.281","69396068-f969-4d97-86fc-fc2cb92cc763","[PREMIUM]","New",2016,"Toyota","Corolla","LE","[PREMIUM]","[PREMIUM]",0,"Sedan","Classic Silver Metallic","Ash","Front-wheel Drive",,,"Gasoline",,,"dealership","[PREMIUM]","Enfield","CT","[PREMIUM]",,"[]",,,"[PREMIUM]"
"89e6392e-b674-4c0e-8d01-ae696123eef6","2026-03-07 23:50:16.276","2026-03-07 23:50:16.276","89e6392e-b674-4c0e-8d01-ae696123eef6","[PREMIUM]","Used",2016,"Chevrolet","Colorado","Z71","[PREMIUM]","[PREMIUM]",108388,"Truck","Black","BLACK","Four-wheel Drive",,,"Diesel",,,"dealership","[PREMIUM]","Midlothian","VA","[PREMIUM]",,"[]",,,"[PREMIUM]"
"a16efdf3-8dac-4b01-b0ff-da74edecc08b","2026-03-07 23:50:16.255","2026-03-12 11:15:04.945","a16efdf3-8dac-4b01-b0ff-da74edecc08b","[PREMIUM]","Used",2016,"Honda","CR-V","EX-L","[PREMIUM]","[PREMIUM]",41989,"SUV","Brown","BLACK","Four-wheel Drive",,,"Gasoline",,,"dealership","[PREMIUM]","Midlothian","VA","[PREMIUM]",,"[]",,,"[PREMIUM]"
"f46f12a3-be31-421b-8c78-72ac157f7c24","2026-03-07 23:50:16.254","2026-03-07 23:50:16.254","f46f12a3-be31-421b-8c78-72ac157f7c24","[PREMIUM]","Used",2017,"Jeep","Wrangler Unlimited","Rubicon","[PREMIUM]","[PREMIUM]",97137,"SUV","Billet Silver Metallic Clearcoat","Black","Four-wheel Drive",,,"Gasoline",,,"dealership","[PREMIUM]","Triadelphia","WV","[PREMIUM]",,"[]",,,"[PREMIUM]"
"41963b2d-bd56-4d2d-9c8c-4eaebc7e5508","2026-03-07 23:50:16.232","2026-03-07 23:50:16.232","41963b2d-bd56-4d2d-9c8c-4eaebc7e5508","[PREMIUM]","Used",2017,"Lexus","RX 350","Base","[PREMIUM]","[PREMIUM]",118111,"SUV","Silver","Gray","All-wheel Drive",,,"Gasoline",,,"dealership","[PREMIUM]","Glen Burnie","MD","[PREMIUM]",,"[]",,,"[PREMIUM]"
"ef1c2308-1b7b-4989-aeac-738d9a159722","2026-03-07 23:50:16.229","2026-03-07 23:50:16.229","ef1c2308-1b7b-4989-aeac-738d9a159722","[PREMIUM]","Used",2017,"Honda","Odyssey","Touring Elite","[PREMIUM]","[PREMIUM]",79391,,"Gray","TAN","Rear-wheel Drive",,,"Gasoline",,,"dealership","[PREMIUM]","Midlothian","VA","[PREMIUM]",,"[]",,,"[PREMIUM]"
"aefac27c-dea3-4954-aa9b-5192792a3360","2026-03-07 23:50:16.226","2026-03-12 11:14:30.146","aefac27c-dea3-4954-aa9b-5192792a3360","[PREMIUM]","Used",2017,"Subaru","BRZ","Limited","[PREMIUM]","[PREMIUM]",26312,"Coupe","White","BLACK","Rear-wheel Drive",,,"Gasoline",,,"dealership","[PREMIUM]","Salem","OR","[PREMIUM]",,"[]",,,"[PREMIUM]"
"ca144b9f-9eaa-4323-aecf-b0f965c76217","2026-03-07 23:50:16.223","2026-03-07 23:50:16.223","ca144b9f-9eaa-4323-aecf-b0f965c76217","[PREMIUM]","Used",2017,"Ford","Expedition EL","Limited","[PREMIUM]","[PREMIUM]",92631,"SUV","Magnetic","Ebony","Four-wheel Drive",,,"Gasoline",,,"dealership","[PREMIUM]","Akron","CO","[PREMIUM]",,"[]",,,"[PREMIUM]"
"abc941bf-fdb8-4852-bd22-36bfe96bcbdf","2026-03-07 23:50:16.220","2026-03-12 11:14:29.946","abc941bf-fdb8-4852-bd22-36bfe96bcbdf","[PREMIUM]","Used",2017,"Honda","Accord","Sport SE","[PREMIUM]","[PREMIUM]",30224,"Sedan","Black","BLACK","Rear-wheel Drive",,,"Gasoline",,,"dealership","[PREMIUM]","Augusta","GA","[PREMIUM]",,"[]",,,"[PREMIUM]"
"122ea0c3-c9e1-41bf-a59f-d33bc2c970c4","2026-03-07 23:50:16.218","2026-03-07 23:50:16.218","122ea0c3-c9e1-41bf-a59f-d33bc2c970c4","[PREMIUM]","Used",2017,"Subaru","Forester","2.5I Premium","[PREMIUM]","[PREMIUM]",33295,"SUV","Green","GRAY","Four-wheel Drive",,,"Gasoline",,,"dealership","[PREMIUM]","Austin","TX","[PREMIUM]",,"[]",,,"[PREMIUM]"
"7bdb4b52-3650-4f24-a5d1-0fac145bdf0e","2026-03-07 23:50:16.218","2026-03-07 23:50:16.218","7bdb4b52-3650-4f24-a5d1-0fac145bdf0e","[PREMIUM]","Used",2017,"Chevrolet","Colorado","Z71","[PREMIUM]","[PREMIUM]",64711,"Truck","Black","Jet Black","Four-wheel Drive",,,"Gasoline",,,"dealership","[PREMIUM]","Cincinnati","OH","[PREMIUM]",,"[]",,,"[PREMIUM]"
"47c2aa64-548f-40ec-98c1-a730c15547ea","2026-03-07 23:50:16.203","2026-03-07 23:50:16.203","47c2aa64-548f-40ec-98c1-a730c15547ea","[PREMIUM]","Used",2017,"RAM","1500","Big Horn","[PREMIUM]","[PREMIUM]",97529,"Truck","Bright White Clearcoat","Diesel Gray/Black","Rear-wheel Drive",,,"Gasoline",,,"dealership","[PREMIUM]","Athens","GA","[PREMIUM]",,"[]",,,"[PREMIUM]"
"7f4e021d-0772-478d-a5fb-0174dd5f5f57","2026-03-07 23:50:16.180","2026-03-07 23:50:16.180","7f4e021d-0772-478d-a5fb-0174dd5f5f57","[PREMIUM]","Used",2018,"Jeep","Wrangler Unlimited","Sport","[PREMIUM]","[PREMIUM]",68139,"SUV","Black Clearcoat","Black","Four-wheel Drive",,,"Gasoline",,,"dealership","[PREMIUM]","Dallas","TX","[PREMIUM]",,"[]",,,"[PREMIUM]"
"b36b9a81-bf88-4e35-a94d-dbec14d28056","2026-03-07 23:50:06.398","2026-03-12 11:14:29.939","b36b9a81-bf88-4e35-a94d-dbec14d28056","[PREMIUM]","Used",2018,"INFINITI","QX80","Base","[PREMIUM]","[PREMIUM]",82549,"SUV","Moonstone White","Graphite","Four-wheel Drive",,,"Gasoline",,,"dealership","[PREMIUM]","Noblesville","IN","[PREMIUM]",,"[]",,,"[PREMIUM]"
"5692f654-42ce-4d7a-b6b5-f1b9accf35e4","2026-03-07 23:50:06.080","2026-03-07 23:50:06.080","5692f654-42ce-4d7a-b6b5-f1b9accf35e4","[PREMIUM]","Used",2019,"Honda","Accord","Sport","[PREMIUM]","[PREMIUM]",66839,"Sedan","Gray","BLACK","Rear-wheel Drive",,,"Gasoline",,,"dealership","[PREMIUM]","Buena Park","CA","[PREMIUM]",,"[]",,,"[PREMIUM]"
"73633783-c9a9-4d01-bcef-1ffddd0d97de","2026-03-07 23:50:05.980","2026-03-07 23:50:05.980","73633783-c9a9-4d01-bcef-1ffddd0d97de","[PREMIUM]","Used",2018,"Jeep","Wrangler JK Unlimited","Altitude","[PREMIUM]","[PREMIUM]",77745,"SUV","Bright White Clearcoat","Black","Four-wheel Drive",,,"Gasoline",,,"dealership","[PREMIUM]","Prescott","AZ","[PREMIUM]",,"[]",,,"[PREMIUM]"
"134c0f3e-01b3-4afd-8837-46087119e195","2026-03-07 23:50:05.706","2026-03-12 11:14:29.941","134c0f3e-01b3-4afd-8837-46087119e195","[PREMIUM]","Used",2018,"Tesla","Model 3","Performance","[PREMIUM]","[PREMIUM]",95369,"Sedan","Deep Blue Metallic","White","All-wheel Drive",,,"Electric",,,"dealership","[PREMIUM]","Roswell","GA","[PREMIUM]",,"[]",,,"[PREMIUM]"
"592a1736-77f7-4681-934f-e942ee6751a9","2026-03-07 23:50:05.706","2026-03-07 23:50:05.706","592a1736-77f7-4681-934f-e942ee6751a9","[PREMIUM]","Used",2018,"Toyota","Highlander","XLE","[PREMIUM]","[PREMIUM]",97243,"SUV","Blizzard Pearl","Ash","All-wheel Drive",,,"Gasoline",,,"dealership","[PREMIUM]","Wichita","KS","[PREMIUM]",,"[]",,,"[PREMIUM]"
"9b4c72f4-5d47-4972-b287-89581b8ebfe1","2026-03-07 23:50:05.706","2026-03-07 23:50:05.706","9b4c72f4-5d47-4972-b287-89581b8ebfe1","[PREMIUM]","Used",2018,"Toyota","Highlander","XLE","[PREMIUM]","[PREMIUM]",61719,"SUV","Predawn Gray Mica","Ash","Front-wheel Drive",,,"Gasoline",,,"dealership","[PREMIUM]","Cuyahoga Falls","OH","[PREMIUM]",,"[]",,,"[PREMIUM]"
"f4ae8052-5e7f-42c9-b560-5bc76783eff4","2026-03-07 23:50:05.701","2026-03-07 23:50:05.701","f4ae8052-5e7f-42c9-b560-5bc76783eff4","[PREMIUM]","Used",2018,"Honda","Odyssey","Elite","[PREMIUM]","[PREMIUM]",121695,,"Silver","GRAY","Rear-wheel Drive",,,"Gasoline",,,"dealership","[PREMIUM]","Houston","TX","[PREMIUM]",,"[]",,,"[PREMIUM]"
"961db862-4751-488b-8179-910737044b6a","2026-03-07 23:50:05.700","2026-03-07 23:50:05.700","961db862-4751-488b-8179-910737044b6a","[PREMIUM]","Used",2018,"Land Rover","Range Rover Velar","P250 S R-Dynamic","[PREMIUM]","[PREMIUM]",91907,"SUV","Black","Acorn w/Light Oyster Stitch","All-wheel Drive",,,"Gasoline",,,"dealership","[PREMIUM]","Springfield","MO","[PREMIUM]",,"[]",,,"[PREMIUM]"
"56bd48ba-e153-466b-83f4-f60bebfe24eb","2026-03-07 23:50:05.699","2026-03-07 23:50:05.699","56bd48ba-e153-466b-83f4-f60bebfe24eb","[PREMIUM]","Used",2018,"Land Rover","Range Rover Velar","P250 S R-Dynamic","[PREMIUM]","[PREMIUM]",70581,"SUV",,,"All-wheel Drive",,,"Gasoline",,,"dealership","[PREMIUM]","Cincinnati","OH","[PREMIUM]",,"[]",,,"[PREMIUM]"
"749db823-f6d3-443a-bdfe-7040a9afd8cd","2026-03-07 23:50:05.697","2026-03-12 11:14:50.384","749db823-f6d3-443a-bdfe-7040a9afd8cd","[PREMIUM]","Used",2018,"Ford","F-150","XLT","[PREMIUM]","[PREMIUM]",93943,"Truck","Lead Foot","Black","Four-wheel Drive",,,"Gasoline",,,"dealership","[PREMIUM]","Hendersonville","NC","[PREMIUM]",,"[]",,,"[PREMIUM]"
"053cf3d6-19c4-4c00-b067-221ba4b09a4b","2026-03-07 23:50:05.688","2026-03-07 23:50:05.688","053cf3d6-19c4-4c00-b067-221ba4b09a4b","[PREMIUM]","Used",2018,"Mercedes-Benz","GLS 450","4MATIC","[PREMIUM]","[PREMIUM]",70929,"SUV","Polar White","Almond MB-Tex","All-wheel Drive",,,"Gasoline",,,"dealership","[PREMIUM]","Brentwood","TN","[PREMIUM]",,"[]",,,"[PREMIUM]"
"44b0450b-09b0-4461-8d8c-12859bda8e5f","2026-03-07 23:50:05.686","2026-03-12 11:14:30.062","44b0450b-09b0-4461-8d8c-12859bda8e5f","[PREMIUM]","Used",2018,"Chevrolet","Silverado 1500","1LT","[PREMIUM]","[PREMIUM]",98772,"Truck","Silver Ice Metallic","Jet Black","Four-wheel Drive",,,"Gasoline",,,"dealership","[PREMIUM]","Jefferson","NJ","[PREMIUM]",,"[]",,,"[PREMIUM]"
"2c479829-4cc8-496f-afcc-c1386d42fa8c","2026-03-07 23:50:05.678","2026-03-07 23:50:05.678","2c479829-4cc8-496f-afcc-c1386d42fa8c","[PREMIUM]","Used",2018,"Chevrolet","Silverado 1500","2LT","[PREMIUM]","[PREMIUM]",103939,"Truck","Black","Black","Four-wheel Drive",,,"Gasoline",,,"dealership","[PREMIUM]","Greensboro","NC","[PREMIUM]",,"[]",,,"[PREMIUM]"
"4294b38c-7f04-4f04-9c22-20bfa34db02e","2026-03-07 23:50:05.676","2026-03-07 23:50:05.676","4294b38c-7f04-4f04-9c22-20bfa34db02e","[PREMIUM]","Used",2018,"Toyota","Camry","XSE","[PREMIUM]","[PREMIUM]",53218,"Sedan","Midnight Black Metallic","Black","Front-wheel Drive",,,"Gasoline",,,"dealership","[PREMIUM]","Pasadena","MD","[PREMIUM]",,"[]",,,"[PREMIUM]"
"577d662b-2a2d-4bdd-a958-03e23d0c8594","2026-03-07 23:50:05.673","2026-03-07 23:50:05.673","577d662b-2a2d-4bdd-a958-03e23d0c8594","[PREMIUM]","Used",2018,"Chevrolet","Silverado 1500","1LT","[PREMIUM]","[PREMIUM]",81284,"Truck","Summit White","Jet Black","Rear-wheel Drive",,,"Gasoline",,,"dealership","[PREMIUM]","Baton Rouge","LA","[PREMIUM]",,"[]",,,"[PREMIUM]"
"5db7bcf0-6ed7-406a-bc00-591ded097887","2026-03-07 23:50:05.664","2026-03-07 23:50:05.664","5db7bcf0-6ed7-406a-bc00-591ded097887","[PREMIUM]","Used",2018,"Mercedes-Benz","GLC 300",,"[PREMIUM]","[PREMIUM]",46113,"SUV","Black","BLACK","Four-wheel Drive",,,"Gasoline",,,"dealership","[PREMIUM]","Plainfield","IL","[PREMIUM]",,"[]",,,"[PREMIUM]"
"f090d1d5-2a16-412e-a36a-be2940ef125e","2026-03-07 23:50:05.661","2026-03-07 23:50:05.661","f090d1d5-2a16-412e-a36a-be2940ef125e","[PREMIUM]","Used",2018,"Nissan","Armada","Platinum","[PREMIUM]","[PREMIUM]",109560,"SUV","Black","TAN","Four-wheel Drive",,,"Gasoline",,,"dealership","[PREMIUM]","Albuquerque","NM","[PREMIUM]",,"[]",,,"[PREMIUM]"
"88e29ff3-3417-45ae-b682-5b7ba24d493f","2026-03-07 23:50:05.639","2026-03-07 23:50:05.639","88e29ff3-3417-45ae-b682-5b7ba24d493f","[PREMIUM]","Used",2018,"Dodge","Charger","R/T","[PREMIUM]","[PREMIUM]",80388,"Sedan","Gray","BLACK","Rear-wheel Drive",,,"Gasoline",,,"dealership","[PREMIUM]","Buena Park","CA","[PREMIUM]",,"[]",,,"[PREMIUM]"
"eef69ba0-c02c-4416-8274-26355c0dac10","2026-03-07 23:49:35.122","2026-03-07 23:49:35.122","eef69ba0-c02c-4416-8274-26355c0dac10","[PREMIUM]","Used",2019,"Toyota","RAV4","XLE","[PREMIUM]","[PREMIUM]",92954,"SUV","Blue Flame","Black","All-wheel Drive",,,"Gasoline",,,"dealership","[PREMIUM]","Colorado Springs","CO","[PREMIUM]",,"[]",,,"[PREMIUM]"
"3e69adab-fa66-45cf-a99e-5c735389c481","2026-03-07 23:49:35.096","2026-03-07 23:49:35.096","3e69adab-fa66-45cf-a99e-5c735389c481","[PREMIUM]","Used",2019,"GMC","Yukon","Denali","[PREMIUM]","[PREMIUM]",131012,"SUV","White","Black","Four-wheel Drive",,,"Gasoline",,,"dealership","[PREMIUM]","Fredericksburg","VA","[PREMIUM]",,"[]",,,"[PREMIUM]"
"a5356be1-eb74-4d78-a9a4-28ff8c214670","2026-03-07 23:49:35.086","2026-03-15 11:14:48.157","a5356be1-eb74-4d78-a9a4-28ff8c214670","[PREMIUM]","Used",2019,"Volkswagen","Golf GTI","2.0T S 4-Door","[PREMIUM]","[PREMIUM]",32202,"Hatchback","Pure White","Titan Black w/Clark Plaid","Front-wheel Drive",,,"Gasoline",,,"dealership","[PREMIUM]","Sanford","FL","[PREMIUM]",,"[]",,,"[PREMIUM]"
"f1eabbdd-72f0-4c18-9964-c15c304f3960","2026-03-07 23:49:35.064","2026-03-07 23:49:35.064","f1eabbdd-72f0-4c18-9964-c15c304f3960","[PREMIUM]","Used",2019,"Tesla","Model 3","Long Range","[PREMIUM]","[PREMIUM]",28669,"Sedan","Solid Black","Black","Rear-wheel Drive",,,"Electric",,,"dealership","[PREMIUM]","Elmhurst","IL","[PREMIUM]",,"[]",,,"[PREMIUM]"
"01ce6621-a527-4c9d-94f8-e977795e1534","2026-03-07 23:49:35.061","2026-03-07 23:49:35.061","01ce6621-a527-4c9d-94f8-e977795e1534","[PREMIUM]","Used",2019,"Jeep","Wrangler","Sport S","[PREMIUM]","[PREMIUM]",25382,"SUV","Billet Silver Metallic Clearcoat","Black","Four-wheel Drive",,,"Gasoline",,,"dealership","[PREMIUM]","Cockeysville","MD","[PREMIUM]",,"[]",,,"[PREMIUM]"
"1c6d4024-aaf7-4241-a5f1-549a30400509","2026-03-07 23:49:35.047","2026-03-07 23:49:35.047","1c6d4024-aaf7-4241-a5f1-549a30400509","[PREMIUM]","Used",2019,"Toyota","RAV4","LE","[PREMIUM]","[PREMIUM]",68608,"SUV","Magnetic Gray Metallic","Black","Front-wheel Drive",,,"Gasoline",,,"dealership","[PREMIUM]","Birmingham","AL","[PREMIUM]",,"[]",,,"[PREMIUM]"
"d29ce707-eb2c-4023-a225-445d50ecdf35","2026-03-07 23:49:25.118","2026-03-07 23:49:25.118","d29ce707-eb2c-4023-a225-445d50ecdf35","[PREMIUM]","Used",2019,"Toyota","RAV4","LE","[PREMIUM]","[PREMIUM]",75181,"SUV","Red","BLACK","Rear-wheel Drive",,,"Gasoline",,,"dealership","[PREMIUM]","Denton","TX","[PREMIUM]",,"[]",,,"[PREMIUM]"
"483ddf02-75da-423d-83c0-a2eb4c6448be","2026-03-07 23:49:24.805","2026-03-12 11:14:19.238","483ddf02-75da-423d-83c0-a2eb4c6448be","[PREMIUM]","Used",2019,"Chevrolet","Traverse","LT Leather","[PREMIUM]","[PREMIUM]",63486,"SUV","Cajun Red Tintcoat","Jet Black/Dark Galvanized","All-wheel Drive",,,"Gasoline",,,"dealership","[PREMIUM]","Bismarck","ND","[PREMIUM]",,"[]",,,"[PREMIUM]"
"e01dae31-b43e-4c16-860e-ca9cb74854c5","2026-03-07 23:49:24.627","2026-03-07 23:49:24.627","e01dae31-b43e-4c16-860e-ca9cb74854c5","[PREMIUM]","Used",2019,"Honda","CR-V","EX","[PREMIUM]","[PREMIUM]",39222,"SUV","Platinum White Pearl","Black","All-wheel Drive",,,"Gasoline",,,"dealership","[PREMIUM]","Omaha","NE","[PREMIUM]",,"[]",,,"[PREMIUM]"
"59c1274d-7247-476b-871e-1f18acf3e34d","2026-03-07 23:49:24.605","2026-03-07 23:49:24.605","59c1274d-7247-476b-871e-1f18acf3e34d","[PREMIUM]","Used",2019,"Toyota","RAV4","XLE Premium","[PREMIUM]","[PREMIUM]",108589,"SUV","Magnetic Gray Metallic","Black","Front-wheel Drive",,,"Gasoline",,,"dealership","[PREMIUM]","Birmingham","AL","[PREMIUM]",,"[]",,,"[PREMIUM]"
"24760145-4bc6-4435-8e41-de4370118050","2026-03-07 23:49:24.533","2026-03-07 23:49:24.533","24760145-4bc6-4435-8e41-de4370118050","[PREMIUM]","Used",2019,"Audi","A6","Premium","[PREMIUM]","[PREMIUM]",46294,"Sedan","White","TAN","Four-wheel Drive",,,"Gasoline",,,"dealership","[PREMIUM]","Jacksonville","FL","[PREMIUM]",,"[]",,,"[PREMIUM]"
"d0c9503c-5b8c-40f7-9629-663a5f11197d","2026-03-07 23:49:24.512","2026-03-07 23:49:24.512","d0c9503c-5b8c-40f7-9629-663a5f11197d","[PREMIUM]","Used",2019,"Honda","Accord","Sport","[PREMIUM]","[PREMIUM]",50260,"Sedan","Platinum White Pearl","Black","Front-wheel Drive",,,"Gasoline",,,"dealership","[PREMIUM]","Wall Township","NJ","[PREMIUM]",,"[]",,,"[PREMIUM]"
"8f36838c-7057-4648-a7c1-1fcc74db04d5","2026-03-07 23:49:24.506","2026-03-07 23:49:24.506","8f36838c-7057-4648-a7c1-1fcc74db04d5","[PREMIUM]","Used",2019,"Honda","Civic","Sport","[PREMIUM]","[PREMIUM]",34268,"Sedan","Platinum White Pearl","Black","Front-wheel Drive",,,"Gasoline",,,"dealership","[PREMIUM]","Henderson","NV","[PREMIUM]",,"[]",,,"[PREMIUM]"
"4ff2fb66-80cf-41b1-a45b-16a7275b9b84","2026-03-07 23:49:24.489","2026-03-15 11:14:37.846","4ff2fb66-80cf-41b1-a45b-16a7275b9b84","[PREMIUM]","Used",2019,"Ford","F-150","XLT","[PREMIUM]","[PREMIUM]",113227,"Truck","Agate Black Metallic","Black","Four-wheel Drive",,,"Gasoline",,,"dealership","[PREMIUM]","Glendale","WI","[PREMIUM]",,"[]",,,"[PREMIUM]"
"586e3dac-f994-4c73-bf1b-86e99302d84f","2026-03-07 23:49:24.489","2026-03-07 23:49:24.489","586e3dac-f994-4c73-bf1b-86e99302d84f","[PREMIUM]","Used",2019,"Ford","Expedition","XLT","[PREMIUM]","[PREMIUM]",105889,"SUV","Agate Black Metallic","Medium Soft Ceramic","Four-wheel Drive",,,"Gasoline",,,"dealership","[PREMIUM]","Morehead","KY","[PREMIUM]",,"[]",,,"[PREMIUM]"
"1c71cf61-afd5-4eef-9fde-bd8b188985b3","2026-03-07 23:49:24.479","2026-03-07 23:49:24.479","1c71cf61-afd5-4eef-9fde-bd8b188985b3","[PREMIUM]","Used",2019,"Genesis","G80","3.8","[PREMIUM]","[PREMIUM]",61656,"Sedan","Victoria Black","Black","Rear-wheel Drive",,,"Gasoline",,,"dealership","[PREMIUM]","Farmington Hills","MI","[PREMIUM]",,"[]",,,"[PREMIUM]"
"759c94e4-aba1-4eaa-80ee-b829153af601","2026-03-07 23:49:24.457","2026-03-07 23:49:24.457","759c94e4-aba1-4eaa-80ee-b829153af601","[PREMIUM]","Used",2019,"Acura","MDX","SH-AWD A-Spec","[PREMIUM]","[PREMIUM]",118420,"SUV","White","BLACK","Four-wheel Drive",,,"Gasoline",,,"dealership","[PREMIUM]","San Jose","CA","[PREMIUM]",,"[]",,,"[PREMIUM]"
"1e6a57c4-0515-42be-a0ba-a9581d54dccd","2026-03-07 23:49:24.455","2026-03-07 23:49:24.455","1e6a57c4-0515-42be-a0ba-a9581d54dccd","[PREMIUM]","Used",2019,"Chevrolet","Silverado 1500","LT","[PREMIUM]","[PREMIUM]",80981,"Truck","Red Hot","Jet Black","Rear-wheel Drive",,,"Gasoline",,,"dealership","[PREMIUM]","Fort Myers","FL","[PREMIUM]",,"[]",,,"[PREMIUM]"
"21eafbec-f07d-48c3-9811-14db202473f7","2026-03-07 23:49:24.452","2026-03-07 23:49:24.452","21eafbec-f07d-48c3-9811-14db202473f7","[PREMIUM]","Used",2019,"Toyota","RAV4","XLE","[PREMIUM]","[PREMIUM]",64290,"SUV","White","BLACK","Rear-wheel Drive",,,"Gasoline",,,"dealership","[PREMIUM]","McKinney","TX","[PREMIUM]",,"[]",,,"[PREMIUM]"
"7715f5bb-e600-41f7-a4d5-92c63855a111","2026-03-07 23:49:24.451","2026-03-12 11:14:08.747","7715f5bb-e600-41f7-a4d5-92c63855a111","[PREMIUM]","Used",2019,"Chevrolet","Blazer","Premier","[PREMIUM]","[PREMIUM]",124642,"SUV","GRAY","Jet Black/Maple Sugar","All-wheel Drive",,,"Gasoline",,,"dealership","[PREMIUM]","South Sioux City","NE","[PREMIUM]",,"[]",,,"[PREMIUM]"
"a9793037-4ac2-4367-99b2-f6d1309fbe9d","2026-03-07 23:49:24.451","2026-03-15 11:14:38.043","a9793037-4ac2-4367-99b2-f6d1309fbe9d","[PREMIUM]","Used",2019,"Toyota","Camry","SE","[PREMIUM]","[PREMIUM]",38453,"Sedan","Midnight Black Metallic","Black","Front-wheel Drive",,,"Gasoline",,,"dealership","[PREMIUM]","Indianapolis","IN","[PREMIUM]",,"[]",,,"[PREMIUM]"
"0319d260-2310-446d-8505-92460ea23a9e","2026-03-07 23:49:24.450","2026-03-07 23:49:24.450","0319d260-2310-446d-8505-92460ea23a9e","[PREMIUM]","Used",2019,"Maserati","Levante","Base","[PREMIUM]","[PREMIUM]",64369,"SUV","Rame Mica",,"All-wheel Drive",,,"Gasoline",,,"dealership","[PREMIUM]","Vienna","VA","[PREMIUM]",,"[]",,,"[PREMIUM]"
"1ec88265-bfcc-4e02-b179-8a22228d6a41","2026-03-07 23:49:24.450","2026-03-07 23:49:24.450","1ec88265-bfcc-4e02-b179-8a22228d6a41","[PREMIUM]","Used",2020,"Chrysler","Pacifica","Limited","[PREMIUM]","[PREMIUM]",84748,"Passenger Van","Velvet Red","Black","Front-wheel Drive",,,"Gasoline",,,"dealership","[PREMIUM]","Chardon","OH","[PREMIUM]",,"[]",,,"[PREMIUM]"
"1cc21f04-1ff5-47d4-8af2-c58373302d56","2026-03-07 23:49:24.444","2026-03-12 11:14:08.741","1cc21f04-1ff5-47d4-8af2-c58373302d56","[PREMIUM]","Used",2019,"Toyota","Sienna","LE","[PREMIUM]","[PREMIUM]",103965,"Passenger Van","Celestial Silver Metallic","Ash","Front-wheel Drive",,,"Gasoline",,,"dealership","[PREMIUM]","Schaumburg","IL","[PREMIUM]",,"[]",,,"[PREMIUM]"
"5f7d7e00-add1-42c3-bd4a-fc1aeb444509","2026-03-07 23:49:24.442","2026-03-07 23:49:24.442","5f7d7e00-add1-42c3-bd4a-fc1aeb444509","[PREMIUM]","Used",2019,"RAM","1500 Classic","Tradesman","[PREMIUM]","[PREMIUM]",52890,"Truck","White","GRAY","Rear-wheel Drive",,,"Gasoline",,,"dealership","[PREMIUM]","Denton","TX","[PREMIUM]",,"[]",,,"[PREMIUM]"
"eb3b9089-623e-4bdf-ba90-dc93d16555e5","2026-03-07 23:49:24.442","2026-03-07 23:49:24.442","eb3b9089-623e-4bdf-ba90-dc93d16555e5","[PREMIUM]","Used",2019,"Toyota","Tacoma","SR","[PREMIUM]","[PREMIUM]",60147,"Truck","Super White","Cement Gray","Four-wheel Drive",,,"Gasoline",,,"dealership","[PREMIUM]","Indianapolis","IN","[PREMIUM]",,"[]",,,"[PREMIUM]"
"533a94e7-477c-407d-ae05-f67693cd928f","2026-03-07 23:49:14.196","2026-03-12 11:13:57.877","533a94e7-477c-407d-ae05-f67693cd928f","[PREMIUM]","Used",2020,"Ford","F-150","XLT","[PREMIUM]","[PREMIUM]",99197,"Truck","STONE GRAY","MEDIUM GRAY CLOTH 40/20/40","Rear-wheel Drive",,,"Gasoline",,,"dealership","[PREMIUM]","Greer","SC","[PREMIUM]",,"[]",,,"[PREMIUM]"
"97b9979e-b288-45d2-8fab-a50005972ad5","2026-03-07 23:49:13.880","2026-03-07 23:49:13.880","97b9979e-b288-45d2-8fab-a50005972ad5","[PREMIUM]","Used",2020,"Tesla","Model Y","Long Range","[PREMIUM]","[PREMIUM]",72737,"SUV","Midnight Silver Metallic","Black","All-wheel Drive",,,"Electric",,,"dealership","[PREMIUM]","Richmond","VA","[PREMIUM]",,"[]",,,"[PREMIUM]"
"654bd387-153b-47a2-ad43-680f828db0fd","2026-03-07 23:49:13.731","2026-03-07 23:49:13.731","654bd387-153b-47a2-ad43-680f828db0fd","[PREMIUM]","Used",2020,"Nissan","Pathfinder","S 4WD","[PREMIUM]","[PREMIUM]",27800,"SUV","Gun Metallic","Charcoal","Four-wheel Drive",,,"Gasoline",,,"dealership","[PREMIUM]","Rosedale","MD","[PREMIUM]",,"[]",,,"[PREMIUM]"
"d8d2dcb5-bd12-4028-bee9-8d846e8670b5","2026-03-07 23:49:13.698","2026-03-07 23:49:13.698","d8d2dcb5-bd12-4028-bee9-8d846e8670b5","[PREMIUM]","Used",2020,"Honda","Civic","EX","[PREMIUM]","[PREMIUM]",48124,"Hatchback","Sonic Gray Pearl","Black","Front-wheel Drive",,,"Gasoline",,,"dealership","[PREMIUM]","Knoxville","TN","[PREMIUM]",,"[]",,,"[PREMIUM]"
"25212322-cc3c-437e-a63e-fa2733d44cb5","2026-03-07 23:49:13.692","2026-03-15 11:14:15.757","25212322-cc3c-437e-a63e-fa2733d44cb5","[PREMIUM]","Used",2020,"Honda","Accord","Touring 2.0T","[PREMIUM]","[PREMIUM]",54983,"Sedan","Lunar Silver Metallic","Black","Front-wheel Drive",,,"Gasoline",,,"dealership","[PREMIUM]","Baltimore","MD","[PREMIUM]",,"[]",,,"[PREMIUM]"
"33d2aca5-4dfe-4b05-a1b5-040f4566b1a3","2026-03-07 23:49:13.692","2026-03-12 11:14:19.267","33d2aca5-4dfe-4b05-a1b5-040f4566b1a3","[PREMIUM]","Used",2020,"Volkswagen","Atlas Cross Sport","3.6L V6 SEL 4MOTION","[PREMIUM]","[PREMIUM]",100095,"SUV","Pyrite Silver Metallic","Dark Burgundy/Black","All-wheel Drive",,,"Gasoline",,,"dealership","[PREMIUM]","Spokane","WA","[PREMIUM]",,"[]",,,"[PREMIUM]"
"d73c5325-020f-4572-a5f7-6dff38cb52c1","2026-03-07 23:49:13.689","2026-03-12 11:14:08.758","d73c5325-020f-4572-a5f7-6dff38cb52c1","[PREMIUM]","Used",2020,"Acura","RDX","Technology Package","[PREMIUM]","[PREMIUM]",79892,"SUV","Modern Steel Metallic","Ebony","All-wheel Drive",,,"Gasoline",,,"dealership","[PREMIUM]","Latham","NY","[PREMIUM]",,"[]",,,"[PREMIUM]"
"86ad556a-cc3c-4c19-b164-a5959be98ae4","2026-03-07 23:49:13.680","2026-03-15 11:14:38.050","86ad556a-cc3c-4c19-b164-a5959be98ae4","[PREMIUM]","Used",2020,"Ford","Transit-150","T-150 148&quot; Low Rf 8670 GVWR RWD","[PREMIUM]","[PREMIUM]",73217,,"Oxford White","Dark Palazzo Gray","Rear-wheel Drive",,,"Gasoline",,,"dealership","[PREMIUM]","Waukegan","IL","[PREMIUM]",,"[]",,,"[PREMIUM]"
"b9af45a9-e793-4dbc-b6fb-c372169ab2ff","2026-03-07 23:49:13.678","2026-03-07 23:49:13.678","b9af45a9-e793-4dbc-b6fb-c372169ab2ff","[PREMIUM]","Used",2020,"Kia","Optima","S","[PREMIUM]","[PREMIUM]",3598,"Sedan","Snow White Pearl","Black","Front-wheel Drive",,,"Gasoline",,,"dealership","[PREMIUM]","Panama City","FL","[PREMIUM]",,"[]",,,"[PREMIUM]"
"89ffeddc-3579-4acb-b5dc-8e9c13366863","2026-03-07 23:49:03.427","2026-03-07 23:49:03.427","89ffeddc-3579-4acb-b5dc-8e9c13366863","[PREMIUM]","Used",2021,"Dodge","Challenger","GT","[PREMIUM]","[PREMIUM]",39386,"Coupe","Triple Nickel Clearcoat","Black","Rear-wheel Drive",,,"Gasoline",,,"dealership","[PREMIUM]","Rosedale","MD","[PREMIUM]",,"[]",,,"[PREMIUM]"
"94e1fe1b-6b24-4684-bc99-87446786085f","2026-03-07 23:49:02.983","2026-03-15 11:14:15.541","94e1fe1b-6b24-4684-bc99-87446786085f","[PREMIUM]","Used",2021,"Hyundai","SANTA FE","SE","[PREMIUM]","[PREMIUM]",25416,"SUV","Red","BLACK","Rear-wheel Drive",,,"Gasoline",,,"dealership","[PREMIUM]","Lithia Springs","GA","[PREMIUM]",,"[]",,,"[PREMIUM]"
"83176bc1-0b0a-4604-8f3a-d601b9b34eb2","2026-03-07 23:49:02.980","2026-03-07 23:49:02.980","83176bc1-0b0a-4604-8f3a-d601b9b34eb2","[PREMIUM]","Used",2020,"RAM","1500","Big Horn/Lone Star","[PREMIUM]","[PREMIUM]",128894,"Truck","Patriot Blue Pearlcoat","Diesel Gray/Black","Four-wheel Drive",,,"Gasoline",,,"dealership","[PREMIUM]","Grapevine","TX","[PREMIUM]",,"[]",,,"[PREMIUM]"
"3b84eafd-abbd-41a6-87a4-8161cb489696","2026-03-07 23:49:02.974","2026-03-07 23:49:02.974","3b84eafd-abbd-41a6-87a4-8161cb489696","[PREMIUM]","Used",2021,"Volkswagen","Atlas","3.6L SE w/Technology","[PREMIUM]","[PREMIUM]",45063,"SUV","Pure White","Titan Black","All-wheel Drive",,,"Gasoline",,,"dealership","[PREMIUM]","Plymouth","WI","[PREMIUM]",,"[]",,,"[PREMIUM]"
"4e34cd20-f179-4c54-8743-04e997fdc0fb","2026-03-07 23:49:02.973","2026-03-07 23:49:02.973","4e34cd20-f179-4c54-8743-04e997fdc0fb","[PREMIUM]","Used",2020,"Mazda","MX-5 Miata","Sport","[PREMIUM]","[PREMIUM]",18687,"Convertible","White","BLACK","Rear-wheel Drive",,,"Gasoline",,,"dealership","[PREMIUM]","Lynchburg","VA","[PREMIUM]",,"[]",,,"[PREMIUM]"
"eac79e1f-9ed2-4070-aa5b-9da7017733fb","2026-03-07 23:49:02.959","2026-03-07 23:49:02.959","eac79e1f-9ed2-4070-aa5b-9da7017733fb","[PREMIUM]","Used",2021,"Jeep","Grand Cherokee","Laredo","[PREMIUM]","[PREMIUM]",65057,"SUV","Bright White Clearcoat","Black","Rear-wheel Drive",,,"Gasoline",,,"dealership","[PREMIUM]","Greer","SC","[PREMIUM]",,"[]",,,"[PREMIUM]"
"6a07d2f0-8087-448a-81b5-2022d93b77fb","2026-03-07 23:49:02.957","2026-03-07 23:49:02.957","6a07d2f0-8087-448a-81b5-2022d93b77fb","[PREMIUM]","Used",2021,"Subaru","Outback","Touring XT","[PREMIUM]","[PREMIUM]",72668,"SUV","Crystal Black Silica","Java","All-wheel Drive",,,"Gasoline",,,"dealership","[PREMIUM]","Wilkes-Barre","PA","[PREMIUM]",,"[]",,,"[PREMIUM]"
"fa955d83-41a1-44b9-aabe-2c4db66adaf6","2026-03-07 23:49:02.896","2026-03-07 23:49:02.896","fa955d83-41a1-44b9-aabe-2c4db66adaf6","[PREMIUM]","Used",2020,"Subaru","Outback","Touring","[PREMIUM]","[PREMIUM]",56365,"Wagon","Pearl","BROWN","Four-wheel Drive",,,"Gasoline",,,"dealership","[PREMIUM]","Murrieta","CA","[PREMIUM]",,"[]",,,"[PREMIUM]"
"f71c97e0-96be-4107-a9ff-360a0b6ec341","2026-03-07 23:49:02.896","2026-03-07 23:49:02.896","f71c97e0-96be-4107-a9ff-360a0b6ec341","[PREMIUM]","Used",2021,"Chevrolet","Blazer","3LT","[PREMIUM]","[PREMIUM]",68110,"SUV","Summit White","Jet Black","All-wheel Drive",,,"Gasoline",,,"dealership","[PREMIUM]","Mankato","MN","[PREMIUM]",,"[]",,,"[PREMIUM]"
"82da540b-09bd-4b7c-8b7f-e1f363aee578","2026-03-07 23:49:02.894","2026-03-07 23:49:02.894","82da540b-09bd-4b7c-8b7f-e1f363aee578","[PREMIUM]","Used",2020,"Volvo","XC40","T5 Inscription","[PREMIUM]","[PREMIUM]",59011,"SUV","Gray","GRAY","Four-wheel Drive",,,"Gasoline",,,"dealership","[PREMIUM]","South Jordan","UT","[PREMIUM]",,"[]",,,"[PREMIUM]"
"5bc5289e-9b6b-464f-8ca4-c507faec725c","2026-03-07 23:49:02.893","2026-03-07 23:49:02.893","5bc5289e-9b6b-464f-8ca4-c507faec725c","[PREMIUM]","Used",2020,"Ford","Explorer","XLT","[PREMIUM]","[PREMIUM]",59989,"SUV","Agate Black Metallic","Ebony","Four-wheel Drive",,,"Gasoline",,,"dealership","[PREMIUM]","Exeter","NH","[PREMIUM]",,"[]",,,"[PREMIUM]"
"e0df05e7-fc5e-4166-a755-93ebaeb54691","2026-03-07 23:49:02.893","2026-03-07 23:49:02.893","e0df05e7-fc5e-4166-a755-93ebaeb54691","[PREMIUM]","Used",2020,"Jeep","Wrangler","Sport","[PREMIUM]","[PREMIUM]",63428,"SUV","Gray","TAN","Four-wheel Drive",,,"Gasoline",,,"dealership","[PREMIUM]","Roswell","GA","[PREMIUM]",,"[]",,,"[PREMIUM]"
"ee814801-fad6-4619-a2fc-1e1df0fd0d05","2026-03-07 23:49:02.891","2026-03-15 11:14:15.394","ee814801-fad6-4619-a2fc-1e1df0fd0d05","[PREMIUM]","Used",2020,"Ford","Escape","Titanium","[PREMIUM]","[PREMIUM]",33734,"SUV","Rapid Red Metallic Tinted Clearcoat","Ebony Black","Front-wheel Drive",,,"Hybrid",,,"dealership","[PREMIUM]","Indianapolis","IN","[PREMIUM]",,"[]",,,"[PREMIUM]"
"046c1bf4-c7c3-497b-bbac-bece6f75317c","2026-03-07 23:49:02.890","2026-03-12 11:13:57.938","046c1bf4-c7c3-497b-bbac-bece6f75317c","[PREMIUM]","Used",2020,"Kia","Sorento","S","[PREMIUM]","[PREMIUM]",27089,"SUV","Sangria","Black","All-wheel Drive",,,"Gasoline",,,"dealership","[PREMIUM]","Gresham","OR","[PREMIUM]",,"[]",,,"[PREMIUM]"
"c18c3221-24c7-4cda-b068-29a8e4463f73","2026-03-07 23:49:02.885","2026-03-07 23:49:02.885","c18c3221-24c7-4cda-b068-29a8e4463f73","[PREMIUM]","Used",2020,"Ford","Escape","SE","[PREMIUM]","[PREMIUM]",23414,"SUV","Velocity Blue Metallic","Sandstone","All Wheel Drive",,,"Premium unleaded",,,"dealership","[PREMIUM]","Golden Valley","MN","[PREMIUM]",,"[]",,,"[PREMIUM]"
"9e0725cf-b266-4b1f-885a-fdfa79ca2e7f","2026-03-07 23:49:02.882","2026-03-07 23:49:02.882","9e0725cf-b266-4b1f-885a-fdfa79ca2e7f","[PREMIUM]","Used",2020,"Ford","Mustang","Ecoboost","[PREMIUM]","[PREMIUM]",30786,"Coupe","Gray","BLACK","Rear-wheel Drive",,,"Gasoline",,,"dealership","[PREMIUM]","Mobile","AL","[PREMIUM]",,"[]",,,"[PREMIUM]"
"60cf7f0a-dd02-4d05-a091-ca8d635abf46","2026-03-07 23:49:02.879","2026-03-07 23:49:02.879","60cf7f0a-dd02-4d05-a091-ca8d635abf46","[PREMIUM]","Used",2020,"Chevrolet","Traverse","LT Cloth","[PREMIUM]","[PREMIUM]",58313,"SUV","Graphite Metallic","Jet Black","All-wheel Drive",,,"Gasoline",,,"dealership","[PREMIUM]","Monroe","WI","[PREMIUM]",,"[]",,,"[PREMIUM]"
"5446cac9-93cf-4dcd-8d00-064ed0bfe45d","2026-03-07 23:49:02.878","2026-03-07 23:49:02.878","5446cac9-93cf-4dcd-8d00-064ed0bfe45d","[PREMIUM]","Used",2020,"Chrysler","300","C","[PREMIUM]","[PREMIUM]",44000,"Sedan","Frostbite","Black","Rear-wheel Drive",,,"Gasoline",,,"dealership","[PREMIUM]","Omaha","NE","[PREMIUM]",,"[]",,,"[PREMIUM]"
"ced78d41-b75d-4ec0-9623-e8b06f6ea6e3","2026-03-07 23:49:02.877","2026-03-07 23:49:02.877","ced78d41-b75d-4ec0-9623-e8b06f6ea6e3","[PREMIUM]","Used",2021,"Chevrolet","Blazer","2LT","[PREMIUM]","[PREMIUM]",38810,"SUV","Black","Jet Black","Front-wheel Drive",,,"Gasoline",,,"dealership","[PREMIUM]","San Antonio","TX","[PREMIUM]",,"[]",,,"[PREMIUM]"
"ebef55b8-1c50-4230-86ac-45f58705e447","2026-03-07 23:49:02.875","2026-03-07 23:49:02.875","ebef55b8-1c50-4230-86ac-45f58705e447","[PREMIUM]","Used",2020,"Chrysler","Pacifica","Touring L","[PREMIUM]","[PREMIUM]",38481,"Passenger Van","Black","BLACK","Rear-wheel Drive",,,"Gasoline",,,"dealership","[PREMIUM]","Pompano Beach","FL","[PREMIUM]",,"[]",,,"[PREMIUM]"
"b854bf07-e096-4399-a04a-89da6c9303f3","2026-03-07 23:49:02.841","2026-03-12 11:13:57.865","b854bf07-e096-4399-a04a-89da6c9303f3","[PREMIUM]","Used",2020,"Chevrolet","Traverse","LS","[PREMIUM]","[PREMIUM]",63860,"SUV","Silver","BLACK","Rear-wheel Drive",,,"Gasoline",,,"dealership","[PREMIUM]","Oceanside","CA","[PREMIUM]",,"[]",,,"[PREMIUM]"
"eeca3854-87af-45df-8fdb-f509123b18ad","2026-03-07 23:49:02.840","2026-03-07 23:49:02.840","eeca3854-87af-45df-8fdb-f509123b18ad","[PREMIUM]","Used",2020,"Ford","Edge","ST","[PREMIUM]","[PREMIUM]",53000,"SUV","Ford Performance Blue Metallic","Ebony","All-wheel Drive",,,"Gasoline",,,"dealership","[PREMIUM]","Omaha","NE","[PREMIUM]",,"[]",,,"[PREMIUM]"
"370e65a8-0958-436f-be4b-bd8718e52a86","2026-03-07 23:49:02.836","2026-03-12 11:13:57.942","370e65a8-0958-436f-be4b-bd8718e52a86","[PREMIUM]","Used",2021,"Nissan","Rogue","SL","[PREMIUM]","[PREMIUM]",42253,"SUV","Caspian Blue Metallic/Super Black","Gray","All-wheel Drive",,,"Gasoline",,,"dealership","[PREMIUM]","Christiansburg","VA","[PREMIUM]",,"[]",,,"[PREMIUM]"
"9282ca7c-62e2-45b4-9dab-d77821febaef","2026-03-07 23:49:02.777","2026-03-07 23:49:02.777","9282ca7c-62e2-45b4-9dab-d77821febaef","[PREMIUM]","Used",2020,"Jaguar","E-PACE","SE","[PREMIUM]","[PREMIUM]",39367,"SUV","White","BLACK","Four-wheel Drive",,,"Gasoline",,,"dealership","[PREMIUM]","Torrance","CA","[PREMIUM]",,"[]",,,"[PREMIUM]"
"f8bdc54b-c461-41aa-9821-294b6bc97fcc","2026-03-07 23:49:02.771","2026-03-07 23:49:02.771","f8bdc54b-c461-41aa-9821-294b6bc97fcc","[PREMIUM]","Used",2020,"Land Rover","Range Rover Evoque","S","[PREMIUM]","[PREMIUM]",51286,"SUV","Silver",,"All-wheel Drive",,,"Gasoline",,,"dealership","[PREMIUM]","Lansing","IL","[PREMIUM]",,"[]",,,"[PREMIUM]"
"4b9a3150-6c9e-4747-a094-6855b273d2f8","2026-03-07 23:49:02.757","2026-03-07 23:49:02.757","4b9a3150-6c9e-4747-a094-6855b273d2f8","[PREMIUM]","Used",2021,"Tesla","Model 3","Long Range","[PREMIUM]","[PREMIUM]",53374,"Sedan","Pearl White Multi-Coat",,"All-wheel Drive",,,"Electric",,,"dealership","[PREMIUM]","Bozeman","MT","[PREMIUM]",,"[]",,,"[PREMIUM]"
"6944bd76-c373-43ed-bfe6-84a577e43fa3","2026-03-07 23:48:42.283","2026-03-12 11:13:46.979","6944bd76-c373-43ed-bfe6-84a577e43fa3","[PREMIUM]","Used",2022,"Jeep","Wrangler Unlimited 4xe","Sahara","[PREMIUM]","[PREMIUM]",80561,"SUV","Bright White Clearcoat","Black","Four-wheel Drive",,,"Gasoline",,,"dealership","[PREMIUM]","Buffalo","MN","[PREMIUM]",,"[]",,,"[PREMIUM]"
"df84da97-4de6-4ac8-ab2e-d862a43e9584","2026-03-07 23:48:41.981","2026-03-07 23:48:41.981","df84da97-4de6-4ac8-ab2e-d862a43e9584","[PREMIUM]","Used",2021,"Honda","CR-V","2WD EX","[PREMIUM]","[PREMIUM]",16478,"SUV","Platinum White Pearl","Black","Front-wheel Drive",,,"Gasoline",,,"dealership","[PREMIUM]","Scottsdale","AZ","[PREMIUM]",,"[]",,,"[PREMIUM]"
"50d4c9f9-6ca6-454f-8ce5-e8f8f323cff4","2026-03-07 23:48:41.953","2026-03-12 11:13:46.986","50d4c9f9-6ca6-454f-8ce5-e8f8f323cff4","[PREMIUM]","Used",2021,"Subaru","Ascent","Touring 7-Passenger","[PREMIUM]","[PREMIUM]",99778,"SUV","Abyss Blue Pearl","Slate Black","All-wheel Drive",,,"Gasoline",,,"dealership","[PREMIUM]","Midlothian","VA","[PREMIUM]",,"[]",,,"[PREMIUM]"
"b43c762d-437c-4bda-b8a1-d3ae9ee22f83","2026-03-07 23:48:41.931","2026-03-07 23:48:41.931","b43c762d-437c-4bda-b8a1-d3ae9ee22f83","[PREMIUM]","Used",2021,"Ford","Mustang Mach-E","Select","[PREMIUM]","[PREMIUM]",58866,"SUV","Shadow Black","Black Onyx","Rear-wheel Drive",,,"Electric",,,"dealership","[PREMIUM]","Dover","OH","[PREMIUM]",,"[]",,,"[PREMIUM]"
"c9f5f2b1-12cd-4323-b108-c683add355fa","2026-03-07 23:48:41.918","2026-03-07 23:48:41.918","c9f5f2b1-12cd-4323-b108-c683add355fa","[PREMIUM]","Used",2021,"Audi","Q5","45 Prestige","[PREMIUM]","[PREMIUM]",74268,"SUV","Glacier White Metallic","Atlas Beige","All-wheel Drive",,,"Gasoline",,,"dealership","[PREMIUM]","Dallas","TX","[PREMIUM]",,"[]",,,"[PREMIUM]"
"270fe711-102e-45f1-8b32-875deb0d4a0f","2026-03-07 23:48:41.915","2026-03-07 23:48:41.915","270fe711-102e-45f1-8b32-875deb0d4a0f","[PREMIUM]","Used",2021,"Tesla","Model 3","Performance","[PREMIUM]","[PREMIUM]",54447,"Sedan","Midnight Silver Metallic","White/Black","All-wheel Drive",,,"Electric",,,"dealership","[PREMIUM]","Huntley","IL","[PREMIUM]",,"[]",,,"[PREMIUM]"
"fc94a6c4-d923-4804-a0dd-bf373b7080fd","2026-03-07 23:48:41.906","2026-03-07 23:48:41.906","fc94a6c4-d923-4804-a0dd-bf373b7080fd","[PREMIUM]","Used",2021,"Jaguar","E-PACE","SE P250 AWD Automatic","[PREMIUM]","[PREMIUM]",39000,"SUV","Santorini Black Metallic","Ebony/Ebony/Ebony","All-wheel Drive",,,"Gasoline",,,"dealership","[PREMIUM]","Omaha","NE","[PREMIUM]",,"[]",,,"[PREMIUM]"
"a9cf3bd6-6a18-4392-b2d4-3fa0178436ff","2026-03-07 23:48:41.889","2026-03-15 11:14:03.746","a9cf3bd6-6a18-4392-b2d4-3fa0178436ff","[PREMIUM]","Used",2021,"Buick","Enclave","AWD Essence","[PREMIUM]","[PREMIUM]",48000,"SUV","Gray","Gray","All-wheel Drive",,,"Gasoline",,,"dealership","[PREMIUM]","Omaha","NE","[PREMIUM]",,"[]",,,"[PREMIUM]"
"0e77cde9-944f-4b82-b902-4b1e2a9c9dff","2026-03-07 23:48:31.510","2026-03-07 23:48:31.510","0e77cde9-944f-4b82-b902-4b1e2a9c9dff","[PREMIUM]","Used",2022,"Subaru","Crosstrek","Premium","[PREMIUM]","[PREMIUM]",4053,"SUV","Crystal White Pearl","Black w/Orange Stitching","All-wheel Drive",,,"Gasoline",,,"dealership","[PREMIUM]","Rosedale","MD","[PREMIUM]",,"[]",,,"[PREMIUM]"
"6f676cf3-e8a6-45f7-a44f-b2ecd8ee68d5","2026-03-07 23:48:21.482","2026-03-07 23:48:21.482","6f676cf3-e8a6-45f7-a44f-b2ecd8ee68d5","[PREMIUM]","Used",2021,"Toyota","RAV4","XLE","[PREMIUM]","[PREMIUM]",71373,"SUV","White","BLACK","Rear-wheel Drive",,,"Gasoline",,,"dealership","[PREMIUM]","Oceanside","CA","[PREMIUM]",,"[]",,,"[PREMIUM]"
"07083147-15ce-402a-b67d-617771f4146e","2026-03-07 23:48:21.312","2026-03-07 23:48:21.312","07083147-15ce-402a-b67d-617771f4146e","[PREMIUM]","Used",2022,"GMC","Terrain","SLT","[PREMIUM]","[PREMIUM]",40932,"SUV","Quicksilver Metallic","Jet Black","Front-wheel Drive",,,"Gasoline",,,"dealership","[PREMIUM]","Chippewa Falls","WI","[PREMIUM]",,"[]",,,"[PREMIUM]"
"1cabb81f-d170-4971-8af1-00400ccb3fb2","2026-03-07 23:48:21.291","2026-03-07 23:48:21.291","1cabb81f-d170-4971-8af1-00400ccb3fb2","[PREMIUM]","Used",2022,"Volkswagen","Tiguan","2.0T SE 4MOTION","[PREMIUM]","[PREMIUM]",52573,"SUV","Platinum Gray Metallic","Titan Black","All-wheel Drive",,,"Gasoline",,,"dealership","[PREMIUM]","Rosedale","MD","[PREMIUM]",,"[]",,,"[PREMIUM]"
"4c8f7e6a-b249-4db0-93c6-ff33f2a838b6","2026-03-07 23:48:21.213","2026-03-07 23:48:21.213","4c8f7e6a-b249-4db0-93c6-ff33f2a838b6","[PREMIUM]","Used",2021,"Subaru","WRX","Premium","[PREMIUM]","[PREMIUM]",75393,"Sedan","Gray","BLACK","Four-wheel Drive",,,"Gasoline",,,"dealership","[PREMIUM]","Lynchburg","VA","[PREMIUM]",,"[]",,,"[PREMIUM]"
"dbe18238-4fbc-40d4-9c25-b993301b35ae","2026-03-07 23:48:21.201","2026-03-07 23:48:21.201","dbe18238-4fbc-40d4-9c25-b993301b35ae","[PREMIUM]","Used",2021,"Volkswagen","Tiguan","SEL Premium R-Line","[PREMIUM]","[PREMIUM]",49157,"SUV","Blue","BLACK","Four-wheel Drive",,,"Gasoline",,,"dealership","[PREMIUM]","Fayetteville","NC","[PREMIUM]",,"[]",,,"[PREMIUM]"
"cfda1066-eaf0-4d8e-b728-9a846c0e230f","2026-03-07 23:48:11.480","2026-03-12 11:13:46.974","cfda1066-eaf0-4d8e-b728-9a846c0e230f","[PREMIUM]","Used",2022,"Tesla","Model 3","Standard Range","[PREMIUM]","[PREMIUM]",53816,"Sedan","Pearl White Multi-Coat","White/Black","Rear-wheel Drive",,,"Electric",,,"dealership","[PREMIUM]","Hyattsville","MD","[PREMIUM]",,"[]",,,"[PREMIUM]"
"8f15d435-4571-4cd8-b50f-934f041a0e0d","2026-03-07 23:48:11.052","2026-03-07 23:48:11.052","8f15d435-4571-4cd8-b50f-934f041a0e0d","[PREMIUM]","Used",2022,"Jeep","Compass","Trailhawk","[PREMIUM]","[PREMIUM]",33142,"SUV","Gray","BLACK","Four-wheel Drive",,,"Gasoline",,,"dealership","[PREMIUM]","Independence","MO","[PREMIUM]",,"[]",,,"[PREMIUM]"
"ebe83175-3963-440b-9c24-58060c9d9158","2026-03-07 23:48:10.968","2026-03-07 23:48:10.968","ebe83175-3963-440b-9c24-58060c9d9158","[PREMIUM]","Used",2022,"Volkswagen","Taos","1.5T S","[PREMIUM]","[PREMIUM]",6592,"SUV","Deep Black Pearl","Gray/Black","All-wheel Drive",,,"Gasoline",,,"dealership","[PREMIUM]","Golden Valley","MN","[PREMIUM]",,"[]",,,"[PREMIUM]"
"d92182b1-24e6-4817-a780-7735e6561e56","2026-03-07 23:48:10.961","2026-03-07 23:48:10.961","d92182b1-24e6-4817-a780-7735e6561e56","[PREMIUM]","Used",2022,"Chevrolet","Equinox","AWD RS","[PREMIUM]","[PREMIUM]",45145,"SUV","Mosaic Black Metallic","Jet Black","All-wheel Drive",,,"Gasoline",,,"dealership","[PREMIUM]","Chippewa Falls","WI","[PREMIUM]",,"[]",,,"[PREMIUM]"
"5d00d9d7-a108-4489-bf08-cd77ebd5812c","2026-03-07 23:48:10.960","2026-03-07 23:48:10.960","5d00d9d7-a108-4489-bf08-cd77ebd5812c","[PREMIUM]","Used",2022,"Hyundai","TUCSON","Limited","[PREMIUM]","[PREMIUM]",45475,"SUV","Shimmering Silver","Gray","All-wheel Drive",,,"Gasoline",,,"dealership","[PREMIUM]","Flint","MI","[PREMIUM]",,"[]",,,"[PREMIUM]"
"87c28246-1eec-40dc-ba0c-0f6378a3616c","2026-03-07 23:48:10.960","2026-03-07 23:48:10.960","87c28246-1eec-40dc-ba0c-0f6378a3616c","[PREMIUM]","Used",2022,"Honda","Civic","Sport","[PREMIUM]","[PREMIUM]",74011,"Sedan","Crystal Black Pearl","Black","Front-wheel Drive",,,"Gasoline",,,"dealership","[PREMIUM]","Henderson","NV","[PREMIUM]",,"[]",,,"[PREMIUM]"
"80e9cac3-368d-4ffc-87a2-a50c3d74358d","2026-03-07 23:48:10.959","2026-03-12 11:13:46.962","80e9cac3-368d-4ffc-87a2-a50c3d74358d","[PREMIUM]","Used",2022,"Chevrolet","Equinox","Premier w/1LZ","[PREMIUM]","[PREMIUM]",49373,"SUV","Summit White","Jet Black","All-wheel Drive",,,"Gasoline",,,"dealership","[PREMIUM]","Chippewa Falls","WI","[PREMIUM]",,"[]",,,"[PREMIUM]"
"136301b9-251e-4824-a374-450e53457f19","2026-03-07 23:48:10.894","2026-03-15 11:14:03.737","136301b9-251e-4824-a374-450e53457f19","[PREMIUM]","Used",2022,"BMW","X3","xDrive30i","[PREMIUM]","[PREMIUM]",103485,"SUV","Jet Black","Tacora Red","All-wheel Drive",,,"Gasoline",,,"dealership","[PREMIUM]","Louisville","KY","[PREMIUM]",,"[]",,,"[PREMIUM]"
"81ab98e6-88ba-4933-9fe3-bdd891ab004c","2026-03-07 23:48:10.879","2026-03-15 11:14:03.684","81ab98e6-88ba-4933-9fe3-bdd891ab004c","[PREMIUM]","Used",2022,"Subaru","Outback","Limited XT","[PREMIUM]","[PREMIUM]",40821,"SUV","Magnetite Gray Metallic","Titanium Gray","All-wheel Drive",,,"Gasoline",,,"dealership","[PREMIUM]","Schaumburg","IL","[PREMIUM]",,"[]",,,"[PREMIUM]"
"24a263ad-9a42-4f7d-8036-cc1a71f0267c","2026-03-07 23:48:10.857","2026-03-12 11:13:25.345","24a263ad-9a42-4f7d-8036-cc1a71f0267c","[PREMIUM]","Used",2022,"Kia","Sorento","S","[PREMIUM]","[PREMIUM]",51425,"SUV","Sparkling Silver","Black","All-wheel Drive",,,"Gasoline",,,"dealership","[PREMIUM]","Johnston","RI","[PREMIUM]",,"[]",,,"[PREMIUM]"
"ff476de4-8ad0-4467-861f-9389ee6023a1","2026-03-07 23:48:10.855","2026-03-07 23:48:10.855","ff476de4-8ad0-4467-861f-9389ee6023a1","[PREMIUM]","Used",2022,"Audi","A3","Premium","[PREMIUM]","[PREMIUM]",54214,"Sedan","Navarra Blue Metallic","Parchment Beige/Steel Gray Stitching","Front-wheel Drive",,,"Gasoline",,,"dealership","[PREMIUM]","Houston","TX","[PREMIUM]",,"[]",,,"[PREMIUM]"
"8f5af8ff-4472-4b80-984c-f939213d5d35","2026-03-07 23:48:00.439","2026-03-07 23:48:00.439","8f5af8ff-4472-4b80-984c-f939213d5d35","[PREMIUM]","Used",2022,"Volkswagen","Tiguan","SE","[PREMIUM]","[PREMIUM]",21000,"SUV","Gray","BLACK","Rear-wheel Drive",,,"Gasoline",,,"dealership","[PREMIUM]","Mobile","AL","[PREMIUM]",,"[]",,,"[PREMIUM]"
"cb9f9cea-fb98-47a5-b5ef-84e1f626011f","2026-03-07 23:48:00.423","2026-03-07 23:48:00.423","cb9f9cea-fb98-47a5-b5ef-84e1f626011f","[PREMIUM]","Used",2023,"Subaru","Impreza","Premium","[PREMIUM]","[PREMIUM]",35278,"Hatchback","Magnetite Gray Metallic","Black","All-wheel Drive",,,"Gasoline",,,"dealership","[PREMIUM]","Cuyahoga Falls","OH","[PREMIUM]",,"[]",,,"[PREMIUM]"
"3ab90186-f310-452f-bf4f-d928b94e86da","2026-03-07 23:48:00.405","2026-03-12 11:13:24.993","3ab90186-f310-452f-bf4f-d928b94e86da","[PREMIUM]","Used",2022,"Jeep","Compass","Latitude","[PREMIUM]","[PREMIUM]",27395,"SUV","Granite Crystal Metallic Clearcoat","Black","Four-wheel Drive",,,"Gasoline",,,"dealership","[PREMIUM]","Streamwood","IL","[PREMIUM]",,"[]",,,"[PREMIUM]"
"0eb2fcb6-16bc-402a-a799-2853c9713b4c","2026-03-07 23:48:00.401","2026-03-07 23:48:00.401","0eb2fcb6-16bc-402a-a799-2853c9713b4c","[PREMIUM]","Used",2022,"Dodge","Charger","SXT","[PREMIUM]","[PREMIUM]",42454,"Sedan","White","BLACK","Rear-wheel Drive",,,"Gasoline",,,"dealership","[PREMIUM]","Covington","LA","[PREMIUM]",,"[]",,,"[PREMIUM]"
"8c8b0da6-dd6e-402d-a62f-0a16708e4380","2026-03-07 23:48:00.259","2026-03-12 11:13:24.990","8c8b0da6-dd6e-402d-a62f-0a16708e4380","[PREMIUM]","Used",2022,"BMW","X4","xDrive30i","[PREMIUM]","[PREMIUM]",83789,"SUV","Mineral White Metallic","Oyster","All-wheel Drive",,,"Gasoline",,,"dealership","[PREMIUM]","Fort Myers","FL","[PREMIUM]",,"[]",,,"[PREMIUM]"
"09847c5a-ddf5-4bcf-b587-6a7dbbd5a7fc","2026-03-07 23:48:00.255","2026-03-12 11:13:25.443","09847c5a-ddf5-4bcf-b587-6a7dbbd5a7fc","[PREMIUM]","Used",2022,"Buick","Encore","Preferred","[PREMIUM]","[PREMIUM]",23713,"SUV","White","Black","All-wheel Drive",,,"Gasoline",,,"dealership","[PREMIUM]","Oneonta","NY","[PREMIUM]",,"[]",,,"[PREMIUM]"
"2bda80fb-75d3-42b4-935d-483d716e55d8","2026-03-07 23:48:00.247","2026-03-12 11:13:25.247","2bda80fb-75d3-42b4-935d-483d716e55d8","[PREMIUM]","Used",2022,"Subaru","Legacy","Base","[PREMIUM]","[PREMIUM]",31367,"Sedan","Crystal Black Silica","Slate Black","All-wheel Drive",,,"Gasoline",,,"dealership","[PREMIUM]","Cincinnati","OH","[PREMIUM]",,"[]",,,"[PREMIUM]"
"2c1b9e18-1bbb-47b5-81c0-b25da8bb8108","2026-03-07 23:48:00.244","2026-03-07 23:48:00.244","2c1b9e18-1bbb-47b5-81c0-b25da8bb8108","[PREMIUM]","Used",2022,"Volkswagen","Tiguan","SE","[PREMIUM]","[PREMIUM]",31754,"SUV","Black","BLACK","2WD",,,"Gas",,,"dealership","[PREMIUM]","Mobile","AL","[PREMIUM]",,"[]",,,"[PREMIUM]"
"031f82ad-ef99-4db7-a104-4604d59434fb","2026-03-07 23:48:00.243","2026-03-07 23:48:00.243","031f82ad-ef99-4db7-a104-4604d59434fb","[PREMIUM]","Used",2023,"Hyundai","TUCSON","SEL","[PREMIUM]","[PREMIUM]",32911,"SUV","Amazon Gray","Black","All-wheel Drive",,,"Gasoline",,,"dealership","[PREMIUM]","Rochester","MN","[PREMIUM]",,"[]",,,"[PREMIUM]"
"41790161-31be-4979-a06d-aff099c471d2","2026-03-07 23:48:00.224","2026-03-07 23:48:00.224","41790161-31be-4979-a06d-aff099c471d2","[PREMIUM]","Used",2023,"Chevrolet","Trailblazer","LT","[PREMIUM]","[PREMIUM]",35336,"SUV","Sterling Gray Metallic","Jet Black","All-wheel Drive",,,"Gasoline",,,"dealership","[PREMIUM]","Easley","SC","[PREMIUM]",,"[]",,,"[PREMIUM]"
"799b0f14-d2f7-45a3-bb13-cfed9866e391","2026-03-07 23:48:00.224","2026-03-15 11:13:32.923","799b0f14-d2f7-45a3-bb13-cfed9866e391","[PREMIUM]","Used",2022,"Honda","Accord Hybrid","Sport","[PREMIUM]","[PREMIUM]",92176,"Sedan","Platinum White Pearl","Black","Front-wheel Drive",,,"Hybrid",,,"dealership","[PREMIUM]","Little Rock","AR","[PREMIUM]",,"[]",,,"[PREMIUM]"
"108f1408-c328-4d9e-a458-8285819db586","2026-03-07 23:48:00.219","2026-03-07 23:48:00.219","108f1408-c328-4d9e-a458-8285819db586","[PREMIUM]","Used",2023,"Toyota","Corolla","XSE","[PREMIUM]","[PREMIUM]",44202,"Hatchback","Midnight Black Metallic","Black","Front-wheel Drive",,,"Gasoline",,,"dealership","[PREMIUM]","Sterling","VA","[PREMIUM]",,"[]",,,"[PREMIUM]"
"3e0e5ae6-13f7-48d1-a8ca-547dae9276a3","2026-03-07 23:48:00.217","2026-03-12 11:13:25.121","3e0e5ae6-13f7-48d1-a8ca-547dae9276a3","[PREMIUM]","Used",2023,"Chrysler","Pacifica","Touring L","[PREMIUM]","[PREMIUM]",60881,"Minivan","Bright White Clearcoat","Black/Alloy/Black","Front-wheel Drive",,,"Gasoline",,,"dealership","[PREMIUM]","Columbia","MO","[PREMIUM]",,"[]",,,"[PREMIUM]"
"7383a191-b0ce-42ca-95cd-ae642de5b121","2026-03-07 23:48:00.215","2026-03-07 23:48:00.215","7383a191-b0ce-42ca-95cd-ae642de5b121","[PREMIUM]","Used",2023,"Ford","Escape","Platinum","[PREMIUM]","[PREMIUM]",34910,"SUV","Gray",,"All-wheel Drive",,,"Gasoline",,,"dealership","[PREMIUM]","Elkhart","IN","[PREMIUM]",,"[]",,,"[PREMIUM]"
"52d4513e-c27b-4605-8c4c-37d7dbbc0579","2026-03-07 23:48:00.212","2026-03-07 23:48:00.212","52d4513e-c27b-4605-8c4c-37d7dbbc0579","[PREMIUM]","Used",2023,"Chevrolet","Trailblazer","RS","[PREMIUM]","[PREMIUM]",35838,"SUV","Mosaic Black Metallic","Jet Black w/Red Accents","All-wheel Drive",,,"Gasoline",,,"dealership","[PREMIUM]","Santa Barbara","CA","[PREMIUM]",,"[]",,,"[PREMIUM]"
"9e8f9fa8-e8d0-4ce6-b98a-8b36a2e593d6","2026-03-07 23:48:00.211","2026-03-07 23:48:00.211","9e8f9fa8-e8d0-4ce6-b98a-8b36a2e593d6","[PREMIUM]","Used",2022,"Volkswagen","Passat","2.0T R-Line","[PREMIUM]","[PREMIUM]",10479,"Sedan","Tourmaline Blue Metallic","Titan Black","Front-wheel Drive",,,"Gasoline",,,"dealership","[PREMIUM]","Pasadena","MD","[PREMIUM]",,"[]",,,"[PREMIUM]"
"c5efa662-725e-414c-8c53-cce203cf3256","2026-03-07 23:48:00.209","2026-03-15 11:13:32.890","c5efa662-725e-414c-8c53-cce203cf3256","[PREMIUM]","Used",2023,"Nissan","Rogue","SV","[PREMIUM]","[PREMIUM]",26110,"SUV","Brilliant Silver Metallic","Charcoal","Front-wheel Drive",,,"Gasoline",,,"dealership","[PREMIUM]","Broken Arrow","OK","[PREMIUM]",,"[]",,,"[PREMIUM]"
"c13c1d35-97d6-444c-9689-1c2d07b7d67c","2026-03-07 23:48:00.208","2026-03-07 23:48:00.208","c13c1d35-97d6-444c-9689-1c2d07b7d67c","[PREMIUM]","Used",2022,"Honda","HR-V","EX","[PREMIUM]","[PREMIUM]",42570,"SUV","Blue","BLACK","Four-wheel Drive",,,"Gasoline",,,"dealership","[PREMIUM]","Schaumburg","IL","[PREMIUM]",,"[]",,,"[PREMIUM]"
"6be3cbd6-5007-4abb-9e63-627ab5bbdace","2026-03-07 23:48:00.204","2026-03-07 23:48:00.204","6be3cbd6-5007-4abb-9e63-627ab5bbdace","[PREMIUM]","Used",2022,"Mazda","CX-5","2.5 S Preferred Package","[PREMIUM]","[PREMIUM]",75786,"SUV","Blue","BLACK","Four-wheel Drive",,,"Gasoline",,,"dealership","[PREMIUM]","Renton","WA","[PREMIUM]",,"[]",,,"[PREMIUM]"
"ce312fcf-08b7-43ea-bcb5-5741c7792dd0","2026-03-07 23:48:00.203","2026-03-07 23:48:00.203","ce312fcf-08b7-43ea-bcb5-5741c7792dd0","[PREMIUM]","Used",2022,"Honda","Civic","Sport","[PREMIUM]","[PREMIUM]",24905,"Hatchback","Sonic Gray Pearl","Black","Front-wheel Drive",,,"Gasoline",,,"dealership","[PREMIUM]","Fishers","IN","[PREMIUM]",,"[]",,,"[PREMIUM]"
"37c5436e-b1b2-46e8-bfa4-fdaf11959538","2026-03-07 23:48:00.201","2026-03-12 11:13:25.139","37c5436e-b1b2-46e8-bfa4-fdaf11959538","[PREMIUM]","Used",2022,"Nissan","Rogue","SL","[PREMIUM]","[PREMIUM]",25331,"SUV","Gray","BLACK","Four-wheel Drive",,,"Gasoline",,,"dealership","[PREMIUM]","Plainfield","IL","[PREMIUM]",,"[]",,,"[PREMIUM]"
"991745d3-0400-4be4-9413-464ca5730936","2026-03-07 23:48:00.200","2026-03-07 23:48:00.200","991745d3-0400-4be4-9413-464ca5730936","[PREMIUM]","Used",2023,"Toyota","Camry","SE","[PREMIUM]","[PREMIUM]",61025,"Sedan","Celestial Silver Metallic","Black","Front-wheel Drive",,,"Gasoline",,,"dealership","[PREMIUM]","Scottsdale","AZ","[PREMIUM]",,"[]",,,"[PREMIUM]"
"be34ad93-8ecb-42a5-9c54-fbcd7a370d23","2026-03-07 23:48:00.196","2026-03-12 11:13:25.138","be34ad93-8ecb-42a5-9c54-fbcd7a370d23","[PREMIUM]","Used",2023,"Chevrolet","Equinox","1LT","[PREMIUM]","[PREMIUM]",33271,"SUV","Radiant Red Tintcoat","Jet Black","Front-wheel Drive",,,"Gasoline",,,"dealership","[PREMIUM]","Celina","OH","[PREMIUM]",,"[]",,,"[PREMIUM]"
"3304846f-b4da-4239-b5e0-8b41f499e08c","2026-03-07 23:48:00.162","2026-03-12 11:13:25.154","3304846f-b4da-4239-b5e0-8b41f499e08c","[PREMIUM]","Used",2023,"Chrysler","Pacifica","Touring L","[PREMIUM]","[PREMIUM]",69787,"Minivan","Bright White Clearcoat","Black/Alloy/Black","Front-wheel Drive",,,"Gasoline",,,"dealership","[PREMIUM]","Covington","PA","[PREMIUM]",,"[]",,,"[PREMIUM]"
"5a6ac4ec-5545-4d37-9153-6fef3cb38b09","2026-03-07 23:48:00.141","2026-03-12 11:13:25.243","5a6ac4ec-5545-4d37-9153-6fef3cb38b09","[PREMIUM]","Used",2023,"Honda","Accord","EX","[PREMIUM]","[PREMIUM]",57890,"Sedan","Crystal Black Pearl","Black","Front-wheel Drive",,,"Gasoline",,,"dealership","[PREMIUM]","Rosedale","MD","[PREMIUM]",,"[]",,,"[PREMIUM]"
"bfe99899-b2f7-4cab-9df4-e3529ba47120","2026-03-07 23:48:00.134","2026-03-07 23:48:00.134","bfe99899-b2f7-4cab-9df4-e3529ba47120","[PREMIUM]","Used",2022,"Volkswagen","Golf GTI","S","[PREMIUM]","[PREMIUM]",41183,"Hatchback","White","BLACK","Rear-wheel Drive",,,"Gasoline",,,"dealership","[PREMIUM]","Puyallup","WA","[PREMIUM]",,"[]",,,"[PREMIUM]"
"1e8097d9-f234-4977-9909-1754c927afce","2026-03-07 23:48:00.105","2026-03-15 11:13:32.845","1e8097d9-f234-4977-9909-1754c927afce","[PREMIUM]","Used",2023,"Toyota","Corolla Hybrid","XLE","[PREMIUM]","[PREMIUM]",37298,"Sedan","Classic Silver Metallic","Black","Front-wheel Drive",,,"Hybrid",,,"dealership","[PREMIUM]","Clanton","AL","[PREMIUM]",,"[]",,,"[PREMIUM]"
"cf4d2714-6bab-402c-84d5-a9013d1345c7","2026-03-07 23:48:00.101","2026-03-07 23:48:00.101","cf4d2714-6bab-402c-84d5-a9013d1345c7","[PREMIUM]","Used",2023,"Audi","Q3","Premium 45 TFSI S line quattro Tiptronic","[PREMIUM]","[PREMIUM]",57113,"SUV","White",,"All-wheel Drive",,,"Gasoline",,,"dealership","[PREMIUM]","Vineland","NJ","[PREMIUM]",,"[]",,,"[PREMIUM]"
"ebe80ca5-0e86-4e9e-9023-dea07e20b6ce","2026-03-07 23:48:00.101","2026-03-07 23:48:00.101","ebe80ca5-0e86-4e9e-9023-dea07e20b6ce","[PREMIUM]","Used",2022,"Kia","Seltos","SX Turbo","[PREMIUM]","[PREMIUM]",47422,"SUV","Cherry Black","Black","All-wheel Drive",,,"Gasoline",,,"dealership","[PREMIUM]","Rochester","IN","[PREMIUM]",,"[]",,,"[PREMIUM]"
"332c9adc-e103-4623-9cd9-81f558e8d814","2026-03-07 23:48:00.099","2026-03-07 23:48:00.099","332c9adc-e103-4623-9cd9-81f558e8d814","[PREMIUM]","Used",2023,"Chevrolet","Equinox","AWD RS","[PREMIUM]","[PREMIUM]",24408,"SUV","Summit White","Jet Black","All-wheel Drive",,,"Gasoline",,,"dealership","[PREMIUM]","Chippewa Falls","WI","[PREMIUM]",,"[]",,,"[PREMIUM]"
"242591ff-c564-499b-9475-2b465869b7e5","2026-03-07 23:48:00.095","2026-03-07 23:48:00.095","242591ff-c564-499b-9475-2b465869b7e5","[PREMIUM]","Used",2022,"Volvo","XC40","T4 Momentum","[PREMIUM]","[PREMIUM]",46573,"SUV","White","TAUPE","Rear-wheel Drive",,,"Gasoline",,,"dealership","[PREMIUM]","Tampa","FL","[PREMIUM]",,"[]",,,"[PREMIUM]"
"03c88ab0-885f-47e2-a7de-6a9a9c8b7939","2026-03-07 23:48:00.082","2026-03-12 11:13:24.966","03c88ab0-885f-47e2-a7de-6a9a9c8b7939","[PREMIUM]","Used",2022,"RAM","1500","Tradesman","[PREMIUM]","[PREMIUM]",124748,"Truck","Billet Silver Metallic Clearcoat","Black","Four-wheel Drive",,,"Gasoline",,,"dealership","[PREMIUM]","Ottawa","IL","[PREMIUM]",,"[]",,,"[PREMIUM]"
"627a5762-49bd-43b9-a92f-cd193e6ac720","2026-03-07 23:48:00.053","2026-03-12 11:13:24.970","627a5762-49bd-43b9-a92f-cd193e6ac720","[PREMIUM]","Used",2023,"Chevrolet","Equinox","AWD RS","[PREMIUM]","[PREMIUM]",27084,"SUV","Sterling Gray Metallic","Jet Black","All-wheel Drive",,,"Gasoline",,,"dealership","[PREMIUM]","Chippewa Falls","WI","[PREMIUM]",,"[]",,,"[PREMIUM]"
"80c770df-267a-4d38-8d66-0496dfda20b2","2026-03-07 23:47:49.283","2026-03-12 11:13:13.171","80c770df-267a-4d38-8d66-0496dfda20b2","[PREMIUM]","Used",2023,"Nissan","Rogue","SV","[PREMIUM]","[PREMIUM]",47949,"SUV","Gun Metallic","Charcoal","Front-wheel Drive",,,"Gasoline",,,"dealership","[PREMIUM]","Columbia","SC","[PREMIUM]",,"[]",,,"[PREMIUM]"
"83794b41-db0c-441b-837a-1eb53738cfd7","2026-03-07 23:47:49.248","2026-03-12 11:13:24.975","83794b41-db0c-441b-837a-1eb53738cfd7","[PREMIUM]","Used",2023,"Ford","Escape","Active","[PREMIUM]","[PREMIUM]",22343,"SUV","White","BLACK","Four-wheel Drive",,,"Gasoline",,,"dealership","[PREMIUM]","Columbus","OH","[PREMIUM]",,"[]",,,"[PREMIUM]"
"19d20b7c-8118-4c1a-8efd-e84d2db3c9df","2026-03-07 23:47:49.094","2026-03-07 23:47:49.094","19d20b7c-8118-4c1a-8efd-e84d2db3c9df","[PREMIUM]","Used",2023,"Chevrolet","Bolt EUV","LT","[PREMIUM]","[PREMIUM]",14536,"SUV","Black","BLACK","Rear-wheel Drive",,,"Electric",,,"dealership","[PREMIUM]","Sterling","VA","[PREMIUM]",,"[]",,,"[PREMIUM]"
"b5896781-f15d-4ada-b70c-7f9b88daefbd","2026-03-07 23:47:49.020","2026-03-07 23:47:49.020","b5896781-f15d-4ada-b70c-7f9b88daefbd","[PREMIUM]","Used",2023,"Chevrolet","Colorado","Work Truck","[PREMIUM]","[PREMIUM]",28379,"Truck","Black","BLACK","2WD",,,"Gas",,,"dealership","[PREMIUM]","Milwaukie","OR","[PREMIUM]",,"[]",,,"[PREMIUM]"
"6edffe93-0d87-4c26-a712-117e02424fee","2026-03-07 23:47:49.011","2026-03-07 23:47:49.011","6edffe93-0d87-4c26-a712-117e02424fee","[PREMIUM]","Used",2023,"Chrysler","Pacifica","Touring L","[PREMIUM]","[PREMIUM]",53390,"Minivan","Granite Crystal Metallic Clearcoat","Black/Alloy/Black","Front-wheel Drive",,,"Gasoline",,,"dealership","[PREMIUM]","Rosedale","MD","[PREMIUM]",,"[]",,,"[PREMIUM]"
"a7556019-da7f-40ec-a8ac-096f9eee5329","2026-03-07 23:47:48.958","2026-03-12 11:13:13.501","a7556019-da7f-40ec-a8ac-096f9eee5329","[PREMIUM]","Used",2023,"Ford","Edge","ST Line","[PREMIUM]","[PREMIUM]",71675,"SUV","GREY","Ebony","All-wheel Drive",,,"Gasoline",,,"dealership","[PREMIUM]","Cookeville","TN","[PREMIUM]",,"[]",,,"[PREMIUM]"
"6126187d-3a3e-4178-b1d3-3a40a8d8e964","2026-03-07 23:47:48.870","2026-03-07 23:47:48.870","6126187d-3a3e-4178-b1d3-3a40a8d8e964","[PREMIUM]","Used",2023,"Nissan","Rogue","SV","[PREMIUM]","[PREMIUM]",47230,"SUV","Gun Metallic","Charcoal","Front-wheel Drive",,,"Gasoline",,,"dealership","[PREMIUM]","Broken Arrow","OK","[PREMIUM]",,"[]",,,"[PREMIUM]"
"ddd8aa0d-7733-4d8b-8f23-70d8c531342a","2026-03-07 23:47:48.853","2026-03-15 11:13:32.874","ddd8aa0d-7733-4d8b-8f23-70d8c531342a","[PREMIUM]","Used",2023,"Subaru","Legacy","Limited","[PREMIUM]","[PREMIUM]",18540,"Sedan","Magnetite Gray Metallic","Titanium Gray","All-wheel Drive",,,"Gasoline",,,"dealership","[PREMIUM]","Wilkes-Barre","PA","[PREMIUM]",,"[]",,,"[PREMIUM]"
"63a246b2-8edd-428f-bfe8-2adb7442bc1c","2026-03-07 23:47:48.811","2026-03-07 23:47:48.811","63a246b2-8edd-428f-bfe8-2adb7442bc1c","[PREMIUM]","Used",2023,"Nissan","Altima","SR FWD","[PREMIUM]","[PREMIUM]",48062,"Sedan","Gun Metallic","Sport","Front-wheel Drive",,,"Gasoline",,,"dealership","[PREMIUM]","Hyattsville","MD","[PREMIUM]",,"[]",,,"[PREMIUM]"
"fd14c44f-65de-4230-9a28-224e4677e347","2026-03-07 23:47:48.806","2026-03-07 23:47:48.806","fd14c44f-65de-4230-9a28-224e4677e347","[PREMIUM]","Used",2023,"Nissan","Rogue","SL","[PREMIUM]","[PREMIUM]",69796,"SUV","Super Black","Charcoal","All-wheel Drive",,,"Gasoline",,,"dealership","[PREMIUM]","Dayton","OH","[PREMIUM]",,"[]",,,"[PREMIUM]"
"84607b49-f2b7-4ce0-b36b-0ca8463d7691","2026-03-07 23:47:48.788","2026-03-07 23:47:48.788","84607b49-f2b7-4ce0-b36b-0ca8463d7691","[PREMIUM]","Used",2024,"Honda","Civic","Sport","[PREMIUM]","[PREMIUM]",34581,"Sedan","Gray","Black","Front-wheel Drive",,,"Gasoline",,,"dealership","[PREMIUM]","Omaha","NE","[PREMIUM]",,"[]",,,"[PREMIUM]"
"222fac9c-2e56-4f24-88c6-66c8a76bf815","2026-03-07 23:47:48.733","2026-03-07 23:47:48.733","222fac9c-2e56-4f24-88c6-66c8a76bf815","[PREMIUM]","Used",2023,"Nissan","Rogue","S","[PREMIUM]","[PREMIUM]",24826,"SUV","White","BLACK","Rear-wheel Drive",,,"Gasoline",,,"dealership","[PREMIUM]","Mobile","AL","[PREMIUM]",,"[]",,,"[PREMIUM]"
"a9f2dea3-66c3-4214-b2ba-bc0c21ba7e8d","2026-03-07 23:47:48.729","2026-03-07 23:47:48.729","a9f2dea3-66c3-4214-b2ba-bc0c21ba7e8d","[PREMIUM]","Used",2023,"Nissan","Rogue","SV","[PREMIUM]","[PREMIUM]",7686,"SUV","Pearl White Tricoat","Charcoal","All-wheel Drive",,,"Gasoline",,,"dealership","[PREMIUM]","Sheboygan","WI","[PREMIUM]",,"[]",,,"[PREMIUM]"
"c0d7119b-928c-43c6-a952-16658e861499","2026-03-07 23:47:48.715","2026-03-07 23:47:48.715","c0d7119b-928c-43c6-a952-16658e861499","[PREMIUM]","Used",2023,"Nissan","Rogue","Platinum","[PREMIUM]","[PREMIUM]",58271,"SUV","Pearl White Tricoat","Tan","All-wheel Drive",,,"Gasoline",,,"dealership","[PREMIUM]","Broken Arrow","OK","[PREMIUM]",,"[]",,,"[PREMIUM]"
"9287f419-766e-4c2a-9988-4b029be399c8","2026-03-07 23:47:48.711","2026-03-07 23:47:48.711","9287f419-766e-4c2a-9988-4b029be399c8","[PREMIUM]","Used",2023,"Hyundai","KONA","SEL","[PREMIUM]","[PREMIUM]",32456,"SUV","Gray","GRAY","Four-wheel Drive",,,"Gasoline",,,"dealership","[PREMIUM]","Laurel","MD","[PREMIUM]",,"[]",,,"[PREMIUM]"
"00734967-a27d-4b1e-8ce2-fac9c2d435e1","2026-03-07 23:47:48.699","2026-03-07 23:47:48.699","00734967-a27d-4b1e-8ce2-fac9c2d435e1","[PREMIUM]","Used",2023,"Toyota","Camry","SE","[PREMIUM]","[PREMIUM]",42757,"Sedan","Cavalry Blue","Black","Front-wheel Drive",,,"Gasoline",,,"dealership","[PREMIUM]","Cincinnati","OH","[PREMIUM]",,"[]",,,"[PREMIUM]"
"87f73554-3043-482d-8d79-7c4c0d95f418","2026-03-07 23:47:48.698","2026-03-07 23:47:48.698","87f73554-3043-482d-8d79-7c4c0d95f418","[PREMIUM]","Used",2023,"Toyota","Camry","SE","[PREMIUM]","[PREMIUM]",63678,"Sedan","Ice Edge","Black","Front-wheel Drive",,,"Gasoline",,,"dealership","[PREMIUM]","Scottsdale","AZ","[PREMIUM]",,"[]",,,"[PREMIUM]"
"16fd6c2d-8bfc-4cdf-8cee-0242767e8908","2026-03-07 23:47:48.696","2026-03-12 11:13:25.437","16fd6c2d-8bfc-4cdf-8cee-0242767e8908","[PREMIUM]","Used",2023,"Mazda","CX-30","2.5 S Preferred Package","[PREMIUM]","[PREMIUM]",18003,"SUV","Jet Black Mica","Black","All-wheel Drive",,,"Gasoline",,,"dealership","[PREMIUM]","Milwaukie","OR","[PREMIUM]",,"[]",,,"[PREMIUM]"
"04dc712a-ef0d-4a27-a1dd-25e7ebbcefbe","2026-03-07 23:47:48.689","2026-03-07 23:47:48.689","04dc712a-ef0d-4a27-a1dd-25e7ebbcefbe","[PREMIUM]","Used",2023,"Mitsubishi","Outlander","SE Special Edition 2WD","[PREMIUM]","[PREMIUM]",33175,"SUV","Black Diamond","Black","Front-wheel Drive",,,"Gasoline",,,"dealership","[PREMIUM]","Fredricksburg","VA","[PREMIUM]",,"[]",,,"[PREMIUM]"
"6d9f3c67-be8e-4216-80f4-b3aef9b59d1f","2026-03-07 23:47:48.689","2026-03-07 23:47:48.689","6d9f3c67-be8e-4216-80f4-b3aef9b59d1f","[PREMIUM]","Used",2023,"Nissan","Rogue","SL","[PREMIUM]","[PREMIUM]",23054,"SUV","Caspian Blue Metallic","Charcoal","All-wheel Drive",,,"Gasoline",,,"dealership","[PREMIUM]","Sheboygan","WI","[PREMIUM]",,"[]",,,"[PREMIUM]"
"0230f6db-fa5d-457b-b370-2b7435d201a0","2026-03-07 23:47:48.688","2026-03-12 11:13:13.213","0230f6db-fa5d-457b-b370-2b7435d201a0","[PREMIUM]","Used",2023,"Nissan","Rogue","SV","[PREMIUM]","[PREMIUM]",18095,"SUV","Black","BLACK","Rear-wheel Drive",,,"Gasoline",,,"dealership","[PREMIUM]","Pensacola","FL","[PREMIUM]",,"[]",,,"[PREMIUM]"
"5ba81fa4-130e-4b25-b528-0a485ab509b8","2026-03-07 23:47:48.687","2026-03-15 11:13:32.866","5ba81fa4-130e-4b25-b528-0a485ab509b8","[PREMIUM]","Used",2023,"Mazda","CX-5","2.5 S Preferred Package","[PREMIUM]","[PREMIUM]",40781,"SUV","Jet Black Mica","Black","All-wheel Drive",,,"Gasoline",,,"dealership","[PREMIUM]","Hyannis","MA","[PREMIUM]",,"[]",,,"[PREMIUM]"
"49277cec-c3ac-4d3a-92ba-e614ae14da14","2026-03-07 23:47:48.686","2026-03-12 11:13:13.551","49277cec-c3ac-4d3a-92ba-e614ae14da14","[PREMIUM]","Used",2023,"Chevrolet","Bolt EUV","Premier","[PREMIUM]","[PREMIUM]",9824,"SUV","Blue","BLACK","Rear-wheel Drive",,,"Electric",,,"dealership","[PREMIUM]","Tinley Park","IL","[PREMIUM]",,"[]",,,"[PREMIUM]"
"6c6cac1f-576e-4926-8ac7-330ad8d9ef68","2026-03-07 23:47:48.686","2026-03-07 23:47:48.686","6c6cac1f-576e-4926-8ac7-330ad8d9ef68","[PREMIUM]","Used",2023,"Kia","K5","GT-Line","[PREMIUM]","[PREMIUM]",37351,"Sedan","Wolf Gray","Black","Front-wheel Drive",,,"Gasoline",,,"dealership","[PREMIUM]","Lansing","IL","[PREMIUM]",,"[]",,,"[PREMIUM]"
"6b0943c7-b76e-4153-bd4e-264bb5b77b1e","2026-03-07 23:47:48.685","2026-03-12 11:13:13.637","6b0943c7-b76e-4153-bd4e-264bb5b77b1e","[PREMIUM]","Used",2023,"Tesla","Model 3",,"[PREMIUM]","[PREMIUM]",35783,"Sedan","White","BLACK","Rear-wheel Drive",,,"Electric",,,"dealership","[PREMIUM]","Sterling","VA","[PREMIUM]",,"[]",,,"[PREMIUM]"
"83c29c33-1622-47cf-9a93-b78089559f0e","2026-03-07 23:47:48.683","2026-03-07 23:47:48.683","83c29c33-1622-47cf-9a93-b78089559f0e","[PREMIUM]","Used",2023,"Hyundai","TUCSON","SEL","[PREMIUM]","[PREMIUM]",46728,"SUV","Phantom Black","Gray","All-wheel Drive",,,"Gasoline",,,"dealership","[PREMIUM]","Enfield","CT","[PREMIUM]",,"[]",,,"[PREMIUM]"
"c4bd0c2e-0f7e-4d4d-aff0-795db4bc7e4f","2026-03-07 23:47:48.683","2026-03-07 23:47:48.683","c4bd0c2e-0f7e-4d4d-aff0-795db4bc7e4f","[PREMIUM]","Used",2023,"Tesla","Model 3",,"[PREMIUM]","[PREMIUM]",31645,"Sedan","White","BLACK","Rear-wheel Drive",,,"Electric",,,"dealership","[PREMIUM]","Sterling","VA","[PREMIUM]",,"[]",,,"[PREMIUM]"
"a2a80708-2cf9-4f19-882d-80e2d3bdc0e7","2026-03-07 23:47:48.680","2026-03-07 23:47:48.680","a2a80708-2cf9-4f19-882d-80e2d3bdc0e7","[PREMIUM]","Used",2023,"Volkswagen","Jetta","1.5T SE","[PREMIUM]","[PREMIUM]",30554,"Sedan","Opal White","Titan Black","Front-wheel Drive",,,"Gasoline",,,"dealership","[PREMIUM]","Summit","NJ","[PREMIUM]",,"[]",,,"[PREMIUM]"
"cb3c061b-39b2-463f-88c0-8a2217da17f2","2026-03-07 23:47:48.679","2026-03-12 11:13:13.077","cb3c061b-39b2-463f-88c0-8a2217da17f2","[PREMIUM]","Used",2023,"Chevrolet","Trailblazer","LT","[PREMIUM]","[PREMIUM]",7056,"SUV","Summit White","Jet Black","Front-wheel Drive",,,"Gasoline",,,"dealership","[PREMIUM]","Pittsburgh","PA","[PREMIUM]",,"[]",,,"[PREMIUM]"
"e12809e1-ba25-4c2f-b26a-54a3220f1b0a","2026-03-07 23:47:48.678","2026-03-07 23:47:48.678","e12809e1-ba25-4c2f-b26a-54a3220f1b0a","[PREMIUM]","Used",2023,"Honda","HR-V","LX","[PREMIUM]","[PREMIUM]",29559,"SUV","Silver","TAN","Rear-wheel Drive",,,"Gasoline",,,"dealership","[PREMIUM]","Jacksonville","FL","[PREMIUM]",,"[]",,,"[PREMIUM]"
"7eff8e49-ecb7-4acb-9c53-604d5c8110d4","2026-03-07 23:47:48.677","2026-03-07 23:47:48.677","7eff8e49-ecb7-4acb-9c53-604d5c8110d4","[PREMIUM]","Used",2024,"Ford","Bronco Sport","Big Bend","[PREMIUM]","[PREMIUM]",41838,"SUV","Black","BLACK","Four-wheel Drive",,,"Gasoline",,,"dealership","[PREMIUM]","Richmond","TX","[PREMIUM]",,"[]",,,"[PREMIUM]"
"41fbe684-3ba7-4b94-aa61-f719911d7cab","2026-03-07 23:47:48.676","2026-03-12 11:13:13.169","41fbe684-3ba7-4b94-aa61-f719911d7cab","[PREMIUM]","Used",2023,"Audi","Q5","S-Line Premium Plus","[PREMIUM]","[PREMIUM]",51019,"SUV","Gray","BLACK","Four-wheel Drive",,,"Gasoline",,,"dealership","[PREMIUM]","Renton","WA","[PREMIUM]",,"[]",,,"[PREMIUM]"
"a2e523bb-bbc7-47aa-8dd9-dd038edb38e8","2026-03-07 23:47:48.676","2026-03-15 11:13:32.936","a2e523bb-bbc7-47aa-8dd9-dd038edb38e8","[PREMIUM]","Used",2023,"Subaru","Crosstrek","Base","[PREMIUM]","[PREMIUM]",31641,"SUV","Crystal White Pearl","Black","All-wheel Drive",,,"Gasoline",,,"dealership","[PREMIUM]","Golden","CO","[PREMIUM]",,"[]",,,"[PREMIUM]"
"30126f3b-18c2-4591-9e7c-b53b723f7b0b","2026-03-07 23:47:48.673","2026-03-07 23:47:48.673","30126f3b-18c2-4591-9e7c-b53b723f7b0b","[PREMIUM]","Used",2023,"Dodge","Durango","GT AWD","[PREMIUM]","[PREMIUM]",67000,"SUV","Destroyer Gray Clearcoat","Black","All-wheel Drive",,,"Gasoline",,,"dealership","[PREMIUM]","Punta Gorda","FL","[PREMIUM]",,"[]",,,"[PREMIUM]"
"f4c4de7b-0414-4592-98f2-570965a9d8c4","2026-03-07 23:47:48.672","2026-03-07 23:47:48.672","f4c4de7b-0414-4592-98f2-570965a9d8c4","[PREMIUM]","Used",2023,"Jeep","Compass","Latitude","[PREMIUM]","[PREMIUM]",31204,"SUV","Laser Blue Pearlcoat","Black","Four-wheel Drive",,,"Gasoline",,,"dealership","[PREMIUM]","Honolulu","HI","[PREMIUM]",,"[]",,,"[PREMIUM]"
"800c6510-0ed4-4848-94df-b4e64c450202","2026-03-07 23:47:48.671","2026-03-07 23:47:48.671","800c6510-0ed4-4848-94df-b4e64c450202","[PREMIUM]","Used",2023,"Chevrolet","Blazer","2LT","[PREMIUM]","[PREMIUM]",46846,"SUV","Black","BLACK","Rear-wheel Drive",,,"Gasoline",,,"dealership","[PREMIUM]","Richmond","TX","[PREMIUM]",,"[]",,,"[PREMIUM]"
"6f870fb0-1611-4d3a-9c0a-af862fd545d6","2026-03-07 23:47:48.670","2026-03-12 11:13:13.241","6f870fb0-1611-4d3a-9c0a-af862fd545d6","[PREMIUM]","Used",2023,"Nissan","Altima","2.5 SV","[PREMIUM]","[PREMIUM]",26291,"Sedan","Red","Gray","Front-wheel Drive",,,"Gasoline",,,"dealership","[PREMIUM]","Arlington","TX","[PREMIUM]",,"[]",,,"[PREMIUM]"
"6caf21af-9950-4995-a7a2-85cd5f38d58f","2026-03-07 23:47:48.667","2026-03-07 23:47:48.667","6caf21af-9950-4995-a7a2-85cd5f38d58f","[PREMIUM]","Used",2023,"Chrysler","Pacifica","Touring L","[PREMIUM]","[PREMIUM]",58282,"Minivan","Granite Crystal Metallic Clearcoat","Black/Alloy/Black","Front-wheel Drive",,,"Gasoline",,,"dealership","[PREMIUM]","Sanford","FL","[PREMIUM]",,"[]",,,"[PREMIUM]"
"c9d87ee2-0111-4355-9da4-7e9583a9c2c6","2026-03-07 23:47:48.663","2026-03-07 23:47:48.663","c9d87ee2-0111-4355-9da4-7e9583a9c2c6","[PREMIUM]","Used",2023,"Toyota","Corolla","SE","[PREMIUM]","[PREMIUM]",9522,"Sedan","White","GRAY","Rear-wheel Drive",,,"Gasoline",,,"dealership","[PREMIUM]","Rochester","NY","[PREMIUM]",,"[]",,,"[PREMIUM]"
"cf0ffb48-8254-4ff9-b1ef-e74a5acdf84e","2026-03-07 23:47:38.252","2026-03-12 11:13:13.241","cf0ffb48-8254-4ff9-b1ef-e74a5acdf84e","[PREMIUM]","Used",2024,"Honda","HR-V","LX","[PREMIUM]","[PREMIUM]",7813,"SUV","Modern Steel Metallic","Black","All-wheel Drive",,,"Gasoline",,,"dealership","[PREMIUM]","Omaha","NE","[PREMIUM]",,"[]",,,"[PREMIUM]"
"26262b41-fda4-429e-a486-d997c8e62bfc","2026-03-07 23:47:37.566","2026-03-07 23:47:37.566","26262b41-fda4-429e-a486-d997c8e62bfc","[PREMIUM]","Used",2024,"Chevrolet","Equinox","1LT","[PREMIUM]","[PREMIUM]",10952,"SUV","Harvest Bronze Metallic","Jet Black","Front-wheel Drive",,,"Gasoline",,,"dealership","[PREMIUM]","Glendale","WI","[PREMIUM]",,"[]",,,"[PREMIUM]"
"de28d5f2-e02b-4291-81b5-e76826820d23","2026-03-07 23:47:37.532","2026-03-07 23:47:37.532","de28d5f2-e02b-4291-81b5-e76826820d23","[PREMIUM]","Used",2023,"Hyundai","ELANTRA","Limited","[PREMIUM]","[PREMIUM]",27765,"Sedan","Gray","BLACK","Rear-wheel Drive",,,"Gasoline",,,"dealership","[PREMIUM]","Mobile","AL","[PREMIUM]",,"[]",,,"[PREMIUM]"
"8855a20a-b83a-4bce-8b80-0eced575d763","2026-03-07 23:47:27.499","2026-03-07 23:47:27.499","8855a20a-b83a-4bce-8b80-0eced575d763","[PREMIUM]","Used",2024,"Honda","Civic","Sport","[PREMIUM]","[PREMIUM]",9149,"Sedan","Platinum White","Black","Front-wheel Drive",,,"Gasoline",,,"dealership","[PREMIUM]","Irmo","SC","[PREMIUM]",,"[]",,,"[PREMIUM]"
"82ccdd81-2d52-439e-a052-81a66bb526fe","2026-03-07 23:47:27.447","2026-03-07 23:47:27.447","82ccdd81-2d52-439e-a052-81a66bb526fe","[PREMIUM]","Used",2023,"Jeep","Renegade","Red Edition","[PREMIUM]","[PREMIUM]",19871,"SUV","Black","BLACK","4WD",,,"Gas",,,"dealership","[PREMIUM]","Gastonia","NC","[PREMIUM]",,"[]",,,"[PREMIUM]"
"7b304c32-2db7-4e2b-82ab-77cc2b65ca2a","2026-03-07 23:47:27.395","2026-03-07 23:47:27.395","7b304c32-2db7-4e2b-82ab-77cc2b65ca2a","[PREMIUM]","Used",2024,"Nissan","Pathfinder","SV 4WD","[PREMIUM]","[PREMIUM]",58804,"SUV","Pearl White Tricoat","Charcoal","Four-wheel Drive",,,"Gasoline",,,"dealership","[PREMIUM]","Hendersonville","NC","[PREMIUM]",,"[]",,,"[PREMIUM]"
"3d0b53f3-2b6a-44f9-8638-be8d75d98f26","2026-03-07 23:47:27.383","2026-03-12 11:13:13.240","3d0b53f3-2b6a-44f9-8638-be8d75d98f26","[PREMIUM]","Used",2023,"Nissan","Rogue","SV","[PREMIUM]","[PREMIUM]",39336,"SUV","Black","BLACK","Rear-wheel Drive",,,"Gasoline",,,"dealership","[PREMIUM]","Pleasant Hill","CA","[PREMIUM]",,"[]",,,"[PREMIUM]"
"188f0742-0c88-4a03-b712-8d4123892575","2026-03-07 23:47:27.373","2026-03-12 11:13:13.239","188f0742-0c88-4a03-b712-8d4123892575","[PREMIUM]","Used",2024,"Volkswagen","Taos","1.5T SE","[PREMIUM]","[PREMIUM]",26985,"SUV","Silver","Gray","Front-wheel Drive",,,"Gasoline",,,"dealership","[PREMIUM]","Elkhart","IN","[PREMIUM]",,"[]",,,"[PREMIUM]"
"8b33eb1c-5597-4c69-9862-9868a690e5f7","2026-03-07 23:47:27.356","2026-03-07 23:47:27.356","8b33eb1c-5597-4c69-9862-9868a690e5f7","[PREMIUM]","Used",2023,"Mazda","CX-30","2.5 S Select Package","[PREMIUM]","[PREMIUM]",22435,"SUV","White","BLACK","Four-wheel Drive",,,"Gasoline",,,"dealership","[PREMIUM]","White Marsh","MD","[PREMIUM]",,"[]",,,"[PREMIUM]"
"6ab20f51-bddd-4850-acfc-62cb9b86d83f","2026-03-07 23:47:27.324","2026-03-07 23:47:27.324","6ab20f51-bddd-4850-acfc-62cb9b86d83f","[PREMIUM]","Used",2024,"Chevrolet","Trax","FWD 2RS","[PREMIUM]","[PREMIUM]",5975,"SUV","Cacti Green","Jet Black w/Red Accents","Front-wheel Drive",,,"Gasoline",,,"dealership","[PREMIUM]","Pompano Beach","FL","[PREMIUM]",,"[]",,,"[PREMIUM]"
"ed71a2fb-cba8-4d17-8a48-c796fe352e5a","2026-03-07 23:47:27.317","2026-03-07 23:47:27.317","ed71a2fb-cba8-4d17-8a48-c796fe352e5a","[PREMIUM]","Used",2024,"Toyota","Corolla","SE","[PREMIUM]","[PREMIUM]",39750,"Sedan",,,"Front-wheel Drive",,,"Gasoline",,,"dealership","[PREMIUM]","North Little Rock","AR","[PREMIUM]",,"[]",,,"[PREMIUM]"
"0423b1d2-e55c-4cd2-aa32-80cb606f5334","2026-03-07 23:47:27.311","2026-03-07 23:47:27.311","0423b1d2-e55c-4cd2-aa32-80cb606f5334","[PREMIUM]","Used",2024,"Kia","Seltos","SX Turbo","[PREMIUM]","[PREMIUM]",30821,"SUV","Snow White Pearl","Black","All-wheel Drive",,,"Gasoline",,,"dealership","[PREMIUM]","Johnston","RI","[PREMIUM]",,"[]",,,"[PREMIUM]"
"083277aa-ba5a-414d-85b7-b65cd40db5a2","2026-03-07 23:47:27.305","2026-03-07 23:47:27.305","083277aa-ba5a-414d-85b7-b65cd40db5a2","[PREMIUM]","Used",2024,"Mitsubishi","Outlander","SE 2.5 S-AWC","[PREMIUM]","[PREMIUM]",34923,"SUV","Graphite Gray","Black","All-wheel Drive",,,"Gasoline",,,"dealership","[PREMIUM]","Columbia","MO","[PREMIUM]",,"[]",,,"[PREMIUM]"
"20a99f91-8ce0-4074-b124-099723868a79","2026-03-07 23:47:27.304","2026-03-12 11:13:13.239","20a99f91-8ce0-4074-b124-099723868a79","[PREMIUM]","Used",2024,"Kia","Seltos","S","[PREMIUM]","[PREMIUM]",21278,"SUV","Snow White Pearl","Black","All-wheel Drive",,,"Gasoline",,,"dealership","[PREMIUM]","Las Vegas","NV","[PREMIUM]",,"[]",,,"[PREMIUM]"
"f613f2f3-d387-4af6-9c06-bfb224cc7eae","2026-03-07 23:47:27.281","2026-03-07 23:47:27.281","f613f2f3-d387-4af6-9c06-bfb224cc7eae","[PREMIUM]","Used",2024,"Chevrolet","Trax","FWD ACTIV","[PREMIUM]","[PREMIUM]",18630,"SUV","Cacti Green","Jet Black w/Yellow Accents","Front-wheel Drive",,,"Gasoline",,,"dealership","[PREMIUM]","Bridgman","MI","[PREMIUM]",,"[]",,,"[PREMIUM]"
"f0513395-91c9-42b0-a8fb-fe6b6965fc77","2026-03-07 23:47:27.270","2026-03-12 11:13:13.172","f0513395-91c9-42b0-a8fb-fe6b6965fc77","[PREMIUM]","Used",2024,"Jeep","Compass","Latitude","[PREMIUM]","[PREMIUM]",53129,"SUV","Bright White Clearcoat","Black","Four-wheel Drive",,,"Gasoline",,,"dealership","[PREMIUM]","Newport News","VA","[PREMIUM]",,"[]",,,"[PREMIUM]"
"4158d7d8-939e-4840-8e84-8ff00d6a796a","2026-03-07 23:47:27.260","2026-03-07 23:47:27.260","4158d7d8-939e-4840-8e84-8ff00d6a796a","[PREMIUM]","Used",2023,"Hyundai","TUCSON","SEL","[PREMIUM]","[PREMIUM]",36655,"SUV","White","BLACK","Four-wheel Drive",,,"Gasoline",,,"dealership","[PREMIUM]","Buena Park","CA","[PREMIUM]",,"[]",,,"[PREMIUM]"
"f3788b0f-fe8b-4171-acff-4758f783d5f5","2026-03-07 23:47:27.257","2026-03-07 23:47:27.257","f3788b0f-fe8b-4171-acff-4758f783d5f5","[PREMIUM]","Used",2024,"Chevrolet","Trailblazer","RS","[PREMIUM]","[PREMIUM]",38242,"SUV","Cacti Green","Jet Black w/Red Accents","All-wheel Drive",,,"Gasoline",,,"dealership","[PREMIUM]","Bridgeport","WV","[PREMIUM]",,"[]",,,"[PREMIUM]"
"3b326146-d000-4aa9-a782-5e282b0d23c0","2026-03-07 23:47:27.230","2026-03-07 23:47:27.230","3b326146-d000-4aa9-a782-5e282b0d23c0","[PREMIUM]","Used",2024,"Mitsubishi","Outlander","SE 2.5 S-AWC","[PREMIUM]","[PREMIUM]",63325,"SUV","Mercury Gray Metallic","Black","All-wheel Drive",,,"Gasoline",,,"dealership","[PREMIUM]","Vineland","NJ","[PREMIUM]",,"[]",,,"[PREMIUM]"
"4aca6616-0f74-4bce-b559-b44c9cbc165d","2026-03-07 23:47:16.608","2026-03-12 11:13:13.179","4aca6616-0f74-4bce-b559-b44c9cbc165d","[PREMIUM]","Used",2024,"Chrysler","Voyager","LX","[PREMIUM]","[PREMIUM]",55846,"Passenger Van","Diamond Black Crystal Pearlcoat","Black","Front-wheel Drive",,,"Gasoline",,,"dealership","[PREMIUM]","Allentown","PA","[PREMIUM]",,"[]",,,"[PREMIUM]"
"4b0d1346-95af-4e87-9c40-d1913b8cb0b2","2026-03-07 23:47:16.581","2026-03-07 23:47:16.581","4b0d1346-95af-4e87-9c40-d1913b8cb0b2","[PREMIUM]","Used",2024,"Toyota","bZ4X","XLE","[PREMIUM]","[PREMIUM]",9066,"SUV","Heavy Metal","Black","All-wheel Drive",,,"Electric",,,"dealership","[PREMIUM]","Laurel","MD","[PREMIUM]",,"[]",,,"[PREMIUM]"
"0dd56a9c-5c9b-484a-a5a0-780dd656cc67","2026-03-07 23:47:16.536","2026-03-07 23:47:16.536","0dd56a9c-5c9b-484a-a5a0-780dd656cc67","[PREMIUM]","Used",2024,"Ford","Escape","Active","[PREMIUM]","[PREMIUM]",18306,"SUV","Iconic Silver Metallic","Ebony Black","Front-wheel Drive",,,"Gasoline",,,"dealership","[PREMIUM]","Kissimmee","FL","[PREMIUM]",,"[]",,,"[PREMIUM]"
"99877a0b-c18f-4787-b8a5-93e3810f90ea","2026-03-07 23:47:16.500","2026-03-07 23:47:16.500","99877a0b-c18f-4787-b8a5-93e3810f90ea","[PREMIUM]","Used",2024,"Nissan","Rogue","SV","[PREMIUM]","[PREMIUM]",45530,"SUV","Brilliant Silver Metallic","Charcoal","All-wheel Drive",,,"Gasoline",,,"dealership","[PREMIUM]","Langhorne","PA","[PREMIUM]",,"[]",,,"[PREMIUM]"
"1f4c9a1f-56cf-4341-8e8f-936f158f143a","2026-03-07 23:47:16.495","2026-03-12 11:13:02.262","1f4c9a1f-56cf-4341-8e8f-936f158f143a","[PREMIUM]","Used",2024,"Nissan","Rogue","SV","[PREMIUM]","[PREMIUM]",12340,"SUV","Super Black","Charcoal","All-wheel Drive",,,"Gasoline",,,"dealership","[PREMIUM]","Broken Arrow","OK","[PREMIUM]",,"[]",,,"[PREMIUM]"
"f43cb549-22e6-4db2-b2d1-b9fcd5f194c6","2026-03-07 23:47:16.490","2026-03-12 11:13:13.162","f43cb549-22e6-4db2-b2d1-b9fcd5f194c6","[PREMIUM]","Used",2024,"Toyota","bZ4X","XLE","[PREMIUM]","[PREMIUM]",25948,"SUV","Elemental Silver Metallic","Black","Front-wheel Drive",,,"Electric",,,"dealership","[PREMIUM]","Milpitas","CA","[PREMIUM]",,"[]",,,"[PREMIUM]"
"35d4795a-b30c-4749-921c-0192df0fb4b4","2026-03-07 23:47:16.487","2026-03-07 23:47:16.487","35d4795a-b30c-4749-921c-0192df0fb4b4","[PREMIUM]","Used",2024,"Toyota","Corolla","LE","[PREMIUM]","[PREMIUM]",37321,"Sedan","Classic Silver Metallic","Black","Front-wheel Drive",,,"Gasoline",,,"dealership","[PREMIUM]","Sterling","VA","[PREMIUM]",,"[]",,,"[PREMIUM]"
"0c31dcc4-b05e-4795-bc58-6114a28e4fcf","2026-03-07 23:47:16.332","2026-03-12 11:13:02.283","0c31dcc4-b05e-4795-bc58-6114a28e4fcf","[PREMIUM]","Used",2025,"Kia","K4","LXS","[PREMIUM]","[PREMIUM]",10073,"Sedan","Steel Gray","Gray","Front-wheel Drive",,,"Gasoline",,,"dealership","[PREMIUM]","Johnston","RI","[PREMIUM]",,"[]",,,"[PREMIUM]"
"5d52a46a-d1f8-49e1-b48e-6078b0adb0c6","2026-03-07 23:47:16.295","2026-03-07 23:47:16.295","5d52a46a-d1f8-49e1-b48e-6078b0adb0c6","[PREMIUM]","Used",2024,"Kia","Forte","GT","[PREMIUM]","[PREMIUM]",34679,"Sedan","Sporty Blue","Black","Front-wheel Drive",,,"Gasoline",,,"dealership","[PREMIUM]","Johnston","RI","[PREMIUM]",,"[]",,,"[PREMIUM]"
"ef176145-2e32-4534-be6d-e149177547d4","2026-03-07 23:47:16.266","2026-03-07 23:47:16.266","ef176145-2e32-4534-be6d-e149177547d4","[PREMIUM]","Used",2024,"Hyundai","TUCSON","SEL","[PREMIUM]","[PREMIUM]",48792,"SUV","Hampton Gray","Gray","Front-wheel Drive",,,"Gasoline",,,"dealership","[PREMIUM]","Denver","CO","[PREMIUM]",,"[]",,,"[PREMIUM]"
"92943710-aa76-4195-9ef0-32acaacfd0c9","2026-03-07 23:47:16.261","2026-03-15 11:13:12.265","92943710-aa76-4195-9ef0-32acaacfd0c9","[PREMIUM]","Used",2024,"Mazda","CX-5","2.5 S Carbon Edition","[PREMIUM]","[PREMIUM]",46751,"SUV","Polymetal Gray Metallic","Black","All-wheel Drive",,,"Gasoline",,,"dealership","[PREMIUM]","Concord","CA","[PREMIUM]",,"[]",,,"[PREMIUM]"
"75431e08-8d13-4e11-b13a-c41861b80c27","2026-03-07 23:47:16.260","2026-03-12 11:13:02.262","75431e08-8d13-4e11-b13a-c41861b80c27","[PREMIUM]","Used",2024,"Volkswagen","Jetta","1.5T SE","[PREMIUM]","[PREMIUM]",14367,"Sedan","Deep Black Pearl","Titan Black","Front-wheel Drive",,,"Gasoline",,,"dealership","[PREMIUM]","Frisco","TX","[PREMIUM]",,"[]",,,"[PREMIUM]"
"e72c587e-d93c-45b3-98b4-54e9d703ad9e","2026-03-07 23:47:16.256","2026-03-07 23:47:16.256","e72c587e-d93c-45b3-98b4-54e9d703ad9e","[PREMIUM]","Used",2024,"Mazda","CX-30","Carbon Edition","[PREMIUM]","[PREMIUM]",42540,"SUV","Gray","BLACK","Four-wheel Drive",,,"Gasoline",,,"dealership","[PREMIUM]","Colma","CA","[PREMIUM]",,"[]",,,"[PREMIUM]"
"b2026134-d241-4dc5-ae11-0a12ecca7416","2026-03-07 23:47:16.249","2026-03-07 23:47:16.249","b2026134-d241-4dc5-ae11-0a12ecca7416","[PREMIUM]","Used",2024,"GMC","Terrain","SLE","[PREMIUM]","[PREMIUM]",31632,"SUV","Ebony Twilight Metallic","Jet Black","All-wheel Drive",,,"Gasoline",,,"dealership","[PREMIUM]","Albuquerque","NM","[PREMIUM]",,"[]",,,"[PREMIUM]"
"d0eb01fd-a900-490b-907f-62e339ccf0dd","2026-03-07 23:47:16.249","2026-03-07 23:47:16.249","d0eb01fd-a900-490b-907f-62e339ccf0dd","[PREMIUM]","Used",2024,"Chevrolet","Equinox","FWD RS","[PREMIUM]","[PREMIUM]",31941,"SUV","Mosaic Black Metallic","Jet Black w/Red Accents","Front-wheel Drive",,,"Gasoline",,,"dealership","[PREMIUM]","Clarksville","TN","[PREMIUM]",,"[]",,,"[PREMIUM]"
"cd9331b9-ce44-4216-9667-0819e427b490","2026-03-07 23:47:16.225","2026-03-12 11:13:02.252","cd9331b9-ce44-4216-9667-0819e427b490","[PREMIUM]","Used",2024,"Mazda","CX-50","2.5 S Preferred Package","[PREMIUM]","[PREMIUM]",54959,"SUV","Wind Chill Pearl","Black w/Gray","All-wheel Drive",,,"Gasoline",,,"dealership","[PREMIUM]","Bowling Green","KY","[PREMIUM]",,"[]",,,"[PREMIUM]"
"489b1d9c-123e-436b-8167-8da3443b4e24","2026-03-07 23:47:16.224","2026-03-07 23:47:16.224","489b1d9c-123e-436b-8167-8da3443b4e24","[PREMIUM]","Used",2024,"Ford","Edge","SEL","[PREMIUM]","[PREMIUM]",51683,"SUV","ICONIC SILVER","EBONY ACTIVEX TRIMMED","All-wheel Drive",,,"Gasoline",,,"dealership","[PREMIUM]","Hyattsville","MD","[PREMIUM]",,"[]",,,"[PREMIUM]"
"3488a99c-5356-4044-8473-d8bbd7e8de0d","2026-03-07 23:47:16.222","2026-03-07 23:47:16.222","3488a99c-5356-4044-8473-d8bbd7e8de0d","[PREMIUM]","Used",2024,"Toyota","Corolla Hybrid","LE","[PREMIUM]","[PREMIUM]",42310,"Sedan","Silver","BLACK","Rear-wheel Drive",,,"Hybrid",,,"dealership","[PREMIUM]","Houston","TX","[PREMIUM]",,"[]",,,"[PREMIUM]"
"2129e28b-f398-46e2-ad85-70b037aab3a1","2026-03-07 23:47:16.221","2026-03-12 11:13:02.236","2129e28b-f398-46e2-ad85-70b037aab3a1","[PREMIUM]","Used",2024,"Mazda","CX-50","2.5 S Preferred Package","[PREMIUM]","[PREMIUM]",47825,"SUV","Black","BLACK","Four-wheel Drive",,,"Gasoline",,,"dealership","[PREMIUM]","Murrieta","CA","[PREMIUM]",,"[]",,,"[PREMIUM]"
"777b24ae-b64c-4145-9dc9-11ae297a54e1","2026-03-07 23:47:16.202","2026-03-07 23:47:16.202","777b24ae-b64c-4145-9dc9-11ae297a54e1","[PREMIUM]","Used",2024,"Kia","Sportage","LX","[PREMIUM]","[PREMIUM]",31562,"SUV","Snow White Pearl","Black","All-wheel Drive",,,"Gasoline",,,"dealership","[PREMIUM]","Westborough","MA","[PREMIUM]",,"[]",,,"[PREMIUM]"
"00a086e4-911b-4d90-87e6-97df041e8703","2026-03-07 23:47:16.199","2026-03-07 23:47:16.199","00a086e4-911b-4d90-87e6-97df041e8703","[PREMIUM]","Used",2024,"Ford","Escape","Active","[PREMIUM]","[PREMIUM]",26909,"SUV","Agate Black Metallic","Ebony","Front-wheel Drive",,,"Gasoline",,,"dealership","[PREMIUM]","Dayton","OH","[PREMIUM]",,"[]",,,"[PREMIUM]"
"0e9e4138-8a6c-43fa-b240-ec0d78b030b2","2026-03-07 23:47:16.191","2026-03-15 11:13:33.037","0e9e4138-8a6c-43fa-b240-ec0d78b030b2","[PREMIUM]","Used",2024,"Kia","Seltos","SX Turbo","[PREMIUM]","[PREMIUM]",22594,"SUV","Snow White Pearl","Black","All-wheel Drive",,,"Gasoline",,,"dealership","[PREMIUM]","Greensboro","NC","[PREMIUM]",,"[]",,,"[PREMIUM]"
"5f06a5d2-bccf-4989-b1eb-30d4ae94e46c","2026-03-07 23:47:16.191","2026-03-07 23:47:16.191","5f06a5d2-bccf-4989-b1eb-30d4ae94e46c","[PREMIUM]","Used",2024,"Mazda","CX-30","2.5 S Select Sport","[PREMIUM]","[PREMIUM]",43473,"SUV","Platinum Quartz Metallic","Black","All-wheel Drive",,,"Gasoline",,,"dealership","[PREMIUM]","Hyannis","MA","[PREMIUM]",,"[]",,,"[PREMIUM]"
"d2586b57-83b3-4017-8211-f7c01006532e","2026-03-07 23:47:16.191","2026-03-07 23:47:16.191","d2586b57-83b3-4017-8211-f7c01006532e","[PREMIUM]","Used",2024,"Subaru","Crosstrek","Premium","[PREMIUM]","[PREMIUM]",21910,"SUV","Offshore Blue Metallic","Black","All-wheel Drive",,,"Gasoline",,,"dealership","[PREMIUM]","Schaumburg","IL","[PREMIUM]",,"[]",,,"[PREMIUM]"
"b001818c-5b11-4621-a86a-ec4330bc50f4","2026-03-07 23:47:16.178","2026-03-07 23:47:16.178","b001818c-5b11-4621-a86a-ec4330bc50f4","[PREMIUM]","Used",2024,"Chevrolet","Trax","LT","[PREMIUM]","[PREMIUM]",7398,"SUV","Blue","BLACK","Rear-wheel Drive",,,"Gasoline",,,"dealership","[PREMIUM]","Newark","DE","[PREMIUM]",,"[]",,,"[PREMIUM]"
"f933e7db-f06b-4701-bccc-72c951f48194","2026-03-07 23:47:16.178","2026-03-07 23:47:16.178","f933e7db-f06b-4701-bccc-72c951f48194","[PREMIUM]","Used",2024,"Subaru","Solterra","Touring","[PREMIUM]","[PREMIUM]",5740,"SUV","Galactic Black","Gray/Blue","All-wheel Drive",,,"Electric",,,"dealership","[PREMIUM]","Schaumburg","IL","[PREMIUM]",,"[]",,,"[PREMIUM]"
"5bbc8566-a4e9-47aa-9994-0e6952b4f821","2026-03-07 23:47:05.345","2026-03-07 23:47:05.345","5bbc8566-a4e9-47aa-9994-0e6952b4f821","[PREMIUM]","Used",2025,"Hyundai","VENUE","SEL","[PREMIUM]","[PREMIUM]",6087,"SUV","Lunar White","Gray","Front-wheel Drive",,,"Gasoline",,,"dealership","[PREMIUM]","Canandaigua","NY","[PREMIUM]",,"[]",,,"[PREMIUM]"
"3c22ab9d-8af1-435d-8563-5d2b24f94ee1","2026-03-07 23:46:55.694","2026-03-07 23:46:55.694","3c22ab9d-8af1-435d-8563-5d2b24f94ee1","[PREMIUM]","Used",2025,"Kia","Sportage","LX","[PREMIUM]","[PREMIUM]",22837,"SUV","White","BLACK","Rear-wheel Drive",,,"Gasoline",,,"dealership","[PREMIUM]","San Jose","CA","[PREMIUM]",,"[]",,,"[PREMIUM]"
"fb5fa7bb-65db-48ae-b324-cdef2e3d7d9d","2026-03-07 23:46:55.559","2026-03-07 23:46:55.559","fb5fa7bb-65db-48ae-b324-cdef2e3d7d9d","[PREMIUM]","Used",2025,"Mazda","CX-50","2.5 S Preferred Package","[PREMIUM]","[PREMIUM]",37491,"SUV","Jet Black Mica","Gray","All-wheel Drive",,,"Gasoline",,,"dealership","[PREMIUM]","Covington","PA","[PREMIUM]",,"[]",,,"[PREMIUM]"
