"_primaryKey","_firstSeenAt","_lastSeenAt","listingId","vin","stockType","year","make","model","trim","price","msrp","mileage","bodyStyle","exteriorColor","interiorColor","drivetrain","transmission","engine","fuelType","mpg","stockNumber","sellerType","sellerName","sellerCity","sellerState","images","imagesCount","options","optionsCount","description","listingUrl"
"216cc910-0a72-453f-8bdd-c914eb81b7f5","2026-04-22 23:59:58.158","2026-04-22 23:59:58.158","216cc910-0a72-453f-8bdd-c914eb81b7f5","[PREMIUM]","Used",2017,"GMC","Sierra 2500","Denali","[PREMIUM]","[PREMIUM]",114903,"Truck","Garnet","Jet Black","Four-wheel Drive",,,"Gasoline",,,"dealership","[PREMIUM]","Tampa","FL","[PREMIUM]",,"[]",,,"[PREMIUM]"
"6e7b57bc-ba5f-4531-8aa3-77d866a7389a","2026-04-22 23:59:58.125","2026-04-22 23:59:58.125","6e7b57bc-ba5f-4531-8aa3-77d866a7389a","[PREMIUM]","Used",2017,"Mercedes-Benz","AMG GLE 43","Coupe 4MATIC","[PREMIUM]","[PREMIUM]",49579,"SUV","designo Cardinal Red",,"All-wheel Drive",,,"Gasoline",,,"dealership","[PREMIUM]","Elmwood Park","NJ","[PREMIUM]",,"[]",,,"[PREMIUM]"
"e1eb7ede-5400-4e6a-9579-afe2564f13d7","2026-04-22 23:59:58.118","2026-04-22 23:59:58.118","e1eb7ede-5400-4e6a-9579-afe2564f13d7","[PREMIUM]","Used",2017,"Ford","F-150","King Ranch","[PREMIUM]","[PREMIUM]",64378,"Truck","Oxford White","Mesa","Four-wheel Drive",,,"Gasoline",,,"dealership","[PREMIUM]","Lakewood","CO","[PREMIUM]",,"[]",,,"[PREMIUM]"
"1cfa0496-c4e7-4862-8140-eb194b0c6d1a","2026-04-22 23:59:27.886","2026-04-22 23:59:27.886","1cfa0496-c4e7-4862-8140-eb194b0c6d1a","[PREMIUM]","Used",2017,"RAM","3500","Tradesman","[PREMIUM]","[PREMIUM]",105794,"Truck","Bright Silver Clearcoat Metallic","Diesel Gray / Black","Four-wheel Drive",,,"Diesel",,,"dealership","[PREMIUM]","Grand Junction","CO","[PREMIUM]",,"[]",,,"[PREMIUM]"
"5a1b3ada-3399-4c74-9e7d-f55f807c14f4","2026-04-22 23:58:28.070","2026-05-04 23:59:07.849","5a1b3ada-3399-4c74-9e7d-f55f807c14f4","[PREMIUM]","Used",2017,"Ford","F-150","Raptor","[PREMIUM]","[PREMIUM]",138177,"Truck","Gray","Orange Accent","Four-wheel Drive",,,"Gasoline",,,"dealership","[PREMIUM]","Alcoa","TN","[PREMIUM]",,"[]",,,"[PREMIUM]"
"397bd183-8f86-49dd-a76f-2721fa6d36f9","2026-04-22 23:57:58.001","2026-04-22 23:57:58.001","397bd183-8f86-49dd-a76f-2721fa6d36f9","[PREMIUM]","Used",2017,"Lexus","RX 450h",,"[PREMIUM]","[PREMIUM]",58191,"SUV","Atomic Silver","Brown","All-wheel Drive",,,"Hybrid",,,"dealership","[PREMIUM]","Dallas","TX","[PREMIUM]",,"[]",,,"[PREMIUM]"
"98143669-4cc3-428e-a1a1-43f82e24a43c","2026-04-22 23:57:57.608","2026-04-22 23:57:57.608","98143669-4cc3-428e-a1a1-43f82e24a43c","[PREMIUM]","Used",2017,"Dodge","Charger","R/T Scat Pack","[PREMIUM]","[PREMIUM]",72453,"Sedan","Gray","BLACK","Rear-wheel Drive",,,"Gasoline",,,"dealership","[PREMIUM]","Warner Robins","GA","[PREMIUM]",,"[]",,,"[PREMIUM]"
"93820cfb-404b-4507-8a86-66af69f04b8b","2026-04-22 23:57:57.599","2026-05-01 23:58:31.574","93820cfb-404b-4507-8a86-66af69f04b8b","[PREMIUM]","Used",2017,"GMC","Sierra 2500","SLT","[PREMIUM]","[PREMIUM]",124603,"Truck","Summit White","Jet Black","Four-wheel Drive",,,"Gasoline",,,"dealership","[PREMIUM]","Williston","VT","[PREMIUM]",,"[]",,,"[PREMIUM]"
"2da1f39b-27d0-4243-976c-2420f88b8c4b","2026-04-22 23:57:57.594","2026-04-22 23:57:57.594","2da1f39b-27d0-4243-976c-2420f88b8c4b","[PREMIUM]","Used",2017,"BMW","M240","XI","[PREMIUM]","[PREMIUM]",37953,"Coupe","Gray","BLACK","Four-wheel Drive",,,"Gasoline",,,"dealership","[PREMIUM]","Puyallup","WA","[PREMIUM]",,"[]",,,"[PREMIUM]"
"df1b744a-af38-4782-bf0c-e5425204f518","2026-04-22 23:57:27.364","2026-04-22 23:57:27.364","df1b744a-af38-4782-bf0c-e5425204f518","[PREMIUM]","Used",2018,"Lexus","GX 460","Premium","[PREMIUM]","[PREMIUM]",72864,"SUV","Gray Pearl","Black","Four-wheel Drive",,,"Gasoline",,,"dealership","[PREMIUM]","Omaha","NE","[PREMIUM]",,"[]",,,"[PREMIUM]"
"947bbe31-e0ac-48c5-9c05-d06849e5daba","2026-04-22 23:57:17.285","2026-04-22 23:57:17.285","947bbe31-e0ac-48c5-9c05-d06849e5daba","[PREMIUM]","Used",2018,"Ford","F-250","XLT","[PREMIUM]","[PREMIUM]",120939,"Truck","MAGNETIC","MEDIUM EARTH GRAY","Four-wheel Drive",,,"Diesel",,,"dealership","[PREMIUM]","Nederland","TX","[PREMIUM]",,"[]",,,"[PREMIUM]"
"1c77c624-5842-415a-ace3-c5b748e00cab","2026-04-22 23:56:57.159","2026-04-22 23:56:57.159","1c77c624-5842-415a-ace3-c5b748e00cab","[PREMIUM]","Used",2018,"Ford","F-150","King Ranch","[PREMIUM]","[PREMIUM]",105341,"Truck","WHITE PLATINUM METALLIC TC","JAVA INT W/KINGSVILLE LEATH","Four-wheel Drive",,,"Diesel",,,"dealership","[PREMIUM]","Stuart","FL","[PREMIUM]",,"[]",,,"[PREMIUM]"
"d458a6aa-4c2c-412e-9a0b-50577296c5e0","2026-04-22 23:56:57.131","2026-04-22 23:56:57.131","d458a6aa-4c2c-412e-9a0b-50577296c5e0","[PREMIUM]","Used",2018,"Toyota","Tacoma","TRD Off Road","[PREMIUM]","[PREMIUM]",69722,"Truck","Silver","BLACK","Four-wheel Drive",,,"Gasoline",,,"dealership","[PREMIUM]","Charlotte","NC","[PREMIUM]",,"[]",,,"[PREMIUM]"
"c14302cb-ad24-4bae-8320-1539e4289d2c","2026-04-22 23:56:57.124","2026-04-22 23:56:57.124","c14302cb-ad24-4bae-8320-1539e4289d2c","[PREMIUM]","Used",2018,"Ford","Mustang","GT","[PREMIUM]","[PREMIUM]",18911,"Coupe","Orange Fury Metallic Tri-Coat","Ebony","Rear-wheel Drive",,,"Gasoline",,,"dealership","[PREMIUM]","Bellefonte","PA","[PREMIUM]",,"[]",,,"[PREMIUM]"
"85ee7852-a605-4582-adf5-3222bd2b9fab","2026-04-22 23:56:57.123","2026-04-22 23:56:57.123","85ee7852-a605-4582-adf5-3222bd2b9fab","[PREMIUM]","Used",2018,"BMW","X6","XDrive50i","[PREMIUM]","[PREMIUM]",56378,"SUV","White","RED","Four-wheel Drive",,,"Gasoline",,,"dealership","[PREMIUM]","Golden","CO","[PREMIUM]",,"[]",,,"[PREMIUM]"
"526ff4c3-104c-4f29-91b3-13c81fe6b10d","2026-04-22 23:56:57.121","2026-04-22 23:56:57.121","526ff4c3-104c-4f29-91b3-13c81fe6b10d","[PREMIUM]","Used",2018,"Chevrolet","Tahoe","LT","[PREMIUM]","[PREMIUM]",53100,"SUV","Siren Red Tintcoat","Jet Black","Four-wheel Drive",,,"Gasoline",,,"dealership","[PREMIUM]","Pryor","OK","[PREMIUM]",,"[]",,,"[PREMIUM]"
"427b1ed6-1281-48ef-84ea-8b8b0b9e347b","2026-04-22 23:56:57.118","2026-04-22 23:56:57.118","427b1ed6-1281-48ef-84ea-8b8b0b9e347b","[PREMIUM]","Used",2018,"Porsche","Macan",,"[PREMIUM]","[PREMIUM]",24918,"SUV","Black","BLACK","Four-wheel Drive",,,"Gasoline",,,"dealership","[PREMIUM]","Mechanicsburg","PA","[PREMIUM]",,"[]",,,"[PREMIUM]"
"450888b1-1f8e-42cb-b6b6-f81fdd05a306","2026-04-22 23:56:57.118","2026-04-22 23:56:57.118","450888b1-1f8e-42cb-b6b6-f81fdd05a306","[PREMIUM]","Used",2018,"Chevrolet","Silverado 1500","LT","[PREMIUM]","[PREMIUM]",75403,"Truck","Blue","GRAY","Four-wheel Drive",,,"Gasoline",,,"dealership","[PREMIUM]","Franklin","TN","[PREMIUM]",,"[]",,,"[PREMIUM]"
"be52cc95-1798-473d-942f-804e8a35aa4b","2026-04-22 23:56:57.118","2026-04-22 23:56:57.118","be52cc95-1798-473d-942f-804e8a35aa4b","[PREMIUM]","Used",2019,"RAM","1500","Rebel","[PREMIUM]","[PREMIUM]",69102,"Truck","Flame Red Clearcoat","Red/Black","Four-wheel Drive",,,"Gasoline",,,"dealership","[PREMIUM]","DeLand","FL","[PREMIUM]",,"[]",,,"[PREMIUM]"
"94215336-98f8-4015-9f7f-b44c9872440e","2026-04-22 23:56:46.746","2026-04-22 23:56:46.746","94215336-98f8-4015-9f7f-b44c9872440e","[PREMIUM]","Used",2018,"Mercedes-Benz","E-Class",,"[PREMIUM]","[PREMIUM]",46605,"Coupe","Silver","BLACK","Four-wheel Drive",,,"Gasoline",,,"dealership","[PREMIUM]","El Paso","TX","[PREMIUM]",,"[]",,,"[PREMIUM]"
"37e937d5-01f4-4e2c-ad41-376eabf87b9d","2026-04-22 23:56:36.588","2026-04-22 23:56:36.588","37e937d5-01f4-4e2c-ad41-376eabf87b9d","[PREMIUM]","Used",2018,"Lexus","GX 460","Premium","[PREMIUM]","[PREMIUM]",87244,"SUV","Claret Mica","Ecru","Four-wheel Drive",,,"Gasoline",,,"dealership","[PREMIUM]","Lakeway","TX","[PREMIUM]",,"[]",,,"[PREMIUM]"
"fd873419-f40c-4351-bd16-d978343a48f7","2026-04-22 23:56:36.537","2026-04-22 23:56:36.537","fd873419-f40c-4351-bd16-d978343a48f7","[PREMIUM]","Used",2018,"Mercedes-Benz","AMG SLC 43",,"[PREMIUM]","[PREMIUM]",39009,"Convertible","Black","RED","Rear-wheel Drive",,,"Gasoline",,,"dealership","[PREMIUM]","Cincinnati","OH","[PREMIUM]",,"[]",,,"[PREMIUM]"
"cf793295-d5be-4a3d-8039-b7550da55d7a","2026-04-22 23:56:36.516","2026-04-22 23:56:36.516","cf793295-d5be-4a3d-8039-b7550da55d7a","[PREMIUM]","Used",2019,"Mercedes-Benz","S-Class","S 560","[PREMIUM]","[PREMIUM]",87579,"Sedan","Black","designo Black","Rear-wheel Drive",,,"Gasoline",,,"dealership","[PREMIUM]","Marietta","GA","[PREMIUM]",,"[]",,,"[PREMIUM]"
"48db3231-a1f9-46d2-ab53-a8b4e35e3520","2026-04-22 23:56:36.501","2026-04-22 23:56:36.501","48db3231-a1f9-46d2-ab53-a8b4e35e3520","[PREMIUM]","Used",2019,"Ford","F-150","XL","[PREMIUM]","[PREMIUM]",37321,"Truck","Black","BLACK","Four-wheel Drive",,,"Gasoline",,,"dealership","[PREMIUM]","Merriam","KS","[PREMIUM]",,"[]",,,"[PREMIUM]"
"5a050288-1961-4b34-85c2-56d6f5c6129d","2026-04-22 23:56:36.498","2026-04-22 23:56:36.498","5a050288-1961-4b34-85c2-56d6f5c6129d","[PREMIUM]","Used",2019,"Volkswagen","Beetle","2.0T SE","[PREMIUM]","[PREMIUM]",13927,"Convertible","Tornado Red",,"Front-wheel Drive",,,"Gasoline",,,"dealership","[PREMIUM]","Falmouth","ME","[PREMIUM]",,"[]",,,"[PREMIUM]"
"2fdc7d84-f323-4eda-ae27-5d25d592926c","2026-04-22 23:56:26.679","2026-04-22 23:56:26.679","2fdc7d84-f323-4eda-ae27-5d25d592926c","[PREMIUM]","Used",2019,"Ford","F-150","XL","[PREMIUM]","[PREMIUM]",80117,"Truck","OXFORD WHITE","JET BLACK","Four-wheel Drive",,,"Gasoline",,,"dealership","[PREMIUM]","Ankeny","IA","[PREMIUM]",,"[]",,,"[PREMIUM]"
"b8bd4b8f-5f1e-4d4c-9951-5e33cf00e262","2026-04-22 23:56:26.400","2026-04-22 23:56:26.400","b8bd4b8f-5f1e-4d4c-9951-5e33cf00e262","[PREMIUM]","Used",2019,"Ford","F-150","Lariat","[PREMIUM]","[PREMIUM]",88485,"Truck","Agate Black Metallic","Black","Four-wheel Drive",,,"Gasoline",,,"dealership","[PREMIUM]","Kissimmee","FL","[PREMIUM]",,"[]",,,"[PREMIUM]"
"2db5b9ca-f0b3-4623-a9d1-f33d650024a6","2026-04-22 23:56:26.362","2026-04-22 23:56:26.362","2db5b9ca-f0b3-4623-a9d1-f33d650024a6","[PREMIUM]","Used",2019,"Chevrolet","Silverado 1500","LT Trail Boss","[PREMIUM]","[PREMIUM]",87704,"Truck","Red Hot","Jet Black","Four-wheel Drive",,,"Gasoline",,,"dealership","[PREMIUM]","Claremore in Claremore","OK","[PREMIUM]",,"[]",,,"[PREMIUM]"
"3fdcf2b7-f1e6-43f2-9828-cf6f826b84ba","2026-04-22 23:56:26.352","2026-04-22 23:56:26.352","3fdcf2b7-f1e6-43f2-9828-cf6f826b84ba","[PREMIUM]","Used",2019,"Nissan","Titan XD","Platinum Reserve","[PREMIUM]","[PREMIUM]",76884,"Truck","Pearl White","Black/Brown","Four-wheel Drive",,,"Diesel",,,"dealership","[PREMIUM]","New Port Richey","FL","[PREMIUM]",,"[]",,,"[PREMIUM]"
"2bb2b340-896a-43e6-885f-d76a130df35b","2026-04-22 23:56:16.066","2026-04-22 23:56:16.066","2bb2b340-896a-43e6-885f-d76a130df35b","[PREMIUM]","Used",2019,"Dodge","Charger","R/T Scat Pack","[PREMIUM]","[PREMIUM]",65484,"Sedan","F8 Green","Black","Rear-wheel Drive",,,"Gasoline",,,"dealership","[PREMIUM]","Plano","TX","[PREMIUM]",,"[]",,,"[PREMIUM]"
"d56420e3-daca-42f0-a613-e7a4932568e5","2026-04-22 23:56:16.031","2026-04-22 23:56:16.031","d56420e3-daca-42f0-a613-e7a4932568e5","[PREMIUM]","Used",2019,"Mercedes-Benz","E-Class","E 450","[PREMIUM]","[PREMIUM]",41906,"Coupe","Emerald Green Metallic","Black","Rear-wheel Drive",,,"Gasoline",,,"dealership","[PREMIUM]","LA","CA","[PREMIUM]",,"[]",,,"[PREMIUM]"
"fdb01377-eeee-423a-bd93-4de4863b4695","2026-04-22 23:56:15.986","2026-04-22 23:56:15.986","fdb01377-eeee-423a-bd93-4de4863b4695","[PREMIUM]","Used",2019,"Toyota","Tacoma","TRD Off Road","[PREMIUM]","[PREMIUM]",81700,"Truck","Quicksand","Black/Caramel","Four-wheel Drive",,,"Gasoline",,,"dealership","[PREMIUM]","Pasco","WA","[PREMIUM]",,"[]",,,"[PREMIUM]"
"e0e056f2-39a1-471e-bb6e-9ca3393710d2","2026-04-22 23:56:15.963","2026-04-22 23:56:15.963","e0e056f2-39a1-471e-bb6e-9ca3393710d2","[PREMIUM]","Used",2019,"Toyota","Highlander","Limited Platinum","[PREMIUM]","[PREMIUM]",68526,"SUV","White","GRAY","Four-wheel Drive",,,"Gasoline",,,"dealership","[PREMIUM]","Florence","KY","[PREMIUM]",,"[]",,,"[PREMIUM]"
"6dfa805e-8879-47e1-b19d-4b21dc40e7e4","2026-04-22 23:56:15.959","2026-04-22 23:56:15.959","6dfa805e-8879-47e1-b19d-4b21dc40e7e4","[PREMIUM]","Used",2019,"BMW","X5","xDrive40i","[PREMIUM]","[PREMIUM]",49159,"SUV","Tan","BROWN","Four-wheel Drive",,,"Gasoline",,,"dealership","[PREMIUM]","Roseville","CA","[PREMIUM]",,"[]",,,"[PREMIUM]"
"25256b5d-7b82-407a-91bd-a5d4152da2b5","2026-04-22 23:56:15.950","2026-04-22 23:56:15.950","25256b5d-7b82-407a-91bd-a5d4152da2b5","[PREMIUM]","Used",2019,"RAM","1500","Laramie","[PREMIUM]","[PREMIUM]",82711,"Truck","Black","BLACK","Four-wheel Drive",,,"Gasoline",,,"dealership","[PREMIUM]","Bakersfield","CA","[PREMIUM]",,"[]",,,"[PREMIUM]"
"0d5009ce-9350-4ca6-ac66-8ed072848da2","2026-04-22 23:56:15.931","2026-04-22 23:56:15.931","0d5009ce-9350-4ca6-ac66-8ed072848da2","[PREMIUM]","Used",2019,"Lexus","GX 460","Premium","[PREMIUM]","[PREMIUM]",102573,"SUV","White","BLACK","Four-wheel Drive",,,"Gasoline",,,"dealership","[PREMIUM]","Nashville","TN","[PREMIUM]",,"[]",,,"[PREMIUM]"
"eac9b19a-c390-4f47-92f1-93a8888349c9","2026-04-22 23:55:55.651","2026-04-22 23:55:55.651","eac9b19a-c390-4f47-92f1-93a8888349c9","[PREMIUM]","Used",2020,"Ford","Ranger","XLT","[PREMIUM]","[PREMIUM]",33118,"Truck","Red Metallic","Ebony","Four-wheel Drive",,,"Gasoline",,,"dealership","[PREMIUM]","Martinsburg","WV","[PREMIUM]",,"[]",,,"[PREMIUM]"
"ca107bfe-8cb2-4bb0-8e62-7fa71dd9b35c","2026-04-22 23:55:45.466","2026-04-22 23:55:45.466","ca107bfe-8cb2-4bb0-8e62-7fa71dd9b35c","[PREMIUM]","Used",2020,"BMW","X5","xDrive50i","[PREMIUM]","[PREMIUM]",75504,"SUV","Mineral White Metallic","Coffee","All-wheel Drive",,,"Gasoline",,,"dealership","[PREMIUM]","Laurel","MD","[PREMIUM]",,"[]",,,"[PREMIUM]"
"b20a2823-92dd-44b7-8803-e01b47e73a9d","2026-04-22 23:55:45.465","2026-04-22 23:55:45.465","b20a2823-92dd-44b7-8803-e01b47e73a9d","[PREMIUM]","Used",2020,"GMC","Yukon","Denali","[PREMIUM]","[PREMIUM]",94805,"SUV","White Frost Tricoat","Jet Black","Rear-wheel Drive",,,"Gasoline",,,"dealership","[PREMIUM]","Carrollton","TX","[PREMIUM]",,"[]",,,"[PREMIUM]"
"d0c5e8a8-0ff7-4f63-92ee-2fc1c8e4f7b6","2026-04-22 23:55:45.458","2026-04-22 23:55:45.458","d0c5e8a8-0ff7-4f63-92ee-2fc1c8e4f7b6","[PREMIUM]","Used",2020,"Ford","Transit-350","XLT","[PREMIUM]","[PREMIUM]",69077,"Cargo Van","Agate Black Metallic","Ebony","Rear-wheel Drive",,,"Gasoline",,,"dealership","[PREMIUM]","San Leandro","CA","[PREMIUM]",,"[]",,,"[PREMIUM]"
"1a914426-0094-4278-956c-4784ce50999b","2026-04-22 23:55:35.262","2026-04-22 23:55:35.262","1a914426-0094-4278-956c-4784ce50999b","[PREMIUM]","Used",2020,"Toyota","4Runner","SR5 Premium","[PREMIUM]","[PREMIUM]",62743,"SUV","Blue","BLACK","Rear-wheel Drive",,,"Gasoline",,,"dealership","[PREMIUM]","Lynnwood","WA","[PREMIUM]",,"[]",,,"[PREMIUM]"
"bf2042e4-e10f-4f90-a445-620d9211c21a","2026-04-22 23:55:35.258","2026-05-01 23:56:09.359","bf2042e4-e10f-4f90-a445-620d9211c21a","[PREMIUM]","Used",2020,"Toyota","Highlander","XLE","[PREMIUM]","[PREMIUM]",56110,"SUV","Black","BLACK","Four-wheel Drive",,,"Gasoline",,,"dealership","[PREMIUM]","Woodbridge","VA","[PREMIUM]",,"[]",,,"[PREMIUM]"
"d13b3d08-0737-4aeb-8646-2ef9c650f2f5","2026-04-22 23:55:35.255","2026-04-22 23:55:35.255","d13b3d08-0737-4aeb-8646-2ef9c650f2f5","[PREMIUM]","Used",2020,"Nissan","Armada","Platinum","[PREMIUM]","[PREMIUM]",62111,"SUV","Black","BROWN","Four-wheel Drive",,,"Gasoline",,,"dealership","[PREMIUM]","Nashville","TN","[PREMIUM]",,"[]",,,"[PREMIUM]"
"7e233f50-3b85-4586-aad5-2855faacad76","2026-04-22 23:55:35.251","2026-04-22 23:55:35.251","7e233f50-3b85-4586-aad5-2855faacad76","[PREMIUM]","Used",2020,"Lincoln","Aviator","Reserve RWD","[PREMIUM]","[PREMIUM]",38975,"SUV","Gray","Beige","Rear-wheel Drive",,,"Gasoline",,,"private","[PREMIUM]",,,"[PREMIUM]",,"[]",,,"[PREMIUM]"
"1b826d33-7b0e-40ff-bfab-59211aabf44b","2026-04-22 23:55:35.249","2026-04-22 23:55:35.249","1b826d33-7b0e-40ff-bfab-59211aabf44b","[PREMIUM]","Used",2020,"Lexus","ES 350",,"[PREMIUM]","[PREMIUM]",43180,"Sedan","White","TAN","2WD",,,"Gas",,,"dealership","[PREMIUM]","Gilbert","AZ","[PREMIUM]",,"[]",,,"[PREMIUM]"
"8bc52cad-7903-4ed2-9f5a-262f3da90928","2026-04-22 23:55:35.233","2026-04-22 23:55:35.233","8bc52cad-7903-4ed2-9f5a-262f3da90928","[PREMIUM]","Used",2020,"Acura","MDX","SH-AWD Technology","[PREMIUM]","[PREMIUM]",40252,"SUV","Black","BLACK","Four-wheel Drive",,,"Gasoline",,,"dealership","[PREMIUM]","Brooklyn Park","MN","[PREMIUM]",,"[]",,,"[PREMIUM]"
"0985728b-4177-495f-9217-cd4ec63e0d3c","2026-04-22 23:55:35.229","2026-04-22 23:55:35.229","0985728b-4177-495f-9217-cd4ec63e0d3c","[PREMIUM]","Used",2020,"BMW","750","i xDrive","[PREMIUM]","[PREMIUM]",101457,"Sedan","Dravit Grey Metallic","Canberra Beige","All-wheel Drive",,,"Gasoline",,,"dealership","[PREMIUM]","Tappahannock","VA","[PREMIUM]",,"[]",,,"[PREMIUM]"
"22abe7ba-1fe9-4861-9721-a0aa89bafcf9","2026-04-22 23:54:45.002","2026-04-22 23:54:45.002","22abe7ba-1fe9-4861-9721-a0aa89bafcf9","[PREMIUM]","Used",2021,"GMC","Sierra 1500","SLT","[PREMIUM]","[PREMIUM]",69520,"Truck","Onyx Black","Dark Walnut/Slate","Rear-wheel Drive",,,"Gasoline",,,"dealership","[PREMIUM]","Baton Rouge","LA","[PREMIUM]",,"[]",,,"[PREMIUM]"
"2e063029-5014-43a1-90ad-87739752eef4","2026-04-22 23:54:44.999","2026-04-22 23:54:44.999","2e063029-5014-43a1-90ad-87739752eef4","[PREMIUM]","Used",2021,"Jeep","Grand Cherokee","Summit","[PREMIUM]","[PREMIUM]",46657,"SUV","Ivory","Black","Four-wheel Drive",,,"Gasoline",,,"dealership","[PREMIUM]","Lansing","MI","[PREMIUM]",,"[]",,,"[PREMIUM]"
"7b0294ed-ee59-4bc1-b279-825f45570949","2026-04-22 23:54:24.780","2026-04-22 23:54:24.780","7b0294ed-ee59-4bc1-b279-825f45570949","[PREMIUM]","Used",2021,"GMC","Sierra 1500","Elevation","[PREMIUM]","[PREMIUM]",87584,"Truck","Satin Steel Metallic","Jet Black","Four-wheel Drive",,,"Gasoline",,,"dealership","[PREMIUM]","Souderton","PA","[PREMIUM]",,"[]",,,"[PREMIUM]"
"aa0de6d4-cca1-48b3-8e06-2890fc97131f","2026-04-22 23:54:24.764","2026-04-22 23:54:24.764","aa0de6d4-cca1-48b3-8e06-2890fc97131f","[PREMIUM]","Used",2021,"Ford","Mustang","GT","[PREMIUM]","[PREMIUM]",53000,"Coupe","Shadow Black","Ebony","Rear-wheel Drive",,,"Gasoline",,,"dealership","[PREMIUM]","Bellevue","NE","[PREMIUM]",,"[]",,,"[PREMIUM]"
"f2f84d3f-0bff-45f8-98f5-361c0b4e1eb6","2026-04-22 23:54:24.761","2026-04-22 23:54:24.761","f2f84d3f-0bff-45f8-98f5-361c0b4e1eb6","[PREMIUM]","Used",2021,"Jeep","Wrangler Unlimited","Unlimited Islander","[PREMIUM]","[PREMIUM]",30309,"SUV","Hellayella Clearcoat","Black","Four-wheel Drive",,,"Gasoline",,,"dealership","[PREMIUM]","Manchester","MD","[PREMIUM]",,"[]",,,"[PREMIUM]"
"06ce5d78-bda1-44df-a5ac-d64a6ba9a7ac","2026-04-22 23:54:24.753","2026-04-22 23:54:24.753","06ce5d78-bda1-44df-a5ac-d64a6ba9a7ac","[PREMIUM]","Used",2021,"Ford","Ranger","XLT","[PREMIUM]","[PREMIUM]",11185,"Truck","Rapid Red Metallic Tinted Clearcoat","Ebony","4WD",,,"Gasoline",,,"dealership","[PREMIUM]","Mentor","OH","[PREMIUM]",,"[]",,,"[PREMIUM]"
"fcc83618-0494-4e0e-a1a7-272f956896c4","2026-04-22 23:54:14.848","2026-04-22 23:54:14.848","fcc83618-0494-4e0e-a1a7-272f956896c4","[PREMIUM]","Used",2021,"BMW","M440","i xDrive","[PREMIUM]","[PREMIUM]",94386,"Coupe","Mineral White Metallic","Black","All-wheel Drive",,,"Gasoline",,,"dealership","[PREMIUM]","Tappahannock","VA","[PREMIUM]",,"[]",,,"[PREMIUM]"
"b9b4abac-a5e4-4a3e-9e29-1230bb8e47e2","2026-04-22 23:54:14.648","2026-04-22 23:54:14.648","b9b4abac-a5e4-4a3e-9e29-1230bb8e47e2","[PREMIUM]","Used",2021,"Kia","Telluride","SX","[PREMIUM]","[PREMIUM]",51931,"SUV","Black","BLACK","Rear-wheel Drive",,,"Gasoline",,,"dealership","[PREMIUM]","Kennesaw","GA","[PREMIUM]",,"[]",,,"[PREMIUM]"
"79806903-bb1a-4c93-b243-39682850ecd9","2026-04-22 23:54:14.580","2026-05-04 23:55:04.331","79806903-bb1a-4c93-b243-39682850ecd9","[PREMIUM]","Used",2021,"BMW","X5","sDrive40i","[PREMIUM]","[PREMIUM]",41954,"SUV","Manhattan Green Metallic","Canberra Beige","Rear-wheel Drive",,,"Gasoline",,,"dealership","[PREMIUM]","Miami","FL","[PREMIUM]",,"[]",,,"[PREMIUM]"
"8441e430-5a72-474a-b44b-222202d11010","2026-04-22 23:54:14.579","2026-04-22 23:54:14.579","8441e430-5a72-474a-b44b-222202d11010","[PREMIUM]","Used",2021,"Toyota","RAV4","XLE Premium","[PREMIUM]","[PREMIUM]",10209,"SUV","Black","BLACK","4WD",,,"Gas",,,"dealership","[PREMIUM]","Buena Park","CA","[PREMIUM]",,"[]",,,"[PREMIUM]"
"b052b783-ffd8-48a5-abfe-e4802eccc3d4","2026-04-22 23:54:14.574","2026-04-22 23:54:14.574","b052b783-ffd8-48a5-abfe-e4802eccc3d4","[PREMIUM]","Used",2021,"Ford","F-150","XLT","[PREMIUM]","[PREMIUM]",72872,"Truck","Agate Black Metallic","Black","Four-wheel Drive",,,"Gasoline",,,"dealership","[PREMIUM]","Auburn","NY","[PREMIUM]",,"[]",,,"[PREMIUM]"
"8aa3339b-c05b-4a7e-af63-376d2104e38e","2026-04-22 23:54:14.560","2026-04-22 23:54:14.560","8aa3339b-c05b-4a7e-af63-376d2104e38e","[PREMIUM]","Used",2021,"Toyota","Tacoma","TRD Off-Road","[PREMIUM]","[PREMIUM]",88504,"Truck","Barcelona Red Metallic","Cement","Four-wheel Drive",,,"Gasoline",,,"dealership","[PREMIUM]","Rochester","MN","[PREMIUM]",,"[]",,,"[PREMIUM]"
"21bb1e22-6b2f-4371-a77c-103169b9cfaa","2026-04-22 23:54:14.554","2026-04-22 23:54:14.554","21bb1e22-6b2f-4371-a77c-103169b9cfaa","[PREMIUM]","Used",2021,"Chevrolet","Silverado 1500","Custom Trail Boss","[PREMIUM]","[PREMIUM]",81608,"Truck","Black","Jet Black","Four-wheel Drive",,,"Gasoline",,,"dealership","[PREMIUM]","Tappahannock","VA","[PREMIUM]",,"[]",,,"[PREMIUM]"
"49d9618f-4db5-4f51-8561-4c6ea7d8a26a","2026-04-22 23:54:14.518","2026-04-22 23:54:14.518","49d9618f-4db5-4f51-8561-4c6ea7d8a26a","[PREMIUM]","Used",2021,"Jeep","Gladiator","Willys 4x4","[PREMIUM]","[PREMIUM]",34362,"Truck","Sting-Gray Clearcoat","Black","Four-wheel Drive",,,"Gasoline",,,"dealership","[PREMIUM]","Tappahannock","VA","[PREMIUM]",,"[]",,,"[PREMIUM]"
"a6ee005e-83e1-46b1-a5cc-7999f099b3c4","2026-04-22 23:54:14.516","2026-04-22 23:54:14.516","a6ee005e-83e1-46b1-a5cc-7999f099b3c4","[PREMIUM]","Used",2021,"BMW","430","I","[PREMIUM]","[PREMIUM]",55706,"Convertible","Blue","BLACK","Rear-wheel Drive",,,"Gasoline",,,"dealership","[PREMIUM]","Houston","TX","[PREMIUM]",,"[]",,,"[PREMIUM]"
"786b9a02-830d-4057-9d0a-ea2a3feba50e","2026-04-22 23:54:04.545","2026-04-22 23:54:04.545","786b9a02-830d-4057-9d0a-ea2a3feba50e","[PREMIUM]","Used",2021,"Nissan","Titan","SV","[PREMIUM]","[PREMIUM]",64723,"Truck","Red Alert","Black","Four-wheel Drive",,,"Gasoline",,,"dealership","[PREMIUM]","Dubuque","IA","[PREMIUM]",,"[]",,,"[PREMIUM]"
"6fa45831-4998-4a9c-bd5e-0e807d1d568d","2026-04-22 23:54:04.543","2026-04-22 23:54:04.543","6fa45831-4998-4a9c-bd5e-0e807d1d568d","[PREMIUM]","Used",2021,"Chevrolet","Silverado 1500","LT Trail Boss","[PREMIUM]","[PREMIUM]",98552,"Truck","Shadow Gray Metallic","Black","Four-wheel Drive",,,"Gasoline",,,"dealership","[PREMIUM]","Grapevine","TX","[PREMIUM]",,"[]",,,"[PREMIUM]"
"1209bdbc-265e-40fe-aebf-9328c8616f11","2026-04-22 23:54:04.355","2026-04-22 23:54:04.355","1209bdbc-265e-40fe-aebf-9328c8616f11","[PREMIUM]","Used",2021,"Chevrolet","Traverse","RS","[PREMIUM]","[PREMIUM]",30718,"SUV","Black","BLACK","Rear-wheel Drive",,,"Gasoline",,,"dealership","[PREMIUM]","Sacramento","CA","[PREMIUM]",,"[]",,,"[PREMIUM]"
"93628ad2-5b65-49b0-9ae1-b1b3fc317d94","2026-04-22 23:54:04.345","2026-04-28 23:54:20.191","93628ad2-5b65-49b0-9ae1-b1b3fc317d94","[PREMIUM]","Used",2021,"Honda","Pilot","Touring","[PREMIUM]","[PREMIUM]",25679,"SUV","Gray","BLACK","Four-wheel Drive",,,"Gasoline",,,"dealership","[PREMIUM]","Fort Worth","TX","[PREMIUM]",,"[]",,,"[PREMIUM]"
"637e50cd-2823-49bf-9ab9-108299bc010d","2026-04-22 23:54:04.325","2026-04-22 23:54:04.325","637e50cd-2823-49bf-9ab9-108299bc010d","[PREMIUM]","Used",2021,"RAM","2500","Big Horn Crew Cab 4x4 6&#39;4&#39; Box","[PREMIUM]","[PREMIUM]",62616,"Truck","Bright White Clearcoat","Diesel Gray/Black","Four Wheel Drive",,,"Diesel",,,"dealership","[PREMIUM]","South Salt Lake City","UT","[PREMIUM]",,"[]",,,"[PREMIUM]"
"cee063ce-0a99-4c84-a55a-bf6a762609af","2026-04-22 23:54:04.277","2026-04-22 23:54:04.277","cee063ce-0a99-4c84-a55a-bf6a762609af","[PREMIUM]","Used",2021,"Toyota","Camry","XSE","[PREMIUM]","[PREMIUM]",41941,"Sedan","Predawn Gray Mica","Black","Front-wheel Drive",,,"Gasoline",,,"dealership","[PREMIUM]","Newnan","GA","[PREMIUM]",,"[]",,,"[PREMIUM]"
"93773f77-937e-4278-b324-9c36f94a0b7b","2026-04-22 23:54:04.272","2026-04-22 23:54:04.272","93773f77-937e-4278-b324-9c36f94a0b7b","[PREMIUM]","Used",2021,"Jeep","Wrangler Unlimited","Unlimited Sahara","[PREMIUM]","[PREMIUM]",28769,"SUV","Burgundy","BLACK","4WD",,,"Gas",,,"dealership","[PREMIUM]","Frederick","MD","[PREMIUM]",,"[]",,,"[PREMIUM]"
"c6802d7a-86eb-422c-95a4-7e9eff629162","2026-04-22 23:54:04.271","2026-04-22 23:54:04.271","c6802d7a-86eb-422c-95a4-7e9eff629162","[PREMIUM]","Used",2021,"Chevrolet","Tahoe","Premier","[PREMIUM]","[PREMIUM]",125536,"SUV","Graywood Metallic","Jet Black","Four-wheel Drive",,,"Gasoline",,,"dealership","[PREMIUM]","South Burlington","VT","[PREMIUM]",,"[]",,,"[PREMIUM]"
"fcee5d3b-212f-4b3f-9565-33d691c2df2a","2026-04-22 23:54:04.262","2026-04-22 23:54:04.262","fcee5d3b-212f-4b3f-9565-33d691c2df2a","[PREMIUM]","Used",2021,"Chevrolet","Silverado 1500","LT","[PREMIUM]","[PREMIUM]",48491,"Truck","Blue","BLACK","Rear-wheel Drive",,,"Gasoline",,,"dealership","[PREMIUM]","Ontario","CA","[PREMIUM]",,"[]",,,"[PREMIUM]"
"dc9ea6f0-c496-493a-a060-d63ba039b892","2026-04-22 23:54:04.261","2026-04-22 23:54:04.261","dc9ea6f0-c496-493a-a060-d63ba039b892","[PREMIUM]","Used",2021,"Kia","Telluride","SX","[PREMIUM]","[PREMIUM]",33758,"SUV","Black","BROWN","Four-wheel Drive",,,"Gasoline",,,"dealership","[PREMIUM]","Austin","TX","[PREMIUM]",,"[]",,,"[PREMIUM]"
"f023e8f0-404c-49e3-b264-fdef65fd9a60","2026-04-22 23:54:04.259","2026-04-22 23:54:04.259","f023e8f0-404c-49e3-b264-fdef65fd9a60","[PREMIUM]","Used",2021,"Jeep","Grand Cherokee L","Limited","[PREMIUM]","[PREMIUM]",40578,"SUV","White","BLACK","Four-wheel Drive",,,"Gasoline",,,"dealership","[PREMIUM]","Milwaukee","WI","[PREMIUM]",,"[]",,,"[PREMIUM]"
"23da1cd6-46cd-47c8-987b-955e5dc9fb56","2026-04-22 23:54:04.256","2026-04-22 23:54:04.256","23da1cd6-46cd-47c8-987b-955e5dc9fb56","[PREMIUM]","Used",2021,"Toyota","Sienna","LE","[PREMIUM]","[PREMIUM]",78282,"Passenger Van","Blue","GRAY","Rear-wheel Drive",,,"Hybrid",,,"dealership","[PREMIUM]","Pleasanton","CA","[PREMIUM]",,"[]",,,"[PREMIUM]"
"ed965537-fb36-4bfd-8e09-6168eb110a22","2026-04-22 23:54:04.254","2026-04-22 23:54:04.254","ed965537-fb36-4bfd-8e09-6168eb110a22","[PREMIUM]","Used",2021,"Toyota","Highlander","XLE","[PREMIUM]","[PREMIUM]",78457,"SUV","Blue","GRAY","Four-wheel Drive",,,"Gasoline",,,"dealership","[PREMIUM]","Knoxville","TN","[PREMIUM]",,"[]",,,"[PREMIUM]"
"e81f5561-9ab9-4d8e-9992-016739c928a6","2026-04-22 23:54:04.231","2026-04-22 23:54:04.231","e81f5561-9ab9-4d8e-9992-016739c928a6","[PREMIUM]","Used",2021,"Chevrolet","Silverado 1500","Custom Trail Boss","[PREMIUM]","[PREMIUM]",50586,"Truck","Black","Jet Black","Four-wheel Drive",,,"Gasoline",,,"dealership","[PREMIUM]","South Salt Lake City","UT","[PREMIUM]",,"[]",,,"[PREMIUM]"
"8449f6d4-4b81-45eb-bcb9-aa02611c2332","2026-04-22 23:54:04.226","2026-04-22 23:54:04.226","8449f6d4-4b81-45eb-bcb9-aa02611c2332","[PREMIUM]","Used",2021,"Toyota","Tacoma","TRD Sport","[PREMIUM]","[PREMIUM]",67234,"Truck","Gray","GRAY","Rear-wheel Drive",,,"Gasoline",,,"dealership","[PREMIUM]","Gainesville","GA","[PREMIUM]",,"[]",,,"[PREMIUM]"
"14b5ab05-bac3-4251-8d88-789c5253d65e","2026-04-22 23:54:04.222","2026-04-22 23:54:04.222","14b5ab05-bac3-4251-8d88-789c5253d65e","[PREMIUM]","Used",2021,"RAM","1500","Big Horn/Lone Star","[PREMIUM]","[PREMIUM]",60751,"Truck","Bright White Clearcoat","Black","Four-wheel Drive",,,"Gasoline",,,"dealership","[PREMIUM]","Watertown","NY","[PREMIUM]",,"[]",,,"[PREMIUM]"
"2289ddbf-f02d-4a8e-80d2-fe859df91fb3","2026-04-22 23:54:04.221","2026-04-22 23:54:04.221","2289ddbf-f02d-4a8e-80d2-fe859df91fb3","[PREMIUM]","Used",2021,"Acura","TLX","A-Spec","[PREMIUM]","[PREMIUM]",33888,"Sedan","Black","BLACK","Rear-wheel Drive",,,"Gasoline",,,"dealership","[PREMIUM]","Sterling","VA","[PREMIUM]",,"[]",,,"[PREMIUM]"
"7be5d0d1-ccf6-4999-a6f5-6ad53797a79b","2026-04-22 23:54:04.203","2026-04-22 23:54:04.203","7be5d0d1-ccf6-4999-a6f5-6ad53797a79b","[PREMIUM]","Used",2021,"Porsche","Macan",,"[PREMIUM]","[PREMIUM]",37400,"SUV","White","BLACK","Four-wheel Drive",,,"Gasoline",,,"dealership","[PREMIUM]","Roseville","CA","[PREMIUM]",,"[]",,,"[PREMIUM]"
"8471e846-360c-499d-9e8f-22f2e1dcd82c","2026-04-22 23:54:04.200","2026-04-22 23:54:04.200","8471e846-360c-499d-9e8f-22f2e1dcd82c","[PREMIUM]","Used",2021,"Ford","Expedition Max","Limited","[PREMIUM]","[PREMIUM]",86966,"SUV","Burgundy Velvet Metallic Tinted Clearcoat","Ebony","Four-wheel Drive",,,"Gasoline",,,"dealership","[PREMIUM]","Brookfield","WI","[PREMIUM]",,"[]",,,"[PREMIUM]"
"c04eff7e-fcc4-476b-9479-f59c55752969","2026-04-22 23:54:04.193","2026-04-22 23:54:04.193","c04eff7e-fcc4-476b-9479-f59c55752969","[PREMIUM]","Used",2021,"Nissan","NV200","SV","[PREMIUM]","[PREMIUM]",10909,,"Cayenne Red Metallic","Gray","Front-wheel Drive",,,"Gasoline",,,"dealership","[PREMIUM]","Marlborough","MA","[PREMIUM]",,"[]",,,"[PREMIUM]"
"b26a62c0-e741-426a-9349-bd537e22bef2","2026-04-22 23:54:04.175","2026-04-22 23:54:04.175","b26a62c0-e741-426a-9349-bd537e22bef2","[PREMIUM]","Used",2021,"Maserati","Ghibli","S Q4","[PREMIUM]","[PREMIUM]",44986,"Sedan",,,"All-wheel Drive",,,"Gasoline",,,"dealership","[PREMIUM]","Santa Monica","CA","[PREMIUM]",,"[]",,,"[PREMIUM]"
"febc8111-8a08-4f8c-8763-5a7c1f8a1f2f","2026-04-22 23:53:53.708","2026-04-22 23:53:53.708","febc8111-8a08-4f8c-8763-5a7c1f8a1f2f","[PREMIUM]","Used",2021,"Honda","CR-V Hybrid","Touring","[PREMIUM]","[PREMIUM]",18607,"SUV","Blue","BLACK","Four-wheel Drive",,,"Hybrid",,,"dealership","[PREMIUM]","Houston","TX","[PREMIUM]",,"[]",,,"[PREMIUM]"
"13ac46e0-bd3d-4778-9e4b-4311600e11fa","2026-04-22 23:53:53.701","2026-04-22 23:53:53.701","13ac46e0-bd3d-4778-9e4b-4311600e11fa","[PREMIUM]","Used",2021,"Toyota","Highlander","Limited","[PREMIUM]","[PREMIUM]",74474,"SUV","Blizzard Pearl","Black","All-wheel Drive",,,"Gasoline",,,"dealership","[PREMIUM]","Murraysville","PA","[PREMIUM]",,"[]",,,"[PREMIUM]"
"18476961-3547-4937-8795-5b78e0933da6","2026-04-22 23:53:53.688","2026-04-22 23:53:53.688","18476961-3547-4937-8795-5b78e0933da6","[PREMIUM]","Used",2021,"GMC","Sierra 1500","Denali","[PREMIUM]","[PREMIUM]",89453,"Truck","Black","BLACK","Four-wheel Drive",,,"Diesel",,,"dealership","[PREMIUM]","Federal Heights","CO","[PREMIUM]",,"[]",,,"[PREMIUM]"
"9b97053c-5f2d-45a5-860a-63879dcc68bb","2026-04-22 23:53:53.688","2026-04-22 23:53:53.688","9b97053c-5f2d-45a5-860a-63879dcc68bb","[PREMIUM]","Used",2021,"Acura","RDX","Technology","[PREMIUM]","[PREMIUM]",22347,"SUV","Gray","BLACK","Rear-wheel Drive",,,"Gasoline",,,"dealership","[PREMIUM]","Buena Park","CA","[PREMIUM]",,"[]",,,"[PREMIUM]"
"7bcac6b6-6e0e-48d1-80eb-d2f53c6cf56b","2026-04-22 23:53:53.685","2026-04-22 23:53:53.685","7bcac6b6-6e0e-48d1-80eb-d2f53c6cf56b","[PREMIUM]","Used",2021,"Toyota","4Runner","SR5 Premium","[PREMIUM]","[PREMIUM]",91352,"SUV","Red","GRAY","Four-wheel Drive",,,"Gasoline",,,"dealership","[PREMIUM]","Greensboro","NC","[PREMIUM]",,"[]",,,"[PREMIUM]"
"aa0ca5bc-71b7-452e-b718-11bb6c94a9e9","2026-04-22 23:53:53.685","2026-04-22 23:53:53.685","aa0ca5bc-71b7-452e-b718-11bb6c94a9e9","[PREMIUM]","Used",2021,"Toyota","Tacoma","TRD Off Road","[PREMIUM]","[PREMIUM]",88700,"Truck","Blue","Black","Four-wheel Drive",,,"Gasoline",,,"private","[PREMIUM]",,,"[PREMIUM]",,"[]",,,"[PREMIUM]"
"c3bd4a0f-1baa-4c3c-8442-2186b64c0535","2026-04-22 23:53:53.684","2026-04-22 23:53:53.684","c3bd4a0f-1baa-4c3c-8442-2186b64c0535","[PREMIUM]","Used",2021,"Toyota","RAV4","XLE Premium","[PREMIUM]","[PREMIUM]",16867,"SUV","Green","BLACK","Rear-wheel Drive",,,"Gasoline",,,"dealership","[PREMIUM]","San Diego","CA","[PREMIUM]",,"[]",,,"[PREMIUM]"
"c04b3f3d-d673-42c6-98b6-a1f133bf2bee","2026-04-22 23:53:53.684","2026-04-22 23:53:53.684","c04b3f3d-d673-42c6-98b6-a1f133bf2bee","[PREMIUM]","Used",2021,"Audi","Q7","Premium Plus","[PREMIUM]","[PREMIUM]",48016,"SUV","Black",,"Four-wheel Drive",,,"Gasoline",,,"dealership","[PREMIUM]","Beaverton","OR","[PREMIUM]",,"[]",,,"[PREMIUM]"
"cd3d9ab2-9b8a-48fd-a13e-9ed03ede7651","2026-04-22 23:53:53.683","2026-04-22 23:53:53.683","cd3d9ab2-9b8a-48fd-a13e-9ed03ede7651","[PREMIUM]","Used",2021,"BMW","X3","XDrive30i","[PREMIUM]","[PREMIUM]",10582,"SUV","Silver","BLACK","Four-wheel Drive",,,"Gasoline",,,"dealership","[PREMIUM]","Springfield","IL","[PREMIUM]",,"[]",,,"[PREMIUM]"
"2fbfb003-24e8-436d-a876-f997d4eb2938","2026-04-22 23:53:53.682","2026-04-22 23:53:53.682","2fbfb003-24e8-436d-a876-f997d4eb2938","[PREMIUM]","Used",2021,"Genesis","G80","3.5T","[PREMIUM]","[PREMIUM]",72002,"Sedan","Black","BROWN","Four-wheel Drive",,,"Gasoline",,,"dealership","[PREMIUM]","Stockbridge","GA","[PREMIUM]",,"[]",,,"[PREMIUM]"
"1e68b538-a86d-491a-b247-baa190df2018","2026-04-22 23:53:53.682","2026-04-22 23:53:53.682","1e68b538-a86d-491a-b247-baa190df2018","[PREMIUM]","Used",2021,"BMW","X5","sDrive40i","[PREMIUM]","[PREMIUM]",58404,"SUV","Black","BLACK","Rear-wheel Drive",,,"Gasoline",,,"dealership","[PREMIUM]","Tucson","AZ","[PREMIUM]",,"[]",,,"[PREMIUM]"
"bfa4400d-d687-4693-bfab-60d407e20e9c","2026-04-22 23:53:53.667","2026-04-22 23:53:53.667","bfa4400d-d687-4693-bfab-60d407e20e9c","[PREMIUM]","Used",2021,"Audi","Q5","Premium","[PREMIUM]","[PREMIUM]",16456,"SUV","Black","BROWN","Four-wheel Drive",,,"Gasoline",,,"dealership","[PREMIUM]","Columbia","SC","[PREMIUM]",,"[]",,,"[PREMIUM]"
"17c58b23-4f20-4d2b-a1c5-f985d4f35460","2026-04-22 23:53:53.661","2026-04-22 23:53:53.661","17c58b23-4f20-4d2b-a1c5-f985d4f35460","[PREMIUM]","Used",2021,"Tesla","Model Y","Long Range","[PREMIUM]","[PREMIUM]",28035,"SUV","Red","WHITE","Four-wheel Drive",,,"Electric",,,"dealership","[PREMIUM]","Katy","TX","[PREMIUM]",,"[]",,,"[PREMIUM]"
"d67ccb1f-4849-41f6-bcd4-7db12fd02bcf","2026-04-22 23:53:53.659","2026-04-22 23:53:53.659","d67ccb1f-4849-41f6-bcd4-7db12fd02bcf","[PREMIUM]","Used",2021,"MINI","Convertible","John Cooper Works","[PREMIUM]","[PREMIUM]",13007,"Convertible","Green","BLACK","Rear-wheel Drive",,,"Gasoline",,,"dealership","[PREMIUM]","Charleston","SC","[PREMIUM]",,"[]",,,"[PREMIUM]"
"c46ae7df-5ca5-40fd-a276-9deead07dfa9","2026-04-22 23:53:53.643","2026-04-22 23:53:53.643","c46ae7df-5ca5-40fd-a276-9deead07dfa9","[PREMIUM]","Used",2021,"RAM","ProMaster 2500",,"[PREMIUM]","[PREMIUM]",41688,"Cargo Van","White","BLACK","Rear-wheel Drive",,,"Gasoline",,,"dealership","[PREMIUM]","Milwaukie","OR","[PREMIUM]",,"[]",,,"[PREMIUM]"
"c4d73898-a0c2-4ac8-b92d-8ef0fc628257","2026-04-22 23:53:33.360","2026-04-22 23:53:33.360","c4d73898-a0c2-4ac8-b92d-8ef0fc628257","[PREMIUM]","Used",2022,"Honda","Pilot","Special Edition","[PREMIUM]","[PREMIUM]",47505,"SUV","Modern Steel Metallic",,"All-wheel Drive",,,"Gasoline",,,"dealership","[PREMIUM]","Albany","NY","[PREMIUM]",,"[]",,,"[PREMIUM]"
"f50b91ba-8c21-4dbc-b450-e1d3284b4070","2026-04-22 23:53:33.290","2026-04-22 23:53:33.290","f50b91ba-8c21-4dbc-b450-e1d3284b4070","[PREMIUM]","Used",2022,"Toyota","Camry","TRD","[PREMIUM]","[PREMIUM]",70553,"Sedan","White","Black/Red","Front-wheel Drive",,,"Gasoline",,,"dealership","[PREMIUM]","Troy","AL","[PREMIUM]",,"[]",,,"[PREMIUM]"
"6e55b274-843b-4480-a216-d4acbd4cdc5c","2026-04-22 23:53:13.434","2026-04-22 23:53:13.434","6e55b274-843b-4480-a216-d4acbd4cdc5c","[PREMIUM]","Used",2022,"Ford","F-150","Lariat","[PREMIUM]","[PREMIUM]",102732,"Truck","AGATE BLACK METALLIC","BLACK LTHR TRIM BUCKET SEAT","Rear-wheel Drive",,,"Gasoline",,,"dealership","[PREMIUM]","Orlando","FL","[PREMIUM]",,"[]",,,"[PREMIUM]"
"99c21bfc-0ec7-46aa-aa3e-824b62276a22","2026-04-22 23:53:13.084","2026-04-22 23:53:13.084","99c21bfc-0ec7-46aa-aa3e-824b62276a22","[PREMIUM]","Used",2022,"Honda","Pilot","AWD Special Edition","[PREMIUM]","[PREMIUM]",52141,"SUV","Modern Steel Metallic","Black","All-wheel Drive",,,"Gasoline",,,"dealership","[PREMIUM]","Danvers","MA","[PREMIUM]",,"[]",,,"[PREMIUM]"
"563c612b-04bd-4f4b-9241-f516329d6952","2026-04-22 23:53:13.064","2026-04-22 23:53:13.064","563c612b-04bd-4f4b-9241-f516329d6952","[PREMIUM]","Used",2022,"Buick","Enclave","AWD Avenir","[PREMIUM]","[PREMIUM]",15209,"SUV","White Frost Tricoat","Whisper Beige","All-wheel Drive",,,"Gasoline",,,"dealership","[PREMIUM]","Findlay","OH","[PREMIUM]",,"[]",,,"[PREMIUM]"
"b2cb7c5d-eaa6-4cd3-b246-92b941f1dcf3","2026-04-22 23:53:13.063","2026-04-22 23:53:13.063","b2cb7c5d-eaa6-4cd3-b246-92b941f1dcf3","[PREMIUM]","Used",2022,"Jeep","Wrangler Unlimited","Sahara","[PREMIUM]","[PREMIUM]",50767,"SUV","Black Clearcoat","Black","Four-wheel Drive",,,"Gasoline",,,"dealership","[PREMIUM]","Highland","IN","[PREMIUM]",,"[]",,,"[PREMIUM]"
"d3767c41-f570-4073-98b7-a47a2e451f6d","2026-04-22 23:53:13.047","2026-04-22 23:53:13.047","d3767c41-f570-4073-98b7-a47a2e451f6d","[PREMIUM]","Used",2022,"Acura","MDX","Technology Package","[PREMIUM]","[PREMIUM]",98258,"SUV",,,"Front-wheel Drive",,,"Gasoline",,,"dealership","[PREMIUM]","Little Rock","AR","[PREMIUM]",,"[]",,,"[PREMIUM]"
"99effd1a-cabc-48ed-b528-dcc5905ce75a","2026-04-22 23:53:13.044","2026-04-22 23:53:13.044","99effd1a-cabc-48ed-b528-dcc5905ce75a","[PREMIUM]","Used",2022,"Cadillac","XT5","Premium Luxury","[PREMIUM]","[PREMIUM]",21418,"SUV","Crystal White Tricoat","Cirrus w/Dark Titanium Accents","Front-wheel Drive",,,"Gasoline",,,"dealership","[PREMIUM]","Poughkeepsie","NY","[PREMIUM]",,"[]",,,"[PREMIUM]"
"d0035f24-7e5f-434f-9d6a-b0e135623b32","2026-04-22 23:53:13.043","2026-04-22 23:53:13.043","d0035f24-7e5f-434f-9d6a-b0e135623b32","[PREMIUM]","Used",2022,"Subaru","WRX","Limited","[PREMIUM]","[PREMIUM]",39107,"Sedan","Ceramic White","Black","All-wheel Drive",,,"Gasoline",,,"dealership","[PREMIUM]","Durham","NC","[PREMIUM]",,"[]",,,"[PREMIUM]"
"b47315dd-a24a-4a01-9381-0da9257334ff","2026-04-22 23:53:13.033","2026-04-22 23:53:13.033","b47315dd-a24a-4a01-9381-0da9257334ff","[PREMIUM]","Used",2022,"Ford","Explorer","XLT","[PREMIUM]","[PREMIUM]",31655,"SUV","Red Metallic","Light Slate","Four-wheel Drive",,,"Gasoline",,,"dealership","[PREMIUM]","Winchester","VA","[PREMIUM]",,"[]",,,"[PREMIUM]"
"7167109b-db6a-4154-b82e-f58f7d01f0dc","2026-04-22 23:53:13.028","2026-04-22 23:53:13.028","7167109b-db6a-4154-b82e-f58f7d01f0dc","[PREMIUM]","Used",2022,"Jeep","Gladiator","Overland","[PREMIUM]","[PREMIUM]",39613,"Truck","Black Clearcoat","Black","Four-wheel Drive",,,"Gasoline",,,"dealership","[PREMIUM]","Raynham","MA","[PREMIUM]",,"[]",,,"[PREMIUM]"
"b74f5d60-ba73-4478-9505-8564fe3918f9","2026-04-22 23:53:13.026","2026-04-22 23:53:13.026","b74f5d60-ba73-4478-9505-8564fe3918f9","[PREMIUM]","Used",2022,"Lincoln","Corsair","Reserve","[PREMIUM]","[PREMIUM]",24341,"SUV","Infinite Black Metallic Clearcoat",,"All-wheel Drive",,,"Gasoline",,,"dealership","[PREMIUM]","Wausau","WI","[PREMIUM]",,"[]",,,"[PREMIUM]"
"e2c82981-3c2c-415e-93c5-6963ff53920d","2026-04-22 23:53:13.023","2026-04-22 23:53:13.023","e2c82981-3c2c-415e-93c5-6963ff53920d","[PREMIUM]","Used",2022,"Mercedes-Benz","GLC 300","4MATIC Coupe","[PREMIUM]","[PREMIUM]",27998,"SUV","White","AMG Black","All-wheel Drive",,,"Gasoline",,,"dealership","[PREMIUM]","Springfield","NJ","[PREMIUM]",,"[]",,,"[PREMIUM]"
"6e136d7d-7514-47fd-b76f-9293e17aab54","2026-04-22 23:53:13.022","2026-04-22 23:53:13.022","6e136d7d-7514-47fd-b76f-9293e17aab54","[PREMIUM]","Used",2022,"Toyota","Tacoma","TRD Off Road","[PREMIUM]","[PREMIUM]",31613,"Truck","Midnight Black Metallic","Cement","Rear-wheel Drive",,,"Gasoline",,,"dealership","[PREMIUM]","Troy","AL","[PREMIUM]",,"[]",,,"[PREMIUM]"
"3a3a8940-5c54-45f1-8a54-7c7e1e5dfd72","2026-04-22 23:53:13.013","2026-04-22 23:53:13.013","3a3a8940-5c54-45f1-8a54-7c7e1e5dfd72","[PREMIUM]","Used",2022,"GMC","Canyon","AT4","[PREMIUM]","[PREMIUM]",43072,"Truck","Cayenne Red Tintcoat","Jet Black/Kalahari","Four-wheel Drive",,,"Gasoline",,,"dealership","[PREMIUM]","New Port Richey","FL","[PREMIUM]",,"[]",,,"[PREMIUM]"
"cc42c540-71cb-49c2-bbb2-480938c6c87c","2026-04-22 23:53:12.979","2026-04-22 23:53:12.979","cc42c540-71cb-49c2-bbb2-480938c6c87c","[PREMIUM]","Used",2022,"Audi","A6","55 Premium Plus","[PREMIUM]","[PREMIUM]",40583,"Sedan","Ultra Blue Metallic","Black","All-wheel Drive",,,"Gasoline",,,"dealership","[PREMIUM]","Hillside","NJ","[PREMIUM]",,"[]",,,"[PREMIUM]"
"8360a01b-2fbe-4f4c-8406-3abce98d1e3b","2026-04-22 23:53:02.833","2026-04-22 23:53:02.833","8360a01b-2fbe-4f4c-8406-3abce98d1e3b","[PREMIUM]","Used",2022,"Nissan","Pathfinder","Platinum","[PREMIUM]","[PREMIUM]",45993,"SUV","Pearl White Tricoat / Super Black","Chestnut","Four-wheel Drive",,,"Gasoline",,,"dealership","[PREMIUM]","Nicholasville","KY","[PREMIUM]",,"[]",,,"[PREMIUM]"
"2e886ce4-5c56-4001-9f9c-a2579433a49e","2026-04-22 23:53:02.656","2026-05-04 23:54:13.450","2e886ce4-5c56-4001-9f9c-a2579433a49e","[PREMIUM]","Used",2022,"BMW","X5","xDrive40i","[PREMIUM]","[PREMIUM]",67070,"SUV","Arctic Grey Metallic","Cognac","All-wheel Drive",,,"Gasoline",,,"dealership","[PREMIUM]","Tappahannock","VA","[PREMIUM]",,"[]",,,"[PREMIUM]"
"91212531-ce3b-4c02-b25a-4e0730f17e89","2026-04-22 23:53:02.495","2026-04-22 23:53:02.495","91212531-ce3b-4c02-b25a-4e0730f17e89","[PREMIUM]","Used",2022,"Honda","Pilot","Touring 8-Passenger","[PREMIUM]","[PREMIUM]",46625,"SUV","Sonic Gray Pearl","NH-877","All Wheel Drive",,,"Regular unleaded",,,"dealership","[PREMIUM]","Greer","SC","[PREMIUM]",,"[]",,,"[PREMIUM]"
"7bed4629-f29c-474e-993a-4c75b5adcf23","2026-04-22 23:53:02.474","2026-04-22 23:53:02.474","7bed4629-f29c-474e-993a-4c75b5adcf23","[PREMIUM]","Used",2022,"Ford","Explorer","ST-Line","[PREMIUM]","[PREMIUM]",45212,"SUV","Blue Metallic","Ebony","Four-wheel Drive",,,"Gasoline",,,"dealership","[PREMIUM]","Brunswick","OH","[PREMIUM]",,"[]",,,"[PREMIUM]"
"9e64387a-a4bc-4628-8451-ec6c6369750d","2026-04-22 23:53:02.463","2026-04-22 23:53:02.463","9e64387a-a4bc-4628-8451-ec6c6369750d","[PREMIUM]","Used",2022,"Mercedes-Benz","GLB 250","Base 4MATIC","[PREMIUM]","[PREMIUM]",15285,"SUV","Polar White","Macchiato Beige","AWD",,,"Gasoline",,,"dealership","[PREMIUM]","Spokane Valley","WA","[PREMIUM]",,"[]",,,"[PREMIUM]"
"c67be6a4-219c-45a5-9e92-ce8720a183b4","2026-04-22 23:53:02.396","2026-04-22 23:53:02.396","c67be6a4-219c-45a5-9e92-ce8720a183b4","[PREMIUM]","Used",2022,"Jeep","Wrangler Unlimited","Rubicon","[PREMIUM]","[PREMIUM]",64401,"SUV","Bright White Clearcoat","Black","Four-wheel Drive",,,"Gasoline",,,"dealership","[PREMIUM]","Raynham","MA","[PREMIUM]",,"[]",,,"[PREMIUM]"
"011a2995-7ed9-4932-8a50-add8793796a7","2026-04-22 23:53:02.391","2026-04-22 23:53:02.391","011a2995-7ed9-4932-8a50-add8793796a7","[PREMIUM]","Used",2022,"Jeep","Wagoneer","Series I 4x4","[PREMIUM]","[PREMIUM]",59854,"SUV","Baltic Gray Metallic Clearcoat","Global Black","Four-wheel Drive",,,"Gasoline",,,"dealership","[PREMIUM]","Raynham","MA","[PREMIUM]",,"[]",,,"[PREMIUM]"
"1f851dd1-cf7e-4566-bbed-1ce60667f9e6","2026-04-22 23:53:02.391","2026-04-22 23:53:02.391","1f851dd1-cf7e-4566-bbed-1ce60667f9e6","[PREMIUM]","Used",2022,"Toyota","RAV4","XLE Premium","[PREMIUM]","[PREMIUM]",17262,"SUV","Midnight Black Metallic","Nutmeg","All-wheel Drive",,,"Gasoline",,,"dealership","[PREMIUM]","Harrisburg","PA","[PREMIUM]",,"[]",,,"[PREMIUM]"
"c66982ca-13a5-4e13-9085-9f43e46f4b62","2026-04-22 23:53:02.389","2026-04-28 23:53:29.468","c66982ca-13a5-4e13-9085-9f43e46f4b62","[PREMIUM]","Used",2022,"Chevrolet","Colorado","Z71","[PREMIUM]","[PREMIUM]",54265,"Truck","Sand Dune Metallic","Jet Black","Four-wheel Drive",,,"Gasoline",,,"dealership","[PREMIUM]","Tappahannock","VA","[PREMIUM]",,"[]",,,"[PREMIUM]"
"6348222c-1b00-420e-a8c7-85f1b8585b05","2026-04-22 23:53:02.384","2026-04-22 23:53:02.384","6348222c-1b00-420e-a8c7-85f1b8585b05","[PREMIUM]","Used",2022,"Mercedes-Benz","C-Class","C 300 4MATIC","[PREMIUM]","[PREMIUM]",25426,"Sedan","Black","Black","All-wheel Drive",,,"Gasoline",,,"dealership","[PREMIUM]","Freeport","NY","[PREMIUM]",,"[]",,,"[PREMIUM]"
"8d2b95f6-cfc2-401d-bd15-d556676d48a3","2026-04-22 23:53:02.382","2026-04-22 23:53:02.382","8d2b95f6-cfc2-401d-bd15-d556676d48a3","[PREMIUM]","Used",2022,"Kia","Telluride","SX","[PREMIUM]","[PREMIUM]",62134,"SUV","Black Copper","Black","All-wheel Drive",,,,,,"dealership","[PREMIUM]","Durham","NC","[PREMIUM]",,"[]",,,"[PREMIUM]"
"c69a7060-bf4c-451b-bd8c-75cb76b078ab","2026-04-22 23:53:02.381","2026-04-22 23:53:02.381","c69a7060-bf4c-451b-bd8c-75cb76b078ab","[PREMIUM]","Used",2022,"Ford","Mustang","Ecoboost Premium","[PREMIUM]","[PREMIUM]",34876,"Coupe","Green","BLACK","Rear-wheel Drive",,,"Gasoline",,,"dealership","[PREMIUM]","Knoxville","TN","[PREMIUM]",,"[]",,,"[PREMIUM]"
"686a117b-4191-4fd1-8cc3-3a6c2039542d","2026-04-22 23:53:02.378","2026-04-22 23:53:02.378","686a117b-4191-4fd1-8cc3-3a6c2039542d","[PREMIUM]","Used",2022,"Dodge","Durango","GT Plus","[PREMIUM]","[PREMIUM]",35099,"SUV","Destroyer Gray Clearcoat","Black","All-wheel Drive",,,"Gasoline",,,"dealership","[PREMIUM]","Raynham","MA","[PREMIUM]",,"[]",,,"[PREMIUM]"
"3bb8c761-8db3-4e72-b785-fdf968580159","2026-04-22 23:53:02.369","2026-04-28 23:53:29.424","3bb8c761-8db3-4e72-b785-fdf968580159","[PREMIUM]","Used",2022,"Honda","Passport","AWD TrailSport","[PREMIUM]","[PREMIUM]",17000,"SUV","Lunar Silver Metallic","Black","All-wheel Drive",,,"Gasoline",,,"dealership","[PREMIUM]","Tenafly","NJ","[PREMIUM]",,"[]",,,"[PREMIUM]"
"d0cd6ecb-7bd0-44dd-b547-280bf9ae3bad","2026-04-22 23:53:02.368","2026-04-22 23:53:02.368","d0cd6ecb-7bd0-44dd-b547-280bf9ae3bad","[PREMIUM]","Used",2022,"Chevrolet","Silverado 1500","RST","[PREMIUM]","[PREMIUM]",97344,"Truck","Silver Ice Metallic","Jet Black","Four-wheel Drive",,,"Gasoline",,,"dealership","[PREMIUM]","Plainfield","IN","[PREMIUM]",,"[]",,,"[PREMIUM]"
"95144176-7959-463a-ab64-9d42fbb2dab0","2026-04-22 23:53:02.364","2026-04-22 23:53:02.364","95144176-7959-463a-ab64-9d42fbb2dab0","[PREMIUM]","Used",2022,"Jeep","Wrangler Unlimited 4xe","Rubicon","[PREMIUM]","[PREMIUM]",42658,"SUV","Hydro Blue Pearl","Black","Four-wheel Drive",,,"Hybrid",,,"dealership","[PREMIUM]","West Covina","CA","[PREMIUM]",,"[]",,,"[PREMIUM]"
"dc638f9a-884d-45bb-901b-5785476f5c89","2026-04-22 23:53:02.364","2026-04-22 23:53:02.364","dc638f9a-884d-45bb-901b-5785476f5c89","[PREMIUM]","Used",2022,"Honda","Pilot","Touring 8-Passenger","[PREMIUM]","[PREMIUM]",45396,"SUV","Platinum White Pearl","Black","All-wheel Drive",,,"Gasoline",,,"dealership","[PREMIUM]","Tenafly","NJ","[PREMIUM]",,"[]",,,"[PREMIUM]"
"38d3cf04-e15e-41c7-8298-e2c7270ea0ff","2026-04-22 23:53:02.359","2026-04-22 23:53:02.359","38d3cf04-e15e-41c7-8298-e2c7270ea0ff","[PREMIUM]","Used",2022,"Ford","Bronco","Outer Banks","[PREMIUM]","[PREMIUM]",44654,"SUV","Green","GRAY","Four-wheel Drive",,,"Gasoline",,,"dealership","[PREMIUM]","Tinley Park","IL","[PREMIUM]",,"[]",,,"[PREMIUM]"
"9d17ced2-a4ef-461a-92c1-bf7f70a2900d","2026-04-22 23:53:02.352","2026-04-22 23:53:02.352","9d17ced2-a4ef-461a-92c1-bf7f70a2900d","[PREMIUM]","Used",2022,"Acura","RDX","Technology Package","[PREMIUM]","[PREMIUM]",48737,"SUV","Black","Ebony","All-wheel Drive",,,"Gasoline",,,"dealership","[PREMIUM]","Jacksonville","FL","[PREMIUM]",,"[]",,,"[PREMIUM]"
"24b4dc78-51b0-45c3-882e-4c321b06f560","2026-04-22 23:53:02.350","2026-04-22 23:53:02.350","24b4dc78-51b0-45c3-882e-4c321b06f560","[PREMIUM]","Used",2022,"Audi","Q7","Premium Plus","[PREMIUM]","[PREMIUM]",39908,"SUV","Gray","BLACK","Four-wheel Drive",,,"Gasoline",,,"dealership","[PREMIUM]","Clearwater","FL","[PREMIUM]",,"[]",,,"[PREMIUM]"
"e028c46c-97a8-47e0-af0d-60e26db425e9","2026-04-22 23:53:02.338","2026-04-22 23:53:02.338","e028c46c-97a8-47e0-af0d-60e26db425e9","[PREMIUM]","Used",2022,"Chevrolet","Silverado 2500","LT","[PREMIUM]","[PREMIUM]",111717,"Truck","Summit White","Jet Black","Rear-wheel Drive",,,"Gasoline",,,"dealership","[PREMIUM]","Tappahannock","VA","[PREMIUM]",,"[]",,,"[PREMIUM]"
"d940c7be-6102-41d2-b292-f65b10076f37","2026-04-22 23:53:02.334","2026-04-22 23:53:02.334","d940c7be-6102-41d2-b292-f65b10076f37","[PREMIUM]","Used",2022,"Chrysler","Pacifica","L","[PREMIUM]","[PREMIUM]",79305,"Minivan","Velvet Red Pearlcoat","Caramel/Black","All-wheel Drive",,,"Gasoline",,,"dealership","[PREMIUM]","Raynham","MA","[PREMIUM]",,"[]",,,"[PREMIUM]"
"20eae109-212a-42ef-9e86-0687d62220b3","2026-04-22 23:53:02.329","2026-04-28 23:53:29.385","20eae109-212a-42ef-9e86-0687d62220b3","[PREMIUM]","Used",2022,"Chevrolet","Silverado 2500","LT","[PREMIUM]","[PREMIUM]",91170,"Truck","Summit White","Jet Black","Rear-wheel Drive",,,"Gasoline",,,"dealership","[PREMIUM]","Tappahannock","VA","[PREMIUM]",,"[]",,,"[PREMIUM]"
"6bedd671-de27-40ef-a139-6cec9881319b","2026-04-22 23:52:52.029","2026-04-22 23:52:52.029","6bedd671-de27-40ef-a139-6cec9881319b","[PREMIUM]","Used",2022,"Ford","Maverick","Lariat","[PREMIUM]","[PREMIUM]",39802,"Truck","Red","BROWN","Four-wheel Drive",,,"Gasoline",,,"dealership","[PREMIUM]","Midland","TX","[PREMIUM]",,"[]",,,"[PREMIUM]"
"59e7cbe1-00de-4f7b-87c3-2cda3d6be844","2026-04-22 23:52:51.718","2026-04-22 23:52:51.718","59e7cbe1-00de-4f7b-87c3-2cda3d6be844","[PREMIUM]","Used",2022,"Honda","Pilot",,"[PREMIUM]","[PREMIUM]",41686,"SUV","Platinum White Pearl","Black",,,,,,,"dealership","[PREMIUM]","Tucson","AZ","[PREMIUM]",,"[]",,,"[PREMIUM]"
"0fd6be61-5e50-42d1-8715-c5e645e509ab","2026-04-22 23:52:51.686","2026-04-28 23:53:09.066","0fd6be61-5e50-42d1-8715-c5e645e509ab","[PREMIUM]","Used",2022,"Nissan","Frontier","PRO-4X","[PREMIUM]","[PREMIUM]",34591,"Truck","Green","BLACK","Four-wheel Drive",,,"Gasoline",,,"dealership","[PREMIUM]","Woodbridge","VA","[PREMIUM]",,"[]",,,"[PREMIUM]"
"2f0346fc-a52b-43d6-b5d1-98516ae7fce7","2026-04-22 23:52:51.682","2026-04-22 23:52:51.682","2f0346fc-a52b-43d6-b5d1-98516ae7fce7","[PREMIUM]","Used",2022,"Toyota","Tacoma","SR5","[PREMIUM]","[PREMIUM]",35827,"Truck","Gray","GRAY","2WD",,,"Gas",,,"dealership","[PREMIUM]","Norcross","GA","[PREMIUM]",,"[]",,,"[PREMIUM]"
"20ca70db-70f5-44e7-b75e-84bea5102a2c","2026-04-22 23:52:51.671","2026-04-28 23:53:09.391","20ca70db-70f5-44e7-b75e-84bea5102a2c","[PREMIUM]","Used",2022,"Chevrolet","Silverado 1500","LTZ","[PREMIUM]","[PREMIUM]",47886,"Truck","Black","Gideon/Very Dark Atmosphere","Four-wheel Drive",,,"Gasoline",,,"dealership","[PREMIUM]","South Salt Lake City","UT","[PREMIUM]",,"[]",,,"[PREMIUM]"
"9f05c69a-b4f7-4440-af3a-e7f5edc5b535","2026-04-22 23:52:51.655","2026-04-28 23:53:09.007","9f05c69a-b4f7-4440-af3a-e7f5edc5b535","[PREMIUM]","Used",2022,"Lexus","ES 350",,"[PREMIUM]","[PREMIUM]",11404,"Sedan","White","TAN","Rear-wheel Drive",,,"Gasoline",,,"dealership","[PREMIUM]","Houston","TX","[PREMIUM]",,"[]",,,"[PREMIUM]"
"dc66d1c2-a780-4524-97a1-7dbabee2b87f","2026-04-22 23:52:51.654","2026-04-22 23:52:51.654","dc66d1c2-a780-4524-97a1-7dbabee2b87f","[PREMIUM]","Used",2022,"Chevrolet","Silverado 1500","LT","[PREMIUM]","[PREMIUM]",51224,"Truck","White","BLACK","Four-wheel Drive",,,"Gasoline",,,"dealership","[PREMIUM]","Fayetteville","NC","[PREMIUM]",,"[]",,,"[PREMIUM]"
"4db52f66-16a2-4607-a457-1f22c2c28c1c","2026-04-22 23:52:51.638","2026-04-22 23:52:51.638","4db52f66-16a2-4607-a457-1f22c2c28c1c","[PREMIUM]","Used",2022,"Jeep","Wrangler","Unlimited Sport","[PREMIUM]","[PREMIUM]",40001,"SUV","Black","BLACK","Four-wheel Drive",,,"Diesel",,,"dealership","[PREMIUM]","Fremont","CA","[PREMIUM]",,"[]",,,"[PREMIUM]"
"82e2c619-8720-4bce-bebc-432e259c4251","2026-04-22 23:52:41.461","2026-04-22 23:52:41.461","82e2c619-8720-4bce-bebc-432e259c4251","[PREMIUM]","Used",2022,"Tesla","Model Y","Long Range","[PREMIUM]","[PREMIUM]",32972,"SUV","White","BLACK","4WD",,,"Electric",,,"dealership","[PREMIUM]","Louisville","KY","[PREMIUM]",,"[]",,,"[PREMIUM]"
"330a314d-542e-4256-a585-bf84578a1b38","2026-04-22 23:52:41.429","2026-04-22 23:52:41.429","330a314d-542e-4256-a585-bf84578a1b38","[PREMIUM]","Used",2022,"Tesla","Model Y","Performance","[PREMIUM]","[PREMIUM]",42230,"SUV","Gray","WHITE","Four-wheel Drive",,,"Electric",,,"dealership","[PREMIUM]","Roseville","CA","[PREMIUM]",,"[]",,,"[PREMIUM]"
"e3cfef04-a9fa-4089-9f43-afa5a73147c9","2026-04-22 23:52:41.425","2026-04-22 23:52:41.425","e3cfef04-a9fa-4089-9f43-afa5a73147c9","[PREMIUM]","Used",2022,"BMW","X3","sDrive30i","[PREMIUM]","[PREMIUM]",39130,"SUV","Black","BLACK","Rear-wheel Drive",,,"Gasoline",,,"dealership","[PREMIUM]","Charlottesville","VA","[PREMIUM]",,"[]",,,"[PREMIUM]"
"598be185-c0d1-4a84-a0a5-d8151e844b10","2026-04-22 23:52:41.398","2026-04-22 23:52:41.398","598be185-c0d1-4a84-a0a5-d8151e844b10","[PREMIUM]","Used",2022,"Toyota","Highlander","XLE","[PREMIUM]","[PREMIUM]",31973,"SUV","Blue","TAN","Rear-wheel Drive",,,"Gasoline",,,"dealership","[PREMIUM]","Tampa","FL","[PREMIUM]",,"[]",,,"[PREMIUM]"
"e902e426-042a-4d25-badd-23c1d376e892","2026-04-22 23:52:41.396","2026-04-22 23:52:41.396","e902e426-042a-4d25-badd-23c1d376e892","[PREMIUM]","Used",2022,"Hyundai","PALISADE","Calligraphy","[PREMIUM]","[PREMIUM]",60227,"SUV","Gray","BLACK","Rear-wheel Drive",,,"Gasoline",,,"dealership","[PREMIUM]","Hoover","AL","[PREMIUM]",,"[]",,,"[PREMIUM]"
"65a439dc-d218-48b1-8053-1e33d4a8a413","2026-04-22 23:52:41.379","2026-04-22 23:52:41.379","65a439dc-d218-48b1-8053-1e33d4a8a413","[PREMIUM]","Used",2022,"Honda","Pilot",,"[PREMIUM]","[PREMIUM]",30739,"SUV","Deep Scarlet Pearl","Beige",,,,,,,"dealership","[PREMIUM]","West New York in West New York","NJ","[PREMIUM]",,"[]",,,"[PREMIUM]"
"9922734c-fe44-4523-921e-1301f69b8c1e","2026-04-22 23:52:41.366","2026-04-22 23:52:41.366","9922734c-fe44-4523-921e-1301f69b8c1e","[PREMIUM]","Used",2022,"Honda","CR-V Hybrid",,"[PREMIUM]","[PREMIUM]",59499,"SUV","Sonic Gray Pearl","Black",,,,"Hybrid",,,"dealership","[PREMIUM]","Los Angeles","CA","[PREMIUM]",,"[]",,,"[PREMIUM]"
"22b2c0b1-b4e8-4c52-8b17-ec632a48b799","2026-04-22 23:52:41.341","2026-04-22 23:52:41.341","22b2c0b1-b4e8-4c52-8b17-ec632a48b799","[PREMIUM]","Used",2022,"Toyota","RAV4 Hybrid","XLE","[PREMIUM]","[PREMIUM]",24094,"SUV","Gray","GRAY","4WD",,,"Hybrid",,,"dealership","[PREMIUM]","Westborough","MA","[PREMIUM]",,"[]",,,"[PREMIUM]"
"8c7ed649-6605-49d2-9d59-7c92e57de2d0","2026-04-22 23:52:41.333","2026-04-22 23:52:41.333","8c7ed649-6605-49d2-9d59-7c92e57de2d0","[PREMIUM]","Used",2022,"Chevrolet","Silverado 1500","Custom","[PREMIUM]","[PREMIUM]",27163,"Truck","Blue","GRAY","Rear-wheel Drive",,,"Gasoline",,,"dealership","[PREMIUM]","Palm Desert","CA","[PREMIUM]",,"[]",,,"[PREMIUM]"
"12ebd766-82d2-4524-90c9-935fe6347524","2026-04-22 23:52:41.320","2026-04-22 23:52:41.320","12ebd766-82d2-4524-90c9-935fe6347524","[PREMIUM]","Used",2022,"Chevrolet","Silverado 1500","LT","[PREMIUM]","[PREMIUM]",36687,"Truck","Red","GRAY","Four-wheel Drive",,,"Gasoline",,,"dealership","[PREMIUM]","Gastonia","NC","[PREMIUM]",,"[]",,,"[PREMIUM]"
"d6da6b81-4127-4031-b804-98aeed389b3e","2026-04-22 23:52:41.305","2026-04-22 23:52:41.305","d6da6b81-4127-4031-b804-98aeed389b3e","[PREMIUM]","Used",2022,"Volkswagen","Atlas","SEL Premium R-Line","[PREMIUM]","[PREMIUM]",32038,"SUV","Blue","BLACK","Four-wheel Drive",,,"Gasoline",,,"dealership","[PREMIUM]","Oxnard","CA","[PREMIUM]",,"[]",,,"[PREMIUM]"
"1725f6ef-0a6a-4b10-9ffa-74c3101c0f4f","2026-04-22 23:52:41.296","2026-04-22 23:52:41.296","1725f6ef-0a6a-4b10-9ffa-74c3101c0f4f","[PREMIUM]","Used",2022,"Cadillac","XT6","Premium Luxury","[PREMIUM]","[PREMIUM]",34791,"SUV","Black","TAN","Rear-wheel Drive",,,"Gasoline",,,"dealership","[PREMIUM]","Richmond","TX","[PREMIUM]",,"[]",,,"[PREMIUM]"
"63e0b867-9b42-4277-b984-c4f73c281174","2026-04-22 23:52:31.254","2026-04-22 23:52:31.254","63e0b867-9b42-4277-b984-c4f73c281174","[PREMIUM]","Used",2022,"Dodge","Durango","GT","[PREMIUM]","[PREMIUM]",33798,"SUV","Gray","BLACK","Four-wheel Drive",,,"Gasoline",,,"dealership","[PREMIUM]","Raleigh","NC","[PREMIUM]",,"[]",,,"[PREMIUM]"
"e17b392c-30b3-4691-a62d-88cb5daf8f81","2026-04-22 23:52:31.016","2026-04-22 23:52:31.016","e17b392c-30b3-4691-a62d-88cb5daf8f81","[PREMIUM]","Used",2022,"Toyota","RAV4","XLE","[PREMIUM]","[PREMIUM]",26262,"SUV","Midnight Black Metallic","Black","All-wheel Drive",,,"Gasoline",,,"dealership","[PREMIUM]","West Bend","WI","[PREMIUM]",,"[]",,,"[PREMIUM]"
"df4c66e7-b857-419b-9b8f-0ce88379ef90","2026-04-22 23:52:31.004","2026-04-22 23:52:31.004","df4c66e7-b857-419b-9b8f-0ce88379ef90","[PREMIUM]","Used",2022,"Mercedes-Benz","GLC 300","4MATIC","[PREMIUM]","[PREMIUM]",22664,"SUV","Black","Black","All-wheel Drive",,,"Gasoline",,,"dealership","[PREMIUM]","New York","NY","[PREMIUM]",,"[]",,,"[PREMIUM]"
"8312b16b-ca31-4b5f-9097-ace5482cd55d","2026-04-22 23:52:30.941","2026-04-22 23:52:30.941","8312b16b-ca31-4b5f-9097-ace5482cd55d","[PREMIUM]","Used",2022,"RAM","1500 Classic","Warlock","[PREMIUM]","[PREMIUM]",29280,"Truck","Black","GRAY","4WD",,,"Gas",,,"dealership","[PREMIUM]","Garland","TX","[PREMIUM]",,"[]",,,"[PREMIUM]"
"19d31845-2e2e-4465-9213-fce3ff2a373b","2026-04-22 23:52:00.670","2026-04-22 23:52:00.670","19d31845-2e2e-4465-9213-fce3ff2a373b","[PREMIUM]","Used",2023,"Jeep","Wrangler","Willys","[PREMIUM]","[PREMIUM]",59773,"SUV","Granite Crystal Metallic Clearcoat","Black","Four-wheel Drive",,,"Diesel",,,"dealership","[PREMIUM]","Arcadia","FL","[PREMIUM]",,"[]",,,"[PREMIUM]"
"4d031b5a-5929-4723-99d1-aad99379aab8","2026-04-22 23:52:00.626","2026-04-22 23:52:00.626","4d031b5a-5929-4723-99d1-aad99379aab8","[PREMIUM]","Used",2022,"Honda","Pilot","Trailsport","[PREMIUM]","[PREMIUM]",54130,"SUV","White","BLACK","Four-wheel Drive",,,"Gasoline",,,"dealership","[PREMIUM]","Gaithersburg","MD","[PREMIUM]",,"[]",,,"[PREMIUM]"
"c6ffd710-86dc-4fce-9d2c-e47f0c7fdac1","2026-04-22 23:52:00.625","2026-04-22 23:52:00.625","c6ffd710-86dc-4fce-9d2c-e47f0c7fdac1","[PREMIUM]","Used",2022,"Subaru","Ascent","Touring","[PREMIUM]","[PREMIUM]",46308,"SUV","Black","BROWN","Four-wheel Drive",,,"Gasoline",,,"dealership","[PREMIUM]","Puyallup","WA","[PREMIUM]",,"[]",,,"[PREMIUM]"
"e0399606-2f46-40a8-9144-f38da34bf575","2026-04-22 23:52:00.604","2026-04-22 23:52:00.604","e0399606-2f46-40a8-9144-f38da34bf575","[PREMIUM]","Used",2022,"BMW","330e",,"[PREMIUM]","[PREMIUM]",32726,"Sedan","Gray","BLACK","Rear-wheel Drive",,,"Plug-In Hybrid",,,"dealership","[PREMIUM]","Colma","CA","[PREMIUM]",,"[]",,,"[PREMIUM]"
"47d5dc5b-57b9-4886-969b-222b3b3afee9","2026-04-22 23:51:50.526","2026-04-22 23:51:50.526","47d5dc5b-57b9-4886-969b-222b3b3afee9","[PREMIUM]","Used",2022,"Toyota","Tacoma","SR5","[PREMIUM]","[PREMIUM]",40980,"Truck","Gray","GRAY","2WD",,,"Gas",,,"dealership","[PREMIUM]","McKinney","TX","[PREMIUM]",,"[]",,,"[PREMIUM]"
"8232f2bc-9ed9-4f3c-9593-ab36fa5dacea","2026-04-22 23:51:50.399","2026-04-22 23:51:50.399","8232f2bc-9ed9-4f3c-9593-ab36fa5dacea","[PREMIUM]","Used",2022,"Toyota","RAV4 Hybrid","LE","[PREMIUM]","[PREMIUM]",35376,"SUV","White","BLACK","Four-wheel Drive",,,"Hybrid",,,"dealership","[PREMIUM]","Modesto","CA","[PREMIUM]",,"[]",,,"[PREMIUM]"
"fbe3fcbf-08ed-453c-9e35-d1ddd5785f85","2026-04-22 23:51:50.398","2026-04-28 23:52:18.224","fbe3fcbf-08ed-453c-9e35-d1ddd5785f85","[PREMIUM]","Used",2022,"Audi","Q5","Prestige","[PREMIUM]","[PREMIUM]",24215,"SUV","White","BROWN","Four-wheel Drive",,,"Gasoline",,,"dealership","[PREMIUM]","Oxnard","CA","[PREMIUM]",,"[]",,,"[PREMIUM]"
"c568178e-ec7a-4abd-b593-08eb920148e9","2026-04-22 23:51:50.389","2026-04-22 23:51:50.389","c568178e-ec7a-4abd-b593-08eb920148e9","[PREMIUM]","Used",2022,"Honda","Pilot","EX-L","[PREMIUM]","[PREMIUM]",19076,"SUV","White","BLACK","Rear-wheel Drive",,,"Gasoline",,,"dealership","[PREMIUM]","Escondido","CA","[PREMIUM]",,"[]",,,"[PREMIUM]"
"c867958f-1887-4c55-b9b7-5704fb8903eb","2026-04-22 23:51:50.373","2026-04-22 23:51:50.373","c867958f-1887-4c55-b9b7-5704fb8903eb","[PREMIUM]","Used",2022,"INFINITI","QX60","Autograph","[PREMIUM]","[PREMIUM]",56892,"SUV","Gray","BLACK","Rear-wheel Drive",,,"Gasoline",,,"dealership","[PREMIUM]","Reno","NV","[PREMIUM]",,"[]",,,"[PREMIUM]"
"70bd225e-79b7-4ab1-9f0a-5422a1364664","2026-04-22 23:51:30.428","2026-04-22 23:51:30.428","70bd225e-79b7-4ab1-9f0a-5422a1364664","[PREMIUM]","Used",2022,"Jeep","Grand Cherokee L","Limited","[PREMIUM]","[PREMIUM]",43708,"SUV","Silver","BLACK","Four-wheel Drive",,,"Gasoline",,,"dealership","[PREMIUM]","Gilbert","AZ","[PREMIUM]",,"[]",,,"[PREMIUM]"
"6dca8d4b-6386-4760-bc37-cb6fd30a62d8","2026-04-22 23:51:30.421","2026-04-22 23:51:30.421","6dca8d4b-6386-4760-bc37-cb6fd30a62d8","[PREMIUM]","Used",2022,"Honda","CR-V","EX-L","[PREMIUM]","[PREMIUM]",29764,"SUV","Gray","GRAY","Four-wheel Drive",,,"Gasoline",,,"dealership","[PREMIUM]","Omaha","NE","[PREMIUM]",,"[]",,,"[PREMIUM]"
"689b5668-778c-4d40-a736-a630f0c899e0","2026-04-22 23:51:30.135","2026-04-22 23:51:30.135","689b5668-778c-4d40-a736-a630f0c899e0","[PREMIUM]","Used",2023,"Honda","Passport","AWD EX-L","[PREMIUM]","[PREMIUM]",22237,"SUV","Platinum White Pearl","Black","All-wheel Drive",,,"Gasoline",,,"dealership","[PREMIUM]","Columbus","OH","[PREMIUM]",,"[]",,,"[PREMIUM]"
"015e60ac-a591-46e6-91a0-91d00165ebb8","2026-04-22 23:51:30.120","2026-04-22 23:51:30.120","015e60ac-a591-46e6-91a0-91d00165ebb8","[PREMIUM]","Used",2023,"Honda","Accord Hybrid","Sport-L","[PREMIUM]","[PREMIUM]",27267,"Sedan","Red","Black","Front-wheel Drive",,,"Hybrid",,,"dealership","[PREMIUM]","Huntsville","AL","[PREMIUM]",,"[]",,,"[PREMIUM]"
"8f5c8425-0791-4eef-beda-1891e3a40fbf","2026-04-22 23:51:30.115","2026-04-22 23:51:30.115","8f5c8425-0791-4eef-beda-1891e3a40fbf","[PREMIUM]","Used",2023,"BMW","X3","xDrive30i","[PREMIUM]","[PREMIUM]",55479,"SUV","Alpine White","Canberra Beige","All-wheel Drive",,,"Gasoline",,,"dealership","[PREMIUM]","Memphis in Memphis","TN","[PREMIUM]",,"[]",,,"[PREMIUM]"
"44b111c1-d566-497b-b20c-40cc7462263e","2026-04-22 23:51:30.101","2026-04-22 23:51:30.101","44b111c1-d566-497b-b20c-40cc7462263e","[PREMIUM]","Used",2022,"Jeep","Grand Cherokee L","Limited","[PREMIUM]","[PREMIUM]",46177,"SUV","Black","BLACK","Four-wheel Drive",,,"Gasoline",,,"dealership","[PREMIUM]","Westborough","MA","[PREMIUM]",,"[]",,,"[PREMIUM]"
"440d5be8-1c4a-4aff-bad6-d1dd8bdafa1a","2026-04-22 23:51:30.094","2026-04-22 23:51:30.094","440d5be8-1c4a-4aff-bad6-d1dd8bdafa1a","[PREMIUM]","Used",2022,"Toyota","Tacoma","SR5","[PREMIUM]","[PREMIUM]",39631,"Truck","Gray","BLACK","Rear-wheel Drive",,,"Gasoline",,,"dealership","[PREMIUM]","Puyallup","WA","[PREMIUM]",,"[]",,,"[PREMIUM]"
"c0c76153-c381-4762-a6a5-87badcd9ea0c","2026-04-22 23:51:30.093","2026-04-28 23:51:47.759","c0c76153-c381-4762-a6a5-87badcd9ea0c","[PREMIUM]","Used",2022,"Audi","Q5","S-Line Premium Plus","[PREMIUM]","[PREMIUM]",26006,"SUV","Gray","BLACK","Four-wheel Drive",,,"Gasoline",,,"dealership","[PREMIUM]","Milwaukie","OR","[PREMIUM]",,"[]",,,"[PREMIUM]"
"d0297262-1f2a-40cd-870c-36b119496fa4","2026-04-22 23:51:30.093","2026-04-28 23:51:58.002","d0297262-1f2a-40cd-870c-36b119496fa4","[PREMIUM]","Used",2022,"Dodge","Charger","R/T","[PREMIUM]","[PREMIUM]",69044,"Sedan","Blue","BLACK","Rear-wheel Drive",,,"Gasoline",,,"dealership","[PREMIUM]","Charleston","SC","[PREMIUM]",,"[]",,,"[PREMIUM]"
"d6ffc88e-9cfb-4ec5-a60b-a97b95be7d28","2026-04-22 23:51:30.084","2026-04-22 23:51:30.084","d6ffc88e-9cfb-4ec5-a60b-a97b95be7d28","[PREMIUM]","Used",2022,"Jeep","Wrangler","Unlimited Willys Sport","[PREMIUM]","[PREMIUM]",28900,"SUV","Gray","BLACK","Four-wheel Drive",,,"Gasoline",,,"dealership","[PREMIUM]","Charleston","SC","[PREMIUM]",,"[]",,,"[PREMIUM]"
"322502d8-2037-4b40-8778-180cee51c3ea","2026-04-22 23:51:30.078","2026-04-22 23:51:30.078","322502d8-2037-4b40-8778-180cee51c3ea","[PREMIUM]","Used",2022,"Audi","A5 Sportback","S-Line Premium Plus","[PREMIUM]","[PREMIUM]",40743,"Hatchback","Black","BLACK","Four-wheel Drive",,,"Gasoline",,,"dealership","[PREMIUM]","Murfreesboro","TN","[PREMIUM]",,"[]",,,"[PREMIUM]"
"e6d75161-2b74-4db4-b4bf-79025097ade9","2026-04-22 23:51:20.022","2026-04-22 23:51:20.022","e6d75161-2b74-4db4-b4bf-79025097ade9","[PREMIUM]","Used",2023,"Honda","CR-V Hybrid","Sport Touring AWD","[PREMIUM]","[PREMIUM]",45615,"SUV","Platinum White Pearl","Black","All-wheel Drive",,,"Hybrid",,,"dealership","[PREMIUM]","Akron","OH","[PREMIUM]",,"[]",,,"[PREMIUM]"
"f0a305e7-187a-4264-bfc6-dda85c95000d","2026-04-22 23:51:19.752","2026-04-22 23:51:19.752","f0a305e7-187a-4264-bfc6-dda85c95000d","[PREMIUM]","Used",2022,"Dodge","Durango","GT Plus","[PREMIUM]","[PREMIUM]",34956,"SUV","Burgundy","BLACK","Rear-wheel Drive",,,"Gasoline",,,"dealership","[PREMIUM]","Jacksonville","FL","[PREMIUM]",,"[]",,,"[PREMIUM]"
"3ef34042-4068-4276-a5d3-8dadf49218b2","2026-04-22 23:51:19.747","2026-04-28 23:51:48.252","3ef34042-4068-4276-a5d3-8dadf49218b2","[PREMIUM]","Used",2023,"Kia","Sorento","SX","[PREMIUM]","[PREMIUM]",30755,"SUV","Passion Red","Black","All-wheel Drive",,,"Gasoline",,,"dealership","[PREMIUM]","Yonkers","NY","[PREMIUM]",,"[]",,,"[PREMIUM]"
"91b253a1-6907-45a8-a0f2-aff3e219dc77","2026-04-22 23:51:19.742","2026-04-22 23:51:19.742","91b253a1-6907-45a8-a0f2-aff3e219dc77","[PREMIUM]","Used",2023,"Ford","F-150","XLT","[PREMIUM]","[PREMIUM]",77187,"Truck","ANTIMATTER BLUE METALLIC","DARK SLATE CLOTH 40CONSLE40","Four-wheel Drive",,,"Gasoline",,,"dealership","[PREMIUM]","Republic","MO","[PREMIUM]",,"[]",,,"[PREMIUM]"
"bac4009f-0689-4ef9-ba66-474c40cda1b3","2026-04-22 23:51:19.734","2026-04-22 23:51:19.734","bac4009f-0689-4ef9-ba66-474c40cda1b3","[PREMIUM]","Used",2022,"Mercedes-Benz","GLE 350","Base","[PREMIUM]","[PREMIUM]",97628,"SUV","Green","Black","Rear-wheel Drive",,,"Gasoline",,,"private","[PREMIUM]",,,"[PREMIUM]",,"[]",,,"[PREMIUM]"
"ce071ac0-7fc6-4fd3-811e-ea3d5cd47ad1","2026-04-22 23:51:19.726","2026-04-22 23:51:19.726","ce071ac0-7fc6-4fd3-811e-ea3d5cd47ad1","[PREMIUM]","Used",2023,"BMW","i4 Gran Coupe","eDrive40","[PREMIUM]","[PREMIUM]",43695,"Hatchback","Alpine White","Mocha","Rear-wheel Drive",,,"Electric",,,"dealership","[PREMIUM]","San Luis Obispo","CA","[PREMIUM]",,"[]",,,"[PREMIUM]"
"0ce6f018-f5c6-4c93-9f3f-c0dfec95ad63","2026-04-22 23:51:19.712","2026-04-22 23:51:19.712","0ce6f018-f5c6-4c93-9f3f-c0dfec95ad63","[PREMIUM]","Used",2023,"BMW","X1","xDrive28i","[PREMIUM]","[PREMIUM]",34402,"SUV","Mineral White Metallic","Red/Black Bicolor w/Contrast Stitching","All-wheel Drive",,,"Gasoline",,,"dealership","[PREMIUM]","Elk Grove","CA","[PREMIUM]",,"[]",,,"[PREMIUM]"
"47d7e4ec-eb2d-498f-84b8-e079af83af8f","2026-04-22 23:51:19.694","2026-04-22 23:51:19.694","47d7e4ec-eb2d-498f-84b8-e079af83af8f","[PREMIUM]","Used",2023,"BMW","i4 Gran Coupe","eDrive35","[PREMIUM]","[PREMIUM]",36047,"Hatchback","Skyscraper Grey Metallic","Tacora Red","Rear-wheel Drive",,,"Electric",,,"dealership","[PREMIUM]","Alpharetta","GA","[PREMIUM]",,"[]",,,"[PREMIUM]"
"50a1bfb7-92eb-4554-a57e-264a58ac9fff","2026-04-22 23:51:19.682","2026-04-22 23:51:19.682","50a1bfb7-92eb-4554-a57e-264a58ac9fff","[PREMIUM]","Used",2023,"Nissan","Frontier","SV","[PREMIUM]","[PREMIUM]",20958,"Truck","Glacier White","Charcoal","Four-wheel Drive",,,"Gasoline",,,"dealership","[PREMIUM]","Melrose Park","IL","[PREMIUM]",,"[]",,,"[PREMIUM]"
"17861e8d-3b45-4ab0-b6c2-98d9fda3b190","2026-04-22 23:51:19.679","2026-04-22 23:51:19.679","17861e8d-3b45-4ab0-b6c2-98d9fda3b190","[PREMIUM]","Used",2023,"Toyota","RAV4","XLE","[PREMIUM]","[PREMIUM]",21120,"SUV","Ice Cap","Black","All-wheel Drive",,,"Gasoline",,,"dealership","[PREMIUM]","Pleasant Hills","PA","[PREMIUM]",,"[]",,,"[PREMIUM]"
"2dc522f5-4352-4a63-abb8-74ca905713f9","2026-04-22 23:51:19.655","2026-04-22 23:51:19.655","2dc522f5-4352-4a63-abb8-74ca905713f9","[PREMIUM]","Used",2023,"Ford","Transit-350","XLT","[PREMIUM]","[PREMIUM]",68666,"Cargo Van","OXFORD WHITE","DARK PALAZZO GRAY CLOTH","Rear-wheel Drive",,,"Gasoline",,,"dealership","[PREMIUM]","Fenton","MO","[PREMIUM]",,"[]",,,"[PREMIUM]"
"6acf8b25-0e39-4a8f-a2a5-6bc99350ccd0","2026-04-22 23:51:19.620","2026-04-22 23:51:19.620","6acf8b25-0e39-4a8f-a2a5-6bc99350ccd0","[PREMIUM]","Used",2023,"Mercedes-Benz","GLC 300","Base","[PREMIUM]","[PREMIUM]",63559,"SUV","Silver","Black","Rear-wheel Drive",,,"Gasoline",,,"dealership","[PREMIUM]","Hillside","NJ","[PREMIUM]",,"[]",,,"[PREMIUM]"
"209da3c9-0111-4c6d-bd60-23fa22404032","2026-04-22 23:51:09.266","2026-04-28 23:51:37.375","209da3c9-0111-4c6d-bd60-23fa22404032","[PREMIUM]","Used",2023,"Subaru","Outback","Touring","[PREMIUM]","[PREMIUM]",13675,"SUV","Cosmic Blue Pearl","Slate Black","All-wheel Drive",,,"Gasoline",,,"dealership","[PREMIUM]","Loveland","CO","[PREMIUM]",,"[]",,,"[PREMIUM]"
"3a79877f-fee5-4bd0-bb19-c596624da810","2026-04-22 23:51:09.259","2026-04-22 23:51:09.259","3a79877f-fee5-4bd0-bb19-c596624da810","[PREMIUM]","Used",2023,"Honda","Passport","AWD EX-L","[PREMIUM]","[PREMIUM]",17996,"SUV","Radiant Red Metallic II","Black","All-wheel Drive",,,"Gasoline",,,"dealership","[PREMIUM]","Macomb","MI","[PREMIUM]",,"[]",,,"[PREMIUM]"
"1978ffdf-b829-4837-89f7-e78bb0f51715","2026-04-22 23:50:59.073","2026-05-01 23:52:06.036","1978ffdf-b829-4837-89f7-e78bb0f51715","[PREMIUM]","Used",2023,"Subaru","Ascent","Limited 7-Passenger","[PREMIUM]","[PREMIUM]",31351,"SUV","Autumn Green Metallic","Slate Black","All-wheel Drive",,,"Gasoline",,,"dealership","[PREMIUM]","Danvers","MA","[PREMIUM]",,"[]",,,"[PREMIUM]"
"3c07cd58-92d4-4807-830c-585fff4aeaa2","2026-04-22 23:50:59.067","2026-04-22 23:50:59.067","3c07cd58-92d4-4807-830c-585fff4aeaa2","[PREMIUM]","Used",2023,"Honda","CR-V Hybrid","Sport Touring","[PREMIUM]","[PREMIUM]",31185,"SUV","Meteorite Gray Metallic","Black","All-wheel Drive",,,"Hybrid",,,"dealership","[PREMIUM]","Liverpool","NY","[PREMIUM]",,"[]",,,"[PREMIUM]"
"f2b4a65f-1ba6-4f27-8139-7762365b2ef8","2026-04-22 23:50:59.067","2026-04-22 23:50:59.067","f2b4a65f-1ba6-4f27-8139-7762365b2ef8","[PREMIUM]","Used",2023,"INFINITI","QX60","Pure","[PREMIUM]","[PREMIUM]",56194,"SUV","Glacier White","Graphite","Front-wheel Drive",,,"Gasoline",,,"dealership","[PREMIUM]","Rochester","MN","[PREMIUM]",,"[]",,,"[PREMIUM]"
"170d4409-be65-41fb-8048-ad031de30460","2026-04-22 23:50:59.060","2026-04-22 23:50:59.060","170d4409-be65-41fb-8048-ad031de30460","[PREMIUM]","Used",2023,"Mercedes-Benz","CLA 250","4MATIC","[PREMIUM]","[PREMIUM]",24291,"Sedan","Polar White","Black MB-Tex with DINAMICA inserts &amp; red topstitching","All-wheel Drive",,,"Gasoline",,,"dealership","[PREMIUM]","Findlay","OH","[PREMIUM]",,"[]",,,"[PREMIUM]"
"91e45df8-cfdf-4d89-9db1-0bb238a7aa1b","2026-04-22 23:50:59.048","2026-04-22 23:50:59.048","91e45df8-cfdf-4d89-9db1-0bb238a7aa1b","[PREMIUM]","Used",2023,"Nissan","Pathfinder","SL 4WD","[PREMIUM]","[PREMIUM]",35046,"SUV","Pearl White Tricoat/Super Black","Charcoal","Four-wheel Drive",,,"Gasoline",,,"dealership","[PREMIUM]","Wappingers Falls","NY","[PREMIUM]",,"[]",,,"[PREMIUM]"
"dba48237-1eea-40e1-9e3b-91dd82c4d8e3","2026-04-22 23:50:59.027","2026-04-22 23:50:59.027","dba48237-1eea-40e1-9e3b-91dd82c4d8e3","[PREMIUM]","Used",2023,"INFINITI","QX55","SENSORY","[PREMIUM]","[PREMIUM]",35533,"SUV","Radiant White","Graphite","All-wheel Drive",,,"Gasoline",,,"dealership","[PREMIUM]","Seattle","WA","[PREMIUM]",,"[]",,,"[PREMIUM]"
"c490b1fb-85ee-46d6-8171-8d002a94348e","2026-04-22 23:50:49.236","2026-04-22 23:50:49.236","c490b1fb-85ee-46d6-8171-8d002a94348e","[PREMIUM]","Used",2023,"Acura","TLX","FWD","[PREMIUM]","[PREMIUM]",20801,"Sedan","Platinum White Pearl","Ebony","Front-wheel Drive",,,"Gasoline",,,"dealership","[PREMIUM]","Voorhees","NJ","[PREMIUM]",,"[]",,,"[PREMIUM]"
"1b6aa994-d230-481f-ae35-1e8d0db8a376","2026-04-22 23:50:48.901","2026-04-22 23:50:48.901","1b6aa994-d230-481f-ae35-1e8d0db8a376","[PREMIUM]","Used",2023,"Jeep","Grand Cherokee","Limited","[PREMIUM]","[PREMIUM]",67257,"SUV","Bright White Clearcoat","Global Black","4WD",,,"Gasoline",,,"dealership","[PREMIUM]","East Moline","IL","[PREMIUM]",,"[]",,,"[PREMIUM]"
"2abc4104-f050-4a6e-b266-54f4972e616e","2026-04-22 23:50:48.874","2026-04-22 23:50:48.874","2abc4104-f050-4a6e-b266-54f4972e616e","[PREMIUM]","Used",2023,"Audi","Q4 e-tron","Premium Plus 50 quattro","[PREMIUM]","[PREMIUM]",12153,"SUV","Navarra Blue Metallic","Parchment Beige/Steel Gray Stitching","All-wheel Drive",,,"Electric",,,"dealership","[PREMIUM]","Minneapolis","MN","[PREMIUM]",,"[]",,,"[PREMIUM]"
"65e8cce0-da2b-44cf-9946-3c47ae35068c","2026-04-22 23:50:48.868","2026-04-22 23:50:48.868","65e8cce0-da2b-44cf-9946-3c47ae35068c","[PREMIUM]","Used",2023,"RAM","1500","Big Horn/Lone Star","[PREMIUM]","[PREMIUM]",27417,"Truck","Billet Silver Metallic Clearcoat","Diesel Gray/Black","Rear-wheel Drive",,,"Gasoline",,,"dealership","[PREMIUM]","Norco","CA","[PREMIUM]",,"[]",,,"[PREMIUM]"
"9f1c1df1-1e5e-4bc7-a44c-44dd7d7924ec","2026-04-22 23:50:48.850","2026-04-22 23:50:48.850","9f1c1df1-1e5e-4bc7-a44c-44dd7d7924ec","[PREMIUM]","Used",2023,"Kia","Telluride","SX","[PREMIUM]","[PREMIUM]",52596,"SUV","Dark Moss","Gray","Front-wheel Drive",,,"Gasoline",,,"dealership","[PREMIUM]","Denham Springs","LA","[PREMIUM]",,"[]",,,"[PREMIUM]"
"cd645d61-ed7d-4945-8f2a-1e5ae015c394","2026-04-22 23:50:48.847","2026-04-28 23:51:06.891","cd645d61-ed7d-4945-8f2a-1e5ae015c394","[PREMIUM]","Used",2023,"GMC","Sierra 1500","SLE","[PREMIUM]","[PREMIUM]",76710,"Truck","Summit White","Jet Black","Rear-wheel Drive",,,"Gasoline",,,"dealership","[PREMIUM]","West Palm Beach","FL","[PREMIUM]",,"[]",,,"[PREMIUM]"
"7e74a39d-b005-4316-b255-1330bd1d3612","2026-04-22 23:50:48.840","2026-04-22 23:50:48.840","7e74a39d-b005-4316-b255-1330bd1d3612","[PREMIUM]","Used",2023,"Volvo","C40 Recharge Pure Electric","Twin Ultimate","[PREMIUM]","[PREMIUM]",28001,"SUV","Onyx Black Metallic","Charcoal","All-wheel Drive",,,"Electric",,,"dealership","[PREMIUM]","Littleton","CO","[PREMIUM]",,"[]",,,"[PREMIUM]"
"8a20c009-ff7f-40d3-8859-35da16b0631a","2026-04-22 23:50:48.806","2026-04-22 23:50:48.806","8a20c009-ff7f-40d3-8859-35da16b0631a","[PREMIUM]","Used",2023,"Kia","Sorento","SX","[PREMIUM]","[PREMIUM]",34777,"SUV","Gravity Grey","Grey","All-wheel Drive",,,"Gasoline",,,"dealership","[PREMIUM]","Madison","WI","[PREMIUM]",,"[]",,,"[PREMIUM]"
"142eadf2-1858-4dca-b464-e7dcde59bc11","2026-04-22 23:50:48.785","2026-04-22 23:50:48.785","142eadf2-1858-4dca-b464-e7dcde59bc11","[PREMIUM]","Used",2023,"Ford","F-150",,"[PREMIUM]","[PREMIUM]",76658,"Truck","Agate Black Metallic","Black","Four-wheel Drive",,,"Gasoline",,,"dealership","[PREMIUM]","La Porte","IN","[PREMIUM]",,"[]",,,"[PREMIUM]"
"f2d95668-13c3-479c-8428-b201b927ad93","2026-04-22 23:50:48.782","2026-04-22 23:50:48.782","f2d95668-13c3-479c-8428-b201b927ad93","[PREMIUM]","Used",2023,"Genesis","G80","2.5T","[PREMIUM]","[PREMIUM]",52938,"Sedan","Vik Black","Obsidian Black","All-wheel Drive",,,"Gasoline",,,"dealership","[PREMIUM]","Newport","NH","[PREMIUM]",,"[]",,,"[PREMIUM]"
"3395e132-85c6-4ddb-a957-534f9b4f7d54","2026-04-22 23:50:48.764","2026-04-22 23:50:48.764","3395e132-85c6-4ddb-a957-534f9b4f7d54","[PREMIUM]","Used",2023,"Chevrolet","Blazer","2LT","[PREMIUM]","[PREMIUM]",27401,"SUV","Summit White","Jet Black","All-wheel Drive",,,"Gasoline",,,"dealership","[PREMIUM]","Dowagiac","MI","[PREMIUM]",,"[]",,,"[PREMIUM]"
"107d5082-130f-443c-9f6a-323d38ec9af2","2026-04-22 23:50:38.657","2026-04-22 23:50:38.657","107d5082-130f-443c-9f6a-323d38ec9af2","[PREMIUM]","Used",2023,"Subaru","Forester","Limited","[PREMIUM]","[PREMIUM]",13437,"SUV","Crystal White Pearl","Black","All-wheel Drive",,,"Gasoline",,,"dealership","[PREMIUM]","Norwood","MA","[PREMIUM]",,"[]",,,"[PREMIUM]"
"a7b80466-d8db-4744-b375-9dba9ced55bb","2026-04-22 23:50:38.320","2026-04-22 23:50:38.320","a7b80466-d8db-4744-b375-9dba9ced55bb","[PREMIUM]","Used",2023,"INFINITI","Q50","3.0t SENSORY","[PREMIUM]","[PREMIUM]",19808,"Sedan","Red","Stone","All-wheel Drive",,,"Gasoline",,,"dealership","[PREMIUM]","Manassas","VA","[PREMIUM]",,"[]",,,"[PREMIUM]"
"44293ba4-de08-4d8c-8ebe-3c1eebdf66bd","2026-04-22 23:50:38.298","2026-04-22 23:50:38.298","44293ba4-de08-4d8c-8ebe-3c1eebdf66bd","[PREMIUM]","Used",2023,"Jeep","Grand Cherokee L","Limited","[PREMIUM]","[PREMIUM]",37371,"SUV","Bright White Clearcoat","Global Black","Four-wheel Drive",,,"Gasoline",,,"dealership","[PREMIUM]","Bettendorf","IA","[PREMIUM]",,"[]",,,"[PREMIUM]"
"eed54522-2865-40ff-b38d-85ff9dba1ce1","2026-04-22 23:50:38.292","2026-04-22 23:50:38.292","eed54522-2865-40ff-b38d-85ff9dba1ce1","[PREMIUM]","Used",2023,"INFINITI","Q50","LUXE","[PREMIUM]","[PREMIUM]",29199,"Sedan","Black Obsidian","Graphite","Rear-wheel Drive",,,"Gasoline",,,"dealership","[PREMIUM]","San Jose","CA","[PREMIUM]",,"[]",,,"[PREMIUM]"
"98770f17-ccae-4470-b902-97c0dc6e23b8","2026-04-22 23:50:38.286","2026-04-22 23:50:38.286","98770f17-ccae-4470-b902-97c0dc6e23b8","[PREMIUM]","Used",2023,"Chevrolet","Traverse","RS","[PREMIUM]","[PREMIUM]",44532,"SUV","Mosaic Black Metallic","Jet Black/Spice Red","All-wheel Drive",,,"Gasoline",,,"dealership","[PREMIUM]","Willoughby Hills","OH","[PREMIUM]",,"[]",,,"[PREMIUM]"
"32795f0f-d7f4-406a-b88e-279ab9039e73","2026-04-22 23:50:38.274","2026-04-22 23:50:38.274","32795f0f-d7f4-406a-b88e-279ab9039e73","[PREMIUM]","Used",2023,"BMW","X3","xDrive30i","[PREMIUM]","[PREMIUM]",33449,"SUV","Phytonic Blue Metallic","Black","All-wheel Drive",,,"Gasoline",,,"dealership","[PREMIUM]","Glendale","WI","[PREMIUM]",,"[]",,,"[PREMIUM]"
"cffdd88c-f1b4-47a0-b4b7-89a1bb7ece7e","2026-04-22 23:50:28.024","2026-04-22 23:50:28.024","cffdd88c-f1b4-47a0-b4b7-89a1bb7ece7e","[PREMIUM]","Used",2023,"Ford","Explorer","ST-Line","[PREMIUM]","[PREMIUM]",44263,"SUV","Carbonized Gray Metallic","Ebony","Rear-wheel Drive",,,"Gasoline",,,"dealership","[PREMIUM]","Winter Haven","FL","[PREMIUM]",,"[]",,,"[PREMIUM]"
"4fbd2da8-13b9-4639-a42e-e14634a3efe9","2026-04-22 23:50:28.019","2026-04-22 23:50:28.019","4fbd2da8-13b9-4639-a42e-e14634a3efe9","[PREMIUM]","Used",2023,"Honda","Ridgeline","Sport","[PREMIUM]","[PREMIUM]",25175,"Truck","Platinum White Pearl","Black","All-wheel Drive",,,"Gasoline",,,"dealership","[PREMIUM]","Muskegon","MI","[PREMIUM]",,"[]",,,"[PREMIUM]"
"ea158130-60dd-4e36-ad84-84ceee7a4ed8","2026-04-22 23:50:28.001","2026-04-22 23:50:28.001","ea158130-60dd-4e36-ad84-84ceee7a4ed8","[PREMIUM]","Used",2023,"Chevrolet","Silverado 1500","Custom","[PREMIUM]","[PREMIUM]",32253,"Truck","Sterling Gray Metallic","Jet Black","Rear-wheel Drive",,,"Gasoline",,,"dealership","[PREMIUM]","Seminole","FL","[PREMIUM]",,"[]",,,"[PREMIUM]"
"e10bd943-5d48-4877-bdc2-4ce30187d68f","2026-04-22 23:49:57.752","2026-04-22 23:49:57.752","e10bd943-5d48-4877-bdc2-4ce30187d68f","[PREMIUM]","Used",2023,"Jeep","Wrangler 4xe","Rubicon","[PREMIUM]","[PREMIUM]",21363,"SUV","Granite Crystal Metallic Clearcoat","Black","Four-wheel Drive",,,"Gasoline",,,"dealership","[PREMIUM]","Baltimore","MD","[PREMIUM]",,"[]",,,"[PREMIUM]"
"74e5da0b-0b44-45bb-96c4-0913707e62da","2026-04-22 23:49:57.711","2026-04-28 23:50:16.102","74e5da0b-0b44-45bb-96c4-0913707e62da","[PREMIUM]","Used",2023,"GMC","Acadia","AWD SLT","[PREMIUM]","[PREMIUM]",24490,"SUV","Sterling Metallic","Jet Black","All-wheel Drive",,,"Gasoline",,,"dealership","[PREMIUM]","Denville","NJ","[PREMIUM]",,"[]",,,"[PREMIUM]"
"78bf125b-c9ca-43df-8bb2-62c5f5ab5030","2026-04-22 23:49:57.697","2026-04-22 23:49:57.697","78bf125b-c9ca-43df-8bb2-62c5f5ab5030","[PREMIUM]","Used",2023,"Jeep","Grand Cherokee","Limited","[PREMIUM]","[PREMIUM]",25665,"SUV","Bright White Clearcoat","Wicker Beige/Global Black","Four-wheel Drive",,,"Gasoline",,,"dealership","[PREMIUM]","Grand Rapids","MI","[PREMIUM]",,"[]",,,"[PREMIUM]"
"35f6f49b-7848-4b94-a66f-247367cc1749","2026-04-22 23:49:37.453","2026-04-22 23:49:37.453","35f6f49b-7848-4b94-a66f-247367cc1749","[PREMIUM]","Used",2023,"Volkswagen","Atlas Cross Sport","3.6L V6 SE w/Technology","[PREMIUM]","[PREMIUM]",20942,"SUV","Platinum Gray Metallic","Titan Black","All-wheel Drive",,,"Gasoline",,,"dealership","[PREMIUM]","Duncansville","PA","[PREMIUM]",,"[]",,,"[PREMIUM]"
"1821eaac-6c13-4b99-8cf9-9e22e74d7338","2026-04-22 23:49:37.443","2026-04-22 23:49:37.443","1821eaac-6c13-4b99-8cf9-9e22e74d7338","[PREMIUM]","Used",2023,"Toyota","Highlander","XLE","[PREMIUM]","[PREMIUM]",46921,"SUV","Celestial Silver Metallic","Black","Front-wheel Drive",,,"Gasoline",,,"dealership","[PREMIUM]","Clermont","FL","[PREMIUM]",,"[]",,,"[PREMIUM]"
"c41625d6-b326-4858-8a10-25a7f30308b9","2026-04-22 23:49:37.396","2026-04-22 23:49:37.396","c41625d6-b326-4858-8a10-25a7f30308b9","[PREMIUM]","Used",2023,"Ford","Transit-350","Base","[PREMIUM]","[PREMIUM]",75297,"Cargo Van","White","Black","All-wheel Drive",,,"E85 Flex Fuel",,,"dealership","[PREMIUM]","Woodbridge Township","NJ","[PREMIUM]",,"[]",,,"[PREMIUM]"
"f7060690-0947-4d9d-9fc5-1d27cf836b5d","2026-04-22 23:48:47.102","2026-04-22 23:48:47.102","f7060690-0947-4d9d-9fc5-1d27cf836b5d","[PREMIUM]","Used",2023,"Subaru","Ascent","Limited 8-Passenger","[PREMIUM]","[PREMIUM]",32417,"SUV","Cosmic Blue Pearl","Black","All-wheel Drive",,,"Gasoline",,,"dealership","[PREMIUM]","Northumberland","PA","[PREMIUM]",,"[]",,,"[PREMIUM]"
"58afd472-f5db-4100-bef4-18b4af276dc9","2026-04-22 23:48:47.073","2026-04-22 23:48:47.073","58afd472-f5db-4100-bef4-18b4af276dc9","[PREMIUM]","Used",2023,"Cadillac","XT4","AWD Premium Luxury","[PREMIUM]","[PREMIUM]",12041,"SUV","Radiant Red Tintcoat","Jet Black","All-wheel Drive",,,"Gasoline",,,"dealership","[PREMIUM]","Fort Myers","FL","[PREMIUM]",,"[]",,,"[PREMIUM]"
"48f11f15-bb4c-4d94-b0f5-bbacfbd1ff97","2026-04-22 23:48:47.061","2026-04-22 23:48:47.061","48f11f15-bb4c-4d94-b0f5-bbacfbd1ff97","[PREMIUM]","Used",2023,"Ford","Explorer","XLT","[PREMIUM]","[PREMIUM]",12089,"SUV","Carbonized Gray Metallic","Ebony","Rear-wheel Drive",,,"Gasoline",,,"dealership","[PREMIUM]","Montebello","CA","[PREMIUM]",,"[]",,,"[PREMIUM]"
"9f08f7bd-4601-4c26-9d7a-10c7bd0cc28d","2026-04-22 23:48:47.061","2026-04-22 23:48:47.061","9f08f7bd-4601-4c26-9d7a-10c7bd0cc28d","[PREMIUM]","Used",2023,"GMC","Acadia","SLT","[PREMIUM]","[PREMIUM]",32333,"SUV","Sterling","Jet Black","All-wheel Drive",,,"Gasoline",,,"dealership","[PREMIUM]","Merrillville","IN","[PREMIUM]",,"[]",,,"[PREMIUM]"
"e5fc6542-aef3-40bc-a06a-43ea13b8192b","2026-04-22 23:48:46.978","2026-04-22 23:48:46.978","e5fc6542-aef3-40bc-a06a-43ea13b8192b","[PREMIUM]","Used",2023,"Chevrolet","Traverse","LS","[PREMIUM]","[PREMIUM]",27791,"SUV","White","Jet Black","All-wheel Drive",,,"Gasoline",,,"dealership","[PREMIUM]","Burlington","NC","[PREMIUM]",,"[]",,,"[PREMIUM]"
"e9471883-5d64-4003-815c-f241eea4d9f0","2026-04-22 23:48:46.974","2026-04-22 23:48:46.974","e9471883-5d64-4003-815c-f241eea4d9f0","[PREMIUM]","Used",2023,"Ford","Explorer","XLT","[PREMIUM]","[PREMIUM]",39609,"SUV","AGATE BLACK METALLIC","EBONY/LT SLATE ACTIVEX SEAT","Rear-wheel Drive",,,"Gasoline",,,"dealership","[PREMIUM]","Orlando","FL","[PREMIUM]",,"[]",,,"[PREMIUM]"
"dbfd7dae-4b64-4c32-96cb-38c4e7f8d89a","2026-04-22 23:48:46.934","2026-04-22 23:48:46.934","dbfd7dae-4b64-4c32-96cb-38c4e7f8d89a","[PREMIUM]","Used",2023,"Honda","Odyssey","Elite","[PREMIUM]","[PREMIUM]",59441,"Passenger Van","White","Black","Front-wheel Drive",,,"Gasoline",,,"dealership","[PREMIUM]","Plainfield","IN","[PREMIUM]",,"[]",,,"[PREMIUM]"
"5406dbb9-0aac-4080-95ca-0de0a50b6d1b","2026-04-22 23:48:37.068","2026-04-22 23:48:37.068","5406dbb9-0aac-4080-95ca-0de0a50b6d1b","[PREMIUM]","Used",2023,"GMC","Sierra 1500","SLT","[PREMIUM]","[PREMIUM]",118040,"Truck","Pacific Blue","Jet Black","Four-wheel Drive",,,"Gasoline",,,"dealership","[PREMIUM]","Plainfield","IN","[PREMIUM]",,"[]",,,"[PREMIUM]"
"5f6fb3f1-7346-4eaa-ad76-9ebb0c6d3046","2026-04-22 23:48:36.724","2026-04-22 23:48:36.724","5f6fb3f1-7346-4eaa-ad76-9ebb0c6d3046","[PREMIUM]","Used",2023,"Jeep","Grand Cherokee","Altitude","[PREMIUM]","[PREMIUM]",39042,"SUV","Gray","Black","Rear-wheel Drive",,,"Gasoline",,,"dealership","[PREMIUM]","Dallas","TX","[PREMIUM]",,"[]",,,"[PREMIUM]"
"a783e277-b788-4cfa-9806-d62e702e0567","2026-04-22 23:48:36.711","2026-04-22 23:48:36.711","a783e277-b788-4cfa-9806-d62e702e0567","[PREMIUM]","Used",2023,"Honda","Ridgeline","RTL","[PREMIUM]","[PREMIUM]",34024,"Truck","Black","Black","All-wheel Drive",,,"Gasoline",,,"dealership","[PREMIUM]","Wake Forest","NC","[PREMIUM]",,"[]",,,"[PREMIUM]"
"168b41bb-c946-4d15-a3aa-edf313a726f3","2026-04-22 23:48:36.702","2026-04-22 23:48:36.702","168b41bb-c946-4d15-a3aa-edf313a726f3","[PREMIUM]","Used",2023,"Toyota","Highlander","XLE","[PREMIUM]","[PREMIUM]",67232,"SUV","Celestial Silver Metallic","Graphite","All-wheel Drive",,,"Gasoline",,,"dealership","[PREMIUM]","Tappahannock","VA","[PREMIUM]",,"[]",,,"[PREMIUM]"
"29e632e9-af98-4340-b4b2-cdeeef019f63","2026-04-22 23:48:36.696","2026-04-22 23:48:36.696","29e632e9-af98-4340-b4b2-cdeeef019f63","[PREMIUM]","Used",2023,"Jeep","Grand Cherokee","Altitude","[PREMIUM]","[PREMIUM]",26596,"SUV","Bright White Clearcoat","Global Black","Four-wheel Drive",,,"Gasoline",,,"dealership","[PREMIUM]","Raynham","MA","[PREMIUM]",,"[]",,,"[PREMIUM]"
"223501a8-0dd2-4721-88e5-6b35fe3447e1","2026-04-22 23:48:36.689","2026-04-22 23:48:36.689","223501a8-0dd2-4721-88e5-6b35fe3447e1","[PREMIUM]","Used",2023,"Jeep","Grand Cherokee","Limited","[PREMIUM]","[PREMIUM]",40090,"SUV","Bright White Clearcoat","Global Black","Four-wheel Drive",,,"Gasoline",,,"dealership","[PREMIUM]","Raynham","MA","[PREMIUM]",,"[]",,,"[PREMIUM]"
"4deb0365-862c-4605-bcfa-f50f9355e7b7","2026-04-22 23:48:36.653","2026-04-22 23:48:36.653","4deb0365-862c-4605-bcfa-f50f9355e7b7","[PREMIUM]","Used",2023,"Mercedes-Benz","EQE 350+","Base","[PREMIUM]","[PREMIUM]",28892,"Sedan","Graphite Gray Metallic","Black","Rear-wheel Drive",,,"Electric",,,"dealership","[PREMIUM]","Manassas","VA","[PREMIUM]",,"[]",,,"[PREMIUM]"
"412db421-9a53-41ed-8385-aae1a8528e8e","2026-04-22 23:48:26.382","2026-04-22 23:48:26.382","412db421-9a53-41ed-8385-aae1a8528e8e","[PREMIUM]","Used",2023,"Acura","RDX","Base","[PREMIUM]","[PREMIUM]",26501,"SUV","Majestic Black Pearl","Ebony","Front-wheel Drive",,,"Gasoline",,,"dealership","[PREMIUM]","Greer","SC","[PREMIUM]",,"[]",,,"[PREMIUM]"
"15112917-4887-403a-a994-a02b5b2586fd","2026-04-22 23:48:26.372","2026-04-22 23:48:26.372","15112917-4887-403a-a994-a02b5b2586fd","[PREMIUM]","Used",2023,"Acura","RDX","Technology Package","[PREMIUM]","[PREMIUM]",26583,"SUV","Black","Ebony","Front-wheel Drive",,,"Gasoline",,,"dealership","[PREMIUM]","Jacksonville","FL","[PREMIUM]",,"[]",,,"[PREMIUM]"
"9eea670e-0c3a-4248-8251-c8d8da80594f","2026-04-22 23:48:16.278","2026-04-22 23:48:16.278","9eea670e-0c3a-4248-8251-c8d8da80594f","[PREMIUM]","Used",2023,"Subaru","Forester","Limited","[PREMIUM]","[PREMIUM]",11754,"SUV","Burgundy","GRAY","Four-wheel Drive",,,"Gasoline",,,"dealership","[PREMIUM]","Oak Lawn","IL","[PREMIUM]",,"[]",,,"[PREMIUM]"
"33ca4c98-8ba1-4bde-80f5-e304312731e7","2026-04-22 23:48:16.253","2026-04-28 23:48:44.831","33ca4c98-8ba1-4bde-80f5-e304312731e7","[PREMIUM]","Used",2023,"BMW","i4 Gran Coupe","eDrive35","[PREMIUM]","[PREMIUM]",43050,"Hatchback","San Remo Green Metallic","Canberra Beige","Rear-wheel Drive",,,"Electric",,,"dealership","[PREMIUM]","Santa Clara","CA","[PREMIUM]",,"[]",,,"[PREMIUM]"
"09d3794e-73c8-43b6-bee6-32f2c8340c60","2026-04-22 23:48:16.225","2026-04-22 23:48:16.225","09d3794e-73c8-43b6-bee6-32f2c8340c60","[PREMIUM]","Used",2023,"Honda","CR-V Hybrid","Sport","[PREMIUM]","[PREMIUM]",27626,"SUV","Blue","BLACK","Four-wheel Drive",,,"Hybrid",,,"dealership","[PREMIUM]","Buena Park","CA","[PREMIUM]",,"[]",,,"[PREMIUM]"
"0e3f09b6-8a56-4f84-837f-abb3a55307e1","2026-04-22 23:48:16.220","2026-04-22 23:48:16.220","0e3f09b6-8a56-4f84-837f-abb3a55307e1","[PREMIUM]","Used",2023,"Toyota","RAV4","XLE","[PREMIUM]","[PREMIUM]",18907,"SUV","Red","BLACK","Four-wheel Drive",,,"Gasoline",,,"dealership","[PREMIUM]","Indianapolis","IN","[PREMIUM]",,"[]",,,"[PREMIUM]"
"0ff75c98-b2cc-40fd-9eda-12d550040993","2026-04-22 23:48:16.166","2026-04-22 23:48:16.166","0ff75c98-b2cc-40fd-9eda-12d550040993","[PREMIUM]","Used",2023,"INFINITI","QX60","Pure","[PREMIUM]","[PREMIUM]",26390,"SUV","Black","TAN","Rear-wheel Drive",,,"Gasoline",,,"dealership","[PREMIUM]","Fort Worth","TX","[PREMIUM]",,"[]",,,"[PREMIUM]"
"edc07eca-db47-4326-a485-83844da75e62","2026-04-22 23:47:55.838","2026-04-22 23:47:55.838","edc07eca-db47-4326-a485-83844da75e62","[PREMIUM]","Used",2023,"Toyota","Tacoma","TRD Sport","[PREMIUM]","[PREMIUM]",70210,"Truck","White","BLACK","Four-wheel Drive",,,"Gasoline",,,"dealership","[PREMIUM]","Irvine","CA","[PREMIUM]",,"[]",,,"[PREMIUM]"
"ffe61777-aee0-44f9-b703-7a1d00ed3a17","2026-04-22 23:47:55.786","2026-04-22 23:47:55.786","ffe61777-aee0-44f9-b703-7a1d00ed3a17","[PREMIUM]","Used",2023,"Honda","Passport",,"[PREMIUM]","[PREMIUM]",36161,"SUV","Lunar Silver Metallic","Black",,,,,,,"dealership","[PREMIUM]","Sandusky","OH","[PREMIUM]",,"[]",,,"[PREMIUM]"
"cb20fcdb-ed38-435a-a4c1-03fa288a293c","2026-04-22 23:47:55.772","2026-05-01 23:48:31.198","cb20fcdb-ed38-435a-a4c1-03fa288a293c","[PREMIUM]","Used",2023,"Nissan","Pathfinder","SL 4WD","[PREMIUM]","[PREMIUM]",27408,"SUV","Scarlet Ember Tintcoat","Charcoal","Four-wheel Drive",,,"Gasoline",,,"dealership","[PREMIUM]","White Plains","NY","[PREMIUM]",,"[]",,,"[PREMIUM]"
"f9275148-ca62-47c0-b2db-d8feb8e39496","2026-04-22 23:47:55.767","2026-04-22 23:47:55.767","f9275148-ca62-47c0-b2db-d8feb8e39496","[PREMIUM]","Used",2023,"Tesla","Model 3",,"[PREMIUM]","[PREMIUM]",20269,"Sedan","Gray","WHITE","Rear-wheel Drive",,,"Electric",,,"dealership","[PREMIUM]","Duarte","CA","[PREMIUM]",,"[]",,,"[PREMIUM]"
"14ad32a4-10e5-41b2-8743-5ef71721722f","2026-04-22 23:47:55.755","2026-04-22 23:47:55.755","14ad32a4-10e5-41b2-8743-5ef71721722f","[PREMIUM]","Used",2023,"Tesla","Model Y","Long Range","[PREMIUM]","[PREMIUM]",30135,"SUV","Black","BLACK","Four-wheel Drive",,,"Electric",,,"dealership","[PREMIUM]","Palmdale","CA","[PREMIUM]",,"[]",,,"[PREMIUM]"
"6e4c807a-731e-4626-ae40-426eecab69ab","2026-04-22 23:47:55.745","2026-04-22 23:47:55.745","6e4c807a-731e-4626-ae40-426eecab69ab","[PREMIUM]","Used",2023,"Honda","Ridgeline",,"[PREMIUM]","[PREMIUM]",34432,"Truck","Modern Steel Metallic","Black","All-wheel Drive",,,"Gasoline",,,"dealership","[PREMIUM]","Princeton","NJ","[PREMIUM]",,"[]",,,"[PREMIUM]"
"ca8ad5cb-d2cb-419f-b055-54a73a620cff","2026-04-22 23:47:55.729","2026-04-22 23:47:55.729","ca8ad5cb-d2cb-419f-b055-54a73a620cff","[PREMIUM]","Used",2023,"Nissan","Maxima","SR Xtronic CVT","[PREMIUM]","[PREMIUM]",29990,"Sedan","Pearl White","Charcoal","Front-wheel Drive",,,"Gasoline",,,"dealership","[PREMIUM]","White Plains","NY","[PREMIUM]",,"[]",,,"[PREMIUM]"
"508b83c8-ad70-4a00-bda5-c8178206c6b5","2026-04-22 23:47:55.724","2026-04-22 23:47:55.724","508b83c8-ad70-4a00-bda5-c8178206c6b5","[PREMIUM]","Used",2023,"Acura","RDX",,"[PREMIUM]","[PREMIUM]",41268,"SUV","Liquid Carbon Metallic","Ebony",,,,,,,"dealership","[PREMIUM]","Egg Harbor Township","NJ","[PREMIUM]",,"[]",,,"[PREMIUM]"
"b9852409-98a8-4e0b-91ac-e6d611b16ea2","2026-04-22 23:47:55.723","2026-04-22 23:47:55.723","b9852409-98a8-4e0b-91ac-e6d611b16ea2","[PREMIUM]","Used",2023,"Honda","CR-V Hybrid",,"[PREMIUM]","[PREMIUM]",26435,"SUV","Still Night Pearl","Black","All-wheel Drive",,,,,,"dealership","[PREMIUM]","Princeton","NJ","[PREMIUM]",,"[]",,,"[PREMIUM]"
"d681c14f-466d-4a4e-a864-963e6a170d17","2026-04-22 23:47:45.528","2026-04-28 23:48:14.559","d681c14f-466d-4a4e-a864-963e6a170d17","[PREMIUM]","Used",2023,"Kia","Telluride","EX","[PREMIUM]","[PREMIUM]",23078,"SUV","Green","GRAY","Rear-wheel Drive",,,"Gasoline",,,"dealership","[PREMIUM]","Clearwater","FL","[PREMIUM]",,"[]",,,"[PREMIUM]"
"5318bbb9-6cf6-4d99-b0e3-641b4cce2481","2026-04-22 23:47:45.523","2026-04-22 23:47:45.523","5318bbb9-6cf6-4d99-b0e3-641b4cce2481","[PREMIUM]","Used",2023,"Ford","Explorer","Limited","[PREMIUM]","[PREMIUM]",27030,"SUV","White","GRAY","Four-wheel Drive",,,"Gasoline",,,"dealership","[PREMIUM]","Gainesville","FL","[PREMIUM]",,"[]",,,"[PREMIUM]"
"63635280-7523-4a88-806d-fb6b4ee75a4e","2026-04-22 23:47:45.523","2026-04-22 23:47:45.523","63635280-7523-4a88-806d-fb6b4ee75a4e","[PREMIUM]","Used",2023,"Toyota","Highlander","L","[PREMIUM]","[PREMIUM]",19500,"SUV","Black","BLACK","Rear-wheel Drive",,,"Gasoline",,,"dealership","[PREMIUM]","Hillside","IL","[PREMIUM]",,"[]",,,"[PREMIUM]"
"d4827c48-0696-42e7-95b5-988f0f7f0b12","2026-04-22 23:47:45.516","2026-04-22 23:47:45.516","d4827c48-0696-42e7-95b5-988f0f7f0b12","[PREMIUM]","Used",2023,"Subaru","Ascent","Onyx Edition Limited","[PREMIUM]","[PREMIUM]",41377,"SUV","Gray","GRAY","Four-wheel Drive",,,"Gasoline",,,"dealership","[PREMIUM]","Ontario","CA","[PREMIUM]",,"[]",,,"[PREMIUM]"
"37c8a3ce-75da-47c4-a222-9cab0dcc92e5","2026-04-22 23:47:45.512","2026-04-22 23:47:45.512","37c8a3ce-75da-47c4-a222-9cab0dcc92e5","[PREMIUM]","Used",2023,"Chrysler","Pacifica","Touring L","[PREMIUM]","[PREMIUM]",29483,"Passenger Van","Gray","BLACK","Rear-wheel Drive",,,"Gasoline",,,"dealership","[PREMIUM]","San Jose","CA","[PREMIUM]",,"[]",,,"[PREMIUM]"
"abab6627-185d-4eb1-9a72-157cfec07bca","2026-04-22 23:47:45.508","2026-04-22 23:47:45.508","abab6627-185d-4eb1-9a72-157cfec07bca","[PREMIUM]","Used",2023,"BMW","i4 Gran Coupe","eDrive35","[PREMIUM]","[PREMIUM]",30656,"Hatchback","Skyscraper Grey Metallic","Black","Rear-wheel Drive",,,"Electric",,,"dealership","[PREMIUM]","AURORA","IL","[PREMIUM]",,"[]",,,"[PREMIUM]"
"11a2f973-aa90-49d2-9f73-335a223944e9","2026-04-22 23:47:45.507","2026-04-22 23:47:45.507","11a2f973-aa90-49d2-9f73-335a223944e9","[PREMIUM]","Used",2023,"Subaru","Forester","Limited","[PREMIUM]","[PREMIUM]",16080,"SUV","Gray","BLACK","Four-wheel Drive",,,"Gasoline",,,"dealership","[PREMIUM]","South Portland","ME","[PREMIUM]",,"[]",,,"[PREMIUM]"
"fbb133bd-9aef-4fac-b550-af89b34f4682","2026-04-22 23:47:45.506","2026-04-22 23:47:45.506","fbb133bd-9aef-4fac-b550-af89b34f4682","[PREMIUM]","Used",2023,"Volvo","XC60","B5 Plus Dark Theme","[PREMIUM]","[PREMIUM]",20235,"SUV","Red","CREAM","Rear-wheel Drive",,,"Gasoline",,,"dealership","[PREMIUM]","Santa Fe","NM","[PREMIUM]",,"[]",,,"[PREMIUM]"
"603bbace-e68b-4243-8561-719492adcd1d","2026-04-22 23:47:45.502","2026-04-22 23:47:45.502","603bbace-e68b-4243-8561-719492adcd1d","[PREMIUM]","Used",2023,"Cadillac","XT6","Luxury","[PREMIUM]","[PREMIUM]",39492,"SUV","White","BLACK","Rear-wheel Drive",,,"Gasoline",,,"dealership","[PREMIUM]","Fort Myers","FL","[PREMIUM]",,"[]",,,"[PREMIUM]"
"89811e6d-76c8-4cc1-acd6-735b4fd229a9","2026-04-22 23:47:45.502","2026-04-22 23:47:45.502","89811e6d-76c8-4cc1-acd6-735b4fd229a9","[PREMIUM]","Used",2023,"Chrysler","Pacifica","Hybrid Limited FWD","[PREMIUM]","[PREMIUM]",21243,,"Fathom Blue Pearlcoat",,"Front-wheel Drive",,,"Hybrid",,,"dealership","[PREMIUM]","Ocoee","FL","[PREMIUM]",,"[]",,,"[PREMIUM]"
"1ad5c200-5c6e-46a1-9309-35b156bee9ae","2026-04-22 23:47:45.486","2026-04-22 23:47:45.486","1ad5c200-5c6e-46a1-9309-35b156bee9ae","[PREMIUM]","Used",2023,"Honda","Passport","EX-L","[PREMIUM]","[PREMIUM]",24753,"SUV","White","BLACK","Four-wheel Drive",,,"Gasoline",,,"dealership","[PREMIUM]","Wichita","KS","[PREMIUM]",,"[]",,,"[PREMIUM]"
"5a346134-e353-4214-9686-af8cd3e05704","2026-04-22 23:47:45.483","2026-04-22 23:47:45.483","5a346134-e353-4214-9686-af8cd3e05704","[PREMIUM]","Used",2023,"Mercedes-Benz","AMG GLA 45","AMG GLA 45 4MATIC SUV","[PREMIUM]","[PREMIUM]",28743,,"Night Black","Black","All-wheel Drive",,,"Gasoline",,,"dealership","[PREMIUM]","Ocoee","FL","[PREMIUM]",,"[]",,,"[PREMIUM]"
"7ed1b866-0e65-4a2f-ada8-7e0539e36773","2026-04-22 23:47:45.469","2026-04-28 23:48:14.246","7ed1b866-0e65-4a2f-ada8-7e0539e36773","[PREMIUM]","Used",2023,"Mercedes-Benz","CLA 250",,"[PREMIUM]","[PREMIUM]",13323,"Sedan","Blue","CREAM","Four-wheel Drive",,,"Gasoline",,,"dealership","[PREMIUM]","Columbus","GA","[PREMIUM]",,"[]",,,"[PREMIUM]"
"8e2455d8-d4a4-4559-be76-62e85cc67ae0","2026-04-22 23:47:35.539","2026-04-22 23:47:35.539","8e2455d8-d4a4-4559-be76-62e85cc67ae0","[PREMIUM]","Used",2023,"Chevrolet","Traverse","LT Cloth","[PREMIUM]","[PREMIUM]",26267,"SUV","Black","BLACK","Four-wheel Drive",,,"Gasoline",,,"dealership","[PREMIUM]","Glencoe","IL","[PREMIUM]",,"[]",,,"[PREMIUM]"
"96c66485-23c2-4472-a5fb-3620913ccb43","2026-04-22 23:47:35.508","2026-04-22 23:47:35.508","96c66485-23c2-4472-a5fb-3620913ccb43","[PREMIUM]","Used",2023,"Audi","A6","Premium","[PREMIUM]","[PREMIUM]",26363,"Sedan","Gray","BLACK","Four-wheel Drive",,,"Gasoline",,,"dealership","[PREMIUM]","Lynnwood","WA","[PREMIUM]",,"[]",,,"[PREMIUM]"
"06f791cb-5dd5-4bef-899d-0b2bf44502ee","2026-04-22 23:47:35.491","2026-04-22 23:47:35.491","06f791cb-5dd5-4bef-899d-0b2bf44502ee","[PREMIUM]","Used",2023,"Ford","Transit-250","Base","[PREMIUM]","[PREMIUM]",65266,"Cargo Van","Oxford White","Dark Palazzo Gray","Rear-wheel Drive",,,"Gasoline",,,"dealership","[PREMIUM]","Miami","FL","[PREMIUM]",,"[]",,,"[PREMIUM]"
"46c1bb98-191e-4a27-8b5e-e5d56ab1e7ba","2026-04-22 23:47:35.461","2026-04-22 23:47:35.461","46c1bb98-191e-4a27-8b5e-e5d56ab1e7ba","[PREMIUM]","Used",2023,"BMW","530e","e xDrive","[PREMIUM]","[PREMIUM]",42249,"Sedan","Gray","BLACK","Four-wheel Drive",,,"Plug-In Hybrid",,,"dealership","[PREMIUM]","Garland","TX","[PREMIUM]",,"[]",,,"[PREMIUM]"
"eb2da4e6-3952-4979-a0c5-648ca4b4e736","2026-04-22 23:47:35.359","2026-04-22 23:47:35.359","eb2da4e6-3952-4979-a0c5-648ca4b4e736","[PREMIUM]","Used",2023,"RAM","1500","Bighorn","[PREMIUM]","[PREMIUM]",24409,"Truck","Blue","GRAY","Four-wheel Drive",,,"Gasoline",,,"dealership","[PREMIUM]","Knoxville","TN","[PREMIUM]",,"[]",,,"[PREMIUM]"
"20bccffb-748d-4d64-93a4-a5a22eb90619","2026-04-22 23:47:35.284","2026-04-22 23:47:35.284","20bccffb-748d-4d64-93a4-a5a22eb90619","[PREMIUM]","Used",2023,"Audi","Q5","S-Line Premium","[PREMIUM]","[PREMIUM]",21412,"SUV","White","BLACK","Four-wheel Drive",,,"Gasoline",,,"dealership","[PREMIUM]","Palm Desert","CA","[PREMIUM]",,"[]",,,"[PREMIUM]"
"61f08430-ba5e-4b93-b70a-c6d4a1eb9f6e","2026-04-22 23:47:35.246","2026-04-22 23:47:35.246","61f08430-ba5e-4b93-b70a-c6d4a1eb9f6e","[PREMIUM]","Used",2023,"Tesla","Model Y","Long Range","[PREMIUM]","[PREMIUM]",41940,"SUV","Black","WHITE","Four-wheel Drive",,,"Electric",,,"dealership","[PREMIUM]","Brooklyn Park","MN","[PREMIUM]",,"[]",,,"[PREMIUM]"
"4c51d4f1-9905-40dd-b432-2c4f7110ef6b","2026-04-22 23:47:35.229","2026-04-22 23:47:35.229","4c51d4f1-9905-40dd-b432-2c4f7110ef6b","[PREMIUM]","Used",2023,"Jeep","Grand Cherokee","Summit","[PREMIUM]","[PREMIUM]",66235,"SUV","White","BLACK","Four-wheel Drive",,,"Gasoline",,,"dealership","[PREMIUM]","Knoxville","TN","[PREMIUM]",,"[]",,,"[PREMIUM]"
"47a3d8fe-bfc5-4cb0-9289-350136b15b09","2026-04-22 23:47:35.216","2026-04-22 23:47:35.216","47a3d8fe-bfc5-4cb0-9289-350136b15b09","[PREMIUM]","Used",2023,"Toyota","Tacoma","SR5","[PREMIUM]","[PREMIUM]",28536,"Truck","White","GRAY","Rear-wheel Drive",,,"Gasoline",,,"dealership","[PREMIUM]","Baton Rouge","LA","[PREMIUM]",,"[]",,,"[PREMIUM]"
"bb97f5fd-d7c1-4a40-bdf9-2653aff81a61","2026-04-22 23:47:35.198","2026-04-22 23:47:35.198","bb97f5fd-d7c1-4a40-bdf9-2653aff81a61","[PREMIUM]","Used",2023,"Jeep","Wrangler 4xe","Sahara","[PREMIUM]","[PREMIUM]",27960,"SUV","Sting-Gray Clearcoat","Dark Saddle/Black","Four-wheel Drive",,,"Gasoline",,,"dealership","[PREMIUM]","LaFollette","TN","[PREMIUM]",,"[]",,,"[PREMIUM]"
"5f974603-086f-4e17-81cc-e5e10bb65883","2026-04-22 23:47:35.173","2026-04-22 23:47:35.173","5f974603-086f-4e17-81cc-e5e10bb65883","[PREMIUM]","Used",2023,"Subaru","Outback","Wilderness","[PREMIUM]","[PREMIUM]",37872,"SUV","Gray","Gray",,,,,,,"dealership","[PREMIUM]","San Diego","CA","[PREMIUM]",,"[]",,,"[PREMIUM]"
"8d0facf3-9f2e-4ffe-842b-0dbc84e23b24","2026-04-22 23:47:24.802","2026-04-22 23:47:24.802","8d0facf3-9f2e-4ffe-842b-0dbc84e23b24","[PREMIUM]","Used",2023,"Audi","A6","Premium","[PREMIUM]","[PREMIUM]",25334,"Sedan","Black","BLACK","Four-wheel Drive",,,"Gasoline",,,"dealership","[PREMIUM]","Oxnard","CA","[PREMIUM]",,"[]",,,"[PREMIUM]"
"3ebdeb70-c7fb-43dd-b0f1-ad0c2f974f86","2026-04-22 23:47:24.801","2026-04-22 23:47:24.801","3ebdeb70-c7fb-43dd-b0f1-ad0c2f974f86","[PREMIUM]","Used",2023,"Buick","Envision","Avenir","[PREMIUM]","[PREMIUM]",10509,"SUV","Black","BLACK","Rear-wheel Drive",,,"Gasoline",,,"dealership","[PREMIUM]","Houston","TX","[PREMIUM]",,"[]",,,"[PREMIUM]"
"abde925a-9853-4c72-a3ec-35036c3e6224","2026-04-22 23:47:24.790","2026-04-22 23:47:24.790","abde925a-9853-4c72-a3ec-35036c3e6224","[PREMIUM]","Used",2023,"RAM","1500","Tradesman","[PREMIUM]","[PREMIUM]",39990,"Truck","White","GRAY","Four-wheel Drive",,,"Gasoline",,,"dealership","[PREMIUM]","Oklahoma City","OK","[PREMIUM]",,"[]",,,"[PREMIUM]"
"5b4716d4-aa84-4359-a25e-681576c3073a","2026-04-22 23:47:24.771","2026-04-22 23:47:24.771","5b4716d4-aa84-4359-a25e-681576c3073a","[PREMIUM]","Used",2023,"Subaru","Ascent","Onyx Edition Limited","[PREMIUM]","[PREMIUM]",31290,"SUV","Black","GRAY","4WD",,,"Gas",,,"dealership","[PREMIUM]","Buford","GA","[PREMIUM]",,"[]",,,"[PREMIUM]"
"fb998891-1463-4378-b36f-2469d22af047","2026-04-22 23:47:24.771","2026-04-22 23:47:24.771","fb998891-1463-4378-b36f-2469d22af047","[PREMIUM]","Used",2023,"Toyota","RAV4","XLE","[PREMIUM]","[PREMIUM]",17016,"SUV","Gray","GRAY","Four-wheel Drive",,,"Gasoline",,,"dealership","[PREMIUM]","Tyler","TX","[PREMIUM]",,"[]",,,"[PREMIUM]"
"2df3fdd6-9bb3-4e31-84ec-7036950884c2","2026-04-22 23:47:24.757","2026-04-22 23:47:24.757","2df3fdd6-9bb3-4e31-84ec-7036950884c2","[PREMIUM]","Used",2023,"RAM","1500 Classic","Tradesman","[PREMIUM]","[PREMIUM]",37806,"Truck","White","GRAY","Four-wheel Drive",,,"Gasoline",,,"dealership","[PREMIUM]","Charleston","SC","[PREMIUM]",,"[]",,,"[PREMIUM]"
"48700da6-710b-4888-b41b-3ab0d955a89c","2026-04-22 23:47:24.753","2026-04-22 23:47:24.753","48700da6-710b-4888-b41b-3ab0d955a89c","[PREMIUM]","Used",2023,"Jeep","Wrangler","Unlimited Willys","[PREMIUM]","[PREMIUM]",37395,"SUV","Red","BLACK","Four-wheel Drive",,,"Gasoline",,,"dealership","[PREMIUM]","Indianapolis","IN","[PREMIUM]",,"[]",,,"[PREMIUM]"
"627ba601-795d-4586-81bd-2171ab82b354","2026-04-22 23:47:24.753","2026-05-01 23:47:59.997","627ba601-795d-4586-81bd-2171ab82b354","[PREMIUM]","Used",2023,"Chevrolet","Silverado 1500","Custom","[PREMIUM]","[PREMIUM]",39051,"Truck","Red","BLACK","Rear-wheel Drive",,,"Gasoline",,,"dealership","[PREMIUM]","Houston","TX","[PREMIUM]",,"[]",,,"[PREMIUM]"
"de953947-d7ce-4e4e-a666-c87ac25b2bf3","2026-04-22 23:47:24.731","2026-04-22 23:47:24.731","de953947-d7ce-4e4e-a666-c87ac25b2bf3","[PREMIUM]","Used",2023,"Acura","RDX","A-Spec","[PREMIUM]","[PREMIUM]",52481,"SUV","White","Red","All-wheel Drive",,,"Gasoline",,,"dealership","[PREMIUM]","Woodbridge","VA","[PREMIUM]",,"[]",,,"[PREMIUM]"
"0eadd7b7-5bc9-4390-900a-577793985fdf","2026-04-22 23:47:04.532","2026-04-22 23:47:04.532","0eadd7b7-5bc9-4390-900a-577793985fdf","[PREMIUM]","Used",2024,"Mazda","CX-90","3.3 Turbo Premium Plus","[PREMIUM]","[PREMIUM]",25110,"SUV","Rhodium White Premium","Black","All-wheel Drive",,,"Gasoline",,,"dealership","[PREMIUM]","Sheboygan","WI","[PREMIUM]",,"[]",,,"[PREMIUM]"
"9279d857-ee12-4d5d-8f74-783f1ce4eac0","2026-04-22 23:47:04.507","2026-04-22 23:47:04.507","9279d857-ee12-4d5d-8f74-783f1ce4eac0","[PREMIUM]","Used",2024,"Honda","CR-V","EX 2WD","[PREMIUM]","[PREMIUM]",21719,"SUV","sparkle silver metallic","Black","Front-wheel Drive",,,"Gasoline",,,"dealership","[PREMIUM]","Westminster","CA","[PREMIUM]",,"[]",,,"[PREMIUM]"
"bb83e070-c3cd-4152-bd97-75ae0a87f360","2026-04-22 23:46:54.457","2026-04-22 23:46:54.457","bb83e070-c3cd-4152-bd97-75ae0a87f360","[PREMIUM]","Used",2024,"Hyundai","IONIQ 5","Limited","[PREMIUM]","[PREMIUM]",9974,"SUV","Digital Teal","Dark Green","Rear-wheel Drive",,,"Electric",,,"dealership","[PREMIUM]","San Francisco","CA","[PREMIUM]",,"[]",,,"[PREMIUM]"
"ca9bf663-ec4d-4897-9c75-d85089cae5fd","2026-04-22 23:46:54.378","2026-04-22 23:46:54.378","ca9bf663-ec4d-4897-9c75-d85089cae5fd","[PREMIUM]","Used",2024,"Tesla","Model 3","Long Range","[PREMIUM]","[PREMIUM]",21137,"Sedan","Solid Black","Black","Rear-wheel Drive",,,"Electric",,,"dealership","[PREMIUM]","San Francisco","CA","[PREMIUM]",,"[]",,,"[PREMIUM]"
"36e37aff-0131-4785-9e7f-3a15e0787293","2026-04-22 23:46:24.219","2026-04-22 23:46:24.219","36e37aff-0131-4785-9e7f-3a15e0787293","[PREMIUM]","Used",2024,"Hyundai","SANTA FE","SEL 2.4","[PREMIUM]","[PREMIUM]",23196,"SUV","Serenity White","Black","All-wheel Drive",,,"Gasoline",,,"dealership","[PREMIUM]","Joliet","IL","[PREMIUM]",,"[]",,,"[PREMIUM]"
"df95d443-26bd-4958-a2ae-e0ceb6860cea","2026-04-22 23:46:24.172","2026-04-22 23:46:24.172","df95d443-26bd-4958-a2ae-e0ceb6860cea","[PREMIUM]","Used",2024,"Chrysler","Pacifica Hybrid","Select","[PREMIUM]","[PREMIUM]",57532,"Minivan","Silver Mist Clearcoat","Black/Alloy/Black","Front-wheel Drive",,,"Hybrid",,,"dealership","[PREMIUM]","Tyler","TX","[PREMIUM]",,"[]",,,"[PREMIUM]"
"fa4bf832-4dfa-4c06-a000-70b4455397ae","2026-04-22 23:46:24.170","2026-04-22 23:46:24.170","fa4bf832-4dfa-4c06-a000-70b4455397ae","[PREMIUM]","Used",2024,"BMW","430","i","[PREMIUM]","[PREMIUM]",32645,"Coupe","Alpine White","Tacora Red","Rear-wheel Drive",,,"Gasoline",,,"dealership","[PREMIUM]","Costa Mesa","CA","[PREMIUM]",,"[]",,,"[PREMIUM]"
"37594128-39c9-47cc-8c26-84c597604d24","2026-04-22 23:46:24.152","2026-04-22 23:46:24.152","37594128-39c9-47cc-8c26-84c597604d24","[PREMIUM]","Used",2024,"Toyota","GR86","Premium","[PREMIUM]","[PREMIUM]",20072,"Coupe","Steel","Black","Rear-wheel Drive",,,"Gasoline",,,"dealership","[PREMIUM]","Bend","OR","[PREMIUM]",,"[]",,,"[PREMIUM]"
"08817ab4-697e-44e2-984a-f14573098a68","2026-04-22 23:46:24.149","2026-04-22 23:46:24.149","08817ab4-697e-44e2-984a-f14573098a68","[PREMIUM]","Used",2024,"Hyundai","IONIQ 6","Limited","[PREMIUM]","[PREMIUM]",22045,"Sedan","Onyx Black","Gray","All-wheel Drive",,,"Electric",,,"dealership","[PREMIUM]","Portland","OR","[PREMIUM]",,"[]",,,"[PREMIUM]"
"9807cde0-1aa1-4fe3-bda1-d691ddab1c90","2026-04-22 23:46:24.146","2026-04-22 23:46:24.146","9807cde0-1aa1-4fe3-bda1-d691ddab1c90","[PREMIUM]","Used",2024,"Honda","Odyssey","EX-L","[PREMIUM]","[PREMIUM]",46668,"Passenger Van","Obsidian Blue Pearl","Beige","Front-wheel Drive",,,"Gasoline",,,"dealership","[PREMIUM]","Dayton","OH","[PREMIUM]",,"[]",,,"[PREMIUM]"
"7b5cb933-91ee-4ae5-86b2-d6a28bfa0176","2026-04-22 23:46:24.135","2026-04-22 23:46:24.135","7b5cb933-91ee-4ae5-86b2-d6a28bfa0176","[PREMIUM]","Used",2024,"Toyota","Crown","XLE","[PREMIUM]","[PREMIUM]",32000,"Sedan","Black","Black","All-wheel Drive",,,"Gasoline",,,"dealership","[PREMIUM]","Hammond","LA","[PREMIUM]",,"[]",,,"[PREMIUM]"
"aae6fe42-98bf-4c9d-b7e4-789a1daecfae","2026-04-22 23:46:13.909","2026-04-22 23:46:13.909","aae6fe42-98bf-4c9d-b7e4-789a1daecfae","[PREMIUM]","Used",2024,"Cadillac","LYRIQ","Tech","[PREMIUM]","[PREMIUM]",18672,"SUV","White",,"Rear-wheel Drive",,,"Electric",,,"dealership","[PREMIUM]","Ottawa","OH","[PREMIUM]",,"[]",,,"[PREMIUM]"
"d26e11d4-1a0b-400f-bf4a-6be936326fb1","2026-04-22 23:46:13.908","2026-04-22 23:46:13.908","d26e11d4-1a0b-400f-bf4a-6be936326fb1","[PREMIUM]","Used",2024,"Ford","Mustang","EcoBoost Premium","[PREMIUM]","[PREMIUM]",11950,"Coupe","Carbonized Gray Metallic","Black Onyx","Rear-wheel Drive",,,"Gasoline",,,"dealership","[PREMIUM]","Avondale","AZ","[PREMIUM]",,"[]",,,"[PREMIUM]"
"620ab21d-0953-4857-b2f1-ea327cbff323","2026-04-22 23:46:13.897","2026-04-22 23:46:13.897","620ab21d-0953-4857-b2f1-ea327cbff323","[PREMIUM]","Used",2024,"Jeep","Grand Cherokee L","Altitude","[PREMIUM]","[PREMIUM]",33807,"SUV","Silver Zynith","Global Black","Four-wheel Drive",,,"Gasoline",,,"dealership","[PREMIUM]","Bellevue","NE","[PREMIUM]",,"[]",,,"[PREMIUM]"
"69131ab8-bfba-424b-9016-34dfa9aee517","2026-04-22 23:46:13.860","2026-04-22 23:46:13.860","69131ab8-bfba-424b-9016-34dfa9aee517","[PREMIUM]","Used",2024,"Honda","CR-V","EX-L AWD","[PREMIUM]","[PREMIUM]",28415,"SUV","Black",,"All-wheel Drive",,,"Gasoline",,,"dealership","[PREMIUM]","Avondale","AZ","[PREMIUM]",,"[]",,,"[PREMIUM]"
"7426aaf7-c436-49ff-8052-e696120c8ad0","2026-04-22 23:46:13.847","2026-04-22 23:46:13.847","7426aaf7-c436-49ff-8052-e696120c8ad0","[PREMIUM]","Used",2024,"Ford","Mustang","EcoBoost Premium","[PREMIUM]","[PREMIUM]",41337,"Convertible","Shadow Black","Space Gray","Rear-wheel Drive",,,"Gasoline",,,"dealership","[PREMIUM]","Amherst","OH","[PREMIUM]",,"[]",,,"[PREMIUM]"
"b3a969ad-a4d7-405e-99b4-eb3e473ff11c","2026-04-22 23:46:13.846","2026-04-22 23:46:13.846","b3a969ad-a4d7-405e-99b4-eb3e473ff11c","[PREMIUM]","Used",2024,"Kia","Sportage Plug-In Hybrid","X-Line","[PREMIUM]","[PREMIUM]",25379,"SUV","Fusion Orange","Black","All-wheel Drive",,,"Hybrid",,,"dealership","[PREMIUM]","North Hampton","NH","[PREMIUM]",,"[]",,,"[PREMIUM]"
"e99e1dc6-e322-49c5-b230-cd8d086d1f01","2026-04-22 23:46:13.819","2026-04-22 23:46:13.819","e99e1dc6-e322-49c5-b230-cd8d086d1f01","[PREMIUM]","Used",2024,"Toyota","RAV4","XLE Premium","[PREMIUM]","[PREMIUM]",84040,"SUV","Midnight Black Metallic","Black","Front-wheel Drive",,,"Gasoline",,,"dealership","[PREMIUM]","Richmond","TX","[PREMIUM]",,"[]",,,"[PREMIUM]"
"4ef00f66-a686-4e4d-8be8-1a1303ce5345","2026-04-22 23:46:03.520","2026-04-22 23:46:03.520","4ef00f66-a686-4e4d-8be8-1a1303ce5345","[PREMIUM]","Used",2024,"Honda","CR-V Hybrid","Sport FWD","[PREMIUM]","[PREMIUM]",35929,"SUV","Platinum White Pearl","Black","Front-wheel Drive",,,"Hybrid",,,"dealership","[PREMIUM]","Ontario","CA","[PREMIUM]",,"[]",,,"[PREMIUM]"
"eb6248d6-aae2-4757-b10e-05323df70523","2026-04-22 23:46:03.459","2026-04-22 23:46:03.459","eb6248d6-aae2-4757-b10e-05323df70523","[PREMIUM]","Used",2024,"Honda","CR-V Hybrid","Sport AWD","[PREMIUM]","[PREMIUM]",54350,"SUV",,"Black","All-wheel Drive",,,"Hybrid",,,"dealership","[PREMIUM]","Wichita Falls","TX","[PREMIUM]",,"[]",,,"[PREMIUM]"
"724bc4d1-8dac-48e2-88e5-2988c9da0673","2026-04-22 23:46:03.455","2026-04-22 23:46:03.455","724bc4d1-8dac-48e2-88e5-2988c9da0673","[PREMIUM]","Used",2024,"Jeep","Grand Cherokee","Altitude","[PREMIUM]","[PREMIUM]",9700,"SUV","Bright White Clearcoat","Global Black","Rear-wheel Drive",,,"Gasoline",,,"dealership","[PREMIUM]","LA","CA","[PREMIUM]",,"[]",,,"[PREMIUM]"
"b95268eb-59f6-4ec8-8324-a404ef3bd851","2026-04-22 23:46:03.444","2026-04-22 23:46:03.444","b95268eb-59f6-4ec8-8324-a404ef3bd851","[PREMIUM]","Used",2024,"Mazda","CX-90 PHEV","Premium","[PREMIUM]","[PREMIUM]",32187,"SUV","Rhodium White Premium","Black","All-wheel Drive",,,"Gasoline",,,"dealership","[PREMIUM]","Grand Junction","CO","[PREMIUM]",,"[]",,,"[PREMIUM]"
"4f27b2e4-e54d-4072-abf9-92b71759345b","2026-04-22 23:46:03.425","2026-04-22 23:46:03.425","4f27b2e4-e54d-4072-abf9-92b71759345b","[PREMIUM]","Used",2024,"Jeep","Grand Cherokee L","Limited","[PREMIUM]","[PREMIUM]",54415,"SUV","Diamond Black Crystal Pearlcoat","Global Black","Four-wheel Drive",,,"Gasoline",,,"dealership","[PREMIUM]","Middlebury","VT","[PREMIUM]",,"[]",,,"[PREMIUM]"
"74f25603-aeca-4232-b860-9035b36b8a66","2026-04-22 23:45:43.158","2026-04-22 23:45:43.158","74f25603-aeca-4232-b860-9035b36b8a66","[PREMIUM]","Used",2024,"Jeep","Wrangler 4xe","Sport","[PREMIUM]","[PREMIUM]",5380,"SUV","Anvil Clearcoat","Black","Four-wheel Drive",,,"Hybrid",,,"dealership","[PREMIUM]","Louisville","KY","[PREMIUM]",,"[]",,,"[PREMIUM]"
"23cfd5d1-d842-4811-ab96-08c64ce64264","2026-04-22 23:45:43.128","2026-04-22 23:45:43.128","23cfd5d1-d842-4811-ab96-08c64ce64264","[PREMIUM]","Used",2024,"Toyota","RAV4","XLE Premium","[PREMIUM]","[PREMIUM]",31313,"SUV","Magnetic Gray Metallic","Black","Front-wheel Drive",,,"Gasoline",,,"dealership","[PREMIUM]","Houston","TX","[PREMIUM]",,"[]",,,"[PREMIUM]"
"bbbfde21-4450-460c-a945-3c74519ac06f","2026-04-22 23:45:43.092","2026-04-22 23:45:43.092","bbbfde21-4450-460c-a945-3c74519ac06f","[PREMIUM]","Used",2024,"Tesla","Model Y","Long Range Dual Motor All-Wheel Drive","[PREMIUM]","[PREMIUM]",62073,"SUV","Stealth Grey","Black","All-wheel Drive",,,"Electric",,,"dealership","[PREMIUM]","Baytown","TX","[PREMIUM]",,"[]",,,"[PREMIUM]"
"e39fcebd-cc6a-47e1-b15a-34fa803fa13c","2026-04-22 23:45:33.083","2026-04-22 23:45:33.083","e39fcebd-cc6a-47e1-b15a-34fa803fa13c","[PREMIUM]","Used",2024,"Honda","CR-V","EX-L","[PREMIUM]","[PREMIUM]",27741,"SUV","Crystal",,"All-wheel Drive",,,"Gasoline",,,"dealership","[PREMIUM]","Union","NJ","[PREMIUM]",,"[]",,,"[PREMIUM]"
"ce872880-3661-48b7-9650-ab6e957e4c5e","2026-04-22 23:45:33.045","2026-04-22 23:45:33.045","ce872880-3661-48b7-9650-ab6e957e4c5e","[PREMIUM]","Used",2024,"Ford","Edge","Titanium","[PREMIUM]","[PREMIUM]",20646,"SUV","White",,"All-wheel Drive",,,"Gasoline",,,"dealership","[PREMIUM]","Chandler","AZ","[PREMIUM]",,"[]",,,"[PREMIUM]"
"90f0c906-478a-4927-ac05-9926d55c16dc","2026-04-22 23:45:33.036","2026-04-22 23:45:33.036","90f0c906-478a-4927-ac05-9926d55c16dc","[PREMIUM]","Used",2024,"Buick","Envision","Sport Touring","[PREMIUM]","[PREMIUM]",9777,"SUV","Moonstone Gray Metallic","Ebony","All-wheel Drive",,,"Gasoline",,,"dealership","[PREMIUM]","Merrillville","IN","[PREMIUM]",,"[]",,,"[PREMIUM]"
"d30a485a-1ec1-4a8c-8a71-65a65d307fc4","2026-04-22 23:45:33.036","2026-04-22 23:45:33.036","d30a485a-1ec1-4a8c-8a71-65a65d307fc4","[PREMIUM]","Used",2024,"GMC","Sierra 1500","Pro","[PREMIUM]","[PREMIUM]",9910,"Truck","Onyx Black","Jet Black","Four-wheel Drive",,,"Gasoline",,,"dealership","[PREMIUM]","South Salt Lake City","UT","[PREMIUM]",,"[]",,,"[PREMIUM]"
"ea75bfc1-6925-45ae-bae6-588da6eaf172","2026-04-22 23:45:33.000","2026-04-22 23:45:33.000","ea75bfc1-6925-45ae-bae6-588da6eaf172","[PREMIUM]","Used",2024,"Volkswagen","Golf GTI","2.0T SE DSG","[PREMIUM]","[PREMIUM]",32672,"Hatchback","Opal White Pearl","Titan Black","Front-wheel Drive",,,"Gasoline",,,"dealership","[PREMIUM]","St. Cloud","MN","[PREMIUM]",,"[]",,,"[PREMIUM]"
"0154575d-c4d7-4627-b3b5-569fbe0386ae","2026-04-22 23:45:23.031","2026-04-22 23:45:23.031","0154575d-c4d7-4627-b3b5-569fbe0386ae","[PREMIUM]","Used",2024,"Ford","F-150","STX","[PREMIUM]","[PREMIUM]",31953,"Truck","White","BLACK","Rear-wheel Drive",,,"Gasoline",,,"dealership","[PREMIUM]","Palmdale","CA","[PREMIUM]",,"[]",,,"[PREMIUM]"
"ffc14881-14f0-4641-b936-177d7a333b13","2026-04-22 23:45:22.706","2026-04-22 23:45:22.706","ffc14881-14f0-4641-b936-177d7a333b13","[PREMIUM]","Used",2024,"Jeep","Wrangler","Sport","[PREMIUM]","[PREMIUM]",29326,"SUV","Granite Crystal Clearcoat Metallic","Black","Four-wheel Drive",,,"Gasoline",,,"dealership","[PREMIUM]","Tulsa","OK","[PREMIUM]",,"[]",,,"[PREMIUM]"
"9f8bd5eb-e833-42df-a028-4ebfaeb93cae","2026-04-22 23:45:22.700","2026-04-22 23:45:22.700","9f8bd5eb-e833-42df-a028-4ebfaeb93cae","[PREMIUM]","Used",2024,"Honda","CR-V","EX AWD","[PREMIUM]","[PREMIUM]",12290,"SUV","Platinum White Pearl","Black","All-wheel Drive",,,"Gasoline",,,"dealership","[PREMIUM]","Tenafly","NJ","[PREMIUM]",,"[]",,,"[PREMIUM]"
"42f26cf8-7149-4074-874a-301dc7016b76","2026-04-22 23:45:12.442","2026-04-22 23:45:12.442","42f26cf8-7149-4074-874a-301dc7016b76","[PREMIUM]","Used",2024,"Honda","CR-V Hybrid","Sport Touring AWD","[PREMIUM]","[PREMIUM]",43020,"SUV","Urban Gray Pearl","Black","All-wheel Drive",,,"Hybrid",,,"dealership","[PREMIUM]","Tenafly","NJ","[PREMIUM]",,"[]",,,"[PREMIUM]"
"c267b93d-abd8-4200-a48e-eebd3f103362","2026-04-22 23:45:12.420","2026-04-22 23:45:12.420","c267b93d-abd8-4200-a48e-eebd3f103362","[PREMIUM]","Used",2024,"Subaru","Forester","Wilderness","[PREMIUM]","[PREMIUM]",12076,"SUV","Blue","GRAY","Four-wheel Drive",,,"Gasoline",,,"dealership","[PREMIUM]","Henderson","NV","[PREMIUM]",,"[]",,,"[PREMIUM]"
"0a66cf60-4678-4e83-b2d7-a2cae3c58434","2026-04-22 23:45:12.397","2026-04-22 23:45:12.397","0a66cf60-4678-4e83-b2d7-a2cae3c58434","[PREMIUM]","Used",2024,"Mazda","CX-90","Turbo Preferred","[PREMIUM]","[PREMIUM]",28510,"SUV","Black","BLACK","Four-wheel Drive",,,"Gasoline",,,"dealership","[PREMIUM]","Virginia Beach","VA","[PREMIUM]",,"[]",,,"[PREMIUM]"
"7d5bd22e-9b0d-409f-9244-5203d613f30d","2026-04-22 23:45:12.393","2026-04-22 23:45:12.393","7d5bd22e-9b0d-409f-9244-5203d613f30d","[PREMIUM]","Used",2024,"Jeep","Wrangler 4xe","Sahara","[PREMIUM]","[PREMIUM]",29410,"SUV","Gray","BLACK","Four-wheel Drive",,,"Plug-In Hybrid",,,"dealership","[PREMIUM]","South Portland","ME","[PREMIUM]",,"[]",,,"[PREMIUM]"
"cbba63b9-e43c-4c11-8fdd-8321ef6bc5d2","2026-04-22 23:45:12.378","2026-04-22 23:45:12.378","cbba63b9-e43c-4c11-8fdd-8321ef6bc5d2","[PREMIUM]","Used",2024,"Toyota","4Runner","SR5 Premium","[PREMIUM]","[PREMIUM]",24499,"SUV","Ice Cap","Black/Graphite","Rear-wheel Drive",,,"Gasoline",,,"dealership","[PREMIUM]","South Salt Lake City","UT","[PREMIUM]",,"[]",,,"[PREMIUM]"
"20e51813-e8fe-4067-9806-7d12399fe000","2026-04-22 23:45:12.370","2026-04-22 23:45:12.370","20e51813-e8fe-4067-9806-7d12399fe000","[PREMIUM]","Used",2024,"Ford","Expedition","XLT","[PREMIUM]","[PREMIUM]",46998,"SUV","Black Metallic","Black Onyx","Four Wheel Drive",,,"Regular unleaded",,,"dealership","[PREMIUM]","South Salt Lake City","UT","[PREMIUM]",,"[]",,,"[PREMIUM]"
"775b5829-3d41-4ee7-b4e2-c435bac6e587","2026-04-22 23:45:12.369","2026-04-22 23:45:12.369","775b5829-3d41-4ee7-b4e2-c435bac6e587","[PREMIUM]","Used",2024,"Hyundai","SANTA FE","SEL","[PREMIUM]","[PREMIUM]",14859,"SUV","Silver","GRAY","Rear-wheel Drive",,,"Gasoline",,,"dealership","[PREMIUM]","Kenosha","WI","[PREMIUM]",,"[]",,,"[PREMIUM]"
"f8ef4f31-eded-4d3a-b419-3408d1294191","2026-04-22 23:45:12.369","2026-04-22 23:45:12.369","f8ef4f31-eded-4d3a-b419-3408d1294191","[PREMIUM]","Used",2024,"Honda","CR-V",,"[PREMIUM]","[PREMIUM]",24509,"SUV","Urban Gray Pearl","Black",,,,"Gasoline",,,"dealership","[PREMIUM]","Greenfield","WI","[PREMIUM]",,"[]",,,"[PREMIUM]"
"7d4d6304-c341-471b-bf8b-ce1ae43a888b","2026-04-22 23:45:02.133","2026-04-22 23:45:02.133","7d4d6304-c341-471b-bf8b-ce1ae43a888b","[PREMIUM]","Used",2024,"Nissan","Pathfinder","SV 4WD","[PREMIUM]","[PREMIUM]",17084,"SUV","Super Black","Charcoal","Four-wheel Drive",,,"Gasoline",,,"dealership","[PREMIUM]","Duncansville","PA","[PREMIUM]",,"[]",,,"[PREMIUM]"
"1d357d9c-5aec-4cda-926e-f7ff368fc74d","2026-04-22 23:45:02.111","2026-04-22 23:45:02.111","1d357d9c-5aec-4cda-926e-f7ff368fc74d","[PREMIUM]","Used",2024,"Jeep","Wrangler 4xe","Sahara","[PREMIUM]","[PREMIUM]",21371,"SUV","Silver Zynith Clearcoat","Black","Four-wheel Drive",,,"Gasoline",,,"dealership","[PREMIUM]","Marlborough","MA","[PREMIUM]",,"[]",,,"[PREMIUM]"
"01e3ea78-3559-496a-8b1a-22ada5613946","2026-04-22 23:45:02.085","2026-04-22 23:45:02.085","01e3ea78-3559-496a-8b1a-22ada5613946","[PREMIUM]","Used",2024,"Honda","CR-V",,"[PREMIUM]","[PREMIUM]",9870,"SUV","Meteorite Gray Metallic","Gray",,,,"Gasoline",,,"dealership","[PREMIUM]","Altoona","PA","[PREMIUM]",,"[]",,,"[PREMIUM]"
"23cfa1c6-bdc2-4cdf-9afb-a98d4724fc6e","2026-04-22 23:44:52.090","2026-04-22 23:44:52.090","23cfa1c6-bdc2-4cdf-9afb-a98d4724fc6e","[PREMIUM]","Used",2024,"Volkswagen","Golf GTI","380 S","[PREMIUM]","[PREMIUM]",15559,"Hatchback","Black","BLACK","Rear-wheel Drive",,,"Gasoline",,,"dealership","[PREMIUM]","Indianapolis","IN","[PREMIUM]",,"[]",,,"[PREMIUM]"
"b06e8fe1-0936-418b-bbee-d148a5b89dab","2026-04-22 23:44:52.078","2026-04-22 23:44:52.078","b06e8fe1-0936-418b-bbee-d148a5b89dab","[PREMIUM]","Used",2024,"Jeep","Wrangler","Willys","[PREMIUM]","[PREMIUM]",47411,"SUV","Earl Clearcoat","Black","Four-wheel Drive",,,"Gasoline",,,"dealership","[PREMIUM]","Branford","CT","[PREMIUM]",,"[]",,,"[PREMIUM]"
"9dfa20a5-9fab-488d-8a7f-1d3db11c7d1b","2026-04-22 23:44:51.888","2026-04-22 23:44:51.888","9dfa20a5-9fab-488d-8a7f-1d3db11c7d1b","[PREMIUM]","New",2025,"Ford","Bronco Sport","Big Bend","[PREMIUM]","[PREMIUM]",0,"SUV","Oxford White","Medium Light Smoked Truffle","Four-wheel Drive",,,"Gasoline",,,"dealership","[PREMIUM]","Tacoma","WA","[PREMIUM]",,"[]",,,"[PREMIUM]"
"9ccc6c57-a114-4be1-a829-faaed950cfa1","2026-04-22 23:44:51.807","2026-04-22 23:44:51.807","9ccc6c57-a114-4be1-a829-faaed950cfa1","[PREMIUM]","Used",2024,"Honda","CR-V","EX-L 2WD","[PREMIUM]","[PREMIUM]",38568,"SUV","Radiant Red Metallic","Gray","Front-wheel Drive",,,"Gasoline",,,"dealership","[PREMIUM]","Van Nuys","CA","[PREMIUM]",,"[]",,,"[PREMIUM]"
"79b205f1-2afb-4b06-87b2-a1b4fc5e7f86","2026-04-22 23:44:51.788","2026-04-22 23:44:51.788","79b205f1-2afb-4b06-87b2-a1b4fc5e7f86","[PREMIUM]","Used",2024,"Jeep","Wrangler 4xe","Willy&#39;s","[PREMIUM]","[PREMIUM]",19903,"SUV","White","BLACK","Four-wheel Drive",,,"Plug-In Hybrid",,,"dealership","[PREMIUM]","Escondido","CA","[PREMIUM]",,"[]",,,"[PREMIUM]"
"55dcf99f-d0ee-42b1-93e7-9fdbdcc7e759","2026-04-22 23:44:51.775","2026-04-22 23:44:51.775","55dcf99f-d0ee-42b1-93e7-9fdbdcc7e759","[PREMIUM]","Used",2024,"Toyota","Tacoma","SR5","[PREMIUM]","[PREMIUM]",42372,"Truck","Black","Black","Rear-wheel Drive",,,"Gasoline",,,"dealership","[PREMIUM]","Bentonville","AR","[PREMIUM]",,"[]",,,"[PREMIUM]"
"640cf975-ee19-466b-908e-1cdd811f1318","2026-04-22 23:44:51.754","2026-04-22 23:44:51.754","640cf975-ee19-466b-908e-1cdd811f1318","[PREMIUM]","Used",2024,"Jeep","Wrangler 4xe","Willy&#39;s","[PREMIUM]","[PREMIUM]",25837,"SUV","Black","BLACK","Four-wheel Drive",,,"Plug-In Hybrid",,,"dealership","[PREMIUM]","Wilmington","NC","[PREMIUM]",,"[]",,,"[PREMIUM]"
"bb97d4cb-a58b-4d0c-a94a-03f1cd7064d3","2026-04-22 23:44:51.747","2026-04-28 23:45:23.095","bb97d4cb-a58b-4d0c-a94a-03f1cd7064d3","[PREMIUM]","Used",2024,"Toyota","4Runner","TRD Off Road Premium","[PREMIUM]","[PREMIUM]",31934,"SUV","White","Black","Four-wheel Drive",,,"Gasoline",,,"private","[PREMIUM]",,,"[PREMIUM]",,"[]",,,"[PREMIUM]"
"92c83a13-6083-40e0-9d30-220de66aa238","2026-04-22 23:44:41.822","2026-04-22 23:44:41.822","92c83a13-6083-40e0-9d30-220de66aa238","[PREMIUM]","Used",2025,"Ford","Bronco Sport","Outer Banks","[PREMIUM]","[PREMIUM]",20373,"SUV","CARBONIZED GRAY METALLIC","EBONY ROAST PREMIUM TRIM","Four-wheel Drive",,,"Gasoline",,,"dealership","[PREMIUM]","Huntington Beach","CA","[PREMIUM]",,"[]",,,"[PREMIUM]"
"7d7def0d-ffcf-4a19-a945-8c15a300c22f","2026-04-22 23:44:41.557","2026-04-22 23:44:41.557","7d7def0d-ffcf-4a19-a945-8c15a300c22f","[PREMIUM]","Used",2024,"RAM","1500","Laramie","[PREMIUM]","[PREMIUM]",56141,"Truck","White","BLACK","Rear-wheel Drive",,,"Gasoline",,,"dealership","[PREMIUM]","Sacramento","CA","[PREMIUM]",,"[]",,,"[PREMIUM]"
"14de0922-1458-4710-b8d6-7ef5f281d034","2026-04-22 23:44:41.469","2026-04-22 23:44:41.469","14de0922-1458-4710-b8d6-7ef5f281d034","[PREMIUM]","Used",2025,"Kia","Sportage","SX-Prestige","[PREMIUM]","[PREMIUM]",10867,"SUV","Ebony Black","Black","All-wheel Drive",,,"Gasoline",,,"dealership","[PREMIUM]","Omaha","NE","[PREMIUM]",,"[]",,,"[PREMIUM]"
"94db5bf7-347d-48b1-b2e1-40aed818bd74","2026-04-22 23:44:41.410","2026-04-22 23:44:41.410","94db5bf7-347d-48b1-b2e1-40aed818bd74","[PREMIUM]","Used",2025,"Jeep","Wrangler 4xe","Sahara","[PREMIUM]","[PREMIUM]",6386,"SUV","Granite Crystal Metallic Clearcoat","Black","Four-wheel Drive",,,"Gasoline",,,"dealership","[PREMIUM]","Matteson","IL","[PREMIUM]",,"[]",,,"[PREMIUM]"
"5a615e3d-4aef-4b13-80c6-2addffc13e76","2026-04-22 23:44:41.402","2026-04-22 23:44:41.402","5a615e3d-4aef-4b13-80c6-2addffc13e76","[PREMIUM]","Used",2025,"Ford","Mustang Mach-E","Select","[PREMIUM]","[PREMIUM]",5539,"SUV","DESERT SAND","Black Onyx","All-wheel Drive",,,"Electric",,,"dealership","[PREMIUM]","Cincinnati","OH","[PREMIUM]",,"[]",,,"[PREMIUM]"
"7193be19-5930-4bbb-9aa7-f0aef31360eb","2026-04-22 23:44:41.380","2026-04-22 23:44:41.380","7193be19-5930-4bbb-9aa7-f0aef31360eb","[PREMIUM]","Used",2024,"Toyota","Camry Hybrid","SE","[PREMIUM]","[PREMIUM]",15999,"Sedan","White","BLACK","Rear-wheel Drive",,,"Hybrid",,,"dealership","[PREMIUM]","Denton","TX","[PREMIUM]",,"[]",,,"[PREMIUM]"
"8dc604a6-24ad-4e00-af5d-794703735f8c","2026-04-22 23:44:31.082","2026-04-22 23:44:31.082","8dc604a6-24ad-4e00-af5d-794703735f8c","[PREMIUM]","Used",2025,"Nissan","Frontier","SV","[PREMIUM]","[PREMIUM]",16460,"Truck","Glacier White","Charcoal","Rear-wheel Drive",,,"Gasoline",,,"dealership","[PREMIUM]","Vero Beach","FL","[PREMIUM]",,"[]",,,"[PREMIUM]"
"3636081a-4a07-4938-a817-8a0efbb77965","2026-04-22 23:44:21.403","2026-04-22 23:44:21.403","3636081a-4a07-4938-a817-8a0efbb77965","[PREMIUM]","Used",2025,"Hyundai","SANTA FE","XRT","[PREMIUM]","[PREMIUM]",30231,"SUV","Rockwood Green","Black","All-wheel Drive",,,"Gasoline",,,"dealership","[PREMIUM]","Fond du Lac","WI","[PREMIUM]",,"[]",,,"[PREMIUM]"
"ff0d30c7-9a40-4717-acf1-3615cf64193c","2026-04-22 23:44:10.906","2026-04-22 23:44:10.906","ff0d30c7-9a40-4717-acf1-3615cf64193c","[PREMIUM]","Used",2025,"Jeep","Wrangler","Sport","[PREMIUM]","[PREMIUM]",17585,"SUV","Anvil Clearcoat","Black","Four-wheel Drive",,,"Gasoline",,,"dealership","[PREMIUM]","Rhinelander","WI","[PREMIUM]",,"[]",,,"[PREMIUM]"
"15a7eb01-1164-4998-8cae-871506703df8","2026-04-22 23:44:10.893","2026-04-22 23:44:10.893","15a7eb01-1164-4998-8cae-871506703df8","[PREMIUM]","Used",2025,"Acura","Integra","A-Spec","[PREMIUM]","[PREMIUM]",5249,"Hatchback","Gray","RED","Rear-wheel Drive",,,"Gasoline",,,"dealership","[PREMIUM]","Indianapolis","IN","[PREMIUM]",,"[]",,,"[PREMIUM]"
"d86b0116-4f07-4a30-b565-197535f4be10","2026-04-22 23:44:00.787","2026-04-22 23:44:00.787","d86b0116-4f07-4a30-b565-197535f4be10","[PREMIUM]","Used",2025,"Toyota","Camry","SE","[PREMIUM]","[PREMIUM]",10125,"Sedan","Heavy Metal","Black","Front-wheel Drive",,,"Gasoline",,,"dealership","[PREMIUM]","Odessa","TX","[PREMIUM]",,"[]",,,"[PREMIUM]"
"bfb5bda8-b2a1-45ab-927a-8765f88ed5d5","2026-04-22 23:44:00.777","2026-04-22 23:44:00.777","bfb5bda8-b2a1-45ab-927a-8765f88ed5d5","[PREMIUM]","Used",2025,"Hyundai","SANTA FE","SEL 2.4","[PREMIUM]","[PREMIUM]",23919,"SUV","Serenity White","Black","All-wheel Drive",,,"Hybrid",,,"dealership","[PREMIUM]","Midlothian","VA","[PREMIUM]",,"[]",,,"[PREMIUM]"
"195c406f-e31d-4adf-bade-199b4cbde707","2026-04-22 23:44:00.757","2026-04-22 23:44:00.757","195c406f-e31d-4adf-bade-199b4cbde707","[PREMIUM]","Used",2025,"Audi","Q3","Premium 45 TFSI S line quattro Tiptronic","[PREMIUM]","[PREMIUM]",7936,"SUV","Blue Metallic","Okapi Brown","All-wheel Drive",,,"Gasoline",,,"dealership","[PREMIUM]","San Juan","TX","[PREMIUM]",,"[]",,,"[PREMIUM]"
"eb796285-1ab0-4909-8c21-704b369d8cbe","2026-04-22 23:43:50.654","2026-04-22 23:43:50.654","eb796285-1ab0-4909-8c21-704b369d8cbe","[PREMIUM]","Used",2025,"Toyota","Camry","XSE","[PREMIUM]","[PREMIUM]",33810,"Sedan","Midnight Black Metallic","Cockpit Red","All-wheel Drive",,,"Gasoline",,,"dealership","[PREMIUM]","Oconomowoc","WI","[PREMIUM]",,"[]",,,"[PREMIUM]"
"1d0cda6e-e69c-4a17-8df6-908f5bac51bc","2026-04-22 23:43:40.512","2026-04-22 23:43:40.512","1d0cda6e-e69c-4a17-8df6-908f5bac51bc","[PREMIUM]","Used",2025,"MINI","Countryman","Cooper S ALL4","[PREMIUM]","[PREMIUM]",25726,"SUV","Blazing Blue Metallic","Beige","All-wheel Drive",,,"Gasoline",,,"dealership","[PREMIUM]","Gilbert","AZ","[PREMIUM]",,"[]",,,"[PREMIUM]"
"d819e9f1-6f00-4815-ab11-cd42ce10b8af","2026-04-22 23:43:40.510","2026-04-22 23:43:40.510","d819e9f1-6f00-4815-ab11-cd42ce10b8af","[PREMIUM]","Used",2025,"Subaru","Ascent","Premium 7-Passenger","[PREMIUM]","[PREMIUM]",17627,"SUV","Cosmic Blue Pearl","Slate Black","All-wheel Drive",,,"Gasoline",,,"dealership","[PREMIUM]","Dallas","TX","[PREMIUM]",,"[]",,,"[PREMIUM]"
"81ac5d21-5916-4bd9-b82a-16f6f2601a13","2026-04-22 23:43:40.484","2026-04-22 23:43:40.484","81ac5d21-5916-4bd9-b82a-16f6f2601a13","[PREMIUM]","Used",2025,"Chrysler","Pacifica Hybrid","Select","[PREMIUM]","[PREMIUM]",37040,"Minivan","Ceramic Gray Clearcoat","Black","Front-wheel Drive",,,"Hybrid",,,"dealership","[PREMIUM]","Sterling","VA","[PREMIUM]",,"[]",,,"[PREMIUM]"
"73de03c6-4ac9-4aa0-9c8c-0a23acd5d3f2","2026-04-22 23:43:40.478","2026-04-22 23:43:40.478","73de03c6-4ac9-4aa0-9c8c-0a23acd5d3f2","[PREMIUM]","Used",2025,"Chrysler","Pacifica","L","[PREMIUM]","[PREMIUM]",33562,"Minivan","Ceramic Gray Clearcoat","Black","Front-wheel Drive",,,"Gasoline",,,"dealership","[PREMIUM]","South Haven","MI","[PREMIUM]",,"[]",,,"[PREMIUM]"
"39804947-6c34-4949-9a58-ec67abddd1a2","2026-04-22 23:43:40.454","2026-04-22 23:43:40.454","39804947-6c34-4949-9a58-ec67abddd1a2","[PREMIUM]","Used",2025,"MINI","Hardtop","Cooper S","[PREMIUM]","[PREMIUM]",3428,"Hatchback","British Racing Green","Black/Blue","Front-wheel Drive",,,"Gasoline",,,"dealership","[PREMIUM]","North Canton","OH","[PREMIUM]",,"[]",,,"[PREMIUM]"
"aa70833a-3344-4f82-a648-9eb1734c5c33","2026-04-22 23:43:10.371","2026-04-22 23:43:10.371","aa70833a-3344-4f82-a648-9eb1734c5c33","[PREMIUM]","Used",2025,"Honda","Accord Hybrid","Sport-L","[PREMIUM]","[PREMIUM]",7175,"Sedan",,"Black","Front-wheel Drive",,,"Hybrid",,,"dealership","[PREMIUM]","Phoenix","AZ","[PREMIUM]",,"[]",,,"[PREMIUM]"
"19bf9935-0402-466a-986e-d140bc95060f","2026-04-22 23:43:10.246","2026-04-22 23:43:10.246","19bf9935-0402-466a-986e-d140bc95060f","[PREMIUM]","Used",2025,"Chevrolet","Silverado 1500","Custom","[PREMIUM]","[PREMIUM]",16648,"Truck","Summit White","Jet Black","Rear-wheel Drive",,,"Gasoline",,,"dealership","[PREMIUM]","Rainbow City","AL","[PREMIUM]",,"[]",,,"[PREMIUM]"
"39b75062-6873-4273-9636-32f680b791fd","2026-04-22 23:43:10.246","2026-04-22 23:43:10.246","39b75062-6873-4273-9636-32f680b791fd","[PREMIUM]","Used",2025,"Subaru","Outback","Onyx Edition","[PREMIUM]","[PREMIUM]",32527,"SUV","Autumn Green Metallic","Gray",,,,,,,"dealership","[PREMIUM]","Fayetteville","AR","[PREMIUM]",,"[]",,,"[PREMIUM]"
"80c7d32e-570b-44d2-ae7c-493e7ab76c9c","2026-04-22 23:42:20.439","2026-04-22 23:42:20.439","80c7d32e-570b-44d2-ae7c-493e7ab76c9c","[PREMIUM]","Used",2025,"Hyundai","TUCSON","Limited","[PREMIUM]","[PREMIUM]",24879,"SUV","Serenity White Pearl","Gray","Front-wheel Drive",,,"Gasoline",,,"dealership","[PREMIUM]","Lighthouse Point","FL","[PREMIUM]",,"[]",,,"[PREMIUM]"
"35c760ab-783a-4a51-964e-626c3255b699","2026-04-22 23:42:09.974","2026-04-22 23:42:09.974","35c760ab-783a-4a51-964e-626c3255b699","[PREMIUM]","Used",2025,"Toyota","Camry","XLE","[PREMIUM]","[PREMIUM]",26229,"Sedan","Underground","Black","All-wheel Drive",,,"Gasoline",,,"dealership","[PREMIUM]","Boston","MA","[PREMIUM]",,"[]",,,"[PREMIUM]"
"8d84a1b6-c460-4bef-91b0-9cd24539dd05","2026-04-22 23:42:09.960","2026-04-22 23:42:09.960","8d84a1b6-c460-4bef-91b0-9cd24539dd05","[PREMIUM]","Used",2025,"Toyota","Corolla Hybrid","SE","[PREMIUM]","[PREMIUM]",5437,"SUV","Sonic Silver/Jet Black","Black","All-wheel Drive",,,"Hybrid",,,"dealership","[PREMIUM]","Wilsonville","OR","[PREMIUM]",,"[]",,,"[PREMIUM]"
"5119c06e-bad4-453e-ac20-2b696dc0ce05","2026-04-22 23:42:09.907","2026-04-22 23:42:09.907","5119c06e-bad4-453e-ac20-2b696dc0ce05","[PREMIUM]","New",2025,"Honda","HR-V","EX-L","[PREMIUM]","[PREMIUM]",0,"SUV","Crystal Black Pearl","Blk Lth-Trmmed Seats","Front-wheel Drive",,,"Gasoline",,,"dealership","[PREMIUM]","Van Nuys","CA","[PREMIUM]",,"[]",,,"[PREMIUM]"
"62576132-8725-4711-a6b0-c76ed7798617","2026-04-22 23:42:09.903","2026-04-22 23:42:09.903","62576132-8725-4711-a6b0-c76ed7798617","[PREMIUM]","New",2025,"Ford","Bronco Sport","Big Bend","[PREMIUM]","[PREMIUM]",2305,"SUV","Shadow Black","Truffle","Four-wheel Drive",,,"Gasoline",,,"dealership","[PREMIUM]","Philadelphia","PA","[PREMIUM]",,"[]",,,"[PREMIUM]"
"d192e15f-9678-4220-ad36-5785aed82625","2026-04-22 23:42:09.898","2026-05-04 23:42:45.014","d192e15f-9678-4220-ad36-5785aed82625","[PREMIUM]","Used",2025,"Nissan","Rogue","Rock Creek","[PREMIUM]","[PREMIUM]",13982,"SUV","Super Black","charcoal","All-wheel Drive",,,"Gasoline",,,"dealership","[PREMIUM]","Spokane Valley","WA","[PREMIUM]",,"[]",,,"[PREMIUM]"
"b3da217e-d84b-4724-8c57-3706844d1adf","2026-04-22 23:42:09.897","2026-04-22 23:42:09.897","b3da217e-d84b-4724-8c57-3706844d1adf","[PREMIUM]","Used",2025,"Ford","Bronco Sport","Heritage","[PREMIUM]","[PREMIUM]",7027,"SUV","Ruby Red Metallic Tinted Clearcoat","Navy Pier","Four-wheel Drive",,,"Gasoline",,,"dealership","[PREMIUM]","Alexandria","VA","[PREMIUM]",,"[]",,,"[PREMIUM]"
"d4eab0d2-fb95-4830-a206-e2113f971e7a","2026-04-22 23:42:09.897","2026-04-22 23:42:09.897","d4eab0d2-fb95-4830-a206-e2113f971e7a","[PREMIUM]","Used",2025,"Honda","CR-V","EX-L 2WD","[PREMIUM]","[PREMIUM]",3105,"SUV","sparkle silver alloy metallic",,"Front-wheel Drive",,,"Gasoline",,,"dealership","[PREMIUM]","Morrow","GA","[PREMIUM]",,"[]",,,"[PREMIUM]"
"5357f730-a204-494f-9477-cc591367568f","2026-04-22 23:42:09.889","2026-04-22 23:42:09.889","5357f730-a204-494f-9477-cc591367568f","[PREMIUM]","Used",2025,"Ford","Mustang Mach-E","Select","[PREMIUM]","[PREMIUM]",16642,"SUV","Grabber Yellow","Black Onyx","All-wheel Drive",,,"Electric",,,"dealership","[PREMIUM]","Buffalo","MN","[PREMIUM]",,"[]",,,"[PREMIUM]"
"e5811d3d-7f2b-4d36-8097-9f1b24d04be1","2026-04-22 23:41:49.490","2026-04-22 23:41:49.490","e5811d3d-7f2b-4d36-8097-9f1b24d04be1","[PREMIUM]","Used",2025,"Chrysler","Pacifica Hybrid","Select","[PREMIUM]","[PREMIUM]",13463,"Minivan","Diamond Black Crystal Pearlcoat","Black","Front-wheel Drive",,,"Hybrid",,,"dealership","[PREMIUM]","Shallotte","NC","[PREMIUM]",,"[]",,,"[PREMIUM]"
"ff0d4c5b-884e-40e2-b127-424c5a93746e","2026-04-22 23:41:39.467","2026-04-22 23:41:39.467","ff0d4c5b-884e-40e2-b127-424c5a93746e","[PREMIUM]","Used",2025,"Honda","CR-V","EX-L AWD","[PREMIUM]","[PREMIUM]",12125,"SUV","Platinum White Pearl","Black","All-wheel Drive",,,"Gasoline",,,"dealership","[PREMIUM]","Albany","GA","[PREMIUM]",,"[]",,,"[PREMIUM]"
"8858cf68-93d8-4500-bee9-4d2cbeca23c0","2026-04-22 23:41:29.399","2026-04-22 23:41:29.399","8858cf68-93d8-4500-bee9-4d2cbeca23c0","[PREMIUM]","Used",2025,"Ford","Maverick","XLT","[PREMIUM]","[PREMIUM]",3253,"Truck","Desert Sand","Black Onyx","All-wheel Drive",,,"Gasoline",,,"dealership","[PREMIUM]","Oak Lawn","IL","[PREMIUM]",,"[]",,,"[PREMIUM]"
"3cc6efac-7a45-4b6f-a144-69c02c45cf8d","2026-04-22 23:41:29.307","2026-05-01 23:42:12.414","3cc6efac-7a45-4b6f-a144-69c02c45cf8d","[PREMIUM]","Used",2025,"Kia","Sportage","S","[PREMIUM]","[PREMIUM]",16482,"SUV","Glacier White Pearl/Ebony Black Roof","Black","All-wheel Drive",,,"Gasoline",,,"dealership","[PREMIUM]","Lewis Center","OH","[PREMIUM]",,"[]",,,"[PREMIUM]"
"91f64551-b6c9-4fad-bd6a-47a8e7deb7c8","2026-04-22 23:41:29.297","2026-04-22 23:41:29.297","91f64551-b6c9-4fad-bd6a-47a8e7deb7c8","[PREMIUM]","Used",2025,"Mazda","CX-5","2.5 Carbon Turbo","[PREMIUM]","[PREMIUM]",11956,"SUV","Zircon Sand Metallic","Black","All-wheel Drive",,,"Gasoline",,,"dealership","[PREMIUM]","Bakersfield","CA","[PREMIUM]",,"[]",,,"[PREMIUM]"
"568d7923-5200-4c9c-b289-8f66f63ac915","2026-04-22 23:41:19.127","2026-04-22 23:41:19.127","568d7923-5200-4c9c-b289-8f66f63ac915","[PREMIUM]","Used",2025,"MINI","Countryman","S","[PREMIUM]","[PREMIUM]",5580,"SUV","Midnight Black","Petrol","All-wheel Drive",,,"Gasoline",,,"dealership","[PREMIUM]","Miami","FL","[PREMIUM]",,"[]",,,"[PREMIUM]"
"b513619d-a1fb-462f-beb1-38ae2b2824f3","2026-04-22 23:41:19.074","2026-04-22 23:41:19.074","b513619d-a1fb-462f-beb1-38ae2b2824f3","[PREMIUM]","Used",2025,"Subaru","Outback","Premium","[PREMIUM]","[PREMIUM]",18795,"SUV","Autumn Green Metallic","Slate Black","All-wheel Drive",,,"Gasoline",,,"dealership","[PREMIUM]","Monroeville","PA","[PREMIUM]",,"[]",,,"[PREMIUM]"
"54de2438-620b-45cc-8c61-53a69b0c7c13","2026-04-22 23:41:19.044","2026-04-22 23:41:19.044","54de2438-620b-45cc-8c61-53a69b0c7c13","[PREMIUM]","Used",2025,"Hyundai","SANTA FE HEV","SEL","[PREMIUM]","[PREMIUM]",30646,"SUV","Phantom Black","Black","All-wheel Drive",,,"Hybrid",,,"dealership","[PREMIUM]","Dillsburg","PA","[PREMIUM]",,"[]",,,"[PREMIUM]"
"add2b77d-bf3c-4a6c-b3f6-20e62ddc1036","2026-04-22 23:41:19.034","2026-04-22 23:41:19.034","add2b77d-bf3c-4a6c-b3f6-20e62ddc1036","[PREMIUM]","Used",2025,"Honda","Accord Hybrid","Sport","[PREMIUM]","[PREMIUM]",9333,"Sedan","Urban Gray Pearl","Black","Front-wheel Drive",,,"Hybrid",,,"dealership","[PREMIUM]","Sanford","FL","[PREMIUM]",,"[]",,,"[PREMIUM]"
"709a3747-79bf-4d2e-9891-776cc453e6c1","2026-04-22 23:41:19.033","2026-04-22 23:41:19.033","709a3747-79bf-4d2e-9891-776cc453e6c1","[PREMIUM]","Used",2025,"Subaru","Outback","Onyx Edition","[PREMIUM]","[PREMIUM]",26601,"SUV","Crystal White Pearl","Gray","All-wheel Drive",,,"Gasoline",,,"dealership","[PREMIUM]","Lexington","NC","[PREMIUM]",,"[]",,,"[PREMIUM]"
"ec8d0a81-0d98-4ba4-bb4d-4d31bd21410f","2026-04-22 23:41:19.031","2026-04-22 23:41:19.031","ec8d0a81-0d98-4ba4-bb4d-4d31bd21410f","[PREMIUM]","Used",2025,"Honda","Accord Hybrid","Sport-L","[PREMIUM]","[PREMIUM]",29747,"Sedan","Solar Silver Metallic","Black","Front-wheel Drive",,,"Hybrid",,,"dealership","[PREMIUM]","San Antonio","TX","[PREMIUM]",,"[]",,,"[PREMIUM]"
"05b22a04-84ff-47d1-92d6-d25c2ddbef0d","2026-04-22 23:41:19.030","2026-04-22 23:41:19.030","05b22a04-84ff-47d1-92d6-d25c2ddbef0d","[PREMIUM]","Used",2025,"Kia","Sorento","S","[PREMIUM]","[PREMIUM]",15075,"SUV","Wolf Gray","Gray","FWD",,,"Gasoline",,,"dealership","[PREMIUM]","Knoxville","TN","[PREMIUM]",,"[]",,,"[PREMIUM]"
"69373e21-b1d3-4581-91da-40793935c3b5","2026-04-22 23:41:19.011","2026-04-22 23:41:19.011","69373e21-b1d3-4581-91da-40793935c3b5","[PREMIUM]","Used",2025,"Audi","Q3","45 S line Premium","[PREMIUM]","[PREMIUM]",15171,"SUV","Chronos Gray Metallic","Rotor Gray","All-wheel Drive",,,"Gasoline",,,"dealership","[PREMIUM]","Marysville","WA","[PREMIUM]",,"[]",,,"[PREMIUM]"
"e4482fe5-e361-4859-8f5a-586560075773","2026-04-22 23:41:19.011","2026-04-22 23:41:19.011","e4482fe5-e361-4859-8f5a-586560075773","[PREMIUM]","Used",2025,"Audi","A3","2.0T Premium","[PREMIUM]","[PREMIUM]",11917,"Sedan","Manhattan Gray Metallic","Black / Rock Gray","All-wheel Drive",,,"Gasoline",,,"dealership","[PREMIUM]","Knoxville","TN","[PREMIUM]",,"[]",,,"[PREMIUM]"
"e3046e1f-7b6c-4d20-b014-bcc7a6191dea","2026-04-22 23:41:19.005","2026-04-28 23:41:49.213","e3046e1f-7b6c-4d20-b014-bcc7a6191dea","[PREMIUM]","Used",2025,"Mitsubishi","Outlander","SEL","[PREMIUM]","[PREMIUM]",10222,"SUV","Moonstone Gray Metallic","Brick","Front-wheel Drive",,,"Gasoline",,,"dealership","[PREMIUM]","Anaheim","CA","[PREMIUM]",,"[]",,,"[PREMIUM]"
"6f7ca3a4-e071-4fca-84e7-5b63f0167161","2026-04-22 23:41:19.003","2026-04-28 23:41:49.209","6f7ca3a4-e071-4fca-84e7-5b63f0167161","[PREMIUM]","Used",2025,"GMC","Terrain","Elevation","[PREMIUM]","[PREMIUM]",3156,"SUV","Sterling",,"All-wheel Drive",,,"Gasoline",,,"dealership","[PREMIUM]","Montgomery","AL","[PREMIUM]",,"[]",,,"[PREMIUM]"
"ccec533a-2a06-4b27-9247-317193790dc3","2026-04-22 23:41:19.001","2026-04-28 23:41:49.193","ccec533a-2a06-4b27-9247-317193790dc3","[PREMIUM]","Used",2025,"Hyundai","TUCSON","SEL","[PREMIUM]","[PREMIUM]",5611,"SUV","Shimmering Silver","Black","Front-wheel Drive",,,"Gasoline",,,"dealership","[PREMIUM]","Blue Springs","MO","[PREMIUM]",,"[]",,,"[PREMIUM]"
"57780906-0b2a-404e-a9e2-eacd18cb4768","2026-04-22 23:41:08.423","2026-04-22 23:41:08.423","57780906-0b2a-404e-a9e2-eacd18cb4768","[PREMIUM]","Used",2025,"MINI","Countryman","Cooper S ALL4","[PREMIUM]","[PREMIUM]",26908,"SUV","Silver","Brown","All-wheel Drive",,,"Gasoline",,,"dealership","[PREMIUM]","Shrewsbury","MA","[PREMIUM]",,"[]",,,"[PREMIUM]"
"91c8382f-36fb-49d8-84a6-fb2a4a220ea3","2026-04-22 23:41:08.411","2026-04-22 23:41:08.411","91c8382f-36fb-49d8-84a6-fb2a4a220ea3","[PREMIUM]","Used",2025,"Chevrolet","Equinox","FWD RS","[PREMIUM]","[PREMIUM]",12099,"SUV","Lakeshore Blue Metallic","Black w/Red Accents","Front-wheel Drive",,,"Gasoline",,,"dealership","[PREMIUM]","Washington Court House","OH","[PREMIUM]",,"[]",,,"[PREMIUM]"
"cb032657-bcdd-4504-a396-8f8091d681dc","2026-04-22 23:40:58.403","2026-04-22 23:40:58.403","cb032657-bcdd-4504-a396-8f8091d681dc","[PREMIUM]","Used",2025,"Subaru","Forester","Limited","[PREMIUM]","[PREMIUM]",21511,"SUV","Magnetite Gray Metallic","Gray","All-wheel Drive",,,"Gasoline",,,"dealership","[PREMIUM]","Omaha","NE","[PREMIUM]",,"[]",,,"[PREMIUM]"
"823e6674-4136-4189-a371-7633fa0516d4","2026-04-22 23:40:58.377","2026-04-22 23:40:58.377","823e6674-4136-4189-a371-7633fa0516d4","[PREMIUM]","Used",2025,"Volvo","XC40","B5 Core","[PREMIUM]","[PREMIUM]",7580,"SUV","Silver Dawn Metallic","Grey Melange","All-wheel Drive",,,"Gasoline",,,"dealership","[PREMIUM]","Lisle","IL","[PREMIUM]",,"[]",,,"[PREMIUM]"
"82911e1b-a4a7-40f2-81aa-ed87c6c6178a","2026-04-22 23:40:58.332","2026-04-22 23:40:58.332","82911e1b-a4a7-40f2-81aa-ed87c6c6178a","[PREMIUM]","Used",2025,"Dodge","Durango","GT AWD","[PREMIUM]","[PREMIUM]",33016,"SUV","White Knuckle Clearcoat","Black","All-wheel Drive",,,"Gasoline",,,"dealership","[PREMIUM]","Indianapolis","IN","[PREMIUM]",,"[]",,,"[PREMIUM]"
"49092c4a-3ce0-4e09-9278-c8c2dccb66f8","2026-04-22 23:40:58.325","2026-04-22 23:40:58.325","49092c4a-3ce0-4e09-9278-c8c2dccb66f8","[PREMIUM]","Used",2025,"Toyota","RAV4","LE","[PREMIUM]","[PREMIUM]",6551,"SUV","Magnetic Gray Metallic","Black","All-wheel Drive",,,"Gasoline",,,"dealership","[PREMIUM]","Upland","CA","[PREMIUM]",,"[]",,,"[PREMIUM]"
"84bf4780-3421-4c77-ba6b-a3164ec4874e","2026-04-22 23:40:58.313","2026-04-28 23:41:18.513","84bf4780-3421-4c77-ba6b-a3164ec4874e","[PREMIUM]","Used",2025,"Toyota","RAV4","XLE","[PREMIUM]","[PREMIUM]",336,"SUV","Silver Sky Metallic","Black","Front-wheel Drive",,,"Gasoline",,,"dealership","[PREMIUM]","Jacksonville","FL","[PREMIUM]",,"[]",,,"[PREMIUM]"
"cf6e34aa-bc40-4710-bf2b-66003dd35fa7","2026-04-22 23:40:48.076","2026-04-22 23:40:48.076","cf6e34aa-bc40-4710-bf2b-66003dd35fa7","[PREMIUM]","Used",2025,"Acura","Integra","A-Spec Technology","[PREMIUM]","[PREMIUM]",2035,"Hatchback","Apex Blue Pearl","Ebony","Front-wheel Drive",,,"Gasoline",,,"dealership","[PREMIUM]","North Haven","CT","[PREMIUM]",,"[]",,,"[PREMIUM]"
"bf75cc3e-0649-42ac-beee-c732f2216520","2026-04-22 23:40:48.063","2026-04-22 23:40:48.063","bf75cc3e-0649-42ac-beee-c732f2216520","[PREMIUM]","Used",2025,"Volkswagen","Taos","1.5T SEL","[PREMIUM]","[PREMIUM]",6144,"SUV","Silver Metallic","Blue","All-wheel Drive",,,"Gasoline",,,"dealership","[PREMIUM]","Rockville","MD","[PREMIUM]",,"[]",,,"[PREMIUM]"
"c84f0cdf-e4ee-4a48-97eb-15c05c3f1a0c","2026-04-22 23:40:48.045","2026-05-01 23:41:21.584","c84f0cdf-e4ee-4a48-97eb-15c05c3f1a0c","[PREMIUM]","Used",2025,"Honda","CR-V Hybrid","Sport FWD","[PREMIUM]","[PREMIUM]",34485,"SUV","Solar Silver Metallic","Black","Front-wheel Drive",,,"Hybrid",,,"dealership","[PREMIUM]","Fort Myers","FL","[PREMIUM]",,"[]",,,"[PREMIUM]"
"a6a4465a-41c4-41ea-84b9-c3abe7f5fb0a","2026-04-22 23:40:48.003","2026-04-28 23:41:08.102","a6a4465a-41c4-41ea-84b9-c3abe7f5fb0a","[PREMIUM]","Used",2025,"Toyota","Camry","XLE","[PREMIUM]","[PREMIUM]",23177,"Sedan","Heavy Metal","Black","Front-wheel Drive",,,"Gasoline",,,"dealership","[PREMIUM]","Ocala","FL","[PREMIUM]",,"[]",,,"[PREMIUM]"
"5a539a0f-92b5-4013-9542-0ac539699cca","2026-04-22 23:40:47.994","2026-04-22 23:40:47.994","5a539a0f-92b5-4013-9542-0ac539699cca","[PREMIUM]","Used",2025,"Ford","Ranger","XLT","[PREMIUM]","[PREMIUM]",6232,"Truck","RUBY RED MET TNTD CLEARCOAT","SANDSTONE CLOTH SEATS","Rear-wheel Drive",,,"Gasoline",,,"dealership","[PREMIUM]","McKinney","TX","[PREMIUM]",,"[]",,,"[PREMIUM]"
"2dc1cf86-3ee4-4f5d-97ef-1149d723ea08","2026-04-22 23:40:47.989","2026-04-28 23:41:08.033","2dc1cf86-3ee4-4f5d-97ef-1149d723ea08","[PREMIUM]","Used",2025,"Hyundai","ELANTRA N","Base","[PREMIUM]","[PREMIUM]",18014,"Sedan","Ultimate red","Black w/Blue Stitching","Front-wheel Drive",,,"Gasoline",,,"dealership","[PREMIUM]","Clermont","FL","[PREMIUM]",,"[]",,,"[PREMIUM]"
"b61b5e3a-2abc-43ee-85e2-7fbb706140db","2026-04-22 23:40:47.970","2026-04-22 23:40:47.970","b61b5e3a-2abc-43ee-85e2-7fbb706140db","[PREMIUM]","Used",2025,"Buick","Envision","Preferred","[PREMIUM]","[PREMIUM]",20761,"SUV","Red","Ebony","All-wheel Drive",,,"Gasoline",,,"dealership","[PREMIUM]","Olive Branch","MS","[PREMIUM]",,"[]",,,"[PREMIUM]"
"1721186b-c19a-424f-9b7f-7c12944da507","2026-04-22 23:40:37.559","2026-04-22 23:40:37.559","1721186b-c19a-424f-9b7f-7c12944da507","[PREMIUM]","Used",2025,"Dodge","Durango","GT AWD","[PREMIUM]","[PREMIUM]",41817,"SUV","DB Black Clearcoat","Black","All-wheel Drive",,,"Gasoline",,,"dealership","[PREMIUM]","Indianapolis","IN","[PREMIUM]",,"[]",,,"[PREMIUM]"
"3061e6ce-adf8-4319-9089-15f307cd0802","2026-04-22 23:40:37.538","2026-04-22 23:40:37.538","3061e6ce-adf8-4319-9089-15f307cd0802","[PREMIUM]","Used",2025,"Honda","CR-V Hybrid","Sport-L","[PREMIUM]","[PREMIUM]",50646,"SUV","Platinum White Pearl","Black","All-wheel Drive",,,"Hybrid",,,"dealership","[PREMIUM]","Warwick","RI","[PREMIUM]",,"[]",,,"[PREMIUM]"
"be02a29e-2414-45e6-a571-911406155b97","2026-04-22 23:40:37.535","2026-04-22 23:40:37.535","be02a29e-2414-45e6-a571-911406155b97","[PREMIUM]","Used",2025,"Subaru","Forester","Limited","[PREMIUM]","[PREMIUM]",29467,"SUV","Autumn Green Metallic","Black","All-wheel Drive",,,"Gasoline",,,"dealership","[PREMIUM]","Schererville","IN","[PREMIUM]",,"[]",,,"[PREMIUM]"
"170210df-dc3d-4567-b8ca-615f47c1cf5f","2026-04-22 23:40:37.522","2026-04-22 23:40:37.522","170210df-dc3d-4567-b8ca-615f47c1cf5f","[PREMIUM]","Used",2025,"Kia","Sorento","EX","[PREMIUM]","[PREMIUM]",16418,"SUV","Glacial White Pearl","Gray","AWD",,,"Gasoline",,,"dealership","[PREMIUM]","Amarillo","TX","[PREMIUM]",,"[]",,,"[PREMIUM]"
"4314aeb8-1aa3-478f-897f-ac03b6e9fd2f","2026-04-22 23:40:37.516","2026-04-22 23:40:37.516","4314aeb8-1aa3-478f-897f-ac03b6e9fd2f","[PREMIUM]","Used",2025,"Jeep","Wrangler","Sport","[PREMIUM]","[PREMIUM]",11169,"SUV","Bright White Clearcoat","Black","Four-wheel Drive",,,"Gasoline",,,"dealership","[PREMIUM]","Cumming","GA","[PREMIUM]",,"[]",,,"[PREMIUM]"
"1f5d54cc-03a5-4263-af55-7ab02df67f2e","2026-04-22 23:40:37.509","2026-04-22 23:40:37.509","1f5d54cc-03a5-4263-af55-7ab02df67f2e","[PREMIUM]","Used",2025,"RAM","ProMaster 2500","High Roof","[PREMIUM]","[PREMIUM]",24463,"Cargo Van","Bright White Clearcoat","Black","Front-wheel Drive",,,"Gasoline",,,"dealership","[PREMIUM]","Walpole","MA","[PREMIUM]",,"[]",,,"[PREMIUM]"
"a427b917-e585-4487-a9e8-05b4a1c95596","2026-04-22 23:40:27.653","2026-04-22 23:40:27.653","a427b917-e585-4487-a9e8-05b4a1c95596","[PREMIUM]","Used",2025,"Nissan","Rogue","Platinum","[PREMIUM]","[PREMIUM]",23930,"SUV","Scarlet Ember","Charcoal","FWD",,,"Gasoline",,,"dealership","[PREMIUM]","San Jose","CA","[PREMIUM]",,"[]",,,"[PREMIUM]"
"0456955a-1bde-43b5-8190-f9159b32a136","2026-04-22 23:40:27.324","2026-04-22 23:40:27.324","0456955a-1bde-43b5-8190-f9159b32a136","[PREMIUM]","Used",2025,"Mazda","CX-50","2.5 S Preferred Package","[PREMIUM]","[PREMIUM]",4677,"SUV","Machine Gray Metallic","Black w/Gray","All-wheel Drive",,,"Gasoline",,,"dealership","[PREMIUM]","Cumming","GA","[PREMIUM]",,"[]",,,"[PREMIUM]"
"eefb505b-a91a-4207-835b-9aef7f4a11a9","2026-04-22 23:40:27.260","2026-04-22 23:40:27.260","eefb505b-a91a-4207-835b-9aef7f4a11a9","[PREMIUM]","Used",2025,"Subaru","Crosstrek","Limited","[PREMIUM]","[PREMIUM]",3156,"SUV","Ice Silver Metallic","Black","All-wheel Drive",,,"Gasoline",,,"dealership","[PREMIUM]","Mechanicsburg","PA","[PREMIUM]",,"[]",,,"[PREMIUM]"
"16621d91-8fc4-4abc-b635-ff73e3197cad","2026-04-22 23:40:27.251","2026-04-22 23:40:27.251","16621d91-8fc4-4abc-b635-ff73e3197cad","[PREMIUM]","Used",2025,"Mazda","CX-5","2.5 S Premium Plus Package","[PREMIUM]","[PREMIUM]",4266,"SUV","Soul Red Crystal Metallic","Parchment","All-wheel Drive",,,"Gasoline",,,"dealership","[PREMIUM]","Delray Beach","FL","[PREMIUM]",,"[]",,,"[PREMIUM]"
"2f35b27c-e1de-463d-be95-92ac5d361588","2026-04-22 23:40:27.240","2026-04-22 23:40:27.240","2f35b27c-e1de-463d-be95-92ac5d361588","[PREMIUM]","Used",2025,"Jeep","Compass","Limited","[PREMIUM]","[PREMIUM]",6854,"SUV","Diamond Black","Black","Four-wheel Drive",,,"Gasoline",,,"dealership","[PREMIUM]","Franklin","TN","[PREMIUM]",,"[]",,,"[PREMIUM]"
"97d0a6bd-25e7-483a-9e34-af11d7326074","2026-04-22 23:40:27.223","2026-04-22 23:40:27.223","97d0a6bd-25e7-483a-9e34-af11d7326074","[PREMIUM]","Used",2025,"Jeep","Wrangler","Sport","[PREMIUM]","[PREMIUM]",19472,"SUV","Bright White Clearcoat","Black","Four-wheel Drive",,,"Gasoline",,,"dealership","[PREMIUM]","King George","VA","[PREMIUM]",,"[]",,,"[PREMIUM]"
"69a53b87-2d94-44b0-99a2-a10ac7c72b92","2026-04-22 23:40:27.209","2026-04-28 23:40:47.520","69a53b87-2d94-44b0-99a2-a10ac7c72b92","[PREMIUM]","Used",2025,"Toyota","Camry","SE","[PREMIUM]","[PREMIUM]",17902,"Sedan","Ice","Boulder","Front-wheel Drive",,,"Hybrid",,,"dealership","[PREMIUM]","San Diego","CA","[PREMIUM]",,"[]",,,"[PREMIUM]"
"6f61a31d-2d57-48db-b4d7-1b61d5e11492","2026-04-22 23:40:27.189","2026-04-22 23:40:27.189","6f61a31d-2d57-48db-b4d7-1b61d5e11492","[PREMIUM]","Used",2025,"Volvo","XC40","B5 Plus Bright Theme","[PREMIUM]","[PREMIUM]",18903,"SUV","Silver","Black","All-wheel Drive",,,"Gasoline",,,"dealership","[PREMIUM]","Danvers","MA","[PREMIUM]",,"[]",,,"[PREMIUM]"
"bf9e5b15-b649-4a3b-963a-b2361fc06d56","2026-04-22 23:40:27.182","2026-04-22 23:40:27.182","bf9e5b15-b649-4a3b-963a-b2361fc06d56","[PREMIUM]","Used",2025,"Toyota","Highlander","LE","[PREMIUM]","[PREMIUM]",33300,"SUV","Blueprint","Black","Front-wheel Drive",,,"Gasoline",,,"dealership","[PREMIUM]","DeLand","FL","[PREMIUM]",,"[]",,,"[PREMIUM]"
"8687af78-f831-4912-bac4-fb317fd1046e","2026-04-22 23:40:06.957","2026-04-22 23:40:06.957","8687af78-f831-4912-bac4-fb317fd1046e","[PREMIUM]","New",2025,"Ford","Bronco Sport","Big Bend","[PREMIUM]","[PREMIUM]",10,"SUV","Gray Metallic","Truffle","Four-wheel Drive",,,"Gasoline",,,"dealership","[PREMIUM]","Arab","AL","[PREMIUM]",,"[]",,,"[PREMIUM]"
"8ca4097c-5ff2-4ee7-a2fb-d47504f68e86","2026-04-22 23:40:06.896","2026-04-22 23:40:06.896","8ca4097c-5ff2-4ee7-a2fb-d47504f68e86","[PREMIUM]","Used",2025,"Jeep","Grand Cherokee","Laredo","[PREMIUM]","[PREMIUM]",30921,"SUV","White","Global Black","Four-wheel Drive",,,"Gasoline",,,"dealership","[PREMIUM]","Minooka","IL","[PREMIUM]",,"[]",,,"[PREMIUM]"
"b6942662-9e16-4290-bd57-b9f8461ba474","2026-04-22 23:39:57.047","2026-04-22 23:39:57.047","b6942662-9e16-4290-bd57-b9f8461ba474","[PREMIUM]","Used",2025,"Toyota","Corolla Cross","XLE","[PREMIUM]","[PREMIUM]",4573,"SUV","Blue","BLACK","Four-wheel Drive",,,"Gasoline",,,"dealership","[PREMIUM]","Parker","CO","[PREMIUM]",,"[]",,,"[PREMIUM]"
"549249ec-8d6c-4aa5-901e-17ccc744a74a","2026-04-22 23:39:56.753","2026-04-22 23:39:56.753","549249ec-8d6c-4aa5-901e-17ccc744a74a","[PREMIUM]","Used",2025,"Chrysler","Pacifica","L","[PREMIUM]","[PREMIUM]",31877,"Minivan","Diamond Black Crystal Pearlcoat","Black","Front-wheel Drive",,,"Gasoline",,,"dealership","[PREMIUM]","Fond Du Lac","WI","[PREMIUM]",,"[]",,,"[PREMIUM]"
"c9193dfe-081f-4dc0-ae6a-b8c69e3df3b4","2026-04-22 23:39:56.731","2026-04-22 23:39:56.731","c9193dfe-081f-4dc0-ae6a-b8c69e3df3b4","[PREMIUM]","Used",2025,"Toyota","Camry","XSE","[PREMIUM]","[PREMIUM]",21550,"Sedan","Wind Chill Pearl/Midnight Black Metallic","Black","Front-wheel Drive",,,"Gasoline",,,"dealership","[PREMIUM]","Mission Viejo","CA","[PREMIUM]",,"[]",,,"[PREMIUM]"
"b159d07a-48a4-4d4c-b527-8a71fb72243a","2026-04-22 23:39:56.711","2026-04-22 23:39:56.711","b159d07a-48a4-4d4c-b527-8a71fb72243a","[PREMIUM]","New",2025,"Ford","Bronco Sport","Big Bend","[PREMIUM]","[PREMIUM]",388,"SUV","Shadow Black","Truffle","Four-wheel Drive",,,"Gasoline",,,"dealership","[PREMIUM]","Macomb","MI","[PREMIUM]",,"[]",,,"[PREMIUM]"
"cfc3685f-1555-4117-a97d-6591130bc586","2026-04-22 23:39:56.703","2026-04-22 23:39:56.703","cfc3685f-1555-4117-a97d-6591130bc586","[PREMIUM]","Used",2025,"Mazda","CX-5","2.5 Turbo Premium Package","[PREMIUM]","[PREMIUM]",7130,"SUV","Machine Gray Metallic","Black","All-wheel Drive",,,"Gasoline",,,"dealership","[PREMIUM]","Jacksonville","FL","[PREMIUM]",,"[]",,,"[PREMIUM]"
"b67f97b3-9d27-4780-8b12-60aaac718889","2026-04-22 23:39:56.673","2026-04-22 23:39:56.673","b67f97b3-9d27-4780-8b12-60aaac718889","[PREMIUM]","Used",2025,"BMW","228 Gran Coupe","xDrive","[PREMIUM]","[PREMIUM]",30158,"Sedan","Alpine White","WHITE","All-wheel Drive",,,"Gasoline",,,"dealership","[PREMIUM]","St. Louis","MO","[PREMIUM]",,"[]",,,"[PREMIUM]"
"8f43a8c9-6182-4901-9235-86b7e5f5f910","2026-04-22 23:39:46.458","2026-04-22 23:39:46.458","8f43a8c9-6182-4901-9235-86b7e5f5f910","[PREMIUM]","Used",2025,"Volkswagen","Atlas","2.0T SE w/Technology","[PREMIUM]","[PREMIUM]",10391,"SUV","Platinum Gray Metallic","Beige","Front-wheel Drive",,,"Gasoline",,,"dealership","[PREMIUM]","Marion","IA","[PREMIUM]",,"[]",,,"[PREMIUM]"
"115609b2-2461-4708-b87c-048e731bac56","2026-04-22 23:39:26.352","2026-04-22 23:39:26.352","115609b2-2461-4708-b87c-048e731bac56","[PREMIUM]","Used",2025,"Toyota","RAV4","XLE","[PREMIUM]","[PREMIUM]",10970,"SUV","Midnight Black Metallic","Ash","Front-wheel Drive",,,"Gasoline",,,"dealership","[PREMIUM]","Temecula","CA","[PREMIUM]",,"[]",,,"[PREMIUM]"
"94e423ef-8b90-40dd-ba31-97e47e9666ac","2026-04-22 23:39:26.345","2026-04-22 23:39:26.345","94e423ef-8b90-40dd-ba31-97e47e9666ac","[PREMIUM]","New",2025,"Mazda","CX-5","2.5 S Carbon Edition","[PREMIUM]","[PREMIUM]",1,"SUV","Polymetal Gray Metallic","Black","All-wheel Drive",,,"Gasoline",,,"dealership","[PREMIUM]","Orlando","FL","[PREMIUM]",,"[]",,,"[PREMIUM]"
"f990e556-25ef-436a-8369-dd572afb4bac","2026-04-22 23:39:26.286","2026-04-22 23:39:26.286","f990e556-25ef-436a-8369-dd572afb4bac","[PREMIUM]","New",2025,"Mazda","CX-5","2.5 S Select Package","[PREMIUM]","[PREMIUM]",38,"SUV","Jet Black Mica","Black","All-wheel Drive",,,"Gasoline",,,"dealership","[PREMIUM]","Corona","CA","[PREMIUM]",,"[]",,,"[PREMIUM]"
"74ddb955-670c-4502-a6b3-b1d97311a034","2026-04-22 23:39:26.253","2026-04-28 23:39:56.415","74ddb955-670c-4502-a6b3-b1d97311a034","[PREMIUM]","Used",2025,"Cadillac","XT4","Premium Luxury","[PREMIUM]","[PREMIUM]",11033,"SUV","Gray","Jet Black","Front-wheel Drive",,,"Gasoline",,,"dealership","[PREMIUM]","Garland","TX","[PREMIUM]",,"[]",,,"[PREMIUM]"
"4c5d3f1d-cb36-413c-bd6e-a4f66279a6a4","2026-04-22 23:39:26.238","2026-04-22 23:39:26.238","4c5d3f1d-cb36-413c-bd6e-a4f66279a6a4","[PREMIUM]","Used",2025,"Subaru","Crosstrek","Limited","[PREMIUM]","[PREMIUM]",8696,"SUV","Crystal White Pearl","Black",,,,,,,"dealership","[PREMIUM]","Jersey Village","TX","[PREMIUM]",,"[]",,,"[PREMIUM]"
"35481c18-4e03-488c-b4fa-bdf9bacb77c7","2026-04-22 23:38:46.207","2026-04-22 23:38:46.207","35481c18-4e03-488c-b4fa-bdf9bacb77c7","[PREMIUM]","Used",2025,"Toyota","RAV4","XLE","[PREMIUM]","[PREMIUM]",33669,"SUV","Ice Cap","Black","All-wheel Drive",,,"Gasoline",,,"dealership","[PREMIUM]","Minneapolis","MN","[PREMIUM]",,"[]",,,"[PREMIUM]"
"6770a893-2a03-4d89-86ad-764870e9ac03","2026-04-22 23:38:46.174","2026-04-22 23:38:46.174","6770a893-2a03-4d89-86ad-764870e9ac03","[PREMIUM]","Used",2025,"Toyota","RAV4 Hybrid","LE","[PREMIUM]","[PREMIUM]",28419,"SUV","Midnight Black Metallic","Black","All-wheel Drive",,,"Hybrid",,,"dealership","[PREMIUM]","Minneapolis","MN","[PREMIUM]",,"[]",,,"[PREMIUM]"
"abb18750-b2d6-47ab-95be-22fb1a059e41","2026-04-22 23:38:46.109","2026-04-22 23:38:46.109","abb18750-b2d6-47ab-95be-22fb1a059e41","[PREMIUM]","Used",2025,"Kia","Sorento","S","[PREMIUM]","[PREMIUM]",10255,"SUV","Dawning Red","Grey","Front-wheel Drive",,,"Gasoline",,,"dealership","[PREMIUM]","Denham Springs","LA","[PREMIUM]",,"[]",,,"[PREMIUM]"
"e8847680-dc38-4138-a8e2-59357ff6ea9a","2026-04-22 23:38:45.928","2026-04-28 23:39:15.301","e8847680-dc38-4138-a8e2-59357ff6ea9a","[PREMIUM]","Used",2025,"Toyota","Camry","SE","[PREMIUM]","[PREMIUM]",9949,"Sedan","Ice","Black","Front-wheel Drive",,,"Hybrid",,,"dealership","[PREMIUM]","Huntsville","AL","[PREMIUM]",,"[]",,,"[PREMIUM]"
"035507aa-9c08-4774-9978-819e43bd811a","2026-04-22 23:38:45.900","2026-04-22 23:38:45.900","035507aa-9c08-4774-9978-819e43bd811a","[PREMIUM]","Used",2025,"Ford","Maverick","XLT","[PREMIUM]","[PREMIUM]",24688,"Truck","Space White Metallic","Navy Pier/Aspen Gray","All-wheel Drive",,,"Gasoline",,,"dealership","[PREMIUM]","New Prague","MN","[PREMIUM]",,"[]",,,"[PREMIUM]"
"c20999a7-41b6-44e9-a371-43f0b021cde4","2026-04-22 23:38:45.880","2026-04-22 23:38:45.880","c20999a7-41b6-44e9-a371-43f0b021cde4","[PREMIUM]","Used",2025,"Toyota","Camry","XSE","[PREMIUM]","[PREMIUM]",37223,"Sedan","Midnight Black Metallic","Black","All-wheel Drive",,,"Gasoline",,,"dealership","[PREMIUM]","Richardson","TX","[PREMIUM]",,"[]",,,"[PREMIUM]"
"9d7d54da-3946-4702-9f04-3756be1b2d34","2026-04-22 23:38:45.850","2026-04-28 23:39:15.319","9d7d54da-3946-4702-9f04-3756be1b2d34","[PREMIUM]","Used",2025,"Toyota","RAV4","XLE","[PREMIUM]","[PREMIUM]",28436,"SUV","Magnetic Gray Metallic","Black","All-wheel Drive",,,"Gasoline",,,"dealership","[PREMIUM]","Minneapolis","MN","[PREMIUM]",,"[]",,,"[PREMIUM]"
"9c22316c-8738-4e2c-9e3f-552b5db81623","2026-04-22 23:38:45.836","2026-04-22 23:38:45.836","9c22316c-8738-4e2c-9e3f-552b5db81623","[PREMIUM]","Used",2025,"Toyota","RAV4 Hybrid","LE","[PREMIUM]","[PREMIUM]",27758,"SUV","Ruby Flare Pearl","Black","All-wheel Drive",,,"Hybrid",,,"dealership","[PREMIUM]","Minneapolis","MN","[PREMIUM]",,"[]",,,"[PREMIUM]"
"41409a09-c79c-464d-9505-038ceb252d47","2026-04-22 23:38:45.822","2026-04-22 23:38:45.822","41409a09-c79c-464d-9505-038ceb252d47","[PREMIUM]","Used",2025,"Subaru","Outback","Wilderness","[PREMIUM]","[PREMIUM]",33168,"SUV","Crystal White Pearl","Gray","All-wheel Drive",,,"Gasoline",,,"dealership","[PREMIUM]","Macomb","MI","[PREMIUM]",,"[]",,,"[PREMIUM]"
"22ded06c-1f1a-4779-9745-db790c6e70da","2026-04-22 23:38:45.819","2026-04-22 23:38:45.819","22ded06c-1f1a-4779-9745-db790c6e70da","[PREMIUM]","Used",2025,"Hyundai","TUCSON","SEL Convenience","[PREMIUM]","[PREMIUM]",11057,"SUV","Gray","Black","All-wheel Drive",,,"Gasoline",,,"dealership","[PREMIUM]","North Hampton","NH","[PREMIUM]",,"[]",,,"[PREMIUM]"
"06442bc9-cce0-42fc-85f6-cfd82b4cff47","2026-04-22 23:38:45.815","2026-04-22 23:38:45.815","06442bc9-cce0-42fc-85f6-cfd82b4cff47","[PREMIUM]","Used",2025,"Honda","CR-V","EX-L","[PREMIUM]","[PREMIUM]",22074,"SUV","White","Black","Front-wheel Drive",,,"Gasoline",,,"dealership","[PREMIUM]","Huntsville","AL","[PREMIUM]",,"[]",,,"[PREMIUM]"
"8ba7c96e-1ec5-44e0-a089-d359e216aec8","2026-04-22 23:38:45.815","2026-04-22 23:38:45.815","8ba7c96e-1ec5-44e0-a089-d359e216aec8","[PREMIUM]","Used",2025,"Honda","CR-V","EX","[PREMIUM]","[PREMIUM]",30323,"SUV","Crystal Black Pearl","Black","All-wheel Drive",,,"Gasoline",,,"dealership","[PREMIUM]","Schaumburg","IL","[PREMIUM]",,"[]",,,"[PREMIUM]"
"a1669632-aff9-4c55-a705-4472cc34857f","2026-04-22 23:38:45.810","2026-04-22 23:38:45.810","a1669632-aff9-4c55-a705-4472cc34857f","[PREMIUM]","Used",2025,"Toyota","RAV4 Hybrid","LE","[PREMIUM]","[PREMIUM]",22134,"SUV","Ice Cap","Black","All-wheel Drive",,,"Hybrid",,,"dealership","[PREMIUM]","Minneapolis","MN","[PREMIUM]",,"[]",,,"[PREMIUM]"
"9f346191-9546-4e8c-aeb4-11ae1086f8d5","2026-04-22 23:38:45.809","2026-04-22 23:38:45.809","9f346191-9546-4e8c-aeb4-11ae1086f8d5","[PREMIUM]","Used",2025,"Nissan","Frontier","SV","[PREMIUM]","[PREMIUM]",7174,"Truck","Bluestone","Charcoal","RWD",,,"Gasoline",,,"dealership","[PREMIUM]","Brandon","MS","[PREMIUM]",,"[]",,,"[PREMIUM]"
"989bbd3c-1016-4bc6-b8fc-a13881862a69","2026-04-22 23:38:45.809","2026-04-22 23:38:45.809","989bbd3c-1016-4bc6-b8fc-a13881862a69","[PREMIUM]","Used",2025,"Subaru","Crosstrek","Wilderness","[PREMIUM]","[PREMIUM]",8601,"SUV","Alpine Green","Black","All-wheel Drive",,,"Gasoline",,,"dealership","[PREMIUM]","Danvers","MA","[PREMIUM]",,"[]",,,"[PREMIUM]"
"41281692-5c77-4e6e-8587-057397310b75","2026-04-22 23:38:45.802","2026-04-22 23:38:45.802","41281692-5c77-4e6e-8587-057397310b75","[PREMIUM]","Used",2025,"Kia","K5","GT-Line","[PREMIUM]","[PREMIUM]",6870,"Sedan","Steel","Black","FWD",,,"Gasoline",,,"dealership","[PREMIUM]","Falls Church","VA","[PREMIUM]",,"[]",,,"[PREMIUM]"
"ae4f0924-20ad-4173-b889-e60c6da47ba3","2026-04-22 23:38:45.798","2026-04-22 23:38:45.798","ae4f0924-20ad-4173-b889-e60c6da47ba3","[PREMIUM]","Used",2025,"Honda","CR-V","EX-L","[PREMIUM]","[PREMIUM]",26740,"SUV","Gray",,"Front-wheel Drive",,,"Gasoline",,,"dealership","[PREMIUM]","Lexington","NC","[PREMIUM]",,"[]",,,"[PREMIUM]"
"5b962f01-444e-4522-9eba-c9d25fddfd26","2026-04-22 23:38:45.781","2026-04-22 23:38:45.781","5b962f01-444e-4522-9eba-c9d25fddfd26","[PREMIUM]","Used",2025,"Honda","Accord Hybrid","EX-L","[PREMIUM]","[PREMIUM]",3531,"Sedan","Platinum White Pearl","Nh-883p/Black","Front-wheel Drive",,,"Hybrid",,,"dealership","[PREMIUM]","Austin","TX","[PREMIUM]",,"[]",,,"[PREMIUM]"
"d6a71a49-103f-4db8-83d7-26ece09ca4a7","2026-04-22 23:38:45.781","2026-04-22 23:38:45.781","d6a71a49-103f-4db8-83d7-26ece09ca4a7","[PREMIUM]","Used",2025,"Toyota","RAV4","XLE","[PREMIUM]","[PREMIUM]",17326,"SUV","Midnight Black Metallic","Black","Front-wheel Drive",,,"Gasoline",,,"dealership","[PREMIUM]","Birmingham","AL","[PREMIUM]",,"[]",,,"[PREMIUM]"
"7cec06e8-610c-4591-a01e-50392745cf23","2026-04-22 23:38:45.780","2026-04-22 23:38:45.780","7cec06e8-610c-4591-a01e-50392745cf23","[PREMIUM]","Used",2025,"Volkswagen","Atlas","2.0T SE w/Technology","[PREMIUM]","[PREMIUM]",14297,"SUV","Pure White","2.0t Se W/Technology","Front-wheel Drive",,,"Gasoline",,,"dealership","[PREMIUM]","Irving","TX","[PREMIUM]",,"[]",,,"[PREMIUM]"
"474c8707-4ca1-49c9-b2c6-8c0a7f1a2a9a","2026-04-22 23:38:45.777","2026-04-22 23:38:45.777","474c8707-4ca1-49c9-b2c6-8c0a7f1a2a9a","[PREMIUM]","Used",2025,"Honda","Prologue","Touring","[PREMIUM]","[PREMIUM]",8264,"SUV","Sonic Gray Pearl","Black","All-wheel Drive",,,"Electric",,,"dealership","[PREMIUM]","Richmond","VA","[PREMIUM]",,"[]",,,"[PREMIUM]"
"4acc6530-86ca-46ba-b0bf-211ceca8bdc1","2026-04-22 23:38:45.770","2026-04-22 23:38:45.770","4acc6530-86ca-46ba-b0bf-211ceca8bdc1","[PREMIUM]","Used",2025,"Chevrolet","Blazer","L","[PREMIUM]","[PREMIUM]",2111,"SUV","Riptide Blue Metallic","Black","All-wheel Drive",,,"Electric",,,"dealership","[PREMIUM]","Maumee","OH","[PREMIUM]",,"[]",,,"[PREMIUM]"
"0543c886-007a-42e2-8fe0-8647e3413bb0","2026-04-22 23:38:45.769","2026-04-22 23:38:45.769","0543c886-007a-42e2-8fe0-8647e3413bb0","[PREMIUM]","Used",2025,"Jeep","Wrangler 4xe","Sahara","[PREMIUM]","[PREMIUM]",11727,"SUV","Firecracker Red Clearcoat","Black","Four-wheel Drive",,,"Gasoline",,,"dealership","[PREMIUM]","Washington Township","NJ","[PREMIUM]",,"[]",,,"[PREMIUM]"
"2cea2e95-a2c1-466d-8800-247b6201a603","2026-04-22 23:38:45.769","2026-04-22 23:38:45.769","2cea2e95-a2c1-466d-8800-247b6201a603","[PREMIUM]","Used",2025,"Volkswagen","Tiguan","2.0T SE 4MOTION","[PREMIUM]","[PREMIUM]",7386,"SUV","Pure White","Mistral","All-wheel Drive",,,"Gasoline",,,"dealership","[PREMIUM]","St Charles","IL","[PREMIUM]",,"[]",,,"[PREMIUM]"
"ab89b1ac-00f4-4122-9609-d4c1fbe3d748","2026-04-22 23:38:45.750","2026-04-22 23:38:45.750","ab89b1ac-00f4-4122-9609-d4c1fbe3d748","[PREMIUM]","Used",2025,"Ford","Mustang","EcoBoost Premium","[PREMIUM]","[PREMIUM]",17390,"Coupe","Shadow Black","Space Gray","Rear-wheel Drive",,,"Gasoline",,,"dealership","[PREMIUM]","Belmont","NC","[PREMIUM]",,"[]",,,"[PREMIUM]"
"487acc4b-c511-443d-a500-e6cb7d79dc0c","2026-04-22 23:38:15.030","2026-04-22 23:38:15.030","487acc4b-c511-443d-a500-e6cb7d79dc0c","[PREMIUM]","New",2025,"Ford","Bronco Sport","Big Bend","[PREMIUM]","[PREMIUM]",2434,"SUV","OXFORD WHITE","MED LIGHT SMOKED TRUFFLE TRIM","Four-wheel Drive",,,"Gasoline",,,"dealership","[PREMIUM]","Hartville","OH","[PREMIUM]",,"[]",,,"[PREMIUM]"
"4b6f0ada-bf86-4b03-b4a5-1e7387d16926","2026-04-22 23:38:14.974","2026-04-22 23:38:14.974","4b6f0ada-bf86-4b03-b4a5-1e7387d16926","[PREMIUM]","Used",2025,"Hyundai","SANTA CRUZ","XRT","[PREMIUM]","[PREMIUM]",9238,"Truck","Hampton Gray","Black","All-wheel Drive",,,"Gasoline",,,"dealership","[PREMIUM]","Woodlawn","MD","[PREMIUM]",,"[]",,,"[PREMIUM]"
"8a8c9845-4407-4833-ba8c-d23872ee3d30","2026-04-22 23:38:14.957","2026-04-22 23:38:14.957","8a8c9845-4407-4833-ba8c-d23872ee3d30","[PREMIUM]","Used",2025,"RAM","ProMaster 2500","Tradesman","[PREMIUM]","[PREMIUM]",34937,"Cargo Van","White","Black","Front-wheel Drive",,,"Gasoline",,,"dealership","[PREMIUM]","Woodbridge Township","NJ","[PREMIUM]",,"[]",,,"[PREMIUM]"
"c180be72-d06b-409c-a044-6f77949790fe","2026-04-22 23:37:45.089","2026-04-22 23:37:45.089","c180be72-d06b-409c-a044-6f77949790fe","[PREMIUM]","Used",2025,"Honda","CR-V","EX","[PREMIUM]","[PREMIUM]",21509,"SUV","Gray",,"All-wheel Drive",,,"Gasoline",,,"dealership","[PREMIUM]","Wake Forest","NC","[PREMIUM]",,"[]",,,"[PREMIUM]"
"4483c665-4db7-41d4-8328-f5a3f21606e5","2026-04-22 23:37:44.801","2026-04-22 23:37:44.801","4483c665-4db7-41d4-8328-f5a3f21606e5","[PREMIUM]","Used",2025,"Chevrolet","Blazer","2LT","[PREMIUM]","[PREMIUM]",32820,"SUV","Black","Jet Black/Medium Gray","All-wheel Drive",,,"Gasoline",,,"dealership","[PREMIUM]","Tappahannock","VA","[PREMIUM]",,"[]",,,"[PREMIUM]"
"c0fb4394-3881-4889-a5ab-21d17f011e33","2026-04-22 23:37:44.672","2026-04-22 23:37:44.672","c0fb4394-3881-4889-a5ab-21d17f011e33","[PREMIUM]","Used",2025,"Nissan","Pathfinder","Rock Creek 4WD","[PREMIUM]","[PREMIUM]",5044,"SUV","Baja Storm","Charcoal","Four-wheel Drive",,,"Gasoline",,,"dealership","[PREMIUM]","South Salt Lake City","UT","[PREMIUM]",,"[]",,,"[PREMIUM]"
"ff0f372d-8bc3-4264-a5fd-5f34a8150ca4","2026-04-22 23:37:44.672","2026-04-22 23:37:44.672","ff0f372d-8bc3-4264-a5fd-5f34a8150ca4","[PREMIUM]","Used",2025,"Kia","K5","EX","[PREMIUM]","[PREMIUM]",6603,"Sedan","Snow White Pearl","Black","FWD",,,,,,"dealership","[PREMIUM]","Buffalo","NY","[PREMIUM]",,"[]",,,"[PREMIUM]"
"253b80c1-3dab-4990-a58c-75b1409b97bf","2026-04-22 23:37:44.670","2026-04-22 23:37:44.670","253b80c1-3dab-4990-a58c-75b1409b97bf","[PREMIUM]","Used",2025,"Honda","Accord Hybrid",,"[PREMIUM]","[PREMIUM]",6555,"Sedan","Still Night Pearl","Black",,,,,,,"dealership","[PREMIUM]","Virginia Beach","VA","[PREMIUM]",,"[]",,,"[PREMIUM]"
"90d565c1-2a21-4cb7-8e01-597edcc44c99","2026-04-22 23:37:44.661","2026-04-22 23:37:44.661","90d565c1-2a21-4cb7-8e01-597edcc44c99","[PREMIUM]","Used",2025,"Chevrolet","Colorado","Z71","[PREMIUM]","[PREMIUM]",1040,"Truck","Sterling Gray Metallic","Jet Black/Adrenaline Red","Four Wheel Drive",,,"Regular unleaded",,,"dealership","[PREMIUM]","South Salt Lake City","UT","[PREMIUM]",,"[]",,,"[PREMIUM]"
"b4d5af37-d058-499c-b612-fdaa1bfb7bba","2026-04-22 23:37:44.648","2026-04-22 23:37:44.648","b4d5af37-d058-499c-b612-fdaa1bfb7bba","[PREMIUM]","Used",2025,"Acura","ADX","A-Spec","[PREMIUM]","[PREMIUM]",4054,"SUV","Solar Silver Metallic","Ebony","Front-wheel Drive",,,"Gasoline",,,"dealership","[PREMIUM]","Jacksonville","FL","[PREMIUM]",,"[]",,,"[PREMIUM]"
"f7199f60-aa94-473e-be36-cf4b54a36a15","2026-04-22 23:37:34.693","2026-04-22 23:37:34.693","f7199f60-aa94-473e-be36-cf4b54a36a15","[PREMIUM]","Used",2025,"Honda","CR-V",,"[PREMIUM]","[PREMIUM]",12721,"SUV","Crystal Black Pearl","Black",,,,"Gasoline",,,"dealership","[PREMIUM]","Beaufort","SC","[PREMIUM]",,"[]",,,"[PREMIUM]"
"5d219e2b-7e71-41c3-b3ab-c87c25803619","2026-04-22 23:37:34.354","2026-04-22 23:37:34.354","5d219e2b-7e71-41c3-b3ab-c87c25803619","[PREMIUM]","Used",2025,"Subaru","Ascent","Touring 7-Passenger","[PREMIUM]","[PREMIUM]",9035,"SUV","Ice Silver Metallic","Slate Black","All-wheel Drive",,,"Gasoline",,,"dealership","[PREMIUM]","South Salt Lake City","UT","[PREMIUM]",,"[]",,,"[PREMIUM]"
"8d4acc41-cba5-4656-a620-5772f6aa8781","2026-04-22 23:37:34.339","2026-04-22 23:37:34.339","8d4acc41-cba5-4656-a620-5772f6aa8781","[PREMIUM]","Used",2025,"Buick","Enclave","Preferred","[PREMIUM]","[PREMIUM]",19635,"SUV","Red","BLACK","Rear-wheel Drive",,,"Gasoline",,,"dealership","[PREMIUM]","Nashville","TN","[PREMIUM]",,"[]",,,"[PREMIUM]"
"1d8d61b5-6de5-473d-8fd8-155321482503","2026-04-22 23:37:34.336","2026-04-22 23:37:34.336","1d8d61b5-6de5-473d-8fd8-155321482503","[PREMIUM]","Used",2025,"Chevrolet","Blazer","LT","[PREMIUM]","[PREMIUM]",18259,"SUV","Gray","Jet Black","AWD",,,"Gasoline",,,"dealership","[PREMIUM]","Minooka","IL","[PREMIUM]",,"[]",,,"[PREMIUM]"
"a092deeb-5625-439e-b8b0-5fcb3d203d42","2026-04-22 23:37:24.166","2026-04-22 23:37:24.166","a092deeb-5625-439e-b8b0-5fcb3d203d42","[PREMIUM]","Used",2025,"Subaru","Outback","Premium","[PREMIUM]","[PREMIUM]",20601,"SUV","Cosmic Blue Pearl","Slate Black","All-wheel Drive",,,"Gasoline",,,"dealership","[PREMIUM]","Wasilla","AK","[PREMIUM]",,"[]",,,"[PREMIUM]"
"6f2e0382-790f-4192-87c9-6c068adcc9de","2026-04-22 23:37:24.150","2026-04-22 23:37:24.150","6f2e0382-790f-4192-87c9-6c068adcc9de","[PREMIUM]","Used",2025,"Subaru","Crosstrek","Sport","[PREMIUM]","[PREMIUM]",7905,"SUV","Sapphire Blue Pearl","Gray",,,,,,,"dealership","[PREMIUM]","Colorado Springs","CO","[PREMIUM]",,"[]",,,"[PREMIUM]"
"60d8da50-d009-40bc-8fde-250a7f955da8","2026-04-22 23:37:24.139","2026-04-22 23:37:24.139","60d8da50-d009-40bc-8fde-250a7f955da8","[PREMIUM]","Used",2025,"Honda","CR-V Hybrid","Sport","[PREMIUM]","[PREMIUM]",14616,"SUV","Silver","BLACK","Rear-wheel Drive",,,"Hybrid",,,"dealership","[PREMIUM]","Garland","TX","[PREMIUM]",,"[]",,,"[PREMIUM]"
"00eb2491-8a9a-4605-8e96-4642911604aa","2026-04-22 23:37:24.132","2026-04-22 23:37:24.132","00eb2491-8a9a-4605-8e96-4642911604aa","[PREMIUM]","Used",2025,"Ford","Escape","Platinum","[PREMIUM]","[PREMIUM]",14722,"SUV","Vapor Blue","Ebony","Front-wheel Drive",,,"Gasoline",,,"dealership","[PREMIUM]","Maumee","OH","[PREMIUM]",,"[]",,,"[PREMIUM]"
"52e97ad6-5f09-4504-8ceb-9144a52d8a9b","2026-04-22 23:37:24.114","2026-04-22 23:37:24.114","52e97ad6-5f09-4504-8ceb-9144a52d8a9b","[PREMIUM]","Used",2025,"Buick","Enclave","Preferred","[PREMIUM]","[PREMIUM]",19750,"SUV","Black","BLACK","Rear-wheel Drive",,,"Gasoline",,,"dealership","[PREMIUM]","Inglewood","CA","[PREMIUM]",,"[]",,,"[PREMIUM]"
"61a4b555-849e-4aef-8cee-1505f2deec52","2026-04-22 23:37:13.914","2026-04-22 23:37:13.914","61a4b555-849e-4aef-8cee-1505f2deec52","[PREMIUM]","Used",2025,"Subaru","Outback","Premium","[PREMIUM]","[PREMIUM]",31536,"SUV","Crystal White Pearl","Slate Black","All-wheel Drive",,,"Gasoline",,,"dealership","[PREMIUM]","Wasilla","AK","[PREMIUM]",,"[]",,,"[PREMIUM]"
"d17eb89f-533e-4b46-afe8-1ed0b3731936","2026-04-22 23:37:13.879","2026-04-22 23:37:13.879","d17eb89f-533e-4b46-afe8-1ed0b3731936","[PREMIUM]","Used",2025,"Honda","CR-V","LX AWD","[PREMIUM]","[PREMIUM]",16387,"SUV",,,"All-wheel Drive",,,"Gasoline",,,"dealership","[PREMIUM]","Wasilla","AK","[PREMIUM]",,"[]",,,"[PREMIUM]"
"a75f0dc1-0d99-4e08-a892-2df9be014491","2026-04-22 23:37:13.871","2026-04-28 23:37:43.200","a75f0dc1-0d99-4e08-a892-2df9be014491","[PREMIUM]","Used",2026,"Ford","Maverick","XLT","[PREMIUM]","[PREMIUM]",4207,"Truck","Ruby Red Metallic","Navy Pier","All-wheel Drive",,,"Gasoline",,,"dealership","[PREMIUM]","Wellston","OK","[PREMIUM]",,"[]",,,"[PREMIUM]"
"b819ce81-e49e-44d0-92fc-747a5076ef5e","2026-04-22 23:37:13.866","2026-04-22 23:37:13.866","b819ce81-e49e-44d0-92fc-747a5076ef5e","[PREMIUM]","Used",2025,"Buick","Enclave","Preferred","[PREMIUM]","[PREMIUM]",18346,"SUV","Gray","BLACK","Rear-wheel Drive",,,"Gasoline",,,"dealership","[PREMIUM]","Costa Mesa","CA","[PREMIUM]",,"[]",,,"[PREMIUM]"
"1472a3df-701d-404f-8ce8-130bbb2ee854","2026-04-22 23:37:13.841","2026-04-22 23:37:13.841","1472a3df-701d-404f-8ce8-130bbb2ee854","[PREMIUM]","Used",2025,"Ford","Mustang Mach-E","Select","[PREMIUM]","[PREMIUM]",3594,"SUV","Shadow Black","Black Onyx","Rear-wheel Drive",,,"Electric",,,"dealership","[PREMIUM]","Chino","CA","[PREMIUM]",,"[]",,,"[PREMIUM]"
"edfa3160-475a-47ad-ab6b-d199454a96fb","2026-04-22 23:37:13.827","2026-04-22 23:37:13.827","edfa3160-475a-47ad-ab6b-d199454a96fb","[PREMIUM]","Used",2025,"Honda","CR-V","EX-L","[PREMIUM]","[PREMIUM]",21882,"SUV","Gray","BLACK","4WD",,,"Gasoline",,,"dealership","[PREMIUM]","Midland","TX","[PREMIUM]",,"[]",,,"[PREMIUM]"
"2243b260-ea5c-4cbc-aee9-4753fe36292a","2026-04-22 23:36:53.574","2026-04-22 23:36:53.574","2243b260-ea5c-4cbc-aee9-4753fe36292a","[PREMIUM]","New",2026,"Honda","HR-V","AWD Sport","[PREMIUM]","[PREMIUM]",0,"SUV","Platinum White Pearl","Black","All-wheel Drive",,,"Gasoline",,,"dealership","[PREMIUM]","Glen Head","NY","[PREMIUM]",,"[]",,,"[PREMIUM]"
"99d01942-9ae9-4d5a-8988-b4f84a07aef2","2026-04-22 23:36:53.570","2026-04-22 23:36:53.570","99d01942-9ae9-4d5a-8988-b4f84a07aef2","[PREMIUM]","Used",2025,"Honda","Civic Hybrid","Sport Touring","[PREMIUM]","[PREMIUM]",6755,"Sedan","Gray","BLACK","Rear-wheel Drive",,,"Hybrid",,,"dealership","[PREMIUM]","San Jose","CA","[PREMIUM]",,"[]",,,"[PREMIUM]"
"4fdae1c9-79dc-47d2-b94f-cc12bad650e4","2026-04-22 23:36:53.563","2026-04-22 23:36:53.563","4fdae1c9-79dc-47d2-b94f-cc12bad650e4","[PREMIUM]","Used",2025,"Hyundai","SANTA FE","SEL","[PREMIUM]","[PREMIUM]",18674,"SUV","Gray","BLACK","Rear-wheel Drive",,,"Gasoline",,,"dealership","[PREMIUM]","Pleasanton","CA","[PREMIUM]",,"[]",,,"[PREMIUM]"
"ccfb90eb-10cc-4063-8f20-c8b8ee203651","2026-04-22 23:36:53.551","2026-04-22 23:36:53.551","ccfb90eb-10cc-4063-8f20-c8b8ee203651","[PREMIUM]","Used",2025,"Toyota","Camry","LE","[PREMIUM]","[PREMIUM]",5282,"Sedan","Gray","BLACK","2WD",,,"Hybrid",,,"dealership","[PREMIUM]","Buford","GA","[PREMIUM]",,"[]",,,"[PREMIUM]"
"3e9368fa-4e7e-4c46-99a6-7a992441d5ee","2026-04-22 23:36:53.548","2026-04-28 23:37:12.676","3e9368fa-4e7e-4c46-99a6-7a992441d5ee","[PREMIUM]","New",2026,"Mazda","CX-30","2.5 S","[PREMIUM]","[PREMIUM]",3,"SUV","Jet Black Mica","White","All-wheel Drive",,,"Gasoline",,,"dealership","[PREMIUM]","Torrance","CA","[PREMIUM]",,"[]",,,"[PREMIUM]"
"f5eb7cb4-3654-4dc0-a968-bbd0573b4aee","2026-04-22 23:36:53.511","2026-04-22 23:36:53.511","f5eb7cb4-3654-4dc0-a968-bbd0573b4aee","[PREMIUM]","Used",2025,"Subaru","Crosstrek","Limited","[PREMIUM]","[PREMIUM]",2865,"SUV","Crystal White Pearl","Black",,,,,,,"dealership","[PREMIUM]","Idaho Falls","ID","[PREMIUM]",,"[]",,,"[PREMIUM]"
"25205fa6-e74f-4cbd-a691-3722fa2484be","2026-04-22 23:36:43.729","2026-04-22 23:36:43.729","25205fa6-e74f-4cbd-a691-3722fa2484be","[PREMIUM]","New",2026,"Hyundai","TUCSON","SE","[PREMIUM]","[PREMIUM]",12,"SUV","Ultimate Red","Gray","Front-wheel Drive",,,"Gasoline",,,"dealership","[PREMIUM]","Brooklyn Park","MN","[PREMIUM]",,"[]",,,"[PREMIUM]"
"097f0a82-9eaa-423a-b80d-ddc4a6f845af","2026-04-22 23:36:43.712","2026-04-22 23:36:43.712","097f0a82-9eaa-423a-b80d-ddc4a6f845af","[PREMIUM]","Used",2026,"Subaru","Outback","Premium","[PREMIUM]","[PREMIUM]",12,"SUV","Deep Emerald Green","Titanium Gray","All-wheel Drive",,,"Gasoline",,,"dealership","[PREMIUM]","Cary","NC","[PREMIUM]",,"[]",,,"[PREMIUM]"
"6b751e6c-109d-4758-bb41-35f4fb02bb2a","2026-04-22 23:36:43.680","2026-04-22 23:36:43.680","6b751e6c-109d-4758-bb41-35f4fb02bb2a","[PREMIUM]","New",2026,"Mazda","CX-30","2.5 S","[PREMIUM]","[PREMIUM]",1,"SUV","Deep Crystal Blue Mica","White","All-wheel Drive",,,"Gasoline",,,"dealership","[PREMIUM]","Torrance","CA","[PREMIUM]",,"[]",,,"[PREMIUM]"
"7e71fe11-0202-4102-97c8-6c6155c673df","2026-04-22 23:36:43.633","2026-04-22 23:36:43.633","7e71fe11-0202-4102-97c8-6c6155c673df","[PREMIUM]","New",2026,"Mazda","CX-30","2.5 S Preferred Package","[PREMIUM]","[PREMIUM]",1,"SUV","Jet Black Mica","Black","All-wheel Drive",,,"Gasoline",,,"dealership","[PREMIUM]","Torrance","CA","[PREMIUM]",,"[]",,,"[PREMIUM]"
"e1754d8b-3205-46c0-b04b-3ccfd2fcc88d","2026-04-22 23:36:43.608","2026-04-28 23:37:02.503","e1754d8b-3205-46c0-b04b-3ccfd2fcc88d","[PREMIUM]","New",2026,"Honda","Civic Hybrid","Sport Touring","[PREMIUM]","[PREMIUM]",0,"Hatchback","Crystal Black Pearl","BLACK LEATHER","Front-wheel Drive",,,"Hybrid",,,"dealership","[PREMIUM]","Palo Alto","CA","[PREMIUM]",,"[]",,,"[PREMIUM]"
"23fd5b69-6a29-423b-b6be-9f9209593eb8","2026-04-22 23:36:43.406","2026-04-22 23:36:43.406","23fd5b69-6a29-423b-b6be-9f9209593eb8","[PREMIUM]","New",2026,"Honda","HR-V","AWD Sport","[PREMIUM]","[PREMIUM]",0,"SUV","Urban Gray Pearl","Black","All-wheel Drive",,,"Gasoline",,,"dealership","[PREMIUM]","Glen Head","NY","[PREMIUM]",,"[]",,,"[PREMIUM]"
"8282df40-192b-45e1-adac-1acc03316b3a","2026-04-22 23:36:43.385","2026-04-28 23:37:02.508","8282df40-192b-45e1-adac-1acc03316b3a","[PREMIUM]","New",2026,"Honda","HR-V","AWD Sport","[PREMIUM]","[PREMIUM]",0,"SUV","Nordic Forest Pearl","Black","All-wheel Drive",,,"Gasoline",,,"dealership","[PREMIUM]","Glen Head","NY","[PREMIUM]",,"[]",,,"[PREMIUM]"
"3c624f7b-6322-45b5-90cd-a0002476bb3b","2026-04-22 23:36:43.372","2026-04-22 23:36:43.372","3c624f7b-6322-45b5-90cd-a0002476bb3b","[PREMIUM]","New",2026,"Chevrolet","Equinox","LT","[PREMIUM]","[PREMIUM]",5,"SUV","Mosaic Black Metallic","Black","Front-wheel Drive",,,"Gasoline",,,"dealership","[PREMIUM]","Fuquay-Varina","NC","[PREMIUM]",,"[]",,,"[PREMIUM]"
"d1a53bb7-f44a-4917-a9fe-7de38fade9a4","2026-04-22 23:36:43.315","2026-05-01 23:37:16.907","d1a53bb7-f44a-4917-a9fe-7de38fade9a4","[PREMIUM]","Used",2025,"Volvo","XC40","B5 Plus Bright Theme","[PREMIUM]","[PREMIUM]",17407,"SUV","White","BLACK","Four-wheel Drive",,,"Gasoline",,,"dealership","[PREMIUM]","Gilbert","AZ","[PREMIUM]",,"[]",,,"[PREMIUM]"
"293561eb-fc0c-458f-ba59-801df5a4f588","2026-04-22 23:36:32.941","2026-04-22 23:36:32.941","293561eb-fc0c-458f-ba59-801df5a4f588","[PREMIUM]","New",2026,"Mazda","CX-30","2.5 S Carbon Edition","[PREMIUM]","[PREMIUM]",1,"SUV","Polymetal Gray Metallic","Red","All-wheel Drive",,,"Gasoline",,,"dealership","[PREMIUM]","Torrance","CA","[PREMIUM]",,"[]",,,"[PREMIUM]"
"1cc77f79-dcea-4476-8e17-f6688f89aca5","2026-04-22 23:36:32.902","2026-04-22 23:36:32.902","1cc77f79-dcea-4476-8e17-f6688f89aca5","[PREMIUM]","New",2026,"Honda","Accord","SE","[PREMIUM]","[PREMIUM]",5,"Sedan","Platinum White Pearl","Black","Front-wheel Drive",,,"Gasoline",,,"dealership","[PREMIUM]","Birmingham","AL","[PREMIUM]",,"[]",,,"[PREMIUM]"
"3b39c07f-6c2b-416d-bf03-057ff951a56c","2026-04-22 23:36:22.879","2026-04-22 23:36:22.879","3b39c07f-6c2b-416d-bf03-057ff951a56c","[PREMIUM]","New",2026,"Chevrolet","Equinox","LT","[PREMIUM]","[PREMIUM]",5,"SUV","Lakeshore Blue Metallic","Black","AWD",,,"Gasoline",,,"dealership","[PREMIUM]","Okarche","OK","[PREMIUM]",,"[]",,,"[PREMIUM]"
"0f3a4ff6-2fe8-4c73-90d2-618be32a53af","2026-04-22 23:36:22.862","2026-05-04 23:37:10.927","0f3a4ff6-2fe8-4c73-90d2-618be32a53af","[PREMIUM]","New",2026,"Honda","Civic Si","Base","[PREMIUM]","[PREMIUM]",5,"Sedan","Platinum White Pearl","Black / Red","Front-wheel Drive",,,"Gasoline",,,"dealership","[PREMIUM]","St. Charles","IL","[PREMIUM]",,"[]",,,"[PREMIUM]"
"10c96229-f62b-4519-a008-40a73d29cecc","2026-04-22 23:36:22.861","2026-05-01 23:36:56.493","10c96229-f62b-4519-a008-40a73d29cecc","[PREMIUM]","New",2026,"Honda","Accord","SE","[PREMIUM]","[PREMIUM]",8,"Sedan","Canyon","Black","Front-wheel Drive",,,"Gasoline",,,"dealership","[PREMIUM]","St. Charles","IL","[PREMIUM]",,"[]",,,"[PREMIUM]"
"efdcac85-bc1d-46e3-a241-b3517c5282ff","2026-04-22 23:36:22.861","2026-04-22 23:36:22.861","efdcac85-bc1d-46e3-a241-b3517c5282ff","[PREMIUM]","New",2026,"Hyundai","IONIQ 5","SE","[PREMIUM]","[PREMIUM]",17,"SUV","Black","Gray","All-wheel Drive",,,"Electric",,,"dealership","[PREMIUM]","Gresham","OR","[PREMIUM]",,"[]",,,"[PREMIUM]"
"09150170-768f-4858-a943-a40cf0338043","2026-04-22 23:36:22.849","2026-04-22 23:36:22.849","09150170-768f-4858-a943-a40cf0338043","[PREMIUM]","New",2026,"Honda","CR-V","LX","[PREMIUM]","[PREMIUM]",5,"SUV","Solar Silver Metallic","Black","All-wheel Drive",,,"Gasoline",,,"dealership","[PREMIUM]","Cincinnati","OH","[PREMIUM]",,"[]",,,"[PREMIUM]"
"3def5a38-a850-413e-a0b3-8ab125fdc4eb","2026-04-22 23:36:22.843","2026-04-22 23:36:22.843","3def5a38-a850-413e-a0b3-8ab125fdc4eb","[PREMIUM]","New",2026,"Honda","Accord","SE","[PREMIUM]","[PREMIUM]",3,"Sedan","Urban Gray Pearl","Black","Front-wheel Drive",,,"Gasoline",,,"dealership","[PREMIUM]","St. Charles","IL","[PREMIUM]",,"[]",,,"[PREMIUM]"
"65662cb7-676f-4f93-b7b4-f700d3eda043","2026-04-22 23:36:22.841","2026-04-22 23:36:22.841","65662cb7-676f-4f93-b7b4-f700d3eda043","[PREMIUM]","New",2026,"Honda","Accord","SE","[PREMIUM]","[PREMIUM]",3,"Sedan","Canyon","Black","Front-wheel Drive",,,"Gasoline",,,"dealership","[PREMIUM]","St. Charles","IL","[PREMIUM]",,"[]",,,"[PREMIUM]"
"cc952b8f-3c06-479a-979a-7bf732cf7679","2026-04-22 23:36:22.841","2026-04-28 23:36:41.873","cc952b8f-3c06-479a-979a-7bf732cf7679","[PREMIUM]","Used",2026,"Subaru","Forester","Premium","[PREMIUM]","[PREMIUM]",12,"SUV","Riverrock Green","Black","All-wheel Drive",,,"Gasoline",,,"dealership","[PREMIUM]","Cary","NC","[PREMIUM]",,"[]",,,"[PREMIUM]"
"e798bacf-01c2-4035-b859-c1137a55a6de","2026-04-22 23:36:22.830","2026-04-22 23:36:22.830","e798bacf-01c2-4035-b859-c1137a55a6de","[PREMIUM]","Used",2026,"Subaru","Forester","Premium","[PREMIUM]","[PREMIUM]",15,"SUV","Autumn Green Metallic","Black","All-wheel Drive",,,"Gasoline",,,"dealership","[PREMIUM]","Cary","NC","[PREMIUM]",,"[]",,,"[PREMIUM]"
"0423a802-e9ed-4769-9141-2d6b24e85ded","2026-04-22 23:36:22.829","2026-04-22 23:36:22.829","0423a802-e9ed-4769-9141-2d6b24e85ded","[PREMIUM]","New",2026,"Chevrolet","Equinox","LT","[PREMIUM]","[PREMIUM]",5,"SUV","Summit White","Black","AWD",,,"Gasoline",,,"dealership","[PREMIUM]","Raynham","MA","[PREMIUM]",,"[]",,,"[PREMIUM]"
"f8059bb2-7959-4b41-b358-4fcbbee1f9c5","2026-04-22 23:36:22.826","2026-04-22 23:36:22.826","f8059bb2-7959-4b41-b358-4fcbbee1f9c5","[PREMIUM]","New",2026,"Honda","Accord","LX 1.5T","[PREMIUM]","[PREMIUM]",5,"Sedan","Platinum White Pearl","Black","Front-wheel Drive",,,"Gasoline",,,"dealership","[PREMIUM]","Birmingham","AL","[PREMIUM]",,"[]",,,"[PREMIUM]"
"730d952d-c58d-43a6-83a2-1b432175a10e","2026-04-22 23:36:22.822","2026-04-22 23:36:22.822","730d952d-c58d-43a6-83a2-1b432175a10e","[PREMIUM]","New",2026,"Volkswagen","Jetta","1.5T SEL","[PREMIUM]","[PREMIUM]",4,"Sedan","Monterey Blue Pearl",,"Front-wheel Drive",,,"Gasoline",,,"dealership","[PREMIUM]","Honolulu","HI","[PREMIUM]",,"[]",,,"[PREMIUM]"
"3cf6ce0f-7680-4816-a930-c95dc8ce04f3","2026-04-22 23:36:22.818","2026-04-22 23:36:22.818","3cf6ce0f-7680-4816-a930-c95dc8ce04f3","[PREMIUM]","New",2026,"Kia","K5","GT-Line AWD","[PREMIUM]","[PREMIUM]",5,"Sedan","Aurora Black Pearl","Black","All-wheel Drive",,,"Gasoline",,,"dealership","[PREMIUM]","Vestal","NY","[PREMIUM]",,"[]",,,"[PREMIUM]"
"607e0441-12bb-458a-b67c-56bb6fdc51e5","2026-04-22 23:36:22.812","2026-04-22 23:36:22.812","607e0441-12bb-458a-b67c-56bb6fdc51e5","[PREMIUM]","New",2026,"Nissan","Altima","2.5 SV","[PREMIUM]","[PREMIUM]",9,"Sedan","Scarlet Ember","Charcoal","Front-wheel Drive",,,"Gasoline",,,"dealership","[PREMIUM]","Summerville","SC","[PREMIUM]",,"[]",,,"[PREMIUM]"
"666fae64-aad0-41a3-9ffe-8fa9f2451769","2026-04-22 23:36:22.812","2026-04-22 23:36:22.812","666fae64-aad0-41a3-9ffe-8fa9f2451769","[PREMIUM]","New",2026,"Nissan","Altima","2.5 SV","[PREMIUM]","[PREMIUM]",3,"Sedan","White","Charcoal","Front-wheel Drive",,,"Gasoline",,,"dealership","[PREMIUM]","Danville","KY","[PREMIUM]",,"[]",,,"[PREMIUM]"
"d6b2b786-4028-4e3f-b13e-52f5af3fa60c","2026-04-22 23:36:22.795","2026-04-28 23:36:41.836","d6b2b786-4028-4e3f-b13e-52f5af3fa60c","[PREMIUM]","New",2026,"Ford","Maverick","XL","[PREMIUM]","[PREMIUM]",27,"Truck","Gray Metallic","Navy Pier","All-wheel Drive",,,"Gasoline",,,"dealership","[PREMIUM]","Kewanee","IL","[PREMIUM]",,"[]",,,"[PREMIUM]"
"03b67475-a43e-4730-9edf-d634bc324954","2026-04-22 23:36:02.150","2026-04-22 23:36:02.150","03b67475-a43e-4730-9edf-d634bc324954","[PREMIUM]","New",2026,"Kia","Sportage","LX","[PREMIUM]","[PREMIUM]",5,"SUV","Glacial White Pearl","Black","AWD",,,"Gasoline",,,"dealership","[PREMIUM]","Mentor","OH","[PREMIUM]",,"[]",,,"[PREMIUM]"
"5546f986-6983-4261-a40e-c1f4d3e7ef3a","2026-04-22 23:36:02.107","2026-04-22 23:36:02.107","5546f986-6983-4261-a40e-c1f4d3e7ef3a","[PREMIUM]","New",2026,"Honda","HR-V","EX-L","[PREMIUM]","[PREMIUM]",5,"SUV","North Shore Pearl","Black","Front-wheel Drive",,,"Gasoline",,,"dealership","[PREMIUM]","Colma","CA","[PREMIUM]",,"[]",,,"[PREMIUM]"
"4daf6944-6580-493b-a76b-73beac7c66df","2026-04-22 23:36:02.092","2026-04-22 23:36:02.092","4daf6944-6580-493b-a76b-73beac7c66df","[PREMIUM]","New",2026,"GMC","Terrain","Elevation","[PREMIUM]","[PREMIUM]",,"SUV","Sterling",,"FWD",,,"Gasoline",,,"dealership","[PREMIUM]","Gilbert","AZ","[PREMIUM]",,"[]",,,"[PREMIUM]"
"eeb0116e-d305-4f92-8cca-d362c91aa9e0","2026-04-22 23:36:02.070","2026-04-22 23:36:02.070","eeb0116e-d305-4f92-8cca-d362c91aa9e0","[PREMIUM]","New",2026,"Nissan","Rogue","SV","[PREMIUM]","[PREMIUM]",5,"SUV","Everest White P","Charcoal","Front-wheel Drive",,,"Gasoline",,,"dealership","[PREMIUM]","D'Iberville","MS","[PREMIUM]",,"[]",,,"[PREMIUM]"
"d0f59460-05cc-4ec5-b55a-484c586c07d9","2026-04-22 23:35:51.898","2026-04-22 23:35:51.898","d0f59460-05cc-4ec5-b55a-484c586c07d9","[PREMIUM]","New",2026,"Ford","Maverick","XLT","[PREMIUM]","[PREMIUM]",3,"Truck","Ruby Red Metallic Tinted Clearcoat","Navy Pier/Aspen Gray","Front-wheel Drive",,,"Gasoline",,,"dealership","[PREMIUM]","Winter Haven","FL","[PREMIUM]",,"[]",,,"[PREMIUM]"
"f5c8cf77-e227-4b11-82a5-b109f90241ba","2026-04-22 23:35:51.826","2026-04-22 23:35:51.826","f5c8cf77-e227-4b11-82a5-b109f90241ba","[PREMIUM]","New",2026,"Chevrolet","Equinox","1LT","[PREMIUM]","[PREMIUM]",3,"SUV","Sterling Gray Metallic","Black","All-wheel Drive",,,"Gasoline",,,"dealership","[PREMIUM]","Buffalo","MN","[PREMIUM]",,"[]",,,"[PREMIUM]"
"db6eed7d-83b5-47b1-9762-a6f4ad0f1fd0","2026-04-22 23:35:51.823","2026-04-22 23:35:51.823","db6eed7d-83b5-47b1-9762-a6f4ad0f1fd0","[PREMIUM]","New",2026,"Honda","CR-V","EX","[PREMIUM]","[PREMIUM]",0,"SUV","Solar Silver Metallic","Black","Front-wheel Drive",,,"Gasoline",,,"dealership","[PREMIUM]","Greenacres","FL","[PREMIUM]",,"[]",,,"[PREMIUM]"
"fa83ffc1-5d5a-4ddc-acb6-98d19360806a","2026-04-22 23:35:51.769","2026-05-01 23:36:46.668","fa83ffc1-5d5a-4ddc-acb6-98d19360806a","[PREMIUM]","New",2026,"Chevrolet","Equinox","1LT","[PREMIUM]","[PREMIUM]",3,"SUV","Sterling Gray Metallic","Black","All-wheel Drive",,,"Gasoline",,,"dealership","[PREMIUM]","Buffalo","MN","[PREMIUM]",,"[]",,,"[PREMIUM]"
"cc6edb92-48d9-4521-a024-5bd78adbc284","2026-04-22 23:35:51.754","2026-04-22 23:35:51.754","cc6edb92-48d9-4521-a024-5bd78adbc284","[PREMIUM]","New",2026,"Kia","Sportage","EX","[PREMIUM]","[PREMIUM]",8,"SUV","Ebony Black","Gray","All-wheel Drive",,,"Gasoline",,,"dealership","[PREMIUM]","Charter Twp of Clinton","MI","[PREMIUM]",,"[]",,,"[PREMIUM]"
"f7d5e735-27ff-419b-9536-05438bb52f53","2026-04-22 23:35:51.736","2026-04-22 23:35:51.736","f7d5e735-27ff-419b-9536-05438bb52f53","[PREMIUM]","Used",2026,"Subaru","Outback","Premium","[PREMIUM]","[PREMIUM]",5261,"SUV","Deep Emerald Green","Black","AWD",,,"Gasoline",,,"dealership","[PREMIUM]","Oklahoma City","OK","[PREMIUM]",,"[]",,,"[PREMIUM]"
"779c55ab-9254-449c-aa59-027997df9f61","2026-04-22 23:35:51.733","2026-04-22 23:35:51.733","779c55ab-9254-449c-aa59-027997df9f61","[PREMIUM]","New",2026,"Honda","HR-V","EX-L","[PREMIUM]","[PREMIUM]",3,"SUV","Urban Gray Pearl","Black","Front-wheel Drive",,,"Gasoline",,,"dealership","[PREMIUM]","Buena Park","CA","[PREMIUM]",,"[]",,,"[PREMIUM]"
"eb2376c6-7133-426f-bead-41496e244f74","2026-04-22 23:35:51.733","2026-04-22 23:35:51.733","eb2376c6-7133-426f-bead-41496e244f74","[PREMIUM]","New",2026,"Mazda","CX-30","Preferred","[PREMIUM]","[PREMIUM]",2,"SUV","Snowflake White Pearl","Black/Black","All-wheel Drive",,,"Gasoline",,,"dealership","[PREMIUM]","Libertyville","IL","[PREMIUM]",,"[]",,,"[PREMIUM]"
"f40d82c4-5731-4925-9156-0f3bd2ca3d8f","2026-04-22 23:35:51.730","2026-05-01 23:36:36.007","f40d82c4-5731-4925-9156-0f3bd2ca3d8f","[PREMIUM]","New",2026,"Honda","Civic Si","Base","[PREMIUM]","[PREMIUM]",10,"Sedan","Rallye Red","Black / Red","Front-wheel Drive",,,"Gasoline",,,"dealership","[PREMIUM]","North Richland Hills","TX","[PREMIUM]",,"[]",,,"[PREMIUM]"
"43154d52-b0c7-4547-b7de-1bfb98de4c24","2026-04-22 23:35:51.725","2026-04-22 23:35:51.725","43154d52-b0c7-4547-b7de-1bfb98de4c24","[PREMIUM]","New",2026,"Chevrolet","Equinox","1LT","[PREMIUM]","[PREMIUM]",4260,"SUV","Lakeshore Blue Metallic","Black","Front-wheel Drive",,,"Gasoline",,,"dealership","[PREMIUM]","Avon","OH","[PREMIUM]",,"[]",,,"[PREMIUM]"
"5b4393a2-342d-48eb-b6c7-c90207b95a64","2026-04-22 23:35:51.717","2026-04-22 23:35:51.717","5b4393a2-342d-48eb-b6c7-c90207b95a64","[PREMIUM]","New",2026,"Ford","Bronco Sport","Big Bend","[PREMIUM]","[PREMIUM]",0,"SUV","Oxford White","Medium Light Smoked Truffle","Four-wheel Drive",,,"Gasoline",,,"dealership","[PREMIUM]","Maumee","OH","[PREMIUM]",,"[]",,,"[PREMIUM]"
"dcaafef1-32df-49fd-907d-a08027b875ab","2026-04-22 23:35:51.697","2026-04-22 23:35:51.697","dcaafef1-32df-49fd-907d-a08027b875ab","[PREMIUM]","New",2026,"Nissan","Rogue","Dark Armor","[PREMIUM]","[PREMIUM]",5,"SUV","Black","Light Gray","Front-wheel Drive",,,"Gasoline",,,"dealership","[PREMIUM]","Kennesaw","GA","[PREMIUM]",,"[]",,,"[PREMIUM]"
"7a8839f1-58c0-4bd0-986b-07a148f429c6","2026-04-22 23:35:51.676","2026-04-22 23:35:51.676","7a8839f1-58c0-4bd0-986b-07a148f429c6","[PREMIUM]","New",2026,"Kia","K5","GT-Line","[PREMIUM]","[PREMIUM]",10,"Sedan","Black","Black",,,,"Gasoline",,,"dealership","[PREMIUM]","Katy","TX","[PREMIUM]",,"[]",,,"[PREMIUM]"
"24cc117d-d75d-499c-bacd-539d0775f7ec","2026-04-22 23:35:40.965","2026-04-28 23:36:00.058","24cc117d-d75d-499c-bacd-539d0775f7ec","[PREMIUM]","New",2026,"Honda","Accord","LX 1.5T","[PREMIUM]","[PREMIUM]",3,"Sedan","Platinum White Pearl","Gray","Front-wheel Drive",,,"Gasoline",,,"dealership","[PREMIUM]","Buena Park","CA","[PREMIUM]",,"[]",,,"[PREMIUM]"
"c7d385f1-879e-4c8d-a295-c6a9261b75f3","2026-04-22 23:35:40.921","2026-04-22 23:35:40.921","c7d385f1-879e-4c8d-a295-c6a9261b75f3","[PREMIUM]","New",2026,"Honda","CR-V","LX 2WD","[PREMIUM]","[PREMIUM]",3,"SUV","Urban Gray Pearl","Black","Front-wheel Drive",,,"Gasoline",,,"dealership","[PREMIUM]","Buena Park","CA","[PREMIUM]",,"[]",,,"[PREMIUM]"
"4270360f-5aca-4535-9bb5-5aeabfeafaa8","2026-04-22 23:35:40.900","2026-04-22 23:35:40.900","4270360f-5aca-4535-9bb5-5aeabfeafaa8","[PREMIUM]","New",2026,"Honda","HR-V","EX-L","[PREMIUM]","[PREMIUM]",3,"SUV","Frostline White Pearl","Black","Front-wheel Drive",,,"Gasoline",,,"dealership","[PREMIUM]","Buena Park","CA","[PREMIUM]",,"[]",,,"[PREMIUM]"
"a05f8481-c840-4df0-b817-1ff624cb4de6","2026-04-22 23:35:40.885","2026-05-01 23:36:05.301","a05f8481-c840-4df0-b817-1ff624cb4de6","[PREMIUM]","New",2026,"Subaru","Crosstrek","Premium","[PREMIUM]","[PREMIUM]",0,"SUV","Magnetite Gray Metallic","BLK STARTEX-TRMMED","All-wheel Drive",,,"Gasoline",,,"dealership","[PREMIUM]","St. Cloud","MN","[PREMIUM]",,"[]",,,"[PREMIUM]"
"fcc0c4e3-447a-4978-abac-d7ba1edffbeb","2026-04-22 23:35:40.873","2026-04-22 23:35:40.873","fcc0c4e3-447a-4978-abac-d7ba1edffbeb","[PREMIUM]","New",2026,"Honda","Civic Hybrid","Sport Touring","[PREMIUM]","[PREMIUM]",3,"Hatchback","Meteorite Gray Metallic","Black","Front-wheel Drive",,,"Hybrid",,,"dealership","[PREMIUM]","Buena Park","CA","[PREMIUM]",,"[]",,,"[PREMIUM]"
"48e3f69b-ddc1-4e73-9129-f9b83c4a3387","2026-04-22 23:35:40.861","2026-04-22 23:35:40.861","48e3f69b-ddc1-4e73-9129-f9b83c4a3387","[PREMIUM]","New",2026,"Honda","Accord","SE","[PREMIUM]","[PREMIUM]",0,"Sedan","Canyon River Blue","Black","Front-wheel Drive",,,"Gasoline",,,"dealership","[PREMIUM]","Buena Park","CA","[PREMIUM]",,"[]",,,"[PREMIUM]"
"42b1d215-2339-4204-9218-65b067ffbccd","2026-04-22 23:35:30.677","2026-04-22 23:35:30.677","42b1d215-2339-4204-9218-65b067ffbccd","[PREMIUM]","New",2026,"Honda","CR-V","EX","[PREMIUM]","[PREMIUM]",,"SUV","Crystal Black Pearl","Black","All-wheel Drive",,,"Gasoline",,,"dealership","[PREMIUM]","Indianapolis","IN","[PREMIUM]",,"[]",,,"[PREMIUM]"
"82c0c5ba-54b3-4de2-baf6-ef2ddca230c1","2026-04-22 23:35:30.661","2026-05-01 23:36:25.885","82c0c5ba-54b3-4de2-baf6-ef2ddca230c1","[PREMIUM]","New",2026,"Kia","K5","GT-Line FWD","[PREMIUM]","[PREMIUM]",10,"Sedan","Aurora Black Pearl","Black","Front-wheel Drive",,,"Gasoline",,,"dealership","[PREMIUM]","Lighthouse Point","FL","[PREMIUM]",,"[]",,,"[PREMIUM]"
"8ec2d46f-f46f-4825-ade2-700858853643","2026-04-22 23:35:30.630","2026-04-22 23:35:30.630","8ec2d46f-f46f-4825-ade2-700858853643","[PREMIUM]","Used",2026,"Subaru","Outback","Premium","[PREMIUM]","[PREMIUM]",11,"SUV","WH7","Gray","All-wheel Drive",,,"Gasoline",,,"dealership","[PREMIUM]","Cary","NC","[PREMIUM]",,"[]",,,"[PREMIUM]"
"7538d80a-6c6a-42b6-a171-6a277f9ae181","2026-04-22 23:35:30.613","2026-04-22 23:35:30.613","7538d80a-6c6a-42b6-a171-6a277f9ae181","[PREMIUM]","New",2026,"Honda","Accord Hybrid","EX-L","[PREMIUM]","[PREMIUM]",,"Sedan","Crystal Black Pearl","Black","Front-wheel Drive",,,"Hybrid",,,"dealership","[PREMIUM]","Indianapolis","IN","[PREMIUM]",,"[]",,,"[PREMIUM]"
"b8523b4e-23e2-48d5-89ff-82627e2e97a7","2026-04-22 23:35:20.402","2026-04-22 23:35:20.402","b8523b4e-23e2-48d5-89ff-82627e2e97a7","[PREMIUM]","New",2026,"Ford","Bronco Sport","Big Bend","[PREMIUM]","[PREMIUM]",10,"SUV","Carbonized Gray Metallic",,"Four-wheel Drive",,,"Gasoline",,,"dealership","[PREMIUM]","Clearwater","FL","[PREMIUM]",,"[]",,,"[PREMIUM]"
"be4d90ae-f194-4da7-b9a7-e4c1f740c2e3","2026-04-22 23:35:20.393","2026-04-22 23:35:20.393","be4d90ae-f194-4da7-b9a7-e4c1f740c2e3","[PREMIUM]","New",2026,"Honda","Civic Hybrid","Sport Touring","[PREMIUM]","[PREMIUM]",1,"Sedan","Urban Gray Pearl","Black","Front-wheel Drive",,,"Hybrid",,,"dealership","[PREMIUM]","Union City","GA","[PREMIUM]",,"[]",,,"[PREMIUM]"
"b6106313-eb78-47ca-804e-d7bd6e03f8cd","2026-04-22 23:35:20.393","2026-04-22 23:35:20.393","b6106313-eb78-47ca-804e-d7bd6e03f8cd","[PREMIUM]","New",2026,"Kia","Sportage Hybrid","EX","[PREMIUM]","[PREMIUM]",10,"SUV","Fusion Black",,"All-wheel Drive",,,"Hybrid",,,"dealership","[PREMIUM]","Lighthouse Point","FL","[PREMIUM]",,"[]",,,"[PREMIUM]"
"67210e30-5786-4273-aa98-3252ca71352e","2026-04-22 23:35:20.379","2026-04-22 23:35:20.379","67210e30-5786-4273-aa98-3252ca71352e","[PREMIUM]","New",2026,"Chevrolet","Colorado","WT","[PREMIUM]","[PREMIUM]",0,"Truck","Sterling Gray Metallic","Jet Black","Rear-wheel Drive",,,"Gasoline",,,"dealership","[PREMIUM]","Houston","TX","[PREMIUM]",,"[]",,,"[PREMIUM]"
"316d113a-b526-4bdb-9a50-ffd104972385","2026-04-22 23:35:20.371","2026-04-22 23:35:20.371","316d113a-b526-4bdb-9a50-ffd104972385","[PREMIUM]","New",2026,"Honda","Accord Hybrid","Sport","[PREMIUM]","[PREMIUM]",4,"Sedan","Solar Silver Metallic","Black","Front-wheel Drive",,,"Hybrid",,,"dealership","[PREMIUM]","Concord","CA","[PREMIUM]",,"[]",,,"[PREMIUM]"
"4665c9e5-bae7-4858-971f-4cede5a16fdb","2026-04-22 23:35:20.362","2026-04-22 23:35:20.362","4665c9e5-bae7-4858-971f-4cede5a16fdb","[PREMIUM]","New",2026,"Kia","Sorento","S","[PREMIUM]","[PREMIUM]",15,"SUV","Ivory Silver","Black","Front-wheel Drive",,,"Gasoline",,,"dealership","[PREMIUM]","Lighthouse Point","FL","[PREMIUM]",,"[]",,,"[PREMIUM]"
"17dd3709-d830-4a23-9f85-e6f49275b412","2026-04-22 23:35:20.335","2026-04-22 23:35:20.335","17dd3709-d830-4a23-9f85-e6f49275b412","[PREMIUM]","New",2026,"Honda","Accord","LX 1.5T","[PREMIUM]","[PREMIUM]",8,"Sedan","Platinum White Pearl","Gray","Front-wheel Drive",,,"Gasoline",,,"dealership","[PREMIUM]","Springfield","MO","[PREMIUM]",,"[]",,,"[PREMIUM]"
"31e87a43-0c27-49b7-baa6-2c439a5c3cb7","2026-04-22 23:35:10.292","2026-04-22 23:35:10.292","31e87a43-0c27-49b7-baa6-2c439a5c3cb7","[PREMIUM]","New",2026,"Honda","Accord","SE","[PREMIUM]","[PREMIUM]",0,"Sedan","Meteorite Gray Metallic","Black","Front-wheel Drive",,,"Gasoline",,,"dealership","[PREMIUM]","Greenacres","FL","[PREMIUM]",,"[]",,,"[PREMIUM]"
"6e582a52-f127-461a-ba95-412ac97b230b","2026-04-22 23:35:10.227","2026-04-22 23:35:10.227","6e582a52-f127-461a-ba95-412ac97b230b","[PREMIUM]","New",2026,"Kia","Sportage","EX","[PREMIUM]","[PREMIUM]",5,"SUV","Nebular Blue","Black","All-wheel Drive",,,"Gasoline",,,"dealership","[PREMIUM]","Cerritos","CA","[PREMIUM]",,"[]",,,"[PREMIUM]"
"239cee34-83b6-4420-8d04-7cf2138bd9a2","2026-04-22 23:35:10.178","2026-04-22 23:35:10.178","239cee34-83b6-4420-8d04-7cf2138bd9a2","[PREMIUM]","New",2026,"Kia","Sportage","EX","[PREMIUM]","[PREMIUM]",10,"SUV","Glacial White Pearl","Black","Front-wheel Drive",,,"Gasoline",,,"dealership","[PREMIUM]","Arlington","TX","[PREMIUM]",,"[]",,,"[PREMIUM]"
"b2ce3380-1a08-4ff0-9e41-038ce441336e","2026-04-22 23:35:10.148","2026-04-22 23:35:10.148","b2ce3380-1a08-4ff0-9e41-038ce441336e","[PREMIUM]","New",2026,"Honda","HR-V","EX-L","[PREMIUM]","[PREMIUM]",0,"SUV","Urban Gray Pearl","Black","All-wheel Drive",,,"Gasoline",,,"dealership","[PREMIUM]","Oak Lawn","IL","[PREMIUM]",,"[]",,,"[PREMIUM]"
"0bf23b00-f303-4e95-956c-0058c6197e11","2026-04-22 23:35:10.138","2026-04-22 23:35:10.138","0bf23b00-f303-4e95-956c-0058c6197e11","[PREMIUM]","New",2026,"Kia","K5","GT-Line","[PREMIUM]","[PREMIUM]",0,"Sedan","Aurora Black Pearl","Black","All-wheel Drive",,,"Gasoline",,,"dealership","[PREMIUM]","Newark","DE","[PREMIUM]",,"[]",,,"[PREMIUM]"
"63b8ba73-ff6e-47a0-965b-4f1227bb703e","2026-04-22 23:35:10.138","2026-04-22 23:35:10.138","63b8ba73-ff6e-47a0-965b-4f1227bb703e","[PREMIUM]","New",2026,"Toyota","Camry","SE","[PREMIUM]","[PREMIUM]",0,"Sedan","Heavy Metal","Black","Front-wheel Drive",,,"Gasoline",,,"dealership","[PREMIUM]","West Palm Beach","FL","[PREMIUM]",,"[]",,,"[PREMIUM]"
"6f436c02-367d-4997-a9aa-75a3a808ebe7","2026-04-22 23:35:10.136","2026-04-22 23:35:10.136","6f436c02-367d-4997-a9aa-75a3a808ebe7","[PREMIUM]","New",2026,"Kia","Sportage","EX","[PREMIUM]","[PREMIUM]",5,"SUV","Gray","Black","Front-wheel Drive",,,"Gasoline",,,"dealership","[PREMIUM]","Cerritos","CA","[PREMIUM]",,"[]",,,"[PREMIUM]"
"532934c1-4856-42b1-a1ec-ec8d7da43ee5","2026-04-22 23:35:10.126","2026-04-22 23:35:10.126","532934c1-4856-42b1-a1ec-ec8d7da43ee5","[PREMIUM]","New",2026,"Kia","Sportage","EX","[PREMIUM]","[PREMIUM]",5,"SUV","Nebular Blue","Black","Front-wheel Drive",,,"Gasoline",,,"dealership","[PREMIUM]","Cerritos","CA","[PREMIUM]",,"[]",,,"[PREMIUM]"
"5205e541-9f57-49ce-8267-45c4bcbdcd95","2026-04-22 23:35:10.111","2026-04-22 23:35:10.111","5205e541-9f57-49ce-8267-45c4bcbdcd95","[PREMIUM]","New",2026,"Honda","Accord Hybrid","Sport","[PREMIUM]","[PREMIUM]",0,"Sedan","Crystal Bl","Black","Front-wheel Drive",,,"Hybrid",,,"dealership","[PREMIUM]","Oak Lawn","IL","[PREMIUM]",,"[]",,,"[PREMIUM]"
"7f6e7f14-574d-41b0-a358-36fa615326de","2026-04-22 23:35:10.109","2026-04-22 23:35:10.109","7f6e7f14-574d-41b0-a358-36fa615326de","[PREMIUM]","New",2026,"Honda","Civic Hybrid","Sport","[PREMIUM]","[PREMIUM]",0,"Hatchback","Boost Blue Pearl","Black","Front-wheel Drive",,,"Hybrid",,,"dealership","[PREMIUM]","O'Fallon","IL","[PREMIUM]",,"[]",,,"[PREMIUM]"
"439bcb3b-5294-4b53-936b-f25b0fbbe071","2026-04-22 23:35:10.100","2026-04-22 23:35:10.100","439bcb3b-5294-4b53-936b-f25b0fbbe071","[PREMIUM]","New",2026,"Kia","Sportage","EX","[PREMIUM]","[PREMIUM]",5,"SUV","Gray","Black","Front-wheel Drive",,,"Gasoline",,,"dealership","[PREMIUM]","Cerritos","CA","[PREMIUM]",,"[]",,,"[PREMIUM]"
"fe4005c4-35a5-47de-8bad-0d057fbf3f9a","2026-04-22 23:35:10.089","2026-04-22 23:35:10.089","fe4005c4-35a5-47de-8bad-0d057fbf3f9a","[PREMIUM]","New",2026,"Toyota","Corolla Cross","XLE","[PREMIUM]","[PREMIUM]",0,"SUV","Soul Red Crystal","Black","All-wheel Drive",,,"Gasoline",,,"dealership","[PREMIUM]","Englewood","CO","[PREMIUM]",,"[]",,,"[PREMIUM]"
"25525e0e-1229-4bc4-9f5d-4b36e636e410","2026-04-22 23:34:59.917","2026-04-22 23:34:59.917","25525e0e-1229-4bc4-9f5d-4b36e636e410","[PREMIUM]","New",2026,"Chevrolet","Equinox","FWD LT","[PREMIUM]","[PREMIUM]",5,"SUV","Summit White","Black","Front-wheel Drive",,,"Gasoline",,,"dealership","[PREMIUM]","Ballwin","MO","[PREMIUM]",,"[]",,,"[PREMIUM]"
"7739fc8b-e67c-4331-93f6-a07fd132db3d","2026-04-22 23:34:59.617","2026-04-22 23:34:59.617","7739fc8b-e67c-4331-93f6-a07fd132db3d","[PREMIUM]","New",2026,"Kia","Sportage","LX","[PREMIUM]","[PREMIUM]",0,"SUV","Ebony Black","Black","Front-wheel Drive",,,"Gasoline",,,"dealership","[PREMIUM]","Newark","DE","[PREMIUM]",,"[]",,,"[PREMIUM]"
"f988b264-96e9-4271-abf9-6399643e5ebe","2026-04-22 23:34:59.607","2026-04-22 23:34:59.607","f988b264-96e9-4271-abf9-6399643e5ebe","[PREMIUM]","New",2026,"Nissan","Rogue","SV","[PREMIUM]","[PREMIUM]",1,"SUV","Everest White P","Charcoal","All-wheel Drive",,,"Gasoline",,,"dealership","[PREMIUM]","Merriam","KS","[PREMIUM]",,"[]",,,"[PREMIUM]"
"5a8c78ef-c7f7-45f9-96b0-552f2bc78ce8","2026-04-22 23:34:59.599","2026-04-22 23:34:59.599","5a8c78ef-c7f7-45f9-96b0-552f2bc78ce8","[PREMIUM]","New",2026,"Volkswagen","Taos","SE","[PREMIUM]","[PREMIUM]",0,"SUV","Monument Gray","Black","Front-wheel Drive",,,"Gasoline",,,"dealership","[PREMIUM]","Frisco","TX","[PREMIUM]",,"[]",,,"[PREMIUM]"
"29125c96-93a3-403d-a096-733aac9241b4","2026-04-22 23:34:59.592","2026-04-22 23:34:59.592","29125c96-93a3-403d-a096-733aac9241b4","[PREMIUM]","New",2026,"Toyota","Camry","SE","[PREMIUM]","[PREMIUM]",0,"Sedan","Supersonic Red","Boulder","Front-wheel Drive",,,"Gasoline",,,"dealership","[PREMIUM]","West Palm Beach","FL","[PREMIUM]",,"[]",,,"[PREMIUM]"
"71ddfb35-fff8-458c-9a0d-c4aa13d2f3dd","2026-04-22 23:34:59.590","2026-04-22 23:34:59.590","71ddfb35-fff8-458c-9a0d-c4aa13d2f3dd","[PREMIUM]","New",2026,"Toyota","Prius","XLE","[PREMIUM]","[PREMIUM]",0,"Hatchback","Wind Chill Pearl","Gradient Black","Front-wheel Drive",,,"Gasoline",,,"dealership","[PREMIUM]","Capitola","CA","[PREMIUM]",,"[]",,,"[PREMIUM]"
"0ab3b04b-fc99-4b02-8164-5911537ec114","2026-04-22 23:34:59.581","2026-04-22 23:34:59.581","0ab3b04b-fc99-4b02-8164-5911537ec114","[PREMIUM]","New",2026,"Honda","Accord","SE","[PREMIUM]","[PREMIUM]",0,"Sedan","Radiant Red Metallic","Gray","Front-wheel Drive",,,"Gasoline",,,"dealership","[PREMIUM]","Aurora","IL","[PREMIUM]",,"[]",,,"[PREMIUM]"
"1121b185-f2c7-4265-952d-1545196af88a","2026-04-22 23:34:59.576","2026-04-22 23:34:59.576","1121b185-f2c7-4265-952d-1545196af88a","[PREMIUM]","New",2026,"Nissan","Rogue","Dark Armor","[PREMIUM]","[PREMIUM]",36,"SUV","Everest White Pearl Tricoat","Charcoal","All-wheel Drive",,,"Gasoline",,,"dealership","[PREMIUM]","Malta","NY","[PREMIUM]",,"[]",,,"[PREMIUM]"
"c59ba7d3-d9ca-49de-9002-0e8ac314039b","2026-04-22 23:34:59.557","2026-04-22 23:34:59.557","c59ba7d3-d9ca-49de-9002-0e8ac314039b","[PREMIUM]","New",2026,"Honda","HR-V","EX-L","[PREMIUM]","[PREMIUM]",0,"SUV","Platinum White Pearl","Gray","All-wheel Drive",,,"Gasoline",,,"dealership","[PREMIUM]","Oak Lawn","IL","[PREMIUM]",,"[]",,,"[PREMIUM]"
"baf45c20-3631-49f9-838b-db2cc6291ce8","2026-04-22 23:34:59.549","2026-04-22 23:34:59.549","baf45c20-3631-49f9-838b-db2cc6291ce8","[PREMIUM]","New",2026,"Chevrolet","Equinox","FWD LT","[PREMIUM]","[PREMIUM]",5,"SUV","Summit White","Black","Front-wheel Drive",,,"Gasoline",,,"dealership","[PREMIUM]","Ballwin","MO","[PREMIUM]",,"[]",,,"[PREMIUM]"
"2d2d3031-c15c-4ef9-869d-8a668ace290a","2026-04-22 23:34:59.526","2026-04-22 23:34:59.526","2d2d3031-c15c-4ef9-869d-8a668ace290a","[PREMIUM]","New",2026,"Ford","Mustang","EcoBoost","[PREMIUM]","[PREMIUM]",5,"Coupe","Shadow Black","Black Onyx","Rear-wheel Drive",,,"Gasoline",,,"dealership","[PREMIUM]","Houston","TX","[PREMIUM]",,"[]",,,"[PREMIUM]"
"970c675e-3a2d-4b36-90f8-f3752b0fea10","2026-04-22 23:34:59.503","2026-04-22 23:34:59.503","970c675e-3a2d-4b36-90f8-f3752b0fea10","[PREMIUM]","New",2026,"Buick","Encore GX","Preferred","[PREMIUM]","[PREMIUM]",0,"SUV","Summit White","Whisper Beige Seats With Ebony Interior Accents Cloth With Leath","All-wheel Drive",,,"Gasoline",,,"dealership","[PREMIUM]","Ferndale","MI","[PREMIUM]",,"[]",,,"[PREMIUM]"
"454bee9b-d2b2-44f2-83c3-ca381be045b0","2026-04-22 23:34:59.491","2026-04-22 23:34:59.491","454bee9b-d2b2-44f2-83c3-ca381be045b0","[PREMIUM]","New",2026,"Ford","Bronco Sport","Big Bend","[PREMIUM]","[PREMIUM]",5,"SUV","Velocity Blue Metallic","Medium Lt Smoked Truffle","Four-wheel Drive",,,"Gasoline",,,"dealership","[PREMIUM]","Houston","TX","[PREMIUM]",,"[]",,,"[PREMIUM]"
"44aa2644-2445-463c-a6d4-1d5bd0dad732","2026-04-22 23:34:59.483","2026-04-22 23:34:59.483","44aa2644-2445-463c-a6d4-1d5bd0dad732","[PREMIUM]","New",2026,"Toyota","Camry","SE","[PREMIUM]","[PREMIUM]",5,"Sedan","Dark Cosmos","Black","Front-wheel Drive",,,"Gasoline",,,"dealership","[PREMIUM]","Brandon","MS","[PREMIUM]",,"[]",,,"[PREMIUM]"
"5be8d509-c4fd-4b5a-b4ff-dc8792a4a235","2026-04-22 23:34:59.464","2026-04-22 23:34:59.464","5be8d509-c4fd-4b5a-b4ff-dc8792a4a235","[PREMIUM]","New",2026,"Ford","Maverick","XL","[PREMIUM]","[PREMIUM]",322,"Truck","Oxford White","Black Onyx/Dark Slate","All-wheel Drive",,,"Gasoline",,,"dealership","[PREMIUM]","Woodstock","VA","[PREMIUM]",,"[]",,,"[PREMIUM]"
"5c438844-184d-43e6-9774-5c52949d0650","2026-04-22 23:34:59.436","2026-04-22 23:34:59.436","5c438844-184d-43e6-9774-5c52949d0650","[PREMIUM]","New",2026,"Kia","Sportage","LX","[PREMIUM]","[PREMIUM]",3,"SUV","Panthera Metal Gray","Black","All-wheel Drive",,,"Gasoline",,,"dealership","[PREMIUM]","Woodside","NY","[PREMIUM]",,"[]",,,"[PREMIUM]"
"6e8773c5-2228-4f66-9098-57bab79018fb","2026-04-22 23:34:59.432","2026-04-22 23:34:59.432","6e8773c5-2228-4f66-9098-57bab79018fb","[PREMIUM]","New",2026,"Subaru","Crosstrek","Premium","[PREMIUM]","[PREMIUM]",0,"SUV","Alpine Green","Black","All-wheel Drive",,,"Gasoline",,,"dealership","[PREMIUM]","Glen Mills","PA","[PREMIUM]",,"[]",,,"[PREMIUM]"
"c4c00cb6-beca-4e13-8d2b-39defe3a7fef","2026-04-22 23:34:59.414","2026-04-22 23:34:59.414","c4c00cb6-beca-4e13-8d2b-39defe3a7fef","[PREMIUM]","New",2026,"Toyota","Corolla Cross","XLE","[PREMIUM]","[PREMIUM]",5,"SUV","Wind Chill Pearl","Black","Front-wheel Drive",,,"Gasoline",,,"dealership","[PREMIUM]","Peoria","AZ","[PREMIUM]",,"[]",,,"[PREMIUM]"
"45217545-cf6f-4b75-937a-f4450bdc0a92","2026-04-22 23:34:59.411","2026-04-22 23:34:59.411","45217545-cf6f-4b75-937a-f4450bdc0a92","[PREMIUM]","New",2026,"Subaru","Forester","Premium","[PREMIUM]","[PREMIUM]",1,"SUV","Autumn Green Metallic","Black","All-wheel Drive",,,"Gasoline",,,"dealership","[PREMIUM]","Shoreline in Seattle","WA","[PREMIUM]",,"[]",,,"[PREMIUM]"
"1a31a6c0-fbf0-428c-a143-6693fbc980f2","2026-04-22 23:34:59.399","2026-04-22 23:34:59.399","1a31a6c0-fbf0-428c-a143-6693fbc980f2","[PREMIUM]","New",2026,"Subaru","Crosstrek","Premium","[PREMIUM]","[PREMIUM]",1,"SUV","Alpine Green Paint","Black","All-wheel Drive",,,"Gasoline",,,"dealership","[PREMIUM]","Shoreline in Seattle","WA","[PREMIUM]",,"[]",,,"[PREMIUM]"
"124fc3f0-95d5-44b7-adf4-90c76b51bdd6","2026-04-22 23:34:59.336","2026-04-28 23:35:39.940","124fc3f0-95d5-44b7-adf4-90c76b51bdd6","[PREMIUM]","New",2026,"Jeep","Compass","Limited","[PREMIUM]","[PREMIUM]",2463,"SUV","Bright White Clearcoat","Black","Four-wheel Drive",,,"Gasoline",,,"dealership","[PREMIUM]","Madison","WI","[PREMIUM]",,"[]",,,"[PREMIUM]"
"c751ff48-78e8-4c0b-8c67-b5a115fa80c7","2026-04-22 23:34:48.947","2026-04-28 23:35:19.968","c751ff48-78e8-4c0b-8c67-b5a115fa80c7","[PREMIUM]","New",2026,"Nissan","Rogue","Rock Creek","[PREMIUM]","[PREMIUM]",1,"SUV","Everest White P","Charcoal","All-wheel Drive",,,"Gasoline",,,"dealership","[PREMIUM]","Merriam","KS","[PREMIUM]",,"[]",,,"[PREMIUM]"
"156a233a-fc89-474e-b835-158f4f4c2b50","2026-04-22 23:34:48.920","2026-04-22 23:34:48.920","156a233a-fc89-474e-b835-158f4f4c2b50","[PREMIUM]","Used",2026,"Subaru","Forester","Premium","[PREMIUM]","[PREMIUM]",2850,"SUV","Riverrock Green","Black","All-wheel Drive",,,"Gasoline",,,"dealership","[PREMIUM]","Minneapolis","MN","[PREMIUM]",,"[]",,,"[PREMIUM]"
"3adc3a1a-8434-4534-ab35-3097c52f4068","2026-04-22 23:34:48.914","2026-04-22 23:34:48.914","3adc3a1a-8434-4534-ab35-3097c52f4068","[PREMIUM]","New",2026,"Mazda","CX-30","Preferred","[PREMIUM]","[PREMIUM]",5,"SUV","Aero Gray Metallic","Greige/Black","All-wheel Drive",,,"Gasoline",,,"dealership","[PREMIUM]","Danvers","MA","[PREMIUM]",,"[]",,,"[PREMIUM]"
"73b554b5-7ea9-445d-b2e9-cf674a871a3f","2026-04-22 23:34:48.692","2026-04-22 23:34:48.692","73b554b5-7ea9-445d-b2e9-cf674a871a3f","[PREMIUM]","New",2026,"Honda","HR-V","EX-L","[PREMIUM]","[PREMIUM]",0,"SUV","Nordic Forest Pearl",,"All-wheel Drive",,,"Gasoline",,,"dealership","[PREMIUM]","Mankato","MN","[PREMIUM]",,"[]",,,"[PREMIUM]"
"e3e5df80-0b4b-457c-95c3-d41dc17ca682","2026-04-22 23:34:48.652","2026-04-22 23:34:48.652","e3e5df80-0b4b-457c-95c3-d41dc17ca682","[PREMIUM]","New",2026,"Hyundai","IONIQ 5","SE","[PREMIUM]","[PREMIUM]",9,"SUV","Blue","Black","Rear-wheel Drive",,,"Electric",,,"dealership","[PREMIUM]","Santa Rosa","CA","[PREMIUM]",,"[]",,,"[PREMIUM]"
"84a184bc-7f97-4d4e-8b9c-8f3ca8fb9320","2026-04-22 23:34:48.650","2026-04-22 23:34:48.650","84a184bc-7f97-4d4e-8b9c-8f3ca8fb9320","[PREMIUM]","New",2026,"Honda","CR-V","EX","[PREMIUM]","[PREMIUM]",1,"SUV","Platinum White Pearl","Black","FWD",,,"Gasoline",,,"dealership","[PREMIUM]","Las Vegas","NV","[PREMIUM]",,"[]",,,"[PREMIUM]"
"19580a2b-4bfe-48bf-bd00-d449f0f2fd57","2026-04-22 23:34:48.649","2026-04-22 23:34:48.649","19580a2b-4bfe-48bf-bd00-d449f0f2fd57","[PREMIUM]","New",2026,"Ford","Maverick","XL","[PREMIUM]","[PREMIUM]",3,"Truck","Oxford White",,"All-wheel Drive",,,"Hybrid",,,"dealership","[PREMIUM]","Columbia","MO","[PREMIUM]",,"[]",,,"[PREMIUM]"
"d0ff688b-e95d-4efe-ac73-0c7dd0ccca19","2026-04-22 23:34:48.647","2026-04-22 23:34:48.647","d0ff688b-e95d-4efe-ac73-0c7dd0ccca19","[PREMIUM]","New",2026,"Mazda","CX-30","2.5 Turbo Aire Edition","[PREMIUM]","[PREMIUM]",1,"SUV","Aero Gray Metallic","Black / Gray","AWD",,,"Gasoline",,,"dealership","[PREMIUM]","North Palm Beach","FL","[PREMIUM]",,"[]",,,"[PREMIUM]"
"f15203c3-20ae-4e90-910d-1a1ab1697bbc","2026-04-22 23:34:48.641","2026-04-22 23:34:48.641","f15203c3-20ae-4e90-910d-1a1ab1697bbc","[PREMIUM]","New",2026,"Honda","CR-V","LX","[PREMIUM]","[PREMIUM]",4,"SUV","Meteorite Gray Metallic","Black","AWD",,,"Gasoline",,,"dealership","[PREMIUM]","Union","NJ","[PREMIUM]",,"[]",,,"[PREMIUM]"
"1ffcc07c-17ca-4aa1-a38d-aabfa32cb54a","2026-04-22 23:34:48.630","2026-04-22 23:34:48.630","1ffcc07c-17ca-4aa1-a38d-aabfa32cb54a","[PREMIUM]","New",2026,"Honda","Accord","SE","[PREMIUM]","[PREMIUM]",1,"Sedan","Canyon","Black","FWD",,,"Gasoline",,,"dealership","[PREMIUM]","Las Vegas","NV","[PREMIUM]",,"[]",,,"[PREMIUM]"
"62e25d9c-04da-4e17-9263-c4545d161a65","2026-04-22 23:34:48.629","2026-04-22 23:34:48.629","62e25d9c-04da-4e17-9263-c4545d161a65","[PREMIUM]","New",2026,"GMC","Terrain","FWD Elevation","[PREMIUM]","[PREMIUM]",10,"SUV","Riverstone Metallic","After Dark","Front-wheel Drive",,,"Gasoline",,,"dealership","[PREMIUM]","Peoria","AZ","[PREMIUM]",,"[]",,,"[PREMIUM]"
"1edcad49-5340-4e71-9424-ba42973e2a04","2026-04-22 23:34:48.627","2026-04-22 23:34:48.627","1edcad49-5340-4e71-9424-ba42973e2a04","[PREMIUM]","New",2026,"Subaru","Crosstrek","Premium","[PREMIUM]","[PREMIUM]",5,"SUV","Blue","Black","AWD",,,"Gasoline",,,"dealership","[PREMIUM]","Eugene","OR","[PREMIUM]",,"[]",,,"[PREMIUM]"
"6439770c-199c-4818-aeaf-27ab908fb418","2026-04-22 23:34:48.627","2026-04-22 23:34:48.627","6439770c-199c-4818-aeaf-27ab908fb418","[PREMIUM]","New",2026,"Kia","Sorento","LX","[PREMIUM]","[PREMIUM]",3000,"SUV","Metal","Black","Front-wheel Drive",,,"Gasoline",,,"dealership","[PREMIUM]","Chesapeake","VA","[PREMIUM]",,"[]",,,"[PREMIUM]"
"d37b5b0c-06f2-4d35-a162-37e724978184","2026-04-22 23:34:48.625","2026-04-22 23:34:48.625","d37b5b0c-06f2-4d35-a162-37e724978184","[PREMIUM]","New",2026,"GMC","Terrain","Elevation","[PREMIUM]","[PREMIUM]",1,"SUV","Summit White",,"AWD",,,"Gasoline",,,"dealership","[PREMIUM]","Lockport","NY","[PREMIUM]",,"[]",,,"[PREMIUM]"
"29171a21-54ec-45d2-9b0f-2d395636291b","2026-04-22 23:34:48.612","2026-04-22 23:34:48.612","29171a21-54ec-45d2-9b0f-2d395636291b","[PREMIUM]","New",2026,"Honda","Accord","SE","[PREMIUM]","[PREMIUM]",4,"Sedan","Urban Gray Pearl","Black","FWD",,,"Gasoline",,,"dealership","[PREMIUM]","Union","NJ","[PREMIUM]",,"[]",,,"[PREMIUM]"
"b4d8da3a-ba0f-48a0-81ca-24fcd8116cd9","2026-04-22 23:34:48.611","2026-04-22 23:34:48.611","b4d8da3a-ba0f-48a0-81ca-24fcd8116cd9","[PREMIUM]","New",2026,"Subaru","Forester","Premium","[PREMIUM]","[PREMIUM]",5,"SUV","Autumn Green Metallic",,"AWD",,,"Gasoline",,,"dealership","[PREMIUM]","Fairfax","VA","[PREMIUM]",,"[]",,,"[PREMIUM]"
"2dc958be-7752-4bfe-883e-928f6a66a0dd","2026-04-22 23:34:48.607","2026-05-01 23:35:24.748","2dc958be-7752-4bfe-883e-928f6a66a0dd","[PREMIUM]","New",2026,"Kia","Sportage Hybrid","S","[PREMIUM]","[PREMIUM]",10,"SUV","Heritage Blue","Black","All-wheel Drive",,,"Hybrid",,,"dealership","[PREMIUM]","Escondido","CA","[PREMIUM]",,"[]",,,"[PREMIUM]"
"db6de899-8fb5-4917-912a-c2b18f863401","2026-04-22 23:34:48.604","2026-04-22 23:34:48.604","db6de899-8fb5-4917-912a-c2b18f863401","[PREMIUM]","New",2026,"Ford","Bronco Sport","Big Bend","[PREMIUM]","[PREMIUM]",1,"SUV","Oxford White",,"4WD",,,"Gasoline",,,"dealership","[PREMIUM]","Georgetown","TX","[PREMIUM]",,"[]",,,"[PREMIUM]"
"1c14e3cb-bc7a-48dd-808b-a7a813fd8559","2026-04-22 23:34:48.600","2026-04-22 23:34:48.600","1c14e3cb-bc7a-48dd-808b-a7a813fd8559","[PREMIUM]","New",2026,"Subaru","Crosstrek","Premium","[PREMIUM]","[PREMIUM]",5,"SUV","Gray","Gray","AWD",,,"Gasoline",,,"dealership","[PREMIUM]","Eugene","OR","[PREMIUM]",,"[]",,,"[PREMIUM]"
"4b8e435c-e130-4a63-b61a-ae64a1331824","2026-04-22 23:34:48.600","2026-04-22 23:34:48.600","4b8e435c-e130-4a63-b61a-ae64a1331824","[PREMIUM]","New",2026,"Subaru","Forester","Premium","[PREMIUM]","[PREMIUM]",180,"SUV","Ice Silver Metallic","Black","All-wheel Drive",,,"Gasoline",,,"dealership","[PREMIUM]","Martinez","GA","[PREMIUM]",,"[]",,,"[PREMIUM]"
"f46db94d-b365-4325-b54e-cf2153443279","2026-04-22 23:34:48.599","2026-04-22 23:34:48.599","f46db94d-b365-4325-b54e-cf2153443279","[PREMIUM]","New",2026,"Kia","Sportage","X-Line","[PREMIUM]","[PREMIUM]",4,"SUV","Wolf Gray","Black","AWD",,,"Gasoline",,,"dealership","[PREMIUM]","Medina","OH","[PREMIUM]",,"[]",,,"[PREMIUM]"
"6c8c9f9c-453f-4366-a132-3e2f24b99039","2026-04-22 23:34:48.597","2026-04-22 23:34:48.597","6c8c9f9c-453f-4366-a132-3e2f24b99039","[PREMIUM]","New",2026,"Ford","Maverick","XLT","[PREMIUM]","[PREMIUM]",4333,"Truck","Space White Metallic","Navy Pier","All-wheel Drive",,,"Gasoline",,,"dealership","[PREMIUM]","Oklahoma City","OK","[PREMIUM]",,"[]",,,"[PREMIUM]"
"7d341967-6ca5-40a5-be82-d45a105f2680","2026-04-22 23:34:48.597","2026-04-22 23:34:48.597","7d341967-6ca5-40a5-be82-d45a105f2680","[PREMIUM]","New",2026,"Kia","Sportage","EX","[PREMIUM]","[PREMIUM]",4,"SUV","NEBULARBLUE","Black","FWD",,,"Flexible Fuel",,,"dealership","[PREMIUM]","Medina","OH","[PREMIUM]",,"[]",,,"[PREMIUM]"
"fb7dceb2-4027-4ba2-b269-3946f8861711","2026-04-22 23:34:48.597","2026-04-22 23:34:48.597","fb7dceb2-4027-4ba2-b269-3946f8861711","[PREMIUM]","New",2026,"Subaru","Forester","Premium","[PREMIUM]","[PREMIUM]",4,"SUV","Dark Mahogany","Black","AWD",,,"Gasoline",,,"dealership","[PREMIUM]","Englewood","CO","[PREMIUM]",,"[]",,,"[PREMIUM]"
"8de23491-147b-45e2-9f83-40ccededfe90","2026-04-22 23:34:48.592","2026-04-22 23:34:48.592","8de23491-147b-45e2-9f83-40ccededfe90","[PREMIUM]","New",2026,"Subaru","Crosstrek","Premium","[PREMIUM]","[PREMIUM]",1,"SUV","Crystal Black Silica","Black","All-wheel Drive",,,"Gasoline",,,"dealership","[PREMIUM]","Shoreline in Seattle","WA","[PREMIUM]",,"[]",,,"[PREMIUM]"
"ea7543c3-3102-4a21-b189-8a8d0511e3b5","2026-04-22 23:34:48.580","2026-04-22 23:34:48.580","ea7543c3-3102-4a21-b189-8a8d0511e3b5","[PREMIUM]","New",2026,"Volkswagen","Tiguan","2.0T S","[PREMIUM]","[PREMIUM]",5,"SUV","Platinum Gray","Grigio","FWD",,,"Gasoline",,,"dealership","[PREMIUM]","Hawthorne","CA","[PREMIUM]",,"[]",,,"[PREMIUM]"
"03675334-c941-4d1a-9243-bba5a675fc37","2026-04-22 23:34:48.576","2026-04-22 23:34:48.576","03675334-c941-4d1a-9243-bba5a675fc37","[PREMIUM]","New",2026,"Subaru","Crosstrek","Premium","[PREMIUM]","[PREMIUM]",1,"SUV","Ice Silver Metallic","Black","All-wheel Drive",,,"Gasoline",,,"dealership","[PREMIUM]","Shoreline in Seattle","WA","[PREMIUM]",,"[]",,,"[PREMIUM]"
"71838f3d-03fe-4f1c-84e7-cf2f427a403e","2026-04-22 23:34:48.562","2026-04-22 23:34:48.562","71838f3d-03fe-4f1c-84e7-cf2f427a403e","[PREMIUM]","New",2026,"Nissan","Rogue","SV","[PREMIUM]","[PREMIUM]",5,"SUV","Gun Metallic","Charcoal","All-wheel Drive",,,"Gasoline",,,"dealership","[PREMIUM]","Jersey City","NJ","[PREMIUM]",,"[]",,,"[PREMIUM]"
"e874fc2f-f4d4-483b-b829-64cee5c6b325","2026-04-22 23:34:48.548","2026-04-22 23:34:48.548","e874fc2f-f4d4-483b-b829-64cee5c6b325","[PREMIUM]","New",2026,"Hyundai","TUCSON Hybrid","Blue SE","[PREMIUM]","[PREMIUM]",11,"SUV","Amazon Gray","Black","All-wheel Drive",,,"Hybrid",,,"dealership","[PREMIUM]","Eugene","OR","[PREMIUM]",,"[]",,,"[PREMIUM]"
"435aafcc-37be-4c4e-a660-404cf4c9ff14","2026-04-22 23:34:37.800","2026-04-22 23:34:37.800","435aafcc-37be-4c4e-a660-404cf4c9ff14","[PREMIUM]","New",2026,"Volkswagen","Taos","1.5T SE","[PREMIUM]","[PREMIUM]",5,"SUV","Gray","Black","FWD",,,"Gasoline",,,"dealership","[PREMIUM]","Hawthorne","CA","[PREMIUM]",,"[]",,,"[PREMIUM]"
"7cbffa95-9d6f-479a-9693-c27c2cdc510a","2026-04-22 23:34:37.754","2026-04-22 23:34:37.754","7cbffa95-9d6f-479a-9693-c27c2cdc510a","[PREMIUM]","New",2026,"Honda","CR-V","LX","[PREMIUM]","[PREMIUM]",1,"SUV","Radiant Red Metallic","Gray","FWD",,,"Gasoline",,,"dealership","[PREMIUM]","Las Vegas","NV","[PREMIUM]",,"[]",,,"[PREMIUM]"
"db37660b-8622-48ab-9c7e-e4c913d1b506","2026-04-22 23:34:37.739","2026-04-22 23:34:37.739","db37660b-8622-48ab-9c7e-e4c913d1b506","[PREMIUM]","New",2026,"Subaru","Crosstrek","Premium","[PREMIUM]","[PREMIUM]",10,"SUV","Blue","Black","AWD",,,"Gasoline",,,"dealership","[PREMIUM]","Santa Monica","CA","[PREMIUM]",,"[]",,,"[PREMIUM]"
"6150bd43-0063-460d-b916-37cae04ea4fb","2026-04-22 23:34:37.726","2026-04-22 23:34:37.726","6150bd43-0063-460d-b916-37cae04ea4fb","[PREMIUM]","New",2026,"Kia","Sportage","X-Line","[PREMIUM]","[PREMIUM]",10,"SUV","Wolf Gray","Terracotta","All-wheel Drive",,,"Gasoline",,,"dealership","[PREMIUM]","Highland","IN","[PREMIUM]",,"[]",,,"[PREMIUM]"
"2e0bedd6-cfa9-4a05-8602-77a6a6a6bc32","2026-04-22 23:34:37.725","2026-04-22 23:34:37.725","2e0bedd6-cfa9-4a05-8602-77a6a6a6bc32","[PREMIUM]","New",2026,"Chevrolet","Equinox","LT","[PREMIUM]","[PREMIUM]",0,"SUV","Green","Black","AWD",,,"Gasoline",,,"dealership","[PREMIUM]","Cheyenne","WY","[PREMIUM]",,"[]",,,"[PREMIUM]"
"4cf884cb-fbc4-4a4b-8326-f340264ed40e","2026-04-22 23:34:37.714","2026-04-28 23:34:59.579","4cf884cb-fbc4-4a4b-8326-f340264ed40e","[PREMIUM]","New",2026,"Honda","Accord","SE","[PREMIUM]","[PREMIUM]",1,"Sedan","Meteorite Gray Metallic","Black","Front-wheel Drive",,,"Gasoline",,,"dealership","[PREMIUM]","Las Vegas","NV","[PREMIUM]",,"[]",,,"[PREMIUM]"
"41582e85-5ffb-44cc-b048-5d1ff4f3e044","2026-04-22 23:34:37.712","2026-04-22 23:34:37.712","41582e85-5ffb-44cc-b048-5d1ff4f3e044","[PREMIUM]","New",2026,"Buick","Encore GX","Sport Touring","[PREMIUM]","[PREMIUM]",0,"SUV","Ebony Twilight Metallic","Ebony","FWD",,,"Gasoline",,,"dealership","[PREMIUM]","Merrillville","IN","[PREMIUM]",,"[]",,,"[PREMIUM]"
"a83caab6-7244-4c0c-89e4-4e9e75d104ef","2026-04-22 23:34:37.709","2026-04-22 23:34:37.709","a83caab6-7244-4c0c-89e4-4e9e75d104ef","[PREMIUM]","New",2026,"Buick","Encore GX","Sport Touring","[PREMIUM]","[PREMIUM]",0,"SUV","Ebony Twilight Metallic","Ebony","FWD",,,"Gasoline",,,"dealership","[PREMIUM]","Merrillville","IN","[PREMIUM]",,"[]",,,"[PREMIUM]"
"5f6fab14-a3f2-4713-adc2-1852d20ee404","2026-04-22 23:34:37.702","2026-04-22 23:34:37.702","5f6fab14-a3f2-4713-adc2-1852d20ee404","[PREMIUM]","New",2026,"Nissan","Rogue","Dark Armor","[PREMIUM]","[PREMIUM]",5,"SUV","Gun Metallic","Charcoal","Front-wheel Drive",,,"Gasoline",,,"dealership","[PREMIUM]","Kennesaw","GA","[PREMIUM]",,"[]",,,"[PREMIUM]"
"2a88a4d6-e111-4a97-aaa6-5046b172ebfa","2026-04-22 23:34:37.698","2026-04-22 23:34:37.698","2a88a4d6-e111-4a97-aaa6-5046b172ebfa","[PREMIUM]","New",2026,"Ford","Bronco Sport","Outer Banks","[PREMIUM]","[PREMIUM]",0,"SUV","Shadow Black","Ebony","4WD",,,"Gasoline",,,"dealership","[PREMIUM]","San Antonio","TX","[PREMIUM]",,"[]",,,"[PREMIUM]"
"579c695f-df52-4072-91a7-9cc396a1d894","2026-04-22 23:34:37.696","2026-04-22 23:34:37.696","579c695f-df52-4072-91a7-9cc396a1d894","[PREMIUM]","New",2026,"Subaru","Impreza","Sport","[PREMIUM]","[PREMIUM]",0,"Hatchback","Pure Red","Black","All-wheel Drive",,,"Gasoline",,,"dealership","[PREMIUM]","Bloomington","MN","[PREMIUM]",,"[]",,,"[PREMIUM]"
"433c2688-80a9-431f-95ec-e9592d31efdc","2026-04-22 23:34:37.686","2026-04-22 23:34:37.686","433c2688-80a9-431f-95ec-e9592d31efdc","[PREMIUM]","New",2026,"Ford","Bronco Sport","Big Bend","[PREMIUM]","[PREMIUM]",,"SUV","Shadow Black","Truffle","4WD",,,"Gasoline",,,"dealership","[PREMIUM]","Wentzville","MO","[PREMIUM]",,"[]",,,"[PREMIUM]"
"aba7c5a4-36d6-4917-ac32-6a7d7fce2e06","2026-04-22 23:34:37.679","2026-04-22 23:34:37.679","aba7c5a4-36d6-4917-ac32-6a7d7fce2e06","[PREMIUM]","New",2026,"Buick","Envista","Sport Touring","[PREMIUM]","[PREMIUM]",0,"SUV","Summit White","Ebony","FWD",,,"Flexible Fuel",,,"dealership","[PREMIUM]","Merrillville","IN","[PREMIUM]",,"[]",,,"[PREMIUM]"
"2462a0eb-dd09-40da-9657-61c41d8e958d","2026-04-22 23:34:37.675","2026-04-22 23:34:37.675","2462a0eb-dd09-40da-9657-61c41d8e958d","[PREMIUM]","Used",2026,"Kia","Sportage","X-Line","[PREMIUM]","[PREMIUM]",4165,"SUV","Ebony Black","Black","All-wheel Drive",,,"Gasoline",,,"dealership","[PREMIUM]","Lafayette","IN","[PREMIUM]",,"[]",,,"[PREMIUM]"
"bac1ef5e-6523-4946-9705-9179a3ae9758","2026-04-22 23:34:37.675","2026-04-22 23:34:37.675","bac1ef5e-6523-4946-9705-9179a3ae9758","[PREMIUM]","Used",2026,"Kia","Sportage","EX","[PREMIUM]","[PREMIUM]",11468,"SUV","Gray","Black","All-wheel Drive",,,"Gasoline",,,"dealership","[PREMIUM]","Winston Salem","NC","[PREMIUM]",,"[]",,,"[PREMIUM]"
"1b25f8a7-3a2f-4ff2-a57d-990b6736f425","2026-04-22 23:34:37.668","2026-04-22 23:34:37.668","1b25f8a7-3a2f-4ff2-a57d-990b6736f425","[PREMIUM]","New",2026,"Hyundai","SANTA CRUZ","SEL","[PREMIUM]","[PREMIUM]",5,"Truck","Atlas","Black","FWD",,,"Gasoline",,,"dealership","[PREMIUM]","Macon","GA","[PREMIUM]",,"[]",,,"[PREMIUM]"
"c944ed4e-a477-4354-ab9a-62a37809b0e2","2026-04-22 23:34:37.665","2026-04-22 23:34:37.665","c944ed4e-a477-4354-ab9a-62a37809b0e2","[PREMIUM]","New",2026,"Buick","Envista","Avenir","[PREMIUM]","[PREMIUM]",0,"SUV","Ocean Blue Metallic","Ebony","FWD",,,"Flexible Fuel",,,"dealership","[PREMIUM]","Casa Grande","AZ","[PREMIUM]",,"[]",,,"[PREMIUM]"
"f259353e-8fc4-42a1-bbae-1ac1c5ee1ba5","2026-04-22 23:34:37.661","2026-04-22 23:34:37.661","f259353e-8fc4-42a1-bbae-1ac1c5ee1ba5","[PREMIUM]","New",2026,"Buick","Encore GX","Sport Touring","[PREMIUM]","[PREMIUM]",0,"SUV","Ebony Twilight Metallic","Ebony","Front-wheel Drive",,,"Gasoline",,,"dealership","[PREMIUM]","Merrillville","IN","[PREMIUM]",,"[]",,,"[PREMIUM]"
"bf862f82-0fce-4b0a-afeb-990bd7d884fd","2026-04-22 23:34:26.983","2026-04-22 23:34:26.983","bf862f82-0fce-4b0a-afeb-990bd7d884fd","[PREMIUM]","New",2026,"Hyundai","TUCSON","SEL Premium","[PREMIUM]","[PREMIUM]",6,"SUV","Shimmering Silver","Black","Front-wheel Drive",,,"Gasoline",,,"dealership","[PREMIUM]","Torrance","CA","[PREMIUM]",,"[]",,,"[PREMIUM]"
"132f07ec-61ed-4f26-8b7a-0eefe08b2ee0","2026-04-22 23:34:26.976","2026-04-22 23:34:26.976","132f07ec-61ed-4f26-8b7a-0eefe08b2ee0","[PREMIUM]","New",2026,"Buick","Encore GX","Sport Touring","[PREMIUM]","[PREMIUM]",0,"SUV","Gray","Ebony","AWD",,,"Gasoline",,,"dealership","[PREMIUM]","Monroeville","PA","[PREMIUM]",,"[]",,,"[PREMIUM]"
"0c53d264-641c-4cf4-b945-fbba1bcdc4de","2026-04-22 23:34:26.957","2026-04-22 23:34:26.957","0c53d264-641c-4cf4-b945-fbba1bcdc4de","[PREMIUM]","New",2026,"GMC","Sierra 1500","Pro","[PREMIUM]","[PREMIUM]",0,"Truck","Summit White","Jet Black","Four-wheel Drive",,,"Gasoline",,,"dealership","[PREMIUM]","Olathe","KS","[PREMIUM]",,"[]",,,"[PREMIUM]"
"d05608fb-a838-4067-97e7-eafa66e4c97b","2026-04-22 23:34:26.953","2026-04-22 23:34:26.953","d05608fb-a838-4067-97e7-eafa66e4c97b","[PREMIUM]","New",2026,"Ford","Maverick","XL","[PREMIUM]","[PREMIUM]",6,"Truck","Gray","Black Onyx","All-wheel Drive",,,"Hybrid",,,"dealership","[PREMIUM]","Auburn","MA","[PREMIUM]",,"[]",,,"[PREMIUM]"
"cc937632-e43f-4fc4-8ff5-385e0694c9e1","2026-04-22 23:34:16.996","2026-04-22 23:34:16.996","cc937632-e43f-4fc4-8ff5-385e0694c9e1","[PREMIUM]","New",2026,"Chevrolet","Equinox","LT","[PREMIUM]","[PREMIUM]",0,"SUV","Sterling Gray Metallic","Black","Front-wheel Drive",,,"Gasoline",,,"dealership","[PREMIUM]","Dearborn","MI","[PREMIUM]",,"[]",,,"[PREMIUM]"
"77055e06-bfad-4449-9bac-d64cd3955290","2026-04-22 23:34:16.937","2026-04-22 23:34:16.937","77055e06-bfad-4449-9bac-d64cd3955290","[PREMIUM]","New",2026,"Chevrolet","Equinox","LT","[PREMIUM]","[PREMIUM]",1,"SUV","Radiant Red","Black","All-wheel Drive",,,"Gasoline",,,"dealership","[PREMIUM]","Plainfield","IN","[PREMIUM]",,"[]",,,"[PREMIUM]"
"380fa00d-8953-4879-b406-09244ca7ddfe","2026-04-22 23:34:16.686","2026-04-22 23:34:16.686","380fa00d-8953-4879-b406-09244ca7ddfe","[PREMIUM]","New",2026,"Chevrolet","Equinox","LT","[PREMIUM]","[PREMIUM]",0,"SUV","Mosaic Black Metallic","Black","Front-wheel Drive",,,"Gasoline",,,"dealership","[PREMIUM]","Dearborn","MI","[PREMIUM]",,"[]",,,"[PREMIUM]"
"e2375f68-853c-403d-846a-6cabc44eebe3","2026-04-22 23:34:16.642","2026-04-22 23:34:16.642","e2375f68-853c-403d-846a-6cabc44eebe3","[PREMIUM]","New",2026,"Chevrolet","Equinox","LT","[PREMIUM]","[PREMIUM]",1,"SUV","Radiant Red","Black","All-wheel Drive",,,"Gasoline",,,"dealership","[PREMIUM]","Plainfield","IN","[PREMIUM]",,"[]",,,"[PREMIUM]"
"25522e05-d23c-4893-aab7-9af6b3f7eb79","2026-04-22 23:34:16.641","2026-04-22 23:34:16.641","25522e05-d23c-4893-aab7-9af6b3f7eb79","[PREMIUM]","New",2026,"Chevrolet","Equinox","LT","[PREMIUM]","[PREMIUM]",9,"SUV","Mosaic Black Metallic","Black","Front-wheel Drive",,,"Gasoline",,,"dealership","[PREMIUM]","Warren","MI","[PREMIUM]",,"[]",,,"[PREMIUM]"
"9e886ea2-b145-43e4-8315-17988c05f0c3","2026-04-22 23:34:16.635","2026-04-22 23:34:16.635","9e886ea2-b145-43e4-8315-17988c05f0c3","[PREMIUM]","New",2026,"Kia","Sportage","LX","[PREMIUM]","[PREMIUM]",0,"SUV","Ebony Black","Black","All-wheel Drive",,,"Gasoline",,,"dealership","[PREMIUM]","Pittsburgh","PA","[PREMIUM]",,"[]",,,"[PREMIUM]"
"f35c6ec4-5377-43de-a086-4082a9a686e1","2026-04-22 23:34:16.621","2026-04-22 23:34:16.621","f35c6ec4-5377-43de-a086-4082a9a686e1","[PREMIUM]","New",2026,"Chevrolet","Equinox","RS","[PREMIUM]","[PREMIUM]",0,"SUV","Red","Black","FWD",,,"Gasoline",,,"dealership","[PREMIUM]","Sugar Land","TX","[PREMIUM]",,"[]",,,"[PREMIUM]"
"39f8517e-c69c-4937-8765-ca5cd2ae094b","2026-04-22 23:34:16.618","2026-04-22 23:34:16.618","39f8517e-c69c-4937-8765-ca5cd2ae094b","[PREMIUM]","New",2026,"Kia","Sportage","EX","[PREMIUM]","[PREMIUM]",0,"SUV","Nebular Blue","Black","All-wheel Drive",,,"Gasoline",,,"dealership","[PREMIUM]","Pittsburgh","PA","[PREMIUM]",,"[]",,,"[PREMIUM]"
"90d3f2c0-6860-4017-9a9c-41b8eb8c21cb","2026-04-22 23:34:16.608","2026-04-22 23:34:16.608","90d3f2c0-6860-4017-9a9c-41b8eb8c21cb","[PREMIUM]","New",2026,"Kia","Sportage","EX","[PREMIUM]","[PREMIUM]",0,"SUV","Panthera Metal Gray","Black","All-wheel Drive",,,"Gasoline",,,"dealership","[PREMIUM]","Pittsburgh","PA","[PREMIUM]",,"[]",,,"[PREMIUM]"
"d528d222-1673-46bc-9063-0b7aaad8e845","2026-04-22 23:34:16.608","2026-04-22 23:34:16.608","d528d222-1673-46bc-9063-0b7aaad8e845","[PREMIUM]","New",2026,"Chevrolet","Equinox EV","LT 2","[PREMIUM]","[PREMIUM]",6,"SUV","Summit White","Black","All-wheel Drive",,,"Electric",,,"dealership","[PREMIUM]","Plainfield","IN","[PREMIUM]",,"[]",,,"[PREMIUM]"
"ab8acd32-e02c-4961-b03b-25431c90ccb7","2026-04-22 23:34:16.605","2026-04-22 23:34:16.605","ab8acd32-e02c-4961-b03b-25431c90ccb7","[PREMIUM]","New",2026,"Chevrolet","Equinox","LT","[PREMIUM]","[PREMIUM]",1,"SUV","Mosaic Black Metallic","Black","All-wheel Drive",,,"Gasoline",,,"dealership","[PREMIUM]","Warren","MI","[PREMIUM]",,"[]",,,"[PREMIUM]"
"8c58f4cd-eb37-4f30-9c45-21826cdbccfb","2026-04-22 23:34:16.593","2026-04-22 23:34:16.593","8c58f4cd-eb37-4f30-9c45-21826cdbccfb","[PREMIUM]","New",2026,"Mazda","CX-50","2.5 S SELECT","[PREMIUM]","[PREMIUM]",5,"SUV","Machine Gray Metallic","Black","AWD",,,"Gasoline",,,"dealership","[PREMIUM]","Hurst","TX","[PREMIUM]",,"[]",,,"[PREMIUM]"
"20659f90-6c98-484f-ab86-c69f82575f06","2026-04-22 23:34:16.577","2026-04-22 23:34:16.577","20659f90-6c98-484f-ab86-c69f82575f06","[PREMIUM]","Used",2026,"Toyota","Corolla Cross","XLE","[PREMIUM]","[PREMIUM]",13673,"SUV","Celestite","Black","All-wheel Drive",,,"Gasoline",,,"dealership","[PREMIUM]","Raynham","MA","[PREMIUM]",,"[]",,,"[PREMIUM]"
"610a39cc-ca88-427b-a5a4-8e9a16c8fa10","2026-04-22 23:34:16.566","2026-04-22 23:34:16.566","610a39cc-ca88-427b-a5a4-8e9a16c8fa10","[PREMIUM]","New",2026,"Honda","HR-V","AWD Sport","[PREMIUM]","[PREMIUM]",0,"SUV","Urban Gray Pearl","Black","All-wheel Drive",,,"Gasoline",,,"dealership","[PREMIUM]","Tenafly","NJ","[PREMIUM]",,"[]",,,"[PREMIUM]"
"c00ca05a-b6e4-4f3e-b661-0d52b399558f","2026-04-22 23:34:06.160","2026-04-22 23:34:06.160","c00ca05a-b6e4-4f3e-b661-0d52b399558f","[PREMIUM]","New",2026,"Toyota","Camry","LE","[PREMIUM]","[PREMIUM]",0,"Sedan","Ice Cap","Boulder","Front-wheel Drive",,,"Gasoline",,,"dealership","[PREMIUM]","Temecula","CA","[PREMIUM]",,"[]",,,"[PREMIUM]"
"bf8dd149-ae36-4609-971c-b1e72e1b9ed6","2026-04-22 23:34:05.797","2026-04-22 23:34:05.797","bf8dd149-ae36-4609-971c-b1e72e1b9ed6","[PREMIUM]","New",2026,"Buick","Encore GX","Avenir","[PREMIUM]","[PREMIUM]",1,"SUV","White","Ebony","AWD",,,"Gasoline",,,"dealership","[PREMIUM]","Painesville","OH","[PREMIUM]",,"[]",,,"[PREMIUM]"
"b12c5922-7093-4db1-8c21-8f5c9e037d36","2026-04-22 23:34:05.779","2026-04-22 23:34:05.779","b12c5922-7093-4db1-8c21-8f5c9e037d36","[PREMIUM]","New",2026,"Mazda","CX-50","2.5 S SELECT","[PREMIUM]","[PREMIUM]",5,"SUV","Ingot Blue Metallic","Black","AWD",,,"Gasoline",,,"dealership","[PREMIUM]","Hurst","TX","[PREMIUM]",,"[]",,,"[PREMIUM]"
"f9d37e79-39ca-4194-bae7-a8c06ea8d4c4","2026-04-22 23:34:05.770","2026-04-22 23:34:05.770","f9d37e79-39ca-4194-bae7-a8c06ea8d4c4","[PREMIUM]","New",2026,"Chevrolet","Equinox","LT","[PREMIUM]","[PREMIUM]",0,"SUV","Mosaic Black Metallic","Black","Front-wheel Drive",,,"Gasoline",,,"dealership","[PREMIUM]","Dearborn","MI","[PREMIUM]",,"[]",,,"[PREMIUM]"
"247a257b-bb4a-4558-9533-d9c5275d25af","2026-04-22 23:34:05.736","2026-04-22 23:34:05.736","247a257b-bb4a-4558-9533-d9c5275d25af","[PREMIUM]","New",2026,"Kia","Sportage","X-Line","[PREMIUM]","[PREMIUM]",0,"SUV","Ebony Black","Terracotta","All-wheel Drive",,,"Gasoline",,,"dealership","[PREMIUM]","Minneapolis","MN","[PREMIUM]",,"[]",,,"[PREMIUM]"
"0039ae0f-f93a-4278-ab72-8bab85ac3f80","2026-04-22 23:34:05.710","2026-04-22 23:34:05.710","0039ae0f-f93a-4278-ab72-8bab85ac3f80","[PREMIUM]","New",2026,"Chevrolet","Equinox","LT","[PREMIUM]","[PREMIUM]",0,"SUV","Mosaic Black Metallic","Black","Front-wheel Drive",,,"Gasoline",,,"dealership","[PREMIUM]","Dearborn","MI","[PREMIUM]",,"[]",,,"[PREMIUM]"
"1915d8d3-2de0-48ae-8136-d28aea23e3bb","2026-04-22 23:34:05.692","2026-04-22 23:34:05.692","1915d8d3-2de0-48ae-8136-d28aea23e3bb","[PREMIUM]","New",2026,"Ford","Bronco Sport","Heritage","[PREMIUM]","[PREMIUM]",12,"SUV","Robins Egg Blue","Navy Pier","Four-wheel Drive",,,"Gasoline",,,"dealership","[PREMIUM]","Maurice","LA","[PREMIUM]",,"[]",,,"[PREMIUM]"
"6d04c3f2-b6fb-4de8-8aba-87a6a7ff0815","2026-04-22 23:34:05.679","2026-04-22 23:34:05.679","6d04c3f2-b6fb-4de8-8aba-87a6a7ff0815","[PREMIUM]","New",2026,"Honda","HR-V","AWD Sport","[PREMIUM]","[PREMIUM]",0,"SUV","Boost Blue Pearl","Black","All-wheel Drive",,,"Gasoline",,,"dealership","[PREMIUM]","Tenafly","NJ","[PREMIUM]",,"[]",,,"[PREMIUM]"
"80e7bbd4-7bce-4d06-85f7-4b62e3dec536","2026-04-22 23:34:05.669","2026-04-22 23:34:05.669","80e7bbd4-7bce-4d06-85f7-4b62e3dec536","[PREMIUM]","New",2026,"Chevrolet","Equinox","LT","[PREMIUM]","[PREMIUM]",10,"SUV","Radiant Red","Black","Front-wheel Drive",,,"Gasoline",,,"dealership","[PREMIUM]","Fairfield","IL","[PREMIUM]",,"[]",,,"[PREMIUM]"
"fd0efe6f-2b88-427a-9c97-feefeb433a00","2026-04-22 23:34:05.667","2026-04-22 23:34:05.667","fd0efe6f-2b88-427a-9c97-feefeb433a00","[PREMIUM]","New",2026,"Kia","Sportage","EX","[PREMIUM]","[PREMIUM]",12,"SUV","Gray","Gray","FWD",,,"Flexible Fuel",,,"dealership","[PREMIUM]","Orlando","FL","[PREMIUM]",,"[]",,,"[PREMIUM]"
"4bd9c5eb-2613-4093-a914-35ea51cafe63","2026-04-22 23:34:05.666","2026-04-22 23:34:05.666","4bd9c5eb-2613-4093-a914-35ea51cafe63","[PREMIUM]","New",2026,"Mitsubishi","Outlander Sport","2.0 TRAIL EDITION","[PREMIUM]","[PREMIUM]",10,"SUV","Labrador Black Pearl","Black","Four-wheel Drive",,,"Gasoline",,,"dealership","[PREMIUM]","Raynham","MA","[PREMIUM]",,"[]",,,"[PREMIUM]"
"684b791a-7bd3-4756-bce4-a719b87228ab","2026-04-22 23:34:05.650","2026-04-22 23:34:05.650","684b791a-7bd3-4756-bce4-a719b87228ab","[PREMIUM]","New",2026,"Chevrolet","Trailblazer","LT","[PREMIUM]","[PREMIUM]",3,"SUV","Summit White","Jet Black","All-wheel Drive",,,"Gasoline",,,"dealership","[PREMIUM]","Richardson","TX","[PREMIUM]",,"[]",,,"[PREMIUM]"
"3096a5eb-165a-423e-b0be-d10f2eea778b","2026-04-22 23:34:05.645","2026-04-22 23:34:05.645","3096a5eb-165a-423e-b0be-d10f2eea778b","[PREMIUM]","New",2026,"Toyota","Camry","LE","[PREMIUM]","[PREMIUM]",0,"Sedan","Teal","Boulder","Front-wheel Drive",,,"Gasoline",,,"dealership","[PREMIUM]","Temecula","CA","[PREMIUM]",,"[]",,,"[PREMIUM]"
"b0343f00-7a08-498f-85fa-ad73ad2b9800","2026-04-22 23:34:05.639","2026-04-22 23:34:05.639","b0343f00-7a08-498f-85fa-ad73ad2b9800","[PREMIUM]","New",2026,"Ford","Maverick","XL","[PREMIUM]","[PREMIUM]",5,"Truck","Velocity Blue","Black Onyx/Dark Slate","All-wheel Drive",,,"Gasoline",,,"dealership","[PREMIUM]","South Bend","IN","[PREMIUM]",,"[]",,,"[PREMIUM]"
"0941ce8e-22f8-430c-917e-a8da18cdbc8a","2026-04-22 23:34:05.631","2026-04-22 23:34:05.631","0941ce8e-22f8-430c-917e-a8da18cdbc8a","[PREMIUM]","New",2026,"Toyota","Camry","SE","[PREMIUM]","[PREMIUM]",0,"Sedan","Midnight Black Metallic","Black","All-wheel Drive",,,"Gasoline",,,"dealership","[PREMIUM]","Streamwood","IL","[PREMIUM]",,"[]",,,"[PREMIUM]"
"3a08bf20-511a-41cb-aa08-f12b4a34612a","2026-04-22 23:34:05.617","2026-04-22 23:34:05.617","3a08bf20-511a-41cb-aa08-f12b4a34612a","[PREMIUM]","New",2026,"Honda","HR-V","EX-L","[PREMIUM]","[PREMIUM]",4,"SUV","Platinum White Pearl","Black","All-wheel Drive",,,"Gasoline",,,"dealership","[PREMIUM]","Tenafly","NJ","[PREMIUM]",,"[]",,,"[PREMIUM]"
"37b263ce-909b-4f91-a32c-6dbb5f2baf1a","2026-04-22 23:34:05.592","2026-04-22 23:34:05.592","37b263ce-909b-4f91-a32c-6dbb5f2baf1a","[PREMIUM]","New",2026,"Honda","Accord","SE","[PREMIUM]","[PREMIUM]",4,"Sedan","Canyon River Blue Metallic","Black","Front-wheel Drive",,,"Gasoline",,,"dealership","[PREMIUM]","Tenafly","NJ","[PREMIUM]",,"[]",,,"[PREMIUM]"
"8e458b53-ed99-4ddd-acdc-b91c7dcbfafb","2026-04-22 23:34:05.592","2026-04-22 23:34:05.592","8e458b53-ed99-4ddd-acdc-b91c7dcbfafb","[PREMIUM]","New",2026,"Kia","Sportage","EX","[PREMIUM]","[PREMIUM]",15,"SUV","Ebony Black","Black","FWD",,,"Flexible Fuel",,,"dealership","[PREMIUM]","Columbus","OH","[PREMIUM]",,"[]",,,"[PREMIUM]"
"b7af4bbb-26c1-4108-a588-330c330a9e43","2026-04-22 23:34:05.580","2026-04-28 23:34:29.462","b7af4bbb-26c1-4108-a588-330c330a9e43","[PREMIUM]","New",2026,"Mitsubishi","Eclipse Cross","BLACK EDITION 1.5T S-AWC","[PREMIUM]","[PREMIUM]",12,"SUV","Alloy Silver Metallic","Black","Four Wheel Drive",,,"Regular unleaded",,,"dealership","[PREMIUM]","Raynham","MA","[PREMIUM]",,"[]",,,"[PREMIUM]"
"f931192f-8d0d-434e-b189-321660f2c681","2026-04-22 23:33:54.868","2026-04-22 23:33:54.868","f931192f-8d0d-434e-b189-321660f2c681","[PREMIUM]","New",2026,"Honda","HR-V","EX-L","[PREMIUM]","[PREMIUM]",0,"SUV","Nordic Forest Pearl","Black","All-wheel Drive",,,"Gasoline",,,"dealership","[PREMIUM]","Tenafly","NJ","[PREMIUM]",,"[]",,,"[PREMIUM]"
"f9ae2bc4-ff73-4996-8066-9e5bd5bbd634","2026-04-22 23:33:54.627","2026-04-22 23:33:54.627","f9ae2bc4-ff73-4996-8066-9e5bd5bbd634","[PREMIUM]","New",2026,"Mitsubishi","Eclipse Cross","SEL","[PREMIUM]","[PREMIUM]",10,"SUV","Red Diamond","L/Gray","Four Wheel Drive",,,"Regular Unleaded",,,"dealership","[PREMIUM]","Raynham","MA","[PREMIUM]",,"[]",,,"[PREMIUM]"
"25ba3e55-d8c2-4ffa-901d-d7c0cda8e90a","2026-04-22 23:33:54.624","2026-04-22 23:33:54.624","25ba3e55-d8c2-4ffa-901d-d7c0cda8e90a","[PREMIUM]","New",2026,"Honda","HR-V","AWD Sport","[PREMIUM]","[PREMIUM]",0,"SUV","Urban Gray Pearl","Black","All-wheel Drive",,,"Gasoline",,,"dealership","[PREMIUM]","Tenafly","NJ","[PREMIUM]",,"[]",,,"[PREMIUM]"
"61de59c3-a649-41de-9418-11e1f232485e","2026-04-22 23:33:54.591","2026-04-22 23:33:54.591","61de59c3-a649-41de-9418-11e1f232485e","[PREMIUM]","New",2026,"Mitsubishi","Outlander","SE 1.5T 2WD","[PREMIUM]","[PREMIUM]",10,"SUV","Red Diamond","L/Gray","Front Wheel Drive",,,"Regular unleaded",,,"dealership","[PREMIUM]","Raynham","MA","[PREMIUM]",,"[]",,,"[PREMIUM]"
"00466271-3c47-4852-80ca-7963b4798b17","2026-04-22 23:33:54.557","2026-04-22 23:33:54.557","00466271-3c47-4852-80ca-7963b4798b17","[PREMIUM]","New",2026,"Honda","HR-V","AWD Sport","[PREMIUM]","[PREMIUM]",0,"SUV","Platinum White Pearl","Black","All-wheel Drive",,,"Gasoline",,,"dealership","[PREMIUM]","Tenafly","NJ","[PREMIUM]",,"[]",,,"[PREMIUM]"
"0607955a-b974-4a4d-97d6-125c08b79bfe","2026-04-22 23:33:54.546","2026-04-22 23:33:54.546","0607955a-b974-4a4d-97d6-125c08b79bfe","[PREMIUM]","New",2026,"Honda","HR-V","EX-L","[PREMIUM]","[PREMIUM]",0,"SUV","Platinum White Pearl","Black","All-wheel Drive",,,"Gasoline",,,"dealership","[PREMIUM]","Tenafly","NJ","[PREMIUM]",,"[]",,,"[PREMIUM]"
"4ce6830e-913c-4cc8-bfa1-72fcb0dd6c06","2026-04-22 23:33:54.545","2026-04-22 23:33:54.545","4ce6830e-913c-4cc8-bfa1-72fcb0dd6c06","[PREMIUM]","New",2026,"Honda","HR-V","EX-L","[PREMIUM]","[PREMIUM]",0,"SUV","Crystal Black Pearl","Black","All-wheel Drive",,,"Gasoline",,,"dealership","[PREMIUM]","Tenafly","NJ","[PREMIUM]",,"[]",,,"[PREMIUM]"
"e44992a9-f9ef-4fb7-9ecc-f327b7117b1a","2026-04-22 23:33:54.532","2026-04-22 23:33:54.532","e44992a9-f9ef-4fb7-9ecc-f327b7117b1a","[PREMIUM]","New",2026,"Mitsubishi","Eclipse Cross","SE","[PREMIUM]","[PREMIUM]",12,"SUV","Lightning Blue Metallic","Black","Four Wheel Drive",,,"Regular Unleaded",,,"dealership","[PREMIUM]","Raynham","MA","[PREMIUM]",,"[]",,,"[PREMIUM]"
"a0fc4715-6b92-4043-aca8-23534dcd1bc0","2026-04-22 23:33:54.531","2026-04-22 23:33:54.531","a0fc4715-6b92-4043-aca8-23534dcd1bc0","[PREMIUM]","New",2026,"Honda","HR-V","EX-L","[PREMIUM]","[PREMIUM]",0,"SUV","Nordic Forest Pearl","Black","All-wheel Drive",,,"Gasoline",,,"dealership","[PREMIUM]","Tenafly","NJ","[PREMIUM]",,"[]",,,"[PREMIUM]"
"7f216681-efa0-46b8-9caf-5181ea4ba19d","2026-04-22 23:33:54.523","2026-04-22 23:33:54.523","7f216681-efa0-46b8-9caf-5181ea4ba19d","[PREMIUM]","New",2026,"Honda","Accord","SE","[PREMIUM]","[PREMIUM]",4,"Sedan","Platinum White Pearl","Gray","Front-wheel Drive",,,"Gasoline",,,"dealership","[PREMIUM]","Tenafly","NJ","[PREMIUM]",,"[]",,,"[PREMIUM]"
"5aa032b5-4272-4efc-9d17-8c6bdfeca3b8","2026-04-22 23:33:54.520","2026-04-22 23:33:54.520","5aa032b5-4272-4efc-9d17-8c6bdfeca3b8","[PREMIUM]","New",2026,"Honda","HR-V","EX-L","[PREMIUM]","[PREMIUM]",0,"SUV","Platinum White Pearl","Black","All-wheel Drive",,,"Gasoline",,,"dealership","[PREMIUM]","Tenafly","NJ","[PREMIUM]",,"[]",,,"[PREMIUM]"
"249ee3af-5730-4a1d-95c1-358eaed79fbc","2026-04-22 23:33:54.509","2026-04-22 23:33:54.509","249ee3af-5730-4a1d-95c1-358eaed79fbc","[PREMIUM]","New",2026,"Honda","Accord","SE","[PREMIUM]","[PREMIUM]",0,"Sedan","Urban Gray Pearl","Black","Front-wheel Drive",,,"Gasoline",,,"dealership","[PREMIUM]","Tenafly","NJ","[PREMIUM]",,"[]",,,"[PREMIUM]"
"6ddc364d-36f4-4d40-bfff-04c1132a53be","2026-04-22 23:33:54.509","2026-04-22 23:33:54.509","6ddc364d-36f4-4d40-bfff-04c1132a53be","[PREMIUM]","New",2026,"Honda","Accord","SE","[PREMIUM]","[PREMIUM]",4,"Sedan","Platinum White Pearl","Black","Front-wheel Drive",,,"Gasoline",,,"dealership","[PREMIUM]","Tenafly","NJ","[PREMIUM]",,"[]",,,"[PREMIUM]"
"8b3cf244-55fc-4373-b6e2-60e2c8989819","2026-04-22 23:33:54.507","2026-04-22 23:33:54.507","8b3cf244-55fc-4373-b6e2-60e2c8989819","[PREMIUM]","New",2026,"Honda","HR-V","AWD Sport","[PREMIUM]","[PREMIUM]",0,"SUV","Milano Red","Black","All-wheel Drive",,,"Gasoline",,,"dealership","[PREMIUM]","Tenafly","NJ","[PREMIUM]",,"[]",,,"[PREMIUM]"
"98a9052d-499c-4912-8fde-f8c2067dbe49","2026-04-22 23:33:54.507","2026-04-22 23:33:54.507","98a9052d-499c-4912-8fde-f8c2067dbe49","[PREMIUM]","New",2026,"Honda","HR-V","AWD Sport","[PREMIUM]","[PREMIUM]",0,"SUV","Urban Gray Pearl","Black","All-wheel Drive",,,"Gasoline",,,"dealership","[PREMIUM]","Tenafly","NJ","[PREMIUM]",,"[]",,,"[PREMIUM]"
"e9433815-4daf-4206-9b52-30fe86b4e6a1","2026-04-22 23:33:54.503","2026-04-22 23:33:54.503","e9433815-4daf-4206-9b52-30fe86b4e6a1","[PREMIUM]","New",2026,"Honda","HR-V","AWD Sport","[PREMIUM]","[PREMIUM]",0,"SUV","Platinum White Pearl","Black","All-wheel Drive",,,"Gasoline",,,"dealership","[PREMIUM]","Tenafly","NJ","[PREMIUM]",,"[]",,,"[PREMIUM]"
"dc0f5a7c-87dd-4475-9419-a0c88d35ea22","2026-04-22 23:33:54.498","2026-04-22 23:33:54.498","dc0f5a7c-87dd-4475-9419-a0c88d35ea22","[PREMIUM]","New",2026,"Honda","HR-V","EX-L","[PREMIUM]","[PREMIUM]",4,"SUV","Nordic Forest Pearl","Black","All-wheel Drive",,,"Gasoline",,,"dealership","[PREMIUM]","Tenafly","NJ","[PREMIUM]",,"[]",,,"[PREMIUM]"
"0ca87d29-bdb0-4e22-872a-27acfe0c877a","2026-04-22 23:33:54.476","2026-04-22 23:33:54.476","0ca87d29-bdb0-4e22-872a-27acfe0c877a","[PREMIUM]","New",2026,"Mitsubishi","Eclipse Cross","LE","[PREMIUM]","[PREMIUM]",10,"SUV","Red Diamond","Black","Four-wheel Drive",,,"Gasoline",,,"dealership","[PREMIUM]","Raynham","MA","[PREMIUM]",,"[]",,,"[PREMIUM]"
"5e11ff75-3f59-4198-a117-5308761ba2fb","2026-04-22 23:33:54.474","2026-04-22 23:33:54.474","5e11ff75-3f59-4198-a117-5308761ba2fb","[PREMIUM]","New",2026,"Honda","HR-V","AWD Sport","[PREMIUM]","[PREMIUM]",4,"SUV","Platinum White Pearl","Black","All-wheel Drive",,,"Gasoline",,,"dealership","[PREMIUM]","Tenafly","NJ","[PREMIUM]",,"[]",,,"[PREMIUM]"
"6c9e474b-fbcf-4671-bb9a-b8f93c57848c","2026-04-22 23:33:54.460","2026-04-22 23:33:54.460","6c9e474b-fbcf-4671-bb9a-b8f93c57848c","[PREMIUM]","New",2026,"Honda","Civic Hybrid","Sport Touring","[PREMIUM]","[PREMIUM]",4,"Sedan","Platinum White Pearl","Black","Front-wheel Drive",,,"Hybrid",,,"dealership","[PREMIUM]","Tenafly","NJ","[PREMIUM]",,"[]",,,"[PREMIUM]"
"66f2146a-339d-45ef-a29b-d1f3d23cf94d","2026-04-22 23:33:54.458","2026-04-22 23:33:54.458","66f2146a-339d-45ef-a29b-d1f3d23cf94d","[PREMIUM]","New",2026,"Honda","HR-V","EX-L","[PREMIUM]","[PREMIUM]",4,"SUV","Platinum White Pearl","Black","All-wheel Drive",,,"Gasoline",,,"dealership","[PREMIUM]","Tenafly","NJ","[PREMIUM]",,"[]",,,"[PREMIUM]"
"ce46bd16-9714-4043-b1c6-9e061a512a93","2026-04-22 23:33:54.458","2026-04-22 23:33:54.458","ce46bd16-9714-4043-b1c6-9e061a512a93","[PREMIUM]","New",2026,"Honda","Accord","SE","[PREMIUM]","[PREMIUM]",0,"Sedan","Meteorite Gray Metallic","Black","Front-wheel Drive",,,"Gasoline",,,"dealership","[PREMIUM]","Tenafly","NJ","[PREMIUM]",,"[]",,,"[PREMIUM]"
"d470f108-cc11-4197-8ac8-a02c646325be","2026-04-22 23:33:54.434","2026-04-22 23:33:54.434","d470f108-cc11-4197-8ac8-a02c646325be","[PREMIUM]","New",2026,"Mitsubishi","Eclipse Cross","BLACK EDITION 1.5T S-AWC","[PREMIUM]","[PREMIUM]",10,"SUV","White Diamond","Black","Four Wheel Drive",,,"Regular unleaded",,,"dealership","[PREMIUM]","Raynham","MA","[PREMIUM]",,"[]",,,"[PREMIUM]"
"7832cc38-31df-44fa-8fc1-f253501c4bc9","2026-04-22 23:33:54.431","2026-04-22 23:33:54.431","7832cc38-31df-44fa-8fc1-f253501c4bc9","[PREMIUM]","New",2026,"Mitsubishi","Eclipse Cross","BLACK EDITION 1.5T S-AWC","[PREMIUM]","[PREMIUM]",12,"SUV","Alloy Silver Metallic","Black","Four Wheel Drive",,,"Regular unleaded",,,"dealership","[PREMIUM]","Raynham","MA","[PREMIUM]",,"[]",,,"[PREMIUM]"
"7593f391-237c-4798-9c78-f223fc2ab935","2026-04-22 23:33:44.326","2026-04-22 23:33:44.326","7593f391-237c-4798-9c78-f223fc2ab935","[PREMIUM]","New",2026,"Honda","Civic Si","Base","[PREMIUM]","[PREMIUM]",0,"Sedan","Crystal Black Pearl","Black/Red","Front-wheel Drive",,,"Gasoline",,,"dealership","[PREMIUM]","Tenafly","NJ","[PREMIUM]",,"[]",,,"[PREMIUM]"
"7ea30aaf-9ef7-443f-ba24-01ef8cfa9708","2026-04-22 23:33:44.315","2026-04-22 23:33:44.315","7ea30aaf-9ef7-443f-ba24-01ef8cfa9708","[PREMIUM]","New",2026,"Honda","HR-V","EX-L","[PREMIUM]","[PREMIUM]",3,"SUV","Urban Gray Pearl","Black","Front Wheel Drive",,,"Gasoline",,,"dealership","[PREMIUM]","Greer","SC","[PREMIUM]",,"[]",,,"[PREMIUM]"
"d5728473-7e85-4eea-9118-0d7aa1422acb","2026-04-22 23:33:44.308","2026-04-22 23:33:44.308","d5728473-7e85-4eea-9118-0d7aa1422acb","[PREMIUM]","New",2026,"Jeep","Compass","Limited","[PREMIUM]","[PREMIUM]",0,"SUV","Diamond Black Crystal Pearlcoat","Black","Four-wheel Drive",,,"Gasoline",,,"dealership","[PREMIUM]","Milwaukee","WI","[PREMIUM]",,"[]",,,"[PREMIUM]"
"ae6148f7-e2e5-4d33-a4bf-8d815eba6ad7","2026-04-22 23:33:44.303","2026-04-22 23:33:44.303","ae6148f7-e2e5-4d33-a4bf-8d815eba6ad7","[PREMIUM]","New",2026,"Honda","Civic Hybrid","Sport Touring","[PREMIUM]","[PREMIUM]",0,"Hatchback","Meteorite Gray Metallic","Black","Front-wheel Drive",,,"Hybrid",,,"dealership","[PREMIUM]","Tenafly","NJ","[PREMIUM]",,"[]",,,"[PREMIUM]"
"921fdda4-e788-4039-83ab-c2eb7aa80987","2026-04-22 23:33:44.292","2026-04-22 23:33:44.292","921fdda4-e788-4039-83ab-c2eb7aa80987","[PREMIUM]","New",2026,"Honda","HR-V","AWD Sport","[PREMIUM]","[PREMIUM]",0,"SUV","Crystal Black Pearl","Black","All-wheel Drive",,,"Gasoline",,,"dealership","[PREMIUM]","Tenafly","NJ","[PREMIUM]",,"[]",,,"[PREMIUM]"
"b12ed731-46f5-42d0-a886-ca9948497863","2026-04-22 23:33:44.285","2026-04-22 23:33:44.285","b12ed731-46f5-42d0-a886-ca9948497863","[PREMIUM]","New",2026,"Honda","HR-V","EX-L","[PREMIUM]","[PREMIUM]",0,"SUV","Crystal Black Pearl","Black","All-wheel Drive",,,"Gasoline",,,"dealership","[PREMIUM]","Tenafly","NJ","[PREMIUM]",,"[]",,,"[PREMIUM]"
"694a1716-6c3a-4f72-9891-89c868301bc6","2026-04-22 23:33:44.143","2026-04-22 23:33:44.143","694a1716-6c3a-4f72-9891-89c868301bc6","[PREMIUM]","New",2026,"Chevrolet","Equinox","1LT","[PREMIUM]","[PREMIUM]",3,"SUV","Summit White","Artemis Gray","Front-wheel Drive",,,"Gasoline",,,"dealership","[PREMIUM]","Tappahannock","VA","[PREMIUM]",,"[]",,,"[PREMIUM]"
"892cbb1a-cd86-4f59-be68-664bbae76d9b","2026-04-22 23:33:44.051","2026-04-22 23:33:44.051","892cbb1a-cd86-4f59-be68-664bbae76d9b","[PREMIUM]","New",2026,"Honda","CR-V","EX 2WD","[PREMIUM]","[PREMIUM]",2,"SUV","PLATINUM WHITE","Gray","Front-wheel Drive",,,"Gasoline",,,"dealership","[PREMIUM]","Greer","SC","[PREMIUM]",,"[]",,,"[PREMIUM]"
"4225fc85-801e-4a12-856c-f8cd91c10957","2026-04-22 23:33:44.046","2026-04-22 23:33:44.046","4225fc85-801e-4a12-856c-f8cd91c10957","[PREMIUM]","New",2026,"Hyundai","TUCSON","SEL","[PREMIUM]","[PREMIUM]",5,"SUV","Silver","Black","All-wheel Drive",,,"Gasoline",,,"dealership","[PREMIUM]","Catonsville","MD","[PREMIUM]",,"[]",,,"[PREMIUM]"
"6737ffeb-2100-45bb-b94d-ac7d662ee30d","2026-04-22 23:33:44.028","2026-04-22 23:33:44.028","6737ffeb-2100-45bb-b94d-ac7d662ee30d","[PREMIUM]","New",2026,"Honda","HR-V","EX-L","[PREMIUM]","[PREMIUM]",1,"SUV","Nordic Forest Pearl","Gray","All-wheel Drive",,,"Gasoline",,,"dealership","[PREMIUM]","Tenafly","NJ","[PREMIUM]",,"[]",,,"[PREMIUM]"
"7ead356b-de8e-4af1-95e4-907bf7a78fe8","2026-04-22 23:33:44.023","2026-04-22 23:33:44.023","7ead356b-de8e-4af1-95e4-907bf7a78fe8","[PREMIUM]","New",2026,"Chevrolet","Equinox","1LT","[PREMIUM]","[PREMIUM]",3,"SUV","Mosaic Black Metallic","Artemis Gray","Front-wheel Drive",,,"Gasoline",,,"dealership","[PREMIUM]","Tappahannock","VA","[PREMIUM]",,"[]",,,"[PREMIUM]"
"774ac314-7917-4c07-9efe-1b7c6323280c","2026-04-22 23:33:44.020","2026-04-22 23:33:44.020","774ac314-7917-4c07-9efe-1b7c6323280c","[PREMIUM]","New",2026,"Chevrolet","Equinox","1LT","[PREMIUM]","[PREMIUM]",3,"SUV","Sterling Gray Metallic","Artemis Gray","Front-wheel Drive",,,"Gasoline",,,"dealership","[PREMIUM]","Tappahannock","VA","[PREMIUM]",,"[]",,,"[PREMIUM]"
"c5c8d59f-b59f-443a-9da3-88ba2e95fed8","2026-04-22 23:33:43.994","2026-04-22 23:33:43.994","c5c8d59f-b59f-443a-9da3-88ba2e95fed8","[PREMIUM]","New",2026,"Honda","HR-V","AWD Sport","[PREMIUM]","[PREMIUM]",0,"SUV","Platinum White Pearl","Black","All-wheel Drive",,,"Gasoline",,,"dealership","[PREMIUM]","Tenafly","NJ","[PREMIUM]",,"[]",,,"[PREMIUM]"
"13e487aa-d0c9-44bc-b7a5-3f2f776fd602","2026-04-22 23:33:43.984","2026-04-22 23:33:43.984","13e487aa-d0c9-44bc-b7a5-3f2f776fd602","[PREMIUM]","New",2026,"Ford","Maverick","XLT","[PREMIUM]","[PREMIUM]",4,"Truck","Oxford White","Navy Pier","FWD",,,"Hybrid",,,"dealership","[PREMIUM]","Stafford","TX","[PREMIUM]",,"[]",,,"[PREMIUM]"
"335bd683-a4d9-4914-9835-af61e87a00bb","2026-04-22 23:33:43.984","2026-04-22 23:33:43.984","335bd683-a4d9-4914-9835-af61e87a00bb","[PREMIUM]","New",2026,"Chevrolet","Trailblazer","RS","[PREMIUM]","[PREMIUM]",3,"SUV","Apex Red","Jet Black w/Red Accents","Front-wheel Drive",,,"Gasoline",,,"dealership","[PREMIUM]","Tappahannock","VA","[PREMIUM]",,"[]",,,"[PREMIUM]"
"069980ae-f2fc-4a1c-bce1-88c0c81aeb54","2026-04-22 23:33:43.983","2026-04-22 23:33:43.983","069980ae-f2fc-4a1c-bce1-88c0c81aeb54","[PREMIUM]","New",2026,"Toyota","Corolla Cross","LE","[PREMIUM]","[PREMIUM]",0,"SUV","Gray","Black","FWD",,,"Gasoline",,,"dealership","[PREMIUM]","Miami","FL","[PREMIUM]",,"[]",,,"[PREMIUM]"
"f5f8e8a5-3d28-4ec8-a7de-aeba45a51aaa","2026-04-22 23:33:43.979","2026-04-22 23:33:43.979","f5f8e8a5-3d28-4ec8-a7de-aeba45a51aaa","[PREMIUM]","New",2026,"Toyota","Corolla Cross","XLE","[PREMIUM]","[PREMIUM]",0,"SUV","Black",,"FWD",,,"Gasoline",,,"dealership","[PREMIUM]","Miami","FL","[PREMIUM]",,"[]",,,"[PREMIUM]"
"e025ca3a-ae2f-4d28-b1b5-ca7bfd67f42d","2026-04-22 23:33:43.976","2026-04-22 23:33:43.976","e025ca3a-ae2f-4d28-b1b5-ca7bfd67f42d","[PREMIUM]","New",2026,"Chevrolet","Equinox EV","RS","[PREMIUM]","[PREMIUM]",0,"SUV","Black","Adrenaline Red","Front-wheel Drive",,,"Electric",,,"dealership","[PREMIUM]","Tappahannock","VA","[PREMIUM]",,"[]",,,"[PREMIUM]"
"f420228e-3d80-438e-95f9-a3d6917d2ddc","2026-04-22 23:33:43.975","2026-04-22 23:33:43.975","f420228e-3d80-438e-95f9-a3d6917d2ddc","[PREMIUM]","New",2026,"Honda","HR-V","EX-L","[PREMIUM]","[PREMIUM]",0,"SUV","Urban Gray Pearl","Black","All-wheel Drive",,,"Gasoline",,,"dealership","[PREMIUM]","Tenafly","NJ","[PREMIUM]",,"[]",,,"[PREMIUM]"
"3bf5e222-b5b4-4a58-aff7-8d6a98062b44","2026-04-22 23:33:43.969","2026-04-22 23:33:43.969","3bf5e222-b5b4-4a58-aff7-8d6a98062b44","[PREMIUM]","New",2026,"Honda","HR-V","AWD Sport","[PREMIUM]","[PREMIUM]",0,"SUV","Platinum White Pearl","Black","All-wheel Drive",,,"Gasoline",,,"dealership","[PREMIUM]","Tenafly","NJ","[PREMIUM]",,"[]",,,"[PREMIUM]"
"504ec143-d4d3-4170-87df-bdf1eaa6987f","2026-04-22 23:33:43.968","2026-04-22 23:33:43.968","504ec143-d4d3-4170-87df-bdf1eaa6987f","[PREMIUM]","New",2026,"Honda","HR-V","AWD Sport","[PREMIUM]","[PREMIUM]",0,"SUV","Crystal Black Pearl","Black","All-wheel Drive",,,"Gasoline",,,"dealership","[PREMIUM]","Tenafly","NJ","[PREMIUM]",,"[]",,,"[PREMIUM]"
"687517f1-32f5-4049-8380-a1fb18eadeb2","2026-04-22 23:33:43.968","2026-04-22 23:33:43.968","687517f1-32f5-4049-8380-a1fb18eadeb2","[PREMIUM]","New",2026,"Honda","HR-V","EX-L","[PREMIUM]","[PREMIUM]",0,"SUV","Platinum White Pearl","Black","All-wheel Drive",,,"Gasoline",,,"dealership","[PREMIUM]","Tenafly","NJ","[PREMIUM]",,"[]",,,"[PREMIUM]"
"15c0a2e6-b297-420e-a840-acc4d91d02d4","2026-04-22 23:33:43.967","2026-04-22 23:33:43.967","15c0a2e6-b297-420e-a840-acc4d91d02d4","[PREMIUM]","New",2026,"Honda","Civic Si","Base","[PREMIUM]","[PREMIUM]",0,"Sedan","Platinum White Pearl","Black/Red","Front-wheel Drive",,,"Gasoline",,,"dealership","[PREMIUM]","Tenafly","NJ","[PREMIUM]",,"[]",,,"[PREMIUM]"
"bfdab333-0f58-4aae-b8ae-d1cda00c2493","2026-04-22 23:33:43.956","2026-04-22 23:33:43.956","bfdab333-0f58-4aae-b8ae-d1cda00c2493","[PREMIUM]","New",2026,"Honda","HR-V","AWD Sport","[PREMIUM]","[PREMIUM]",0,"SUV","Platinum White Pearl","Black","All-wheel Drive",,,"Gasoline",,,"dealership","[PREMIUM]","Tenafly","NJ","[PREMIUM]",,"[]",,,"[PREMIUM]"
"aa6f02a4-9c3b-4e7a-93f8-7411b853f0e7","2026-04-22 23:33:43.955","2026-04-22 23:33:43.955","aa6f02a4-9c3b-4e7a-93f8-7411b853f0e7","[PREMIUM]","New",2026,"Honda","HR-V","EX-L","[PREMIUM]","[PREMIUM]",0,"SUV","Modern Steel Metallic","Black","All-wheel Drive",,,"Gasoline",,,"dealership","[PREMIUM]","Tenafly","NJ","[PREMIUM]",,"[]",,,"[PREMIUM]"
"31c0eb09-e2f3-4627-bbe3-8743f1eb2dc1","2026-04-22 23:33:43.953","2026-04-22 23:33:43.953","31c0eb09-e2f3-4627-bbe3-8743f1eb2dc1","[PREMIUM]","New",2026,"Chevrolet","Trailblazer","RS","[PREMIUM]","[PREMIUM]",3,"SUV","Iridescent Pearl Tricoat","Jet Black w/Red Accents","Front-wheel Drive",,,"Gasoline",,,"dealership","[PREMIUM]","Tappahannock","VA","[PREMIUM]",,"[]",,,"[PREMIUM]"
"8f5490ab-096e-4ae2-85e6-e9d5c9ddc07e","2026-04-22 23:33:43.952","2026-04-22 23:33:43.952","8f5490ab-096e-4ae2-85e6-e9d5c9ddc07e","[PREMIUM]","New",2026,"Honda","HR-V","EX-L","[PREMIUM]","[PREMIUM]",4,"SUV","Platinum White Pearl","Black","All-wheel Drive",,,"Gasoline",,,"dealership","[PREMIUM]","Tenafly","NJ","[PREMIUM]",,"[]",,,"[PREMIUM]"
"205b3216-5e48-470a-a47b-d11c100d1a48","2026-04-22 23:33:33.623","2026-04-22 23:33:33.623","205b3216-5e48-470a-a47b-d11c100d1a48","[PREMIUM]","New",2026,"Honda","HR-V","EX-L","[PREMIUM]","[PREMIUM]",2,"SUV","Nordic Forest Pearl","Black","Front-wheel Drive",,,"Gasoline",,,"dealership","[PREMIUM]","Greer","SC","[PREMIUM]",,"[]",,,"[PREMIUM]"
"960bc94a-cb5b-4ebc-99dc-56a34a9c3f3b","2026-04-22 23:33:33.532","2026-04-22 23:33:33.532","960bc94a-cb5b-4ebc-99dc-56a34a9c3f3b","[PREMIUM]","New",2026,"Honda","CR-V","LX 2WD","[PREMIUM]","[PREMIUM]",131,"SUV","Crystal Black Pearl","Black","Front Wheel Drive",,,"Gasoline",,,"dealership","[PREMIUM]","Greer","SC","[PREMIUM]",,"[]",,,"[PREMIUM]"
"90f261e4-12ac-4fd6-a245-7a8fdc2c2644","2026-04-22 23:33:33.508","2026-04-22 23:33:33.508","90f261e4-12ac-4fd6-a245-7a8fdc2c2644","[PREMIUM]","New",2026,"Honda","Accord","SE","[PREMIUM]","[PREMIUM]",4,"Sedan","PLATUNIM WHITE","Black","Front-wheel Drive",,,"Gasoline",,,"dealership","[PREMIUM]","Greer","SC","[PREMIUM]",,"[]",,,"[PREMIUM]"
"2d26c3a6-077c-436f-b3f2-369064b83bd7","2026-04-22 23:33:33.502","2026-04-22 23:33:33.502","2d26c3a6-077c-436f-b3f2-369064b83bd7","[PREMIUM]","New",2026,"Honda","CR-V","LX 2WD","[PREMIUM]","[PREMIUM]",2,"SUV","PLATINUM WHITE","Gray","Front Wheel Drive",,,"Gasoline",,,"dealership","[PREMIUM]","Greer","SC","[PREMIUM]",,"[]",,,"[PREMIUM]"
"38f1c7bd-588c-451f-a709-f48e900ba008","2026-04-22 23:33:33.441","2026-04-22 23:33:33.441","38f1c7bd-588c-451f-a709-f48e900ba008","[PREMIUM]","New",2026,"Toyota","Corolla Cross","LE","[PREMIUM]","[PREMIUM]",0,"SUV","Gray","Gray","FWD",,,"Gasoline",,,"dealership","[PREMIUM]","Miami","FL","[PREMIUM]",,"[]",,,"[PREMIUM]"
"feadf45a-a3a5-41ef-80f5-7bdcaa8ba558","2026-04-22 23:33:33.430","2026-04-22 23:33:33.430","feadf45a-a3a5-41ef-80f5-7bdcaa8ba558","[PREMIUM]","New",2026,"Toyota","Camry","SE","[PREMIUM]","[PREMIUM]",0,"Sedan","Gray","Boulder","FWD",,,"Hybrid",,,"dealership","[PREMIUM]","Miami","FL","[PREMIUM]",,"[]",,,"[PREMIUM]"
"5c7e910c-797a-4d97-8f08-c88fcfd76a44","2026-04-22 23:33:33.414","2026-04-22 23:33:33.414","5c7e910c-797a-4d97-8f08-c88fcfd76a44","[PREMIUM]","New",2026,"Nissan","Rogue","Rock Creek","[PREMIUM]","[PREMIUM]",12,"SUV","Obsidian","Charcoal","All-wheel Drive",,,"Gasoline",,,"dealership","[PREMIUM]","White Plains","NY","[PREMIUM]",,"[]",,,"[PREMIUM]"
"c8eca37e-4aa5-43dc-b026-5e4c08e6d7de","2026-04-22 23:33:33.350","2026-04-22 23:33:33.350","c8eca37e-4aa5-43dc-b026-5e4c08e6d7de","[PREMIUM]","New",2026,"Honda","CR-V","EX 2WD","[PREMIUM]","[PREMIUM]",4,"SUV","Meteorite Gray Metallic","Black","Front-wheel Drive",,,"Gasoline",,,"dealership","[PREMIUM]","Greer","SC","[PREMIUM]",,"[]",,,"[PREMIUM]"
"f049cd66-2266-403f-9b53-065b857dc2ca","2026-04-22 23:33:33.317","2026-04-22 23:33:33.317","f049cd66-2266-403f-9b53-065b857dc2ca","[PREMIUM]","New",2026,"Honda","CR-V","EX-L 2WD","[PREMIUM]","[PREMIUM]",2,"SUV","Solar Silver Metallic","Black","Front Wheel Drive",,,"Gasoline",,,"dealership","[PREMIUM]","Greer","SC","[PREMIUM]",,"[]",,,"[PREMIUM]"
"807c18c5-ee4d-4ba2-87e0-c3d164afb347","2026-04-22 23:33:33.316","2026-04-22 23:33:33.316","807c18c5-ee4d-4ba2-87e0-c3d164afb347","[PREMIUM]","New",2026,"Honda","Accord Hybrid","Sport","[PREMIUM]","[PREMIUM]",5,"Sedan","Crystal Black Pearl","Black","Front Wheel Drive",,,"Hybrid Fuel",,,"dealership","[PREMIUM]","Greer","SC","[PREMIUM]",,"[]",,,"[PREMIUM]"
"00ea6489-3de0-46f1-aa55-e08f55f5a991","2026-04-22 23:33:33.297","2026-04-22 23:33:33.297","00ea6489-3de0-46f1-aa55-e08f55f5a991","[PREMIUM]","New",2026,"Subaru","Crosstrek","Premium","[PREMIUM]","[PREMIUM]",,"SUV","Gray","Gray","All-wheel Drive",,,"Gasoline",,,"dealership","[PREMIUM]","Toledo","OH","[PREMIUM]",,"[]",,,"[PREMIUM]"
"c6326871-156d-43d5-a015-4b289dc33bcf","2026-04-22 23:33:33.292","2026-04-22 23:33:33.292","c6326871-156d-43d5-a015-4b289dc33bcf","[PREMIUM]","New",2026,"Nissan","Rogue","Dark Armor","[PREMIUM]","[PREMIUM]",12,"SUV","Obsidian","Charcoal","All-wheel Drive",,,"Gasoline",,,"dealership","[PREMIUM]","White Plains","NY","[PREMIUM]",,"[]",,,"[PREMIUM]"
"0ad2c1ad-4240-4898-96b3-3a2073c2ceca","2026-04-22 23:33:33.238","2026-04-22 23:33:33.238","0ad2c1ad-4240-4898-96b3-3a2073c2ceca","[PREMIUM]","New",2026,"Toyota","Tacoma","SR","[PREMIUM]","[PREMIUM]",0,"Truck","Gray","Black","RWD",,,"Gasoline",,,"dealership","[PREMIUM]","Miami","FL","[PREMIUM]",,"[]",,,"[PREMIUM]"
"32ce5b35-897f-4793-88de-c75602b2bba9","2026-04-22 23:33:33.225","2026-04-22 23:33:33.225","32ce5b35-897f-4793-88de-c75602b2bba9","[PREMIUM]","New",2026,"Nissan","Rogue","SV","[PREMIUM]","[PREMIUM]",2,"SUV","Gun Metallic","Charcoal","All-wheel Drive",,,"Gasoline",,,"dealership","[PREMIUM]","Easton","PA","[PREMIUM]",,"[]",,,"[PREMIUM]"
"aff974a7-df8f-4b76-b353-a52671381e99","2026-04-22 23:33:33.212","2026-04-22 23:33:33.212","aff974a7-df8f-4b76-b353-a52671381e99","[PREMIUM]","New",2026,"Chevrolet","Equinox","LT","[PREMIUM]","[PREMIUM]",,"SUV","Mosaic Black Metallic","Black","FWD",,,"Gasoline",,,"dealership","[PREMIUM]","Frankfort","IL","[PREMIUM]",,"[]",,,"[PREMIUM]"
"17ea2206-56d7-4915-b0f1-881943668487","2026-04-22 23:33:33.198","2026-04-22 23:33:33.198","17ea2206-56d7-4915-b0f1-881943668487","[PREMIUM]","New",2026,"Honda","CR-V","EX 2WD","[PREMIUM]","[PREMIUM]",10,"SUV","RADIANT RED","Gray","Front Wheel Drive",,,"Gasoline",,,"dealership","[PREMIUM]","Greer","SC","[PREMIUM]",,"[]",,,"[PREMIUM]"
"bad1fdfe-a613-4e31-82c6-4175bcc7eb90","2026-04-22 23:33:33.197","2026-04-22 23:33:33.197","bad1fdfe-a613-4e31-82c6-4175bcc7eb90","[PREMIUM]","New",2026,"Honda","Civic Hybrid","Sport","[PREMIUM]","[PREMIUM]",2,"Hatchback","Crystal Black Pearl","Black","Front Wheel Drive",,,"Hybrid Fuel",,,"dealership","[PREMIUM]","Greer","SC","[PREMIUM]",,"[]",,,"[PREMIUM]"
"cf60a1a0-e217-45d9-bc2d-eece450c327d","2026-04-22 23:33:33.181","2026-04-22 23:33:33.181","cf60a1a0-e217-45d9-bc2d-eece450c327d","[PREMIUM]","New",2026,"Honda","HR-V","EX-L","[PREMIUM]","[PREMIUM]",5,"SUV","Modern Steel Metallic","Black","Front-wheel Drive",,,"Gasoline",,,"dealership","[PREMIUM]","Greer","SC","[PREMIUM]",,"[]",,,"[PREMIUM]"
"07fb8c9c-498f-472a-9657-84731367c6b3","2026-04-22 23:33:33.172","2026-04-22 23:33:33.172","07fb8c9c-498f-472a-9657-84731367c6b3","[PREMIUM]","New",2026,"Honda","HR-V","EX-L","[PREMIUM]","[PREMIUM]",5,"SUV","PLATINUM WHITE","Gray","All Wheel Drive",,,"Regular unleaded",,,"dealership","[PREMIUM]","Greer","SC","[PREMIUM]",,"[]",,,"[PREMIUM]"
"8907442e-ba54-449d-bce0-0d1f1d9f1be6","2026-04-22 23:33:33.170","2026-04-22 23:33:33.170","8907442e-ba54-449d-bce0-0d1f1d9f1be6","[PREMIUM]","New",2026,"Honda","Accord","SE","[PREMIUM]","[PREMIUM]",4,"Sedan","Platinum White Pearl","Black","Front Wheel Drive",,,"Regular unleaded",,,"dealership","[PREMIUM]","Greer","SC","[PREMIUM]",,"[]",,,"[PREMIUM]"
"b453c4a3-a3f4-4030-83a5-65e0e088dc14","2026-04-22 23:33:33.158","2026-04-22 23:33:33.158","b453c4a3-a3f4-4030-83a5-65e0e088dc14","[PREMIUM]","New",2026,"Chevrolet","Equinox","LT","[PREMIUM]","[PREMIUM]",0,"SUV","Black Metallic","Black","Front-wheel Drive",,,"Gasoline",,,"dealership","[PREMIUM]","Houston","TX","[PREMIUM]",,"[]",,,"[PREMIUM]"
"5ef9168f-42ee-4d4a-a0c4-cb2dc556cca1","2026-04-22 23:33:33.147","2026-04-22 23:33:33.147","5ef9168f-42ee-4d4a-a0c4-cb2dc556cca1","[PREMIUM]","New",2026,"Toyota","Camry","SE","[PREMIUM]","[PREMIUM]",0,"Sedan","Gray","Boulder","FWD",,,"Hybrid",,,"dealership","[PREMIUM]","Miami","FL","[PREMIUM]",,"[]",,,"[PREMIUM]"
"a1a2654a-8158-4bce-ad10-d6c21a56bd06","2026-04-22 23:33:33.147","2026-04-22 23:33:33.147","a1a2654a-8158-4bce-ad10-d6c21a56bd06","[PREMIUM]","New",2026,"Nissan","Rogue","SV","[PREMIUM]","[PREMIUM]",12,"SUV","Scarlet","Charcoal","All-wheel Drive",,,"Gasoline",,,"dealership","[PREMIUM]","White Plains","NY","[PREMIUM]",,"[]",,,"[PREMIUM]"
"302bbd4e-d282-4158-b298-4ae945b103f8","2026-04-22 23:33:33.146","2026-04-22 23:33:33.146","302bbd4e-d282-4158-b298-4ae945b103f8","[PREMIUM]","New",2026,"Nissan","Kicks","SR","[PREMIUM]","[PREMIUM]",12,"SUV","Super Black","Sport","All-wheel Drive",,,"Gasoline",,,"dealership","[PREMIUM]","White Plains","NY","[PREMIUM]",,"[]",,,"[PREMIUM]"
"84ca6b34-5b2b-4ef8-bb47-248799e6ba26","2026-04-22 23:33:33.144","2026-04-22 23:33:33.144","84ca6b34-5b2b-4ef8-bb47-248799e6ba26","[PREMIUM]","New",2026,"Kia","Sportage","EX","[PREMIUM]","[PREMIUM]",10,"SUV","Glacial White Pearl","Black","Front-wheel Drive",,,"E85 Flex Fuel",,,"dealership","[PREMIUM]","Schaumburg","IL","[PREMIUM]",,"[]",,,"[PREMIUM]"
"85d02237-e8f3-4476-b72d-9c99d8ba6158","2026-04-22 23:33:33.136","2026-04-22 23:33:33.136","85d02237-e8f3-4476-b72d-9c99d8ba6158","[PREMIUM]","New",2026,"Nissan","Rogue","Rock Creek","[PREMIUM]","[PREMIUM]",0,"SUV","White Pearl","Charcoal","All-wheel Drive",,,"Gasoline",,,"dealership","[PREMIUM]","White Plains","NY","[PREMIUM]",,"[]",,,"[PREMIUM]"
"012066de-5efa-47cc-8592-dee770b7b85d","2026-04-22 23:33:33.135","2026-04-22 23:33:33.135","012066de-5efa-47cc-8592-dee770b7b85d","[PREMIUM]","New",2026,"Mazda","CX-30","Premium Package","[PREMIUM]","[PREMIUM]",,"SUV","Machine Gray Metallic","Black/Black","AWD",,,"Gasoline",,,"dealership","[PREMIUM]","Royal Palm Beach","FL","[PREMIUM]",,"[]",,,"[PREMIUM]"
"d054ceb6-7bcd-41f4-b898-b1bf3143c6f2","2026-04-22 23:33:33.130","2026-04-22 23:33:33.130","d054ceb6-7bcd-41f4-b898-b1bf3143c6f2","[PREMIUM]","New",2026,"Nissan","Rogue","SV","[PREMIUM]","[PREMIUM]",0,"SUV","Scarlet","Charcoal","All-wheel Drive",,,"Gasoline",,,"dealership","[PREMIUM]","White Plains","NY","[PREMIUM]",,"[]",,,"[PREMIUM]"
"3c64a2f6-9ca5-4f3c-a143-d8244cd13435","2026-04-22 23:33:33.129","2026-04-22 23:33:33.129","3c64a2f6-9ca5-4f3c-a143-d8244cd13435","[PREMIUM]","New",2026,"Nissan","Rogue","SV","[PREMIUM]","[PREMIUM]",0,"SUV","White Pearl","Charcoal","All-wheel Drive",,,"Gasoline",,,"dealership","[PREMIUM]","White Plains","NY","[PREMIUM]",,"[]",,,"[PREMIUM]"
"e194ea83-c18b-4af1-878e-d619d2d71460","2026-04-22 23:33:33.128","2026-04-22 23:33:33.128","e194ea83-c18b-4af1-878e-d619d2d71460","[PREMIUM]","New",2026,"Nissan","Rogue","SV","[PREMIUM]","[PREMIUM]",0,"SUV","White Pearl","Charcoal","All-wheel Drive",,,"Gasoline",,,"dealership","[PREMIUM]","White Plains","NY","[PREMIUM]",,"[]",,,"[PREMIUM]"
"26d55d5c-1788-4925-ba36-06cc760692fd","2026-04-22 23:33:33.125","2026-04-22 23:33:33.125","26d55d5c-1788-4925-ba36-06cc760692fd","[PREMIUM]","New",2026,"Toyota","Camry","SE","[PREMIUM]","[PREMIUM]",0,"Sedan","Gray","Black","FWD",,,"Hybrid",,,"dealership","[PREMIUM]","Miami","FL","[PREMIUM]",,"[]",,,"[PREMIUM]"
"17006328-fbf7-4e2d-be1e-8d638e8f7b63","2026-04-22 23:33:33.119","2026-04-22 23:33:33.119","17006328-fbf7-4e2d-be1e-8d638e8f7b63","[PREMIUM]","New",2026,"Nissan","Rogue","Rock Creek","[PREMIUM]","[PREMIUM]",0,"SUV","Boulder Gray Pearl","Charcoal","All-wheel Drive",,,"Gasoline",,,"dealership","[PREMIUM]","White Plains","NY","[PREMIUM]",,"[]",,,"[PREMIUM]"
"5b24645e-e4e7-467a-ba4f-016dfe80f953","2026-04-22 23:33:33.118","2026-04-22 23:33:33.118","5b24645e-e4e7-467a-ba4f-016dfe80f953","[PREMIUM]","New",2026,"Nissan","Rogue","SV","[PREMIUM]","[PREMIUM]",0,"SUV","White Pearl","Charcoal","All-wheel Drive",,,"Gasoline",,,"dealership","[PREMIUM]","White Plains","NY","[PREMIUM]",,"[]",,,"[PREMIUM]"
"2677cafa-8ec7-404a-8a90-fa22973e52d8","2026-04-22 23:33:22.038","2026-04-22 23:33:22.038","2677cafa-8ec7-404a-8a90-fa22973e52d8","[PREMIUM]","New",2026,"Nissan","Rogue","SV","[PREMIUM]","[PREMIUM]",0,"SUV","White Pearl","Charcoal","All-wheel Drive",,,"Gasoline",,,"dealership","[PREMIUM]","White Plains","NY","[PREMIUM]",,"[]",,,"[PREMIUM]"
"a3bc6f08-e707-4c56-83f2-614a0dc8dd94","2026-04-22 23:33:22.037","2026-04-22 23:33:22.037","a3bc6f08-e707-4c56-83f2-614a0dc8dd94","[PREMIUM]","New",2026,"GMC","Terrain","FWD Elevation","[PREMIUM]","[PREMIUM]",2,"SUV","Sterling","Gray","Front-wheel Drive",,,"Gasoline",,,"dealership","[PREMIUM]","Winnsboro","LA","[PREMIUM]",,"[]",,,"[PREMIUM]"
"e9237445-cf17-42d2-b8e7-c0debf219f0b","2026-04-22 23:33:21.828","2026-04-22 23:33:21.828","e9237445-cf17-42d2-b8e7-c0debf219f0b","[PREMIUM]","New",2026,"Kia","Sportage","EX","[PREMIUM]","[PREMIUM]",,"SUV","Gray","Black","AWD",,,"Gasoline",,,"dealership","[PREMIUM]","Indianapolis","IN","[PREMIUM]",,"[]",,,"[PREMIUM]"
"c71e81fa-c466-46dc-bc73-8014f54c04ba","2026-04-22 23:33:21.788","2026-04-22 23:33:21.788","c71e81fa-c466-46dc-bc73-8014f54c04ba","[PREMIUM]","New",2026,"Honda","Civic Hybrid","Sport Touring","[PREMIUM]","[PREMIUM]",,"Hatchback","Urban Gray","Black","FWD",,,"Hybrid",,,"dealership","[PREMIUM]","Parkville","MD","[PREMIUM]",,"[]",,,"[PREMIUM]"
"1b4ebc58-8e4e-4d2b-be5e-1102e145bc72","2026-04-22 23:33:21.764","2026-04-22 23:33:21.764","1b4ebc58-8e4e-4d2b-be5e-1102e145bc72","[PREMIUM]","New",2026,"Toyota","Corolla Cross","XLE","[PREMIUM]","[PREMIUM]",40,"SUV","Sonic Silver","Black","All-wheel Drive",,,"Gasoline",,,"dealership","[PREMIUM]","Westmont in Westmont","IL","[PREMIUM]",,"[]",,,"[PREMIUM]"
"43780c7a-41ae-4b6c-8359-7619081cf554","2026-04-22 23:33:21.743","2026-04-22 23:33:21.743","43780c7a-41ae-4b6c-8359-7619081cf554","[PREMIUM]","New",2026,"Subaru","Crosstrek","Premium","[PREMIUM]","[PREMIUM]",1,"SUV","Crystal White Pearl","Gray","AWD",,,"Gasoline",,,"dealership","[PREMIUM]","Somersworth","NH","[PREMIUM]",,"[]",,,"[PREMIUM]"
"dacd5851-2325-46dc-9464-ad656f93b3e7","2026-04-22 23:33:21.737","2026-04-22 23:33:21.737","dacd5851-2325-46dc-9464-ad656f93b3e7","[PREMIUM]","New",2026,"Kia","Sportage","LX","[PREMIUM]","[PREMIUM]",10,"SUV","Gray Metallic","Black","All-wheel Drive",,,"Gasoline",,,"dealership","[PREMIUM]","Schaumburg","IL","[PREMIUM]",,"[]",,,"[PREMIUM]"
"a39d1ef2-351a-445c-aa90-aabb61f6f3f1","2026-04-22 23:33:21.730","2026-04-22 23:33:21.730","a39d1ef2-351a-445c-aa90-aabb61f6f3f1","[PREMIUM]","New",2026,"Toyota","Corolla Hybrid","XLE","[PREMIUM]","[PREMIUM]",52,"Sedan","Midnight Black Metallic","Black","Front-wheel Drive",,,"Hybrid",,,"dealership","[PREMIUM]","Tinley Park","IL","[PREMIUM]",,"[]",,,"[PREMIUM]"
"99d50c4b-4005-41e0-97e0-62e4872a5ae1","2026-04-22 23:33:21.728","2026-04-22 23:33:21.728","99d50c4b-4005-41e0-97e0-62e4872a5ae1","[PREMIUM]","New",2026,"Toyota","Corolla Cross","LE","[PREMIUM]","[PREMIUM]",0,"SUV","Celestite","Black Fabric","All-wheel Drive",,,"Gasoline",,,"dealership","[PREMIUM]","Tinley Park","IL","[PREMIUM]",,"[]",,,"[PREMIUM]"
"65eb7c50-a336-412a-9050-52de07f1d707","2026-04-22 23:33:21.724","2026-04-22 23:33:21.724","65eb7c50-a336-412a-9050-52de07f1d707","[PREMIUM]","New",2026,"Volkswagen","Jetta GLI","2.0T Autobahn","[PREMIUM]","[PREMIUM]",25,"Sedan","Pure White","Grigio/Titan Black","Front-wheel Drive",,,"Gasoline",,,"dealership","[PREMIUM]","Schaumburg","IL","[PREMIUM]",,"[]",,,"[PREMIUM]"
"97fcf41c-ace9-44ab-89a1-4095043098b9","2026-04-22 23:33:21.720","2026-04-22 23:33:21.720","97fcf41c-ace9-44ab-89a1-4095043098b9","[PREMIUM]","New",2026,"Ford","Bronco Sport","Big Bend","[PREMIUM]","[PREMIUM]",,"SUV","Gray","Truffle","Four-wheel Drive",,,"Gasoline",,,"dealership","[PREMIUM]","Daytona Beach","FL","[PREMIUM]",,"[]",,,"[PREMIUM]"
"d4a40c8f-879e-4cf3-8c38-86fe2b518e22","2026-04-22 23:33:21.702","2026-04-22 23:33:21.702","d4a40c8f-879e-4cf3-8c38-86fe2b518e22","[PREMIUM]","New",2026,"Nissan","Kicks","SR","[PREMIUM]","[PREMIUM]",12,"SUV","Aspen White","Sport","All-wheel Drive",,,"Gasoline",,,"dealership","[PREMIUM]","White Plains","NY","[PREMIUM]",,"[]",,,"[PREMIUM]"
"0c790850-d435-4fe4-ae54-3e0e490fda46","2026-04-22 23:33:21.696","2026-04-22 23:33:21.696","0c790850-d435-4fe4-ae54-3e0e490fda46","[PREMIUM]","New",2026,"Honda","Accord","SE","[PREMIUM]","[PREMIUM]",9,"Sedan","Meteorite Gray Metallic","Black","FWD",,,"Gasoline",,,"dealership","[PREMIUM]","Countryside","IL","[PREMIUM]",,"[]",,,"[PREMIUM]"
"921af1b0-e79d-48ce-9aa5-9200357241f1","2026-04-22 23:33:21.691","2026-04-22 23:33:21.691","921af1b0-e79d-48ce-9aa5-9200357241f1","[PREMIUM]","New",2026,"Nissan","Rogue","SV","[PREMIUM]","[PREMIUM]",12,"SUV","Scarlet","Charcoal","All-wheel Drive",,,"Gasoline",,,"dealership","[PREMIUM]","White Plains","NY","[PREMIUM]",,"[]",,,"[PREMIUM]"
"c7777e52-74b9-431b-8595-bf55443e1f75","2026-04-22 23:33:21.691","2026-04-22 23:33:21.691","c7777e52-74b9-431b-8595-bf55443e1f75","[PREMIUM]","New",2026,"Ford","Explorer","Active","[PREMIUM]","[PREMIUM]",10,"SUV","Vapor Blue Metallic","Dark Space Gray","Four-wheel Drive",,,"Gasoline",,,"dealership","[PREMIUM]","Highland","IN","[PREMIUM]",,"[]",,,"[PREMIUM]"
"c1413e2a-a5b9-490e-b1b2-6d30796185b4","2026-04-22 23:33:21.685","2026-04-22 23:33:21.685","c1413e2a-a5b9-490e-b1b2-6d30796185b4","[PREMIUM]","New",2026,"Chevrolet","Silverado 1500","WT","[PREMIUM]","[PREMIUM]",4,"Truck","Summit White","Jet Black","Rear-wheel Drive",,,"Gasoline",,,"dealership","[PREMIUM]","Houston","TX","[PREMIUM]",,"[]",,,"[PREMIUM]"
"573c2d48-0443-403d-9f29-83b900897065","2026-04-22 23:33:21.673","2026-04-22 23:33:21.673","573c2d48-0443-403d-9f29-83b900897065","[PREMIUM]","New",2026,"Nissan","Rogue","SV","[PREMIUM]","[PREMIUM]",10,"SUV","White Pearl","Charcoal","All-wheel Drive",,,"Gasoline",,,"dealership","[PREMIUM]","White Plains","NY","[PREMIUM]",,"[]",,,"[PREMIUM]"
"63d03470-6d87-4721-8068-bc674a30d660","2026-04-22 23:33:21.648","2026-04-22 23:33:21.648","63d03470-6d87-4721-8068-bc674a30d660","[PREMIUM]","Used",2026,"Honda","Civic Hybrid","Sport","[PREMIUM]","[PREMIUM]",3237,"Sedan","Silver","BLACK","Rear-wheel Drive",,,"Hybrid",,,"dealership","[PREMIUM]","Fremont","CA","[PREMIUM]",,"[]",,,"[PREMIUM]"
"0d7e257f-0f26-4e30-87c0-f79058a30472","2026-04-22 23:33:11.308","2026-04-22 23:33:11.308","0d7e257f-0f26-4e30-87c0-f79058a30472","[PREMIUM]","New",2026,"Nissan","Rogue","Dark Armor","[PREMIUM]","[PREMIUM]",5,"SUV","Obsidian Green","Light Gray","All-wheel Drive",,,"Gasoline",,,"dealership","[PREMIUM]","Easton","PA","[PREMIUM]",,"[]",,,"[PREMIUM]"
"92bba69f-cb87-4b9d-9580-cb0a1291c939","2026-04-22 23:33:11.304","2026-04-28 23:33:39.197","92bba69f-cb87-4b9d-9580-cb0a1291c939","[PREMIUM]","New",2026,"Nissan","Rogue","Dark Armor","[PREMIUM]","[PREMIUM]",6,"SUV","Obsidian Green","Charcoal","All-wheel Drive",,,"Gasoline",,,"dealership","[PREMIUM]","Easton","PA","[PREMIUM]",,"[]",,,"[PREMIUM]"
"0c31f001-67c8-49c3-8fd8-99fe51aa095d","2026-04-22 23:33:11.222","2026-04-22 23:33:11.222","0c31f001-67c8-49c3-8fd8-99fe51aa095d","[PREMIUM]","New",2026,"Hyundai","TUCSON","SEL","[PREMIUM]","[PREMIUM]",5,"SUV","Atlantis Blue","Black","All-wheel Drive",,,"Gasoline",,,"dealership","[PREMIUM]","St. Louis","MO","[PREMIUM]",,"[]",,,"[PREMIUM]"
"6f383bd6-ba46-4013-9d8b-0859df7b1bda","2026-04-22 23:33:11.209","2026-04-22 23:33:11.209","6f383bd6-ba46-4013-9d8b-0859df7b1bda","[PREMIUM]","New",2026,"Honda","Accord Hybrid","Sport","[PREMIUM]","[PREMIUM]",3,"Sedan","Crystal Black Pearl","Black","Front-wheel Drive",,,"Hybrid",,,"dealership","[PREMIUM]","Cocoa","FL","[PREMIUM]",,"[]",,,"[PREMIUM]"
"ee2813ae-cb48-4f6f-b8b1-1e2c7cfaff9c","2026-04-22 23:33:11.139","2026-04-22 23:33:11.139","ee2813ae-cb48-4f6f-b8b1-1e2c7cfaff9c","[PREMIUM]","New",2026,"Hyundai","TUCSON","SEL","[PREMIUM]","[PREMIUM]",5,"SUV","Gray","Black","All-wheel Drive",,,"Gasoline",,,"dealership","[PREMIUM]","St. Louis","MO","[PREMIUM]",,"[]",,,"[PREMIUM]"
"2fb4e716-50e1-459a-aa10-24439b958546","2026-04-22 23:33:11.095","2026-04-22 23:33:11.095","2fb4e716-50e1-459a-aa10-24439b958546","[PREMIUM]","New",2026,"Honda","CR-V","LX AWD","[PREMIUM]","[PREMIUM]",0,"SUV","Meteorite Gray Metallic","Blk Clth","All-wheel Drive",,,"Gasoline",,,"dealership","[PREMIUM]","Van Nuys","CA","[PREMIUM]",,"[]",,,"[PREMIUM]"
"379ee5f6-54b1-4b5d-b268-0606c18a6843","2026-04-22 23:33:11.089","2026-04-22 23:33:11.089","379ee5f6-54b1-4b5d-b268-0606c18a6843","[PREMIUM]","New",2026,"Hyundai","TUCSON","SEL","[PREMIUM]","[PREMIUM]",5,"SUV","Serenity White Pearl","Gray","All-wheel Drive",,,"Gasoline",,,"dealership","[PREMIUM]","St. Louis","MO","[PREMIUM]",,"[]",,,"[PREMIUM]"
"d83cf720-2984-42ed-97cd-577e3a58f937","2026-04-22 23:33:11.073","2026-04-22 23:33:11.073","d83cf720-2984-42ed-97cd-577e3a58f937","[PREMIUM]","New",2026,"Hyundai","TUCSON Hybrid","SEL Convenience","[PREMIUM]","[PREMIUM]",5,"SUV","Black / Ash","Black","All-wheel Drive",,,"Hybrid",,,"dealership","[PREMIUM]","St. Louis","MO","[PREMIUM]",,"[]",,,"[PREMIUM]"
"bbab1414-c42b-4d03-88f3-a79807383566","2026-04-22 23:33:11.045","2026-04-22 23:33:11.045","bbab1414-c42b-4d03-88f3-a79807383566","[PREMIUM]","New",2026,"Ford","Maverick","XLT","[PREMIUM]","[PREMIUM]",0,"Truck","Oxford White","Navy Pier/Aspen Gray","Front-wheel Drive",,,"Gasoline",,,"dealership","[PREMIUM]","Barberton","OH","[PREMIUM]",,"[]",,,"[PREMIUM]"
"6dfc733c-7563-496e-8847-52bce9412cc4","2026-04-22 23:33:11.039","2026-04-22 23:33:11.039","6dfc733c-7563-496e-8847-52bce9412cc4","[PREMIUM]","New",2026,"Mazda","CX-30","2.5 S","[PREMIUM]","[PREMIUM]",5,"SUV","Aero Gray Metallic","White","All Wheel Drive",,,"Regular unleaded",,,"dealership","[PREMIUM]","Falmouth","ME","[PREMIUM]",,"[]",,,"[PREMIUM]"
"28507166-3884-4936-b352-77e02036f932","2026-04-22 23:33:11.021","2026-04-22 23:33:11.021","28507166-3884-4936-b352-77e02036f932","[PREMIUM]","New",2026,"Honda","Accord","SE","[PREMIUM]","[PREMIUM]",,"Sedan","Canyon","Black","FWD",,,"Gasoline",,,"dealership","[PREMIUM]","Sycamore","IL","[PREMIUM]",,"[]",,,"[PREMIUM]"
"a464a86f-6280-43cc-8788-c77939bcd981","2026-04-22 23:33:10.987","2026-04-22 23:33:10.987","a464a86f-6280-43cc-8788-c77939bcd981","[PREMIUM]","New",2026,"Ford","Escape","Active","[PREMIUM]","[PREMIUM]",189,"SUV","vapor blue metallic","space gray","All-wheel Drive",,,"Gasoline",,,"dealership","[PREMIUM]","Redford","MI","[PREMIUM]",,"[]",,,"[PREMIUM]"
"1aa44556-4ea0-449b-b935-6529af2521b9","2026-04-22 23:33:10.986","2026-04-22 23:33:10.986","1aa44556-4ea0-449b-b935-6529af2521b9","[PREMIUM]","New",2026,"Chevrolet","Equinox EV","LT","[PREMIUM]","[PREMIUM]",0,"SUV","Sterling Gray Metallic","Sky Gray","Front-wheel Drive",,,"Electric",,,"dealership","[PREMIUM]","Bridgeview","IL","[PREMIUM]",,"[]",,,"[PREMIUM]"
"2e1f6f13-eab1-4c67-964e-9ec60c6dc590","2026-04-22 23:33:10.975","2026-04-22 23:33:10.975","2e1f6f13-eab1-4c67-964e-9ec60c6dc590","[PREMIUM]","New",2026,"Hyundai","TUCSON","SE","[PREMIUM]","[PREMIUM]",0,"SUV","Ultimate Red","Black","All-wheel Drive",,,"Gasoline",,,"dealership","[PREMIUM]","Blackwood","NJ","[PREMIUM]",,"[]",,,"[PREMIUM]"
"08083649-114e-4248-9378-29dde0745960","2026-04-22 23:33:10.960","2026-04-22 23:33:10.960","08083649-114e-4248-9378-29dde0745960","[PREMIUM]","Used",2026,"Subaru","Crosstrek","Wilderness","[PREMIUM]","[PREMIUM]",2053,"SUV","Blue","GRAY","Four-wheel Drive",,,"Gasoline",,,"dealership","[PREMIUM]","Roseville","CA","[PREMIUM]",,"[]",,,"[PREMIUM]"
"503c5f46-9da0-4a46-a321-8a1262dc3957","2026-04-22 23:33:10.950","2026-04-22 23:33:10.950","503c5f46-9da0-4a46-a321-8a1262dc3957","[PREMIUM]","New",2026,"Jeep","Cherokee","Laredo 4x4","[PREMIUM]","[PREMIUM]",0,"SUV","Red Hot Pearlcoat","Global Black","Four-wheel Drive",,,"Gasoline",,,"dealership","[PREMIUM]","St Peters","MO","[PREMIUM]",,"[]",,,"[PREMIUM]"
"52e79b32-3bbb-48fe-8a81-8a673f29e354","2026-04-22 23:33:10.948","2026-04-22 23:33:10.948","52e79b32-3bbb-48fe-8a81-8a673f29e354","[PREMIUM]","New",2026,"Ford","Maverick","XL","[PREMIUM]","[PREMIUM]",85,"Truck","Velocity Blue","Black Onyx/Dark Slate","All-wheel Drive",,,"Gasoline",,,"dealership","[PREMIUM]","Madison","WI","[PREMIUM]",,"[]",,,"[PREMIUM]"
"7b15526d-4842-4d56-8f18-f4605993b14b","2026-04-22 23:33:10.942","2026-04-22 23:33:10.942","7b15526d-4842-4d56-8f18-f4605993b14b","[PREMIUM]","New",2026,"Kia","K5","GT-Line FWD","[PREMIUM]","[PREMIUM]",3,"Sedan","Wolf Gray","Black","Front-wheel Drive",,,"Gasoline",,,"dealership","[PREMIUM]","Coral Springs","FL","[PREMIUM]",,"[]",,,"[PREMIUM]"
"0c92d1a6-6ec6-49f0-9f56-de5191f0e677","2026-04-22 23:33:10.940","2026-04-22 23:33:10.940","0c92d1a6-6ec6-49f0-9f56-de5191f0e677","[PREMIUM]","New",2026,"Nissan","Altima","SR FWD","[PREMIUM]","[PREMIUM]",2,"Sedan","Tactical Grn/Super Black","Sport","Front-wheel Drive",,,"Gasoline",,,"dealership","[PREMIUM]","Lawton","OK","[PREMIUM]",,"[]",,,"[PREMIUM]"
"070b00c9-ef4c-4b13-ad48-4c0545a24a02","2026-04-22 23:33:10.937","2026-04-22 23:33:10.937","070b00c9-ef4c-4b13-ad48-4c0545a24a02","[PREMIUM]","New",2026,"Honda","Accord","SE","[PREMIUM]","[PREMIUM]",5,"Sedan","Canyon River Blue Metallic","Black","Front-wheel Drive",,,"Gasoline",,,"dealership","[PREMIUM]","Birmingham","AL","[PREMIUM]",,"[]",,,"[PREMIUM]"
"fa308e5d-6842-4267-b607-8d40f11bef41","2026-04-22 23:33:10.851","2026-04-22 23:33:10.851","fa308e5d-6842-4267-b607-8d40f11bef41","[PREMIUM]","New",2026,"Kia","K5","GT-Line FWD","[PREMIUM]","[PREMIUM]",10,"Sedan","Snow White Pearl","Black","Front-wheel Drive",,,"Gasoline",,,"dealership","[PREMIUM]","Vero Beach","FL","[PREMIUM]",,"[]",,,"[PREMIUM]"
"7d6b09b0-65a4-4f3e-a8cf-82321d27ce8e","2026-04-22 23:33:00.265","2026-04-22 23:33:00.265","7d6b09b0-65a4-4f3e-a8cf-82321d27ce8e","[PREMIUM]","New",2026,"Kia","Sportage","EX","[PREMIUM]","[PREMIUM]",3,"SUV","Gravity Gray","Wk","Front-wheel Drive",,,"Gasoline",,,"dealership","[PREMIUM]","Coral Springs","FL","[PREMIUM]",,"[]",,,"[PREMIUM]"
"13a1e362-818d-4bcc-b4c4-6a0328b76242","2026-04-22 23:33:00.247","2026-04-22 23:33:00.247","13a1e362-818d-4bcc-b4c4-6a0328b76242","[PREMIUM]","New",2026,"Buick","Envista","Avenir FWD","[PREMIUM]","[PREMIUM]",0,"SUV","White Frost Tricoat","Ebony W/ Terracotta Accents","Front-wheel Drive",,,"Gasoline",,,"dealership","[PREMIUM]","Lincolnwood","IL","[PREMIUM]",,"[]",,,"[PREMIUM]"
"299b4cd9-8b31-4fbd-9a62-9d5af6fb6a5d","2026-04-22 23:33:00.213","2026-04-22 23:33:00.213","299b4cd9-8b31-4fbd-9a62-9d5af6fb6a5d","[PREMIUM]","New",2026,"Kia","K5","GT-Line","[PREMIUM]","[PREMIUM]",6,"Sedan","Snow White Pearl","Bk","Front Wheel Drive",,,"Gasoline",,,"dealership","[PREMIUM]","Riverside","CA","[PREMIUM]",,"[]",,,"[PREMIUM]"
"66d03580-ee36-408b-9bb4-f8225110d862","2026-04-22 23:33:00.205","2026-04-22 23:33:00.205","66d03580-ee36-408b-9bb4-f8225110d862","[PREMIUM]","New",2026,"Ford","Maverick","XL","[PREMIUM]","[PREMIUM]",300,"Truck","Shadow Black","Black Onyx/Dark Slate","All-wheel Drive",,,"Gasoline",,,"dealership","[PREMIUM]","Forest Lake","MN","[PREMIUM]",,"[]",,,"[PREMIUM]"
"e7f086cc-b637-48d3-840b-20a4eb070ec6","2026-04-22 23:33:00.045","2026-04-22 23:33:00.045","e7f086cc-b637-48d3-840b-20a4eb070ec6","[PREMIUM]","New",2026,"Nissan","Rogue","S","[PREMIUM]","[PREMIUM]",4,"SUV","Super Black","Charcoal","Front-wheel Drive",,,"Gasoline",,,"dealership","[PREMIUM]","St. Louis","MO","[PREMIUM]",,"[]",,,"[PREMIUM]"
"f575731a-5eef-4b54-afcf-1e56d77df9ac","2026-04-22 23:33:00.007","2026-04-22 23:33:00.007","f575731a-5eef-4b54-afcf-1e56d77df9ac","[PREMIUM]","New",2026,"Kia","Sportage","X-Line","[PREMIUM]","[PREMIUM]",3,"SUV","Panthera Metal Matte","Ctt","All-wheel Drive",,,"Gasoline",,,"dealership","[PREMIUM]","Coral Springs","FL","[PREMIUM]",,"[]",,,"[PREMIUM]"
"d93ac5e7-ec4b-44dd-892b-37f93afd836d","2026-04-22 23:32:59.976","2026-04-22 23:32:59.976","d93ac5e7-ec4b-44dd-892b-37f93afd836d","[PREMIUM]","Used",2026,"Subaru","Forester","Premium","[PREMIUM]","[PREMIUM]",3767,"SUV","Magnetite Gray Metallic","Gray",,,,,,,"dealership","[PREMIUM]","Selma","TX","[PREMIUM]",,"[]",,,"[PREMIUM]"
"410ab8fd-1fe9-4173-bfcc-f550f791b34f","2026-04-22 23:32:59.958","2026-04-22 23:32:59.958","410ab8fd-1fe9-4173-bfcc-f550f791b34f","[PREMIUM]","New",2026,"Kia","Sportage","LX","[PREMIUM]","[PREMIUM]",10,"SUV","Panthera Metal","Black","Front-wheel Drive",,,"Gasoline",,,"dealership","[PREMIUM]","Vero Beach","FL","[PREMIUM]",,"[]",,,"[PREMIUM]"
"756c3d03-8cfd-4cf5-8558-5b6dbb856d07","2026-04-22 23:32:59.945","2026-04-22 23:32:59.945","756c3d03-8cfd-4cf5-8558-5b6dbb856d07","[PREMIUM]","New",2026,"Ford","Maverick","XLT","[PREMIUM]","[PREMIUM]",3,"Truck","Carbonized Gray Metallic","Navy Pier/Aspen Gray","Front-wheel Drive",,,"Gasoline",,,"dealership","[PREMIUM]","Fullerton","CA","[PREMIUM]",,"[]",,,"[PREMIUM]"
"717c20eb-2cd2-4edb-8a90-91712148c036","2026-04-22 23:32:59.934","2026-04-22 23:32:59.934","717c20eb-2cd2-4edb-8a90-91712148c036","[PREMIUM]","New",2026,"Kia","Sportage Hybrid","EX","[PREMIUM]","[PREMIUM]",3,"SUV","Heritage Blue","Wk","All-wheel Drive",,,"Hybrid",,,"dealership","[PREMIUM]","Coral Springs","FL","[PREMIUM]",,"[]",,,"[PREMIUM]"
"daf058a7-853e-493b-9404-4be43b999144","2026-04-22 23:32:59.918","2026-04-22 23:32:59.918","daf058a7-853e-493b-9404-4be43b999144","[PREMIUM]","New",2026,"Kia","Sportage Hybrid","EX","[PREMIUM]","[PREMIUM]",3,"SUV","Fusion Black","Wk","All-wheel Drive",,,"Hybrid",,,"dealership","[PREMIUM]","Coral Springs","FL","[PREMIUM]",,"[]",,,"[PREMIUM]"
"320a92e0-a255-444f-a759-41b3dbecffa1","2026-04-22 23:32:59.916","2026-04-22 23:32:59.916","320a92e0-a255-444f-a759-41b3dbecffa1","[PREMIUM]","New",2026,"Honda","Accord","LX 1.5T","[PREMIUM]","[PREMIUM]",5,"Sedan","Platinum White Pearl","Black","Front-wheel Drive",,,"Gasoline",,,"dealership","[PREMIUM]","Birmingham","AL","[PREMIUM]",,"[]",,,"[PREMIUM]"
"209ad8dc-fb6b-45d1-ab95-c1a53847d75c","2026-04-22 23:32:49.751","2026-04-22 23:32:49.751","209ad8dc-fb6b-45d1-ab95-c1a53847d75c","[PREMIUM]","New",2026,"Kia","K5","GT-Line FWD","[PREMIUM]","[PREMIUM]",3,"Sedan","Wolf Gray","Black","Front-wheel Drive",,,"Gasoline",,,"dealership","[PREMIUM]","Coral Springs","FL","[PREMIUM]",,"[]",,,"[PREMIUM]"
"440ef8dc-64bb-4526-9249-48a8c644e1f7","2026-04-22 23:32:49.499","2026-04-22 23:32:49.499","440ef8dc-64bb-4526-9249-48a8c644e1f7","[PREMIUM]","New",2026,"Hyundai","TUCSON Hybrid","Blue SE","[PREMIUM]","[PREMIUM]",0,"SUV","Ash Black","Gray","All-wheel Drive",,,"Hybrid",,,"dealership","[PREMIUM]","Austin","TX","[PREMIUM]",,"[]",,,"[PREMIUM]"
"298542da-481a-4bfd-9c96-28d20298775f","2026-04-22 23:32:49.493","2026-04-22 23:32:49.493","298542da-481a-4bfd-9c96-28d20298775f","[PREMIUM]","Used",2026,"Subaru","Forester","Premium","[PREMIUM]","[PREMIUM]",3579,"SUV","Blue","GRAY","Four-wheel Drive",,,"Gasoline",,,"dealership","[PREMIUM]","Duarte","CA","[PREMIUM]",,"[]",,,"[PREMIUM]"
"da1b3bfa-9703-4834-ba86-09fcbca94482","2026-04-22 23:32:49.486","2026-04-22 23:32:49.486","da1b3bfa-9703-4834-ba86-09fcbca94482","[PREMIUM]","Used",2026,"Toyota","Camry","SE","[PREMIUM]","[PREMIUM]",6257,"Sedan","White","BLACK","Rear-wheel Drive",,,"Hybrid",,,"dealership","[PREMIUM]","Murrieta","CA","[PREMIUM]",,"[]",,,"[PREMIUM]"
"4ce5e645-0c63-4224-ba92-be881ae8ad43","2026-04-22 23:32:39.325","2026-04-28 23:32:58.746","4ce5e645-0c63-4224-ba92-be881ae8ad43","[PREMIUM]","New",2027,"Chevrolet","Bolt","RS FWD","[PREMIUM]","[PREMIUM]",5,"SUV","Gbj","Jet Black with Red Stitching","Front-wheel Drive",,,"Electric",,,"dealership","[PREMIUM]","Commerce","GA","[PREMIUM]",,"[]",,,"[PREMIUM]"
"cdac4cab-f205-4a58-a35a-08a565e943cd","2026-04-22 23:32:29.194","2026-04-22 23:32:29.194","cdac4cab-f205-4a58-a35a-08a565e943cd","[PREMIUM]","New",2027,"Chevrolet","Bolt","RS","[PREMIUM]","[PREMIUM]",0,"SUV","Summit White","Jet Black with Red stitching","Front-wheel Drive",,,"Electric",,,"dealership","[PREMIUM]","Buford","GA","[PREMIUM]",,"[]",,,"[PREMIUM]"
"10ac6f17-f29f-46cf-9b81-d1ce1c9c20a4","2026-04-22 23:32:19.198","2026-04-22 23:32:19.198","10ac6f17-f29f-46cf-9b81-d1ce1c9c20a4","[PREMIUM]","New",2027,"Chevrolet","Bolt","RS","[PREMIUM]","[PREMIUM]",1,"SUV","Summit White","Black","Front-wheel Drive",,,,,,"dealership","[PREMIUM]","Plainfield","IN","[PREMIUM]",,"[]",,,"[PREMIUM]"
"11f40389-0b5e-4c73-9d3e-88052a75fc0b","2026-04-22 23:29:29.370","2026-04-22 23:29:29.370","11f40389-0b5e-4c73-9d3e-88052a75fc0b","[PREMIUM]","Used",2000,"BMW","M","Coupe 2D","[PREMIUM]","[PREMIUM]",123310,"Coupe",,,"Rear-wheel Drive",,,"Gasoline",,,"dealership","[PREMIUM]","Hollywood","FL","[PREMIUM]",,"[]",,,"[PREMIUM]"
"c60ff768-ffe9-40a9-8668-625ab7c68ef0","2026-04-22 23:28:49.066","2026-04-22 23:28:49.066","c60ff768-ffe9-40a9-8668-625ab7c68ef0","[PREMIUM]","Used",2005,"Porsche","Boxster","S","[PREMIUM]","[PREMIUM]",30228,"Convertible","Orage","Sand Beige","Rear-wheel Drive",,,"Gasoline",,,"dealership","[PREMIUM]","Indianapolis","IN","[PREMIUM]",,"[]",,,"[PREMIUM]"
"03a8002d-60b4-4a33-8eb7-80d065bf483d","2026-04-22 23:28:08.988","2026-04-22 23:28:08.988","03a8002d-60b4-4a33-8eb7-80d065bf483d","[PREMIUM]","Used",2007,"Ford","Mustang","GT Premium","[PREMIUM]","[PREMIUM]",39302,"Coupe","Grabber Orange Clearcoat Metallic","Black","Rear-wheel Drive",,,"Gasoline",,,"dealership","[PREMIUM]","Scottsdale","AZ","[PREMIUM]",,"[]",,,"[PREMIUM]"
"4731aecc-ddaa-44bd-939c-7a294bd19be4","2026-04-22 23:27:38.928","2026-04-22 23:27:38.928","4731aecc-ddaa-44bd-939c-7a294bd19be4","[PREMIUM]","Used",2009,"Chevrolet","Corvette","Base","[PREMIUM]","[PREMIUM]",40521,"Coupe","Blade Silver Metallic","Ebony","Rear-wheel Drive",,,"Gasoline",,,"dealership","[PREMIUM]","Gresham","OR","[PREMIUM]",,"[]",,,"[PREMIUM]"
"7712b46f-71f1-4984-8d7f-f54ee2fd6e9f","2026-04-22 23:27:18.866","2026-04-22 23:27:18.866","7712b46f-71f1-4984-8d7f-f54ee2fd6e9f","[PREMIUM]","Used",2010,"Chevrolet","Corvette","Base","[PREMIUM]","[PREMIUM]",80973,"Convertible","Blade Silver Metallic","Gray","Rear-wheel Drive",,,"Gasoline",,,"dealership","[PREMIUM]","Pensacola","FL","[PREMIUM]",,"[]",,,"[PREMIUM]"
"7dd3f329-a977-491b-ac64-82cbcf809b7a","2026-04-22 23:27:18.787","2026-04-22 23:27:18.787","7dd3f329-a977-491b-ac64-82cbcf809b7a","[PREMIUM]","Used",2010,"Chevrolet","Camaro","2SS","[PREMIUM]","[PREMIUM]",36966,"Coupe","Rally Yellow","Black","Rear-wheel Drive",,,"Gasoline",,,"dealership","[PREMIUM]","Naperville","IL","[PREMIUM]",,"[]",,,"[PREMIUM]"
"b8875fe1-5418-4673-94b1-8e691ba9e80f","2026-04-22 23:26:48.667","2026-04-22 23:26:48.667","b8875fe1-5418-4673-94b1-8e691ba9e80f","[PREMIUM]","Used",2012,"RAM","2500","SLT","[PREMIUM]","[PREMIUM]",116392,"Truck","Silver",,"Four-wheel Drive",,,"Diesel",,,"dealership","[PREMIUM]","Lebanon","OH","[PREMIUM]",,"[]",,,"[PREMIUM]"
"23819d5b-afcf-4188-a15c-c147d5e158d1","2026-04-22 23:26:28.570","2026-04-22 23:26:28.570","23819d5b-afcf-4188-a15c-c147d5e158d1","[PREMIUM]","Used",2013,"RAM","2500","Big Horn","[PREMIUM]","[PREMIUM]",134244,"Truck","Black Clearcoat","Gray","4WD",,,"Diesel",,,"dealership","[PREMIUM]","Spokane Valley","WA","[PREMIUM]",,"[]",,,"[PREMIUM]"
"4e1883ec-296a-4c9c-b540-1a1633ab475d","2026-04-22 23:26:18.866","2026-04-22 23:26:18.866","4e1883ec-296a-4c9c-b540-1a1633ab475d","[PREMIUM]","Used",2014,"Ford","F-150","King Ranch","[PREMIUM]","[PREMIUM]",80280,"Truck","Kodiak Brown Metallic","Steel Gray","Four-wheel Drive",,,"Gasoline",,,"dealership","[PREMIUM]","Sioux City","IA","[PREMIUM]",,"[]",,,"[PREMIUM]"
"4f2f0644-5e98-4f22-ad9b-4831b0ff61ca","2026-04-22 23:25:58.806","2026-04-22 23:25:58.806","4f2f0644-5e98-4f22-ad9b-4831b0ff61ca","[PREMIUM]","Used",2014,"Toyota","Tundra","SR","[PREMIUM]","[PREMIUM]",123568,"Truck","White","GRAY","Four-wheel Drive",,,"Gasoline",,,"dealership","[PREMIUM]","Irvine","CA","[PREMIUM]",,"[]",,,"[PREMIUM]"
"b499b9f2-910f-4e58-b490-05dd5f58c80b","2026-04-22 23:25:58.414","2026-04-22 23:25:58.414","b499b9f2-910f-4e58-b490-05dd5f58c80b","[PREMIUM]","Used",2014,"Toyota","Tundra","Limited","[PREMIUM]","[PREMIUM]",112187,"Truck","Silver","BLACK","Rear-wheel Drive",,,"Gasoline",,,"dealership","[PREMIUM]","Tyler","TX","[PREMIUM]",,"[]",,,"[PREMIUM]"
"90fcbde2-e0bc-4bf3-8ec8-494b25c0d468","2026-04-22 23:25:58.341","2026-04-22 23:25:58.341","90fcbde2-e0bc-4bf3-8ec8-494b25c0d468","[PREMIUM]","Used",2014,"Toyota","Tacoma","Base","[PREMIUM]","[PREMIUM]",176691,"Truck","Silver Sky Metallic","Graphite","Four-wheel Drive",,,"Gasoline",,,"dealership","[PREMIUM]","Portland","OR","[PREMIUM]",,"[]",,,"[PREMIUM]"
"8607141f-f0f7-4e46-aadf-0b3d49e798bc","2026-04-22 23:25:58.331","2026-04-22 23:25:58.331","8607141f-f0f7-4e46-aadf-0b3d49e798bc","[PREMIUM]","Used",2014,"BMW","Z4","SDrive28i","[PREMIUM]","[PREMIUM]",32887,"Convertible","Black","CREAM","Rear-wheel Drive",,,"Gasoline",,,"dealership","[PREMIUM]","Cincinnati","OH","[PREMIUM]",,"[]",,,"[PREMIUM]"
"a219dddd-e886-4ed7-b69e-762da99f0344","2026-04-22 23:25:28.216","2026-04-22 23:25:28.216","a219dddd-e886-4ed7-b69e-762da99f0344","[PREMIUM]","Used",2015,"Lexus","RC 350","Base","[PREMIUM]","[PREMIUM]",55221,"Coupe","Ultra White","Black","All-wheel Drive",,,"Gasoline",,,"dealership","[PREMIUM]","Fort Wright","KY","[PREMIUM]",,"[]",,,"[PREMIUM]"
"59d7bf72-f350-46a9-9c78-20cdd9a834ff","2026-04-22 23:25:28.156","2026-04-22 23:25:28.156","59d7bf72-f350-46a9-9c78-20cdd9a834ff","[PREMIUM]","Used",2015,"Ford","Mustang","GT Premium","[PREMIUM]","[PREMIUM]",31451,"Coupe","Black","Ebony","Rear-wheel Drive",,,"Gasoline",,,"dealership","[PREMIUM]","Williamsville","NY","[PREMIUM]",,"[]",,,"[PREMIUM]"
"1dff10e5-0d2e-4e90-bec8-a09b5821ee0b","2026-04-22 23:25:28.113","2026-04-22 23:25:28.113","1dff10e5-0d2e-4e90-bec8-a09b5821ee0b","[PREMIUM]","Used",2015,"Mercedes-Benz","S-Class","Sport Pkg 1 Owner","[PREMIUM]","[PREMIUM]",92425,"Sedan","designo Diamond White","Tan","Rear-wheel Drive",,,"Gasoline",,,"dealership","[PREMIUM]","Scottsdale","AZ","[PREMIUM]",,"[]",,,"[PREMIUM]"
"042a2e4a-fd61-43f8-b01d-05666cb48b52","2026-04-22 23:25:28.107","2026-04-22 23:25:28.107","042a2e4a-fd61-43f8-b01d-05666cb48b52","[PREMIUM]","Used",2015,"Lexus","GX 460",,"[PREMIUM]","[PREMIUM]",74035,"SUV","Black","BLACK","Four-wheel Drive",,,"Gasoline",,,"dealership","[PREMIUM]","Norwood","MA","[PREMIUM]",,"[]",,,"[PREMIUM]"
"3f90cf2e-8c9a-463d-b8a0-071881d30963","2026-04-22 23:25:28.088","2026-04-28 23:26:32.916","3f90cf2e-8c9a-463d-b8a0-071881d30963","[PREMIUM]","Used",2015,"Ford","F-150","Platinum","[PREMIUM]","[PREMIUM]",71881,"Truck","Red","Black","Four-wheel Drive",,,"Gasoline",,,"private","[PREMIUM]",,,"[PREMIUM]",,"[]",,,"[PREMIUM]"
"759ac670-451c-4f83-9645-ac6f08564071","2026-04-22 23:25:28.027","2026-04-22 23:25:28.027","759ac670-451c-4f83-9645-ac6f08564071","[PREMIUM]","Used",2015,"Ford","F-150","XLT","[PREMIUM]","[PREMIUM]",73315,"Truck","Bronze Fire Metallic","Gray","Four-wheel Drive",,,"Gasoline",,,"dealership","[PREMIUM]","Grand Junction","CO","[PREMIUM]",,"[]",,,"[PREMIUM]"
"b08dd183-faef-4b32-9e93-24a59f691a0a","2026-04-22 23:24:37.825","2026-04-22 23:24:37.825","b08dd183-faef-4b32-9e93-24a59f691a0a","[PREMIUM]","Used",2016,"Toyota","Tundra","SR5","[PREMIUM]","[PREMIUM]",90562,"Truck","Black","Graphite","Four-wheel Drive",,,"Gasoline",,,"dealership","[PREMIUM]","Richmond","TX","[PREMIUM]",,"[]",,,"[PREMIUM]"
"1b034b15-a507-4a33-90e2-8587e0dad2b5","2026-04-22 23:24:27.819","2026-04-22 23:24:27.819","1b034b15-a507-4a33-90e2-8587e0dad2b5","[PREMIUM]","Used",2016,"BMW","650","xDrive","[PREMIUM]","[PREMIUM]",42528,"Coupe","Black Sapphire Metallic","Black","All-wheel Drive",,,"Gasoline",,,"dealership","[PREMIUM]","Columbia","TN","[PREMIUM]",,"[]",,,"[PREMIUM]"
"ec32fb42-a2ea-4151-a820-d2a6b26b0450","2026-04-22 23:23:57.703","2026-04-22 23:23:57.703","ec32fb42-a2ea-4151-a820-d2a6b26b0450","[PREMIUM]","Used",2016,"Toyota","4Runner","SR5","[PREMIUM]","[PREMIUM]",103488,"SUV","Super White","Sand Beige","Four-wheel Drive",,,"Gasoline",,,"dealership","[PREMIUM]","Richmond","VA","[PREMIUM]",,"[]",,,"[PREMIUM]"
"8a60a18e-cdf6-47f2-aacc-0c2c9cbb12ae","2026-04-22 23:23:47.843","2026-04-22 23:23:47.843","8a60a18e-cdf6-47f2-aacc-0c2c9cbb12ae","[PREMIUM]","Used",2016,"Lexus","RX 350",,"[PREMIUM]","[PREMIUM]",51958,"SUV","Silver","CREAM","Four-wheel Drive",,,"Gasoline",,,"dealership","[PREMIUM]","Milwaukie","OR","[PREMIUM]",,"[]",,,"[PREMIUM]"
"9ddad190-dc67-47a3-b10b-56d675c12d94","2026-04-22 23:23:07.475","2026-04-22 23:23:07.475","9ddad190-dc67-47a3-b10b-56d675c12d94","[PREMIUM]","Used",2016,"GMC","Yukon XL","Denali","[PREMIUM]","[PREMIUM]",91561,"SUV","White Frost Tri-Coat","Cocoa","4WD",,,"Gasoline",,,"dealership","[PREMIUM]","Apple Valley","MN","[PREMIUM]",,"[]",,,"[PREMIUM]"
"750a84de-1b2f-4c5c-9759-0703aa9054dd","2026-04-22 23:23:07.455","2026-04-22 23:23:07.455","750a84de-1b2f-4c5c-9759-0703aa9054dd","[PREMIUM]","Used",2016,"Ford","Mustang","GT Premium","[PREMIUM]","[PREMIUM]",76831,"Coupe","Oxford White","Ebony","Rear-wheel Drive",,,"Gasoline",,,"dealership","[PREMIUM]","North Bergen","NJ","[PREMIUM]",,"[]",,,"[PREMIUM]"
"225145ba-2745-4ce8-93fb-4a6dab7b1aa6","2026-04-22 23:23:07.377","2026-04-22 23:23:07.377","225145ba-2745-4ce8-93fb-4a6dab7b1aa6","[PREMIUM]","Used",2016,"Lexus","GX 460",,"[PREMIUM]","[PREMIUM]",108132,"SUV","Gray","BLACK","Four-wheel Drive",,,"Gasoline",,,"dealership","[PREMIUM]","Fremont","CA","[PREMIUM]",,"[]",,,"[PREMIUM]"
"b3c1c827-d8ba-4e1d-b699-1798d60b5c0c","2026-04-22 23:23:07.375","2026-04-22 23:23:07.375","b3c1c827-d8ba-4e1d-b699-1798d60b5c0c","[PREMIUM]","Used",2016,"Mercedes-Benz","E-Class","Luxury","[PREMIUM]","[PREMIUM]",19645,"Sedan","Black","BLACK","Rear-wheel Drive",,,"Gasoline",,,"dealership","[PREMIUM]","Charleston","SC","[PREMIUM]",,"[]",,,"[PREMIUM]"
"81603f1d-1f2b-4b2a-8dd0-2750d1f543fe","2026-04-22 23:23:07.355","2026-04-22 23:23:07.355","81603f1d-1f2b-4b2a-8dd0-2750d1f543fe","[PREMIUM]","Used",2016,"Dodge","Challenger","R/T","[PREMIUM]","[PREMIUM]",54730,"Coupe","Granite Pearlcoat","Black","Rear-wheel Drive",,,"Gasoline",,,"dealership","[PREMIUM]","Dallas","TX","[PREMIUM]",,"[]",,,"[PREMIUM]"
"5df8963f-4ffe-462e-a49f-adb3bdb66dc5","2026-04-22 23:22:47.207","2026-04-22 23:22:47.207","5df8963f-4ffe-462e-a49f-adb3bdb66dc5","[PREMIUM]","Used",2017,"GMC","Sierra 1500","SLT","[PREMIUM]","[PREMIUM]",100804,"Truck","Cardinal Red",,"Four-wheel Drive",,,"Gasoline",,,"dealership","[PREMIUM]","Gainesville","GA","[PREMIUM]",,"[]",,,"[PREMIUM]"
"3955ecc3-3096-4e50-8761-4c02ff1a4de9","2026-04-22 23:22:27.140","2026-04-22 23:22:27.140","3955ecc3-3096-4e50-8761-4c02ff1a4de9","[PREMIUM]","Used",2017,"Lexus","RX 350","Base","[PREMIUM]","[PREMIUM]",66892,"SUV","Eminent White Pearl","Black W Semi Aniline Seat Trim","All-wheel Drive",,,"Gasoline",,,"dealership","[PREMIUM]","Mankato","MN","[PREMIUM]",,"[]",,,"[PREMIUM]"
"05bca16f-8191-4cdf-95af-c3a281c0d762","2026-04-22 23:22:27.082","2026-04-22 23:22:27.082","05bca16f-8191-4cdf-95af-c3a281c0d762","[PREMIUM]","Used",2017,"Lexus","RX 350","F Sport","[PREMIUM]","[PREMIUM]",86792,"SUV","Nightfall Mica","Rioja Red","All-wheel Drive",,,"Gasoline",,,"dealership","[PREMIUM]","Fuquay Varina","NC","[PREMIUM]",,"[]",,,"[PREMIUM]"
"42d3eac1-4175-42af-a3a7-2cbaae769757","2026-04-22 23:22:27.046","2026-04-22 23:22:27.046","42d3eac1-4175-42af-a3a7-2cbaae769757","[PREMIUM]","Used",2017,"RAM","1500","Longhorn","[PREMIUM]","[PREMIUM]",90689,"Truck","Bright White Clearcoat","Black","Four-wheel Drive",,,"Gasoline",,,"dealership","[PREMIUM]","Tulsa","OK","[PREMIUM]",,"[]",,,"[PREMIUM]"
"d80becea-f10e-4824-afa2-c17921589821","2026-04-22 23:22:27.020","2026-04-22 23:22:27.020","d80becea-f10e-4824-afa2-c17921589821","[PREMIUM]","Used",2017,"Lexus","GS 350","Base","[PREMIUM]","[PREMIUM]",45908,"Sedan","Eminent White Pearl","Gs 350","All-wheel Drive",,,"Gasoline",,,"dealership","[PREMIUM]","Blair","NE","[PREMIUM]",,"[]",,,"[PREMIUM]"
"9d1619ee-132e-44e3-8b88-882f6f1f2f6b","2026-04-22 23:22:16.840","2026-04-22 23:22:16.840","9d1619ee-132e-44e3-8b88-882f6f1f2f6b","[PREMIUM]","Used",2017,"Chevrolet","Silverado 1500","LTZ","[PREMIUM]","[PREMIUM]",106227,"Truck","Black","Jet Black","Four-wheel Drive",,,"Gasoline",,,"dealership","[PREMIUM]","Tulsa","OK","[PREMIUM]",,"[]",,,"[PREMIUM]"
"355eb2be-e108-4536-8d2f-df5f84a264a5","2026-04-22 23:22:16.695","2026-04-22 23:22:16.695","355eb2be-e108-4536-8d2f-df5f84a264a5","[PREMIUM]","Used",2017,"Porsche","Macan","S","[PREMIUM]","[PREMIUM]",57102,"SUV","White","TAN","Four-wheel Drive",,,"Gasoline",,,"dealership","[PREMIUM]","Clermont","FL","[PREMIUM]",,"[]",,,"[PREMIUM]"
"3e640af7-27b9-418a-a61c-8d43137b9bbc","2026-04-22 23:22:16.691","2026-04-22 23:22:16.691","3e640af7-27b9-418a-a61c-8d43137b9bbc","[PREMIUM]","Used",2017,"Toyota","4Runner","Limited","[PREMIUM]","[PREMIUM]",111282,"SUV","White","TAN","Rear-wheel Drive",,,"Gasoline",,,"dealership","[PREMIUM]","Sterling","VA","[PREMIUM]",,"[]",,,"[PREMIUM]"
"96e9838b-824e-46ec-a96e-67910abb9508","2026-04-22 23:22:16.677","2026-04-22 23:22:16.677","96e9838b-824e-46ec-a96e-67910abb9508","[PREMIUM]","Used",2017,"Subaru","Outback","3.6R Touring","[PREMIUM]","[PREMIUM]",38030,"Wagon","White","BROWN","Four-wheel Drive",,,"Gasoline",,,"dealership","[PREMIUM]","Edison","NJ","[PREMIUM]",,"[]",,,"[PREMIUM]"
"e9368215-5f8e-47e1-adf6-c6b733762c8e","2026-04-22 23:22:16.643","2026-04-22 23:22:16.643","e9368215-5f8e-47e1-adf6-c6b733762c8e","[PREMIUM]","Used",2017,"Mercedes-Benz","Metris","Base","[PREMIUM]","[PREMIUM]",90256,"Passenger Van",,,"Rear Wheel Drive",,,"Premium Unleaded",,,"dealership","[PREMIUM]","Scottsdale","AZ","[PREMIUM]",,"[]",,,"[PREMIUM]"
"75b000d7-ca25-4267-93bb-87104b174681","2026-04-22 23:22:06.408","2026-04-22 23:22:06.408","75b000d7-ca25-4267-93bb-87104b174681","[PREMIUM]","Used",2018,"Lexus","ES 350","Base","[PREMIUM]","[PREMIUM]",83176,"Sedan","Eminent White Pearl","Noble Brown w/Linear Wood","Front-wheel Drive",,,"Gasoline",,,"dealership","[PREMIUM]","Dallas","TX","[PREMIUM]",,"[]",,,"[PREMIUM]"
"2e51af12-e9a4-4cd0-bece-95cf50f9b630","2026-04-22 23:22:06.379","2026-04-22 23:22:06.379","2e51af12-e9a4-4cd0-bece-95cf50f9b630","[PREMIUM]","Used",2018,"Dodge","Charger","R/T Scat Pack","[PREMIUM]","[PREMIUM]",70166,"Sedan","Billet Clearcoat","Black","Rear-wheel Drive",,,"Gasoline",,,"dealership","[PREMIUM]","Chandler","AZ","[PREMIUM]",,"[]",,,"[PREMIUM]"
"6ddf4320-623a-42bc-9a44-7e7e9e2133bb","2026-04-22 23:21:56.216","2026-04-22 23:21:56.216","6ddf4320-623a-42bc-9a44-7e7e9e2133bb","[PREMIUM]","Used",2018,"Chevrolet","Silverado 1500","2LT","[PREMIUM]","[PREMIUM]",122506,"Truck","Black","Jet Black","Four-wheel Drive",,,"Gasoline",,,"dealership","[PREMIUM]","Denison","TX","[PREMIUM]",,"[]",,,"[PREMIUM]"
"a72f3d10-d954-4faa-8a90-bf4c04e13bff","2026-04-22 23:21:56.196","2026-04-22 23:21:56.196","a72f3d10-d954-4faa-8a90-bf4c04e13bff","[PREMIUM]","Used",2018,"Ford","F-150","XLT","[PREMIUM]","[PREMIUM]",71012,"Truck","Oxford White","Medium Earth Gray","Four-wheel Drive",,,"Gasoline",,,"dealership","[PREMIUM]","Champaign","IL","[PREMIUM]",,"[]",,,"[PREMIUM]"
"384d536f-3808-4623-a78c-7793d2a08b50","2026-04-22 23:21:16.180","2026-04-22 23:21:16.180","384d536f-3808-4623-a78c-7793d2a08b50","[PREMIUM]","Used",2018,"GMC","Sierra 1500","Denali","[PREMIUM]","[PREMIUM]",112362,"Truck","Dark Slate Metallic","Jet Black","Four-wheel Drive",,,"Gasoline",,,"dealership","[PREMIUM]","Miami","FL","[PREMIUM]",,"[]",,,"[PREMIUM]"
"5d2704ef-3515-42db-a9d8-85bcca9601d5","2026-04-22 23:20:35.940","2026-04-22 23:20:35.940","5d2704ef-3515-42db-a9d8-85bcca9601d5","[PREMIUM]","Used",2018,"Chevrolet","Tahoe","Premier","[PREMIUM]","[PREMIUM]",108524,"SUV","Summit White","Jet Black","Four-wheel Drive",,,"Gasoline",,,"dealership","[PREMIUM]","Shakopee","MN","[PREMIUM]",,"[]",,,"[PREMIUM]"
"16535fac-58ca-4219-826d-242a2c8784fe","2026-04-22 23:19:56.126","2026-04-22 23:19:56.126","16535fac-58ca-4219-826d-242a2c8784fe","[PREMIUM]","Used",2018,"Dodge","Challenger","R/T Scat Pack","[PREMIUM]","[PREMIUM]",68490,"Coupe","Pitch Black Clearcoat","Black","Rear-wheel Drive",,,"Gasoline",,,"dealership","[PREMIUM]","Mt Pleasent","WI","[PREMIUM]",,"[]",,,"[PREMIUM]"
"c9062f1c-f5a8-4f90-822b-4a6ee4090e29","2026-04-22 23:19:55.790","2026-04-22 23:19:55.790","c9062f1c-f5a8-4f90-822b-4a6ee4090e29","[PREMIUM]","Used",2018,"Ford","F-150","XLT","[PREMIUM]","[PREMIUM]",61335,"Truck","Shadow Black","Black","Four-wheel Drive",,,"Gasoline",,,"dealership","[PREMIUM]","Nicholasville","KY","[PREMIUM]",,"[]",,,"[PREMIUM]"
"25f466d6-13d3-418f-9adf-5ce6c584c5a4","2026-04-22 23:19:55.730","2026-04-22 23:19:55.730","25f466d6-13d3-418f-9adf-5ce6c584c5a4","[PREMIUM]","Used",2018,"Ford","F-150","Lariat","[PREMIUM]","[PREMIUM]",91449,"Truck","Ruby Red Metallic Tinted Clearcoat","Black","Four-wheel Drive",,,"Diesel",,,"dealership","[PREMIUM]","Des Moines","IA","[PREMIUM]",,"[]",,,"[PREMIUM]"
"1b7fdf20-09a5-49f3-ab2e-7293e318bd05","2026-04-22 23:19:55.722","2026-04-22 23:19:55.722","1b7fdf20-09a5-49f3-ab2e-7293e318bd05","[PREMIUM]","Used",2018,"BMW","540","i","[PREMIUM]","[PREMIUM]",38253,"Sedan","Black Sapphire Metallic","Black","Rear-wheel Drive",,,"Gasoline",,,"dealership","[PREMIUM]","Beaumont","TX","[PREMIUM]",,"[]",,,"[PREMIUM]"
"c4fcfe73-15df-4d44-b5b5-f0c2adfec618","2026-04-22 23:19:35.623","2026-04-22 23:19:35.623","c4fcfe73-15df-4d44-b5b5-f0c2adfec618","[PREMIUM]","Used",2018,"Toyota","Highlander","Limited Platinum","[PREMIUM]","[PREMIUM]",68465,"SUV","White","GRAY","Four-wheel Drive",,,"Gasoline",,,"dealership","[PREMIUM]","East Meadow","NY","[PREMIUM]",,"[]",,,"[PREMIUM]"
"8007246c-502f-4af0-ada5-9a110f313945","2026-04-22 23:19:35.579","2026-04-28 23:19:46.234","8007246c-502f-4af0-ada5-9a110f313945","[PREMIUM]","Used",2018,"Mercedes-Benz","AMG C 43","4MATIC","[PREMIUM]","[PREMIUM]",116455,"Convertible","White","Black","All Wheel Drive",,,"Premium unleaded",,,"dealership","[PREMIUM]","Scottsdale","AZ","[PREMIUM]",,"[]",,,"[PREMIUM]"
"1ffa6e42-0c31-4e4e-ac53-0dc2b42effa4","2026-04-22 23:19:25.358","2026-04-22 23:19:25.358","1ffa6e42-0c31-4e4e-ac53-0dc2b42effa4","[PREMIUM]","Used",2018,"Subaru","Crosstrek","Limited","[PREMIUM]","[PREMIUM]",13029,"SUV","White","GRAY","Four-wheel Drive",,,"Gasoline",,,"dealership","[PREMIUM]","Midlothian","VA","[PREMIUM]",,"[]",,,"[PREMIUM]"
"4f942a1d-3469-48e9-9449-69614538b721","2026-04-22 23:19:25.350","2026-04-22 23:19:25.350","4f942a1d-3469-48e9-9449-69614538b721","[PREMIUM]","Used",2018,"Dodge","Challenger","R/T","[PREMIUM]","[PREMIUM]",57518,"Coupe","White","BLACK","Rear-wheel Drive",,,"Gasoline",,,"dealership","[PREMIUM]","Laurel","MD","[PREMIUM]",,"[]",,,"[PREMIUM]"
"9b668dd4-70d0-4165-be7a-38e44943ae84","2026-04-22 23:19:25.344","2026-04-22 23:19:25.344","9b668dd4-70d0-4165-be7a-38e44943ae84","[PREMIUM]","Used",2018,"Jeep","Wrangler","All-New Unlimited Sport","[PREMIUM]","[PREMIUM]",33698,"SUV","Gray","BLACK","Four-wheel Drive",,,"Gasoline",,,"dealership","[PREMIUM]","Nashville","TN","[PREMIUM]",,"[]",,,"[PREMIUM]"
"2fbd29d0-a183-4b43-9117-3713c875f15b","2026-04-22 23:19:25.343","2026-04-22 23:19:25.343","2fbd29d0-a183-4b43-9117-3713c875f15b","[PREMIUM]","Used",2018,"Mercedes-Benz","C-Class",,"[PREMIUM]","[PREMIUM]",7910,"Sedan","White","TAN","Rear-wheel Drive",,,"Gasoline",,,"dealership","[PREMIUM]","Fremont","CA","[PREMIUM]",,"[]",,,"[PREMIUM]"
"b02ddcbe-cedb-4814-b10f-176c6538286b","2026-04-22 23:19:25.342","2026-04-22 23:19:25.342","b02ddcbe-cedb-4814-b10f-176c6538286b","[PREMIUM]","Used",2018,"GMC","Sierra 1500","SLE","[PREMIUM]","[PREMIUM]",72131,"Truck","Blue","BLACK","Four-wheel Drive",,,"E85 Flex Fuel",,,"dealership","[PREMIUM]","Wilmington","NC","[PREMIUM]",,"[]",,,"[PREMIUM]"
"73b11624-0311-4eb1-bd92-11ce6a65ef50","2026-04-22 23:19:25.329","2026-04-28 23:19:56.652","73b11624-0311-4eb1-bd92-11ce6a65ef50","[PREMIUM]","Used",2018,"Lexus","NX 300","F-Sport","[PREMIUM]","[PREMIUM]",66400,"SUV","Gray","RED","Rear-wheel Drive",,,"Gasoline",,,"dealership","[PREMIUM]","Plano","TX","[PREMIUM]",,"[]",,,"[PREMIUM]"
"050a9eda-ef14-4721-be0b-b3663e8f6b45","2026-04-22 23:19:25.320","2026-04-22 23:19:25.320","050a9eda-ef14-4721-be0b-b3663e8f6b45","[PREMIUM]","Used",2018,"Lexus","IS 350",,"[PREMIUM]","[PREMIUM]",90491,"Sedan","White","BURGUNDY","Rear-wheel Drive",,,"Gasoline",,,"dealership","[PREMIUM]","Las Vegas","NV","[PREMIUM]",,"[]",,,"[PREMIUM]"
"a0635f14-d304-40ad-9dff-d039fcf1362f","2026-04-22 23:19:15.383","2026-04-22 23:19:15.383","a0635f14-d304-40ad-9dff-d039fcf1362f","[PREMIUM]","Used",2018,"Honda","Odyssey","EX-L","[PREMIUM]","[PREMIUM]",57227,,"Gray","BLACK","Rear-wheel Drive",,,"Gasoline",,,"dealership","[PREMIUM]","Roseville","CA","[PREMIUM]",,"[]",,,"[PREMIUM]"
"18c8ea1c-776c-4fed-8b6f-8dd9f49a5334","2026-04-22 23:19:15.172","2026-04-22 23:19:15.172","18c8ea1c-776c-4fed-8b6f-8dd9f49a5334","[PREMIUM]","Used",2018,"Chevrolet","Tahoe","LT","[PREMIUM]","[PREMIUM]",102344,"SUV","Black","Jet Black","Four-wheel Drive",,,"Gasoline",,,"dealership","[PREMIUM]","Christiansburg","VA","[PREMIUM]",,"[]",,,"[PREMIUM]"
"0c820352-85e5-45b0-b613-108c0d3d8b21","2026-04-22 23:19:15.026","2026-04-22 23:19:15.026","0c820352-85e5-45b0-b613-108c0d3d8b21","[PREMIUM]","Used",2018,"Ford","F-150","XLT","[PREMIUM]","[PREMIUM]",85438,"Truck","Gray","GRAY","Rear-wheel Drive",,,"Gasoline",,,"dealership","[PREMIUM]","Lithia Springs","GA","[PREMIUM]",,"[]",,,"[PREMIUM]"
"8c48994b-2f8a-4608-9639-24ee3ff65e71","2026-04-22 23:18:54.947","2026-04-22 23:18:54.947","8c48994b-2f8a-4608-9639-24ee3ff65e71","[PREMIUM]","Used",2019,"RAM","1500","Big Horn","[PREMIUM]","[PREMIUM]",83146,"Truck","Delmonico Red Pearlcoat","Diesel Gray/Black","Four-wheel Drive",,,"Gasoline",,,"dealership","[PREMIUM]","Dallas","TX","[PREMIUM]",,"[]",,,"[PREMIUM]"
"b7689f13-62ca-4e59-83e2-3156b34b5bdd","2026-04-22 23:18:24.946","2026-04-22 23:18:24.946","b7689f13-62ca-4e59-83e2-3156b34b5bdd","[PREMIUM]","Used",2019,"Dodge","Durango","R/T","[PREMIUM]","[PREMIUM]",79189,"SUV","White Knuckle Clearcoat","Black","Rear-wheel Drive",,,"Gasoline",,,"dealership","[PREMIUM]","Cerritos","CA","[PREMIUM]",,"[]",,,"[PREMIUM]"
"16c127c8-7772-4890-96b6-773f652f492f","2026-04-22 23:18:04.823","2026-04-22 23:18:04.823","16c127c8-7772-4890-96b6-773f652f492f","[PREMIUM]","Used",2019,"RAM","1500","Big Horn","[PREMIUM]","[PREMIUM]",51633,"Truck","Diamond Black Crystal Pearlcoat","Diesel Gray/Black","Four-wheel Drive",,,"Gasoline",,,"dealership","[PREMIUM]","Fredericksburg","VA","[PREMIUM]",,"[]",,,"[PREMIUM]"
"a30a5c5d-4c17-4bf4-8fad-6d83da445913","2026-04-22 23:18:04.699","2026-04-22 23:18:04.699","a30a5c5d-4c17-4bf4-8fad-6d83da445913","[PREMIUM]","Used",2019,"Ford","F-150","XLT","[PREMIUM]","[PREMIUM]",64425,"Truck","Ingot Silver Metallic","Gray","Four-wheel Drive",,,"Gasoline",,,"dealership","[PREMIUM]","Lima","OH","[PREMIUM]",,"[]",,,"[PREMIUM]"
"aafa38e0-64bd-434a-a29e-7836c35f715a","2026-04-22 23:18:04.685","2026-04-22 23:18:04.685","aafa38e0-64bd-434a-a29e-7836c35f715a","[PREMIUM]","Used",2019,"Lexus","RX 350","Base","[PREMIUM]","[PREMIUM]",119527,"SUV","Atomic Silver","Black","All-wheel Drive",,,"Gasoline",,,"dealership","[PREMIUM]","Scottsdale","AZ","[PREMIUM]",,"[]",,,"[PREMIUM]"
"af0f8479-8aba-4124-80fa-cfbfa06a2d48","2026-04-22 23:17:54.858","2026-04-22 23:17:54.858","af0f8479-8aba-4124-80fa-cfbfa06a2d48","[PREMIUM]","Used",2019,"Toyota","Highlander","XLE","[PREMIUM]","[PREMIUM]",64334,"SUV","Blizzard Pearl","Ash","Front-wheel Drive",,,"Gasoline",,,"dealership","[PREMIUM]","Gilbert","AZ","[PREMIUM]",,"[]",,,"[PREMIUM]"
"2c00f70a-a84c-437a-98f7-c44ce80de5b3","2026-04-22 23:17:34.392","2026-04-22 23:17:34.392","2c00f70a-a84c-437a-98f7-c44ce80de5b3","[PREMIUM]","Used",2019,"RAM","1500","Rebel","[PREMIUM]","[PREMIUM]",76875,"Truck","Diamond Black","Black","Four-wheel Drive",,,"Gasoline",,,"dealership","[PREMIUM]","Sterling Heights","MI","[PREMIUM]",,"[]",,,"[PREMIUM]"
"9dd6945e-343b-41a9-8c7d-ef793ae16757","2026-04-22 23:17:24.353","2026-04-22 23:17:24.353","9dd6945e-343b-41a9-8c7d-ef793ae16757","[PREMIUM]","Used",2019,"Ford","F-150","XLT","[PREMIUM]","[PREMIUM]",84786,"Truck","Agate Black Metallic","Black","Four-wheel Drive",,,"Gasoline",,,"dealership","[PREMIUM]","Wareham","MA","[PREMIUM]",,"[]",,,"[PREMIUM]"
"20a1afa1-dda5-4a0e-a4c8-630ba987bcd8","2026-04-22 23:16:44.258","2026-04-22 23:16:44.258","20a1afa1-dda5-4a0e-a4c8-630ba987bcd8","[PREMIUM]","Used",2019,"Lexus","ES 350","Base","[PREMIUM]","[PREMIUM]",77565,"Sedan","Caviar","Black w/Linear Espresso Wood","Front-wheel Drive",,,"Gasoline",,,"dealership","[PREMIUM]","Crown Point","IN","[PREMIUM]",,"[]",,,"[PREMIUM]"
"e56592c6-f5a4-4b99-865e-0578ab2413a9","2026-04-22 23:16:34.204","2026-05-01 23:17:39.142","e56592c6-f5a4-4b99-865e-0578ab2413a9","[PREMIUM]","Used",2019,"Toyota","RAV4 Hybrid","SE","[PREMIUM]","[PREMIUM]",46584,"SUV","Blizzard Pearl w/Black Roof","Black","All-wheel Drive",,,"Hybrid",,,"dealership","[PREMIUM]","Charleston","SC","[PREMIUM]",,"[]",,,"[PREMIUM]"
"53b08fd5-9b15-4aa1-a40e-8cc15359115b","2026-04-22 23:16:34.183","2026-04-22 23:16:34.183","53b08fd5-9b15-4aa1-a40e-8cc15359115b","[PREMIUM]","Used",2019,"RAM","1500","Big Horn","[PREMIUM]","[PREMIUM]",53866,"Truck","Bright White Clearcoat","Black","Four-wheel Drive",,,"Gasoline",,,"dealership","[PREMIUM]","Cranberry Township","PA","[PREMIUM]",,"[]",,,"[PREMIUM]"
"4d791dc4-beba-49c1-b6a3-849544ece374","2026-04-22 23:16:34.082","2026-04-22 23:16:34.082","4d791dc4-beba-49c1-b6a3-849544ece374","[PREMIUM]","Used",2019,"Jeep","Grand Cherokee","Overland","[PREMIUM]","[PREMIUM]",66713,"SUV","Diamond Black","Black","4WD",,,"Gasoline",,,"dealership","[PREMIUM]","Grand Rapids","MI","[PREMIUM]",,"[]",,,"[PREMIUM]"
"2ee781ad-e45c-497f-8a9b-c9478948522b","2026-04-22 23:16:23.954","2026-04-28 23:16:51.315","2ee781ad-e45c-497f-8a9b-c9478948522b","[PREMIUM]","Used",2019,"Honda","Odyssey","Elite","[PREMIUM]","[PREMIUM]",107209,"Passenger Van","Black","Mocha","Front-wheel Drive",,,"Gasoline",,,"dealership","[PREMIUM]","Wichita","KS","[PREMIUM]",,"[]",,,"[PREMIUM]"
"7cb34c6e-9c56-4633-ab4c-d850206e1fee","2026-04-22 23:16:23.952","2026-04-22 23:16:23.952","7cb34c6e-9c56-4633-ab4c-d850206e1fee","[PREMIUM]","Used",2019,"Chevrolet","Silverado 1500","RST","[PREMIUM]","[PREMIUM]",87199,"Truck","Summit White","Jet Black","Four-wheel Drive",,,"Gasoline",,,"dealership","[PREMIUM]","New Castle","DE","[PREMIUM]",,"[]",,,"[PREMIUM]"
"b6c9aac5-1f8a-4733-9a2a-f2f1060a4bae","2026-04-22 23:15:34.060","2026-04-22 23:15:34.060","b6c9aac5-1f8a-4733-9a2a-f2f1060a4bae","[PREMIUM]","Used",2019,"Toyota","Tacoma","TRD Off Road","[PREMIUM]","[PREMIUM]",66545,"Truck","Blue","GRAY","Rear-wheel Drive",,,"Gasoline",,,"dealership","[PREMIUM]","Sanford","FL","[PREMIUM]",,"[]",,,"[PREMIUM]"
"c77c9005-03b4-4c5f-b53b-70557cd1b3e6","2026-04-22 23:15:33.707","2026-04-22 23:15:33.707","c77c9005-03b4-4c5f-b53b-70557cd1b3e6","[PREMIUM]","Used",2019,"Audi","Q7","Prestige","[PREMIUM]","[PREMIUM]",56189,"SUV","Black","BLACK","4WD",,,"Gas",,,"dealership","[PREMIUM]","Milwaukie","OR","[PREMIUM]",,"[]",,,"[PREMIUM]"
"6cd27b2f-a77f-4a78-9367-d3318d1114a2","2026-04-22 23:15:33.675","2026-04-22 23:15:33.675","6cd27b2f-a77f-4a78-9367-d3318d1114a2","[PREMIUM]","Used",2019,"Jaguar","XF","25t Prestige","[PREMIUM]","[PREMIUM]",6585,"Sedan","White","BLACK","2WD",,,"Gas",,,"dealership","[PREMIUM]","Bakersfield","CA","[PREMIUM]",,"[]",,,"[PREMIUM]"
"075dec38-3d58-491c-9539-e7fa62773a2c","2026-04-22 23:15:33.621","2026-04-22 23:15:33.621","075dec38-3d58-491c-9539-e7fa62773a2c","[PREMIUM]","Used",2019,"Toyota","Highlander","LE","[PREMIUM]","[PREMIUM]",55359,"SUV","Gray","GRAY","Four-wheel Drive",,,"Gasoline",,,"dealership","[PREMIUM]","Mechanicsburg","PA","[PREMIUM]",,"[]",,,"[PREMIUM]"
"14c59088-0f2a-43da-a8eb-56947991af4a","2026-04-22 23:15:33.611","2026-05-01 23:16:27.571","14c59088-0f2a-43da-a8eb-56947991af4a","[PREMIUM]","Used",2019,"Lexus","NX 300h",,"[PREMIUM]","[PREMIUM]",78758,"SUV","White","RED","Four-wheel Drive",,,"Hybrid",,,"dealership","[PREMIUM]","Spokane Valley","WA","[PREMIUM]",,"[]",,,"[PREMIUM]"
"8ca37892-3b3f-4364-a489-a4b67fab6070","2026-04-22 23:15:33.608","2026-04-22 23:15:33.608","8ca37892-3b3f-4364-a489-a4b67fab6070","[PREMIUM]","Used",2019,"Volvo","S60","T6 Inscription","[PREMIUM]","[PREMIUM]",33469,"Sedan","Gray","BROWN","Four-wheel Drive",,,"Gasoline",,,"dealership","[PREMIUM]","Cincinnati","OH","[PREMIUM]",,"[]",,,"[PREMIUM]"
"947614db-ac72-4eea-a63d-de3631ad7028","2026-04-22 23:15:33.604","2026-04-22 23:15:33.604","947614db-ac72-4eea-a63d-de3631ad7028","[PREMIUM]","Used",2019,"Tesla","Model 3","Long Range","[PREMIUM]","[PREMIUM]",39743,"Sedan","White","BLACK","Four-wheel Drive",,,"Electric",,,"dealership","[PREMIUM]","San Jose","CA","[PREMIUM]",,"[]",,,"[PREMIUM]"
"7a9f8f96-f038-493c-a040-761ee8a15dfe","2026-04-22 23:15:33.596","2026-04-22 23:15:33.596","7a9f8f96-f038-493c-a040-761ee8a15dfe","[PREMIUM]","Used",2019,"Chevrolet","Tahoe","Premier","[PREMIUM]","[PREMIUM]",138995,"SUV","Black","Jet Black","4WD",,,"Gasoline",,,"dealership","[PREMIUM]","Summerville","SC","[PREMIUM]",,"[]",,,"[PREMIUM]"
"60579baf-4f71-4cac-b038-ef63768b0fb6","2026-04-22 23:14:33.288","2026-04-22 23:14:33.288","60579baf-4f71-4cac-b038-ef63768b0fb6","[PREMIUM]","Used",2020,"Jeep","Wrangler Unlimited","Sahara","[PREMIUM]","[PREMIUM]",58652,"SUV","Black Clearcoat","Black","Four-wheel Drive",,,"Gasoline",,,"dealership","[PREMIUM]","Elmsford","NY","[PREMIUM]",,"[]",,,"[PREMIUM]"
"b0cba4d8-663c-4518-81d9-b25508982bb0","2026-04-22 23:14:33.288","2026-04-22 23:14:33.288","b0cba4d8-663c-4518-81d9-b25508982bb0","[PREMIUM]","Used",2020,"Chevrolet","Silverado 1500","LT","[PREMIUM]","[PREMIUM]",95215,"Truck","Shadow Gray Metallic","Jet Black","Four-wheel Drive",,,"Gasoline",,,"dealership","[PREMIUM]","Owasso","OK","[PREMIUM]",,"[]",,,"[PREMIUM]"
"2229a39b-c621-49d8-8534-6958c3861ac1","2026-04-22 23:14:33.279","2026-04-22 23:14:33.279","2229a39b-c621-49d8-8534-6958c3861ac1","[PREMIUM]","Used",2020,"Toyota","RAV4","XLE","[PREMIUM]","[PREMIUM]",33819,"SUV","Silver Sky Metallic","Light Gray","All-wheel Drive",,,"Gasoline",,,"dealership","[PREMIUM]","Danvers","MA","[PREMIUM]",,"[]",,,"[PREMIUM]"
"ebed6fd0-ee23-45c0-8010-0be12f0535cb","2026-04-22 23:14:33.263","2026-04-22 23:14:33.263","ebed6fd0-ee23-45c0-8010-0be12f0535cb","[PREMIUM]","Used",2020,"Honda","Pilot","EX-L","[PREMIUM]","[PREMIUM]",43351,"SUV","Blue","Gray","All-wheel Drive",,,"Gasoline",,,"dealership","[PREMIUM]","Countryside","IL","[PREMIUM]",,"[]",,,"[PREMIUM]"
"73fb34fe-7718-4d76-a28c-319e3abb6bb2","2026-04-22 23:14:33.251","2026-04-22 23:14:33.251","73fb34fe-7718-4d76-a28c-319e3abb6bb2","[PREMIUM]","Used",2020,"Acura","RDX","A-Spec","[PREMIUM]","[PREMIUM]",51117,"SUV","Black","BLACK","Rear-wheel Drive",,,"Gasoline",,,"dealership","[PREMIUM]","Houston","TX","[PREMIUM]",,"[]",,,"[PREMIUM]"
"4760035a-8927-4261-8ea4-0a6b7627b2bf","2026-04-22 23:14:33.243","2026-05-01 23:15:14.313","4760035a-8927-4261-8ea4-0a6b7627b2bf","[PREMIUM]","Used",2020,"Toyota","4Runner","SR5 Premium","[PREMIUM]","[PREMIUM]",110662,"SUV","Super White","Black/Graphite","Four-wheel Drive",,,"Gasoline",,,"dealership","[PREMIUM]","Center Line","MI","[PREMIUM]",,"[]",,,"[PREMIUM]"
"84af3174-c334-48e0-af7f-0135425ba58b","2026-04-22 23:14:23.231","2026-04-22 23:14:23.231","84af3174-c334-48e0-af7f-0135425ba58b","[PREMIUM]","Used",2020,"Jeep","Wrangler Unlimited","Rubicon","[PREMIUM]","[PREMIUM]",98226,"SUV","Sarge Green Clearcoat","Black","Four-wheel Drive",,,"Gasoline",,,"dealership","[PREMIUM]","Palm Coast","FL","[PREMIUM]",,"[]",,,"[PREMIUM]"
"56f32eaf-62a1-4b9a-984b-3ad39f176b3a","2026-04-22 23:14:23.139","2026-04-22 23:14:23.139","56f32eaf-62a1-4b9a-984b-3ad39f176b3a","[PREMIUM]","Used",2020,"GMC","Sierra 1500","FLEET/BASE","[PREMIUM]","[PREMIUM]",106227,"Truck","Summit White","Jet Black","Four-wheel Drive",,,"Gasoline",,,"dealership","[PREMIUM]","Ellensburg","WA","[PREMIUM]",,"[]",,,"[PREMIUM]"
"8957bf2b-88a8-4611-ba8f-e8e5de0074ca","2026-04-22 23:14:23.046","2026-05-01 23:15:04.080","8957bf2b-88a8-4611-ba8f-e8e5de0074ca","[PREMIUM]","Used",2020,"Ford","Ranger","XLT","[PREMIUM]","[PREMIUM]",67779,"Truck","Iconic Silver Metallic","Ebony","Rear-wheel Drive",,,"Gasoline",,,"dealership","[PREMIUM]","Decatur","TX","[PREMIUM]",,"[]",,,"[PREMIUM]"
"8dbced52-650b-4fa6-9096-f5ad228ead13","2026-04-22 23:14:23.003","2026-04-22 23:14:23.003","8dbced52-650b-4fa6-9096-f5ad228ead13","[PREMIUM]","Used",2020,"Honda","CR-V Hybrid","EX-L","[PREMIUM]","[PREMIUM]",78197,"SUV","Lunar Silver Metallic","Gray","All-wheel Drive",,,"Hybrid",,,"dealership","[PREMIUM]","Alpharetta","GA","[PREMIUM]",,"[]",,,"[PREMIUM]"
"b0fd0645-fa2d-46ec-94c9-9f123a89532e","2026-04-22 23:14:22.983","2026-04-22 23:14:22.983","b0fd0645-fa2d-46ec-94c9-9f123a89532e","[PREMIUM]","Used",2020,"Chevrolet","Traverse","RS","[PREMIUM]","[PREMIUM]",46588,"SUV","Summit White","Jet Black","All-wheel Drive",,,"Gasoline",,,"dealership","[PREMIUM]","Vadnais Heights","MN","[PREMIUM]",,"[]",,,"[PREMIUM]"
"48a47453-2c56-495b-ac15-2e7308e80e5b","2026-04-22 23:14:22.952","2026-04-22 23:14:22.952","48a47453-2c56-495b-ac15-2e7308e80e5b","[PREMIUM]","Used",2020,"Acura","TLX","V6 w/Technology Package","[PREMIUM]","[PREMIUM]",46213,"Sedan","Lunar Silver Metallic","Ebony","Front-wheel Drive",,,"Gasoline",,,"dealership","[PREMIUM]","Danbury","CT","[PREMIUM]",,"[]",,,"[PREMIUM]"
"4924edf0-5ba4-4fc5-ba25-47ced1a66fc9","2026-04-22 23:14:22.949","2026-04-22 23:14:22.949","4924edf0-5ba4-4fc5-ba25-47ced1a66fc9","[PREMIUM]","Used",2020,"RAM","1500","Big Horn/Lone Star","[PREMIUM]","[PREMIUM]",89725,"Truck","Billet Silver Metallic Clearcoat","Black","Four-wheel Drive",,,"Gasoline",,,"dealership","[PREMIUM]","Scottsdale","AZ","[PREMIUM]",,"[]",,,"[PREMIUM]"
"011404f6-07e7-446d-8b85-b16bc88a22ed","2026-04-22 23:14:22.946","2026-04-22 23:14:22.946","011404f6-07e7-446d-8b85-b16bc88a22ed","[PREMIUM]","Used",2020,"Jeep","Wrangler Unlimited","Sahara","[PREMIUM]","[PREMIUM]",34291,"SUV","Granite Crystal Metallic Clearcoat","Black","Four-wheel Drive",,,"Gasoline",,,"dealership","[PREMIUM]","Marietta","GA","[PREMIUM]",,"[]",,,"[PREMIUM]"
"bd558dfe-5f75-4569-bc58-5c7533ee2426","2026-04-22 23:14:22.930","2026-04-22 23:14:22.930","bd558dfe-5f75-4569-bc58-5c7533ee2426","[PREMIUM]","Used",2020,"Ford","F-250","XL","[PREMIUM]","[PREMIUM]",126642,"Truck","Magnetic Metallic","Medium Earth Gray","Four-wheel Drive",,,"Gasoline",,,"dealership","[PREMIUM]","Carrollton","TX","[PREMIUM]",,"[]",,,"[PREMIUM]"
"06b90b78-cf92-4ffb-b435-f6d7e783d758","2026-04-22 23:14:22.911","2026-04-22 23:14:22.911","06b90b78-cf92-4ffb-b435-f6d7e783d758","[PREMIUM]","Used",2020,"RAM","1500","Laramie","[PREMIUM]","[PREMIUM]",87450,"Truck",,,"4WD",,,"Gasoline",,,"dealership","[PREMIUM]","Blue Springs","MO","[PREMIUM]",,"[]",,,"[PREMIUM]"
"9e10d6f3-b7f9-4a7d-9186-0d152f5405b9","2026-04-22 23:14:22.908","2026-04-28 23:14:55.020","9e10d6f3-b7f9-4a7d-9186-0d152f5405b9","[PREMIUM]","Used",2020,"GMC","Sierra 1500","SLT","[PREMIUM]","[PREMIUM]",129703,"Truck","Summit White","Jet Black","Four-wheel Drive",,,"Diesel",,,"dealership","[PREMIUM]","Easley","SC","[PREMIUM]",,"[]",,,"[PREMIUM]"
"7b9dbb3f-5184-48d3-ba28-886db2d3492c","2026-04-22 23:14:22.892","2026-04-22 23:14:22.892","7b9dbb3f-5184-48d3-ba28-886db2d3492c","[PREMIUM]","Used",2020,"Ford","Utility Police Interceptor","Base","[PREMIUM]","[PREMIUM]",52787,"SUV","Black","Black","All-wheel Drive",,,"Gasoline",,,"dealership","[PREMIUM]","Chicago","IL","[PREMIUM]",,"[]",,,"[PREMIUM]"
"04b869b9-d7a3-4fde-98ef-003882a8b4c5","2026-04-22 23:14:12.399","2026-04-22 23:14:12.399","04b869b9-d7a3-4fde-98ef-003882a8b4c5","[PREMIUM]","Used",2020,"Toyota","Avalon","XLE","[PREMIUM]","[PREMIUM]",49903,"Sedan","Pearl","Beige","Front-wheel Drive",,,"Gasoline",,,"dealership","[PREMIUM]","Paris","KY","[PREMIUM]",,"[]",,,"[PREMIUM]"
"4fc8fd1e-8984-498e-b728-fbd8ab74df37","2026-04-22 23:14:12.270","2026-04-22 23:14:12.270","4fc8fd1e-8984-498e-b728-fbd8ab74df37","[PREMIUM]","Used",2020,"Honda","Pilot","Touring","[PREMIUM]","[PREMIUM]",96613,"SUV","Blue","GRAY","Four-wheel Drive",,,"Gasoline",,,"dealership","[PREMIUM]","Midlothian","VA","[PREMIUM]",,"[]",,,"[PREMIUM]"
"88fcbd26-f30b-43c7-8251-823435b3008d","2026-04-22 23:14:12.264","2026-04-22 23:14:12.264","88fcbd26-f30b-43c7-8251-823435b3008d","[PREMIUM]","Used",2020,"Toyota","RAV4","Limited","[PREMIUM]","[PREMIUM]",91313,"SUV","Silver Sky Metallic","Light Gray","All-wheel Drive",,,"Gasoline",,,"dealership","[PREMIUM]","Tappahannock","VA","[PREMIUM]",,"[]",,,"[PREMIUM]"
"52d3255f-27b7-49e3-a015-ba7204b22679","2026-04-22 23:14:12.262","2026-04-22 23:14:12.262","52d3255f-27b7-49e3-a015-ba7204b22679","[PREMIUM]","Used",2020,"Lexus","NX 300",,"[PREMIUM]","[PREMIUM]",51182,"SUV","White","RED","2WD",,,"Gas",,,"dealership","[PREMIUM]","Gilbert","AZ","[PREMIUM]",,"[]",,,"[PREMIUM]"
"9c8e5ecf-aa7f-4863-9c0c-a98d31d67ad2","2026-04-22 23:14:12.225","2026-04-22 23:14:12.225","9c8e5ecf-aa7f-4863-9c0c-a98d31d67ad2","[PREMIUM]","Used",2020,"Honda","Odyssey",,"[PREMIUM]","[PREMIUM]",81330,"Minivan","Lunar Silver Metallic","Mocha",,,,,,,"dealership","[PREMIUM]","Middletown","NY","[PREMIUM]",,"[]",,,"[PREMIUM]"
"8fe6521b-e750-4014-88ea-31980e08b405","2026-04-22 23:13:42.073","2026-04-22 23:13:42.073","8fe6521b-e750-4014-88ea-31980e08b405","[PREMIUM]","Used",2020,"BMW","X5","sDrive40i","[PREMIUM]","[PREMIUM]",48900,"SUV","Black","BLACK","Rear-wheel Drive",,,"Gasoline",,,"dealership","[PREMIUM]","Henderson","NV","[PREMIUM]",,"[]",,,"[PREMIUM]"
"f471cd16-776a-4a6b-a319-cfef67dcd46f","2026-04-22 23:13:41.996","2026-04-28 23:14:04.803","f471cd16-776a-4a6b-a319-cfef67dcd46f","[PREMIUM]","Used",2020,"Cadillac","XT6","Premium Luxury FWD","[PREMIUM]","[PREMIUM]",46888,"SUV","Red Horizon Tintcoat","Cirrus w/Dark Titanium Accents","Front-wheel Drive",,,"Gasoline",,,"dealership","[PREMIUM]","Austin","TX","[PREMIUM]",,"[]",,,"[PREMIUM]"
"48a9e7f2-9da5-4c6e-b131-162aff2552db","2026-04-22 23:13:41.987","2026-04-22 23:13:41.987","48a9e7f2-9da5-4c6e-b131-162aff2552db","[PREMIUM]","Used",2020,"Subaru","WRX","Premium","[PREMIUM]","[PREMIUM]",41023,"Sedan","Red","BLACK","Four-wheel Drive",,,"Gasoline",,,"dealership","[PREMIUM]","Mechanicsburg","PA","[PREMIUM]",,"[]",,,"[PREMIUM]"
"10f18b2c-f624-4171-9d9d-7e5cf69746cb","2026-04-22 23:13:22.030","2026-04-22 23:13:22.030","10f18b2c-f624-4171-9d9d-7e5cf69746cb","[PREMIUM]","Used",2020,"Subaru","Outback","Premium","[PREMIUM]","[PREMIUM]",22274,"Wagon","Blue","BLACK","Four-wheel Drive",,,"Gasoline",,,"dealership","[PREMIUM]","Puyallup","WA","[PREMIUM]",,"[]",,,"[PREMIUM]"
"67b2383d-5041-4a5a-83ff-659bf93e80a8","2026-04-22 23:13:21.726","2026-04-22 23:13:21.726","67b2383d-5041-4a5a-83ff-659bf93e80a8","[PREMIUM]","Used",2020,"Cadillac","CT5","Premium Luxury","[PREMIUM]","[PREMIUM]",30833,"Sedan","White","TAN","Rear-wheel Drive",,,"Gasoline",,,"dealership","[PREMIUM]","Jacksonville","FL","[PREMIUM]",,"[]",,,"[PREMIUM]"
"dce7f0b3-969e-42ed-93de-08c0a794d736","2026-04-22 23:13:21.714","2026-04-22 23:13:21.714","dce7f0b3-969e-42ed-93de-08c0a794d736","[PREMIUM]","Used",2020,"Hyundai","PALISADE","Limited","[PREMIUM]","[PREMIUM]",49037,"SUV","Black","TAN","Four-wheel Drive",,,"Gasoline",,,"dealership","[PREMIUM]","Jensen Beach","FL","[PREMIUM]",,"[]",,,"[PREMIUM]"
"2877630d-b955-4b1a-bf73-a30d185aed79","2026-04-22 23:13:21.706","2026-04-22 23:13:21.706","2877630d-b955-4b1a-bf73-a30d185aed79","[PREMIUM]","Used",2020,"Volvo","XC90","T5 Momentum","[PREMIUM]","[PREMIUM]",44043,"SUV","Black","BLACK","Four-wheel Drive",,,"Gasoline",,,"dealership","[PREMIUM]","Houston","TX","[PREMIUM]",,"[]",,,"[PREMIUM]"
"53ef1e5d-3fe4-497d-a575-dda928042d64","2026-04-22 23:13:21.706","2026-04-22 23:13:21.706","53ef1e5d-3fe4-497d-a575-dda928042d64","[PREMIUM]","Used",2020,"Subaru","Outback","Touring XT","[PREMIUM]","[PREMIUM]",40475,"Wagon","Green","BROWN","Four-wheel Drive",,,"Gasoline",,,"dealership","[PREMIUM]","Kenosha","WI","[PREMIUM]",,"[]",,,"[PREMIUM]"
"743fe43c-572e-499e-9381-4e6d0047277d","2026-04-22 23:13:21.689","2026-04-22 23:13:21.689","743fe43c-572e-499e-9381-4e6d0047277d","[PREMIUM]","Used",2020,"Honda","Accord","Sport","[PREMIUM]","[PREMIUM]",33448,"Sedan","Gray","BLACK","Rear-wheel Drive",,,"Gasoline",,,"dealership","[PREMIUM]","Wilmington","NC","[PREMIUM]",,"[]",,,"[PREMIUM]"
"f2e4ba59-9988-4185-8692-4c38f2f08b5e","2026-04-22 23:13:11.432","2026-04-22 23:13:11.432","f2e4ba59-9988-4185-8692-4c38f2f08b5e","[PREMIUM]","Used",2020,"Honda","Accord","Sport","[PREMIUM]","[PREMIUM]",56846,"Sedan","Black","BLACK","Rear-wheel Drive",,,"Gasoline",,,"dealership","[PREMIUM]","Kenner","LA","[PREMIUM]",,"[]",,,"[PREMIUM]"
"cadb9817-0759-483e-9dc7-1d38853bec2f","2026-04-22 23:13:11.422","2026-04-22 23:13:11.422","cadb9817-0759-483e-9dc7-1d38853bec2f","[PREMIUM]","Used",2020,"Chevrolet","Traverse","LT Cloth","[PREMIUM]","[PREMIUM]",22250,"SUV","Purple","BLACK","Four-wheel Drive",,,"Gasoline",,,"dealership","[PREMIUM]","East Meadow","NY","[PREMIUM]",,"[]",,,"[PREMIUM]"
"3d9ea1e3-b547-450a-b8bf-75e5137527ce","2026-04-22 23:13:11.419","2026-04-22 23:13:11.419","3d9ea1e3-b547-450a-b8bf-75e5137527ce","[PREMIUM]","Used",2020,"Cadillac","XT6","Premium Luxury","[PREMIUM]","[PREMIUM]",34587,"SUV","Silver","BLACK","Rear-wheel Drive",,,"Gasoline",,,"dealership","[PREMIUM]","Tyler","TX","[PREMIUM]",,"[]",,,"[PREMIUM]"
"cf5fd5fa-840a-48c7-8888-c2b42e68c0ea","2026-04-22 23:13:11.412","2026-04-22 23:13:11.412","cf5fd5fa-840a-48c7-8888-c2b42e68c0ea","[PREMIUM]","Used",2020,"Mazda","MX-5 Miata RF","Grand Touring","[PREMIUM]","[PREMIUM]",13169,"Convertible","Red","Black","Rear-wheel Drive",,,"Gasoline",,,"private","[PREMIUM]",,,"[PREMIUM]",,"[]",,,"[PREMIUM]"
"2cb8b30e-8cf4-40b7-8454-8b64c6e5b444","2026-04-22 23:13:11.392","2026-04-22 23:13:11.392","2cb8b30e-8cf4-40b7-8454-8b64c6e5b444","[PREMIUM]","Used",2020,"FIAT","124 Spider","Abarth","[PREMIUM]","[PREMIUM]",33963,"Convertible","Red","RED","Rear-wheel Drive",,,"Gasoline",,,"dealership","[PREMIUM]","Houston","TX","[PREMIUM]",,"[]",,,"[PREMIUM]"
"3473a71c-06a5-43b0-b2e8-a86e4c65dc1d","2026-04-22 23:13:11.390","2026-04-22 23:13:11.390","3473a71c-06a5-43b0-b2e8-a86e4c65dc1d","[PREMIUM]","Used",2020,"Lexus","IS 300",,"[PREMIUM]","[PREMIUM]",46368,"Sedan","Black","BROWN","Rear-wheel Drive",,,"Gasoline",,,"dealership","[PREMIUM]","Fort Myers","FL","[PREMIUM]",,"[]",,,"[PREMIUM]"
"8e941644-7106-4b04-bfe7-dca414ed8708","2026-04-22 23:12:31.245","2026-04-22 23:12:31.245","8e941644-7106-4b04-bfe7-dca414ed8708","[PREMIUM]","Used",2021,"Chevrolet","Traverse","Premier","[PREMIUM]","[PREMIUM]",50402,"SUV","Iridescent Pearl Tricoat","Jet Black","All-wheel Drive",,,"Gasoline",,,"dealership","[PREMIUM]","Delray Beach","FL","[PREMIUM]",,"[]",,,"[PREMIUM]"
"c6490329-17d3-43a9-81ae-b62ef8dca476","2026-04-22 23:11:51.093","2026-04-22 23:11:51.093","c6490329-17d3-43a9-81ae-b62ef8dca476","[PREMIUM]","Used",2021,"GMC","Sierra 2500","Base","[PREMIUM]","[PREMIUM]",147919,"Truck","Summit White","Jet Black","Four-wheel Drive",,,"Gasoline",,,"dealership","[PREMIUM]","Louisville","KY","[PREMIUM]",,"[]",,,"[PREMIUM]"
"ac47970b-381b-4722-93d1-e0d3a31d1c23","2026-04-22 23:11:21.005","2026-04-22 23:11:21.005","ac47970b-381b-4722-93d1-e0d3a31d1c23","[PREMIUM]","Used",2021,"Jeep","Wrangler Unlimited","Sport","[PREMIUM]","[PREMIUM]",56264,"SUV","Black Clearcoat","Black","Four-wheel Drive",,,"Gasoline",,,"dealership","[PREMIUM]","Coral Springs","FL","[PREMIUM]",,"[]",,,"[PREMIUM]"
"b136c596-324c-4d86-bba3-4255a8082076","2026-04-22 23:10:40.914","2026-04-22 23:10:40.914","b136c596-324c-4d86-bba3-4255a8082076","[PREMIUM]","Used",2021,"Jeep","Grand Cherokee","Limited","[PREMIUM]","[PREMIUM]",44462,"SUV","Bright White Clearcoat","Black","Rear-wheel Drive",,,"Gasoline",,,"dealership","[PREMIUM]","Baton Rouge","LA","[PREMIUM]",,"[]",,,"[PREMIUM]"
"b9269d5d-e0a7-4e13-81bf-5d9b22212602","2026-04-22 23:10:40.809","2026-04-22 23:10:40.809","b9269d5d-e0a7-4e13-81bf-5d9b22212602","[PREMIUM]","Used",2021,"Ford","Ranger","XLT","[PREMIUM]","[PREMIUM]",89544,"Truck","Race Red","Ebony","Four-wheel Drive",,,"Gasoline",,,"dealership","[PREMIUM]","Delta","CO","[PREMIUM]",,"[]",,,"[PREMIUM]"
"53f96260-b5a1-4cf9-b3b9-7e1a6dd1d212","2026-04-22 23:10:40.806","2026-04-22 23:10:40.806","53f96260-b5a1-4cf9-b3b9-7e1a6dd1d212","[PREMIUM]","Used",2021,"Jeep","Wrangler Unlimited","Sport Altitude","[PREMIUM]","[PREMIUM]",43810,"SUV","Baja Yellow Clearcoat","Black","Four-wheel Drive",,,"Gasoline",,,"dealership","[PREMIUM]","Westbury","NY","[PREMIUM]",,"[]",,,"[PREMIUM]"
"c4173fa5-6003-4bd6-807e-f28e96e143e6","2026-04-22 23:10:40.781","2026-04-22 23:10:40.781","c4173fa5-6003-4bd6-807e-f28e96e143e6","[PREMIUM]","Used",2021,"Honda","Pilot","EX-L","[PREMIUM]","[PREMIUM]",74203,"SUV","Blue","Gray","All-wheel Drive",,,"Gasoline",,,"dealership","[PREMIUM]","Fort Myers","FL","[PREMIUM]",,"[]",,,"[PREMIUM]"
"a09e6af0-c21a-40c6-88d8-8c11bb28b9e5","2026-04-22 23:10:30.768","2026-04-22 23:10:30.768","a09e6af0-c21a-40c6-88d8-8c11bb28b9e5","[PREMIUM]","Used",2021,"BMW","X5","xDrive40i Sports Activity Vehicle","[PREMIUM]","[PREMIUM]",61134,,"Arctic Gray Metallic",,"All-wheel Drive",,,"Hybrid",,,"dealership","[PREMIUM]","Bronx","NY","[PREMIUM]",,"[]",,,"[PREMIUM]"
"1359d2b2-095c-4a72-897e-4f5e5f3675d9","2026-04-22 23:10:30.680","2026-04-22 23:10:30.680","1359d2b2-095c-4a72-897e-4f5e5f3675d9","[PREMIUM]","Used",2021,"Ford","Explorer","Platinum","[PREMIUM]","[PREMIUM]",82288,"SUV","Gray Metallic","Light Sandstone","Four-wheel Drive",,,"Gasoline",,,"dealership","[PREMIUM]","Okemos","MI","[PREMIUM]",,"[]",,,"[PREMIUM]"
"3258b1f4-e3db-439c-aa87-1b7e227649c0","2026-04-22 23:10:00.636","2026-04-22 23:10:00.636","3258b1f4-e3db-439c-aa87-1b7e227649c0","[PREMIUM]","Used",2021,"Honda","Pilot","Elite","[PREMIUM]","[PREMIUM]",76984,"SUV","White","Beige","All-wheel Drive",,,"Gasoline",,,"dealership","[PREMIUM]","Maplewood","MN","[PREMIUM]",,"[]",,,"[PREMIUM]"
"562b2269-20e8-4d23-8cb9-d45364d4b584","2026-04-22 23:10:00.529","2026-04-22 23:10:00.529","562b2269-20e8-4d23-8cb9-d45364d4b584","[PREMIUM]","Used",2021,"Jeep","Wrangler Unlimited 4xe","Sahara High Altitude","[PREMIUM]","[PREMIUM]",49033,"SUV","Billet Silver Metallic Clearcoat","Black","Four-wheel Drive",,,"Gasoline",,,"dealership","[PREMIUM]","Watertown","SD","[PREMIUM]",,"[]",,,"[PREMIUM]"
"ad8f6ea5-653a-428e-8c4e-2d0c3ac47750","2026-04-22 23:10:00.505","2026-04-22 23:10:00.505","ad8f6ea5-653a-428e-8c4e-2d0c3ac47750","[PREMIUM]","Used",2021,"Jeep","Wrangler Unlimited","Sport","[PREMIUM]","[PREMIUM]",62333,"SUV","Snazzberry Pearlcoat","Black","Four-wheel Drive",,,"Gasoline",,,"dealership","[PREMIUM]","Streetsboro","OH","[PREMIUM]",,"[]",,,"[PREMIUM]"
"f1eeecea-4df7-4ecc-82e4-748e5ce2406e","2026-04-22 23:10:00.485","2026-04-22 23:10:00.485","f1eeecea-4df7-4ecc-82e4-748e5ce2406e","[PREMIUM]","Used",2021,"BMW","530e","Base","[PREMIUM]","[PREMIUM]",54520,"Sedan","Bernina Grey Amber Effect Metallic","Black","Rear-wheel Drive",,,"Gasoline",,,"dealership","[PREMIUM]","Cerritos","CA","[PREMIUM]",,"[]",,,"[PREMIUM]"
"0a331f95-650d-41db-afff-084147539b00","2026-04-22 23:09:40.265","2026-04-22 23:09:40.265","0a331f95-650d-41db-afff-084147539b00","[PREMIUM]","Used",2021,"RAM","1500 Classic","Warlock Quad Cab 4x4 6&#39;4&#39; Box","[PREMIUM]","[PREMIUM]",71569,"Truck","Maximum Steel Metallic Clearcoat","Black","Four-wheel Drive",,,"Gasoline",,,"dealership","[PREMIUM]","Sanford","NC","[PREMIUM]",,"[]",,,"[PREMIUM]"
"eb1a791f-f6ad-4655-88d7-1e04a4235aa1","2026-04-22 23:09:40.255","2026-04-22 23:09:40.255","eb1a791f-f6ad-4655-88d7-1e04a4235aa1","[PREMIUM]","Used",2021,"BMW","530e","530e xDrive","[PREMIUM]","[PREMIUM]",55725,"Sedan","Carbon Black Metallic","Cognac","All-wheel Drive",,,"Hybrid",,,"dealership","[PREMIUM]","Tigard","OR","[PREMIUM]",,"[]",,,"[PREMIUM]"
"0ae8e5d1-6eb6-4b91-8c29-fa53982f5de1","2026-04-22 23:09:40.243","2026-04-22 23:09:40.243","0ae8e5d1-6eb6-4b91-8c29-fa53982f5de1","[PREMIUM]","Used",2021,"Honda","Ridgeline","RTL-E","[PREMIUM]","[PREMIUM]",57399,"Truck","Obsidian Blue Pearl","Gray","All-wheel Drive",,,"Gasoline",,,"dealership","[PREMIUM]","Highland Park","IL","[PREMIUM]",,"[]",,,"[PREMIUM]"
"60507651-a184-45b8-8e74-725a6310e5ba","2026-04-22 23:09:40.238","2026-04-22 23:09:40.238","60507651-a184-45b8-8e74-725a6310e5ba","[PREMIUM]","Used",2021,"Acura","RDX","Base","[PREMIUM]","[PREMIUM]",47955,"SUV","Gray","Ebony","Front-wheel Drive",,,"Gasoline",,,"dealership","[PREMIUM]","Huntsville","AL","[PREMIUM]",,"[]",,,"[PREMIUM]"
"2adab77a-0d2e-48bb-b5f6-0efbdb88d13f","2026-04-22 23:09:40.214","2026-04-22 23:09:40.214","2adab77a-0d2e-48bb-b5f6-0efbdb88d13f","[PREMIUM]","Used",2021,"Subaru","Forester","Premium","[PREMIUM]","[PREMIUM]",44591,"SUV","Crystal White Pearl","Gray","All-wheel Drive",,,"Gasoline",,,"dealership","[PREMIUM]","Bridgeport","WV","[PREMIUM]",,"[]",,,"[PREMIUM]"
"7be43205-c806-485f-9479-6617fa95d791","2026-04-22 23:09:30.016","2026-04-22 23:09:30.016","7be43205-c806-485f-9479-6617fa95d791","[PREMIUM]","Used",2021,"Chevrolet","Silverado 1500","Custom","[PREMIUM]","[PREMIUM]",67674,"Truck","Silver","Black","Rear-wheel Drive",,,"Gasoline",,,"dealership","[PREMIUM]","Dallas","TX","[PREMIUM]",,"[]",,,"[PREMIUM]"
"3b1596c2-142f-4702-a8a7-818ee886e917","2026-04-22 23:09:29.999","2026-04-22 23:09:29.999","3b1596c2-142f-4702-a8a7-818ee886e917","[PREMIUM]","Used",2021,"Buick","Encore GX","Essence","[PREMIUM]","[PREMIUM]",24835,"SUV","Dark Moon Blue Metallic","Ebony with Ebony interior accents","All-wheel Drive",,,"Gasoline",,,"dealership","[PREMIUM]","Fargo","ND","[PREMIUM]",,"[]",,,"[PREMIUM]"
"8c690bf6-e933-4930-8b53-e1927196ac2e","2026-04-22 23:09:29.999","2026-04-22 23:09:29.999","8c690bf6-e933-4930-8b53-e1927196ac2e","[PREMIUM]","Used",2021,"Toyota","Camry Hybrid","XLE","[PREMIUM]","[PREMIUM]",69478,"Sedan","Wind Chill Pearl","Ash","Front-wheel Drive",,,"Hybrid",,,"dealership","[PREMIUM]","Flagstaff","AZ","[PREMIUM]",,"[]",,,"[PREMIUM]"
"c8d18f7b-7b00-44e3-8fa6-ddc7fee12f6d","2026-04-22 23:09:29.973","2026-04-22 23:09:29.973","c8d18f7b-7b00-44e3-8fa6-ddc7fee12f6d","[PREMIUM]","Used",2021,"Cadillac","XT6","Premium Luxury FWD","[PREMIUM]","[PREMIUM]",59587,"SUV","Garnet Metallic","Cirrus w/Dark Titanium Accents","Front-wheel Drive",,,"Gasoline",,,"dealership","[PREMIUM]","CLEARWATER","FL","[PREMIUM]",,"[]",,,"[PREMIUM]"
"676b04b6-8e35-4815-bb4d-4432fc4e3817","2026-04-22 23:09:29.964","2026-04-22 23:09:29.964","676b04b6-8e35-4815-bb4d-4432fc4e3817","[PREMIUM]","Used",2021,"Lexus","NX 300","Base","[PREMIUM]","[PREMIUM]",67816,"SUV","Eminent White Pearl","Black","Front-wheel Drive",,,"Gasoline",,,"dealership","[PREMIUM]","Plainfield","IN","[PREMIUM]",,"[]",,,"[PREMIUM]"
"6eb182dd-71ef-47c3-8d66-968aef28ccb5","2026-04-22 23:09:29.961","2026-04-22 23:09:29.961","6eb182dd-71ef-47c3-8d66-968aef28ccb5","[PREMIUM]","Used",2021,"Mazda","CX-9","Grand Touring","[PREMIUM]","[PREMIUM]",42058,"SUV","Snowflake White Pearl","Black","Front-wheel Drive",,,"Gasoline",,,"dealership","[PREMIUM]","San Jose","CA","[PREMIUM]",,"[]",,,"[PREMIUM]"
"b5125940-e344-4253-947a-10883579512d","2026-04-22 23:09:19.810","2026-04-22 23:09:19.810","b5125940-e344-4253-947a-10883579512d","[PREMIUM]","Used",2021,"Honda","Accord Hybrid","Touring","[PREMIUM]","[PREMIUM]",65500,"Sedan","White","Black","Front-wheel Drive",,,"Hybrid",,,"dealership","[PREMIUM]","Dallas","TX","[PREMIUM]",,"[]",,,"[PREMIUM]"
"411da2a3-1dcf-4724-92c9-8b54ea728c4f","2026-04-22 23:09:19.677","2026-04-22 23:09:19.677","411da2a3-1dcf-4724-92c9-8b54ea728c4f","[PREMIUM]","Used",2021,"Toyota","Tacoma","TRD Off Road","[PREMIUM]","[PREMIUM]",77927,"Truck","Super White","Cement","Rear-wheel Drive",,,"Gasoline",,,"dealership","[PREMIUM]","Peoria","AZ","[PREMIUM]",,"[]",,,"[PREMIUM]"
"5973cdee-df8e-428b-8cef-6535b95e4f4f","2026-04-22 23:09:09.504","2026-04-22 23:09:09.504","5973cdee-df8e-428b-8cef-6535b95e4f4f","[PREMIUM]","Used",2021,"Mercedes-Benz","E-Class",,"[PREMIUM]","[PREMIUM]",58452,"Sedan","Pearl","TAN","Rear-wheel Drive",,,"Gasoline",,,"dealership","[PREMIUM]","Irvine","CA","[PREMIUM]",,"[]",,,"[PREMIUM]"
"18675785-b32b-456c-8ae2-67d3c4605471","2026-04-22 23:09:09.498","2026-04-22 23:09:09.498","18675785-b32b-456c-8ae2-67d3c4605471","[PREMIUM]","Used",2021,"Acura","RDX",,"[PREMIUM]","[PREMIUM]",64368,"SUV","Platinum White Pearl","Red",,,,,,,"dealership","[PREMIUM]","Lafayette","LA","[PREMIUM]",,"[]",,,"[PREMIUM]"
"65ea183e-e76d-43fd-bd62-a594c02f7384","2026-04-22 23:08:59.413","2026-04-22 23:08:59.413","65ea183e-e76d-43fd-bd62-a594c02f7384","[PREMIUM]","Used",2021,"Chevrolet","Traverse","LT Cloth","[PREMIUM]","[PREMIUM]",54110,"SUV","Black","BLACK","Four-wheel Drive",,,"Gasoline",,,"dealership","[PREMIUM]","Smithtown","NY","[PREMIUM]",,"[]",,,"[PREMIUM]"
"77dc8093-83d8-4a08-956c-444b40c8f7c9","2026-04-22 23:08:59.327","2026-04-22 23:08:59.327","77dc8093-83d8-4a08-956c-444b40c8f7c9","[PREMIUM]","Used",2021,"Chevrolet","Colorado","Work Truck","[PREMIUM]","[PREMIUM]",42291,"Truck","Black","GRAY","Rear-wheel Drive",,,"Gasoline",,,"dealership","[PREMIUM]","Norcross","GA","[PREMIUM]",,"[]",,,"[PREMIUM]"
"0d5a5ae0-8be0-4ff9-8192-6462f485e714","2026-04-22 23:08:59.307","2026-04-22 23:08:59.307","0d5a5ae0-8be0-4ff9-8192-6462f485e714","[PREMIUM]","Used",2021,"Maserati","Levante","S GranSport","[PREMIUM]","[PREMIUM]",30322,"SUV","Grigio Metallic","Beige","All-wheel Drive",,,"Gasoline",,,"dealership","[PREMIUM]","Lincolnwood","IL","[PREMIUM]",,"[]",,,"[PREMIUM]"
"6bb898ce-627a-45de-b8b3-d7fe1932e65a","2026-04-22 23:08:29.045","2026-04-22 23:08:29.045","6bb898ce-627a-45de-b8b3-d7fe1932e65a","[PREMIUM]","Used",2021,"Chevrolet","Colorado","Z71","[PREMIUM]","[PREMIUM]",77844,"Truck","Bright Blue Metallic","Jet Black","Four-wheel Drive",,,"Gasoline",,,"dealership","[PREMIUM]","Baton Rouge","LA","[PREMIUM]",,"[]",,,"[PREMIUM]"
"d36ef1ae-6018-44e7-b9c0-c4723690e738","2026-04-22 23:08:29.045","2026-04-22 23:08:29.045","d36ef1ae-6018-44e7-b9c0-c4723690e738","[PREMIUM]","Used",2021,"Nissan","Titan","SV","[PREMIUM]","[PREMIUM]",50210,"Truck","Red","BLACK","Rear-wheel Drive",,,"Gasoline",,,"dealership","[PREMIUM]","Stockbridge","GA","[PREMIUM]",,"[]",,,"[PREMIUM]"
"b865dfd2-a0a8-4231-a455-5a70541ef1b7","2026-04-22 23:08:29.032","2026-04-22 23:08:29.032","b865dfd2-a0a8-4231-a455-5a70541ef1b7","[PREMIUM]","Used",2021,"Subaru","Outback","Limited XT","[PREMIUM]","[PREMIUM]",32745,"SUV","Autumn Green Metallic","Slate Black",,,,,,,"dealership","[PREMIUM]","Daytona Beach","FL","[PREMIUM]",,"[]",,,"[PREMIUM]"
"19a97d86-7fff-4578-8bb2-4b3dd91ffdf1","2026-04-22 23:08:18.952","2026-04-22 23:08:18.952","19a97d86-7fff-4578-8bb2-4b3dd91ffdf1","[PREMIUM]","Used",2021,"Chevrolet","Camaro","LT","[PREMIUM]","[PREMIUM]",55960,"Coupe","Silver","BLACK","2WD",,,"Gas",,,"dealership","[PREMIUM]","Columbia","SC","[PREMIUM]",,"[]",,,"[PREMIUM]"
"64e47aa9-2494-49c2-8eb9-5f22dd97f228","2026-04-22 23:08:18.947","2026-04-22 23:08:18.947","64e47aa9-2494-49c2-8eb9-5f22dd97f228","[PREMIUM]","Used",2021,"Nissan","Maxima","Platinum","[PREMIUM]","[PREMIUM]",17622,"Sedan","Black","BLACK","Rear-wheel Drive",,,"Gasoline",,,"dealership","[PREMIUM]","Norco","CA","[PREMIUM]",,"[]",,,"[PREMIUM]"
"478c7f17-40a9-49f7-b0c0-92634a4fc942","2026-04-22 23:08:18.942","2026-04-22 23:08:18.942","478c7f17-40a9-49f7-b0c0-92634a4fc942","[PREMIUM]","Used",2021,"Chevrolet","Colorado","Work Truck","[PREMIUM]","[PREMIUM]",35957,"Truck","White","BLACK","Rear-wheel Drive",,,"Gasoline",,,"dealership","[PREMIUM]","Torrance","CA","[PREMIUM]",,"[]",,,"[PREMIUM]"
"2e0611fd-1471-45e8-9930-7e7c5419a2c6","2026-04-22 23:08:18.929","2026-04-22 23:08:18.929","2e0611fd-1471-45e8-9930-7e7c5419a2c6","[PREMIUM]","Used",2021,"Jeep","Wrangler","Unlimited Sahara Altitude","[PREMIUM]","[PREMIUM]",73131,"SUV","Black","BLACK","Four-wheel Drive",,,"Gasoline",,,"dealership","[PREMIUM]","Fort Worth","TX","[PREMIUM]",,"[]",,,"[PREMIUM]"
"04907d54-0ea4-4de0-945f-f9b3802294b8","2026-04-22 23:08:18.925","2026-04-22 23:08:18.925","04907d54-0ea4-4de0-945f-f9b3802294b8","[PREMIUM]","Used",2021,"Honda","Pilot","Special Edition","[PREMIUM]","[PREMIUM]",61765,"SUV","Blue","GRAY","Four-wheel Drive",,,"Gasoline",,,"dealership","[PREMIUM]","Modesto","CA","[PREMIUM]",,"[]",,,"[PREMIUM]"
"39b94038-32bc-4939-87a7-35532d5dd9c1","2026-04-22 23:08:18.881","2026-04-22 23:08:18.881","39b94038-32bc-4939-87a7-35532d5dd9c1","[PREMIUM]","Used",2021,"Ford","Ranger","XLT","[PREMIUM]","[PREMIUM]",40240,"Truck","Gray","BLACK","Four-wheel Drive",,,"Gasoline",,,"dealership","[PREMIUM]","Sterling","VA","[PREMIUM]",,"[]",,,"[PREMIUM]"
"28786ca0-3113-4220-8fb5-85ee39732d16","2026-04-22 23:08:18.873","2026-04-22 23:08:18.873","28786ca0-3113-4220-8fb5-85ee39732d16","[PREMIUM]","Used",2021,"Jeep","Gladiator","Sport","[PREMIUM]","[PREMIUM]",44420,"Truck","Black","BLACK","Four-wheel Drive",,,"Gasoline",,,"dealership","[PREMIUM]","Virginia Beach","VA","[PREMIUM]",,"[]",,,"[PREMIUM]"
"67dfa908-31f0-4bce-b245-d4eec0f1f5e1","2026-04-22 23:07:48.544","2026-04-22 23:07:48.544","67dfa908-31f0-4bce-b245-d4eec0f1f5e1","[PREMIUM]","Used",2022,"BMW","X3","sDrive30i","[PREMIUM]","[PREMIUM]",54041,"SUV","Tanzanite Blue II Metallic","Cognac","Rear-wheel Drive",,,"Gasoline",,,"dealership","[PREMIUM]","Snellville","GA","[PREMIUM]",,"[]",,,"[PREMIUM]"
"a4e15059-a411-461d-b39c-71c0d9831953","2026-04-22 23:07:38.752","2026-04-22 23:07:38.752","a4e15059-a411-461d-b39c-71c0d9831953","[PREMIUM]","Used",2022,"Jeep","Grand Cherokee 4xe","Base","[PREMIUM]","[PREMIUM]",43380,"SUV","Midnight Sky","Global Black","Four-wheel Drive",,,"Gasoline",,,"dealership","[PREMIUM]","Fenton","MO","[PREMIUM]",,"[]",,,"[PREMIUM]"
"a2d2d1a3-f1f9-4649-88fe-675595ae614f","2026-04-22 23:07:38.501","2026-04-22 23:07:38.501","a2d2d1a3-f1f9-4649-88fe-675595ae614f","[PREMIUM]","Used",2022,"Ford","Explorer","Timberline","[PREMIUM]","[PREMIUM]",55571,"SUV","Black Metallic","Deep Cypress","Four-wheel Drive",,,"Gasoline",,,"dealership","[PREMIUM]","Plainfield","IN","[PREMIUM]",,"[]",,,"[PREMIUM]"
"430ae412-f58e-477f-b35e-3867067641ac","2026-04-22 23:07:38.491","2026-04-22 23:07:38.491","430ae412-f58e-477f-b35e-3867067641ac","[PREMIUM]","Used",2022,"Jeep","Grand Cherokee 4xe","Summit","[PREMIUM]","[PREMIUM]",45532,"SUV","Bright White Clearcoat","Global Black","Four-wheel Drive",,,"Gasoline",,,"dealership","[PREMIUM]","Columbia","MO","[PREMIUM]",,"[]",,,"[PREMIUM]"
"5f47125e-7a2f-41a3-ac04-03b12602ca7b","2026-04-22 23:07:38.474","2026-04-22 23:07:38.474","5f47125e-7a2f-41a3-ac04-03b12602ca7b","[PREMIUM]","Used",2022,"Polestar","2","Long Range Dual Motor","[PREMIUM]","[PREMIUM]",29056,"Hatchback","Void","Barley","All-wheel Drive",,,"Electric",,,"dealership","[PREMIUM]","Round Rock","TX","[PREMIUM]",,"[]",,,"[PREMIUM]"
"a24cff2e-f213-48f2-9ea2-6d958b9d3c29","2026-04-22 23:07:38.458","2026-04-22 23:07:38.458","a24cff2e-f213-48f2-9ea2-6d958b9d3c29","[PREMIUM]","Used",2022,"Hyundai","TUCSON Hybrid","Limited","[PREMIUM]","[PREMIUM]",36921,"SUV","Shimmering Silver","Gray","All-wheel Drive",,,"Hybrid",,,"dealership","[PREMIUM]","Highlands Ranch","CO","[PREMIUM]",,"[]",,,"[PREMIUM]"
"fb1272d1-b262-428b-b7e3-8120c49c8f48","2026-04-22 23:07:38.452","2026-04-22 23:07:38.452","fb1272d1-b262-428b-b7e3-8120c49c8f48","[PREMIUM]","Used",2022,"Land Rover","Range Rover Evoque","R-Dynamic S","[PREMIUM]","[PREMIUM]",58395,"SUV","Portofino Blue Metallic",,"All-wheel Drive",,,"Gasoline",,,"dealership","[PREMIUM]","Dayton","OH","[PREMIUM]",,"[]",,,"[PREMIUM]"
"9deefa9b-e7a4-4aeb-b587-5060b5c9a998","2026-04-22 23:07:38.447","2026-04-22 23:07:38.447","9deefa9b-e7a4-4aeb-b587-5060b5c9a998","[PREMIUM]","Used",2022,"Jeep","Wrangler","Willys","[PREMIUM]","[PREMIUM]",44196,"SUV","Silver Zynith Clearcoat","Black","Four-wheel Drive",,,"Gasoline",,,"dealership","[PREMIUM]","Arlington Heights","IL","[PREMIUM]",,"[]",,,"[PREMIUM]"
"5d29df1e-39b2-4de8-bfac-63d90f6d93dd","2026-04-22 23:07:38.438","2026-04-22 23:07:38.438","5d29df1e-39b2-4de8-bfac-63d90f6d93dd","[PREMIUM]","Used",2022,"Nissan","Frontier","SV","[PREMIUM]","[PREMIUM]",65527,"Truck","Red Alert","Charcoal","Four-wheel Drive",,,"Gasoline",,,"dealership","[PREMIUM]","Alexandria","VA","[PREMIUM]",,"[]",,,"[PREMIUM]"
"0d0b7afc-1b43-4815-bc36-fcc22e718ec5","2026-04-22 23:07:38.436","2026-04-22 23:07:38.436","0d0b7afc-1b43-4815-bc36-fcc22e718ec5","[PREMIUM]","Used",2022,"RAM","1500 Classic","Tradesman","[PREMIUM]","[PREMIUM]",19504,"Truck","Bright White Clearcoat","Black","Four-wheel Drive",,,"Gasoline",,,"dealership","[PREMIUM]","Granger","IN","[PREMIUM]",,"[]",,,"[PREMIUM]"
"f43383a4-e083-49d5-bad1-ee7ca6e8c7fc","2026-04-22 23:07:38.426","2026-04-22 23:07:38.426","f43383a4-e083-49d5-bad1-ee7ca6e8c7fc","[PREMIUM]","Used",2022,"Subaru","Ascent","Premium 8-Passenger","[PREMIUM]","[PREMIUM]",39366,"SUV","Abyss Blue Pearl","Warm Ivory","All-wheel Drive",,,"Gasoline",,,"dealership","[PREMIUM]","Waterbury","CT","[PREMIUM]",,"[]",,,"[PREMIUM]"
"2019a6fa-7f63-4e58-af18-19d4fe6b656b","2026-04-22 23:07:38.367","2026-04-22 23:07:38.367","2019a6fa-7f63-4e58-af18-19d4fe6b656b","[PREMIUM]","Used",2022,"GMC","Sierra 2500","Pro","[PREMIUM]","[PREMIUM]",64248,"Truck","Summit White","Jet Black","Rear-wheel Drive",,,"Gasoline",,,"dealership","[PREMIUM]","Plainfield","IN","[PREMIUM]",,"[]",,,"[PREMIUM]"
"b0601545-52b4-40d4-a751-14b5a2c17b3a","2026-04-22 23:07:28.309","2026-04-22 23:07:28.309","b0601545-52b4-40d4-a751-14b5a2c17b3a","[PREMIUM]","Used",2022,"Volkswagen","Atlas Cross Sport","2.0T SEL","[PREMIUM]","[PREMIUM]",70361,"SUV","Pure Gray","Titan Black","All-wheel Drive",,,"Gasoline",,,"dealership","[PREMIUM]","Ocala","FL","[PREMIUM]",,"[]",,,"[PREMIUM]"
"78c411a8-4c60-40f9-aebd-7029255a6ea3","2026-04-22 23:07:28.287","2026-04-22 23:07:28.287","78c411a8-4c60-40f9-aebd-7029255a6ea3","[PREMIUM]","Used",2022,"Hyundai","PALISADE","SEL","[PREMIUM]","[PREMIUM]",66123,"SUV","Abyss Black Pearl","Black","All-wheel Drive",,,"Gasoline",,,"dealership","[PREMIUM]","St. Cloud","MN","[PREMIUM]",,"[]",,,"[PREMIUM]"
"3efa2163-a7ba-404e-a733-4d95398c3c92","2026-04-22 23:07:28.240","2026-04-22 23:07:28.240","3efa2163-a7ba-404e-a733-4d95398c3c92","[PREMIUM]","Used",2022,"Jeep","Wrangler","Unlimited Willys Sport","[PREMIUM]","[PREMIUM]",32162,"SUV","Black","BLACK","Four-wheel Drive",,,"Gasoline",,,"dealership","[PREMIUM]","Palmdale","CA","[PREMIUM]",,"[]",,,"[PREMIUM]"
"873e6a21-c329-4a99-acff-58d0782855c6","2026-04-22 23:07:28.122","2026-04-22 23:07:28.122","873e6a21-c329-4a99-acff-58d0782855c6","[PREMIUM]","Used",2022,"RAM","1500","Big Horn","[PREMIUM]","[PREMIUM]",45784,"Truck","Crystal Metallic","Black","Rear-wheel Drive",,,"Gasoline",,,"dealership","[PREMIUM]","Los Angeles","CA","[PREMIUM]",,"[]",,,"[PREMIUM]"
"c4fb8576-8541-4428-9d53-a467492cab40","2026-04-22 23:07:28.113","2026-04-22 23:07:28.113","c4fb8576-8541-4428-9d53-a467492cab40","[PREMIUM]","Used",2022,"Ford","F-150","XL","[PREMIUM]","[PREMIUM]",72059,"Truck","OXFORD WHITE","BLACK SPORT CLOTH40/CON/40","Rear-wheel Drive",,,"Gasoline",,,"dealership","[PREMIUM]","Orlando","FL","[PREMIUM]",,"[]",,,"[PREMIUM]"
"507aa5b1-6d9f-4399-a1b4-d6f9a8967543","2026-04-22 23:07:28.081","2026-04-22 23:07:28.081","507aa5b1-6d9f-4399-a1b4-d6f9a8967543","[PREMIUM]","Used",2022,"Jeep","Grand Cherokee 4xe","Summit","[PREMIUM]","[PREMIUM]",65085,"SUV","Baltic Gray Metallic Clearcoat","Global Black","Four-wheel Drive",,,"Gasoline",,,"dealership","[PREMIUM]","Littleton","CO","[PREMIUM]",,"[]",,,"[PREMIUM]"
"b0e913a2-ae6c-4f66-bc8f-ca610ad69f79","2026-04-22 23:07:28.057","2026-04-22 23:07:28.057","b0e913a2-ae6c-4f66-bc8f-ca610ad69f79","[PREMIUM]","Used",2022,"Chevrolet","Blazer","RS","[PREMIUM]","[PREMIUM]",93619,"SUV","Iridescent Pearl Tricoat","Jet Black","All-wheel Drive",,,"Gasoline",,,"dealership","[PREMIUM]","Charlotte","NC","[PREMIUM]",,"[]",,,"[PREMIUM]"
"c6a47f5e-aff6-4753-9383-d342a0309966","2026-04-22 23:07:28.034","2026-04-22 23:07:28.034","c6a47f5e-aff6-4753-9383-d342a0309966","[PREMIUM]","Used",2022,"Lincoln","Nautilus","Reserve","[PREMIUM]","[PREMIUM]",79452,"SUV","Pearl Metallic","Sandstone","Front-wheel Drive",,,"Gasoline",,,"dealership","[PREMIUM]","Montgomery","AL","[PREMIUM]",,"[]",,,"[PREMIUM]"
"966494a7-845f-4e43-9f40-cd182da5b050","2026-04-22 23:07:28.033","2026-04-22 23:07:28.033","966494a7-845f-4e43-9f40-cd182da5b050","[PREMIUM]","Used",2022,"Subaru","Ascent","Touring 7-Passenger","[PREMIUM]","[PREMIUM]",53176,"SUV","Magnetite Gray Metallic","Java Brown","All-wheel Drive",,,"Gasoline",,,"dealership","[PREMIUM]","Champaign","IL","[PREMIUM]",,"[]",,,"[PREMIUM]"
"b7ae87d1-4d74-4e2a-9163-798615f70f16","2026-04-22 23:07:28.030","2026-04-22 23:07:28.030","b7ae87d1-4d74-4e2a-9163-798615f70f16","[PREMIUM]","Used",2022,"Chrysler","300","Touring L","[PREMIUM]","[PREMIUM]",623440,"Sedan","Gloss Black","Black","Rear-wheel Drive",,,"Gasoline",,,"dealership","[PREMIUM]","Dallas","TX","[PREMIUM]",,"[]",,,"[PREMIUM]"
"c2534923-d5f1-4028-94ca-530e3d1bd58f","2026-04-22 23:07:28.023","2026-04-22 23:07:28.023","c2534923-d5f1-4028-94ca-530e3d1bd58f","[PREMIUM]","Used",2022,"Kia","Sorento","SX","[PREMIUM]","[PREMIUM]",110675,"SUV","Gravity Grey","Black","All-wheel Drive",,,"Gasoline",,,"dealership","[PREMIUM]","Knoxville","TN","[PREMIUM]",,"[]",,,"[PREMIUM]"
"7cc98505-d4cf-4ace-848c-fa208a672cd8","2026-04-22 23:07:28.021","2026-04-22 23:07:28.021","7cc98505-d4cf-4ace-848c-fa208a672cd8","[PREMIUM]","Used",2022,"Kia","Sorento","SX Prestige","[PREMIUM]","[PREMIUM]",57158,"SUV","Wolf Gray","Black","All-wheel Drive",,,"Gasoline",,,"dealership","[PREMIUM]","Tulsa","OK","[PREMIUM]",,"[]",,,"[PREMIUM]"
"682b07c0-0328-4c76-8319-16e5bd62130f","2026-04-22 23:07:28.017","2026-05-01 23:08:03.704","682b07c0-0328-4c76-8319-16e5bd62130f","[PREMIUM]","Used",2022,"Subaru","Crosstrek","Limited","[PREMIUM]","[PREMIUM]",26794,"SUV","Magnetite Gray Metallic","Gray","All-wheel Drive",,,"Gasoline",,,"dealership","[PREMIUM]","Aurora","CO","[PREMIUM]",,"[]",,,"[PREMIUM]"
"a95f9716-c2d2-4473-8959-3945ea425254","2026-04-22 23:07:28.017","2026-04-22 23:07:28.017","a95f9716-c2d2-4473-8959-3945ea425254","[PREMIUM]","Used",2022,"Toyota","Camry","SE","[PREMIUM]","[PREMIUM]",38442,"Sedan","Predawn Gray Mica","Ash","Front-wheel Drive",,,"Gasoline",,,"dealership","[PREMIUM]","Springfield","MO","[PREMIUM]",,"[]",,,"[PREMIUM]"
"9f6c3c64-abd8-4b3e-8367-9650cdf3d908","2026-04-22 23:07:28.009","2026-04-22 23:07:28.009","9f6c3c64-abd8-4b3e-8367-9650cdf3d908","[PREMIUM]","Used",2022,"Lincoln","Corsair","Standard","[PREMIUM]","[PREMIUM]",37363,"SUV","Blue Metallic","Ebony","Front-wheel Drive",,,"Gasoline",,,"dealership","[PREMIUM]","Abilene","TX","[PREMIUM]",,"[]",,,"[PREMIUM]"
"ed373e62-9811-4261-8ba8-648fb1da4e12","2026-04-22 23:07:28.002","2026-04-22 23:07:28.002","ed373e62-9811-4261-8ba8-648fb1da4e12","[PREMIUM]","Used",2022,"Ford","F-150","XL","[PREMIUM]","[PREMIUM]",80681,"Truck","OXFORD WHITE","BLACK SPORT CLOTH40/CON/40","Rear-wheel Drive",,,"Gasoline",,,"dealership","[PREMIUM]","Orlando","FL","[PREMIUM]",,"[]",,,"[PREMIUM]"
"9b2465f5-a2ef-4c01-b812-c407b45d5f55","2026-04-22 23:07:27.992","2026-04-22 23:07:27.992","9b2465f5-a2ef-4c01-b812-c407b45d5f55","[PREMIUM]","Used",2022,"Jeep","Wrangler","Sport S","[PREMIUM]","[PREMIUM]",69326,"SUV","Sting-Gray Clearcoat","Black","Four-wheel Drive",,,"Gasoline",,,"dealership","[PREMIUM]","Raynham","MA","[PREMIUM]",,"[]",,,"[PREMIUM]"
