"_primaryKey","_firstSeenAt","_lastSeenAt","listingId","vin","stockType","year","make","model","trim","price","msrp","mileage","bodyStyle","exteriorColor","interiorColor","drivetrain","transmission","engine","fuelType","mpg","stockNumber","sellerType","sellerName","sellerCity","sellerState","images","imagesCount","options","optionsCount","description","listingUrl"
"d1225d05-1e64-43d5-b453-eb5b0ffb4446","2026-05-28 23:59:49.183","2026-05-28 23:59:49.183","d1225d05-1e64-43d5-b453-eb5b0ffb4446","[PREMIUM]","Used",2017,"Chevrolet","Corvette","Stingray Z51","[PREMIUM]","[PREMIUM]",17635,"Coupe","Arctic White","Jet Black","Rear-wheel Drive",,,"Gasoline",,,"dealership","[PREMIUM]","Glassboro","NJ","[PREMIUM]",,"[]",,,"[PREMIUM]"
"d790625b-5b4f-4d55-b8b8-204af3dfa5e0","2026-05-28 23:59:47.271","2026-05-28 23:59:47.271","d790625b-5b4f-4d55-b8b8-204af3dfa5e0","[PREMIUM]","Used",2017,"Mercedes-Benz","G-Class","G 550","[PREMIUM]","[PREMIUM]",82822,"SUV","Black","Black","All-wheel Drive",,,"Gasoline",,,"dealership","[PREMIUM]","Columbus","OH","[PREMIUM]",,"[]",,,"[PREMIUM]"
"02fef898-4e20-47ac-8b78-ff2d21ab884d","2026-05-28 23:59:47.242","2026-05-28 23:59:47.242","02fef898-4e20-47ac-8b78-ff2d21ab884d","[PREMIUM]","Used",2018,"Porsche","718 Cayman",,"[PREMIUM]","[PREMIUM]",20363,"Coupe","Rhodium Silver Metallic","Standard Interior in Black i.c.w. Leather Sport Seats Plus",,,,"Gasoline",,,"dealership","[PREMIUM]","Parsippany","NJ","[PREMIUM]",,"[]",,,"[PREMIUM]"
"c94e23c8-9671-4e77-a305-825991241a39","2026-05-28 23:57:02.928","2026-05-28 23:57:02.928","c94e23c8-9671-4e77-a305-825991241a39","[PREMIUM]","New",2020,"GMC","Sierra 1500","SLT","[PREMIUM]","[PREMIUM]",11,"Truck","Dark Sky Metallic","Jet Black","Four-wheel Drive",,,"Gasoline",,,"dealership","[PREMIUM]","Norwood","MA","[PREMIUM]",,"[]",,,"[PREMIUM]"
"467355fd-6924-44f8-8aab-6db6a1303114","2026-05-28 23:57:02.689","2026-05-28 23:57:02.689","467355fd-6924-44f8-8aab-6db6a1303114","[PREMIUM]","Used",2020,"Chevrolet","Suburban","Premier","[PREMIUM]","[PREMIUM]",27357,"SUV","Black","BLACK","Four-wheel Drive",,,"Gasoline",,,"dealership","[PREMIUM]","Wayne","NJ","[PREMIUM]",,"[]",,,"[PREMIUM]"
"a6ac2f1d-0ed3-4584-be53-fd89d67c5a67","2026-05-28 23:57:02.572","2026-05-28 23:57:02.572","a6ac2f1d-0ed3-4584-be53-fd89d67c5a67","[PREMIUM]","New",2020,"GMC","Sierra 1500","SLT","[PREMIUM]","[PREMIUM]",11,"Truck","Dark Sky Metallic",,"Four-wheel Drive",,,"Gasoline",,,"dealership","[PREMIUM]","Norwood","MA","[PREMIUM]",,"[]",,,"[PREMIUM]"
"93a70e0d-ed90-4475-bebd-d488f021ad06","2026-05-28 23:56:39.127","2026-05-28 23:56:39.127","93a70e0d-ed90-4475-bebd-d488f021ad06","[PREMIUM]","Used",2021,"Cadillac","Escalade","Premium Luxury","[PREMIUM]","[PREMIUM]",71550,"SUV","Black Raven","Jet Black","Rear-wheel Drive",,,"Gasoline",,,"dealership","[PREMIUM]","Granbury","TX","[PREMIUM]",,"[]",,,"[PREMIUM]"
"388543df-a879-4d4f-9a08-73e8860bbd99","2026-05-28 23:55:05.994","2026-05-28 23:55:05.994","388543df-a879-4d4f-9a08-73e8860bbd99","[PREMIUM]","Used",2021,"RAM","2500","Laramie","[PREMIUM]","[PREMIUM]",72329,"Truck","Granite Crystal Clearcoat Metallic","Black","Four-wheel Drive",,,"Diesel",,,"dealership","[PREMIUM]","Tampa","FL","[PREMIUM]",,"[]",,,"[PREMIUM]"
"78cacf85-eacd-4f41-ac74-6d1e1cc8ea28","2026-05-28 23:55:05.930","2026-05-28 23:55:05.930","78cacf85-eacd-4f41-ac74-6d1e1cc8ea28","[PREMIUM]","Used",2021,"GMC","Sierra 2500","Denali","[PREMIUM]","[PREMIUM]",66015,"Truck","Black",,"Four-wheel Drive",,,"Diesel",,,"dealership","[PREMIUM]","Wolcott","CT","[PREMIUM]",,"[]",,,"[PREMIUM]"
"2a1bcc02-4956-47a3-8dcb-feeed5d9e732","2026-05-28 23:55:05.832","2026-05-28 23:55:05.832","2a1bcc02-4956-47a3-8dcb-feeed5d9e732","[PREMIUM]","Used",2021,"Ford","F-150","XLT","[PREMIUM]","[PREMIUM]",45856,"Truck","Space White Metallic","Black","Four-wheel Drive",,,"Gasoline",,,"dealership","[PREMIUM]","Mesa","AZ","[PREMIUM]",,"[]",,,"[PREMIUM]"
"a9121939-0c6b-4810-9a55-14e14ed0f360","2026-05-28 23:54:13.748","2026-05-28 23:54:13.748","a9121939-0c6b-4810-9a55-14e14ed0f360","[PREMIUM]","Used",2022,"Ford","F-250","Lariat","[PREMIUM]","[PREMIUM]",31570,"Truck","Iconic Silver Metallic","Black Onyx","Four-wheel Drive",,,"Diesel",,,"dealership","[PREMIUM]","Vernon","TX","[PREMIUM]",,"[]",,,"[PREMIUM]"
"1a5d83c9-50af-49bc-89be-433b527e0a68","2026-05-28 23:54:13.675","2026-05-28 23:54:13.675","1a5d83c9-50af-49bc-89be-433b527e0a68","[PREMIUM]","Used",2022,"Mercedes-Benz","S-Class","4MATIC","[PREMIUM]","[PREMIUM]",35818,"Sedan","Obsidian Black Metallic","Black","All-wheel Drive",,,"Gasoline",,,"dealership","[PREMIUM]","Walnut Creek","CA","[PREMIUM]",,"[]",,,"[PREMIUM]"
"3363687b-dd87-4493-99b7-3ce6e8ee6d36","2026-05-28 23:54:13.442","2026-05-28 23:54:13.442","3363687b-dd87-4493-99b7-3ce6e8ee6d36","[PREMIUM]","Used",2022,"Mercedes-Benz","AMG GT 53","4-Door","[PREMIUM]","[PREMIUM]",65447,"Hatchback","White","Black","All-wheel Drive",,,"Gasoline",,,"dealership","[PREMIUM]","Alvin","TX","[PREMIUM]",,"[]",,,"[PREMIUM]"
"8731a732-14b2-496a-aa44-83158e11f46f","2026-05-28 23:54:09.432","2026-05-28 23:54:09.432","8731a732-14b2-496a-aa44-83158e11f46f","[PREMIUM]","Used",2022,"GMC","Yukon XL","AT4","[PREMIUM]","[PREMIUM]",50682,"SUV","Black","BLACK","Four-wheel Drive",,,"Gasoline",,,"dealership","[PREMIUM]","San Antonio","TX","[PREMIUM]",,"[]",,,"[PREMIUM]"
"bd01bb6f-8a45-4e3f-bd03-a0a2a5910f63","2026-05-28 23:54:09.242","2026-05-28 23:54:09.242","bd01bb6f-8a45-4e3f-bd03-a0a2a5910f63","[PREMIUM]","Used",2022,"Chevrolet","Tahoe","Premier","[PREMIUM]","[PREMIUM]",48840,"SUV","White","BLACK","Four-wheel Drive",,,"Gasoline",,,"dealership","[PREMIUM]","Irvine","CA","[PREMIUM]",,"[]",,,"[PREMIUM]"
"0ca95190-7261-42e0-8206-b029b9490283","2026-05-28 23:54:09.230","2026-05-28 23:54:09.230","0ca95190-7261-42e0-8206-b029b9490283","[PREMIUM]","Used",2022,"Ford","F-250","XLT","[PREMIUM]","[PREMIUM]",65832,"Truck","Oxford White","Medium Earth Gray","Four-wheel Drive",,,"Diesel",,,"dealership","[PREMIUM]","Scottsdale","AZ","[PREMIUM]",,"[]",,,"[PREMIUM]"
"247178cf-0b29-4c57-a9ba-b6057efd5867","2026-05-28 23:54:09.192","2026-05-28 23:54:09.192","247178cf-0b29-4c57-a9ba-b6057efd5867","[PREMIUM]","Used",2022,"Mercedes-Benz","AMG GLE 53",,"[PREMIUM]","[PREMIUM]",17456,"SUV","White","RED","Four-wheel Drive",,,"Gasoline",,,"dealership","[PREMIUM]","Davie","FL","[PREMIUM]",,"[]",,,"[PREMIUM]"
"9a5e4d2c-94c6-4a1d-be3f-d2c5cf32c041","2026-05-28 23:54:09.159","2026-05-28 23:54:09.159","9a5e4d2c-94c6-4a1d-be3f-d2c5cf32c041","[PREMIUM]","Used",2022,"Tesla","Model X","Plaid","[PREMIUM]","[PREMIUM]",61817,"SUV","White","White / Black","All-wheel Drive",,,"Electric",,,"dealership","[PREMIUM]","Costa Mesa","CA","[PREMIUM]",,"[]",,,"[PREMIUM]"
"3184da66-48f4-4b39-a52c-f2447db8c847","2026-05-28 23:54:09.135","2026-05-28 23:54:09.135","3184da66-48f4-4b39-a52c-f2447db8c847","[PREMIUM]","Used",2022,"Ford","F-350","Lariat","[PREMIUM]","[PREMIUM]",48984,"Truck","Rapid Red Metallic Tinted Clearcoat","Black Onyx","Four-wheel Drive",,,"Diesel",,,"dealership","[PREMIUM]","Tucson","AZ","[PREMIUM]",,"[]",,,"[PREMIUM]"
"ae66995a-e517-4795-9745-7c86c96892ae","2026-05-28 23:53:56.348","2026-05-28 23:53:56.348","ae66995a-e517-4795-9745-7c86c96892ae","[PREMIUM]","Used",2023,"Mercedes-Benz","AMG GLE 53","4MATIC+ Coupe","[PREMIUM]","[PREMIUM]",68395,"SUV","Polar White","Classic Red/Black","All-wheel Drive",,,"Gasoline",,,"dealership","[PREMIUM]","Walnut Creek","CA","[PREMIUM]",,"[]",,,"[PREMIUM]"
"cf9b9c64-39dc-458c-b804-999933320e88","2026-05-28 23:53:44.832","2026-05-28 23:53:44.832","cf9b9c64-39dc-458c-b804-999933320e88","[PREMIUM]","Used",2023,"Tesla","Model S","AWD","[PREMIUM]","[PREMIUM]",33279,"Hatchback","Solid Black","Blk/Black","All-wheel Drive",,,"Electric",,,"dealership","[PREMIUM]","Huntington Beach","CA","[PREMIUM]",,"[]",,,"[PREMIUM]"
"2a8698cd-0078-4c53-9c60-710e126263c8","2026-05-28 23:52:53.640","2026-05-28 23:52:53.640","2a8698cd-0078-4c53-9c60-710e126263c8","[PREMIUM]","Used",2023,"Chevrolet","Tahoe","4WD Z71","[PREMIUM]","[PREMIUM]",31778,"SUV","Summit White","Jet Black","Four-wheel Drive",,,"Gasoline",,,"dealership","[PREMIUM]","Columbus","OH","[PREMIUM]",,"[]",,,"[PREMIUM]"
"24fc91a1-d2a4-4be8-8393-e6ae17cc16d3","2026-05-28 23:52:52.196","2026-05-28 23:52:52.196","24fc91a1-d2a4-4be8-8393-e6ae17cc16d3","[PREMIUM]","Used",2023,"Lexus","GX 460","Premium","[PREMIUM]","[PREMIUM]",29275,"SUV","White Pearl","Black","Four-wheel Drive",,,"Gasoline",,,"dealership","[PREMIUM]","Wexford","PA","[PREMIUM]",,"[]",,,"[PREMIUM]"
"d89342a1-57e2-4815-aa53-a6e27e93ddeb","2026-05-28 23:52:52.144","2026-05-28 23:52:52.144","d89342a1-57e2-4815-aa53-a6e27e93ddeb","[PREMIUM]","Used",2023,"Ford","F-150","Limited","[PREMIUM]","[PREMIUM]",37712,"Truck","Agate Black Metallic","Admiral Blue","Four-wheel Drive",,,"Hybrid",,,"dealership","[PREMIUM]","St Cloud","FL","[PREMIUM]",,"[]",,,"[PREMIUM]"
"619fe6c7-84a0-446d-863a-2bf55f8d9b70","2026-05-28 23:52:38.415","2026-05-28 23:52:38.415","619fe6c7-84a0-446d-863a-2bf55f8d9b70","[PREMIUM]","Used",2023,"Lexus","RX 350","Luxury","[PREMIUM]","[PREMIUM]",35793,"SUV","Black","Black","Front-wheel Drive",,,"Gasoline",,,"dealership","[PREMIUM]","Columbia","SC","[PREMIUM]",,"[]",,,"[PREMIUM]"
"a3e4eb18-5541-4123-9aa6-0bbd0bd6ec25","2026-05-28 23:52:38.394","2026-05-28 23:52:38.394","a3e4eb18-5541-4123-9aa6-0bbd0bd6ec25","[PREMIUM]","Used",2023,"Lincoln","Navigator","Black Label","[PREMIUM]","[PREMIUM]",69746,"SUV","PRISTINE WHITE METALLIC 3C","CHALET THEME","Four-wheel Drive",,,"Gasoline",,,"dealership","[PREMIUM]","Bloomington","MN","[PREMIUM]",,"[]",,,"[PREMIUM]"
"5827bcb4-f348-4d4e-b53a-bed89433830f","2026-05-28 23:52:38.375","2026-05-28 23:52:38.375","5827bcb4-f348-4d4e-b53a-bed89433830f","[PREMIUM]","Used",2023,"Lexus","GX 460","Premium","[PREMIUM]","[PREMIUM]",45610,"SUV","Nebula Gray Pearl","Ecru","Four-wheel Drive",,,"Gasoline",,,"dealership","[PREMIUM]","Charlotte","NC","[PREMIUM]",,"[]",,,"[PREMIUM]"
"79c3a587-ab59-4428-a15f-755710f6a663","2026-05-28 23:52:38.339","2026-05-28 23:52:38.339","79c3a587-ab59-4428-a15f-755710f6a663","[PREMIUM]","Used",2023,"Chevrolet","Tahoe","LT","[PREMIUM]","[PREMIUM]",23073,"SUV","Black","BLACK","Four-wheel Drive",,,"Gasoline",,,"dealership","[PREMIUM]","Woodbridge","VA","[PREMIUM]",,"[]",,,"[PREMIUM]"
"49810148-9039-4d2e-9a0f-39dc50b4ed1d","2026-05-28 23:52:38.321","2026-05-28 23:52:38.321","49810148-9039-4d2e-9a0f-39dc50b4ed1d","[PREMIUM]","Used",2023,"Ford","F-150","PLATINUM","[PREMIUM]","[PREMIUM]",29631,"Truck","AGATE BLACK METALLIC","BLACK INT W/BLACK LEATHER",,,,,,,"dealership","[PREMIUM]","Huntsville","AL","[PREMIUM]",,"[]",,,"[PREMIUM]"
"4fb14211-30ce-4be8-a47b-667907185c0c","2026-05-28 23:52:38.303","2026-05-28 23:52:38.303","4fb14211-30ce-4be8-a47b-667907185c0c","[PREMIUM]","Used",2023,"Lexus","RX 350h","Luxury","[PREMIUM]","[PREMIUM]",20631,"SUV","Silver","BROWN","Four-wheel Drive",,,"Hybrid",,,"dealership","[PREMIUM]","Irvine","CA","[PREMIUM]",,"[]",,,"[PREMIUM]"
"e4876a63-721f-409b-b776-35af52037289","2026-05-28 23:52:38.283","2026-05-28 23:52:38.283","e4876a63-721f-409b-b776-35af52037289","[PREMIUM]","Used",2023,"Chevrolet","Tahoe","4WD RST","[PREMIUM]","[PREMIUM]",46138,"SUV","Dark Ash Metallic","Jet Black/Victory Red","Four-wheel Drive",,,"Gasoline",,,"dealership","[PREMIUM]","MARLTON","NJ","[PREMIUM]",,"[]",,,"[PREMIUM]"
"4035734d-3a54-4f4c-b223-6520fac65040","2026-05-28 23:52:38.273","2026-05-28 23:52:38.273","4035734d-3a54-4f4c-b223-6520fac65040","[PREMIUM]","Used",2023,"Lexus","GX 460","Base","[PREMIUM]","[PREMIUM]",45073,"SUV","Eminent White Pearl","Rioja Red","4WD",,,"Gasoline",,,"dealership","[PREMIUM]","The Woodlands","TX","[PREMIUM]",,"[]",,,"[PREMIUM]"
"f583f866-bb6c-447e-863a-13a7884ae6d0","2026-05-28 23:52:05.767","2026-05-28 23:52:05.767","f583f866-bb6c-447e-863a-13a7884ae6d0","[PREMIUM]","Used",2024,"Lincoln","Navigator","Premiere","[PREMIUM]","[PREMIUM]",32566,"SUV","Infinite Black Metallic Clearcoat","Black Onyx","Four-wheel Drive",,,"Gasoline",,,"dealership","[PREMIUM]","Homosassa","FL","[PREMIUM]",,"[]",,,"[PREMIUM]"
"b3ddeff6-5c27-4cd6-98e9-d29e79bf1758","2026-05-28 23:51:54.312","2026-05-28 23:51:54.312","b3ddeff6-5c27-4cd6-98e9-d29e79bf1758","[PREMIUM]","Used",2024,"GMC","Sierra 1500","AT4","[PREMIUM]","[PREMIUM]",17571,"Truck","Summit White","Jet Black","Four-wheel Drive",,,"Gasoline",,,"dealership","[PREMIUM]","North Attleborough","MA","[PREMIUM]",,"[]",,,"[PREMIUM]"
"92a48f4d-de64-4a15-a767-99a6d44adaa5","2026-05-28 23:49:52.572","2026-05-28 23:49:52.572","92a48f4d-de64-4a15-a767-99a6d44adaa5","[PREMIUM]","Used",2024,"BMW","X7","xDrive40i","[PREMIUM]","[PREMIUM]",45652,"SUV","Gray Metallic","Black","All-wheel Drive",,,"Gasoline",,,"dealership","[PREMIUM]","Mount Kisco","NY","[PREMIUM]",,"[]",,,"[PREMIUM]"
"65b429d2-e7a7-4e65-bd86-a8ae9fd0994b","2026-05-28 23:49:52.122","2026-05-28 23:49:52.122","65b429d2-e7a7-4e65-bd86-a8ae9fd0994b","[PREMIUM]","Used",2024,"BMW","X5","xDrive40i","[PREMIUM]","[PREMIUM]",37285,"SUV","Carbon Black Metallic","Black","All-wheel Drive",,,"Gasoline",,,"dealership","[PREMIUM]","Mount Kisco","NY","[PREMIUM]",,"[]",,,"[PREMIUM]"
"73bd388b-bd9b-4ad5-b420-07013287f17b","2026-05-28 23:49:52.108","2026-05-28 23:49:52.108","73bd388b-bd9b-4ad5-b420-07013287f17b","[PREMIUM]","Used",2024,"Ford","F-150","Lariat","[PREMIUM]","[PREMIUM]",22253,"Truck","AGATE BLACK METALLIC","SLATE LEATHER TRIM BUCKET","Four-wheel Drive",,,"Gasoline",,,"dealership","[PREMIUM]","Lubbock","TX","[PREMIUM]",,"[]",,,"[PREMIUM]"
"3d9de897-c67b-4c5c-a2e7-bf1483e4b40d","2026-05-28 23:49:52.101","2026-05-28 23:49:52.101","3d9de897-c67b-4c5c-a2e7-bf1483e4b40d","[PREMIUM]","Used",2024,"Lexus","TX 350","Premium","[PREMIUM]","[PREMIUM]",18569,"SUV","Wind Chill Pearl","Peppercorn","Front-wheel Drive",,,"Gasoline",,,"dealership","[PREMIUM]","Hialeah","FL","[PREMIUM]",,"[]",,,"[PREMIUM]"
"32abf99a-44e7-4864-8eee-0a8e50602129","2026-05-28 23:49:37.728","2026-05-28 23:49:37.728","32abf99a-44e7-4864-8eee-0a8e50602129","[PREMIUM]","Used",2024,"Ford","F-250","XL","[PREMIUM]","[PREMIUM]",23532,"Truck","OXFORD WHITE","MEDIUM DARK SLATE VINYL","Four-wheel Drive",,,"Diesel",,,"dealership","[PREMIUM]","San Antonio","TX","[PREMIUM]",,"[]",,,"[PREMIUM]"
"6af8e8a8-66f1-4349-884c-7ec121bc570b","2026-05-28 23:49:37.506","2026-05-28 23:49:37.506","6af8e8a8-66f1-4349-884c-7ec121bc570b","[PREMIUM]","Used",2024,"Chevrolet","Silverado 2500","LT","[PREMIUM]","[PREMIUM]",30181,"Truck","Slate Gray Metallic","Black","4WD",,,"Diesel",,,"dealership","[PREMIUM]","Dallas","GA","[PREMIUM]",,"[]",,,"[PREMIUM]"
"cf68f762-cecb-4447-9751-f76cb4f8a2ed","2026-05-28 23:49:37.459","2026-05-28 23:49:37.459","cf68f762-cecb-4447-9751-f76cb4f8a2ed","[PREMIUM]","Used",2024,"Ford","F-150","Lariat","[PREMIUM]","[PREMIUM]",23020,"Truck","AGATE BLACK METALLIC","BLACK LTHR TRIMMED BUCKET","Four-wheel Drive",,,"Gasoline",,,"dealership","[PREMIUM]","Woodbridge","VA","[PREMIUM]",,"[]",,,"[PREMIUM]"
"ae149c33-93ab-4cc9-889e-df77cff1f953","2026-05-28 23:49:37.451","2026-05-28 23:49:37.451","ae149c33-93ab-4cc9-889e-df77cff1f953","[PREMIUM]","Used",2024,"Acura","MDX","Type S w/Advance Package","[PREMIUM]","[PREMIUM]",18706,"SUV",,,"All-wheel Drive",,,"Gasoline",,,"dealership","[PREMIUM]","Clearwater","FL","[PREMIUM]",,"[]",,,"[PREMIUM]"
"5e5f02d7-a9bc-4334-ab4f-16c27958fa36","2026-05-28 23:49:37.427","2026-05-28 23:49:37.427","5e5f02d7-a9bc-4334-ab4f-16c27958fa36","[PREMIUM]","New",2024,"Chevrolet","Silverado EV","WT","[PREMIUM]","[PREMIUM]",3157,"Truck","Summit White","Jet Black","AWD",,,"Electric",,,"dealership","[PREMIUM]","Beaverton","OR","[PREMIUM]",,"[]",,,"[PREMIUM]"
"7eed9d98-98da-443d-b770-cbd577132cf9","2026-05-28 23:49:37.419","2026-05-28 23:49:37.419","7eed9d98-98da-443d-b770-cbd577132cf9","[PREMIUM]","Used",2024,"Ford","F-150","Lariat","[PREMIUM]","[PREMIUM]",9271,"Truck","Avalanche","Black","Four-wheel Drive",,,"Gasoline",,,"dealership","[PREMIUM]","Zeeland","MI","[PREMIUM]",,"[]",,,"[PREMIUM]"
"34d40694-2f34-4a2b-b72d-c14e747f4868","2026-05-28 23:49:37.413","2026-05-28 23:49:37.413","34d40694-2f34-4a2b-b72d-c14e747f4868","[PREMIUM]","Used",2024,"Ford","F-250","XLT","[PREMIUM]","[PREMIUM]",14369,"Truck","DARKENED BRONZE","MEDIUM DARK SLATE CLOTH",,,,,,,"dealership","[PREMIUM]","Lexington","VA","[PREMIUM]",,"[]",,,"[PREMIUM]"
"ca9a4a00-4ccf-46d3-b449-7f89ae109215","2026-05-28 23:49:37.403","2026-05-28 23:49:37.403","ca9a4a00-4ccf-46d3-b449-7f89ae109215","[PREMIUM]","Used",2024,"Ford","F-150","Tremor","[PREMIUM]","[PREMIUM]",19445,"Truck","Blue","BLACK","Four-wheel Drive",,,"Gasoline",,,"dealership","[PREMIUM]","South Jordan","UT","[PREMIUM]",,"[]",,,"[PREMIUM]"
"1cc31da8-93d2-406b-8104-1ce417498624","2026-05-28 23:49:37.394","2026-05-28 23:49:37.394","1cc31da8-93d2-406b-8104-1ce417498624","[PREMIUM]","Used",2024,"Toyota","Tundra Hybrid","Platinum","[PREMIUM]","[PREMIUM]",22598,"Truck",,,"Four-wheel Drive",,,"Hybrid",,,"dealership","[PREMIUM]","Eastanollee","GA","[PREMIUM]",,"[]",,,"[PREMIUM]"
"d775d8e8-7f12-4b92-ae82-5f77901b5961","2026-05-28 23:49:14.956","2026-05-28 23:49:14.956","d775d8e8-7f12-4b92-ae82-5f77901b5961","[PREMIUM]","Used",2025,"Ford","Expedition Max","Active 4x4","[PREMIUM]","[PREMIUM]",25736,"SUV","DARK MATTER GREY METALLIC","SPACE GRAY ACTIVEX","Four-wheel Drive",,,"Gasoline",,,"dealership","[PREMIUM]","Coldwater","MI","[PREMIUM]",,"[]",,,"[PREMIUM]"
"8eb2a709-186f-425d-91d9-ad0573389b1f","2026-05-28 23:49:14.900","2026-05-28 23:49:14.900","8eb2a709-186f-425d-91d9-ad0573389b1f","[PREMIUM]","Used",2025,"Rivian","R1S","Adventure","[PREMIUM]","[PREMIUM]",1496,"SUV","Gray","Sandstone","All-wheel Drive",,,"Electric",,,"dealership","[PREMIUM]","Orem","UT","[PREMIUM]",,"[]",,,"[PREMIUM]"
"6cf2900f-afad-4f79-9313-608873d72129","2026-05-28 23:49:03.369","2026-05-28 23:49:03.369","6cf2900f-afad-4f79-9313-608873d72129","[PREMIUM]","Used",2025,"Lincoln","Nautilus","Reserve","[PREMIUM]","[PREMIUM]",13188,"SUV","Infinite Black Metallic Clearcoat","Black Onyx","All-wheel Drive",,,"Gasoline",,,"dealership","[PREMIUM]","Grapevine","TX","[PREMIUM]",,"[]",,,"[PREMIUM]"
"0e02edf3-4c88-495c-93dc-aa33b3ebc4f5","2026-05-28 23:49:01.824","2026-05-28 23:49:01.824","0e02edf3-4c88-495c-93dc-aa33b3ebc4f5","[PREMIUM]","Used",2025,"Chevrolet","Silverado 3500","WT","[PREMIUM]","[PREMIUM]",88519,"Truck","Summit White","Black","Four-wheel Drive",,,"Diesel",,,"dealership","[PREMIUM]","Madison","TN","[PREMIUM]",,"[]",,,"[PREMIUM]"
"c0a1f4ff-aa4b-4f9c-89b3-0cbf722287fb","2026-05-28 23:48:59.843","2026-05-28 23:48:59.843","c0a1f4ff-aa4b-4f9c-89b3-0cbf722287fb","[PREMIUM]","Used",2025,"BMW","i4 Gran Coupe","xDrive40","[PREMIUM]","[PREMIUM]",3154,"Hatchback","Skyscraper Grey Metallic","Tacora Red","All-wheel Drive",,,"Electric",,,"dealership","[PREMIUM]","Denver","CO","[PREMIUM]",,"[]",,,"[PREMIUM]"
"c27ac3ff-8b5d-4a67-9ab8-87b031ee8861","2026-05-28 23:48:59.811","2026-05-28 23:48:59.811","c27ac3ff-8b5d-4a67-9ab8-87b031ee8861","[PREMIUM]","Used",2025,"RAM","2500","Big Horn Crew Cab 4x4 6&#39;4&#39; Box","[PREMIUM]","[PREMIUM]",29918,"Truck","Bright White Clearcoat","Black","Four-wheel Drive",,,"Diesel",,,"dealership","[PREMIUM]","Woodward","OK","[PREMIUM]",,"[]",,,"[PREMIUM]"
"d45f1b89-855d-4330-b099-89c92d0f76c9","2026-05-28 23:48:46.962","2026-05-28 23:48:46.962","d45f1b89-855d-4330-b099-89c92d0f76c9","[PREMIUM]","Used",2025,"BMW","X5","sDrive40i","[PREMIUM]","[PREMIUM]",19605,"SUV","Alpine White","Black","Rear-wheel Drive",,,"Gasoline",,,"dealership","[PREMIUM]","The Woodlands","TX","[PREMIUM]",,"[]",,,"[PREMIUM]"
"1eacf11c-9bdb-4ce7-80e5-25a1835f092d","2026-05-28 23:48:46.939","2026-05-28 23:48:46.939","1eacf11c-9bdb-4ce7-80e5-25a1835f092d","[PREMIUM]","Used",2025,"Toyota","4Runner","TRD Off Road Premium","[PREMIUM]","[PREMIUM]",8518,"SUV","Ice Cap","Black","Four-wheel Drive",,,"Gasoline",,,"dealership","[PREMIUM]","Holiday","FL","[PREMIUM]",,"[]",,,"[PREMIUM]"
"1c0183e3-1c88-4f53-8ac8-9a8f2218a2f2","2026-05-28 23:48:46.871","2026-05-28 23:48:46.871","1c0183e3-1c88-4f53-8ac8-9a8f2218a2f2","[PREMIUM]","Used",2025,"Nissan","Armada","SL 4WD","[PREMIUM]","[PREMIUM]",7760,"SUV","Super Black","Charcoal w/Espresso","Four-wheel Drive",,,"Gasoline",,,"dealership","[PREMIUM]","Vienna","VA","[PREMIUM]",,"[]",,,"[PREMIUM]"
"0ebae96e-9796-4384-8612-2e9940f2f8f2","2026-05-28 23:48:15.214","2026-05-28 23:48:15.214","0ebae96e-9796-4384-8612-2e9940f2f8f2","[PREMIUM]","Used",2025,"GMC","Sierra 1500","AT4","[PREMIUM]","[PREMIUM]",11686,"Truck","Summit White","Jet Black with Kalahari accents","Four-wheel Drive",,,"Gasoline",,,"dealership","[PREMIUM]","Springdale","AR","[PREMIUM]",,"[]",,,"[PREMIUM]"
"eade1bf9-a39b-49dd-a5d8-9d55a8bba5d5","2026-05-28 23:48:15.200","2026-05-31 23:48:35.365","eade1bf9-a39b-49dd-a5d8-9d55a8bba5d5","[PREMIUM]","Used",2025,"Ford","F-350","XLT","[PREMIUM]","[PREMIUM]",84751,"Truck","Oxford White","Medium Dark Slate","Four-wheel Drive",,,"Diesel",,,"dealership","[PREMIUM]","Addison","TX","[PREMIUM]",,"[]",,,"[PREMIUM]"
"7736beb9-9d2a-461a-a468-dd4c98827749","2026-05-28 23:48:15.190","2026-05-28 23:48:15.190","7736beb9-9d2a-461a-a468-dd4c98827749","[PREMIUM]","Used",2025,"Ford","Expedition","ACTIVE","[PREMIUM]","[PREMIUM]",23093,"SUV","OXFORD WHITE","DARK GRAY ACTIVEX",,,,,,,"dealership","[PREMIUM]","Cheyenne","WY","[PREMIUM]",,"[]",,,"[PREMIUM]"
"f5baa809-51fa-46ce-953f-a0437bd475a3","2026-05-28 23:48:15.172","2026-05-31 23:48:35.377","f5baa809-51fa-46ce-953f-a0437bd475a3","[PREMIUM]","Used",2025,"Land Rover","Defender","110 P300","[PREMIUM]","[PREMIUM]",27560,"SUV","Santorini Black Metallic","Blk/Black","All-wheel Drive",,,"Gasoline",,,"dealership","[PREMIUM]","Honolulu","HI","[PREMIUM]",,"[]",,,"[PREMIUM]"
"c478e23a-b020-4d54-b495-461c80afaf04","2026-05-28 23:48:15.164","2026-05-31 23:48:24.986","c478e23a-b020-4d54-b495-461c80afaf04","[PREMIUM]","Used",2025,"Ford","Expedition","Active","[PREMIUM]","[PREMIUM]",23069,"SUV","SPACE SILVER METALLIC","DARK GRAY ACTIVEX","Four-wheel Drive",,,"Gasoline",,,"dealership","[PREMIUM]","Greensboro","NC","[PREMIUM]",,"[]",,,"[PREMIUM]"
"c82299bd-3a4f-4576-86b0-902df62c0718","2026-05-28 23:48:09.991","2026-05-28 23:48:09.991","c82299bd-3a4f-4576-86b0-902df62c0718","[PREMIUM]","Used",2025,"Audi","Q5","Premium Plus TFSI quattro S tronic","[PREMIUM]","[PREMIUM]",2711,"SUV","Tambora Gray Metallic","Black","All-wheel Drive",,,"Gasoline",,,"dealership","[PREMIUM]","Riverside","CA","[PREMIUM]",,"[]",,,"[PREMIUM]"
"cfaf626a-2cef-48f6-b733-e78d9025f1ec","2026-05-28 23:48:09.989","2026-05-28 23:48:09.989","cfaf626a-2cef-48f6-b733-e78d9025f1ec","[PREMIUM]","Used",2025,"Ford","Expedition Max","Active","[PREMIUM]","[PREMIUM]",21326,"SUV","Black Metallic","Dark Gray","Rear-wheel Drive",,,"Gasoline",,,"dealership","[PREMIUM]","Newark","CA","[PREMIUM]",,"[]",,,"[PREMIUM]"
"172eb3a6-b354-4f97-9d44-1df3f8a64674","2026-05-28 23:48:09.977","2026-05-28 23:48:09.977","172eb3a6-b354-4f97-9d44-1df3f8a64674","[PREMIUM]","Used",2025,"RAM","1500","Limited","[PREMIUM]","[PREMIUM]",18888,"Truck","White","BLACK","Four-wheel Drive",,,"Gasoline",,,"dealership","[PREMIUM]","Doral","FL","[PREMIUM]",,"[]",,,"[PREMIUM]"
"dbc90f63-d39d-4974-941e-0cef03bdf4a0","2026-05-28 23:48:09.977","2026-05-28 23:48:09.977","dbc90f63-d39d-4974-941e-0cef03bdf4a0","[PREMIUM]","New",2025,"Mercedes-Benz","Sprinter 2500","Standard Roof","[PREMIUM]","[PREMIUM]",5,"Cargo Van","Arctic+White","Artico+Man-Made+Leather+Black","Rear-wheel Drive",,,"Diesel",,,"dealership","[PREMIUM]","Riverside","CA","[PREMIUM]",,"[]",,,"[PREMIUM]"
"53541376-1d9c-441c-bf29-cd002997f03e","2026-05-28 23:48:09.975","2026-05-31 23:48:25.233","53541376-1d9c-441c-bf29-cd002997f03e","[PREMIUM]","Used",2025,"Ford","F-150","LARIAT","[PREMIUM]","[PREMIUM]",27982,"Truck","ANTIMATTER BLUE METALLIC","BLACK INT W/BLACK ACTIVE X",,,,,,,"dealership","[PREMIUM]","Glastonbury","CT","[PREMIUM]",,"[]",,,"[PREMIUM]"
"8dd8fc1e-72b2-43c3-a5f4-5f03e22e4f64","2026-05-28 23:48:09.972","2026-05-28 23:48:09.972","8dd8fc1e-72b2-43c3-a5f4-5f03e22e4f64","[PREMIUM]","Used",2025,"BMW","X3","M50","[PREMIUM]","[PREMIUM]",14314,"SUV","Blue","BLACK","Four-wheel Drive",,,"Gasoline",,,"dealership","[PREMIUM]","Brooklyn Park","MN","[PREMIUM]",,"[]",,,"[PREMIUM]"
"8753a248-cd9e-4fcd-908c-56d48834c180","2026-05-28 23:48:09.968","2026-05-28 23:48:09.968","8753a248-cd9e-4fcd-908c-56d48834c180","[PREMIUM]","Used",2025,"Chevrolet","Suburban","LT","[PREMIUM]","[PREMIUM]",48440,"SUV","Black","Black","Four-wheel Drive",,,"Gasoline",,,"private","[PREMIUM]",,,"[PREMIUM]",,"[]",,,"[PREMIUM]"
"898ac6c5-7c12-46ff-be84-6f0f41809cab","2026-05-28 23:48:09.955","2026-05-28 23:48:09.955","898ac6c5-7c12-46ff-be84-6f0f41809cab","[PREMIUM]","Used",2025,"Toyota","4Runner","Limited","[PREMIUM]","[PREMIUM]",8473,"SUV","Heritage Blue","Black","Four-wheel Drive",,,"Gasoline",,,"dealership","[PREMIUM]","Sanford","FL","[PREMIUM]",,"[]",,,"[PREMIUM]"
"d4cd4149-b395-4e28-a248-005025d96767","2026-05-28 23:48:09.949","2026-05-28 23:48:09.949","d4cd4149-b395-4e28-a248-005025d96767","[PREMIUM]","Used",2025,"Ford","Expedition","ACTIVE","[PREMIUM]","[PREMIUM]",19780,"SUV","DARK MATTER GREY METALLIC","DARK GRAY ACTIVEX",,,,,,,"dealership","[PREMIUM]","West Valley City","UT","[PREMIUM]",,"[]",,,"[PREMIUM]"
"bb6bd1c6-c0a4-4e88-a1da-15243b4fc744","2026-05-28 23:48:09.946","2026-05-28 23:48:09.946","bb6bd1c6-c0a4-4e88-a1da-15243b4fc744","[PREMIUM]","Used",2025,"GMC","Sierra 1500","AT4","[PREMIUM]","[PREMIUM]",17240,"Truck","Summit White","Jet Black w/Kalahari Accents","Four-wheel Drive",,,"Gasoline",,,"dealership","[PREMIUM]","Pompano Beach","FL","[PREMIUM]",,"[]",,,"[PREMIUM]"
"0c738be8-b0a9-4392-81ba-8590a5369852","2026-05-28 23:48:09.935","2026-05-28 23:48:09.935","0c738be8-b0a9-4392-81ba-8590a5369852","[PREMIUM]","Used",2025,"Acura","MDX","SH-AWD A-Spec Advance","[PREMIUM]","[PREMIUM]",19906,"SUV","Gray","BLACK","Four-wheel Drive",,,"Gasoline",,,"dealership","[PREMIUM]","South Jordan","UT","[PREMIUM]",,"[]",,,"[PREMIUM]"
"eaaad958-f430-4d9d-8ab6-9bd6c3433cad","2026-05-28 23:48:09.916","2026-05-28 23:48:09.916","eaaad958-f430-4d9d-8ab6-9bd6c3433cad","[PREMIUM]","Used",2025,"Acura","MDX",,"[PREMIUM]","[PREMIUM]",28105,"SUV","Majestic Black Pearl","Parchment",,,,,,,"dealership","[PREMIUM]","Manchester","MO","[PREMIUM]",,"[]",,,"[PREMIUM]"
"833339a9-ac0f-481e-bb1e-9b44c75941ea","2026-05-28 23:48:09.908","2026-05-28 23:48:09.908","833339a9-ac0f-481e-bb1e-9b44c75941ea","[PREMIUM]","Used",2025,"Chevrolet","Silverado 2500","Custom","[PREMIUM]","[PREMIUM]",22594,"Truck","Black","Jet Black","Four-wheel Drive",,,"Gasoline",,,"dealership","[PREMIUM]","Phoenix","AZ","[PREMIUM]",,"[]",,,"[PREMIUM]"
"f63ea7de-a1d9-4349-b140-b885c4c4a772","2026-05-28 23:48:09.906","2026-05-28 23:48:09.906","f63ea7de-a1d9-4349-b140-b885c4c4a772","[PREMIUM]","Used",2025,"Ford","Ranger","Raptor","[PREMIUM]","[PREMIUM]",4181,"Truck","Desert Sand","Ebony","Four-wheel Drive",,,"Gasoline",,,"dealership","[PREMIUM]","Santa Fe","NM","[PREMIUM]",,"[]",,,"[PREMIUM]"
"a15697f6-a85d-4e52-ade8-8fab79e5f1a9","2026-05-28 23:48:09.903","2026-05-28 23:48:09.903","a15697f6-a85d-4e52-ade8-8fab79e5f1a9","[PREMIUM]","Used",2025,"Lexus","RX 350","Premium Plus","[PREMIUM]","[PREMIUM]",6598,"SUV","Matador Red Mica","Black","FWD",,,"Gasoline",,,"dealership","[PREMIUM]","Oklahoma City","OK","[PREMIUM]",,"[]",,,"[PREMIUM]"
"defb9afb-aab7-4c11-b700-a06d88c7bfa0","2026-05-28 23:48:09.901","2026-05-28 23:48:09.901","defb9afb-aab7-4c11-b700-a06d88c7bfa0","[PREMIUM]","Used",2025,"Toyota","4Runner","Limited","[PREMIUM]","[PREMIUM]",1787,"SUV","Red","BLACK","Four-wheel Drive",,,"Gasoline",,,"dealership","[PREMIUM]","South Portland","ME","[PREMIUM]",,"[]",,,"[PREMIUM]"
"8a179081-9e84-43ac-84b0-90cb40497cac","2026-05-28 23:48:09.895","2026-05-28 23:48:09.895","8a179081-9e84-43ac-84b0-90cb40497cac","[PREMIUM]","Used",2025,"Chevrolet","Silverado 2500","LT","[PREMIUM]","[PREMIUM]",29452,"Truck","Sterling Gray Metallic","Jet Black","4WD",,,"Gasoline",,,"dealership","[PREMIUM]","Sullivan","MO","[PREMIUM]",,"[]",,,"[PREMIUM]"
"7892f4ab-d5d0-4d08-98b3-8887a4bab4b3","2026-05-28 23:48:09.873","2026-05-28 23:48:09.873","7892f4ab-d5d0-4d08-98b3-8887a4bab4b3","[PREMIUM]","Used",2025,"Ford","F-150","LARIAT","[PREMIUM]","[PREMIUM]",19489,"Truck","ICONIC SILVER METALLIC","BLACK INT W/BLACK ACTIVE X",,,,,,,"dealership","[PREMIUM]","West Valley City","UT","[PREMIUM]",,"[]",,,"[PREMIUM]"
"5e63ec54-8b0b-4e50-9870-79d8207e34b2","2026-05-28 23:48:09.863","2026-05-28 23:48:09.863","5e63ec54-8b0b-4e50-9870-79d8207e34b2","[PREMIUM]","Used",2025,"Ford","F-150","LARIAT","[PREMIUM]","[PREMIUM]",29893,"Truck","MARSH GRAY","SLATE ACTIVE X",,,,,,,"dealership","[PREMIUM]","Houston","TX","[PREMIUM]",,"[]",,,"[PREMIUM]"
"c03efe73-1cbd-490b-9ed6-9a4415760a73","2026-05-28 23:48:09.851","2026-05-28 23:48:09.851","c03efe73-1cbd-490b-9ed6-9a4415760a73","[PREMIUM]","Used",2025,"Chevrolet","Silverado 1500","LT Trail Boss","[PREMIUM]","[PREMIUM]",8099,"Truck","Summit White","Jet Black","Four-wheel Drive",,,"Gasoline",,,"dealership","[PREMIUM]","Cheshire","MA","[PREMIUM]",,"[]",,,"[PREMIUM]"
"a8afea1a-ff40-4b23-b4d1-51d863965427","2026-05-28 23:47:47.485","2026-05-28 23:47:47.485","a8afea1a-ff40-4b23-b4d1-51d863965427","[PREMIUM]","New",2026,"Honda","Pilot","Elite","[PREMIUM]","[PREMIUM]",1,"SUV","Sonic Gray Pearl","Black","All-wheel Drive",,,"Gasoline",,,"dealership","[PREMIUM]","North Charleston","SC","[PREMIUM]",,"[]",,,"[PREMIUM]"
"22905013-2b8b-4bf9-a1a5-ffb70f0727dd","2026-05-28 23:47:36.446","2026-05-28 23:47:36.446","22905013-2b8b-4bf9-a1a5-ffb70f0727dd","[PREMIUM]","New",2026,"Lexus","RX 350","Premium","[PREMIUM]","[PREMIUM]",2,"SUV","Nori Green Pearl","Birch Nuluxe An","All-wheel Drive",,,"Gasoline",,,"dealership","[PREMIUM]","Mount Laurel","NJ","[PREMIUM]",,"[]",,,"[PREMIUM]"
"a4440f26-781f-48f9-a18c-538f57b44a32","2026-05-28 23:47:36.359","2026-05-28 23:47:36.359","a4440f26-781f-48f9-a18c-538f57b44a32","[PREMIUM]","New",2026,"Jeep","Gladiator","Mojave X 4x4","[PREMIUM]","[PREMIUM]",2,"Truck","Granite Crystal Metallic Clearcoat","Green/Black","Four-wheel Drive",,,"Gasoline",,,"dealership","[PREMIUM]","West Palm Beach","FL","[PREMIUM]",,"[]",,,"[PREMIUM]"
"613d12cf-290c-4b9e-a2ca-9212db6a8672","2026-05-28 23:47:33.351","2026-06-03 23:48:00.023","613d12cf-290c-4b9e-a2ca-9212db6a8672","[PREMIUM]","New",2026,"Jeep","Grand Cherokee L","Limited Reserve","[PREMIUM]","[PREMIUM]",6,"SUV","Baltic Gray Metallic Clearcoat","Global Black","Four-wheel Drive",,,"Gasoline",,,"dealership","[PREMIUM]","Hopkins","MN","[PREMIUM]",,"[]",,,"[PREMIUM]"
"e6c1524a-953c-4664-9a11-a11abeca595b","2026-05-28 23:47:33.329","2026-05-28 23:47:33.329","e6c1524a-953c-4664-9a11-a11abeca595b","[PREMIUM]","New",2026,"Audi","Q5","Premium TFSI quattro S tronic","[PREMIUM]","[PREMIUM]",2,"SUV","MYTHOS BLACK","Murillo Brown","All-wheel Drive",,,"Gasoline",,,"dealership","[PREMIUM]","McKinney","TX","[PREMIUM]",,"[]",,,"[PREMIUM]"
"0f1a3af0-c303-418f-8f1b-45b035dfcd50","2026-05-28 23:47:33.274","2026-05-28 23:47:33.274","0f1a3af0-c303-418f-8f1b-45b035dfcd50","[PREMIUM]","New",2026,"Mercedes-Benz","GLC 300","4MATIC","[PREMIUM]","[PREMIUM]",0,"SUV","Polar White","Macchiato Beige MB-Tex","All-wheel Drive",,,"Gasoline",,,"dealership","[PREMIUM]","Walnut Creek","CA","[PREMIUM]",,"[]",,,"[PREMIUM]"
"992d7a0b-15da-43b3-b1a2-5ec8987d7a14","2026-05-28 23:47:33.269","2026-05-28 23:47:33.269","992d7a0b-15da-43b3-b1a2-5ec8987d7a14","[PREMIUM]","New",2026,"Ford","Explorer","Platinum","[PREMIUM]","[PREMIUM]",1,"SUV","STAR WHITE MET TRI-COAT","SLT CRYSTAL GRY LTHR TRIM SEAT","Four-wheel Drive",,,"Gasoline",,,"dealership","[PREMIUM]","Princeton","WV","[PREMIUM]",,"[]",,,"[PREMIUM]"
"ed4dad41-95e1-4fee-9e63-9544b36d0c68","2026-05-28 23:47:33.260","2026-05-28 23:47:33.260","ed4dad41-95e1-4fee-9e63-9544b36d0c68","[PREMIUM]","New",2026,"Jeep","Grand Cherokee L","Summit","[PREMIUM]","[PREMIUM]",2,"SUV","Bright White Clearcoat","Tupelo/Black","Four-wheel Drive",,,"Gasoline",,,"dealership","[PREMIUM]","West Palm Beach","FL","[PREMIUM]",,"[]",,,"[PREMIUM]"
"8b7605f7-2065-481f-b7a2-c3817d7c16d0","2026-05-28 23:47:33.238","2026-05-28 23:47:33.238","8b7605f7-2065-481f-b7a2-c3817d7c16d0","[PREMIUM]","New",2026,"Acura","MDX","w/Technology Package","[PREMIUM]","[PREMIUM]",20,"SUV","Blue",,"Front-wheel Drive",,,"Gasoline",,,"dealership","[PREMIUM]","Chamblee","GA","[PREMIUM]",,"[]",,,"[PREMIUM]"
"afbd9321-45c5-4786-bfd3-811504400027","2026-05-28 23:47:33.230","2026-05-28 23:47:33.230","afbd9321-45c5-4786-bfd3-811504400027","[PREMIUM]","New",2026,"Toyota","Tacoma","TRD Off Road","[PREMIUM]","[PREMIUM]",0,"Truck","UNDERGROUND","Black","Four-wheel Drive",,,"Gasoline",,,"dealership","[PREMIUM]","Culver City","CA","[PREMIUM]",,"[]",,,"[PREMIUM]"
"b0379e66-ffd5-4b36-8ad8-dcd31dcb4ab7","2026-05-28 23:47:01.176","2026-05-28 23:47:01.176","b0379e66-ffd5-4b36-8ad8-dcd31dcb4ab7","[PREMIUM]","New",2026,"Buick","Enclave","Avenir","[PREMIUM]","[PREMIUM]",1,"SUV","Cherry Red Tintcoat","Ebony","Front-wheel Drive",,,"Gasoline",,,"dealership","[PREMIUM]","Humble","TX","[PREMIUM]",,"[]",,,"[PREMIUM]"
"3b0a7e3e-660b-4ada-a193-1dfd1f09136f","2026-05-28 23:46:18.575","2026-05-28 23:46:18.575","3b0a7e3e-660b-4ada-a193-1dfd1f09136f","[PREMIUM]","New",2026,"Ford","Transit-350","Base","[PREMIUM]","[PREMIUM]",23,"Cargo Van","Oxford White","Dark Palazzo Gray","Rear-wheel Drive",,,"Gasoline",,,"dealership","[PREMIUM]","Katy","TX","[PREMIUM]",,"[]",,,"[PREMIUM]"
"6b88c4a1-b886-402e-ba98-a0e19ff361cb","2026-05-28 23:46:18.423","2026-05-28 23:46:18.423","6b88c4a1-b886-402e-ba98-a0e19ff361cb","[PREMIUM]","New",2026,"Mercedes-Benz","C-Class","C 300","[PREMIUM]","[PREMIUM]",15,"Sedan","Cirrus Silver Metallic","Macchiato Beige","Rear-wheel Drive",,,"Gasoline",,,"dealership","[PREMIUM]","Lafayette","LA","[PREMIUM]",,"[]",,,"[PREMIUM]"
"e2d1337d-4d6d-443d-9637-e8bd5a039c3c","2026-05-28 23:46:18.301","2026-05-28 23:46:18.301","e2d1337d-4d6d-443d-9637-e8bd5a039c3c","[PREMIUM]","New",2026,"Kia","Carnival Hybrid","SX Prestige","[PREMIUM]","[PREMIUM]",0,"Passenger Van","Ceramic Silver","Off-Black","Front-wheel Drive",,,"Hybrid",,,"dealership","[PREMIUM]","North Olmsted","OH","[PREMIUM]",,"[]",,,"[PREMIUM]"
"08c97378-739b-4856-b1d4-ead2cc29a30a","2026-05-28 23:46:18.166","2026-05-31 23:46:24.663","08c97378-739b-4856-b1d4-ead2cc29a30a","[PREMIUM]","New",2026,"Ford","F-350","XL","[PREMIUM]","[PREMIUM]",3,"Truck","Oxford White","As","Four-wheel Drive",,,"Gasoline",,,"dealership","[PREMIUM]","PATASKALA","OH","[PREMIUM]",,"[]",,,"[PREMIUM]"
"4f27fd6d-debc-4a8f-965e-921aecfadf90","2026-05-28 23:46:18.156","2026-05-31 23:46:24.486","4f27fd6d-debc-4a8f-965e-921aecfadf90","[PREMIUM]","New",2026,"Audi","Q5","Premium Plus TFSI quattro S tronic","[PREMIUM]","[PREMIUM]",4,"SUV","Glacier White Metallic","Pearl Beige interior","All-wheel Drive",,,"Gasoline",,,"dealership","[PREMIUM]","Houston","TX","[PREMIUM]",,"[]",,,"[PREMIUM]"
"187aa8d9-76be-4372-add1-1246e465f4bd","2026-05-28 23:45:26.245","2026-05-28 23:45:26.245","187aa8d9-76be-4372-add1-1246e465f4bd","[PREMIUM]","New",2026,"Toyota","Tundra","SR5","[PREMIUM]","[PREMIUM]",0,"Truck","06x3","Black","Four-wheel Drive",,,"Gasoline",,,"dealership","[PREMIUM]","Clarksville","IN","[PREMIUM]",,"[]",,,"[PREMIUM]"
"0d24affd-45b6-448e-97f2-1c83c9485d33","2026-05-28 23:45:26.229","2026-05-28 23:45:26.229","0d24affd-45b6-448e-97f2-1c83c9485d33","[PREMIUM]","New",2026,"BMW","X3","30 xDrive","[PREMIUM]","[PREMIUM]",4,"SUV","Dark Graphite Metallic","Beige","AWD",,,"Gasoline",,,"dealership","[PREMIUM]","Fort Lauderdale","FL","[PREMIUM]",,"[]",,,"[PREMIUM]"
"cf7767bc-72f0-4445-a107-fccedd7887cf","2026-05-28 23:45:13.656","2026-05-28 23:45:13.656","cf7767bc-72f0-4445-a107-fccedd7887cf","[PREMIUM]","New",2026,"RAM","1500","Big Horn/Lone Star","[PREMIUM]","[PREMIUM]",20,"Truck","Blue Metallic","Black","4WD",,,"Gasoline",,,"dealership","[PREMIUM]","Lawrence Township","NJ","[PREMIUM]",,"[]",,,"[PREMIUM]"
"1c450e26-2e18-4770-989b-a08534ade86f","2026-05-28 23:45:13.555","2026-05-28 23:45:13.555","1c450e26-2e18-4770-989b-a08534ade86f","[PREMIUM]","New",2026,"Chevrolet","Silverado 1500","RST","[PREMIUM]","[PREMIUM]",1,"Truck","Summit White","Jet Black","4WD",,,"Gasoline",,,"dealership","[PREMIUM]","Central Square","NY","[PREMIUM]",,"[]",,,"[PREMIUM]"
"b8414e55-6c98-4dab-b7a6-f625b8a5aa6b","2026-05-28 23:45:13.549","2026-05-28 23:45:13.549","b8414e55-6c98-4dab-b7a6-f625b8a5aa6b","[PREMIUM]","New",2026,"Mercedes-Benz","GLC 300","Base 4MATIC","[PREMIUM]","[PREMIUM]",11,"SUV","Polar White","Macchiato Beige","All-wheel Drive",,,"Gasoline",,,"dealership","[PREMIUM]","Washington","PA","[PREMIUM]",,"[]",,,"[PREMIUM]"
"96383f9f-a6d8-4acd-ac8f-c0c8c1bf9d9a","2026-05-28 23:45:13.531","2026-06-03 23:45:48.636","96383f9f-a6d8-4acd-ac8f-c0c8c1bf9d9a","[PREMIUM]","New",2026,"RAM","ProMaster 2500","High Roof","[PREMIUM]","[PREMIUM]",100,"Cargo Van","Bright White Clearcoat","Black","Front-wheel Drive",,,"Gasoline",,,"dealership","[PREMIUM]","Indianapolis","IN","[PREMIUM]",,"[]",,,"[PREMIUM]"
"b2484754-c966-4706-a2fc-9c731ca8c3f0","2026-05-28 23:44:41.810","2026-05-31 23:45:04.169","b2484754-c966-4706-a2fc-9c731ca8c3f0","[PREMIUM]","New",2026,"Mercedes-Benz","C-Class","C 300","[PREMIUM]","[PREMIUM]",7,"Sedan","Black","AMG Black","Rear-wheel Drive",,,"Gasoline",,,"dealership","[PREMIUM]","Pinellas Park","FL","[PREMIUM]",,"[]",,,"[PREMIUM]"
"53fbb05f-bdfc-4ce7-8620-91a4394234e2","2026-05-28 23:44:41.791","2026-05-28 23:44:41.791","53fbb05f-bdfc-4ce7-8620-91a4394234e2","[PREMIUM]","New",2026,"Ford","Explorer","ST","[PREMIUM]","[PREMIUM]",,"SUV","White","Onyx","4WD",,,"Gasoline",,,"dealership","[PREMIUM]","Doylestown","PA","[PREMIUM]",,"[]",,,"[PREMIUM]"
"5c9f596c-0b00-4043-b950-5515639a7a5c","2026-05-28 23:44:41.755","2026-06-03 23:45:48.684","5c9f596c-0b00-4043-b950-5515639a7a5c","[PREMIUM]","New",2026,"Chevrolet","Silverado 2500","WT","[PREMIUM]","[PREMIUM]",6,"Truck","White","Jet Black","Four-wheel Drive",,,"Gasoline",,,"dealership","[PREMIUM]","Fort Lupton","CO","[PREMIUM]",,"[]",,,"[PREMIUM]"
"7148a56a-bf55-4efe-8249-fd6864dfd0e9","2026-05-28 23:44:41.751","2026-05-28 23:44:41.751","7148a56a-bf55-4efe-8249-fd6864dfd0e9","[PREMIUM]","New",2026,"Ford","Explorer","Platinum","[PREMIUM]","[PREMIUM]",5,"SUV","White","Crystal Gray","Four-wheel Drive",,,"Gasoline",,,"dealership","[PREMIUM]","Decatur","IL","[PREMIUM]",,"[]",,,"[PREMIUM]"
"1be69d1b-a780-40f1-ae9e-7da4c2798270","2026-05-28 23:44:29.748","2026-05-31 23:44:43.832","1be69d1b-a780-40f1-ae9e-7da4c2798270","[PREMIUM]","New",2026,"Toyota","Tacoma","TRD Sport","[PREMIUM]","[PREMIUM]",0,"Truck","Brown","Black","Four-wheel Drive",,,"Gasoline",,,"dealership","[PREMIUM]","Monroeville","PA","[PREMIUM]",,"[]",,,"[PREMIUM]"
"f6736542-db13-4528-871b-14f866f8b35c","2026-05-28 23:44:29.737","2026-05-28 23:44:29.737","f6736542-db13-4528-871b-14f866f8b35c","[PREMIUM]","New",2026,"Hyundai","Palisade Hybrid","Calligraphy","[PREMIUM]","[PREMIUM]",5,"SUV","Gray","Black","AWD",,,"Hybrid",,,"dealership","[PREMIUM]","Florence","SC","[PREMIUM]",,"[]",,,"[PREMIUM]"
"a792fd17-8f9e-4770-af34-1f45693a3ecb","2026-05-28 23:44:27.714","2026-05-28 23:44:27.714","a792fd17-8f9e-4770-af34-1f45693a3ecb","[PREMIUM]","New",2026,"RAM","1500","Big Horn/Lone Star","[PREMIUM]","[PREMIUM]",4,"Truck","Granite Crystal Clearcoat Metallic","Black","Four-wheel Drive",,,"Gasoline",,,"dealership","[PREMIUM]","Langhorne","PA","[PREMIUM]",,"[]",,,"[PREMIUM]"
"0b47ba07-84e7-400b-938f-48978f27e23c","2026-05-28 23:44:26.391","2026-05-28 23:44:26.391","0b47ba07-84e7-400b-938f-48978f27e23c","[PREMIUM]","New",2026,"Lexus","RZ 450e","Premium","[PREMIUM]","[PREMIUM]",0,"SUV","Cloudburst Gray","Gray","All-wheel Drive",,,"Electric",,,"dealership","[PREMIUM]","Owings Mills","MD","[PREMIUM]",,"[]",,,"[PREMIUM]"
"8454f2fd-29b1-4eb1-b187-dfc4434e6bb3","2026-05-28 23:44:24.082","2026-06-03 23:45:48.650","8454f2fd-29b1-4eb1-b187-dfc4434e6bb3","[PREMIUM]","New",2026,"Hyundai","Palisade Hybrid","Calligraphy","[PREMIUM]","[PREMIUM]",5,"SUV","Gray Pearl","Gray","Front-wheel Drive",,,"Hybrid",,,"dealership","[PREMIUM]","Florence","SC","[PREMIUM]",,"[]",,,"[PREMIUM]"
"3a469e07-cb09-482d-8311-38697c1bbd52","2026-05-28 23:44:24.016","2026-05-28 23:44:24.016","3a469e07-cb09-482d-8311-38697c1bbd52","[PREMIUM]","New",2026,"Mercedes-Benz","GLC 300","Base 4MATIC","[PREMIUM]","[PREMIUM]",255,"SUV","Alpine Gray","Black","All-wheel Drive",,,"Gasoline",,,"dealership","[PREMIUM]","Englewood","NJ","[PREMIUM]",,"[]",,,"[PREMIUM]"
"e84f6d24-b00f-4d94-9392-768b648b298c","2026-05-28 23:44:22.324","2026-05-28 23:44:22.324","e84f6d24-b00f-4d94-9392-768b648b298c","[PREMIUM]","New",2026,"RAM","1500","Big Horn/Lone Star","[PREMIUM]","[PREMIUM]",0,"Truck","White","Black","4WD",,,"Gasoline",,,"dealership","[PREMIUM]","San Fernando","CA","[PREMIUM]",,"[]",,,"[PREMIUM]"
"b47bc5aa-e1b0-497f-8f59-937d98168971","2026-05-28 23:44:22.263","2026-05-28 23:44:22.263","b47bc5aa-e1b0-497f-8f59-937d98168971","[PREMIUM]","New",2026,"Ford","F-150","XLT","[PREMIUM]","[PREMIUM]",3,"Truck","Ruby Red Metallic","Black","4WD",,,"Gasoline",,,"dealership","[PREMIUM]","Woodhaven","MI","[PREMIUM]",,"[]",,,"[PREMIUM]"
"6e5e6fb9-5ee5-468a-877f-3ebd44d02ab7","2026-05-28 23:44:22.016","2026-05-28 23:44:22.016","6e5e6fb9-5ee5-468a-877f-3ebd44d02ab7","[PREMIUM]","New",2026,"RAM","1500","Big Horn/Lone Star","[PREMIUM]","[PREMIUM]",16,"Truck","Blue","Black","4WD",,,"Gasoline",,,"dealership","[PREMIUM]","New Richmond","WI","[PREMIUM]",,"[]",,,"[PREMIUM]"
"74ea45e2-e9ee-4a98-ad69-66ca9cd7c043","2026-05-28 23:44:21.930","2026-05-28 23:44:21.930","74ea45e2-e9ee-4a98-ad69-66ca9cd7c043","[PREMIUM]","New",2026,"GMC","Sierra 1500","SLT","[PREMIUM]","[PREMIUM]",1,"Truck","Black","Jet Black","4WD",,,"Gasoline",,,"dealership","[PREMIUM]","Milton","FL","[PREMIUM]",,"[]",,,"[PREMIUM]"
"8d5879ed-5d0d-41f5-8500-f81628a253b7","2026-05-28 23:44:21.913","2026-05-28 23:44:21.913","8d5879ed-5d0d-41f5-8500-f81628a253b7","[PREMIUM]","New",2026,"Toyota","Highlander Hybrid","Platinum","[PREMIUM]","[PREMIUM]",175,"SUV","Red","Black","All-wheel Drive",,,"Hybrid",,,"dealership","[PREMIUM]","Union Gap","WA","[PREMIUM]",,"[]",,,"[PREMIUM]"
"356f2a0f-c70a-4a33-9b9f-09661340d3e2","2026-05-28 23:44:21.878","2026-05-31 23:44:33.579","356f2a0f-c70a-4a33-9b9f-09661340d3e2","[PREMIUM]","New",2026,"Hyundai","Palisade Hybrid","Calligraphy","[PREMIUM]","[PREMIUM]",5,"SUV","Gray","Black","Front-wheel Drive",,,"Hybrid",,,"dealership","[PREMIUM]","Florence","SC","[PREMIUM]",,"[]",,,"[PREMIUM]"
"d44f66be-5924-4b26-bd3f-58df00dd250d","2026-05-28 23:44:09.300","2026-05-28 23:44:09.300","d44f66be-5924-4b26-bd3f-58df00dd250d","[PREMIUM]","New",2026,"Ford","F-150","XLT","[PREMIUM]","[PREMIUM]",12,"Truck","Carbonized Gray Metallic","Black","Four-wheel Drive",,,"Gasoline",,,"dealership","[PREMIUM]","Grapevine","TX","[PREMIUM]",,"[]",,,"[PREMIUM]"
"209cbb75-6696-4d0c-9ce2-a0496b8178dd","2026-05-28 23:44:09.288","2026-05-28 23:44:09.288","209cbb75-6696-4d0c-9ce2-a0496b8178dd","[PREMIUM]","New",2026,"Ford","F-150","Lariat","[PREMIUM]","[PREMIUM]",2,"Truck","Ruby Red Metallic Tinted Clearcoat","Black","Four-wheel Drive",,,"Gasoline",,,"dealership","[PREMIUM]","Grapevine","TX","[PREMIUM]",,"[]",,,"[PREMIUM]"
"bb5e37ee-2d4e-4a4c-a117-4afe6e5ec4d5","2026-05-28 23:44:09.257","2026-05-28 23:44:09.257","bb5e37ee-2d4e-4a4c-a117-4afe6e5ec4d5","[PREMIUM]","Used",2026,"Jeep","Wrangler","Rubicon","[PREMIUM]","[PREMIUM]",3016,"SUV","Mojito Clearcoat","Black","Four-wheel Drive",,,"Gasoline",,,"dealership","[PREMIUM]","Phoenix","AZ","[PREMIUM]",,"[]",,,"[PREMIUM]"
"97540372-9124-413f-887d-19f60030cacc","2026-05-28 23:43:55.480","2026-05-28 23:43:55.480","97540372-9124-413f-887d-19f60030cacc","[PREMIUM]","New",2026,"Ford","Explorer","ST","[PREMIUM]","[PREMIUM]",7,"SUV","Carbonized Gray Metallic","Onyx","Four-wheel Drive",,,"Gasoline",,,"dealership","[PREMIUM]","Colusa","CA","[PREMIUM]",,"[]",,,"[PREMIUM]"
"1b413c35-5e1c-4e85-9285-2432666c0be7","2026-05-28 23:43:55.446","2026-05-28 23:43:55.446","1b413c35-5e1c-4e85-9285-2432666c0be7","[PREMIUM]","New",2026,"Ford","F-150","STX","[PREMIUM]","[PREMIUM]",17,"Truck","Carbonized Gray Metallic","Black","Four-wheel Drive",,,"Gasoline",,,"dealership","[PREMIUM]","Colusa","CA","[PREMIUM]",,"[]",,,"[PREMIUM]"
"cd2f668d-7543-4702-9c1e-d7c039cce104","2026-05-28 23:43:55.428","2026-05-28 23:43:55.428","cd2f668d-7543-4702-9c1e-d7c039cce104","[PREMIUM]","New",2026,"Ford","Explorer","ST","[PREMIUM]","[PREMIUM]",,"SUV","Gray Metallic","Onyx","Four-wheel Drive",,,"Gasoline",,,"dealership","[PREMIUM]","Colusa","CA","[PREMIUM]",,"[]",,,"[PREMIUM]"
"714942d8-0850-4f88-a22a-c15b85e373fb","2026-05-28 23:43:55.415","2026-05-28 23:43:55.415","714942d8-0850-4f88-a22a-c15b85e373fb","[PREMIUM]","New",2026,"RAM","1500","Big Horn/Lone Star","[PREMIUM]","[PREMIUM]",10,"Truck","Granite Crystal Clearcoat Metallic","Black","4WD",,,"Gasoline",,,"dealership","[PREMIUM]","Oak Ridge","TN","[PREMIUM]",,"[]",,,"[PREMIUM]"
"985be294-bb55-4f09-a995-e5a9c91eaf4b","2026-05-28 23:43:55.377","2026-05-28 23:43:55.377","985be294-bb55-4f09-a995-e5a9c91eaf4b","[PREMIUM]","New",2026,"RAM","1500","Big Horn/Lone Star","[PREMIUM]","[PREMIUM]",3,"Truck","Canyon","Black","4WD",,,"Gasoline",,,"dealership","[PREMIUM]","Oak Ridge","TN","[PREMIUM]",,"[]",,,"[PREMIUM]"
"8a78c358-7818-4416-b0e5-578db0863413","2026-05-28 23:43:55.331","2026-05-28 23:43:55.331","8a78c358-7818-4416-b0e5-578db0863413","[PREMIUM]","New",2026,"Ford","F-150","XLT","[PREMIUM]","[PREMIUM]",9,"Truck","Iconic Silver Metallic","Black","Four-wheel Drive",,,"Gasoline",,,"dealership","[PREMIUM]","Colusa","CA","[PREMIUM]",,"[]",,,"[PREMIUM]"
"ea9b0924-e02b-41e5-80d5-cd922be6d0a1","2026-05-28 23:43:55.303","2026-05-28 23:43:55.303","ea9b0924-e02b-41e5-80d5-cd922be6d0a1","[PREMIUM]","New",2026,"Toyota","Grand Highlander Hybrid","Limited","[PREMIUM]","[PREMIUM]",0,"SUV","Heavy Metal","Black Leather","All-wheel Drive",,,"Hybrid",,,"dealership","[PREMIUM]","West Covina","CA","[PREMIUM]",,"[]",,,"[PREMIUM]"
"70b5f3e2-c360-45a0-b17d-e176ef724e2b","2026-05-28 23:43:42.776","2026-05-28 23:43:42.776","70b5f3e2-c360-45a0-b17d-e176ef724e2b","[PREMIUM]","New",2026,"Ford","F-150","XLT","[PREMIUM]","[PREMIUM]",1,"Truck","Oxford White","Black w/Medium Dark Slate","Four-wheel Drive",,,"Gasoline",,,"dealership","[PREMIUM]","Maurice","LA","[PREMIUM]",,"[]",,,"[PREMIUM]"
"11e79709-70dc-4d44-85e0-601e1228e795","2026-05-28 23:43:42.596","2026-05-28 23:43:42.596","11e79709-70dc-4d44-85e0-601e1228e795","[PREMIUM]","New",2026,"Toyota","Highlander Hybrid","Platinum","[PREMIUM]","[PREMIUM]",10,"SUV","Ruby_Flare_Pearl","Black Leather T","All-wheel Drive",,,"Hybrid",,,"dealership","[PREMIUM]","Phoenix","AZ","[PREMIUM]",,"[]",,,"[PREMIUM]"
"526d8dd2-5d74-42ce-b298-2037ce21f8e3","2026-05-28 23:43:42.595","2026-05-28 23:43:42.595","526d8dd2-5d74-42ce-b298-2037ce21f8e3","[PREMIUM]","New",2026,"Volvo","XC60","B5 Plus","[PREMIUM]","[PREMIUM]",0,"SUV","Denim Blue","Cardamom Nordico","All-wheel Drive",,,"Gasoline",,,"dealership","[PREMIUM]","Frisco","TX","[PREMIUM]",,"[]",,,"[PREMIUM]"
"997c7a98-aa0d-44d3-be3a-1498c5b9b21a","2026-05-28 23:43:42.595","2026-05-28 23:43:42.595","997c7a98-aa0d-44d3-be3a-1498c5b9b21a","[PREMIUM]","New",2026,"Ford","Transit-250","Base","[PREMIUM]","[PREMIUM]",57,"Cargo Van","Oxford White","Dark Palazzo Gray","Rear-wheel Drive",,,"Gasoline",,,"dealership","[PREMIUM]","Tarpon Springs","FL","[PREMIUM]",,"[]",,,"[PREMIUM]"
"a02d3e02-3893-4a5c-bfe8-1f4c1f81f2ae","2026-05-28 23:43:42.577","2026-05-28 23:43:42.577","a02d3e02-3893-4a5c-bfe8-1f4c1f81f2ae","[PREMIUM]","New",2026,"Toyota","Tundra","SR5","[PREMIUM]","[PREMIUM]",0,"Truck","Midnight Black Metallic","Black Fabric","Four-wheel Drive",,,"Gasoline",,,"dealership","[PREMIUM]","Warren","MI","[PREMIUM]",,"[]",,,"[PREMIUM]"
"9c090a02-873a-46f1-9d07-e3d281c3379c","2026-05-28 23:43:42.565","2026-05-28 23:43:42.565","9c090a02-873a-46f1-9d07-e3d281c3379c","[PREMIUM]","New",2026,"Ford","F-150","XLT","[PREMIUM]","[PREMIUM]",3,"Truck","Carbonized Gray Metallic","Black","Four-wheel Drive",,,"Gasoline",,,"dealership","[PREMIUM]","Mesquite","TX","[PREMIUM]",,"[]",,,"[PREMIUM]"
"15784124-8035-48a1-a24b-0a06267aa598","2026-05-28 23:43:30.841","2026-05-28 23:43:30.841","15784124-8035-48a1-a24b-0a06267aa598","[PREMIUM]","New",2026,"Toyota","Highlander Hybrid","Platinum","[PREMIUM]","[PREMIUM]",2,"SUV","Blueprint","Graphite","All-wheel Drive",,,"Hybrid",,,"dealership","[PREMIUM]","Peoria","AZ","[PREMIUM]",,"[]",,,"[PREMIUM]"
"ea077a37-c2c6-43f1-b629-40453dc4a74e","2026-05-28 23:43:30.757","2026-05-28 23:43:30.757","ea077a37-c2c6-43f1-b629-40453dc4a74e","[PREMIUM]","New",2026,"Cadillac","OPTIQ","Sport","[PREMIUM]","[PREMIUM]",6,"SUV","Argent Silver Metallic","Gray","All-wheel Drive",,,"Electric",,,"dealership","[PREMIUM]","Orlando","FL","[PREMIUM]",,"[]",,,"[PREMIUM]"
"d7bcec44-796b-47c9-96e0-c04175c96ae6","2026-05-28 23:43:30.748","2026-05-28 23:43:30.748","d7bcec44-796b-47c9-96e0-c04175c96ae6","[PREMIUM]","New",2026,"Ford","F-250","XL","[PREMIUM]","[PREMIUM]",154,"Truck","Agate Black Metallic","Medium Dark Slate","Four-wheel Drive",,,"Gasoline",,,"dealership","[PREMIUM]","North Riverside","IL","[PREMIUM]",,"[]",,,"[PREMIUM]"
"78d1e311-79ee-44db-8014-c2418db3ffbc","2026-05-28 23:43:25.629","2026-05-28 23:43:25.629","78d1e311-79ee-44db-8014-c2418db3ffbc","[PREMIUM]","New",2026,"Ford","F-150","XLT","[PREMIUM]","[PREMIUM]",1186,"Truck","Iconic Silver Metallic","Black","Four-wheel Drive",,,"Gasoline",,,"dealership","[PREMIUM]","Livonia","MI","[PREMIUM]",,"[]",,,"[PREMIUM]"
"afc1889f-ef1c-4394-aae9-75ebe5afa65b","2026-05-28 23:43:25.452","2026-05-28 23:43:25.452","afc1889f-ef1c-4394-aae9-75ebe5afa65b","[PREMIUM]","New",2026,"Chevrolet","Colorado","ZR2","[PREMIUM]","[PREMIUM]",15,"Truck","White Sand","Jet Black","4WD",,,"Gasoline",,,"dealership","[PREMIUM]","Tulsa","OK","[PREMIUM]",,"[]",,,"[PREMIUM]"
"87171a09-4f01-48f4-a4c8-69efbc381ddc","2026-05-28 23:43:25.382","2026-05-28 23:43:25.382","87171a09-4f01-48f4-a4c8-69efbc381ddc","[PREMIUM]","New",2026,"RAM","1500","Warlock Crew Cab 4x4 5&#39;7&#39; Box","[PREMIUM]","[PREMIUM]",9,"Truck","Forged Blue Metallic","Black","Four-wheel Drive",,,"Gasoline",,,"dealership","[PREMIUM]","Ottawa","KS","[PREMIUM]",,"[]",,,"[PREMIUM]"
"e37fe4dc-90a6-4937-baae-f09c80fdd4c2","2026-05-28 23:43:25.377","2026-06-03 23:44:04.523","e37fe4dc-90a6-4937-baae-f09c80fdd4c2","[PREMIUM]","New",2026,"Toyota","Grand Highlander","Limited","[PREMIUM]","[PREMIUM]",0,"SUV","Blueprint","Light Gray","All-wheel Drive",,,"Gasoline",,,"dealership","[PREMIUM]","North Kingstown","RI","[PREMIUM]",,"[]",,,"[PREMIUM]"
"6d477f4e-4dc3-4c6b-995a-4a8ea4508c77","2026-05-28 23:43:25.353","2026-05-28 23:43:25.353","6d477f4e-4dc3-4c6b-995a-4a8ea4508c77","[PREMIUM]","New",2026,"BMW","X3","30 xDrive","[PREMIUM]","[PREMIUM]",5,"SUV","Skyscraper Grey Metallic","Black","All-wheel Drive",,,"Gasoline",,,"dealership","[PREMIUM]","Springfield","MO","[PREMIUM]",,"[]",,,"[PREMIUM]"
"e430c0af-8e23-49b6-af75-b374f6400bca","2026-05-28 23:43:25.338","2026-05-28 23:43:25.338","e430c0af-8e23-49b6-af75-b374f6400bca","[PREMIUM]","New",2026,"BMW","330","NA","[PREMIUM]","[PREMIUM]",3,"Sedan","Black Sapphire Metallic","Black","Rear-wheel Drive",,,"Gasoline",,,"dealership","[PREMIUM]","Los Angeles","CA","[PREMIUM]",,"[]",,,"[PREMIUM]"
"1dc41153-4eef-42bb-81a0-4c49077fb05f","2026-05-28 23:43:25.326","2026-05-28 23:43:25.326","1dc41153-4eef-42bb-81a0-4c49077fb05f","[PREMIUM]","New",2026,"Chevrolet","Traverse","RS","[PREMIUM]","[PREMIUM]",,"SUV","Mosaic Black Metallic","Jet Black","AWD",,,"Gasoline",,,"dealership","[PREMIUM]","Beaverton","OR","[PREMIUM]",,"[]",,,"[PREMIUM]"
"5348aace-ed16-46ec-9d08-8cf59cd3ff39","2026-05-28 23:43:25.325","2026-05-28 23:43:25.325","5348aace-ed16-46ec-9d08-8cf59cd3ff39","[PREMIUM]","New",2026,"Chevrolet","Silverado 1500","RST","[PREMIUM]","[PREMIUM]",8,"Truck","Sterling Gray Metallic","Jet Black","4WD",,,"Gasoline",,,"dealership","[PREMIUM]","Beaverton","OR","[PREMIUM]",,"[]",,,"[PREMIUM]"
"903e315e-12c8-4905-a45c-7bd35b02f27a","2026-05-28 23:43:25.294","2026-05-28 23:43:25.294","903e315e-12c8-4905-a45c-7bd35b02f27a","[PREMIUM]","New",2026,"Kia","EV9","Wind","[PREMIUM]","[PREMIUM]",5,"SUV","Panthera Metal","Gray","All-wheel Drive",,,"Electric",,,"dealership","[PREMIUM]","Covina","CA","[PREMIUM]",,"[]",,,"[PREMIUM]"
"0f6c68d7-8851-49da-9cfd-242ef6a00699","2026-05-28 23:43:25.280","2026-05-28 23:43:25.280","0f6c68d7-8851-49da-9cfd-242ef6a00699","[PREMIUM]","New",2026,"Ford","F-150","XLT","[PREMIUM]","[PREMIUM]",1226,"Truck","Iconic Silver Metallic","Black","Four-wheel Drive",,,"Gasoline",,,"dealership","[PREMIUM]","Livonia","MI","[PREMIUM]",,"[]",,,"[PREMIUM]"
"a08f125f-e22f-447c-9204-e5045d512ba2","2026-05-28 23:43:25.242","2026-05-28 23:43:25.242","a08f125f-e22f-447c-9204-e5045d512ba2","[PREMIUM]","New",2026,"Ford","F-150","XLT","[PREMIUM]","[PREMIUM]",1043,"Truck","Agate Black Metallic","Black","Four-wheel Drive",,,"Gasoline",,,"dealership","[PREMIUM]","Livonia","MI","[PREMIUM]",,"[]",,,"[PREMIUM]"
"494f1b97-6bac-48ff-ad2d-c873866677bb","2026-05-28 23:43:25.234","2026-05-28 23:43:25.234","494f1b97-6bac-48ff-ad2d-c873866677bb","[PREMIUM]","New",2026,"Ford","F-150","XLT","[PREMIUM]","[PREMIUM]",1168,"Truck","Avalanche","Black","Four-wheel Drive",,,"Gasoline",,,"dealership","[PREMIUM]","Livonia","MI","[PREMIUM]",,"[]",,,"[PREMIUM]"
"04552ea8-bc1b-4091-a255-ee64994d2e7c","2026-05-28 23:43:03.108","2026-05-31 23:43:13.273","04552ea8-bc1b-4091-a255-ee64994d2e7c","[PREMIUM]","New",2026,"Chevrolet","Silverado 1500","LTZ","[PREMIUM]","[PREMIUM]",0,"Truck","Cypress Gray","Jet Black","Four-wheel Drive",,,"Gasoline",,,"dealership","[PREMIUM]","Cut Off","LA","[PREMIUM]",,"[]",,,"[PREMIUM]"
"75d65098-4fd1-4aa6-8a54-7550743e70dd","2026-05-28 23:42:51.550","2026-05-28 23:42:51.550","75d65098-4fd1-4aa6-8a54-7550743e70dd","[PREMIUM]","New",2026,"Chevrolet","Silverado 1500","LT Trail Boss","[PREMIUM]","[PREMIUM]",1,"Truck","Summit White","Jet Black, Leather-appointed front outboard seating positions","Four-wheel Drive",,,"Gasoline",,,"dealership","[PREMIUM]","Bartow","FL","[PREMIUM]",,"[]",,,"[PREMIUM]"
"c065aabb-6b64-4008-89a2-4cf80aa15ee7","2026-05-28 23:42:51.200","2026-05-28 23:42:51.200","c065aabb-6b64-4008-89a2-4cf80aa15ee7","[PREMIUM]","New",2026,"Chevrolet","Traverse","AWD Z71","[PREMIUM]","[PREMIUM]",0,"SUV","Polar White Tricoat","Jet Black w/Torch Red Stitching","All-wheel Drive",,,"Gasoline",,,"dealership","[PREMIUM]","Cut Off","LA","[PREMIUM]",,"[]",,,"[PREMIUM]"
"5873b5c0-de86-4b1c-929c-b81380c2c28b","2026-05-28 23:42:51.168","2026-05-28 23:42:51.168","5873b5c0-de86-4b1c-929c-b81380c2c28b","[PREMIUM]","New",2026,"Toyota","Grand Highlander","Limited","[PREMIUM]","[PREMIUM]",0,"SUV","Midnight Black Metallic","Black Leather","Front-wheel Drive",,,"Gasoline",,,"dealership","[PREMIUM]","Lubbock","TX","[PREMIUM]",,"[]",,,"[PREMIUM]"
"d2c5be3a-924b-46ba-8c5f-d010f1bf3df2","2026-05-28 23:42:51.166","2026-05-28 23:42:51.166","d2c5be3a-924b-46ba-8c5f-d010f1bf3df2","[PREMIUM]","New",2026,"Jeep","Wrangler","4-Door Sahara 4x4","[PREMIUM]","[PREMIUM]",0,"SUV","White","Black","Four-wheel Drive",,,"Gasoline",,,"dealership","[PREMIUM]","Norwood","MA","[PREMIUM]",,"[]",,,"[PREMIUM]"
"98c6eeda-15f3-4b67-ba07-06863e487155","2026-05-28 23:42:51.164","2026-05-28 23:42:51.164","98c6eeda-15f3-4b67-ba07-06863e487155","[PREMIUM]","New",2026,"Dodge","Durango","GT Plus","[PREMIUM]","[PREMIUM]",1,"SUV","Night Moves","Black","All-wheel Drive",,,"Gasoline",,,"dealership","[PREMIUM]","Avon","NY","[PREMIUM]",,"[]",,,"[PREMIUM]"
"a2107745-0ef5-4f72-8bdc-a6c88679b9fc","2026-05-28 23:42:49.229","2026-05-28 23:42:49.229","a2107745-0ef5-4f72-8bdc-a6c88679b9fc","[PREMIUM]","New",2026,"Toyota","Tacoma","TRD Off Road","[PREMIUM]","[PREMIUM]",0,"Truck","Ice Cap","Black","Four-wheel Drive",,,"Gasoline",,,"dealership","[PREMIUM]","Vallejo","CA","[PREMIUM]",,"[]",,,"[PREMIUM]"
"d238d32e-6dba-40ec-9550-2c1e18398c3d","2026-05-28 23:42:46.853","2026-05-28 23:42:46.853","d238d32e-6dba-40ec-9550-2c1e18398c3d","[PREMIUM]","New",2026,"Lincoln","Nautilus","Premiere","[PREMIUM]","[PREMIUM]",10,"SUV","WHISPER BLUE MET CC","BLACK ONYX LINCOLN SOFT TCH","All-wheel Drive",,,"Gasoline",,,"dealership","[PREMIUM]","Saint Peters","MO","[PREMIUM]",,"[]",,,"[PREMIUM]"
"29adbb48-b9db-4599-98be-abef0acf2afd","2026-05-28 23:42:46.748","2026-05-31 23:42:53.187","29adbb48-b9db-4599-98be-abef0acf2afd","[PREMIUM]","New",2026,"Jeep","Wrangler","Willys","[PREMIUM]","[PREMIUM]",0,"SUV","Black Clearcoat","Black w/Cloth Low-Back Bucket Seats or Cloth Seat","Four-wheel Drive",,,"Gasoline",,,"dealership","[PREMIUM]","Concord","NH","[PREMIUM]",,"[]",,,"[PREMIUM]"
"dde9e77c-ee30-486a-af7d-e2672b3b8b29","2026-05-28 23:42:46.742","2026-05-28 23:42:46.742","dde9e77c-ee30-486a-af7d-e2672b3b8b29","[PREMIUM]","New",2026,"Toyota","4Runner","TRD Sport Premium","[PREMIUM]","[PREMIUM]",6,"SUV","Heritage Blue","Black","Four Wheel Drive",,,"Regular unleaded",,,"dealership","[PREMIUM]","Corbin","KY","[PREMIUM]",,"[]",,,"[PREMIUM]"
"46032251-22ad-4f37-987f-8f252be5d104","2026-05-28 23:42:44.689","2026-05-31 23:42:53.266","46032251-22ad-4f37-987f-8f252be5d104","[PREMIUM]","New",2026,"Toyota","Grand Highlander","Platinum","[PREMIUM]","[PREMIUM]",0,"SUV","Storm Cloud","Light Gray Leather","All-wheel Drive",,,"Gasoline",,,"dealership","[PREMIUM]","Hiawatha","IA","[PREMIUM]",,"[]",,,"[PREMIUM]"
"fbd10257-0838-4f10-be8f-6aa4641e04c0","2026-05-28 23:42:44.634","2026-05-28 23:42:44.634","fbd10257-0838-4f10-be8f-6aa4641e04c0","[PREMIUM]","New",2026,"BMW","X3","30 xDrive","[PREMIUM]","[PREMIUM]",1,"SUV","Brooklyn Grey Metallic","Black","All-wheel Drive",,,"Gasoline",,,"dealership","[PREMIUM]","Middletown","RI","[PREMIUM]",,"[]",,,"[PREMIUM]"
"9eef7900-9c0d-4656-9a94-5e945f38f56c","2026-05-28 23:42:44.562","2026-05-28 23:42:44.562","9eef7900-9c0d-4656-9a94-5e945f38f56c","[PREMIUM]","New",2026,"Ford","Bronco","Heritage Edition","[PREMIUM]","[PREMIUM]",0,"SUV","Desert Sand","Navy Pier","Four-wheel Drive",,,"Gasoline",,,"dealership","[PREMIUM]","San Antonio","TX","[PREMIUM]",,"[]",,,"[PREMIUM]"
"0aa51893-1861-478e-9337-cc0718435c05","2026-05-28 23:42:44.559","2026-05-28 23:42:44.559","0aa51893-1861-478e-9337-cc0718435c05","[PREMIUM]","New",2026,"Ford","F-250","XL","[PREMIUM]","[PREMIUM]",16,"Truck","Carbonized Gray Metallic","Medium Dark Slate","Four-wheel Drive",,,"Gasoline",,,"dealership","[PREMIUM]","Cathedral City","CA","[PREMIUM]",,"[]",,,"[PREMIUM]"
"11855f0b-623d-4f4c-b42f-ee647e8794d6","2026-05-28 23:42:33.385","2026-05-28 23:42:33.385","11855f0b-623d-4f4c-b42f-ee647e8794d6","[PREMIUM]","New",2026,"Lincoln","Nautilus","Premiere","[PREMIUM]","[PREMIUM]",0,"SUV","WHITE PLATINUM MET 3C","MD LT SPC GRY LINCOLN SFT TCH","All-wheel Drive",,,"Gasoline",,,"dealership","[PREMIUM]","Tampa","FL","[PREMIUM]",,"[]",,,"[PREMIUM]"
"a7ad3982-f86d-4ab1-8a52-cac934a7562f","2026-05-28 23:42:31.720","2026-05-28 23:42:31.720","a7ad3982-f86d-4ab1-8a52-cac934a7562f","[PREMIUM]","New",2026,"Ford","Bronco","Outer Banks","[PREMIUM]","[PREMIUM]",16,"SUV","Ruby Red Metallic Tinted Clearcoat","Black Onyx","Four-wheel Drive",,,"Gasoline",,,"dealership","[PREMIUM]","Cathedral City","CA","[PREMIUM]",,"[]",,,"[PREMIUM]"
"e4e66f68-8f58-41fc-ada1-09c229435648","2026-05-28 23:42:30.145","2026-05-28 23:42:30.145","e4e66f68-8f58-41fc-ada1-09c229435648","[PREMIUM]","New",2026,"BMW","330","i xDrive","[PREMIUM]","[PREMIUM]",10,"Sedan","Alpine White","Tacora Red","All-wheel Drive",,,"Gasoline",,,"dealership","[PREMIUM]","Middletown","RI","[PREMIUM]",,"[]",,,"[PREMIUM]"
"ea2a1061-497c-40d6-94a1-54576fd1ece2","2026-05-28 23:42:30.132","2026-05-28 23:42:30.132","ea2a1061-497c-40d6-94a1-54576fd1ece2","[PREMIUM]","New",2026,"RAM","1500","Big Horn/Lone Star","[PREMIUM]","[PREMIUM]",3,"Truck","Forged Blue Metallic","Black","Four-wheel Drive",,,"Gasoline",,,"dealership","[PREMIUM]","Brunswick","OH","[PREMIUM]",,"[]",,,"[PREMIUM]"
"cd0f2602-5083-4bbb-87d3-b56d1aa379bb","2026-05-28 23:42:30.072","2026-05-28 23:42:30.072","cd0f2602-5083-4bbb-87d3-b56d1aa379bb","[PREMIUM]","Used",2026,"Genesis","GV70","3.5T Sport Advanced","[PREMIUM]","[PREMIUM]",3078,"SUV","White","Ultramarine Blue","All-wheel Drive",,,"Gasoline",,,"dealership","[PREMIUM]","Cary","NC","[PREMIUM]",,"[]",,,"[PREMIUM]"
"bb2d8813-791f-4130-9722-ded8ad0a2543","2026-05-28 23:42:30.069","2026-05-28 23:42:30.069","bb2d8813-791f-4130-9722-ded8ad0a2543","[PREMIUM]","New",2026,"Lincoln","Nautilus","Premiere","[PREMIUM]","[PREMIUM]",0,"SUV","GRAY MATTER MET CC","MD LT SPC GRY LINCOLN SFT TCH","All-wheel Drive",,,"Gasoline",,,"dealership","[PREMIUM]","Tampa","FL","[PREMIUM]",,"[]",,,"[PREMIUM]"
"b6a6bf68-fe4b-4523-a6d8-e65182c1333e","2026-05-28 23:42:27.232","2026-05-28 23:42:27.232","b6a6bf68-fe4b-4523-a6d8-e65182c1333e","[PREMIUM]","New",2026,"Hyundai","Palisade Hybrid","Calligraphy","[PREMIUM]","[PREMIUM]",1,"SUV","Abyss Black","Gray/Navy","Front-wheel Drive",,,"Gasoline",,,"dealership","[PREMIUM]","Bentonville","AR","[PREMIUM]",,"[]",,,"[PREMIUM]"
"7af99cb6-5a4a-4580-9dcb-547bd567a2c9","2026-05-28 23:42:27.230","2026-05-28 23:42:27.230","7af99cb6-5a4a-4580-9dcb-547bd567a2c9","[PREMIUM]","New",2026,"Toyota","Sienna","Woodland Edition","[PREMIUM]","[PREMIUM]",15,"Passenger Van","Cement","Black","All-wheel Drive",,,"Gasoline",,,"dealership","[PREMIUM]","Prescott","AZ","[PREMIUM]",,"[]",,,"[PREMIUM]"
"4199d1c5-9f4b-4ef7-b55f-4abafd4f409b","2026-05-28 23:42:27.223","2026-05-28 23:42:27.223","4199d1c5-9f4b-4ef7-b55f-4abafd4f409b","[PREMIUM]","New",2026,"Ford","F-150","XLT","[PREMIUM]","[PREMIUM]",1975,"Truck","Oxford White","Black","Four-wheel Drive",,,"Gasoline",,,"dealership","[PREMIUM]","Mentor","OH","[PREMIUM]",,"[]",,,"[PREMIUM]"
"540d6df4-0cc3-45df-b359-2e3e89db98b9","2026-05-28 23:42:27.145","2026-05-28 23:42:27.145","540d6df4-0cc3-45df-b359-2e3e89db98b9","[PREMIUM]","New",2026,"Nissan","Pathfinder","Platinum","[PREMIUM]","[PREMIUM]",0,"SUV","White Pearl","Charcoal","Four-wheel Drive",,,"Gasoline",,,"dealership","[PREMIUM]","Eau Claire","WI","[PREMIUM]",,"[]",,,"[PREMIUM]"
"aecc5a0f-d15a-43d5-9c2b-2ab95e7bcdd6","2026-05-28 23:42:27.143","2026-05-28 23:42:27.143","aecc5a0f-d15a-43d5-9c2b-2ab95e7bcdd6","[PREMIUM]","New",2026,"Ford","F-150","XLT","[PREMIUM]","[PREMIUM]",1316,"Truck","Agate Black","Black","Four-wheel Drive",,,"Gasoline",,,"dealership","[PREMIUM]","Mentor","OH","[PREMIUM]",,"[]",,,"[PREMIUM]"
"44d7b389-de54-4c88-b0fd-f481e793bfc3","2026-05-28 23:42:27.122","2026-05-28 23:42:27.122","44d7b389-de54-4c88-b0fd-f481e793bfc3","[PREMIUM]","New",2026,"Ford","Bronco","Heritage Edition","[PREMIUM]","[PREMIUM]",1,"SUV","Avalanche Gray","Navy Pier","Four-wheel Drive",,,"Gasoline",,,"dealership","[PREMIUM]","Maurice","LA","[PREMIUM]",,"[]",,,"[PREMIUM]"
"283b4aab-b748-4506-8326-e75752f1fc90","2026-05-28 23:42:27.118","2026-05-31 23:42:32.837","283b4aab-b748-4506-8326-e75752f1fc90","[PREMIUM]","New",2026,"Honda","Pilot","Elite","[PREMIUM]","[PREMIUM]",3,"SUV","Bv","Bwn Lth &amp;Clth","All-wheel Drive",,,"Gasoline",,,"dealership","[PREMIUM]","Frederick","MD","[PREMIUM]",,"[]",,,"[PREMIUM]"
"bc72928a-db76-4aaf-ac3c-4b70d4280d71","2026-05-28 23:42:27.113","2026-05-28 23:42:27.113","bc72928a-db76-4aaf-ac3c-4b70d4280d71","[PREMIUM]","New",2026,"Toyota","Grand Highlander","Platinum","[PREMIUM]","[PREMIUM]",42,"SUV","Heavy Metal","Black","All-wheel Drive",,,"Gasoline",,,"dealership","[PREMIUM]","Greeley","CO","[PREMIUM]",,"[]",,,"[PREMIUM]"
"52b934c2-0ace-4333-ad59-d497ff9e2cb4","2026-05-28 23:42:22.523","2026-05-28 23:42:22.523","52b934c2-0ace-4333-ad59-d497ff9e2cb4","[PREMIUM]","New",2026,"Dodge","Charger","R/T","[PREMIUM]","[PREMIUM]",19,"Sedan","Dark","Black","All-wheel Drive",,,"Gasoline",,,"dealership","[PREMIUM]","Newark","CA","[PREMIUM]",,"[]",,,"[PREMIUM]"
"0e2c638b-1797-4a6b-80a2-a652f804e5da","2026-05-28 23:42:22.391","2026-05-31 23:42:53.226","0e2c638b-1797-4a6b-80a2-a652f804e5da","[PREMIUM]","New",2026,"Jeep","Wrangler","Rubicon","[PREMIUM]","[PREMIUM]",2,"SUV","Black Clearcoat","Black","Four-wheel Drive",,,"Gasoline",,,"dealership","[PREMIUM]","Newark","CA","[PREMIUM]",,"[]",,,"[PREMIUM]"
"c1d18663-9355-4a24-93f7-40e52bd53b14","2026-05-28 23:42:22.299","2026-05-28 23:42:22.299","c1d18663-9355-4a24-93f7-40e52bd53b14","[PREMIUM]","New",2026,"Jeep","Wrangler","Rubicon","[PREMIUM]","[PREMIUM]",13,"SUV","Bright White Clearcoat","Black","Four-wheel Drive",,,"Gasoline",,,"dealership","[PREMIUM]","Newark","CA","[PREMIUM]",,"[]",,,"[PREMIUM]"
"ee216620-6318-4041-881d-5c0d19f35dbc","2026-05-28 23:42:22.202","2026-05-28 23:42:22.202","ee216620-6318-4041-881d-5c0d19f35dbc","[PREMIUM]","New",2026,"Dodge","Charger","R/T","[PREMIUM]","[PREMIUM]",15,"Sedan","Diamond Black","Black","All-wheel Drive",,,"Gasoline",,,"dealership","[PREMIUM]","Newark","CA","[PREMIUM]",,"[]",,,"[PREMIUM]"
"a585f7ee-5132-4ed0-9d46-844ccab26b4a","2026-05-28 23:42:22.187","2026-05-28 23:42:22.187","a585f7ee-5132-4ed0-9d46-844ccab26b4a","[PREMIUM]","New",2026,"Jeep","Wrangler","Rubicon","[PREMIUM]","[PREMIUM]",14,"SUV","Black Clearcoat","Black","Four-wheel Drive",,,"Gasoline",,,"dealership","[PREMIUM]","Newark","CA","[PREMIUM]",,"[]",,,"[PREMIUM]"
"aa369c98-d9c9-433f-a010-226fd0b0e28f","2026-05-28 23:42:22.103","2026-05-28 23:42:22.103","aa369c98-d9c9-433f-a010-226fd0b0e28f","[PREMIUM]","New",2026,"Cadillac","OPTIQ","Sport","[PREMIUM]","[PREMIUM]",2050,"SUV","Radiant Red","Sky Gry With Santori","Rear-wheel Drive",,,"Electric",,,"dealership","[PREMIUM]","Jefferson City","MO","[PREMIUM]",,"[]",,,"[PREMIUM]"
"ead396aa-ec49-4cf9-a169-e814186c6b57","2026-05-28 23:42:09.730","2026-05-28 23:42:09.730","ead396aa-ec49-4cf9-a169-e814186c6b57","[PREMIUM]","New",2026,"Jeep","Wrangler","4-Door Sahara 4x4","[PREMIUM]","[PREMIUM]",0,"SUV","Hydro Blue Pearlcoat","Black","Four-wheel Drive",,,"Gasoline",,,"dealership","[PREMIUM]","Hamburg","NY","[PREMIUM]",,"[]",,,"[PREMIUM]"
"8e21477d-3091-4f65-966a-ff4c5f64100d","2026-05-28 23:42:07.699","2026-05-28 23:42:07.699","8e21477d-3091-4f65-966a-ff4c5f64100d","[PREMIUM]","New",2026,"Lexus","IS 350","Base","[PREMIUM]","[PREMIUM]",0,"Sedan","Caviar","Black","All-wheel Drive",,,"Gasoline",,,"dealership","[PREMIUM]","Silver Spring","MD","[PREMIUM]",,"[]",,,"[PREMIUM]"
"958e30bb-14b3-414f-99ec-a2e0e9bd5b0f","2026-05-28 23:42:07.681","2026-05-28 23:42:07.681","958e30bb-14b3-414f-99ec-a2e0e9bd5b0f","[PREMIUM]","New",2026,"RAM","1500","Big Horn/Lone Star","[PREMIUM]","[PREMIUM]",5,"Truck","Serrano Green Metallic","Black","Four-wheel Drive",,,"Gasoline",,,"dealership","[PREMIUM]","Crawfordsville","IN","[PREMIUM]",,"[]",,,"[PREMIUM]"
"fb212316-d567-4442-a622-9beeafae96ae","2026-05-28 23:42:07.628","2026-05-28 23:42:07.628","fb212316-d567-4442-a622-9beeafae96ae","[PREMIUM]","New",2026,"Volvo","XC60","B5 Plus","[PREMIUM]","[PREMIUM]",0,"SUV","Aurora Silver","Charcoal","All-wheel Drive",,,"Gasoline",,,"dealership","[PREMIUM]","San Diego","CA","[PREMIUM]",,"[]",,,"[PREMIUM]"
"4f29e42e-e33e-4e68-8e05-a8e9d4c7b16e","2026-05-28 23:42:07.626","2026-05-28 23:42:07.626","4f29e42e-e33e-4e68-8e05-a8e9d4c7b16e","[PREMIUM]","New",2026,"RAM","2500","Black Express Crew Cab 4x4 6&#39;4&#39; Box","[PREMIUM]","[PREMIUM]",0,"Truck","Molten Red Pearlcoat","Black","Four-wheel Drive",,,"Gasoline",,,"dealership","[PREMIUM]","Clinton","IA","[PREMIUM]",,"[]",,,"[PREMIUM]"
"e23bb98a-150a-4b6f-95a9-428a02d45744","2026-05-28 23:42:05.498","2026-05-28 23:42:05.498","e23bb98a-150a-4b6f-95a9-428a02d45744","[PREMIUM]","New",2026,"Ford","Bronco","Big Bend","[PREMIUM]","[PREMIUM]",10,"SUV","Avalanche Gray","Black Onyx","Four-wheel Drive",,,"Gasoline",,,"dealership","[PREMIUM]","Oxnard","CA","[PREMIUM]",,"[]",,,"[PREMIUM]"
"cf512afb-63c6-4f60-a054-ccc6a96777df","2026-05-28 23:42:05.288","2026-05-28 23:42:05.288","cf512afb-63c6-4f60-a054-ccc6a96777df","[PREMIUM]","New",2026,"Volvo","XC60","B5 Plus","[PREMIUM]","[PREMIUM]",0,"SUV","Forest Lake","Charcoal","All-wheel Drive",,,"Gasoline",,,"dealership","[PREMIUM]","San Diego","CA","[PREMIUM]",,"[]",,,"[PREMIUM]"
"8ea40692-f697-4c14-9c52-950893c10402","2026-05-28 23:42:05.234","2026-05-28 23:42:05.234","8ea40692-f697-4c14-9c52-950893c10402","[PREMIUM]","New",2026,"GMC","Acadia","Elevation FWD","[PREMIUM]","[PREMIUM]",10,"SUV","Glacier White Tricoat","After Dark","Front-wheel Drive",,,"Gasoline",,,"dealership","[PREMIUM]","Miami","FL","[PREMIUM]",,"[]",,,"[PREMIUM]"
"568bee8a-f672-4d35-9594-0f75f0ba035a","2026-05-28 23:41:53.641","2026-05-28 23:41:53.641","568bee8a-f672-4d35-9594-0f75f0ba035a","[PREMIUM]","New",2026,"Toyota","Highlander","Platinum","[PREMIUM]","[PREMIUM]",5,"SUV","Blueprint","Black","All-wheel Drive",,,"Gasoline",,,"dealership","[PREMIUM]","El Monte","CA","[PREMIUM]",,"[]",,,"[PREMIUM]"
"089264f9-6dee-4857-8a4b-93e54778db1b","2026-05-28 23:41:41.660","2026-05-28 23:41:41.660","089264f9-6dee-4857-8a4b-93e54778db1b","[PREMIUM]","New",2026,"Chevrolet","Traverse","RS","[PREMIUM]","[PREMIUM]",1,"SUV","Mosaic Black Metallic","Jet Black w/Torch Red Accents","All-wheel Drive",,,"Gasoline",,,"dealership","[PREMIUM]","Long Island City","NY","[PREMIUM]",,"[]",,,"[PREMIUM]"
"7fc01bfd-5d1f-43c1-b741-ab039f08da65","2026-05-28 23:41:41.658","2026-05-28 23:41:41.658","7fc01bfd-5d1f-43c1-b741-ab039f08da65","[PREMIUM]","New",2026,"Toyota","Tundra","SR5","[PREMIUM]","[PREMIUM]",5,"Truck","Lunar Rock","Black","Four-wheel Drive",,,"Gasoline",,,"dealership","[PREMIUM]","El Monte","CA","[PREMIUM]",,"[]",,,"[PREMIUM]"
"d26eefb5-e7c7-4eb7-b8b9-e32cbdd4258e","2026-05-28 23:41:41.656","2026-05-28 23:41:41.656","d26eefb5-e7c7-4eb7-b8b9-e32cbdd4258e","[PREMIUM]","New",2026,"Mazda","CX-90 PHEV","Premium Sport","[PREMIUM]","[PREMIUM]",0,"SUV","Deep Crystal Blue Mica","Black","All-wheel Drive",,,"Gasoline",,,"dealership","[PREMIUM]","Huntsville","AL","[PREMIUM]",,"[]",,,"[PREMIUM]"
"db295c2c-5a65-4c9b-95d1-284d20df950b","2026-05-28 23:41:41.587","2026-05-28 23:41:41.587","db295c2c-5a65-4c9b-95d1-284d20df950b","[PREMIUM]","New",2026,"GMC","Sierra 1500","SLT","[PREMIUM]","[PREMIUM]",25,"Truck","Sterling Metallic","Jet Black","Four-wheel Drive",,,"Gasoline",,,"dealership","[PREMIUM]","Baxley","GA","[PREMIUM]",,"[]",,,"[PREMIUM]"
"61373056-a671-45c9-aad2-58a6ec1d283d","2026-05-28 23:41:18.507","2026-05-28 23:41:18.507","61373056-a671-45c9-aad2-58a6ec1d283d","[PREMIUM]","New",2026,"RAM","ProMaster 2500","Tradesman","[PREMIUM]","[PREMIUM]",2,"Cargo Van","Bright White Clearcoat","Black","Front-wheel Drive",,,"Gasoline",,,"dealership","[PREMIUM]","La Mesa","CA","[PREMIUM]",,"[]",,,"[PREMIUM]"
"2b16d4ef-f7e5-41e6-b40e-e392b4e172c3","2026-05-28 23:40:25.969","2026-05-28 23:40:25.969","2b16d4ef-f7e5-41e6-b40e-e392b4e172c3","[PREMIUM]","New",2027,"Kia","Telluride Hybrid","X-Line SX","[PREMIUM]","[PREMIUM]",7,"SUV","MIDLAKEBLUE",,"All-wheel Drive",,,"Hybrid",,,"dealership","[PREMIUM]","Carson","CA","[PREMIUM]",,"[]",,,"[PREMIUM]"
"2799496c-0266-4dd3-b68c-b7142c6340a8","2026-05-28 23:40:25.945","2026-05-28 23:40:25.945","2799496c-0266-4dd3-b68c-b7142c6340a8","[PREMIUM]","New",2027,"Kia","Telluride","X-Pro SX","[PREMIUM]","[PREMIUM]",7,"SUV","Wolf Gray","Black","All-wheel Drive",,,"Gasoline",,,"dealership","[PREMIUM]","Carson","CA","[PREMIUM]",,"[]",,,"[PREMIUM]"
"651683ee-35d0-4346-a7b4-4e7ed7f97bc5","2026-05-28 23:40:25.931","2026-05-28 23:40:25.931","651683ee-35d0-4346-a7b4-4e7ed7f97bc5","[PREMIUM]","New",2027,"Kia","Telluride Hybrid","SX-Prestige","[PREMIUM]","[PREMIUM]",4,"SUV","Panthera Metal",,"All-wheel Drive",,,"Hybrid",,,"dealership","[PREMIUM]","White Bear Lake","MN","[PREMIUM]",,"[]",,,"[PREMIUM]"
"d4c24c1e-89a7-438a-bfc7-22360bbb4d4c","2026-05-28 23:40:14.320","2026-05-28 23:40:14.320","d4c24c1e-89a7-438a-bfc7-22360bbb4d4c","[PREMIUM]","New",2027,"Kia","Telluride","X-Pro SX-Prestige","[PREMIUM]","[PREMIUM]",10,"SUV","Ebony Black","Black","All-wheel Drive",,,"Gasoline",,,"dealership","[PREMIUM]","Olathe","KS","[PREMIUM]",,"[]",,,"[PREMIUM]"
"3dc8c157-caaa-4c17-af46-599918e347cb","2026-05-28 23:40:14.085","2026-05-28 23:40:14.085","3dc8c157-caaa-4c17-af46-599918e347cb","[PREMIUM]","New",2027,"Kia","Telluride","X-Pro SX","[PREMIUM]","[PREMIUM]",3,"SUV","Terrain Brown","Black","All-wheel Drive",,,"Gasoline",,,"dealership","[PREMIUM]","Littleton","CO","[PREMIUM]",,"[]",,,"[PREMIUM]"
"d08ec22c-3704-4910-b811-a61cf2854571","2026-05-28 23:40:14.019","2026-05-28 23:40:14.019","d08ec22c-3704-4910-b811-a61cf2854571","[PREMIUM]","New",2027,"Kia","Telluride","X-Pro SX-Prestige","[PREMIUM]","[PREMIUM]",3,"SUV","Panthera Metal","Black","All-wheel Drive",,,"Gasoline",,,"dealership","[PREMIUM]","Littleton","CO","[PREMIUM]",,"[]",,,"[PREMIUM]"
"ef859a8c-377c-4ff4-b3c4-229638018cc2","2026-05-28 23:39:51.808","2026-05-28 23:39:51.808","ef859a8c-377c-4ff4-b3c4-229638018cc2","[PREMIUM]","New",2027,"Kia","Telluride Hybrid","SX-Prestige","[PREMIUM]","[PREMIUM]",5,"SUV","Panthera Metal","Deep Navy/Tuscan Umber","All-wheel Drive",,,"Hybrid",,,"dealership","[PREMIUM]","Avondale","AZ","[PREMIUM]",,"[]",,,"[PREMIUM]"
"1540e428-4dd4-4d86-9d3c-1cc3af191f14","2026-05-28 23:39:51.798","2026-05-28 23:39:51.798","1540e428-4dd4-4d86-9d3c-1cc3af191f14","[PREMIUM]","New",2027,"Kia","Telluride Hybrid","X-Line SX","[PREMIUM]","[PREMIUM]",15,"SUV","Glacial White Pearl",,"All-wheel Drive",,,"Hybrid",,,"dealership","[PREMIUM]","Williston","VT","[PREMIUM]",,"[]",,,"[PREMIUM]"
"5d573caa-2947-41d9-96d4-e47148fd4722","2026-05-28 23:39:51.744","2026-05-28 23:39:51.744","5d573caa-2947-41d9-96d4-e47148fd4722","[PREMIUM]","New",2027,"Kia","Telluride","SX-Prestige","[PREMIUM]","[PREMIUM]",11,"SUV","Terrain","Black","All-wheel Drive",,,"Gasoline",,,"dealership","[PREMIUM]","Santa Rosa","CA","[PREMIUM]",,"[]",,,"[PREMIUM]"
"cd0322ae-7bd9-4687-941d-1509bf196c71","2026-05-28 23:39:28.684","2026-05-28 23:39:28.684","cd0322ae-7bd9-4687-941d-1509bf196c71","[PREMIUM]","New",2027,"Kia","Telluride","X-Pro SX-Prestige","[PREMIUM]","[PREMIUM]",0,"SUV","Terrain Brown","Black","All-wheel Drive",,,"Gasoline",,,"dealership","[PREMIUM]","Orlando","FL","[PREMIUM]",,"[]",,,"[PREMIUM]"
"d79f1981-6682-4ed7-8bc9-b635388cfeee","2026-05-28 23:39:28.623","2026-05-28 23:39:28.623","d79f1981-6682-4ed7-8bc9-b635388cfeee","[PREMIUM]","New",2027,"Kia","Telluride Hybrid","X-Line SX","[PREMIUM]","[PREMIUM]",6,"SUV","Black Jade Green",,"All-wheel Drive",,,"Hybrid",,,"dealership","[PREMIUM]","Houston","TX","[PREMIUM]",,"[]",,,"[PREMIUM]"
"a4c5face-275f-40fa-8bac-5412d8962fd1","2026-05-28 23:39:28.613","2026-05-28 23:39:28.613","a4c5face-275f-40fa-8bac-5412d8962fd1","[PREMIUM]","New",2027,"Kia","Telluride","SX-Prestige","[PREMIUM]","[PREMIUM]",5,"SUV","Brown","Black","All-wheel Drive",,,"Gasoline",,,"dealership","[PREMIUM]","San Diego","CA","[PREMIUM]",,"[]",,,"[PREMIUM]"
"cbaeaadd-a7c1-490f-a8f4-f6a89dfd6b1b","2026-05-28 23:39:28.587","2026-05-28 23:39:28.587","cbaeaadd-a7c1-490f-a8f4-f6a89dfd6b1b","[PREMIUM]","New",2027,"Kia","Telluride","SX","[PREMIUM]","[PREMIUM]",10,"SUV","Brown","Black","AWD",,,"Gasoline",,,"dealership","[PREMIUM]","Henderson","NV","[PREMIUM]",,"[]",,,"[PREMIUM]"
"62f3091f-5475-4703-80fc-2ab7b6534c1d","2026-05-28 23:39:28.575","2026-05-28 23:39:28.575","62f3091f-5475-4703-80fc-2ab7b6534c1d","[PREMIUM]","New",2027,"Kia","Telluride","SX","[PREMIUM]","[PREMIUM]",4,"SUV","Glacial White Pearl","Black","AWD",,,"Gasoline",,,"dealership","[PREMIUM]","Medina","OH","[PREMIUM]",,"[]",,,"[PREMIUM]"
"97e95212-2cfd-474d-b478-af1d252cbece","2026-05-28 23:39:28.411","2026-05-28 23:39:28.411","97e95212-2cfd-474d-b478-af1d252cbece","[PREMIUM]","New",2027,"Kia","Telluride","SX-Prestige","[PREMIUM]","[PREMIUM]",5,"SUV","Panthera Metal","Black","All-wheel Drive",,,"Gasoline",,,"dealership","[PREMIUM]","Everett","WA","[PREMIUM]",,"[]",,,"[PREMIUM]"
"7e47b554-23cd-4c27-93ea-b7d99f0c2436","2026-05-28 23:39:28.348","2026-05-28 23:39:28.348","7e47b554-23cd-4c27-93ea-b7d99f0c2436","[PREMIUM]","New",2027,"Kia","Telluride Hybrid","SX-Prestige","[PREMIUM]","[PREMIUM]",7,"SUV","Wolf Gray","Black","All-wheel Drive",,,"Hybrid",,,"dealership","[PREMIUM]","Covina","CA","[PREMIUM]",,"[]",,,"[PREMIUM]"
"e2727369-10fe-4039-9261-e17018f320fc","2026-05-28 23:39:28.318","2026-05-28 23:39:28.318","e2727369-10fe-4039-9261-e17018f320fc","[PREMIUM]","New",2027,"Kia","Telluride","SX","[PREMIUM]","[PREMIUM]",10,"SUV","Metal","Black","All-wheel Drive",,,"Gasoline",,,"dealership","[PREMIUM]","Oshkosh","WI","[PREMIUM]",,"[]",,,"[PREMIUM]"
"b0c7c794-0ae2-4cb1-9a2c-64513efbd710","2026-05-28 23:39:28.317","2026-05-28 23:39:28.317","b0c7c794-0ae2-4cb1-9a2c-64513efbd710","[PREMIUM]","New",2027,"Kia","Telluride Hybrid","X-Line SX","[PREMIUM]","[PREMIUM]",4,"SUV","Glacial White Pearl","Black","All-wheel Drive",,,"Hybrid",,,"dealership","[PREMIUM]","Covina","CA","[PREMIUM]",,"[]",,,"[PREMIUM]"
"b00dfb22-f55b-4972-bf84-9bb9b0c6e1e0","2026-05-28 23:39:28.316","2026-05-28 23:39:28.316","b00dfb22-f55b-4972-bf84-9bb9b0c6e1e0","[PREMIUM]","New",2027,"Kia","Telluride","SX","[PREMIUM]","[PREMIUM]",10,"SUV","Metal","Black","AWD",,,"Gasoline",,,"dealership","[PREMIUM]","Medina","OH","[PREMIUM]",,"[]",,,"[PREMIUM]"
"59b3b3c7-1d05-404e-bced-268f4ccab79f","2026-05-28 23:39:16.390","2026-05-28 23:39:16.390","59b3b3c7-1d05-404e-bced-268f4ccab79f","[PREMIUM]","New",2027,"Kia","Telluride","X-Pro SX-Prestige","[PREMIUM]","[PREMIUM]",8,"SUV","Panthera Metal Matte","Bk","All Wheel Drive",,,"Gasoline",,,"dealership","[PREMIUM]","Riverside","CA","[PREMIUM]",,"[]",,,"[PREMIUM]"
"d6e0e76b-b3c5-4617-bc26-6e56d7ccaf7c","2026-05-28 23:39:16.354","2026-05-28 23:39:16.354","d6e0e76b-b3c5-4617-bc26-6e56d7ccaf7c","[PREMIUM]","New",2027,"Kia","Telluride","X-Pro SX","[PREMIUM]","[PREMIUM]",10,"SUV","Terrain Brown","Black","All-wheel Drive",,,"Gasoline",,,"dealership","[PREMIUM]","Las Vegas","NV","[PREMIUM]",,"[]",,,"[PREMIUM]"
"a16c5f46-aa40-4692-b4bb-6496486f0d99","2026-05-28 23:39:16.352","2026-05-28 23:39:16.352","a16c5f46-aa40-4692-b4bb-6496486f0d99","[PREMIUM]","New",2027,"Kia","Telluride Hybrid","X-Line SX","[PREMIUM]","[PREMIUM]",0,"SUV","Black Jade Green","Black","All-wheel Drive",,,"Hybrid",,,"dealership","[PREMIUM]","Pittsburgh","PA","[PREMIUM]",,"[]",,,"[PREMIUM]"
"eff2be66-b370-4379-8b91-13b72050aa29","2026-05-28 23:39:16.327","2026-05-28 23:39:16.327","eff2be66-b370-4379-8b91-13b72050aa29","[PREMIUM]","New",2027,"INFINITI","QX65","SPORT","[PREMIUM]","[PREMIUM]",0,"SUV","Radiant White","Stone Gray","All-wheel Drive",,,"Gasoline",,,"dealership","[PREMIUM]","Monroeville","PA","[PREMIUM]",,"[]",,,"[PREMIUM]"
"670b0667-b692-4ce9-98a3-8d36730bb6b4","2026-05-28 23:39:16.325","2026-05-28 23:39:16.325","670b0667-b692-4ce9-98a3-8d36730bb6b4","[PREMIUM]","New",2027,"Kia","Telluride","X-Line SX-Prestige","[PREMIUM]","[PREMIUM]",5,"SUV","Brown","Black","All-wheel Drive",,,"Gasoline",,,"dealership","[PREMIUM]","Tomball","TX","[PREMIUM]",,"[]",,,"[PREMIUM]"
"da14b862-3604-4d96-9566-6953ddf955ac","2026-05-28 23:32:19.921","2026-05-28 23:32:19.921","da14b862-3604-4d96-9566-6953ddf955ac","[PREMIUM]","Used",2015,"BMW","M4","Base","[PREMIUM]","[PREMIUM]",29516,"Coupe","Black Sapphire Metallic","Black","Rear-wheel Drive",,,"Gasoline",,,"dealership","[PREMIUM]","Duluth","GA","[PREMIUM]",,"[]",,,"[PREMIUM]"
"017fa628-efad-41ee-b97a-c1fc67313518","2026-05-28 23:30:58.945","2026-05-28 23:30:58.945","017fa628-efad-41ee-b97a-c1fc67313518","[PREMIUM]","Used",2019,"Toyota","Sequoia","Platinum","[PREMIUM]","[PREMIUM]",52469,"SUV","Blizzard Pearl","Black","Four-wheel Drive",,,"Gasoline",,,"dealership","[PREMIUM]","El Paso","TX","[PREMIUM]",,"[]",,,"[PREMIUM]"
"5254c6fe-1983-46b4-9bdb-383885675b42","2026-05-28 23:30:15.933","2026-05-28 23:30:15.933","5254c6fe-1983-46b4-9bdb-383885675b42","[PREMIUM]","Used",2019,"Ford","F-450","XLT","[PREMIUM]","[PREMIUM]",74324,"Truck","Blue","Medium Earth Gray","4WD",,,"Diesel",,,"dealership","[PREMIUM]","Tilton","NH","[PREMIUM]",,"[]",,,"[PREMIUM]"
"8bd3f6b9-0013-4a85-81a0-9a885d640bad","2026-05-28 23:30:15.918","2026-05-28 23:30:15.918","8bd3f6b9-0013-4a85-81a0-9a885d640bad","[PREMIUM]","Used",2019,"Lexus","GX 460","Luxury","[PREMIUM]","[PREMIUM]",19515,"SUV","Blue","BLACK","Four-wheel Drive",,,"Gasoline",,,"dealership","[PREMIUM]","Gilbert","AZ","[PREMIUM]",,"[]",,,"[PREMIUM]"
"fb537cf4-2524-461c-b558-caaf3a074592","2026-05-28 23:30:15.882","2026-05-28 23:30:15.882","fb537cf4-2524-461c-b558-caaf3a074592","[PREMIUM]","Used",2019,"Toyota","Tundra","TRD Pro 5.7L V8","[PREMIUM]","[PREMIUM]",33279,"Truck","Voodoo Blue","Black","Four-wheel Drive",,,"Gasoline",,,"dealership","[PREMIUM]","Fredericksburg","VA","[PREMIUM]",,"[]",,,"[PREMIUM]"
"754cd539-5720-4f86-9da8-6b3f70b1d143","2026-05-28 23:30:13.329","2026-05-28 23:30:13.329","754cd539-5720-4f86-9da8-6b3f70b1d143","[PREMIUM]","New",2019,"GMC","Sierra 1500","Elevation","[PREMIUM]","[PREMIUM]",10,"Truck","Quicksilver Metallic",,"Four-wheel Drive",,,"Gasoline",,,"dealership","[PREMIUM]","Norwood","MA","[PREMIUM]",,"[]",,,"[PREMIUM]"
"afdec5b3-e37e-4b3c-99b1-0037ae3ad92e","2026-05-28 23:30:13.319","2026-05-31 23:30:21.224","afdec5b3-e37e-4b3c-99b1-0037ae3ad92e","[PREMIUM]","New",2019,"GMC","Acadia","Denali","[PREMIUM]","[PREMIUM]",10,"SUV","White Frost Tricoat",,"All-wheel Drive",,,"Gasoline",,,"dealership","[PREMIUM]","Norwood","MA","[PREMIUM]",,"[]",,,"[PREMIUM]"
"badce618-cb62-4c8f-a22c-b127364604d1","2026-05-28 23:30:13.269","2026-05-31 23:30:21.330","badce618-cb62-4c8f-a22c-b127364604d1","[PREMIUM]","New",2019,"GMC","Acadia","Denali","[PREMIUM]","[PREMIUM]",3687,"SUV","Iridium Metallic","Jet Black","Four-wheel Drive",,,"Gasoline",,,"dealership","[PREMIUM]","Norwood","MA","[PREMIUM]",,"[]",,,"[PREMIUM]"
"cdc11676-be4a-4016-b214-4d834ff00c4e","2026-05-28 23:30:11.567","2026-05-28 23:30:11.567","cdc11676-be4a-4016-b214-4d834ff00c4e","[PREMIUM]","New",2019,"Buick","Enclave","Premium","[PREMIUM]","[PREMIUM]",1,"SUV","Quicksilver Metallic",,"All-wheel Drive",,,"Gasoline",,,"dealership","[PREMIUM]","Norwood","MA","[PREMIUM]",,"[]",,,"[PREMIUM]"
"8ee380ce-7949-4cfa-80be-6aad29acd76a","2026-05-28 23:29:49.565","2026-05-28 23:29:49.565","8ee380ce-7949-4cfa-80be-6aad29acd76a","[PREMIUM]","Used",2020,"Mercedes-Benz","AMG GT 53","Base","[PREMIUM]","[PREMIUM]",70433,"Hatchback","Polar White","Black","All-wheel Drive",,,"Gasoline",,,"dealership","[PREMIUM]","Westmont","IL","[PREMIUM]",,"[]",,,"[PREMIUM]"
"1872a777-fa55-4aae-8b13-6bfd1cf933f8","2026-05-28 23:29:27.792","2026-05-28 23:29:27.792","1872a777-fa55-4aae-8b13-6bfd1cf933f8","[PREMIUM]","New",2020,"GMC","Acadia","Denali","[PREMIUM]","[PREMIUM]",11,"SUV","Ebony Twilight Metallic",,"All-wheel Drive",,,"Gasoline",,,"dealership","[PREMIUM]","Norwood","MA","[PREMIUM]",,"[]",,,"[PREMIUM]"
"c275cedf-b670-4202-913c-7515bc6d258a","2026-05-28 23:29:27.784","2026-05-31 23:29:31.090","c275cedf-b670-4202-913c-7515bc6d258a","[PREMIUM]","New",2020,"GMC","Sierra 1500","Elevation","[PREMIUM]","[PREMIUM]",11,"Truck","Summit White",,"Four-wheel Drive",,,"Gasoline",,,"dealership","[PREMIUM]","Norwood","MA","[PREMIUM]",,"[]",,,"[PREMIUM]"
"ea510c42-ea29-432a-bc08-1128fcd8055b","2026-05-28 23:29:27.741","2026-05-28 23:29:27.741","ea510c42-ea29-432a-bc08-1128fcd8055b","[PREMIUM]","Used",2020,"Lincoln","Navigator","Black Label","[PREMIUM]","[PREMIUM]",47491,"SUV","Rhapsody Blue","Alpine","Four-wheel Drive",,,"Gasoline",,,"dealership","[PREMIUM]","Port Richey","FL","[PREMIUM]",,"[]",,,"[PREMIUM]"
"dc81ceba-2af6-4f4b-a93b-32546d52c8f7","2026-05-28 23:29:27.729","2026-05-28 23:29:27.729","dc81ceba-2af6-4f4b-a93b-32546d52c8f7","[PREMIUM]","Used",2020,"Lexus","GX 460",,"[PREMIUM]","[PREMIUM]",14749,"SUV","White","BLACK","Four-wheel Drive",,,"Gasoline",,,"dealership","[PREMIUM]","Murrieta","CA","[PREMIUM]",,"[]",,,"[PREMIUM]"
"7450f373-f874-4160-994c-195704e6f9e4","2026-05-28 23:29:24.298","2026-05-28 23:29:24.298","7450f373-f874-4160-994c-195704e6f9e4","[PREMIUM]","Used",2021,"BMW","X7","M50i","[PREMIUM]","[PREMIUM]",39013,"SUV","Mineral White Metallic","Black","All-wheel Drive",,,"Gasoline",,,"dealership","[PREMIUM]","Topeka","KS","[PREMIUM]",,"[]",,,"[PREMIUM]"
"730db0a4-43bc-4e7a-ae59-82409429d363","2026-05-28 23:29:24.260","2026-05-28 23:29:24.260","730db0a4-43bc-4e7a-ae59-82409429d363","[PREMIUM]","Used",2021,"Ford","F-350","XLT","[PREMIUM]","[PREMIUM]",48113,"Truck","White",,"Four-wheel Drive",,,"Gasoline",,,"dealership","[PREMIUM]","Austin","TX","[PREMIUM]",,"[]",,,"[PREMIUM]"
"e92b991d-b2cd-4886-9759-95084261b9b8","2026-05-28 23:29:24.251","2026-05-28 23:29:24.251","e92b991d-b2cd-4886-9759-95084261b9b8","[PREMIUM]","Used",2021,"Land Rover","Range Rover","P525 Westminster","[PREMIUM]","[PREMIUM]",40499,"SUV","Fuji White","Ebony","Four-wheel Drive",,,"Gasoline",,,"dealership","[PREMIUM]","Jacksonville","FL","[PREMIUM]",,"[]",,,"[PREMIUM]"
"a8aac2e3-511c-4906-8893-e7592cb9956b","2026-05-28 23:29:24.215","2026-05-28 23:29:24.215","a8aac2e3-511c-4906-8893-e7592cb9956b","[PREMIUM]","Used",2021,"Chevrolet","Suburban","High Country","[PREMIUM]","[PREMIUM]",49705,"SUV","Iridescent Pearl Tricoat","Jet Black","Four-wheel Drive",,,"Gasoline",,,"dealership","[PREMIUM]","Walpole","MA","[PREMIUM]",,"[]",,,"[PREMIUM]"
"63e4dc8f-f6d9-4039-b979-ef3a2aa0bdd4","2026-05-28 23:29:24.214","2026-05-28 23:29:24.214","63e4dc8f-f6d9-4039-b979-ef3a2aa0bdd4","[PREMIUM]","Used",2021,"GMC","Sierra 3500","Base","[PREMIUM]","[PREMIUM]",19558,"Truck","Onyx Black","Jet Black","Four-wheel Drive",,,"Gasoline",,,"dealership","[PREMIUM]","Delaware","OH","[PREMIUM]",,"[]",,,"[PREMIUM]"
"67ec5c50-03eb-41a5-aea2-edf05cd0e384","2026-05-28 23:29:01.189","2026-05-28 23:29:01.189","67ec5c50-03eb-41a5-aea2-edf05cd0e384","[PREMIUM]","Used",2021,"Chevrolet","Suburban","LT","[PREMIUM]","[PREMIUM]",57797,"SUV","Red","BLACK","Four-wheel Drive",,,"Gasoline",,,"dealership","[PREMIUM]","Bakersfield","CA","[PREMIUM]",,"[]",,,"[PREMIUM]"
"b2acbf45-5709-418c-aa3a-52ca5b64dca3","2026-05-28 23:28:59.465","2026-06-03 23:29:19.905","b2acbf45-5709-418c-aa3a-52ca5b64dca3","[PREMIUM]","Used",2021,"Mercedes-Benz","S-Class","S 580 4MATIC","[PREMIUM]","[PREMIUM]",35611,"Sedan","Gray","Black","All-wheel Drive",,,"Gasoline",,,"dealership","[PREMIUM]","Manassas","VA","[PREMIUM]",,"[]",,,"[PREMIUM]"
"d7a17f41-a4c4-4d23-8618-ded06b54b60f","2026-05-28 23:28:59.435","2026-05-28 23:28:59.435","d7a17f41-a4c4-4d23-8618-ded06b54b60f","[PREMIUM]","Used",2021,"Chevrolet","Express 2500","LT","[PREMIUM]","[PREMIUM]",64265,"Cargo Van","SEO: Special Solid Paint","Medium Pewter","Rear-wheel Drive",,,"Gasoline",,,"dealership","[PREMIUM]","Wesley Chapel","FL","[PREMIUM]",,"[]",,,"[PREMIUM]"
"2059ef08-ef6d-49b7-83d1-d32bec47cdc6","2026-05-28 23:28:59.255","2026-05-28 23:28:59.255","2059ef08-ef6d-49b7-83d1-d32bec47cdc6","[PREMIUM]","Used",2021,"Ford","F-150","Limited","[PREMIUM]","[PREMIUM]",30193,"Truck","Silver Metallic","Admiral Blue","Four-wheel Drive",,,"Hybrid",,,"dealership","[PREMIUM]","Gilbert","AZ","[PREMIUM]",,"[]",,,"[PREMIUM]"
"bdf7cb12-a26d-4678-b720-c9a391a7894e","2026-05-28 23:28:59.234","2026-05-28 23:28:59.234","bdf7cb12-a26d-4678-b720-c9a391a7894e","[PREMIUM]","Used",2021,"GMC","Yukon","Denali","[PREMIUM]","[PREMIUM]",61102,"SUV","White Frost","Teak","Four-wheel Drive",,,"Gasoline",,,"dealership","[PREMIUM]","Quakertown","PA","[PREMIUM]",,"[]",,,"[PREMIUM]"
"09760773-04c2-40bd-beda-5f49b44a50f6","2026-05-28 23:28:59.131","2026-05-28 23:28:59.131","09760773-04c2-40bd-beda-5f49b44a50f6","[PREMIUM]","Used",2021,"Ford","Mustang","Mach 1","[PREMIUM]","[PREMIUM]",25817,"Coupe","Gray","BLACK","Rear-wheel Drive",,,"Gasoline",,,"dealership","[PREMIUM]","Roseville","CA","[PREMIUM]",,"[]",,,"[PREMIUM]"
"6e326d8f-fbc9-48e9-abe8-ab3fac7c5623","2026-05-28 23:26:34.544","2026-05-31 23:26:40.764","6e326d8f-fbc9-48e9-abe8-ab3fac7c5623","[PREMIUM]","Used",2022,"Lincoln","Navigator","Reserve","[PREMIUM]","[PREMIUM]",47661,"SUV","White","Tan","Four-wheel Drive",,,"Gasoline",,,"dealership","[PREMIUM]","Chantilly","VA","[PREMIUM]",,"[]",,,"[PREMIUM]"
"1def9715-2f51-4bdd-a65d-9a422a5f9575","2026-05-28 23:26:34.192","2026-05-28 23:26:34.192","1def9715-2f51-4bdd-a65d-9a422a5f9575","[PREMIUM]","Used",2022,"Chevrolet","Silverado 2500","LTZ","[PREMIUM]","[PREMIUM]",29502,"Truck","Black","Jet Black","Four-wheel Drive",,,"Gasoline",,,"dealership","[PREMIUM]","Utica","NY","[PREMIUM]",,"[]",,,"[PREMIUM]"
"bb760dd0-25d9-4933-8672-1cf7d4bad49e","2026-05-28 23:26:12.796","2026-05-28 23:26:12.796","bb760dd0-25d9-4933-8672-1cf7d4bad49e","[PREMIUM]","Used",2022,"Ford","F-150","Platinum","[PREMIUM]","[PREMIUM]",38075,"Truck","Rapid Red Metallic Tinted Clearcoat","Black","Four-wheel Drive",,,"Gasoline",,,"dealership","[PREMIUM]","Conway","AR","[PREMIUM]",,"[]",,,"[PREMIUM]"
"f297065f-f475-4324-950f-12afd91d80d5","2026-05-28 23:26:12.645","2026-05-28 23:26:12.645","f297065f-f475-4324-950f-12afd91d80d5","[PREMIUM]","Used",2022,"Cadillac","CT4-V","Blackwing","[PREMIUM]","[PREMIUM]",56438,"Sedan","Black Raven","Jet Black","Rear-wheel Drive",,,"Gasoline",,,"dealership","[PREMIUM]","Austin","TX","[PREMIUM]",,"[]",,,"[PREMIUM]"
"a2acfb54-80bb-4344-841e-6321924337ac","2026-05-28 23:25:51.120","2026-05-31 23:25:59.972","a2acfb54-80bb-4344-841e-6321924337ac","[PREMIUM]","Used",2022,"Rivian","R1T","ADVENTURE","[PREMIUM]","[PREMIUM]",52892,"Truck","White","Ocean Coast",,,,,,,"dealership","[PREMIUM]","Tomball","TX","[PREMIUM]",,"[]",,,"[PREMIUM]"
"870ab060-f855-41a4-8028-366841935ba8","2026-05-28 23:25:39.476","2026-05-28 23:25:39.476","870ab060-f855-41a4-8028-366841935ba8","[PREMIUM]","Used",2022,"Ford","F-250","XL","[PREMIUM]","[PREMIUM]",16952,"Truck","Gray","GRAY","Four-wheel Drive",,,"Gasoline",,,"dealership","[PREMIUM]","Hillside","IL","[PREMIUM]",,"[]",,,"[PREMIUM]"
"8a2948b7-6fee-4fd9-b1f8-1dbcca8819f1","2026-05-28 23:25:39.208","2026-05-28 23:25:39.208","8a2948b7-6fee-4fd9-b1f8-1dbcca8819f1","[PREMIUM]","Used",2022,"Toyota","Tundra","Platinum","[PREMIUM]","[PREMIUM]",16419,"Truck","Gray","BLACK","Four-wheel Drive",,,"Gasoline",,,"dealership","[PREMIUM]","Salem","OR","[PREMIUM]",,"[]",,,"[PREMIUM]"
"827661a1-e3a7-473c-bdbe-ff786d69d890","2026-05-28 23:25:28.106","2026-05-28 23:25:28.106","827661a1-e3a7-473c-bdbe-ff786d69d890","[PREMIUM]","Used",2022,"Lexus","GX 460","Premium","[PREMIUM]","[PREMIUM]",45350,"SUV","Gray","BLACK","Four-wheel Drive",,,"Gasoline",,,"dealership","[PREMIUM]","Frederick","MD","[PREMIUM]",,"[]",,,"[PREMIUM]"
"2d0ef80a-e2b0-4cbc-ad21-978bf0c0fcf8","2026-05-28 23:25:26.502","2026-05-28 23:25:26.502","2d0ef80a-e2b0-4cbc-ad21-978bf0c0fcf8","[PREMIUM]","Used",2022,"BMW","M550","I xDrive","[PREMIUM]","[PREMIUM]",37119,"Sedan","Gray","CREAM","Four-wheel Drive",,,"Gasoline",,,"dealership","[PREMIUM]","Duarte","CA","[PREMIUM]",,"[]",,,"[PREMIUM]"
"bfb6f92d-ca18-40d5-862c-eaafb3e18672","2026-05-28 23:25:26.493","2026-05-28 23:25:26.493","bfb6f92d-ca18-40d5-862c-eaafb3e18672","[PREMIUM]","Used",2022,"Chevrolet","Silverado 2500","LTZ","[PREMIUM]","[PREMIUM]",75775,"Truck","Black Metallic","Jet Black","Four-wheel Drive",,,"Gasoline",,,"dealership","[PREMIUM]","Oklahoma City","OK","[PREMIUM]",,"[]",,,"[PREMIUM]"
"2a2f32b2-273e-4a02-965a-8a97fc30ff24","2026-05-28 23:25:26.485","2026-05-28 23:25:26.485","2a2f32b2-273e-4a02-965a-8a97fc30ff24","[PREMIUM]","Used",2022,"GMC","Yukon","Denali","[PREMIUM]","[PREMIUM]",64425,"SUV","Pearl Beige Metallic","Dark Walnut/Very Dark Ash Gray","Four-wheel Drive",,,"Diesel",,,"dealership","[PREMIUM]","Salt Lake City","UT","[PREMIUM]",,"[]",,,"[PREMIUM]"
"6628ecc5-b3b8-4061-859f-2bfcfd70595e","2026-05-28 23:25:15.218","2026-05-31 23:25:20.042","6628ecc5-b3b8-4061-859f-2bfcfd70595e","[PREMIUM]","Used",2023,"GMC","Sierra 1500","Denali","[PREMIUM]","[PREMIUM]",46751,"Truck","Volcanic Red Tintcoat","Jet Black","Four-wheel Drive",,,"Gasoline",,,"dealership","[PREMIUM]","Lake Wales","FL","[PREMIUM]",,"[]",,,"[PREMIUM]"
"f60c6ce3-2a2b-41b9-a3fc-59500138d8f4","2026-05-28 23:25:15.123","2026-05-28 23:25:15.123","f60c6ce3-2a2b-41b9-a3fc-59500138d8f4","[PREMIUM]","Used",2023,"Ford","F-150","Tremor","[PREMIUM]","[PREMIUM]",38241,"Truck","Stone Gray Metallic","Black","Four-wheel Drive",,,"Gasoline",,,"dealership","[PREMIUM]","Reno","NV","[PREMIUM]",,"[]",,,"[PREMIUM]"
"ad986403-ad4e-4dbc-80ab-102818e961c4","2026-05-28 23:25:02.525","2026-05-28 23:25:02.525","ad986403-ad4e-4dbc-80ab-102818e961c4","[PREMIUM]","Used",2023,"Chevrolet","Suburban","High Country","[PREMIUM]","[PREMIUM]",69669,"SUV","Summit White","Jet Black","Four-wheel Drive",,,"Gasoline",,,"dealership","[PREMIUM]","Litchfield","MN","[PREMIUM]",,"[]",,,"[PREMIUM]"
"5d02f9e7-555b-4038-b5ba-2c6a8c44bd04","2026-05-28 23:25:02.393","2026-05-28 23:25:02.393","5d02f9e7-555b-4038-b5ba-2c6a8c44bd04","[PREMIUM]","Used",2023,"Lexus","GX 460","Premium","[PREMIUM]","[PREMIUM]",51754,"SUV","Gray Pearl","Sepia","Four-wheel Drive",,,"Gasoline",,,"dealership","[PREMIUM]","Fort Wright","KY","[PREMIUM]",,"[]",,,"[PREMIUM]"
"ef83fcf8-7d65-4ae3-920f-0ed8091098a8","2026-05-28 23:24:50.968","2026-05-28 23:24:50.968","ef83fcf8-7d65-4ae3-920f-0ed8091098a8","[PREMIUM]","Used",2023,"Land Rover","Defender","110 SE","[PREMIUM]","[PREMIUM]",23896,"SUV","Tasman Blue Metallic","Beige","All-wheel Drive",,,"Gasoline",,,"dealership","[PREMIUM]","Walnut Creek","CA","[PREMIUM]",,"[]",,,"[PREMIUM]"
"c4176eca-5584-43e0-b483-9e612eb01c93","2026-05-28 23:24:29.788","2026-06-03 23:24:56.155","c4176eca-5584-43e0-b483-9e612eb01c93","[PREMIUM]","Used",2023,"Dodge","Challenger","R/T Scat Pack","[PREMIUM]","[PREMIUM]",2935,"Coupe","Orange","Black","Rear-wheel Drive",,,"Gasoline",,,"private","[PREMIUM]","Watertown","WI","[PREMIUM]",,"[]",,,"[PREMIUM]"
"bd5ee71d-7cb9-441e-9b6a-2bb47e278b7f","2026-05-28 23:24:29.764","2026-05-28 23:24:29.764","bd5ee71d-7cb9-441e-9b6a-2bb47e278b7f","[PREMIUM]","Used",2023,"Chevrolet","Tahoe","Z71","[PREMIUM]","[PREMIUM]",55211,"SUV","Black","Jet Black","Four-wheel Drive",,,"Gasoline",,,"dealership","[PREMIUM]","Jackson","TN","[PREMIUM]",,"[]",,,"[PREMIUM]"
"d61f5fda-26df-4573-9142-5bc76140dc63","2026-05-28 23:24:29.742","2026-05-28 23:24:29.742","d61f5fda-26df-4573-9142-5bc76140dc63","[PREMIUM]","Used",2023,"Ford","F-150","Limited","[PREMIUM]","[PREMIUM]",53040,"Truck","AGATE BLACK METALLIC","ADMIRAL BLUE LEATHER SEATS","Four-wheel Drive",,,"Gasoline",,,"dealership","[PREMIUM]","Hendersonville","NC","[PREMIUM]",,"[]",,,"[PREMIUM]"
"fd547f93-4422-43d5-8bed-4748bdccb731","2026-05-28 23:24:16.156","2026-05-28 23:24:16.156","fd547f93-4422-43d5-8bed-4748bdccb731","[PREMIUM]","Used",2023,"Ford","F-150","Lariat","[PREMIUM]","[PREMIUM]",45739,"Truck","White Metallic","Black","4WD",,,"Flexible Fuel",,,"dealership","[PREMIUM]","Oak Ridge","TN","[PREMIUM]",,"[]",,,"[PREMIUM]"
"dd83945d-e47a-4b5c-9981-24c960355bcf","2026-05-28 23:24:14.176","2026-05-31 23:24:29.822","dd83945d-e47a-4b5c-9981-24c960355bcf","[PREMIUM]","Used",2023,"Lexus","RX 350","Premium Plus","[PREMIUM]","[PREMIUM]",27204,"SUV","Nebula Gray Pearl","Black w/Black Open Pore","All-wheel Drive",,,"Gasoline",,,"dealership","[PREMIUM]","Santa Fe","NM","[PREMIUM]",,"[]",,,"[PREMIUM]"
"2a2e5518-a75d-44d1-8c69-52a0f5aa7b01","2026-05-28 23:24:13.881","2026-05-31 23:24:29.725","2a2e5518-a75d-44d1-8c69-52a0f5aa7b01","[PREMIUM]","Used",2023,"Lexus","RX 350h","Premium Plus","[PREMIUM]","[PREMIUM]",19982,"SUV","Gray Pearl","Black","All-wheel Drive",,,"Gasoline",,,"dealership","[PREMIUM]","Coconut Creek","FL","[PREMIUM]",,"[]",,,"[PREMIUM]"
"8d1f3868-5e4f-42ca-b35b-0953b41be8dd","2026-05-28 23:24:13.850","2026-05-28 23:24:13.850","8d1f3868-5e4f-42ca-b35b-0953b41be8dd","[PREMIUM]","Used",2023,"Lexus","GX 460",,"[PREMIUM]","[PREMIUM]",44587,"SUV","White","RED","Four-wheel Drive",,,"Gasoline",,,"dealership","[PREMIUM]","Irving","TX","[PREMIUM]",,"[]",,,"[PREMIUM]"
"93c4817d-b1ca-43f4-aee4-14a3e1da87f0","2026-05-28 23:24:13.823","2026-05-28 23:24:13.823","93c4817d-b1ca-43f4-aee4-14a3e1da87f0","[PREMIUM]","Used",2023,"Mercedes-Benz","E-Class",,"[PREMIUM]","[PREMIUM]",21555,"Coupe","Black","BLACK","Four-wheel Drive",,,"Gasoline",,,"dealership","[PREMIUM]","Schaumburg","IL","[PREMIUM]",,"[]",,,"[PREMIUM]"
"9241c6ec-aedf-4b09-975d-c1ffa594cee6","2026-05-28 23:24:13.821","2026-05-28 23:24:13.821","9241c6ec-aedf-4b09-975d-c1ffa594cee6","[PREMIUM]","Used",2023,"Toyota","4Runner","Limited","[PREMIUM]","[PREMIUM]",17668,"SUV","Blizzard Pearl","Redwood","Four-wheel Drive",,,"Gasoline",,,"dealership","[PREMIUM]","St Cloud","MN","[PREMIUM]",,"[]",,,"[PREMIUM]"
"69912847-18c9-4e09-9ca8-df5c2a0a2bb8","2026-05-28 23:24:13.788","2026-05-28 23:24:13.788","69912847-18c9-4e09-9ca8-df5c2a0a2bb8","[PREMIUM]","Used",2023,"Toyota","Tundra Hybrid","1794 Edition","[PREMIUM]","[PREMIUM]",19893,"Truck","Wind Chill Pearl","Saddle Tan","Four-wheel Drive",,,"Hybrid",,,"dealership","[PREMIUM]","Colorado Springs","CO","[PREMIUM]",,"[]",,,"[PREMIUM]"
"f1cfd682-3252-4b50-ab2d-b925728aea41","2026-05-28 23:24:13.769","2026-05-28 23:24:13.769","f1cfd682-3252-4b50-ab2d-b925728aea41","[PREMIUM]","Used",2023,"Toyota","Tundra","1794 Edition","[PREMIUM]","[PREMIUM]",39712,"Truck","Midnight Black Metallic","Saddle Tan","Four-wheel Drive",,,"Gasoline",,,"dealership","[PREMIUM]","Arlington","TX","[PREMIUM]",,"[]",,,"[PREMIUM]"
"a50804d5-4260-4edf-845d-3e93ac4086be","2026-05-28 23:24:13.757","2026-05-28 23:24:13.757","a50804d5-4260-4edf-845d-3e93ac4086be","[PREMIUM]","Used",2023,"Land Rover","Defender","130 X-Dynamic SE","[PREMIUM]","[PREMIUM]",47534,"SUV","White","BLACK","Four-wheel Drive",,,"Gasoline",,,"dealership","[PREMIUM]","Bakersfield","CA","[PREMIUM]",,"[]",,,"[PREMIUM]"
"d49f3847-3419-4d18-bf82-6ebd09a7fc65","2026-05-28 23:24:13.754","2026-05-28 23:24:13.754","d49f3847-3419-4d18-bf82-6ebd09a7fc65","[PREMIUM]","Used",2023,"Ford","Expedition Max","Platinum","[PREMIUM]","[PREMIUM]",60152,"SUV","Infinite Blue Metallic Tinted Clearcoat","Carmelo","Four-wheel Drive",,,"Gasoline",,,"dealership","[PREMIUM]","Colusa","CA","[PREMIUM]",,"[]",,,"[PREMIUM]"
"018de4c1-27d3-4836-a6e0-23ca989670d0","2026-05-28 23:24:13.753","2026-05-28 23:24:13.753","018de4c1-27d3-4836-a6e0-23ca989670d0","[PREMIUM]","Used",2023,"Lincoln","Aviator","GRAND TOURING","[PREMIUM]","[PREMIUM]",19708,"SUV","CERAMIC PEARL MET 3C","SANDSTONE LTH SEAT SURFACES",,,,,,,"dealership","[PREMIUM]","Myrtle Beach","SC","[PREMIUM]",,"[]",,,"[PREMIUM]"
"d2dc361f-6a0d-47a2-bd8a-fe420f14586d","2026-05-28 23:24:13.748","2026-05-28 23:24:13.748","d2dc361f-6a0d-47a2-bd8a-fe420f14586d","[PREMIUM]","Used",2023,"Rivian","R1T","Adventure Quad Motor Large Pack","[PREMIUM]","[PREMIUM]",73038,"Truck","Silver","Black Mountain","All-wheel Drive",,,"Electric",,,"dealership","[PREMIUM]","Reno","NV","[PREMIUM]",,"[]",,,"[PREMIUM]"
"7e5aae45-105a-4f91-90f5-e5208e19e755","2026-05-28 23:24:13.683","2026-05-28 23:24:13.683","7e5aae45-105a-4f91-90f5-e5208e19e755","[PREMIUM]","Used",2023,"Ford","Expedition","LIMITED","[PREMIUM]","[PREMIUM]",27370,"SUV","AGATE BLACK METALLIC","SANDSTONE LEATHER-TRIM SEAT",,,,,,,"dealership","[PREMIUM]","Tomball","TX","[PREMIUM]",,"[]",,,"[PREMIUM]"
"f8283aa4-4d72-4ef4-81ee-e9fa70512ef3","2026-05-28 23:23:30.587","2026-05-28 23:23:30.587","f8283aa4-4d72-4ef4-81ee-e9fa70512ef3","[PREMIUM]","Used",2024,"Chevrolet","Silverado 1500","RST","[PREMIUM]","[PREMIUM]",22973,"Truck","Radiant Red","Black","Four-wheel Drive",,,"Diesel",,,"dealership","[PREMIUM]","City of Industry","CA","[PREMIUM]",,"[]",,,"[PREMIUM]"
"c5adb2fc-8679-4415-ad7b-01f744fa00e8","2026-05-28 23:23:30.555","2026-05-28 23:23:30.555","c5adb2fc-8679-4415-ad7b-01f744fa00e8","[PREMIUM]","Used",2024,"Toyota","4Runner","TRD Off Road Premium","[PREMIUM]","[PREMIUM]",5671,"SUV","Midnight Black Metallic","Graphite","4WD",,,"Gasoline",,,"dealership","[PREMIUM]","Amsterdam","NY","[PREMIUM]",,"[]",,,"[PREMIUM]"
"552791b0-c893-4bf8-8d57-bd347879e727","2026-05-28 23:23:19.338","2026-05-31 23:23:29.300","552791b0-c893-4bf8-8d57-bd347879e727","[PREMIUM]","Used",2024,"Ford","F-150","XLT","[PREMIUM]","[PREMIUM]",24824,"Truck","CARBONIZED GRAY METALLIC","BLACK INT W/BLACK LTHR TRIM","Four-wheel Drive",,,"Gasoline",,,"dealership","[PREMIUM]","Green Bay","WI","[PREMIUM]",,"[]",,,"[PREMIUM]"
"bba93fd4-1023-4815-b5cf-3a49c9782865","2026-05-28 23:23:19.300","2026-05-31 23:23:29.295","bba93fd4-1023-4815-b5cf-3a49c9782865","[PREMIUM]","Used",2024,"Lincoln","Nautilus","Reserve","[PREMIUM]","[PREMIUM]",9767,"SUV","Red Carpet Metallic Tinted Clearcoat","Black Onyx","All-wheel Drive",,,"Gasoline",,,"dealership","[PREMIUM]","Kalamazoo","MI","[PREMIUM]",,"[]",,,"[PREMIUM]"
"e9fba3a9-03bc-47a6-92cd-a765761a667f","2026-05-28 23:22:45.574","2026-06-03 23:23:04.092","e9fba3a9-03bc-47a6-92cd-a765761a667f","[PREMIUM]","Used",2024,"GMC","Sierra 1500","SLT","[PREMIUM]","[PREMIUM]",18874,"Truck","Sterling","Black","Four-wheel Drive",,,"Gasoline",,,"dealership","[PREMIUM]","Peru","IL","[PREMIUM]",,"[]",,,"[PREMIUM]"
"7b7125ca-0806-40e0-821c-2f2542edb0fc","2026-05-28 23:22:42.636","2026-05-31 23:22:47.967","7b7125ca-0806-40e0-821c-2f2542edb0fc","[PREMIUM]","Used",2024,"Genesis","GV80","2.5T","[PREMIUM]","[PREMIUM]",20385,"SUV","Vik Black","Black/Beige","All-wheel Drive",,,"Gasoline",,,"dealership","[PREMIUM]","Fort Myers","FL","[PREMIUM]",,"[]",,,"[PREMIUM]"
"d960b2e9-75f4-4d4e-8f08-a8b4f7ccf638","2026-05-28 23:22:42.504","2026-05-28 23:22:42.504","d960b2e9-75f4-4d4e-8f08-a8b4f7ccf638","[PREMIUM]","Used",2024,"Lexus","RX 350","Premium Plus","[PREMIUM]","[PREMIUM]",35185,"SUV","Caviar","Macadamia","Front-wheel Drive",,,"Gasoline",,,"dealership","[PREMIUM]","Pelham","AL","[PREMIUM]",,"[]",,,"[PREMIUM]"
"448e475f-c665-45bf-9b2e-1a0f5469b3d2","2026-05-28 23:22:42.496","2026-05-28 23:22:42.496","448e475f-c665-45bf-9b2e-1a0f5469b3d2","[PREMIUM]","Used",2024,"Lexus","TX 350","Luxury","[PREMIUM]","[PREMIUM]",42599,"SUV","Caviar","Black","Front-wheel Drive",,,"Gasoline",,,"dealership","[PREMIUM]","Spring","TX","[PREMIUM]",,"[]",,,"[PREMIUM]"
"5015ef54-6f1a-442c-9cd4-8e84d731ff2b","2026-05-28 23:22:42.490","2026-05-28 23:22:42.490","5015ef54-6f1a-442c-9cd4-8e84d731ff2b","[PREMIUM]","Used",2024,"Lexus","TX 350",,"[PREMIUM]","[PREMIUM]",26194,"SUV","White","BLACK","Four-wheel Drive",,,"Gasoline",,,"dealership","[PREMIUM]","Reno","NV","[PREMIUM]",,"[]",,,"[PREMIUM]"
"7c0727a7-70a8-4927-9713-da4d8c325ea8","2026-05-28 23:22:42.476","2026-05-28 23:22:42.476","7c0727a7-70a8-4927-9713-da4d8c325ea8","[PREMIUM]","Used",2024,"Ford","F-250","XL","[PREMIUM]","[PREMIUM]",31733,"Truck","White","Gray","Four-wheel Drive",,,"Diesel",,,"dealership","[PREMIUM]","Burkburnett","TX","[PREMIUM]",,"[]",,,"[PREMIUM]"
"61f936b3-06c4-4e76-8c45-aacf7e253cc0","2026-05-28 23:22:30.615","2026-05-28 23:22:30.615","61f936b3-06c4-4e76-8c45-aacf7e253cc0","[PREMIUM]","Used",2024,"Toyota","Grand Highlander","Platinum","[PREMIUM]","[PREMIUM]",17060,"SUV","Red","BLACK","4WD",,,"Gas",,,"dealership","[PREMIUM]","Richmond","TX","[PREMIUM]",,"[]",,,"[PREMIUM]"
"8ce4dae1-51bb-49f5-bc51-51d562627c9c","2026-05-28 23:22:30.549","2026-05-31 23:22:37.851","8ce4dae1-51bb-49f5-bc51-51d562627c9c","[PREMIUM]","Used",2024,"Nissan","ARIYA","EVOLVE+","[PREMIUM]","[PREMIUM]",22370,"SUV","Gun Metallic","Charcoal","All-wheel Drive",,,"Electric",,,"dealership","[PREMIUM]","Denver","CO","[PREMIUM]",,"[]",,,"[PREMIUM]"
"b7676511-1dfe-4434-ac40-bcd4f8771a58","2026-05-28 23:22:30.545","2026-05-28 23:22:30.545","b7676511-1dfe-4434-ac40-bcd4f8771a58","[PREMIUM]","Used",2024,"Chevrolet","Camaro","2SS","[PREMIUM]","[PREMIUM]",21816,"Coupe","Black","Adrenaline Red","Rear-wheel Drive",,,"Gasoline",,,"dealership","[PREMIUM]","Fort Lauderdale","FL","[PREMIUM]",,"[]",,,"[PREMIUM]"
"f0b628c6-5e5d-48b3-9c1f-75242c37d19a","2026-05-28 23:22:30.484","2026-05-28 23:22:30.484","f0b628c6-5e5d-48b3-9c1f-75242c37d19a","[PREMIUM]","Used",2024,"Toyota","Tundra","LIMITED","[PREMIUM]","[PREMIUM]",33769,"Truck","Lunar","BLACK",,,,,,,"dealership","[PREMIUM]","Woodstock","GA","[PREMIUM]",,"[]",,,"[PREMIUM]"
"cd3a4dd6-b473-4de9-a34a-e199d1dbfcbb","2026-05-28 23:22:30.482","2026-05-31 23:22:47.980","cd3a4dd6-b473-4de9-a34a-e199d1dbfcbb","[PREMIUM]","Used",2024,"Ford","F-250","XL","[PREMIUM]","[PREMIUM]",28439,"Truck","CARBONIZED GRAY","MEDIUM DARK SLATE CLOTH",,,,,,,"dealership","[PREMIUM]","Bremerton","WA","[PREMIUM]",,"[]",,,"[PREMIUM]"
"545f7f06-e153-49ea-a9f2-76edcc278818","2026-05-28 23:22:28.622","2026-05-28 23:22:28.622","545f7f06-e153-49ea-a9f2-76edcc278818","[PREMIUM]","Used",2024,"BMW","X5","xDrive40i","[PREMIUM]","[PREMIUM]",28099,"SUV","Black","BROWN","Four-wheel Drive",,,"Gasoline",,,"dealership","[PREMIUM]","Schaumburg","IL","[PREMIUM]",,"[]",,,"[PREMIUM]"
"61f9f158-c345-453b-9fa6-b6835972c929","2026-05-28 23:22:28.618","2026-05-28 23:22:28.618","61f9f158-c345-453b-9fa6-b6835972c929","[PREMIUM]","Used",2025,"RAM","1500","Laramie","[PREMIUM]","[PREMIUM]",23614,"Truck","Silver","Black","Four-wheel Drive",,,"Gasoline",,,"dealership","[PREMIUM]","Bennington","VT","[PREMIUM]",,"[]",,,"[PREMIUM]"
"e260333a-1dbc-4b2c-8cd4-8271239eee83","2026-05-28 23:22:28.597","2026-05-28 23:22:28.597","e260333a-1dbc-4b2c-8cd4-8271239eee83","[PREMIUM]","Used",2024,"Lexus","RX 350h","Premium Plus","[PREMIUM]","[PREMIUM]",61206,"SUV","White","BROWN","Four-wheel Drive",,,"Hybrid",,,"dealership","[PREMIUM]","Schaumburg","IL","[PREMIUM]",,"[]",,,"[PREMIUM]"
"52e2ba11-90d9-4d72-ace7-1d920264907c","2026-05-28 23:22:28.521","2026-05-28 23:22:28.521","52e2ba11-90d9-4d72-ace7-1d920264907c","[PREMIUM]","Used",2024,"GMC","Sierra 1500","Elevation","[PREMIUM]","[PREMIUM]",18847,"Truck","Gray","BLACK","Four-wheel Drive",,,"Gasoline",,,"dealership","[PREMIUM]","St. Peters","MO","[PREMIUM]",,"[]",,,"[PREMIUM]"
"f0fee19d-b99d-4935-852e-12fd2e123840","2026-05-28 23:22:28.519","2026-05-31 23:22:37.907","f0fee19d-b99d-4935-852e-12fd2e123840","[PREMIUM]","Used",2025,"RAM","1500","Rebel","[PREMIUM]","[PREMIUM]",25241,"Truck","Black","Black","Four-wheel Drive",,,"Gasoline",,,"dealership","[PREMIUM]","Bennington","VT","[PREMIUM]",,"[]",,,"[PREMIUM]"
"79ef0ff1-cf9a-45c9-9d65-bc55a6c18057","2026-05-28 23:22:28.498","2026-05-28 23:22:28.498","79ef0ff1-cf9a-45c9-9d65-bc55a6c18057","[PREMIUM]","Used",2025,"Ford","Transit-350","XLT","[PREMIUM]","[PREMIUM]",15171,"Cargo Van","OXFORD WHITE","DARK PALAZZO GRAY CLOTH","Rear-wheel Drive",,,"Gasoline",,,"dealership","[PREMIUM]","Clermont","FL","[PREMIUM]",,"[]",,,"[PREMIUM]"
"998a7ca0-b542-4815-9186-4b6c1a8cb8f9","2026-05-28 23:22:28.495","2026-05-31 23:22:47.995","998a7ca0-b542-4815-9186-4b6c1a8cb8f9","[PREMIUM]","Used",2024,"Chevrolet","Silverado 2500","LTZ","[PREMIUM]","[PREMIUM]",92649,"Truck","Summit White","Jet Black","Four-wheel Drive",,,"Gasoline",,,"dealership","[PREMIUM]","Ankeny","IA","[PREMIUM]",,"[]",,,"[PREMIUM]"
"04c90cdc-7295-4742-9d71-bbf3a194e539","2026-05-28 23:22:28.482","2026-05-31 23:22:48.062","04c90cdc-7295-4742-9d71-bbf3a194e539","[PREMIUM]","Used",2024,"Nissan","Armada","Platinum","[PREMIUM]","[PREMIUM]",19792,"SUV","White","BROWN","Rear-wheel Drive",,,"Gasoline",,,"dealership","[PREMIUM]","Murfreesboro","TN","[PREMIUM]",,"[]",,,"[PREMIUM]"
"9aa6bfa0-d65b-467f-8b43-562592ad66ae","2026-05-28 23:21:54.279","2026-05-28 23:21:54.279","9aa6bfa0-d65b-467f-8b43-562592ad66ae","[PREMIUM]","Used",2025,"Cadillac","LYRIQ","Luxury","[PREMIUM]","[PREMIUM]",15161,"SUV","Stellar Black Metallic","Noir w/Santorini Blue Accents","All-wheel Drive",,,"Electric",,,"dealership","[PREMIUM]","NEWPORT NEWS","VA","[PREMIUM]",,"[]",,,"[PREMIUM]"
"f4870254-0089-4753-a61d-954e30869709","2026-05-28 23:21:54.190","2026-05-28 23:21:54.190","f4870254-0089-4753-a61d-954e30869709","[PREMIUM]","Used",2025,"RAM","1500","Rebel","[PREMIUM]","[PREMIUM]",6822,"Truck","Silver","BLACK","Four-wheel Drive",,,"Gasoline",,,"dealership","[PREMIUM]","Indianapolis","IN","[PREMIUM]",,"[]",,,"[PREMIUM]"
"bab41ebb-02ef-4cdb-beda-601a034101db","2026-05-28 23:21:54.180","2026-05-28 23:21:54.180","bab41ebb-02ef-4cdb-beda-601a034101db","[PREMIUM]","Used",2025,"Toyota","GR Supra","3.0 Premium","[PREMIUM]","[PREMIUM]",5436,"Coupe","Absolute Zero","Black","Rear-wheel Drive",,,"Gasoline",,,"dealership","[PREMIUM]","Ogden","UT","[PREMIUM]",,"[]",,,"[PREMIUM]"
"1d041ef4-4441-47a9-8f4a-70261a694941","2026-05-28 23:21:01.078","2026-05-28 23:21:01.078","1d041ef4-4441-47a9-8f4a-70261a694941","[PREMIUM]","Used",2025,"Volvo","XC90","B6 Plus 7-Seater","[PREMIUM]","[PREMIUM]",17017,"SUV","Onyx Black Metallic","Charcoal","All-wheel Drive",,,"Gasoline",,,"dealership","[PREMIUM]","Frisco","TX","[PREMIUM]",,"[]",,,"[PREMIUM]"
"d204b688-1fdd-4dfb-acd9-4cd53f388824","2026-05-28 23:21:01.060","2026-05-28 23:21:01.060","d204b688-1fdd-4dfb-acd9-4cd53f388824","[PREMIUM]","Used",2025,"BMW","M240","i","[PREMIUM]","[PREMIUM]",10341,"Coupe","Blue","Cognac","Rear-wheel Drive",,,"Gasoline",,,"dealership","[PREMIUM]","Creve Coeur","MO","[PREMIUM]",,"[]",,,"[PREMIUM]"
"6d9af9f5-9c50-412a-b58b-79dab4f051be","2026-05-28 23:21:01.047","2026-05-28 23:21:01.047","6d9af9f5-9c50-412a-b58b-79dab4f051be","[PREMIUM]","Used",2025,"Acura","MDX","Technology Package","[PREMIUM]","[PREMIUM]",11756,"SUV","White","Ebony","All-wheel Drive",,,"Gasoline",,,"dealership","[PREMIUM]","Portsmouth","NH","[PREMIUM]",,"[]",,,"[PREMIUM]"
"dc8a4b7f-02ee-4785-8d96-1a348ff04fe9","2026-05-28 23:20:36.879","2026-05-28 23:20:36.879","dc8a4b7f-02ee-4785-8d96-1a348ff04fe9","[PREMIUM]","Used",2025,"Audi","Q5","Premium TFSI quattro S tronic","[PREMIUM]","[PREMIUM]",6991,"SUV","Mythos Black Metallic","Black","All-wheel Drive",,,"Gasoline",,,"dealership","[PREMIUM]","West Palm Beach","FL","[PREMIUM]",,"[]",,,"[PREMIUM]"
"e373d39e-060e-4948-872a-5ed44c97e0ec","2026-05-28 23:20:36.820","2026-05-28 23:20:36.820","e373d39e-060e-4948-872a-5ed44c97e0ec","[PREMIUM]","Used",2025,"Honda","Pilot","Black Edition","[PREMIUM]","[PREMIUM]",4166,"SUV","Platinum White Pearl","Black","All-wheel Drive",,,"Gasoline",,,"dealership","[PREMIUM]","Tarrytown","NY","[PREMIUM]",,"[]",,,"[PREMIUM]"
"ba33d988-183e-4957-ad65-ce76b215a942","2026-05-28 23:20:36.750","2026-05-28 23:20:36.750","ba33d988-183e-4957-ad65-ce76b215a942","[PREMIUM]","New",2025,"Ford","Ranger","Lariat","[PREMIUM]","[PREMIUM]",1321,"Truck","Oxford White","Ebony","4WD",,,"Gasoline",,,"dealership","[PREMIUM]","Bel Air","MD","[PREMIUM]",,"[]",,,"[PREMIUM]"
"4c196c8d-0e77-434a-a8a5-d36524bb367a","2026-05-28 23:20:36.736","2026-05-28 23:20:36.736","4c196c8d-0e77-434a-a8a5-d36524bb367a","[PREMIUM]","Used",2025,"Audi","Q5","Premium Plus TFSI quattro S tronic","[PREMIUM]","[PREMIUM]",7713,"SUV","Mythos Black Metallic","Black","All-wheel Drive",,,"Gasoline",,,"dealership","[PREMIUM]","Virginia Beach","VA","[PREMIUM]",,"[]",,,"[PREMIUM]"
"75123344-49b3-4f48-90ea-1eb609902204","2026-05-28 23:20:36.730","2026-05-28 23:20:36.730","75123344-49b3-4f48-90ea-1eb609902204","[PREMIUM]","Used",2025,"Toyota","Highlander Hybrid","XLE","[PREMIUM]","[PREMIUM]",13618,"SUV","Magnetic Gray Metallic","Graphite","All-wheel Drive",,,"Hybrid",,,"dealership","[PREMIUM]","Fort Collins","CO","[PREMIUM]",,"[]",,,"[PREMIUM]"
"f7329537-33c6-4ad5-bc98-309e4cdeb55a","2026-05-28 23:20:36.694","2026-05-28 23:20:36.694","f7329537-33c6-4ad5-bc98-309e4cdeb55a","[PREMIUM]","Used",2025,"Chevrolet","Colorado","ZR2","[PREMIUM]","[PREMIUM]",5212,"Truck","Sterling Gray Metallic","Jet Black/Artemis","Four-wheel Drive",,,"Gasoline",,,"dealership","[PREMIUM]","Baytown","TX","[PREMIUM]",,"[]",,,"[PREMIUM]"
"77d6e8ba-36d3-4c54-ab15-40e1064ce479","2026-05-28 23:20:36.668","2026-05-31 23:20:57.760","77d6e8ba-36d3-4c54-ab15-40e1064ce479","[PREMIUM]","Used",2025,"Lexus","RX 350","Premium","[PREMIUM]","[PREMIUM]",14497,"SUV","Eminent White Pearl","Black w/Black Open Pore","Front-wheel Drive",,,"Gasoline",,,"dealership","[PREMIUM]","Winter Park","FL","[PREMIUM]",,"[]",,,"[PREMIUM]"
"65bd878e-cc00-441a-9f23-abc10457a133","2026-05-28 23:20:36.661","2026-05-31 23:20:57.486","65bd878e-cc00-441a-9f23-abc10457a133","[PREMIUM]","Used",2025,"Chevrolet","Tahoe","LT","[PREMIUM]","[PREMIUM]",31321,"SUV","Sterling Gray Metallic","Black","Four-wheel Drive",,,"Gasoline",,,"dealership","[PREMIUM]","Renton","WA","[PREMIUM]",,"[]",,,"[PREMIUM]"
"9954bc74-6bae-4aab-9af9-e3e25df32315","2026-05-28 23:20:36.638","2026-05-28 23:20:36.638","9954bc74-6bae-4aab-9af9-e3e25df32315","[PREMIUM]","Used",2025,"Lexus","TX 350","Base","[PREMIUM]","[PREMIUM]",3495,"SUV","Pearl","Black","Front-wheel Drive",,,"Gasoline",,,"dealership","[PREMIUM]","Olympia","WA","[PREMIUM]",,"[]",,,"[PREMIUM]"
"208aa729-4c22-43d2-a45b-e67477076e8b","2026-05-28 23:20:36.623","2026-05-28 23:20:36.623","208aa729-4c22-43d2-a45b-e67477076e8b","[PREMIUM]","Used",2025,"Lexus","RX 350","Premium","[PREMIUM]","[PREMIUM]",17616,"SUV","White Pearl","Birch w/Black Open Pore","All-wheel Drive",,,"Gasoline",,,"dealership","[PREMIUM]","Wilkes-Barre","PA","[PREMIUM]",,"[]",,,"[PREMIUM]"
"d05e2ae4-cf35-4a68-b976-39eb1fa4b28e","2026-05-28 23:20:23.836","2026-05-28 23:20:23.836","d05e2ae4-cf35-4a68-b976-39eb1fa4b28e","[PREMIUM]","Used",2025,"Ford","Bronco","Badlands","[PREMIUM]","[PREMIUM]",14308,"SUV","AZURE GRAY MET TRI-COAT","VINYL BLACK SEATS","Four-wheel Drive",,,"Gasoline",,,"dealership","[PREMIUM]","Highland","IN","[PREMIUM]",,"[]",,,"[PREMIUM]"
"21fdef29-bd7f-4448-94b4-10356842cd29","2026-05-28 23:20:23.817","2026-05-28 23:20:23.817","21fdef29-bd7f-4448-94b4-10356842cd29","[PREMIUM]","Used",2025,"RAM","2500","Tradesman Crew Cab 4x4 6&#39;4&#39; Box","[PREMIUM]","[PREMIUM]",13015,"Truck","Bright White Clearcoat","Black","Four-wheel Drive",,,"Diesel",,,"dealership","[PREMIUM]","Chandler","AZ","[PREMIUM]",,"[]",,,"[PREMIUM]"
"ea56f8d2-eca3-4d33-9e92-d47fb176e654","2026-05-28 23:20:12.777","2026-05-28 23:20:12.777","ea56f8d2-eca3-4d33-9e92-d47fb176e654","[PREMIUM]","Used",2025,"Ford","Bronco","Heritage Edition","[PREMIUM]","[PREMIUM]",31581,"SUV","Blue","Navy Pier","Four-wheel Drive",,,"Gasoline",,,"dealership","[PREMIUM]","Jasper","GA","[PREMIUM]",,"[]",,,"[PREMIUM]"
"ec113d32-0858-4375-bf71-bfb26d5b921b","2026-05-28 23:20:11.874","2026-05-28 23:20:11.874","ec113d32-0858-4375-bf71-bfb26d5b921b","[PREMIUM]","Used",2025,"RAM","2500","Big Horn Crew Cab 4x4 6&#39;4&#39; Box","[PREMIUM]","[PREMIUM]",13550,"Truck","Crystal Metallic","Black","Four-wheel Drive",,,"Gasoline",,,"dealership","[PREMIUM]","La Mesa","CA","[PREMIUM]",,"[]",,,"[PREMIUM]"
"73ca8de1-2055-4075-ad3e-dd948ed2c1d5","2026-05-28 23:20:09.285","2026-05-28 23:20:09.285","73ca8de1-2055-4075-ad3e-dd948ed2c1d5","[PREMIUM]","Used",2025,"RAM","1500","Rebel","[PREMIUM]","[PREMIUM]",30483,"Truck","Blue Metallic","Black","Four-wheel Drive",,,"Gasoline",,,"dealership","[PREMIUM]","Ocala","FL","[PREMIUM]",,"[]",,,"[PREMIUM]"
"3f355b20-da2e-4881-b8dd-8405b50d7b10","2026-05-28 23:20:09.200","2026-05-31 23:20:27.239","3f355b20-da2e-4881-b8dd-8405b50d7b10","[PREMIUM]","Used",2025,"Ford","Explorer","ST","[PREMIUM]","[PREMIUM]",18279,"SUV","Carbonized Gray Metallic","Onyx","Four-wheel Drive",,,"Gasoline",,,"dealership","[PREMIUM]","Richfield","MN","[PREMIUM]",,"[]",,,"[PREMIUM]"
"5616aa6a-6555-475b-b42a-30f8da34f786","2026-05-28 23:20:09.101","2026-05-28 23:20:09.101","5616aa6a-6555-475b-b42a-30f8da34f786","[PREMIUM]","Used",2025,"Toyota","Highlander","Limited","[PREMIUM]","[PREMIUM]",4311,"SUV","Pearl","Harvest Beige","All-wheel Drive",,,"Gasoline",,,"dealership","[PREMIUM]","Kansas City","MO","[PREMIUM]",,"[]",,,"[PREMIUM]"
"418fde0a-d176-4067-bb30-2aaabdf959f3","2026-05-28 23:19:57.350","2026-05-28 23:19:57.350","418fde0a-d176-4067-bb30-2aaabdf959f3","[PREMIUM]","Used",2025,"Ford","F-350","XL","[PREMIUM]","[PREMIUM]",9818,"Truck","OXFORD WHITE","MEDIUM DARK SLATE CLOTH","Four-wheel Drive",,,"Gasoline",,,"dealership","[PREMIUM]","Merrillville","IN","[PREMIUM]",,"[]",,,"[PREMIUM]"
"07649651-2c04-4456-9522-bf32f2dd003f","2026-05-28 23:19:57.311","2026-05-28 23:19:57.311","07649651-2c04-4456-9522-bf32f2dd003f","[PREMIUM]","Used",2025,"Ford","Bronco","Outer Banks","[PREMIUM]","[PREMIUM]",4704,"SUV","Oxford White","Truffle","Four-wheel Drive",,,"Gasoline",,,"dealership","[PREMIUM]","Pawleys Island","SC","[PREMIUM]",,"[]",,,"[PREMIUM]"
"6692c66c-2cd3-486b-a524-509be4242177","2026-05-28 23:19:56.289","2026-05-28 23:19:56.289","6692c66c-2cd3-486b-a524-509be4242177","[PREMIUM]","Used",2025,"Ford","Ranger","Raptor","[PREMIUM]","[PREMIUM]",20449,"Truck","Blue Metallic","Ebony","Four-wheel Drive",,,"Gasoline",,,"dealership","[PREMIUM]","Temple","TX","[PREMIUM]",,"[]",,,"[PREMIUM]"
"40fc56bb-7fdb-47f1-8a7a-dff5164de108","2026-05-28 23:19:44.335","2026-05-28 23:19:44.335","40fc56bb-7fdb-47f1-8a7a-dff5164de108","[PREMIUM]","Used",2025,"Chevrolet","Express 2500","LT","[PREMIUM]","[PREMIUM]",3442,"Passenger Van","Summit White","Medium Pewter","Rear-wheel Drive",,,"Gasoline",,,"dealership","[PREMIUM]","Cincinnati","OH","[PREMIUM]",,"[]",,,"[PREMIUM]"
"42112821-1741-469f-89f4-de306a7c6f37","2026-05-28 23:19:42.054","2026-05-28 23:19:42.054","42112821-1741-469f-89f4-de306a7c6f37","[PREMIUM]","Used",2025,"Toyota","4Runner Hybrid","TRD 1-OWNER","[PREMIUM]","[PREMIUM]",17488,"SUV","Ice","Black","Four-wheel Drive",,,"Hybrid",,,"dealership","[PREMIUM]","Mesa","AZ","[PREMIUM]",,"[]",,,"[PREMIUM]"
"e6cbcfed-3745-4ef4-8f3e-78c7ca06f019","2026-05-28 23:19:42.048","2026-05-28 23:19:42.048","e6cbcfed-3745-4ef4-8f3e-78c7ca06f019","[PREMIUM]","Used",2025,"Audi","Q5","2.0T quattro Premium","[PREMIUM]","[PREMIUM]",636,"SUV","Glacier White Metallic","Black","All-wheel Drive",,,"Gasoline",,,"dealership","[PREMIUM]","Coral Gables","FL","[PREMIUM]",,"[]",,,"[PREMIUM]"
"8df9a3e5-e9e5-4112-a216-ef4f25deda72","2026-05-28 23:19:42.032","2026-05-28 23:19:42.032","8df9a3e5-e9e5-4112-a216-ef4f25deda72","[PREMIUM]","Used",2025,"Volvo","XC90","B6 Plus 7-Seater","[PREMIUM]","[PREMIUM]",25118,"SUV","Gray","Charcoal","All-wheel Drive",,,"Gasoline",,,"dealership","[PREMIUM]","Kenosha","WI","[PREMIUM]",,"[]",,,"[PREMIUM]"
"67d0fc50-4009-45e8-8adf-43108105828b","2026-05-28 23:19:41.975","2026-05-28 23:19:41.975","67d0fc50-4009-45e8-8adf-43108105828b","[PREMIUM]","Used",2025,"Toyota","Grand Highlander","Platinum","[PREMIUM]","[PREMIUM]",7039,"SUV","Storm Cloud","Light Gray","All-wheel Drive",,,"Gasoline",,,"dealership","[PREMIUM]","Jersey City","NJ","[PREMIUM]",,"[]",,,"[PREMIUM]"
"c39673ec-3e3a-423a-989b-bb5623298c72","2026-05-28 23:19:41.964","2026-05-28 23:19:41.964","c39673ec-3e3a-423a-989b-bb5623298c72","[PREMIUM]","Used",2025,"Audi","Q5","2.0T quattro Premium","[PREMIUM]","[PREMIUM]",2984,"SUV","Tambora Gray Metallic","Black","All-wheel Drive",,,"Gasoline",,,"dealership","[PREMIUM]","Coral Gables","FL","[PREMIUM]",,"[]",,,"[PREMIUM]"
"986e5a25-7074-4636-8344-18bf14e71ab4","2026-05-28 23:19:27.463","2026-05-28 23:19:27.463","986e5a25-7074-4636-8344-18bf14e71ab4","[PREMIUM]","Used",2025,"Toyota","4Runner","SR5","[PREMIUM]","[PREMIUM]",4861,"SUV","Black","Black","Four-wheel Drive",,,"Gasoline",,,"dealership","[PREMIUM]","Plano","TX","[PREMIUM]",,"[]",,,"[PREMIUM]"
"0ad13153-81f0-4689-aac0-81089a56ba33","2026-05-28 23:19:27.310","2026-05-28 23:19:27.310","0ad13153-81f0-4689-aac0-81089a56ba33","[PREMIUM]","Used",2025,"Audi","Q5","Premium TFSI quattro S tronic","[PREMIUM]","[PREMIUM]",7898,"SUV","Mythos Black Metallic","Black","All-wheel Drive",,,"Gasoline",,,"dealership","[PREMIUM]","Secaucus","NJ","[PREMIUM]",,"[]",,,"[PREMIUM]"
"42538645-c104-488b-af85-38f427526759","2026-05-28 23:19:27.119","2026-05-31 23:19:36.857","42538645-c104-488b-af85-38f427526759","[PREMIUM]","Used",2025,"Mercedes-Benz","GLE 350","Base","[PREMIUM]","[PREMIUM]",20900,"SUV","Black","Black","Rear-wheel Drive",,,"Gasoline",,,"dealership","[PREMIUM]","Houston","TX","[PREMIUM]",,"[]",,,"[PREMIUM]"
"e63cba15-b225-493c-8fed-c42503e0ba6d","2026-05-28 23:19:27.061","2026-05-28 23:19:27.061","e63cba15-b225-493c-8fed-c42503e0ba6d","[PREMIUM]","Used",2025,"GMC","Sierra 1500","SLT","[PREMIUM]","[PREMIUM]",25508,"Truck","Volcanic Red Tintcoat","Dark Walnut/Slate","Four-wheel Drive",,,"Diesel",,,"dealership","[PREMIUM]","Frisco","TX","[PREMIUM]",,"[]",,,"[PREMIUM]"
"0cf44a91-d512-4ed8-be73-81dda076bd07","2026-05-28 23:19:27.033","2026-05-28 23:19:27.033","0cf44a91-d512-4ed8-be73-81dda076bd07","[PREMIUM]","Used",2025,"Lexus","RX 350","Premium","[PREMIUM]","[PREMIUM]",10207,"SUV","Matador Red Mica","Black w/Black Open Pore","All-wheel Drive",,,"Gasoline",,,"dealership","[PREMIUM]","Ann Arbor","MI","[PREMIUM]",,"[]",,,"[PREMIUM]"
"5ff2d83a-2ab3-4fc3-855c-a2b627b05cc6","2026-05-28 23:19:27.031","2026-05-31 23:19:36.881","5ff2d83a-2ab3-4fc3-855c-a2b627b05cc6","[PREMIUM]","Used",2025,"Jeep","Grand Cherokee","Summit","[PREMIUM]","[PREMIUM]",11453,"SUV","Bright White Clearcoat","Global Black","Four-wheel Drive",,,"Gasoline",,,"dealership","[PREMIUM]","Weatherford","TX","[PREMIUM]",,"[]",,,"[PREMIUM]"
"12796957-94c2-4c3f-a32c-d664aabea19a","2026-05-28 23:19:27.002","2026-05-31 23:19:36.846","12796957-94c2-4c3f-a32c-d664aabea19a","[PREMIUM]","Used",2025,"Mercedes-Benz","GLC 350e","Base","[PREMIUM]","[PREMIUM]",11225,"SUV","Black","Black","All-wheel Drive",,,"Gasoline",,,"dealership","[PREMIUM]","Las Vegas","NV","[PREMIUM]",,"[]",,,"[PREMIUM]"
"fb8fc11a-f6dc-4658-b756-92b0f659d339","2026-05-28 23:19:13.930","2026-05-28 23:19:13.930","fb8fc11a-f6dc-4658-b756-92b0f659d339","[PREMIUM]","Used",2025,"Toyota","Highlander Hybrid","Platinum","[PREMIUM]","[PREMIUM]",8435,"SUV","Midnight Black Metallic","Glazed Caramel","All-wheel Drive",,,"Hybrid",,,"dealership","[PREMIUM]","Jamaica","NY","[PREMIUM]",,"[]",,,"[PREMIUM]"
"3c55dedb-8793-40f9-b8b6-a4107d9bad24","2026-05-28 23:19:13.909","2026-05-28 23:19:13.909","3c55dedb-8793-40f9-b8b6-a4107d9bad24","[PREMIUM]","Used",2025,"Ford","F-150 Lightning","Flash","[PREMIUM]","[PREMIUM]",18730,"Truck","ANTIMATTER BLUE METALLIC","SLATE ACTIVE X TRIMMED","All-wheel Drive",,,"Electric",,,"dealership","[PREMIUM]","Greensboro","NC","[PREMIUM]",,"[]",,,"[PREMIUM]"
"4ae9ecfe-91f1-4c37-bd62-e7430cb63c67","2026-05-28 23:19:13.875","2026-05-28 23:19:13.875","4ae9ecfe-91f1-4c37-bd62-e7430cb63c67","[PREMIUM]","Used",2025,"Cadillac","XT6","Premium Luxury AWD","[PREMIUM]","[PREMIUM]",2952,"SUV","Crystal White Tricoat","Cirrus w/Dark Titanium Accents","All-wheel Drive",,,"Gasoline",,,"dealership","[PREMIUM]","Bel Air","MD","[PREMIUM]",,"[]",,,"[PREMIUM]"
"0534cb10-90d6-4c1c-a6a6-73a65be03518","2026-05-28 23:19:02.312","2026-05-28 23:19:02.312","0534cb10-90d6-4c1c-a6a6-73a65be03518","[PREMIUM]","Used",2025,"Toyota","Tundra","Limited","[PREMIUM]","[PREMIUM]",28852,"Truck","Lunar Rock","Boulder","Four-wheel Drive",,,"Gasoline",,,"dealership","[PREMIUM]","Las Vegas","NV","[PREMIUM]",,"[]",,,"[PREMIUM]"
"3d9b2c8c-b4d8-4cb2-bf2e-9b69421abb91","2026-05-28 23:18:51.422","2026-05-28 23:18:51.422","3d9b2c8c-b4d8-4cb2-bf2e-9b69421abb91","[PREMIUM]","Used",2025,"Nissan","Z","Performance Manual Transmission","[PREMIUM]","[PREMIUM]",7590,"Coupe","Gun Metallic","Graphite","Rear-wheel Drive",,,"Gasoline",,,"dealership","[PREMIUM]","Longwood","FL","[PREMIUM]",,"[]",,,"[PREMIUM]"
"dabca30d-d039-4f8b-bd9c-8c756b4ebb58","2026-05-28 23:18:39.305","2026-05-28 23:18:39.305","dabca30d-d039-4f8b-bd9c-8c756b4ebb58","[PREMIUM]","Used",2025,"Toyota","Tundra","SR5","[PREMIUM]","[PREMIUM]",18517,"Truck","Ice Cap","Black","Four-wheel Drive",,,"Gasoline",,,"dealership","[PREMIUM]","Cumming","GA","[PREMIUM]",,"[]",,,"[PREMIUM]"
"7451e66e-8cb7-44de-a766-92a22fa28759","2026-05-28 23:18:39.187","2026-05-28 23:18:39.187","7451e66e-8cb7-44de-a766-92a22fa28759","[PREMIUM]","Used",2025,"Ford","Bronco","Outer Banks","[PREMIUM]","[PREMIUM]",5060,"SUV","Oxford White","Black Onyx","Four-wheel Drive",,,"Gasoline",,,"dealership","[PREMIUM]","Waterloo","IL","[PREMIUM]",,"[]",,,"[PREMIUM]"
"f61c0e8c-7993-46c4-abf6-fcb469399b5c","2026-05-28 23:18:39.174","2026-05-31 23:18:56.495","f61c0e8c-7993-46c4-abf6-fcb469399b5c","[PREMIUM]","Used",2025,"GMC","Acadia","Denali","[PREMIUM]","[PREMIUM]",23191,"SUV","Downpour Metallic","Sheer/Very Dark Atmosphere","Front-wheel Drive",,,"Gasoline",,,"dealership","[PREMIUM]","St Augustine","FL","[PREMIUM]",,"[]",,,"[PREMIUM]"
"8e7b4398-acc5-4da8-87df-dfd64cd20cc4","2026-05-28 23:18:27.192","2026-05-28 23:18:27.192","8e7b4398-acc5-4da8-87df-dfd64cd20cc4","[PREMIUM]","Used",2025,"Toyota","Grand Highlander","Platinum","[PREMIUM]","[PREMIUM]",10290,"SUV","Pearl","Light Gray","All-wheel Drive",,,"Gasoline",,,"dealership","[PREMIUM]","Spokane","WA","[PREMIUM]",,"[]",,,"[PREMIUM]"
"22d7994b-9232-455e-a870-04edb084eb7b","2026-05-28 23:18:24.868","2026-05-28 23:18:24.868","22d7994b-9232-455e-a870-04edb084eb7b","[PREMIUM]","Used",2025,"GMC","Canyon","Denali","[PREMIUM]","[PREMIUM]",3366,"Truck","Onyx Black","Jet Black/Teak","Four-wheel Drive",,,"Gasoline",,,"dealership","[PREMIUM]","Austin","TX","[PREMIUM]",,"[]",,,"[PREMIUM]"
"2a037a6f-89ad-40ea-aa00-bfdb747ad331","2026-05-28 23:18:13.039","2026-05-31 23:18:26.146","2a037a6f-89ad-40ea-aa00-bfdb747ad331","[PREMIUM]","Used",2025,"Ford","F-250","XLT","[PREMIUM]","[PREMIUM]",8861,"Truck","Carbonized Gray Metallic","Medium Dark Slate","Four-wheel Drive",,,"Gasoline",,,"dealership","[PREMIUM]","Fontana","CA","[PREMIUM]",,"[]",,,"[PREMIUM]"
"ae84b3a3-46fc-4b7a-bb24-d0857b285229","2026-05-28 23:17:49.914","2026-05-28 23:17:49.914","ae84b3a3-46fc-4b7a-bb24-d0857b285229","[PREMIUM]","Used",2025,"Lexus","NX 350","Luxury","[PREMIUM]","[PREMIUM]",15650,"SUV","Eminent White Pearl","Palomino","All-wheel Drive",,,"Gasoline",,,"dealership","[PREMIUM]","Daytona Beach","FL","[PREMIUM]",,"[]",,,"[PREMIUM]"
"3b81b062-9b20-4619-afd8-539f5ba858e0","2026-05-28 23:17:48.844","2026-05-31 23:17:56.223","3b81b062-9b20-4619-afd8-539f5ba858e0","[PREMIUM]","Used",2025,"Hyundai","PALISADE","Calligraphy Night Edition","[PREMIUM]","[PREMIUM]",13024,"SUV","Abyss Black Pearl","Black","All-wheel Drive",,,"Gasoline",,,"dealership","[PREMIUM]","Wesley Chapel","FL","[PREMIUM]",,"[]",,,"[PREMIUM]"
"0b1c8cad-a5f2-40dc-ad6a-4eb7482a4f55","2026-05-28 23:17:37.063","2026-05-28 23:17:37.063","0b1c8cad-a5f2-40dc-ad6a-4eb7482a4f55","[PREMIUM]","Used",2025,"Ford","F-150","XLT","[PREMIUM]","[PREMIUM]",11623,"Truck","Gray","Dark Slate","4WD",,,"Gasoline",,,"dealership","[PREMIUM]","St. Augustine","FL","[PREMIUM]",,"[]",,,"[PREMIUM]"
"21cb9af1-13d3-4822-9c68-6ad132cc791a","2026-05-28 23:17:05.792","2026-05-28 23:17:05.792","21cb9af1-13d3-4822-9c68-6ad132cc791a","[PREMIUM]","Used",2025,"Audi","Q5","Premium Plus TFSI quattro S tronic","[PREMIUM]","[PREMIUM]",1999,"SUV","Mythos Black Metallic","Black","All-wheel Drive",,,"Gasoline",,,"dealership","[PREMIUM]","Phoenix","AZ","[PREMIUM]",,"[]",,,"[PREMIUM]"
"d14f3fa5-c184-4d61-a776-38c45228c9c1","2026-05-28 23:17:05.503","2026-05-28 23:17:05.503","d14f3fa5-c184-4d61-a776-38c45228c9c1","[PREMIUM]","Used",2025,"Chevrolet","Traverse","RS","[PREMIUM]","[PREMIUM]",8798,"SUV","Sterling Grey Metallic","Jet Black with Torch Red Accents","All-wheel Drive",,,"Gasoline",,,"dealership","[PREMIUM]","Burlington","WI","[PREMIUM]",,"[]",,,"[PREMIUM]"
"c9e224e6-565d-49f3-92bc-173ca9ed2b35","2026-05-28 23:17:05.489","2026-05-28 23:17:05.489","c9e224e6-565d-49f3-92bc-173ca9ed2b35","[PREMIUM]","Used",2025,"Lexus","IS 350","F Sport","[PREMIUM]","[PREMIUM]",10121,"Sedan","Ultra White","Red","Rear-wheel Drive",,,"Gasoline",,,"dealership","[PREMIUM]","Rocklin","CA","[PREMIUM]",,"[]",,,"[PREMIUM]"
"8b0fe0ea-5de1-4a0a-9a2f-20ee7d05ff44","2026-05-28 23:17:05.428","2026-05-28 23:17:05.428","8b0fe0ea-5de1-4a0a-9a2f-20ee7d05ff44","[PREMIUM]","Used",2025,"Chevrolet","Silverado 1500","LTZ","[PREMIUM]","[PREMIUM]",21993,"Truck","Sterling Gray Metallic","Jet Black","Four-wheel Drive",,,"Gasoline",,,"dealership","[PREMIUM]","Fargo","ND","[PREMIUM]",,"[]",,,"[PREMIUM]"
"7455a5f7-7886-4663-8fdc-aaa132ecd818","2026-05-28 23:16:52.116","2026-05-28 23:16:52.116","7455a5f7-7886-4663-8fdc-aaa132ecd818","[PREMIUM]","Used",2025,"GMC","Sierra 1500","Denali","[PREMIUM]","[PREMIUM]",1881,"Truck","Black","Black","Four-wheel Drive",,,"Gasoline",,,"dealership","[PREMIUM]","Des Moines","IA","[PREMIUM]",,"[]",,,"[PREMIUM]"
"0f9cb7e2-b561-4622-bf38-448501be0d0e","2026-05-28 23:16:51.935","2026-06-03 23:17:20.667","0f9cb7e2-b561-4622-bf38-448501be0d0e","[PREMIUM]","Used",2025,"Ford","F-250","XLT","[PREMIUM]","[PREMIUM]",11881,"Truck","Carbonized Gray Metallic","Medium Dark Slate","Four-wheel Drive",,,"Gasoline",,,"dealership","[PREMIUM]","Birmingham","AL","[PREMIUM]",,"[]",,,"[PREMIUM]"
"3223e6ec-cb28-4cb3-9f7e-03f63b9981ce","2026-05-28 23:16:51.853","2026-05-28 23:16:51.853","3223e6ec-cb28-4cb3-9f7e-03f63b9981ce","[PREMIUM]","Used",2025,"RAM","1500","Rebel","[PREMIUM]","[PREMIUM]",12515,"Truck","Bright White Clearcoat","Black","Four-wheel Drive",,,"Gasoline",,,"dealership","[PREMIUM]","Greensboro","NC","[PREMIUM]",,"[]",,,"[PREMIUM]"
"d81c7963-fc70-493b-958b-1966c9401f05","2026-05-28 23:16:51.848","2026-05-28 23:16:51.848","d81c7963-fc70-493b-958b-1966c9401f05","[PREMIUM]","Used",2025,"GMC","Sierra 1500","AT4","[PREMIUM]","[PREMIUM]",52861,"Truck","Summit White","Jet Black","Four-wheel Drive",,,"Gasoline",,,"dealership","[PREMIUM]","Humble","TX","[PREMIUM]",,"[]",,,"[PREMIUM]"
"54b6697d-6af8-4959-b266-788628385a82","2026-05-28 23:16:51.841","2026-05-28 23:16:51.841","54b6697d-6af8-4959-b266-788628385a82","[PREMIUM]","Used",2025,"Audi","Q5","Premium Plus TFSI quattro S tronic","[PREMIUM]","[PREMIUM]",4299,"SUV","Tambora Gray Metallic","Black","All-wheel Drive",,,"Gasoline",,,"dealership","[PREMIUM]","Beverly Hills","CA","[PREMIUM]",,"[]",,,"[PREMIUM]"
"b4a24732-374d-4aad-af9d-71758763c524","2026-05-28 23:16:51.841","2026-05-31 23:17:05.612","b4a24732-374d-4aad-af9d-71758763c524","[PREMIUM]","Used",2025,"Jeep","Wrangler","Rubicon","[PREMIUM]","[PREMIUM]",10371,"SUV","Black Clearcoat","Black","Four-wheel Drive",,,"Gasoline",,,"dealership","[PREMIUM]","Greensboro","NC","[PREMIUM]",,"[]",,,"[PREMIUM]"
"87e17ba0-38c8-4b57-948b-5c1a07ee6107","2026-05-28 23:16:51.819","2026-05-28 23:16:51.819","87e17ba0-38c8-4b57-948b-5c1a07ee6107","[PREMIUM]","Used",2025,"Ford","Transit-350","XL","[PREMIUM]","[PREMIUM]",5801,"Cargo Van","OXFORD WHITE","DARK PALAZZO GRAY VINYL","Rear-wheel Drive",,,"Gasoline",,,"dealership","[PREMIUM]","St. Louis","MO","[PREMIUM]",,"[]",,,"[PREMIUM]"
"53ec2e18-83ea-4648-9758-fabbadeda74a","2026-05-28 23:16:51.810","2026-05-28 23:16:51.810","53ec2e18-83ea-4648-9758-fabbadeda74a","[PREMIUM]","Used",2025,"BMW","X3","30 xDrive","[PREMIUM]","[PREMIUM]",9117,"SUV","Dark Graphite Metallic","Black","All-wheel Drive",,,"Gasoline",,,"dealership","[PREMIUM]","Canton","CT","[PREMIUM]",,"[]",,,"[PREMIUM]"
"794e048d-9b0a-4bf0-a73f-40b20228d078","2026-05-28 23:16:51.785","2026-05-28 23:16:51.785","794e048d-9b0a-4bf0-a73f-40b20228d078","[PREMIUM]","Used",2025,"Ford","F-150","XLT","[PREMIUM]","[PREMIUM]",251,"Truck","ANTIMATTER BLUE METALLIC","BLACK SPORT CLOTH 40/CON/40",,,,,,,"dealership","[PREMIUM]","Watertown","NY","[PREMIUM]",,"[]",,,"[PREMIUM]"
"f80a501e-8fe6-423c-94bf-24f4ef89d123","2026-05-28 23:16:49.785","2026-05-28 23:16:49.785","f80a501e-8fe6-423c-94bf-24f4ef89d123","[PREMIUM]","Used",2025,"Audi","S5","Premium TFSI quattro Tiptronic","[PREMIUM]","[PREMIUM]",25479,"Hatchback","Glacier White Metallic","Magma Red","All-wheel Drive",,,"Gasoline",,,"dealership","[PREMIUM]","Fort Myers","FL","[PREMIUM]",,"[]",,,"[PREMIUM]"
"56bfc660-cb86-4ab5-980c-94fca5befe32","2026-05-28 23:16:49.725","2026-05-31 23:17:05.632","56bfc660-cb86-4ab5-980c-94fca5befe32","[PREMIUM]","Used",2025,"Dodge","Durango","R/T 20th Anniversary Premium AWD","[PREMIUM]","[PREMIUM]",17854,"SUV","DB Black Clearcoat","Black","All-wheel Drive",,,"Gasoline",,,"dealership","[PREMIUM]","Altoona","PA","[PREMIUM]",,"[]",,,"[PREMIUM]"
"352e2ba9-1a23-4585-b79c-44c992264b85","2026-05-28 23:16:47.685","2026-05-28 23:16:47.685","352e2ba9-1a23-4585-b79c-44c992264b85","[PREMIUM]","Used",2025,"RAM","1500","Rebel","[PREMIUM]","[PREMIUM]",26814,"Truck","Mojave Sand Clearcoat","Black","4WD",,,"Gasoline",,,"dealership","[PREMIUM]","Oak Ridge","TN","[PREMIUM]",,"[]",,,"[PREMIUM]"
"389d5e45-7a0f-404d-bbf6-1a7f5383f9cb","2026-05-28 23:16:47.644","2026-05-28 23:16:47.644","389d5e45-7a0f-404d-bbf6-1a7f5383f9cb","[PREMIUM]","Used",2025,"Ford","F-150 Lightning","FLASH","[PREMIUM]","[PREMIUM]",29302,"Truck","ANTIMATTER BLUE METALLIC","SLATE ACTIVE X TRIMMED",,,,,,,"dealership","[PREMIUM]","Alexandria","VA","[PREMIUM]",,"[]",,,"[PREMIUM]"
"3b971733-ba97-43a2-b11d-8ebd3398f8c7","2026-05-28 23:16:47.630","2026-05-28 23:16:47.630","3b971733-ba97-43a2-b11d-8ebd3398f8c7","[PREMIUM]","Used",2025,"Ford","Mustang","GT Premium","[PREMIUM]","[PREMIUM]",1442,"Coupe","Gray Metallic","Black Onyx","Rear-wheel Drive",,,"Gasoline",,,"dealership","[PREMIUM]","Greensboro","NC","[PREMIUM]",,"[]",,,"[PREMIUM]"
"b803f79f-2888-4595-a48a-b53db081dd30","2026-05-28 23:16:45.842","2026-05-28 23:16:45.842","b803f79f-2888-4595-a48a-b53db081dd30","[PREMIUM]","Used",2025,"Toyota","Sienna","XSE 7 Passenger","[PREMIUM]","[PREMIUM]",12858,"Passenger Van","Ruby Flare Pearl","Black","All-wheel Drive",,,"Gasoline",,,"dealership","[PREMIUM]","Grapevine","TX","[PREMIUM]",,"[]",,,"[PREMIUM]"
"1d54f301-cc73-4cee-a3b8-7aae54c004e6","2026-05-28 23:16:45.794","2026-05-28 23:16:45.794","1d54f301-cc73-4cee-a3b8-7aae54c004e6","[PREMIUM]","Used",2025,"Genesis","GV70","3.5T AWD Sport","[PREMIUM]","[PREMIUM]",10930,"SUV","Savile Silver","Ultramarine Blue","All-wheel Drive",,,"Gasoline",,,"dealership","[PREMIUM]","Cary","NC","[PREMIUM]",,"[]",,,"[PREMIUM]"
"5fb7f605-f596-4ec1-a79b-122a06e7089f","2026-05-28 23:16:44.252","2026-05-28 23:16:44.252","5fb7f605-f596-4ec1-a79b-122a06e7089f","[PREMIUM]","New",2025,"Ford","F-350","XL","[PREMIUM]","[PREMIUM]",52,"Truck","Oxford White","Medium Dark Slate","Four-wheel Drive",,,"Gasoline",,,"dealership","[PREMIUM]","Colusa","CA","[PREMIUM]",,"[]",,,"[PREMIUM]"
"c172ee42-3651-4489-9e06-5f053251509a","2026-05-28 23:16:44.235","2026-05-28 23:16:44.235","c172ee42-3651-4489-9e06-5f053251509a","[PREMIUM]","Used",2025,"Lexus","ES 300h","Base","[PREMIUM]","[PREMIUM]",5147,"Sedan","Cloudburst Gray","43","Front-wheel Drive",,,"Gasoline",,,"dealership","[PREMIUM]","Greenwich","CT","[PREMIUM]",,"[]",,,"[PREMIUM]"
"5c3685e8-f968-441e-975e-02c47f22cb6e","2026-05-28 23:16:44.189","2026-05-28 23:16:44.189","5c3685e8-f968-441e-975e-02c47f22cb6e","[PREMIUM]","Used",2025,"Lexus","ES 350","Ultra Luxury","[PREMIUM]","[PREMIUM]",12742,"Sedan","White","BROWN","Rear-wheel Drive",,,"Gasoline",,,"dealership","[PREMIUM]","Bristol","TN","[PREMIUM]",,"[]",,,"[PREMIUM]"
"a1bd8d76-185e-4e11-a9d2-df1cfd927adc","2026-05-28 23:16:40.744","2026-05-28 23:16:40.744","a1bd8d76-185e-4e11-a9d2-df1cfd927adc","[PREMIUM]","New",2026,"Toyota","Tacoma","TRD Off Road","[PREMIUM]","[PREMIUM]",12,"Truck","Underground","Boulder/Black w/Smoke Silver","Four-wheel Drive",,,"Gasoline",,,"dealership","[PREMIUM]","Colorado Springs","CO","[PREMIUM]",,"[]",,,"[PREMIUM]"
"563eeb6f-79ba-4111-aab5-0949dac4112e","2026-05-28 23:16:40.683","2026-05-28 23:16:40.683","563eeb6f-79ba-4111-aab5-0949dac4112e","[PREMIUM]","New",2026,"RAM","2500","Warlock Crew Cab 4x4 6&#39;4&#39; Box","[PREMIUM]","[PREMIUM]",1,"Truck","Ceramic Gray Clearcoat","Black","Four-wheel Drive",,,"Gasoline",,,"dealership","[PREMIUM]","Zumbrota","MN","[PREMIUM]",,"[]",,,"[PREMIUM]"
"6175f74b-a460-4546-b60c-1fd25de164d4","2026-05-28 23:16:40.638","2026-05-28 23:16:40.638","6175f74b-a460-4546-b60c-1fd25de164d4","[PREMIUM]","Used",2025,"Honda","Pilot","Black Edition","[PREMIUM]","[PREMIUM]",6270,"SUV","Gray","BLACK","4WD",,,"Gas",,,"dealership","[PREMIUM]","Milwaukie","OR","[PREMIUM]",,"[]",,,"[PREMIUM]"
"f105e5b8-cf81-48f7-9c08-83d7d176fbcb","2026-05-28 23:16:40.631","2026-05-28 23:16:40.631","f105e5b8-cf81-48f7-9c08-83d7d176fbcb","[PREMIUM]","New",2026,"Honda","Passport","AWD TrailSport Elite","[PREMIUM]","[PREMIUM]",8,"SUV","Ash","G-545m/Black","All-wheel Drive",,,"Gasoline",,,"dealership","[PREMIUM]","West Bend","WI","[PREMIUM]",,"[]",,,"[PREMIUM]"
"018f21f6-abbd-48b2-b611-435fd57ef7cf","2026-05-28 23:16:40.610","2026-05-28 23:16:40.610","018f21f6-abbd-48b2-b611-435fd57ef7cf","[PREMIUM]","Used",2025,"Ford","Mustang","GT Premium","[PREMIUM]","[PREMIUM]",4827,"Convertible","Shadow Black","Carmine Red","Rear-wheel Drive",,,"Gasoline",,,"dealership","[PREMIUM]","Streetsboro","OH","[PREMIUM]",,"[]",,,"[PREMIUM]"
"061de96a-581d-463e-8435-5388cfcf93d4","2026-05-28 23:16:40.602","2026-05-28 23:16:40.602","061de96a-581d-463e-8435-5388cfcf93d4","[PREMIUM]","Used",2025,"Honda","Pilot","Elite","[PREMIUM]","[PREMIUM]",12424,"SUV","Blue","GRAY","Four-wheel Drive",,,"Gasoline",,,"dealership","[PREMIUM]","Greensboro","NC","[PREMIUM]",,"[]",,,"[PREMIUM]"
"d7c17570-2657-4a6f-bfc5-97e9f2d234a8","2026-05-28 23:16:29.063","2026-05-28 23:16:29.063","d7c17570-2657-4a6f-bfc5-97e9f2d234a8","[PREMIUM]","New",2026,"Ford","Explorer","ST-Line","[PREMIUM]","[PREMIUM]",3,"SUV","Marsh Gray","Onyx","Rear-wheel Drive",,,"Gasoline",,,"dealership","[PREMIUM]","Kingsland","GA","[PREMIUM]",,"[]",,,"[PREMIUM]"
"6de34f47-049d-463b-b64e-d5edc5fc5d34","2026-05-28 23:16:28.628","2026-05-28 23:16:28.628","6de34f47-049d-463b-b64e-d5edc5fc5d34","[PREMIUM]","New",2026,"Kia","Carnival Hybrid","SX Prestige","[PREMIUM]","[PREMIUM]",100,"Passenger Van","Snow White Pearl","Off-Black","Front-wheel Drive",,,"Hybrid",,,"dealership","[PREMIUM]","St. Louis","MO","[PREMIUM]",,"[]",,,"[PREMIUM]"
"bb358a2c-5351-4a66-a71e-29538b133910","2026-05-28 23:16:17.534","2026-05-31 23:16:24.574","bb358a2c-5351-4a66-a71e-29538b133910","[PREMIUM]","New",2026,"Kia","Carnival Hybrid","SX Prestige","[PREMIUM]","[PREMIUM]",0,"Passenger Van","Panthera Metal","Navy/Gray","Front-wheel Drive",,,"Hybrid",,,"dealership","[PREMIUM]","Frederick","MD","[PREMIUM]",,"[]",,,"[PREMIUM]"
"09621989-fa08-4456-8339-db1c6d5d6149","2026-05-28 23:16:17.463","2026-05-28 23:16:17.463","09621989-fa08-4456-8339-db1c6d5d6149","[PREMIUM]","New",2026,"Jeep","Gladiator","Willys 41 4x4","[PREMIUM]","[PREMIUM]",29,"Truck","41","Heritage Tan/Black","Four-wheel Drive",,,"Gasoline",,,"dealership","[PREMIUM]","Fort Collins","CO","[PREMIUM]",,"[]",,,"[PREMIUM]"
"ebb1d464-8d49-4b8b-87a4-83756b0ff9a7","2026-05-28 23:15:33.859","2026-05-28 23:15:33.859","ebb1d464-8d49-4b8b-87a4-83756b0ff9a7","[PREMIUM]","New",2026,"BMW","X1","xDrive28i","[PREMIUM]","[PREMIUM]",8,"SUV","Night Dusk Blue Metallic","Smoke White","All-wheel Drive",,,"Gasoline",,,"dealership","[PREMIUM]","Alexandria","VA","[PREMIUM]",,"[]",,,"[PREMIUM]"
"e5f0304c-bb0d-4898-a509-1e693510001c","2026-05-28 23:15:21.655","2026-05-28 23:15:21.655","e5f0304c-bb0d-4898-a509-1e693510001c","[PREMIUM]","Used",2026,"Mercedes-Benz","C-Class","C 300","[PREMIUM]","[PREMIUM]",4718,"Sedan","Black","Black","Rear-wheel Drive",,,"Gasoline",,,"dealership","[PREMIUM]","Houston","TX","[PREMIUM]",,"[]",,,"[PREMIUM]"
"220d9453-d3df-4436-9df5-59f9960663c9","2026-05-28 23:15:21.648","2026-05-28 23:15:21.648","220d9453-d3df-4436-9df5-59f9960663c9","[PREMIUM]","Used",2026,"Mercedes-Benz","C-Class","C 300","[PREMIUM]","[PREMIUM]",4569,"Sedan","Black","Black","Rear-wheel Drive",,,"Gasoline",,,"dealership","[PREMIUM]","Houston","TX","[PREMIUM]",,"[]",,,"[PREMIUM]"
"7a834a16-8d7e-48d1-bc40-095f81b64c69","2026-05-28 23:15:21.601","2026-05-28 23:15:21.601","7a834a16-8d7e-48d1-bc40-095f81b64c69","[PREMIUM]","Used",2026,"Mercedes-Benz","C-Class","C 300","[PREMIUM]","[PREMIUM]",4576,"Sedan","Black","Macchiato Beige","Rear-wheel Drive",,,"Gasoline",,,"dealership","[PREMIUM]","Houston","TX","[PREMIUM]",,"[]",,,"[PREMIUM]"
"3449439a-49b2-44f2-b866-2887f64a57a7","2026-05-28 23:15:21.570","2026-05-28 23:15:21.570","3449439a-49b2-44f2-b866-2887f64a57a7","[PREMIUM]","Used",2026,"Mercedes-Benz","GLC 300","Base","[PREMIUM]","[PREMIUM]",1325,"SUV","Polar White","Macchiato Beige","Rear-wheel Drive",,,"Gasoline",,,"dealership","[PREMIUM]","Houston","TX","[PREMIUM]",,"[]",,,"[PREMIUM]"
"edafd718-bc04-410d-88a1-f76e7bd6e5da","2026-05-28 23:15:09.456","2026-05-28 23:15:09.456","edafd718-bc04-410d-88a1-f76e7bd6e5da","[PREMIUM]","New",2026,"Chevrolet","Traverse","AWD Z71","[PREMIUM]","[PREMIUM]",0,"SUV","Mosaic Black Metallic","Jet Black w/Torch Red Stitching","All-wheel Drive",,,"Gasoline",,,"dealership","[PREMIUM]","Hudson","WI","[PREMIUM]",,"[]",,,"[PREMIUM]"
"fc862403-9659-4e01-8f3a-7ad80d250308","2026-05-28 23:15:09.455","2026-05-28 23:15:09.455","fc862403-9659-4e01-8f3a-7ad80d250308","[PREMIUM]","New",2026,"Ford","F-150","STX","[PREMIUM]","[PREMIUM]",0,"Truck","Avalanche","Black","Four-wheel Drive",,,"Gasoline",,,"dealership","[PREMIUM]","Pensacola","FL","[PREMIUM]",,"[]",,,"[PREMIUM]"
"a7d140c9-e6bb-46b1-ade7-132e38225124","2026-05-28 23:14:47.213","2026-05-28 23:14:47.213","a7d140c9-e6bb-46b1-ade7-132e38225124","[PREMIUM]","Used",2026,"RAM","1500","Rebel","[PREMIUM]","[PREMIUM]",14821,"Truck","Granite Crystal Metallic Clearcoat","Red/Black","Four-wheel Drive",,,"Gasoline",,,"dealership","[PREMIUM]","Highland","IN","[PREMIUM]",,"[]",,,"[PREMIUM]"
"256f5b8f-6aec-4238-b955-4295d6ea90f4","2026-05-28 23:14:47.196","2026-05-31 23:14:54.405","256f5b8f-6aec-4238-b955-4295d6ea90f4","[PREMIUM]","New",2026,"Ford","Explorer","Active","[PREMIUM]","[PREMIUM]",1009,"SUV","Star White","Gray","Four-wheel Drive",,,"Gasoline",,,"dealership","[PREMIUM]","Allentown","PA","[PREMIUM]",,"[]",,,"[PREMIUM]"
"7b75fe2f-46ea-4885-8140-d6708a622e37","2026-05-28 23:14:47.120","2026-05-28 23:14:47.120","7b75fe2f-46ea-4885-8140-d6708a622e37","[PREMIUM]","New",2026,"Jeep","Grand Cherokee","Laredo","[PREMIUM]","[PREMIUM]",0,"SUV","Metallic","Black","4WD",,,"Gasoline",,,"dealership","[PREMIUM]","Warwick","NY","[PREMIUM]",,"[]",,,"[PREMIUM]"
"ff8ec9b4-fc18-4702-91bf-ad334beda8fa","2026-05-28 23:14:47.078","2026-05-28 23:14:47.078","ff8ec9b4-fc18-4702-91bf-ad334beda8fa","[PREMIUM]","New",2026,"Lincoln","Corsair","Premiere","[PREMIUM]","[PREMIUM]",2924,"SUV","Asher Gray Metallic Clearcoat","Ebony","All-wheel Drive",,,"Gasoline",,,"dealership","[PREMIUM]","Columbus","OH","[PREMIUM]",,"[]",,,"[PREMIUM]"
"0d1c7f11-db9b-42e9-b92f-6366462b4ae0","2026-05-28 23:14:32.731","2026-05-28 23:14:32.731","0d1c7f11-db9b-42e9-b92f-6366462b4ae0","[PREMIUM]","New",2026,"RAM","1500","Big Horn/Lone Star","[PREMIUM]","[PREMIUM]",10,"Truck","Silver Zynith","Black","Four-wheel Drive",,,"Gasoline",,,"dealership","[PREMIUM]","Norwalk","OH","[PREMIUM]",,"[]",,,"[PREMIUM]"
"b41ae2b8-a8ef-42c2-b2fb-c637ad585318","2026-05-28 23:14:32.472","2026-05-31 23:14:44.669","b41ae2b8-a8ef-42c2-b2fb-c637ad585318","[PREMIUM]","New",2026,"RAM","1500","Big Horn/Lone Star","[PREMIUM]","[PREMIUM]",15,"Truck","Bright White Clearcoat","Black","Four-wheel Drive",,,"Gasoline",,,"dealership","[PREMIUM]","Norwalk","OH","[PREMIUM]",,"[]",,,"[PREMIUM]"
"753fe65c-b0d5-4be2-91e9-a9c8bfa898fb","2026-05-28 23:14:32.470","2026-05-28 23:14:32.470","753fe65c-b0d5-4be2-91e9-a9c8bfa898fb","[PREMIUM]","New",2026,"Jeep","Wrangler","Sport","[PREMIUM]","[PREMIUM]",20,"SUV","Anvil Clearcoat","Black","4WD",,,"Gasoline",,,"dealership","[PREMIUM]","Lawrence Township","NJ","[PREMIUM]",,"[]",,,"[PREMIUM]"
"351c8b37-db69-42b4-b082-d8a0bc96612d","2026-05-28 23:14:32.469","2026-05-28 23:14:32.469","351c8b37-db69-42b4-b082-d8a0bc96612d","[PREMIUM]","New",2026,"Ford","F-150","XL","[PREMIUM]","[PREMIUM]",2,"Truck","Oxford White","Slate","4WD",,,"Gasoline",,,"dealership","[PREMIUM]","Georgetown","TX","[PREMIUM]",,"[]",,,"[PREMIUM]"
"373c9510-0559-44a6-a70e-825344f796e7","2026-05-28 23:14:32.455","2026-05-28 23:14:32.455","373c9510-0559-44a6-a70e-825344f796e7","[PREMIUM]","New",2026,"Honda","Pilot","Elite","[PREMIUM]","[PREMIUM]",5,"SUV","White","Gray","AWD",,,"Gasoline",,,"dealership","[PREMIUM]","Norwood","MA","[PREMIUM]",,"[]",,,"[PREMIUM]"
"be8e189d-b960-4566-9d5d-5968becbac00","2026-05-28 23:14:32.440","2026-05-28 23:14:32.440","be8e189d-b960-4566-9d5d-5968becbac00","[PREMIUM]","New",2026,"Ford","Mustang Mach-E","Premium","[PREMIUM]","[PREMIUM]",2,"SUV","Adriatic Blue Metallic","Gray","RWD",,,"Electric",,,"dealership","[PREMIUM]","Georgetown","TX","[PREMIUM]",,"[]",,,"[PREMIUM]"
"67dd8ae6-e646-44eb-bdf0-9f1d3c233748","2026-05-28 23:14:32.433","2026-05-28 23:14:32.433","67dd8ae6-e646-44eb-bdf0-9f1d3c233748","[PREMIUM]","New",2026,"Nissan","Pathfinder","Platinum","[PREMIUM]","[PREMIUM]",20,"SUV","Scarlet Ember","Chestnut","4WD",,,"Gasoline",,,"dealership","[PREMIUM]","Myrtle Beach","SC","[PREMIUM]",,"[]",,,"[PREMIUM]"
"5d14dd5e-a8b9-4b49-be42-ead6e3742355","2026-05-28 23:14:32.428","2026-05-28 23:14:32.428","5d14dd5e-a8b9-4b49-be42-ead6e3742355","[PREMIUM]","New",2026,"Ford","F-150","XLT","[PREMIUM]","[PREMIUM]",0,"Truck","Oxford White","Black","4WD",,,"Gasoline",,,"dealership","[PREMIUM]","Charter Twp of Clinton","MI","[PREMIUM]",,"[]",,,"[PREMIUM]"
"0b90395c-1169-47da-aa35-6a3f487be383","2026-05-28 23:14:32.412","2026-05-28 23:14:32.412","0b90395c-1169-47da-aa35-6a3f487be383","[PREMIUM]","New",2026,"Subaru","Ascent","Onyx Edition Touring","[PREMIUM]","[PREMIUM]",180,"SUV","Crystal Black Silica","Slate Black","AWD",,,"Gasoline",,,"dealership","[PREMIUM]","Martinez","GA","[PREMIUM]",,"[]",,,"[PREMIUM]"
"6ed12c7a-cf34-4aac-be57-4838ad8cf8ae","2026-05-28 23:14:32.392","2026-05-31 23:14:44.336","6ed12c7a-cf34-4aac-be57-4838ad8cf8ae","[PREMIUM]","New",2026,"RAM","1500","Big Horn/Lone Star","[PREMIUM]","[PREMIUM]",11,"Truck","Blue Metallic","Black","Four-wheel Drive",,,"Gasoline",,,"dealership","[PREMIUM]","Lawrence Township","NJ","[PREMIUM]",,"[]",,,"[PREMIUM]"
"0477dc21-e466-480d-addb-85d131814013","2026-05-28 23:14:32.391","2026-05-28 23:14:32.391","0477dc21-e466-480d-addb-85d131814013","[PREMIUM]","New",2026,"Jeep","Grand Cherokee L","Limited","[PREMIUM]","[PREMIUM]",1,"SUV","Diamond Black","Global Black","Four-wheel Drive",,,"Gasoline",,,"dealership","[PREMIUM]","Cleveland","OH","[PREMIUM]",,"[]",,,"[PREMIUM]"
"951ccd4e-dd33-4619-b883-75b8eb50eee6","2026-05-28 23:14:32.390","2026-05-28 23:14:32.390","951ccd4e-dd33-4619-b883-75b8eb50eee6","[PREMIUM]","New",2026,"Mercedes-Benz","GLC 300","Base","[PREMIUM]","[PREMIUM]",573,"SUV","Polar White","Macchiato","Rear-wheel Drive",,,"Gasoline",,,"dealership","[PREMIUM]","Montgomery","AL","[PREMIUM]",,"[]",,,"[PREMIUM]"
"86fe7f0e-a5ef-45ec-9ac8-e071aedf6174","2026-05-28 23:14:32.384","2026-05-28 23:14:32.384","86fe7f0e-a5ef-45ec-9ac8-e071aedf6174","[PREMIUM]","New",2026,"RAM","1500","Big Horn/Lone Star","[PREMIUM]","[PREMIUM]",20,"Truck","Bright White Clearcoat","Black","4WD",,,"Gasoline",,,"dealership","[PREMIUM]","Lawrence Township","NJ","[PREMIUM]",,"[]",,,"[PREMIUM]"
"ec228108-af61-45a6-8e5d-d68e8eb31cd1","2026-05-28 23:14:32.359","2026-05-31 23:14:44.352","ec228108-af61-45a6-8e5d-d68e8eb31cd1","[PREMIUM]","New",2026,"Chevrolet","Traverse","Z71","[PREMIUM]","[PREMIUM]",1,"SUV","Sterling Gray Metallic","Jet Black","All-wheel Drive",,,"Gasoline",,,"dealership","[PREMIUM]","Fredonia","NY","[PREMIUM]",,"[]",,,"[PREMIUM]"
"92417b50-0c0d-4116-911f-86c4f3d033b6","2026-05-28 23:14:07.349","2026-05-28 23:14:07.349","92417b50-0c0d-4116-911f-86c4f3d033b6","[PREMIUM]","New",2026,"Ford","Bronco","Outer Banks","[PREMIUM]","[PREMIUM]",1,"SUV","Gray",,"Four-wheel Drive",,,"Gasoline",,,"dealership","[PREMIUM]","Willow Street","PA","[PREMIUM]",,"[]",,,"[PREMIUM]"
"1e92d151-9e49-4574-bed8-f7dcf2016860","2026-05-28 23:14:05.479","2026-05-28 23:14:05.479","1e92d151-9e49-4574-bed8-f7dcf2016860","[PREMIUM]","New",2026,"Cadillac","CT5","Premium Luxury AWD","[PREMIUM]","[PREMIUM]",0,"Sedan","Black Raven","Maple Sugar","All-wheel Drive",,,"Gasoline",,,"dealership","[PREMIUM]","Dearborn","MI","[PREMIUM]",,"[]",,,"[PREMIUM]"
"bf73df00-9bec-40be-ac00-5d9b2dab545a","2026-05-28 23:14:03.038","2026-05-28 23:14:03.038","bf73df00-9bec-40be-ac00-5d9b2dab545a","[PREMIUM]","New",2026,"Ford","Explorer","ST-Line","[PREMIUM]","[PREMIUM]",0,"SUV","Gray",,"4WD",,,"Gasoline",,,"dealership","[PREMIUM]","Washougal","WA","[PREMIUM]",,"[]",,,"[PREMIUM]"
"199ebcbf-16cc-4b65-9d33-e2a2890bdb65","2026-05-28 23:14:02.802","2026-05-28 23:14:02.802","199ebcbf-16cc-4b65-9d33-e2a2890bdb65","[PREMIUM]","New",2026,"Subaru","Outback","Touring XT","[PREMIUM]","[PREMIUM]",6,"SUV","Ice Silver Metallic","Black","All-wheel Drive",,,"Gasoline",,,"dealership","[PREMIUM]","Elgin","IL","[PREMIUM]",,"[]",,,"[PREMIUM]"
"d089e7c1-d77e-413d-94df-8f3cff4fed9d","2026-05-28 23:14:00.833","2026-05-28 23:14:00.833","d089e7c1-d77e-413d-94df-8f3cff4fed9d","[PREMIUM]","New",2026,"Chevrolet","Silverado 1500","Custom","[PREMIUM]","[PREMIUM]",,"Truck","Summit White","Jet Black","Four-wheel Drive",,,"Gasoline",,,"dealership","[PREMIUM]","Liberty","MO","[PREMIUM]",,"[]",,,"[PREMIUM]"
"6c5d800a-6238-47ab-9207-33eebba2259a","2026-05-28 23:14:00.749","2026-05-28 23:14:00.749","6c5d800a-6238-47ab-9207-33eebba2259a","[PREMIUM]","New",2026,"Nissan","Pathfinder","Platinum","[PREMIUM]","[PREMIUM]",5,"SUV","Baltic Teal","Chestnut","2WD",,,"Gasoline",,,"dealership","[PREMIUM]","Stafford","TX","[PREMIUM]",,"[]",,,"[PREMIUM]"
"38509ca7-65d3-4a98-8ea5-2ed1e216916b","2026-05-28 23:14:00.728","2026-05-28 23:14:00.728","38509ca7-65d3-4a98-8ea5-2ed1e216916b","[PREMIUM]","Used",2026,"RAM","2500","Big Horn","[PREMIUM]","[PREMIUM]",14673,"Truck","Granite Crystal Clearcoat Metallic","Black","Four-wheel Drive",,,"Gasoline",,,"dealership","[PREMIUM]","Greensboro","NC","[PREMIUM]",,"[]",,,"[PREMIUM]"
"ee9af931-9e9e-48a8-8be3-e517adc5f56c","2026-05-28 23:13:47.984","2026-05-28 23:13:47.984","ee9af931-9e9e-48a8-8be3-e517adc5f56c","[PREMIUM]","New",2026,"Toyota","Highlander Hybrid","XLE","[PREMIUM]","[PREMIUM]",8,"SUV","White","Black","All-wheel Drive",,,"Hybrid",,,"dealership","[PREMIUM]","Winston Salem","NC","[PREMIUM]",,"[]",,,"[PREMIUM]"
"9d17f4eb-97d3-4964-9eea-29a38c1c6244","2026-05-28 23:13:47.944","2026-05-28 23:13:47.944","9d17f4eb-97d3-4964-9eea-29a38c1c6244","[PREMIUM]","New",2026,"Cadillac","CT5","Premium Luxury AWD","[PREMIUM]","[PREMIUM]",0,"Sedan","Black Raven","Jet Black","All-wheel Drive",,,"Gasoline",,,"dealership","[PREMIUM]","Dearborn","MI","[PREMIUM]",,"[]",,,"[PREMIUM]"
"d2378075-e9ce-43a0-844f-478e330fd281","2026-05-28 23:13:47.932","2026-05-28 23:13:47.932","d2378075-e9ce-43a0-844f-478e330fd281","[PREMIUM]","New",2026,"Ford","F-150","XLT","[PREMIUM]","[PREMIUM]",0,"Truck","Oxford White","Black","4WD",,,"Gasoline",,,"dealership","[PREMIUM]","Charter Twp of Clinton","MI","[PREMIUM]",,"[]",,,"[PREMIUM]"
"fd925134-1b41-4cf8-acd6-3a392f962ff2","2026-05-28 23:13:25.971","2026-05-28 23:13:25.971","fd925134-1b41-4cf8-acd6-3a392f962ff2","[PREMIUM]","Used",2026,"RAM","1500","LARAMIE","[PREMIUM]","[PREMIUM]",15002,"Truck","Granite Crystal Clearcoat Metallic","Black",,,,,,,"dealership","[PREMIUM]","Manvel","TX","[PREMIUM]",,"[]",,,"[PREMIUM]"
"88387cdd-1241-4a7e-b03b-bb9e11bf63cf","2026-05-28 23:13:25.106","2026-05-28 23:13:25.106","88387cdd-1241-4a7e-b03b-bb9e11bf63cf","[PREMIUM]","New",2026,"Volvo","XC40","Plus, B5 AWD Gas (mild hybrid), Dark","[PREMIUM]","[PREMIUM]",0,"SUV","Onyx Black","Charcoal Leather","All-wheel Drive",,,"Hybrid",,,"dealership","[PREMIUM]","Pittston","PA","[PREMIUM]",,"[]",,,"[PREMIUM]"
"f76bf423-7e55-4fb8-b25d-7f84563e9c6e","2026-05-28 23:13:25.074","2026-05-31 23:13:34.060","f76bf423-7e55-4fb8-b25d-7f84563e9c6e","[PREMIUM]","New",2026,"Volvo","XC40","Plus, B5 AWD Gas (mild hybrid), Dark","[PREMIUM]","[PREMIUM]",0,"SUV","Aurora Silver","Charcoal Leather","All-wheel Drive",,,"Hybrid",,,"dealership","[PREMIUM]","Pittston","PA","[PREMIUM]",,"[]",,,"[PREMIUM]"
"6d0a23cb-6d2f-409b-9d11-c36373573431","2026-05-28 23:12:54.228","2026-05-28 23:12:54.228","6d0a23cb-6d2f-409b-9d11-c36373573431","[PREMIUM]","New",2026,"Ford","F-150","XLT","[PREMIUM]","[PREMIUM]",12,"Truck","Carbonized Gray Metallic","Black","Rear-wheel Drive",,,"Gasoline",,,"dealership","[PREMIUM]","Grapevine","TX","[PREMIUM]",,"[]",,,"[PREMIUM]"
"24ee5555-3083-42de-ad25-ca556e665341","2026-05-28 23:12:54.204","2026-05-28 23:12:54.204","24ee5555-3083-42de-ad25-ca556e665341","[PREMIUM]","New",2026,"RAM","1500","Big Horn/Lone Star","[PREMIUM]","[PREMIUM]",10,"Truck","Diamond Black","Black","4WD",,,"Gasoline",,,"dealership","[PREMIUM]","Oak Ridge","TN","[PREMIUM]",,"[]",,,"[PREMIUM]"
"84246cf0-fb2d-4a0d-8932-24ff51f1ca2b","2026-05-28 23:12:51.959","2026-05-28 23:12:51.959","84246cf0-fb2d-4a0d-8932-24ff51f1ca2b","[PREMIUM]","New",2026,"RAM","1500","Big Horn/Lone Star","[PREMIUM]","[PREMIUM]",17,"Truck","Canyon","Black","4WD",,,"Gasoline",,,"dealership","[PREMIUM]","Oak Ridge","TN","[PREMIUM]",,"[]",,,"[PREMIUM]"
"df5ccea8-ca0c-4a69-bf7f-c377c72d093b","2026-05-28 23:12:51.777","2026-05-28 23:12:51.777","df5ccea8-ca0c-4a69-bf7f-c377c72d093b","[PREMIUM]","New",2026,"Hyundai","Palisade Hybrid","Blue SEL Premium 7P","[PREMIUM]","[PREMIUM]",0,"SUV","Creamy White Pearl","Gray","Front-wheel Drive",,,"Gasoline",,,"dealership","[PREMIUM]","Arlington","TX","[PREMIUM]",,"[]",,,"[PREMIUM]"
"b9227cbf-7c50-4d30-8da5-864107a02b33","2026-05-28 23:12:51.755","2026-05-28 23:12:51.755","b9227cbf-7c50-4d30-8da5-864107a02b33","[PREMIUM]","New",2026,"Jeep","Wrangler","Sport","[PREMIUM]","[PREMIUM]",10,"SUV","Black Clearcoat","Black","4WD",,,"Gasoline",,,"dealership","[PREMIUM]","Oak Ridge","TN","[PREMIUM]",,"[]",,,"[PREMIUM]"
"d13e3472-28b8-4f00-ac76-4a1053ec6e7b","2026-05-28 23:12:51.753","2026-05-28 23:12:51.753","d13e3472-28b8-4f00-ac76-4a1053ec6e7b","[PREMIUM]","New",2026,"Jeep","Gladiator","Sport","[PREMIUM]","[PREMIUM]",10,"Truck","41","Heritage Tan","4WD",,,"Gasoline",,,"dealership","[PREMIUM]","Oak Ridge","TN","[PREMIUM]",,"[]",,,"[PREMIUM]"
"4ac9ae4b-8128-4846-a1d7-e0c4ec294fd8","2026-05-28 23:12:51.742","2026-05-28 23:12:51.742","4ac9ae4b-8128-4846-a1d7-e0c4ec294fd8","[PREMIUM]","New",2026,"Chevrolet","Traverse","High Country","[PREMIUM]","[PREMIUM]",3,"SUV","Polar White Tricoat","Jet Black w/Sky Cool Gray","All-wheel Drive",,,"Gasoline",,,"dealership","[PREMIUM]","Richardson","TX","[PREMIUM]",,"[]",,,"[PREMIUM]"
"f726f409-d1c4-4f80-8027-6fc08e3f7b64","2026-05-28 23:12:51.727","2026-05-28 23:12:51.727","f726f409-d1c4-4f80-8027-6fc08e3f7b64","[PREMIUM]","New",2026,"Ford","F-150","XLT","[PREMIUM]","[PREMIUM]",3,"Truck","Agate Black Metallic","SPORT CLOTH 40/CONSOLE/40 BLACK","Four-wheel Drive",,,"Gasoline",,,"dealership","[PREMIUM]","Mesquite","TX","[PREMIUM]",,"[]",,,"[PREMIUM]"
"b240ff60-80fe-4e01-ab28-5f08a6ab5fc4","2026-05-28 23:12:51.672","2026-06-03 23:13:15.826","b240ff60-80fe-4e01-ab28-5f08a6ab5fc4","[PREMIUM]","New",2026,"Jeep","Wrangler","Rubicon","[PREMIUM]","[PREMIUM]",10,"SUV","Black Clearcoat","Black","Four-wheel Drive",,,"Gasoline",,,"dealership","[PREMIUM]","Oak Ridge","TN","[PREMIUM]",,"[]",,,"[PREMIUM]"
"bcdd4327-242b-4379-8b23-8ae040747c16","2026-05-28 23:12:51.670","2026-05-28 23:12:51.670","bcdd4327-242b-4379-8b23-8ae040747c16","[PREMIUM]","Used",2026,"BMW","X3","30 xDrive","[PREMIUM]","[PREMIUM]",7294,"SUV","Alpine White","Espresso Brown","All-wheel Drive",,,"Gasoline",,,"dealership","[PREMIUM]","Boston","MA","[PREMIUM]",,"[]",,,"[PREMIUM]"
"62f9c5b8-59ec-48d1-abf1-a138a8429702","2026-05-28 23:12:51.624","2026-05-28 23:12:51.624","62f9c5b8-59ec-48d1-abf1-a138a8429702","[PREMIUM]","New",2026,"Ford","F-150","XLT","[PREMIUM]","[PREMIUM]",3,"Truck","Carbonized Gray Metallic","SPORT CLOTH 40/CONSOLE/40 BLACK","Four-wheel Drive",,,"Gasoline",,,"dealership","[PREMIUM]","Mesquite","TX","[PREMIUM]",,"[]",,,"[PREMIUM]"
"1d92d126-e58c-45d7-aeb5-1e74df7e8633","2026-05-28 23:12:39.475","2026-05-28 23:12:39.475","1d92d126-e58c-45d7-aeb5-1e74df7e8633","[PREMIUM]","New",2026,"Hyundai","PALISADE","Calligraphy","[PREMIUM]","[PREMIUM]",5,"SUV","Typhoon Silver Metallic","Gray/Navy","All-wheel Drive",,,"Gasoline",,,"dealership","[PREMIUM]","Phoenix","AZ","[PREMIUM]",,"[]",,,"[PREMIUM]"
"391a5ff6-bcf6-4e13-81b5-9c2b58d41652","2026-05-28 23:12:38.544","2026-05-28 23:12:38.544","391a5ff6-bcf6-4e13-81b5-9c2b58d41652","[PREMIUM]","New",2026,"Hyundai","PALISADE","Calligraphy","[PREMIUM]","[PREMIUM]",5,"SUV","Typhoon Silver Metallic","Black","All-wheel Drive",,,"Gasoline",,,"dealership","[PREMIUM]","Phoenix","AZ","[PREMIUM]",,"[]",,,"[PREMIUM]"
"85c33035-bb33-42c6-a3b2-1bd5615f01a6","2026-05-28 23:12:38.451","2026-05-28 23:12:38.451","85c33035-bb33-42c6-a3b2-1bd5615f01a6","[PREMIUM]","New",2026,"Toyota","Tundra","SR5","[PREMIUM]","[PREMIUM]",0,"Truck","Midnight Black Metallic","Black Fabric","Four-wheel Drive",,,"Gasoline",,,"dealership","[PREMIUM]","Waterford","MI","[PREMIUM]",,"[]",,,"[PREMIUM]"
"19d52a21-e1c6-49ca-81cc-99f2b8b9c046","2026-05-28 23:12:37.688","2026-05-28 23:12:37.688","19d52a21-e1c6-49ca-81cc-99f2b8b9c046","[PREMIUM]","New",2026,"Jeep","Gladiator","Sahara","[PREMIUM]","[PREMIUM]",0,"Truck","Gray","Black Interior Color","Four-wheel Drive",,,"Gasoline",,,"dealership","[PREMIUM]","Falmouth","MA","[PREMIUM]",,"[]",,,"[PREMIUM]"
"2c600bf6-ce16-4ff8-b5ae-278f050678d9","2026-05-28 23:12:37.387","2026-05-28 23:12:37.387","2c600bf6-ce16-4ff8-b5ae-278f050678d9","[PREMIUM]","New",2026,"Toyota","RAV4 Plug-In Hybrid","SE","[PREMIUM]","[PREMIUM]",7,"SUV","Midnight Black","Black","All-wheel Drive",,,"Hybrid",,,"dealership","[PREMIUM]","Grapevine","TX","[PREMIUM]",,"[]",,,"[PREMIUM]"
"b083893d-e1ff-4321-b1fb-774c0730f20b","2026-05-28 23:12:37.381","2026-05-31 23:12:43.836","b083893d-e1ff-4321-b1fb-774c0730f20b","[PREMIUM]","New",2026,"Cadillac","OPTIQ","Sport","[PREMIUM]","[PREMIUM]",4,"SUV","Argent Silver Metallic","Noir","Rear-wheel Drive",,,"Electric",,,"dealership","[PREMIUM]","Orlando","FL","[PREMIUM]",,"[]",,,"[PREMIUM]"
"4c987eb9-9064-44fb-b30f-419e66253d95","2026-05-28 23:12:37.335","2026-05-28 23:12:37.335","4c987eb9-9064-44fb-b30f-419e66253d95","[PREMIUM]","New",2026,"Cadillac","OPTIQ","Sport","[PREMIUM]","[PREMIUM]",4,"SUV","Argent Silver Metallic","Noir","Rear-wheel Drive",,,"Electric",,,"dealership","[PREMIUM]","Orlando","FL","[PREMIUM]",,"[]",,,"[PREMIUM]"
"85fe25b1-8e63-4f2a-a416-31ed2ac056a3","2026-05-28 23:12:37.312","2026-05-28 23:12:37.312","85fe25b1-8e63-4f2a-a416-31ed2ac056a3","[PREMIUM]","New",2026,"Ford","F-150","STX","[PREMIUM]","[PREMIUM]",3,"Truck","Iconic Silver Metallic","Black","Four-wheel Drive",,,"Gasoline",,,"dealership","[PREMIUM]","Smithfield","NC","[PREMIUM]",,"[]",,,"[PREMIUM]"
"bd9a723e-3290-4bd4-b82b-fd2adc5d7891","2026-05-28 23:10:55.654","2026-05-31 23:11:12.129","bd9a723e-3290-4bd4-b82b-fd2adc5d7891","[PREMIUM]","New",2026,"Ford","F-150","XLT","[PREMIUM]","[PREMIUM]",0,"Truck","Avalanche","Black","Four-wheel Drive",,,"Gasoline",,,"dealership","[PREMIUM]","Livonia","MI","[PREMIUM]",,"[]",,,"[PREMIUM]"
"6eb0dd3d-60cc-4540-a94b-c4998a5a77fa","2026-05-28 23:10:55.608","2026-05-28 23:10:55.608","6eb0dd3d-60cc-4540-a94b-c4998a5a77fa","[PREMIUM]","Used",2026,"Chevrolet","Traverse","High Country","[PREMIUM]","[PREMIUM]",2943,"SUV","Mosaic Black Metallic","Jet Black","AWD",,,"Gasoline",,,"dealership","[PREMIUM]","Beaverton","OR","[PREMIUM]",,"[]",,,"[PREMIUM]"
"fa4cd888-c19a-4e3d-9161-fc1ee8275aea","2026-05-28 23:10:55.607","2026-05-28 23:10:55.607","fa4cd888-c19a-4e3d-9161-fc1ee8275aea","[PREMIUM]","New",2026,"Ford","Explorer","Active","[PREMIUM]","[PREMIUM]",1,"SUV","White","Ultra Dk Space Gry Heated","Four-wheel Drive",,,"Gasoline",,,"dealership","[PREMIUM]","Livonia","MI","[PREMIUM]",,"[]",,,"[PREMIUM]"
"64bc1b89-f102-4c11-a469-1c1299860cff","2026-05-28 23:10:33.928","2026-05-28 23:10:33.928","64bc1b89-f102-4c11-a469-1c1299860cff","[PREMIUM]","New",2026,"Toyota","Tacoma","TRD Sport","[PREMIUM]","[PREMIUM]",0,"Truck","Ice Cap","Boulder/Black Fabric w/Smoke Silver","Four-wheel Drive",,,"Gasoline",,,"dealership","[PREMIUM]","Lubbock","TX","[PREMIUM]",,"[]",,,"[PREMIUM]"
"613cc0e8-19c2-49f3-86c9-014b23d55f43","2026-05-28 23:10:33.878","2026-05-31 23:10:41.869","613cc0e8-19c2-49f3-86c9-014b23d55f43","[PREMIUM]","New",2026,"Toyota","Tacoma","TRD Sport","[PREMIUM]","[PREMIUM]",0,"Truck","Gray","Boulder/Black Fabric w/Smoke Silver","Four-wheel Drive",,,"Gasoline",,,"dealership","[PREMIUM]","Lubbock","TX","[PREMIUM]",,"[]",,,"[PREMIUM]"
"ba5cba15-c752-4331-9a84-f866f9a4051c","2026-05-28 23:10:33.871","2026-05-31 23:10:41.988","ba5cba15-c752-4331-9a84-f866f9a4051c","[PREMIUM]","New",2026,"Chevrolet","Silverado 1500","RST","[PREMIUM]","[PREMIUM]",2065,"Truck","White Sands","Jet Black","Four-wheel Drive",,,"Gasoline",,,"dealership","[PREMIUM]","Honeoye Falls","NY","[PREMIUM]",,"[]",,,"[PREMIUM]"
"34d3ef7c-3524-436d-8f9e-c5dfb15a345b","2026-05-28 23:10:33.835","2026-05-28 23:10:33.835","34d3ef7c-3524-436d-8f9e-c5dfb15a345b","[PREMIUM]","New",2026,"Chevrolet","Silverado 1500","LT","[PREMIUM]","[PREMIUM]",0,"Truck","Summit White","Jet Black","Rear-wheel Drive",,,"Gasoline",,,"dealership","[PREMIUM]","Cut Off","LA","[PREMIUM]",,"[]",,,"[PREMIUM]"
"bdf0d4db-8397-4245-b2c5-c40c343759e7","2026-05-28 23:10:32.231","2026-05-28 23:10:32.231","bdf0d4db-8397-4245-b2c5-c40c343759e7","[PREMIUM]","New",2026,"Lincoln","Nautilus","Premiere","[PREMIUM]","[PREMIUM]",0,"SUV","WHITE PLATINUM MET 3C","MD LT SPC GRY LINCOLN SFT TCH","All-wheel Drive",,,"Gasoline",,,"dealership","[PREMIUM]","Tampa","FL","[PREMIUM]",,"[]",,,"[PREMIUM]"
"e28f3ee4-61b7-404f-bf75-14fe643b1523","2026-05-28 23:10:32.158","2026-05-28 23:10:32.158","e28f3ee4-61b7-404f-bf75-14fe643b1523","[PREMIUM]","New",2026,"Dodge","Durango","GT Plus","[PREMIUM]","[PREMIUM]",65,"SUV","Destroyer Gray Clearcoat","Black","All-wheel Drive",,,"Gasoline",,,"dealership","[PREMIUM]","Brunswick","OH","[PREMIUM]",,"[]",,,"[PREMIUM]"
"73a304db-57de-4646-b9cb-abe5f2d2931f","2026-05-28 23:10:31.099","2026-05-28 23:10:31.099","73a304db-57de-4646-b9cb-abe5f2d2931f","[PREMIUM]","New",2026,"Chevrolet","Silverado 1500","LT","[PREMIUM]","[PREMIUM]",4,"Truck","Summit White","Jet Black","Four-wheel Drive",,,"Gasoline",,,"dealership","[PREMIUM]","Sanger","TX","[PREMIUM]",,"[]",,,"[PREMIUM]"
"52a0bfb8-f314-4604-9863-94dcf812c85c","2026-05-28 23:10:30.593","2026-05-31 23:10:41.952","52a0bfb8-f314-4604-9863-94dcf812c85c","[PREMIUM]","New",2026,"RAM","1500","Lone Star","[PREMIUM]","[PREMIUM]",8,"Truck","Bright White Clearcoat","Black","Rear-wheel Drive",,,"Gasoline",,,"dealership","[PREMIUM]","Fort Worth","TX","[PREMIUM]",,"[]",,,"[PREMIUM]"
"dec52f60-7eb1-4a44-b971-4de5c97b2044","2026-05-28 23:10:30.390","2026-05-28 23:10:30.390","dec52f60-7eb1-4a44-b971-4de5c97b2044","[PREMIUM]","New",2026,"Chevrolet","Silverado 1500","LT","[PREMIUM]","[PREMIUM]",4,"Truck","Sterling Gray Metallic","Jet Black","Four-wheel Drive",,,"Gasoline",,,"dealership","[PREMIUM]","Sanger","TX","[PREMIUM]",,"[]",,,"[PREMIUM]"
"a6bd5019-b8f6-4ecd-9dfe-2de3ba6bdeef","2026-05-28 23:10:30.360","2026-05-31 23:10:41.923","a6bd5019-b8f6-4ecd-9dfe-2de3ba6bdeef","[PREMIUM]","New",2026,"Nissan","Murano","Platinum","[PREMIUM]","[PREMIUM]",5,"SUV","FAN/AURORA BLU","Y/GRAPHITE","All-wheel Drive",,,"Gasoline",,,"dealership","[PREMIUM]","Cedar Park","TX","[PREMIUM]",,"[]",,,"[PREMIUM]"
"5599ba76-c931-4cb7-9543-12c0dd3e72f8","2026-05-28 23:10:30.358","2026-05-28 23:10:30.358","5599ba76-c931-4cb7-9543-12c0dd3e72f8","[PREMIUM]","New",2026,"Ford","Transit-250","Base","[PREMIUM]","[PREMIUM]",7,"Cargo Van","OXFORD WHITE","DARK PALAZZO GRAY VINYL","Rear-wheel Drive",,,"E85 Flex Fuel",,,"dealership","[PREMIUM]","San Antonio","TX","[PREMIUM]",,"[]",,,"[PREMIUM]"
"68e293f1-d65c-48a9-ab37-95070d55ec5b","2026-05-28 23:10:30.289","2026-05-28 23:10:30.289","68e293f1-d65c-48a9-ab37-95070d55ec5b","[PREMIUM]","New",2026,"Chevrolet","Traverse","AWD Z71","[PREMIUM]","[PREMIUM]",1,"SUV","Sterling Gray Metallic","Jet Black w/Torch Red Stitching","All-wheel Drive",,,"Gasoline",,,"dealership","[PREMIUM]","Mechanicsburg","OH","[PREMIUM]",,"[]",,,"[PREMIUM]"
"f9a0bf37-70c7-4af5-808e-f9e0fadbd280","2026-05-28 23:10:30.276","2026-05-28 23:10:30.276","f9a0bf37-70c7-4af5-808e-f9e0fadbd280","[PREMIUM]","New",2026,"Jeep","Gladiator","Rubicon","[PREMIUM]","[PREMIUM]",8,"Truck","Reign","Black","Four-wheel Drive",,,"Gasoline",,,"dealership","[PREMIUM]","Fort Worth","TX","[PREMIUM]",,"[]",,,"[PREMIUM]"
"38dd6707-f542-432d-bf91-69df7fc2db5d","2026-05-28 23:10:18.508","2026-05-28 23:10:18.508","38dd6707-f542-432d-bf91-69df7fc2db5d","[PREMIUM]","New",2026,"Ford","Bronco","Outer Banks","[PREMIUM]","[PREMIUM]",15,"SUV","Marsh Gray","Black Onyx","Four-wheel Drive",,,"Gasoline",,,"dealership","[PREMIUM]","Cathedral City","CA","[PREMIUM]",,"[]",,,"[PREMIUM]"
"c180ace6-4dfb-411b-a776-6dddcff4e040","2026-05-28 23:10:18.467","2026-05-28 23:10:18.467","c180ace6-4dfb-411b-a776-6dddcff4e040","[PREMIUM]","New",2026,"Chevrolet","Silverado 1500","LT","[PREMIUM]","[PREMIUM]",5,"Truck","Sterling Gray Metallic","Jet Black, Leather-Appointed Front Outboard Seating Positions","Four-wheel Drive",,,"Gasoline",,,"dealership","[PREMIUM]","North Dartmouth","MA","[PREMIUM]",,"[]",,,"[PREMIUM]"
"b055ec0d-49df-42f1-bbec-00d52e490607","2026-05-28 23:10:06.635","2026-05-28 23:10:06.635","b055ec0d-49df-42f1-bbec-00d52e490607","[PREMIUM]","New",2026,"Subaru","Outback","Wilderness","[PREMIUM]","[PREMIUM]",5,"SUV","ICE_SILVER","BLC","All-wheel Drive",,,"Gasoline",,,"dealership","[PREMIUM]","Brunswick","OH","[PREMIUM]",,"[]",,,"[PREMIUM]"
"395c1f9d-f4d5-4c71-9ea0-125e512b1b9c","2026-05-28 23:10:06.632","2026-05-28 23:10:06.632","395c1f9d-f4d5-4c71-9ea0-125e512b1b9c","[PREMIUM]","New",2026,"Jeep","Wrangler","Willys","[PREMIUM]","[PREMIUM]",10,"SUV","Granite Crystal Metallic Clearcoat","Black w/Cloth Low-Back Bucket Seats or Cloth Seat","Four-wheel Drive",,,"Gasoline",,,"dealership","[PREMIUM]","Oak Lawn","IL","[PREMIUM]",,"[]",,,"[PREMIUM]"
"7071e6c3-7353-4fe3-966c-d9bc34277e69","2026-05-28 23:10:06.613","2026-05-28 23:10:06.613","7071e6c3-7353-4fe3-966c-d9bc34277e69","[PREMIUM]","New",2026,"Ford","Transit-250","148 WB Medium Roof Cargo","[PREMIUM]","[PREMIUM]",1,"Cargo Van","Oxford White","Dark Palazzo Gray","RWD",,,"Gasoline",,,"dealership","[PREMIUM]","Macomb","MI","[PREMIUM]",,"[]",,,"[PREMIUM]"
"5afbf078-9b44-49f9-b683-a1bfca1402f2","2026-05-28 23:10:06.607","2026-05-28 23:10:06.607","5afbf078-9b44-49f9-b683-a1bfca1402f2","[PREMIUM]","New",2026,"Nissan","Murano","Platinum","[PREMIUM]","[PREMIUM]",0,"SUV","Silver Metallic","Charcoal L","All-wheel Drive",,,"Gasoline",,,"dealership","[PREMIUM]","Eau Claire","WI","[PREMIUM]",,"[]",,,"[PREMIUM]"
"f487a3ff-a80f-409e-be3a-277e10e7e815","2026-05-28 23:10:06.560","2026-05-28 23:10:06.560","f487a3ff-a80f-409e-be3a-277e10e7e815","[PREMIUM]","New",2026,"Honda","Passport","AWD TrailSport Elite","[PREMIUM]","[PREMIUM]",660,"SUV","Ash Green Metallic","Brown","All-wheel Drive",,,"Gasoline",,,"dealership","[PREMIUM]","Spokane Valley","WA","[PREMIUM]",,"[]",,,"[PREMIUM]"
"c5e17967-b578-4d50-8110-d883ee6afdb3","2026-05-28 23:10:06.534","2026-05-28 23:10:06.534","c5e17967-b578-4d50-8110-d883ee6afdb3","[PREMIUM]","New",2026,"Honda","Odyssey","Elite","[PREMIUM]","[PREMIUM]",0,"Passenger Van","Modern Steel","Gry Perforated Lth-Trmmed","Front-wheel Drive",,,"Gasoline",,,"dealership","[PREMIUM]","Lima","OH","[PREMIUM]",,"[]",,,"[PREMIUM]"
"00d1826b-4c36-488e-835c-90063b96b2df","2026-05-28 23:09:55.347","2026-05-28 23:09:55.347","00d1826b-4c36-488e-835c-90063b96b2df","[PREMIUM]","New",2026,"Jeep","Wrangler","Sport","[PREMIUM]","[PREMIUM]",2,"SUV","Anvil Clearcoat","Black","4WD",,,"Gasoline",,,"dealership","[PREMIUM]","Riverhead","NY","[PREMIUM]",,"[]",,,"[PREMIUM]"
"a25fd5fe-ca09-432a-8b66-33b0742fab6f","2026-05-28 23:09:54.741","2026-05-28 23:09:54.741","a25fd5fe-ca09-432a-8b66-33b0742fab6f","[PREMIUM]","New",2026,"Jeep","Wrangler","Sport","[PREMIUM]","[PREMIUM]",15,"SUV","Anvil Clearcoat","Black","Four-wheel Drive",,,"Gasoline",,,"dealership","[PREMIUM]","Newark","CA","[PREMIUM]",,"[]",,,"[PREMIUM]"
"9794b982-b76a-4676-b779-a2bc435a5f8d","2026-05-28 23:09:54.483","2026-05-28 23:09:54.483","9794b982-b76a-4676-b779-a2bc435a5f8d","[PREMIUM]","New",2026,"RAM","1500","Express","[PREMIUM]","[PREMIUM]",16,"Truck","Granite Crystal Clearcoat Metallic","Black","Four-wheel Drive",,,"Gasoline",,,"dealership","[PREMIUM]","Newark","CA","[PREMIUM]",,"[]",,,"[PREMIUM]"
"e10f0c8b-2f7d-4859-ac14-11869d363133","2026-05-28 23:08:52.927","2026-05-28 23:08:52.927","e10f0c8b-2f7d-4859-ac14-11869d363133","[PREMIUM]","New",2026,"Hyundai","SANTA FE","Limited","[PREMIUM]","[PREMIUM]",0,"SUV","Atlantis Blue","Gray","All-wheel Drive",,,"Hybrid",,,"dealership","[PREMIUM]","Eau Claire","WI","[PREMIUM]",,"[]",,,"[PREMIUM]"
"ba81c0b5-bb02-4bc6-ba6d-79cafc9ecbf4","2026-05-28 23:08:51.071","2026-05-31 23:09:01.097","ba81c0b5-bb02-4bc6-ba6d-79cafc9ecbf4","[PREMIUM]","New",2026,"Honda","Odyssey","Elite","[PREMIUM]","[PREMIUM]",10,"Passenger Van","Crystal Black Pearl",,"Front-wheel Drive",,,"Gasoline",,,"dealership","[PREMIUM]","Forest City","NC","[PREMIUM]",,"[]",,,"[PREMIUM]"
"114affd0-4dda-4dca-8049-e231154b1a2e","2026-05-28 23:08:51.053","2026-05-28 23:08:51.053","114affd0-4dda-4dca-8049-e231154b1a2e","[PREMIUM]","New",2026,"RAM","1500","Tradesman","[PREMIUM]","[PREMIUM]",15,"Truck","Molten Red Pearlcoat","Black","Four-wheel Drive",,,"Gasoline",,,"dealership","[PREMIUM]","Winchester","KY","[PREMIUM]",,"[]",,,"[PREMIUM]"
"e3689939-836b-45fa-b68e-f7b94ef6c559","2026-05-28 23:08:50.851","2026-05-28 23:08:50.851","e3689939-836b-45fa-b68e-f7b94ef6c559","[PREMIUM]","New",2026,"Hyundai","PALISADE","Limited","[PREMIUM]","[PREMIUM]",10,"SUV","Pacific Sapphire","Black","All-wheel Drive",,,"Gasoline",,,"dealership","[PREMIUM]","Canton","GA","[PREMIUM]",,"[]",,,"[PREMIUM]"
"4cb8275a-039a-416e-ba8e-0b8a8a42a6a7","2026-05-28 23:08:50.783","2026-05-28 23:08:50.783","4cb8275a-039a-416e-ba8e-0b8a8a42a6a7","[PREMIUM]","New",2026,"Ford","Transit-250","Base","[PREMIUM]","[PREMIUM]",10,"Cargo Van","Oxford White","Dark Palazzo Gray","Rear-wheel Drive",,,"Gasoline",,,"dealership","[PREMIUM]","Oxnard","CA","[PREMIUM]",,"[]",,,"[PREMIUM]"
"87925e7c-acaf-4c6d-a519-35276313d38f","2026-05-28 23:08:50.759","2026-05-28 23:08:50.759","87925e7c-acaf-4c6d-a519-35276313d38f","[PREMIUM]","New",2026,"Jeep","Wrangler","Sport","[PREMIUM]","[PREMIUM]",3,"SUV","41","Black","Four-wheel Drive",,,"Gasoline",,,"dealership","[PREMIUM]","Newark","CA","[PREMIUM]",,"[]",,,"[PREMIUM]"
"43352df6-dc46-430c-9c0d-188256ac4c4e","2026-05-28 23:08:45.189","2026-05-28 23:08:45.189","43352df6-dc46-430c-9c0d-188256ac4c4e","[PREMIUM]","New",2026,"Toyota","Tacoma","TRD Sport","[PREMIUM]","[PREMIUM]",0,"Truck","Red","Boulder/Blk W/Silv Fabric","Four-wheel Drive",,,"Gasoline",,,"dealership","[PREMIUM]","Westborough","MA","[PREMIUM]",,"[]",,,"[PREMIUM]"
"b46d59d4-151e-48e5-a45b-038cb558314f","2026-05-28 23:08:45.105","2026-05-28 23:08:45.105","b46d59d4-151e-48e5-a45b-038cb558314f","[PREMIUM]","New",2026,"Toyota","Crown","Limited","[PREMIUM]","[PREMIUM]",0,"Sedan","Oxygen White","Black/Saddle Tan","All-wheel Drive",,,"Gasoline",,,"dealership","[PREMIUM]","Chicago","IL","[PREMIUM]",,"[]",,,"[PREMIUM]"
"536a78ef-8e8b-4ea9-a984-99279a5f165f","2026-05-28 23:08:45.104","2026-05-28 23:08:45.104","536a78ef-8e8b-4ea9-a984-99279a5f165f","[PREMIUM]","New",2026,"Ford","Explorer","Platinum","[PREMIUM]","[PREMIUM]",0,"SUV","SPACE WHITE METALLIC","MOJAVE DUSK LTHR TRIM SEATS","Rear-wheel Drive",,,"Gasoline",,,"dealership","[PREMIUM]","Estero","FL","[PREMIUM]",,"[]",,,"[PREMIUM]"
"f3de78e2-248e-4262-94f3-872b2c972066","2026-05-28 23:08:45.088","2026-05-28 23:08:45.088","f3de78e2-248e-4262-94f3-872b2c972066","[PREMIUM]","New",2026,"GMC","Canyon","AT4","[PREMIUM]","[PREMIUM]",0,"Truck","White","Jet Black/Timber, Perforated Leather-appointed front seats","Four-wheel Drive",,,"Gasoline",,,"dealership","[PREMIUM]","Norwood","MA","[PREMIUM]",,"[]",,,"[PREMIUM]"
"9ac0aa02-c4b7-47c5-9b54-ef0e7e73adb6","2026-05-28 23:08:45.078","2026-05-31 23:09:01.080","9ac0aa02-c4b7-47c5-9b54-ef0e7e73adb6","[PREMIUM]","New",2026,"Chevrolet","Silverado 1500","Custom Trail Boss","[PREMIUM]","[PREMIUM]",10,"Truck","Sterling Gray Metallic","Jet Black","Four-wheel Drive",,,"Gasoline",,,"dealership","[PREMIUM]","Sunnyside","WA","[PREMIUM]",,"[]",,,"[PREMIUM]"
"cec84e33-f837-4027-b36d-be935957ee8f","2026-05-28 23:08:45.060","2026-05-28 23:08:45.060","cec84e33-f837-4027-b36d-be935957ee8f","[PREMIUM]","New",2026,"Chevrolet","Silverado 1500","Custom Trail Boss","[PREMIUM]","[PREMIUM]",10,"Truck","Sterling Gray Metallic","Jet Black","4WD",,,"Gasoline",,,"dealership","[PREMIUM]","Sunnyside","WA","[PREMIUM]",,"[]",,,"[PREMIUM]"
"1a87807b-a3fc-4e70-8ece-316da46ae860","2026-05-28 23:08:45.053","2026-05-31 23:09:01.262","1a87807b-a3fc-4e70-8ece-316da46ae860","[PREMIUM]","New",2026,"Subaru","Ascent","Onyx Edition Touring 7-Passenger","[PREMIUM]","[PREMIUM]",0,"SUV","Ice Silver Metallic","Slate Black","All-wheel Drive",,,"Gasoline",,,"dealership","[PREMIUM]","Glen Mills","PA","[PREMIUM]",,"[]",,,"[PREMIUM]"
"8fc0e71f-7fd5-4701-ace5-8c82b44bc794","2026-05-28 23:08:45.049","2026-05-28 23:08:45.049","8fc0e71f-7fd5-4701-ace5-8c82b44bc794","[PREMIUM]","New",2026,"Land Rover","Range Rover Evoque","S","[PREMIUM]","[PREMIUM]",9,"SUV","Arroios Grey Metallic","Ebony","All-wheel Drive",,,"Gasoline",,,"dealership","[PREMIUM]","Rochelle","NY","[PREMIUM]",,"[]",,,"[PREMIUM]"
"7ec17fff-a139-4dd4-959c-f0ac183e1fca","2026-05-28 23:08:45.043","2026-05-28 23:08:45.043","7ec17fff-a139-4dd4-959c-f0ac183e1fca","[PREMIUM]","New",2026,"Toyota","Tundra","SR5","[PREMIUM]","[PREMIUM]",5,"Truck","Celestial Silver Metallic","Black","Rear-wheel Drive",,,"Gasoline",,,"dealership","[PREMIUM]","El Monte","CA","[PREMIUM]",,"[]",,,"[PREMIUM]"
"5e14097f-bf73-4f52-98cb-62df7b58ef95","2026-05-28 23:08:45.012","2026-05-28 23:08:45.012","5e14097f-bf73-4f52-98cb-62df7b58ef95","[PREMIUM]","New",2026,"Hyundai","SANTA FE HEV","Calligraphy","[PREMIUM]","[PREMIUM]",0,"SUV","Phantom Black","Black","All-wheel Drive",,,"Hybrid",,,"dealership","[PREMIUM]","Syracuse","NY","[PREMIUM]",,"[]",,,"[PREMIUM]"
"bbe3994d-36e2-43d9-ad4d-44446a7e5d3f","2026-05-28 23:08:44.990","2026-05-28 23:08:44.990","bbe3994d-36e2-43d9-ad4d-44446a7e5d3f","[PREMIUM]","New",2026,"Subaru","Ascent","Limited","[PREMIUM]","[PREMIUM]",5,"SUV","White Pearl","Ivory","AWD",,,"Gasoline",,,"dealership","[PREMIUM]","Greenwood","IN","[PREMIUM]",,"[]",,,"[PREMIUM]"
"ac296655-dcbb-43e2-92eb-22447224aa0e","2026-05-28 23:08:02.093","2026-05-28 23:08:02.093","ac296655-dcbb-43e2-92eb-22447224aa0e","[PREMIUM]","New",2027,"Kia","Telluride","X-Line EX","[PREMIUM]","[PREMIUM]",3,"SUV","Terrain Brown","Black","All-wheel Drive",,,"Gasoline",,,"dealership","[PREMIUM]","Nashua","NH","[PREMIUM]",,"[]",,,"[PREMIUM]"
"ebbe2f26-aa5d-4ea9-bd73-e453569ceae3","2026-05-28 23:08:02.089","2026-05-28 23:08:02.089","ebbe2f26-aa5d-4ea9-bd73-e453569ceae3","[PREMIUM]","New",2027,"Kia","Telluride Hybrid","EX","[PREMIUM]","[PREMIUM]",5,"SUV","Midnight Lake Blue","Black","All-wheel Drive",,,"Hybrid",,,"dealership","[PREMIUM]","Bridgewater","NJ","[PREMIUM]",,"[]",,,"[PREMIUM]"
"e6c5221b-9596-4329-8235-3f0cc33d4713","2026-05-28 23:08:02.076","2026-05-28 23:08:02.076","e6c5221b-9596-4329-8235-3f0cc33d4713","[PREMIUM]","New",2027,"Kia","Telluride Hybrid","SX","[PREMIUM]","[PREMIUM]",5,"SUV","Black Jade Green","Black","Front-wheel Drive",,,"Hybrid",,,"dealership","[PREMIUM]","Avondale","AZ","[PREMIUM]",,"[]",,,"[PREMIUM]"
"59ec8aea-a617-461c-a2cb-42e5cbce4a2f","2026-05-28 23:08:02.050","2026-05-28 23:08:02.050","59ec8aea-a617-461c-a2cb-42e5cbce4a2f","[PREMIUM]","New",2027,"Kia","Telluride","X-Line SX","[PREMIUM]","[PREMIUM]",10,"SUV","Wolf Gray","Black","All-wheel Drive",,,"Gasoline",,,"dealership","[PREMIUM]","Olathe","KS","[PREMIUM]",,"[]",,,"[PREMIUM]"
"2fb4667f-4283-4382-b465-90b440e6f884","2026-05-28 23:08:02.021","2026-05-28 23:08:02.021","2fb4667f-4283-4382-b465-90b440e6f884","[PREMIUM]","New",2027,"Kia","Telluride","SX","[PREMIUM]","[PREMIUM]",399,"SUV","Glacial White Pearl","Black","Front-wheel Drive",,,"Gasoline",,,"dealership","[PREMIUM]","Tyler","TX","[PREMIUM]",,"[]",,,"[PREMIUM]"
"989bd378-ca3e-4df9-b29c-3464fdde9ccd","2026-05-28 23:08:01.983","2026-05-31 23:08:10.919","989bd378-ca3e-4df9-b29c-3464fdde9ccd","[PREMIUM]","New",2027,"Kia","Telluride","X-Line SX","[PREMIUM]","[PREMIUM]",5,"SUV","Terrain Brown","Black","All-wheel Drive",,,"Gasoline",,,"dealership","[PREMIUM]","Avondale","AZ","[PREMIUM]",,"[]",,,"[PREMIUM]"
"143d25fd-202d-4df5-9ec3-daa780e927df","2026-05-28 23:07:48.510","2026-05-28 23:07:48.510","143d25fd-202d-4df5-9ec3-daa780e927df","[PREMIUM]","New",2027,"Chrysler","Pacifica","SELECT","[PREMIUM]","[PREMIUM]",12,"Minivan","Red","Black","AWD",,,"Gasoline",,,"dealership","[PREMIUM]","New Richmond","WI","[PREMIUM]",,"[]",,,"[PREMIUM]"
"1794a945-cfb5-4ed2-b941-2e6dd458d14e","2026-05-28 23:07:48.330","2026-05-28 23:07:48.330","1794a945-cfb5-4ed2-b941-2e6dd458d14e","[PREMIUM]","New",2027,"Chrysler","Pacifica","Limited","[PREMIUM]","[PREMIUM]",0,"Minivan","Diamond Black Crystal Pearlcoat","Black","Front Wheel Drive",,,"Regular unleaded",,,"dealership","[PREMIUM]","Cockeysville","MD","[PREMIUM]",,"[]",,,"[PREMIUM]"
"6b4080fa-cac9-436a-872f-b7eb44df1678","2026-05-28 23:07:48.300","2026-05-31 23:08:00.742","6b4080fa-cac9-436a-872f-b7eb44df1678","[PREMIUM]","New",2027,"Kia","Telluride Hybrid","SX","[PREMIUM]","[PREMIUM]",7,"SUV","Ivory Silver","Black","Front-wheel Drive",,,"Hybrid",,,"dealership","[PREMIUM]","Covina","CA","[PREMIUM]",,"[]",,,"[PREMIUM]"
"f82b7306-8cb4-483f-ae97-ef43651a6832","2026-05-28 23:07:48.278","2026-06-03 23:08:12.910","f82b7306-8cb4-483f-ae97-ef43651a6832","[PREMIUM]","New",2027,"Kia","Telluride","X-Line SX","[PREMIUM]","[PREMIUM]",13,"SUV","Midnight Lake Blue",,"All-wheel Drive",,,"Gasoline",,,"dealership","[PREMIUM]","Houston","TX","[PREMIUM]",,"[]",,,"[PREMIUM]"
"84f5d53f-db68-40c1-983a-b6c7c4f3c3b0","2026-05-28 23:07:48.266","2026-05-28 23:07:48.266","84f5d53f-db68-40c1-983a-b6c7c4f3c3b0","[PREMIUM]","New",2027,"Kia","Telluride","EX","[PREMIUM]","[PREMIUM]",5,"SUV","Metal","Black","All-wheel Drive",,,"Gasoline",,,"dealership","[PREMIUM]","Larksville","PA","[PREMIUM]",,"[]",,,"[PREMIUM]"
"1fbe1fa6-c1ab-4fab-bdf7-ce311e99e03f","2026-05-28 23:07:48.251","2026-05-31 23:08:00.722","1fbe1fa6-c1ab-4fab-bdf7-ce311e99e03f","[PREMIUM]","New",2027,"Kia","Telluride","X-Line EX","[PREMIUM]","[PREMIUM]",11,"SUV","Panthera Metal Matte","Black","All-wheel Drive",,,"Gasoline",,,"dealership","[PREMIUM]","Lansing","IL","[PREMIUM]",,"[]",,,"[PREMIUM]"
"f35709d3-b281-4b02-a07d-2182abe2ce4d","2026-05-28 23:07:48.248","2026-05-31 23:08:00.550","f35709d3-b281-4b02-a07d-2182abe2ce4d","[PREMIUM]","New",2027,"Chrysler","Pacifica","LIMITED","[PREMIUM]","[PREMIUM]",11,"Passenger Van","Diamond Black","Black","Front-wheel Drive",,,"Gasoline",,,"dealership","[PREMIUM]","Indianapolis","IN","[PREMIUM]",,"[]",,,"[PREMIUM]"
"29da8a26-b348-4283-bcdb-9f7377cbe22a","2026-05-28 23:07:48.239","2026-05-28 23:07:48.239","29da8a26-b348-4283-bcdb-9f7377cbe22a","[PREMIUM]","New",2027,"Kia","Telluride Hybrid","SX","[PREMIUM]","[PREMIUM]",201,"SUV","Midnight Lake Blue","Black","Front-wheel Drive",,,"Hybrid",,,"dealership","[PREMIUM]","Everett","WA","[PREMIUM]",,"[]",,,"[PREMIUM]"
"681253b8-eb92-4ecb-bc0a-99605a480417","2026-05-28 23:07:48.220","2026-05-28 23:07:48.220","681253b8-eb92-4ecb-bc0a-99605a480417","[PREMIUM]","New",2027,"Kia","Telluride","SX","[PREMIUM]","[PREMIUM]",5,"SUV","Black Jade Green","Black","Front-wheel Drive",,,"Gasoline",,,"dealership","[PREMIUM]","Phoenix","AZ","[PREMIUM]",,"[]",,,"[PREMIUM]"
"9cb63d3c-f610-48ed-a5f3-45bc382dd10a","2026-05-28 23:07:48.209","2026-05-31 23:08:00.736","9cb63d3c-f610-48ed-a5f3-45bc382dd10a","[PREMIUM]","New",2027,"Chrysler","Pacifica","SELECT","[PREMIUM]","[PREMIUM]",13,"Passenger Van","Black","Black","All-wheel Drive",,,"Gasoline",,,"dealership","[PREMIUM]","New Richmond","WI","[PREMIUM]",,"[]",,,"[PREMIUM]"
"beff57bf-03d9-468e-88d6-1abcc0c6f755","2026-05-28 23:07:48.206","2026-05-31 23:08:00.703","beff57bf-03d9-468e-88d6-1abcc0c6f755","[PREMIUM]","New",2027,"Kia","Telluride","EX","[PREMIUM]","[PREMIUM]",10,"SUV","Brown","Black","All-wheel Drive",,,"Gasoline",,,"dealership","[PREMIUM]","Henderson","NV","[PREMIUM]",,"[]",,,"[PREMIUM]"
"526c16f4-e3f6-4c1c-9540-504935ac4789","2026-05-28 23:04:25.695","2026-05-28 23:04:25.695","526c16f4-e3f6-4c1c-9540-504935ac4789","[PREMIUM]","Used",2005,"Porsche","911","Carrera","[PREMIUM]","[PREMIUM]",58333,"Coupe","Black",,"Rear-wheel Drive",,,"Gasoline",,,"dealership","[PREMIUM]","KCMO","MO","[PREMIUM]",,"[]",,,"[PREMIUM]"
"e31b01df-480d-47ae-803b-1dd72dff5867","2026-05-28 23:02:44.413","2026-05-31 23:03:19.403","e31b01df-480d-47ae-803b-1dd72dff5867","[PREMIUM]","Used",2012,"Aston Martin","V8 Vantage","Base","[PREMIUM]","[PREMIUM]",42655,"Coupe","Black","Obsidian Black","Rear-wheel Drive",,,"Gasoline",,,"dealership","[PREMIUM]","Saint Paul","MN","[PREMIUM]",,"[]",,,"[PREMIUM]"
"a21a89b3-e870-4d0c-b69e-313ff01bf8b1","2026-05-28 23:02:43.775","2026-05-28 23:02:43.775","a21a89b3-e870-4d0c-b69e-313ff01bf8b1","[PREMIUM]","Used",2012,"Bentley","Continental GT","Base","[PREMIUM]","[PREMIUM]",67964,"Coupe","Light Windsor Metallic","Tan","All-wheel Drive",,,"E85 Flex Fuel",,,"dealership","[PREMIUM]","Hollywood","FL","[PREMIUM]",,"[]",,,"[PREMIUM]"
"91a5de74-15ef-4ce1-a221-784f4d0a4aae","2026-05-28 23:02:02.714","2026-05-31 23:02:18.664","91a5de74-15ef-4ce1-a221-784f4d0a4aae","[PREMIUM]","Used",2015,"Lexus","LX 570","Base","[PREMIUM]","[PREMIUM]",76041,"SUV","Silver Lining Metallic","Parchment","Four-wheel Drive",,,"Gasoline",,,"dealership","[PREMIUM]","Hardeeville","SC","[PREMIUM]",,"[]",,,"[PREMIUM]"
"35a9f973-ed01-4bca-b6ef-51a6a72e2cbb","2026-05-28 23:01:41.364","2026-05-28 23:01:41.364","35a9f973-ed01-4bca-b6ef-51a6a72e2cbb","[PREMIUM]","New",2017,"GMC","Sierra 1500","SLE","[PREMIUM]","[PREMIUM]",10,"Truck","Summit White","Jet Black","Four-wheel Drive",,,"Gasoline",,,"dealership","[PREMIUM]","Norwood","MA","[PREMIUM]",,"[]",,,"[PREMIUM]"
"11205f14-58d2-42d6-aeb6-2bd965d785ad","2026-05-28 23:01:30.248","2026-05-28 23:01:30.248","11205f14-58d2-42d6-aeb6-2bd965d785ad","[PREMIUM]","Used",2017,"Dodge","Challenger","SRT Hellcat","[PREMIUM]","[PREMIUM]",42637,"Coupe","Octane Red Pearlcoat","Black","Rear-wheel Drive",,,"Gasoline",,,"dealership","[PREMIUM]","Dallas","TX","[PREMIUM]",,"[]",,,"[PREMIUM]"
"7621ad9b-c804-40de-a56e-433ecd29d501","2026-05-28 23:01:08.626","2026-05-28 23:01:08.626","7621ad9b-c804-40de-a56e-433ecd29d501","[PREMIUM]","New",2018,"GMC","Sierra 1500","SLE","[PREMIUM]","[PREMIUM]",3367,"Truck","Summit White",,"Four-wheel Drive",,,"E85 Flex Fuel",,,"dealership","[PREMIUM]","Norwood","MA","[PREMIUM]",,"[]",,,"[PREMIUM]"
"4f279abe-8977-415f-89b7-c3d219a88a6c","2026-05-28 23:01:08.536","2026-05-31 23:01:18.582","4f279abe-8977-415f-89b7-c3d219a88a6c","[PREMIUM]","New",2019,"GMC","Sierra 1500","SLE","[PREMIUM]","[PREMIUM]",11,"Truck","Cardinal Red",,"Four-wheel Drive",,,"Gasoline",,,"dealership","[PREMIUM]","Norwood","MA","[PREMIUM]",,"[]",,,"[PREMIUM]"
"5d970cb8-a478-4f52-8522-710644fb4181","2026-05-28 23:01:06.803","2026-05-28 23:01:06.803","5d970cb8-a478-4f52-8522-710644fb4181","[PREMIUM]","Used",2019,"Mercedes-Benz","S-Class",,"[PREMIUM]","[PREMIUM]",39255,"Sedan","White","TAN","Rear-wheel Drive",,,"Gasoline",,,"dealership","[PREMIUM]","Smithtown","NY","[PREMIUM]",,"[]",,,"[PREMIUM]"
"64b5f536-0e26-43c6-809a-def0034ec0e0","2026-05-28 23:01:06.797","2026-05-28 23:01:06.797","64b5f536-0e26-43c6-809a-def0034ec0e0","[PREMIUM]","Used",2018,"Ford","F-250","Lariat","[PREMIUM]","[PREMIUM]",104646,"Truck","Black","BLACK","Four-wheel Drive",,,"Diesel",,,"dealership","[PREMIUM]","Houston","TX","[PREMIUM]",,"[]",,,"[PREMIUM]"
"66aebaed-faa3-44f9-ba0c-396ccb174d1c","2026-05-28 23:01:06.742","2026-05-31 23:01:18.532","66aebaed-faa3-44f9-ba0c-396ccb174d1c","[PREMIUM]","New",2019,"GMC","Sierra 1500","SLE","[PREMIUM]","[PREMIUM]",11,"Truck","Cardinal Red",,"Four-wheel Drive",,,"Gasoline",,,"dealership","[PREMIUM]","Norwood","MA","[PREMIUM]",,"[]",,,"[PREMIUM]"
"62634e18-0989-4ad6-86a2-d3074c995cda","2026-05-28 23:01:06.737","2026-05-28 23:01:06.737","62634e18-0989-4ad6-86a2-d3074c995cda","[PREMIUM]","Used",2019,"Dodge","Charger","SRT Hellcat","[PREMIUM]","[PREMIUM]",58130,"Sedan","White",,"Rear-wheel Drive",,,"Gasoline",,,"dealership","[PREMIUM]","Orlando","FL","[PREMIUM]",,"[]",,,"[PREMIUM]"
"31ee9c31-f5d1-4370-a9b8-3269439489a4","2026-05-28 23:01:06.714","2026-05-28 23:01:06.714","31ee9c31-f5d1-4370-a9b8-3269439489a4","[PREMIUM]","Used",2018,"RAM","2500","Big Horn Crew Cab 4x4 6&#39;4&#39; Box","[PREMIUM]","[PREMIUM]",71368,"Truck","Bright Silver Metallic Clearcoat","Black","Four-wheel Drive",,,"Diesel",,,"dealership","[PREMIUM]","Shepherdsville","KY","[PREMIUM]",,"[]",,,"[PREMIUM]"
"1c7195d2-dda3-4acf-8a97-6e087316ddee","2026-05-28 23:00:24.644","2026-05-28 23:00:24.644","1c7195d2-dda3-4acf-8a97-6e087316ddee","[PREMIUM]","Used",2020,"Chevrolet","Silverado 2500","LTZ","[PREMIUM]","[PREMIUM]",57381,"Truck","Summit White","Jet Black","Four-wheel Drive",,,"Gasoline",,,"dealership","[PREMIUM]","Gurnee","IL","[PREMIUM]",,"[]",,,"[PREMIUM]"
"320302c4-faf8-4311-917a-92c9a5859064","2026-05-28 23:00:24.616","2026-05-28 23:00:24.616","320302c4-faf8-4311-917a-92c9a5859064","[PREMIUM]","Used",2020,"RAM","1500","Limited","[PREMIUM]","[PREMIUM]",31030,"Truck",,"Black","Four-wheel Drive",,,"Gasoline",,,"dealership","[PREMIUM]","Sunnyside","WA","[PREMIUM]",,"[]",,,"[PREMIUM]"
"073c61f7-d7f9-41dc-a043-bce93b210e89","2026-05-28 23:00:24.571","2026-05-28 23:00:24.571","073c61f7-d7f9-41dc-a043-bce93b210e89","[PREMIUM]","New",2020,"Buick","Enclave","Essence","[PREMIUM]","[PREMIUM]",4,"SUV","Summit White",,"All-wheel Drive",,,"Gasoline",,,"dealership","[PREMIUM]","Norwood","MA","[PREMIUM]",,"[]",,,"[PREMIUM]"
"fafa01ad-145f-48f4-adfc-e0375715de2c","2026-05-28 23:00:03.403","2026-05-28 23:00:03.403","fafa01ad-145f-48f4-adfc-e0375715de2c","[PREMIUM]","Used",2021,"BMW","X6","xDrive40i","[PREMIUM]","[PREMIUM]",40618,"SUV","Manhattan Green Metallic","Coffee","All-wheel Drive",,,"Gasoline",,,"dealership","[PREMIUM]","Manchester","NH","[PREMIUM]",,"[]",,,"[PREMIUM]"
"5d9f8f44-acf1-4c99-89ee-528a65b9f4ce","2026-05-28 22:59:51.335","2026-05-31 23:00:07.984","5d9f8f44-acf1-4c99-89ee-528a65b9f4ce","[PREMIUM]","Used",2021,"Audi","RS 5","2.9T","[PREMIUM]","[PREMIUM]",62000,"Hatchback","Green","Black","All-wheel Drive",,,"Gasoline",,,"dealership","[PREMIUM]","San Jose","CA","[PREMIUM]",,"[]",,,"[PREMIUM]"
"b604a2fb-8f64-4106-b1a4-88aa4bc42a4b","2026-05-28 22:59:51.326","2026-05-28 22:59:51.326","b604a2fb-8f64-4106-b1a4-88aa4bc42a4b","[PREMIUM]","Used",2021,"Porsche","Macan",,"[PREMIUM]","[PREMIUM]",22557,"SUV","Carrara White Metallic","Standard Interior in Agate Grey",,,,"REGULAR_PETROL",,,"dealership","[PREMIUM]","Charlotte","NC","[PREMIUM]",,"[]",,,"[PREMIUM]"
"9554fde9-f282-47d9-942e-9355fcac4ede","2026-05-28 22:59:51.268","2026-05-31 23:00:07.976","9554fde9-f282-47d9-942e-9355fcac4ede","[PREMIUM]","Used",2021,"Ford","F-150","LARIAT","[PREMIUM]","[PREMIUM]",6270,"Truck","SMOKED QUARTZ TINTED CC MET","SLATE LEATHER TRIM BUCKET",,,,,,,"dealership","[PREMIUM]","Hinesville","GA","[PREMIUM]",,"[]",,,"[PREMIUM]"
"0627fbf0-8e1a-47b8-8473-c2d83d1631a2","2026-05-28 22:59:51.264","2026-05-28 22:59:51.264","0627fbf0-8e1a-47b8-8473-c2d83d1631a2","[PREMIUM]","Used",2021,"GMC","Yukon XL","Denali","[PREMIUM]","[PREMIUM]",66716,"SUV","Black Onyx","Jet Black","Four-wheel Drive",,,"Gasoline",,,"dealership","[PREMIUM]","Nashville","TN","[PREMIUM]",,"[]",,,"[PREMIUM]"
"d8b1d74d-ff84-41c5-8e50-b8c630625ad4","2026-05-28 22:59:29.942","2026-05-28 22:59:29.942","d8b1d74d-ff84-41c5-8e50-b8c630625ad4","[PREMIUM]","Used",2022,"Chevrolet","Silverado 2500","Custom","[PREMIUM]","[PREMIUM]",45535,"Truck","Black","Jet Black","Four-wheel Drive",,,"Diesel",,,"dealership","[PREMIUM]","Columbia","SC","[PREMIUM]",,"[]",,,"[PREMIUM]"
"760564dc-782f-47a0-80c5-97883b59bae5","2026-05-28 22:59:19.001","2026-05-28 22:59:19.001","760564dc-782f-47a0-80c5-97883b59bae5","[PREMIUM]","Used",2022,"Tesla","Model S","Plaid","[PREMIUM]","[PREMIUM]",75505,"Hatchback","Deep Blue Metallic",,"All-wheel Drive",,,"Electric",,,"dealership","[PREMIUM]","Mission Viejo","CA","[PREMIUM]",,"[]",,,"[PREMIUM]"
"e0f39a0d-2000-4355-acce-fc450bafadec","2026-05-28 22:58:37.908","2026-05-28 22:58:37.908","e0f39a0d-2000-4355-acce-fc450bafadec","[PREMIUM]","Used",2022,"Chevrolet","Camaro","2SS","[PREMIUM]","[PREMIUM]",33364,"Coupe","Summit White","Jet Black","RWD",,,"Gasoline",,,"dealership","[PREMIUM]","Findlay","OH","[PREMIUM]",,"[]",,,"[PREMIUM]"
"3b1781cc-91de-4e0b-99c5-a100ca8e3cd5","2026-05-28 22:58:37.595","2026-05-28 22:58:37.595","3b1781cc-91de-4e0b-99c5-a100ca8e3cd5","[PREMIUM]","Used",2022,"Land Rover","Defender","110 X-Dynamic SE","[PREMIUM]","[PREMIUM]",59824,"SUV","Santorini Black","Ebony","All-wheel Drive",,,"Gasoline",,,"dealership","[PREMIUM]","Arlington","TX","[PREMIUM]",,"[]",,,"[PREMIUM]"
"71adef9f-6432-4067-bfaf-0d10ec29747d","2026-05-28 22:58:37.592","2026-05-28 22:58:37.592","71adef9f-6432-4067-bfaf-0d10ec29747d","[PREMIUM]","Used",2022,"BMW","X5","M50i","[PREMIUM]","[PREMIUM]",42347,"SUV","Phytonic Blue Metallic","Cognac","All-wheel Drive",,,"Gasoline",,,"dealership","[PREMIUM]","Vienna","VA","[PREMIUM]",,"[]",,,"[PREMIUM]"
"26159f73-2d21-4e6e-85c6-d3f54c4d5df8","2026-05-28 22:58:26.496","2026-05-28 22:58:26.496","26159f73-2d21-4e6e-85c6-d3f54c4d5df8","[PREMIUM]","Used",2022,"Ford","Expedition","XLT","[PREMIUM]","[PREMIUM]",29522,"SUV","Gray","BLACK","Rear-wheel Drive",,,"Gasoline",,,"dealership","[PREMIUM]","Columbus","GA","[PREMIUM]",,"[]",,,"[PREMIUM]"
"be8bf3d8-250f-42b0-91c9-1efe0b36b9c2","2026-05-28 22:58:26.459","2026-05-28 22:58:26.459","be8bf3d8-250f-42b0-91c9-1efe0b36b9c2","[PREMIUM]","Used",2022,"Lexus","RX 450h","F-Sport","[PREMIUM]","[PREMIUM]",33695,"SUV","Black","BLACK","Four-wheel Drive",,,"Hybrid",,,"dealership","[PREMIUM]","Edison","NJ","[PREMIUM]",,"[]",,,"[PREMIUM]"
"acd49a12-8c1e-4d52-a657-02a673a0b86f","2026-05-28 22:58:26.239","2026-05-28 22:58:26.239","acd49a12-8c1e-4d52-a657-02a673a0b86f","[PREMIUM]","Used",2022,"Dodge","Charger","Scat Pack Widebody","[PREMIUM]","[PREMIUM]",23876,"Sedan","Blue","BROWN","Rear-wheel Drive",,,"Gasoline",,,"dealership","[PREMIUM]","Modesto","CA","[PREMIUM]",,"[]",,,"[PREMIUM]"
"30c6d0c8-04ec-4ebd-91b7-97f04488c49f","2026-05-28 22:58:26.222","2026-05-28 22:58:26.222","30c6d0c8-04ec-4ebd-91b7-97f04488c49f","[PREMIUM]","Used",2022,"Toyota","Tundra","1794","[PREMIUM]","[PREMIUM]",40965,"Truck","Brown","BROWN","Four-wheel Drive",,,"Gasoline",,,"dealership","[PREMIUM]","Nashville","TN","[PREMIUM]",,"[]",,,"[PREMIUM]"
"306b50e0-9796-43c6-9e95-416d318e2829","2026-05-28 22:58:26.209","2026-05-28 22:58:26.209","306b50e0-9796-43c6-9e95-416d318e2829","[PREMIUM]","Used",2022,"Tesla","Model S",,"[PREMIUM]","[PREMIUM]",20468,"Hatchback","Black","WHITE","Four-wheel Drive",,,"Electric",,,"dealership","[PREMIUM]","Wayne","NJ","[PREMIUM]",,"[]",,,"[PREMIUM]"
"5a038378-7f44-4510-af9b-1dbf1d8463a6","2026-05-28 22:58:26.193","2026-05-31 22:58:39.700","5a038378-7f44-4510-af9b-1dbf1d8463a6","[PREMIUM]","Used",2022,"Porsche","Cayenne","Platinum","[PREMIUM]","[PREMIUM]",58195,"SUV","Black","BLACK","Four-wheel Drive",,,"Gasoline",,,"dealership","[PREMIUM]","Stockbridge","GA","[PREMIUM]",,"[]",,,"[PREMIUM]"
"c9e1b651-3a82-46d8-880b-09b3b7bde294","2026-05-28 22:58:26.117","2026-05-28 22:58:26.117","c9e1b651-3a82-46d8-880b-09b3b7bde294","[PREMIUM]","Used",2022,"Nissan","Armada","Platinum","[PREMIUM]","[PREMIUM]",17455,"SUV","Red","BLACK","Four-wheel Drive",,,"Gasoline",,,"dealership","[PREMIUM]","Tulsa","OK","[PREMIUM]",,"[]",,,"[PREMIUM]"
"4f554716-1162-45bd-857c-d8f4331890f8","2026-05-28 22:57:55.115","2026-05-28 22:57:55.115","4f554716-1162-45bd-857c-d8f4331890f8","[PREMIUM]","Used",2023,"Maserati","Grecale","Modena","[PREMIUM]","[PREMIUM]",25960,"SUV","Nero Tempesta Metallic","Red","All-wheel Drive",,,"Gasoline",,,"dealership","[PREMIUM]","Troy","MI","[PREMIUM]",,"[]",,,"[PREMIUM]"
"317f2528-2083-4e7a-bae6-885d086786fe","2026-05-28 22:57:14.436","2026-05-28 22:57:14.436","317f2528-2083-4e7a-bae6-885d086786fe","[PREMIUM]","Used",2023,"Chevrolet","Silverado 1500","High Country","[PREMIUM]","[PREMIUM]",80240,"Truck","Iridescent Pearl Tricoat","Jet Black/Umber","Four-wheel Drive",,,"Diesel",,,"dealership","[PREMIUM]","Lubbock","TX","[PREMIUM]",,"[]",,,"[PREMIUM]"
"60dbdebe-dc79-475f-bf18-1b3ed273bd3e","2026-05-28 22:56:53.752","2026-05-28 22:56:53.752","60dbdebe-dc79-475f-bf18-1b3ed273bd3e","[PREMIUM]","Used",2023,"Ford","F-150","XLT","[PREMIUM]","[PREMIUM]",44533,"Truck","AGATE BLACK METALLIC","BLACK SPORT 40/CONSOLE/40",,,,,,,"dealership","[PREMIUM]","Haverhill","MA","[PREMIUM]",,"[]",,,"[PREMIUM]"
"432ef482-9c13-43f5-8bef-c1ac701c1a3e","2026-05-28 22:56:53.524","2026-05-28 22:56:53.524","432ef482-9c13-43f5-8bef-c1ac701c1a3e","[PREMIUM]","Used",2023,"Ford","F-150","Lariat","[PREMIUM]","[PREMIUM]",31855,"Truck","Avalanche Gray","Black","Four-wheel Drive",,,"Hybrid",,,"dealership","[PREMIUM]","Lynden","WA","[PREMIUM]",,"[]",,,"[PREMIUM]"
"b78f7628-a928-416f-98e6-993e548f4dbd","2026-05-28 22:56:53.508","2026-05-28 22:56:53.508","b78f7628-a928-416f-98e6-993e548f4dbd","[PREMIUM]","Used",2023,"Ford","Bronco","Badlands","[PREMIUM]","[PREMIUM]",29611,"SUV","Carbonized Gray Metallic","Black Onyx","4WD",,,"Gasoline",,,"dealership","[PREMIUM]","Huntsville","AL","[PREMIUM]",,"[]",,,"[PREMIUM]"
"a78c93c5-37df-4f35-a31a-b9356c70fcc6","2026-05-28 22:56:53.501","2026-05-31 22:57:08.907","a78c93c5-37df-4f35-a31a-b9356c70fcc6","[PREMIUM]","Used",2023,"RAM","1500","Laramie","[PREMIUM]","[PREMIUM]",26461,,"Black","Black","Four-wheel Drive",,,"Gasoline/Mild Electric Hybrid",,,"dealership","[PREMIUM]","HUNTINGTON","NY","[PREMIUM]",,"[]",,,"[PREMIUM]"
"58ed786a-caa8-47b2-aa03-4ba2bdfc50a9","2026-05-28 22:56:02.787","2026-05-28 22:56:02.787","58ed786a-caa8-47b2-aa03-4ba2bdfc50a9","[PREMIUM]","Used",2023,"Cadillac","XT5","Premium Luxury","[PREMIUM]","[PREMIUM]",101,"SUV","Black","BLACK","Four-wheel Drive",,,"Gasoline",,,"dealership","[PREMIUM]","South Jordan","UT","[PREMIUM]",,"[]",,,"[PREMIUM]"
"223971d4-ba86-41f3-bc7b-fb4ca31e1b9b","2026-05-28 22:55:31.975","2026-05-28 22:55:31.975","223971d4-ba86-41f3-bc7b-fb4ca31e1b9b","[PREMIUM]","Used",2024,"GMC","Sierra 1500","Elevation","[PREMIUM]","[PREMIUM]",55145,"Truck","Gray","Black","Four-wheel Drive",,,"Gasoline",,,"dealership","[PREMIUM]","Baraboo","WI","[PREMIUM]",,"[]",,,"[PREMIUM]"
"2bc850c6-87e5-4187-be2a-cc001cb7ae25","2026-05-28 22:55:31.955","2026-05-28 22:55:31.955","2bc850c6-87e5-4187-be2a-cc001cb7ae25","[PREMIUM]","Used",2024,"GMC","Sierra 1500","SLT","[PREMIUM]","[PREMIUM]",58784,"Truck","Sterling Metallic","Jet Black","Four-wheel Drive",,,"Diesel",,,"dealership","[PREMIUM]","Dallas","TX","[PREMIUM]",,"[]",,,"[PREMIUM]"
"a4d58244-d370-452c-a009-28ed9296f51c","2026-05-28 22:55:31.053","2026-05-28 22:55:31.053","a4d58244-d370-452c-a009-28ed9296f51c","[PREMIUM]","Used",2024,"Toyota","Tundra","SR5","[PREMIUM]","[PREMIUM]",17901,"Truck","Ice Cap","Black","Four-wheel Drive",,,"Gasoline",,,"dealership","[PREMIUM]","Birmingham","AL","[PREMIUM]",,"[]",,,"[PREMIUM]"
"b55e47b5-a5dd-45f2-95e9-0ce03e9b5db0","2026-05-28 22:55:31.039","2026-05-28 22:55:31.039","b55e47b5-a5dd-45f2-95e9-0ce03e9b5db0","[PREMIUM]","Used",2024,"RAM","2500","Big Horn Crew Cab 4x4 6&#39;4&#39; Box","[PREMIUM]","[PREMIUM]",49668,"Truck","Bright White Clearcoat","Diesel Gray/Black","Four-wheel Drive",,,"Diesel",,,"dealership","[PREMIUM]","Burlington","NC","[PREMIUM]",,"[]",,,"[PREMIUM]"
"497db66c-4537-4483-9527-08102411a803","2026-05-28 22:55:20.340","2026-05-28 22:55:20.340","497db66c-4537-4483-9527-08102411a803","[PREMIUM]","Used",2024,"Nissan","Z","NISMO Auto","[PREMIUM]","[PREMIUM]",6866,"Coupe","Everest White Pearl Tricoat/Super Black","Alcantara Accent","Rear-wheel Drive",,,"Gasoline",,,"dealership","[PREMIUM]","Duluth","GA","[PREMIUM]",,"[]",,,"[PREMIUM]"
"106e486e-0164-4644-8f00-486e67eae07e","2026-05-28 22:55:20.307","2026-05-28 22:55:20.307","106e486e-0164-4644-8f00-486e67eae07e","[PREMIUM]","Used",2024,"Chevrolet","Silverado 1500","High Country","[PREMIUM]","[PREMIUM]",43060,"Truck","Iridescent Pearl Tricoat","Jet Black","Rear-wheel Drive",,,"Gasoline",,,"dealership","[PREMIUM]","Houston","TX","[PREMIUM]",,"[]",,,"[PREMIUM]"
"65ea22a3-c04b-490e-b554-e7d2e07fe25c","2026-05-28 22:55:09.965","2026-05-28 22:55:09.965","65ea22a3-c04b-490e-b554-e7d2e07fe25c","[PREMIUM]","Used",2024,"Audi","Q8 e-tron","Prestige","[PREMIUM]","[PREMIUM]",35410,"SUV","Mythos Black Metallic","Black","All-wheel Drive",,,"Electric",,,"dealership","[PREMIUM]","Torrance","CA","[PREMIUM]",,"[]",,,"[PREMIUM]"
"e09fe8cc-c5d1-4c29-a563-5e83d6624b80","2026-05-28 22:55:09.805","2026-05-28 22:55:09.805","e09fe8cc-c5d1-4c29-a563-5e83d6624b80","[PREMIUM]","Used",2024,"Ford","Bronco","Outer Banks","[PREMIUM]","[PREMIUM]",15112,"SUV","Cactus Gray","Dark Space Gray","Four-wheel Drive",,,"Gasoline",,,"dealership","[PREMIUM]","Auburn","IN","[PREMIUM]",,"[]",,,"[PREMIUM]"
"77bfa937-65ed-466f-b61a-1018f2138333","2026-05-28 22:54:39.094","2026-05-31 22:54:48.805","77bfa937-65ed-466f-b61a-1018f2138333","[PREMIUM]","Used",2024,"BMW","540","xDrive","[PREMIUM]","[PREMIUM]",59772,"Sedan","Vegas Red Metallic","Black","All-wheel Drive",,,"Gasoline",,,"dealership","[PREMIUM]","Washington Township","NJ","[PREMIUM]",,"[]",,,"[PREMIUM]"
"fb9df3ef-5c69-48bd-91c2-120eceed3a9d","2026-05-28 22:54:39.020","2026-05-28 22:54:39.020","fb9df3ef-5c69-48bd-91c2-120eceed3a9d","[PREMIUM]","Used",2024,"Chevrolet","Silverado 2500","LT","[PREMIUM]","[PREMIUM]",106279,"Truck","Summit White","Black","Four-wheel Drive",,,"Diesel",,,"dealership","[PREMIUM]","Galesburg","IL","[PREMIUM]",,"[]",,,"[PREMIUM]"
"b5a43d71-d16a-4e89-9cd2-e8ff6a8742b8","2026-05-28 22:54:28.086","2026-05-28 22:54:28.086","b5a43d71-d16a-4e89-9cd2-e8ff6a8742b8","[PREMIUM]","Used",2024,"Toyota","4Runner","SR5 Premium","[PREMIUM]","[PREMIUM]",10542,"SUV","Nautical Blue Metallic","Black/Graphite","Four-wheel Drive",,,"Gasoline",,,"dealership","[PREMIUM]","Arlington","TX","[PREMIUM]",,"[]",,,"[PREMIUM]"
"f995deb0-50fe-4b1b-a5be-85169ea01797","2026-05-28 22:54:27.969","2026-05-28 22:54:27.969","f995deb0-50fe-4b1b-a5be-85169ea01797","[PREMIUM]","Used",2024,"Cadillac","XT6","Sport AWD","[PREMIUM]","[PREMIUM]",22173,"SUV","Crystal White Tricoat",,"All-wheel Drive",,,"Gasoline",,,"dealership","[PREMIUM]","Corbin","KY","[PREMIUM]",,"[]",,,"[PREMIUM]"
"f0cba6a9-1dda-4ff2-8241-fd559e16b8ba","2026-05-28 22:54:27.018","2026-05-28 22:54:27.018","f0cba6a9-1dda-4ff2-8241-fd559e16b8ba","[PREMIUM]","Used",2024,"BMW","430","I","[PREMIUM]","[PREMIUM]",7550,"Convertible","White","BLACK","Rear-wheel Drive",,,"Gasoline",,,"dealership","[PREMIUM]","Fremont","CA","[PREMIUM]",,"[]",,,"[PREMIUM]"
"1f1d7348-1cbc-4b0e-ba4d-cb08b767c568","2026-05-28 22:54:26.899","2026-05-28 22:54:26.899","1f1d7348-1cbc-4b0e-ba4d-cb08b767c568","[PREMIUM]","Used",2024,"GMC","Sierra 1500","Elevation","[PREMIUM]","[PREMIUM]",27168,"Truck","Gray","BLACK","Rear-wheel Drive",,,"Gasoline",,,"dealership","[PREMIUM]","Amarillo","TX","[PREMIUM]",,"[]",,,"[PREMIUM]"
"d507a010-1a31-4c56-b910-351be34b3bb8","2026-05-28 22:54:26.867","2026-05-28 22:54:26.867","d507a010-1a31-4c56-b910-351be34b3bb8","[PREMIUM]","Used",2024,"Ford","Expedition Max","XLT","[PREMIUM]","[PREMIUM]",59489,"SUV","Silver","BLACK","4WD",,,"Gas",,,"dealership","[PREMIUM]","Wichita","KS","[PREMIUM]",,"[]",,,"[PREMIUM]"
"1e18ea4a-8128-46db-acf9-7d155e605e6a","2026-05-28 22:54:26.865","2026-05-28 22:54:26.865","1e18ea4a-8128-46db-acf9-7d155e605e6a","[PREMIUM]","Used",2024,"Ford","Expedition Max","Limited","[PREMIUM]","[PREMIUM]",56190,"SUV","Silver","TAN","Four-wheel Drive",,,"Gasoline",,,"dealership","[PREMIUM]","San Antonio","TX","[PREMIUM]",,"[]",,,"[PREMIUM]"
"a166480e-19d0-4748-8072-283c3c6cf11c","2026-05-28 22:54:26.801","2026-05-28 22:54:26.801","a166480e-19d0-4748-8072-283c3c6cf11c","[PREMIUM]","Used",2024,"Acura","MDX",,"[PREMIUM]","[PREMIUM]",23679,"SUV","Majestic Black Pearl","Ebony",,,,"Gasoline",,,"dealership","[PREMIUM]","Manchester","MO","[PREMIUM]",,"[]",,,"[PREMIUM]"
"97841e44-c324-491e-9235-385f2fbc3d91","2026-05-28 22:54:26.797","2026-05-28 22:54:26.797","97841e44-c324-491e-9235-385f2fbc3d91","[PREMIUM]","Used",2024,"Lexus","ES 350","Ultra Luxury","[PREMIUM]","[PREMIUM]",36544,"Sedan","Eminent White Pearl","Palomino/Wood Brown","Front-wheel Drive",,,"Gasoline",,,"dealership","[PREMIUM]","Dallas","TX","[PREMIUM]",,"[]",,,"[PREMIUM]"
"7f6db811-1dc4-4193-8159-c15323a645d5","2026-05-28 22:53:35.931","2026-05-28 22:53:35.931","7f6db811-1dc4-4193-8159-c15323a645d5","[PREMIUM]","Used",2025,"Toyota","Tacoma","TRD Sport","[PREMIUM]","[PREMIUM]",12546,"Truck","Blue Crush Metallic","Black","Four-wheel Drive",,,"Hybrid",,,"dealership","[PREMIUM]","Wilmington","NC","[PREMIUM]",,"[]",,,"[PREMIUM]"
"396013f1-7d01-4740-93c1-9242537a4ff0","2026-05-28 22:53:15.531","2026-05-28 22:53:15.531","396013f1-7d01-4740-93c1-9242537a4ff0","[PREMIUM]","Used",2025,"Toyota","Sienna","XSE 7 Passenger","[PREMIUM]","[PREMIUM]",57945,"Passenger Van","Ruby Flare Pearl","Cool Gray/Black","All-wheel Drive",,,"Gasoline",,,"dealership","[PREMIUM]","Walnut Creek","CA","[PREMIUM]",,"[]",,,"[PREMIUM]"
"ca6c4b6f-356d-4fe9-a598-5fe628404485","2026-05-28 22:50:53.845","2026-05-31 22:51:06.529","ca6c4b6f-356d-4fe9-a598-5fe628404485","[PREMIUM]","Used",2025,"Hyundai","SANTA FE HEV","Calligraphy","[PREMIUM]","[PREMIUM]",7251,"SUV","Phantom Black","Beige","All-wheel Drive",,,"Hybrid",,,"dealership","[PREMIUM]","Elk Grove","CA","[PREMIUM]",,"[]",,,"[PREMIUM]"
"d846d64e-358c-4d3d-9f14-ab2b87949c57","2026-05-28 22:50:43.128","2026-05-28 22:50:43.128","d846d64e-358c-4d3d-9f14-ab2b87949c57","[PREMIUM]","Used",2025,"Toyota","4Runner","TRD Off Road Premium","[PREMIUM]","[PREMIUM]",22256,"SUV","Ice","Black","Four-wheel Drive",,,"Gasoline",,,"dealership","[PREMIUM]","Fayetteville","TN","[PREMIUM]",,"[]",,,"[PREMIUM]"
"6632b101-abbf-4719-8de9-4087cb8ac872","2026-05-28 22:50:43.127","2026-05-31 22:50:56.454","6632b101-abbf-4719-8de9-4087cb8ac872","[PREMIUM]","Used",2025,"Ford","F-150","XLT","[PREMIUM]","[PREMIUM]",11641,"Truck","CARBONIZED GRAY METALLIC","DARK SLATE CLOTH 40/20/40","Four-wheel Drive",,,"Gasoline",,,"dealership","[PREMIUM]","Lubbock","TX","[PREMIUM]",,"[]",,,"[PREMIUM]"
"5089b78a-e6e7-4c0c-bdb9-589a14ccae94","2026-05-28 22:50:09.691","2026-05-28 22:50:09.691","5089b78a-e6e7-4c0c-bdb9-589a14ccae94","[PREMIUM]","Used",2025,"Jeep","Grand Cherokee","Summit","[PREMIUM]","[PREMIUM]",14727,"SUV","Diamond Black","Global Black","Four-wheel Drive",,,"Gasoline",,,"dealership","[PREMIUM]","Greensboro","NC","[PREMIUM]",,"[]",,,"[PREMIUM]"
"cc90ea72-ab95-42ea-968a-23f73a8e05cd","2026-05-28 22:50:09.635","2026-05-28 22:50:09.635","cc90ea72-ab95-42ea-968a-23f73a8e05cd","[PREMIUM]","Used",2025,"Audi","Q5","Premium Plus TFSI quattro S tronic","[PREMIUM]","[PREMIUM]",6598,"SUV","Florett Silver Metallic","Black","All-wheel Drive",,,"Gasoline",,,"dealership","[PREMIUM]","Riverside","CA","[PREMIUM]",,"[]",,,"[PREMIUM]"
"eaf78dab-71ff-4e6f-b2ca-255c898659e3","2026-05-28 22:50:09.631","2026-05-31 22:50:26.262","eaf78dab-71ff-4e6f-b2ca-255c898659e3","[PREMIUM]","Used",2025,"Lexus","NX 350","Premium","[PREMIUM]","[PREMIUM]",8320,"SUV","Cloudburst Gray","Palomino","All-wheel Drive",,,"Gasoline",,,"dealership","[PREMIUM]","Chantilly","VA","[PREMIUM]",,"[]",,,"[PREMIUM]"
"92ff6761-3940-4f20-b321-6614f1ad88c4","2026-05-28 22:49:38.725","2026-05-28 22:49:38.725","92ff6761-3940-4f20-b321-6614f1ad88c4","[PREMIUM]","Used",2025,"Ford","F-150","XLT","[PREMIUM]","[PREMIUM]",28532,"Truck","Silver Metallic","Black","4WD",,,"Gasoline",,,"dealership","[PREMIUM]","Beaverton","OR","[PREMIUM]",,"[]",,,"[PREMIUM]"
"bb9c718f-9476-4c94-8437-48d0c8a222f5","2026-05-28 22:49:18.077","2026-05-31 22:49:25.819","bb9c718f-9476-4c94-8437-48d0c8a222f5","[PREMIUM]","Used",2025,"RAM","1500","Laramie","[PREMIUM]","[PREMIUM]",14691,"Truck","Black","BLACK","Four-wheel Drive",,,"Gasoline",,,"dealership","[PREMIUM]","Puyallup","WA","[PREMIUM]",,"[]",,,"[PREMIUM]"
"65b00629-12a9-442f-821b-68f47d46f1a3","2026-05-28 22:49:18.061","2026-05-28 22:49:18.061","65b00629-12a9-442f-821b-68f47d46f1a3","[PREMIUM]","Used",2025,"Honda","Pilot",,"[PREMIUM]","[PREMIUM]",18986,"SUV","Platinum White Pearl","Gray",,,,,,,"dealership","[PREMIUM]","Savoy","IL","[PREMIUM]",,"[]",,,"[PREMIUM]"
"7e6e3a1a-b062-47d8-900a-656c67fd6d6c","2026-05-28 22:49:17.967","2026-05-28 22:49:17.967","7e6e3a1a-b062-47d8-900a-656c67fd6d6c","[PREMIUM]","Used",2025,"Toyota","RAV4 Plug-In Hybrid","XSE","[PREMIUM]","[PREMIUM]",13813,"SUV","White","RED","Four-wheel Drive",,,"Plug-In Hybrid",,,"dealership","[PREMIUM]","Torrance","CA","[PREMIUM]",,"[]",,,"[PREMIUM]"
"81d3019c-b47d-46d7-857c-c7de2caf70b4","2026-05-28 22:48:17.362","2026-05-28 22:48:17.362","81d3019c-b47d-46d7-857c-c7de2caf70b4","[PREMIUM]","New",2026,"Toyota","RAV4","SE","[PREMIUM]","[PREMIUM]",0,"SUV","0m22","Black","All-wheel Drive",,,"Gasoline",,,"dealership","[PREMIUM]","Baltimore","MD","[PREMIUM]",,"[]",,,"[PREMIUM]"
"34aa7dcb-b2a8-4802-bacf-e8d38219f86c","2026-05-28 22:47:36.406","2026-05-28 22:47:36.406","34aa7dcb-b2a8-4802-bacf-e8d38219f86c","[PREMIUM]","New",2026,"Honda","Odyssey","EX-L","[PREMIUM]","[PREMIUM]",8,"Passenger Van","Smoke Blue Pearl","Gray","Front-wheel Drive",,,"Gasoline",,,"dealership","[PREMIUM]","Milwaukee","WI","[PREMIUM]",,"[]",,,"[PREMIUM]"
"f4326664-d88b-4860-a747-336aa6e353ac","2026-05-28 22:47:14.310","2026-05-28 22:47:14.310","f4326664-d88b-4860-a747-336aa6e353ac","[PREMIUM]","New",2026,"Kia","Sorento Hybrid","SX Prestige","[PREMIUM]","[PREMIUM]",10,"SUV","Snow White Pearl","Gray","All-wheel Drive",,,"Hybrid",,,"dealership","[PREMIUM]","Indianapolis","IN","[PREMIUM]",,"[]",,,"[PREMIUM]"
"aac96544-9b10-40f5-9052-f6ea0c405437","2026-05-28 22:47:03.672","2026-05-28 22:47:03.672","aac96544-9b10-40f5-9052-f6ea0c405437","[PREMIUM]","New",2026,"Jeep","Grand Cherokee","Limited","[PREMIUM]","[PREMIUM]",17,"SUV","Bright White Clearcoat","Global Black w/Capri Leatherette Seats or 85th Edition Leatheret","Four-wheel Drive",,,"Gasoline",,,"dealership","[PREMIUM]","Orion Township","MI","[PREMIUM]",,"[]",,,"[PREMIUM]"
"67412eba-bfaf-4e22-9e58-b3451008985c","2026-05-28 22:47:03.657","2026-05-28 22:47:03.657","67412eba-bfaf-4e22-9e58-b3451008985c","[PREMIUM]","New",2026,"Volkswagen","Tiguan","2.0T SEL R-Line 4MOTION","[PREMIUM]","[PREMIUM]",10,"SUV","Avocado Green w/Deep Black Roof","amber brown","All-wheel Drive",,,"Gasoline",,,"dealership","[PREMIUM]","Clearwater","FL","[PREMIUM]",,"[]",,,"[PREMIUM]"
"4d9ce9f8-9f72-416b-9b91-c08b289cfee6","2026-05-28 22:47:03.633","2026-05-28 22:47:03.633","4d9ce9f8-9f72-416b-9b91-c08b289cfee6","[PREMIUM]","New",2026,"Kia","Sportage Plug-In Hybrid","X-Line Prestige","[PREMIUM]","[PREMIUM]",5,"SUV","Black","Black","All-wheel Drive",,,"Hybrid",,,"dealership","[PREMIUM]","Cin","OH","[PREMIUM]",,"[]",,,"[PREMIUM]"
"89b04525-17a4-44ce-a13f-a253ca6d08b7","2026-05-28 22:47:03.619","2026-05-28 22:47:03.619","89b04525-17a4-44ce-a13f-a253ca6d08b7","[PREMIUM]","New",2026,"Toyota","Tacoma","TRD Sport","[PREMIUM]","[PREMIUM]",4,"Truck","Wind Chill Pearl","Boulder/Black","Four-wheel Drive",,,"Gasoline",,,"dealership","[PREMIUM]","Cincinnati","OH","[PREMIUM]",,"[]",,,"[PREMIUM]"
"52e037f1-48d4-4f42-a4e7-a06733ca0a7d","2026-05-28 22:46:53.018","2026-05-28 22:46:53.018","52e037f1-48d4-4f42-a4e7-a06733ca0a7d","[PREMIUM]","New",2026,"Ford","Explorer","ST-Line","[PREMIUM]","[PREMIUM]",8,"SUV","MARSH GRAY","ONYX UNIQUE CLOTH INSERTS","Rear-wheel Drive",,,"Gasoline",,,"dealership","[PREMIUM]","Lake Park","FL","[PREMIUM]",,"[]",,,"[PREMIUM]"
"02434e7b-650d-48c2-b30a-2fbcb0e0c127","2026-05-28 22:46:51.316","2026-05-31 22:47:13.648","02434e7b-650d-48c2-b30a-2fbcb0e0c127","[PREMIUM]","New",2026,"Audi","Q3","TFSI quattro S tronic","[PREMIUM]","[PREMIUM]",4,"SUV","Glacier White Metallic","Gray","All-wheel Drive",,,"Gasoline",,,"dealership","[PREMIUM]","Houston","TX","[PREMIUM]",,"[]",,,"[PREMIUM]"
"7ec201a6-b122-47bc-81dd-c0213a39454f","2026-05-28 22:46:51.311","2026-05-31 22:47:03.004","7ec201a6-b122-47bc-81dd-c0213a39454f","[PREMIUM]","New",2026,"BMW","X1","xDrive28i","[PREMIUM]","[PREMIUM]",7,"SUV","Cape York Green Metallic","Smoke White","All-wheel Drive",,,"Gasoline",,,"dealership","[PREMIUM]","Alexandria","VA","[PREMIUM]",,"[]",,,"[PREMIUM]"
"b68d6310-4e61-42e3-9dc9-9d1f872a461f","2026-05-28 22:46:51.275","2026-05-31 22:47:03.003","b68d6310-4e61-42e3-9dc9-9d1f872a461f","[PREMIUM]","New",2026,"Lexus","UX 300h","Premium","[PREMIUM]","[PREMIUM]",0,"SUV","Cloudburst Gray","Black","All-wheel Drive",,,"Gasoline",,,"dealership","[PREMIUM]","Wilkes-Barre","PA","[PREMIUM]",,"[]",,,"[PREMIUM]"
"bd254d56-5372-43d3-b247-dc06dd7275d4","2026-05-28 22:46:51.275","2026-06-03 22:47:12.139","bd254d56-5372-43d3-b247-dc06dd7275d4","[PREMIUM]","New",2026,"Ford","F-150","STX","[PREMIUM]","[PREMIUM]",10,"Truck","Carbonized Gray Metallic","Black","Rear-wheel Drive",,,"Gasoline",,,"dealership","[PREMIUM]","Katy","TX","[PREMIUM]",,"[]",,,"[PREMIUM]"
"294b377a-cf5a-4268-9bc2-a9dfec3bfcb7","2026-05-28 22:46:51.274","2026-05-31 22:47:03.116","294b377a-cf5a-4268-9bc2-a9dfec3bfcb7","[PREMIUM]","New",2026,"Ford","Transit-250","Base","[PREMIUM]","[PREMIUM]",10,"Cargo Van","Oxford White","Gray","Rear-wheel Drive",,,"Gasoline",,,"dealership","[PREMIUM]","Columbia","MD","[PREMIUM]",,"[]",,,"[PREMIUM]"
"e265b4e6-2660-4438-9839-ec5b4e086ca7","2026-05-28 22:46:51.269","2026-05-31 22:47:03.073","e265b4e6-2660-4438-9839-ec5b4e086ca7","[PREMIUM]","New",2026,"Kia","Sorento Plug-In Hybrid","EX","[PREMIUM]","[PREMIUM]",42,"SUV","Mineral Blue","Gray","All-wheel Drive",,,"Hybrid",,,"dealership","[PREMIUM]","Centennial","CO","[PREMIUM]",,"[]",,,"[PREMIUM]"
"e4cc620a-5613-4ecb-9b83-92492b4297b9","2026-05-28 22:46:51.261","2026-05-28 22:46:51.261","e4cc620a-5613-4ecb-9b83-92492b4297b9","[PREMIUM]","New",2026,"Cadillac","XT5","Luxury","[PREMIUM]","[PREMIUM]",20,"SUV","Stellar Black Metallic","Jet Black","Front-wheel Drive",,,"Gasoline",,,"dealership","[PREMIUM]","Houston","TX","[PREMIUM]",,"[]",,,"[PREMIUM]"
"467320fb-50a1-4d4d-aadb-72c5b435dcd9","2026-05-28 22:46:39.475","2026-05-28 22:46:39.475","467320fb-50a1-4d4d-aadb-72c5b435dcd9","[PREMIUM]","Used",2026,"Mercedes-Benz","GLB 250","Base","[PREMIUM]","[PREMIUM]",5138,"SUV","Night Black","Black","Front-wheel Drive",,,"Gasoline",,,"dealership","[PREMIUM]","Houston","TX","[PREMIUM]",,"[]",,,"[PREMIUM]"
"17889119-16c1-4673-9ebd-6c970ca074a9","2026-05-28 22:46:39.466","2026-05-31 22:46:52.692","17889119-16c1-4673-9ebd-6c970ca074a9","[PREMIUM]","Used",2026,"Mercedes-Benz","GLB 250","Base","[PREMIUM]","[PREMIUM]",4634,"SUV","Polar White","Black","Front-wheel Drive",,,"Gasoline",,,"dealership","[PREMIUM]","Houston","TX","[PREMIUM]",,"[]",,,"[PREMIUM]"
"278c12a6-3dbc-492e-978c-d749940c2634","2026-05-28 22:46:39.443","2026-05-28 22:46:39.443","278c12a6-3dbc-492e-978c-d749940c2634","[PREMIUM]","New",2026,"Toyota","Sienna","XLE","[PREMIUM]","[PREMIUM]",6,"Passenger Van","Wind Chill Pearl","Gray","Front-wheel Drive",,,"Gasoline",,,"dealership","[PREMIUM]","North Wilkesboro","NC","[PREMIUM]",,"[]",,,"[PREMIUM]"
"821a2e42-1b34-4e87-9f82-5bb55e7a2aa3","2026-05-28 22:46:39.441","2026-05-28 22:46:39.441","821a2e42-1b34-4e87-9f82-5bb55e7a2aa3","[PREMIUM]","New",2026,"Acura","ADX","w/A-Spec Advance Package","[PREMIUM]","[PREMIUM]",5,"SUV","Urban Gray Pearl","Red","All-wheel Drive",,,"Gasoline",,,"dealership","[PREMIUM]","Chantilly","VA","[PREMIUM]",,"[]",,,"[PREMIUM]"
"1661c08a-9ada-4d0f-8e8a-5f0aa2aaef3d","2026-05-28 22:46:28.505","2026-05-28 22:46:28.505","1661c08a-9ada-4d0f-8e8a-5f0aa2aaef3d","[PREMIUM]","New",2026,"Toyota","RAV4","Limited","[PREMIUM]","[PREMIUM]",0,"SUV","Brown","Black","All-wheel Drive",,,"Gasoline",,,"dealership","[PREMIUM]","Bend","OR","[PREMIUM]",,"[]",,,"[PREMIUM]"
"f5f14e7f-75a1-4c9c-a49a-499640bb8a67","2026-05-28 22:46:28.495","2026-05-28 22:46:28.495","f5f14e7f-75a1-4c9c-a49a-499640bb8a67","[PREMIUM]","New",2026,"Nissan","Frontier","PRO-4X","[PREMIUM]","[PREMIUM]",5,"Truck","Bluestone Pearl","Charcoal w/Lava Red Stitch","Four-wheel Drive",,,"Gasoline",,,"dealership","[PREMIUM]","Denver","CO","[PREMIUM]",,"[]",,,"[PREMIUM]"
"32a159a0-2945-4e72-a829-aa2ab14c1a3f","2026-05-28 22:46:28.471","2026-05-28 22:46:28.471","32a159a0-2945-4e72-a829-aa2ab14c1a3f","[PREMIUM]","New",2026,"Toyota","4Runner","SR5","[PREMIUM]","[PREMIUM]",0,"SUV","Underground","Black","Four-wheel Drive",,,"Gasoline",,,"dealership","[PREMIUM]","Anchorage","AK","[PREMIUM]",,"[]",,,"[PREMIUM]"
"bac7e5d7-0828-428e-b5f2-9efc2ae9784f","2026-05-28 22:46:28.433","2026-05-28 22:46:28.433","bac7e5d7-0828-428e-b5f2-9efc2ae9784f","[PREMIUM]","New",2026,"Chevrolet","Traverse","LT","[PREMIUM]","[PREMIUM]",0,"SUV","Sterling Gray Metallic","Jet Black","All-wheel Drive",,,"Gasoline",,,"dealership","[PREMIUM]","Oshkosh","WI","[PREMIUM]",,"[]",,,"[PREMIUM]"
"ac8f0557-cc85-430b-8931-f234dab0f9a6","2026-05-28 22:46:17.282","2026-05-28 22:46:17.282","ac8f0557-cc85-430b-8931-f234dab0f9a6","[PREMIUM]","New",2026,"Ford","Bronco","Big Bend","[PREMIUM]","[PREMIUM]",10,"SUV","Oxford White","Dark Space Gray w/Black Onyx","Four-wheel Drive",,,"Gasoline",,,"dealership","[PREMIUM]","Panama City","FL","[PREMIUM]",,"[]",,,"[PREMIUM]"
"ec4c14d8-1b8b-43a6-b59a-83f57173272c","2026-05-28 22:46:17.249","2026-05-28 22:46:17.249","ec4c14d8-1b8b-43a6-b59a-83f57173272c","[PREMIUM]","New",2026,"Ford","Explorer","ST-Line","[PREMIUM]","[PREMIUM]",10,"SUV","Space White Metallic","Onyx","Rear-wheel Drive",,,"Gasoline",,,"dealership","[PREMIUM]","Torrance","CA","[PREMIUM]",,"[]",,,"[PREMIUM]"
"9d1fbd2c-6930-44c0-bf6c-1310fe0054c7","2026-05-28 22:46:17.150","2026-05-31 22:46:32.317","9d1fbd2c-6930-44c0-bf6c-1310fe0054c7","[PREMIUM]","New",2026,"Genesis","G70",,"[PREMIUM]","[PREMIUM]",3,,"Savile Silver","Vanilla Beige Two Tone","All-wheel Drive",,,"Gasoline",,,"dealership","[PREMIUM]","HUNTINGTON","NY","[PREMIUM]",,"[]",,,"[PREMIUM]"
"622c26fc-d8e4-4cc1-9fa2-8dc3ee752acc","2026-05-28 22:46:16.819","2026-05-28 22:46:16.819","622c26fc-d8e4-4cc1-9fa2-8dc3ee752acc","[PREMIUM]","New",2026,"Nissan","Pathfinder","Rock Creek","[PREMIUM]","[PREMIUM]",20,"SUV","Everest White Pearl Tricoat","Charcoal","Four-wheel Drive",,,"Gasoline",,,"dealership","[PREMIUM]","Modesto","CA","[PREMIUM]",,"[]",,,"[PREMIUM]"
"5cc63465-3f99-4ee8-9270-20fca8e94f76","2026-05-28 22:46:06.170","2026-05-31 22:46:22.364","5cc63465-3f99-4ee8-9270-20fca8e94f76","[PREMIUM]","New",2026,"RAM","1500","Express","[PREMIUM]","[PREMIUM]",4,"Truck","Blue","Black","Four-wheel Drive",,,"Gasoline",,,"dealership","[PREMIUM]","San Antonio","TX","[PREMIUM]",,"[]",,,"[PREMIUM]"
"b04c7bf0-3407-438e-9b8a-7282e952ad45","2026-05-28 22:45:55.534","2026-05-31 22:46:12.307","b04c7bf0-3407-438e-9b8a-7282e952ad45","[PREMIUM]","New",2026,"Jeep","Grand Cherokee","Limited","[PREMIUM]","[PREMIUM]",11,"SUV","Diamond Black","Global Black","Four-wheel Drive",,,"Gasoline",,,"dealership","[PREMIUM]","Columbiana","OH","[PREMIUM]",,"[]",,,"[PREMIUM]"
"2daf3feb-56ce-48f2-9d3c-a7ecc51f71ff","2026-05-28 22:45:55.505","2026-05-31 22:46:12.208","2daf3feb-56ce-48f2-9d3c-a7ecc51f71ff","[PREMIUM]","New",2026,"Ford","F-150","STX","[PREMIUM]","[PREMIUM]",10,"Truck","Carbonized Gray Metallic","Black","Four-wheel Drive",,,"Gasoline",,,"dealership","[PREMIUM]","Santa Clarita","CA","[PREMIUM]",,"[]",,,"[PREMIUM]"
"08e4a22a-e47c-4787-aed5-acc496f1af6f","2026-05-28 22:45:34.744","2026-05-28 22:45:34.744","08e4a22a-e47c-4787-aed5-acc496f1af6f","[PREMIUM]","New",2026,"Jeep","Grand Cherokee","Laredo","[PREMIUM]","[PREMIUM]",1,"SUV","Metallic","Global Black","Four-wheel Drive",,,"Gasoline",,,"dealership","[PREMIUM]","Cleveland","OH","[PREMIUM]",,"[]",,,"[PREMIUM]"
"7b0bb4be-c48d-42fa-9604-51af19bf56d8","2026-05-28 22:45:34.738","2026-05-28 22:45:34.738","7b0bb4be-c48d-42fa-9604-51af19bf56d8","[PREMIUM]","New",2026,"Jeep","Grand Cherokee","Laredo","[PREMIUM]","[PREMIUM]",1,"SUV","Silver Zynith","Global Black","Four-wheel Drive",,,"Gasoline",,,"dealership","[PREMIUM]","Cleveland","OH","[PREMIUM]",,"[]",,,"[PREMIUM]"
"dfbc35c2-d414-4af5-bddc-444b14892032","2026-05-28 22:44:03.808","2026-05-28 22:44:03.808","dfbc35c2-d414-4af5-bddc-444b14892032","[PREMIUM]","New",2026,"GMC","Savana 2500","Work Van","[PREMIUM]","[PREMIUM]",0,"Cargo Van","Cardinal Red","Medium Pewter","Rear-wheel Drive",,,"Gasoline",,,"dealership","[PREMIUM]","Merrillville","IN","[PREMIUM]",,"[]",,,"[PREMIUM]"
"d5ccccb9-4619-4719-a6a7-69006248ff24","2026-05-28 22:44:03.344","2026-05-28 22:44:03.344","d5ccccb9-4619-4719-a6a7-69006248ff24","[PREMIUM]","New",2026,"Mercedes-Benz","GLB 250","Base","[PREMIUM]","[PREMIUM]",0,"SUV","Cosmos Black Metallic","Sage Grey/Black MB-Tex","Front-wheel Drive",,,"Gasoline",,,"dealership","[PREMIUM]","Riverside","CA","[PREMIUM]",,"[]",,,"[PREMIUM]"
"b30310bc-3c13-4bf7-b245-ca4d16ab8310","2026-05-28 22:44:02.802","2026-05-28 22:44:02.802","b30310bc-3c13-4bf7-b245-ca4d16ab8310","[PREMIUM]","New",2026,"Hyundai","PALISADE","SEL","[PREMIUM]","[PREMIUM]",,"SUV","Pearl","Black","All-wheel Drive",,,"Gasoline",,,"dealership","[PREMIUM]","Golden","CO","[PREMIUM]",,"[]",,,"[PREMIUM]"
"691cdfb6-f381-4208-b7c5-27aacf05665e","2026-05-28 22:44:02.761","2026-05-28 22:44:02.761","691cdfb6-f381-4208-b7c5-27aacf05665e","[PREMIUM]","New",2026,"Jeep","Grand Cherokee","Limited","[PREMIUM]","[PREMIUM]",0,"SUV","Diamond Black","Global Black","Four-wheel Drive",,,"Gasoline",,,"dealership","[PREMIUM]","Mayfield","OH","[PREMIUM]",,"[]",,,"[PREMIUM]"
"322d4284-bc6f-4e5e-8f47-b76c00b8fc55","2026-05-28 22:44:02.750","2026-05-28 22:44:02.750","322d4284-bc6f-4e5e-8f47-b76c00b8fc55","[PREMIUM]","New",2026,"Mercedes-Benz","GLB 250","Base","[PREMIUM]","[PREMIUM]",0,"SUV","Night Black","Black MB-Tex","Front-wheel Drive",,,"Gasoline",,,"dealership","[PREMIUM]","Riverside","CA","[PREMIUM]",,"[]",,,"[PREMIUM]"
"c3d632c2-73ac-4153-bd59-c4dda7c54f10","2026-05-28 22:44:02.748","2026-05-28 22:44:02.748","c3d632c2-73ac-4153-bd59-c4dda7c54f10","[PREMIUM]","New",2026,"Dodge","Durango","GT Plus HEMI V8","[PREMIUM]","[PREMIUM]",3,"SUV","DB Black Clearcoat","Black","All-wheel Drive",,,"Gasoline",,,"dealership","[PREMIUM]","Langhorne","PA","[PREMIUM]",,"[]",,,"[PREMIUM]"
"289fa7d2-a08f-4ce5-8cab-af689343aa38","2026-05-28 22:44:02.719","2026-05-28 22:44:02.719","289fa7d2-a08f-4ce5-8cab-af689343aa38","[PREMIUM]","New",2026,"GMC","Savana 2500","Work Van","[PREMIUM]","[PREMIUM]",0,"Cargo Van","Summit White","Medium Pewter","Rear-wheel Drive",,,"Gasoline",,,"dealership","[PREMIUM]","Merrillville","IN","[PREMIUM]",,"[]",,,"[PREMIUM]"
"a660de30-965e-49a8-960d-8de4ae50e6bc","2026-05-28 22:43:41.732","2026-05-28 22:43:41.732","a660de30-965e-49a8-960d-8de4ae50e6bc","[PREMIUM]","New",2026,"Kia","Sorento Hybrid","X-LINE SX PRESTIGE","[PREMIUM]","[PREMIUM]",12,"SUV","Steel Gray",,"AWD",,,"Hybrid",,,"dealership","[PREMIUM]","Rocky Mount","NC","[PREMIUM]",,"[]",,,"[PREMIUM]"
"7f8d713a-037b-45ea-9ab3-c0aaa6dd5332","2026-05-28 22:43:41.700","2026-05-28 22:43:41.700","7f8d713a-037b-45ea-9ab3-c0aaa6dd5332","[PREMIUM]","New",2026,"Chevrolet","Silverado 1500","Custom Trail Boss","[PREMIUM]","[PREMIUM]",1,"Truck","White Sand","Jet Black","Four-wheel Drive",,,"Gasoline",,,"dealership","[PREMIUM]","Centralia","MO","[PREMIUM]",,"[]",,,"[PREMIUM]"
"1a2ff31c-1349-4176-940e-72d8a5198d96","2026-05-28 22:43:41.679","2026-05-28 22:43:41.679","1a2ff31c-1349-4176-940e-72d8a5198d96","[PREMIUM]","New",2026,"Nissan","Murano","Platinum","[PREMIUM]","[PREMIUM]",4,"SUV","2t Tel Blk Roof","Gray","All-wheel Drive",,,"Gasoline",,,"dealership","[PREMIUM]","Fort Lauderdale","FL","[PREMIUM]",,"[]",,,"[PREMIUM]"
"01b3e88b-3133-4847-b8fe-942dab10c982","2026-05-28 22:43:39.535","2026-05-31 22:43:52.066","01b3e88b-3133-4847-b8fe-942dab10c982","[PREMIUM]","New",2026,"Jeep","Grand Cherokee L","Limited","[PREMIUM]","[PREMIUM]",16,"SUV","Metallic","Wicker Beige","Four-wheel Drive",,,"Gasoline",,,"dealership","[PREMIUM]","Oak Ridge","TN","[PREMIUM]",,"[]",,,"[PREMIUM]"
"4dd4e7d5-25b0-43b7-8d5a-513ce5fc0bb3","2026-05-28 22:43:39.516","2026-05-31 22:43:52.016","4dd4e7d5-25b0-43b7-8d5a-513ce5fc0bb3","[PREMIUM]","New",2026,"RAM","1500","Express","[PREMIUM]","[PREMIUM]",1,"Truck","Silver Zynith","Black","Four-wheel Drive",,,"Gasoline",,,"dealership","[PREMIUM]","Winder","GA","[PREMIUM]",,"[]",,,"[PREMIUM]"
"e2580c93-3a3a-41b9-9a24-4aeb86b9a928","2026-05-28 22:43:39.510","2026-05-28 22:43:39.510","e2580c93-3a3a-41b9-9a24-4aeb86b9a928","[PREMIUM]","New",2026,"Ford","Ranger","XLT","[PREMIUM]","[PREMIUM]",,"Truck","Gray","Sandstone","Four-wheel Drive",,,"Gasoline",,,"dealership","[PREMIUM]","Traverse City","MI","[PREMIUM]",,"[]",,,"[PREMIUM]"
"91d9868a-8a08-4ee8-a728-c27efa138a26","2026-05-28 22:43:39.479","2026-05-28 22:43:39.479","91d9868a-8a08-4ee8-a728-c27efa138a26","[PREMIUM]","New",2026,"Honda","Ridgeline","Black Edition","[PREMIUM]","[PREMIUM]",123,"Truck","Crystal Black Pearl","Black","All-wheel Drive",,,"Gasoline",,,"dealership","[PREMIUM]","Falls Church","VA","[PREMIUM]",,"[]",,,"[PREMIUM]"
"9d300c27-4112-4aab-9f41-9604a11b6d8e","2026-05-28 22:43:39.477","2026-05-28 22:43:39.477","9d300c27-4112-4aab-9f41-9604a11b6d8e","[PREMIUM]","New",2026,"BMW","X1","xDrive28i","[PREMIUM]","[PREMIUM]",3,"SUV","Mineral White Metallic","Smoke","AWD",,,"Gasoline",,,"dealership","[PREMIUM]","Greensboro","NC","[PREMIUM]",,"[]",,,"[PREMIUM]"
"90b9c451-ffc4-4ff6-9a49-26add49e8db6","2026-05-28 22:43:39.454","2026-05-28 22:43:39.454","90b9c451-ffc4-4ff6-9a49-26add49e8db6","[PREMIUM]","New",2026,"Ford","Bronco","Big Bend","[PREMIUM]","[PREMIUM]",4,"SUV","Avalanche Gray","Black Onyx","Four-wheel Drive",,,"Gasoline",,,"dealership","[PREMIUM]","Apopka","FL","[PREMIUM]",,"[]",,,"[PREMIUM]"
"6daef7f7-9319-4c81-8299-3cda776e927e","2026-05-28 22:43:39.450","2026-05-28 22:43:39.450","6daef7f7-9319-4c81-8299-3cda776e927e","[PREMIUM]","Used",2026,"Ford","Explorer","ACTIVE","[PREMIUM]","[PREMIUM]",213,"SUV","CARBONIZED GRAY METALLIC","DK SPACE GRAY ACTIVEX INSER",,,,,,,"dealership","[PREMIUM]","Chesapeake","VA","[PREMIUM]",,"[]",,,"[PREMIUM]"
"21a89b7f-a3b8-4f98-b92e-3a5a20574f2f","2026-05-28 22:43:39.434","2026-05-28 22:43:39.434","21a89b7f-a3b8-4f98-b92e-3a5a20574f2f","[PREMIUM]","New",2026,"Jeep","Gladiator","Sport","[PREMIUM]","[PREMIUM]",3,"Truck","Anvil Clearcoat","Black","4WD",,,"Gasoline",,,"dealership","[PREMIUM]","Appleton","WI","[PREMIUM]",,"[]",,,"[PREMIUM]"
"c921fcbe-511b-4f26-b70e-976d8da18f0e","2026-05-28 22:43:39.419","2026-05-31 22:43:52.072","c921fcbe-511b-4f26-b70e-976d8da18f0e","[PREMIUM]","New",2026,"Jeep","Wrangler","Sport","[PREMIUM]","[PREMIUM]",10,"SUV","Bright White Clearcoat","Black","Four-wheel Drive",,,"Gasoline",,,"dealership","[PREMIUM]","Oak Ridge","TN","[PREMIUM]",,"[]",,,"[PREMIUM]"
"6e950c6b-d747-4cef-877e-28f82661d553","2026-05-28 22:43:39.412","2026-05-28 22:43:39.412","6e950c6b-d747-4cef-877e-28f82661d553","[PREMIUM]","New",2026,"Chevrolet","Traverse","LT","[PREMIUM]","[PREMIUM]",4,"SUV","Sterling Gray Metallic","Jet Black","AWD",,,"Gasoline",,,"dealership","[PREMIUM]","Southern Pines","NC","[PREMIUM]",,"[]",,,"[PREMIUM]"
"9cd460ad-026a-4812-8787-b933238e9022","2026-05-28 22:43:39.410","2026-05-28 22:43:39.410","9cd460ad-026a-4812-8787-b933238e9022","[PREMIUM]","New",2026,"BMW","X1","xDrive28i","[PREMIUM]","[PREMIUM]",5,"SUV","Alpine White","Gray","AWD",,,"Gasoline",,,"dealership","[PREMIUM]","Greensboro","NC","[PREMIUM]",,"[]",,,"[PREMIUM]"
"83aacb59-c4f2-4cb4-af12-3188a71edb76","2026-05-28 22:43:39.405","2026-05-28 22:43:39.405","83aacb59-c4f2-4cb4-af12-3188a71edb76","[PREMIUM]","New",2026,"Chevrolet","Silverado 1500","LT","[PREMIUM]","[PREMIUM]",0,"Truck","Black","Jet Black","Four-wheel Drive",,,"Gasoline",,,"dealership","[PREMIUM]","Troy","MI","[PREMIUM]",,"[]",,,"[PREMIUM]"
"b96526d4-3838-4196-a9cd-9c7101b4da21","2026-05-28 22:43:39.385","2026-05-28 22:43:39.385","b96526d4-3838-4196-a9cd-9c7101b4da21","[PREMIUM]","New",2026,"Toyota","Highlander","XLE","[PREMIUM]","[PREMIUM]",0,"SUV","Wind Chill Pearl","Black","All-wheel Drive",,,"Gasoline",,,"dealership","[PREMIUM]","Simsbury","CT","[PREMIUM]",,"[]",,,"[PREMIUM]"
"8b4320f1-3556-4f4f-be03-ef6511b082ee","2026-05-28 22:43:39.376","2026-05-28 22:43:39.376","8b4320f1-3556-4f4f-be03-ef6511b082ee","[PREMIUM]","New",2026,"RAM","1500","Express","[PREMIUM]","[PREMIUM]",1,"Truck","Bright White Clearcoat","Black","Rear-wheel Drive",,,"Gasoline",,,"dealership","[PREMIUM]","Winder","GA","[PREMIUM]",,"[]",,,"[PREMIUM]"
"39596e23-c1fd-4389-95b9-324b4e7c5b8b","2026-05-28 22:43:28.028","2026-05-31 22:43:41.657","39596e23-c1fd-4389-95b9-324b4e7c5b8b","[PREMIUM]","New",2026,"RAM","1500","Express","[PREMIUM]","[PREMIUM]",10,"Truck","Canyon","Black","Four-wheel Drive",,,"Gasoline",,,"dealership","[PREMIUM]","Oak Ridge","TN","[PREMIUM]",,"[]",,,"[PREMIUM]"
"76141613-1103-4b89-b72b-71b9a95c1e1a","2026-05-28 22:43:26.980","2026-05-28 22:43:26.980","76141613-1103-4b89-b72b-71b9a95c1e1a","[PREMIUM]","New",2026,"Jeep","Gladiator","Mojave","[PREMIUM]","[PREMIUM]",10,"Truck","Bright White Clearcoat","Black","4WD",,,"Gasoline",,,"dealership","[PREMIUM]","Oak Ridge","TN","[PREMIUM]",,"[]",,,"[PREMIUM]"
"377a07e4-dcb4-482a-89d6-2f1e1e96ef67","2026-05-28 22:43:26.910","2026-05-28 22:43:26.910","377a07e4-dcb4-482a-89d6-2f1e1e96ef67","[PREMIUM]","New",2026,"Honda","Pilot","EX-L","[PREMIUM]","[PREMIUM]",15,"SUV","Radiant Red II",,"Front-wheel Drive",,,"Gasoline",,,"dealership","[PREMIUM]","Arlington","TX","[PREMIUM]",,"[]",,,"[PREMIUM]"
"abeed5ba-04ab-4463-8de3-5e3ec767b9e4","2026-05-28 22:43:26.870","2026-05-28 22:43:26.870","abeed5ba-04ab-4463-8de3-5e3ec767b9e4","[PREMIUM]","New",2026,"Dodge","Durango","GT","[PREMIUM]","[PREMIUM]",10,"SUV","Destroyer Gray Clearcoat","Black","AWD",,,"Gasoline",,,"dealership","[PREMIUM]","Oak Ridge","TN","[PREMIUM]",,"[]",,,"[PREMIUM]"
"9e16228b-e29c-42f5-b179-7fcb5d3948ef","2026-05-28 22:43:26.057","2026-05-28 22:43:26.057","9e16228b-e29c-42f5-b179-7fcb5d3948ef","[PREMIUM]","New",2026,"RAM","1500","Express","[PREMIUM]","[PREMIUM]",21,"Truck","Canyon","Black","4WD",,,"Gasoline",,,"dealership","[PREMIUM]","Oak Ridge","TN","[PREMIUM]",,"[]",,,"[PREMIUM]"
"aefc0778-5a4e-4780-91b3-1baadeb18e51","2026-05-28 22:43:24.848","2026-05-28 22:43:24.848","aefc0778-5a4e-4780-91b3-1baadeb18e51","[PREMIUM]","New",2026,"Dodge","Durango","GT Plus HEMI V8","[PREMIUM]","[PREMIUM]",11,"SUV","Green","Black","AWD",,,"Gasoline",,,"dealership","[PREMIUM]","Oak Ridge","TN","[PREMIUM]",,"[]",,,"[PREMIUM]"
"34502b0b-31cc-40be-96c2-f151536ba0cf","2026-05-28 22:43:24.788","2026-05-28 22:43:24.788","34502b0b-31cc-40be-96c2-f151536ba0cf","[PREMIUM]","New",2026,"Nissan","Pathfinder","Platinum","[PREMIUM]","[PREMIUM]",1,"SUV","Boulder Gray Pearl","Chestnut","Front-wheel Drive",,,"Gasoline",,,"dealership","[PREMIUM]","Phoenix","AZ","[PREMIUM]",,"[]",,,"[PREMIUM]"
"faa75a94-d3a0-4783-a371-1c9d6741e8f2","2026-05-28 22:43:24.781","2026-05-28 22:43:24.781","faa75a94-d3a0-4783-a371-1c9d6741e8f2","[PREMIUM]","New",2026,"Honda","Passport","AWD RTL","[PREMIUM]","[PREMIUM]",0,"SUV","Platinum White Pearl",,"All-wheel Drive",,,"Gasoline",,,"dealership","[PREMIUM]","Fargo","ND","[PREMIUM]",,"[]",,,"[PREMIUM]"
"fc6825ff-a64d-43e7-ab3d-5fc4f8fca428","2026-05-28 22:43:24.744","2026-05-28 22:43:24.744","fc6825ff-a64d-43e7-ab3d-5fc4f8fca428","[PREMIUM]","New",2026,"Jeep","Wrangler","Sport","[PREMIUM]","[PREMIUM]",6,"SUV","Granite Crystal Clearcoat Metallic","Black","4WD",,,"Gasoline",,,"dealership","[PREMIUM]","Oak Ridge","TN","[PREMIUM]",,"[]",,,"[PREMIUM]"
"be7638a6-73e5-4590-a978-ac096cb0fbc2","2026-05-28 22:43:24.743","2026-05-28 22:43:24.743","be7638a6-73e5-4590-a978-ac096cb0fbc2","[PREMIUM]","New",2026,"Honda","Pilot","EX-L","[PREMIUM]","[PREMIUM]",15,"SUV","Platinum White Pearl",,"Front-wheel Drive",,,"Gasoline",,,"dealership","[PREMIUM]","Arlington","TX","[PREMIUM]",,"[]",,,"[PREMIUM]"
"cde15afa-8eda-4bc7-977a-2be3615aff85","2026-05-28 22:43:24.696","2026-05-28 22:43:24.696","cde15afa-8eda-4bc7-977a-2be3615aff85","[PREMIUM]","New",2026,"Ford","F-350","XL","[PREMIUM]","[PREMIUM]",30,"Truck","Oxford White","Medium Dark Slate","Rear-wheel Drive",,,"E85 Flex Fuel",,,"dealership","[PREMIUM]","Colusa","CA","[PREMIUM]",,"[]",,,"[PREMIUM]"
"b2e82076-fb4c-4fa4-b04d-3912f16acdeb","2026-05-28 22:43:03.353","2026-05-28 22:43:03.353","b2e82076-fb4c-4fa4-b04d-3912f16acdeb","[PREMIUM]","New",2026,"Honda","Pilot","EX-L","[PREMIUM]","[PREMIUM]",1,"SUV","Smoke Blue Pearl","Gray","All-wheel Drive",,,"Gasoline",,,"dealership","[PREMIUM]","Seekonk","MA","[PREMIUM]",,"[]",,,"[PREMIUM]"
"34c9aee4-ee33-4acb-86f5-af4b535f0eae","2026-05-28 22:42:31.645","2026-05-28 22:42:31.645","34c9aee4-ee33-4acb-86f5-af4b535f0eae","[PREMIUM]","New",2026,"Nissan","Pathfinder","SL","[PREMIUM]","[PREMIUM]",0,"SUV","Everest White Pearl Tricoat","Charcoal","Four-wheel Drive",,,"Gasoline",,,"dealership","[PREMIUM]","New Hampton","NY","[PREMIUM]",,"[]",,,"[PREMIUM]"
"e6c56d21-f7de-4c86-9a20-51e64be14ab7","2026-05-28 22:42:31.443","2026-05-28 22:42:31.443","e6c56d21-f7de-4c86-9a20-51e64be14ab7","[PREMIUM]","New",2026,"Mazda","CX-90","3.3 Turbo Premium Sport","[PREMIUM]","[PREMIUM]",5,"SUV","Rhodium White Premium","Greige","All-wheel Drive",,,"Gasoline",,,"dealership","[PREMIUM]","Brookfield","WI","[PREMIUM]",,"[]",,,"[PREMIUM]"
"4cca85da-b50e-4e1a-9774-8c32755179df","2026-05-28 22:42:31.336","2026-05-28 22:42:31.336","4cca85da-b50e-4e1a-9774-8c32755179df","[PREMIUM]","New",2026,"Mazda","CX-70 PHEV","SC Plus","[PREMIUM]","[PREMIUM]",35,"SUV","Gray","Black","All-wheel Drive",,,"Gasoline",,,"dealership","[PREMIUM]","Westwood","MA","[PREMIUM]",,"[]",,,"[PREMIUM]"
"e83b0df3-f4f2-4c50-a42a-84004056d782","2026-05-28 22:42:31.311","2026-05-31 22:42:38.981","e83b0df3-f4f2-4c50-a42a-84004056d782","[PREMIUM]","New",2026,"Toyota","Sienna","XLE","[PREMIUM]","[PREMIUM]",10,"Passenger Van","Midnight Black Metallic","Gray","Front-wheel Drive",,,"Gasoline",,,"dealership","[PREMIUM]","San Antonio","TX","[PREMIUM]",,"[]",,,"[PREMIUM]"
"8a629b73-3dc7-43ce-ab88-9fbc2272292e","2026-05-28 22:42:31.302","2026-05-28 22:42:31.302","8a629b73-3dc7-43ce-ab88-9fbc2272292e","[PREMIUM]","New",2026,"Nissan","Pathfinder","SL","[PREMIUM]","[PREMIUM]",130,"SUV","Everest White Pearl Tricoat","Charcoal","Four-wheel Drive",,,"Gasoline",,,"dealership","[PREMIUM]","Milford","CT","[PREMIUM]",,"[]",,,"[PREMIUM]"
"eab61c1c-2e05-4415-9f8f-365bd3478acb","2026-05-28 22:42:31.291","2026-05-31 22:42:49.244","eab61c1c-2e05-4415-9f8f-365bd3478acb","[PREMIUM]","New",2026,"Jeep","Grand Cherokee","Altitude","[PREMIUM]","[PREMIUM]",10,"SUV","Bright White Clearcoat","Global Black","Rear-wheel Drive",,,"Gasoline",,,"dealership","[PREMIUM]","Downey","CA","[PREMIUM]",,"[]",,,"[PREMIUM]"
"1e0ffe6e-ae78-428d-9c55-26939711abcf","2026-05-28 22:42:31.286","2026-05-31 22:42:38.991","1e0ffe6e-ae78-428d-9c55-26939711abcf","[PREMIUM]","New",2026,"Chevrolet","Silverado 1500","Custom","[PREMIUM]","[PREMIUM]",36,"Truck","Sterling Gray Metallic","Jet Black","Four-wheel Drive",,,"Gasoline",,,"dealership","[PREMIUM]","Tulsa","OK","[PREMIUM]",,"[]",,,"[PREMIUM]"
"d885bf0e-08ab-498e-9ede-3b246e7310a0","2026-05-28 22:42:31.280","2026-05-31 22:42:38.979","d885bf0e-08ab-498e-9ede-3b246e7310a0","[PREMIUM]","New",2026,"Subaru","Outback","Touring XT","[PREMIUM]","[PREMIUM]",7,"SUV","River Rock Pearl","Slate Black","All-wheel Drive",,,"Gasoline",,,"dealership","[PREMIUM]","Kingston","NY","[PREMIUM]",,"[]",,,"[PREMIUM]"
"75201fcd-418f-4d09-adb8-2dbfb66df204","2026-05-28 22:42:31.268","2026-05-28 22:42:31.268","75201fcd-418f-4d09-adb8-2dbfb66df204","[PREMIUM]","New",2026,"Chevrolet","Blazer EV","RS","[PREMIUM]","[PREMIUM]",6,"SUV","Black","Black","FWD",,,"Electric",,,"dealership","[PREMIUM]","Beaverton","OR","[PREMIUM]",,"[]",,,"[PREMIUM]"
"38227d06-842d-4f61-92b2-1db5c8878b43","2026-05-28 22:42:20.320","2026-05-31 22:42:28.670","38227d06-842d-4f61-92b2-1db5c8878b43","[PREMIUM]","New",2026,"BMW","X2","xDrive28i","[PREMIUM]","[PREMIUM]",9,"SUV","Skyscraper Grey Metallic","Black","All-wheel Drive",,,"Gasoline",,,"dealership","[PREMIUM]","Los Angeles","CA","[PREMIUM]",,"[]",,,"[PREMIUM]"
"c6695db2-fe65-412d-bb07-68f354e68e53","2026-05-28 22:42:20.303","2026-05-28 22:42:20.303","c6695db2-fe65-412d-bb07-68f354e68e53","[PREMIUM]","New",2026,"Toyota","RAV4","Limited","[PREMIUM]","[PREMIUM]",0,"SUV","Midnight Black Metallic","Light Gray","All-wheel Drive",,,"Gasoline",,,"dealership","[PREMIUM]","Elmhurst","IL","[PREMIUM]",,"[]",,,"[PREMIUM]"
"7b1b88f5-a2c8-4af2-bc92-1f19f0e50bf6","2026-05-28 22:42:20.274","2026-05-28 22:42:20.274","7b1b88f5-a2c8-4af2-bc92-1f19f0e50bf6","[PREMIUM]","New",2026,"GMC","Sierra 1500","Elevation","[PREMIUM]","[PREMIUM]",5,"Truck","Black","Jet Black, Cloth seat trim","Rear-wheel Drive",,,"Gasoline",,,"dealership","[PREMIUM]","Beaumont","TX","[PREMIUM]",,"[]",,,"[PREMIUM]"
"b911bc1d-e133-4dcd-8ea7-1ed51d7b656e","2026-05-28 22:42:20.273","2026-05-28 22:42:20.273","b911bc1d-e133-4dcd-8ea7-1ed51d7b656e","[PREMIUM]","New",2026,"Ford","Explorer","Active","[PREMIUM]","[PREMIUM]",1035,"SUV","Vapor Blue Metallic","Space Gray","Four-wheel Drive",,,"Gasoline",,,"dealership","[PREMIUM]","Livonia","MI","[PREMIUM]",,"[]",,,"[PREMIUM]"
"510c5148-6df5-449e-aac8-49e510db718c","2026-05-28 22:42:08.093","2026-05-28 22:42:08.093","510c5148-6df5-449e-aac8-49e510db718c","[PREMIUM]","New",2026,"Jeep","Grand Cherokee","Altitude","[PREMIUM]","[PREMIUM]",1,"SUV","Silver Zynith","Global Black","Four-wheel Drive",,,"Gasoline",,,"dealership","[PREMIUM]","Avon","NY","[PREMIUM]",,"[]",,,"[PREMIUM]"
"6f1c4c84-9618-4998-bfb4-121877513ada","2026-05-28 22:42:08.046","2026-05-28 22:42:08.046","6f1c4c84-9618-4998-bfb4-121877513ada","[PREMIUM]","New",2026,"Honda","Civic Type R",,"[PREMIUM]","[PREMIUM]",0,"Hatchback","Sonic Gray Pearl","Black/Red","Front-wheel Drive",,,"Gasoline",,,"dealership","[PREMIUM]","Bloomfield Hills","MI","[PREMIUM]",,"[]",,,"[PREMIUM]"
"1e45d580-c391-40b3-b0d4-83a9f4a191d8","2026-05-28 22:42:07.816","2026-05-28 22:42:07.816","1e45d580-c391-40b3-b0d4-83a9f4a191d8","[PREMIUM]","New",2026,"Nissan","Murano","SL","[PREMIUM]","[PREMIUM]",5,"SUV","CHAMPAGNE KCFG","G/GRAPHITE","All-wheel Drive",,,"Gasoline",,,"dealership","[PREMIUM]","Cedar Park","TX","[PREMIUM]",,"[]",,,"[PREMIUM]"
"1097a08c-6faa-4eb8-bf9a-8d109c55aed7","2026-05-28 22:42:07.809","2026-05-28 22:42:07.809","1097a08c-6faa-4eb8-bf9a-8d109c55aed7","[PREMIUM]","New",2026,"Nissan","Murano","SL","[PREMIUM]","[PREMIUM]",5,"SUV","Everest White Pearl Tricoat","Graphite","All-wheel Drive",,,"Gasoline",,,"dealership","[PREMIUM]","Cedar Park","TX","[PREMIUM]",,"[]",,,"[PREMIUM]"
"86e2cced-872b-4656-b923-0c0264fc45eb","2026-05-28 22:42:07.785","2026-05-31 22:42:28.721","86e2cced-872b-4656-b923-0c0264fc45eb","[PREMIUM]","New",2026,"Toyota","RAV4","SE","[PREMIUM]","[PREMIUM]",0,"SUV","Midnight Black Metallic","Black","All-wheel Drive",,,"Gasoline",,,"dealership","[PREMIUM]","Houston","TX","[PREMIUM]",,"[]",,,"[PREMIUM]"
"25fd021a-8a1c-4df8-a971-05ec98030401","2026-05-28 22:42:07.758","2026-05-31 22:42:28.688","25fd021a-8a1c-4df8-a971-05ec98030401","[PREMIUM]","New",2026,"RAM","1500","Express","[PREMIUM]","[PREMIUM]",9,"Truck","Diamond Black Crystal Pearlcoat","Black","Four-wheel Drive",,,"Gasoline",,,"dealership","[PREMIUM]","Fort Worth","TX","[PREMIUM]",,"[]",,,"[PREMIUM]"
"675af097-9939-4fee-9792-7c9cc974ee40","2026-05-28 22:42:07.755","2026-05-28 22:42:07.755","675af097-9939-4fee-9792-7c9cc974ee40","[PREMIUM]","New",2026,"Nissan","Murano","SL","[PREMIUM]","[PREMIUM]",5,"SUV","FAN/AURORA BLU","G/GRAPHITE","All-wheel Drive",,,"Gasoline",,,"dealership","[PREMIUM]","Cedar Park","TX","[PREMIUM]",,"[]",,,"[PREMIUM]"
"4832174c-541f-43ca-82e4-d428605b4217","2026-05-28 22:42:07.754","2026-05-28 22:42:07.754","4832174c-541f-43ca-82e4-d428605b4217","[PREMIUM]","New",2026,"Jeep","Grand Cherokee","Altitude","[PREMIUM]","[PREMIUM]",1,"SUV","Bright White Clearcoat","Global Black","Four-wheel Drive",,,"Gasoline",,,"dealership","[PREMIUM]","Avon","NY","[PREMIUM]",,"[]",,,"[PREMIUM]"
"5738a095-76a0-49fe-87e2-3f979262a171","2026-05-28 22:42:07.749","2026-05-28 22:42:07.749","5738a095-76a0-49fe-87e2-3f979262a171","[PREMIUM]","New",2026,"Nissan","Pathfinder","SL","[PREMIUM]","[PREMIUM]",15,"SUV","Gun Metallic","Charcoal","Front-wheel Drive",,,"Gasoline",,,"dealership","[PREMIUM]","Cedar Park","TX","[PREMIUM]",,"[]",,,"[PREMIUM]"
"5d0e69d0-8ea7-4b08-b26c-61e2a31b461b","2026-05-28 22:42:07.713","2026-05-31 22:42:28.668","5d0e69d0-8ea7-4b08-b26c-61e2a31b461b","[PREMIUM]","New",2026,"Chevrolet","Silverado 1500","RST","[PREMIUM]","[PREMIUM]",0,"Truck","White Sands","Jet Black","Rear-wheel Drive",,,"Gasoline",,,"dealership","[PREMIUM]","Cut Off","LA","[PREMIUM]",,"[]",,,"[PREMIUM]"
"e08a7ce8-7d68-4ca6-8b52-c46f8e696122","2026-05-28 22:41:56.240","2026-05-28 22:41:56.240","e08a7ce8-7d68-4ca6-8b52-c46f8e696122","[PREMIUM]","New",2026,"Toyota","Tacoma Hybrid","TRD Off Road","[PREMIUM]","[PREMIUM]",6,"Truck","Celestial Silver Metallic","Boulder/Black w/Smoke Silver","Four Wheel Drive",,,"Hybrid Fuel",,,"dealership","[PREMIUM]","Corbin","KY","[PREMIUM]",,"[]",,,"[PREMIUM]"
"37e0d5ae-aa0a-4756-b0b8-ff8f6824f63c","2026-05-28 22:41:56.211","2026-05-28 22:41:56.211","37e0d5ae-aa0a-4756-b0b8-ff8f6824f63c","[PREMIUM]","New",2026,"Nissan","Murano","SL","[PREMIUM]","[PREMIUM]",5,"SUV","GUN METALL KADG","G/GRAPHITE","All-wheel Drive",,,"Gasoline",,,"dealership","[PREMIUM]","Cedar Park","TX","[PREMIUM]",,"[]",,,"[PREMIUM]"
"99e4d865-0675-4d25-b3a8-3355f51b5bf0","2026-05-28 22:41:56.210","2026-05-28 22:41:56.210","99e4d865-0675-4d25-b3a8-3355f51b5bf0","[PREMIUM]","New",2026,"Toyota","4Runner","SR5","[PREMIUM]","[PREMIUM]",6,"SUV","Underground","Black","Four Wheel Drive",,,"Regular unleaded",,,"dealership","[PREMIUM]","Corbin","KY","[PREMIUM]",,"[]",,,"[PREMIUM]"
"c7c54aa6-5468-4b83-97c1-86dcf369e2ee","2026-05-28 22:41:56.193","2026-05-28 22:41:56.193","c7c54aa6-5468-4b83-97c1-86dcf369e2ee","[PREMIUM]","New",2026,"Chevrolet","Silverado 1500","RST","[PREMIUM]","[PREMIUM]",4,"Truck","Sterling Gray Metallic","Jet Black","Four-wheel Drive",,,"Gasoline",,,"dealership","[PREMIUM]","Sanger","TX","[PREMIUM]",,"[]",,,"[PREMIUM]"
"5470658a-f8d4-493f-ab8b-1cc02d78c08b","2026-05-28 22:41:56.183","2026-05-28 22:41:56.183","5470658a-f8d4-493f-ab8b-1cc02d78c08b","[PREMIUM]","New",2026,"Volkswagen","Atlas Cross Sport","2.0T SE w/Technology 4MOTION","[PREMIUM]","[PREMIUM]",55,"SUV","avocado green pearl","titan black","All-wheel Drive",,,"Gasoline",,,"dealership","[PREMIUM]","Hermantown","MN","[PREMIUM]",,"[]",,,"[PREMIUM]"
"5c536509-6139-4dc8-bf7c-50ae0bcc5b40","2026-05-28 22:41:56.159","2026-05-28 22:41:56.159","5c536509-6139-4dc8-bf7c-50ae0bcc5b40","[PREMIUM]","New",2026,"Ford","F-150","XL","[PREMIUM]","[PREMIUM]",1,"Truck","Oxford White","Black w/Medium Dark Slate","Rear-wheel Drive",,,"Gasoline",,,"dealership","[PREMIUM]","Maurice","LA","[PREMIUM]",,"[]",,,"[PREMIUM]"
"fd49741c-acd5-4f87-baf9-8c18713bc295","2026-05-28 22:41:56.154","2026-05-28 22:41:56.154","fd49741c-acd5-4f87-baf9-8c18713bc295","[PREMIUM]","New",2026,"Toyota","Tacoma","TRD Sport","[PREMIUM]","[PREMIUM]",6,"Truck","Underground","Boulder/Black w/Smoke Silver","Four Wheel Drive",,,"Regular unleaded",,,"dealership","[PREMIUM]","Corbin","KY","[PREMIUM]",,"[]",,,"[PREMIUM]"
"1a688fbc-1a3e-4863-85c1-20df7666d1f7","2026-05-28 22:41:56.150","2026-05-28 22:41:56.150","1a688fbc-1a3e-4863-85c1-20df7666d1f7","[PREMIUM]","New",2026,"Toyota","Tacoma","TRD Off Road","[PREMIUM]","[PREMIUM]",6,"Truck","Underground","Boulder/Black w/Smoke Silver","Four Wheel Drive",,,"Regular unleaded",,,"dealership","[PREMIUM]","Corbin","KY","[PREMIUM]",,"[]",,,"[PREMIUM]"
"81beaaaa-f280-4c99-b82a-335619aa7136","2026-05-28 22:41:56.121","2026-05-28 22:41:56.121","81beaaaa-f280-4c99-b82a-335619aa7136","[PREMIUM]","New",2026,"Honda","Odyssey","Touring","[PREMIUM]","[PREMIUM]",130,"Passenger Van","Platinum White Pearl","Brown","Front-wheel Drive",,,"Gasoline",,,"dealership","[PREMIUM]","Dubuque","IA","[PREMIUM]",,"[]",,,"[PREMIUM]"
"b8b53fb2-a82e-446f-8b46-2fcec88c6b3c","2026-05-28 22:41:53.586","2026-05-28 22:41:53.586","b8b53fb2-a82e-446f-8b46-2fcec88c6b3c","[PREMIUM]","New",2026,"Ford","F-250","XL","[PREMIUM]","[PREMIUM]",13,"Truck","Oxford White","As","Four Wheel Drive",,,"Regular unleaded",,,"dealership","[PREMIUM]","Richmond","KY","[PREMIUM]",,"[]",,,"[PREMIUM]"
"be5f3f5a-47da-4760-bf56-ac47a48a4843","2026-05-28 22:41:53.585","2026-05-28 22:41:53.585","be5f3f5a-47da-4760-bf56-ac47a48a4843","[PREMIUM]","New",2026,"Chevrolet","Silverado 1500","LT","[PREMIUM]","[PREMIUM]",4,"Truck","Sterling Gray Metallic","Jet Black","Four-wheel Drive",,,"Gasoline",,,"dealership","[PREMIUM]","Brook Park","OH","[PREMIUM]",,"[]",,,"[PREMIUM]"
"fd6d7805-c412-4444-8071-9f49d04e7e0e","2026-05-28 22:41:53.360","2026-05-28 22:41:53.360","fd6d7805-c412-4444-8071-9f49d04e7e0e","[PREMIUM]","New",2026,"Ford","Bronco","Outer Banks","[PREMIUM]","[PREMIUM]",3,"SUV","Shadow Black","Trimmed Seats Black Onyx Interior","Four-wheel Drive",,,"Gasoline",,,"dealership","[PREMIUM]","Reno","NV","[PREMIUM]",,"[]",,,"[PREMIUM]"
"248c7558-bed4-418c-9327-9e021aeeaaa3","2026-05-28 22:41:53.351","2026-05-28 22:41:53.351","248c7558-bed4-418c-9327-9e021aeeaaa3","[PREMIUM]","New",2026,"Ford","F-150","XL","[PREMIUM]","[PREMIUM]",8,"Truck","OXFORD WHITE","DARK SLATE VINYL 40/20/40","Four-wheel Drive",,,"Gasoline",,,"dealership","[PREMIUM]","San Antonio","TX","[PREMIUM]",,"[]",,,"[PREMIUM]"
"0263eb87-4cb4-445c-95d4-f26229e63595","2026-05-28 22:41:53.321","2026-05-28 22:41:53.321","0263eb87-4cb4-445c-95d4-f26229e63595","[PREMIUM]","New",2026,"Jeep","Grand Cherokee","Limited","[PREMIUM]","[PREMIUM]",1,"SUV","Bright White Clearcoat","Wicker Beige/Global Black","Four-wheel Drive",,,"Gasoline",,,"dealership","[PREMIUM]","Brunswick","OH","[PREMIUM]",,"[]",,,"[PREMIUM]"
"e7cb7689-6689-465d-bc74-7190c145cb72","2026-05-28 22:41:53.317","2026-05-31 22:41:57.837","e7cb7689-6689-465d-bc74-7190c145cb72","[PREMIUM]","New",2026,"Chevrolet","Silverado 1500","LT","[PREMIUM]","[PREMIUM]",5,"Truck","Black","Jet Black","Four-wheel Drive",,,"Gasoline",,,"dealership","[PREMIUM]","Brook Park","OH","[PREMIUM]",,"[]",,,"[PREMIUM]"
"61fe502d-8b63-4d37-ae83-b78a99976924","2026-05-28 22:41:53.297","2026-05-28 22:41:53.297","61fe502d-8b63-4d37-ae83-b78a99976924","[PREMIUM]","New",2026,"Honda","Civic Type R","Manual","[PREMIUM]","[PREMIUM]",0,"Hatchback","Championship White","Black/Red","Front-wheel Drive",,,"Gasoline",,,"dealership","[PREMIUM]","Louisville","KY","[PREMIUM]",,"[]",,,"[PREMIUM]"
"346bd713-6f01-4aa5-9357-1b825dc89ba9","2026-05-28 22:41:53.288","2026-05-28 22:41:53.288","346bd713-6f01-4aa5-9357-1b825dc89ba9","[PREMIUM]","New",2026,"Subaru","Ascent","Limited 7-Passenger","[PREMIUM]","[PREMIUM]",37,"SUV","Crystal White Pearl","Slate Black","All-wheel Drive",,,"Gasoline",,,"dealership","[PREMIUM]","Orlando","FL","[PREMIUM]",,"[]",,,"[PREMIUM]"
"1162fa66-1963-4bff-b7be-7a742b8f6a68","2026-05-28 22:41:53.269","2026-05-31 22:42:08.162","1162fa66-1963-4bff-b7be-7a742b8f6a68","[PREMIUM]","New",2026,"Subaru","Outback","Touring","[PREMIUM]","[PREMIUM]",5,"SUV","Crystal Black Silica","Slate Black","All-wheel Drive",,,"Gasoline",,,"dealership","[PREMIUM]","Brunswick","OH","[PREMIUM]",,"[]",,,"[PREMIUM]"
"b7e6464b-812b-4969-add2-b879c744a7c5","2026-05-28 22:41:53.262","2026-05-28 22:41:53.262","b7e6464b-812b-4969-add2-b879c744a7c5","[PREMIUM]","New",2026,"Dodge","Durango","GT AWD HEMI V8","[PREMIUM]","[PREMIUM]",3,"SUV","DB Black Clearcoat","Black","All-wheel Drive",,,"Gasoline",,,"dealership","[PREMIUM]","Poway","CA","[PREMIUM]",,"[]",,,"[PREMIUM]"
"27660b45-412c-44a3-8264-bada08688c70","2026-05-28 22:41:53.253","2026-05-28 22:41:53.253","27660b45-412c-44a3-8264-bada08688c70","[PREMIUM]","New",2026,"Ford","Bronco","Big Bend","[PREMIUM]","[PREMIUM]",1,"SUV","Shadow Black","Black Onyx","Four-wheel Drive",,,"Gasoline",,,"dealership","[PREMIUM]","Maurice","LA","[PREMIUM]",,"[]",,,"[PREMIUM]"
"73de6434-bcd1-4979-ab01-a93b61263b0f","2026-05-28 22:41:53.252","2026-05-28 22:41:53.252","73de6434-bcd1-4979-ab01-a93b61263b0f","[PREMIUM]","New",2026,"Ford","F-250","XL","[PREMIUM]","[PREMIUM]",16,"Truck","Oxford White","As","Four Wheel Drive",,,"Regular unleaded",,,"dealership","[PREMIUM]","Richmond","KY","[PREMIUM]",,"[]",,,"[PREMIUM]"
"92fc95b1-8686-4c3e-9489-f6df56e08424","2026-05-28 22:41:53.229","2026-05-28 22:41:53.229","92fc95b1-8686-4c3e-9489-f6df56e08424","[PREMIUM]","New",2026,"Toyota","Sienna","LE","[PREMIUM]","[PREMIUM]",5,"Passenger Van","Heavy Metal","Gray","All-wheel Drive",,,"Gasoline",,,"dealership","[PREMIUM]","Brunswick","OH","[PREMIUM]",,"[]",,,"[PREMIUM]"
"fc2e90cd-6f1d-4112-8e63-c66345d9982c","2026-05-28 22:41:53.229","2026-05-28 22:41:53.229","fc2e90cd-6f1d-4112-8e63-c66345d9982c","[PREMIUM]","New",2026,"Chevrolet","Silverado 1500","LT","[PREMIUM]","[PREMIUM]",4,"Truck","Summit White","Jet Black","Four-wheel Drive",,,"Gasoline",,,"dealership","[PREMIUM]","Brook Park","OH","[PREMIUM]",,"[]",,,"[PREMIUM]"
"4c4d20dc-b25d-43ac-bec4-17abefadae78","2026-05-28 22:41:53.228","2026-05-28 22:41:53.228","4c4d20dc-b25d-43ac-bec4-17abefadae78","[PREMIUM]","New",2026,"Toyota","Sienna","XLE","[PREMIUM]","[PREMIUM]",0,"Passenger Van","Heavy Metal","Gray","Front-wheel Drive",,,"Gasoline",,,"dealership","[PREMIUM]","Los Angeles","CA","[PREMIUM]",,"[]",,,"[PREMIUM]"
"29904301-c9b1-4296-a670-b67622b1d20c","2026-05-28 22:41:53.224","2026-05-31 22:41:57.840","29904301-c9b1-4296-a670-b67622b1d20c","[PREMIUM]","New",2026,"Chevrolet","Silverado 1500","LT","[PREMIUM]","[PREMIUM]",5,"Truck","Sterling Gray Metallic","Jet Black","Four-wheel Drive",,,"Gasoline",,,"dealership","[PREMIUM]","Brook Park","OH","[PREMIUM]",,"[]",,,"[PREMIUM]"
"375b9b42-8d93-4ab8-8c5f-96338790250d","2026-05-28 22:41:42.143","2026-05-28 22:41:42.143","375b9b42-8d93-4ab8-8c5f-96338790250d","[PREMIUM]","New",2026,"Toyota","RAV4","Limited","[PREMIUM]","[PREMIUM]",0,"SUV","Blueprint","Black SofTex","All-wheel Drive",,,"Gasoline",,,"dealership","[PREMIUM]","Selinsgrove","PA","[PREMIUM]",,"[]",,,"[PREMIUM]"
"299051b9-c60c-4e7d-be2b-6b9a48ae0cf8","2026-05-28 22:41:41.899","2026-05-28 22:41:41.899","299051b9-c60c-4e7d-be2b-6b9a48ae0cf8","[PREMIUM]","New",2026,"Jeep","Grand Cherokee","Limited","[PREMIUM]","[PREMIUM]",1,"SUV","Diamond Black Crystal Pearlcoat","Global Black w/Capri Leatherette Seats or 85th Edition Leatheret","Four-wheel Drive",,,"Gasoline",,,"dealership","[PREMIUM]","Brunswick","OH","[PREMIUM]",,"[]",,,"[PREMIUM]"
"da091d21-8e6a-422e-a30c-ca46a01dc965","2026-05-28 22:41:41.879","2026-05-28 22:41:41.879","da091d21-8e6a-422e-a30c-ca46a01dc965","[PREMIUM]","New",2026,"RAM","1500","Big Horn/Lone Star","[PREMIUM]","[PREMIUM]",0,"Truck","Blue Metallic","Black","Four-wheel Drive",,,"Gasoline",,,"dealership","[PREMIUM]","Fenton","MI","[PREMIUM]",,"[]",,,"[PREMIUM]"
"504497b6-b9fd-4f0d-96c8-a645bfda4f21","2026-05-28 22:41:41.807","2026-05-28 22:41:41.807","504497b6-b9fd-4f0d-96c8-a645bfda4f21","[PREMIUM]","New",2026,"Ford","Bronco","Big Bend","[PREMIUM]","[PREMIUM]",3,"SUV","Avalanche Gray","Seats Black Onyx Interior","Four-wheel Drive",,,"Gasoline",,,"dealership","[PREMIUM]","Reno","NV","[PREMIUM]",,"[]",,,"[PREMIUM]"
"b82c9a6f-9929-4514-b135-1d88daa08b93","2026-05-28 22:41:40.884","2026-05-31 22:41:57.891","b82c9a6f-9929-4514-b135-1d88daa08b93","[PREMIUM]","New",2026,"Subaru","Outback","Touring","[PREMIUM]","[PREMIUM]",5,"SUV","River Rock Pearl","Slate Black","All-wheel Drive",,,"Gasoline",,,"dealership","[PREMIUM]","Brunswick","OH","[PREMIUM]",,"[]",,,"[PREMIUM]"
"7bdd8d8d-695e-4b64-a7ff-6bf66fd2e49f","2026-05-28 22:41:40.818","2026-05-31 22:42:08.587","7bdd8d8d-695e-4b64-a7ff-6bf66fd2e49f","[PREMIUM]","New",2026,"Ford","Bronco","Big Bend","[PREMIUM]","[PREMIUM]",2,"SUV","SHADOW BLACK","CLOTH GRAY/BLACK SEATS","Four-wheel Drive",,,"Gasoline",,,"dealership","[PREMIUM]","Miami","FL","[PREMIUM]",,"[]",,,"[PREMIUM]"
"b74385c6-4adf-4650-840d-133b69f7053a","2026-05-28 22:41:40.786","2026-05-28 22:41:40.786","b74385c6-4adf-4650-840d-133b69f7053a","[PREMIUM]","New",2026,"Ford","Bronco","Big Bend","[PREMIUM]","[PREMIUM]",1,"SUV","Marsh Gray","Smoked Truffle w/Black Onyx","Four-wheel Drive",,,"Gasoline",,,"dealership","[PREMIUM]","Maurice","LA","[PREMIUM]",,"[]",,,"[PREMIUM]"
"c901999f-ffc0-4ff2-994a-4b3075599ad3","2026-05-28 22:41:38.708","2026-05-28 22:41:38.708","c901999f-ffc0-4ff2-994a-4b3075599ad3","[PREMIUM]","New",2026,"Volkswagen","Tiguan","2.0T SEL R-Line 4MOTION","[PREMIUM]","[PREMIUM]",3,"SUV","Avocado Green w/Deep Black Roof","amber brown","All-wheel Drive",,,"Gasoline",,,"dealership","[PREMIUM]","West Islip","NY","[PREMIUM]",,"[]",,,"[PREMIUM]"
"8606ffa1-a59d-43f6-91a3-3ad927baefb3","2026-05-28 22:41:38.421","2026-05-28 22:41:38.421","8606ffa1-a59d-43f6-91a3-3ad927baefb3","[PREMIUM]","New",2026,"Mazda","CX-90","3.3 Turbo Preferred","[PREMIUM]","[PREMIUM]",4,"SUV","Deep Crystal Blue Mica","Black","All-wheel Drive",,,"Gasoline",,,"dealership","[PREMIUM]","Oak Lawn","IL","[PREMIUM]",,"[]",,,"[PREMIUM]"
"fd7e7c71-dd44-4e04-9b66-bbf00bb5efee","2026-05-28 22:41:38.420","2026-05-28 22:41:38.420","fd7e7c71-dd44-4e04-9b66-bbf00bb5efee","[PREMIUM]","New",2026,"Ford","F-150","STX","[PREMIUM]","[PREMIUM]",3,"Truck","Agate Black Metallic","Black","4WD",,,"Gasoline",,,"dealership","[PREMIUM]","Stafford","TX","[PREMIUM]",,"[]",,,"[PREMIUM]"
"228ac7f0-9ea5-498f-aae5-aa591dbe505f","2026-05-28 22:41:38.384","2026-05-31 22:41:57.790","228ac7f0-9ea5-498f-aae5-aa591dbe505f","[PREMIUM]","New",2026,"Chrysler","Pacifica","Select","[PREMIUM]","[PREMIUM]",13,"Passenger Van","Bright White Clearcoat","Black","Front-wheel Drive",,,"Gasoline",,,"dealership","[PREMIUM]","Newark","CA","[PREMIUM]",,"[]",,,"[PREMIUM]"
"0512d812-4643-4ac2-824e-39348ec0f4e0","2026-05-28 22:41:38.380","2026-05-28 22:41:38.380","0512d812-4643-4ac2-824e-39348ec0f4e0","[PREMIUM]","New",2026,"Subaru","Trailseeker","Touring Leather","[PREMIUM]","[PREMIUM]",7,"SUV","Daybreak Blue Pearl","Black/Blue","All-wheel Drive",,,"Electric",,,"dealership","[PREMIUM]","Danvers","MA","[PREMIUM]",,"[]",,,"[PREMIUM]"
"c5101ca8-1589-4acf-82a2-eedf5f37bde4","2026-05-28 22:41:38.351","2026-06-03 22:42:10.022","c5101ca8-1589-4acf-82a2-eedf5f37bde4","[PREMIUM]","New",2026,"Mazda","CX-50","2.5 Turbo Premium Plus Package","[PREMIUM]","[PREMIUM]",3,"SUV","machine gray metallic","black","All-wheel Drive",,,"Gasoline",,,"dealership","[PREMIUM]","Torrance","CA","[PREMIUM]",,"[]",,,"[PREMIUM]"
"5cb218f4-ea7a-4dd5-b6c9-02c64ca63d53","2026-05-28 22:41:38.347","2026-05-28 22:41:38.347","5cb218f4-ea7a-4dd5-b6c9-02c64ca63d53","[PREMIUM]","New",2026,"Acura","ADX","A-Spec with Advance","[PREMIUM]","[PREMIUM]",3,"SUV","Double Apex Blue Pearl II","Ebony","All-wheel Drive",,,"Gasoline",,,"dealership","[PREMIUM]","Denville","NJ","[PREMIUM]",,"[]",,,"[PREMIUM]"
"862b30db-54c4-464e-9554-b005db845db7","2026-05-28 22:41:38.342","2026-05-28 22:41:38.342","862b30db-54c4-464e-9554-b005db845db7","[PREMIUM]","New",2026,"Jeep","Wrangler","Sport","[PREMIUM]","[PREMIUM]",3,"SUV","Bright White Clearcoat","Black","Four-wheel Drive",,,"Gasoline",,,"dealership","[PREMIUM]","Newark","CA","[PREMIUM]",,"[]",,,"[PREMIUM]"
"8c07d8ef-4883-43fc-826a-cdcfa9a2deef","2026-05-28 22:41:38.326","2026-05-31 22:41:47.582","8c07d8ef-4883-43fc-826a-cdcfa9a2deef","[PREMIUM]","New",2026,"Chevrolet","Silverado 1500","RST","[PREMIUM]","[PREMIUM]",142,"Truck","Summit White","Jet Black","Four-wheel Drive",,,"Gasoline",,,"dealership","[PREMIUM]","Grayslake","IL","[PREMIUM]",,"[]",,,"[PREMIUM]"
"2597f4a1-d179-4d71-89ad-93198fcf626c","2026-05-28 22:41:38.324","2026-05-31 22:41:47.629","2597f4a1-d179-4d71-89ad-93198fcf626c","[PREMIUM]","New",2026,"Jeep","Wrangler","Sport","[PREMIUM]","[PREMIUM]",3,"SUV","Anvil Clearcoat","Black","Four-wheel Drive",,,"Gasoline",,,"dealership","[PREMIUM]","Newark","CA","[PREMIUM]",,"[]",,,"[PREMIUM]"
"a272825f-ffcb-45ab-aba8-cbc5449b9335","2026-05-28 22:41:38.315","2026-05-28 22:41:38.315","a272825f-ffcb-45ab-aba8-cbc5449b9335","[PREMIUM]","New",2026,"Nissan","Murano","Platinum","[PREMIUM]","[PREMIUM]",3,"SUV","Everest White Pearl Tricoat","Gray","All-wheel Drive",,,"Gasoline",,,"dealership","[PREMIUM]","Beavercreek","OH","[PREMIUM]",,"[]",,,"[PREMIUM]"
"cc31117b-335f-440b-87d9-9c9c900ce203","2026-05-28 22:41:38.305","2026-05-31 22:41:57.741","cc31117b-335f-440b-87d9-9c9c900ce203","[PREMIUM]","New",2026,"Ford","Explorer","Active","[PREMIUM]","[PREMIUM]",1517,"SUV","Medium Blue Metallic","Space Gray","Four-wheel Drive",,,"Gasoline",,,"dealership","[PREMIUM]","Mentor","OH","[PREMIUM]",,"[]",,,"[PREMIUM]"
"be948e69-30bc-403a-8f45-e87019436ba2","2026-05-28 22:41:16.794","2026-05-31 22:41:47.643","be948e69-30bc-403a-8f45-e87019436ba2","[PREMIUM]","New",2026,"Kia","Carnival","SX","[PREMIUM]","[PREMIUM]",9,"Passenger Van","Astra Blue","Taupe/Off-Black","Front-wheel Drive",,,"Gasoline",,,"dealership","[PREMIUM]","Laurel","MD","[PREMIUM]",,"[]",,,"[PREMIUM]"
"e8163118-394a-49d9-b70b-e58e3506ac1f","2026-05-28 22:41:16.771","2026-05-31 22:41:47.633","e8163118-394a-49d9-b70b-e58e3506ac1f","[PREMIUM]","New",2026,"Volvo","XC40","Core, B5 AWD Gas (mild hybrid), Dark","[PREMIUM]","[PREMIUM]",6,"SUV","Vapour Grey Metallic","Charcoal","All-wheel Drive",,,"Hybrid",,,"dealership","[PREMIUM]","San Diego","CA","[PREMIUM]",,"[]",,,"[PREMIUM]"
"39492bad-a07c-4eb3-91b2-b4341e4ab5b5","2026-05-28 22:41:16.768","2026-05-31 22:41:47.551","39492bad-a07c-4eb3-91b2-b4341e4ab5b5","[PREMIUM]","New",2026,"Mazda","CX-70","3.3 Turbo Preferred","[PREMIUM]","[PREMIUM]",2,"SUV","Polymetal Gray Metallic","Greige","All-wheel Drive",,,"Gasoline",,,"dealership","[PREMIUM]","Clearwater","FL","[PREMIUM]",,"[]",,,"[PREMIUM]"
"e5741980-7fad-4869-a28d-b5d4ec4aedb0","2026-05-28 22:41:16.755","2026-05-31 22:41:47.575","e5741980-7fad-4869-a28d-b5d4ec4aedb0","[PREMIUM]","New",2026,"Hyundai","SANTA FE","Limited","[PREMIUM]","[PREMIUM]",5,"SUV","Ecotronic Gray","Black","All-wheel Drive",,,"Hybrid",,,"dealership","[PREMIUM]","Gladstone","OR","[PREMIUM]",,"[]",,,"[PREMIUM]"
"ee16b221-ee0e-47ea-bcd1-844b535be9f2","2026-05-28 22:41:16.440","2026-05-28 22:41:16.440","ee16b221-ee0e-47ea-bcd1-844b535be9f2","[PREMIUM]","New",2026,"Jeep","Wrangler","Sport","[PREMIUM]","[PREMIUM]",3,"SUV","PJ5","Black","Four-wheel Drive",,,"Gasoline",,,"dealership","[PREMIUM]","Newark","CA","[PREMIUM]",,"[]",,,"[PREMIUM]"
"80de4c3d-26ff-41ee-8515-23b67aac784e","2026-05-28 22:41:16.191","2026-05-28 22:41:16.191","80de4c3d-26ff-41ee-8515-23b67aac784e","[PREMIUM]","New",2026,"Subaru","Outback","Touring","[PREMIUM]","[PREMIUM]",0,"SUV","White Pearl","Java","All-wheel Drive",,,"Gasoline",,,"dealership","[PREMIUM]","Glen Mills","PA","[PREMIUM]",,"[]",,,"[PREMIUM]"
"d07d0404-86d3-45fe-a9be-0dbcc4e3abca","2026-05-28 22:41:16.168","2026-05-28 22:41:16.168","d07d0404-86d3-45fe-a9be-0dbcc4e3abca","[PREMIUM]","New",2026,"Ford","Explorer","Active","[PREMIUM]","[PREMIUM]",10,"SUV","Agate Black Metallic","Space Gray","4x2",,,"Premium unleaded",,,"dealership","[PREMIUM]","Oxnard","CA","[PREMIUM]",,"[]",,,"[PREMIUM]"
"c8604bf5-8573-435d-ab58-56773772a3c6","2026-05-28 22:41:16.165","2026-05-28 22:41:16.165","c8604bf5-8573-435d-ab58-56773772a3c6","[PREMIUM]","New",2026,"Ford","Explorer","ST-Line","[PREMIUM]","[PREMIUM]",2,"SUV","CARBONIZED GRAY METALLIC","ONYX UNIQUE CLOTH INSERTS","Rear-wheel Drive",,,"Gasoline",,,"dealership","[PREMIUM]","Tampa","FL","[PREMIUM]",,"[]",,,"[PREMIUM]"
"3a1296b8-1610-4f1f-a768-4b3b4cf1ef7a","2026-05-28 22:41:16.142","2026-05-31 22:41:47.545","3a1296b8-1610-4f1f-a768-4b3b4cf1ef7a","[PREMIUM]","Used",2026,"Chevrolet","Silverado 1500","LT","[PREMIUM]","[PREMIUM]",18626,"Truck","Sterling Gray Metallic","Jet Black","Four-wheel Drive",,,"Gasoline",,,"dealership","[PREMIUM]","Pompano Beach","FL","[PREMIUM]",,"[]",,,"[PREMIUM]"
"04c7db89-ff34-4a88-8ad5-00412f41f909","2026-05-28 22:41:04.927","2026-05-28 22:41:04.927","04c7db89-ff34-4a88-8ad5-00412f41f909","[PREMIUM]","Used",2026,"Hyundai","PALISADE","Limited","[PREMIUM]","[PREMIUM]",4298,"SUV","White","Black","All-wheel Drive",,,"Gasoline",,,"dealership","[PREMIUM]","Apache Junction","AZ","[PREMIUM]",,"[]",,,"[PREMIUM]"
"3411c9f4-e5e5-416d-a945-5c10ed4b8da3","2026-05-28 22:41:04.368","2026-05-28 22:41:04.368","3411c9f4-e5e5-416d-a945-5c10ed4b8da3","[PREMIUM]","New",2026,"Toyota","Tacoma","SR5","[PREMIUM]","[PREMIUM]",5,"Truck","Ice Cap","Boulder","Four-wheel Drive",,,"Gasoline",,,"dealership","[PREMIUM]","El Monte","CA","[PREMIUM]",,"[]",,,"[PREMIUM]"
"3007a183-85d6-4075-9245-7967f072a187","2026-05-28 22:41:04.356","2026-05-28 22:41:04.356","3007a183-85d6-4075-9245-7967f072a187","[PREMIUM]","New",2026,"Nissan","Pathfinder","Rock Creek","[PREMIUM]","[PREMIUM]",5,"SUV","Gun Met","Charcoal","Four-wheel Drive",,,"Gasoline",,,"dealership","[PREMIUM]","Hendersonville","NC","[PREMIUM]",,"[]",,,"[PREMIUM]"
"b008dc66-9a7e-4c7a-b7af-dd6f62e620cd","2026-05-28 22:41:04.025","2026-05-28 22:41:04.025","b008dc66-9a7e-4c7a-b7af-dd6f62e620cd","[PREMIUM]","New",2026,"Ford","Explorer","Active","[PREMIUM]","[PREMIUM]",3,"SUV","Gray Metallic","Dark Space Gray","Four-wheel Drive",,,"Gasoline",,,"dealership","[PREMIUM]","Red Bank","NJ","[PREMIUM]",,"[]",,,"[PREMIUM]"
"7741c93b-f57c-43ab-ad51-3fb73069c830","2026-05-28 22:41:03.793","2026-05-28 22:41:03.793","7741c93b-f57c-43ab-ad51-3fb73069c830","[PREMIUM]","New",2026,"Jeep","Wrangler","Sport","[PREMIUM]","[PREMIUM]",5,"SUV","41","Black","Four-wheel Drive",,,"Gasoline",,,"dealership","[PREMIUM]","Newton","NC","[PREMIUM]",,"[]",,,"[PREMIUM]"
"b5d9c613-4ee2-4db9-a4be-60b16ef4c0a5","2026-05-28 22:41:03.786","2026-05-28 22:41:03.786","b5d9c613-4ee2-4db9-a4be-60b16ef4c0a5","[PREMIUM]","New",2026,"Nissan","Pathfinder","SL","[PREMIUM]","[PREMIUM]",0,"SUV","Super Black","Charcoal","Front-wheel Drive",,,"Gasoline",,,"dealership","[PREMIUM]","Riverside","CA","[PREMIUM]",,"[]",,,"[PREMIUM]"
"83b06d19-d2c7-4e3e-aaa3-a144002e0ee8","2026-05-28 22:41:03.747","2026-05-28 22:41:03.747","83b06d19-d2c7-4e3e-aaa3-a144002e0ee8","[PREMIUM]","New",2026,"GMC","Canyon","AT4","[PREMIUM]","[PREMIUM]",25,"Truck","Volcanic Red Tintcoat","Jet Black/Timber","Four-wheel Drive",,,"Gasoline",,,"dealership","[PREMIUM]","Baxley","GA","[PREMIUM]",,"[]",,,"[PREMIUM]"
"e867a0d0-a4ac-4c1a-857f-49dd0abb7c2f","2026-05-28 22:40:52.743","2026-05-28 22:40:52.743","e867a0d0-a4ac-4c1a-857f-49dd0abb7c2f","[PREMIUM]","New",2026,"Buick","Envision","Preferred","[PREMIUM]","[PREMIUM]",6,"SUV","White Tri-Coat","Ebony","AWD",,,"Gasoline",,,"dealership","[PREMIUM]","Oak Lawn","IL","[PREMIUM]",,"[]",,,"[PREMIUM]"
"f0a94179-2aca-470e-b59f-ce804bfad2bc","2026-05-28 22:40:52.500","2026-05-31 22:41:36.768","f0a94179-2aca-470e-b59f-ce804bfad2bc","[PREMIUM]","New",2026,"Buick","Envision","Sport Touring","[PREMIUM]","[PREMIUM]",4,"SUV","Ebony Twilight Metallic","Ebony","All-wheel Drive",,,"Gasoline",,,"dealership","[PREMIUM]","Oak Lawn","IL","[PREMIUM]",,"[]",,,"[PREMIUM]"
"70ec6332-89f7-4296-9e1a-80a8e4792cb0","2026-05-28 22:40:52.496","2026-05-31 22:41:47.646","70ec6332-89f7-4296-9e1a-80a8e4792cb0","[PREMIUM]","New",2026,"Chevrolet","Colorado","Z71","[PREMIUM]","[PREMIUM]",5,"Truck","Black","Jet Black","Four-wheel Drive",,,"Gasoline",,,"dealership","[PREMIUM]","Sunnyside","WA","[PREMIUM]",,"[]",,,"[PREMIUM]"
"98823c31-3d66-4f01-9d9c-8d6554394470","2026-05-28 22:40:52.473","2026-05-28 22:40:52.473","98823c31-3d66-4f01-9d9c-8d6554394470","[PREMIUM]","New",2026,"Jeep","Grand Cherokee","Limited","[PREMIUM]","[PREMIUM]",,"SUV","Steel Blue","Global Black","Four-wheel Drive",,,"Gasoline",,,"dealership","[PREMIUM]","Rochester Hills","MI","[PREMIUM]",,"[]",,,"[PREMIUM]"
"45a41b89-edff-4b5a-b142-557cadd81c1a","2026-05-28 22:40:52.461","2026-05-31 22:41:36.766","45a41b89-edff-4b5a-b142-557cadd81c1a","[PREMIUM]","New",2026,"Chevrolet","Silverado 1500","LT","[PREMIUM]","[PREMIUM]",0,"Truck","Black","Jet Black","Four-wheel Drive",,,"Gasoline",,,"dealership","[PREMIUM]","Troy","MI","[PREMIUM]",,"[]",,,"[PREMIUM]"
"536080dc-d215-4e84-8cc5-f71184808670","2026-05-28 22:40:52.457","2026-05-31 22:41:36.718","536080dc-d215-4e84-8cc5-f71184808670","[PREMIUM]","New",2026,"Chevrolet","Silverado 1500","LT","[PREMIUM]","[PREMIUM]",0,"Truck","Black","Jet Black","Four-wheel Drive",,,"Gasoline",,,"dealership","[PREMIUM]","Troy","MI","[PREMIUM]",,"[]",,,"[PREMIUM]"
"d8bd0f2d-db3b-4bc9-bbe6-1666b95b450d","2026-05-28 22:40:52.414","2026-05-28 22:40:52.414","d8bd0f2d-db3b-4bc9-bbe6-1666b95b450d","[PREMIUM]","New",2026,"Jeep","Grand Cherokee","Limited","[PREMIUM]","[PREMIUM]",,"SUV","Steel Blue","Global Black","4WD",,,"Gasoline",,,"dealership","[PREMIUM]","Rochester Hills","MI","[PREMIUM]",,"[]",,,"[PREMIUM]"
"a7be1e19-8bc3-4f64-82b4-43a2d8bb4b37","2026-05-28 22:40:52.390","2026-05-28 22:40:52.390","a7be1e19-8bc3-4f64-82b4-43a2d8bb4b37","[PREMIUM]","New",2026,"Chevrolet","Silverado 1500","LT","[PREMIUM]","[PREMIUM]",0,"Truck","Summit White","Jet Black","Four-wheel Drive",,,"Gasoline",,,"dealership","[PREMIUM]","Troy","MI","[PREMIUM]",,"[]",,,"[PREMIUM]"
"865ab7fa-dafe-4640-95f4-aac556f645e3","2026-05-28 22:40:31.556","2026-05-28 22:40:31.556","865ab7fa-dafe-4640-95f4-aac556f645e3","[PREMIUM]","Used",2026,"Tesla","Model Y","Long Range","[PREMIUM]","[PREMIUM]",6660,"SUV","Red","BLACK","Four-wheel Drive",,,"Electric",,,"dealership","[PREMIUM]","Schaumburg","IL","[PREMIUM]",,"[]",,,"[PREMIUM]"
"e9a2dfab-a9be-47d0-9acd-21c780c32500","2026-05-28 22:40:30.986","2026-05-28 22:40:30.986","e9a2dfab-a9be-47d0-9acd-21c780c32500","[PREMIUM]","New",2026,"Chevrolet","Colorado","LT","[PREMIUM]","[PREMIUM]",10,"Truck","Summit White","Jet Black","4WD",,,"Gasoline",,,"dealership","[PREMIUM]","Sunnyside","WA","[PREMIUM]",,"[]",,,"[PREMIUM]"
"ad398888-96f1-414a-b449-5965dd138317","2026-05-28 22:40:30.983","2026-05-28 22:40:30.983","ad398888-96f1-414a-b449-5965dd138317","[PREMIUM]","Used",2026,"Toyota","Grand Highlander","XLE","[PREMIUM]","[PREMIUM]",9106,"SUV","Blue","GRAY","Rear-wheel Drive",,,"Gasoline",,,"dealership","[PREMIUM]","Austin","TX","[PREMIUM]",,"[]",,,"[PREMIUM]"
"0fe0f226-d7c3-4c73-ace1-d298f0c70885","2026-05-28 22:40:30.877","2026-05-28 22:40:30.877","0fe0f226-d7c3-4c73-ace1-d298f0c70885","[PREMIUM]","Used",2026,"Subaru","Ascent","Touring","[PREMIUM]","[PREMIUM]",909,"SUV","Crystal Black Silica","Slate Black W/Blk Stitch",,,,,,,"dealership","[PREMIUM]","Sunset Hills","MO","[PREMIUM]",,"[]",,,"[PREMIUM]"
"a2804c93-f0f5-46ae-b1f5-a8da4e4c20ad","2026-05-28 22:39:59.764","2026-06-03 22:40:19.315","a2804c93-f0f5-46ae-b1f5-a8da4e4c20ad","[PREMIUM]","New",2027,"Chrysler","Pacifica","L","[PREMIUM]","[PREMIUM]",0,"Minivan","Bright White Clearcoat","Black","Front-wheel Drive",,,"Gasoline",,,"dealership","[PREMIUM]","Dearborn","MI","[PREMIUM]",,"[]",,,"[PREMIUM]"
"794cc231-6ad5-49a6-ac4d-f12a92ba0f5d","2026-05-28 22:39:48.425","2026-05-28 22:39:48.425","794cc231-6ad5-49a6-ac4d-f12a92ba0f5d","[PREMIUM]","New",2027,"Kia","Telluride Hybrid","EX","[PREMIUM]","[PREMIUM]",16,"SUV","Ivory","Black","Front-wheel Drive",,,"Hybrid",,,"dealership","[PREMIUM]","Delray Beach","FL","[PREMIUM]",,"[]",,,"[PREMIUM]"
"abb6fa30-0ab6-45f2-89d2-c6a47c334612","2026-05-28 22:39:37.415","2026-05-28 22:39:37.415","abb6fa30-0ab6-45f2-89d2-c6a47c334612","[PREMIUM]","New",2027,"Kia","Telluride","EX","[PREMIUM]","[PREMIUM]",0,"SUV","Glacial White Pearl","Black","AWD",,,"Gasoline",,,"dealership","[PREMIUM]","Johnstown","PA","[PREMIUM]",,"[]",,,"[PREMIUM]"
"3746aaeb-5402-48e7-b45d-d57b8104637f","2026-05-28 22:39:16.533","2026-05-28 22:39:16.533","3746aaeb-5402-48e7-b45d-d57b8104637f","[PREMIUM]","New",2027,"Kia","Telluride","X-Line EX","[PREMIUM]","[PREMIUM]",6,"SUV","Terrain Brown","Black","All-wheel Drive",,,"Gasoline",,,"dealership","[PREMIUM]","Carson","CA","[PREMIUM]",,"[]",,,"[PREMIUM]"
"c045abb7-f6ad-4d96-b183-093a144afbc7","2026-05-28 22:39:16.144","2026-05-31 22:39:24.730","c045abb7-f6ad-4d96-b183-093a144afbc7","[PREMIUM]","New",2027,"Kia","Telluride","X-Line EX","[PREMIUM]","[PREMIUM]",8,"SUV","Ebony Black","Black","All-wheel Drive",,,"Gasoline",,,"dealership","[PREMIUM]","Carson","CA","[PREMIUM]",,"[]",,,"[PREMIUM]"
"3c7ee041-ec3b-4caf-9933-7784d56b224c","2026-05-28 22:39:15.866","2026-05-28 22:39:15.866","3c7ee041-ec3b-4caf-9933-7784d56b224c","[PREMIUM]","New",2027,"Kia","Telluride","X-Line EX","[PREMIUM]","[PREMIUM]",3,"SUV","Glacial White","Black","All-wheel Drive",,,"Gasoline",,,"dealership","[PREMIUM]","Branford","CT","[PREMIUM]",,"[]",,,"[PREMIUM]"
"61e061fd-64c8-47e5-9a60-1bf74cbac562","2026-05-28 22:39:15.866","2026-05-28 22:39:15.866","61e061fd-64c8-47e5-9a60-1bf74cbac562","[PREMIUM]","New",2027,"Kia","Telluride","S","[PREMIUM]","[PREMIUM]",5,"SUV","Glacial White","Black","All-wheel Drive",,,"Gasoline",,,"dealership","[PREMIUM]","Cape Coral","FL","[PREMIUM]",,"[]",,,"[PREMIUM]"
"b4baff0a-5280-441e-a22f-fdfe26ec26c5","2026-05-28 22:34:42.793","2026-05-31 22:35:06.282","b4baff0a-5280-441e-a22f-fdfe26ec26c5","[PREMIUM]","Used",2014,"Bentley","Flying Spur","Base","[PREMIUM]","[PREMIUM]",62776,"Sedan","Gray",,"All-wheel Drive",,,"Gasoline",,,"dealership","[PREMIUM]","Chattanooga","TN","[PREMIUM]",,"[]",,,"[PREMIUM]"
"43336f1b-a38c-471f-908b-409bf9b1bcf0","2026-05-28 22:33:21.770","2026-05-28 22:33:21.770","43336f1b-a38c-471f-908b-409bf9b1bcf0","[PREMIUM]","Used",2016,"Ford","Shelby GT350","Base","[PREMIUM]","[PREMIUM]",78461,"Coupe","Magnetic Metallic","Ebony","Rear-wheel Drive",,,"Gasoline",,,"dealership","[PREMIUM]","Westfield","IN","[PREMIUM]",,"[]",,,"[PREMIUM]"
"6305a03f-8bc3-4635-87e4-38f161c92aaf","2026-05-28 22:33:11.024","2026-05-28 22:33:11.024","6305a03f-8bc3-4635-87e4-38f161c92aaf","[PREMIUM]","Used",2016,"BMW","i8","Base","[PREMIUM]","[PREMIUM]",71930,"Coupe","Gray Metallic","Tera Exclusive Dalbergia Brown","All-wheel Drive",,,"Gasoline",,,"dealership","[PREMIUM]","Phoenix","AZ","[PREMIUM]",,"[]",,,"[PREMIUM]"
"390edba7-9c94-4ca2-8d85-97668428e5a4","2026-05-28 22:32:00.255","2026-05-28 22:32:00.255","390edba7-9c94-4ca2-8d85-97668428e5a4","[PREMIUM]","New",2017,"Buick","Envision","Essence","[PREMIUM]","[PREMIUM]",2104,"SUV","Ebony Twilight Metallic","Ebony","All-wheel Drive",,,"Gasoline",,,"dealership","[PREMIUM]","Norwood","MA","[PREMIUM]",,"[]",,,"[PREMIUM]"
"66b582bd-30b1-4210-b2a8-e5ddad5b7216","2026-05-28 22:30:29.489","2026-05-28 22:30:29.489","66b582bd-30b1-4210-b2a8-e5ddad5b7216","[PREMIUM]","Used",2018,"Toyota","Tundra","SR5","[PREMIUM]","[PREMIUM]",33775,"Truck","White","BLACK","Four-wheel Drive",,,"Gasoline",,,"dealership","[PREMIUM]","Beaverton","OR","[PREMIUM]",,"[]",,,"[PREMIUM]"
"2de70476-f6dc-4017-90e3-7cd4a6de1e5d","2026-05-28 22:30:29.422","2026-05-28 22:30:29.422","2de70476-f6dc-4017-90e3-7cd4a6de1e5d","[PREMIUM]","Used",2018,"GMC","Sierra 2500","Denali","[PREMIUM]","[PREMIUM]",70000,"Truck","White","Black","Four-wheel Drive",,,"E85 Flex Fuel",,,"private","[PREMIUM]",,,"[PREMIUM]",,"[]",,,"[PREMIUM]"
"f5cdf2c2-4f47-4046-b16c-a5173feb9a5e","2026-05-28 22:30:29.421","2026-05-28 22:30:29.421","f5cdf2c2-4f47-4046-b16c-a5173feb9a5e","[PREMIUM]","New",2018,"GMC","Acadia","SLE-2","[PREMIUM]","[PREMIUM]",3383,"SUV","Ebony Twilight Metallic","Jet Black","Four-wheel Drive",,,"Gasoline",,,"dealership","[PREMIUM]","Norwood","MA","[PREMIUM]",,"[]",,,"[PREMIUM]"
"04085f7a-3f63-4a50-a61c-7eff375296d9","2026-05-28 22:30:08.887","2026-05-31 22:30:15.647","04085f7a-3f63-4a50-a61c-7eff375296d9","[PREMIUM]","Used",2019,"Lexus","LS 500","Base","[PREMIUM]","[PREMIUM]",72702,"Sedan","Caviar","Parchment","All-wheel Drive",,,"Gasoline",,,"dealership","[PREMIUM]","Marietta","GA","[PREMIUM]",,"[]",,,"[PREMIUM]"
"863aeaa8-4016-45c0-8026-3c574a65badd","2026-05-28 22:30:08.622","2026-05-28 22:30:08.622","863aeaa8-4016-45c0-8026-3c574a65badd","[PREMIUM]","Used",2019,"Cadillac","Escalade","Platinum","[PREMIUM]","[PREMIUM]",58868,"SUV","Black Raven","Jet Black With Jet Black Accents","Rear-wheel Drive",,,"Gasoline",,,"dealership","[PREMIUM]","Dallas","TX","[PREMIUM]",,"[]",,,"[PREMIUM]"
"bb7dd4df-5684-4bd7-add0-a49b147a88fd","2026-05-28 22:29:57.880","2026-05-28 22:29:57.880","bb7dd4df-5684-4bd7-add0-a49b147a88fd","[PREMIUM]","Used",2019,"Ford","F-150","King Ranch","[PREMIUM]","[PREMIUM]",52560,"Truck","MAGMA RED","JAVA INT W/KINGSVILLE LEATH","Four-wheel Drive",,,"Gasoline",,,"dealership","[PREMIUM]","Paoli","PA","[PREMIUM]",,"[]",,,"[PREMIUM]"
"8063e39c-42cc-46b3-87a0-0d65c6255da9","2026-05-28 22:29:37.611","2026-05-28 22:29:37.611","8063e39c-42cc-46b3-87a0-0d65c6255da9","[PREMIUM]","Used",2019,"GMC","Sierra 2500","SLE","[PREMIUM]","[PREMIUM]",34912,"Truck","Dark Slate Metallic","Jet Black","Four-wheel Drive",,,"Gasoline",,,"dealership","[PREMIUM]","RHINELANDER","WI","[PREMIUM]",,"[]",,,"[PREMIUM]"
"fbab26a1-fa3a-4832-80ab-d6f200d58e6e","2026-05-28 22:28:56.992","2026-05-28 22:28:56.992","fbab26a1-fa3a-4832-80ab-d6f200d58e6e","[PREMIUM]","Used",2019,"Land Rover","Range Rover","5.0L V8 Supercharged Autobiography","[PREMIUM]","[PREMIUM]",79939,"SUV","Santorini Black Metallic","Ivory/Espresso/Ivory/Ivory","Four-wheel Drive",,,"Gasoline",,,"dealership","[PREMIUM]","Creve Coeur","MO","[PREMIUM]",,"[]",,,"[PREMIUM]"
"2c5a563b-ff7b-4434-94a4-0d50af895f71","2026-05-28 22:27:56.021","2026-05-28 22:27:56.021","2c5a563b-ff7b-4434-94a4-0d50af895f71","[PREMIUM]","Used",2019,"Lexus","LS 500",,"[PREMIUM]","[PREMIUM]",28603,"Sedan","White","TAN","Rear-wheel Drive",,,"Gasoline",,,"dealership","[PREMIUM]","Scottsdale","AZ","[PREMIUM]",,"[]",,,"[PREMIUM]"
"629feeb0-59a3-4ca3-b0fb-fa4fb3f5461f","2026-05-28 22:27:55.822","2026-05-28 22:27:55.822","629feeb0-59a3-4ca3-b0fb-fa4fb3f5461f","[PREMIUM]","Used",2019,"BMW","M850","xDrive","[PREMIUM]","[PREMIUM]",53143,"Coupe","Sonic Speed Blue Metallic","Cognac","All-wheel Drive",,,"Gasoline",,,"dealership","[PREMIUM]","Fuquay Varina","NC","[PREMIUM]",,"[]",,,"[PREMIUM]"
"ffe4ce17-f73d-4280-bf16-31f3f2a5575c","2026-05-28 22:27:55.728","2026-05-31 22:28:14.064","ffe4ce17-f73d-4280-bf16-31f3f2a5575c","[PREMIUM]","Used",2019,"Ford","F-150","Raptor","[PREMIUM]","[PREMIUM]",99774,"Truck","Agate Black Metallic","Black","Four-wheel Drive",,,"Gasoline",,,"dealership","[PREMIUM]","Morristown","TN","[PREMIUM]",,"[]",,,"[PREMIUM]"
"f2e90313-c7e4-4f30-9f3a-b102e61f3268","2026-05-28 22:27:45.279","2026-05-28 22:27:45.279","f2e90313-c7e4-4f30-9f3a-b102e61f3268","[PREMIUM]","Used",2019,"Ford","Mustang","GT Premium","[PREMIUM]","[PREMIUM]",24247,"Coupe","Magnetic Metallic","Ebony","RWD",,,"Gasoline",,,"dealership","[PREMIUM]","Bellingham","WA","[PREMIUM]",,"[]",,,"[PREMIUM]"
"8501b7f4-5ab3-4145-87a0-2e1f4c9dbb02","2026-05-28 22:27:43.782","2026-05-31 22:28:03.863","8501b7f4-5ab3-4145-87a0-2e1f4c9dbb02","[PREMIUM]","New",2019,"GMC","Sierra 2500","Base","[PREMIUM]","[PREMIUM]",11,"Truck","Onyx Black","Jet Black/Dark Ash","Four-wheel Drive",,,"E85 Flex Fuel",,,"dealership","[PREMIUM]","Norwood","MA","[PREMIUM]",,"[]",,,"[PREMIUM]"
"cc3e6476-6bc2-4e65-8e7a-23f7446abaaf","2026-05-28 22:27:43.023","2026-05-28 22:27:43.023","cc3e6476-6bc2-4e65-8e7a-23f7446abaaf","[PREMIUM]","New",2019,"GMC","Sierra 1500","Base","[PREMIUM]","[PREMIUM]",10,"Truck","Onyx Black",,"Four-wheel Drive",,,"E85 Flex Fuel",,,"dealership","[PREMIUM]","Norwood","MA","[PREMIUM]",,"[]",,,"[PREMIUM]"
"369b0465-44d5-4650-99cc-9e084cc214da","2026-05-28 22:27:42.976","2026-05-31 22:28:14.040","369b0465-44d5-4650-99cc-9e084cc214da","[PREMIUM]","Used",2020,"Dodge","Charger","Scat Pack","[PREMIUM]","[PREMIUM]",54278,"Sedan","F8 Green","Black","RWD",,,"Gasoline",,,"dealership","[PREMIUM]","Indianapolis","IN","[PREMIUM]",,"[]",,,"[PREMIUM]"
"4f5908fa-9b6c-48b9-a47c-d89c07634291","2026-05-28 22:27:42.961","2026-05-28 22:27:42.961","4f5908fa-9b6c-48b9-a47c-d89c07634291","[PREMIUM]","Used",2020,"Ford","Expedition","KING RANCH","[PREMIUM]","[PREMIUM]",33737,"SUV","OXFORD WHITE","EBONY DEL RIO LTH-TRM SEATS",,,,,,,"dealership","[PREMIUM]","Marble Falls","TX","[PREMIUM]",,"[]",,,"[PREMIUM]"
"a828a3c0-b501-40bf-9095-6f2e81f95c69","2026-05-28 22:27:42.932","2026-05-28 22:27:42.932","a828a3c0-b501-40bf-9095-6f2e81f95c69","[PREMIUM]","Used",2019,"Ford","F-150","Lariat","[PREMIUM]","[PREMIUM]",33006,"Truck","Magnetic Metallic","Black","Four Wheel Drive",,,"Regular unleaded",,,"dealership","[PREMIUM]","Independence","MO","[PREMIUM]",,"[]",,,"[PREMIUM]"
"69836f8d-abfe-4243-9356-2b6d227aed2f","2026-05-28 22:27:42.929","2026-05-28 22:27:42.929","69836f8d-abfe-4243-9356-2b6d227aed2f","[PREMIUM]","Used",2019,"Ford","F-150","Lariat","[PREMIUM]","[PREMIUM]",73144,"Truck","Gray","BLACK LTHR TRIM BUCKET SEAT","Four-wheel Drive",,,"Gasoline",,,"dealership","[PREMIUM]","Pueblo","CO","[PREMIUM]",,"[]",,,"[PREMIUM]"
"a4dc4259-a2cc-4da0-982e-9eef0c1ff69c","2026-05-28 22:27:42.909","2026-05-28 22:27:42.909","a4dc4259-a2cc-4da0-982e-9eef0c1ff69c","[PREMIUM]","Used",2020,"GMC","Sierra 1500","SLT","[PREMIUM]","[PREMIUM]",45225,"Truck","Carbon Black Metallic","Black","Four-wheel Drive",,,"Gasoline",,,"dealership","[PREMIUM]","Utica","NY","[PREMIUM]",,"[]",,,"[PREMIUM]"
"08ef37c7-d0b1-42eb-a9db-55704219205a","2026-05-28 22:27:42.907","2026-05-28 22:27:42.907","08ef37c7-d0b1-42eb-a9db-55704219205a","[PREMIUM]","New",2019,"GMC","Acadia","SLT-1","[PREMIUM]","[PREMIUM]",11,"SUV","Summit White",,"All-wheel Drive",,,"Gasoline",,,"dealership","[PREMIUM]","Norwood","MA","[PREMIUM]",,"[]",,,"[PREMIUM]"
"77fe9437-c11c-4d7c-a852-639151aad291","2026-05-28 22:27:42.901","2026-06-03 22:28:33.004","77fe9437-c11c-4d7c-a852-639151aad291","[PREMIUM]","Used",2019,"Audi","RS 5","2.9T","[PREMIUM]","[PREMIUM]",58410,"Hatchback","Gray","Black","All-wheel Drive",,,"Gasoline",,,"dealership","[PREMIUM]","Ballwin","MO","[PREMIUM]",,"[]",,,"[PREMIUM]"
"555e5a65-e90d-4b77-ba83-9cc68dc36653","2026-05-28 22:27:42.900","2026-05-28 22:27:42.900","555e5a65-e90d-4b77-ba83-9cc68dc36653","[PREMIUM]","Used",2019,"Toyota","Tacoma","TRD Pro","[PREMIUM]","[PREMIUM]",45911,"Truck","Black","BLACK","Four-wheel Drive",,,"Gasoline",,,"dealership","[PREMIUM]","Oxnard","CA","[PREMIUM]",,"[]",,,"[PREMIUM]"
"6c20d4ee-bd9c-42af-b402-77e01a51e49b","2026-05-28 22:27:42.900","2026-05-28 22:27:42.900","6c20d4ee-bd9c-42af-b402-77e01a51e49b","[PREMIUM]","New",2019,"GMC","Acadia","SLT-1","[PREMIUM]","[PREMIUM]",11,"SUV","Summit White",,"All-wheel Drive",,,"Gasoline",,,"dealership","[PREMIUM]","Norwood","MA","[PREMIUM]",,"[]",,,"[PREMIUM]"
"0eca9956-2c76-4a30-8d6e-2fd0512810f3","2026-05-28 22:27:42.899","2026-05-31 22:28:03.908","0eca9956-2c76-4a30-8d6e-2fd0512810f3","[PREMIUM]","New",2019,"GMC","Sierra 1500","Base","[PREMIUM]","[PREMIUM]",10,"Truck","Summit White",,"Four-wheel Drive",,,"E85 Flex Fuel",,,"dealership","[PREMIUM]","Norwood","MA","[PREMIUM]",,"[]",,,"[PREMIUM]"
"fca89714-5930-4b17-9bfd-7c0ec12df291","2026-05-28 22:27:42.895","2026-05-28 22:27:42.895","fca89714-5930-4b17-9bfd-7c0ec12df291","[PREMIUM]","Used",2019,"Dodge","Charger","SRT Hellcat","[PREMIUM]","[PREMIUM]",87890,"Sedan","White Knuckle Clearcoat","Black","Rear-wheel Drive",,,"Gasoline",,,"dealership","[PREMIUM]","Waldorf","MD","[PREMIUM]",,"[]",,,"[PREMIUM]"
"02186ad1-abc7-45d6-9b3d-20ca42742659","2026-05-28 22:27:42.891","2026-05-28 22:27:42.891","02186ad1-abc7-45d6-9b3d-20ca42742659","[PREMIUM]","Used",2020,"Ford","Mustang","GT Premium","[PREMIUM]","[PREMIUM]",9071,"Coupe","Oxford White","Ebony","Rear-wheel Drive",,,"Gasoline",,,"dealership","[PREMIUM]","Costa Mesa","CA","[PREMIUM]",,"[]",,,"[PREMIUM]"
"5accf227-9248-42fb-be35-5319314b471d","2026-05-28 22:27:31.674","2026-05-28 22:27:31.674","5accf227-9248-42fb-be35-5319314b471d","[PREMIUM]","Used",2020,"GMC","Sierra 1500","Denali","[PREMIUM]","[PREMIUM]",69970,"Truck","Onyx Black","Jet Black","Four-wheel Drive",,,"Gasoline",,,"dealership","[PREMIUM]","Daytona Beach","FL","[PREMIUM]",,"[]",,,"[PREMIUM]"
"3408b237-1ab7-4ab2-8404-82b5dd6edcea","2026-05-28 22:27:30.068","2026-05-28 22:27:30.068","3408b237-1ab7-4ab2-8404-82b5dd6edcea","[PREMIUM]","Used",2020,"Cadillac","Escalade","ESV Luxury","[PREMIUM]","[PREMIUM]",51939,"SUV","Gray","GRAY","Rear-wheel Drive",,,"Gasoline",,,"dealership","[PREMIUM]","Palmdale","CA","[PREMIUM]",,"[]",,,"[PREMIUM]"
"57ee4b8e-6dad-4c97-95ac-8e4c20374cf2","2026-05-28 22:27:29.884","2026-05-28 22:27:29.884","57ee4b8e-6dad-4c97-95ac-8e4c20374cf2","[PREMIUM]","New",2020,"GMC","Terrain","Denali","[PREMIUM]","[PREMIUM]",13,"SUV","Satin Steel Metallic",,"All-wheel Drive",,,"Gasoline",,,"dealership","[PREMIUM]","Norwood","MA","[PREMIUM]",,"[]",,,"[PREMIUM]"
"09081ba2-32ce-4eed-887d-ad77ffc1a103","2026-05-28 22:27:29.840","2026-05-28 22:27:29.840","09081ba2-32ce-4eed-887d-ad77ffc1a103","[PREMIUM]","New",2020,"Buick","Envision","Essence","[PREMIUM]","[PREMIUM]",10,"SUV","Chili Red Metallic",,"All-wheel Drive",,,"Gasoline",,,"dealership","[PREMIUM]","Norwood","MA","[PREMIUM]",,"[]",,,"[PREMIUM]"
"69b09e94-18ab-4137-9655-c3b770de9d0e","2026-05-28 22:27:29.835","2026-05-31 22:28:14.104","69b09e94-18ab-4137-9655-c3b770de9d0e","[PREMIUM]","Used",2020,"Jaguar","F-PACE","SVR","[PREMIUM]","[PREMIUM]",52524,"SUV","Firenze Red","Ebony / Ebony","All-wheel Drive",,,"Gasoline",,,"dealership","[PREMIUM]","Reno","NV","[PREMIUM]",,"[]",,,"[PREMIUM]"
"81fcc2aa-6a89-42c5-8403-519580125e88","2026-05-28 22:27:29.834","2026-05-31 22:27:41.084","81fcc2aa-6a89-42c5-8403-519580125e88","[PREMIUM]","New",2020,"GMC","Acadia","SLT","[PREMIUM]","[PREMIUM]",11,"SUV","Quicksilver Metallic",,"All-wheel Drive",,,"Gasoline",,,"dealership","[PREMIUM]","Norwood","MA","[PREMIUM]",,"[]",,,"[PREMIUM]"
"307517d6-ddf8-4aa4-bd5d-fd18e95609e7","2026-05-28 22:27:29.822","2026-05-31 22:27:41.096","307517d6-ddf8-4aa4-bd5d-fd18e95609e7","[PREMIUM]","New",2020,"GMC","Terrain","Denali","[PREMIUM]","[PREMIUM]",11,"SUV","Quicksilver Metallic",,"All-wheel Drive",,,"Gasoline",,,"dealership","[PREMIUM]","Norwood","MA","[PREMIUM]",,"[]",,,"[PREMIUM]"
"09c74f80-e310-4003-97ef-e1605249b96c","2026-05-28 22:27:29.799","2026-05-28 22:27:29.799","09c74f80-e310-4003-97ef-e1605249b96c","[PREMIUM]","New",2020,"GMC","Terrain","Denali","[PREMIUM]","[PREMIUM]",13,"SUV","Satin Steel Metallic",,"All-wheel Drive",,,"Gasoline",,,"dealership","[PREMIUM]","Norwood","MA","[PREMIUM]",,"[]",,,"[PREMIUM]"
"7c242390-2a13-4202-8a28-79928a7d7eac","2026-05-28 22:27:29.783","2026-05-31 22:27:41.032","7c242390-2a13-4202-8a28-79928a7d7eac","[PREMIUM]","Used",2020,"Ford","Mustang","GT Premium","[PREMIUM]","[PREMIUM]",44240,"Coupe","Oxford White","Ebony w/Metal Gray Stitch","Rear-wheel Drive",,,"Gasoline",,,"dealership","[PREMIUM]","Wesley Chapel","FL","[PREMIUM]",,"[]",,,"[PREMIUM]"
"b257e2e7-8b5a-432c-8b9a-6097647330a0","2026-05-28 22:27:29.783","2026-05-28 22:27:29.783","b257e2e7-8b5a-432c-8b9a-6097647330a0","[PREMIUM]","Used",2020,"Toyota","Tundra","SR5","[PREMIUM]","[PREMIUM]",56371,"Truck","Midnight Black Metallic","Black","Four-wheel Drive",,,"Gasoline",,,"dealership","[PREMIUM]","Little Rock","AR","[PREMIUM]",,"[]",,,"[PREMIUM]"
"7644e9ba-7611-44bd-9017-b08df991f8af","2026-05-28 22:27:29.779","2026-05-28 22:27:29.779","7644e9ba-7611-44bd-9017-b08df991f8af","[PREMIUM]","New",2020,"GMC","Terrain","SLT","[PREMIUM]","[PREMIUM]",1,"SUV","Graphite Gray Metallic",,"All-wheel Drive",,,,,,"dealership","[PREMIUM]","Norwood","MA","[PREMIUM]",,"[]",,,"[PREMIUM]"
"31f0c5c2-cc42-47e7-a6f6-c6f643182981","2026-05-28 22:27:29.750","2026-05-28 22:27:29.750","31f0c5c2-cc42-47e7-a6f6-c6f643182981","[PREMIUM]","New",2020,"GMC","Terrain","Denali","[PREMIUM]","[PREMIUM]",1,"SUV","Satin Steel Metallic",,"All-wheel Drive",,,,,,"dealership","[PREMIUM]","Norwood","MA","[PREMIUM]",,"[]",,,"[PREMIUM]"
"f42afac4-271d-4ea8-bc30-ab205a43bf12","2026-05-28 22:27:29.737","2026-05-28 22:27:29.737","f42afac4-271d-4ea8-bc30-ab205a43bf12","[PREMIUM]","Used",2020,"GMC","Sierra 1500","AT4","[PREMIUM]","[PREMIUM]",88419,"Truck","Dark Sky Metallic","Jet Black","4WD",,,"Gasoline",,,"dealership","[PREMIUM]","Sunnyside","WA","[PREMIUM]",,"[]",,,"[PREMIUM]"
"b7a90f91-f185-4561-800e-ff211855e4de","2026-05-28 22:27:29.733","2026-05-28 22:27:29.733","b7a90f91-f185-4561-800e-ff211855e4de","[PREMIUM]","New",2020,"Buick","Envision","Essence","[PREMIUM]","[PREMIUM]",13,"SUV","Dark Moon Blue Metallic",,"All-wheel Drive",,,"Gasoline",,,"dealership","[PREMIUM]","Norwood","MA","[PREMIUM]",,"[]",,,"[PREMIUM]"
"4b376646-86cf-44ca-b7d9-b02c0955d8d9","2026-05-28 22:27:29.692","2026-05-28 22:27:29.692","4b376646-86cf-44ca-b7d9-b02c0955d8d9","[PREMIUM]","Used",2020,"RAM","2500","LIMITED","[PREMIUM]","[PREMIUM]",103021,"Truck","Pearl White","BLACK",,,,,,,"dealership","[PREMIUM]","Ardmore","OK","[PREMIUM]",,"[]",,,"[PREMIUM]"
"fce1a9f1-075a-419c-9a91-90c9d8642041","2026-05-28 22:26:28.752","2026-05-28 22:26:28.752","fce1a9f1-075a-419c-9a91-90c9d8642041","[PREMIUM]","Used",2021,"Ford","F-250","XLT","[PREMIUM]","[PREMIUM]",63568,"Truck","Oxford White","Gray","Four-wheel Drive",,,"Gasoline",,,"dealership","[PREMIUM]","Colusa","CA","[PREMIUM]",,"[]",,,"[PREMIUM]"
"836c2d66-2c03-429f-82eb-80d0e14ad951","2026-05-28 22:26:28.452","2026-05-28 22:26:28.452","836c2d66-2c03-429f-82eb-80d0e14ad951","[PREMIUM]","Used",2021,"Ford","F-150","King Ranch","[PREMIUM]","[PREMIUM]",36954,"Truck","Rapid Red Metallic Tinted Clearcoat","Java","4WD",,,"Gasoline",,,"dealership","[PREMIUM]","Highmore","SD","[PREMIUM]",,"[]",,,"[PREMIUM]"
"4841c2f9-b274-43be-ae19-9531cfd00c19","2026-05-28 22:26:28.414","2026-05-28 22:26:28.414","4841c2f9-b274-43be-ae19-9531cfd00c19","[PREMIUM]","Used",2021,"BMW","M340","i","[PREMIUM]","[PREMIUM]",67273,"Sedan","Mineral Gray Metallic","Black","Rear-wheel Drive",,,"Gasoline",,,"dealership","[PREMIUM]","Lake Bluff","IL","[PREMIUM]",,"[]",,,"[PREMIUM]"
"19f62816-d187-4429-b228-1eb8d0138aff","2026-05-28 22:26:17.523","2026-05-28 22:26:17.523","19f62816-d187-4429-b228-1eb8d0138aff","[PREMIUM]","Used",2021,"Lexus","GX 460",,"[PREMIUM]","[PREMIUM]",73776,"SUV","Black","BLACK","Four-wheel Drive",,,"Gasoline",,,"dealership","[PREMIUM]","Austin","TX","[PREMIUM]",,"[]",,,"[PREMIUM]"
"b7808523-880d-42ec-8308-cfd5b53134c3","2026-05-28 22:26:17.323","2026-05-28 22:26:17.323","b7808523-880d-42ec-8308-cfd5b53134c3","[PREMIUM]","Used",2021,"BMW","M440","I xDrive","[PREMIUM]","[PREMIUM]",44143,"Coupe","Blue","BLACK","Four-wheel Drive",,,"Gasoline",,,"dealership","[PREMIUM]","Renton","WA","[PREMIUM]",,"[]",,,"[PREMIUM]"
"932ca3da-6e5a-42fd-9ffa-eb5c03330e19","2026-05-28 22:26:17.318","2026-05-28 22:26:17.318","932ca3da-6e5a-42fd-9ffa-eb5c03330e19","[PREMIUM]","Used",2021,"Toyota","Tacoma","TRD Pro Double Cab 5&#39; Bed V6 AT (Natl)","[PREMIUM]","[PREMIUM]",74523,"Truck","Magnetic Gray Metallic","Black","Four-wheel Drive",,,"Gasoline",,,"dealership","[PREMIUM]","Hollywood","MD","[PREMIUM]",,"[]",,,"[PREMIUM]"
"c9451677-185a-4a0a-8672-8e6cf97292bc","2026-05-28 22:26:17.291","2026-05-28 22:26:17.291","c9451677-185a-4a0a-8672-8e6cf97292bc","[PREMIUM]","Used",2021,"INFINITI","QX80","SENSORY AWD","[PREMIUM]","[PREMIUM]",44250,"SUV","Moonstone White","Wheat","Four-wheel Drive",,,"Gasoline",,,"dealership","[PREMIUM]","Tampa","FL","[PREMIUM]",,"[]",,,"[PREMIUM]"
"c7ef109d-bb94-427b-b2e3-808b4d305fa3","2026-05-28 22:26:17.291","2026-05-28 22:26:17.291","c7ef109d-bb94-427b-b2e3-808b4d305fa3","[PREMIUM]","Used",2021,"Toyota","Tacoma","TRD Pro","[PREMIUM]","[PREMIUM]",60306,"Truck","Gray","BLACK","Four-wheel Drive",,,"Gasoline",,,"dealership","[PREMIUM]","Hillside","IL","[PREMIUM]",,"[]",,,"[PREMIUM]"
"fbf257a4-3629-409c-9f52-26ece7e51c33","2026-05-28 22:26:17.286","2026-05-28 22:26:17.286","fbf257a4-3629-409c-9f52-26ece7e51c33","[PREMIUM]","Used",2021,"RAM","1500","Laramie","[PREMIUM]","[PREMIUM]",61531,"Truck","Black","BLACK","Four-wheel Drive",,,"Gasoline",,,"dealership","[PREMIUM]","Irving","TX","[PREMIUM]",,"[]",,,"[PREMIUM]"
"8b9534b0-0f75-44ad-abea-57098c58ec89","2026-05-28 22:26:17.281","2026-05-28 22:26:17.281","8b9534b0-0f75-44ad-abea-57098c58ec89","[PREMIUM]","Used",2021,"Chevrolet","Silverado 1500","LTZ","[PREMIUM]","[PREMIUM]",45662,"Truck","Black","Jet Black","Four-wheel Drive",,,"Gasoline",,,"dealership","[PREMIUM]","Kent","WA","[PREMIUM]",,"[]",,,"[PREMIUM]"
"795270d4-79b4-4fd5-af16-948a7c749c54","2026-05-28 22:26:17.257","2026-05-28 22:26:17.257","795270d4-79b4-4fd5-af16-948a7c749c54","[PREMIUM]","Used",2021,"Mercedes-Benz","AMG E 53","Base 4MATIC","[PREMIUM]","[PREMIUM]",69221,"Convertible","Mojave Silver Metallic","Black","All-wheel Drive",,,"Gasoline",,,"dealership","[PREMIUM]","Newark","CA","[PREMIUM]",,"[]",,,"[PREMIUM]"
"41ac2ca1-0b9e-4cdb-a58b-44a703c8b518","2026-05-28 22:26:17.231","2026-05-28 22:26:17.231","41ac2ca1-0b9e-4cdb-a58b-44a703c8b518","[PREMIUM]","Used",2021,"Mercedes-Benz","AMG E 53",,"[PREMIUM]","[PREMIUM]",45631,"Sedan","Gray","BLACK","Four-wheel Drive",,,"Gasoline",,,"dealership","[PREMIUM]","Gaithersburg","MD","[PREMIUM]",,"[]",,,"[PREMIUM]"
"04b126a0-fc31-4b6c-b851-8de97d9ac846","2026-05-28 22:26:06.681","2026-05-28 22:26:06.681","04b126a0-fc31-4b6c-b851-8de97d9ac846","[PREMIUM]","Used",2022,"Chevrolet","Silverado 1500","LT Trail Boss","[PREMIUM]","[PREMIUM]",43317,"Truck","Silver Ice Metallic","Jet Black","Four-wheel Drive",,,"Gasoline",,,"dealership","[PREMIUM]","Conroe","TX","[PREMIUM]",,"[]",,,"[PREMIUM]"
"464ee543-51ea-4204-9e96-faed8a3b11b0","2026-05-28 22:25:56.416","2026-05-28 22:25:56.416","464ee543-51ea-4204-9e96-faed8a3b11b0","[PREMIUM]","Used",2022,"Ford","F-150","Lariat","[PREMIUM]","[PREMIUM]",47332,"Truck","Star White","Black","Four-wheel Drive",,,"Hybrid",,,"dealership","[PREMIUM]","Newnan","GA","[PREMIUM]",,"[]",,,"[PREMIUM]"
"5366d108-386b-4743-b43e-3e0bdd7eddf6","2026-05-28 22:25:56.316","2026-05-28 22:25:56.316","5366d108-386b-4743-b43e-3e0bdd7eddf6","[PREMIUM]","Used",2022,"Dodge","Challenger","R/T","[PREMIUM]","[PREMIUM]",9105,"Coupe","F8 Green","Black","Rear-wheel Drive",,,"Gasoline",,,"dealership","[PREMIUM]","Sanford","NC","[PREMIUM]",,"[]",,,"[PREMIUM]"
"c9255c18-e7f2-41ce-aec3-f4a2cd9abc70","2026-05-28 22:24:25.957","2026-05-28 22:24:25.957","c9255c18-e7f2-41ce-aec3-f4a2cd9abc70","[PREMIUM]","Used",2022,"RAM","1500","Rebel","[PREMIUM]","[PREMIUM]",57062,"Truck","Diamond Black Crystal Pearlcoat","Black","Four-wheel Drive",,,"Gasoline",,,"dealership","[PREMIUM]","Urbana","IL","[PREMIUM]",,"[]",,,"[PREMIUM]"
"422bfcf3-4c3e-460d-a595-36f449827f5c","2026-05-28 22:24:15.470","2026-05-28 22:24:15.470","422bfcf3-4c3e-460d-a595-36f449827f5c","[PREMIUM]","Used",2022,"BMW","X7","xDrive40i","[PREMIUM]","[PREMIUM]",65626,"SUV","Carbon Black Metallic","Cognac","All-wheel Drive",,,"Gasoline",,,"dealership","[PREMIUM]","Norwood","MA","[PREMIUM]",,"[]",,,"[PREMIUM]"
"dee45e88-f054-4582-ae89-c935326ba65e","2026-05-28 22:24:15.166","2026-05-28 22:24:15.166","dee45e88-f054-4582-ae89-c935326ba65e","[PREMIUM]","Used",2022,"Chevrolet","Silverado 1500","LT Trail Boss","[PREMIUM]","[PREMIUM]",58397,"Truck","Summit White","Jet Black","Four-wheel Drive",,,"Gasoline",,,"dealership","[PREMIUM]","Frisco","TX","[PREMIUM]",,"[]",,,"[PREMIUM]"
"3af010ec-c3f9-4940-a5df-2a49a3733ad5","2026-05-28 22:24:14.892","2026-05-28 22:24:14.892","3af010ec-c3f9-4940-a5df-2a49a3733ad5","[PREMIUM]","Used",2022,"Lexus","NX 350h","Premium","[PREMIUM]","[PREMIUM]",49915,"SUV","White","BLACK","Four-wheel Drive",,,"Hybrid",,,"dealership","[PREMIUM]","Colorado Springs","CO","[PREMIUM]",,"[]",,,"[PREMIUM]"
"05321cdc-4e6f-4088-ae5a-d46a2e58571d","2026-05-28 22:24:14.675","2026-05-28 22:24:14.675","05321cdc-4e6f-4088-ae5a-d46a2e58571d","[PREMIUM]","Used",2022,"GMC","Sierra 2500","SLE","[PREMIUM]","[PREMIUM]",66800,"Truck","Onyx Black","Jet Black","Four-wheel Drive",,,"Gasoline",,,"dealership","[PREMIUM]","Reno","NV","[PREMIUM]",,"[]",,,"[PREMIUM]"
"de003664-67aa-4bb8-bb2a-ded52103ec59","2026-05-28 22:24:14.615","2026-05-28 22:24:14.615","de003664-67aa-4bb8-bb2a-ded52103ec59","[PREMIUM]","Used",2022,"BMW","M440","i","[PREMIUM]","[PREMIUM]",59500,"Coupe","Gray","Red","Rear-wheel Drive",,,"Hybrid",,,"private","[PREMIUM]",,,"[PREMIUM]",,"[]",,,"[PREMIUM]"
"e9c40fdf-e1b5-43e9-8e82-579ffe1427ca","2026-05-28 22:24:14.082","2026-05-28 22:24:14.082","e9c40fdf-e1b5-43e9-8e82-579ffe1427ca","[PREMIUM]","Used",2022,"BMW","X5","xDrive40i","[PREMIUM]","[PREMIUM]",34414,"SUV","Black","Black","All-wheel Drive",,,"Gasoline",,,"dealership","[PREMIUM]","Streetsboro","OH","[PREMIUM]",,"[]",,,"[PREMIUM]"
"2e605f06-137e-4b4e-ae6c-c31397756780","2026-05-28 22:24:14.064","2026-05-28 22:24:14.064","2e605f06-137e-4b4e-ae6c-c31397756780","[PREMIUM]","Used",2022,"Ford","Mustang","GT Premium","[PREMIUM]","[PREMIUM]",24621,"Coupe","Black","BLACK","Rear-wheel Drive",,,"Gasoline",,,"dealership","[PREMIUM]","Tuscaloosa","AL","[PREMIUM]",,"[]",,,"[PREMIUM]"
"fb0d9ba7-7e54-45cc-90fe-f6f8248cdab7","2026-05-28 22:23:13.662","2026-05-28 22:23:13.662","fb0d9ba7-7e54-45cc-90fe-f6f8248cdab7","[PREMIUM]","Used",2023,"Volvo","XC90","B5 Plus","[PREMIUM]","[PREMIUM]",18783,"SUV","Silver","Maroon","All-wheel Drive",,,"Gasoline",,,"dealership","[PREMIUM]","Doylestown","PA","[PREMIUM]",,"[]",,,"[PREMIUM]"
"c9e6771e-d189-4523-8325-3ded20d398ce","2026-05-28 22:23:03.376","2026-05-28 22:23:03.376","c9e6771e-d189-4523-8325-3ded20d398ce","[PREMIUM]","Used",2023,"Chevrolet","Tahoe","LT","[PREMIUM]","[PREMIUM]",62650,"SUV","Midnight Blue Metallic","Jet Black","Four-wheel Drive",,,"Gasoline",,,"dealership","[PREMIUM]","Minneapolis","MN","[PREMIUM]",,"[]",,,"[PREMIUM]"
"c3baf281-3bbd-4f70-af50-26a859d63f7e","2026-05-28 22:22:52.925","2026-05-31 22:23:08.184","c3baf281-3bbd-4f70-af50-26a859d63f7e","[PREMIUM]","Used",2023,"Chevrolet","Silverado 1500","RST","[PREMIUM]","[PREMIUM]",62835,"Truck","Sterling Gray Metallic","Jet Black","Four-wheel Drive",,,"Gasoline",,,"dealership","[PREMIUM]","Spokane","WA","[PREMIUM]",,"[]",,,"[PREMIUM]"
"e4432036-992e-4dc0-b9f7-61732c73daec","2026-05-28 22:22:52.887","2026-05-28 22:22:52.887","e4432036-992e-4dc0-b9f7-61732c73daec","[PREMIUM]","Used",2023,"Chevrolet","Silverado 1500","RST","[PREMIUM]","[PREMIUM]",32936,"Truck","Radiant Red Tintcoat","Jet Black","Four-wheel Drive",,,"Gasoline",,,"dealership","[PREMIUM]","Westbrook","ME","[PREMIUM]",,"[]",,,"[PREMIUM]"
"2fbb304b-5f89-4f66-81a4-16d1098d4fbd","2026-05-28 22:22:42.449","2026-05-28 22:22:42.449","2fbb304b-5f89-4f66-81a4-16d1098d4fbd","[PREMIUM]","Used",2023,"Mercedes-Benz","GLC 300","Base","[PREMIUM]","[PREMIUM]",21088,"SUV","Cirrus Silver Metallic","Black","Rear-wheel Drive",,,"Gasoline",,,"dealership","[PREMIUM]","Coral Gables","FL","[PREMIUM]",,"[]",,,"[PREMIUM]"
"4e636f79-d251-4cca-aa7d-9ffd9a6b3c23","2026-05-28 22:22:42.119","2026-05-28 22:22:42.119","4e636f79-d251-4cca-aa7d-9ffd9a6b3c23","[PREMIUM]","Used",2023,"Ford","F-150","XL","[PREMIUM]","[PREMIUM]",21958,"Truck","ANTIMATTER BLUE METALLIC","BLACK SPORT CLOTH40/CON/40","Four-wheel Drive",,,"Gasoline",,,"dealership","[PREMIUM]","Davenport","IA","[PREMIUM]",,"[]",,,"[PREMIUM]"
"ef8de25c-675a-4c97-9581-4bc3378b30c7","2026-05-28 22:22:42.096","2026-05-28 22:22:42.096","ef8de25c-675a-4c97-9581-4bc3378b30c7","[PREMIUM]","Used",2023,"Chevrolet","Silverado 1500","Custom","[PREMIUM]","[PREMIUM]",26999,"Truck","Glacier Blue Metallic","Jet Black","Four-wheel Drive",,,"Gasoline",,,"dealership","[PREMIUM]","Los Angeles","CA","[PREMIUM]",,"[]",,,"[PREMIUM]"
"489134a3-69e5-4025-bab9-4c729ad8eb6b","2026-05-28 22:22:42.094","2026-05-28 22:22:42.094","489134a3-69e5-4025-bab9-4c729ad8eb6b","[PREMIUM]","Used",2023,"Ford","F-150","XLT","[PREMIUM]","[PREMIUM]",25275,"Truck","Stone Gray Metallic","Black w/Medium Dark Slate","Four-wheel Drive",,,"Gasoline",,,"dealership","[PREMIUM]","Nevada","MO","[PREMIUM]",,"[]",,,"[PREMIUM]"
"086c364b-e3da-4152-9751-1df4bbb12f2c","2026-05-28 22:22:42.093","2026-05-28 22:22:42.093","086c364b-e3da-4152-9751-1df4bbb12f2c","[PREMIUM]","Used",2023,"Honda","Pilot","AWD Elite","[PREMIUM]","[PREMIUM]",36700,"SUV","Modern Steel Metallic","Brown","All-wheel Drive",,,"Gasoline",,,"dealership","[PREMIUM]","Streetsboro","OH","[PREMIUM]",,"[]",,,"[PREMIUM]"
"07e11117-d699-420a-98b2-103265dbd8f8","2026-05-28 22:22:42.078","2026-05-28 22:22:42.078","07e11117-d699-420a-98b2-103265dbd8f8","[PREMIUM]","Used",2023,"Jeep","Wagoneer L","Series II","[PREMIUM]","[PREMIUM]",63620,"SUV","Bright White Clearcoat","Global Black","Four-wheel Drive",,,"Gasoline",,,"dealership","[PREMIUM]","Los Angeles","CA","[PREMIUM]",,"[]",,,"[PREMIUM]"
"604f9d67-cd2a-4d33-91d2-f1c259ed05a4","2026-05-28 22:22:42.061","2026-05-31 22:22:58.131","604f9d67-cd2a-4d33-91d2-f1c259ed05a4","[PREMIUM]","Used",2023,"Dodge","Challenger","R/T","[PREMIUM]","[PREMIUM]",2205,"Coupe","White Knuckle Clearcoat","Black","Rear-wheel Drive",,,"Gasoline",,,"dealership","[PREMIUM]","Delta","CO","[PREMIUM]",,"[]",,,"[PREMIUM]"
"7bacb250-1627-4d97-bf65-c5e973102417","2026-05-28 22:22:31.385","2026-05-28 22:22:31.385","7bacb250-1627-4d97-bf65-c5e973102417","[PREMIUM]","Used",2023,"Cadillac","XT6","Sport AWD","[PREMIUM]","[PREMIUM]",42030,"SUV","Crystal White Tricoat","Cirrus/Jet Black Accents","All-wheel Drive",,,"Gasoline",,,"dealership","[PREMIUM]","Platte City","MO","[PREMIUM]",,"[]",,,"[PREMIUM]"
"847cac74-6a59-410d-857d-66e2fcebd677","2026-05-28 22:22:31.321","2026-05-28 22:22:31.321","847cac74-6a59-410d-857d-66e2fcebd677","[PREMIUM]","Used",2023,"Acura","MDX","Advance Package","[PREMIUM]","[PREMIUM]",51679,"SUV","Majestic Black Pearl","Parchment","All-wheel Drive",,,"Gasoline",,,"dealership","[PREMIUM]","Tampa","FL","[PREMIUM]",,"[]",,,"[PREMIUM]"
"4f7460e3-2809-4d2b-9ae8-aeb0ca0bc187","2026-05-28 22:22:31.260","2026-05-28 22:22:31.260","4f7460e3-2809-4d2b-9ae8-aeb0ca0bc187","[PREMIUM]","Used",2023,"GMC","Sierra 1500","AT4","[PREMIUM]","[PREMIUM]",103437,"Truck","Summit White","Jet Black","Four-wheel Drive",,,"Diesel",,,"dealership","[PREMIUM]","Humble","TX","[PREMIUM]",,"[]",,,"[PREMIUM]"
"cfc6ae27-4250-4991-a986-58577f6fa6f9","2026-05-28 22:22:31.229","2026-05-28 22:22:31.229","cfc6ae27-4250-4991-a986-58577f6fa6f9","[PREMIUM]","Used",2023,"GMC","Sierra 1500","Pro","[PREMIUM]","[PREMIUM]",13075,"Truck","Summit White","Jet Black","Four-wheel Drive",,,"Gasoline",,,"dealership","[PREMIUM]","Massillon","OH","[PREMIUM]",,"[]",,,"[PREMIUM]"
"252acef1-0a5d-4587-ac4f-a5ddd3be5ce5","2026-05-28 22:22:31.169","2026-05-28 22:22:31.169","252acef1-0a5d-4587-ac4f-a5ddd3be5ce5","[PREMIUM]","Used",2023,"Ford","F-150","XLT","[PREMIUM]","[PREMIUM]",40906,"Truck","Iconic Silver Metallic","Black","Four-wheel Drive",,,"Hybrid",,,"dealership","[PREMIUM]","Chattanooga","TN","[PREMIUM]",,"[]",,,"[PREMIUM]"
"bba248c6-3841-40ee-bd79-c3bf1a9afaf7","2026-05-28 22:22:10.438","2026-05-28 22:22:10.438","bba248c6-3841-40ee-bd79-c3bf1a9afaf7","[PREMIUM]","Used",2023,"Ford","Transit-350","Base","[PREMIUM]","[PREMIUM]",80107,"Cargo Van","Oxford White","GRAY","Rear-wheel Drive",,,"Gasoline",,,"dealership","[PREMIUM]","Caledonia","MI","[PREMIUM]",,"[]",,,"[PREMIUM]"
"0a900085-78cb-4e94-a48e-a909d740fd46","2026-05-28 22:22:08.579","2026-05-28 22:22:08.579","0a900085-78cb-4e94-a48e-a909d740fd46","[PREMIUM]","Used",2023,"Audi","Q5","55 S line Premium Plus","[PREMIUM]","[PREMIUM]",1447,"SUV","Mythos Black Metallic","Black","All-wheel Drive",,,"Gasoline",,,"dealership","[PREMIUM]","Costa Mesa","CA","[PREMIUM]",,"[]",,,"[PREMIUM]"
"a8fd029c-2c34-4831-a02e-20f618ec6fd9","2026-05-28 22:22:08.478","2026-05-28 22:22:08.478","a8fd029c-2c34-4831-a02e-20f618ec6fd9","[PREMIUM]","Used",2023,"RAM","1500","Laramie","[PREMIUM]","[PREMIUM]",37345,"Truck","Patriot Blue Pearlcoat","Black","Four-wheel Drive",,,"Gasoline",,,"dealership","[PREMIUM]","Urbana","IL","[PREMIUM]",,"[]",,,"[PREMIUM]"
"90dfa793-0432-4ecc-a6d2-5742b882abff","2026-05-28 22:22:08.277","2026-05-28 22:22:08.277","90dfa793-0432-4ecc-a6d2-5742b882abff","[PREMIUM]","Used",2023,"RAM","1500","Big Horn/Lone Star","[PREMIUM]","[PREMIUM]",45688,"Truck","Bright White Clearcoat","Black","Four-wheel Drive",,,"Gasoline",,,"dealership","[PREMIUM]","Urbana","IL","[PREMIUM]",,"[]",,,"[PREMIUM]"
"481a3164-f98d-412a-8e4f-009c3f7d884d","2026-05-28 22:22:08.274","2026-05-31 22:22:17.855","481a3164-f98d-412a-8e4f-009c3f7d884d","[PREMIUM]","Used",2023,"Acura","MDX","Technology Package","[PREMIUM]","[PREMIUM]",57125,"SUV","Performance Red Pearl",,"All-wheel Drive",,,"Gasoline",,,"dealership","[PREMIUM]","Bentonville","AR","[PREMIUM]",,"[]",,,"[PREMIUM]"
"96ba59fe-cc59-40a0-87d2-22ee3b916c47","2026-05-28 22:22:08.228","2026-05-28 22:22:08.228","96ba59fe-cc59-40a0-87d2-22ee3b916c47","[PREMIUM]","Used",2023,"Genesis","GV80","2.5T","[PREMIUM]","[PREMIUM]",16399,"SUV","Vik Black","Brown/Beige","All-wheel Drive",,,"Gasoline",,,"dealership","[PREMIUM]","Lexington","KY","[PREMIUM]",,"[]",,,"[PREMIUM]"
"25c4b7cc-7a05-43bd-85e1-9672200327b6","2026-05-28 22:22:08.222","2026-05-28 22:22:08.222","25c4b7cc-7a05-43bd-85e1-9672200327b6","[PREMIUM]","Used",2023,"Jeep","Grand Cherokee L","Summit","[PREMIUM]","[PREMIUM]",33252,"SUV","Bright White Clearcoat","Global Black","Four-wheel Drive",,,"Gasoline",,,"dealership","[PREMIUM]","Frisco","TX","[PREMIUM]",,"[]",,,"[PREMIUM]"
"8067b5e1-20d2-47cf-83ab-cfb032fd1fd2","2026-05-28 22:22:08.195","2026-05-28 22:22:08.195","8067b5e1-20d2-47cf-83ab-cfb032fd1fd2","[PREMIUM]","Used",2023,"Ford","F-150","XLT","[PREMIUM]","[PREMIUM]",4567,"Truck","Oxford White","Black w/Medium Dark Slate","Four-wheel Drive",,,"Gasoline",,,"dealership","[PREMIUM]","Idaho Falls","ID","[PREMIUM]",,"[]",,,"[PREMIUM]"
"c9ae2720-7250-4eae-8bb4-e0e17ff3142f","2026-05-28 22:22:08.188","2026-05-28 22:22:08.188","c9ae2720-7250-4eae-8bb4-e0e17ff3142f","[PREMIUM]","Used",2023,"Mercedes-Benz","EQE 350+","Base","[PREMIUM]","[PREMIUM]",25747,"SUV","Emerald Green Metallic","Black","Rear-wheel Drive",,,"Electric",,,"dealership","[PREMIUM]","Las Vegas","NV","[PREMIUM]",,"[]",,,"[PREMIUM]"
"68e8819c-b49a-4d09-95b1-f3f4e628c02c","2026-05-28 22:22:08.180","2026-05-28 22:22:08.180","68e8819c-b49a-4d09-95b1-f3f4e628c02c","[PREMIUM]","Used",2023,"Ford","F-150","XL","[PREMIUM]","[PREMIUM]",31668,"Truck","CARBONIZED GRAY METALLIC","BLACK SPORT 40/CONSOLE/40",,,,,,,"dealership","[PREMIUM]","Tawas City","MI","[PREMIUM]",,"[]",,,"[PREMIUM]"
"3d1f2ee9-8e64-4859-bf43-a97a3b921ef8","2026-05-28 22:22:08.174","2026-05-31 22:22:17.820","3d1f2ee9-8e64-4859-bf43-a97a3b921ef8","[PREMIUM]","Used",2023,"Mercedes-Benz","C-Class","C 300","[PREMIUM]","[PREMIUM]",6274,"Coupe","Polar White","Porcelain/Black","Unknown",,,"Gasoline",,,"dealership","[PREMIUM]","Bloomfield Hills","MI","[PREMIUM]",,"[]",,,"[PREMIUM]"
"bda41c80-291b-472e-9a13-a2ac66200f04","2026-05-28 22:22:08.170","2026-05-28 22:22:08.170","bda41c80-291b-472e-9a13-a2ac66200f04","[PREMIUM]","Used",2023,"Ford","F-150","XLT","[PREMIUM]","[PREMIUM]",31018,"Truck","Iconic Silver Metallic","Black","Four-wheel Drive",,,"Gasoline",,,"dealership","[PREMIUM]","Toledo","OH","[PREMIUM]",,"[]",,,"[PREMIUM]"
"490870b0-b700-4361-921f-eca2be70dff5","2026-05-28 22:22:08.164","2026-05-28 22:22:08.164","490870b0-b700-4361-921f-eca2be70dff5","[PREMIUM]","Used",2023,"Ford","F-150","XLT","[PREMIUM]","[PREMIUM]",23701,"Truck","Oxford White","Black","Four-wheel Drive",,,"Hybrid",,,"dealership","[PREMIUM]","Toledo","OH","[PREMIUM]",,"[]",,,"[PREMIUM]"
"52db4903-98ff-4ebf-8837-d0da640e83af","2026-05-28 22:22:08.149","2026-05-28 22:22:08.149","52db4903-98ff-4ebf-8837-d0da640e83af","[PREMIUM]","Used",2023,"Toyota","4Runner","SR5 Premium","[PREMIUM]","[PREMIUM]",42227,"SUV","Classic Silver Metallic","Black/Graphite","Four-wheel Drive",,,"Gasoline",,,"dealership","[PREMIUM]","Lakewood","CO","[PREMIUM]",,"[]",,,"[PREMIUM]"
"c948ead2-aab6-4a99-b981-98e34f3b6992","2026-05-28 22:22:08.123","2026-05-31 22:22:17.753","c948ead2-aab6-4a99-b981-98e34f3b6992","[PREMIUM]","Used",2023,"Ford","Explorer","ST","[PREMIUM]","[PREMIUM]",28722,"SUV","AGATE BLACK METALLIC","EBONY BLACK LTHR-TRIM SEATS",,,,,,,"dealership","[PREMIUM]","Westland","MI","[PREMIUM]",,"[]",,,"[PREMIUM]"
"8081df9a-1283-4b62-b044-ed9b7a3b843c","2026-05-28 22:22:08.106","2026-05-28 22:22:08.106","8081df9a-1283-4b62-b044-ed9b7a3b843c","[PREMIUM]","Used",2023,"Mercedes-Benz","Sprinter 2500","High Roof","[PREMIUM]","[PREMIUM]",75165,"Cargo Van","White","Black","Rear-wheel Drive",,,"Gasoline",,,"dealership","[PREMIUM]","Oakland Park","FL","[PREMIUM]",,"[]",,,"[PREMIUM]"
"9351eab0-b8cd-4d85-9468-f3e2cee08fad","2026-05-28 22:21:57.016","2026-05-28 22:21:57.016","9351eab0-b8cd-4d85-9468-f3e2cee08fad","[PREMIUM]","Used",2023,"Acura","MDX","Technology","[PREMIUM]","[PREMIUM]",29839,"SUV","Performance Red Pearl","Parchment","Front-wheel Drive",,,"Gasoline",,,"dealership","[PREMIUM]","Clearwater","FL","[PREMIUM]",,"[]",,,"[PREMIUM]"
"0cf58045-6908-40e1-a7a9-4404dfb5761e","2026-05-28 22:21:56.946","2026-05-28 22:21:56.946","0cf58045-6908-40e1-a7a9-4404dfb5761e","[PREMIUM]","Used",2023,"Lincoln","Nautilus","Reserve","[PREMIUM]","[PREMIUM]",6681,"SUV","Ceramic Pearl Metallic Tinted Clearcoat","Sandstone","All-wheel Drive",,,"Gasoline",,,"dealership","[PREMIUM]","Cranston","RI","[PREMIUM]",,"[]",,,"[PREMIUM]"
"e15f5efd-26b0-4e76-b8eb-5424d47eaafe","2026-05-28 22:21:55.637","2026-05-28 22:21:55.637","e15f5efd-26b0-4e76-b8eb-5424d47eaafe","[PREMIUM]","Used",2023,"Ford","F-150","XLT","[PREMIUM]","[PREMIUM]",31590,"Truck","AGATE BLACK METALLIC","BLACK SPORT 40/CONSOLE/40","Four-wheel Drive",,,"Gasoline",,,"dealership","[PREMIUM]","Shelbyville","IN","[PREMIUM]",,"[]",,,"[PREMIUM]"
"2f5a910f-179c-46e0-99f4-7a585c185e73","2026-05-28 22:21:55.589","2026-05-28 22:21:55.589","2f5a910f-179c-46e0-99f4-7a585c185e73","[PREMIUM]","Used",2023,"Acura","MDX","A-Spec","[PREMIUM]","[PREMIUM]",32622,"SUV",,"Ebony","All-wheel Drive",,,"Gasoline",,,"dealership","[PREMIUM]","Clearwater","FL","[PREMIUM]",,"[]",,,"[PREMIUM]"
"fb985f6a-bbff-4f26-95c7-347cb5703dd0","2026-05-28 22:21:55.587","2026-05-28 22:21:55.587","fb985f6a-bbff-4f26-95c7-347cb5703dd0","[PREMIUM]","Used",2023,"Chevrolet","Suburban","Premier","[PREMIUM]","[PREMIUM]",97952,"SUV","Sterling Gray Metallic","Jet Black","Four-wheel Drive",,,"Gasoline",,,"dealership","[PREMIUM]","Newnan","GA","[PREMIUM]",,"[]",,,"[PREMIUM]"
"3b03e3a0-d44a-419e-80ca-a0ef0063b6a1","2026-05-28 22:21:55.576","2026-05-28 22:21:55.576","3b03e3a0-d44a-419e-80ca-a0ef0063b6a1","[PREMIUM]","Used",2023,"Ford","F-150","XLT","[PREMIUM]","[PREMIUM]",46741,"Truck","ANTIMATTER BLUE METALLIC","DARK SLATE CLOTH 40/20/40",,,,,,,"dealership","[PREMIUM]","Devine","TX","[PREMIUM]",,"[]",,,"[PREMIUM]"
"b295bafc-d38f-4c6a-9443-83a122da0c2b","2026-05-28 22:21:55.565","2026-05-28 22:21:55.565","b295bafc-d38f-4c6a-9443-83a122da0c2b","[PREMIUM]","Used",2023,"Chevrolet","Colorado","ZR2","[PREMIUM]","[PREMIUM]",20950,"Truck","Black","GRAY","Four-wheel Drive",,,"Gasoline",,,"dealership","[PREMIUM]","Pineville","NC","[PREMIUM]",,"[]",,,"[PREMIUM]"
"d3c0daf8-b5e9-47d0-bc0b-123d19b86437","2026-05-28 22:21:55.560","2026-05-28 22:21:55.560","d3c0daf8-b5e9-47d0-bc0b-123d19b86437","[PREMIUM]","Used",2023,"Ford","F-150","XLT","[PREMIUM]","[PREMIUM]",13125,"Truck","OXFORD WHITE","BLACK SPORT 40/CONSOLE/40",,,,,,,"dealership","[PREMIUM]","Manvel","TX","[PREMIUM]",,"[]",,,"[PREMIUM]"
"3cf6a4cb-57cf-490c-b51b-7057c85f6be8","2026-05-28 22:21:55.543","2026-05-28 22:21:55.543","3cf6a4cb-57cf-490c-b51b-7057c85f6be8","[PREMIUM]","Used",2023,"Ford","F-150","XLT","[PREMIUM]","[PREMIUM]",38807,"Truck","Avalanche","Black","Four-wheel Drive",,,"Gasoline",,,"dealership","[PREMIUM]","Colusa","CA","[PREMIUM]",,"[]",,,"[PREMIUM]"
"4fe197b1-68a1-4a66-ba81-a86a97877842","2026-05-28 22:21:55.533","2026-05-28 22:21:55.533","4fe197b1-68a1-4a66-ba81-a86a97877842","[PREMIUM]","Used",2023,"Toyota","Tundra","SR5","[PREMIUM]","[PREMIUM]",32035,"Truck","Blueprint","Black","Four-wheel Drive",,,"Gasoline",,,"dealership","[PREMIUM]","Arlington","TX","[PREMIUM]",,"[]",,,"[PREMIUM]"
"4399ab5c-73e4-4f16-a5f3-7cb52cad4d54","2026-05-28 22:21:55.531","2026-05-28 22:21:55.531","4399ab5c-73e4-4f16-a5f3-7cb52cad4d54","[PREMIUM]","Used",2023,"Ford","F-150","XLT","[PREMIUM]","[PREMIUM]",38219,"Truck","ICONIC SILVER METALLIC","DARK SLATE CLOTH 40/20/40",,,,,,,"dealership","[PREMIUM]","Bloomsburg","PA","[PREMIUM]",,"[]",,,"[PREMIUM]"
"082b4d36-5a27-4efd-b711-caf4ca5efe92","2026-05-28 22:21:55.514","2026-05-28 22:21:55.514","082b4d36-5a27-4efd-b711-caf4ca5efe92","[PREMIUM]","Used",2023,"Volvo","S90","B6 Ultimate","[PREMIUM]","[PREMIUM]",38659,"Sedan","Onyx Black Metallic","Charcoal","All-wheel Drive",,,"Gasoline",,,"dealership","[PREMIUM]","Barrington","IL","[PREMIUM]",,"[]",,,"[PREMIUM]"
"11e47564-8e25-4075-9d9e-2a1ea54e1b64","2026-05-28 22:21:55.512","2026-05-28 22:21:55.512","11e47564-8e25-4075-9d9e-2a1ea54e1b64","[PREMIUM]","Used",2023,"Land Rover","Discovery","P360 HSE R-Dynamic","[PREMIUM]","[PREMIUM]",25104,"SUV","Byron Blue","Light Oyster / Ebony","Four-wheel Drive",,,"Gasoline",,,"dealership","[PREMIUM]","Reno","NV","[PREMIUM]",,"[]",,,"[PREMIUM]"
"3e9f93f8-a711-4174-bc53-c65008923b9d","2026-05-28 22:21:53.109","2026-05-28 22:21:53.109","3e9f93f8-a711-4174-bc53-c65008923b9d","[PREMIUM]","Used",2023,"Cadillac","XT6","Premium Luxury","[PREMIUM]","[PREMIUM]",5201,"SUV","Burgundy","TAN","Rear-wheel Drive",,,"Gasoline",,,"dealership","[PREMIUM]","Fort Myers","FL","[PREMIUM]",,"[]",,,"[PREMIUM]"
"e3b491f4-37a8-4082-9661-361e7845e494","2026-05-28 22:21:52.630","2026-05-28 22:21:52.630","e3b491f4-37a8-4082-9661-361e7845e494","[PREMIUM]","Used",2023,"INFINITI","QX60","Autograph","[PREMIUM]","[PREMIUM]",46500,"SUV","Black","BROWN","Four-wheel Drive",,,"Gasoline",,,"dealership","[PREMIUM]","Austin","TX","[PREMIUM]",,"[]",,,"[PREMIUM]"
"60f13462-bd2e-4a41-b243-9ec9739cd928","2026-05-28 22:21:52.416","2026-05-28 22:21:52.416","60f13462-bd2e-4a41-b243-9ec9739cd928","[PREMIUM]","Used",2023,"GMC","Canyon","AT4","[PREMIUM]","[PREMIUM]",16592,"Truck","Summit White","Jet Black","Four-wheel Drive",,,"Gasoline",,,"dealership","[PREMIUM]","Sunnyside","WA","[PREMIUM]",,"[]",,,"[PREMIUM]"
"d1336edb-bcb4-452f-aff2-4de947ccad7a","2026-05-28 22:21:52.222","2026-05-28 22:21:52.222","d1336edb-bcb4-452f-aff2-4de947ccad7a","[PREMIUM]","Used",2023,"Hyundai","PALISADE","Calligraphy","[PREMIUM]","[PREMIUM]",32123,"SUV","Burgundy","WHITE","Four-wheel Drive",,,"Gasoline",,,"dealership","[PREMIUM]","Garland","TX","[PREMIUM]",,"[]",,,"[PREMIUM]"
"57c030f4-c78b-46c2-abc2-dc29ddf918d0","2026-05-28 22:21:52.147","2026-05-28 22:21:52.147","57c030f4-c78b-46c2-abc2-dc29ddf918d0","[PREMIUM]","Used",2023,"Ford","F-150","Lariat","[PREMIUM]","[PREMIUM]",81356,"Truck","STAR WHITE METALLIC TRICOAT","BLACK LTHR TRIM BUCKET SEAT","Four-wheel Drive",,,"Gasoline",,,"dealership","[PREMIUM]","Austin","TX","[PREMIUM]",,"[]",,,"[PREMIUM]"
"e3e7aa25-9fe6-46b8-936d-9243a8a0a518","2026-05-28 22:21:52.144","2026-05-28 22:21:52.144","e3e7aa25-9fe6-46b8-936d-9243a8a0a518","[PREMIUM]","Used",2023,"Lexus","NX 350","F SPORT Handling","[PREMIUM]","[PREMIUM]",40799,"SUV","Cloudburst Gray","Flare Red","All-wheel Drive",,,"Gasoline",,,"dealership","[PREMIUM]","Farmingdale","NY","[PREMIUM]",,"[]",,,"[PREMIUM]"
"fb694252-85ca-402c-8798-3af03ae4d511","2026-05-28 22:21:52.130","2026-05-28 22:21:52.130","fb694252-85ca-402c-8798-3af03ae4d511","[PREMIUM]","Used",2023,"Chevrolet","Tahoe","Premier","[PREMIUM]","[PREMIUM]",85266,"SUV","Silver Sage Metallic","Jet Black","Four-wheel Drive",,,"Gasoline",,,"dealership","[PREMIUM]","Pompano Beach","FL","[PREMIUM]",,"[]",,,"[PREMIUM]"
"ffbfa26f-8f36-42c3-8672-c0863ba7830f","2026-05-28 22:21:52.108","2026-05-28 22:21:52.108","ffbfa26f-8f36-42c3-8672-c0863ba7830f","[PREMIUM]","Used",2023,"INFINITI","Q50","3.0t RED SPORT 400","[PREMIUM]","[PREMIUM]",50267,"Sedan","Slate Gray","Graphite","Rear-wheel Drive",,,"Gasoline",,,"dealership","[PREMIUM]","Salinas","CA","[PREMIUM]",,"[]",,,"[PREMIUM]"
"c5da1a41-93fe-4f94-bd80-ed88d887a6d7","2026-05-28 22:21:52.098","2026-05-28 22:21:52.098","c5da1a41-93fe-4f94-bd80-ed88d887a6d7","[PREMIUM]","Used",2023,"Audi","A6","55 Prestige","[PREMIUM]","[PREMIUM]",30000,"Sedan","Blue","White","All-wheel Drive",,,"Hybrid",,,"private","[PREMIUM]",,,"[PREMIUM]",,"[]",,,"[PREMIUM]"
"def4b5a3-8496-45bd-8b9a-daef2fa2bce7","2026-05-28 22:21:52.086","2026-05-28 22:21:52.086","def4b5a3-8496-45bd-8b9a-daef2fa2bce7","[PREMIUM]","New",2023,"Jeep","Grand Cherokee 4xe","Trailhawk","[PREMIUM]","[PREMIUM]",185,"SUV","Bright White Clearcoat","Global Black","Four-wheel Drive",,,"Hybrid",,,"dealership","[PREMIUM]","Newark","CA","[PREMIUM]",,"[]",,,"[PREMIUM]"
"115ce635-e3a6-4009-a270-da5a4a7e60a4","2026-05-28 22:21:52.076","2026-05-28 22:21:52.076","115ce635-e3a6-4009-a270-da5a4a7e60a4","[PREMIUM]","Used",2023,"Lexus","NX 350","Premium","[PREMIUM]","[PREMIUM]",30818,"SUV","Cloudburst Gray","Dark Rose","All-wheel Drive",,,"Gasoline",,,"dealership","[PREMIUM]","Mesa","AZ","[PREMIUM]",,"[]",,,"[PREMIUM]"
"c4a80e13-62f8-441e-bc99-a558b97b7fc1","2026-05-28 22:21:52.075","2026-05-28 22:21:52.075","c4a80e13-62f8-441e-bc99-a558b97b7fc1","[PREMIUM]","Used",2023,"Chevrolet","Silverado 1500","LT Trail Boss","[PREMIUM]","[PREMIUM]",51747,"Truck","Black","Jet Black","4WD",,,"Gasoline",,,"dealership","[PREMIUM]","Webster","TX","[PREMIUM]",,"[]",,,"[PREMIUM]"
"906b3943-c620-48ec-a4cd-936a9953e160","2026-05-28 22:21:52.065","2026-05-28 22:21:52.065","906b3943-c620-48ec-a4cd-936a9953e160","[PREMIUM]","Used",2023,"Ford","F-150","XL","[PREMIUM]","[PREMIUM]",82000,"Truck",,"Black","Four-wheel Drive",,,"Gasoline",,,"dealership","[PREMIUM]","Sunnyside","WA","[PREMIUM]",,"[]",,,"[PREMIUM]"
"1152e692-96fd-44fd-903e-4bc2f9feeaf0","2026-05-28 22:21:52.057","2026-05-28 22:21:52.057","1152e692-96fd-44fd-903e-4bc2f9feeaf0","[PREMIUM]","Used",2023,"Ford","Bronco","Badlands","[PREMIUM]","[PREMIUM]",35913,"SUV","Blue","BROWN","Four-wheel Drive",,,"Gasoline",,,"dealership","[PREMIUM]","Charlotte","NC","[PREMIUM]",,"[]",,,"[PREMIUM]"
"4cf7d149-567a-42a7-b3d6-9229892cf5f2","2026-05-28 22:21:52.057","2026-05-28 22:21:52.057","4cf7d149-567a-42a7-b3d6-9229892cf5f2","[PREMIUM]","Used",2023,"RAM","1500","Laramie","[PREMIUM]","[PREMIUM]",38073,"Truck","Black","Black","Four-wheel Drive",,,"Gasoline",,,"dealership","[PREMIUM]","Sunnyside","WA","[PREMIUM]",,"[]",,,"[PREMIUM]"
"a2173761-ed8a-49ea-b9a2-1db79b6455e4","2026-05-28 22:21:52.051","2026-05-28 22:21:52.051","a2173761-ed8a-49ea-b9a2-1db79b6455e4","[PREMIUM]","Used",2023,"Lincoln","Aviator","Reserve AWD","[PREMIUM]","[PREMIUM]",40386,"SUV","Infinite Black Metallic Clearcoat","Sandstone","All-wheel Drive",,,"Gasoline",,,"dealership","[PREMIUM]","Plymouth","MI","[PREMIUM]",,"[]",,,"[PREMIUM]"
"f66505f6-e5ac-4042-a452-8942d0c8d39b","2026-05-28 22:21:52.038","2026-05-28 22:21:52.038","f66505f6-e5ac-4042-a452-8942d0c8d39b","[PREMIUM]","Used",2023,"Mercedes-Benz","Metris",,"[PREMIUM]","[PREMIUM]",9452,"Passenger Van","Black","BLACK","Rear-wheel Drive",,,"Gasoline",,,"dealership","[PREMIUM]","Knoxville","TN","[PREMIUM]",,"[]",,,"[PREMIUM]"
"05f45b59-5a7d-4fd4-b924-5688b39d5e56","2026-05-28 22:21:52.037","2026-05-31 22:21:57.517","05f45b59-5a7d-4fd4-b924-5688b39d5e56","[PREMIUM]","Used",2023,"RAM","2500","Tradesman","[PREMIUM]","[PREMIUM]",27481,"Truck","White","BLACK","Four-wheel Drive",,,"Gasoline",,,"dealership","[PREMIUM]","Sterling","VA","[PREMIUM]",,"[]",,,"[PREMIUM]"
"d21ed048-694d-4c6a-8c45-977b5fcd02c0","2026-05-28 22:21:52.036","2026-05-28 22:21:52.036","d21ed048-694d-4c6a-8c45-977b5fcd02c0","[PREMIUM]","Used",2023,"Mercedes-Benz","GLC 300",,"[PREMIUM]","[PREMIUM]",9689,"SUV","Gray","TAN","Four-wheel Drive",,,"Gasoline",,,"dealership","[PREMIUM]","Virginia Beach","VA","[PREMIUM]",,"[]",,,"[PREMIUM]"
"1ce904d8-b4fd-4ae5-9c4d-d32fdbc9b9c9","2026-05-28 22:21:40.252","2026-05-31 22:21:47.490","1ce904d8-b4fd-4ae5-9c4d-d32fdbc9b9c9","[PREMIUM]","Used",2023,"BMW","540","I","[PREMIUM]","[PREMIUM]",10530,"Sedan","Black","BLACK","Rear-wheel Drive",,,"Gasoline",,,"dealership","[PREMIUM]","Las Vegas","NV","[PREMIUM]",,"[]",,,"[PREMIUM]"
"44b1d2e8-7fba-4c9a-9ddf-6e6435f3b078","2026-05-28 22:21:40.235","2026-05-28 22:21:40.235","44b1d2e8-7fba-4c9a-9ddf-6e6435f3b078","[PREMIUM]","Used",2023,"BMW","X3","XDrive30i","[PREMIUM]","[PREMIUM]",23563,"SUV","Black","BURGUNDY","Four-wheel Drive",,,"Gasoline",,,"dealership","[PREMIUM]","Savannah","GA","[PREMIUM]",,"[]",,,"[PREMIUM]"
"1a4189a6-4a9d-477f-9a3f-aed6876f2723","2026-05-28 22:21:40.217","2026-05-28 22:21:40.217","1a4189a6-4a9d-477f-9a3f-aed6876f2723","[PREMIUM]","Used",2023,"Lincoln","Aviator","Reserve","[PREMIUM]","[PREMIUM]",51447,"SUV","Gray","TAN","Four-wheel Drive",,,"Gasoline",,,"dealership","[PREMIUM]","Las Vegas","NV","[PREMIUM]",,"[]",,,"[PREMIUM]"
"7d6bb3ce-ae03-4621-8428-0e768f847a9d","2026-05-28 22:21:40.206","2026-05-28 22:21:40.206","7d6bb3ce-ae03-4621-8428-0e768f847a9d","[PREMIUM]","Used",2023,"Ford","Mustang","GT Premium","[PREMIUM]","[PREMIUM]",13606,"Coupe","Blue","BLACK","Rear-wheel Drive",,,"Gasoline",,,"dealership","[PREMIUM]","Tulsa","OK","[PREMIUM]",,"[]",,,"[PREMIUM]"
"be9e1e31-a184-40d7-95be-af7355d6d51d","2026-05-28 22:21:40.189","2026-05-28 22:21:40.189","be9e1e31-a184-40d7-95be-af7355d6d51d","[PREMIUM]","Used",2023,"Genesis","GV80","3.5T","[PREMIUM]","[PREMIUM]",49901,"SUV","Green","BLACK","Four-wheel Drive",,,"Gasoline",,,"dealership","[PREMIUM]","Roanoke","VA","[PREMIUM]",,"[]",,,"[PREMIUM]"
"82aa302a-2125-40b7-a78b-bb39f770701b","2026-05-28 22:21:40.182","2026-05-28 22:21:40.182","82aa302a-2125-40b7-a78b-bb39f770701b","[PREMIUM]","Used",2023,"GMC","Sierra 1500","2WD Crew Cab 147&quot; SLT","[PREMIUM]","[PREMIUM]",42969,"Truck","White Frost Tricoat","Jet Black","Rear-wheel Drive",,,"Diesel",,,"dealership","[PREMIUM]","Ocoee","FL","[PREMIUM]",,"[]",,,"[PREMIUM]"
"9b31fde8-8fc9-430a-b3c8-77bb2c40436d","2026-05-28 22:21:40.169","2026-05-28 22:21:40.169","9b31fde8-8fc9-430a-b3c8-77bb2c40436d","[PREMIUM]","Used",2023,"Ford","F-250","XL","[PREMIUM]","[PREMIUM]",36808,"Truck","Blue","GRAY","Four-wheel Drive",,,"Gasoline",,,"dealership","[PREMIUM]","Woodbridge","VA","[PREMIUM]",,"[]",,,"[PREMIUM]"
"18212dc3-6464-4db6-bb61-221f2974eecf","2026-05-28 22:21:29.549","2026-05-28 22:21:29.549","18212dc3-6464-4db6-bb61-221f2974eecf","[PREMIUM]","Used",2024,"Tesla","Model 3","Performance","[PREMIUM]","[PREMIUM]",18638,"Sedan","Stealth Grey","Black","All-wheel Drive",,,"Electric",,,"dealership","[PREMIUM]","Atlanta","GA","[PREMIUM]",,"[]",,,"[PREMIUM]"
"6933d300-c834-4e11-a78c-eb1db19fde47","2026-05-28 22:21:29.537","2026-05-28 22:21:29.537","6933d300-c834-4e11-a78c-eb1db19fde47","[PREMIUM]","Used",2024,"Ford","Mustang","GT","[PREMIUM]","[PREMIUM]",20143,"Coupe","Carbonized Gray Metallic","Black Onyx","Rear-wheel Drive",,,"Gasoline",,,"dealership","[PREMIUM]","Lugoff","SC","[PREMIUM]",,"[]",,,"[PREMIUM]"
"d0794f62-4881-4fbb-b5df-61e70e37dd72","2026-05-28 22:21:29.432","2026-05-31 22:21:47.467","d0794f62-4881-4fbb-b5df-61e70e37dd72","[PREMIUM]","Used",2024,"RAM","1500","Laramie","[PREMIUM]","[PREMIUM]",39571,"Truck","Bright White Clearcoat","Black","Four-wheel Drive",,,"Gasoline",,,"dealership","[PREMIUM]","Vienna","VA","[PREMIUM]",,"[]",,,"[PREMIUM]"
"8f3a0f5b-ff94-44fe-b977-fe997809da04","2026-05-28 22:21:19.093","2026-05-28 22:21:19.093","8f3a0f5b-ff94-44fe-b977-fe997809da04","[PREMIUM]","Used",2024,"Ford","Bronco","Outer Banks","[PREMIUM]","[PREMIUM]",16748,"SUV","CARBONIZED GRAY METALLIC","LTH-TRM/VINYL ROAST/BLK STS","Four-wheel Drive",,,"Gasoline",,,"dealership","[PREMIUM]","Fort Mill","SC","[PREMIUM]",,"[]",,,"[PREMIUM]"
"f6084018-d77f-4015-b24c-b1ce6dddb1ca","2026-05-28 22:21:08.471","2026-05-28 22:21:08.471","f6084018-d77f-4015-b24c-b1ce6dddb1ca","[PREMIUM]","Used",2024,"Honda","Odyssey",,"[PREMIUM]","[PREMIUM]",6839,"Minivan","Platinum White Pearl","Black",,,,"Gasoline",,,"dealership","[PREMIUM]","McDonough","GA","[PREMIUM]",,"[]",,,"[PREMIUM]"
"9f95bc3b-0eab-4eb2-bae5-d68c486a1480","2026-05-28 22:21:08.464","2026-05-28 22:21:08.464","9f95bc3b-0eab-4eb2-bae5-d68c486a1480","[PREMIUM]","Used",2024,"Ford","Bronco","OUTER BANKS","[PREMIUM]","[PREMIUM]",22101,"SUV","SHADOW BLACK","LTH-TRM/VINYL ROAST/BLK STS","Four-wheel Drive",,,"Gasoline",,,"dealership","[PREMIUM]","Merrillville","IN","[PREMIUM]",,"[]",,,"[PREMIUM]"
"0b809b83-8b99-4c61-af88-1d0455053cfb","2026-05-28 22:20:58.051","2026-05-31 22:21:07.176","0b809b83-8b99-4c61-af88-1d0455053cfb","[PREMIUM]","Used",2024,"Honda","Odyssey","Elite","[PREMIUM]","[PREMIUM]",41542,"Passenger Van","Lunar Silver Metallic","Mocha","Front-wheel Drive",,,"Gasoline",,,"dealership","[PREMIUM]","Louisville","KY","[PREMIUM]",,"[]",,,"[PREMIUM]"
"0822e30a-c8f0-418a-8eef-281699add21f","2026-05-28 22:20:57.938","2026-05-28 22:20:57.938","0822e30a-c8f0-418a-8eef-281699add21f","[PREMIUM]","Used",2024,"Lexus","NX 350","F SPORT Handling","[PREMIUM]","[PREMIUM]",24820,"SUV","Ultra White","Circuit Red","All-wheel Drive",,,"Gasoline",,,"dealership","[PREMIUM]","North Miami","FL","[PREMIUM]",,"[]",,,"[PREMIUM]"
"656e9115-48ed-4bec-8eb3-65956ab1317d","2026-05-28 22:20:37.573","2026-05-28 22:20:37.573","656e9115-48ed-4bec-8eb3-65956ab1317d","[PREMIUM]","Used",2024,"BMW","i4 Gran Coupe","eDrive40","[PREMIUM]","[PREMIUM]",18124,"Hatchback","Black Sapphire Metallic","Cognac","Rear-wheel Drive",,,"Electric",,,"dealership","[PREMIUM]","Sterling","VA","[PREMIUM]",,"[]",,,"[PREMIUM]"
"f8dfd457-d80e-43db-9262-1d86fec962fc","2026-05-28 22:20:37.395","2026-05-28 22:20:37.395","f8dfd457-d80e-43db-9262-1d86fec962fc","[PREMIUM]","Used",2024,"BMW","X3","xDrive30i","[PREMIUM]","[PREMIUM]",29534,"SUV","Aventurin Red Metallic","Cognac","All-wheel Drive",,,"Gasoline",,,"dealership","[PREMIUM]","Freeport","NY","[PREMIUM]",,"[]",,,"[PREMIUM]"
"0210ac30-fcce-4259-9d18-4a2cab750a8c","2026-05-28 22:20:37.244","2026-05-28 22:20:37.244","0210ac30-fcce-4259-9d18-4a2cab750a8c","[PREMIUM]","Used",2024,"BMW","X3","xDrive30i","[PREMIUM]","[PREMIUM]",11427,"SUV","Dark Graphite Metallic","Black","All-wheel Drive",,,"Gasoline",,,"dealership","[PREMIUM]","Freeport","NY","[PREMIUM]",,"[]",,,"[PREMIUM]"
"bdc90e9a-376b-4228-aae1-d32f4c8cf79a","2026-05-28 22:20:37.192","2026-06-03 22:20:58.578","bdc90e9a-376b-4228-aae1-d32f4c8cf79a","[PREMIUM]","Used",2024,"RAM","1500","Laramie","[PREMIUM]","[PREMIUM]",30483,"Truck","Flame Red Clearcoat","Black","Four-wheel Drive",,,"Gasoline",,,"dealership","[PREMIUM]","Evansville","IN","[PREMIUM]",,"[]",,,"[PREMIUM]"
"a3f1103a-53c9-475f-a9ea-1272aba9f0cd","2026-05-28 22:20:06.657","2026-05-28 22:20:06.657","a3f1103a-53c9-475f-a9ea-1272aba9f0cd","[PREMIUM]","Used",2024,"Ford","Expedition","Limited","[PREMIUM]","[PREMIUM]",15904,"SUV","Agate Black Metallic","Black Onyx","Four-wheel Drive",,,"Gasoline",,,"dealership","[PREMIUM]","Orem","UT","[PREMIUM]",,"[]",,,"[PREMIUM]"
"b4f546e3-13d4-4217-8942-6379837b1726","2026-05-28 22:19:56.308","2026-05-28 22:19:56.308","b4f546e3-13d4-4217-8942-6379837b1726","[PREMIUM]","Used",2024,"Ford","F-150","XLT","[PREMIUM]","[PREMIUM]",41090,"Truck","Silver Metallic","Black","Four-wheel Drive",,,"Hybrid",,,"dealership","[PREMIUM]","Toms River","NJ","[PREMIUM]",,"[]",,,"[PREMIUM]"
"0c7eed7b-e366-49d2-b50f-293a9e28dac3","2026-05-28 22:19:56.186","2026-05-28 22:19:56.186","0c7eed7b-e366-49d2-b50f-293a9e28dac3","[PREMIUM]","Used",2024,"Dodge","Durango","R/T","[PREMIUM]","[PREMIUM]",24453,"SUV","Destroyer Gray Clearcoat","Black","All-wheel Drive",,,"Gasoline",,,"dealership","[PREMIUM]","Green Bay","WI","[PREMIUM]",,"[]",,,"[PREMIUM]"
"2ee14f16-f65a-4677-a968-654d6dec79bc","2026-05-28 22:19:26.092","2026-05-28 22:19:26.092","2ee14f16-f65a-4677-a968-654d6dec79bc","[PREMIUM]","Used",2024,"Jeep","Grand Cherokee","Summit","[PREMIUM]","[PREMIUM]",29498,"SUV","Bright White Clearcoat","Global Black","Four-wheel Drive",,,"Gasoline",,,"dealership","[PREMIUM]","Freehold Township","NJ","[PREMIUM]",,"[]",,,"[PREMIUM]"
"8b3dcd91-3004-4bfb-8976-b2437f11911e","2026-05-28 22:19:15.100","2026-05-28 22:19:15.100","8b3dcd91-3004-4bfb-8976-b2437f11911e","[PREMIUM]","Used",2024,"Honda","Pilot","EX-L 7-Passenger","[PREMIUM]","[PREMIUM]",27540,"SUV","Radiant Red Metallic II","Black","FWD",,,"Gasoline",,,"dealership","[PREMIUM]","Ventura","CA","[PREMIUM]",,"[]",,,"[PREMIUM]"
"aceed9b6-654f-4407-a905-11da4ffb6fdd","2026-05-28 22:18:54.764","2026-05-28 22:18:54.764","aceed9b6-654f-4407-a905-11da4ffb6fdd","[PREMIUM]","Used",2024,"Toyota","RAV4 Prime","SE","[PREMIUM]","[PREMIUM]",15661,"SUV","Blueprint","Black","All-wheel Drive",,,"Gasoline",,,"dealership","[PREMIUM]","Hodgkins","IL","[PREMIUM]",,"[]",,,"[PREMIUM]"
"d18f9dfc-15ae-4b97-a55b-d8769bf241bb","2026-05-28 22:18:54.483","2026-05-28 22:18:54.483","d18f9dfc-15ae-4b97-a55b-d8769bf241bb","[PREMIUM]","Used",2024,"Toyota","Tacoma","TRD Sport","[PREMIUM]","[PREMIUM]",18000,"Truck","Blue Crush Metallic","Black/White","Four-wheel Drive",,,"Gasoline",,,"dealership","[PREMIUM]","Holiday","FL","[PREMIUM]",,"[]",,,"[PREMIUM]"
"32be549f-9831-40ba-90f1-9ca9b33d4e54","2026-05-28 22:18:23.640","2026-05-28 22:18:23.640","32be549f-9831-40ba-90f1-9ca9b33d4e54","[PREMIUM]","Used",2024,"Toyota","Tacoma","TRD Sport","[PREMIUM]","[PREMIUM]",23032,"Truck","Bronze Oxide","Black","Four-wheel Drive",,,"Gasoline",,,"dealership","[PREMIUM]","Denver","CO","[PREMIUM]",,"[]",,,"[PREMIUM]"
"a0fd48e2-4aeb-4878-8ad1-037e15ab702a","2026-05-28 22:18:23.615","2026-05-28 22:18:23.615","a0fd48e2-4aeb-4878-8ad1-037e15ab702a","[PREMIUM]","Used",2024,"Acura","MDX","Technology Package","[PREMIUM]","[PREMIUM]",26173,"SUV","Liquid Carbon Metallic","Ebony","Front-wheel Drive",,,"Gasoline",,,"dealership","[PREMIUM]","Birmingham","AL","[PREMIUM]",,"[]",,,"[PREMIUM]"
"8d815d44-03df-4d5b-aa30-6d2e45183370","2026-05-28 22:17:42.929","2026-05-28 22:17:42.929","8d815d44-03df-4d5b-aa30-6d2e45183370","[PREMIUM]","Used",2024,"Kia","Telluride","SX X-Pro","[PREMIUM]","[PREMIUM]",31939,"SUV","Midnight Lake Blue","Black","All-wheel Drive",,,"Gasoline",,,"dealership","[PREMIUM]","Clarksville","TN","[PREMIUM]",,"[]",,,"[PREMIUM]"
"90d9fc7e-fcfd-4865-b0a4-beaf21ded54b","2026-05-28 22:17:42.843","2026-05-28 22:17:42.843","90d9fc7e-fcfd-4865-b0a4-beaf21ded54b","[PREMIUM]","Used",2024,"Chevrolet","Silverado 1500","RST","[PREMIUM]","[PREMIUM]",28651,"Truck","Summit White","Black","Rear-wheel Drive",,,"Gasoline",,,"dealership","[PREMIUM]","Grapevine","TX","[PREMIUM]",,"[]",,,"[PREMIUM]"
"42de1784-4d93-4c6d-b543-93a742aef913","2026-05-28 22:17:42.832","2026-05-28 22:17:42.832","42de1784-4d93-4c6d-b543-93a742aef913","[PREMIUM]","Used",2024,"Volkswagen","Golf R","2.0T DSG","[PREMIUM]","[PREMIUM]",9088,"Hatchback","Blue","Titan Black w/Blue Accents","All-wheel Drive",,,"Gasoline",,,"dealership","[PREMIUM]","Oak Creek","WI","[PREMIUM]",,"[]",,,"[PREMIUM]"
"92fdd2d2-9d80-4132-8de3-293a1427a10b","2026-05-28 22:17:01.974","2026-05-28 22:17:01.974","92fdd2d2-9d80-4132-8de3-293a1427a10b","[PREMIUM]","Used",2024,"RAM","2500","Big Horn Crew Cab 4x4 6&#39;4&#39; Box","[PREMIUM]","[PREMIUM]",71172,"Truck","Bright White Clearcoat","Diesel Gray/Black","Four-wheel Drive",,,"Diesel",,,"dealership","[PREMIUM]","Gladstone","MO","[PREMIUM]",,"[]",,,"[PREMIUM]"
"c555f9b1-b5d8-449f-aaac-f39cf0cdac5b","2026-05-28 22:16:51.179","2026-05-28 22:16:51.179","c555f9b1-b5d8-449f-aaac-f39cf0cdac5b","[PREMIUM]","Used",2024,"Toyota","Tundra","SR5","[PREMIUM]","[PREMIUM]",19323,"Truck","Lunar Rock","Black","Rear-wheel Drive",,,"Gasoline",,,"dealership","[PREMIUM]","Denham Springs","LA","[PREMIUM]",,"[]",,,"[PREMIUM]"
"5604db06-c13e-4c42-bd54-49d03903c479","2026-05-28 22:16:50.974","2026-05-28 22:16:50.974","5604db06-c13e-4c42-bd54-49d03903c479","[PREMIUM]","Used",2024,"BMW","X3","xDrive30i","[PREMIUM]","[PREMIUM]",20000,"SUV","Alpine White","Black","All-wheel Drive",,,"Gasoline",,,"dealership","[PREMIUM]","El Paso","TX","[PREMIUM]",,"[]",,,"[PREMIUM]"
"e94675f8-381b-4d95-a57e-43ec22262955","2026-05-28 22:16:50.907","2026-05-28 22:16:50.907","e94675f8-381b-4d95-a57e-43ec22262955","[PREMIUM]","Used",2024,"Chevrolet","Suburban","LT","[PREMIUM]","[PREMIUM]",72540,"SUV","Dark Ash Metallic","Jet Black","Rear-wheel Drive",,,"Gasoline",,,"dealership","[PREMIUM]","Greensboro","NC","[PREMIUM]",,"[]",,,"[PREMIUM]"
"83b8b6fc-24a4-4186-9bcb-0961c6249e48","2026-05-28 22:16:50.883","2026-05-28 22:16:50.883","83b8b6fc-24a4-4186-9bcb-0961c6249e48","[PREMIUM]","Used",2024,"Chevrolet","Silverado 1500","Custom Trail Boss","[PREMIUM]","[PREMIUM]",20977,"Truck","Sterling Gray Metallic","Jet Black","Four-wheel Drive",,,"Gasoline",,,"dealership","[PREMIUM]","Zelienople","PA","[PREMIUM]",,"[]",,,"[PREMIUM]"
"03bba16f-0527-4537-805b-09cb5c0cad06","2026-05-28 22:16:50.859","2026-05-28 22:16:50.859","03bba16f-0527-4537-805b-09cb5c0cad06","[PREMIUM]","Used",2024,"RAM","1500","Big Horn/Lone Star","[PREMIUM]","[PREMIUM]",35201,"Truck","Diamond Black Crystal Pearlcoat","Black","Four-wheel Drive",,,"Gasoline",,,"dealership","[PREMIUM]","Ellwood City","PA","[PREMIUM]",,"[]",,,"[PREMIUM]"
"3237d5a5-3302-496b-a053-7bc1c6ee1fa6","2026-05-28 22:16:50.845","2026-05-31 22:17:05.638","3237d5a5-3302-496b-a053-7bc1c6ee1fa6","[PREMIUM]","Used",2024,"Toyota","Sienna","XLE","[PREMIUM]","[PREMIUM]",36333,"Passenger Van","Predawn Gray Mica","Graphite","Front-wheel Drive",,,"Gasoline",,,"dealership","[PREMIUM]","Pelham","AL","[PREMIUM]",,"[]",,,"[PREMIUM]"
"b61e9fb0-5897-47a1-b74c-2017271e0c7d","2026-05-28 22:16:50.837","2026-05-28 22:16:50.837","b61e9fb0-5897-47a1-b74c-2017271e0c7d","[PREMIUM]","Used",2024,"Ford","Expedition","LIMITED","[PREMIUM]","[PREMIUM]",69140,"SUV","AGATE BLACK METALLIC","SANDSTONE LEATHER-TRIM SEAT",,,,,,,"dealership","[PREMIUM]","Orlando","FL","[PREMIUM]",,"[]",,,"[PREMIUM]"
"762a83ed-95fa-4b6c-bcdb-4e9c91c7649f","2026-05-28 22:16:40.311","2026-05-28 22:16:40.311","762a83ed-95fa-4b6c-bcdb-4e9c91c7649f","[PREMIUM]","Used",2024,"Ford","Expedition","LIMITED","[PREMIUM]","[PREMIUM]",66319,"SUV","STAR WHITE MET TRI-COAT","BLK ONYX LEATHER-TRIM SEATS",,,,,,,"dealership","[PREMIUM]","Athens","GA","[PREMIUM]",,"[]",,,"[PREMIUM]"
"2b49d05f-e658-4488-8757-4f9221c5e5de","2026-05-28 22:16:40.305","2026-05-28 22:16:40.305","2b49d05f-e658-4488-8757-4f9221c5e5de","[PREMIUM]","Used",2024,"Ford","F-150","STX","[PREMIUM]","[PREMIUM]",21458,"Truck","RAPID RED MET TINTED CC","BLACK STX CLOTH 40/CON/40",,,,,,,"dealership","[PREMIUM]","Kingsville","TX","[PREMIUM]",,"[]",,,"[PREMIUM]"
"ae6f11e7-d4db-4068-8c57-ee90b22923b5","2026-05-28 22:16:39.470","2026-05-28 22:16:39.470","ae6f11e7-d4db-4068-8c57-ee90b22923b5","[PREMIUM]","Used",2024,"GMC","Canyon","AT4","[PREMIUM]","[PREMIUM]",19283,"Truck","Desert Sand Metallic","Jet Black","Four-wheel Drive",,,"Gasoline",,,"dealership","[PREMIUM]","Matteson","IL","[PREMIUM]",,"[]",,,"[PREMIUM]"
"a1a68ed5-f576-487c-bf00-92db65b5a505","2026-05-28 22:16:39.341","2026-05-28 22:16:39.341","a1a68ed5-f576-487c-bf00-92db65b5a505","[PREMIUM]","Used",2024,"Ford","Ranger","Lariat","[PREMIUM]","[PREMIUM]",15361,"Truck","Chili Pepper Red","Sandstone","Four-wheel Drive",,,"Gasoline",,,"dealership","[PREMIUM]","Galesburg","IL","[PREMIUM]",,"[]",,,"[PREMIUM]"
"4518fa3e-45fd-4a1f-9f5f-5e9b4e6a88fb","2026-05-28 22:16:39.211","2026-05-28 22:16:39.211","4518fa3e-45fd-4a1f-9f5f-5e9b4e6a88fb","[PREMIUM]","Used",2024,"Toyota","Tacoma","TRD Off Road","[PREMIUM]","[PREMIUM]",10243,"Truck","Celestial Silver Metallic","Black","4WD",,,"Gasoline",,,"dealership","[PREMIUM]","Beaverton","OR","[PREMIUM]",,"[]",,,"[PREMIUM]"
"8fdf8f5e-289c-4f58-b2dc-2b504420680d","2026-05-28 22:16:39.200","2026-05-28 22:16:39.200","8fdf8f5e-289c-4f58-b2dc-2b504420680d","[PREMIUM]","Used",2024,"Hyundai","PALISADE","Calligraphy Night Edition","[PREMIUM]","[PREMIUM]",21458,"SUV","Abyss Black Pearl","Black","All-wheel Drive",,,"Gasoline",,,"dealership","[PREMIUM]","Clearwater","FL","[PREMIUM]",,"[]",,,"[PREMIUM]"
"8d2974c5-690f-42d1-94ab-eec161e331c6","2026-05-28 22:16:39.175","2026-05-28 22:16:39.175","8d2974c5-690f-42d1-94ab-eec161e331c6","[PREMIUM]","Used",2024,"Honda","Ridgeline","Trailsport","[PREMIUM]","[PREMIUM]",10196,"Truck","Blue","BLACK","Four-wheel Drive",,,"Gasoline",,,"dealership","[PREMIUM]","Edison","NJ","[PREMIUM]",,"[]",,,"[PREMIUM]"
"293521d3-d695-4b17-a722-dedd25427caf","2026-05-28 22:16:39.161","2026-05-28 22:16:39.161","293521d3-d695-4b17-a722-dedd25427caf","[PREMIUM]","Used",2024,"Ford","F-150","XLT","[PREMIUM]","[PREMIUM]",20525,"Truck","ANTIMATTER BLUE METALLIC","BLACK SPORT 40/CONSOLE/40",,,,,,,"dealership","[PREMIUM]","Watertown","NY","[PREMIUM]",,"[]",,,"[PREMIUM]"
"274cae23-0595-4e5d-bdef-ac7bd540f40a","2026-05-28 22:16:39.128","2026-05-28 22:16:39.128","274cae23-0595-4e5d-bdef-ac7bd540f40a","[PREMIUM]","Used",2024,"Ford","F-150","STX","[PREMIUM]","[PREMIUM]",16994,"Truck","CARBONIZED GRAY METALLIC","BLACK STX CLOTH 40/CON/40",,,,,,,"dealership","[PREMIUM]","Jacksonville","FL","[PREMIUM]",,"[]",,,"[PREMIUM]"
"c73dfa6b-bfc6-4ed2-85fa-7971146e3ae9","2026-05-28 22:16:39.120","2026-05-28 22:16:39.120","c73dfa6b-bfc6-4ed2-85fa-7971146e3ae9","[PREMIUM]","Used",2024,"Honda","Passport","Black Edition","[PREMIUM]","[PREMIUM]",22577,"SUV","Red","Black","All-wheel Drive",,,"Gasoline",,,"dealership","[PREMIUM]","Bristol","TN","[PREMIUM]",,"[]",,,"[PREMIUM]"
"5eb8ef7d-3814-4f4a-b4a2-d6c66404fec4","2026-05-28 22:16:39.116","2026-05-28 22:16:39.116","5eb8ef7d-3814-4f4a-b4a2-d6c66404fec4","[PREMIUM]","Used",2024,"Ford","Bronco","Outer Banks","[PREMIUM]","[PREMIUM]",25445,"SUV","Oxford White","Roast","Four-wheel Drive",,,"Gasoline",,,"dealership","[PREMIUM]","Champaign","IL","[PREMIUM]",,"[]",,,"[PREMIUM]"
"6a24dfcb-e4c8-4644-aecb-55df05c94ebc","2026-05-28 22:16:39.113","2026-05-28 22:16:39.113","6a24dfcb-e4c8-4644-aecb-55df05c94ebc","[PREMIUM]","Used",2024,"GMC","Yukon","SLT","[PREMIUM]","[PREMIUM]",73187,"SUV","Summit White","Jet Black","Rear-wheel Drive",,,"Gasoline",,,"dealership","[PREMIUM]","Pompano Beach","FL","[PREMIUM]",,"[]",,,"[PREMIUM]"
"9a2c1d20-e87b-46ce-82f2-4b9696ba4bfc","2026-05-28 22:16:39.111","2026-05-28 22:16:39.111","9a2c1d20-e87b-46ce-82f2-4b9696ba4bfc","[PREMIUM]","Used",2024,"Ford","Expedition","XLT","[PREMIUM]","[PREMIUM]",61254,"SUV","AGATE BLACK METALLIC","BLACK ONYX ACTIVEX SEAT MTR",,,,,,,"dealership","[PREMIUM]","Fayetteville","NC","[PREMIUM]",,"[]",,,"[PREMIUM]"
"7d0e195d-2bce-494a-a989-cd2a439b712c","2026-05-28 22:16:18.236","2026-05-28 22:16:18.236","7d0e195d-2bce-494a-a989-cd2a439b712c","[PREMIUM]","Used",2024,"GMC","Sierra 1500","SLE","[PREMIUM]","[PREMIUM]",48850,"Truck","Downpour Metallic","Jet Black","Four-wheel Drive",,,"Gasoline",,,"dealership","[PREMIUM]","S.Glens Falls","NY","[PREMIUM]",,"[]",,,"[PREMIUM]"
"73de432f-819f-4fee-b91c-f75af59703ea","2026-05-28 22:16:18.224","2026-05-28 22:16:18.224","73de432f-819f-4fee-b91c-f75af59703ea","[PREMIUM]","Used",2024,"Cadillac","XT6","Premium Luxury AWD","[PREMIUM]","[PREMIUM]",26643,"SUV","Stellar Black Metallic","Jet Black w/Jet Black Accents","All-wheel Drive",,,"Gasoline",,,"dealership","[PREMIUM]","Queens","NY","[PREMIUM]",,"[]",,,"[PREMIUM]"
"7b2c5b54-9ff9-4bd2-8e73-2d6a1a74a51c","2026-05-28 22:16:18.221","2026-05-31 22:16:25.406","7b2c5b54-9ff9-4bd2-8e73-2d6a1a74a51c","[PREMIUM]","Used",2024,"Ford","Bronco","Black Diamond","[PREMIUM]","[PREMIUM]",10516,"SUV","Velocity Blue Metallic","Dark Space Gray w/Black Onyx","Four-wheel Drive",,,"Gasoline",,,"dealership","[PREMIUM]","Bloomington","IN","[PREMIUM]",,"[]",,,"[PREMIUM]"
"1e17a38c-f0b1-496c-83eb-7d63a63d6d69","2026-05-28 22:16:18.188","2026-05-28 22:16:18.188","1e17a38c-f0b1-496c-83eb-7d63a63d6d69","[PREMIUM]","Used",2024,"Toyota","GR Corolla","Circuit Edition","[PREMIUM]","[PREMIUM]",9007,"Hatchback","Ice","Black","All-wheel Drive",,,"Gasoline",,,"dealership","[PREMIUM]","Lincolnshire","IL","[PREMIUM]",,"[]",,,"[PREMIUM]"
"77923c82-ca6f-4a9a-a4ce-87285f98c8ca","2026-05-28 22:16:08.188","2026-05-28 22:16:08.188","77923c82-ca6f-4a9a-a4ce-87285f98c8ca","[PREMIUM]","Used",2024,"Ford","F-150","XLT","[PREMIUM]","[PREMIUM]",28678,"Truck","Oxford White","Black w/Medium Dark Slate","Rear-wheel Drive",,,"Gasoline",,,"dealership","[PREMIUM]","Titusville","FL","[PREMIUM]",,"[]",,,"[PREMIUM]"
"3b2a1113-e830-427b-9cc6-3ffd7d5756ac","2026-05-28 22:16:07.436","2026-05-28 22:16:07.436","3b2a1113-e830-427b-9cc6-3ffd7d5756ac","[PREMIUM]","Used",2024,"Cadillac","LYRIQ","Luxury 1","[PREMIUM]","[PREMIUM]",25922,"SUV","Black","BLACK","Rear-wheel Drive",,,"Electric",,,"dealership","[PREMIUM]","Sterling","VA","[PREMIUM]",,"[]",,,"[PREMIUM]"
"f2010c5d-d129-415c-bc00-19067af9b5c1","2026-05-28 22:16:07.419","2026-05-28 22:16:07.419","f2010c5d-d129-415c-bc00-19067af9b5c1","[PREMIUM]","Used",2024,"Toyota","Grand Highlander","XLE","[PREMIUM]","[PREMIUM]",34672,"SUV","Storm Cloud","Light Gray","Front-wheel Drive",,,"Gasoline",,,"dealership","[PREMIUM]","Katy","TX","[PREMIUM]",,"[]",,,"[PREMIUM]"
"a5c8eb53-e0fd-4733-a497-f871b5ff5b07","2026-05-28 22:16:07.067","2026-05-28 22:16:07.067","a5c8eb53-e0fd-4733-a497-f871b5ff5b07","[PREMIUM]","Used",2024,"Ford","F-150","STX","[PREMIUM]","[PREMIUM]",28448,"Truck","Avalanche","Black","Four-wheel Drive",,,"Gasoline",,,"dealership","[PREMIUM]","Winchester","VA","[PREMIUM]",,"[]",,,"[PREMIUM]"
"4db11854-81fe-421e-9195-9bd7a000b0c7","2026-05-28 22:16:07.047","2026-05-28 22:16:07.047","4db11854-81fe-421e-9195-9bd7a000b0c7","[PREMIUM]","Used",2024,"Volkswagen","Atlas","SEL Premium R-Line","[PREMIUM]","[PREMIUM]",18394,"SUV","Gray","BLACK","Four-wheel Drive",,,"Gasoline",,,"dealership","[PREMIUM]","Houston","TX","[PREMIUM]",,"[]",,,"[PREMIUM]"
"007cf318-a62c-4c3f-8e5e-40361682358d","2026-05-28 22:16:07.044","2026-05-28 22:16:07.044","007cf318-a62c-4c3f-8e5e-40361682358d","[PREMIUM]","Used",2024,"Toyota","Highlander","XLE","[PREMIUM]","[PREMIUM]",37748,"SUV","Wind Chill Pearl","Harvest Beige","Front-wheel Drive",,,"Gasoline",,,"dealership","[PREMIUM]","Louisville","KY","[PREMIUM]",,"[]",,,"[PREMIUM]"
"f8601812-7a3b-4af8-9a22-57d897934300","2026-05-28 22:16:05.572","2026-05-28 22:16:05.572","f8601812-7a3b-4af8-9a22-57d897934300","[PREMIUM]","Used",2024,"Acura","RDX",,"[PREMIUM]","[PREMIUM]",20595,"SUV","Liquid Carbon Metallic","Ebony",,,,,,,"dealership","[PREMIUM]","Manchester","MO","[PREMIUM]",,"[]",,,"[PREMIUM]"
"9fd66495-2c1b-4416-8171-047bbdd48cb4","2026-05-28 22:16:05.566","2026-05-28 22:16:05.566","9fd66495-2c1b-4416-8171-047bbdd48cb4","[PREMIUM]","Used",2024,"Chevrolet","Silverado 1500","RST","[PREMIUM]","[PREMIUM]",28019,"Truck","Summit White","Jet Black","Four-wheel Drive",,,"Gasoline",,,"dealership","[PREMIUM]","Pompano Beach","FL","[PREMIUM]",,"[]",,,"[PREMIUM]"
"aeaeea9e-8e97-45e3-a60b-ca1d18313fd3","2026-05-28 22:16:05.513","2026-05-31 22:16:15.015","aeaeea9e-8e97-45e3-a60b-ca1d18313fd3","[PREMIUM]","Used",2024,"Hyundai","PALISADE","Limited","[PREMIUM]","[PREMIUM]",21382,"SUV","White","BLACK","Four-wheel Drive",,,"Gasoline",,,"dealership","[PREMIUM]","Kenosha","WI","[PREMIUM]",,"[]",,,"[PREMIUM]"
"4f552f1a-0046-4536-9523-e5696cdc91d7","2026-05-28 22:16:05.307","2026-05-28 22:16:05.307","4f552f1a-0046-4536-9523-e5696cdc91d7","[PREMIUM]","Used",2024,"Hyundai","IONIQ 5","Limited","[PREMIUM]","[PREMIUM]",7787,"SUV","Blue","BLACK","Four-wheel Drive",,,"Electric",,,"dealership","[PREMIUM]","Wichita","KS","[PREMIUM]",,"[]",,,"[PREMIUM]"
"959aae6c-ac04-488e-bfde-5bff6d96b1b5","2026-05-28 22:16:05.257","2026-05-28 22:16:05.257","959aae6c-ac04-488e-bfde-5bff6d96b1b5","[PREMIUM]","Used",2024,"Chevrolet","Silverado 1500","LT Trail Boss","[PREMIUM]","[PREMIUM]",80914,"Truck","Sterling Gray Metallic","Jet Black","Four-wheel Drive",,,"Diesel",,,"dealership","[PREMIUM]","Sunnyside","WA","[PREMIUM]",,"[]",,,"[PREMIUM]"
"7f77cd35-649d-48a1-8f77-4b92ab905c35","2026-05-28 22:16:05.254","2026-05-28 22:16:05.254","7f77cd35-649d-48a1-8f77-4b92ab905c35","[PREMIUM]","Used",2024,"GMC","Canyon","Denali","[PREMIUM]","[PREMIUM]",47366,"Truck","Onyx Black","Jet Black","Four-wheel Drive",,,"Gasoline",,,"dealership","[PREMIUM]","Sunnyside","WA","[PREMIUM]",,"[]",,,"[PREMIUM]"
"de01ee98-a441-485e-b1b5-639cf805f07f","2026-05-28 22:16:05.247","2026-05-31 22:16:14.938","de01ee98-a441-485e-b1b5-639cf805f07f","[PREMIUM]","Used",2024,"Chevrolet","Silverado 1500","RST","[PREMIUM]","[PREMIUM]",7526,"Truck","Lakeshore Blue Metallic","Jet Black","Four-wheel Drive",,,"Gasoline",,,"dealership","[PREMIUM]","Pompano Beach","FL","[PREMIUM]",,"[]",,,"[PREMIUM]"
"2ee08907-bdf2-48da-8aa1-3507f6420e91","2026-05-28 22:16:05.236","2026-05-28 22:16:05.236","2ee08907-bdf2-48da-8aa1-3507f6420e91","[PREMIUM]","Used",2024,"GMC","Sierra 1500","Elevation","[PREMIUM]","[PREMIUM]",31874,"Truck","Onyx Black","Black","Rear-wheel Drive",,,"Gasoline",,,"dealership","[PREMIUM]","Las Vegas","NV","[PREMIUM]",,"[]",,,"[PREMIUM]"
"8e8d80fd-e7b7-4f93-8f00-86508aa7a972","2026-05-28 22:16:05.228","2026-05-28 22:16:05.228","8e8d80fd-e7b7-4f93-8f00-86508aa7a972","[PREMIUM]","Used",2024,"Subaru","Ascent","Touring","[PREMIUM]","[PREMIUM]",21335,"SUV","Crystal White Pearl","Java Brown W/Tan",,,,,,,"dealership","[PREMIUM]","Memphis","TN","[PREMIUM]",,"[]",,,"[PREMIUM]"
"707cd257-1a1b-4034-90f1-0451b46fde5a","2026-05-28 22:16:05.222","2026-05-28 22:16:05.222","707cd257-1a1b-4034-90f1-0451b46fde5a","[PREMIUM]","Used",2024,"Ford","Transit-350","XLT","[PREMIUM]","[PREMIUM]",31157,,"White","BLACK","Rear-wheel Drive",,,"Gasoline",,,"dealership","[PREMIUM]","Glen Allen","VA","[PREMIUM]",,"[]",,,"[PREMIUM]"
"1a620cb7-3c03-4c65-9e2a-1ea1be11403e","2026-05-28 22:16:05.221","2026-05-28 22:16:05.221","1a620cb7-3c03-4c65-9e2a-1ea1be11403e","[PREMIUM]","Used",2024,"Chevrolet","Silverado 1500","LT Trail Boss","[PREMIUM]","[PREMIUM]",83425,"Truck","Sterling Gray Metallic","Jet Black","Four-wheel Drive",,,"Diesel",,,"dealership","[PREMIUM]","Sunnyside","WA","[PREMIUM]",,"[]",,,"[PREMIUM]"
"2b474a57-0651-4091-8ce6-3394590823ac","2026-05-28 22:16:05.220","2026-05-31 22:16:14.980","2b474a57-0651-4091-8ce6-3394590823ac","[PREMIUM]","Used",2024,"Kia","Telluride","SX Prestige X-Pro","[PREMIUM]","[PREMIUM]",26818,"SUV","Glacial White Pearl","Black","All-wheel Drive",,,,,,"dealership","[PREMIUM]","Tempe","AZ","[PREMIUM]",,"[]",,,"[PREMIUM]"
"7b7b2d46-6e58-48ff-8623-d94a4d304a78","2026-05-28 22:16:05.215","2026-05-31 22:16:14.985","7b7b2d46-6e58-48ff-8623-d94a4d304a78","[PREMIUM]","Used",2024,"Ford","F-150","XLT 2WD SuperCrew 5.5&#39; Box","[PREMIUM]","[PREMIUM]",26623,"Truck","Oxford White",,"Rear-wheel Drive",,,"Gasoline",,,"dealership","[PREMIUM]","Ocoee","FL","[PREMIUM]",,"[]",,,"[PREMIUM]"
"fc0f7dd1-1b7d-409c-9d7c-03407e41a471","2026-05-28 22:16:05.212","2026-05-28 22:16:05.212","fc0f7dd1-1b7d-409c-9d7c-03407e41a471","[PREMIUM]","Used",2024,"Toyota","Highlander","XLE","[PREMIUM]","[PREMIUM]",14045,"SUV","Gray","BLACK","Rear-wheel Drive",,,"Gasoline",,,"dealership","[PREMIUM]","Daytona Beach","FL","[PREMIUM]",,"[]",,,"[PREMIUM]"
"493f22fb-f9aa-45f4-8a41-942a16549760","2026-05-28 22:16:05.201","2026-05-31 22:16:14.934","493f22fb-f9aa-45f4-8a41-942a16549760","[PREMIUM]","Used",2024,"Hyundai","IONIQ 5","Limited","[PREMIUM]","[PREMIUM]",8813,"SUV","Black","GRAY","Four-wheel Drive",,,"Electric",,,"dealership","[PREMIUM]","Wichita","KS","[PREMIUM]",,"[]",,,"[PREMIUM]"
"a6147838-a5f9-4548-845b-03ea9382ae4c","2026-05-28 22:16:05.198","2026-05-28 22:16:05.198","a6147838-a5f9-4548-845b-03ea9382ae4c","[PREMIUM]","Used",2024,"RAM","1500","Big Horn","[PREMIUM]","[PREMIUM]",19709,"Truck","Red","Diesel Gray / Black","Four-wheel Drive",,,"Gasoline",,,"dealership","[PREMIUM]","Sunnyside","WA","[PREMIUM]",,"[]",,,"[PREMIUM]"
"b5049801-a05e-4fe3-8430-b5e63763db54","2026-05-28 22:16:05.187","2026-05-28 22:16:05.187","b5049801-a05e-4fe3-8430-b5e63763db54","[PREMIUM]","Used",2024,"Audi","A4 allroad","Premium Plus","[PREMIUM]","[PREMIUM]",21464,"Wagon","Black","BLACK","Four-wheel Drive",,,"Gasoline",,,"dealership","[PREMIUM]","Beaverton","OR","[PREMIUM]",,"[]",,,"[PREMIUM]"
"f6ba5100-17b3-4c43-ab78-e74be5a02ff4","2026-05-28 22:16:05.166","2026-05-28 22:16:05.166","f6ba5100-17b3-4c43-ab78-e74be5a02ff4","[PREMIUM]","Used",2024,"Land Rover","Range Rover Evoque","Dynamic SE","[PREMIUM]","[PREMIUM]",12599,"SUV","Gray","BLACK","Four-wheel Drive",,,"Gasoline",,,"dealership","[PREMIUM]","Buena Park","CA","[PREMIUM]",,"[]",,,"[PREMIUM]"
"46f51700-f368-460e-879e-c2c1db2540c1","2026-05-28 22:15:54.249","2026-05-28 22:15:54.249","46f51700-f368-460e-879e-c2c1db2540c1","[PREMIUM]","Used",2024,"RAM","1500","Bighorn","[PREMIUM]","[PREMIUM]",20914,"Truck","White","GRAY","Four-wheel Drive",,,"Gasoline",,,"dealership","[PREMIUM]","Houston","TX","[PREMIUM]",,"[]",,,"[PREMIUM]"
"a15f2810-b3ce-4e58-b7c0-8480925e0530","2026-05-28 22:15:54.197","2026-05-28 22:15:54.197","a15f2810-b3ce-4e58-b7c0-8480925e0530","[PREMIUM]","Used",2024,"Ford","F-150","XLT","[PREMIUM]","[PREMIUM]",52468,"Truck","Gray","BLACK","4WD",,,"Hybrid",,,"dealership","[PREMIUM]","Oklahoma City","OK","[PREMIUM]",,"[]",,,"[PREMIUM]"
"7d98567d-e16a-479d-9066-23ccf5289d1b","2026-05-28 22:15:54.191","2026-05-28 22:15:54.191","7d98567d-e16a-479d-9066-23ccf5289d1b","[PREMIUM]","Used",2024,"Jeep","Wrangler","Willy&#39;s","[PREMIUM]","[PREMIUM]",15196,"SUV","Gray","GRAY","Four-wheel Drive",,,"Gasoline",,,"dealership","[PREMIUM]","Indianapolis","IN","[PREMIUM]",,"[]",,,"[PREMIUM]"
"622ecdbf-20e1-4191-97d9-8c37cdc628a2","2026-05-28 22:15:54.188","2026-05-31 22:16:15.213","622ecdbf-20e1-4191-97d9-8c37cdc628a2","[PREMIUM]","Used",2024,"Hyundai","PALISADE","Calligraphy","[PREMIUM]","[PREMIUM]",19683,"SUV","Burgundy","BLACK","Rear-wheel Drive",,,"Gasoline",,,"dealership","[PREMIUM]","Richmond","TX","[PREMIUM]",,"[]",,,"[PREMIUM]"
"42860a6a-6619-45a8-8ea5-e0a78bfc70b7","2026-05-28 22:15:33.710","2026-05-28 22:15:33.710","42860a6a-6619-45a8-8ea5-e0a78bfc70b7","[PREMIUM]","Used",2025,"Honda","Pilot","EX-L","[PREMIUM]","[PREMIUM]",14948,"SUV",,,"All-wheel Drive",,,"Gasoline",,,"dealership","[PREMIUM]","Bedford","OH","[PREMIUM]",,"[]",,,"[PREMIUM]"
"9e245105-e2e9-400f-acb5-95781d1e919b","2026-05-28 22:15:23.282","2026-05-28 22:15:23.282","9e245105-e2e9-400f-acb5-95781d1e919b","[PREMIUM]","Used",2025,"Chevrolet","Colorado","Z71","[PREMIUM]","[PREMIUM]",13976,"Truck","Summit White","Jet Black/Adrenaline Red","Four-wheel Drive",,,"Gasoline",,,"dealership","[PREMIUM]","Thornton","CO","[PREMIUM]",,"[]",,,"[PREMIUM]"
"026a6f73-c585-472d-9cc4-b3c2ae21f979","2026-05-28 22:15:02.858","2026-05-28 22:15:02.858","026a6f73-c585-472d-9cc4-b3c2ae21f979","[PREMIUM]","Used",2025,"GMC","Sierra 1500","Elevation","[PREMIUM]","[PREMIUM]",15750,"Truck","Onyx Black","Jet Black","Rear-wheel Drive",,,"Gasoline",,,"dealership","[PREMIUM]","Humble","TX","[PREMIUM]",,"[]",,,"[PREMIUM]"
"ecffa17b-7b8f-46a6-be37-94f8cc6769bc","2026-05-28 22:14:52.565","2026-05-28 22:14:52.565","ecffa17b-7b8f-46a6-be37-94f8cc6769bc","[PREMIUM]","Used",2025,"Ford","Bronco","Outer Banks","[PREMIUM]","[PREMIUM]",22700,"SUV","Oxford White","Black Onyx","Four-wheel Drive",,,"Gasoline",,,"dealership","[PREMIUM]","Granger","IA","[PREMIUM]",,"[]",,,"[PREMIUM]"
"4c7aa6fa-68aa-467b-b4b3-bb17705fd9d4","2026-05-28 22:14:52.096","2026-06-03 22:15:16.893","4c7aa6fa-68aa-467b-b4b3-bb17705fd9d4","[PREMIUM]","Used",2025,"Genesis","GV70","2.5T","[PREMIUM]","[PREMIUM]",11504,,"Black","Black/Black","All-wheel Drive",,,"Gasoline",,,"dealership","[PREMIUM]","HUNTINGTON","NY","[PREMIUM]",,"[]",,,"[PREMIUM]"
"c651f9aa-c257-4fdd-b613-9772d912da1a","2026-05-28 22:14:51.757","2026-05-28 22:14:51.757","c651f9aa-c257-4fdd-b613-9772d912da1a","[PREMIUM]","Used",2025,"Ford","Mustang Mach-E","GT","[PREMIUM]","[PREMIUM]",25303,"SUV","Green Metallic","Performance Gray","All-wheel Drive",,,"Electric",,,"dealership","[PREMIUM]","Elkhart","IN","[PREMIUM]",,"[]",,,"[PREMIUM]"
"0dc98256-61ba-44ca-b2be-386aa8984e54","2026-05-28 22:14:51.701","2026-05-28 22:14:51.701","0dc98256-61ba-44ca-b2be-386aa8984e54","[PREMIUM]","Used",2025,"Mercedes-Benz","GLB 250","4MATIC","[PREMIUM]","[PREMIUM]",21885,"SUV","Polar White","Black MB-Tex/Microfiber with Red Stitching",,,,"Gasoline",,,"dealership","[PREMIUM]","Salisbury","MD","[PREMIUM]",,"[]",,,"[PREMIUM]"
"1bde48e9-7d46-4ea7-8730-3cbd0f464b84","2026-05-28 22:14:51.695","2026-05-28 22:14:51.695","1bde48e9-7d46-4ea7-8730-3cbd0f464b84","[PREMIUM]","Used",2025,"Genesis","GV70","2.5T","[PREMIUM]","[PREMIUM]",9409,,"Black","Black/Black","All-wheel Drive",,,"Gasoline",,,"dealership","[PREMIUM]","HUNTINGTON","NY","[PREMIUM]",,"[]",,,"[PREMIUM]"
"eae88705-9e18-47b4-a1f5-e8495110743e","2026-05-28 22:14:51.685","2026-05-28 22:14:51.685","eae88705-9e18-47b4-a1f5-e8495110743e","[PREMIUM]","Used",2025,"Ford","Mustang Mach-E","GT","[PREMIUM]","[PREMIUM]",5890,"SUV","GLACIER GRAY MET TRI-COAT","PRFM GRAY ACTIVEX TRIMMED","All-wheel Drive",,,"Electric",,,"dealership","[PREMIUM]","Easton","PA","[PREMIUM]",,"[]",,,"[PREMIUM]"
"e05c604a-349d-4d61-848a-c3087e6c6451","2026-05-28 22:14:51.684","2026-05-28 22:14:51.684","e05c604a-349d-4d61-848a-c3087e6c6451","[PREMIUM]","Used",2025,"Chevrolet","Express 3500","RWD 3500 Extended Wheelbase LT","[PREMIUM]","[PREMIUM]",13850,"Passenger Van","Summit White","Medium Pewter","Rear-wheel Drive",,,"Gasoline",,,"dealership","[PREMIUM]","Greensboro","NC","[PREMIUM]",,"[]",,,"[PREMIUM]"
"7ef6e483-ffb1-40f5-99ab-53013ecdfc4e","2026-05-28 22:14:51.660","2026-05-28 22:14:51.660","7ef6e483-ffb1-40f5-99ab-53013ecdfc4e","[PREMIUM]","Used",2025,"Ford","Bronco","OUTER BANKS","[PREMIUM]","[PREMIUM]",17514,"SUV","AZURE GRAY MET TRI-COAT","LTHR-TRIM/VINYL BLACK SEATS","Four-wheel Drive",,,"Gasoline",,,"dealership","[PREMIUM]","Brighton","CO","[PREMIUM]",,"[]",,,"[PREMIUM]"
"64e15102-4a60-48cc-8809-1131e19a419f","2026-05-28 22:14:41.031","2026-05-28 22:14:41.031","64e15102-4a60-48cc-8809-1131e19a419f","[PREMIUM]","New",2025,"Jeep","Gladiator","Sport","[PREMIUM]","[PREMIUM]",10,"Truck","Granite Crystal Clearcoat Metallic","Black","4WD",,,"Gasoline",,,"dealership","[PREMIUM]","Oak Ridge","TN","[PREMIUM]",,"[]",,,"[PREMIUM]"
"c6a3ec92-9572-4f13-8103-7f93c3750805","2026-05-28 22:14:40.987","2026-05-28 22:14:40.987","c6a3ec92-9572-4f13-8103-7f93c3750805","[PREMIUM]","New",2025,"Jeep","Gladiator","Sport","[PREMIUM]","[PREMIUM]",10,"Truck","Black Clearcoat","Black","4WD",,,"Gasoline",,,"dealership","[PREMIUM]","Oak Ridge","TN","[PREMIUM]",,"[]",,,"[PREMIUM]"
"98dde759-82d6-4fb6-ae70-9d9e71d4bad2","2026-05-28 22:14:40.981","2026-05-28 22:14:40.981","98dde759-82d6-4fb6-ae70-9d9e71d4bad2","[PREMIUM]","Used",2025,"Honda","Pilot","Sport","[PREMIUM]","[PREMIUM]",19430,"SUV","Platinum White Pearl","Black","All-wheel Drive",,,"Gasoline",,,"dealership","[PREMIUM]","Marysville","OH","[PREMIUM]",,"[]",,,"[PREMIUM]"
"2ca4abc8-94c1-4480-aa84-2aa906338b17","2026-05-28 22:14:40.977","2026-05-28 22:14:40.977","2ca4abc8-94c1-4480-aa84-2aa906338b17","[PREMIUM]","Used",2025,"RAM","1500","BIG HORN/LONE STAR","[PREMIUM]","[PREMIUM]",13043,"Truck","Billet Silver Metallic Clearcoat","Black",,,,,,,"dealership","[PREMIUM]","Chesapeake","VA","[PREMIUM]",,"[]",,,"[PREMIUM]"
"49024e37-8882-48f7-a3f1-a9f6886b7433","2026-05-28 22:14:40.969","2026-05-28 22:14:40.969","49024e37-8882-48f7-a3f1-a9f6886b7433","[PREMIUM]","Used",2025,"Ford","Explorer","PLATINUM","[PREMIUM]","[PREMIUM]",21668,"SUV","AGATE BLACK METALLIC","MOJAVE DUSK LEATHER SEATS",,,,,,,"dealership","[PREMIUM]","Ankeny","IA","[PREMIUM]",,"[]",,,"[PREMIUM]"
"f6ba8364-bde0-4c9b-a08a-0e91a3c12835","2026-05-28 22:14:39.662","2026-05-28 22:14:39.662","f6ba8364-bde0-4c9b-a08a-0e91a3c12835","[PREMIUM]","New",2025,"Jeep","Gladiator","Sport","[PREMIUM]","[PREMIUM]",10,"Truck","Black Clearcoat","Black","4WD",,,"Gasoline",,,"dealership","[PREMIUM]","Oak Ridge","TN","[PREMIUM]",,"[]",,,"[PREMIUM]"
"721eac54-31b0-4fd7-9854-883a38876c23","2026-05-28 22:14:38.787","2026-05-28 22:14:38.787","721eac54-31b0-4fd7-9854-883a38876c23","[PREMIUM]","New",2025,"Jeep","Gladiator","Sport","[PREMIUM]","[PREMIUM]",10,"Truck","Black Clearcoat","Black","4WD",,,"Gasoline",,,"dealership","[PREMIUM]","Oak Ridge","TN","[PREMIUM]",,"[]",,,"[PREMIUM]"
"2e58452b-7b41-41dc-9a09-08af2dc3cfc7","2026-05-28 22:14:38.645","2026-05-28 22:14:38.645","2e58452b-7b41-41dc-9a09-08af2dc3cfc7","[PREMIUM]","Used",2025,"Dodge","Durango","GT Plus","[PREMIUM]","[PREMIUM]",31233,"SUV","DB Black Clearcoat","Black","All-wheel Drive",,,"Gasoline",,,"dealership","[PREMIUM]","San Bernardino","CA","[PREMIUM]",,"[]",,,"[PREMIUM]"
"e85b0be8-54df-4e40-87b2-ce27929d1595","2026-05-28 22:14:38.634","2026-05-31 22:14:43.982","e85b0be8-54df-4e40-87b2-ce27929d1595","[PREMIUM]","Used",2025,"Ford","F-150","STX","[PREMIUM]","[PREMIUM]",4516,"Truck","Oxford White","Black","Four-wheel Drive",,,"Gasoline",,,"dealership","[PREMIUM]","Newark","CA","[PREMIUM]",,"[]",,,"[PREMIUM]"
"b917955f-4f98-40b9-b94b-924a8bd86675","2026-05-28 22:14:38.629","2026-05-28 22:14:38.629","b917955f-4f98-40b9-b94b-924a8bd86675","[PREMIUM]","Used",2025,"Chevrolet","Silverado 1500","LT","[PREMIUM]","[PREMIUM]",10387,"Truck","Sterling Gray Metallic","Jet Black","Four-wheel Drive",,,"Gasoline",,,"dealership","[PREMIUM]","Peoria","AZ","[PREMIUM]",,"[]",,,"[PREMIUM]"
"208cb75a-a5e1-4b85-89ad-d5853c2d3747","2026-05-28 22:14:38.622","2026-05-28 22:14:38.622","208cb75a-a5e1-4b85-89ad-d5853c2d3747","[PREMIUM]","New",2025,"Jeep","Wagoneer S","Limited","[PREMIUM]","[PREMIUM]",21,"SUV","Diamond Black","Global Black","Four-wheel Drive",,,"Electric",,,"dealership","[PREMIUM]","Newark","CA","[PREMIUM]",,"[]",,,"[PREMIUM]"
"5d5e1e06-8107-46af-ab7d-ab97d518d7cb","2026-05-28 22:14:38.618","2026-05-28 22:14:38.618","5d5e1e06-8107-46af-ab7d-ab97d518d7cb","[PREMIUM]","New",2025,"Ford","Bronco","Base","[PREMIUM]","[PREMIUM]",120,"SUV","SHADOW BLACK","CLOTH GRAY/BLACK SEATS","Four-wheel Drive",,,"Gasoline",,,"dealership","[PREMIUM]","Glen Allen","VA","[PREMIUM]",,"[]",,,"[PREMIUM]"
"df5cda85-b5ac-4a53-8b37-a7e9bd8202bc","2026-05-28 22:14:38.604","2026-05-28 22:14:38.604","df5cda85-b5ac-4a53-8b37-a7e9bd8202bc","[PREMIUM]","Used",2025,"Toyota","RAV4 Hybrid","XLE Premium","[PREMIUM]","[PREMIUM]",12057,"SUV","Wind Chill Pearl","Black","All-wheel Drive",,,"Hybrid",,,"dealership","[PREMIUM]","Southern Pines","NC","[PREMIUM]",,"[]",,,"[PREMIUM]"
"18dbc1f2-85ef-450c-80cf-88a46cd94ad8","2026-05-28 22:14:38.594","2026-05-28 22:14:38.594","18dbc1f2-85ef-450c-80cf-88a46cd94ad8","[PREMIUM]","Used",2025,"Audi","Q5","2.0T Premium","[PREMIUM]","[PREMIUM]",6862,"SUV","Glacier White Metallic","Black","All-wheel Drive",,,"Gasoline",,,"dealership","[PREMIUM]","Seattle","WA","[PREMIUM]",,"[]",,,"[PREMIUM]"
"36e1d95b-3227-41d7-880c-dabb20d068f6","2026-05-28 22:14:38.584","2026-05-28 22:14:38.584","36e1d95b-3227-41d7-880c-dabb20d068f6","[PREMIUM]","Used",2025,"Ford","Explorer","ST-Line","[PREMIUM]","[PREMIUM]",9974,"SUV","Gray","BLACK","4WD",,,"Gas",,,"dealership","[PREMIUM]","Gastonia","NC","[PREMIUM]",,"[]",,,"[PREMIUM]"
"df0a49b4-22d5-4ae9-8ef1-63ed6f6a5cfb","2026-05-28 22:14:38.570","2026-05-28 22:14:38.570","df0a49b4-22d5-4ae9-8ef1-63ed6f6a5cfb","[PREMIUM]","New",2025,"Nissan","Murano","SL","[PREMIUM]","[PREMIUM]",158,"SUV","Gun Metallic","Graphite","All-wheel Drive",,,"Gasoline",,,"dealership","[PREMIUM]","Oklahoma City","OK","[PREMIUM]",,"[]",,,"[PREMIUM]"
"d6bb73b5-7646-440c-bb7f-5c39b6ff215b","2026-05-28 22:14:38.567","2026-05-28 22:14:38.567","d6bb73b5-7646-440c-bb7f-5c39b6ff215b","[PREMIUM]","Used",2025,"Ford","F-150","XLT","[PREMIUM]","[PREMIUM]",2841,"Truck","Oxford White","Black","Rear-wheel Drive",,,"Gasoline",,,"dealership","[PREMIUM]","Tampa","FL","[PREMIUM]",,"[]",,,"[PREMIUM]"
"68c498df-69a9-489c-b0f0-c6aab3b82943","2026-05-28 22:14:38.545","2026-05-28 22:14:38.545","68c498df-69a9-489c-b0f0-c6aab3b82943","[PREMIUM]","New",2025,"Chevrolet","Silverado 1500","LT","[PREMIUM]","[PREMIUM]",3487,"Truck","Cypress","Black","4WD",,,"Gasoline",,,"dealership","[PREMIUM]","Beaverton","OR","[PREMIUM]",,"[]",,,"[PREMIUM]"
"8e94fbc0-6fd6-4f2c-ba24-98d20808ae12","2026-05-28 22:14:38.545","2026-05-28 22:14:38.545","8e94fbc0-6fd6-4f2c-ba24-98d20808ae12","[PREMIUM]","New",2025,"Chevrolet","Silverado 1500","LT","[PREMIUM]","[PREMIUM]",3185,"Truck","Sterling Gray Metallic","Black","4WD",,,"Gasoline",,,"dealership","[PREMIUM]","Beaverton","OR","[PREMIUM]",,"[]",,,"[PREMIUM]"
"c80bfac5-99b5-49c2-a35b-691788a5cdf6","2026-05-28 22:14:38.543","2026-05-28 22:14:38.543","c80bfac5-99b5-49c2-a35b-691788a5cdf6","[PREMIUM]","Used",2025,"Toyota","Tacoma","TRD Off Road","[PREMIUM]","[PREMIUM]",8328,"Truck","Black","BLACK","Four-wheel Drive",,,"Gasoline",,,"dealership","[PREMIUM]","Colorado Springs","CO","[PREMIUM]",,"[]",,,"[PREMIUM]"
"f4aaf6f2-a606-4c0e-b010-90a6e715e7c3","2026-05-28 22:14:38.542","2026-05-28 22:14:38.542","f4aaf6f2-a606-4c0e-b010-90a6e715e7c3","[PREMIUM]","Used",2025,"Acura","RDX","Base","[PREMIUM]","[PREMIUM]",9993,"SUV","Canyon River Blue Metallic","Ebony","All-wheel Drive",,,"Gasoline",,,"dealership","[PREMIUM]","Naperville","IL","[PREMIUM]",,"[]",,,"[PREMIUM]"
"c4bc480c-358f-40e2-b146-b1fcf0ca3cd6","2026-05-28 22:14:38.538","2026-05-28 22:14:38.538","c4bc480c-358f-40e2-b146-b1fcf0ca3cd6","[PREMIUM]","Used",2025,"Lexus","NX 250","Premium","[PREMIUM]","[PREMIUM]",25585,"SUV","Caviar","Black","Front-wheel Drive",,,"Gasoline",,,"dealership","[PREMIUM]","Birmingham","AL","[PREMIUM]",,"[]",,,"[PREMIUM]"
"b67599f8-6a05-4ecc-9765-6a04befb6ca5","2026-05-28 22:14:38.532","2026-05-28 22:14:38.532","b67599f8-6a05-4ecc-9765-6a04befb6ca5","[PREMIUM]","New",2025,"Jeep","Wagoneer S","Limited","[PREMIUM]","[PREMIUM]",55,"SUV","Diamond Black","Global Black","Four-wheel Drive",,,"Electric",,,"dealership","[PREMIUM]","Newark","CA","[PREMIUM]",,"[]",,,"[PREMIUM]"
"25c0e0ed-dae7-4b99-a0bb-e840757090ac","2026-05-28 22:14:27.448","2026-05-28 22:14:27.448","25c0e0ed-dae7-4b99-a0bb-e840757090ac","[PREMIUM]","Used",2025,"Lexus","ES 350",,"[PREMIUM]","[PREMIUM]",3785,"Sedan","White","BROWN","Rear-wheel Drive",,,"Gasoline",,,"dealership","[PREMIUM]","Murrieta","CA","[PREMIUM]",,"[]",,,"[PREMIUM]"
"0c7472ac-bc4e-4159-b6de-7c3c3cb88015","2026-05-28 22:14:27.264","2026-05-28 22:14:27.264","0c7472ac-bc4e-4159-b6de-7c3c3cb88015","[PREMIUM]","Used",2025,"Nissan","Murano","Platinum","[PREMIUM]","[PREMIUM]",9052,"SUV","Blue","BLACK","Four-wheel Drive",,,"Gasoline",,,"dealership","[PREMIUM]","Raleigh","NC","[PREMIUM]",,"[]",,,"[PREMIUM]"
"5aad43e0-b27d-4043-9d1c-45ba8a29dba9","2026-05-28 22:14:27.237","2026-05-28 22:14:27.237","5aad43e0-b27d-4043-9d1c-45ba8a29dba9","[PREMIUM]","Used",2025,"Hyundai","SANTA FE HEV","Calligraphy","[PREMIUM]","[PREMIUM]",25496,"SUV","Green",,"Four-wheel Drive",,,"Hybrid",,,"dealership","[PREMIUM]","South Portland","ME","[PREMIUM]",,"[]",,,"[PREMIUM]"
"586ddd35-d3f6-4ab9-ba3e-edb2a9b9ea27","2026-05-28 22:14:27.217","2026-05-28 22:14:27.217","586ddd35-d3f6-4ab9-ba3e-edb2a9b9ea27","[PREMIUM]","Used",2025,"Subaru","Ascent","Limited Bronze Edition","[PREMIUM]","[PREMIUM]",7368,"SUV","Cosmic Blue","Black","All-wheel Drive",,,"Gasoline",,,"dealership","[PREMIUM]","Pembroke Pines","FL","[PREMIUM]",,"[]",,,"[PREMIUM]"
