"_primaryKey","_firstSeenAt","_lastSeenAt","listingId","vin","stockType","year","make","model","trim","price","msrp","mileage","bodyStyle","exteriorColor","interiorColor","drivetrain","transmission","engine","fuelType","mpg","stockNumber","sellerType","sellerName","sellerCity","sellerState","images","imagesCount","options","optionsCount","description","listingUrl"
"cfefb156-14b2-4276-b633-bf27b23e0e77","2026-06-27 23:59:59.619","2026-07-20 23:16:13.413","cfefb156-14b2-4276-b633-bf27b23e0e77","[PREMIUM]","New",2026,"Hyundai","IONIQ 5","Limited","[PREMIUM]","[PREMIUM]",8,"SUV","Lucid Blue","Gray","All-wheel Drive",,,"Electric",,,"dealership","[PREMIUM]","Brooklyn Park","MN","[PREMIUM]",17,"[]",,,"[PREMIUM]"
"145e726e-f864-427b-9eda-c29507cbfee1","2026-06-27 23:59:59.390","2026-07-24 00:53:17.173","145e726e-f864-427b-9eda-c29507cbfee1","[PREMIUM]","New",2026,"Chevrolet","Silverado 1500","LT","[PREMIUM]","[PREMIUM]",0,"Truck","Summit White","Jet Black","Four-wheel Drive",,,"Gasoline",,,"dealership","[PREMIUM]","Ankeny","IA","[PREMIUM]",24,"[]",,,"[PREMIUM]"
"af1edd7b-0c77-4992-88f4-bac732894f51","2026-06-27 23:59:59.366","2026-07-24 00:53:17.192","af1edd7b-0c77-4992-88f4-bac732894f51","[PREMIUM]","New",2026,"Chevrolet","Silverado 1500","LT","[PREMIUM]","[PREMIUM]",0,"Truck","Summit White","Jet Black","Four-wheel Drive",,,"Gasoline",,,"dealership","[PREMIUM]","Ankeny","IA","[PREMIUM]",24,"[]",,,"[PREMIUM]"
"2cf7eab5-21d5-4703-8c27-29b2ecdf9d3b","2026-06-27 23:59:59.332","2026-07-24 00:53:17.159","2cf7eab5-21d5-4703-8c27-29b2ecdf9d3b","[PREMIUM]","New",2026,"Chevrolet","Silverado 1500","LT","[PREMIUM]","[PREMIUM]",0,"Truck","Summit White","Jet Black","Four-wheel Drive",,,"Gasoline",,,"dealership","[PREMIUM]","Ankeny","IA","[PREMIUM]",24,"[]",,,"[PREMIUM]"
"1922439d-2d51-4ef6-a7bc-358bf48d95f6","2026-06-27 23:59:59.326","2026-07-27 03:18:05.177","1922439d-2d51-4ef6-a7bc-358bf48d95f6","[PREMIUM]","New",2026,"Chevrolet","Silverado 1500","LT","[PREMIUM]","[PREMIUM]",0,"Truck","Summit White","Jet Black","Four-wheel Drive",,,"Gasoline",,,"dealership","[PREMIUM]","Ankeny","IA","[PREMIUM]",24,"[]",,,"[PREMIUM]"
"0d4c1bd4-6b72-41f0-a157-3024a2369016","2026-06-27 23:59:59.303","2026-07-27 03:18:05.181","0d4c1bd4-6b72-41f0-a157-3024a2369016","[PREMIUM]","New",2026,"Chevrolet","Silverado 1500","LT","[PREMIUM]","[PREMIUM]",0,"Truck","Summit White","Jet Black","Four-wheel Drive",,,"Gasoline",,,"dealership","[PREMIUM]","Ankeny","IA","[PREMIUM]",24,"[]",,,"[PREMIUM]"
"8437443d-858a-4d91-9037-9cd42ce600d3","2026-06-27 23:59:59.295","2026-07-27 03:18:05.230","8437443d-858a-4d91-9037-9cd42ce600d3","[PREMIUM]","New",2026,"Chevrolet","Silverado 1500","LT","[PREMIUM]","[PREMIUM]",0,"Truck","Black","Jet Black","Four-wheel Drive",,,"Gasoline",,,"dealership","[PREMIUM]","Ankeny","IA","[PREMIUM]",24,"[]",,,"[PREMIUM]"
"f81b424b-5f12-4a2c-aa89-089c2e349695","2026-06-27 23:59:59.290","2026-07-27 03:18:05.219","f81b424b-5f12-4a2c-aa89-089c2e349695","[PREMIUM]","New",2026,"Chevrolet","Silverado 1500","LT","[PREMIUM]","[PREMIUM]",0,"Truck","Summit White","Jet Black","Four-wheel Drive",,,"Gasoline",,,"dealership","[PREMIUM]","Ankeny","IA","[PREMIUM]",24,"[]",,,"[PREMIUM]"
"e39b008a-682b-42c8-990a-b10d0d16f2f9","2026-06-27 23:59:59.283","2026-07-24 00:53:17.673","e39b008a-682b-42c8-990a-b10d0d16f2f9","[PREMIUM]","New",2026,"Chevrolet","Traverse","AWD LT","[PREMIUM]","[PREMIUM]",0,"SUV","Sterling Gray Metallic","LT Jet Black","All-wheel Drive",,,"Gasoline",,,"dealership","[PREMIUM]","Ankeny","IA","[PREMIUM]",25,"[]",,,"[PREMIUM]"
"e4e8ebf7-4ef2-4128-be5d-ba392cb58ef7","2026-06-27 23:59:59.282","2026-07-27 03:18:05.246","e4e8ebf7-4ef2-4128-be5d-ba392cb58ef7","[PREMIUM]","New",2026,"Chevrolet","Silverado 1500","LT","[PREMIUM]","[PREMIUM]",0,"Truck","Summit White","Jet Black","Four-wheel Drive",,,"Gasoline",,,"dealership","[PREMIUM]","Ankeny","IA","[PREMIUM]",24,"[]",,,"[PREMIUM]"
"3db047aa-a610-41d6-9666-6959a52e1f91","2026-06-27 23:59:59.280","2026-07-24 00:53:17.154","3db047aa-a610-41d6-9666-6959a52e1f91","[PREMIUM]","New",2026,"Chevrolet","Silverado 1500","LT","[PREMIUM]","[PREMIUM]",0,"Truck","Summit White","Jet Black","Four-wheel Drive",,,"Gasoline",,,"dealership","[PREMIUM]","Ankeny","IA","[PREMIUM]",24,"[]",,,"[PREMIUM]"
"8986db98-6ae5-4f70-b3e1-b941eeb7fda9","2026-06-27 23:59:59.278","2026-07-24 00:53:17.160","8986db98-6ae5-4f70-b3e1-b941eeb7fda9","[PREMIUM]","New",2026,"Chevrolet","Silverado 1500","LT","[PREMIUM]","[PREMIUM]",0,"Truck","Summit White","Jet Black","Four-wheel Drive",,,"Gasoline",,,"dealership","[PREMIUM]","Ankeny","IA","[PREMIUM]",24,"[]",,,"[PREMIUM]"
"490eedfd-ac1a-4566-a9df-078db8920bf0","2026-06-27 23:59:59.270","2026-07-27 03:17:52.206","490eedfd-ac1a-4566-a9df-078db8920bf0","[PREMIUM]","New",2026,"Chevrolet","Silverado 1500","LT","[PREMIUM]","[PREMIUM]",0,"Truck","Summit White","Jet Black","Four-wheel Drive",,,"Gasoline",,,"dealership","[PREMIUM]","Ankeny","IA","[PREMIUM]",24,"[]",,,"[PREMIUM]"
"4565c5d3-eac2-4aba-9b97-ca23c85ba070","2026-06-27 23:59:59.256","2026-07-27 03:17:52.095","4565c5d3-eac2-4aba-9b97-ca23c85ba070","[PREMIUM]","New",2026,"Ford","Bronco","Base","[PREMIUM]","[PREMIUM]",0,"SUV","Marsh Gray","Gray","Four-wheel Drive",,,"Gasoline",,,"dealership","[PREMIUM]","Hutto","TX","[PREMIUM]",25,"[]",,,"[PREMIUM]"
"85a9f10f-4a95-49d3-99d3-f67a65a570a9","2026-06-27 23:59:59.250","2026-07-27 03:17:52.206","85a9f10f-4a95-49d3-99d3-f67a65a570a9","[PREMIUM]","New",2026,"Chevrolet","Silverado 1500","LT","[PREMIUM]","[PREMIUM]",0,"Truck","Summit White","Jet Black","Four-wheel Drive",,,"Gasoline",,,"dealership","[PREMIUM]","Ankeny","IA","[PREMIUM]",24,"[]",,,"[PREMIUM]"
"e0bb5876-16e0-4927-a8ef-d09d32f32e8c","2026-06-27 23:59:18.916","2026-06-27 23:59:18.916","e0bb5876-16e0-4927-a8ef-d09d32f32e8c","[PREMIUM]","Used",2023,"BMW","X5 PHEV","XDrive45e","[PREMIUM]","[PREMIUM]",27602,"SUV","Gray","TAN","Four-wheel Drive",,,"Plug-In Hybrid",,,"dealership","[PREMIUM]","Irvine","CA","[PREMIUM]",27,"[]",,,"[PREMIUM]"
"2c30109b-ca5d-4e41-b60f-869ca8492e0d","2026-06-27 23:59:18.700","2026-07-01 07:01:13.718","2c30109b-ca5d-4e41-b60f-869ca8492e0d","[PREMIUM]","Used",2022,"Toyota","4Runner","SR5 Premium","[PREMIUM]","[PREMIUM]",33470,"SUV","White","GRAY","Four-wheel Drive",,,"Gasoline",,,"dealership","[PREMIUM]","Fairfield","CA","[PREMIUM]",29,"[]",,,"[PREMIUM]"
"121caf69-9eba-4971-9060-26e312623e48","2026-06-27 23:59:18.680","2026-06-27 23:59:18.680","121caf69-9eba-4971-9060-26e312623e48","[PREMIUM]","Used",2022,"Porsche","Macan",,"[PREMIUM]","[PREMIUM]",26005,"SUV","White","RED","Four-wheel Drive",,,"Gasoline",,,"dealership","[PREMIUM]","Bakersfield","CA","[PREMIUM]",25,"[]",,,"[PREMIUM]"
"117ec91e-1d30-49e1-9ccb-8fec0d19a80c","2026-06-27 23:59:09.274","2026-07-17 23:07:03.811","117ec91e-1d30-49e1-9ccb-8fec0d19a80c","[PREMIUM]","New",2026,"Ford","Explorer","ST-Line","[PREMIUM]","[PREMIUM]",2234,"SUV","Carbonized Gray Metallic","Onyx","Four-wheel Drive",,,"Gasoline",,,"dealership","[PREMIUM]","Columbus","OH","[PREMIUM]",23,"[]",,,"[PREMIUM]"
"81f5020b-fb76-4754-ad43-c4cacde67253","2026-06-27 23:59:09.244","2026-07-27 03:18:05.589","81f5020b-fb76-4754-ad43-c4cacde67253","[PREMIUM]","New",2026,"Hyundai","PALISADE","SEL 7P","[PREMIUM]","[PREMIUM]",8,"SUV","Classy Blue Pearl","Black","All-wheel Drive",,,"Gasoline",,,"dealership","[PREMIUM]","Brooklyn Park","MN","[PREMIUM]",17,"[]",,,"[PREMIUM]"
"5ed88d57-bfe5-4276-b39f-deb5082b45fb","2026-06-27 23:59:09.150","2026-07-27 03:17:52.239","5ed88d57-bfe5-4276-b39f-deb5082b45fb","[PREMIUM]","New",2026,"Hyundai","TUCSON Hybrid","Limited","[PREMIUM]","[PREMIUM]",10,"SUV","Creamy White Pearl","Gray/Green 3-Tone","All-wheel Drive",,,"Hybrid",,,"dealership","[PREMIUM]","Brooklyn Park","MN","[PREMIUM]",17,"[]",,,"[PREMIUM]"
"9103019f-94c3-46e9-a6d7-03e3f73630ed","2026-06-27 23:59:09.033","2026-07-27 03:17:52.260","9103019f-94c3-46e9-a6d7-03e3f73630ed","[PREMIUM]","New",2026,"Hyundai","TUCSON Hybrid","Limited","[PREMIUM]","[PREMIUM]",10,"SUV","Creamy White Pearl","Black","All-wheel Drive",,,"Hybrid",,,"dealership","[PREMIUM]","Brooklyn Park","MN","[PREMIUM]",25,"[]",,,"[PREMIUM]"
"254def09-e712-4ab8-b612-47091af76863","2026-06-27 23:59:08.995","2026-07-07 17:38:05.665","254def09-e712-4ab8-b612-47091af76863","[PREMIUM]","Used",2025,"Ford","Expedition","Active","[PREMIUM]","[PREMIUM]",28499,"SUV","Gray","BLACK","Rear-wheel Drive",,,"Gasoline",,,"dealership","[PREMIUM]","Bakersfield","CA","[PREMIUM]",26,"[]",,,"[PREMIUM]"
"1480bcf2-19bc-43c4-b3ba-662d2df7866a","2026-06-27 23:59:08.770","2026-07-27 03:18:05.315","1480bcf2-19bc-43c4-b3ba-662d2df7866a","[PREMIUM]","New",2026,"Hyundai","PALISADE","SEL 8P","[PREMIUM]","[PREMIUM]",17,"SUV","Abyss Black Pearl","Black","All-wheel Drive",,,"Gasoline",,,"dealership","[PREMIUM]","Brooklyn Park","MN","[PREMIUM]",17,"[]",,,"[PREMIUM]"
"169f70d9-d827-40c1-926a-af0aab608c6c","2026-06-27 23:59:08.739","2026-07-27 03:17:52.505","169f70d9-d827-40c1-926a-af0aab608c6c","[PREMIUM]","New",2026,"Hyundai","TUCSON Hybrid","Limited","[PREMIUM]","[PREMIUM]",10,"SUV","Creamy White Pearl","Black","All-wheel Drive",,,"Hybrid",,,"dealership","[PREMIUM]","Brooklyn Park","MN","[PREMIUM]",25,"[]",,,"[PREMIUM]"
"0d38f75a-bef8-4956-8c5e-4da7efaa10bc","2026-06-27 23:59:08.733","2026-07-27 03:18:05.214","0d38f75a-bef8-4956-8c5e-4da7efaa10bc","[PREMIUM]","New",2026,"Hyundai","TUCSON Hybrid","Limited","[PREMIUM]","[PREMIUM]",10,"SUV","Creamy White Pearl","Black","All-wheel Drive",,,"Hybrid",,,"dealership","[PREMIUM]","Brooklyn Park","MN","[PREMIUM]",17,"[]",,,"[PREMIUM]"
"de27cbbe-3d16-46e1-a8d1-0bbaecc8c243","2026-06-27 23:59:08.637","2026-07-27 03:18:05.662","de27cbbe-3d16-46e1-a8d1-0bbaecc8c243","[PREMIUM]","New",2026,"Hyundai","PALISADE","SEL 7P","[PREMIUM]","[PREMIUM]",8,"SUV","Classy Blue Pearl","Black","All-wheel Drive",,,"Gasoline",,,"dealership","[PREMIUM]","Brooklyn Park","MN","[PREMIUM]",17,"[]",,,"[PREMIUM]"
"883de759-6a31-40d6-adaf-bc08759fe2cf","2026-06-27 23:59:08.626","2026-07-27 03:18:05.145","883de759-6a31-40d6-adaf-bc08759fe2cf","[PREMIUM]","New",2026,"Hyundai","TUCSON Hybrid","Limited","[PREMIUM]","[PREMIUM]",10,"SUV","Creamy White Pearl","Gray/Green 3-Tone","All-wheel Drive",,,"Hybrid",,,"dealership","[PREMIUM]","Brooklyn Park","MN","[PREMIUM]",17,"[]",,,"[PREMIUM]"
"49ce4ba1-2bd8-412f-b861-e92840e79aaf","2026-06-27 23:59:08.608","2026-07-27 03:18:05.219","49ce4ba1-2bd8-412f-b861-e92840e79aaf","[PREMIUM]","New",2026,"Hyundai","TUCSON Hybrid","Limited","[PREMIUM]","[PREMIUM]",10,"SUV","Creamy White Pearl","Black","All-wheel Drive",,,"Hybrid",,,"dealership","[PREMIUM]","Brooklyn Park","MN","[PREMIUM]",17,"[]",,,"[PREMIUM]"
"23aeb891-a1f4-4d07-9ba3-3a40a46fa350","2026-06-27 23:59:08.582","2026-06-27 23:59:08.582","23aeb891-a1f4-4d07-9ba3-3a40a46fa350","[PREMIUM]","Used",2026,"Tesla","Model Y","Long Range","[PREMIUM]","[PREMIUM]",7835,"SUV","Gray","BLACK","All-wheel Drive",,,"Electric",,,"dealership","[PREMIUM]","Fairfield","CA","[PREMIUM]",25,"[]",,,"[PREMIUM]"
"f2cd3c68-0ce7-41cd-bd13-c703d0f1884c","2026-06-27 23:58:58.523","2026-07-04 16:59:41.949","f2cd3c68-0ce7-41cd-bd13-c703d0f1884c","[PREMIUM]","Used",2023,"Nissan","Rogue","SV","[PREMIUM]","[PREMIUM]",44564,"SUV","Pearl White Tricoat","Charcoal","All-wheel Drive",,,"Gasoline",,,"dealership","[PREMIUM]","Camp Springs","MD","[PREMIUM]",67,"[]",,,"[PREMIUM]"
"f91dc298-7c8f-451b-936d-7716adad6e04","2026-06-27 23:58:58.350","2026-07-04 16:59:42.041","f91dc298-7c8f-451b-936d-7716adad6e04","[PREMIUM]","Used",2023,"Chrysler","Voyager","LX","[PREMIUM]","[PREMIUM]",52429,"Passenger Van","Silver Mist Clearcoat","Black/Alloy/Black","Front-wheel Drive",,,"Gasoline",,,"dealership","[PREMIUM]","Camp Springs","MD","[PREMIUM]",66,"[]",,,"[PREMIUM]"
"0cb074f3-881d-49d6-976a-5533a8d6a312","2026-06-27 23:58:58.154","2026-07-04 16:59:41.961","0cb074f3-881d-49d6-976a-5533a8d6a312","[PREMIUM]","Used",2023,"Nissan","Altima","SR FWD","[PREMIUM]","[PREMIUM]",27225,"Sedan","Gun Metallic","Sport","Front-wheel Drive",,,"Gasoline",,,"dealership","[PREMIUM]","Camp Springs","MD","[PREMIUM]",64,"[]",,,"[PREMIUM]"
"ec9a9dce-4fc6-4565-ad66-489be950eb6c","2026-06-27 23:58:58.083","2026-07-04 16:59:41.982","ec9a9dce-4fc6-4565-ad66-489be950eb6c","[PREMIUM]","Used",2023,"Nissan","Rogue","SV","[PREMIUM]","[PREMIUM]",56020,"SUV","Pearl White Tricoat","Charcoal","All-wheel Drive",,,"Gasoline",,,"dealership","[PREMIUM]","Camp Springs","MD","[PREMIUM]",65,"[]",,,"[PREMIUM]"
"3182d988-67d5-4561-b7ef-fae2b438fd66","2026-06-27 23:58:58.049","2026-07-01 07:01:02.774","3182d988-67d5-4561-b7ef-fae2b438fd66","[PREMIUM]","Used",2023,"Nissan","Altima","SR Intelligent AWD","[PREMIUM]","[PREMIUM]",26023,"Sedan","Super Black Clearcoat","Sport","All-wheel Drive",,,"Gasoline",,,"dealership","[PREMIUM]","Camp Springs","MD","[PREMIUM]",66,"[]",,,"[PREMIUM]"
"73e9ed65-9ab0-4030-85b2-2b3f5b3f3a95","2026-06-27 23:58:58.049","2026-07-04 16:59:41.960","73e9ed65-9ab0-4030-85b2-2b3f5b3f3a95","[PREMIUM]","Used",2023,"Chrysler","Pacifica","Touring L","[PREMIUM]","[PREMIUM]",62522,"Minivan","Brilliant Black Crystal Pearlcoat","Black/Alloy/Black","Front-wheel Drive",,,"Gasoline",,,"dealership","[PREMIUM]","Camp Springs","MD","[PREMIUM]",66,"[]",,,"[PREMIUM]"
"0b9d831b-9aa6-41c0-9a58-c463b9272132","2026-06-27 23:58:58.046","2026-07-04 16:59:42.061","0b9d831b-9aa6-41c0-9a58-c463b9272132","[PREMIUM]","Used",2023,"Nissan","Altima","SR Intelligent AWD","[PREMIUM]","[PREMIUM]",62751,"Sedan","Super Black","Sport","All-wheel Drive",,,"Gasoline",,,"dealership","[PREMIUM]","Camp Springs","MD","[PREMIUM]",66,"[]",,,"[PREMIUM]"
"f66656bb-d52a-4968-868d-c9d7432bb875","2026-06-27 23:58:58.021","2026-07-04 16:59:41.680","f66656bb-d52a-4968-868d-c9d7432bb875","[PREMIUM]","Used",2023,"Ford","Edge","SEL","[PREMIUM]","[PREMIUM]",57788,"SUV","Carbonized Gray Metallic","Tan","All-wheel Drive",,,"Gasoline",,,"dealership","[PREMIUM]","Camp Springs","MD","[PREMIUM]",65,"[]",,,"[PREMIUM]"
"c7054c65-89d9-4c0d-8a38-08721f5206e8","2026-06-27 23:56:44.631","2026-07-01 06:57:13.268","c7054c65-89d9-4c0d-8a38-08721f5206e8","[PREMIUM]","Used",2021,"Lexus","RX 350","F-SPORT Handling","[PREMIUM]","[PREMIUM]",59063,"SUV","White","RED","Four-wheel Drive",,,"Gasoline",,,"dealership","[PREMIUM]","El Paso","TX","[PREMIUM]",29,"[]",,,"[PREMIUM]"
"648b7bf5-b83e-48df-b511-26593d10d969","2026-06-27 23:56:44.566","2026-07-27 03:15:54.613","648b7bf5-b83e-48df-b511-26593d10d969","[PREMIUM]","New",2026,"Hyundai","TUCSON Hybrid","Limited","[PREMIUM]","[PREMIUM]",23,"SUV","Amazon Gray","Black","All-wheel Drive",,,"Hybrid",,,"dealership","[PREMIUM]","Brooklyn Park","MN","[PREMIUM]",17,"[]",,,"[PREMIUM]"
"0f68f550-693b-4643-9d3b-051a98e1c2d2","2026-06-27 23:56:44.429","2026-07-27 03:16:05.943","0f68f550-693b-4643-9d3b-051a98e1c2d2","[PREMIUM]","New",2026,"Hyundai","TUCSON Hybrid","Limited","[PREMIUM]","[PREMIUM]",10,"SUV","Ash Black","Black","All-wheel Drive",,,"Hybrid",,,"dealership","[PREMIUM]","Brooklyn Park","MN","[PREMIUM]",17,"[]",,,"[PREMIUM]"
"72481793-b9bf-409b-be54-33716fb1bf02","2026-06-27 23:56:44.413","2026-07-20 23:14:25.203","72481793-b9bf-409b-be54-33716fb1bf02","[PREMIUM]","New",2026,"Hyundai","TUCSON Hybrid","Limited","[PREMIUM]","[PREMIUM]",10,"SUV","Shimmering Silver","Gray","All-wheel Drive",,,"Hybrid",,,"dealership","[PREMIUM]","Brooklyn Park","MN","[PREMIUM]",17,"[]",,,"[PREMIUM]"
"0aa497ca-05f2-4812-a249-bfa54b8fad51","2026-06-27 23:56:44.390","2026-07-27 03:15:54.689","0aa497ca-05f2-4812-a249-bfa54b8fad51","[PREMIUM]","Used",2022,"Lexus","RX 350",,"[PREMIUM]","[PREMIUM]",26183,"SUV","Silver","BLACK","Rear-wheel Drive",,,"Gasoline",,,"dealership","[PREMIUM]","Buena Park","CA","[PREMIUM]",25,"[]",,,"[PREMIUM]"
"f75f21f5-51c3-4bf9-afb1-abd60424b5ee","2026-06-27 23:56:44.390","2026-07-07 17:33:39.987","f75f21f5-51c3-4bf9-afb1-abd60424b5ee","[PREMIUM]","Used",2023,"BMW","430 Gran Coupe","430i xDrive","[PREMIUM]","[PREMIUM]",7363,"Hatchback","Alpine White","Black","All-wheel Drive",,,"Gasoline",,,"dealership","[PREMIUM]","Nampa","ID","[PREMIUM]",31,"[]",,,"[PREMIUM]"
"dcc1ab18-2f68-4475-9b9e-c1d79a8e84d0","2026-06-27 23:56:44.388","2026-07-27 03:16:18.321","dcc1ab18-2f68-4475-9b9e-c1d79a8e84d0","[PREMIUM]","Used",2024,"Chevrolet","Silverado 1500","RST","[PREMIUM]","[PREMIUM]",29419,"Truck","Dark Ash Metallic","Jet Black","Four-wheel Drive",,,"Gasoline",,,"dealership","[PREMIUM]","Springdale","AR","[PREMIUM]",25,"[]",,,"[PREMIUM]"
"10fdb222-fcf8-4f4b-8dc9-b07694c5a09e","2026-06-27 23:56:44.387","2026-07-04 16:58:07.128","10fdb222-fcf8-4f4b-8dc9-b07694c5a09e","[PREMIUM]","Used",2024,"Kia","Telluride","SX X-Line","[PREMIUM]","[PREMIUM]",30429,"SUV","White","BROWN","Four-wheel Drive",,,"Gasoline",,,"dealership","[PREMIUM]","Tulsa","OK","[PREMIUM]",24,"[]",,,"[PREMIUM]"
"9225ae35-3220-4bb3-a0de-8f03286f1d0a","2026-06-27 23:56:44.376","2026-06-27 23:56:44.376","9225ae35-3220-4bb3-a0de-8f03286f1d0a","[PREMIUM]","Used",2025,"Toyota","Camry","XSE","[PREMIUM]","[PREMIUM]",4296,"Sedan","White","RED","Four-wheel Drive",,,"Hybrid",,,"dealership","[PREMIUM]","Maple Shade Township","NJ","[PREMIUM]",28,"[]",,,"[PREMIUM]"
"dbffb95b-9b72-43a9-b800-45ec0ad1b868","2026-06-27 23:56:44.362","2026-07-27 03:16:06.744","dbffb95b-9b72-43a9-b800-45ec0ad1b868","[PREMIUM]","Used",2019,"Toyota","Tundra","SR5","[PREMIUM]","[PREMIUM]",83639,"Truck","Midnight Black Metallic","Graphite","Four-wheel Drive",,,"Gasoline",,,"dealership","[PREMIUM]","Wilmington","NC","[PREMIUM]",34,"[]",,,"[PREMIUM]"
"b40e4450-f890-44db-a013-153a890bbdf1","2026-06-27 23:56:44.360","2026-07-01 06:57:12.994","b40e4450-f890-44db-a013-153a890bbdf1","[PREMIUM]","Used",2024,"Chevrolet","Tahoe","LT","[PREMIUM]","[PREMIUM]",55228,"SUV","Silver","BLACK","Rear-wheel Drive",,,"Gasoline",,,"dealership","[PREMIUM]","Savannah","GA","[PREMIUM]",27,"[]",,,"[PREMIUM]"
"c35dd7b2-78be-4d0b-b804-cf47ac8ba020","2026-06-27 23:56:44.357","2026-07-27 03:16:06.765","c35dd7b2-78be-4d0b-b804-cf47ac8ba020","[PREMIUM]","Used",2022,"RAM","2500","Big Horn Crew Cab 4x4 6&#39;4&#39; Box","[PREMIUM]","[PREMIUM]",75569,"Truck","Granite Crystal Metallic Clearcoat","Diesel Gray/Black","Four-wheel Drive",,,"Diesel",,,"dealership","[PREMIUM]","Gresham","OR","[PREMIUM]",28,"[]",,,"[PREMIUM]"
"c8f9c2ff-13d4-4c7c-8157-880c7844980b","2026-06-27 23:56:44.352","2026-06-27 23:56:44.352","c8f9c2ff-13d4-4c7c-8157-880c7844980b","[PREMIUM]","Used",2025,"Volvo","XC90 Plug-In Hybrid","T8 Ultra","[PREMIUM]","[PREMIUM]",58874,"SUV","White","TAN","Four-wheel Drive",,,"Plug-In Hybrid",,,"dealership","[PREMIUM]","Tolleson","AZ","[PREMIUM]",27,"[]",,,"[PREMIUM]"
"299631f5-0e20-4d9b-b74a-dcf943789ba2","2026-06-27 23:56:44.351","2026-07-11 07:43:50.044","299631f5-0e20-4d9b-b74a-dcf943789ba2","[PREMIUM]","Used",2024,"Mercedes-Benz","GLE 450 Plug-In Hybrid",,"[PREMIUM]","[PREMIUM]",51271,"SUV","Black","BLACK","Four-wheel Drive",,,"Plug-In Hybrid",,,"dealership","[PREMIUM]","Irvine","CA","[PREMIUM]",27,"[]",,,"[PREMIUM]"
"5d705b9e-b463-40c7-b068-1a17e48445e7","2026-06-27 23:54:53.789","2026-07-11 07:44:01.764","5d705b9e-b463-40c7-b068-1a17e48445e7","[PREMIUM]","Used",2021,"Chevrolet","Silverado 1500","1LT","[PREMIUM]","[PREMIUM]",22761,"Truck","Silver Ice Metallic","Jet Black","Four-wheel Drive",,,"Gasoline",,,"dealership","[PREMIUM]","Nampa","ID","[PREMIUM]",31,"[]",,,"[PREMIUM]"
"6bfc9211-ed04-4fcc-a449-b950e993b304","2026-06-27 23:54:53.721","2026-07-01 06:57:13.161","6bfc9211-ed04-4fcc-a449-b950e993b304","[PREMIUM]","Used",2021,"Chevrolet","Silverado 1500","LT","[PREMIUM]","[PREMIUM]",50806,"Truck","White","BLACK","Four-wheel Drive",,,"Gasoline",,,"dealership","[PREMIUM]","San Antonio","TX","[PREMIUM]",25,"[]",,,"[PREMIUM]"
"7d9b3552-c36a-40b6-bc48-f57562570688","2026-06-27 23:54:43.964","2026-07-04 16:58:07.116","7d9b3552-c36a-40b6-bc48-f57562570688","[PREMIUM]","Used",2025,"INFINITI","QX55","SENSORY","[PREMIUM]","[PREMIUM]",11143,"SUV","Hermosa Blue","Graphite","All-wheel Drive",,,"Gasoline",,,"dealership","[PREMIUM]","Wayzata","MN","[PREMIUM]",34,"[]",,,"[PREMIUM]"
"d4478bc1-4181-4068-a770-92a88fc56fca","2026-06-27 23:54:43.665","2026-07-27 03:16:05.920","d4478bc1-4181-4068-a770-92a88fc56fca","[PREMIUM]","New",2026,"Hyundai","TUCSON Hybrid","SEL Convenience","[PREMIUM]","[PREMIUM]",10,"SUV","Ecotronic Gray","Black","All-wheel Drive",,,"Hybrid",,,"dealership","[PREMIUM]","Brooklyn Park","MN","[PREMIUM]",26,"[]",,,"[PREMIUM]"
"c430411e-c27c-4753-a582-2a27750bd6c3","2026-06-27 23:54:43.637","2026-07-27 03:16:18.324","c430411e-c27c-4753-a582-2a27750bd6c3","[PREMIUM]","Used",2023,"Chevrolet","Silverado 1500","LT","[PREMIUM]","[PREMIUM]",29589,"Truck","Blue","BLACK","Four-wheel Drive",,,"Gasoline",,,"dealership","[PREMIUM]","Algonquin","IL","[PREMIUM]",26,"[]",,,"[PREMIUM]"
"e4b88391-60e1-4b73-8122-1b43f860e473","2026-06-27 23:54:43.627","2026-07-07 17:33:40.025","e4b88391-60e1-4b73-8122-1b43f860e473","[PREMIUM]","New",2026,"Hyundai","TUCSON Hybrid","SEL Convenience","[PREMIUM]","[PREMIUM]",10,"SUV","Amazon Gray","Black","All-wheel Drive",,,"Hybrid",,,"dealership","[PREMIUM]","Brooklyn Park","MN","[PREMIUM]",17,"[]",,,"[PREMIUM]"
"76656880-fd26-4be8-a049-28f9bc6ac2b1","2026-06-27 23:54:43.620","2026-07-27 03:15:54.584","76656880-fd26-4be8-a049-28f9bc6ac2b1","[PREMIUM]","New",2026,"Hyundai","TUCSON Hybrid","SEL Convenience","[PREMIUM]","[PREMIUM]",11,"SUV","Ecotronic Gray","Black","All-wheel Drive",,,"Hybrid",,,"dealership","[PREMIUM]","Brooklyn Park","MN","[PREMIUM]",17,"[]",,,"[PREMIUM]"
"c9581644-9c6f-45a3-b7cf-8d614a1c1793","2026-06-27 23:54:43.600","2026-07-11 07:43:49.749","c9581644-9c6f-45a3-b7cf-8d614a1c1793","[PREMIUM]","Used",2025,"Honda","Accord Hybrid","Touring","[PREMIUM]","[PREMIUM]",14312,"Sedan","Meteorite Gray Metallic","Gray","Front-wheel Drive",,,"Hybrid",,,"dealership","[PREMIUM]","Duluth","GA","[PREMIUM]",38,"[]",,,"[PREMIUM]"
"538f7972-4790-4e61-a3ee-2c5e4e43bf33","2026-06-27 23:54:43.591","2026-07-07 17:33:39.568","538f7972-4790-4e61-a3ee-2c5e4e43bf33","[PREMIUM]","Used",2024,"Volkswagen","Golf GTI","Autobahn","[PREMIUM]","[PREMIUM]",9597,"Hatchback","Black Metallic","Black","Front-wheel Drive",,,"Gasoline",,,"dealership","[PREMIUM]","Orlando","FL","[PREMIUM]",30,"[]",,,"[PREMIUM]"
"2eeb6a1b-a15e-4d6d-a36e-351072e6071e","2026-06-27 23:54:43.584","2026-07-17 23:05:53.122","2eeb6a1b-a15e-4d6d-a36e-351072e6071e","[PREMIUM]","Used",2022,"Toyota","Highlander","Limited","[PREMIUM]","[PREMIUM]",40673,"SUV","Pearl","BLACK","Four-wheel Drive",,,"Gasoline",,,"dealership","[PREMIUM]","Pleasanton","CA","[PREMIUM]",28,"[]",,,"[PREMIUM]"
"06f94098-9b8a-42c3-8ee5-408d9d774339","2026-06-27 23:54:43.560","2026-07-27 03:16:06.594","06f94098-9b8a-42c3-8ee5-408d9d774339","[PREMIUM]","New",2026,"Hyundai","KONA","Limited","[PREMIUM]","[PREMIUM]",0,"SUV","Abyss Black Pearl","Black","Front-wheel Drive",,,"Gasoline",,,"dealership","[PREMIUM]","Punta Gorda","FL","[PREMIUM]",17,"[]",,,"[PREMIUM]"
"0ab4ef90-956a-4a7c-9557-eb11c3ae3770","2026-06-27 23:54:43.552","2026-07-04 16:58:06.827","0ab4ef90-956a-4a7c-9557-eb11c3ae3770","[PREMIUM]","Used",2023,"Toyota","Highlander","Limited","[PREMIUM]","[PREMIUM]",51990,"SUV","White","BLACK","Four-wheel Drive",,,"Gasoline",,,"dealership","[PREMIUM]","Glencoe","IL","[PREMIUM]",26,"[]",,,"[PREMIUM]"
"fb81ad9f-4468-4358-871b-222db01833eb","2026-06-27 23:54:43.547","2026-07-27 03:16:18.318","fb81ad9f-4468-4358-871b-222db01833eb","[PREMIUM]","Used",2025,"Hyundai","TUCSON Hybrid","Limited","[PREMIUM]","[PREMIUM]",8345,"SUV","Green","BLACK","Four-wheel Drive",,,"Hybrid",,,"dealership","[PREMIUM]","Lynchburg","VA","[PREMIUM]",22,"[]",,,"[PREMIUM]"
"f84fb4be-df49-4152-9fb8-58cb1b3374e1","2026-06-27 23:54:43.521","2026-06-27 23:54:43.521","f84fb4be-df49-4152-9fb8-58cb1b3374e1","[PREMIUM]","New",2026,"Subaru","Crosstrek Hybrid","Limited","[PREMIUM]","[PREMIUM]",2,"SUV","Ice Silver Metallic","Gray W/Orange Stitch","All-wheel Drive",,,"Hybrid",,,"dealership","[PREMIUM]","Hillsboro","OR","[PREMIUM]",19,"[]",,,"[PREMIUM]"
"ac8b0b28-8e39-4bb4-9e6b-79b39c784581","2026-06-27 23:54:43.520","2026-06-27 23:54:43.520","ac8b0b28-8e39-4bb4-9e6b-79b39c784581","[PREMIUM]","New",2026,"Toyota","RAV4","XLE Premium","[PREMIUM]","[PREMIUM]",0,"SUV","Cloud","Blk","Front-wheel Drive",,,"Hybrid",,,"dealership","[PREMIUM]","Clermont","FL","[PREMIUM]",27,"[]",,,"[PREMIUM]"
"dda9d34b-8860-419e-9020-859ab1379b5c","2026-06-27 23:54:43.520","2026-07-01 06:57:12.756","dda9d34b-8860-419e-9020-859ab1379b5c","[PREMIUM]","New",2026,"Subaru","Forester","Premium","[PREMIUM]","[PREMIUM]",2,"SUV","River Rock Pearl","Black","All-wheel Drive",,,"Gasoline",,,"dealership","[PREMIUM]","Hillsboro","OR","[PREMIUM]",17,"[]",,,"[PREMIUM]"
"9b355379-b946-49b5-96e6-bbf0319bc317","2026-06-27 23:53:47.222","2026-07-01 06:56:45.998","9b355379-b946-49b5-96e6-bbf0319bc317","[PREMIUM]","Used",2021,"Hyundai","PALISADE","Calligraphy","[PREMIUM]","[PREMIUM]",26757,"SUV","Black","CREAM","Four-wheel Drive",,,"Gasoline",,,"dealership","[PREMIUM]","Buford","GA","[PREMIUM]",28,"[]",,,"[PREMIUM]"
"3b48fdfd-89b1-4003-b7e7-a29171e98466","2026-06-27 23:53:47.177","2026-06-27 23:53:47.177","3b48fdfd-89b1-4003-b7e7-a29171e98466","[PREMIUM]","Used",2019,"Mercedes-Benz","AMG GLC 43",,"[PREMIUM]","[PREMIUM]",43522,"SUV","White","BLACK","Four-wheel Drive",,,"Gasoline",,,"dealership","[PREMIUM]","Pleasant Hill","CA","[PREMIUM]",26,"[]",,,"[PREMIUM]"
"57405c3b-50c5-4e3c-83c0-a1e834c17087","2026-06-27 23:53:47.076","2026-07-14 07:42:04.581","57405c3b-50c5-4e3c-83c0-a1e834c17087","[PREMIUM]","Used",2019,"Ford","F-250","XL","[PREMIUM]","[PREMIUM]",96516,"Truck","Silver","GRAY","Four-wheel Drive",,,"E85 Flex Fuel",,,"dealership","[PREMIUM]","Pleasanton","CA","[PREMIUM]",24,"[]",,,"[PREMIUM]"
"fe6aec43-350e-4c60-ac00-5ec7b2493856","2026-06-27 23:53:46.836","2026-06-27 23:53:46.836","fe6aec43-350e-4c60-ac00-5ec7b2493856","[PREMIUM]","Used",2022,"Chevrolet","Silverado 1500","LT Trail Boss","[PREMIUM]","[PREMIUM]",119024,"Truck","Black","Jet Black","Four-wheel Drive",,,"Gasoline",,,"dealership","[PREMIUM]","Anderson","IN","[PREMIUM]",27,"[]",,,"[PREMIUM]"
"32fa2cc9-9e8a-4f50-b479-30c8fc4df85b","2026-06-27 23:53:46.834","2026-07-01 06:56:46.091","32fa2cc9-9e8a-4f50-b479-30c8fc4df85b","[PREMIUM]","Used",2022,"Tesla","Model Y","Performance","[PREMIUM]","[PREMIUM]",50089,"SUV","Pearl White Multi-Coat","Black","All-wheel Drive",,,"Electric",,,"dealership","[PREMIUM]","Nampa","ID","[PREMIUM]",5,"[]",,,"[PREMIUM]"
"871bca51-995d-4f64-8555-f367fa2b090d","2026-06-27 23:53:46.753","2026-07-17 23:05:15.662","871bca51-995d-4f64-8555-f367fa2b090d","[PREMIUM]","Used",2023,"Honda","CR-V","EX-L","[PREMIUM]","[PREMIUM]",33230,"SUV","Red","GRAY","Rear-wheel Drive",,,"Gasoline",,,"dealership","[PREMIUM]","Gilbert","AZ","[PREMIUM]",26,"[]",,,"[PREMIUM]"
"a82baf0d-4fcc-4ead-b9cf-c59bcb7b364c","2026-06-27 23:53:46.716","2026-06-27 23:53:46.716","a82baf0d-4fcc-4ead-b9cf-c59bcb7b364c","[PREMIUM]","Used",2022,"BMW","X3","XDrive30i","[PREMIUM]","[PREMIUM]",47262,"SUV","Gray","CREAM","4WD",,,"Gas",,,"dealership","[PREMIUM]","Stockbridge","GA","[PREMIUM]",27,"[]",,,"[PREMIUM]"
"3692b477-7a14-423b-babb-b23d7263a132","2026-06-27 23:53:46.439","2026-06-27 23:53:46.439","3692b477-7a14-423b-babb-b23d7263a132","[PREMIUM]","Used",2024,"Jeep","Wrangler","Sahara","[PREMIUM]","[PREMIUM]",32636,"SUV","Black","BLACK","4WD",,,"Gas",,,"dealership","[PREMIUM]","Bakersfield","CA","[PREMIUM]",25,"[]",,,"[PREMIUM]"
"c9cf643e-7306-4f01-9a30-17741272357d","2026-06-27 23:53:46.438","2026-07-04 16:55:51.596","c9cf643e-7306-4f01-9a30-17741272357d","[PREMIUM]","Used",2022,"Honda","CR-V","EX-L","[PREMIUM]","[PREMIUM]",29812,"SUV","Silver","GRAY","Four-wheel Drive",,,"Gasoline",,,"dealership","[PREMIUM]","Springfield","IL","[PREMIUM]",26,"[]",,,"[PREMIUM]"
"e8460e4e-5262-4765-90eb-55ff30a84f96","2026-06-27 23:53:46.437","2026-07-07 02:35:07.221","e8460e4e-5262-4765-90eb-55ff30a84f96","[PREMIUM]","Used",2020,"Toyota","Tundra","SR5","[PREMIUM]","[PREMIUM]",77100,"Truck","Red","GRAY","Rear-wheel Drive",,,"Gasoline",,,"dealership","[PREMIUM]","Buford","GA","[PREMIUM]",25,"[]",,,"[PREMIUM]"
"e54d9ef8-efc0-483a-b165-3ccb634a540a","2026-06-27 23:53:46.435","2026-07-07 17:31:03.204","e54d9ef8-efc0-483a-b165-3ccb634a540a","[PREMIUM]","Used",2023,"Honda","Civic","Sport Touring","[PREMIUM]","[PREMIUM]",16821,"Hatchback","Gray","BLACK","Rear-wheel Drive",,,"Gasoline",,,"dealership","[PREMIUM]","O'Fallon","IL","[PREMIUM]",27,"[]",,,"[PREMIUM]"
"f755ddf2-cb8b-4331-822c-dd1a2844d97a","2026-06-27 23:53:46.434","2026-06-27 23:53:46.434","f755ddf2-cb8b-4331-822c-dd1a2844d97a","[PREMIUM]","Used",2020,"Volvo","XC90","T6 Inscription","[PREMIUM]","[PREMIUM]",53970,"SUV","Gray","BLACK","Four-wheel Drive",,,"Gasoline",,,"dealership","[PREMIUM]","Lynchburg","VA","[PREMIUM]",29,"[]",,,"[PREMIUM]"
"3bf1f708-6786-432d-89eb-4f55827a6583","2026-06-27 23:53:46.427","2026-07-01 06:56:45.819","3bf1f708-6786-432d-89eb-4f55827a6583","[PREMIUM]","Used",2021,"Toyota","RAV4 Hybrid","LE","[PREMIUM]","[PREMIUM]",16694,"SUV","White","TAN","Four-wheel Drive",,,"Hybrid",,,"dealership","[PREMIUM]","Plano","TX","[PREMIUM]",25,"[]",,,"[PREMIUM]"
"b4960c83-9d7f-49ad-91d9-d698c81efbee","2026-06-27 23:53:46.416","2026-07-20 23:13:16.488","b4960c83-9d7f-49ad-91d9-d698c81efbee","[PREMIUM]","Used",2024,"Toyota","Corolla Cross Hybrid","SE","[PREMIUM]","[PREMIUM]",15689,"SUV","Blue","GRAY","Four-wheel Drive",,,"Hybrid",,,"dealership","[PREMIUM]","Houston","TX","[PREMIUM]",29,"[]",,,"[PREMIUM]"
"5460b682-2d16-4b6a-896b-4a309ecda8e6","2026-06-27 23:53:46.388","2026-07-07 17:30:40.682","5460b682-2d16-4b6a-896b-4a309ecda8e6","[PREMIUM]","Used",2020,"Lexus","ES 300h",,"[PREMIUM]","[PREMIUM]",48509,"Sedan","Black","BLACK","Rear-wheel Drive",,,"Hybrid",,,"dealership","[PREMIUM]","Duarte","CA","[PREMIUM]",26,"[]",,,"[PREMIUM]"
"092d32cf-cded-4e31-be8b-613cfba0c31d","2026-06-27 23:53:46.385","2026-06-27 23:53:46.385","092d32cf-cded-4e31-be8b-613cfba0c31d","[PREMIUM]","Used",2023,"Subaru","Ascent","Touring","[PREMIUM]","[PREMIUM]",40555,"SUV","Burgundy","BROWN","Four-wheel Drive",,,"Gasoline",,,"dealership","[PREMIUM]","Federal Heights","CO","[PREMIUM]",28,"[]",,,"[PREMIUM]"
"abc69c74-5aa6-4fff-b225-5b126383058d","2026-06-27 23:53:46.380","2026-07-11 07:41:38.428","abc69c74-5aa6-4fff-b225-5b126383058d","[PREMIUM]","Used",2024,"Chevrolet","Blazer","3LT","[PREMIUM]","[PREMIUM]",29365,"SUV","Black","BLACK","Four-wheel Drive",,,"Gasoline",,,"dealership","[PREMIUM]","Plainfield","IL","[PREMIUM]",26,"[]",,,"[PREMIUM]"
"7d5644f4-1f6d-4efe-8f0c-544b28cbd532","2026-06-27 23:53:46.332","2026-06-27 23:53:46.332","7d5644f4-1f6d-4efe-8f0c-544b28cbd532","[PREMIUM]","Used",2024,"Volkswagen","Atlas Cross Sport","SE w/Tech","[PREMIUM]","[PREMIUM]",25640,"SUV","Gray","BROWN","Rear-wheel Drive",,,"Gasoline",,,"dealership","[PREMIUM]","Columbia","SC","[PREMIUM]",25,"[]",,,"[PREMIUM]"
"c6113fe5-6c24-457b-9858-9e658ef3024e","2026-06-27 23:53:46.329","2026-06-27 23:53:46.329","c6113fe5-6c24-457b-9858-9e658ef3024e","[PREMIUM]","Used",2022,"RAM","1500","Bighorn","[PREMIUM]","[PREMIUM]",55947,"Truck","Gray","GRAY","Rear-wheel Drive",,,"Gasoline",,,"dealership","[PREMIUM]","Fairfield","CA","[PREMIUM]",19,"[]",,,"[PREMIUM]"
"34582826-030b-4cc6-9b89-a25c1f158af4","2026-06-27 23:53:34.506","2026-07-17 23:05:01.145","34582826-030b-4cc6-9b89-a25c1f158af4","[PREMIUM]","New",2026,"Mazda","CX-30","2.5 S Select Sport","[PREMIUM]","[PREMIUM]",171,"SUV","Jet Black Mica","Black","All-wheel Drive",,,"Gasoline",,,"dealership","[PREMIUM]","West Chester","PA","[PREMIUM]",6,"[]",,,"[PREMIUM]"
"ec648001-43b1-4743-8fd2-055e74e066de","2026-06-27 23:53:34.491","2026-06-27 23:53:34.491","ec648001-43b1-4743-8fd2-055e74e066de","[PREMIUM]","Used",2025,"Ford","Ranger","XL","[PREMIUM]","[PREMIUM]",7635,"Truck","White","BLACK","Rear-wheel Drive",,,"Gasoline",,,"dealership","[PREMIUM]","Corpus Christi","TX","[PREMIUM]",25,"[]",,,"[PREMIUM]"
"d252a5ea-ecd7-4772-a871-7a50e94863e0","2026-06-27 23:53:34.472","2026-07-11 07:41:26.435","d252a5ea-ecd7-4772-a871-7a50e94863e0","[PREMIUM]","Used",2025,"Ford","Mustang","Ecoboost","[PREMIUM]","[PREMIUM]",5728,"Coupe","White","GRAY","Rear-wheel Drive",,,"Gasoline",,,"dealership","[PREMIUM]","Fairfield","CA","[PREMIUM]",25,"[]",,,"[PREMIUM]"
"bbe164f3-0c98-4f67-97b0-efd947f96cb6","2026-06-27 23:52:53.596","2026-06-27 23:52:53.596","bbe164f3-0c98-4f67-97b0-efd947f96cb6","[PREMIUM]","Used",2017,"Dodge","Durango","Citadel","[PREMIUM]","[PREMIUM]",48922,"SUV","White","TAN","Four-wheel Drive",,,"Gasoline",,,"dealership","[PREMIUM]","St. Peters","MO","[PREMIUM]",29,"[]",,,"[PREMIUM]"
"2ccbb4f9-934f-43ee-a5fa-b9d750009db0","2026-06-27 23:52:44.405","2026-07-27 03:12:09.050","2ccbb4f9-934f-43ee-a5fa-b9d750009db0","[PREMIUM]","Used",2018,"Lincoln","Navigator","Reserve","[PREMIUM]","[PREMIUM]",113884,"SUV","Magnetic Gray Metallic","Medium Slate","Four-wheel Drive",,,"Gasoline",,,"dealership","[PREMIUM]","Denton","TX","[PREMIUM]",10,"[]",,,"[PREMIUM]"
"c24b166f-b993-4d78-ba09-99ec6b3c4021","2026-06-27 23:52:43.378","2026-07-20 23:13:16.447","c24b166f-b993-4d78-ba09-99ec6b3c4021","[PREMIUM]","Used",2018,"Toyota","Highlander","Limited Platinum","[PREMIUM]","[PREMIUM]",97950,"SUV","Shoreline Blue Pearl","Ash","All-wheel Drive",,,"Gasoline",,,"dealership","[PREMIUM]","Lubbock","TX","[PREMIUM]",37,"[]",,,"[PREMIUM]"
"2459c016-dda5-4bad-b6d4-cf6e64e50259","2026-06-27 23:52:43.257","2026-07-01 06:56:44.372","2459c016-dda5-4bad-b6d4-cf6e64e50259","[PREMIUM]","Used",2018,"GMC","Sierra 2500","Denali","[PREMIUM]","[PREMIUM]",203853,"Truck","Quicksilver Metallic","Jet Black","Four-wheel Drive",,,"Diesel",,,"dealership","[PREMIUM]","St. George","UT","[PREMIUM]",17,"[]",,,"[PREMIUM]"
"62b5ba13-6bd0-4b4e-be32-70d3b36ca881","2026-06-27 23:52:43.242","2026-07-01 06:56:32.401","62b5ba13-6bd0-4b4e-be32-70d3b36ca881","[PREMIUM]","Used",2018,"Ford","F-150","XLT","[PREMIUM]","[PREMIUM]",60903,"Truck","Magnetic","Black","Four-wheel Drive",,,"Gasoline",,,"dealership","[PREMIUM]","Hamilton","NY","[PREMIUM]",2,"[]",,,"[PREMIUM]"
"2e3f77c3-02f4-45ba-8ae3-d487b87a9338","2026-06-27 23:52:43.239","2026-07-27 03:12:09.031","2e3f77c3-02f4-45ba-8ae3-d487b87a9338","[PREMIUM]","Used",2018,"BMW","340","340i xDrive Sedan","[PREMIUM]","[PREMIUM]",86194,"Sedan","Estoril Blue Metallic",,"All-wheel Drive",,,"Gasoline",,,"dealership","[PREMIUM]","Linden","NJ","[PREMIUM]",56,"[]",,,"[PREMIUM]"
"bb167020-1784-4546-97ca-eda8bd5fde6a","2026-06-27 23:52:43.231","2026-07-27 03:11:56.472","bb167020-1784-4546-97ca-eda8bd5fde6a","[PREMIUM]","Used",2018,"RAM","2500","Big Horn 4x4 Crew Cab 8&#39; Box","[PREMIUM]","[PREMIUM]",109758,"Truck","Black Clearcoat","Black","Four-wheel Drive",,,"Diesel",,,"dealership","[PREMIUM]","Salt Lake City","UT","[PREMIUM]",39,"[]",,,"[PREMIUM]"
"0eebbbab-cb34-429c-8756-3d1c905fa353","2026-06-27 23:52:43.209","2026-07-27 03:11:56.699","0eebbbab-cb34-429c-8756-3d1c905fa353","[PREMIUM]","Used",2018,"GMC","Sierra 1500","SLE","[PREMIUM]","[PREMIUM]",44578,"Truck","Cardinal Red","Jet Black","Four-wheel Drive",,,"Gasoline",,,"dealership","[PREMIUM]","Chillicothe","OH","[PREMIUM]",24,"[]",,,"[PREMIUM]"
"e748d460-93dc-46ea-adf1-f417e84c9397","2026-06-27 23:52:43.202","2026-07-27 03:12:09.921","e748d460-93dc-46ea-adf1-f417e84c9397","[PREMIUM]","Used",2018,"Tesla","Model X","75D","[PREMIUM]","[PREMIUM]",83185,"SUV","Pearl White Multi-Coat","Black","All-wheel Drive",,,"Electric",,,"dealership","[PREMIUM]","Fishers","IN","[PREMIUM]",53,"[]",,,"[PREMIUM]"
"baaaef50-6138-4e82-bf36-69632b3598ed","2026-06-27 23:52:43.201","2026-07-14 07:41:42.385","baaaef50-6138-4e82-bf36-69632b3598ed","[PREMIUM]","Used",2018,"Ford","F-150","XLT","[PREMIUM]","[PREMIUM]",64256,"Truck","Ruby Red Metallic Tinted Clearcoat","Medium Light Camel","Four-wheel Drive",,,"Gasoline",,,"dealership","[PREMIUM]","Fishers","IN","[PREMIUM]",20,"[]",,,"[PREMIUM]"
"ad871684-76ce-4e6a-ac38-cc0e198fc1b4","2026-06-27 23:52:43.194","2026-07-27 03:12:09.265","ad871684-76ce-4e6a-ac38-cc0e198fc1b4","[PREMIUM]","Used",2018,"Jeep","Wrangler Unlimited","Sahara","[PREMIUM]","[PREMIUM]",87976,"SUV","Bright White Clearcoat","Black","Four-wheel Drive",,,"Gasoline",,,"dealership","[PREMIUM]","North Little Rock","AR","[PREMIUM]",24,"[]",,,"[PREMIUM]"
"d7886412-9445-4319-977c-9cbdc9b7e394","2026-06-27 23:52:43.163","2026-07-01 06:56:32.936","d7886412-9445-4319-977c-9cbdc9b7e394","[PREMIUM]","Used",2019,"Toyota","Highlander","XLE","[PREMIUM]","[PREMIUM]",52394,"SUV","Silver","BLACK","Rear-wheel Drive",,,"Gasoline",,,"dealership","[PREMIUM]","Naples","FL","[PREMIUM]",29,"[]",,,"[PREMIUM]"
"d620f2c2-d508-444d-ae0b-b3132c3c9258","2026-06-27 23:52:43.152","2026-07-27 03:12:08.417","d620f2c2-d508-444d-ae0b-b3132c3c9258","[PREMIUM]","Used",2019,"Land Rover","Range Rover","5.0L V8 Supercharged","[PREMIUM]","[PREMIUM]",97092,"SUV","Silver","Black","All-wheel Drive",,,"Gasoline",,,"dealership","[PREMIUM]","Washington","UT","[PREMIUM]",24,"[]",,,"[PREMIUM]"
"e191e820-0afb-4c33-b6cf-231e3cb3ccfa","2026-06-27 23:52:31.430","2026-07-17 23:05:00.276","e191e820-0afb-4c33-b6cf-231e3cb3ccfa","[PREMIUM]","Used",2020,"Subaru","Outback","Touring XT","[PREMIUM]","[PREMIUM]",46347,"SUV","Magnetite Gray Metallic","Java","All-wheel Drive",,,"Gasoline",,,"dealership","[PREMIUM]","Burnsville","MN","[PREMIUM]",31,"[]",,,"[PREMIUM]"
"726fda05-69db-430c-9d25-f10e9b1dbd30","2026-06-27 23:52:31.390","2026-06-27 23:52:31.390","726fda05-69db-430c-9d25-f10e9b1dbd30","[PREMIUM]","Used",2020,"Mazda","MX-5 Miata","RF Grand Touring","[PREMIUM]","[PREMIUM]",39880,"Convertible","Blue","BLACK","Rear-wheel Drive",,,"Gasoline",,,"dealership","[PREMIUM]","Merriam","KS","[PREMIUM]",24,"[]",,,"[PREMIUM]"
"2f38435a-7e7f-4dfb-a96d-b1406cdf6bb8","2026-06-27 23:52:31.384","2026-06-27 23:52:31.384","2f38435a-7e7f-4dfb-a96d-b1406cdf6bb8","[PREMIUM]","Used",2021,"Toyota","RAV4","XLE","[PREMIUM]","[PREMIUM]",62293,"SUV","Gray","BLACK","Rear-wheel Drive",,,"Gasoline",,,"dealership","[PREMIUM]","Canoga Park","CA","[PREMIUM]",25,"[]",,,"[PREMIUM]"
"1a2b900b-9cf6-4a1b-8f79-31646828b90d","2026-06-27 23:52:31.373","2026-06-27 23:52:31.373","1a2b900b-9cf6-4a1b-8f79-31646828b90d","[PREMIUM]","Used",2021,"Volkswagen","Atlas Cross Sport","SEL","[PREMIUM]","[PREMIUM]",35911,"SUV","White","BROWN","Rear-wheel Drive",,,"Gasoline",,,"dealership","[PREMIUM]","Orlando","FL","[PREMIUM]",27,"[]",,,"[PREMIUM]"
"13d72120-1f52-4547-aa97-259cba0a24d4","2026-06-27 23:52:31.368","2026-07-17 23:05:01.140","13d72120-1f52-4547-aa97-259cba0a24d4","[PREMIUM]","Used",2021,"Toyota","RAV4","XLE","[PREMIUM]","[PREMIUM]",53920,"SUV","Silver","BLACK","Rear-wheel Drive",,,"Gasoline",,,"dealership","[PREMIUM]","Burbank","CA","[PREMIUM]",26,"[]",,,"[PREMIUM]"
"8b485f5b-32e0-4db3-b9a6-d2a6c06800a6","2026-06-27 23:52:31.218","2026-07-04 16:55:38.979","8b485f5b-32e0-4db3-b9a6-d2a6c06800a6","[PREMIUM]","Used",2023,"Chevrolet","Traverse","LT Cloth","[PREMIUM]","[PREMIUM]",37026,"SUV","White","BLACK","Rear-wheel Drive",,,"Gasoline",,,"dealership","[PREMIUM]","Knoxville","TN","[PREMIUM]",27,"[]",,,"[PREMIUM]"
"a92f888e-2599-45b1-b7c0-91055b8076c1","2026-06-27 23:52:31.212","2026-07-14 07:41:09.105","a92f888e-2599-45b1-b7c0-91055b8076c1","[PREMIUM]","Used",2022,"Volkswagen","Tiguan","SE R-Line Black","[PREMIUM]","[PREMIUM]",48458,"SUV","Black","BLACK","Four-wheel Drive",,,"Gasoline",,,"dealership","[PREMIUM]","Jackson","TN","[PREMIUM]",27,"[]",,,"[PREMIUM]"
"a7822d4f-b39c-4437-bfc3-83241cda54bf","2026-06-27 23:52:31.211","2026-07-27 03:12:09.087","a7822d4f-b39c-4437-bfc3-83241cda54bf","[PREMIUM]","Used",2022,"Mazda","CX-5","2.5 S Preferred Package","[PREMIUM]","[PREMIUM]",23259,"SUV","Gray","BLACK","Four-wheel Drive",,,"Gasoline",,,"dealership","[PREMIUM]","Stockbridge","GA","[PREMIUM]",26,"[]",,,"[PREMIUM]"
"f049fbd3-30cf-4177-b0c9-761fd646f3c9","2026-06-27 23:52:31.211","2026-07-01 06:56:32.359","f049fbd3-30cf-4177-b0c9-761fd646f3c9","[PREMIUM]","Used",2023,"Mazda","CX-5","Turbo","[PREMIUM]","[PREMIUM]",36420,"SUV","Gray","BLACK","Four-wheel Drive",,,"Gasoline",,,"dealership","[PREMIUM]","Knoxville","TN","[PREMIUM]",24,"[]",,,"[PREMIUM]"
"abe8be0b-a006-4e33-876e-bb2c085d03fc","2026-06-27 23:52:31.203","2026-06-27 23:52:31.203","abe8be0b-a006-4e33-876e-bb2c085d03fc","[PREMIUM]","Used",2023,"Honda","Accord","EX","[PREMIUM]","[PREMIUM]",32463,"Sedan","Blue","BLACK","Rear-wheel Drive",,,"Gasoline",,,"dealership","[PREMIUM]","Charlotte","NC","[PREMIUM]",25,"[]",,,"[PREMIUM]"
"4bbfe2c8-665c-4188-a5ec-2ab26c57d412","2026-06-27 23:52:31.202","2026-06-27 23:52:31.202","4bbfe2c8-665c-4188-a5ec-2ab26c57d412","[PREMIUM]","Used",2022,"Ford","Transit Connect","XLT","[PREMIUM]","[PREMIUM]",42593,,"Orange","BLACK","Rear-wheel Drive",,,"Gasoline",,,"dealership","[PREMIUM]","Canoga Park","CA","[PREMIUM]",27,"[]",,,"[PREMIUM]"
"0a8aa5ad-ce1b-4173-b069-42f655a8dc91","2026-06-27 23:52:31.202","2026-07-24 00:52:00.197","0a8aa5ad-ce1b-4173-b069-42f655a8dc91","[PREMIUM]","Used",2023,"Hyundai","ELANTRA","SEL","[PREMIUM]","[PREMIUM]",19978,"Sedan","Gray","GRAY","Rear-wheel Drive",,,"Gasoline",,,"dealership","[PREMIUM]","Fairfield","CA","[PREMIUM]",25,"[]",,,"[PREMIUM]"
"a3597576-02b0-49a8-81ff-4dae85b89b21","2026-06-27 23:52:31.188","2026-06-27 23:52:31.188","a3597576-02b0-49a8-81ff-4dae85b89b21","[PREMIUM]","Used",2024,"GMC","Sierra 1500","Pro","[PREMIUM]","[PREMIUM]",12096,"Truck","Red","BLACK","Rear-wheel Drive",,,"Gasoline",,,"dealership","[PREMIUM]","Columbia","SC","[PREMIUM]",24,"[]",,,"[PREMIUM]"
"41cd3068-3a19-4512-9f63-6bf163010db9","2026-06-27 23:52:31.179","2026-06-27 23:52:31.179","41cd3068-3a19-4512-9f63-6bf163010db9","[PREMIUM]","Used",2023,"Toyota","Corolla","LE","[PREMIUM]","[PREMIUM]",38004,"Sedan","Blue","GRAY","Rear-wheel Drive",,,"Gasoline",,,"dealership","[PREMIUM]","Virginia Beach","VA","[PREMIUM]",25,"[]",,,"[PREMIUM]"
"a628be9b-909a-4142-8b4b-12c977fb18a4","2026-06-27 23:52:31.175","2026-07-04 16:55:50.401","a628be9b-909a-4142-8b4b-12c977fb18a4","[PREMIUM]","Used",2024,"Honda","Civic","Sport","[PREMIUM]","[PREMIUM]",42401,"Hatchback","Sonic Gray Pearl","Black","Front-wheel Drive",,,"Gasoline",,,"dealership","[PREMIUM]","Chantilly","VA","[PREMIUM]",36,"[]",,,"[PREMIUM]"
"0879941b-b059-4b46-b55c-05233f18a735","2026-06-27 23:52:31.171","2026-07-11 07:41:15.112","0879941b-b059-4b46-b55c-05233f18a735","[PREMIUM]","Used",2023,"Toyota","Corolla","LE","[PREMIUM]","[PREMIUM]",48664,"Sedan","Gray","BLACK","Rear-wheel Drive",,,"Gasoline",,,"dealership","[PREMIUM]","Lithia Springs","GA","[PREMIUM]",25,"[]",,,"[PREMIUM]"
"1162a87e-f87b-4033-a0a2-f068a45852c5","2026-06-27 23:52:31.165","2026-06-27 23:52:31.165","1162a87e-f87b-4033-a0a2-f068a45852c5","[PREMIUM]","Used",2023,"GMC","Acadia","SLE","[PREMIUM]","[PREMIUM]",50259,"SUV","White","BLACK","Four-wheel Drive",,,"Gasoline",,,"dealership","[PREMIUM]","White Marsh","MD","[PREMIUM]",26,"[]",,,"[PREMIUM]"
"d6fe502d-ef03-45da-81ee-832fa84dd3b1","2026-06-27 23:52:31.163","2026-06-27 23:52:31.163","d6fe502d-ef03-45da-81ee-832fa84dd3b1","[PREMIUM]","New",2026,"Toyota","Corolla Hybrid","LE","[PREMIUM]","[PREMIUM]",0,"Sedan","Classic Silver Metallic","Light Gray","Front-wheel Drive",,,"Hybrid",,,"dealership","[PREMIUM]","Springfield","PA","[PREMIUM]",1,"[]",,,"[PREMIUM]"
"a21cb79f-3591-4b7f-8abd-41e518bbd5b8","2026-06-27 23:52:31.148","2026-06-27 23:52:31.148","a21cb79f-3591-4b7f-8abd-41e518bbd5b8","[PREMIUM]","Used",2019,"Audi","Q5","Prestige","[PREMIUM]","[PREMIUM]",36543,"SUV","Gray","BLACK","Four-wheel Drive",,,"Gasoline",,,"dealership","[PREMIUM]","Colma","CA","[PREMIUM]",27,"[]",,,"[PREMIUM]"
"3f13202b-b53c-4a30-ae8a-98cbb798c79f","2026-06-27 23:52:31.146","2026-07-14 07:41:09.430","3f13202b-b53c-4a30-ae8a-98cbb798c79f","[PREMIUM]","Used",2022,"Volkswagen","Tiguan","SE","[PREMIUM]","[PREMIUM]",43268,"SUV","Black","BLACK","Four-wheel Drive",,,"Gasoline",,,"dealership","[PREMIUM]","Stockbridge","GA","[PREMIUM]",27,"[]",,,"[PREMIUM]"
"39f238ea-3ce9-4276-9901-1137e36a7549","2026-06-27 23:52:31.140","2026-07-01 06:56:32.347","39f238ea-3ce9-4276-9901-1137e36a7549","[PREMIUM]","Used",2019,"Subaru","Crosstrek","Premium","[PREMIUM]","[PREMIUM]",18957,"SUV","White","BLACK","Four-wheel Drive",,,"Gasoline",,,"dealership","[PREMIUM]","White Marsh","MD","[PREMIUM]",26,"[]",,,"[PREMIUM]"
"4075987b-a50a-45a4-ac13-a73fa610112d","2026-06-27 23:52:31.140","2026-06-27 23:52:31.140","4075987b-a50a-45a4-ac13-a73fa610112d","[PREMIUM]","Used",2023,"Mazda","CX-50","2.5 Turbo Meridian Edition","[PREMIUM]","[PREMIUM]",24476,"SUV","Gray","BLACK","All-wheel Drive",,,"Gas",,,"dealership","[PREMIUM]","Stockbridge","GA","[PREMIUM]",26,"[]",,,"[PREMIUM]"
"88bdf12c-62f5-420c-815e-840ae71137f6","2026-06-27 23:52:31.136","2026-07-01 06:56:32.348","88bdf12c-62f5-420c-815e-840ae71137f6","[PREMIUM]","Used",2018,"Honda","Accord","Sport","[PREMIUM]","[PREMIUM]",58117,"Sedan","Blue","BLACK","Rear-wheel Drive",,,"Gasoline",,,"dealership","[PREMIUM]","Warner Robins","GA","[PREMIUM]",25,"[]",,,"[PREMIUM]"
"0127c134-4ca4-4eb7-a282-eb797c56e224","2026-06-27 23:52:31.134","2026-07-04 16:55:38.747","0127c134-4ca4-4eb7-a282-eb797c56e224","[PREMIUM]","Used",2017,"Lincoln","MKX","Premier","[PREMIUM]","[PREMIUM]",25164,"SUV","Red","TAN","Rear-wheel Drive",,,"Gasoline",,,"dealership","[PREMIUM]","Plainfield","IL","[PREMIUM]",25,"[]",,,"[PREMIUM]"
"a37e3c64-abae-42e0-b136-3f14304ebca0","2026-06-27 23:52:31.134","2026-07-20 23:13:16.763","a37e3c64-abae-42e0-b136-3f14304ebca0","[PREMIUM]","New",2026,"Hyundai","ELANTRA","SEL Sport","[PREMIUM]","[PREMIUM]",13,"Sedan","Amazon Gray","Gray","Front-wheel Drive",,,"Gasoline",,,"dealership","[PREMIUM]","Brooklyn Park","MN","[PREMIUM]",23,"[]",,,"[PREMIUM]"
"5a7ecadf-7d3d-4bd9-904e-38a8c0b9ceaa","2026-06-27 23:52:31.133","2026-07-01 06:56:32.586","5a7ecadf-7d3d-4bd9-904e-38a8c0b9ceaa","[PREMIUM]","Used",2023,"Nissan","Rogue","SV","[PREMIUM]","[PREMIUM]",33602,"SUV","Black","GRAY","Four-wheel Drive",,,"Gasoline",,,"dealership","[PREMIUM]","Urbandale","IA","[PREMIUM]",26,"[]",,,"[PREMIUM]"
"71e2cd48-5d31-4d29-b36e-5d1c7ab197d5","2026-06-27 23:52:31.133","2026-06-27 23:52:31.133","71e2cd48-5d31-4d29-b36e-5d1c7ab197d5","[PREMIUM]","Used",2023,"Audi","Q5","S-Line Premium","[PREMIUM]","[PREMIUM]",53544,"SUV","White","BLACK","4WD",,,"Gas",,,"dealership","[PREMIUM]","Stockbridge","GA","[PREMIUM]",27,"[]",,,"[PREMIUM]"
"c08d242c-7b8c-40d6-b70f-42363f93ed14","2026-06-27 23:52:31.131","2026-07-07 17:30:40.671","c08d242c-7b8c-40d6-b70f-42363f93ed14","[PREMIUM]","Used",2024,"Nissan","Pathfinder","SV","[PREMIUM]","[PREMIUM]",44776,"SUV","White","BLACK","Rear-wheel Drive",,,"Gasoline",,,"dealership","[PREMIUM]","El Paso","TX","[PREMIUM]",28,"[]",,,"[PREMIUM]"
"b4d40b1f-8947-429e-adc8-2becabfadf43","2026-06-27 23:52:31.129","2026-07-01 06:56:32.331","b4d40b1f-8947-429e-adc8-2becabfadf43","[PREMIUM]","Used",2023,"Mazda","CX-30","Carbon Edition","[PREMIUM]","[PREMIUM]",38717,"SUV","Gray","RED","Four-wheel Drive",,,"Gasoline",,,"dealership","[PREMIUM]","St. Peters","MO","[PREMIUM]",26,"[]",,,"[PREMIUM]"
"3b8c1c92-a777-48a3-8cf1-d6e4a484e34c","2026-06-27 23:52:31.128","2026-07-01 06:56:32.358","3b8c1c92-a777-48a3-8cf1-d6e4a484e34c","[PREMIUM]","Used",2023,"Honda","Civic","Sport","[PREMIUM]","[PREMIUM]",33999,"Sedan","Gray","BLACK","Rear-wheel Drive",,,"Gasoline",,,"dealership","[PREMIUM]","Bakersfield","CA","[PREMIUM]",22,"[]",,,"[PREMIUM]"
"07d099a9-970f-48b4-a8f8-83e730aa8ea2","2026-06-27 23:52:31.126","2026-06-27 23:52:31.126","07d099a9-970f-48b4-a8f8-83e730aa8ea2","[PREMIUM]","Used",2023,"Jeep","Gladiator","Sport S","[PREMIUM]","[PREMIUM]",39600,"Truck","Gray","BLACK","Four-wheel Drive",,,"Gasoline",,,"dealership","[PREMIUM]","Lynchburg","VA","[PREMIUM]",24,"[]",,,"[PREMIUM]"
"64510efe-42a5-4e8d-af82-1bde7d321d4e","2026-06-27 23:52:31.101","2026-06-27 23:52:31.101","64510efe-42a5-4e8d-af82-1bde7d321d4e","[PREMIUM]","Used",2022,"Jeep","Wrangler","Unlimited Sport S","[PREMIUM]","[PREMIUM]",37374,"SUV","White","BLACK","Four-wheel Drive",,,"Gasoline",,,"dealership","[PREMIUM]","Sicklerville","NJ","[PREMIUM]",25,"[]",,,"[PREMIUM]"
"6986e747-efb1-4b0c-8b28-5d631f65dfa6","2026-06-27 23:52:30.985","2026-07-25 03:26:36.208","6986e747-efb1-4b0c-8b28-5d631f65dfa6","[PREMIUM]","Used",2015,"Lexus","RX 350",,"[PREMIUM]","[PREMIUM]",62870,"SUV","Burgundy","CREAM","Rear-wheel Drive",,,"Gasoline",,,"dealership","[PREMIUM]","San Antonio","TX","[PREMIUM]",26,"[]",,,"[PREMIUM]"
"fb7b3e63-4cf4-4f53-85fd-864e160fefbc","2026-06-27 23:52:30.980","2026-07-20 23:12:54.669","fb7b3e63-4cf4-4f53-85fd-864e160fefbc","[PREMIUM]","Used",2023,"Nissan","Rogue","SL","[PREMIUM]","[PREMIUM]",14492,"SUV","Black","BLACK","Four-wheel Drive",,,"Gasoline",,,"dealership","[PREMIUM]","Warner Robins","GA","[PREMIUM]",27,"[]",,,"[PREMIUM]"
"25d442ba-a0c0-42d7-87a3-2ede5f88039e","2026-06-27 23:52:30.973","2026-06-27 23:52:30.973","25d442ba-a0c0-42d7-87a3-2ede5f88039e","[PREMIUM]","Used",2023,"Jeep","Grand Cherokee 4xe",,"[PREMIUM]","[PREMIUM]",26865,"SUV","White","TAN","4WD",,,"Plug-In Hybrid",,,"dealership","[PREMIUM]","Parker","CO","[PREMIUM]",26,"[]",,,"[PREMIUM]"
"a5c738f6-c355-4a13-94e3-58833a09bae6","2026-06-27 23:52:30.890","2026-07-01 06:56:32.373","a5c738f6-c355-4a13-94e3-58833a09bae6","[PREMIUM]","Used",2024,"Ford","Escape",,"[PREMIUM]","[PREMIUM]",18924,"SUV","Black","BLACK","Rear-wheel Drive",,,"Plug-In Hybrid",,,"dealership","[PREMIUM]","Bakersfield","CA","[PREMIUM]",22,"[]",,,"[PREMIUM]"
"c489ff8d-36da-4c01-ae9f-b3b5ee99cb1c","2026-06-27 23:52:30.883","2026-06-27 23:52:30.883","c489ff8d-36da-4c01-ae9f-b3b5ee99cb1c","[PREMIUM]","Used",2025,"Mazda","CX-5","2.5 S Select Package","[PREMIUM]","[PREMIUM]",29783,"SUV","Tan","BLACK","Four-wheel Drive",,,"Gasoline",,,"dealership","[PREMIUM]","Lynchburg","VA","[PREMIUM]",25,"[]",,,"[PREMIUM]"
"66510c9d-6ef5-4438-97a2-6cca43688d16","2026-06-27 23:50:50.206","2026-06-27 23:50:50.206","66510c9d-6ef5-4438-97a2-6cca43688d16","[PREMIUM]","Used",2000,"Ford","F-250","XLT","[PREMIUM]","[PREMIUM]",96162,"Truck","Blue",,"Four-wheel Drive",,,"Diesel",,,"dealership","[PREMIUM]","Delta","CO","[PREMIUM]",20,"[]",,,"[PREMIUM]"
"dc996c3c-814b-4e69-bc53-3ea157689739","2026-06-27 23:50:50.188","2026-07-27 03:11:56.285","dc996c3c-814b-4e69-bc53-3ea157689739","[PREMIUM]","Used",2001,"Ford","F-150","Harley-Davidson Crew Cab","[PREMIUM]","[PREMIUM]",198450,"Truck","Black","Black","Rear-wheel Drive",,,"Gasoline",,,"private","[PREMIUM]",,,"[PREMIUM]",10,"[]",,,"[PREMIUM]"
"b6b082af-d8f5-4297-8bef-3e240884ff6e","2026-06-27 23:50:40.238","2026-07-07 17:30:40.763","b6b082af-d8f5-4297-8bef-3e240884ff6e","[PREMIUM]","Used",2013,"Ford","F-150","XLT","[PREMIUM]","[PREMIUM]",127881,"Truck","Red","Black","Four-wheel Drive",,,"Gasoline",,,"dealership","[PREMIUM]","Anderson","IN","[PREMIUM]",27,"[]",,,"[PREMIUM]"
"0a4bbeb9-6124-47e1-9de4-a9c2f1880d20","2026-06-27 23:50:30.046","2026-06-27 23:50:30.046","0a4bbeb9-6124-47e1-9de4-a9c2f1880d20","[PREMIUM]","Used",2017,"Ford","Explorer","XLT","[PREMIUM]","[PREMIUM]",81245,"SUV","White","TAN","2WD",,,"Flex",,,"dealership","[PREMIUM]","Murrieta","CA","[PREMIUM]",29,"[]",,,"[PREMIUM]"
"8535c53f-caab-4179-b01b-410dd6ea3efa","2026-06-27 23:50:30.031","2026-07-04 16:55:38.868","8535c53f-caab-4179-b01b-410dd6ea3efa","[PREMIUM]","Used",2018,"Ford","Edge","SEL","[PREMIUM]","[PREMIUM]",55825,"SUV","Gray","BLACK","Rear-wheel Drive",,,"Gasoline",,,"dealership","[PREMIUM]","Plano","TX","[PREMIUM]",24,"[]",,,"[PREMIUM]"
"a0bd59de-8ac7-4b52-828b-3d7cd3d9190d","2026-06-27 23:50:30.017","2026-06-27 23:50:30.017","a0bd59de-8ac7-4b52-828b-3d7cd3d9190d","[PREMIUM]","Used",2018,"Honda","Civic","EX-L","[PREMIUM]","[PREMIUM]",107776,"Hatchback","Blue","BLACK","Rear-wheel Drive",,,"Gasoline",,,"dealership","[PREMIUM]","Fairfield","CA","[PREMIUM]",27,"[]",,,"[PREMIUM]"
"df237c13-6210-4c5b-8328-006cfffd06a9","2026-06-27 23:50:30.017","2026-06-27 23:50:30.017","df237c13-6210-4c5b-8328-006cfffd06a9","[PREMIUM]","Used",2014,"Honda","CR-V","LX","[PREMIUM]","[PREMIUM]",43989,"SUV","Gray","GRAY","Four-wheel Drive",,,"Gasoline",,,"dealership","[PREMIUM]","Sacramento","CA","[PREMIUM]",25,"[]",,,"[PREMIUM]"
"e61562dc-d915-4b63-ac4f-71a688a23f70","2026-06-27 23:50:29.989","2026-07-14 06:44:40.467","e61562dc-d915-4b63-ac4f-71a688a23f70","[PREMIUM]","Used",2014,"Mercedes-Benz","E-Class","Sport","[PREMIUM]","[PREMIUM]",40753,"Sedan","Gray","TAN","Rear-wheel Drive",,,"Gasoline",,,"dealership","[PREMIUM]","Warner Robins","GA","[PREMIUM]",25,"[]",,,"[PREMIUM]"
"b374e248-4479-4472-a07b-8facfe36151a","2026-06-27 23:50:29.981","2026-06-27 23:50:29.981","b374e248-4479-4472-a07b-8facfe36151a","[PREMIUM]","Used",2014,"Honda","CR-V","LX","[PREMIUM]","[PREMIUM]",49050,"SUV","Brown","BLACK","Rear-wheel Drive",,,"Gasoline",,,"dealership","[PREMIUM]","Roseville","CA","[PREMIUM]",25,"[]",,,"[PREMIUM]"
"a629332b-4c61-4933-8e43-b2dac41e299d","2026-06-27 23:50:29.960","2026-07-27 03:12:08.965","a629332b-4c61-4933-8e43-b2dac41e299d","[PREMIUM]","Used",2017,"Ford","Focus","SE","[PREMIUM]","[PREMIUM]",53785,"Sedan","Black","BLACK","Rear-wheel Drive",,,"Gasoline",,,"dealership","[PREMIUM]","Garland","TX","[PREMIUM]",25,"[]",,,"[PREMIUM]"
"13aaea77-ae05-44ce-8ac0-124d1408bcc4","2026-06-27 23:50:29.950","2026-07-07 17:30:41.337","13aaea77-ae05-44ce-8ac0-124d1408bcc4","[PREMIUM]","Used",2015,"Toyota","RAV4","XLE","[PREMIUM]","[PREMIUM]",121651,"SUV","Silver","BLACK","Four-wheel Drive",,,"Gasoline",,,"dealership","[PREMIUM]","Memphis","TN","[PREMIUM]",22,"[]",,,"[PREMIUM]"
"3e414828-f584-4199-9112-b065af8c4501","2026-06-27 23:50:29.948","2026-07-27 03:12:09.294","3e414828-f584-4199-9112-b065af8c4501","[PREMIUM]","Used",2018,"Volkswagen","Tiguan","SE","[PREMIUM]","[PREMIUM]",86719,"SUV","Red","GRAY","Rear-wheel Drive",,,"Gasoline",,,"dealership","[PREMIUM]","Laurel","MD","[PREMIUM]",25,"[]",,,"[PREMIUM]"
"7638fc63-c64f-4afc-8443-c11f49a4d8c9","2026-06-27 23:50:29.947","2026-07-27 03:11:56.487","7638fc63-c64f-4afc-8443-c11f49a4d8c9","[PREMIUM]","Used",2015,"Honda","Accord","LX","[PREMIUM]","[PREMIUM]",101008,"Sedan","Gray","GRAY","Rear-wheel Drive",,,"Gasoline",,,"dealership","[PREMIUM]","Beaverton","OR","[PREMIUM]",25,"[]",,,"[PREMIUM]"
"852bfeed-1f1f-4cc0-abc0-cca976f01c6c","2026-06-27 23:50:29.940","2026-07-01 06:56:32.404","852bfeed-1f1f-4cc0-abc0-cca976f01c6c","[PREMIUM]","Used",2014,"Mazda","CX-5","Grand Touring","[PREMIUM]","[PREMIUM]",77747,"SUV","Jet Black Mica","Black","All-wheel Drive",,,"Gasoline",,,"dealership","[PREMIUM]","Burnsville","MN","[PREMIUM]",30,"[]",,,"[PREMIUM]"
"2e07171f-38da-4fe6-8953-27c02ba4fac5","2026-06-27 23:50:19.683","2026-07-07 17:30:40.776","2e07171f-38da-4fe6-8953-27c02ba4fac5","[PREMIUM]","Used",2021,"Chevrolet","Equinox","LT","[PREMIUM]","[PREMIUM]",52174,"SUV","Blue","BLACK","Rear-wheel Drive",,,"Gasoline",,,"dealership","[PREMIUM]","Corpus Christi","TX","[PREMIUM]",25,"[]",,,"[PREMIUM]"
"b9d88383-36a7-4cf1-8323-49a5c070b0df","2026-06-27 23:50:19.648","2026-06-27 23:50:19.648","b9d88383-36a7-4cf1-8323-49a5c070b0df","[PREMIUM]","Used",2019,"Ford","Fusion","SE","[PREMIUM]","[PREMIUM]",66876,"Sedan","Blue","BLACK","2WD",,,"Gas",,,"dealership","[PREMIUM]","Urbandale","IA","[PREMIUM]",27,"[]",,,"[PREMIUM]"
"2dcedc16-dcab-439a-9e34-f4eed41608d6","2026-06-27 23:50:19.604","2026-07-07 17:30:52.119","2dcedc16-dcab-439a-9e34-f4eed41608d6","[PREMIUM]","Used",2020,"Toyota","Corolla","LE","[PREMIUM]","[PREMIUM]",91955,"Sedan","Barcelona Red Metallic","Gray","Front-wheel Drive",,,"Gasoline",,,"dealership","[PREMIUM]","Orlando","FL","[PREMIUM]",2,"[]",,,"[PREMIUM]"
"01d3f19d-3a9f-4a03-aa7e-ef8270a7dc5b","2026-06-27 23:50:19.554","2026-06-27 23:50:19.554","01d3f19d-3a9f-4a03-aa7e-ef8270a7dc5b","[PREMIUM]","Used",2019,"Kia","Niro","LX","[PREMIUM]","[PREMIUM]",20494,"Hatchback","White","BLACK","Rear-wheel Drive",,,"Hybrid",,,"dealership","[PREMIUM]","Davie","FL","[PREMIUM]",25,"[]",,,"[PREMIUM]"
"494eadd6-f54e-45ff-b9f2-5f1f005551da","2026-06-27 23:50:19.536","2026-07-07 17:30:29.411","494eadd6-f54e-45ff-b9f2-5f1f005551da","[PREMIUM]","Used",2020,"Chevrolet","Malibu","LT","[PREMIUM]","[PREMIUM]",47907,"Sedan","Silver","GRAY","Rear-wheel Drive",,,"Gasoline",,,"dealership","[PREMIUM]","Orlando","FL","[PREMIUM]",26,"[]",,,"[PREMIUM]"
"96cce71c-b5de-4064-82cb-99aaf0f25640","2026-06-27 23:50:09.291","2026-07-01 06:56:32.359","96cce71c-b5de-4064-82cb-99aaf0f25640","[PREMIUM]","Used",2024,"Nissan","Kicks","S","[PREMIUM]","[PREMIUM]",20459,"SUV","Gray","BLACK","Rear-wheel Drive",,,"Gasoline",,,"dealership","[PREMIUM]","Duarte","CA","[PREMIUM]",26,"[]",,,"[PREMIUM]"
"32aeca82-ad5a-4dff-8c5d-972d560e57a9","2026-06-27 23:50:09.198","2026-06-27 23:50:09.198","32aeca82-ad5a-4dff-8c5d-972d560e57a9","[PREMIUM]","Used",2025,"Volkswagen","Jetta","S","[PREMIUM]","[PREMIUM]",28446,"Sedan","Black","BLACK","Rear-wheel Drive",,,"Gasoline",,,"dealership","[PREMIUM]","Warner Robins","GA","[PREMIUM]",24,"[]",,,"[PREMIUM]"
"15e4928c-a33c-4f6b-b458-0e694929279b","2026-06-27 23:49:58.886","2026-07-27 03:12:08.431","15e4928c-a33c-4f6b-b458-0e694929279b","[PREMIUM]","Used",1994,"Pontiac","Firebird","Trans Am GT","[PREMIUM]","[PREMIUM]",154518,"Coupe","Red","Gray","Rear-wheel Drive",,,,,,"private","[PREMIUM]",,,"[PREMIUM]",20,"[]",,,"[PREMIUM]"
"6e264ae2-c8f3-4a87-8c9c-75c833be3309","2026-06-27 23:49:38.566","2026-07-27 03:11:56.366","6e264ae2-c8f3-4a87-8c9c-75c833be3309","[PREMIUM]","Used",1996,"Ford","Bronco","Eddie Bauer","[PREMIUM]","[PREMIUM]",335795,"SUV","Black","Beige","Four-wheel Drive",,,"Gasoline",,,"private","[PREMIUM]",,,"[PREMIUM]",5,"[]",,,"[PREMIUM]"
"be70766f-1672-47c6-9859-cdad1182d456","2026-06-27 23:49:18.299","2026-07-01 06:56:21.048","be70766f-1672-47c6-9859-cdad1182d456","[PREMIUM]","Used",2017,"Buick","Encore","Preferred","[PREMIUM]","[PREMIUM]",75605,"SUV","Purple","BLACK","Four-wheel Drive",,,"Gasoline",,,"dealership","[PREMIUM]","Parker","CO","[PREMIUM]",26,"[]",,,"[PREMIUM]"
"e401e838-082c-4722-8fd4-025485c6d49f","2026-06-27 23:49:18.292","2026-07-11 07:41:04.003","e401e838-082c-4722-8fd4-025485c6d49f","[PREMIUM]","Used",2018,"Toyota","Yaris iA",,"[PREMIUM]","[PREMIUM]",89115,"Sedan","Silver","BLACK","Rear-wheel Drive",,,"Gasoline",,,"dealership","[PREMIUM]","Kenner","LA","[PREMIUM]",25,"[]",,,"[PREMIUM]"
"14454a2e-fc53-4d15-8d0b-82d96599e63d","2026-06-27 23:49:18.268","2026-07-27 03:11:56.250","14454a2e-fc53-4d15-8d0b-82d96599e63d","[PREMIUM]","Used",2013,"Volkswagen","Tiguan","SE","[PREMIUM]","[PREMIUM]",65300,"SUV","Gray","Beige","Front-wheel Drive",,,"Gasoline",,,"private","[PREMIUM]",,,"[PREMIUM]",10,"[]",,,"[PREMIUM]"
"c34b26c9-0507-4314-9f6b-d7fb8accfaea","2026-06-27 23:49:18.200","2026-07-11 07:41:04.206","c34b26c9-0507-4314-9f6b-d7fb8accfaea","[PREMIUM]","Used",2016,"Nissan","Altima","S","[PREMIUM]","[PREMIUM]",118701,"Sedan","White","TAN","Rear-wheel Drive",,,"Gasoline",,,"dealership","[PREMIUM]","Las Vegas","NV","[PREMIUM]",25,"[]",,,"[PREMIUM]"
"399da81c-d89e-40b2-b469-a5d36dd34cc2","2026-06-27 23:49:07.880","2026-07-07 17:30:29.414","399da81c-d89e-40b2-b469-a5d36dd34cc2","[PREMIUM]","Used",2019,"Hyundai","SONATA","SE","[PREMIUM]","[PREMIUM]",76048,"Sedan","Red","GRAY","Rear-wheel Drive",,,"Gasoline",,,"dealership","[PREMIUM]","Pleasanton","CA","[PREMIUM]",25,"[]",,,"[PREMIUM]"
"539dd418-228b-43a9-b965-f39385058085","2026-06-27 23:48:47.354","2026-07-01 06:56:20.753","539dd418-228b-43a9-b965-f39385058085","[PREMIUM]","Used",1999,"Toyota","Tacoma","Base","[PREMIUM]","[PREMIUM]",286420,"Truck","Sunfire Red","Graphite","Four-wheel Drive",,,"Gasoline",,,"dealership","[PREMIUM]","Lewiston","ID","[PREMIUM]",15,"[]",,,"[PREMIUM]"
"820a6cfc-b314-42d0-8108-9d6266ff4c3d","2026-06-27 23:48:37.121","2026-07-27 03:11:56.737","820a6cfc-b314-42d0-8108-9d6266ff4c3d","[PREMIUM]","Used",2006,"Pontiac","Solstice","Base","[PREMIUM]","[PREMIUM]",71771,"Convertible","Cool Liquid Silver Metallic","Ebony","Rear-wheel Drive",,,"Gasoline",,,"dealership","[PREMIUM]","Anderson","IN","[PREMIUM]",17,"[]",,,"[PREMIUM]"
"a3b7d898-fc73-4fd7-9317-a4528c150cf0","2026-06-27 23:47:45.122","2026-07-04 16:55:14.858","a3b7d898-fc73-4fd7-9317-a4528c150cf0","[PREMIUM]","Used",2010,"Honda","Insight","EX","[PREMIUM]","[PREMIUM]",136875,"Hatchback","Silver","Gry Fabric","Front-wheel Drive",,,"Hybrid",,,"dealership","[PREMIUM]","Indianapolis","IN","[PREMIUM]",35,"[]",,,"[PREMIUM]"
"438be004-4d58-4939-ae59-fc104dcead2f","2026-06-27 23:46:54.701","2026-07-24 00:51:45.435","438be004-4d58-4939-ae59-fc104dcead2f","[PREMIUM]","Used",2000,"Buick","LeSabre","Custom","[PREMIUM]","[PREMIUM]",126001,"Sedan","White","Red","Front-wheel Drive",,,"Gasoline",,,"dealership","[PREMIUM]","Purcellville","VA","[PREMIUM]",9,"[]",,,"[PREMIUM]"
"f0c62204-2438-4131-ac66-20c61de854a9","2026-06-27 23:46:34.842","2026-07-24 00:51:46.521","f0c62204-2438-4131-ac66-20c61de854a9","[PREMIUM]","Used",1997,"Ford","F-150","Long Bed","[PREMIUM]","[PREMIUM]",239503,"Truck","Red","Beige","Rear-wheel Drive",,,"Gasoline",,,"dealership","[PREMIUM]","Kansas City","MO","[PREMIUM]",7,"[]",,,"[PREMIUM]"
"ad06fbe0-a41b-4c9a-a2f5-7e624998ef64","2026-06-27 23:46:34.823","2026-07-01 06:56:09.124","ad06fbe0-a41b-4c9a-a2f5-7e624998ef64","[PREMIUM]","Used",2000,"Hyundai","Accent","GS","[PREMIUM]","[PREMIUM]",149000,"Hatchback","Noble White","Beige","Front Wheel Drive",,,"Regular unleaded",,,"dealership","[PREMIUM]","Brea","CA","[PREMIUM]",32,"[]",,,"[PREMIUM]"
"f008cee2-dae9-40eb-a0ae-879eb5a9e76a","2026-06-27 23:46:34.581","2026-06-27 23:46:34.581","f008cee2-dae9-40eb-a0ae-879eb5a9e76a","[PREMIUM]","Used",1997,"Ford","F-150","Lariat Flareside","[PREMIUM]","[PREMIUM]",295000,"Truck",,,"Rear-wheel Drive",,,"Gasoline",,,"dealership","[PREMIUM]","Albuquerque","NM","[PREMIUM]",8,"[]",,,"[PREMIUM]"
"dd24f413-b8cf-4519-a335-f5f72cf86a7d","2026-06-27 23:46:34.552","2026-07-14 07:40:36.477","dd24f413-b8cf-4519-a335-f5f72cf86a7d","[PREMIUM]","Used",2012,"Nissan","Sentra","2.0 S","[PREMIUM]","[PREMIUM]",37692,"Sedan","Black","Gray","Front-wheel Drive",,,"Gasoline",,,"private","[PREMIUM]",,,"[PREMIUM]",5,"[]",,,"[PREMIUM]"
"4e04c2ae-36bf-4a1d-9430-a93a9ca0f748","2026-06-27 23:35:40.034","2026-07-07 17:22:16.739","4e04c2ae-36bf-4a1d-9430-a93a9ca0f748","[PREMIUM]","Used",2024,"Chevrolet","Corvette","Stingray w/3LT","[PREMIUM]","[PREMIUM]",726,"Coupe","Black","Red","Rear-wheel Drive",,,"Gasoline",,,"private","[PREMIUM]",,,"[PREMIUM]",16,"[]",,,"[PREMIUM]"
"f481118d-6a93-4f92-a582-4f51ffe39c34","2026-06-27 23:35:12.040","2026-07-01 06:53:28.445","f481118d-6a93-4f92-a582-4f51ffe39c34","[PREMIUM]","Used",2024,"Tesla","Cybertruck",,"[PREMIUM]","[PREMIUM]",25239,"Truck","Silver","BLACK","Four-wheel Drive",,,"Electric",,,"dealership","[PREMIUM]","Puyallup","WA","[PREMIUM]",23,"[]",,,"[PREMIUM]"
"f4c36f91-153a-4397-97c6-a5a48b2ea3e3","2026-06-27 23:33:02.221","2026-07-07 17:16:05.666","f4c36f91-153a-4397-97c6-a5a48b2ea3e3","[PREMIUM]","Used",2025,"Ford","F-150","Lariat","[PREMIUM]","[PREMIUM]",9781,"Truck","Blue","BLACK","Four-wheel Drive",,,"Hybrid",,,"dealership","[PREMIUM]","Salem","OR","[PREMIUM]",27,"[]",,,"[PREMIUM]"
"c1c5279f-637f-4ae6-b9f1-257824d80534","2026-06-27 23:33:02.148","2026-07-01 06:51:57.403","c1c5279f-637f-4ae6-b9f1-257824d80534","[PREMIUM]","Used",2025,"Toyota","Tundra","1794","[PREMIUM]","[PREMIUM]",43174,"Truck","White","BROWN","Four-wheel Drive",,,"Gasoline",,,"dealership","[PREMIUM]","Fort Worth","TX","[PREMIUM]",26,"[]",,,"[PREMIUM]"
"e401370a-ed1e-43d1-b9f5-3cbd51299532","2026-06-27 23:31:38.393","2026-06-27 23:31:38.393","e401370a-ed1e-43d1-b9f5-3cbd51299532","[PREMIUM]","Used",2024,"Ford","Mustang","GT Premium","[PREMIUM]","[PREMIUM]",8558,"Coupe","Blue","BLACK","Rear-wheel Drive",,,"Gasoline",,,"dealership","[PREMIUM]","Naples","FL","[PREMIUM]",26,"[]",,,"[PREMIUM]"
"c14f348c-b629-4f24-b8db-1d8ef7056cbe","2026-06-27 23:31:38.381","2026-07-01 06:51:42.418","c14f348c-b629-4f24-b8db-1d8ef7056cbe","[PREMIUM]","Used",2024,"BMW","i4 Gran Coupe","xDrive40 Gran Coupe","[PREMIUM]","[PREMIUM]",20300,"Sedan","Gray","BLACK","Four-wheel Drive",,,"Electric",,,"dealership","[PREMIUM]","Scottsdale","AZ","[PREMIUM]",24,"[]",,,"[PREMIUM]"
"a9d3d2f2-f1d9-4ec4-88f6-1fbd657ea12d","2026-06-27 23:31:38.328","2026-07-04 16:49:35.010","a9d3d2f2-f1d9-4ec4-88f6-1fbd657ea12d","[PREMIUM]","Used",2025,"RAM","2500","Bighorn","[PREMIUM]","[PREMIUM]",28814,"Truck","Black","GRAY","Four-wheel Drive",,,"Gasoline",,,"dealership","[PREMIUM]","Murrieta","CA","[PREMIUM]",21,"[]",,,"[PREMIUM]"
"6e5c43fb-9481-4e1d-b51c-e36cc5d08ec5","2026-06-27 23:31:17.314","2026-07-07 17:15:11.358","6e5c43fb-9481-4e1d-b51c-e36cc5d08ec5","[PREMIUM]","Used",2023,"RAM","2500","Bighorn","[PREMIUM]","[PREMIUM]",29723,"Truck","White","GRAY","Four-wheel Drive",,,"Gasoline",,,"dealership","[PREMIUM]","Houston","TX","[PREMIUM]",25,"[]",,,"[PREMIUM]"
"8465adad-8561-4ed9-abcc-b8ac3a376ac3","2026-06-27 23:30:56.426","2026-07-27 03:08:01.228","8465adad-8561-4ed9-abcc-b8ac3a376ac3","[PREMIUM]","Used",2024,"Hyundai","PALISADE","Calligraphy","[PREMIUM]","[PREMIUM]",21936,"SUV","Black","GRAY","Four-wheel Drive",,,"Gasoline",,,"dealership","[PREMIUM]","Woodbridge","VA","[PREMIUM]",31,"[]",,,"[PREMIUM]"
"f6a58202-3d10-4f00-9f8b-2d36996fbad1","2026-06-27 23:30:56.420","2026-06-27 23:30:56.420","f6a58202-3d10-4f00-9f8b-2d36996fbad1","[PREMIUM]","Used",2026,"Toyota","Tacoma","TRD Off Road","[PREMIUM]","[PREMIUM]",3279,"Truck","White","BLACK","Four-wheel Drive",,,"Gasoline",,,"dealership","[PREMIUM]","Modesto","CA","[PREMIUM]",25,"[]",,,"[PREMIUM]"
"18acd9b0-13c0-489d-b828-4433caec22e7","2026-06-27 23:30:45.456","2026-07-07 17:14:38.249","18acd9b0-13c0-489d-b828-4433caec22e7","[PREMIUM]","Used",2016,"Mercedes-Benz","S-Class",,"[PREMIUM]","[PREMIUM]",24801,"Sedan","Black","BLACK","Rear-wheel Drive",,,"Plug-In Hybrid",,,"dealership","[PREMIUM]","San Diego","CA","[PREMIUM]",26,"[]",,,"[PREMIUM]"
"49541ad7-cbd5-4afc-8d7c-352fa6122afc","2026-06-27 23:30:45.453","2026-07-11 07:31:18.038","49541ad7-cbd5-4afc-8d7c-352fa6122afc","[PREMIUM]","Used",2023,"Toyota","Highlander","Limited","[PREMIUM]","[PREMIUM]",44562,"SUV","Gray","GRAY","Four-wheel Drive",,,"Gasoline",,,"dealership","[PREMIUM]","Tyler","TX","[PREMIUM]",27,"[]",,,"[PREMIUM]"
"ec06e651-ad49-4ed8-8a66-2c5d290015e8","2026-06-27 23:30:45.428","2026-07-27 03:07:49.731","ec06e651-ad49-4ed8-8a66-2c5d290015e8","[PREMIUM]","Used",2021,"Lexus","RX 350",,"[PREMIUM]","[PREMIUM]",62279,"SUV","White","GRAY","Rear-wheel Drive",,,"Gasoline",,,"dealership","[PREMIUM]","Covington","LA","[PREMIUM]",26,"[]",,,"[PREMIUM]"
"4ca0adce-abe6-4b0b-8b11-3b793649b277","2026-06-27 23:30:45.406","2026-07-01 06:51:29.577","4ca0adce-abe6-4b0b-8b11-3b793649b277","[PREMIUM]","Used",2023,"Audi","Q5 e","S-Line Premium Plus","[PREMIUM]","[PREMIUM]",24895,"SUV","Silver","GRAY","Four-wheel Drive",,,"Plug-In Hybrid",,,"dealership","[PREMIUM]","Columbus","GA","[PREMIUM]",27,"[]",,,"[PREMIUM]"
"bd079858-db4a-4da0-92f1-0f2de1d81970","2026-06-27 23:30:14.937","2026-07-07 17:14:59.850","bd079858-db4a-4da0-92f1-0f2de1d81970","[PREMIUM]","Used",2025,"Jeep","Wrangler","Sport S","[PREMIUM]","[PREMIUM]",8980,"SUV","Gray","BLACK","Four-wheel Drive",,,"Gasoline",,,"dealership","[PREMIUM]","Murrieta","CA","[PREMIUM]",25,"[]",,,"[PREMIUM]"
"0f0cffed-6ff2-46f0-a218-aca24874a64c","2026-06-27 23:30:14.910","2026-07-07 17:15:00.396","0f0cffed-6ff2-46f0-a218-aca24874a64c","[PREMIUM]","Used",2025,"Toyota","Tacoma","SR5","[PREMIUM]","[PREMIUM]",33495,"Truck","Black","GRAY","Four-wheel Drive",,,"Gasoline",,,"dealership","[PREMIUM]","Colorado Springs","CO","[PREMIUM]",25,"[]",,,"[PREMIUM]"
"03a3631e-78c6-4be4-9a11-9eef24044b9e","2026-06-27 23:29:43.458","2026-07-27 03:07:38.270","03a3631e-78c6-4be4-9a11-9eef24044b9e","[PREMIUM]","Used",2023,"Kia","Stinger","GT-Line","[PREMIUM]","[PREMIUM]",29755,"Sedan","Gray","Black","Rear-wheel Drive",,,"Gasoline",,,"private","[PREMIUM]",,,"[PREMIUM]",23,"[]",,,"[PREMIUM]"
"6ecf3a5f-44b9-4557-889a-f871b0339050","2026-06-27 23:29:43.436","2026-07-24 00:49:58.577","6ecf3a5f-44b9-4557-889a-f871b0339050","[PREMIUM]","Used",2022,"RAM","1500","Bighorn","[PREMIUM]","[PREMIUM]",19083,"Truck","Blue","BLACK","Rear-wheel Drive",,,"Gasoline",,,"dealership","[PREMIUM]","Inglewood","CA","[PREMIUM]",23,"[]",,,"[PREMIUM]"
"6822ef3d-0088-4291-bb2b-34800e6751f5","2026-06-27 23:29:43.385","2026-06-27 23:29:43.385","6822ef3d-0088-4291-bb2b-34800e6751f5","[PREMIUM]","Used",2022,"Lexus","ES 300h","Luxury","[PREMIUM]","[PREMIUM]",101567,"Sedan","White","BROWN","Rear-wheel Drive",,,"Hybrid",,,"dealership","[PREMIUM]","San Antonio","TX","[PREMIUM]",27,"[]",,,"[PREMIUM]"
"e34f549d-a786-4e2b-b16c-03964751f434","2026-06-27 23:29:43.235","2026-07-04 16:49:10.566","e34f549d-a786-4e2b-b16c-03964751f434","[PREMIUM]","Used",2024,"Volvo","XC60","B5 Core Dark Theme","[PREMIUM]","[PREMIUM]",18975,"SUV","Gray","BLACK","Four-wheel Drive",,,"Gasoline",,,"dealership","[PREMIUM]","Renton","WA","[PREMIUM]",27,"[]",,,"[PREMIUM]"
"a7a53395-18ed-4917-9f93-17fafd3caeb3","2026-06-27 23:29:43.226","2026-07-27 03:07:50.022","a7a53395-18ed-4917-9f93-17fafd3caeb3","[PREMIUM]","New",2026,"Jeep","Compass","Sport","[PREMIUM]","[PREMIUM]",0,"SUV","Silver Zynith Metallic Clearcoat","Black","Four-wheel Drive",,,"Gasoline",,,"dealership","[PREMIUM]","Richmond","KY","[PREMIUM]",15,"[]",,,"[PREMIUM]"
"62ffc956-045b-422d-84d0-ac2a5b039bb2","2026-06-27 23:29:43.219","2026-06-27 23:29:43.219","62ffc956-045b-422d-84d0-ac2a5b039bb2","[PREMIUM]","Used",2022,"Toyota","Camry","TRD","[PREMIUM]","[PREMIUM]",31373,"Sedan","White","BLACK","Rear-wheel Drive",,,"Gasoline",,,"dealership","[PREMIUM]","Charlotte","NC","[PREMIUM]",25,"[]",,,"[PREMIUM]"
"ade33000-0499-48d7-be68-16341e9e9278","2026-06-27 23:29:43.203","2026-07-04 16:49:22.276","ade33000-0499-48d7-be68-16341e9e9278","[PREMIUM]","Used",2023,"Toyota","Highlander","LE","[PREMIUM]","[PREMIUM]",46930,"SUV","Silver","BLACK","Rear-wheel Drive",,,"Gasoline",,,"dealership","[PREMIUM]","Merriam","KS","[PREMIUM]",27,"[]",,,"[PREMIUM]"
"a4507fd5-1fbc-4e60-b6e8-e114590f4c77","2026-06-27 23:29:43.179","2026-06-27 23:29:43.179","a4507fd5-1fbc-4e60-b6e8-e114590f4c77","[PREMIUM]","Used",2021,"Jeep","Wrangler Unlimited","Unlimited Sahara","[PREMIUM]","[PREMIUM]",48589,"SUV","Black","BLACK","4WD",,,"Gas",,,"dealership","[PREMIUM]","Sicklerville","NJ","[PREMIUM]",26,"[]",,,"[PREMIUM]"
"ed0ef000-db13-4f6b-a1ca-163b632dcfb4","2026-06-27 23:29:43.174","2026-07-01 06:51:29.343","ed0ef000-db13-4f6b-a1ca-163b632dcfb4","[PREMIUM]","Used",2026,"Subaru","Forester","Premium","[PREMIUM]","[PREMIUM]",376,"SUV","White","BLACK","Four-wheel Drive",,,"Gasoline",,,"dealership","[PREMIUM]","Corpus Christi","TX","[PREMIUM]",27,"[]",,,"[PREMIUM]"
"abe045ab-0686-45b7-9e4c-ef036dfe5c74","2026-06-27 23:29:43.160","2026-07-04 16:49:10.361","abe045ab-0686-45b7-9e4c-ef036dfe5c74","[PREMIUM]","Used",2025,"Honda","CR-V Hybrid","Sport","[PREMIUM]","[PREMIUM]",52777,"SUV","Gray","BLACK","Four-wheel Drive",,,"Hybrid",,,"dealership","[PREMIUM]","Laurel","MD","[PREMIUM]",26,"[]",,,"[PREMIUM]"
"4f3586a4-6665-44b9-a2b6-10719ac9bb1b","2026-06-27 23:29:43.156","2026-07-17 23:00:42.501","4f3586a4-6665-44b9-a2b6-10719ac9bb1b","[PREMIUM]","Used",2023,"Jeep","Grand Cherokee L","Altitude","[PREMIUM]","[PREMIUM]",41995,"SUV","Black","BLACK","Four-wheel Drive",,,"Gasoline",,,"dealership","[PREMIUM]","Tuscaloosa","AL","[PREMIUM]",26,"[]",,,"[PREMIUM]"
"a8c9f4de-94b3-42db-80e7-cc3a63e0834c","2026-06-27 23:29:43.154","2026-07-11 07:31:06.175","a8c9f4de-94b3-42db-80e7-cc3a63e0834c","[PREMIUM]","Used",2025,"Mazda","MX-5 Miata","Sport","[PREMIUM]","[PREMIUM]",1512,"Convertible","Red","BLACK","Rear-wheel Drive",,,"Gasoline",,,"dealership","[PREMIUM]","O'Fallon","IL","[PREMIUM]",25,"[]",,,"[PREMIUM]"
"7d991a90-712a-4c3b-8f9b-d90a85b68876","2026-06-27 23:29:42.988","2026-06-27 23:29:42.988","7d991a90-712a-4c3b-8f9b-d90a85b68876","[PREMIUM]","Used",2025,"MINI","Countryman","S ALL4","[PREMIUM]","[PREMIUM]",26437,"SUV","Silver","BLACK","Four-wheel Drive",,,"Gasoline",,,"dealership","[PREMIUM]","Parker","CO","[PREMIUM]",26,"[]",,,"[PREMIUM]"
"fd5fc80f-c05b-4a14-98ef-6b7c14c7e86d","2026-06-27 23:29:42.982","2026-06-27 23:29:42.982","fd5fc80f-c05b-4a14-98ef-6b7c14c7e86d","[PREMIUM]","Used",2022,"Jeep","Wrangler","Unlimited Rubicon","[PREMIUM]","[PREMIUM]",37533,"SUV","Green","BLACK","Four-wheel Drive",,,"Gasoline",,,"dealership","[PREMIUM]","Bakersfield","CA","[PREMIUM]",25,"[]",,,"[PREMIUM]"
"92bd9163-6e71-4ba6-a585-63103ae03713","2026-06-27 23:29:11.779","2026-07-27 03:07:38.817","92bd9163-6e71-4ba6-a585-63103ae03713","[PREMIUM]","Used",2018,"Dodge","Charger","R/T Scat Pack","[PREMIUM]","[PREMIUM]",93523,"Sedan","White Knuckle Clearcoat","Black","Rear-wheel Drive",,,"Gasoline",,,"dealership","[PREMIUM]","Lexington","NC","[PREMIUM]",30,"[]",,,"[PREMIUM]"
"adeb3dd3-0127-4db6-b013-7ada7e283fc2","2026-06-27 23:28:50.401","2026-07-07 17:14:27.287","adeb3dd3-0127-4db6-b013-7ada7e283fc2","[PREMIUM]","Used",2023,"Acura","Integra","A-Spec","[PREMIUM]","[PREMIUM]",33239,"Hatchback","Gray","BLACK","Rear-wheel Drive",,,"Gasoline",,,"dealership","[PREMIUM]","Orlando","FL","[PREMIUM]",26,"[]",,,"[PREMIUM]"
"b7ab6870-e68d-40c5-a06e-dd0b67b44dbc","2026-06-27 23:28:50.372","2026-07-01 06:51:16.131","b7ab6870-e68d-40c5-a06e-dd0b67b44dbc","[PREMIUM]","Used",2025,"Toyota","Camry","LE","[PREMIUM]","[PREMIUM]",38017,"Sedan","Black","BLACK","Rear-wheel Drive",,,"Hybrid",,,"dealership","[PREMIUM]","Bakersfield","CA","[PREMIUM]",22,"[]",,,"[PREMIUM]"
"45168a7c-4932-4166-a1a3-d854c007d5d8","2026-06-27 23:28:50.366","2026-07-01 06:51:15.871","45168a7c-4932-4166-a1a3-d854c007d5d8","[PREMIUM]","Used",2023,"Honda","CR-V","LX","[PREMIUM]","[PREMIUM]",29359,"SUV","Black","BLACK","Rear-wheel Drive",,,"Gasoline",,,"dealership","[PREMIUM]","Westborough","MA","[PREMIUM]",24,"[]",,,"[PREMIUM]"
"d815d9ab-7024-4f42-bc95-d7dd3e4efa57","2026-06-27 23:28:50.366","2026-06-27 23:28:50.366","d815d9ab-7024-4f42-bc95-d7dd3e4efa57","[PREMIUM]","Used",2023,"Mitsubishi","Outlander","SE","[PREMIUM]","[PREMIUM]",27528,"SUV","Silver","BLACK","Rear-wheel Drive",,,"Gasoline",,,"dealership","[PREMIUM]","Fayetteville","NC","[PREMIUM]",27,"[]",,,"[PREMIUM]"
"d7573d33-7921-46d4-a91a-146e07ca5830","2026-06-27 23:28:50.334","2026-07-07 17:14:26.776","d7573d33-7921-46d4-a91a-146e07ca5830","[PREMIUM]","Used",2024,"Jeep","Compass","Limited","[PREMIUM]","[PREMIUM]",495,"SUV","Silver","BLACK","Four-wheel Drive",,,"Gasoline",,,"dealership","[PREMIUM]","Nashville","TN","[PREMIUM]",25,"[]",,,"[PREMIUM]"
"cd55feb5-06b0-430c-a509-67dc53d2f2f7","2026-06-27 23:28:50.325","2026-07-14 07:35:21.277","cd55feb5-06b0-430c-a509-67dc53d2f2f7","[PREMIUM]","Used",2022,"Mazda","CX-9","Touring Plus","[PREMIUM]","[PREMIUM]",49788,"SUV","Red","BLACK","Four-wheel Drive",,,"Gasoline",,,"dealership","[PREMIUM]","Irving","TX","[PREMIUM]",27,"[]",,,"[PREMIUM]"
"40232778-9de7-46d5-98a7-aacdf877f7cb","2026-06-27 23:28:50.293","2026-06-27 23:28:50.293","40232778-9de7-46d5-98a7-aacdf877f7cb","[PREMIUM]","Used",2024,"Volvo","XC40","B5 Core Bright Theme","[PREMIUM]","[PREMIUM]",16816,"SUV","Blue","BLACK","Four-wheel Drive",,,"Gasoline",,,"dealership","[PREMIUM]","Roseville","CA","[PREMIUM]",27,"[]",,,"[PREMIUM]"
"c2f8790b-5d1f-4226-b6d1-617e76512dec","2026-06-27 23:28:50.263","2026-07-27 03:07:38.396","c2f8790b-5d1f-4226-b6d1-617e76512dec","[PREMIUM]","Used",2023,"Tesla","Model 3",,"[PREMIUM]","[PREMIUM]",61086,"Sedan","Gray","BLACK","Rear-wheel Drive",,,"Electric",,,"dealership","[PREMIUM]","Denton","TX","[PREMIUM]",25,"[]",,,"[PREMIUM]"
"df7e9c2e-ca5c-4329-813d-d466e7df0510","2026-06-27 23:28:50.263","2026-07-01 06:51:15.883","df7e9c2e-ca5c-4329-813d-d466e7df0510","[PREMIUM]","Used",2022,"Mercedes-Benz","CLA 250",,"[PREMIUM]","[PREMIUM]",55956,"Sedan","Blue","CREAM","Four-wheel Drive",,,"Gasoline",,,"dealership","[PREMIUM]","Inglewood","CA","[PREMIUM]",27,"[]",,,"[PREMIUM]"
"0d16c996-16d0-4fee-8ed3-0d56d2de4393","2026-06-27 23:28:50.257","2026-06-27 23:28:50.257","0d16c996-16d0-4fee-8ed3-0d56d2de4393","[PREMIUM]","Used",2024,"Mitsubishi","Outlander","SE","[PREMIUM]","[PREMIUM]",19580,"SUV","Blue","BLACK","Four-wheel Drive",,,"Plug-In Hybrid",,,"dealership","[PREMIUM]","Roswell","GA","[PREMIUM]",27,"[]",,,"[PREMIUM]"
"19457e81-a92c-415e-bd3c-fde76f45dabe","2026-06-27 23:28:50.242","2026-06-27 23:28:50.242","19457e81-a92c-415e-bd3c-fde76f45dabe","[PREMIUM]","Used",2023,"Tesla","Model 3",,"[PREMIUM]","[PREMIUM]",43337,"Sedan","White","BLACK","Rear-wheel Drive",,,"Electric",,,"dealership","[PREMIUM]","Orlando","FL","[PREMIUM]",24,"[]",,,"[PREMIUM]"
"96833828-0cad-4280-afb6-23b50ae917a3","2026-06-27 23:28:50.233","2026-06-27 23:28:50.233","96833828-0cad-4280-afb6-23b50ae917a3","[PREMIUM]","Used",2021,"Lexus","NX 300",,"[PREMIUM]","[PREMIUM]",56731,"SUV","Gray","BURGUNDY","Rear-wheel Drive",,,"Gasoline",,,"dealership","[PREMIUM]","Warner Robins","GA","[PREMIUM]",25,"[]",,,"[PREMIUM]"
"90f6abe2-9a97-42b3-bfd4-3187bbe1815a","2026-06-27 23:28:50.232","2026-06-27 23:28:50.232","90f6abe2-9a97-42b3-bfd4-3187bbe1815a","[PREMIUM]","Used",2021,"Hyundai","Veloster N",,"[PREMIUM]","[PREMIUM]",28069,"Hatchback","White","BLACK","Rear-wheel Drive",,,"Gasoline",,,"dealership","[PREMIUM]","Buena Park","CA","[PREMIUM]",26,"[]",,,"[PREMIUM]"
"ca3fa71f-5e4c-4e65-8446-6a4d66c3187d","2026-06-27 23:28:50.226","2026-07-14 07:35:19.258","ca3fa71f-5e4c-4e65-8446-6a4d66c3187d","[PREMIUM]","Used",2024,"Jeep","Wrangler","Rubicon","[PREMIUM]","[PREMIUM]",47046,"SUV","Gray","BLACK","Four-wheel Drive",,,"Plug-In Hybrid",,,"dealership","[PREMIUM]","Pleasanton","CA","[PREMIUM]",25,"[]",,,"[PREMIUM]"
"eb6e474e-a895-4e48-8df7-89e0fa2cd354","2026-06-27 23:28:50.188","2026-06-27 23:28:50.188","eb6e474e-a895-4e48-8df7-89e0fa2cd354","[PREMIUM]","Used",2022,"Mazda","CX-9","Touring","[PREMIUM]","[PREMIUM]",46054,"SUV","White","GRAY","Four-wheel Drive",,,"Gasoline",,,"dealership","[PREMIUM]","Charlotte","NC","[PREMIUM]",24,"[]",,,"[PREMIUM]"
"0a6932a7-c78c-4a66-bac5-41c839a0aaac","2026-06-27 23:28:50.170","2026-07-07 17:14:15.740","0a6932a7-c78c-4a66-bac5-41c839a0aaac","[PREMIUM]","Used",2021,"Mercedes-Benz","CLA 250",,"[PREMIUM]","[PREMIUM]",39462,"Sedan","Blue","BLACK","Four-wheel Drive",,,"Gasoline",,,"dealership","[PREMIUM]","Austin","TX","[PREMIUM]",25,"[]",,,"[PREMIUM]"
"57e94ef6-6265-4d4f-ac63-5984f28c4b9d","2026-06-27 23:28:19.026","2026-06-27 23:28:19.026","57e94ef6-6265-4d4f-ac63-5984f28c4b9d","[PREMIUM]","Used",2019,"Toyota","RAV4","LE","[PREMIUM]","[PREMIUM]",69375,"SUV","Silver","BLACK","Rear-wheel Drive",,,"Gasoline",,,"dealership","[PREMIUM]","Knoxville","TN","[PREMIUM]",25,"[]",,,"[PREMIUM]"
"ec34d0f3-4771-44ef-8bd5-b841572db507","2026-06-27 23:28:19.024","2026-07-27 03:07:26.706","ec34d0f3-4771-44ef-8bd5-b841572db507","[PREMIUM]","Used",2016,"Toyota","Highlander","Limited","[PREMIUM]","[PREMIUM]",108210,"SUV","White","BLACK","Rear-wheel Drive",,,"Gasoline",,,"dealership","[PREMIUM]","Tyler","TX","[PREMIUM]",28,"[]",,,"[PREMIUM]"
"de5f36a7-2587-416c-943a-76a77b0efe14","2026-06-27 23:28:19.002","2026-07-01 06:51:04.471","de5f36a7-2587-416c-943a-76a77b0efe14","[PREMIUM]","Used",2020,"Audi","Q5","Premium Plus","[PREMIUM]","[PREMIUM]",53769,"SUV","White","TAN","Four-wheel Drive",,,"Gasoline",,,"dealership","[PREMIUM]","Westborough","MA","[PREMIUM]",27,"[]",,,"[PREMIUM]"
"5bb02bd0-5be3-4660-bb68-c60894f58680","2026-06-27 23:28:18.955","2026-07-27 03:07:38.398","5bb02bd0-5be3-4660-bb68-c60894f58680","[PREMIUM]","Used",2020,"BMW","330","xDrive","[PREMIUM]","[PREMIUM]",72789,"Sedan","Mineral Gray Metallic","Black","All-wheel Drive",,,"Gasoline",,,"dealership","[PREMIUM]","Johnson City","TN","[PREMIUM]",41,"[]",,,"[PREMIUM]"
"45be481e-9830-4f25-8053-25866811cef2","2026-06-27 23:28:18.929","2026-06-27 23:28:18.929","45be481e-9830-4f25-8053-25866811cef2","[PREMIUM]","Used",2019,"Honda","Fit","LX","[PREMIUM]","[PREMIUM]",39415,"Hatchback","Gray","BLACK","Rear-wheel Drive",,,"Gasoline",,,"dealership","[PREMIUM]","Costa Mesa","CA","[PREMIUM]",25,"[]",,,"[PREMIUM]"
"3b8f62fd-ae83-4ba6-8e99-2b35f3250139","2026-06-27 23:28:18.923","2026-07-04 16:48:48.868","3b8f62fd-ae83-4ba6-8e99-2b35f3250139","[PREMIUM]","Used",2017,"Mercedes-Benz","E-Class",,"[PREMIUM]","[PREMIUM]",65020,"Coupe","White","BROWN","Rear-wheel Drive",,,"Gasoline",,,"dealership","[PREMIUM]","Pleasant Hill","CA","[PREMIUM]",26,"[]",,,"[PREMIUM]"
"36805061-0c8b-412b-8721-f847e9483d29","2026-06-27 23:28:18.893","2026-07-20 23:06:48.940","36805061-0c8b-412b-8721-f847e9483d29","[PREMIUM]","Used",2019,"Honda","Accord","Sport","[PREMIUM]","[PREMIUM]",91350,"Sedan","White","BLACK","Rear-wheel Drive",,,"Gasoline",,,"dealership","[PREMIUM]","Norco","CA","[PREMIUM]",26,"[]",,,"[PREMIUM]"
"095d48c7-35f3-440d-b1df-1c1ba2e1072f","2026-06-27 23:28:18.884","2026-07-14 07:35:21.315","095d48c7-35f3-440d-b1df-1c1ba2e1072f","[PREMIUM]","Used",2020,"BMW","X3","sDrive30i","[PREMIUM]","[PREMIUM]",56808,"SUV","Black","BLACK","Rear-wheel Drive",,,"Gasoline",,,"dealership","[PREMIUM]","White Marsh","MD","[PREMIUM]",27,"[]",,,"[PREMIUM]"
"93cf6a6c-469b-43ec-a663-0aac2c61d7c2","2026-06-27 23:28:18.861","2026-07-01 06:51:04.331","93cf6a6c-469b-43ec-a663-0aac2c61d7c2","[PREMIUM]","Used",2019,"Lexus","ES 350",,"[PREMIUM]","[PREMIUM]",105039,"Sedan","Black","BLACK","Rear-wheel Drive",,,"Gasoline",,,"dealership","[PREMIUM]","San Antonio","TX","[PREMIUM]",26,"[]",,,"[PREMIUM]"
"b90f0219-9c1d-4e30-8a59-06a9b20f4586","2026-06-27 23:28:08.602","2026-07-11 07:30:54.393","b90f0219-9c1d-4e30-8a59-06a9b20f4586","[PREMIUM]","Used",2023,"Hyundai","KONA","SEL","[PREMIUM]","[PREMIUM]",4989,"SUV","Black","BLACK","Rear-wheel Drive",,,"Gasoline",,,"dealership","[PREMIUM]","Woodbridge","VA","[PREMIUM]",25,"[]",,,"[PREMIUM]"
"a15a06a0-bef9-4258-bcb9-d8d1bc2f577d","2026-06-27 23:28:08.403","2026-07-04 16:48:48.836","a15a06a0-bef9-4258-bcb9-d8d1bc2f577d","[PREMIUM]","Used",2023,"Chevrolet","Bolt EV","LT","[PREMIUM]","[PREMIUM]",14261,"Wagon","Silver","BLACK","Rear-wheel Drive",,,"Electric",,,"dealership","[PREMIUM]","San Antonio","TX","[PREMIUM]",25,"[]",,,"[PREMIUM]"
"eb43e703-9736-4e55-a879-81f0e1821425","2026-06-27 23:28:08.384","2026-07-04 16:48:48.786","eb43e703-9736-4e55-a879-81f0e1821425","[PREMIUM]","Used",2022,"Mazda","Mazda3","Premium","[PREMIUM]","[PREMIUM]",46720,"Sedan","White","BLACK","Rear-wheel Drive",,,"Gasoline",,,"dealership","[PREMIUM]","Stockbridge","GA","[PREMIUM]",26,"[]",,,"[PREMIUM]"
"7241b4c1-6ad5-4e5a-b23b-dc8f68340bd0","2026-06-27 23:28:08.355","2026-07-04 16:48:37.407","7241b4c1-6ad5-4e5a-b23b-dc8f68340bd0","[PREMIUM]","Used",2023,"Ford","Escape PHEV",,"[PREMIUM]","[PREMIUM]",27657,"SUV","Gray","BLACK","Rear-wheel Drive",,,"Plug-In Hybrid",,,"dealership","[PREMIUM]","Stockbridge","GA","[PREMIUM]",26,"[]",,,"[PREMIUM]"
"7a7ff7c0-2ae9-4995-a33c-a19bdf9d6764","2026-06-27 23:28:08.354","2026-06-27 23:28:08.354","7a7ff7c0-2ae9-4995-a33c-a19bdf9d6764","[PREMIUM]","Used",2022,"Mazda","CX-30","2.5 S","[PREMIUM]","[PREMIUM]",29163,"SUV","Red","GRAY","4WD",,,"Gas",,,"dealership","[PREMIUM]","Sacramento","CA","[PREMIUM]",26,"[]",,,"[PREMIUM]"
"3158a6af-2976-44c4-8715-1952cce4452e","2026-06-27 23:28:08.346","2026-07-04 16:48:50.050","3158a6af-2976-44c4-8715-1952cce4452e","[PREMIUM]","Used",2023,"Nissan","Rogue","SV","[PREMIUM]","[PREMIUM]",21272,"SUV","White","BLACK","Four-wheel Drive",,,"Gasoline",,,"dealership","[PREMIUM]","Fayetteville","NC","[PREMIUM]",26,"[]",,,"[PREMIUM]"
"06c16d9e-81df-4a4a-b2dd-0f4b23139926","2026-06-27 23:28:08.312","2026-07-07 17:13:53.596","06c16d9e-81df-4a4a-b2dd-0f4b23139926","[PREMIUM]","Used",2022,"Volkswagen","Taos","SE","[PREMIUM]","[PREMIUM]",35170,"SUV","Blue","BLACK","Rear-wheel Drive",,,"Gasoline",,,"dealership","[PREMIUM]","El Paso","TX","[PREMIUM]",26,"[]",,,"[PREMIUM]"
"c620d0b2-6a08-4d99-b758-1cf15316d6f0","2026-06-27 23:28:08.309","2026-07-07 17:14:05.197","c620d0b2-6a08-4d99-b758-1cf15316d6f0","[PREMIUM]","Used",2024,"Kia","Sportage","LX","[PREMIUM]","[PREMIUM]",42544,"SUV","Gray","BLACK","Four-wheel Drive",,,"Gasoline",,,"dealership","[PREMIUM]","Springfield","MO","[PREMIUM]",26,"[]",,,"[PREMIUM]"
"1f43b50f-2c92-4981-8c52-8c30e2ff1bc4","2026-06-27 23:28:08.274","2026-07-14 07:35:21.008","1f43b50f-2c92-4981-8c52-8c30e2ff1bc4","[PREMIUM]","Used",2024,"Jeep","Compass","Limited","[PREMIUM]","[PREMIUM]",25397,"SUV","Gray","BLACK","Four-wheel Drive",,,"Gasoline",,,"dealership","[PREMIUM]","Nashville","TN","[PREMIUM]",25,"[]",,,"[PREMIUM]"
"e01eebf3-225c-4e77-be76-45dfb805d084","2026-06-27 23:28:08.273","2026-07-01 06:51:04.180","e01eebf3-225c-4e77-be76-45dfb805d084","[PREMIUM]","Used",2021,"Toyota","Camry Hybrid","SE","[PREMIUM]","[PREMIUM]",71752,"Sedan","Black","GRAY","Rear-wheel Drive",,,"Hybrid",,,"dealership","[PREMIUM]","Buena Park","CA","[PREMIUM]",24,"[]",,,"[PREMIUM]"
"858bfe89-d6f9-4237-b3e8-1dcbd64f4ca1","2026-06-27 23:28:08.256","2026-06-27 23:28:08.256","858bfe89-d6f9-4237-b3e8-1dcbd64f4ca1","[PREMIUM]","Used",2023,"Chrysler","Voyager","LX","[PREMIUM]","[PREMIUM]",48439,"Passenger Van","Gray","BLACK","Rear-wheel Drive",,,"Gasoline",,,"dealership","[PREMIUM]","Savannah","GA","[PREMIUM]",25,"[]",,,"[PREMIUM]"
"b52682ea-9cb2-49ed-8535-720658ba2725","2026-06-27 23:27:57.789","2026-07-14 07:35:21.028","b52682ea-9cb2-49ed-8535-720658ba2725","[PREMIUM]","Used",2025,"Nissan","Rogue","SV","[PREMIUM]","[PREMIUM]",36818,"SUV","Black","BLACK","Four-wheel Drive",,,"Gasoline",,,"dealership","[PREMIUM]","Tucson","AZ","[PREMIUM]",25,"[]",,,"[PREMIUM]"
"a295f849-4ede-4e02-bc9c-f1da99cc84f8","2026-06-27 23:27:57.786","2026-07-01 06:51:04.128","a295f849-4ede-4e02-bc9c-f1da99cc84f8","[PREMIUM]","Used",2025,"Kia","Sportage","LX","[PREMIUM]","[PREMIUM]",30253,"SUV","Black","BLACK","Rear-wheel Drive",,,"Gasoline",,,"dealership","[PREMIUM]","Independence","MO","[PREMIUM]",25,"[]",,,"[PREMIUM]"
"5adac639-c240-4a5d-8afa-135e40fe50b5","2026-06-27 23:27:57.774","2026-07-27 03:07:38.823","5adac639-c240-4a5d-8afa-135e40fe50b5","[PREMIUM]","Used",2002,"Ford","Thunderbird","Base","[PREMIUM]","[PREMIUM]",63781,"Convertible",,,"Rear-wheel Drive",,,"Gasoline",,,"dealership","[PREMIUM]","Easton","MA","[PREMIUM]",23,"[]",,,"[PREMIUM]"
"9be75e43-3af4-4b06-ac31-83b2cee2061e","2026-06-27 23:27:36.598","2026-06-27 23:27:36.598","9be75e43-3af4-4b06-ac31-83b2cee2061e","[PREMIUM]","Used",2017,"Chevrolet","Silverado 1500","Work Truck","[PREMIUM]","[PREMIUM]",97375,"Truck","White","GRAY","Rear-wheel Drive",,,"Gasoline",,,"dealership","[PREMIUM]","Fairfield","CA","[PREMIUM]",23,"[]",,,"[PREMIUM]"
"a9c0d943-e279-4d6d-8332-3922c91e66a9","2026-06-27 23:27:36.522","2026-06-27 23:27:36.522","a9c0d943-e279-4d6d-8332-3922c91e66a9","[PREMIUM]","Used",2017,"Mazda","CX-5","Grand Touring","[PREMIUM]","[PREMIUM]",105115,"SUV","Silver","BLACK","Rear-wheel Drive",,,"Gasoline",,,"dealership","[PREMIUM]","St. Louis","MO","[PREMIUM]",25,"[]",,,"[PREMIUM]"
"c9360639-9dfb-4d1b-8c90-c15489f6a009","2026-06-27 23:27:36.499","2026-07-01 06:50:52.017","c9360639-9dfb-4d1b-8c90-c15489f6a009","[PREMIUM]","Used",2014,"Toyota","Camry","XLE","[PREMIUM]","[PREMIUM]",119940,"Sedan","Gray","GRAY","Rear-wheel Drive",,,"Gasoline",,,"dealership","[PREMIUM]","Laurel","MD","[PREMIUM]",26,"[]",,,"[PREMIUM]"
"98c6a0e8-444e-47ea-93b4-dea9d3ad4740","2026-06-27 23:27:36.448","2026-06-27 23:27:36.448","98c6a0e8-444e-47ea-93b4-dea9d3ad4740","[PREMIUM]","Used",2020,"Toyota","Corolla","LE","[PREMIUM]","[PREMIUM]",57192,"Sedan","Blue","BLACK","Rear-wheel Drive",,,"Gasoline",,,"dealership","[PREMIUM]","Fairfield","CA","[PREMIUM]",25,"[]",,,"[PREMIUM]"
"956a435e-dac2-4cef-957b-0f78a8434057","2026-06-27 23:27:36.443","2026-07-01 06:50:51.783","956a435e-dac2-4cef-957b-0f78a8434057","[PREMIUM]","Used",2014,"Toyota","Camry","SE","[PREMIUM]","[PREMIUM]",52651,"Sedan","Silver","BLACK","Rear-wheel Drive",,,"Gasoline",,,"dealership","[PREMIUM]","Riverside","CA","[PREMIUM]",25,"[]",,,"[PREMIUM]"
"99b87db8-c592-49be-978f-e870ffb907f4","2026-06-27 23:27:36.414","2026-07-01 06:50:51.757","99b87db8-c592-49be-978f-e870ffb907f4","[PREMIUM]","Used",2015,"Toyota","Corolla","LE","[PREMIUM]","[PREMIUM]",96765,"Sedan","Silver","GRAY","Rear-wheel Drive",,,"Gasoline",,,"dealership","[PREMIUM]","Costa Mesa","CA","[PREMIUM]",25,"[]",,,"[PREMIUM]"
"4506cbfa-270d-4505-a179-50e8f71caf50","2026-06-27 23:27:36.374","2026-06-27 23:27:36.374","4506cbfa-270d-4505-a179-50e8f71caf50","[PREMIUM]","Used",2014,"Toyota","Camry","SE","[PREMIUM]","[PREMIUM]",50302,"Sedan","White","BLACK","Rear-wheel Drive",,,"Gasoline",,,"dealership","[PREMIUM]","Oxnard","CA","[PREMIUM]",22,"[]",,,"[PREMIUM]"
"fbb58d7b-b8d4-4247-9686-23eedfb50b4e","2026-06-27 23:27:36.370","2026-07-07 17:13:21.653","fbb58d7b-b8d4-4247-9686-23eedfb50b4e","[PREMIUM]","Used",2017,"Honda","Accord","EX","[PREMIUM]","[PREMIUM]",96233,"Sedan","Gold","TAN","Rear-wheel Drive",,,"Gasoline",,,"dealership","[PREMIUM]","Memphis","TN","[PREMIUM]",26,"[]",,,"[PREMIUM]"
"22497ec4-c1a2-4740-abb0-1092fd4e5e6f","2026-06-27 23:27:36.363","2026-07-07 17:13:21.651","22497ec4-c1a2-4740-abb0-1092fd4e5e6f","[PREMIUM]","Used",2018,"Audi","Q5","Premium Plus","[PREMIUM]","[PREMIUM]",64436,"SUV","Black","BLACK","Four-wheel Drive",,,"Gasoline",,,"dealership","[PREMIUM]","Colma","CA","[PREMIUM]",26,"[]",,,"[PREMIUM]"
"3e672331-0400-4330-978f-b4dd0e705d59","2026-06-27 23:27:36.359","2026-07-27 03:07:38.608","3e672331-0400-4330-978f-b4dd0e705d59","[PREMIUM]","Used",2020,"Honda","Insight","Touring","[PREMIUM]","[PREMIUM]",90494,"Sedan","Lunar Silver Metallic","Black","Front-wheel Drive",,,"Gasoline",,,"dealership","[PREMIUM]","Clearwater","FL","[PREMIUM]",33,"[]",,,"[PREMIUM]"
"5a63704d-7366-46b9-b7b9-c134efb7ad8e","2026-06-27 23:27:36.219","2026-07-07 17:13:10.943","5a63704d-7366-46b9-b7b9-c134efb7ad8e","[PREMIUM]","Used",2021,"Kia","K5","GT-Line","[PREMIUM]","[PREMIUM]",109010,"Sedan","Wolf Gray","Black","All-wheel Drive",,,"Gasoline",,,"dealership","[PREMIUM]","Nelsonville","OH","[PREMIUM]",18,"[]",,,"[PREMIUM]"
"116209fc-82b8-43a5-9295-4f5f92e01842","2026-06-27 23:27:14.852","2026-07-17 23:00:29.153","116209fc-82b8-43a5-9295-4f5f92e01842","[PREMIUM]","Used",2022,"Subaru","WRX","Base","[PREMIUM]","[PREMIUM]",40713,"Sedan","WR Blue Pearl","Black with Red Stitching","All-wheel Drive",,,"Gasoline",,,"dealership","[PREMIUM]","Saint Albans City","VT","[PREMIUM]",25,"[]",,,"[PREMIUM]"
"5d68c206-bf5a-4d61-b800-7378bf09a720","2026-06-27 23:27:14.527","2026-07-20 23:06:15.392","5d68c206-bf5a-4d61-b800-7378bf09a720","[PREMIUM]","Used",2023,"Nissan","Altima","S","[PREMIUM]","[PREMIUM]",46234,"Sedan","Gray","BLACK","Rear-wheel Drive",,,"Gasoline",,,"dealership","[PREMIUM]","Montgomery","AL","[PREMIUM]",26,"[]",,,"[PREMIUM]"
"753ab5b0-8a4f-4f93-919d-c8a2246db963","2026-06-27 23:27:14.479","2026-06-27 23:27:14.479","753ab5b0-8a4f-4f93-919d-c8a2246db963","[PREMIUM]","Used",2023,"Kia","Rio","S","[PREMIUM]","[PREMIUM]",17486,"Hatchback","Black","BLACK","Rear-wheel Drive",,,"Gasoline",,,"dealership","[PREMIUM]","Warner Robins","GA","[PREMIUM]",25,"[]",,,"[PREMIUM]"
"4fae9476-a637-4a12-aea3-69422f7dcd59","2026-06-27 23:27:14.461","2026-07-01 06:50:39.227","4fae9476-a637-4a12-aea3-69422f7dcd59","[PREMIUM]","Used",2023,"Nissan","Kicks","SV","[PREMIUM]","[PREMIUM]",28045,"SUV","Black","BLACK","Rear-wheel Drive",,,"Gasoline",,,"dealership","[PREMIUM]","Parker","CO","[PREMIUM]",24,"[]",,,"[PREMIUM]"
"bfe768e8-386e-4216-a573-94f429a47f62","2026-06-27 23:27:03.311","2026-06-27 23:27:03.311","bfe768e8-386e-4216-a573-94f429a47f62","[PREMIUM]","Used",2024,"Dodge","Hornet","GT","[PREMIUM]","[PREMIUM]",56943,"SUV","Red","BLACK","4WD",,,"Gas",,,"dealership","[PREMIUM]","Murrieta","CA","[PREMIUM]",21,"[]",,,"[PREMIUM]"
"9c257a32-e881-4e86-85e2-eefeab17cd3d","2026-06-27 23:27:03.183","2026-07-01 06:50:26.696","9c257a32-e881-4e86-85e2-eefeab17cd3d","[PREMIUM]","Used",2024,"Mitsubishi","Mirage","ES","[PREMIUM]","[PREMIUM]",31461,"Hatchback","Blue","BLACK","Rear-wheel Drive",,,"Gasoline",,,"dealership","[PREMIUM]","Sacramento","CA","[PREMIUM]",25,"[]",,,"[PREMIUM]"
"34b7d719-5051-441f-9e58-b08dc9fb6bc5","2026-06-27 23:26:53.085","2026-07-01 06:50:26.705","34b7d719-5051-441f-9e58-b08dc9fb6bc5","[PREMIUM]","Used",2015,"Nissan","Altima","S","[PREMIUM]","[PREMIUM]",45146,"Sedan","Brown","TAN","Rear-wheel Drive",,,"Gasoline",,,"dealership","[PREMIUM]","Davie","FL","[PREMIUM]",24,"[]",,,"[PREMIUM]"
"5c507dd5-33ce-46b0-8678-4659dcde45d2","2026-06-27 23:26:53.060","2026-07-17 23:00:16.054","5c507dd5-33ce-46b0-8678-4659dcde45d2","[PREMIUM]","Used",2014,"Nissan","Pathfinder","S","[PREMIUM]","[PREMIUM]",89614,"SUV","White","TAN","Rear-wheel Drive",,,"Gasoline",,,"dealership","[PREMIUM]","Buena Park","CA","[PREMIUM]",24,"[]",,,"[PREMIUM]"
"bec6c7fb-ceab-4b60-81dd-73ed77644eda","2026-06-27 23:26:52.909","2026-07-27 03:06:33.386","bec6c7fb-ceab-4b60-81dd-73ed77644eda","[PREMIUM]","Used",2017,"Land Rover","Discovery Sport","HSE","[PREMIUM]","[PREMIUM]",61259,"SUV","Black","Almond/Ebony","All-wheel Drive",,,"Gasoline",,,"dealership","[PREMIUM]","Knoxville","TN","[PREMIUM]",56,"[]",,,"[PREMIUM]"
"d77893c7-be3f-4871-9a6d-a9582bc43416","2026-06-27 23:26:52.877","2026-07-27 03:06:00.740","d77893c7-be3f-4871-9a6d-a9582bc43416","[PREMIUM]","Used",2016,"Ford","Explorer","XLT","[PREMIUM]","[PREMIUM]",185803,"SUV","Ruby Red Metallic","Medium Light Camel","Four-wheel Drive",,,"Gasoline",,,"dealership","[PREMIUM]","Nampa","ID","[PREMIUM]",19,"[]",,,"[PREMIUM]"
"5e48f0f6-cff6-4596-851e-6e79c0b1bc68","2026-06-27 23:26:52.851","2026-07-01 06:50:26.194","5e48f0f6-cff6-4596-851e-6e79c0b1bc68","[PREMIUM]","Used",2017,"Kia","Soul","+","[PREMIUM]","[PREMIUM]",82698,"Wagon","Gray","BLACK","Rear-wheel Drive",,,"Gasoline",,,"dealership","[PREMIUM]","Irvine","CA","[PREMIUM]",25,"[]",,,"[PREMIUM]"
"10487aac-53dd-4e8b-9a13-7bcba0d35020","2026-06-27 23:26:52.850","2026-07-24 00:49:41.656","10487aac-53dd-4e8b-9a13-7bcba0d35020","[PREMIUM]","Used",2017,"Ford","Escape","S","[PREMIUM]","[PREMIUM]",72497,"SUV","White","Charcoal Black","Front-wheel Drive",,,"Gasoline",,,"dealership","[PREMIUM]","Willoughby","OH","[PREMIUM]",18,"[]",,,"[PREMIUM]"
"d894eac3-be51-4084-aea4-43297c0d0f36","2026-06-27 23:26:52.831","2026-07-27 03:06:00.151","d894eac3-be51-4084-aea4-43297c0d0f36","[PREMIUM]","Used",2015,"Chevrolet","Silverado 1500","LTZ","[PREMIUM]","[PREMIUM]",204788,"Truck","Silver Ice Metallic","Gray","Four-wheel Drive",,,"Gasoline",,,"dealership","[PREMIUM]","Bellevue","NE","[PREMIUM]",33,"[]",,,"[PREMIUM]"
"53a3d165-0943-4b8d-88d8-f23acb185cef","2026-06-27 23:26:52.713","2026-07-27 03:06:21.655","53a3d165-0943-4b8d-88d8-f23acb185cef","[PREMIUM]","Used",2016,"Ford","Edge","SEL","[PREMIUM]","[PREMIUM]",101000,"SUV","Shadow Black","Gray","All-wheel Drive",,,"Gasoline",,,"dealership","[PREMIUM]","Portland","OR","[PREMIUM]",35,"[]",,,"[PREMIUM]"
"cbc43e82-862f-45c1-a3f9-e044192655eb","2026-06-27 23:26:41.726","2026-07-04 16:48:10.592","cbc43e82-862f-45c1-a3f9-e044192655eb","[PREMIUM]","Used",2018,"Hyundai","Santa Fe Sport",,"[PREMIUM]","[PREMIUM]",128214,"SUV","White","TAN","Four-wheel Drive",,,"Gasoline",,,"dealership","[PREMIUM]","Hickory","NC","[PREMIUM]",25,"[]",,,"[PREMIUM]"
"5eab5a77-7dbe-47c5-81b3-cb60d6226b0b","2026-06-27 23:26:41.702","2026-07-14 07:35:05.102","5eab5a77-7dbe-47c5-81b3-cb60d6226b0b","[PREMIUM]","Used",2018,"Nissan","Rogue Sport","SV","[PREMIUM]","[PREMIUM]",96240,"SUV","Gun Metallic","Charcoal","All-wheel Drive",,,"Gasoline",,,"dealership","[PREMIUM]","Nashville","TN","[PREMIUM]",39,"[]",,,"[PREMIUM]"
"bfd03e09-b4c3-48b5-8e85-89472edafb96","2026-06-27 23:26:41.661","2026-07-27 03:06:33.062","bfd03e09-b4c3-48b5-8e85-89472edafb96","[PREMIUM]","Used",2018,"Audi","Q5","2.0T Tech Premium","[PREMIUM]","[PREMIUM]",107106,"SUV","Ibis White","Black","All-wheel Drive",,,"Gasoline",,,"dealership","[PREMIUM]","Portland","OR","[PREMIUM]",41,"[]",,,"[PREMIUM]"
"6cf2a042-c635-4150-ab1a-17708ca44215","2026-06-27 23:26:31.070","2026-06-27 23:26:31.070","6cf2a042-c635-4150-ab1a-17708ca44215","[PREMIUM]","Used",2019,"Hyundai","ELANTRA","SE","[PREMIUM]","[PREMIUM]",76086,"Sedan","Silver","GRAY","Rear-wheel Drive",,,"Gasoline",,,"dealership","[PREMIUM]","Montgomery","AL","[PREMIUM]",26,"[]",,,"[PREMIUM]"
"37aaf4fa-9111-44a4-8f65-5d9153852c9f","2026-06-27 23:26:31.059","2026-07-11 07:29:50.126","37aaf4fa-9111-44a4-8f65-5d9153852c9f","[PREMIUM]","Used",2019,"Chevrolet","Trax","LS","[PREMIUM]","[PREMIUM]",67223,"SUV","Silver","BLACK","Rear-wheel Drive",,,"Gasoline",,,"dealership","[PREMIUM]","Irvine","CA","[PREMIUM]",26,"[]",,,"[PREMIUM]"
"bd8ca86b-ef6b-455b-a227-7ddd1c9db8c9","2026-06-27 23:26:31.042","2026-06-27 23:26:31.042","bd8ca86b-ef6b-455b-a227-7ddd1c9db8c9","[PREMIUM]","Used",2020,"Hyundai","Accent","SE","[PREMIUM]","[PREMIUM]",78136,"Sedan","White","BLACK","Rear-wheel Drive",,,"Gasoline",,,"dealership","[PREMIUM]","Fayetteville","NC","[PREMIUM]",25,"[]",,,"[PREMIUM]"
"a4210be8-6888-40a8-896e-0590bc8664f0","2026-06-27 23:26:30.989","2026-06-27 23:26:30.989","a4210be8-6888-40a8-896e-0590bc8664f0","[PREMIUM]","Used",2022,"Mazda","Mazda3","FWD w/Select Package","[PREMIUM]","[PREMIUM]",83253,"Sedan","Machine Gray Metallic","Black","Front-wheel Drive",,,"Gasoline",,,"dealership","[PREMIUM]","Pittsburgh","PA","[PREMIUM]",17,"[]",,,"[PREMIUM]"
"4c481db4-3d69-4420-8fd6-6df78c9a315e","2026-06-27 23:26:09.035","2026-07-14 07:35:04.009","4c481db4-3d69-4420-8fd6-6df78c9a315e","[PREMIUM]","Used",2014,"BMW","228","I","[PREMIUM]","[PREMIUM]",98775,"Coupe","SILVER","Coral Red w/Black Highlight","Rear-wheel Drive",,,"Gasoline",,,"dealership","[PREMIUM]","Monroe","NC","[PREMIUM]",22,"[]",,,"[PREMIUM]"
"e3825166-a8e2-49a8-952e-450b48da29aa","2026-06-27 23:26:09.027","2026-07-27 03:06:21.641","e3825166-a8e2-49a8-952e-450b48da29aa","[PREMIUM]","Used",2007,"Volkswagen","New Beetle","2.5","[PREMIUM]","[PREMIUM]",42735,"Convertible","Blue","Gray","Front-wheel Drive",,,"Gasoline",,,"dealership","[PREMIUM]","Brea","CA","[PREMIUM]",48,"[]",,,"[PREMIUM]"
"40868e8f-2b41-4475-8e5a-0bed1d618eee","2026-06-27 23:26:09.019","2026-07-11 07:29:35.738","40868e8f-2b41-4475-8e5a-0bed1d618eee","[PREMIUM]","Used",2016,"Chevrolet","Cruze","LT Manual","[PREMIUM]","[PREMIUM]",80873,"Sedan","Silver Ice Metallic","Jet Black","Front-wheel Drive",,,"Gasoline",,,"dealership","[PREMIUM]","Akron","CO","[PREMIUM]",19,"[]",,,"[PREMIUM]"
"6476e215-8393-4390-b2ce-ac30fa624f3f","2026-06-27 23:26:09.019","2026-07-17 23:00:16.086","6476e215-8393-4390-b2ce-ac30fa624f3f","[PREMIUM]","Used",2016,"Land Rover","Discovery Sport","HSE","[PREMIUM]","[PREMIUM]",159439,"SUV","Black","Black","All-wheel Drive",,,"Gasoline",,,"dealership","[PREMIUM]","Addison","IL","[PREMIUM]",26,"[]",,,"[PREMIUM]"
"c9ea0cfa-6c60-477d-affd-83997f41a316","2026-06-27 23:26:09.015","2026-07-27 03:06:32.957","c9ea0cfa-6c60-477d-affd-83997f41a316","[PREMIUM]","Used",2008,"Acura","TL","3.2","[PREMIUM]","[PREMIUM]",126446,"Sedan","White","Gray","Front-wheel Drive",,,"Gasoline",,,"dealership","[PREMIUM]","Addison","IL","[PREMIUM]",23,"[]",,,"[PREMIUM]"
"c8873e33-f9d5-42cc-8048-d16c4029ee99","2026-06-27 23:26:09.003","2026-07-04 16:48:09.819","c8873e33-f9d5-42cc-8048-d16c4029ee99","[PREMIUM]","Used",2008,"Volkswagen","New Beetle","SE","[PREMIUM]","[PREMIUM]",113786,"Convertible","Red","Black","Front-wheel Drive",,,"Gasoline",,,"dealership","[PREMIUM]","Addison","IL","[PREMIUM]",20,"[]",,,"[PREMIUM]"
"58d26c76-38de-441c-8fe6-763c5733eb6c","2026-06-27 23:25:37.429","2026-07-07 17:12:01.933","58d26c76-38de-441c-8fe6-763c5733eb6c","[PREMIUM]","Used",2010,"Jeep","Liberty","Sport","[PREMIUM]","[PREMIUM]",32839,"SUV","Inferno Red Crystal Pearlcoat","Black","Four-wheel Drive",,,"Gasoline",,,"dealership","[PREMIUM]","Paterson","NJ","[PREMIUM]",50,"[]",,,"[PREMIUM]"
"7d1545c3-fa8b-478e-96b7-61c6a4fd2970","2026-06-27 23:25:37.427","2026-07-17 22:59:52.614","7d1545c3-fa8b-478e-96b7-61c6a4fd2970","[PREMIUM]","Used",2014,"Nissan","Juke","SV","[PREMIUM]","[PREMIUM]",83000,"SUV","Cayenne Red","Gray","Front-wheel Drive",,,"Gasoline",,,"dealership","[PREMIUM]","Marietta","GA","[PREMIUM]",18,"[]",,,"[PREMIUM]"
"c886227f-5db9-44a0-af64-63b2fada3793","2026-06-27 23:25:37.375","2026-06-27 23:25:37.375","c886227f-5db9-44a0-af64-63b2fada3793","[PREMIUM]","Used",2010,"Ford","Fusion","SE","[PREMIUM]","[PREMIUM]",79791,"Sedan","Brilliant Silver Metallic","Charcoal Black","Front-wheel Drive",,,"Gasoline",,,"dealership","[PREMIUM]","Farmington Hills","MI","[PREMIUM]",24,"[]",,,"[PREMIUM]"
"158b033a-c848-4689-8c2e-9385c1c61d25","2026-06-27 23:25:37.366","2026-07-27 03:05:38.677","158b033a-c848-4689-8c2e-9385c1c61d25","[PREMIUM]","Used",2012,"Lincoln","MKX","Base","[PREMIUM]","[PREMIUM]",150258,"SUV","Brown","Beige","All-wheel Drive",,,"Gasoline",,,"private","[PREMIUM]",,,"[PREMIUM]",10,"[]",,,"[PREMIUM]"
"331dab75-575c-40e9-9a3f-74aaae0c2a0d","2026-06-27 23:25:37.347","2026-06-27 23:25:37.347","331dab75-575c-40e9-9a3f-74aaae0c2a0d","[PREMIUM]","Used",2013,"Honda","Pilot","Touring","[PREMIUM]","[PREMIUM]",185750,"SUV","Polished Metal Metallic","Black","Four-wheel Drive",,,"Gasoline",,,"dealership","[PREMIUM]","Lancaster","SC","[PREMIUM]",18,"[]",,,"[PREMIUM]"
"ae1e9103-edd5-4f5b-961f-9c60f1b5c744","2026-06-27 23:25:17.035","2026-06-27 23:25:17.035","ae1e9103-edd5-4f5b-961f-9c60f1b5c744","[PREMIUM]","Used",2016,"Ford","F-150","XLT","[PREMIUM]","[PREMIUM]",280089,"Truck","Magnetic","Medium Earth Gray","Four-wheel Drive",,,"Gasoline",,,"dealership","[PREMIUM]","Michigan Center","MI","[PREMIUM]",30,"[]",,,"[PREMIUM]"
"70b21f6a-380f-417a-b4ec-96e7a58a91e1","2026-06-27 23:25:16.106","2026-07-04 16:47:56.463","70b21f6a-380f-417a-b4ec-96e7a58a91e1","[PREMIUM]","Used",2016,"Audi","A3","2.0T Premium","[PREMIUM]","[PREMIUM]",128135,"Sedan","Mythos Black Metallic","Black","All-wheel Drive",,,"Gasoline",,,"dealership","[PREMIUM]","Eugene","OR","[PREMIUM]",35,"[]",,,"[PREMIUM]"
"4529a69f-9933-4e16-ac84-0e717ad48165","2026-06-27 23:25:16.077","2026-07-11 07:29:36.101","4529a69f-9933-4e16-ac84-0e717ad48165","[PREMIUM]","Used",2016,"Chevrolet","Cruze","LT Auto","[PREMIUM]","[PREMIUM]",156320,"Sedan","Siren Red Tintcoat","Jet Black","Front-wheel Drive",,,"Gasoline",,,"dealership","[PREMIUM]","Oshkosh","WI","[PREMIUM]",24,"[]",,,"[PREMIUM]"
"2fce835c-895b-44a2-9264-af8f1dd82180","2026-06-27 23:25:16.017","2026-07-20 23:06:01.282","2fce835c-895b-44a2-9264-af8f1dd82180","[PREMIUM]","Used",2016,"Ford","Fiesta","SE","[PREMIUM]","[PREMIUM]",107687,"Sedan","Electric Spice Metallic","Black","Front-wheel Drive",,,"Gasoline",,,"dealership","[PREMIUM]","Ebensburg","PA","[PREMIUM]",23,"[]",,,"[PREMIUM]"
"5e166fec-ca99-459c-91fb-3e1b1387de8a","2026-06-27 23:25:15.878","2026-06-27 23:25:15.878","5e166fec-ca99-459c-91fb-3e1b1387de8a","[PREMIUM]","Used",2016,"Nissan","Sentra","S","[PREMIUM]","[PREMIUM]",112239,"Sedan","Brilliant Silver Metallic","Charcoal","Front-wheel Drive",,,"Gasoline",,,"dealership","[PREMIUM]","Kingwood","TX","[PREMIUM]",30,"[]",,,"[PREMIUM]"
"a0f391cc-436f-45f6-9c94-c9f6a47d24b6","2026-06-27 23:25:15.860","2026-07-01 06:50:00.254","a0f391cc-436f-45f6-9c94-c9f6a47d24b6","[PREMIUM]","Used",2016,"Kia","Optima","LX","[PREMIUM]","[PREMIUM]",158763,"Sedan","Ebony Black","Black","Front-wheel Drive",,,"Gasoline",,,"dealership","[PREMIUM]","Seymour","IN","[PREMIUM]",8,"[]",,,"[PREMIUM]"
"59226326-36e0-4f98-b004-25007e630be3","2026-06-27 23:25:15.834","2026-07-01 06:49:59.055","59226326-36e0-4f98-b004-25007e630be3","[PREMIUM]","Used",2016,"Buick","Enclave","Leather","[PREMIUM]","[PREMIUM]",123149,"SUV","Ebony Twilight Metallic","Ebony w/Ebony Accents","Front-wheel Drive",,,"Gasoline",,,"dealership","[PREMIUM]","Nixa","MO","[PREMIUM]",54,"[]",,,"[PREMIUM]"
"9cd4ce0d-363d-43c7-98e9-f3f3d1800cc9","2026-06-27 23:25:15.834","2026-07-07 17:11:50.896","9cd4ce0d-363d-43c7-98e9-f3f3d1800cc9","[PREMIUM]","Used",2016,"Subaru","Impreza","2.0i Sport Premium","[PREMIUM]","[PREMIUM]",172294,"Hatchback","Ice Silver Metallic","Black","All-wheel Drive",,,"Gasoline",,,"dealership","[PREMIUM]","Englewood","CO","[PREMIUM]",14,"[]",,,"[PREMIUM]"
"0b997c20-2292-4252-84c6-d78424e9cc04","2026-06-27 23:25:15.830","2026-07-27 03:05:39.562","0b997c20-2292-4252-84c6-d78424e9cc04","[PREMIUM]","Used",2016,"Nissan","Altima","2.5 SV","[PREMIUM]","[PREMIUM]",213573,"Sedan","Java Metallic","Beige","Front-wheel Drive",,,"Gasoline",,,"dealership","[PREMIUM]","Greer","SC","[PREMIUM]",12,"[]",,,"[PREMIUM]"
"8a7c7e05-60ae-4302-acac-138e014412a8","2026-06-27 23:25:15.825","2026-07-20 23:03:08.710","8a7c7e05-60ae-4302-acac-138e014412a8","[PREMIUM]","Used",2016,"Jeep","Cherokee","Limited","[PREMIUM]","[PREMIUM]",171728,"SUV","Granite Crystal Clearcoat Metallic","Black","Four-wheel Drive",,,"Gasoline",,,"dealership","[PREMIUM]","Florence","KY","[PREMIUM]",8,"[]",,,"[PREMIUM]"
"8d3a9a07-c70f-4cc2-9216-d52e0c02184c","2026-06-27 23:25:15.823","2026-07-20 23:03:08.736","8d3a9a07-c70f-4cc2-9216-d52e0c02184c","[PREMIUM]","Used",2016,"Nissan","Versa Note","SV","[PREMIUM]","[PREMIUM]",133434,"Hatchback","Cloud White","Charcoal","Front-wheel Drive",,,"Gasoline",,,"dealership","[PREMIUM]","Dillsburg","PA","[PREMIUM]",33,"[]",,,"[PREMIUM]"
"f588b320-23cd-48ca-a34b-fbc5bff334df","2026-06-27 23:25:15.810","2026-07-27 03:05:38.880","f588b320-23cd-48ca-a34b-fbc5bff334df","[PREMIUM]","Used",2016,"Kia","Optima","LX","[PREMIUM]","[PREMIUM]",178073,"Sedan","Ebony Black","Beige","Front-wheel Drive",,,"Gasoline",,,"dealership","[PREMIUM]","Atlanta","GA","[PREMIUM]",64,"[]",,,"[PREMIUM]"
"900d0222-e12c-4c43-98be-856e76188441","2026-06-27 23:25:15.808","2026-06-27 23:25:15.808","900d0222-e12c-4c43-98be-856e76188441","[PREMIUM]","Used",2016,"Jeep","Patriot","Sport","[PREMIUM]","[PREMIUM]",116438,"SUV","Bright White Clearcoat","Dark Slate Gray","Four-wheel Drive",,,"Gasoline",,,"dealership","[PREMIUM]","Janesville","WI","[PREMIUM]",4,"[]",,,"[PREMIUM]"
"dbf4b366-f010-4a72-b916-051d78d7fc94","2026-06-27 23:25:15.808","2026-07-20 23:06:01.343","dbf4b366-f010-4a72-b916-051d78d7fc94","[PREMIUM]","Used",2016,"Chevrolet","Traverse","1LT","[PREMIUM]","[PREMIUM]",132587,"SUV","Summit White","Ebony","Front-wheel Drive",,,"Gasoline",,,"dealership","[PREMIUM]","Irving","TX","[PREMIUM]",39,"[]",,,"[PREMIUM]"
"708316ff-ba7b-4ae5-9c92-50441ec38ce7","2026-06-27 23:25:15.799","2026-07-25 01:45:35.564","708316ff-ba7b-4ae5-9c92-50441ec38ce7","[PREMIUM]","Used",2016,"Jeep","Renegade","75th Anniversary","[PREMIUM]","[PREMIUM]",107877,"SUV","Omaha Orange","Black","Four-wheel Drive",,,"Gasoline",,,"dealership","[PREMIUM]","Middle Village","NY","[PREMIUM]",29,"[]",,,"[PREMIUM]"
"31814e48-fc51-4cf8-86cf-d946bdf9d888","2026-06-27 23:25:15.797","2026-06-27 23:25:15.797","31814e48-fc51-4cf8-86cf-d946bdf9d888","[PREMIUM]","Used",2016,"Ford","Fiesta","ST","[PREMIUM]","[PREMIUM]",150990,"Hatchback","Shadow Black","Black","Front-wheel Drive",,,"Gasoline",,,"dealership","[PREMIUM]","Hazelwood","MO","[PREMIUM]",2,"[]",,,"[PREMIUM]"
"136a68bf-e933-417c-b5b1-4adc3eb24c7c","2026-06-27 23:25:15.796","2026-07-14 07:34:59.333","136a68bf-e933-417c-b5b1-4adc3eb24c7c","[PREMIUM]","Used",2016,"Jeep","Patriot","High Altitude Edition","[PREMIUM]","[PREMIUM]",109839,"SUV","True Blue Pearlcoat","Dark Slate Gray","Front-wheel Drive",,,"Gasoline",,,"dealership","[PREMIUM]","Indianapolis","IN","[PREMIUM]",34,"[]",,,"[PREMIUM]"
"42316275-4099-4b82-894b-599d0990ef2c","2026-06-27 23:25:15.794","2026-07-27 03:05:38.736","42316275-4099-4b82-894b-599d0990ef2c","[PREMIUM]","Used",2016,"Jeep","Cherokee","Latitude","[PREMIUM]","[PREMIUM]",162504,"SUV",,,"Four-wheel Drive",,,"Gasoline",,,"dealership","[PREMIUM]","Knoxville","TN","[PREMIUM]",35,"[]",,,"[PREMIUM]"
"fbf1bab6-09dd-4891-8ec2-017880f368da","2026-06-27 23:25:15.794","2026-07-01 06:49:59.047","fbf1bab6-09dd-4891-8ec2-017880f368da","[PREMIUM]","Used",2016,"Hyundai","SONATA","SE","[PREMIUM]","[PREMIUM]",96243,"Sedan","Shale Gray Metallic","Gray","Front-wheel Drive",,,"Gasoline",,,"dealership","[PREMIUM]","Ocean","NJ","[PREMIUM]",35,"[]",,,"[PREMIUM]"
"a797ef03-9c37-455c-91bb-f813b0fc0513","2026-06-27 23:25:15.793","2026-07-27 03:05:38.705","a797ef03-9c37-455c-91bb-f813b0fc0513","[PREMIUM]","Used",2016,"Nissan","NV Cargo NV2500 HD","SV V6","[PREMIUM]","[PREMIUM]",143184,"Cargo Van",,"Gray","Rear-wheel Drive",,,"Gasoline",,,"dealership","[PREMIUM]","Plainfield","NJ","[PREMIUM]",34,"[]",,,"[PREMIUM]"
"87b2433d-460e-4baa-ab8d-ce08c105c400","2026-06-27 23:25:15.776","2026-07-07 17:11:50.684","87b2433d-460e-4baa-ab8d-ce08c105c400","[PREMIUM]","Used",2016,"Hyundai","ELANTRA","SE","[PREMIUM]","[PREMIUM]",125631,"Sedan","Black","Tan","Front-wheel Drive",,,"Gasoline",,,"dealership","[PREMIUM]","Indianapolis","IN","[PREMIUM]",36,"[]",,,"[PREMIUM]"
"4a938c1b-c5d5-4ddf-a43e-7466e2a5763d","2026-06-27 23:25:15.767","2026-07-27 03:05:38.974","4a938c1b-c5d5-4ddf-a43e-7466e2a5763d","[PREMIUM]","Used",2016,"Jeep","Compass","Sport","[PREMIUM]","[PREMIUM]",133426,"SUV","Granite Crystal Clearcoat Metallic","Black","Four-wheel Drive",,,"Gasoline",,,"dealership","[PREMIUM]","Columbiana","OH","[PREMIUM]",30,"[]",,,"[PREMIUM]"
"80ba00e6-7698-4793-86e1-0b911716402b","2026-06-27 23:25:15.757","2026-07-24 00:49:39.704","80ba00e6-7698-4793-86e1-0b911716402b","[PREMIUM]","Used",2016,"Ford","Fusion Energi","Titanium","[PREMIUM]","[PREMIUM]",139563,"Sedan","Black","Black","Front-wheel Drive",,,"Hybrid",,,"dealership","[PREMIUM]","Fredericksburg","VA","[PREMIUM]",32,"[]",,,"[PREMIUM]"
"249cac69-6fe4-4efc-803c-1b378fe93d74","2026-06-27 23:25:15.748","2026-07-25 01:45:35.350","249cac69-6fe4-4efc-803c-1b378fe93d74","[PREMIUM]","Used",2016,"Jeep","Patriot","Sport","[PREMIUM]","[PREMIUM]",129522,"SUV","Bright White Clearcoat","Gray","Front-wheel Drive",,,"Gasoline",,,"dealership","[PREMIUM]","Chicago","IL","[PREMIUM]",4,"[]",,,"[PREMIUM]"
"02b082f3-5ff8-4d0b-9fa8-a6154ce77ab9","2026-06-27 23:25:15.734","2026-07-27 03:05:06.912","02b082f3-5ff8-4d0b-9fa8-a6154ce77ab9","[PREMIUM]","Used",2016,"Dodge","Grand Caravan","SXT","[PREMIUM]","[PREMIUM]",118940,"Passenger Van",,,"Front-wheel Drive",,,,,,"dealership","[PREMIUM]","Delran","NJ","[PREMIUM]",29,"[]",,,"[PREMIUM]"
"b90a1baf-3e3c-483c-9885-267be125fa40","2026-06-27 23:25:15.725","2026-06-27 23:25:15.725","b90a1baf-3e3c-483c-9885-267be125fa40","[PREMIUM]","Used",2016,"Ford","Fusion","SE","[PREMIUM]","[PREMIUM]",110000,"Sedan","Deep Impact Blue","Ebony","Front-wheel Drive",,,"Gasoline",,,"dealership","[PREMIUM]","St Cloud","MN","[PREMIUM]",38,"[]",,,"[PREMIUM]"
"6fe5ebb8-8acc-459c-8f68-31013ca08945","2026-06-27 23:25:04.477","2026-06-27 23:25:04.477","6fe5ebb8-8acc-459c-8f68-31013ca08945","[PREMIUM]","Used",2017,"Mitsubishi","Outlander","SEL S-AWC","[PREMIUM]","[PREMIUM]",123117,"SUV","Quartz Brown Metallic","Beige","Four-wheel Drive",,,"Gasoline",,,"dealership","[PREMIUM]","Woodbridge","VA","[PREMIUM]",7,"[]",,,"[PREMIUM]"
"96cf894a-bda7-4f74-9f62-118dcf91c3a4","2026-06-27 23:24:54.110","2026-07-27 03:05:06.982","96cf894a-bda7-4f74-9f62-118dcf91c3a4","[PREMIUM]","Used",2020,"Chevrolet","Malibu","FWD LT","[PREMIUM]","[PREMIUM]",134507,"Sedan","Gray","Black","Front-wheel Drive",,,"Gasoline",,,"dealership","[PREMIUM]","Chantilly","VA","[PREMIUM]",62,"[]",,,"[PREMIUM]"
"0be494dc-c3a1-42fd-8acb-458f5a66ef2f","2026-06-27 23:24:33.049","2026-07-11 07:29:21.317","0be494dc-c3a1-42fd-8acb-458f5a66ef2f","[PREMIUM]","Used",2016,"Kia","Sportage","EX","[PREMIUM]","[PREMIUM]",177991,"SUV","Clear White","Black","All-wheel Drive",,,"Gasoline",,,"dealership","[PREMIUM]","Woodbridge","VA","[PREMIUM]",32,"[]",,,"[PREMIUM]"
"546e3963-e800-4de3-99f3-c28b4d3cd991","2026-06-27 23:24:32.898","2026-07-27 03:04:44.489","546e3963-e800-4de3-99f3-c28b4d3cd991","[PREMIUM]","Used",2010,"Ford","Escape","XLT","[PREMIUM]","[PREMIUM]",156000,"SUV","White","Brown","Four-wheel Drive",,,"E85 Flex Fuel",,,"private","[PREMIUM]",,,"[PREMIUM]",11,"[]",,,"[PREMIUM]"
"6a5e8e46-86e6-4892-8c0e-12ea191a5fa9","2026-06-27 23:24:11.559","2026-07-27 03:05:06.896","6a5e8e46-86e6-4892-8c0e-12ea191a5fa9","[PREMIUM]","Used",2011,"Subaru","Forester","2.5 X","[PREMIUM]","[PREMIUM]",153209,"SUV","Red","Gray","All-wheel Drive",,,"Gasoline",,,"dealership","[PREMIUM]","Chantilly","VA","[PREMIUM]",52,"[]",,,"[PREMIUM]"
"5507699d-744b-45fe-9379-e0697f43bd5a","2026-06-27 23:16:34.714","2026-07-27 01:59:38.597","5507699d-744b-45fe-9379-e0697f43bd5a","[PREMIUM]","Used",2017,"Rolls-Royce","Dawn",,"[PREMIUM]","[PREMIUM]",15389,"Convertible","Gray","Black","Rear-wheel Drive",,,"Gasoline",,,"dealership","[PREMIUM]","Staten Island","NY","[PREMIUM]",73,"[]",,,"[PREMIUM]"
"fcbd8847-43c9-4d38-b6a4-4dd27d390aba","2026-06-27 23:16:21.825","2026-07-27 01:59:38.616","fcbd8847-43c9-4d38-b6a4-4dd27d390aba","[PREMIUM]","Used",2022,"Porsche","718 Spyder","Base","[PREMIUM]","[PREMIUM]",10339,"Convertible","Black","Black","Rear-wheel Drive",,,"Gasoline",,,"dealership","[PREMIUM]","Austin","TX","[PREMIUM]",28,"[]",,,"[PREMIUM]"
"2086cd9b-9343-4db4-b8ff-e8613ad096a2","2026-06-27 23:16:21.352","2026-07-27 01:59:26.380","2086cd9b-9343-4db4-b8ff-e8613ad096a2","[PREMIUM]","Used",2026,"BMW","X5 M","Base","[PREMIUM]","[PREMIUM]",1557,"SUV","Alpine White","Black","All-wheel Drive",,,"Gasoline",,,"dealership","[PREMIUM]","Fairfax","VA","[PREMIUM]",31,"[]",,,"[PREMIUM]"
"6b131f27-bf1e-45b7-a64d-854d1e734ac0","2026-06-27 23:16:19.880","2026-07-27 01:59:38.710","6b131f27-bf1e-45b7-a64d-854d1e734ac0","[PREMIUM]","Used",2024,"Porsche","Panamera","Base","[PREMIUM]","[PREMIUM]",5054,"Hatchback","Volcano Grey Metallic","Black","Rear-wheel Drive",,,"Gasoline",,,"dealership","[PREMIUM]","Miami","FL","[PREMIUM]",34,"[]",,,"[PREMIUM]"
"ae174406-98db-4b48-876f-ccc0bdf169aa","2026-06-27 23:16:19.831","2026-07-27 01:59:38.642","ae174406-98db-4b48-876f-ccc0bdf169aa","[PREMIUM]","Used",2025,"Ford","Bronco","Badlands","[PREMIUM]","[PREMIUM]",1608,"SUV","Shadow Black","Black Onyx","Four-wheel Drive",,,"Gasoline",,,"dealership","[PREMIUM]","Fort Lauderdale","FL","[PREMIUM]",90,"[]",,,"[PREMIUM]"
"b159df10-f4ae-49c8-b729-e41fb7fbca97","2026-06-27 23:15:53.733","2026-07-01 05:12:45.442","b159df10-f4ae-49c8-b729-e41fb7fbca97","[PREMIUM]","Used",2020,"Chevrolet","Corvette","Stingray w/3LT","[PREMIUM]","[PREMIUM]",15442,"Coupe","Ceramic White","Morello Red Dipped","Rear-wheel Drive",,,"Gasoline",,,"dealership","[PREMIUM]","Lexington","NC","[PREMIUM]",11,"[]",,,"[PREMIUM]"
"b2fb5ee3-67c7-40da-a982-623adbde1aea","2026-06-27 23:15:51.799","2026-07-17 21:28:24.734","b2fb5ee3-67c7-40da-a982-623adbde1aea","[PREMIUM]","Used",2024,"Ford","F-150","Lariat","[PREMIUM]","[PREMIUM]",12075,"Truck","Star White Metallic Tri-Coat","Black","Four-wheel Drive",,,"Gasoline",,,"dealership","[PREMIUM]","Fort Lauderdale","FL","[PREMIUM]",99,"[]",,,"[PREMIUM]"
"f6ae6bb0-2ca8-4306-a383-7080ecba821e","2026-06-27 23:15:51.373","2026-07-27 01:59:11.086","f6ae6bb0-2ca8-4306-a383-7080ecba821e","[PREMIUM]","New",2026,"GMC","HUMMER EV SUV","2X","[PREMIUM]","[PREMIUM]",6,"SUV","Meteorite Metallic (Gray)","Granite Drift","All-wheel Drive",,,"Electric",,,"dealership","[PREMIUM]","Stuart","FL","[PREMIUM]",32,"[]",,,"[PREMIUM]"
"6fa98eaf-15fe-4151-a470-b29fb9ee0b44","2026-06-27 23:15:24.135","2026-07-27 01:59:08.613","6fa98eaf-15fe-4151-a470-b29fb9ee0b44","[PREMIUM]","Used",2022,"Lexus","LC 500","Base","[PREMIUM]","[PREMIUM]",50966,"Convertible","Infrared","Toasted Caramel/Black Top","Rear-wheel Drive",,,"Gasoline",,,"dealership","[PREMIUM]","Schaumburg","IL","[PREMIUM]",40,"[]",,,"[PREMIUM]"
"02822b2c-e366-4cca-bffe-3bc6f6104bb4","2026-06-27 23:15:11.353","2026-07-27 01:58:54.719","02822b2c-e366-4cca-bffe-3bc6f6104bb4","[PREMIUM]","New",2026,"GMC","Sierra 2500","Denali","[PREMIUM]","[PREMIUM]",6,"Truck","Titanium Rush Metallic","Atmosphere/Brownstone","Four-wheel Drive",,,"Diesel",,,"dealership","[PREMIUM]","Stuart","FL","[PREMIUM]",16,"[]",,,"[PREMIUM]"
"ee52f7ff-47f4-46cd-b7d9-49161e66ad67","2026-06-27 23:14:45.766","2026-07-27 01:58:53.837","ee52f7ff-47f4-46cd-b7d9-49161e66ad67","[PREMIUM]","New",2026,"Chevrolet","Suburban","Premier","[PREMIUM]","[PREMIUM]",6,"SUV","Sterling Gray Metallic","Jet Black","Four-wheel Drive",,,"Gasoline",,,"dealership","[PREMIUM]","Springfield","MO","[PREMIUM]",31,"[]",,,"[PREMIUM]"
"3c7ef74a-63c4-4db5-98ff-cdac39bcf3ed","2026-06-27 23:14:45.494","2026-07-27 01:58:52.947","3c7ef74a-63c4-4db5-98ff-cdac39bcf3ed","[PREMIUM]","New",2026,"GMC","Yukon XL","Denali","[PREMIUM]","[PREMIUM]",5,"SUV","Downpour Metallic","Teak/Light Shale","Four-wheel Drive",,,"Gasoline",,,"dealership","[PREMIUM]","Stuart","FL","[PREMIUM]",32,"[]",,,"[PREMIUM]"
"dbda880f-81cf-48ab-aa41-2ced98dc513b","2026-06-27 23:14:45.485","2026-07-11 06:40:51.067","dbda880f-81cf-48ab-aa41-2ced98dc513b","[PREMIUM]","New",2026,"GMC","Yukon","4WD AT4","[PREMIUM]","[PREMIUM]",3,"SUV","Midnight Pine","Forest Storm w/Mahogany Accents","Four-wheel Drive",,,"Gasoline",,,"dealership","[PREMIUM]","San Antonio","TX","[PREMIUM]",24,"[]",,,"[PREMIUM]"
"9becd582-81a9-4020-ba88-6e611b8b774b","2026-06-27 23:14:20.679","2026-07-07 15:17:28.018","9becd582-81a9-4020-ba88-6e611b8b774b","[PREMIUM]","Used",2024,"Ford","F-250","Limited","[PREMIUM]","[PREMIUM]",16421,"Truck","Star White Metallic Tri-Coat","Admiral Blue/Light Slate","Four-wheel Drive",,,"Diesel",,,"dealership","[PREMIUM]","Travelers Rest","SC","[PREMIUM]",32,"[]",,,"[PREMIUM]"
"73fc3eeb-ceb9-486b-8fcb-304bb7b81116","2026-06-27 23:14:20.538","2026-07-14 06:45:46.443","73fc3eeb-ceb9-486b-8fcb-304bb7b81116","[PREMIUM]","Used",2022,"Cadillac","CT5-V","V-Series Blackwing","[PREMIUM]","[PREMIUM]",24290,"Sedan","Wave Metallic","Sky Cool Gray w/Jet Black Accents","Rear-wheel Drive",,,"Gasoline",,,"dealership","[PREMIUM]","Tampa","FL","[PREMIUM]",42,"[]",,,"[PREMIUM]"
"a7538fc2-e366-47aa-a110-95b8e145e4ef","2026-06-27 23:13:39.277","2026-07-27 01:58:05.855","a7538fc2-e366-47aa-a110-95b8e145e4ef","[PREMIUM]","New",2026,"RAM","3500","Laramie Crew Cab 4x4 8&#39; Box","[PREMIUM]","[PREMIUM]",0,"Truck","Ceramic Gray Clearcoat","Black","Four-wheel Drive",,,"Diesel",,,"dealership","[PREMIUM]","Richmond","KY","[PREMIUM]",1,"[]",,,"[PREMIUM]"
"3f7e3c0c-eb81-48e6-acc0-728c359a67e8","2026-06-27 23:13:39.243","2026-07-07 15:16:13.353","3f7e3c0c-eb81-48e6-acc0-728c359a67e8","[PREMIUM]","New",2026,"Toyota","Tundra Hybrid","TRD Pro","[PREMIUM]","[PREMIUM]",3,"Truck","Ice Cap","Black","Four-wheel Drive",,,"Hybrid",,,"dealership","[PREMIUM]","Springfield","PA","[PREMIUM]",23,"[]",,,"[PREMIUM]"
"1bcca89c-5a6b-4eac-967b-bbe810a211db","2026-06-27 23:13:00.727","2026-07-14 06:44:55.310","1bcca89c-5a6b-4eac-967b-bbe810a211db","[PREMIUM]","New",2026,"Chevrolet","Silverado 2500","Crew Cab, Standard Bed, XR2, 4WD","[PREMIUM]","[PREMIUM]",2,"Truck","Sterling Gray Metallic","Jet Black/Graystone","Four-wheel Drive",,,"Gasoline",,,"dealership","[PREMIUM]","Springfield","MO","[PREMIUM]",30,"[]",,,"[PREMIUM]"
"db522fcc-3ee0-4db3-b46d-616c815eb6a4","2026-06-27 23:13:00.674","2026-07-01 05:09:28.175","db522fcc-3ee0-4db3-b46d-616c815eb6a4","[PREMIUM]","New",2026,"Chevrolet","Silverado 2500","LT","[PREMIUM]","[PREMIUM]",0,"Truck","Cypress Gray","Jet Black","Four-wheel Drive",,,"Diesel",,,"dealership","[PREMIUM]","Honolulu","HI","[PREMIUM]",15,"[]",,,"[PREMIUM]"
"5efdde92-4ba7-4a8b-8bab-6ced7182b090","2026-06-27 23:13:00.666","2026-07-27 01:57:52.561","5efdde92-4ba7-4a8b-8bab-6ced7182b090","[PREMIUM]","New",2026,"Mercedes-Benz","GLE 350","4MATIC","[PREMIUM]","[PREMIUM]",0,"SUV","Cirrus Silver Metallic","Black Mb-Tex","All-wheel Drive",,,"M",,,"dealership","[PREMIUM]","Saint Charles","IL","[PREMIUM]",32,"[]",,,"[PREMIUM]"
"f3d75a06-28a5-47e2-bfce-f0f70d84aaf4","2026-06-27 23:12:35.911","2026-07-14 06:44:40.936","f3d75a06-28a5-47e2-bfce-f0f70d84aaf4","[PREMIUM]","New",2026,"GMC","Sierra 1500","Denali","[PREMIUM]","[PREMIUM]",4,"Truck","Glacier White Tricoat","Atmosphere/Brownstone","Four-wheel Drive",,,"Gasoline",,,"dealership","[PREMIUM]","San Antonio","TX","[PREMIUM]",32,"[]",,,"[PREMIUM]"
"8d30d4d9-5aa9-4b65-8ac2-766caf9d9437","2026-06-27 23:12:35.887","2026-07-27 01:57:51.699","8d30d4d9-5aa9-4b65-8ac2-766caf9d9437","[PREMIUM]","Used",2024,"Ford","F-150","Raptor","[PREMIUM]","[PREMIUM]",47209,"Truck","OXFORD WHITE","BLACK LEATHER BUCKET SEATS","Four-wheel Drive",,,"Gasoline",,,"dealership","[PREMIUM]","Odessa","TX","[PREMIUM]",25,"[]",,,"[PREMIUM]"
"54c2f5c4-e95a-45d8-a5fc-0e225f2e802f","2026-06-27 23:12:35.771","2026-07-11 06:39:21.707","54c2f5c4-e95a-45d8-a5fc-0e225f2e802f","[PREMIUM]","Used",2024,"Chevrolet","Suburban","4WD High Country","[PREMIUM]","[PREMIUM]",29142,"SUV","Sterling Gray Metallic","Jet Black","Four-wheel Drive",,,"Gasoline",,,"dealership","[PREMIUM]","Richmond","KY","[PREMIUM]",74,"[]",,,"[PREMIUM]"
"cfc53671-a25b-4e8d-897b-7d4cbcb47e0e","2026-06-27 23:12:35.658","2026-07-04 15:00:29.382","cfc53671-a25b-4e8d-897b-7d4cbcb47e0e","[PREMIUM]","New",2026,"Toyota","Tundra","1794 Edition","[PREMIUM]","[PREMIUM]",5,"Truck","Lunar Rock","Saddle Tan","Four-wheel Drive",,,"Gasoline",,,"dealership","[PREMIUM]","Peoria","AZ","[PREMIUM]",5,"[]",,,"[PREMIUM]"
"09f3e0fb-379a-44bc-8957-b2610b73666c","2026-06-27 23:12:35.637","2026-07-27 01:57:51.059","09f3e0fb-379a-44bc-8957-b2610b73666c","[PREMIUM]","New",2026,"GMC","Sierra 2500","SLE","[PREMIUM]","[PREMIUM]",5,"Truck","Coastal Dune","Jet Black","Four-wheel Drive",,,"Diesel",,,"dealership","[PREMIUM]","San Antonio","TX","[PREMIUM]",32,"[]",,,"[PREMIUM]"
"a3cd4a38-67f0-4dfb-9dad-7961950a35af","2026-06-27 23:12:35.496","2026-07-27 01:57:50.699","a3cd4a38-67f0-4dfb-9dad-7961950a35af","[PREMIUM]","New",2026,"Jeep","Grand Wagoneer L","Limited Altitude 4x4","[PREMIUM]","[PREMIUM]",0,"SUV","Bright White Clearcoat","Global Black","Four-wheel Drive",,,"Gasoline",,,"dealership","[PREMIUM]","Richmond","KY","[PREMIUM]",16,"[]",,,"[PREMIUM]"
"6320f9de-9d95-427c-a90b-f77688a8197c","2026-06-27 23:12:35.416","2026-07-23 23:19:53.651","6320f9de-9d95-427c-a90b-f77688a8197c","[PREMIUM]","New",2026,"Jeep","Grand Wagoneer","85th Anniversary Edition 4x4","[PREMIUM]","[PREMIUM]",0,"SUV","Bright White Clearcoat","Global Black","Four-wheel Drive",,,"Gasoline",,,"dealership","[PREMIUM]","Richmond","KY","[PREMIUM]",15,"[]",,,"[PREMIUM]"
"c80018e7-cda6-4e4d-ab2f-3785d064f9af","2026-06-27 23:11:59.804","2026-07-27 01:57:35.171","c80018e7-cda6-4e4d-ab2f-3785d064f9af","[PREMIUM]","New",2026,"RAM","1500","RHO Crew Cab 4x4 5&#39;7&#39; Box","[PREMIUM]","[PREMIUM]",0,"Truck","Molten Red Pearl-Coat Exterior Paint","Black Interior Color","Four-wheel Drive",,,"Gasoline",,,"dealership","[PREMIUM]","Platteville","WI","[PREMIUM]",30,"[]",,,"[PREMIUM]"
"d3cea905-5224-4375-9fab-4e2ab45fb51b","2026-06-27 23:11:59.468","2026-07-11 06:38:52.296","d3cea905-5224-4375-9fab-4e2ab45fb51b","[PREMIUM]","Used",2021,"Cadillac","Escalade","Sport","[PREMIUM]","[PREMIUM]",31066,"SUV","Satin Steel Metallic","Jet Black","Four-wheel Drive",,,"Gasoline",,,"dealership","[PREMIUM]","Reno","NV","[PREMIUM]",47,"[]",,,"[PREMIUM]"
"304cc71e-0c2f-4ab1-a9d5-23e11c9ef2fe","2026-06-27 23:11:59.439","2026-07-27 01:57:35.014","304cc71e-0c2f-4ab1-a9d5-23e11c9ef2fe","[PREMIUM]","Used",2023,"Ford","Bronco","Raptor 4 Door Advanced 4x4","[PREMIUM]","[PREMIUM]",6903,"SUV","Azure Gray Metallic Tri-Coat","Blue w/Black Onyx","Four-wheel Drive",,,"Gasoline",,,"dealership","[PREMIUM]","Delray Beach","FL","[PREMIUM]",35,"[]",,,"[PREMIUM]"
"6d2f69ee-62b6-4754-acc4-7876d8db950f","2026-06-27 23:11:59.399","2026-07-11 06:38:51.508","6d2f69ee-62b6-4754-acc4-7876d8db950f","[PREMIUM]","New",2026,"GMC","Sierra 1500","Elevation","[PREMIUM]","[PREMIUM]",6,"Truck","Onyx Black","Jet Black","Four-wheel Drive",,,"Gasoline",,,"dealership","[PREMIUM]","Dubuque","IA","[PREMIUM]",18,"[]",,,"[PREMIUM]"
"090a1956-cf1f-4b9c-9a85-03446a4896d6","2026-06-27 23:11:59.303","2026-07-11 06:39:03.763","090a1956-cf1f-4b9c-9a85-03446a4896d6","[PREMIUM]","New",2026,"Lexus","RX 350h","Premium+","[PREMIUM]","[PREMIUM]",0,"SUV","Nori Green Pearl","Birch W/ Black Open-Pore Wood Trim (lb11)","All-wheel Drive",,,"Gasoline",,,"dealership","[PREMIUM]","Schaumburg","IL","[PREMIUM]",13,"[]",,,"[PREMIUM]"
"324c57c0-c120-4edb-8264-dd9844497aaf","2026-06-27 23:11:59.302","2026-06-27 23:11:59.302","324c57c0-c120-4edb-8264-dd9844497aaf","[PREMIUM]","Used",2024,"Ford","F-250","Lariat","[PREMIUM]","[PREMIUM]",18485,"Truck","Gray","BLACK","Four-wheel Drive",,,"Gasoline",,,"dealership","[PREMIUM]","Hartford","CT","[PREMIUM]",21,"[]",,,"[PREMIUM]"
"0ca2abee-2111-41f0-9482-20d3d5d1a264","2026-06-27 23:11:59.255","2026-07-07 15:10:53.066","0ca2abee-2111-41f0-9482-20d3d5d1a264","[PREMIUM]","New",2026,"Ford","Mustang","Dark Horse","[PREMIUM]","[PREMIUM]",3,"Coupe","Shadow Black","Black / Blue","Rear-wheel Drive",,,"Gasoline",,,"dealership","[PREMIUM]","Hawthorne","CA","[PREMIUM]",22,"[]",,,"[PREMIUM]"
"061f0379-0066-47d9-9cdf-3519afdc96f2","2026-06-27 23:11:59.248","2026-07-23 23:19:26.489","061f0379-0066-47d9-9cdf-3519afdc96f2","[PREMIUM]","New",2026,"Chevrolet","Silverado 2500","LT","[PREMIUM]","[PREMIUM]",2,"Truck","Black","Jet Black","Four-wheel Drive",,,"Gasoline",,,"dealership","[PREMIUM]","Springfield","MO","[PREMIUM]",30,"[]",,,"[PREMIUM]"
"15f33580-fffc-472e-9606-b9ed9e0b5395","2026-06-27 23:11:59.241","2026-07-07 15:10:53.868","15f33580-fffc-472e-9606-b9ed9e0b5395","[PREMIUM]","New",2026,"Chevrolet","Silverado 2500","LT","[PREMIUM]","[PREMIUM]",2,"Truck","Summit White","Jet Black","Four-wheel Drive",,,"Gasoline",,,"dealership","[PREMIUM]","Springfield","MO","[PREMIUM]",30,"[]",,,"[PREMIUM]"
"9b8337eb-9e01-47ec-af75-e37acdcb4a01","2026-06-27 23:11:59.234","2026-07-27 01:57:19.341","9b8337eb-9e01-47ec-af75-e37acdcb4a01","[PREMIUM]","New",2026,"Toyota","Tundra","Platinum","[PREMIUM]","[PREMIUM]",6,"Truck","Magnetic Gray Metallic","Black","Four-wheel Drive",,,"Gasoline",,,"dealership","[PREMIUM]","Peoria","AZ","[PREMIUM]",5,"[]",,,"[PREMIUM]"
"5dbb6c6e-cd39-438b-bfd4-693a84bce62c","2026-06-27 23:11:33.151","2026-07-27 01:57:20.727","5dbb6c6e-cd39-438b-bfd4-693a84bce62c","[PREMIUM]","New",2026,"GMC","Sierra 1500","AT4","[PREMIUM]","[PREMIUM]",3,"Truck","Summit White","Jet Black w/Kalahari Accents","Four-wheel Drive",,,"Gasoline",,,"dealership","[PREMIUM]","West Plains","MO","[PREMIUM]",32,"[]",,,"[PREMIUM]"
"d22488cc-496f-41f5-9c9a-279f186d9ced","2026-06-27 23:11:33.033","2026-07-27 01:57:34.325","d22488cc-496f-41f5-9c9a-279f186d9ced","[PREMIUM]","New",2026,"Toyota","4Runner Hybrid","Platinum","[PREMIUM]","[PREMIUM]",3,"SUV","Supersonic Red","Dark Navy","Four-wheel Drive",,,"Hybrid",,,"dealership","[PREMIUM]","Springfield","PA","[PREMIUM]",24,"[]",,,"[PREMIUM]"
"484c051d-d1bc-4a70-9b10-16d6321df2d1","2026-06-27 23:11:31.953","2026-07-07 15:10:26.954","484c051d-d1bc-4a70-9b10-16d6321df2d1","[PREMIUM]","Used",2025,"Ford","Mustang","GT Premium","[PREMIUM]","[PREMIUM]",3651,"Coupe","Oxford White","Carmine","Rear-wheel Drive",,,"Gasoline",,,"dealership","[PREMIUM]","Hawthorne","CA","[PREMIUM]",23,"[]",,,"[PREMIUM]"
"852602c4-6430-43cc-8e32-ff8442dbb4ae","2026-06-27 23:11:31.936","2026-07-27 01:57:33.253","852602c4-6430-43cc-8e32-ff8442dbb4ae","[PREMIUM]","New",2026,"Genesis","GV70","2.5T Sport Prestige","[PREMIUM]","[PREMIUM]",8,"SUV","Alta White","Sevilla Red/Obsidian Blk","All-wheel Drive",,,"Gasoline",,,"dealership","[PREMIUM]","ROUND ROCK","TX","[PREMIUM]",24,"[]",,,"[PREMIUM]"
"d4c5736f-d80b-405b-a926-023bdbcdd17b","2026-06-27 23:11:31.889","2026-07-27 01:57:32.920","d4c5736f-d80b-405b-a926-023bdbcdd17b","[PREMIUM]","Used",2025,"BMW","X5","xDrive40i","[PREMIUM]","[PREMIUM]",17576,"SUV","Carbon Black Metallic","Silverstone","All-wheel Drive",,,"Gasoline",,,"dealership","[PREMIUM]","Bloomfield Township","MI","[PREMIUM]",29,"[]",,,"[PREMIUM]"
"490b86e7-b2d8-4515-9331-d9eca2d06e80","2026-06-27 23:11:31.849","2026-06-27 23:11:31.849","490b86e7-b2d8-4515-9331-d9eca2d06e80","[PREMIUM]","Used",2023,"Tesla","Model X",,"[PREMIUM]","[PREMIUM]",45668,"SUV","White","WHITE","Four-wheel Drive",,,"Electric",,,"dealership","[PREMIUM]","Puyallup","WA","[PREMIUM]",27,"[]",,,"[PREMIUM]"
"b777fea4-b6ca-4f50-b570-68d0f56b6910","2026-06-27 23:11:31.810","2026-07-27 01:57:20.678","b777fea4-b6ca-4f50-b570-68d0f56b6910","[PREMIUM]","New",2026,"Chevrolet","Silverado 1500","LT Trail Boss","[PREMIUM]","[PREMIUM]",27,"Truck","Summit White","Jet Black","Four-wheel Drive",,,"Gasoline",,,"dealership","[PREMIUM]","Little Falls","NJ","[PREMIUM]",24,"[]",,,"[PREMIUM]"
"4f37eb4f-cef6-4b63-8de0-0bfc5775555f","2026-06-27 23:11:31.802","2026-07-01 05:08:23.078","4f37eb4f-cef6-4b63-8de0-0bfc5775555f","[PREMIUM]","Used",2022,"Tesla","Model X",,"[PREMIUM]","[PREMIUM]",25755,"SUV","White","BLACK","Four-wheel Drive",,,"Electric",,,"dealership","[PREMIUM]","Inglewood","CA","[PREMIUM]",24,"[]",,,"[PREMIUM]"
"f55e10fb-73c7-45f7-a1cb-84c6e3040275","2026-06-27 23:11:31.772","2026-07-27 01:57:33.042","f55e10fb-73c7-45f7-a1cb-84c6e3040275","[PREMIUM]","Used",2020,"Toyota","Sequoia","TRD Sport","[PREMIUM]","[PREMIUM]",52050,"SUV","White","BLACK","Four-wheel Drive",,,"Gasoline",,,"dealership","[PREMIUM]","Gilbert","AZ","[PREMIUM]",29,"[]",,,"[PREMIUM]"
"1d133a27-b0cc-40c4-a368-75b7b486189d","2026-06-27 23:11:31.638","2026-07-27 01:57:34.184","1d133a27-b0cc-40c4-a368-75b7b486189d","[PREMIUM]","New",2026,"Lexus","RX 350","Premium","[PREMIUM]","[PREMIUM]",0,"SUV","Eminent White Pearl","Palomino W/ Ash Bamboo Trim (lb42)","All-wheel Drive",,,"Gasoline",,,"dealership","[PREMIUM]","Schaumburg","IL","[PREMIUM]",13,"[]",,,"[PREMIUM]"
"b43096f7-9ade-4423-8e19-b43c3a2de316","2026-06-27 23:10:59.654","2026-07-01 05:08:20.572","b43096f7-9ade-4423-8e19-b43c3a2de316","[PREMIUM]","Used",2024,"Toyota","Supra","3.0 Premium","[PREMIUM]","[PREMIUM]",10911,"Coupe","Renaissance Red 2.0","Black","Rear-wheel Drive",,,"Gasoline",,,"dealership","[PREMIUM]","Snellville","GA","[PREMIUM]",13,"[]",,,"[PREMIUM]"
"5a2028cc-fc93-4162-86e8-c3682e0e8183","2026-06-27 23:10:39.460","2026-07-20 21:32:01.942","5a2028cc-fc93-4162-86e8-c3682e0e8183","[PREMIUM]","New",2026,"Lexus","NX 350","Luxury","[PREMIUM]","[PREMIUM]",9,"SUV","Ultra White","Macadamia","All-wheel Drive",,,"Gasoline",,,"dealership","[PREMIUM]","Southfield","MI","[PREMIUM]",11,"[]",,,"[PREMIUM]"
"1b8269e8-c00b-4971-a985-1c783940a849","2026-06-27 23:10:39.446","2026-07-27 01:57:20.770","1b8269e8-c00b-4971-a985-1c783940a849","[PREMIUM]","New",2026,"RAM","1500","Big Horn/Lone Star","[PREMIUM]","[PREMIUM]",10,"Truck","Serrano Green Metallic","Black","Four-wheel Drive",,,"Gasoline",,,"dealership","[PREMIUM]","East Providence","RI","[PREMIUM]",25,"[]",,,"[PREMIUM]"
"904279a1-52f2-4920-94b6-8b7ee6e28f88","2026-06-27 23:10:39.431","2026-06-27 23:10:39.431","904279a1-52f2-4920-94b6-8b7ee6e28f88","[PREMIUM]","Used",2024,"BMW","X5","xDrive40i","[PREMIUM]","[PREMIUM]",33415,"SUV","Black Sapphire Metallic","Coffee","All-wheel Drive",,,"Gasoline",,,"dealership","[PREMIUM]","Charlotte","NC","[PREMIUM]",38,"[]",,,"[PREMIUM]"
"1d9b1ab8-02e0-4c14-bc59-d5d6086b55c3","2026-06-27 23:10:39.387","2026-06-27 23:10:39.387","1d9b1ab8-02e0-4c14-bc59-d5d6086b55c3","[PREMIUM]","Used",2024,"Tesla","Model S","Long Range","[PREMIUM]","[PREMIUM]",33366,"Hatchback","Gray","GRAY","Four-wheel Drive",,,"Electric",,,"dealership","[PREMIUM]","Inglewood","CA","[PREMIUM]",25,"[]",,,"[PREMIUM]"
"7a6e16de-07ee-46cc-8414-d4918dd04c1e","2026-06-27 23:10:39.386","2026-07-27 01:57:20.671","7a6e16de-07ee-46cc-8414-d4918dd04c1e","[PREMIUM]","New",2026,"Genesis","GV70","2.5T Advanced","[PREMIUM]","[PREMIUM]",6,"SUV","Vik Black","Black","All-wheel Drive",,,"Gasoline",,,"dealership","[PREMIUM]","ROUND ROCK","TX","[PREMIUM]",24,"[]",,,"[PREMIUM]"
"f5ba1975-9ada-4f6c-b8ff-5ebc03ff3206","2026-06-27 23:10:39.344","2026-07-27 01:53:56.711","f5ba1975-9ada-4f6c-b8ff-5ebc03ff3206","[PREMIUM]","New",2026,"Jeep","Wrangler","4-Door Sahara 4x4","[PREMIUM]","[PREMIUM]",1,"SUV","reign","black","Four-wheel Drive",,,"Gasoline",,,"dealership","[PREMIUM]","Burlingame","CA","[PREMIUM]",1,"[]",,,"[PREMIUM]"
"83b424ee-8fb2-4335-98ca-6397c08310e7","2026-06-27 23:10:28.909","2026-07-27 01:57:20.824","83b424ee-8fb2-4335-98ca-6397c08310e7","[PREMIUM]","New",2026,"RAM","1500","Big Horn/Lone Star","[PREMIUM]","[PREMIUM]",0,"Truck","Bright White Clear-Coat Exterior Paint","Black Interior Color","Four-wheel Drive",,,"Gasoline",,,"dealership","[PREMIUM]","Platteville","WI","[PREMIUM]",32,"[]",,,"[PREMIUM]"
"f1206bc9-5ef0-47ec-829d-b4f6c9761342","2026-06-27 23:10:28.819","2026-06-27 23:10:28.819","f1206bc9-5ef0-47ec-829d-b4f6c9761342","[PREMIUM]","New",2026,"Ford","Bronco","Badlands","[PREMIUM]","[PREMIUM]",0,"SUV","Avalanche Gray","Black Onyx","Four-wheel Drive",,,"Gasoline",,,"dealership","[PREMIUM]","Hawthorne","CA","[PREMIUM]",25,"[]",,,"[PREMIUM]"
"ba03f65d-ce29-4bd3-86d4-f8ec4bc5aacd","2026-06-27 23:09:24.899","2026-07-27 01:53:57.123","ba03f65d-ce29-4bd3-86d4-f8ec4bc5aacd","[PREMIUM]","Used",2024,"Ford","F-150","XL","[PREMIUM]","[PREMIUM]",20697,"Truck","Agate Black Metallic","Black","Four-wheel Drive",,,"Gasoline",,,"dealership","[PREMIUM]","Denver","CO","[PREMIUM]",37,"[]",,,"[PREMIUM]"
"f177d39e-ab13-4ad8-8466-22f609c7f232","2026-06-27 23:09:24.730","2026-07-27 01:53:57.112","f177d39e-ab13-4ad8-8466-22f609c7f232","[PREMIUM]","Used",2011,"Bentley","Continental GTC","Speed","[PREMIUM]","[PREMIUM]",43362,"Convertible","Black","Tan","All-wheel Drive",,,"E85 Flex Fuel",,,"dealership","[PREMIUM]","Dallas","TX","[PREMIUM]",64,"[]",,,"[PREMIUM]"
"c4b74fbb-57a6-4cb3-9185-0cd829218b4c","2026-06-27 23:09:24.686","2026-07-07 15:10:00.871","c4b74fbb-57a6-4cb3-9185-0cd829218b4c","[PREMIUM]","New",2026,"Chevrolet","Silverado 1500","Custom Trail Boss","[PREMIUM]","[PREMIUM]",10,"Truck","Red Hot","Jet Black","Four-wheel Drive",,,"Gasoline",,,"dealership","[PREMIUM]","Springfield","MO","[PREMIUM]",30,"[]",,,"[PREMIUM]"
"934ca091-83c6-4ccd-919f-0505a090508c","2026-06-27 23:09:24.625","2026-07-27 01:53:56.869","934ca091-83c6-4ccd-919f-0505a090508c","[PREMIUM]","New",2026,"RAM","1500","Big Horn/Lone Star","[PREMIUM]","[PREMIUM]",0,"Truck","Granite Crystal Metallic Clear-Coat Exterior Paint","Black Interior Color","Four-wheel Drive",,,"Gasoline",,,"dealership","[PREMIUM]","Platteville","WI","[PREMIUM]",27,"[]",,,"[PREMIUM]"
"635c6e26-260d-4150-9c1b-04520154014b","2026-06-27 23:09:24.604","2026-07-27 01:53:56.918","635c6e26-260d-4150-9c1b-04520154014b","[PREMIUM]","Used",2019,"Chevrolet","Camaro","1SS","[PREMIUM]","[PREMIUM]",8002,"Coupe","Black","Jet Black","Rear-wheel Drive",,,"Gasoline",,,"dealership","[PREMIUM]","Richmond","KY","[PREMIUM]",53,"[]",,,"[PREMIUM]"
"8544f115-001f-4582-b298-b88275f3504e","2026-06-27 23:09:24.590","2026-07-27 01:53:44.669","8544f115-001f-4582-b298-b88275f3504e","[PREMIUM]","New",2026,"Genesis","GV70","2.5T","[PREMIUM]","[PREMIUM]",6,"SUV","Alta White","Obsidian Black","All-wheel Drive",,,"Gasoline",,,"dealership","[PREMIUM]","ROUND ROCK","TX","[PREMIUM]",24,"[]",,,"[PREMIUM]"
"376f3f75-b32f-4e10-89a5-c32d77f8688b","2026-06-27 23:09:24.585","2026-07-27 01:53:56.840","376f3f75-b32f-4e10-89a5-c32d77f8688b","[PREMIUM]","New",2026,"Hyundai","PALISADE","SEL Premium","[PREMIUM]","[PREMIUM]",10,"SUV","Ecotronic Gray Pearl","Black","All-wheel Drive",,,"Gasoline",,,"dealership","[PREMIUM]","Brooklyn","NY","[PREMIUM]",17,"[]",,,"[PREMIUM]"
"959d3bf1-5ce2-405f-92b6-5f561b0f6e76","2026-06-27 23:09:24.563","2026-07-01 05:08:07.294","959d3bf1-5ce2-405f-92b6-5f561b0f6e76","[PREMIUM]","New",2026,"Toyota","4Runner","TRD Sport","[PREMIUM]","[PREMIUM]",0,"SUV","Underground","Black/Boulder w/Smoke Silver Ornament","Four-wheel Drive",,,"Gasoline",,,"dealership","[PREMIUM]","West Covina","CA","[PREMIUM]",22,"[]",,,"[PREMIUM]"
"b06d6876-e945-497f-a275-d1cfdb2ded84","2026-06-27 23:09:24.520","2026-07-23 23:19:10.706","b06d6876-e945-497f-a275-d1cfdb2ded84","[PREMIUM]","New",2026,"Hyundai","PALISADE","SEL Premium 8P","[PREMIUM]","[PREMIUM]",10,"SUV","Ecotronic Gray Pearl","Black","All-wheel Drive",,,"Gasoline",,,"dealership","[PREMIUM]","Brooklyn","NY","[PREMIUM]",17,"[]",,,"[PREMIUM]"
"c873db25-b1b3-4753-84e0-f9c8b39173cc","2026-06-27 23:09:24.516","2026-07-27 01:53:13.212","c873db25-b1b3-4753-84e0-f9c8b39173cc","[PREMIUM]","Used",2016,"Dodge","Challenger","SRT Hellcat","[PREMIUM]","[PREMIUM]",56017,"Coupe","Torred Clearcoat","Black","Rear-wheel Drive",,,"Gasoline",,,"dealership","[PREMIUM]","Gurnee","IL","[PREMIUM]",41,"[]",,,"[PREMIUM]"
"9255f3a8-1133-473f-8073-a46078e124e6","2026-06-27 23:09:24.505","2026-07-27 01:53:12.684","9255f3a8-1133-473f-8073-a46078e124e6","[PREMIUM]","New",2026,"Genesis","GV70","2.5T","[PREMIUM]","[PREMIUM]",8,"SUV","Alta White","Obsidian Black","All-wheel Drive",,,"Gasoline",,,"dealership","[PREMIUM]","ROUND ROCK","TX","[PREMIUM]",24,"[]",,,"[PREMIUM]"
"2b7761b9-2417-4368-a95e-db82e382e98c","2026-06-27 23:09:24.495","2026-07-01 05:08:06.083","2b7761b9-2417-4368-a95e-db82e382e98c","[PREMIUM]","New",2026,"Lexus","NX 350","Premium","[PREMIUM]","[PREMIUM]",12,"SUV","Ultra White","Palomino","All-wheel Drive",,,"Gasoline",,,"dealership","[PREMIUM]","Southfield","MI","[PREMIUM]",15,"[]",,,"[PREMIUM]"
"09df1b57-c4a6-4dda-8ff0-8351ca520b77","2026-06-27 23:09:24.209","2026-07-27 01:53:11.767","09df1b57-c4a6-4dda-8ff0-8351ca520b77","[PREMIUM]","New",2026,"Jeep","Gladiator","Sahara 4x4","[PREMIUM]","[PREMIUM]",1,"Truck","41","Black w/Cloth Low-Back Bucket Seats or Premium McKinley Trimmed","Four-wheel Drive",,,"Gasoline",,,"dealership","[PREMIUM]","Burlingame","CA","[PREMIUM]",1,"[]",,,"[PREMIUM]"
"753d9357-07e1-4f37-a0c3-f0c05c365fba","2026-06-27 23:09:03.869","2026-07-27 01:53:57.101","753d9357-07e1-4f37-a0c3-f0c05c365fba","[PREMIUM]","Used",2023,"GMC","Sierra 1500","SLT","[PREMIUM]","[PREMIUM]",27572,"Truck","White","TAN","Four-wheel Drive",,,"Diesel",,,"dealership","[PREMIUM]","Lithia Springs","GA","[PREMIUM]",26,"[]",,,"[PREMIUM]"
"5e3de88e-bb2b-4289-89ce-e6ff62824d53","2026-06-27 23:09:03.853","2026-07-27 01:53:57.133","5e3de88e-bb2b-4289-89ce-e6ff62824d53","[PREMIUM]","Used",2025,"Chevrolet","Traverse","Z71","[PREMIUM]","[PREMIUM]",15852,"SUV","Lakeshore Blue Metallic","Jet Black","All-wheel Drive",,,"Gasoline",,,"dealership","[PREMIUM]","Muncie","IN","[PREMIUM]",66,"[]",,,"[PREMIUM]"
"fcd9176f-d1b1-42cf-9909-696ec6ca9ec5","2026-06-27 23:09:03.563","2026-07-17 21:25:12.401","fcd9176f-d1b1-42cf-9909-696ec6ca9ec5","[PREMIUM]","Used",2025,"RAM","1500","Laramie","[PREMIUM]","[PREMIUM]",24126,"Truck","Bright White Clearcoat","Black","Four-wheel Drive",,,"Gasoline",,,"dealership","[PREMIUM]","Cuyahoga Falls","OH","[PREMIUM]",50,"[]",,,"[PREMIUM]"
"a5279e42-857b-4832-9814-177964582cef","2026-06-27 23:09:03.552","2026-07-27 01:53:57.130","a5279e42-857b-4832-9814-177964582cef","[PREMIUM]","Used",2025,"Kia","Carnival Hybrid","SX Prestige","[PREMIUM]","[PREMIUM]",16389,"Passenger Van","Panthera Metal","Navy/Gray","Front-wheel Drive",,,"Hybrid",,,"dealership","[PREMIUM]","Lexington","KY","[PREMIUM]",34,"[]",,,"[PREMIUM]"
"cce04a8e-e484-4afb-984d-b8a79703ddee","2026-06-27 23:09:03.544","2026-07-27 01:53:13.057","cce04a8e-e484-4afb-984d-b8a79703ddee","[PREMIUM]","Used",2025,"Honda","Pilot","Touring","[PREMIUM]","[PREMIUM]",6567,"SUV","Platinum White Pearl","Gray","All-wheel Drive",,,"Gasoline",,,"dealership","[PREMIUM]","Hopkins","MN","[PREMIUM]",36,"[]",,,"[PREMIUM]"
"b2c525b7-3e46-4a3c-a8bd-3a638cd23630","2026-06-27 23:09:03.534","2026-07-01 05:08:07.450","b2c525b7-3e46-4a3c-a8bd-3a638cd23630","[PREMIUM]","New",2027,"Kia","Telluride Hybrid","EX","[PREMIUM]","[PREMIUM]",50,"SUV","Glacial White Pearl","Black","Front-wheel Drive",,,"Hybrid",,,"dealership","[PREMIUM]","Pomona","CA","[PREMIUM]",27,"[]",,,"[PREMIUM]"
"99764eac-0be4-4ebd-ae33-3aa2def085ff","2026-06-27 23:09:03.526","2026-06-27 23:09:03.526","99764eac-0be4-4ebd-ae33-3aa2def085ff","[PREMIUM]","New",2026,"Toyota","RAV4 Plug-In Hybrid","SE","[PREMIUM]","[PREMIUM]",0,"SUV","Meteor Shower","Black","All-wheel Drive",,,"Hybrid",,,"dealership","[PREMIUM]","Springfield","PA","[PREMIUM]",1,"[]",,,"[PREMIUM]"
"a62f58e2-dd51-4077-b709-041e65164608","2026-06-27 23:09:03.518","2026-07-11 06:38:21.886","a62f58e2-dd51-4077-b709-041e65164608","[PREMIUM]","Used",2022,"Mercedes-Benz","EQS 580","4MATIC","[PREMIUM]","[PREMIUM]",21808,"Sedan","Obsidian Black Metallic","Black Leather","All-wheel Drive",,,"Electric",,,"dealership","[PREMIUM]","Walnut Creek","CA","[PREMIUM]",37,"[]",,,"[PREMIUM]"
"61927eff-0e03-4f59-b5b0-5b546e3fe3ce","2026-06-27 23:09:03.497","2026-07-20 21:31:48.476","61927eff-0e03-4f59-b5b0-5b546e3fe3ce","[PREMIUM]","Used",2025,"Ford","Mustang","GT Premium","[PREMIUM]","[PREMIUM]",20353,"Coupe","Carbonized Gray Metallic","Space Gray","Rear-wheel Drive",,,"Gasoline",,,"dealership","[PREMIUM]","Hawthorne","CA","[PREMIUM]",21,"[]",,,"[PREMIUM]"
"a026ace8-92e9-497d-ac0f-6e042047a523","2026-06-27 23:09:03.493","2026-07-17 21:24:58.986","a026ace8-92e9-497d-ac0f-6e042047a523","[PREMIUM]","Used",2024,"Toyota","Tundra","Limited","[PREMIUM]","[PREMIUM]",43588,"Truck","Ice Cap","Black","Four-wheel Drive",,,"Gasoline",,,"dealership","[PREMIUM]","Opelousas","LA","[PREMIUM]",14,"[]",,,"[PREMIUM]"
"fb65f255-29f9-4b38-99ea-ded4f1cb0783","2026-06-27 23:09:03.488","2026-07-14 06:43:54.674","fb65f255-29f9-4b38-99ea-ded4f1cb0783","[PREMIUM]","Used",2023,"Ford","Bronco","Base","[PREMIUM]","[PREMIUM]",28202,"SUV","Cactus Green / Gray","Dark Gray","Four-wheel Drive",,,"Gasoline",,,"dealership","[PREMIUM]","Hawthorne","CA","[PREMIUM]",21,"[]",,,"[PREMIUM]"
"d4b9bbe0-41a6-4868-b88f-24db99078e42","2026-06-27 23:09:03.486","2026-07-14 06:43:54.738","d4b9bbe0-41a6-4868-b88f-24db99078e42","[PREMIUM]","New",2026,"Hyundai","PALISADE","SEL Premium","[PREMIUM]","[PREMIUM]",15,"SUV","Pacific Sapphire","Gray","All-wheel Drive",,,"Gasoline",,,"dealership","[PREMIUM]","Brooklyn","NY","[PREMIUM]",17,"[]",,,"[PREMIUM]"
"b4fe4df6-df8e-424a-8ae3-4c077318b270","2026-06-27 23:09:03.411","2026-07-27 01:53:44.653","b4fe4df6-df8e-424a-8ae3-4c077318b270","[PREMIUM]","Used",2025,"Ford","Explorer","Platinum","[PREMIUM]","[PREMIUM]",34536,"SUV","Red Metallic","Mojave","Four-wheel Drive",,,"Gasoline",,,"dealership","[PREMIUM]","Abilene","TX","[PREMIUM]",28,"[]",,,"[PREMIUM]"
"a4611d7f-c7fb-40d8-8eeb-d77c3462297d","2026-06-27 23:09:03.410","2026-07-27 01:53:12.966","a4611d7f-c7fb-40d8-8eeb-d77c3462297d","[PREMIUM]","Used",2025,"Ford","Bronco","Outer Banks","[PREMIUM]","[PREMIUM]",17977,"SUV","Shadow Black","Black Onyx","Four-wheel Drive",,,"Gasoline",,,"dealership","[PREMIUM]","Shorewood","IL","[PREMIUM]",6,"[]",,,"[PREMIUM]"
"f736e484-b521-42e2-9f7d-25f98e1eb705","2026-06-27 23:09:03.406","2026-07-27 01:53:57.060","f736e484-b521-42e2-9f7d-25f98e1eb705","[PREMIUM]","New",2026,"Honda","Pilot","EX-L","[PREMIUM]","[PREMIUM]",0,"SUV","Platinum White Pearl","Gray","Front-wheel Drive",,,"Gasoline",,,"dealership","[PREMIUM]","Tampa","FL","[PREMIUM]",17,"[]",,,"[PREMIUM]"
"f97ec771-2654-4f69-bbaa-6081297a548e","2026-06-27 23:09:03.399","2026-06-27 23:09:03.399","f97ec771-2654-4f69-bbaa-6081297a548e","[PREMIUM]","Used",2024,"Lexus","ES 350","Luxury","[PREMIUM]","[PREMIUM]",55019,"Sedan","Cloudburst Gray","Black w/Wood Black Trim","Front-wheel Drive",,,"Gasoline",,,"dealership","[PREMIUM]","Merriam","KS","[PREMIUM]",36,"[]",,,"[PREMIUM]"
"c0b222f3-1ce5-4425-bbbd-f00690dab85b","2026-06-27 23:09:03.396","2026-07-27 01:53:44.684","c0b222f3-1ce5-4425-bbbd-f00690dab85b","[PREMIUM]","Used",2023,"Mercedes-Benz","GLE 350","Base","[PREMIUM]","[PREMIUM]",43636,"SUV","Mojave Silver Metallic","Macchiato/Black","Rear-wheel Drive",,,"Gasoline",,,"dealership","[PREMIUM]","Charlotte","NC","[PREMIUM]",37,"[]",,,"[PREMIUM]"
"dc7e28d0-755d-4c49-8fe6-3046700ce871","2026-06-27 23:09:03.390","2026-07-27 01:53:56.897","dc7e28d0-755d-4c49-8fe6-3046700ce871","[PREMIUM]","Used",2025,"Volvo","XC90","Plus","[PREMIUM]","[PREMIUM]",13578,"SUV","Denim Blue Metallic","Cardamom","All-wheel Drive",,,"Gasoline",,,"dealership","[PREMIUM]","Snellville","GA","[PREMIUM]",24,"[]",,,"[PREMIUM]"
"40048598-c588-4c3e-9b32-55599675847b","2026-06-27 23:09:03.365","2026-07-14 06:43:52.946","40048598-c588-4c3e-9b32-55599675847b","[PREMIUM]","Used",2025,"Toyota","Grand Highlander","XLE","[PREMIUM]","[PREMIUM]",25944,"SUV","Cloud","Lt Gry","All-wheel Drive",,,"Gasoline",,,"dealership","[PREMIUM]","Triadelphia","WV","[PREMIUM]",33,"[]",,,"[PREMIUM]"
"2d841372-7653-49cd-8693-fc82f6af2e1f","2026-06-27 23:09:03.358","2026-06-27 23:09:03.358","2d841372-7653-49cd-8693-fc82f6af2e1f","[PREMIUM]","New",2026,"Lexus","NX 350",,"[PREMIUM]","[PREMIUM]",12,"SUV","Caviar","Black","All-wheel Drive",,,"Gasoline",,,"dealership","[PREMIUM]","Southfield","MI","[PREMIUM]",15,"[]",,,"[PREMIUM]"
"e91c2f02-56fc-453b-bce2-1a04fc1d6e7e","2026-06-27 23:07:40.680","2026-07-17 21:24:57.384","e91c2f02-56fc-453b-bce2-1a04fc1d6e7e","[PREMIUM]","Used",2021,"Chevrolet","Silverado 1500","LT Trail Boss","[PREMIUM]","[PREMIUM]",36810,"Truck","Gray","BLACK","Four-wheel Drive",,,"Gasoline",,,"dealership","[PREMIUM]","Buford","GA","[PREMIUM]",25,"[]",,,"[PREMIUM]"
"3e052f6c-87aa-4dd3-a273-9335510f0714","2026-06-27 23:07:40.574","2026-06-27 23:07:40.574","3e052f6c-87aa-4dd3-a273-9335510f0714","[PREMIUM]","Used",2023,"Chevrolet","Silverado 1500","RST","[PREMIUM]","[PREMIUM]",41692,"Truck","Black","Jet Black","Four-wheel Drive",,,"Gasoline",,,"dealership","[PREMIUM]","Sterling","VA","[PREMIUM]",34,"[]",,,"[PREMIUM]"
"bd2afa96-9792-481a-aa12-8654ffd87131","2026-06-27 23:07:40.344","2026-06-27 23:07:40.344","bd2afa96-9792-481a-aa12-8654ffd87131","[PREMIUM]","Used",2021,"Lexus","IS 350","F-Sport","[PREMIUM]","[PREMIUM]",35590,"Sedan","White","RED","Rear-wheel Drive",,,"Gasoline",,,"dealership","[PREMIUM]","Ontario","CA","[PREMIUM]",23,"[]",,,"[PREMIUM]"
"1c31a7ac-9f8e-4107-b491-8841eb7d7ef1","2026-06-27 23:07:40.214","2026-07-07 15:09:21.778","1c31a7ac-9f8e-4107-b491-8841eb7d7ef1","[PREMIUM]","Used",2023,"Lexus","IS 350","F-Sport","[PREMIUM]","[PREMIUM]",18667,"Sedan","Silver","RED","Rear-wheel Drive",,,"Gasoline",,,"dealership","[PREMIUM]","Franklin","TN","[PREMIUM]",25,"[]",,,"[PREMIUM]"
"0f95a8bb-3935-4f60-9a4d-1a12405961b1","2026-06-27 23:07:40.202","2026-07-17 21:24:44.014","0f95a8bb-3935-4f60-9a4d-1a12405961b1","[PREMIUM]","Used",2023,"Chevrolet","Silverado 1500","RST","[PREMIUM]","[PREMIUM]",34202,"Truck","Black","Jet Black","Four-wheel Drive",,,"Gasoline",,,"dealership","[PREMIUM]","Baltimore","MD","[PREMIUM]",30,"[]",,,"[PREMIUM]"
"52318449-fe84-4718-a65a-8100ff090d4a","2026-06-27 23:07:40.056","2026-07-11 06:38:06.670","52318449-fe84-4718-a65a-8100ff090d4a","[PREMIUM]","Used",2025,"Ford","F-150","XLT","[PREMIUM]","[PREMIUM]",26580,"Truck","Gray","GRAY","Four-wheel Drive",,,"Gasoline",,,"dealership","[PREMIUM]","Hartford","CT","[PREMIUM]",22,"[]",,,"[PREMIUM]"
"d36ced1c-8c62-4c91-b2e6-a7cecc1f9488","2026-06-27 23:07:40.027","2026-06-27 23:07:40.027","d36ced1c-8c62-4c91-b2e6-a7cecc1f9488","[PREMIUM]","New",2026,"Honda","CR-V Hybrid","Sport Touring AWD","[PREMIUM]","[PREMIUM]",0,"SUV",,,"All-wheel Drive",,,"Hybrid",,,"dealership","[PREMIUM]","Dubuque","IA","[PREMIUM]",1,"[]",,,"[PREMIUM]"
"008bb85c-35c6-49ec-bbbf-365ffd1859ad","2026-06-27 23:07:40.006","2026-07-04 14:59:10.407","008bb85c-35c6-49ec-bbbf-365ffd1859ad","[PREMIUM]","Used",2024,"RAM","2500","Bighorn","[PREMIUM]","[PREMIUM]",39092,"Truck","White","GRAY","Four-wheel Drive",,,"Diesel",,,"dealership","[PREMIUM]","Parker","CO","[PREMIUM]",26,"[]",,,"[PREMIUM]"
"1d7d784e-6357-486f-a438-424be0e10420","2026-06-27 23:07:39.821","2026-06-27 23:07:39.821","1d7d784e-6357-486f-a438-424be0e10420","[PREMIUM]","Used",2024,"Kia","EV9","Wind","[PREMIUM]","[PREMIUM]",21166,"SUV","Aurora Black Pearl","Gray","All-wheel Drive",,,"Electric",,,"dealership","[PREMIUM]","North Hampton","NH","[PREMIUM]",43,"[]",,,"[PREMIUM]"
"d263f178-992f-41d2-b453-8d6c002b4464","2026-06-27 23:07:28.338","2026-07-27 01:52:49.125","d263f178-992f-41d2-b453-8d6c002b4464","[PREMIUM]","New",2026,"Jeep","Grand Cherokee","Limited","[PREMIUM]","[PREMIUM]",10,"SUV","Bright White Clear-Coat Exterior Paint","Black Interior Color","Four-wheel Drive",,,"Gasoline",,,"dealership","[PREMIUM]","Platteville","WI","[PREMIUM]",30,"[]",,,"[PREMIUM]"
"2e20457f-1fdc-4687-9335-325f10c129ff","2026-06-27 23:07:28.021","2026-06-27 23:07:28.021","2e20457f-1fdc-4687-9335-325f10c129ff","[PREMIUM]","New",2026,"Toyota","4Runner","SR5","[PREMIUM]","[PREMIUM]",0,"SUV","Ice Cap","Black","Four-wheel Drive",,,"Gasoline",,,"dealership","[PREMIUM]","Springfield","PA","[PREMIUM]",1,"[]",,,"[PREMIUM]"
"2f2dea6e-38f5-44f0-83b5-5578286dd116","2026-06-27 23:07:27.926","2026-07-01 05:06:52.117","2f2dea6e-38f5-44f0-83b5-5578286dd116","[PREMIUM]","New",2026,"Toyota","RAV4","XLE Premium","[PREMIUM]","[PREMIUM]",0,"SUV","Wind Chill Pearl","Black","All-wheel Drive",,,"Gasoline",,,"dealership","[PREMIUM]","Springfield","PA","[PREMIUM]",1,"[]",,,"[PREMIUM]"
"1d97c1c2-3e2c-4d67-a9de-6604d063b245","2026-06-27 23:07:27.914","2026-07-01 05:06:52.111","1d97c1c2-3e2c-4d67-a9de-6604d063b245","[PREMIUM]","New",2026,"Toyota","RAV4","XLE Premium","[PREMIUM]","[PREMIUM]",0,"SUV","Blueprint","Black","All-wheel Drive",,,"Gasoline",,,"dealership","[PREMIUM]","Springfield","PA","[PREMIUM]",1,"[]",,,"[PREMIUM]"
"39226ff9-6a56-4717-8439-ae1946762a4e","2026-06-27 23:07:27.863","2026-07-07 15:09:20.783","39226ff9-6a56-4717-8439-ae1946762a4e","[PREMIUM]","New",2026,"Toyota","RAV4 Plug-In Hybrid","SE","[PREMIUM]","[PREMIUM]",0,"SUV","Storm Cloud","Black","All-wheel Drive",,,"Hybrid",,,"dealership","[PREMIUM]","Springfield","PA","[PREMIUM]",1,"[]",,,"[PREMIUM]"
"95eec578-3b73-4111-aafd-5ea5ac4db5b0","2026-06-27 23:07:15.004","2026-07-07 15:09:07.593","95eec578-3b73-4111-aafd-5ea5ac4db5b0","[PREMIUM]","Used",2009,"Cadillac","CTS-V","Base","[PREMIUM]","[PREMIUM]",69092,"Sedan","Black Raven","Black","Rear-wheel Drive",,,"Gasoline",,,"dealership","[PREMIUM]","Pittsburgh","PA","[PREMIUM]",14,"[]",,,"[PREMIUM]"
"5810a2be-39cc-4c8b-b45c-10e6014853c9","2026-06-27 23:07:13.764","2026-06-27 23:07:13.764","5810a2be-39cc-4c8b-b45c-10e6014853c9","[PREMIUM]","Used",2015,"Porsche","Cayman",,"[PREMIUM]","[PREMIUM]",60128,"Coupe","Black","BLACK","Rear-wheel Drive",,,"Gasoline",,,"dealership","[PREMIUM]","Burbank","CA","[PREMIUM]",22,"[]",,,"[PREMIUM]"
"88e2f4bb-ccf9-4d65-9cc8-e1cd15f61dbd","2026-06-27 23:07:02.477","2026-07-27 01:51:32.843","88e2f4bb-ccf9-4d65-9cc8-e1cd15f61dbd","[PREMIUM]","Used",2017,"Chevrolet","Silverado 1500","1LT","[PREMIUM]","[PREMIUM]",62137,"Truck","Red Hot","Black","Four-wheel Drive",,,"Gasoline",,,"dealership","[PREMIUM]","Gresham","OR","[PREMIUM]",6,"[]",,,"[PREMIUM]"
"391b2357-522d-4964-9b93-752939f2ff7b","2026-06-27 23:06:51.192","2026-07-07 15:08:55.082","391b2357-522d-4964-9b93-752939f2ff7b","[PREMIUM]","Used",2021,"Land Rover","Range Rover Sport","HST MHEV","[PREMIUM]","[PREMIUM]",57557,"SUV","Gray","White","All-wheel Drive",,,"Gasoline",,,"dealership","[PREMIUM]","Pittsburgh","PA","[PREMIUM]",15,"[]",,,"[PREMIUM]"
"593fb455-d0aa-43ff-91df-c1c0e8172a79","2026-06-27 23:06:51.158","2026-07-01 05:06:23.494","593fb455-d0aa-43ff-91df-c1c0e8172a79","[PREMIUM]","Used",2021,"Lexus","ES 250","250","[PREMIUM]","[PREMIUM]",21946,"Sedan","Beige Metallic","Chateau","All-wheel Drive",,,"Gasoline",,,"dealership","[PREMIUM]","Delray Beach","FL","[PREMIUM]",25,"[]",,,"[PREMIUM]"
"5876aa38-f39e-4d93-a50c-1d67b8e23711","2026-06-27 23:06:51.107","2026-06-27 23:06:51.107","5876aa38-f39e-4d93-a50c-1d67b8e23711","[PREMIUM]","Used",2021,"Honda","Civic","Type R Touring","[PREMIUM]","[PREMIUM]",63959,"Hatchback","Gray","RED","Rear-wheel Drive",,,"Gasoline",,,"dealership","[PREMIUM]","Pleasanton","CA","[PREMIUM]",25,"[]",,,"[PREMIUM]"
"a71ac451-bf11-4a1d-9f7b-d425ac1c3c6d","2026-06-27 23:06:51.085","2026-07-27 01:51:55.610","a71ac451-bf11-4a1d-9f7b-d425ac1c3c6d","[PREMIUM]","Used",2021,"GMC","Sierra 1500","AT4","[PREMIUM]","[PREMIUM]",69160,"Truck","Satin Steel Metallic","Jet Black","Four-wheel Drive",,,"Gasoline",,,"dealership","[PREMIUM]","Georgetown","KY","[PREMIUM]",28,"[]",,,"[PREMIUM]"
"65b5b3f9-9587-4abb-90a1-9a00ad4d2c45","2026-06-27 23:06:50.548","2026-07-27 01:51:32.912","65b5b3f9-9587-4abb-90a1-9a00ad4d2c45","[PREMIUM]","Used",2023,"Lexus","ES 350",,"[PREMIUM]","[PREMIUM]",18941,"Sedan","Gray","BLACK","Rear-wheel Drive",,,"Gasoline",,,"dealership","[PREMIUM]","Colma","CA","[PREMIUM]",26,"[]",,,"[PREMIUM]"
"90d5ae0a-5be2-4b7f-a204-9e09e7f7f76c","2026-06-27 23:06:50.537","2026-06-27 23:06:50.537","90d5ae0a-5be2-4b7f-a204-9e09e7f7f76c","[PREMIUM]","Used",2023,"Honda","Passport","Trailsport","[PREMIUM]","[PREMIUM]",16140,"SUV","Black","BLACK","Four-wheel Drive",,,"Gasoline",,,"dealership","[PREMIUM]","Ontario","CA","[PREMIUM]",25,"[]",,,"[PREMIUM]"
"d5e4557a-0f9d-4f53-9bac-9ae148d858cb","2026-06-27 23:06:50.508","2026-07-23 23:18:23.151","d5e4557a-0f9d-4f53-9bac-9ae148d858cb","[PREMIUM]","Used",2022,"Mercedes-Benz","C-Class","C 300 4MATIC","[PREMIUM]","[PREMIUM]",11933,"Sedan","White","Black Nappa Leather","All-wheel Drive",,,"Other",,,"dealership","[PREMIUM]","Saint Charles","IL","[PREMIUM]",13,"[]",,,"[PREMIUM]"
"e02f5578-ec7a-4a52-9645-eea24e433df0","2026-06-27 23:06:50.502","2026-07-04 14:58:43.830","e02f5578-ec7a-4a52-9645-eea24e433df0","[PREMIUM]","Used",2022,"Ford","F-150","XLT","[PREMIUM]","[PREMIUM]",58872,"Truck","White","TAN","Four-wheel Drive",,,"Gasoline",,,"dealership","[PREMIUM]","Colorado Springs","CO","[PREMIUM]",26,"[]",,,"[PREMIUM]"
"6c4c1694-6861-4f97-910b-98071045a118","2026-06-27 23:06:50.497","2026-06-27 23:06:50.497","6c4c1694-6861-4f97-910b-98071045a118","[PREMIUM]","Used",2023,"BMW","X5","xDrive40i","[PREMIUM]","[PREMIUM]",48568,"SUV","White","BLACK","Four-wheel Drive",,,"Gasoline",,,"dealership","[PREMIUM]","Woodbridge","VA","[PREMIUM]",27,"[]",,,"[PREMIUM]"
"9035d73c-c6b4-4655-bc1f-405be6d8732e","2026-06-27 23:06:50.495","2026-07-04 14:58:44.049","9035d73c-c6b4-4655-bc1f-405be6d8732e","[PREMIUM]","Used",2022,"Mercedes-Benz","GLE 350",,"[PREMIUM]","[PREMIUM]",37529,"SUV","Blue","TAN","Rear-wheel Drive",,,"Gasoline",,,"dealership","[PREMIUM]","Roswell","GA","[PREMIUM]",28,"[]",,,"[PREMIUM]"
"97cd6446-546f-4b4f-94e2-c241342e89a2","2026-06-27 23:06:39.437","2026-06-27 23:06:39.437","97cd6446-546f-4b4f-94e2-c241342e89a2","[PREMIUM]","Used",2024,"Jeep","Wagoneer L","Series II","[PREMIUM]","[PREMIUM]",66663,"SUV","Diamond Black","Black","Four-wheel Drive",,,"Gasoline",,,"dealership","[PREMIUM]","Paris","KY","[PREMIUM]",10,"[]",,,"[PREMIUM]"
"d0ad3ed9-7796-499b-8aee-a4c8f9697372","2026-06-27 23:06:39.396","2026-07-27 01:51:32.956","d0ad3ed9-7796-499b-8aee-a4c8f9697372","[PREMIUM]","Used",2024,"Subaru","Forester","Wilderness","[PREMIUM]","[PREMIUM]",16680,"SUV","Magnetite Gray Metallic","Gray","All-wheel Drive",,,"Gasoline",,,"dealership","[PREMIUM]","Plano","TX","[PREMIUM]",34,"[]",,,"[PREMIUM]"
"a2d283b1-0a63-4ef7-a02a-9442ca42b63f","2026-06-27 23:06:39.369","2026-07-27 01:51:32.968","a2d283b1-0a63-4ef7-a02a-9442ca42b63f","[PREMIUM]","Used",2024,"Kia","Telluride","EX","[PREMIUM]","[PREMIUM]",43631,"SUV","Glacial White Pearl","Gray","All-wheel Drive",,,"Gasoline",,,"dealership","[PREMIUM]","Chesapeake","VA","[PREMIUM]",17,"[]",,,"[PREMIUM]"
"6472fd87-ef7d-4486-b0e7-66caf6ef6af5","2026-06-27 23:06:39.353","2026-07-27 01:51:55.447","6472fd87-ef7d-4486-b0e7-66caf6ef6af5","[PREMIUM]","Used",2024,"Ford","Maverick","Lariat","[PREMIUM]","[PREMIUM]",19439,"Truck","Oxford White","Black Onyx","All-wheel Drive",,,"Gasoline",,,"dealership","[PREMIUM]","Cranston","RI","[PREMIUM]",24,"[]",,,"[PREMIUM]"
"53244898-e467-4319-a7f2-047c5caf4422","2026-06-27 23:06:39.352","2026-07-17 21:24:17.752","53244898-e467-4319-a7f2-047c5caf4422","[PREMIUM]","Used",2024,"Honda","Odyssey","Touring","[PREMIUM]","[PREMIUM]",25730,"Passenger Van","Obsidian Blue Pearl","Gray","Front-wheel Drive",,,"Gasoline",,,"dealership","[PREMIUM]","Schaumburg","IL","[PREMIUM]",39,"[]",,,"[PREMIUM]"
"86bf2ea1-f7b5-486a-ab4a-2bf31ca378d1","2026-06-27 23:06:39.325","2026-07-11 06:37:39.507","86bf2ea1-f7b5-486a-ab4a-2bf31ca378d1","[PREMIUM]","Used",2024,"Jeep","Wagoneer L","Series II","[PREMIUM]","[PREMIUM]",57926,"SUV","Diamond Black","Black","Rear-wheel Drive",,,"Gasoline",,,"dealership","[PREMIUM]","Abilene","TX","[PREMIUM]",10,"[]",,,"[PREMIUM]"
"f0864377-fd4d-4b9e-88e4-74804ec7df9d","2026-06-27 23:06:39.294","2026-06-27 23:06:39.294","f0864377-fd4d-4b9e-88e4-74804ec7df9d","[PREMIUM]","Used",2024,"Volvo","XC60","B5 Plus Dark Theme","[PREMIUM]","[PREMIUM]",19464,"SUV","Crystal White","Charcoal","All-wheel Drive",,,"Gasoline",,,"dealership","[PREMIUM]","Doylestown","PA","[PREMIUM]",2,"[]",,,"[PREMIUM]"
"58b9157b-3ac3-4230-9dab-c8778113bb23","2026-06-27 23:06:39.292","2026-07-27 01:51:32.835","58b9157b-3ac3-4230-9dab-c8778113bb23","[PREMIUM]","Used",2024,"BMW","X1","xDrive28i","[PREMIUM]","[PREMIUM]",23304,"SUV","Black Sapphire Metallic","Mocha","All-wheel Drive",,,"Gasoline",,,"dealership","[PREMIUM]","Bloomfield Township","MI","[PREMIUM]",26,"[]",,,"[PREMIUM]"
"59813031-7b18-475b-b097-98f777171fd2","2026-06-27 23:06:39.292","2026-06-27 23:06:39.292","59813031-7b18-475b-b097-98f777171fd2","[PREMIUM]","Used",2024,"Dodge","Durango","R/T Plus","[PREMIUM]","[PREMIUM]",54344,"SUV","White Knuckle Clearcoat","Black","All-wheel Drive",,,"Gasoline",,,"dealership","[PREMIUM]","Maple Shade","NJ","[PREMIUM]",52,"[]",,,"[PREMIUM]"
"753bffbb-4355-4188-b1f0-d177b1b58869","2026-06-27 23:06:39.162","2026-07-01 05:06:11.417","753bffbb-4355-4188-b1f0-d177b1b58869","[PREMIUM]","Used",2024,"Audi","Q5","S-Line Premium Plus","[PREMIUM]","[PREMIUM]",19895,"SUV","White","TAUPE","Four-wheel Drive",,,"Gasoline",,,"dealership","[PREMIUM]","Roswell","GA","[PREMIUM]",26,"[]",,,"[PREMIUM]"
"54ec517d-6a8a-4a43-919b-963b87fe72af","2026-06-27 23:06:39.110","2026-07-11 06:37:40.835","54ec517d-6a8a-4a43-919b-963b87fe72af","[PREMIUM]","Used",2024,"Hyundai","PALISADE","Calligraphy","[PREMIUM]","[PREMIUM]",29142,"SUV","Gray","GRAY","Rear-wheel Drive",,,"Gasoline",,,"dealership","[PREMIUM]","El Paso","TX","[PREMIUM]",28,"[]",,,"[PREMIUM]"
"8e217244-7ef5-4051-81e0-4d1effb0455a","2026-06-27 23:06:39.091","2026-06-27 23:06:39.091","8e217244-7ef5-4051-81e0-4d1effb0455a","[PREMIUM]","Used",2026,"Tesla","Model 3","Premium","[PREMIUM]","[PREMIUM]",3721,"Sedan","Gray","BLACK","Rear-wheel Drive",,,"Electric",,,"dealership","[PREMIUM]","Montgomery","AL","[PREMIUM]",26,"[]",,,"[PREMIUM]"
"0c1a8f75-e0c2-4c67-9394-805bd978adad","2026-06-27 23:06:39.090","2026-07-27 01:51:32.986","0c1a8f75-e0c2-4c67-9394-805bd978adad","[PREMIUM]","Used",2024,"Mercedes-Benz","C-Class","C 300 4MATIC","[PREMIUM]","[PREMIUM]",20774,"Sedan","Black","AMG Neva Grey","All-wheel Drive",,,"Gasoline",,,"dealership","[PREMIUM]","Indianapolis","IN","[PREMIUM]",30,"[]",,,"[PREMIUM]"
"ddc43fcb-a81f-483b-ae9d-ff28bdaf027b","2026-06-27 23:06:39.088","2026-07-27 01:51:55.391","ddc43fcb-a81f-483b-ae9d-ff28bdaf027b","[PREMIUM]","Used",2024,"Kia","Telluride","S","[PREMIUM]","[PREMIUM]",21581,"SUV","Glacial White Pearl","Black","All-wheel Drive",,,"Gasoline",,,"dealership","[PREMIUM]","Cranston","RI","[PREMIUM]",27,"[]",,,"[PREMIUM]"
"44cd299c-de37-470d-add5-2b8e2a68e856","2026-06-27 23:06:39.083","2026-07-20 21:31:07.739","44cd299c-de37-470d-add5-2b8e2a68e856","[PREMIUM]","New",2026,"Toyota","C-HR","SE","[PREMIUM]","[PREMIUM]",0,"SUV","Overcast","Black","All-wheel Drive",,,"Electric",,,"dealership","[PREMIUM]","Springfield","PA","[PREMIUM]",1,"[]",,,"[PREMIUM]"
"1af69bf8-4b40-46d4-9a3b-8603d75ccb60","2026-06-27 23:06:39.081","2026-07-17 21:24:17.721","1af69bf8-4b40-46d4-9a3b-8603d75ccb60","[PREMIUM]","Used",2024,"Honda","Odyssey","Touring","[PREMIUM]","[PREMIUM]",30334,"Passenger Van","Crystal Black Pearl","Black","Front-wheel Drive",,,"Gasoline",,,"dealership","[PREMIUM]","Manhasset","NY","[PREMIUM]",37,"[]",,,"[PREMIUM]"
"5e48a853-e971-4290-9254-766b9ac64272","2026-06-27 23:06:39.075","2026-07-27 01:51:32.954","5e48a853-e971-4290-9254-766b9ac64272","[PREMIUM]","Used",2024,"Chevrolet","Silverado 1500","Custom","[PREMIUM]","[PREMIUM]",28047,"Truck","Black","Jet Black","Four-wheel Drive",,,"Gasoline",,,"dealership","[PREMIUM]","Jacksonville","NC","[PREMIUM]",41,"[]",,,"[PREMIUM]"
"11473fc7-76cc-4604-8776-31c0645dc836","2026-06-27 23:06:39.075","2026-07-04 14:58:41.978","11473fc7-76cc-4604-8776-31c0645dc836","[PREMIUM]","New",2026,"Toyota","RAV4","SE","[PREMIUM]","[PREMIUM]",2,"SUV","Ice Cap","Black","All-wheel Drive",,,"Gasoline",,,"dealership","[PREMIUM]","Springfield","PA","[PREMIUM]",1,"[]",,,"[PREMIUM]"
"8560d424-25db-4f92-8a14-66fa3f3b6da3","2026-06-27 23:06:38.862","2026-07-01 05:06:11.600","8560d424-25db-4f92-8a14-66fa3f3b6da3","[PREMIUM]","Used",2024,"Mazda","CX-90","Turbo Premium Plus","[PREMIUM]","[PREMIUM]",14470,"SUV","Red","BLACK","Four-wheel Drive",,,"Gasoline",,,"dealership","[PREMIUM]","Warner Robins","GA","[PREMIUM]",29,"[]",,,"[PREMIUM]"
"8a44fe39-a666-42ee-a672-6af2ef5c7b8a","2026-06-27 23:06:38.836","2026-07-27 01:51:32.743","8a44fe39-a666-42ee-a672-6af2ef5c7b8a","[PREMIUM]","Used",2024,"Genesis","G70","3.3T Sport Advanced","[PREMIUM]","[PREMIUM]",10075,"Sedan","Cavendish Red","Fog Gray 2-Tone","Rear-wheel Drive",,,"Gasoline",,,"dealership","[PREMIUM]","Snellville","GA","[PREMIUM]",9,"[]",,,"[PREMIUM]"
"fe47bf8d-0bc6-49a4-a7a5-f40b048d88a9","2026-06-27 23:06:38.801","2026-07-07 15:08:43.106","fe47bf8d-0bc6-49a4-a7a5-f40b048d88a9","[PREMIUM]","Used",2024,"Hyundai","PALISADE","Calligraphy","[PREMIUM]","[PREMIUM]",35187,"SUV","Burgundy","BLACK","Four-wheel Drive",,,"Gasoline",,,"dealership","[PREMIUM]","Orlando","FL","[PREMIUM]",29,"[]",,,"[PREMIUM]"
"4dbcd5e5-018f-4f85-970b-23e40a9daa97","2026-06-27 23:06:04.963","2026-07-07 15:08:30.776","4dbcd5e5-018f-4f85-970b-23e40a9daa97","[PREMIUM]","Used",2018,"Dodge","Challenger","R/T Scat Pack","[PREMIUM]","[PREMIUM]",66710,"Coupe","Black","BLACK","Rear-wheel Drive",,,"Gasoline",,,"dealership","[PREMIUM]","Murrieta","CA","[PREMIUM]",26,"[]",,,"[PREMIUM]"
"6a716213-785f-4511-8b5a-7c4051c6d6ba","2026-06-27 23:06:04.511","2026-07-07 15:08:30.702","6a716213-785f-4511-8b5a-7c4051c6d6ba","[PREMIUM]","Used",2020,"Toyota","Highlander","XLE","[PREMIUM]","[PREMIUM]",61375,"SUV","Black","GRAY","Four-wheel Drive",,,"Gasoline",,,"dealership","[PREMIUM]","Loveland","CO","[PREMIUM]",29,"[]",,,"[PREMIUM]"
"44137934-bda2-4c3b-bcba-3c99b7e46aec","2026-06-27 23:06:04.509","2026-07-27 01:51:00.337","44137934-bda2-4c3b-bcba-3c99b7e46aec","[PREMIUM]","Used",2017,"Mercedes-Benz","AMG C 63","S","[PREMIUM]","[PREMIUM]",86213,"Sedan","Black","Black","Rear-wheel Drive",,,"Gasoline",,,"dealership","[PREMIUM]","Pittsburgh","PA","[PREMIUM]",99,"[]",,,"[PREMIUM]"
"6eaea364-6447-44c4-b991-979e185d4cd7","2026-06-27 23:06:04.490","2026-07-20 21:31:07.065","6eaea364-6447-44c4-b991-979e185d4cd7","[PREMIUM]","Used",2020,"Jeep","Gladiator","Overland","[PREMIUM]","[PREMIUM]",30490,"Truck","Firecracker Red Clearcoat","Black","Four-wheel Drive",,,"Gasoline",,,"dealership","[PREMIUM]","Worthing","SD","[PREMIUM]",22,"[]",,,"[PREMIUM]"
"6993db22-faeb-44a2-9ee1-dbe99c5f76f6","2026-06-27 23:06:04.484","2026-07-23 23:18:20.618","6993db22-faeb-44a2-9ee1-dbe99c5f76f6","[PREMIUM]","Used",2016,"Toyota","Tacoma","TRD Sport","[PREMIUM]","[PREMIUM]",100668,"Truck","Inferno Red","Black/Orange","Four-wheel Drive",,,"Gasoline",,,"dealership","[PREMIUM]","Johnson City","TN","[PREMIUM]",44,"[]",,,"[PREMIUM]"
"f80081b3-e4d6-494a-897f-7178707c873e","2026-06-27 23:06:04.463","2026-06-27 23:06:04.463","f80081b3-e4d6-494a-897f-7178707c873e","[PREMIUM]","Used",2020,"Ford","Explorer","XLT","[PREMIUM]","[PREMIUM]",42016,"SUV","Iconic Silver Metallic","Ebony","Four-wheel Drive",,,"Gasoline",,,"dealership","[PREMIUM]","Gresham","OR","[PREMIUM]",15,"[]",,,"[PREMIUM]"
"770ac939-395e-4f51-8a4f-a85bc148ac5b","2026-06-27 23:06:04.427","2026-07-14 06:43:10.314","770ac939-395e-4f51-8a4f-a85bc148ac5b","[PREMIUM]","Used",2018,"RAM","2500","Tradesman Crew Cab 4x4 6&#39;4&#39; Box","[PREMIUM]","[PREMIUM]",101111,"Truck","Bright White Clearcoat","Diesel Gray/Black","Four-wheel Drive",,,"Diesel",,,"dealership","[PREMIUM]","Peotone","IL","[PREMIUM]",33,"[]",,,"[PREMIUM]"
"c67d1250-b2e5-43e8-90b6-8e4caf8fcb2d","2026-06-27 23:06:04.426","2026-07-01 05:05:58.018","c67d1250-b2e5-43e8-90b6-8e4caf8fcb2d","[PREMIUM]","Used",2020,"Land Rover","Range Rover","3.0L V6 Supercharged HSE","[PREMIUM]","[PREMIUM]",63776,"SUV","Charcoal","Black","Four-wheel Drive",,,"Gasoline",,,"dealership","[PREMIUM]","Brea","CA","[PREMIUM]",45,"[]",,,"[PREMIUM]"
"b6ba35f2-42e7-47ea-85c2-bd8a16d6e02c","2026-06-27 23:05:54.340","2026-07-27 01:51:00.042","b6ba35f2-42e7-47ea-85c2-bd8a16d6e02c","[PREMIUM]","Used",2021,"Toyota","RAV4","XLE Premium","[PREMIUM]","[PREMIUM]",9667,"SUV","Ruby Flare Pearl","Ash","All-wheel Drive",,,"Gasoline",,,"dealership","[PREMIUM]","Bethesda","MD","[PREMIUM]",31,"[]",,,"[PREMIUM]"
"34e424b8-1dd6-4a13-b8fe-a6525f745483","2026-06-27 23:05:54.308","2026-07-27 01:50:59.831","34e424b8-1dd6-4a13-b8fe-a6525f745483","[PREMIUM]","Used",2022,"Kia","Telluride","EX","[PREMIUM]","[PREMIUM]",94440,"SUV","Wolf Gray","Black","All-wheel Drive",,,"Gasoline",,,"dealership","[PREMIUM]","Nampa","ID","[PREMIUM]",17,"[]",,,"[PREMIUM]"
"21d375ce-5b76-4569-9243-47d232004b4e","2026-06-27 23:05:54.232","2026-06-27 23:05:54.232","21d375ce-5b76-4569-9243-47d232004b4e","[PREMIUM]","Used",2022,"Ford","F-150","XLT","[PREMIUM]","[PREMIUM]",81704,"Truck","Gray Metallic","Black","Four-wheel Drive",,,"Gasoline",,,"dealership","[PREMIUM]","Fort Worth","TX","[PREMIUM]",22,"[]",,,"[PREMIUM]"
"9c88e446-7a08-45ec-a601-1960d57ce101","2026-06-27 23:05:54.184","2026-07-07 15:08:17.440","9c88e446-7a08-45ec-a601-1960d57ce101","[PREMIUM]","Used",2022,"Honda","Odyssey","Touring","[PREMIUM]","[PREMIUM]",33508,"Passenger Van","Black","BLACK","Rear-wheel Drive",,,"Gasoline",,,"dealership","[PREMIUM]","Irvine","CA","[PREMIUM]",29,"[]",,,"[PREMIUM]"
"3b9c2588-ffdf-4311-bc37-f9cc83e14b8c","2026-06-27 23:05:54.156","2026-07-07 15:08:30.598","3b9c2588-ffdf-4311-bc37-f9cc83e14b8c","[PREMIUM]","Used",2022,"Jeep","Grand Cherokee L","Limited","[PREMIUM]","[PREMIUM]",29840,"SUV","Black","BLACK","Four-wheel Drive",,,"Gasoline",,,"dealership","[PREMIUM]","Wilmington","NC","[PREMIUM]",28,"[]",,,"[PREMIUM]"
"d46f5533-9303-4dbf-a04a-374e8db3c900","2026-06-27 23:05:54.148","2026-06-27 23:05:54.148","d46f5533-9303-4dbf-a04a-374e8db3c900","[PREMIUM]","Used",2022,"Tesla","Model Y","Performance","[PREMIUM]","[PREMIUM]",57290,"SUV","Black","BLACK","4WD",,,"Electric",,,"dealership","[PREMIUM]","Irvine","CA","[PREMIUM]",24,"[]",,,"[PREMIUM]"
"5b42c1d3-8aaf-4e69-8988-51e7db0fdce1","2026-06-27 23:05:54.131","2026-06-27 23:05:54.131","5b42c1d3-8aaf-4e69-8988-51e7db0fdce1","[PREMIUM]","Used",2022,"Honda","Odyssey","Touring","[PREMIUM]","[PREMIUM]",38790,"Passenger Van","Gray",,"Front-wheel Drive",,,"Gasoline",,,"dealership","[PREMIUM]","Paris","KY","[PREMIUM]",12,"[]",,,"[PREMIUM]"
"7b3ed69c-1616-4e9d-85e3-a815874cca2f","2026-06-27 23:05:54.130","2026-06-27 23:05:54.130","7b3ed69c-1616-4e9d-85e3-a815874cca2f","[PREMIUM]","Used",2022,"Mercedes-Benz","GLC 300",,"[PREMIUM]","[PREMIUM]",24712,"SUV","Blue","BROWN","Four-wheel Drive",,,"Gasoline",,,"dealership","[PREMIUM]","Las Vegas","NV","[PREMIUM]",25,"[]",,,"[PREMIUM]"
"93214685-33e0-4ea1-ba0f-3bf08aada4d8","2026-06-27 23:05:54.129","2026-07-27 01:51:32.976","93214685-33e0-4ea1-ba0f-3bf08aada4d8","[PREMIUM]","Used",2021,"Chevrolet","Silverado 1500","LTZ","[PREMIUM]","[PREMIUM]",119714,"Truck","Cherry Red Tintcoat","Jet Black","Four-wheel Drive",,,"Diesel",,,"dealership","[PREMIUM]","Richmond","KY","[PREMIUM]",15,"[]",,,"[PREMIUM]"
"904f884f-7cd4-4602-bb11-3f5d4fddfe3b","2026-06-27 23:05:54.115","2026-07-11 06:37:27.908","904f884f-7cd4-4602-bb11-3f5d4fddfe3b","[PREMIUM]","Used",2022,"Honda","Pilot","AWD Special Edition","[PREMIUM]","[PREMIUM]",50150,"SUV","White","Black","All-wheel Drive",,,"Gasoline",,,"dealership","[PREMIUM]","Saint Charles","IL","[PREMIUM]",33,"[]",,,"[PREMIUM]"
"def82cff-bf84-4f19-9a07-7c301def9eb5","2026-06-27 23:05:54.101","2026-07-27 01:51:00.049","def82cff-bf84-4f19-9a07-7c301def9eb5","[PREMIUM]","Used",2022,"RAM","1500","Big Horn/Lone Star","[PREMIUM]","[PREMIUM]",83403,"Truck","BLACK","Black","Four-wheel Drive",,,"Gasoline",,,"dealership","[PREMIUM]","Merriam","KS","[PREMIUM]",44,"[]",,,"[PREMIUM]"
"1e5f1c50-4c02-4133-9a74-919336a18e25","2026-06-27 23:05:54.095","2026-07-14 06:43:21.972","1e5f1c50-4c02-4133-9a74-919336a18e25","[PREMIUM]","Used",2022,"BMW","430","I Gran Coupe","[PREMIUM]","[PREMIUM]",49826,"Hatchback","White","BROWN","Rear-wheel Drive",,,"Gasoline",,,"dealership","[PREMIUM]","Fremont","CA","[PREMIUM]",27,"[]",,,"[PREMIUM]"
"c49a50b3-e528-4bdf-a347-4b57d107fc86","2026-06-27 23:05:54.093","2026-07-27 01:51:00.368","c49a50b3-e528-4bdf-a347-4b57d107fc86","[PREMIUM]","Used",2022,"Toyota","Tundra","SR5","[PREMIUM]","[PREMIUM]",107141,"Truck","Blueprint","Black","Four-wheel Drive",,,"Gasoline",,,"dealership","[PREMIUM]","Brighton","CO","[PREMIUM]",35,"[]",,,"[PREMIUM]"
"d363d3f6-416d-4783-8b44-3655e9ed1790","2026-06-27 23:05:54.080","2026-06-27 23:05:54.080","d363d3f6-416d-4783-8b44-3655e9ed1790","[PREMIUM]","Used",2022,"BMW","i4 Gran Coupe","eDrive40 Gran Coupe","[PREMIUM]","[PREMIUM]",42681,"Sedan","Black","BROWN","Rear-wheel Drive",,,"Electric",,,"dealership","[PREMIUM]","Duarte","CA","[PREMIUM]",27,"[]",,,"[PREMIUM]"
"72c2e98f-8c61-4ea5-919a-131dfaf981ad","2026-06-27 23:05:54.075","2026-07-27 01:51:00.481","72c2e98f-8c61-4ea5-919a-131dfaf981ad","[PREMIUM]","Used",2022,"Ford","Expedition","XLT","[PREMIUM]","[PREMIUM]",108356,"SUV","Dark Matter Metallic","Sandstone","Rear-wheel Drive",,,"Gasoline",,,"dealership","[PREMIUM]","Abilene","TX","[PREMIUM]",25,"[]",,,"[PREMIUM]"
"1dacfa44-cbab-4c85-b442-a83bfd30dd47","2026-06-27 23:05:54.074","2026-07-14 06:43:10.366","1dacfa44-cbab-4c85-b442-a83bfd30dd47","[PREMIUM]","Used",2022,"Chevrolet","Silverado 1500 Limited","LTZ","[PREMIUM]","[PREMIUM]",102481,"Truck","Cherry Red Tintcoat","Gideon","Four-wheel Drive",,,"Gasoline",,,"dealership","[PREMIUM]","Paris","KY","[PREMIUM]",8,"[]",,,"[PREMIUM]"
"f3dfdbbb-4e45-4683-bc4e-11b311bef9a1","2026-06-27 23:05:54.050","2026-07-01 05:05:56.454","f3dfdbbb-4e45-4683-bc4e-11b311bef9a1","[PREMIUM]","Used",2022,"BMW","X3","xDrive30i","[PREMIUM]","[PREMIUM]",36822,"SUV","Brooklyn Gray Metallic","Oyster","All-wheel Drive",,,"Gasoline",,,"dealership","[PREMIUM]","Austin","TX","[PREMIUM]",36,"[]",,,"[PREMIUM]"
"34ad2125-5d14-41c8-b8d2-fbe579bbc4d8","2026-06-27 23:05:43.613","2026-07-20 21:31:06.522","34ad2125-5d14-41c8-b8d2-fbe579bbc4d8","[PREMIUM]","New",2026,"Chevrolet","Trailblazer","RS","[PREMIUM]","[PREMIUM]",2,"SUV","Sterling Gray Metallic","Jet Black w/Red Accents","All-wheel Drive",,,"Gasoline",,,"dealership","[PREMIUM]","Springfield","MO","[PREMIUM]",30,"[]",,,"[PREMIUM]"
"19502546-682d-4937-98e1-01c96769c2dc","2026-06-27 23:05:43.591","2026-07-27 01:51:21.131","19502546-682d-4937-98e1-01c96769c2dc","[PREMIUM]","New",2026,"Chevrolet","Trailblazer","RS","[PREMIUM]","[PREMIUM]",3,"SUV","Marina Blue Metallic","Jet Black w/Red Accents","All-wheel Drive",,,"Gasoline",,,"dealership","[PREMIUM]","Springfield","MO","[PREMIUM]",30,"[]",,,"[PREMIUM]"
"2dd6e58d-c0f8-412f-9cce-9c1e4a52b51e","2026-06-27 23:05:43.563","2026-07-04 14:58:29.153","2dd6e58d-c0f8-412f-9cce-9c1e4a52b51e","[PREMIUM]","Used",2026,"GMC","Terrain","Elevation","[PREMIUM]","[PREMIUM]",8312,"SUV","Red","BLACK","Rear-wheel Drive",,,"Gasoline",,,"dealership","[PREMIUM]","Midland","TX","[PREMIUM]",26,"[]",,,"[PREMIUM]"
"16e4fca0-0cde-4cc4-9465-c3667f4214f1","2026-06-27 23:05:43.550","2026-06-27 23:05:43.550","16e4fca0-0cde-4cc4-9465-c3667f4214f1","[PREMIUM]","New",2026,"Ford","Maverick","XLT","[PREMIUM]","[PREMIUM]",0,"Truck","Carbonized Gray Metallic","Blue","Front-wheel Drive",,,"Hybrid",,,"dealership","[PREMIUM]","Hawthorne","CA","[PREMIUM]",24,"[]",,,"[PREMIUM]"
"e7e39a97-e475-4581-a14c-70ade24381ec","2026-06-27 23:05:43.531","2026-06-27 23:05:43.531","e7e39a97-e475-4581-a14c-70ade24381ec","[PREMIUM]","Used",2025,"Audi","A3","Premium","[PREMIUM]","[PREMIUM]",686,"Sedan","White","BLACK","Four-wheel Drive",,,"Gasoline",,,"dealership","[PREMIUM]","Norcross","GA","[PREMIUM]",25,"[]",,,"[PREMIUM]"
"1754540a-0d9a-4ebd-a214-d7ad069a67a1","2026-06-27 23:05:43.508","2026-07-07 15:08:30.612","1754540a-0d9a-4ebd-a214-d7ad069a67a1","[PREMIUM]","Used",2024,"Volkswagen","Atlas","SEL","[PREMIUM]","[PREMIUM]",51242,"SUV","White","BROWN","Four-wheel Drive",,,"Gasoline",,,"dealership","[PREMIUM]","Columbia","SC","[PREMIUM]",25,"[]",,,"[PREMIUM]"
"21586c38-3c10-47d0-a946-8b1a292661fc","2026-06-27 23:05:43.502","2026-07-27 01:51:32.897","21586c38-3c10-47d0-a946-8b1a292661fc","[PREMIUM]","New",2026,"Buick","Envista","Sport Touring FWD","[PREMIUM]","[PREMIUM]",7,"SUV","Ocean Blue Metallic","Ebony w/Santorini Blue Stitching","Front-wheel Drive",,,"Gasoline",,,"dealership","[PREMIUM]","San Antonio","TX","[PREMIUM]",32,"[]",,,"[PREMIUM]"
"e80d6e85-8a66-483b-8acc-e59ec1540f5c","2026-06-27 23:05:43.493","2026-07-04 14:58:30.143","e80d6e85-8a66-483b-8acc-e59ec1540f5c","[PREMIUM]","Used",2023,"Kia","Sportage Hybrid","SX Prestige","[PREMIUM]","[PREMIUM]",15042,"SUV","Gray","BROWN","Four-wheel Drive",,,"Hybrid",,,"dealership","[PREMIUM]","Gilbert","AZ","[PREMIUM]",28,"[]",,,"[PREMIUM]"
"db1a1f54-6782-4f06-8935-56999d6b845d","2026-06-27 23:05:43.483","2026-07-27 01:51:33.204","db1a1f54-6782-4f06-8935-56999d6b845d","[PREMIUM]","New",2026,"Chevrolet","Trailblazer","RS","[PREMIUM]","[PREMIUM]",2,"SUV","Marina Blue Metallic","Jet Black w/Red Accents","Front-wheel Drive",,,"Gasoline",,,"dealership","[PREMIUM]","Springfield","MO","[PREMIUM]",30,"[]",,,"[PREMIUM]"
"61bafbc3-3bec-4410-9f70-2681029164c0","2026-06-27 23:05:43.454","2026-06-27 23:05:43.454","61bafbc3-3bec-4410-9f70-2681029164c0","[PREMIUM]","Used",2023,"Tesla","Model Y","Long Range","[PREMIUM]","[PREMIUM]",29000,"SUV","White","BLACK","All-wheel Drive",,,"Electric",,,"dealership","[PREMIUM]","Duarte","CA","[PREMIUM]",20,"[]",,,"[PREMIUM]"
"e9652252-4fd3-4f81-b958-6c3050e0e75a","2026-06-27 23:05:43.454","2026-06-27 23:05:43.454","e9652252-4fd3-4f81-b958-6c3050e0e75a","[PREMIUM]","Used",2024,"Mazda","CX-90 PHEV","Preferred","[PREMIUM]","[PREMIUM]",23408,"SUV","Black","BLACK","Four-wheel Drive",,,"Plug-In Hybrid",,,"dealership","[PREMIUM]","White Marsh","MD","[PREMIUM]",19,"[]",,,"[PREMIUM]"
"fa9b3b38-532a-4841-a09f-56429d0466f4","2026-06-27 23:05:43.441","2026-07-01 05:05:56.419","fa9b3b38-532a-4841-a09f-56429d0466f4","[PREMIUM]","Used",2024,"BMW","330","I","[PREMIUM]","[PREMIUM]",30629,"Sedan","White","BLACK","Rear-wheel Drive",,,"Gasoline",,,"dealership","[PREMIUM]","Stockbridge","GA","[PREMIUM]",27,"[]",,,"[PREMIUM]"
"05ade3c0-85a9-4ee9-93c2-811bb45d1a6d","2026-06-27 23:05:43.436","2026-06-27 23:05:43.436","05ade3c0-85a9-4ee9-93c2-811bb45d1a6d","[PREMIUM]","Used",2024,"Genesis","GV80",,"[PREMIUM]","[PREMIUM]",36292,"SUV","Blue","BLACK","Four-wheel Drive",,,"Gasoline",,,"dealership","[PREMIUM]","Golden","CO","[PREMIUM]",26,"[]",,,"[PREMIUM]"
"cd4abce3-7213-4731-9d9b-43fc984d3925","2026-06-27 23:05:43.434","2026-07-27 01:50:59.869","cd4abce3-7213-4731-9d9b-43fc984d3925","[PREMIUM]","Used",2023,"INFINITI","QX60","Luxe","[PREMIUM]","[PREMIUM]",24513,"SUV","White","BLACK","Rear-wheel Drive",,,"Gasoline",,,"dealership","[PREMIUM]","Fairfield","CA","[PREMIUM]",29,"[]",,,"[PREMIUM]"
"1318521e-a202-4590-8e8f-37579e7dafa6","2026-06-27 23:05:43.421","2026-07-14 06:43:10.591","1318521e-a202-4590-8e8f-37579e7dafa6","[PREMIUM]","Used",2025,"Kia","Sorento","S","[PREMIUM]","[PREMIUM]",6222,"SUV","Gray","BLACK","Rear-wheel Drive",,,"Gasoline",,,"dealership","[PREMIUM]","Merriam","KS","[PREMIUM]",29,"[]",,,"[PREMIUM]"
"f9a6efa6-d469-4d7d-adec-6acbf90017a9","2026-06-27 23:05:43.421","2026-07-27 01:51:21.135","f9a6efa6-d469-4d7d-adec-6acbf90017a9","[PREMIUM]","Used",2025,"Nissan","Murano","SV","[PREMIUM]","[PREMIUM]",4956,"SUV","Gray","BLACK","Four-wheel Drive",,,"Gasoline",,,"dealership","[PREMIUM]","Tucson","AZ","[PREMIUM]",25,"[]",,,"[PREMIUM]"
"0cc744b9-fd70-4c6e-bf9f-d3447fdd13d8","2026-06-27 23:05:43.420","2026-07-27 01:50:59.686","0cc744b9-fd70-4c6e-bf9f-d3447fdd13d8","[PREMIUM]","Used",2025,"Jeep","Grand Cherokee L","Limited","[PREMIUM]","[PREMIUM]",30326,"SUV","Bright White Clearcoat","Global Black","Rear-wheel Drive",,,"Gasoline",,,"dealership","[PREMIUM]","Gainesville","FL","[PREMIUM]",11,"[]",,,"[PREMIUM]"
"f1db9fde-ca63-478b-a594-6cabd812e280","2026-06-27 23:05:43.419","2026-06-27 23:05:43.419","f1db9fde-ca63-478b-a594-6cabd812e280","[PREMIUM]","Used",2024,"Volkswagen","Tiguan","SE R-Line Black","[PREMIUM]","[PREMIUM]",11639,"SUV","Silver","BLACK","Four-wheel Drive",,,"Gasoline",,,"dealership","[PREMIUM]","Parker","CO","[PREMIUM]",27,"[]",,,"[PREMIUM]"
"27ada48c-a226-42b9-9127-247270989539","2026-06-27 23:05:43.415","2026-06-27 23:05:43.415","27ada48c-a226-42b9-9127-247270989539","[PREMIUM]","Used",2024,"BMW","330","I","[PREMIUM]","[PREMIUM]",33434,"Sedan","Gray","BROWN","2WD",,,"Gas",,,"dealership","[PREMIUM]","Oklahoma City","OK","[PREMIUM]",27,"[]",,,"[PREMIUM]"
"9ccdfba3-cbac-46f0-8f10-d12d66a70919","2026-06-27 23:05:33.086","2026-07-27 01:51:32.996","9ccdfba3-cbac-46f0-8f10-d12d66a70919","[PREMIUM]","New",2027,"Kia","Seltos","X-Line S","[PREMIUM]","[PREMIUM]",2,"SUV","Frost Blue","Black","All-wheel Drive",,,"Gasoline",,,"dealership","[PREMIUM]","Longmont","CO","[PREMIUM]",27,"[]",,,"[PREMIUM]"
"fbc15651-89f1-4fe3-bda9-3ee63e5a5648","2026-06-27 23:05:33.081","2026-07-27 01:50:59.853","fbc15651-89f1-4fe3-bda9-3ee63e5a5648","[PREMIUM]","New",2027,"Kia","Seltos","X-Line S","[PREMIUM]","[PREMIUM]",2,"SUV","Snow White Pearl","Black","All-wheel Drive",,,"Gasoline",,,"dealership","[PREMIUM]","Longmont","CO","[PREMIUM]",27,"[]",,,"[PREMIUM]"
"1cee8919-ed7a-46a6-bb3f-19a76c0f7df2","2026-06-27 23:05:32.995","2026-07-27 01:51:00.406","1cee8919-ed7a-46a6-bb3f-19a76c0f7df2","[PREMIUM]","New",2027,"Kia","Seltos","X-Line S","[PREMIUM]","[PREMIUM]",2,"SUV","Magma Red Matte","Black","All-wheel Drive",,,"Gasoline",,,"dealership","[PREMIUM]","Longmont","CO","[PREMIUM]",27,"[]",,,"[PREMIUM]"
"c992f7bd-cec7-4abf-a928-560521577efa","2026-06-27 23:05:22.692","2026-07-27 01:51:32.914","c992f7bd-cec7-4abf-a928-560521577efa","[PREMIUM]","Used",2014,"Jaguar","F-TYPE","2dr Conv V6","[PREMIUM]","[PREMIUM]",46620,"Convertible","Indigo Blue Metallic","Gray","Rear-wheel Drive",,,"Gasoline",,,"dealership","[PREMIUM]","Pittsburgh","PA","[PREMIUM]",14,"[]",,,"[PREMIUM]"
"c03ce95f-0a35-48e3-8c65-3841cb7d52b5","2026-06-27 23:05:22.618","2026-07-27 01:51:33.181","c03ce95f-0a35-48e3-8c65-3841cb7d52b5","[PREMIUM]","Used",2014,"Audi","S5","3.0T Premium Plus","[PREMIUM]","[PREMIUM]",22245,"Convertible","Silver","Black","All-wheel Drive",,,"Gasoline",,,"dealership","[PREMIUM]","Pittsburgh","PA","[PREMIUM]",99,"[]",,,"[PREMIUM]"
"017a784e-3785-4071-8b41-5ae4bfc2c938","2026-06-27 23:05:02.819","2026-06-27 23:05:02.819","017a784e-3785-4071-8b41-5ae4bfc2c938","[PREMIUM]","Used",2019,"Mazda","MX-5 Miata","RF Club","[PREMIUM]","[PREMIUM]",38644,"Convertible","Red","BLACK","Rear-wheel Drive",,,"Gasoline",,,"dealership","[PREMIUM]","Colma","CA","[PREMIUM]",24,"[]",,,"[PREMIUM]"
"f277c996-f5bf-4cb1-b88c-841ac441b82a","2026-06-27 23:05:02.672","2026-07-14 06:43:10.750","f277c996-f5bf-4cb1-b88c-841ac441b82a","[PREMIUM]","Used",2019,"Chevrolet","Silverado 1500","RST","[PREMIUM]","[PREMIUM]",95248,"Truck","Summit White","Jet Black","Four-wheel Drive",,,"Gasoline",,,"dealership","[PREMIUM]","Naperville","IL","[PREMIUM]",32,"[]",,,"[PREMIUM]"
"ccd30f3d-510e-45a2-a142-7983639d8a38","2026-06-27 23:05:02.622","2026-06-27 23:05:02.622","ccd30f3d-510e-45a2-a142-7983639d8a38","[PREMIUM]","Used",2015,"Chevrolet","Silverado 2500","High Country","[PREMIUM]","[PREMIUM]",157410,"Truck","Black","Saddle","Four-wheel Drive",,,"Diesel",,,"dealership","[PREMIUM]","New Braunfels","TX","[PREMIUM]",27,"[]",,,"[PREMIUM]"
"a2eaf410-e256-4ba3-a9ee-eff11cd84fa7","2026-06-27 23:05:02.574","2026-07-04 14:58:29.168","a2eaf410-e256-4ba3-a9ee-eff11cd84fa7","[PREMIUM]","Used",2020,"Toyota","RAV4","XLE","[PREMIUM]","[PREMIUM]",52761,"SUV","Super White","Black","All-wheel Drive",,,"Gasoline",,,"dealership","[PREMIUM]","Gaithersburg","MD","[PREMIUM]",30,"[]",,,"[PREMIUM]"
"0794954a-0c88-4c20-bb62-cfdf9369cde2","2026-06-27 23:05:02.555","2026-07-04 14:58:30.078","0794954a-0c88-4c20-bb62-cfdf9369cde2","[PREMIUM]","Used",2020,"Land Rover","Range Rover Evoque","R-Dynamic SE","[PREMIUM]","[PREMIUM]",56091,"SUV","White","BLUE","Four-wheel Drive",,,"Gasoline",,,"dealership","[PREMIUM]","Kennesaw","GA","[PREMIUM]",27,"[]",,,"[PREMIUM]"
"b04c7b26-29ce-4e8a-ae7e-226c64743800","2026-06-27 23:05:02.517","2026-07-04 14:58:30.089","b04c7b26-29ce-4e8a-ae7e-226c64743800","[PREMIUM]","Used",2020,"Lexus","ES 350","Base","[PREMIUM]","[PREMIUM]",67534,"Sedan","Eminent White","Beige","Front-wheel Drive",,,"Gasoline",,,"dealership","[PREMIUM]","Nashville","TN","[PREMIUM]",39,"[]",,,"[PREMIUM]"
"961977f5-1d8a-453b-87db-2946ef0f2543","2026-06-27 23:05:02.509","2026-07-01 05:05:56.395","961977f5-1d8a-453b-87db-2946ef0f2543","[PREMIUM]","Used",2020,"Toyota","RAV4","XLE","[PREMIUM]","[PREMIUM]",37391,"SUV","White","GRAY","Four-wheel Drive",,,"Gasoline",,,"dealership","[PREMIUM]","Fremont","CA","[PREMIUM]",25,"[]",,,"[PREMIUM]"
"b26430a1-aa6c-4a8b-ae81-8301046989f4","2026-06-27 23:05:02.441","2026-07-01 05:05:56.432","b26430a1-aa6c-4a8b-ae81-8301046989f4","[PREMIUM]","Used",2019,"RAM","1500 Classic","Bighorn","[PREMIUM]","[PREMIUM]",100786,"Truck","Black","GRAY","Four-wheel Drive",,,"Gasoline",,,"dealership","[PREMIUM]","Memphis","TN","[PREMIUM]",25,"[]",,,"[PREMIUM]"
"969ca594-fb14-4961-8ce5-ee7d3fbcd15b","2026-06-27 23:05:02.415","2026-07-07 15:08:30.685","969ca594-fb14-4961-8ce5-ee7d3fbcd15b","[PREMIUM]","Used",2018,"Subaru","Forester","2.5I Touring","[PREMIUM]","[PREMIUM]",17670,"SUV","Blue","BLACK","Four-wheel Drive",,,"Gasoline",,,"dealership","[PREMIUM]","O'Fallon","IL","[PREMIUM]",27,"[]",,,"[PREMIUM]"
"092da645-a177-4e8b-9df2-abaa02aa411d","2026-06-27 23:05:02.409","2026-07-17 21:24:17.585","092da645-a177-4e8b-9df2-abaa02aa411d","[PREMIUM]","Used",2016,"GMC","Sierra 1500","SLT","[PREMIUM]","[PREMIUM]",98007,"Truck","Quicksilver Metallic","Jet Black","Four-wheel Drive",,,"Gasoline",,,"dealership","[PREMIUM]","Georgetown","KY","[PREMIUM]",28,"[]",,,"[PREMIUM]"
"a332974c-99f7-475d-b0e7-9d8943177d68","2026-06-27 23:05:02.400","2026-06-27 23:05:02.400","a332974c-99f7-475d-b0e7-9d8943177d68","[PREMIUM]","Used",2018,"Mercedes-Benz","GLE 350",,"[PREMIUM]","[PREMIUM]",18106,"SUV","Gray","TAN","Rear-wheel Drive",,,"Gasoline",,,"dealership","[PREMIUM]","Houston","TX","[PREMIUM]",20,"[]",,,"[PREMIUM]"
"3d30ff2e-adc4-4495-aed6-ac3689cf75d3","2026-06-27 23:05:02.386","2026-07-07 15:08:30.307","3d30ff2e-adc4-4495-aed6-ac3689cf75d3","[PREMIUM]","Used",2018,"Ford","F-150","XLT","[PREMIUM]","[PREMIUM]",24614,"Truck","Gray","BLACK","Rear-wheel Drive",,,"Gasoline",,,"dealership","[PREMIUM]","Naples","FL","[PREMIUM]",25,"[]",,,"[PREMIUM]"
"c2d1d231-ebf7-4c67-b2c8-61d45581a0c7","2026-06-27 23:05:02.372","2026-07-23 23:18:19.431","c2d1d231-ebf7-4c67-b2c8-61d45581a0c7","[PREMIUM]","Used",2019,"Maserati","Ghibli","S Q4 GranLusso","[PREMIUM]","[PREMIUM]",54353,"Sedan","Black","Nero","All-wheel Drive",,,"Gasoline",,,"dealership","[PREMIUM]","Magnolia","NJ","[PREMIUM]",40,"[]",,,"[PREMIUM]"
"ef7c59ed-39e2-4645-a2fc-a4f540a661e6","2026-06-27 23:04:52.232","2026-07-01 05:05:56.470","ef7c59ed-39e2-4645-a2fc-a4f540a661e6","[PREMIUM]","Used",2023,"Ford","Mustang Mach-E","Select","[PREMIUM]","[PREMIUM]",29823,"SUV","Space White Metallic","Black Onyx","Rear-wheel Drive",,,"Electric",,,"dealership","[PREMIUM]","Hawthorne","CA","[PREMIUM]",3,"[]",,,"[PREMIUM]"
"c277072b-326b-4d2f-95d1-9b19fb318627","2026-06-27 23:04:51.954","2026-06-27 23:04:51.954","c277072b-326b-4d2f-95d1-9b19fb318627","[PREMIUM]","Used",2022,"Jeep","Wrangler","Sport S","[PREMIUM]","[PREMIUM]",46131,"SUV","Green","BLACK","Four-wheel Drive",,,"Gasoline",,,"dealership","[PREMIUM]","Edison","NJ","[PREMIUM]",25,"[]",,,"[PREMIUM]"
"8a90eb84-5369-4496-9ebf-71569c8b14b1","2026-06-27 23:04:51.902","2026-07-01 05:05:56.464","8a90eb84-5369-4496-9ebf-71569c8b14b1","[PREMIUM]","Used",2024,"Hyundai","IONIQ 5","SE","[PREMIUM]","[PREMIUM]",19523,"SUV","Black","BLACK","Rear-wheel Drive",,,"Electric",,,"dealership","[PREMIUM]","Palmdale","CA","[PREMIUM]",26,"[]",,,"[PREMIUM]"
"8cbe74f4-5d88-4d30-a0bf-adc93cc15f3b","2026-06-27 23:04:51.856","2026-07-01 05:05:56.537","8cbe74f4-5d88-4d30-a0bf-adc93cc15f3b","[PREMIUM]","Used",2024,"Hyundai","IONIQ 5","SE","[PREMIUM]","[PREMIUM]",17643,"SUV","Blue","BLACK","Rear-wheel Drive",,,"Electric",,,"dealership","[PREMIUM]","Palmdale","CA","[PREMIUM]",26,"[]",,,"[PREMIUM]"
"972345fa-f346-4a2e-91e0-3b634781782d","2026-06-27 23:04:51.761","2026-06-27 23:04:51.761","972345fa-f346-4a2e-91e0-3b634781782d","[PREMIUM]","Used",2022,"Mercedes-Benz","GLB 250",,"[PREMIUM]","[PREMIUM]",38660,"SUV","Brown","BLACK","Four-wheel Drive",,,"Gasoline",,,"dealership","[PREMIUM]","Nashville","TN","[PREMIUM]",27,"[]",,,"[PREMIUM]"
"e81fa1ed-ad73-454b-82df-547e0edb5bff","2026-06-27 23:04:51.751","2026-07-27 01:51:32.960","e81fa1ed-ad73-454b-82df-547e0edb5bff","[PREMIUM]","Used",2023,"Subaru","WRX","Premium","[PREMIUM]","[PREMIUM]",11820,"Sedan","WR Blue Pearl","Carbon Black","All-wheel Drive",,,"Gasoline",,,"dealership","[PREMIUM]","Brea","CA","[PREMIUM]",37,"[]",,,"[PREMIUM]"
"5739696a-ad65-4cb4-a2e3-76931bc5b59d","2026-06-27 23:04:51.744","2026-06-27 23:04:51.744","5739696a-ad65-4cb4-a2e3-76931bc5b59d","[PREMIUM]","Used",2022,"Toyota","Tacoma","SR","[PREMIUM]","[PREMIUM]",50736,"Truck","Gray","GRAY","Rear-wheel Drive",,,"Gasoline",,,"dealership","[PREMIUM]","Ontario","CA","[PREMIUM]",26,"[]",,,"[PREMIUM]"
"5bc4b2aa-06fb-4a08-b4cb-4e951046fc58","2026-06-27 23:04:51.700","2026-06-27 23:04:51.700","5bc4b2aa-06fb-4a08-b4cb-4e951046fc58","[PREMIUM]","Used",2023,"Volkswagen","ID.4","PRO S","[PREMIUM]","[PREMIUM]",18727,"SUV","Silver","BLACK","Rear-wheel Drive",,,"Electric",,,"dealership","[PREMIUM]","Charlotte","NC","[PREMIUM]",26,"[]",,,"[PREMIUM]"
"56723298-feb1-4330-9157-4bee02b9143e","2026-06-27 23:04:51.692","2026-07-17 21:24:17.869","56723298-feb1-4330-9157-4bee02b9143e","[PREMIUM]","Used",2023,"Nissan","Rogue","Platinum","[PREMIUM]","[PREMIUM]",17197,"SUV","Gray","BLACK","Four-wheel Drive",,,"Gasoline",,,"dealership","[PREMIUM]","Midlothian","VA","[PREMIUM]",28,"[]",,,"[PREMIUM]"
"b745bc84-5d8b-44ed-8d95-0b9fc5f5b425","2026-06-27 23:04:51.688","2026-06-27 23:04:51.688","b745bc84-5d8b-44ed-8d95-0b9fc5f5b425","[PREMIUM]","Used",2023,"Nissan","Rogue","SL","[PREMIUM]","[PREMIUM]",21164,"SUV","White","GRAY","4WD",,,"Gas",,,"dealership","[PREMIUM]","Hillside","IL","[PREMIUM]",26,"[]",,,"[PREMIUM]"
"a78a7bf4-7b20-411a-a3fb-7334f6310694","2026-06-27 23:04:51.679","2026-07-04 14:58:29.154","a78a7bf4-7b20-411a-a3fb-7334f6310694","[PREMIUM]","Used",2021,"Ford","Bronco Sport","Outer Banks","[PREMIUM]","[PREMIUM]",34511,"SUV","Brown","BLACK","Four-wheel Drive",,,"Gasoline",,,"dealership","[PREMIUM]","Midland","TX","[PREMIUM]",26,"[]",,,"[PREMIUM]"
"11127fac-de98-4275-99e1-96743e4d885f","2026-06-27 23:04:41.841","2026-07-23 23:18:19.069","11127fac-de98-4275-99e1-96743e4d885f","[PREMIUM]","New",2025,"Ford","Maverick","XL","[PREMIUM]","[PREMIUM]",62,"Truck","Oxford White","Black Onyx/Dark Slate","All-wheel Drive",,,"Gasoline",,,"dealership","[PREMIUM]","Lake Wales","FL","[PREMIUM]",5,"[]",,,"[PREMIUM]"
"fb55c8a5-65ce-4d43-8e82-c88484babbbe","2026-06-27 23:04:41.751","2026-06-27 23:04:41.751","fb55c8a5-65ce-4d43-8e82-c88484babbbe","[PREMIUM]","Used",2025,"Nissan","Rogue","SL","[PREMIUM]","[PREMIUM]",7164,"SUV","Red","BLACK","Rear-wheel Drive",,,"Gasoline",,,"dealership","[PREMIUM]","Jensen Beach","FL","[PREMIUM]",25,"[]",,,"[PREMIUM]"
"d5c6fa8a-7f56-4c76-96f4-b22f2c82f229","2026-06-27 23:04:41.638","2026-07-27 01:50:59.563","d5c6fa8a-7f56-4c76-96f4-b22f2c82f229","[PREMIUM]","New",2026,"Toyota","Corolla Hybrid","LE","[PREMIUM]","[PREMIUM]",10,"Sedan","Ice Cap","Black","Front-wheel Drive",,,"Hybrid",,,"dealership","[PREMIUM]","Holiday","FL","[PREMIUM]",1,"[]",,,"[PREMIUM]"
"0e0070e6-5b98-420d-8083-c24aaa0588d1","2026-06-27 23:04:41.565","2026-07-27 01:51:33.015","0e0070e6-5b98-420d-8083-c24aaa0588d1","[PREMIUM]","New",2026,"Hyundai","VENUE","SEL","[PREMIUM]","[PREMIUM]",15,"SUV","Lunar White","Gray","Front-wheel Drive",,,"Gasoline",,,"dealership","[PREMIUM]","Cocoa","FL","[PREMIUM]",17,"[]",,,"[PREMIUM]"
"b8886812-d4c5-4be6-9254-1210aa70d05e","2026-06-27 23:04:41.562","2026-07-04 14:58:29.440","b8886812-d4c5-4be6-9254-1210aa70d05e","[PREMIUM]","New",2026,"Toyota","Corolla","SE","[PREMIUM]","[PREMIUM]",10,"Hatchback","Blue Crush Metallic/Midnight Black Metallic","Black","Front-wheel Drive",,,"Gasoline",,,"dealership","[PREMIUM]","Seaside","CA","[PREMIUM]",15,"[]",,,"[PREMIUM]"
"86e6f729-fbb4-430b-865a-5f774ae45822","2026-06-27 23:04:41.548","2026-06-27 23:04:41.548","86e6f729-fbb4-430b-865a-5f774ae45822","[PREMIUM]","New",2026,"Toyota","Corolla","SE","[PREMIUM]","[PREMIUM]",2,"Sedan","Celestite","Black/Red","Front-wheel Drive",,,"Gasoline",,,"dealership","[PREMIUM]","Peoria","AZ","[PREMIUM]",15,"[]",,,"[PREMIUM]"
"033e6bae-114b-455e-b578-93532f748030","2026-06-27 23:04:41.547","2026-07-01 05:05:56.457","033e6bae-114b-455e-b578-93532f748030","[PREMIUM]","New",2026,"Buick","Envista","Sport Touring FWD","[PREMIUM]","[PREMIUM]",15,"SUV","Summit White","Ebony w/Santorini Blue Stitching","Front-wheel Drive",,,"Gasoline",,,"dealership","[PREMIUM]","West Plains","MO","[PREMIUM]",32,"[]",,,"[PREMIUM]"
"7e85856d-3617-4545-a94e-f3ad90c274bb","2026-06-27 23:04:41.545","2026-07-04 14:58:29.399","7e85856d-3617-4545-a94e-f3ad90c274bb","[PREMIUM]","New",2026,"Nissan","Sentra","SR","[PREMIUM]","[PREMIUM]",15,"Sedan","Super Black","Sport","Front-wheel Drive",,,"Gasoline",,,"dealership","[PREMIUM]","City of Industry","CA","[PREMIUM]",23,"[]",,,"[PREMIUM]"
"dedcd28e-cd7c-41e8-bd29-192a17277f31","2026-06-27 23:04:41.501","2026-07-01 05:05:56.535","dedcd28e-cd7c-41e8-bd29-192a17277f31","[PREMIUM]","Used",2025,"Mazda","CX-5","2.5 S Select Package","[PREMIUM]","[PREMIUM]",4190,"SUV","Deep Crystal Blue Mica","Black","All-wheel Drive",,,"Gasoline",,,"dealership","[PREMIUM]","Chantilly","VA","[PREMIUM]",30,"[]",,,"[PREMIUM]"
"29818798-02fd-4e91-8525-36384bdca205","2026-06-27 23:04:41.470","2026-06-27 23:04:41.470","29818798-02fd-4e91-8525-36384bdca205","[PREMIUM]","Used",2026,"Buick","Envista","Preferred FWD","[PREMIUM]","[PREMIUM]",7354,"SUV","Moonstone Gray Metallic","Ebony w/Ebony Interior","Front-wheel Drive",,,"Gasoline",,,"dealership","[PREMIUM]","Duluth","GA","[PREMIUM]",35,"[]",,,"[PREMIUM]"
"b071f746-ea3a-461a-a17c-44f53b34b192","2026-06-27 23:04:41.469","2026-07-01 05:05:56.376","b071f746-ea3a-461a-a17c-44f53b34b192","[PREMIUM]","New",2026,"Toyota","Corolla Hybrid","LE","[PREMIUM]","[PREMIUM]",0,"Sedan","Classic Silver Metallic","Light Gray","Front-wheel Drive",,,"Hybrid",,,"dealership","[PREMIUM]","Springfield","PA","[PREMIUM]",1,"[]",,,"[PREMIUM]"
"c552ce03-3af5-4398-abdf-685dde1711ad","2026-06-27 23:04:41.449","2026-07-01 05:05:56.432","c552ce03-3af5-4398-abdf-685dde1711ad","[PREMIUM]","Used",2025,"Buick","Envista","Preferred","[PREMIUM]","[PREMIUM]",4087,"SUV","White","BLACK","Rear-wheel Drive",,,"E85 Flex Fuel",,,"dealership","[PREMIUM]","Columbia","SC","[PREMIUM]",25,"[]",,,"[PREMIUM]"
"ec73d480-14ad-48b4-a581-82ea95d81c61","2026-06-27 23:04:21.700","2026-07-01 05:05:56.433","ec73d480-14ad-48b4-a581-82ea95d81c61","[PREMIUM]","Used",2015,"Chevrolet","Silverado 1500","High Country","[PREMIUM]","[PREMIUM]",101848,"Truck","Brownstone Metallic","Saddle","Four-wheel Drive",,,"Gasoline",,,"dealership","[PREMIUM]","Warrenton","VA","[PREMIUM]",26,"[]",,,"[PREMIUM]"
"3ac07f46-5f33-4bff-95e1-9270674aa95f","2026-06-27 23:04:21.189","2026-07-07 15:08:30.684","3ac07f46-5f33-4bff-95e1-9270674aa95f","[PREMIUM]","Used",2017,"Honda","Accord","EX-L","[PREMIUM]","[PREMIUM]",64430,"Sedan","Gray","BLACK","Rear-wheel Drive",,,"Gasoline",,,"dealership","[PREMIUM]","White Marsh","MD","[PREMIUM]",26,"[]",,,"[PREMIUM]"
"9696aa24-81fb-4737-b3aa-3cc77b7ad93a","2026-06-27 23:04:21.185","2026-07-27 01:51:21.134","9696aa24-81fb-4737-b3aa-3cc77b7ad93a","[PREMIUM]","Used",2013,"Toyota","Tacoma","Base","[PREMIUM]","[PREMIUM]",34943,"Truck","Magnetic Gray Metallic","Graphite","Four-wheel Drive",,,"Gasoline",,,"dealership","[PREMIUM]","North Logan","UT","[PREMIUM]",15,"[]",,,"[PREMIUM]"
"4bf91dd9-d198-4678-b92b-51dd2aa269ea","2026-06-27 23:04:21.111","2026-07-27 01:50:27.950","4bf91dd9-d198-4678-b92b-51dd2aa269ea","[PREMIUM]","Used",2017,"Maserati","Ghibli","S Q4","[PREMIUM]","[PREMIUM]",48457,"Sedan","Black","Black","All-wheel Drive",,,"Gasoline",,,"dealership","[PREMIUM]","Lino Lakes","MN","[PREMIUM]",11,"[]",,,"[PREMIUM]"
"5d63cf99-7187-4bc2-9c43-5664c76f99f2","2026-06-27 23:04:21.105","2026-07-01 05:05:56.587","5d63cf99-7187-4bc2-9c43-5664c76f99f2","[PREMIUM]","Used",2015,"Chevrolet","Silverado 1500","LT","[PREMIUM]","[PREMIUM]",101455,"Truck","Blue","BLACK","Rear-wheel Drive",,,"E85 Flex Fuel",,,"dealership","[PREMIUM]","Austin","TX","[PREMIUM]",24,"[]",,,"[PREMIUM]"
"ae76c47e-cbc8-4ece-998f-af2126f2eb2c","2026-06-27 23:04:21.089","2026-07-07 15:08:30.749","ae76c47e-cbc8-4ece-998f-af2126f2eb2c","[PREMIUM]","Used",2014,"Chevrolet","Camaro","LT","[PREMIUM]","[PREMIUM]",32616,"Convertible","Black","BLACK","Rear-wheel Drive",,,"Gasoline",,,"dealership","[PREMIUM]","Tucson","AZ","[PREMIUM]",25,"[]",,,"[PREMIUM]"
"4bb65bc1-2535-4657-b6e6-36896de5041a","2026-06-27 23:04:21.076","2026-07-07 15:08:17.510","4bb65bc1-2535-4657-b6e6-36896de5041a","[PREMIUM]","Used",2017,"Subaru","Forester","2.5I Premium","[PREMIUM]","[PREMIUM]",56276,"SUV","Gray","GRAY","Four-wheel Drive",,,"Gasoline",,,"dealership","[PREMIUM]","Tulsa","OK","[PREMIUM]",26,"[]",,,"[PREMIUM]"
"364f9033-3776-4bdb-9b2c-b9a569bf1cea","2026-06-27 23:04:21.075","2026-07-23 23:18:07.541","364f9033-3776-4bdb-9b2c-b9a569bf1cea","[PREMIUM]","Used",2017,"Genesis","G80",,"[PREMIUM]","[PREMIUM]",56767,"Sedan","Blue","CREAM","Four-wheel Drive",,,"Gasoline",,,"dealership","[PREMIUM]","Renton","WA","[PREMIUM]",27,"[]",,,"[PREMIUM]"
"e4eb6a65-607f-427b-b056-5be027d30d65","2026-06-27 23:04:21.075","2026-07-27 01:51:21.130","e4eb6a65-607f-427b-b056-5be027d30d65","[PREMIUM]","Used",2017,"Porsche","Cayenne","Cayenne S E-Hybrid Platinum Edition","[PREMIUM]","[PREMIUM]",93982,"SUV","Black","Black","All-wheel Drive",,,"Hybrid",,,"dealership","[PREMIUM]","Lancaster","CA","[PREMIUM]",32,"[]",,,"[PREMIUM]"
"963fcf75-7095-4343-ac8c-5f8afa2113e8","2026-06-27 23:04:10.779","2026-07-27 01:51:32.958","963fcf75-7095-4343-ac8c-5f8afa2113e8","[PREMIUM]","Used",2018,"Ford","F-150","Limited","[PREMIUM]","[PREMIUM]",100960,"Truck","Bronze","Navy Pier","Four-wheel Drive",,,"Gasoline",,,"dealership","[PREMIUM]","Phoenix","AZ","[PREMIUM]",13,"[]",,,"[PREMIUM]"
"325fab42-fd67-41ef-ad28-c7763f8d69c8","2026-06-27 23:04:10.634","2026-07-04 14:58:29.141","325fab42-fd67-41ef-ad28-c7763f8d69c8","[PREMIUM]","Used",2018,"Subaru","Forester","2.5I Premium","[PREMIUM]","[PREMIUM]",41162,"SUV","Silver","GRAY","Four-wheel Drive",,,"Gasoline",,,"dealership","[PREMIUM]","Colma","CA","[PREMIUM]",26,"[]",,,"[PREMIUM]"
"c57734dc-a7bb-4518-bd4b-72ba6910dcc3","2026-06-27 23:04:00.776","2026-07-23 23:18:07.038","c57734dc-a7bb-4518-bd4b-72ba6910dcc3","[PREMIUM]","Used",2022,"Honda","Passport","TrailSport AWD 4dr SUV","[PREMIUM]","[PREMIUM]",26608,"SUV","Black","Black","All-wheel Drive",,,"Gasoline",,,"dealership","[PREMIUM]","Ramsey","MN","[PREMIUM]",20,"[]",,,"[PREMIUM]"
"d3461bd1-3e14-4b92-9ed4-b34d7127d0e4","2026-06-27 23:04:00.719","2026-06-27 23:04:00.719","d3461bd1-3e14-4b92-9ed4-b34d7127d0e4","[PREMIUM]","Used",2021,"Subaru","Ascent","Limited","[PREMIUM]","[PREMIUM]",80302,"SUV","Brown","CREAM","4WD",,,"Gas",,,"dealership","[PREMIUM]","Columbia","SC","[PREMIUM]",26,"[]",,,"[PREMIUM]"
"33bb8209-a765-4e80-92ba-7c1af15f63ff","2026-06-27 23:04:00.713","2026-07-11 06:37:27.124","33bb8209-a765-4e80-92ba-7c1af15f63ff","[PREMIUM]","Used",2022,"Chevrolet","Colorado","LT","[PREMIUM]","[PREMIUM]",47578,"Truck","Black","Jet Black","Rear-wheel Drive",,,"Gasoline",,,"dealership","[PREMIUM]","Temple Hills","MD","[PREMIUM]",64,"[]",,,"[PREMIUM]"
"c9c73651-8491-4fb9-b450-a135a039208e","2026-06-27 23:04:00.713","2026-06-27 23:04:00.713","c9c73651-8491-4fb9-b450-a135a039208e","[PREMIUM]","Used",2020,"Nissan","Rogue","SL","[PREMIUM]","[PREMIUM]",41073,"SUV","Gray","BLACK","4WD",,,"Gas",,,"dealership","[PREMIUM]","Gilbert","AZ","[PREMIUM]",27,"[]",,,"[PREMIUM]"
"fb8e25cc-4479-4735-8ad4-694aa0f21499","2026-06-27 23:04:00.572","2026-06-27 23:04:00.572","fb8e25cc-4479-4735-8ad4-694aa0f21499","[PREMIUM]","Used",2020,"Subaru","Legacy",,"[PREMIUM]","[PREMIUM]",34771,"Sedan","White","GRAY","Four-wheel Drive",,,"Gasoline",,,"dealership","[PREMIUM]","Midland","TX","[PREMIUM]",25,"[]",,,"[PREMIUM]"
"617da31b-49a7-48bc-851a-60fa6b281460","2026-06-27 23:04:00.569","2026-07-27 01:51:21.150","617da31b-49a7-48bc-851a-60fa6b281460","[PREMIUM]","Used",2019,"Audi","A4","45 Premium","[PREMIUM]","[PREMIUM]",45079,"Sedan","Gray","Gray","All-wheel Drive",,,"Gasoline",,,"dealership","[PREMIUM]","Pittsburgh","PA","[PREMIUM]",99,"[]",,,"[PREMIUM]"
"24a748dc-0f9e-49da-ba5b-4f9158eeb696","2026-06-27 23:04:00.564","2026-07-01 05:05:44.304","24a748dc-0f9e-49da-ba5b-4f9158eeb696","[PREMIUM]","Used",2020,"Chevrolet","Traverse","LS","[PREMIUM]","[PREMIUM]",63675,"SUV","Gray","GRAY","Rear-wheel Drive",,,"Gasoline",,,"dealership","[PREMIUM]","Gastonia","NC","[PREMIUM]",26,"[]",,,"[PREMIUM]"
"103bd764-7225-48fb-8499-322f675468e1","2026-06-27 23:04:00.552","2026-07-27 01:51:00.316","103bd764-7225-48fb-8499-322f675468e1","[PREMIUM]","Used",2020,"Toyota","RAV4","LE","[PREMIUM]","[PREMIUM]",141081,"SUV","White","Black","Front-wheel Drive",,,"Gasoline",,,"private","[PREMIUM]",,,"[PREMIUM]",27,"[]",,,"[PREMIUM]"
"d20ad2bd-012e-4983-90fc-c09aad99087c","2026-06-27 23:04:00.548","2026-07-14 06:43:10.335","d20ad2bd-012e-4983-90fc-c09aad99087c","[PREMIUM]","Used",2020,"Chevrolet","Silverado 1500","LT","[PREMIUM]","[PREMIUM]",80823,"Truck","Black","BLACK","Four-wheel Drive",,,"Gasoline",,,"dealership","[PREMIUM]","Bloomington","IL","[PREMIUM]",40,"[]",,,"[PREMIUM]"
"095c712e-375f-4014-b91e-db6309430695","2026-06-27 23:04:00.530","2026-07-01 05:05:44.163","095c712e-375f-4014-b91e-db6309430695","[PREMIUM]","Used",2020,"Acura","RDX","SH-AWD A-Spec","[PREMIUM]","[PREMIUM]",100796,"SUV","White","BLACK","Four-wheel Drive",,,"Gasoline",,,"dealership","[PREMIUM]","West Carrollton","OH","[PREMIUM]",27,"[]",,,"[PREMIUM]"
"e7cdf5d1-63ec-4534-a5cd-0e134a2c593f","2026-06-27 23:04:00.500","2026-06-27 23:04:00.500","e7cdf5d1-63ec-4534-a5cd-0e134a2c593f","[PREMIUM]","Used",2020,"Chevrolet","Blazer","RS","[PREMIUM]","[PREMIUM]",43749,"SUV","Black","Jet Black","Front-wheel Drive",,,"Gasoline",,,"dealership","[PREMIUM]","Duluth","GA","[PREMIUM]",35,"[]",,,"[PREMIUM]"
"89d4c4e4-cca3-4673-a683-b2c4c7edc1ae","2026-06-27 23:04:00.393","2026-07-27 01:51:21.288","89d4c4e4-cca3-4673-a683-b2c4c7edc1ae","[PREMIUM]","Used",2022,"Jeep","Compass","Trailhawk","[PREMIUM]","[PREMIUM]",38834,"SUV","Sting-Gray Clearcoat","Ruby Red/Black","Four-wheel Drive",,,"Gasoline",,,"dealership","[PREMIUM]","Cedarville","IL","[PREMIUM]",27,"[]",,,"[PREMIUM]"
"9fe64d00-17d3-4976-92e4-896cbff1e380","2026-06-27 23:04:00.336","2026-07-14 06:43:09.635","9fe64d00-17d3-4976-92e4-896cbff1e380","[PREMIUM]","Used",2022,"Subaru","Legacy","Premium","[PREMIUM]","[PREMIUM]",33679,"Sedan","Crystal Black Silica","Black","All-wheel Drive",,,"Gasoline",,,"dealership","[PREMIUM]","Fullerton","CA","[PREMIUM]",33,"[]",,,"[PREMIUM]"
"2737809e-4778-4bc4-9995-fd6f5707cd99","2026-06-27 23:04:00.325","2026-07-17 21:24:05.023","2737809e-4778-4bc4-9995-fd6f5707cd99","[PREMIUM]","Used",2022,"Mazda","CX-5","2.5 S Carbon Edition","[PREMIUM]","[PREMIUM]",77691,"SUV","Polymetal Gray","Red","All-wheel Drive",,,"Gasoline",,,"dealership","[PREMIUM]","Hermantown","MN","[PREMIUM]",51,"[]",,,"[PREMIUM]"
"f1d1a1bc-6aac-4c56-9fcc-5da50e9fe46a","2026-06-27 23:04:00.304","2026-07-07 15:08:30.145","f1d1a1bc-6aac-4c56-9fcc-5da50e9fe46a","[PREMIUM]","Used",2022,"Hyundai","SANTA FE HEV","SEL Premium","[PREMIUM]","[PREMIUM]",65028,"SUV","Quartz White","Black","All-wheel Drive",,,"Hybrid",,,"dealership","[PREMIUM]","Cerritos","CA","[PREMIUM]",35,"[]",,,"[PREMIUM]"
"d277b790-627a-4c5f-860d-68dc62f571ef","2026-06-27 23:04:00.300","2026-06-27 23:04:00.300","d277b790-627a-4c5f-860d-68dc62f571ef","[PREMIUM]","Used",2022,"Toyota","Corolla Hatchback","Nightshade","[PREMIUM]","[PREMIUM]",38586,"Hatchback","White","BLACK","2WD",,,"Gas",,,"dealership","[PREMIUM]","Oxnard","CA","[PREMIUM]",25,"[]",,,"[PREMIUM]"
"4400653a-024b-43ae-9563-1553c9ab2b8a","2026-06-27 23:04:00.273","2026-07-04 14:58:29.237","4400653a-024b-43ae-9563-1553c9ab2b8a","[PREMIUM]","Used",2022,"Nissan","Rogue","SV","[PREMIUM]","[PREMIUM]",28601,"SUV","Red","GRAY","Rear-wheel Drive",,,"Gasoline",,,"dealership","[PREMIUM]","Irvine","CA","[PREMIUM]",25,"[]",,,"[PREMIUM]"
"886a084c-47b6-491d-a843-1d73ad9ad4a1","2026-06-27 23:04:00.266","2026-07-07 15:08:17.541","886a084c-47b6-491d-a843-1d73ad9ad4a1","[PREMIUM]","Used",2023,"Kia","Soul","EX","[PREMIUM]","[PREMIUM]",22860,"Hatchback","Blue","BLACK","Rear-wheel Drive",,,"Gasoline",,,"dealership","[PREMIUM]","Las Vegas","NV","[PREMIUM]",27,"[]",,,"[PREMIUM]"
"2d9ed5c7-6a2e-47d4-8381-becc26e7cea9","2026-06-27 23:04:00.261","2026-06-27 23:04:00.261","2d9ed5c7-6a2e-47d4-8381-becc26e7cea9","[PREMIUM]","Used",2023,"Toyota","Camry","LE","[PREMIUM]","[PREMIUM]",43244,"Sedan","Gray","GRAY","Rear-wheel Drive",,,"Gasoline",,,"dealership","[PREMIUM]","Austin","TX","[PREMIUM]",25,"[]",,,"[PREMIUM]"
"5a10d146-bde4-4a0c-ab38-750d5d63caab","2026-06-27 23:04:00.252","2026-07-27 01:51:00.693","5a10d146-bde4-4a0c-ab38-750d5d63caab","[PREMIUM]","Used",2024,"Nissan","Leaf","SV PLUS","[PREMIUM]","[PREMIUM]",9500,"Hatchback","Gun Metallic","Black","Front-wheel Drive",,,"Electric",,,"dealership","[PREMIUM]","Melrose Park","IL","[PREMIUM]",16,"[]",,,"[PREMIUM]"
"25bfeeaa-062f-44a7-a756-61a747501a9e","2026-06-27 23:04:00.238","2026-07-11 06:37:27.383","25bfeeaa-062f-44a7-a756-61a747501a9e","[PREMIUM]","Used",2022,"Kia","Carnival","LX","[PREMIUM]","[PREMIUM]",91488,"Passenger Van","Blue","Gray","Front-wheel Drive",,,"Gasoline",,,"dealership","[PREMIUM]","Orlando","FL","[PREMIUM]",15,"[]",,,"[PREMIUM]"
"e7b09938-289b-4c59-8760-7597fa6a1cb0","2026-06-27 23:04:00.231","2026-07-23 23:18:19.440","e7b09938-289b-4c59-8760-7597fa6a1cb0","[PREMIUM]","Used",2022,"Honda","Civic","Sport","[PREMIUM]","[PREMIUM]",48394,"Sedan","White","Black","Front-wheel Drive",,,"Gasoline",,,"dealership","[PREMIUM]","Chambersburg","PA","[PREMIUM]",12,"[]",,,"[PREMIUM]"
"d258f87d-5c2f-423e-bfc5-168a3f578b54","2026-06-27 23:04:00.229","2026-07-14 06:43:09.613","d258f87d-5c2f-423e-bfc5-168a3f578b54","[PREMIUM]","Used",2022,"Tesla","Model 3","Long Range","[PREMIUM]","[PREMIUM]",97475,"Sedan","Solid Black","Black","All-wheel Drive",,,"Electric",,,"dealership","[PREMIUM]","Daly City","CA","[PREMIUM]",99,"[]",,,"[PREMIUM]"
"6e1e1b63-b5c3-4f11-b646-d209c6b7684d","2026-06-27 23:04:00.207","2026-07-20 21:31:06.513","6e1e1b63-b5c3-4f11-b646-d209c6b7684d","[PREMIUM]","Used",2023,"Ford","Escape","ST-Line Select","[PREMIUM]","[PREMIUM]",35780,"SUV","White","BLACK","Four-wheel Drive",,,"Gasoline",,,"dealership","[PREMIUM]","Springfield","MO","[PREMIUM]",28,"[]",,,"[PREMIUM]"
"8c8ed6eb-647b-4e91-8306-8ca11ec50b8d","2026-06-27 23:04:00.202","2026-07-27 01:51:00.643","8c8ed6eb-647b-4e91-8306-8ca11ec50b8d","[PREMIUM]","Used",2022,"Honda","HR-V","LX","[PREMIUM]","[PREMIUM]",64409,"SUV","Crystal Black Pearl","Black","All-wheel Drive",,,"Gasoline",,,"dealership","[PREMIUM]","Temple Hills","MD","[PREMIUM]",63,"[]",,,"[PREMIUM]"
"6dae86f0-c3df-4f4f-b43a-7d584db2dcd0","2026-06-27 23:04:00.200","2026-07-11 06:37:27.112","6dae86f0-c3df-4f4f-b43a-7d584db2dcd0","[PREMIUM]","Used",2023,"Nissan","Rogue","SV","[PREMIUM]","[PREMIUM]",20085,"SUV","Black","BLACK","Four-wheel Drive",,,"Gasoline",,,"dealership","[PREMIUM]","Fayetteville","NC","[PREMIUM]",25,"[]",,,"[PREMIUM]"
"861a6448-9739-417a-bbb5-fc2b28f6c786","2026-06-27 23:04:00.198","2026-07-27 01:50:59.869","861a6448-9739-417a-bbb5-fc2b28f6c786","[PREMIUM]","Used",2022,"Ford","Bronco Sport","Big Bend","[PREMIUM]","[PREMIUM]",70753,"SUV","Chili Pepper Red","Ebony","Four-wheel Drive",,,"Gasoline",,,"dealership","[PREMIUM]","Lynnwood","WA","[PREMIUM]",19,"[]",,,"[PREMIUM]"
"c0ae248b-e079-4831-8d96-7e00d63c9c07","2026-06-27 23:04:00.197","2026-07-27 01:51:21.109","c0ae248b-e079-4831-8d96-7e00d63c9c07","[PREMIUM]","Used",2022,"Honda","Insight","Touring","[PREMIUM]","[PREMIUM]",95181,"Sedan","Modern Steel Metallic","Ivory","Front-wheel Drive",,,"Gasoline",,,"dealership","[PREMIUM]","Concord","CA","[PREMIUM]",23,"[]",,,"[PREMIUM]"
"ea7e9e05-b26c-48ff-b7fd-44086aa6fbc9","2026-06-27 23:04:00.197","2026-07-07 15:08:30.318","ea7e9e05-b26c-48ff-b7fd-44086aa6fbc9","[PREMIUM]","Used",2022,"Toyota","Corolla","LE","[PREMIUM]","[PREMIUM]",44599,"Sedan","Ruby Flare Pearl","Light Gray","Front-wheel Drive",,,"Gasoline",,,"dealership","[PREMIUM]","Holiday","FL","[PREMIUM]",36,"[]",,,"[PREMIUM]"
"22597f37-d34a-4c00-8591-9a9cef5ef67d","2026-06-27 23:04:00.196","2026-07-04 14:58:16.488","22597f37-d34a-4c00-8591-9a9cef5ef67d","[PREMIUM]","Used",2023,"Hyundai","SANTA FE","SEL","[PREMIUM]","[PREMIUM]",43938,"SUV","Black","BLACK","Four-wheel Drive",,,"Gasoline",,,"dealership","[PREMIUM]","Salisbury","MD","[PREMIUM]",27,"[]",,,"[PREMIUM]"
"0f508435-b8bf-4a87-beba-cb1c95389590","2026-06-27 23:04:00.195","2026-07-23 23:18:20.493","0f508435-b8bf-4a87-beba-cb1c95389590","[PREMIUM]","Used",2021,"Honda","Accord","LX 1.5T","[PREMIUM]","[PREMIUM]",51926,"Sedan","Crystal Black Pearl","Black","Front-wheel Drive",,,"Gasoline",,,"dealership","[PREMIUM]","Elgin in Elgin","IL","[PREMIUM]",29,"[]",,,"[PREMIUM]"
"c2152750-90c7-4d60-9d62-0f6f02ccbdff","2026-06-27 23:04:00.193","2026-06-27 23:04:00.193","c2152750-90c7-4d60-9d62-0f6f02ccbdff","[PREMIUM]","Used",2022,"Volkswagen","Tiguan","2.0T SE 4MOTION","[PREMIUM]","[PREMIUM]",31422,"SUV","Deep Black","Titan Black","All-wheel Drive",,,"Gasoline",,,"dealership","[PREMIUM]","Stoughton","WI","[PREMIUM]",26,"[]",,,"[PREMIUM]"
"4628b38c-e851-45e5-8fe8-cb36e7123610","2026-06-27 23:04:00.187","2026-07-01 05:05:43.913","4628b38c-e851-45e5-8fe8-cb36e7123610","[PREMIUM]","Used",2023,"Nissan","Altima","SV","[PREMIUM]","[PREMIUM]",26964,"Sedan","Black","BLACK","Rear-wheel Drive",,,"Gasoline",,,"dealership","[PREMIUM]","Buford","GA","[PREMIUM]",27,"[]",,,"[PREMIUM]"
"a3735cc5-83ad-4540-9e12-596648f04525","2026-06-27 23:04:00.187","2026-07-27 01:50:59.870","a3735cc5-83ad-4540-9e12-596648f04525","[PREMIUM]","Used",2022,"Toyota","RAV4","LE","[PREMIUM]","[PREMIUM]",100722,"SUV","White","Black","All-wheel Drive",,,"Gasoline",,,"dealership","[PREMIUM]","Tipp City","OH","[PREMIUM]",22,"[]",,,"[PREMIUM]"
"0c5f3835-c6f5-4b58-a06e-9c7cc4e92605","2026-06-27 23:04:00.180","2026-07-27 01:51:32.807","0c5f3835-c6f5-4b58-a06e-9c7cc4e92605","[PREMIUM]","Used",2024,"Hyundai","SONATA","SEL","[PREMIUM]","[PREMIUM]",51058,"Sedan","Carbon Blue","Black","Front-wheel Drive",,,"Gasoline",,,"dealership","[PREMIUM]","Titusville","FL","[PREMIUM]",13,"[]",,,"[PREMIUM]"
"ffdb3246-d744-440d-80d4-344e434aed69","2026-06-27 23:04:00.172","2026-07-04 14:58:16.605","ffdb3246-d744-440d-80d4-344e434aed69","[PREMIUM]","Used",2023,"Hyundai","ELANTRA","SEL","[PREMIUM]","[PREMIUM]",17848,"Sedan","Black","BLACK","Rear-wheel Drive",,,"Gasoline",,,"dealership","[PREMIUM]","Hickory","NC","[PREMIUM]",25,"[]",,,"[PREMIUM]"
"32f4b7b7-77c7-4b68-89a1-f3019572efab","2026-06-27 23:04:00.169","2026-07-20 21:30:53.692","32f4b7b7-77c7-4b68-89a1-f3019572efab","[PREMIUM]","Used",2022,"Toyota","Prius","L","[PREMIUM]","[PREMIUM]",127868,"Hatchback","White","Black","All-wheel Drive",,,"Gasoline",,,"dealership","[PREMIUM]","Lynnwood","WA","[PREMIUM]",5,"[]",,,"[PREMIUM]"
"822a40c0-9cc1-4a97-88ef-a1a11e1da8f7","2026-06-27 23:03:38.742","2026-07-23 23:18:19.708","822a40c0-9cc1-4a97-88ef-a1a11e1da8f7","[PREMIUM]","Used",2024,"Mazda","CX-5","2.5 S Select Package","[PREMIUM]","[PREMIUM]",36525,"SUV","Eternal Blue Mica","Black","All-wheel Drive",,,"Gasoline",,,"dealership","[PREMIUM]","Grand Prairie","TX","[PREMIUM]",28,"[]",,,"[PREMIUM]"
"153eb14b-e987-42a1-ad96-4f6f843e9385","2026-06-27 23:03:38.624","2026-07-07 15:08:17.477","153eb14b-e987-42a1-ad96-4f6f843e9385","[PREMIUM]","Used",2024,"Mitsubishi","Outlander","ES","[PREMIUM]","[PREMIUM]",58851,"SUV","White",,"Four-wheel Drive",,,"Gasoline",,,"dealership","[PREMIUM]","Georgetown","KY","[PREMIUM]",8,"[]",,,"[PREMIUM]"
"f9c7cc5d-97e9-44a4-83a6-95e197a5cef4","2026-06-27 23:03:38.603","2026-07-27 01:51:32.995","f9c7cc5d-97e9-44a4-83a6-95e197a5cef4","[PREMIUM]","Used",2024,"Volkswagen","ID.4","Standard","[PREMIUM]","[PREMIUM]",23758,"SUV","Silver Mist Metallic","Gray w/Black Bolsters","Rear-wheel Drive",,,"Electric",,,"dealership","[PREMIUM]","Daly City","CA","[PREMIUM]",63,"[]",,,"[PREMIUM]"
"289679fd-ab5b-4036-967d-dda73d6f42f5","2026-06-27 23:03:38.587","2026-07-20 21:31:06.846","289679fd-ab5b-4036-967d-dda73d6f42f5","[PREMIUM]","Used",2024,"Mitsubishi","Eclipse Cross","LE","[PREMIUM]","[PREMIUM]",16434,"SUV","Silver","BLACK","Four-wheel Drive",,,"Gasoline",,,"dealership","[PREMIUM]","Colma","CA","[PREMIUM]",25,"[]",,,"[PREMIUM]"
"daee96b8-f71e-4393-bb34-fec8085eae25","2026-06-27 23:03:38.557","2026-06-27 23:03:38.557","daee96b8-f71e-4393-bb34-fec8085eae25","[PREMIUM]","Used",2024,"GMC","Terrain","SLE","[PREMIUM]","[PREMIUM]",45668,"SUV","Ebony Twilight Metallic","Jet Black","Front-wheel Drive",,,"Gasoline",,,"online_vendor","[PREMIUM]","Riverside","CA","[PREMIUM]",7,"[]",,,"[PREMIUM]"
"39b579fc-2b99-4ef5-a253-d430224feff1","2026-06-27 23:03:38.550","2026-07-14 06:43:09.616","39b579fc-2b99-4ef5-a253-d430224feff1","[PREMIUM]","Used",2025,"Nissan","Altima","SV","[PREMIUM]","[PREMIUM]",37574,"Sedan","Black","BLACK","Rear-wheel Drive",,,"Gasoline",,,"dealership","[PREMIUM]","Las Vegas","NV","[PREMIUM]",25,"[]",,,"[PREMIUM]"
"a387a47c-579a-4db7-915d-5c2509fedb09","2026-06-27 23:03:38.541","2026-07-07 15:08:17.284","a387a47c-579a-4db7-915d-5c2509fedb09","[PREMIUM]","Used",2025,"Volkswagen","Jetta","Sport","[PREMIUM]","[PREMIUM]",25068,"Sedan","Black","BLACK","Rear-wheel Drive",,,"Gasoline",,,"dealership","[PREMIUM]","Murrieta","CA","[PREMIUM]",21,"[]",,,"[PREMIUM]"
"f29e1005-0660-4443-9687-e2f1b6ccfe00","2026-06-27 23:03:38.533","2026-06-27 23:03:38.533","f29e1005-0660-4443-9687-e2f1b6ccfe00","[PREMIUM]","Used",2024,"Chevrolet","Equinox","LT","[PREMIUM]","[PREMIUM]",25056,"SUV","Blue","BLACK","Four-wheel Drive",,,"Gasoline",,,"dealership","[PREMIUM]","Plano","TX","[PREMIUM]",25,"[]",,,"[PREMIUM]"
"f0a55422-638c-417c-8e25-0e2b9b6f67df","2026-06-27 23:03:38.531","2026-06-27 23:03:38.531","f0a55422-638c-417c-8e25-0e2b9b6f67df","[PREMIUM]","Used",2024,"Hyundai","SONATA","SEL","[PREMIUM]","[PREMIUM]",24171,"Sedan","Blue","GRAY","Rear-wheel Drive",,,"Gasoline",,,"dealership","[PREMIUM]","Parker","CO","[PREMIUM]",28,"[]",,,"[PREMIUM]"
"9266bc65-6f4b-422f-9a1f-fdbdd2d7408e","2026-06-27 23:03:38.519","2026-06-27 23:03:38.519","9266bc65-6f4b-422f-9a1f-fdbdd2d7408e","[PREMIUM]","Used",2024,"Nissan","Rogue","SV","[PREMIUM]","[PREMIUM]",23229,"SUV","Brown","BLACK","Four-wheel Drive",,,"Gasoline",,,"dealership","[PREMIUM]","El Paso","TX","[PREMIUM]",25,"[]",,,"[PREMIUM]"
"c55d2d51-4bcc-490a-8b4c-2b8729fb1af1","2026-06-27 23:03:38.514","2026-06-27 23:03:38.514","c55d2d51-4bcc-490a-8b4c-2b8729fb1af1","[PREMIUM]","Used",2024,"Toyota","Corolla","LE","[PREMIUM]","[PREMIUM]",46941,"Sedan",,,"Front-wheel Drive",,,"Gasoline",,,"dealership","[PREMIUM]","Waynesville","MO","[PREMIUM]",32,"[]",,,"[PREMIUM]"
"f5aedd45-8ddf-4344-a9ee-2a8b8d8f881d","2026-06-27 23:03:27.245","2026-07-20 21:30:53.801","f5aedd45-8ddf-4344-a9ee-2a8b8d8f881d","[PREMIUM]","Used",2002,"Ford","Thunderbird","Base","[PREMIUM]","[PREMIUM]",59106,"Convertible","Whisper White","Red &amp; black","Rear-wheel Drive",,,"Gasoline",,,"dealership","[PREMIUM]","O Fallon","IL","[PREMIUM]",99,"[]",,,"[PREMIUM]"
"542a4e8c-38bc-49c3-ab6b-c40c93584953","2026-06-27 23:03:27.062","2026-07-27 01:51:21.169","542a4e8c-38bc-49c3-ab6b-c40c93584953","[PREMIUM]","Used",2008,"BMW","Z4","3.0i Roadster","[PREMIUM]","[PREMIUM]",36080,"Convertible","Gray","Black","Rear-wheel Drive",,,"Gasoline",,,"dealership","[PREMIUM]","Pittsburgh","PA","[PREMIUM]",99,"[]",,,"[PREMIUM]"
"29bea948-a6e6-4f67-a041-54f9c4e234f9","2026-06-27 23:03:27.061","2026-07-01 05:05:31.512","29bea948-a6e6-4f67-a041-54f9c4e234f9","[PREMIUM]","Used",2006,"Ford","F-350","Lariat","[PREMIUM]","[PREMIUM]",155531,"Truck","Red","Tan","Four-wheel Drive",,,"Diesel",,,"dealership","[PREMIUM]","Nampa","ID","[PREMIUM]",16,"[]",,,"[PREMIUM]"
"1e69a52d-7e78-4ece-ae1e-5351332fe5b7","2026-06-27 23:03:27.045","2026-07-27 01:50:28.020","1e69a52d-7e78-4ece-ae1e-5351332fe5b7","[PREMIUM]","Used",2006,"Acura","RSX",,"[PREMIUM]","[PREMIUM]",79625,"Coupe","Taffeta White","Titanium","Front-wheel Drive",,,"Gasoline",,,"dealership","[PREMIUM]","Auburn","WA","[PREMIUM]",26,"[]",,,"[PREMIUM]"
"737a1a52-3afd-40c0-9f67-75d2fe0271e2","2026-06-27 23:03:15.854","2026-06-27 23:03:15.854","737a1a52-3afd-40c0-9f67-75d2fe0271e2","[PREMIUM]","Used",2011,"Ford","F-150","Lariat","[PREMIUM]","[PREMIUM]",125218,"Truck","Beige","Pale Adobe","Four-wheel Drive",,,"E85 Flex Fuel",,,"dealership","[PREMIUM]","Saint Marys","PA","[PREMIUM]",4,"[]",,,"[PREMIUM]"
"f764ffd8-d0fa-4b35-aa66-60b95b508d3e","2026-06-27 23:03:05.824","2026-07-04 14:58:15.873","f764ffd8-d0fa-4b35-aa66-60b95b508d3e","[PREMIUM]","Used",2017,"Honda","Ridgeline","RTL-E","[PREMIUM]","[PREMIUM]",146550,"Truck","Deep Scarlet Pearl","Beige","All-wheel Drive",,,"Gasoline",,,"dealership","[PREMIUM]","Lexington","SC","[PREMIUM]",17,"[]",,,"[PREMIUM]"
"0e373712-64f2-47dd-95ef-48e8ec90f708","2026-06-27 23:03:05.803","2026-07-01 05:05:30.321","0e373712-64f2-47dd-95ef-48e8ec90f708","[PREMIUM]","Used",2014,"Dodge","Charger","R/T","[PREMIUM]","[PREMIUM]",77081,"Sedan","Granite Crystal Metallic Clearcoat","Black","Rear-wheel Drive",,,"Gasoline",,,"dealership","[PREMIUM]","Mooresville","IN","[PREMIUM]",9,"[]",,,"[PREMIUM]"
"d022a906-3357-4864-b2d5-5a9f595e9cce","2026-06-27 23:03:05.799","2026-07-27 01:50:59.856","d022a906-3357-4864-b2d5-5a9f595e9cce","[PREMIUM]","Used",2015,"Chevrolet","Silverado 1500","2LT","[PREMIUM]","[PREMIUM]",120599,"Truck","Red","Black","Four-wheel Drive",,,"Gasoline",,,"dealership","[PREMIUM]","York","PA","[PREMIUM]",44,"[]",,,"[PREMIUM]"
"038c8dd2-d9d4-4ed6-a771-90718a3a851a","2026-06-27 23:03:05.793","2026-06-27 23:03:05.793","038c8dd2-d9d4-4ed6-a771-90718a3a851a","[PREMIUM]","Used",2015,"Mercedes-Benz","C-Class",,"[PREMIUM]","[PREMIUM]",67340,"Sedan","Gray","BLACK","Four-wheel Drive",,,"Gasoline",,,"dealership","[PREMIUM]","Naples","FL","[PREMIUM]",27,"[]",,,"[PREMIUM]"
"a3e380f2-79e9-4258-9afc-bc7514b6b125","2026-06-27 23:03:05.787","2026-06-27 23:03:05.787","a3e380f2-79e9-4258-9afc-bc7514b6b125","[PREMIUM]","Used",2014,"Ford","F-150","FX4","[PREMIUM]","[PREMIUM]",104037,"Truck","Red","Black","Four-wheel Drive",,,"Gasoline",,,"dealership","[PREMIUM]","Mooresville","NC","[PREMIUM]",32,"[]",,,"[PREMIUM]"
"f48e8d42-7e58-4dc2-a46b-cbf8ccba41b8","2026-06-27 23:02:54.703","2026-07-17 21:23:52.500","f48e8d42-7e58-4dc2-a46b-cbf8ccba41b8","[PREMIUM]","Used",2017,"Honda","Civic","LX","[PREMIUM]","[PREMIUM]",87477,"Sedan","Silver","BLACK","Rear-wheel Drive",,,"Gasoline",,,"dealership","[PREMIUM]","White Marsh","MD","[PREMIUM]",26,"[]",,,"[PREMIUM]"
"7c8b3578-c8c0-4c40-a46e-ef28f6d85734","2026-06-27 23:02:54.675","2026-07-23 23:18:06.786","7c8b3578-c8c0-4c40-a46e-ef28f6d85734","[PREMIUM]","Used",2017,"Chevrolet","Silverado 1500","LTZ","[PREMIUM]","[PREMIUM]",151146,"Truck","Black","Black","Four-wheel Drive",,,"Gasoline",,,"dealership","[PREMIUM]","Ottawa","IL","[PREMIUM]",30,"[]",,,"[PREMIUM]"
"a2b1af06-d76c-46fc-af28-aedf34b401c0","2026-06-27 23:02:54.633","2026-07-04 14:58:15.701","a2b1af06-d76c-46fc-af28-aedf34b401c0","[PREMIUM]","Used",2018,"Mazda","Mazda6","Signature","[PREMIUM]","[PREMIUM]",114781,"Sedan","Gray","BROWN","Rear-wheel Drive",,,"Gasoline",,,"dealership","[PREMIUM]","Murrieta","CA","[PREMIUM]",26,"[]",,,"[PREMIUM]"
"7b05f9ca-0926-4f18-9f0b-67215d2e3c55","2026-06-27 23:02:54.615","2026-07-11 06:37:14.116","7b05f9ca-0926-4f18-9f0b-67215d2e3c55","[PREMIUM]","Used",2017,"Ford","F-150","XLT","[PREMIUM]","[PREMIUM]",112395,"Truck","Brown","Gray","Four-wheel Drive",,,"Gasoline",,,"dealership","[PREMIUM]","Springfield","MO","[PREMIUM]",40,"[]",,,"[PREMIUM]"
"037651b5-cb5e-4009-b4cc-faac8e6d5aec","2026-06-27 23:02:54.614","2026-07-04 14:58:15.458","037651b5-cb5e-4009-b4cc-faac8e6d5aec","[PREMIUM]","Used",2018,"Ford","Focus","SEL","[PREMIUM]","[PREMIUM]",7552,"Sedan","Gold","BLACK","Rear-wheel Drive",,,"Gasoline",,,"dealership","[PREMIUM]","Jackson","TN","[PREMIUM]",26,"[]",,,"[PREMIUM]"
"9d1ea4e2-6473-43c9-870c-8ba66f7ff914","2026-06-27 23:02:54.576","2026-07-07 15:08:05.548","9d1ea4e2-6473-43c9-870c-8ba66f7ff914","[PREMIUM]","Used",2019,"Ford","Ranger","XL","[PREMIUM]","[PREMIUM]",121617,"Truck","Magnetic Metallic","Ebony","Rear-wheel Drive",,,"Gasoline",,,"dealership","[PREMIUM]","Orlando","FL","[PREMIUM]",35,"[]",,,"[PREMIUM]"
"157b24ab-9da2-481a-b98e-e061f82b8cc2","2026-06-27 23:02:54.509","2026-07-23 23:18:06.387","157b24ab-9da2-481a-b98e-e061f82b8cc2","[PREMIUM]","Used",2018,"INFINITI","Q70L","L 3.7 AWD","[PREMIUM]","[PREMIUM]",90340,"Sedan","White","Black","All-wheel Drive",,,"Gasoline",,,"dealership","[PREMIUM]","Garfield","NJ","[PREMIUM]",61,"[]",,,"[PREMIUM]"
"32b578c8-4a68-4996-9bd6-3c99e7533d1d","2026-06-27 23:02:54.452","2026-07-07 15:08:05.363","32b578c8-4a68-4996-9bd6-3c99e7533d1d","[PREMIUM]","Used",2019,"Cadillac","XT5","Luxury","[PREMIUM]","[PREMIUM]",60863,"SUV","Black","BLACK","Rear-wheel Drive",,,"Gasoline",,,"dealership","[PREMIUM]","Boynton Beach","FL","[PREMIUM]",25,"[]",,,"[PREMIUM]"
"39b870a3-7d96-4d18-a7b7-d1ee0c7e83a5","2026-06-27 23:02:54.402","2026-06-27 23:02:54.402","39b870a3-7d96-4d18-a7b7-d1ee0c7e83a5","[PREMIUM]","Used",2019,"Toyota","Corolla","XSE","[PREMIUM]","[PREMIUM]",100483,"Sedan","Silver","BLACK","Rear-wheel Drive",,,"Gasoline",,,"dealership","[PREMIUM]","Puyallup","WA","[PREMIUM]",27,"[]",,,"[PREMIUM]"
"992fb65f-56cb-4ab6-adf3-9ebbc8da93f0","2026-06-27 23:02:54.373","2026-07-27 01:50:59.933","992fb65f-56cb-4ab6-adf3-9ebbc8da93f0","[PREMIUM]","Used",2018,"Audi","A6","2.0T Premium Plus","[PREMIUM]","[PREMIUM]",58000,"Sedan","White","Brown","All-wheel Drive",,,"Gasoline",,,"dealership","[PREMIUM]","Omaha","NE","[PREMIUM]",27,"[]",,,"[PREMIUM]"
"359d1b2d-46d8-429f-91a9-f52fa4928300","2026-06-27 23:02:54.322","2026-07-27 01:50:28.113","359d1b2d-46d8-429f-91a9-f52fa4928300","[PREMIUM]","Used",2018,"Jaguar","XE","25t Premium","[PREMIUM]","[PREMIUM]",50093,"Sedan","Narvik Black","Ebony","All-wheel Drive",,,"Gasoline",,,"dealership","[PREMIUM]","Fort Lauderdale","FL","[PREMIUM]",96,"[]",,,"[PREMIUM]"
"47724b69-3ced-4fb1-b125-4c043ee18425","2026-06-27 23:02:54.252","2026-07-27 01:50:59.840","47724b69-3ced-4fb1-b125-4c043ee18425","[PREMIUM]","Used",2019,"Volkswagen","Arteon","2.0T SEL","[PREMIUM]","[PREMIUM]",109702,"Sedan","Deep Black Pearl","Titan Black","Front-wheel Drive",,,"Gasoline",,,"dealership","[PREMIUM]","Minneapolis","MN","[PREMIUM]",30,"[]",,,"[PREMIUM]"
"a312b258-9831-479a-bf84-f8ea14f1ceee","2026-06-27 23:02:54.235","2026-07-11 06:37:13.830","a312b258-9831-479a-bf84-f8ea14f1ceee","[PREMIUM]","Used",2018,"Ford","F-250","XL","[PREMIUM]","[PREMIUM]",195379,"Truck","Oxford White","Gray","Four-wheel Drive",,,"Diesel",,,"dealership","[PREMIUM]","Brighton","CO","[PREMIUM]",39,"[]",,,"[PREMIUM]"
"52c4a554-2dcc-4d0b-a9cb-f79443119ec4","2026-06-27 23:02:54.231","2026-07-27 01:50:59.842","52c4a554-2dcc-4d0b-a9cb-f79443119ec4","[PREMIUM]","Used",2018,"Audi","SQ5","3.0T Prestige","[PREMIUM]","[PREMIUM]",105610,"SUV","Daytona Gray Pearl Effect","Black","All-wheel Drive",,,"Gasoline",,,"dealership","[PREMIUM]","Addison","IL","[PREMIUM]",60,"[]",,,"[PREMIUM]"
"d0e3922c-eba7-4f37-b067-7d29140527ec","2026-06-27 23:02:54.215","2026-06-27 23:02:54.215","d0e3922c-eba7-4f37-b067-7d29140527ec","[PREMIUM]","Used",2018,"Volkswagen","Atlas","SE w/Tech","[PREMIUM]","[PREMIUM]",83404,"SUV","Blue","BLACK","Rear-wheel Drive",,,"Gasoline",,,"dealership","[PREMIUM]","Norco","CA","[PREMIUM]",27,"[]",,,"[PREMIUM]"
"7a1658c5-0585-4e8b-8b7e-ab3d09427a49","2026-06-27 23:02:54.211","2026-07-01 05:05:28.885","7a1658c5-0585-4e8b-8b7e-ab3d09427a49","[PREMIUM]","Used",2019,"Toyota","C-HR","XLE","[PREMIUM]","[PREMIUM]",87522,"SUV","Magnetic Gray Metallic","Black","Front-wheel Drive",,,"Gasoline",,,"dealership","[PREMIUM]","Falls Church","VA","[PREMIUM]",23,"[]",,,"[PREMIUM]"
"62be3325-dc99-4e34-b00b-4953f15c14b9","2026-06-27 23:02:54.209","2026-07-27 01:50:28.085","62be3325-dc99-4e34-b00b-4953f15c14b9","[PREMIUM]","Used",2019,"Honda","Accord","LX","[PREMIUM]","[PREMIUM]",117510,"Sedan","Silver","Ivory","Front-wheel Drive",,,"Gasoline",,,"dealership","[PREMIUM]","Georgetown","KY","[PREMIUM]",27,"[]",,,"[PREMIUM]"
"85afc1bf-1b01-4539-b237-a5ffcf2589ec","2026-06-27 23:02:43.198","2026-07-20 21:30:54.894","85afc1bf-1b01-4539-b237-a5ffcf2589ec","[PREMIUM]","Used",2020,"Chevrolet","Traverse","LS","[PREMIUM]","[PREMIUM]",64194,"SUV","Silver Ice Metallic","Jet Black","All-wheel Drive",,,"Gasoline",,,"dealership","[PREMIUM]","Phoenix","AZ","[PREMIUM]",31,"[]",,,"[PREMIUM]"
"8309b8f1-9f3a-4782-87e4-0c7415ca4e1f","2026-06-27 23:02:43.162","2026-07-01 05:05:17.463","8309b8f1-9f3a-4782-87e4-0c7415ca4e1f","[PREMIUM]","Used",2020,"Chevrolet","Equinox","1LT","[PREMIUM]","[PREMIUM]",55893,"SUV","Summit White","Jet Black","All-wheel Drive",,,"Gasoline",,,"dealership","[PREMIUM]","Orrville","OH","[PREMIUM]",36,"[]",,,"[PREMIUM]"
"20b5c4b7-750e-4c22-ad8a-1b7890c8ae5c","2026-06-27 23:02:43.083","2026-07-27 01:50:59.891","20b5c4b7-750e-4c22-ad8a-1b7890c8ae5c","[PREMIUM]","Used",2020,"Chevrolet","Blazer","2LT","[PREMIUM]","[PREMIUM]",108108,"SUV","Summit White","Jet Black","Front-wheel Drive",,,"Gasoline",,,"dealership","[PREMIUM]","Oklahoma City","OK","[PREMIUM]",33,"[]",,,"[PREMIUM]"
"23919d72-c35c-459a-aa7c-6b9376d33c5f","2026-06-27 23:02:43.039","2026-06-27 23:02:43.039","23919d72-c35c-459a-aa7c-6b9376d33c5f","[PREMIUM]","Used",2020,"Hyundai","SONATA","SEL","[PREMIUM]","[PREMIUM]",66337,"Sedan","Shimmering Silver Pearl","Black","Front-wheel Drive",,,"Gasoline",,,"dealership","[PREMIUM]","Paris","KY","[PREMIUM]",10,"[]",,,"[PREMIUM]"
"8a53c254-d776-49c0-9c69-4917c1a9b3c7","2026-06-27 23:02:42.992","2026-07-11 06:37:01.908","8a53c254-d776-49c0-9c69-4917c1a9b3c7","[PREMIUM]","Used",2020,"Nissan","Rogue","SV","[PREMIUM]","[PREMIUM]",81001,"SUV","Pearl White Tricoat","Charcoal","All-wheel Drive",,,"Gasoline",,,"dealership","[PREMIUM]","Kingston","MA","[PREMIUM]",47,"[]",,,"[PREMIUM]"
"37641ba1-ed34-45a8-823f-cb0fd7a9c931","2026-06-27 23:02:42.979","2026-07-17 21:23:51.789","37641ba1-ed34-45a8-823f-cb0fd7a9c931","[PREMIUM]","Used",2020,"Toyota","Corolla","LE","[PREMIUM]","[PREMIUM]",52868,"Sedan","White","BLACK","Rear-wheel Drive",,,"Gasoline",,,"dealership","[PREMIUM]","Glen Allen","VA","[PREMIUM]",25,"[]",,,"[PREMIUM]"
"5d58e2e2-948b-4f74-b119-1114418b1357","2026-06-27 23:02:42.941","2026-06-27 23:02:42.941","5d58e2e2-948b-4f74-b119-1114418b1357","[PREMIUM]","Used",2020,"Chevrolet","Equinox","2LT","[PREMIUM]","[PREMIUM]",66480,"SUV","Summit White","Jet Black","All-wheel Drive",,,"Gasoline",,,"dealership","[PREMIUM]","Highland","MI","[PREMIUM]",3,"[]",,,"[PREMIUM]"
"29ef2459-461f-4f07-960b-deeff6cde317","2026-06-27 23:02:42.938","2026-07-27 01:50:17.073","29ef2459-461f-4f07-960b-deeff6cde317","[PREMIUM]","Used",2020,"Chevrolet","Blazer","3LT","[PREMIUM]","[PREMIUM]",82112,"SUV","Black","Jet Black","All-wheel Drive",,,"Gasoline",,,"dealership","[PREMIUM]","Rome","NY","[PREMIUM]",27,"[]",,,"[PREMIUM]"
"9eb03ce4-5da2-4aba-906e-f1082db62a2a","2026-06-27 23:02:42.818","2026-07-01 05:05:16.778","9eb03ce4-5da2-4aba-906e-f1082db62a2a","[PREMIUM]","Used",2020,"Honda","Civic","Sport","[PREMIUM]","[PREMIUM]",105564,"Sedan","Platinum White Pearl","Black","Front-wheel Drive",,,"Gasoline",,,"dealership","[PREMIUM]","San Antonio","TX","[PREMIUM]",27,"[]",,,"[PREMIUM]"
"88066cb7-7641-431d-9646-92d74c5c3a5e","2026-06-27 23:02:42.802","2026-07-11 06:37:13.767","88066cb7-7641-431d-9646-92d74c5c3a5e","[PREMIUM]","Used",2020,"Jeep","Compass","Latitude","[PREMIUM]","[PREMIUM]",64100,"SUV","Silver","BLACK","Four-wheel Drive",,,"Gasoline",,,"dealership","[PREMIUM]","Colorado Springs","CO","[PREMIUM]",25,"[]",,,"[PREMIUM]"
"666ee15c-a786-4507-bdca-eda21ec4238a","2026-06-27 23:02:42.728","2026-07-20 21:30:55.180","666ee15c-a786-4507-bdca-eda21ec4238a","[PREMIUM]","Used",2020,"Honda","Accord","LX 1.5T","[PREMIUM]","[PREMIUM]",99358,"Sedan","Platinum White Pearl","Ivory Clth","Front-wheel Drive",,,"Gasoline",,,"dealership","[PREMIUM]","Clarkesville","MD","[PREMIUM]",31,"[]",,,"[PREMIUM]"
"3816d45a-72d4-4a48-86e8-c8c1a487237d","2026-06-27 23:02:42.707","2026-06-27 23:02:42.707","3816d45a-72d4-4a48-86e8-c8c1a487237d","[PREMIUM]","Used",2020,"Honda","Pilot","2WD EX","[PREMIUM]","[PREMIUM]",117027,"SUV","Modern Steel Metallic","Black","Front-wheel Drive",,,"Gasoline",,,"dealership","[PREMIUM]","Conway","AR","[PREMIUM]",8,"[]",,,"[PREMIUM]"
"c57e914b-5fa3-4855-afd9-c104c46fc68a","2026-06-27 23:02:42.693","2026-07-07 15:07:53.090","c57e914b-5fa3-4855-afd9-c104c46fc68a","[PREMIUM]","Used",2020,"Honda","Civic","LX","[PREMIUM]","[PREMIUM]",57312,"Sedan","Lunar Silver Metallic","Black","Front-wheel Drive",,,"Gasoline",,,"dealership","[PREMIUM]","Milton","VT","[PREMIUM]",20,"[]",,,"[PREMIUM]"
"1d13649b-30b8-4b48-a6fb-444fcde2c7a4","2026-06-27 23:02:42.692","2026-07-27 01:50:28.159","1d13649b-30b8-4b48-a6fb-444fcde2c7a4","[PREMIUM]","Used",2020,"Jeep","Compass","Latitude","[PREMIUM]","[PREMIUM]",67944,"SUV","Diamond Black Crystal Pearlcoat","Black","Four-wheel Drive",,,"Gasoline",,,"dealership","[PREMIUM]","South Easton","MA","[PREMIUM]",35,"[]",,,"[PREMIUM]"
"0676fc4f-84f6-45de-8e10-8602d69fc514","2026-06-27 23:02:42.526","2026-07-17 21:24:03.763","0676fc4f-84f6-45de-8e10-8602d69fc514","[PREMIUM]","Used",2020,"Chevrolet","Malibu","FWD RS","[PREMIUM]","[PREMIUM]",53856,"Sedan","Summit White","Jet Black","Front-wheel Drive",,,"Gasoline",,,"dealership","[PREMIUM]","Chino","CA","[PREMIUM]",28,"[]",,,"[PREMIUM]"
"bc9b1071-3ee0-4769-a963-8eee71ab9e31","2026-06-27 23:02:42.466","2026-07-27 01:51:21.148","bc9b1071-3ee0-4769-a963-8eee71ab9e31","[PREMIUM]","Used",2020,"Honda","Civic","LX","[PREMIUM]","[PREMIUM]",117883,"Sedan","Crystal Black Pearl","Black","Front-wheel Drive",,,"Gasoline",,,"dealership","[PREMIUM]","Richmond","VA","[PREMIUM]",26,"[]",,,"[PREMIUM]"
"471edc3a-a244-4880-95c5-a7f947579dd3","2026-06-27 23:02:42.465","2026-07-23 23:18:07.464","471edc3a-a244-4880-95c5-a7f947579dd3","[PREMIUM]","Used",2020,"Ford","Escape","SEL","[PREMIUM]","[PREMIUM]",79259,"SUV","Ingot Silver Metallic","Ebony","All-wheel Drive",,,"Gasoline",,,"dealership","[PREMIUM]","MISSOURI VALLEY","IA","[PREMIUM]",24,"[]",,,"[PREMIUM]"
"68bc1e4d-00cb-43cb-bead-d5507916dfa2","2026-06-27 23:02:42.436","2026-07-14 06:43:06.692","68bc1e4d-00cb-43cb-bead-d5507916dfa2","[PREMIUM]","Used",2020,"Ford","Explorer","Limited","[PREMIUM]","[PREMIUM]",118773,"SUV","Iconic Silver Metallic","Ebony","Rear-wheel Drive",,,"Gasoline",,,"dealership","[PREMIUM]","Bossier City","LA","[PREMIUM]",16,"[]",,,"[PREMIUM]"
"d366465d-68de-4172-8258-8b522d8402d2","2026-06-27 23:02:31.443","2026-07-01 05:05:16.790","d366465d-68de-4172-8258-8b522d8402d2","[PREMIUM]","Used",2022,"Chevrolet","Blazer","RS","[PREMIUM]","[PREMIUM]",112576,"SUV","Silver Ice Metallic","Jet Black","Front-wheel Drive",,,"Gasoline",,,"dealership","[PREMIUM]","Scottsdale","AZ","[PREMIUM]",8,"[]",,,"[PREMIUM]"
"c4bfbe7e-3597-4b7c-b845-495046f4e23a","2026-06-27 23:02:31.298","2026-07-07 15:07:53.049","c4bfbe7e-3597-4b7c-b845-495046f4e23a","[PREMIUM]","Used",2022,"Honda","Civic","LX","[PREMIUM]","[PREMIUM]",32350,"Sedan","Lunar Silver Metallic","Black","Front-wheel Drive",,,"Gasoline",,,"dealership","[PREMIUM]","Plainfield","NJ","[PREMIUM]",30,"[]",,,"[PREMIUM]"
"538e3f00-d9a6-4684-80cd-5678cfad55f1","2026-06-27 23:02:31.286","2026-07-07 15:07:53.387","538e3f00-d9a6-4684-80cd-5678cfad55f1","[PREMIUM]","Used",2022,"Jeep","Compass","Latitude","[PREMIUM]","[PREMIUM]",62036,"SUV","Bright White Clearcoat","Black","Four-wheel Drive",,,"Gasoline",,,"dealership","[PREMIUM]","Georgetown","KY","[PREMIUM]",28,"[]",,,"[PREMIUM]"
"be06ca29-8444-4127-baa4-06d22c186389","2026-06-27 23:02:31.280","2026-06-27 23:02:31.280","be06ca29-8444-4127-baa4-06d22c186389","[PREMIUM]","Used",2021,"Nissan","Kicks","S","[PREMIUM]","[PREMIUM]",34080,"SUV","White","BLACK","Rear-wheel Drive",,,"Gasoline",,,"dealership","[PREMIUM]","Chattanooga","TN","[PREMIUM]",25,"[]",,,"[PREMIUM]"
"323edfe6-0889-4183-9bfd-5d723b0e1c8d","2026-06-27 23:02:31.270","2026-07-27 01:50:28.370","323edfe6-0889-4183-9bfd-5d723b0e1c8d","[PREMIUM]","Used",2022,"Hyundai","SONATA","SE","[PREMIUM]","[PREMIUM]",76854,"Sedan","Calypso Red","Dark Gray","Front-wheel Drive",,,"Gasoline",,,"dealership","[PREMIUM]","Georgetown","KY","[PREMIUM]",27,"[]",,,"[PREMIUM]"
"35f7b0f1-0056-4738-b2b4-484fcbbcd847","2026-06-27 23:02:31.234","2026-07-23 23:18:06.893","35f7b0f1-0056-4738-b2b4-484fcbbcd847","[PREMIUM]","Used",2023,"Nissan","Rogue","SV","[PREMIUM]","[PREMIUM]",33637,"SUV","Black","Black","All-wheel Drive",,,"Gasoline",,,"dealership","[PREMIUM]","Omaha","NE","[PREMIUM]",44,"[]",,,"[PREMIUM]"
"f59a19bc-3109-41ea-a343-755048e78a6b","2026-06-27 23:02:20.355","2026-07-27 01:50:27.993","f59a19bc-3109-41ea-a343-755048e78a6b","[PREMIUM]","Used",2024,"Ford","Escape","Active","[PREMIUM]","[PREMIUM]",62881,"SUV","Gray Metallic","Ebony","All-wheel Drive",,,"Gasoline",,,"dealership","[PREMIUM]","Georgetown","KY","[PREMIUM]",27,"[]",,,"[PREMIUM]"
"cbb3c31d-caab-432b-a9d3-0538283330fa","2026-06-27 23:02:20.353","2026-07-27 01:50:28.290","cbb3c31d-caab-432b-a9d3-0538283330fa","[PREMIUM]","Used",2024,"Nissan","Sentra","SV","[PREMIUM]","[PREMIUM]",40002,"Sedan","Black","Charcoal","Front-wheel Drive",,,"Gasoline",,,"dealership","[PREMIUM]","Farmville","NC","[PREMIUM]",15,"[]",,,"[PREMIUM]"
"36d11156-2ee4-4f21-9613-296551d19249","2026-06-27 23:02:19.986","2026-07-14 06:42:54.088","36d11156-2ee4-4f21-9613-296551d19249","[PREMIUM]","Used",2025,"Jeep","Compass","Limited","[PREMIUM]","[PREMIUM]",49624,"SUV","Hydro Blue Pearlcoat","Black","Four-wheel Drive",,,"Gasoline",,,"online_vendor","[PREMIUM]","Santa Clara","CA","[PREMIUM]",6,"[]",,,"[PREMIUM]"
"c47b583c-aedb-4b72-a58c-05bf6cb14988","2026-06-27 23:02:19.965","2026-06-27 23:02:19.965","c47b583c-aedb-4b72-a58c-05bf6cb14988","[PREMIUM]","Used",2025,"Kia","K4","LXS","[PREMIUM]","[PREMIUM]",32810,"Sedan","Currant Red","Gray","Front-wheel Drive",,,"Gasoline",,,"online_vendor","[PREMIUM]","Winston Salem","NC","[PREMIUM]",7,"[]",,,"[PREMIUM]"
"ea831214-405b-4f17-ba30-61756b730b4a","2026-06-27 23:02:19.819","2026-07-07 15:07:51.893","ea831214-405b-4f17-ba30-61756b730b4a","[PREMIUM]","Used",2025,"Chevrolet","Trax","LT","[PREMIUM]","[PREMIUM]",32032,"SUV","Sterling Gray Metallic","Jet Black w/Blue Accents","Front-wheel Drive",,,"Gasoline",,,"online_vendor","[PREMIUM]","Santa Clara","CA","[PREMIUM]",7,"[]",,,"[PREMIUM]"
"d310579e-91a8-4390-a830-b237e4640554","2026-06-27 23:02:19.792","2026-06-27 23:02:19.792","d310579e-91a8-4390-a830-b237e4640554","[PREMIUM]","Used",2024,"Hyundai","ELANTRA","SEL","[PREMIUM]","[PREMIUM]",63844,"Sedan","Black","BLACK","Rear-wheel Drive",,,"Gasoline",,,"dealership","[PREMIUM]","Dothan","AL","[PREMIUM]",27,"[]",,,"[PREMIUM]"
"a0ab6fe4-0681-4fbc-b7e5-dc1b0d1c4c0b","2026-06-27 23:02:19.775","2026-07-01 05:03:32.826","a0ab6fe4-0681-4fbc-b7e5-dc1b0d1c4c0b","[PREMIUM]","Used",2025,"Nissan","Altima","SV FWD","[PREMIUM]","[PREMIUM]",32119,"Sedan","Glacier White","Charcoal","Front-wheel Drive",,,"Gasoline",,,"online_vendor","[PREMIUM]","Smithtown","NY","[PREMIUM]",7,"[]",,,"[PREMIUM]"
"79bd0905-39ef-4f0e-a423-e3b6576266d4","2026-06-27 23:02:19.774","2026-07-17 21:23:39.011","79bd0905-39ef-4f0e-a423-e3b6576266d4","[PREMIUM]","Used",2025,"Nissan","Altima","SV FWD","[PREMIUM]","[PREMIUM]",23749,"Sedan","Glacier White","Charcoal","Front-wheel Drive",,,"Gasoline",,,"online_vendor","[PREMIUM]","Santa Clara","CA","[PREMIUM]",16,"[]",,,"[PREMIUM]"
"8378278d-ef45-46c0-822d-b56cddfcb4cf","2026-06-27 23:02:19.773","2026-07-01 04:59:54.419","8378278d-ef45-46c0-822d-b56cddfcb4cf","[PREMIUM]","Used",2024,"Chevrolet","Malibu","LS","[PREMIUM]","[PREMIUM]",49234,"Sedan","White","BLACK","Rear-wheel Drive",,,"Gasoline",,,"dealership","[PREMIUM]","Stockbridge","GA","[PREMIUM]",26,"[]",,,"[PREMIUM]"
"ac18496f-e576-44d7-b8de-6f89f2988134","2026-06-27 23:02:19.770","2026-07-17 21:23:40.272","ac18496f-e576-44d7-b8de-6f89f2988134","[PREMIUM]","Used",2025,"Nissan","Altima","SV FWD","[PREMIUM]","[PREMIUM]",36744,"Sedan","Gun Metallic","Charcoal","Front-wheel Drive",,,"Gasoline",,,"online_vendor","[PREMIUM]","Burien","WA","[PREMIUM]",16,"[]",,,"[PREMIUM]"
"2208d986-d195-4259-8fa4-2592c12ed72a","2026-06-27 23:02:19.646","2026-06-27 23:02:19.646","2208d986-d195-4259-8fa4-2592c12ed72a","[PREMIUM]","Used",2025,"Chevrolet","Trax","LT","[PREMIUM]","[PREMIUM]",29811,"SUV","Crimson Metallic","Jet Black w/Blue Accents","Front-wheel Drive",,,"Gasoline",,,"online_vendor","[PREMIUM]","Santa Clara","CA","[PREMIUM]",7,"[]",,,"[PREMIUM]"
"f3972e00-cf44-47b9-b790-18fc27254e2f","2026-06-27 23:02:19.633","2026-07-01 04:59:54.353","f3972e00-cf44-47b9-b790-18fc27254e2f","[PREMIUM]","Used",2025,"Nissan","Altima","SV FWD","[PREMIUM]","[PREMIUM]",30566,"Sedan","Glacier White","Charcoal","Front-wheel Drive",,,"Gasoline",,,"online_vendor","[PREMIUM]","Smithtown","NY","[PREMIUM]",7,"[]",,,"[PREMIUM]"
"3f94c140-ac53-4db3-bf20-ba455ca535b1","2026-06-27 23:02:19.611","2026-07-04 14:57:49.410","3f94c140-ac53-4db3-bf20-ba455ca535b1","[PREMIUM]","Used",2025,"Nissan","Altima","SV FWD","[PREMIUM]","[PREMIUM]",35537,"Sedan","Gun Metallic","Charcoal","Front-wheel Drive",,,"Gasoline",,,"online_vendor","[PREMIUM]","Santa Clara","CA","[PREMIUM]",16,"[]",,,"[PREMIUM]"
"1e75a2ce-59d9-4676-8065-8bdf8de07491","2026-06-27 23:02:08.536","2026-07-01 04:59:43.283","1e75a2ce-59d9-4676-8065-8bdf8de07491","[PREMIUM]","Used",2009,"Lexus","LS 460","Base","[PREMIUM]","[PREMIUM]",145950,"Sedan","Black","Black","All-wheel Drive",,,"Gasoline",,,"dealership","[PREMIUM]","Arlington","MA","[PREMIUM]",36,"[]",,,"[PREMIUM]"
"14c12254-374d-42f0-be55-f040917b261d","2026-06-27 23:01:58.423","2026-07-14 06:42:40.755","14c12254-374d-42f0-be55-f040917b261d","[PREMIUM]","Used",2012,"Audi","A4","2.0T Premium Plus quattro","[PREMIUM]","[PREMIUM]",62001,"Wagon","Silver","Black","All-wheel Drive",,,"Gasoline",,,"dealership","[PREMIUM]","Willoughby","OH","[PREMIUM]",17,"[]",,,"[PREMIUM]"
"c6ef5cbc-9a14-42f4-a8b3-1ec6c165ac0f","2026-06-27 23:01:58.210","2026-07-23 23:18:05.038","c6ef5cbc-9a14-42f4-a8b3-1ec6c165ac0f","[PREMIUM]","Used",2012,"Toyota","4Runner","SR5","[PREMIUM]","[PREMIUM]",193215,"SUV","Black","Black/Graphite","Rear-wheel Drive",,,"Gasoline",,,"dealership","[PREMIUM]","Brandon","MS","[PREMIUM]",32,"[]",,,"[PREMIUM]"
"0c355abf-91dc-460d-8ed8-9bd7198d8d99","2026-06-27 23:01:57.508","2026-06-27 23:01:57.508","0c355abf-91dc-460d-8ed8-9bd7198d8d99","[PREMIUM]","Used",2017,"Kia","Sorento","EX","[PREMIUM]","[PREMIUM]",110000,"SUV","Silver","Black","All-wheel Drive",,,"Gasoline",,,"private","[PREMIUM]",,,"[PREMIUM]",6,"[]",,,"[PREMIUM]"
"fed4e549-dcb9-43a2-98f1-d240fa3a564b","2026-06-27 23:01:57.394","2026-07-07 15:07:40.538","fed4e549-dcb9-43a2-98f1-d240fa3a564b","[PREMIUM]","Used",2015,"Volkswagen","Jetta","1.8T SE","[PREMIUM]","[PREMIUM]",40644,"Sedan","White","Charcoal","Front-wheel Drive",,,"Gasoline",,,"dealership","[PREMIUM]","Spencerport","NY","[PREMIUM]",23,"[]",,,"[PREMIUM]"
"0cd894ce-bfdb-44ae-a890-15324e9c8eb8","2026-06-27 23:01:57.372","2026-07-27 01:50:16.640","0cd894ce-bfdb-44ae-a890-15324e9c8eb8","[PREMIUM]","Used",2015,"Volvo","XC70","3.2 Platinum","[PREMIUM]","[PREMIUM]",124335,"Wagon","Brown","White","All-wheel Drive",,,"Gasoline",,,"dealership","[PREMIUM]","Manassas","VA","[PREMIUM]",33,"[]",,,"[PREMIUM]"
"155e78b9-9eb7-45a9-8eae-0d623964571c","2026-06-27 23:01:56.671","2026-07-07 15:07:27.956","155e78b9-9eb7-45a9-8eae-0d623964571c","[PREMIUM]","Used",2017,"Buick","Encore","Preferred II","[PREMIUM]","[PREMIUM]",54318,"SUV","Ebony Twilight Metallic","Ebony","All-wheel Drive",,,"Gasoline",,,"dealership","[PREMIUM]","Pitcairn","PA","[PREMIUM]",30,"[]",,,"[PREMIUM]"
"8bf94f22-bcdc-44bd-ba42-f54ce03e922c","2026-06-27 23:01:56.663","2026-07-17 21:23:37.150","8bf94f22-bcdc-44bd-ba42-f54ce03e922c","[PREMIUM]","Used",2015,"Honda","CR-V","Touring","[PREMIUM]","[PREMIUM]",139841,"SUV","Burgundy","Gray","All-wheel Drive",,,"Gasoline",,,"dealership","[PREMIUM]","Pendleton","IN","[PREMIUM]",33,"[]",,,"[PREMIUM]"
"d71c8f10-4375-4b57-b8f7-2a0a8f1350e7","2026-06-27 23:01:56.662","2026-07-11 06:36:48.017","d71c8f10-4375-4b57-b8f7-2a0a8f1350e7","[PREMIUM]","Used",2015,"Honda","Civic","EX-L","[PREMIUM]","[PREMIUM]",123680,"Sedan","Modern Steel Metallic","Black","Front-wheel Drive",,,"Gasoline",,,"dealership","[PREMIUM]","Johnson City","TN","[PREMIUM]",41,"[]",,,"[PREMIUM]"
"dd897dd5-c02d-4c80-8aee-6ebd5c7a9272","2026-06-27 23:01:56.662","2026-07-07 15:07:28.038","dd897dd5-c02d-4c80-8aee-6ebd5c7a9272","[PREMIUM]","Used",2017,"Toyota","Highlander","XLE","[PREMIUM]","[PREMIUM]",187336,"SUV","Toasted Walnut Pearl","Almond","All-wheel Drive",,,"Gasoline",,,"dealership","[PREMIUM]","Aurora","IL","[PREMIUM]",33,"[]",,,"[PREMIUM]"
"a4b6a712-6c18-4407-8d36-0ef116d66c9f","2026-06-27 23:01:56.646","2026-07-27 01:49:44.654","a4b6a712-6c18-4407-8d36-0ef116d66c9f","[PREMIUM]","Used",2016,"Honda","Pilot","EX-L","[PREMIUM]","[PREMIUM]",110505,"SUV","White Diamond Pearl","Beige","All-wheel Drive",,,"Gasoline",,,"dealership","[PREMIUM]","Bellevue","NE","[PREMIUM]",31,"[]",,,"[PREMIUM]"
"af23255d-d9ee-4c46-aa58-421848852ee5","2026-06-27 23:01:56.631","2026-07-01 04:59:20.030","af23255d-d9ee-4c46-aa58-421848852ee5","[PREMIUM]","Used",2016,"Jeep","Grand Cherokee","Limited","[PREMIUM]","[PREMIUM]",114880,"SUV","Dark Green","Cream","Four-wheel Drive",,,"Gasoline",,,"dealership","[PREMIUM]","Spencerport","NY","[PREMIUM]",25,"[]",,,"[PREMIUM]"
"5f9df1e8-530a-4285-b185-6606208045c8","2026-06-27 23:01:56.623","2026-07-27 01:49:44.575","5f9df1e8-530a-4285-b185-6606208045c8","[PREMIUM]","Used",2015,"BMW","535","xDrive","[PREMIUM]","[PREMIUM]",137521,"Sedan","Black","Tan","All-wheel Drive",,,"Gasoline",,,"dealership","[PREMIUM]","Wichita","KS","[PREMIUM]",17,"[]",,,"[PREMIUM]"
"b56dfe33-e5b0-496b-a0cd-60b3173ace42","2026-06-27 23:01:56.615","2026-07-27 01:49:44.707","b56dfe33-e5b0-496b-a0cd-60b3173ace42","[PREMIUM]","Used",2014,"Honda","CR-V","2WD 5dr LX","[PREMIUM]","[PREMIUM]",113450,"SUV","Urban Titanium Metallic","Gray","Front-wheel Drive",,,"Gasoline",,,"dealership","[PREMIUM]","Olathe","KS","[PREMIUM]",22,"[]",,,"[PREMIUM]"
"00fbb4ee-5fcb-40a9-b16f-8bb878905086","2026-06-27 23:01:56.614","2026-07-17 21:23:37.148","00fbb4ee-5fcb-40a9-b16f-8bb878905086","[PREMIUM]","Used",2015,"Cadillac","SRX","Luxury Collection","[PREMIUM]","[PREMIUM]",83763,"SUV","Platinum Ice Tricoat","Shale/Brownstone Accents","Front-wheel Drive",,,"Gasoline",,,"dealership","[PREMIUM]","Melrose Park","IL","[PREMIUM]",34,"[]",,,"[PREMIUM]"
"73ea9c91-6b64-46bb-8829-033015fd2252","2026-06-27 23:01:56.612","2026-07-27 01:49:33.102","73ea9c91-6b64-46bb-8829-033015fd2252","[PREMIUM]","Used",2015,"INFINITI","Q50","Premium","[PREMIUM]","[PREMIUM]",103406,"Sedan","Black","Black","All-wheel Drive",,,"Gasoline",,,"dealership","[PREMIUM]","Spencerport","NY","[PREMIUM]",24,"[]",,,"[PREMIUM]"
"fa92e6b6-f60e-4215-8453-13427d845929","2026-06-27 23:01:56.612","2026-07-14 06:42:40.847","fa92e6b6-f60e-4215-8453-13427d845929","[PREMIUM]","Used",2016,"Subaru","Crosstrek","Premium","[PREMIUM]","[PREMIUM]",117352,"Wagon","White","BLACK","Four-wheel Drive",,,"Gasoline",,,"dealership","[PREMIUM]","Sacramento","CA","[PREMIUM]",25,"[]",,,"[PREMIUM]"
"00363f24-6cf7-4bc9-94ba-bdc2aa7a4c33","2026-06-27 23:01:56.611","2026-07-04 14:57:35.953","00363f24-6cf7-4bc9-94ba-bdc2aa7a4c33","[PREMIUM]","Used",2017,"Lincoln","MKZ Hybrid","Reserve","[PREMIUM]","[PREMIUM]",124202,"Sedan","Black","BROWN","Rear-wheel Drive",,,"Hybrid",,,"dealership","[PREMIUM]","Ontario","CA","[PREMIUM]",26,"[]",,,"[PREMIUM]"
"741348d0-63a1-40c2-9d13-e42bcd7cd06d","2026-06-27 23:01:56.610","2026-07-07 15:07:28.065","741348d0-63a1-40c2-9d13-e42bcd7cd06d","[PREMIUM]","Used",2012,"Cadillac","CTS","Base","[PREMIUM]","[PREMIUM]",61599,"Coupe","Gray","Ebony/Ebony Accents","Rear-wheel Drive",,,"Gasoline",,,"dealership","[PREMIUM]","Mooresville","NC","[PREMIUM]",26,"[]",,,"[PREMIUM]"
"8647f639-4aff-4e7a-9a1e-3bece1bbc38c","2026-06-27 23:01:56.606","2026-06-27 23:01:56.606","8647f639-4aff-4e7a-9a1e-3bece1bbc38c","[PREMIUM]","Used",2014,"Kia","Sportage","EX","[PREMIUM]","[PREMIUM]",82612,"SUV","Mineral Silver","Black","Front-wheel Drive",,,"Gasoline",,,"dealership","[PREMIUM]","Mooresville","NC","[PREMIUM]",32,"[]",,,"[PREMIUM]"
"65027acc-4b93-4b61-815f-822dfae2e12c","2026-06-27 23:01:56.597","2026-07-14 06:42:40.809","65027acc-4b93-4b61-815f-822dfae2e12c","[PREMIUM]","Used",2017,"Nissan","Armada","SV","[PREMIUM]","[PREMIUM]",86308,"SUV","Hermosa Blue","Black","Rear-wheel Drive",,,"Gasoline",,,"dealership","[PREMIUM]","Phoenix","AZ","[PREMIUM]",14,"[]",,,"[PREMIUM]"
"6e1fa9df-5fd1-4940-a8cf-743c10dd7e46","2026-06-27 23:01:56.590","2026-07-27 01:49:11.262","6e1fa9df-5fd1-4940-a8cf-743c10dd7e46","[PREMIUM]","Used",2017,"Mercedes-Benz","C-Class","C 300 Coupe","[PREMIUM]","[PREMIUM]",88863,"Coupe","Silver","Silver","Rear-wheel Drive",,,"Gasoline",,,"dealership","[PREMIUM]","Dallas","TX","[PREMIUM]",30,"[]",,,"[PREMIUM]"
"5dc6a9fc-9e0c-492c-9918-4a3aacb10c83","2026-06-27 23:01:56.581","2026-07-27 01:49:12.139","5dc6a9fc-9e0c-492c-9918-4a3aacb10c83","[PREMIUM]","Used",2016,"Land Rover","Range Rover Sport","Supercharged SE","[PREMIUM]","[PREMIUM]",141426,"SUV","White","Black","Four-wheel Drive",,,"Gasoline",,,"dealership","[PREMIUM]","Manassas","VA","[PREMIUM]",33,"[]",,,"[PREMIUM]"
"29b26a44-f2db-43a9-b5ca-4f225d6b48ca","2026-06-27 23:01:45.474","2026-07-04 14:57:35.955","29b26a44-f2db-43a9-b5ca-4f225d6b48ca","[PREMIUM]","Used",2018,"Jeep","Renegade","Sport","[PREMIUM]","[PREMIUM]",84676,"SUV","Red","BLACK","Four-wheel Drive",,,"Gasoline",,,"dealership","[PREMIUM]","Puyallup","WA","[PREMIUM]",26,"[]",,,"[PREMIUM]"
"e80afd8d-7281-4bbb-9891-aa0d7b512084","2026-06-27 23:01:45.236","2026-07-04 14:57:35.916","e80afd8d-7281-4bbb-9891-aa0d7b512084","[PREMIUM]","Used",2018,"Subaru","Forester","2.5i Premium Black Edition","[PREMIUM]","[PREMIUM]",190126,"SUV","Crystal White Pearl","Black","All-wheel Drive",,,"Gasoline",,,"dealership","[PREMIUM]","Sandy","UT","[PREMIUM]",32,"[]",,,"[PREMIUM]"
"04ad2ca2-6215-493f-8fb9-620cc7d5c974","2026-06-27 23:01:45.200","2026-07-27 01:49:45.788","04ad2ca2-6215-493f-8fb9-620cc7d5c974","[PREMIUM]","Used",2018,"Honda","Pilot","EX","[PREMIUM]","[PREMIUM]",176570,"SUV","Green","Tan","Four-wheel Drive",,,"Gasoline",,,"dealership","[PREMIUM]","Garfield","NJ","[PREMIUM]",56,"[]",,,"[PREMIUM]"
"bdffd593-5af2-4c2a-bdd2-b7cf596496ad","2026-06-27 23:01:34.702","2026-07-27 01:49:11.331","bdffd593-5af2-4c2a-bdd2-b7cf596496ad","[PREMIUM]","Used",2019,"Jeep","Compass","Limited","[PREMIUM]","[PREMIUM]",105995,"SUV","Diamond Black Crystal Pearlcoat","Black","Front-wheel Drive",,,"Gasoline",,,"dealership","[PREMIUM]","Orange","CA","[PREMIUM]",26,"[]",,,"[PREMIUM]"
"ee2189cc-dfef-42c1-99cf-f7539ecc57d6","2026-06-27 23:01:34.676","2026-07-27 01:47:59.689","ee2189cc-dfef-42c1-99cf-f7539ecc57d6","[PREMIUM]","Used",2019,"Chevrolet","Traverse","LT Leather","[PREMIUM]","[PREMIUM]",131501,"SUV","Gray","Black","All-wheel Drive",,,"Gasoline",,,"dealership","[PREMIUM]","Spencerport","NY","[PREMIUM]",26,"[]",,,"[PREMIUM]"
"1ff63cd4-da06-40ec-b4f1-995997425a7d","2026-06-27 23:01:34.666","2026-07-27 01:49:33.172","1ff63cd4-da06-40ec-b4f1-995997425a7d","[PREMIUM]","Used",2019,"Hyundai","SANTA FE","Ultimate 2.0T","[PREMIUM]","[PREMIUM]",146852,"SUV","Quartz White","Black/Black","All-wheel Drive",,,"Gasoline",,,"dealership","[PREMIUM]","Midwest City","OK","[PREMIUM]",36,"[]",,,"[PREMIUM]"
"eccbeb9d-878e-40ad-89d4-29fa33820ec0","2026-06-27 23:01:34.423","2026-07-04 14:57:35.417","eccbeb9d-878e-40ad-89d4-29fa33820ec0","[PREMIUM]","Used",2020,"Toyota","Corolla","SE","[PREMIUM]","[PREMIUM]",170623,"Sedan","Classic Silver Metallic","Moonstone","Front-wheel Drive",,,"Gasoline",,,"dealership","[PREMIUM]","Charleston","SC","[PREMIUM]",13,"[]",,,"[PREMIUM]"
"92bcb2e1-489f-4807-95f2-fe4fb9c82ef8","2026-06-27 23:01:34.171","2026-07-27 01:49:11.937","92bcb2e1-489f-4807-95f2-fe4fb9c82ef8","[PREMIUM]","Used",2020,"Kia","Sorento","LX","[PREMIUM]","[PREMIUM]",125598,"SUV","Snow White Pearl","Black","Front-wheel Drive",,,"Gasoline",,,"dealership","[PREMIUM]","Waukesha","WI","[PREMIUM]",33,"[]",,,"[PREMIUM]"
"d356f5b2-6fd9-4078-9de8-76563f4a8706","2026-06-27 23:01:34.148","2026-07-17 21:23:25.309","d356f5b2-6fd9-4078-9de8-76563f4a8706","[PREMIUM]","Used",2020,"Nissan","Rogue Sport","S","[PREMIUM]","[PREMIUM]",91297,"SUV","Gun Metallic","Charcoal","Front-wheel Drive",,,"Gasoline",,,"dealership","[PREMIUM]","Naugatuck","CT","[PREMIUM]",28,"[]",,,"[PREMIUM]"
"1b39665b-6d2a-49b8-8688-a529c5d2da78","2026-06-27 23:01:34.041","2026-07-17 21:23:25.550","1b39665b-6d2a-49b8-8688-a529c5d2da78","[PREMIUM]","Used",2020,"Chevrolet","Trax","LS","[PREMIUM]","[PREMIUM]",57889,"SUV","Silver Ice Metallic","Jet Black","Front-wheel Drive",,,"Gasoline",,,"dealership","[PREMIUM]","Akron","OH","[PREMIUM]",26,"[]",,,"[PREMIUM]"
"c7f4ccde-c504-468d-9718-63c91ab4db9b","2026-06-27 23:01:33.739","2026-07-07 15:07:14.482","c7f4ccde-c504-468d-9718-63c91ab4db9b","[PREMIUM]","Used",2020,"Kia","Forte","LXS","[PREMIUM]","[PREMIUM]",53150,"Sedan","Silky Silver","Black","Front-wheel Drive",,,"Gasoline",,,"dealership","[PREMIUM]","Sidney","NY","[PREMIUM]",26,"[]",,,"[PREMIUM]"
"12f18b39-84ad-4e13-8d19-14696bf467d0","2026-06-27 23:01:32.543","2026-07-07 15:07:14.341","12f18b39-84ad-4e13-8d19-14696bf467d0","[PREMIUM]","Used",2020,"Chevrolet","Equinox","LS","[PREMIUM]","[PREMIUM]",65000,"SUV","Silver","Gray","All-wheel Drive",,,"Gasoline",,,"dealership","[PREMIUM]","Omaha","NE","[PREMIUM]",25,"[]",,,"[PREMIUM]"
"c5ea91dd-7503-4c7c-b161-ce3e4df96fa2","2026-06-27 23:01:32.473","2026-07-07 15:07:14.787","c5ea91dd-7503-4c7c-b161-ce3e4df96fa2","[PREMIUM]","Used",2020,"Kia","Sedona","LX","[PREMIUM]","[PREMIUM]",125676,"Passenger Van","Celestial Blue","Gray","Front-wheel Drive",,,"Gasoline",,,"dealership","[PREMIUM]","Rochester","MN","[PREMIUM]",15,"[]",,,"[PREMIUM]"
"3c664e6d-6357-4158-bcea-a4d511e397aa","2026-06-27 23:01:32.342","2026-07-27 01:47:49.137","3c664e6d-6357-4158-bcea-a4d511e397aa","[PREMIUM]","Used",2021,"Nissan","Sentra","S","[PREMIUM]","[PREMIUM]",89418,"Sedan","Fresh Powder","Charcoal","Front-wheel Drive",,,"Gasoline",,,"dealership","[PREMIUM]","Paris","KY","[PREMIUM]",10,"[]",,,"[PREMIUM]"
"163a03c8-ae81-41d1-b8f4-762cbb2fe617","2026-06-27 23:01:32.320","2026-07-11 06:36:48.340","163a03c8-ae81-41d1-b8f4-762cbb2fe617","[PREMIUM]","Used",2021,"Jeep","Compass","Limited","[PREMIUM]","[PREMIUM]",72411,"SUV","GRAY","Ski Gray/Black","Four-wheel Drive",,,"Gasoline",,,"dealership","[PREMIUM]","Bloomington","IL","[PREMIUM]",42,"[]",,,"[PREMIUM]"
"6680790d-75ac-4a37-962d-885266437aed","2026-06-27 23:01:32.300","2026-07-01 04:58:23.822","6680790d-75ac-4a37-962d-885266437aed","[PREMIUM]","Used",2025,"Hyundai","VENUE","SEL","[PREMIUM]","[PREMIUM]",11577,"SUV","Ecotronic Gray","Black","Front-wheel Drive",,,"Gasoline",,,"dealership","[PREMIUM]","Genoa City","WI","[PREMIUM]",19,"[]",,,"[PREMIUM]"
"f845bbfe-859c-4022-92b8-c91ef26c7049","2026-06-27 23:01:32.287","2026-07-04 14:57:21.805","f845bbfe-859c-4022-92b8-c91ef26c7049","[PREMIUM]","Used",2024,"Mitsubishi","Mirage G4","LE","[PREMIUM]","[PREMIUM]",34134,"Sedan","Jet Black Metallic","Black","Front-wheel Drive",,,"Gasoline",,,"dealership","[PREMIUM]","North Charleston","SC","[PREMIUM]",39,"[]",,,"[PREMIUM]"
"3746aaaa-80ac-4597-9cca-64fe2c8e470c","2026-06-27 23:01:32.280","2026-07-17 21:23:24.407","3746aaaa-80ac-4597-9cca-64fe2c8e470c","[PREMIUM]","Used",2020,"Ford","Fusion","S","[PREMIUM]","[PREMIUM]",121394,"Sedan","Magnetic","Medium Light Stone","Front-wheel Drive",,,"Gasoline",,,"dealership","[PREMIUM]","Paris","KY","[PREMIUM]",8,"[]",,,"[PREMIUM]"
"d63887ac-f96e-4c22-ac2a-6f155b8a4dfc","2026-06-27 23:01:32.231","2026-07-01 04:58:23.415","d63887ac-f96e-4c22-ac2a-6f155b8a4dfc","[PREMIUM]","Used",2021,"Mitsubishi","Mirage G4","LE","[PREMIUM]","[PREMIUM]",38750,"Sedan","Black","GRAY","Rear-wheel Drive",,,"Gasoline",,,"dealership","[PREMIUM]","Virginia Beach","VA","[PREMIUM]",25,"[]",,,"[PREMIUM]"
"dd54d8a5-b130-44a4-a5f5-33213e0f2a7f","2026-06-27 23:01:09.727","2026-07-27 01:47:48.572","dd54d8a5-b130-44a4-a5f5-33213e0f2a7f","[PREMIUM]","Used",2014,"Toyota","Camry","SE Sport","[PREMIUM]","[PREMIUM]",172285,"Sedan","Gray","Gray","Front-wheel Drive",,,"Gasoline",,,"dealership","[PREMIUM]","Garfield","NJ","[PREMIUM]",60,"[]",,,"[PREMIUM]"
"c6e2ae6b-ecbd-4190-8592-27ecc03c69ae","2026-06-27 23:01:09.668","2026-07-07 15:07:02.210","c6e2ae6b-ecbd-4190-8592-27ecc03c69ae","[PREMIUM]","Used",2012,"Hyundai","Genesis Coupe","3.8 Track","[PREMIUM]","[PREMIUM]",74519,"Coupe","Karussell White","Black","Rear-wheel Drive",,,"Gasoline",,,"dealership","[PREMIUM]","North Little Rock","AR","[PREMIUM]",11,"[]",,,"[PREMIUM]"
"5b4e2abe-a48a-4e46-a189-0cf64464b721","2026-06-27 23:01:09.667","2026-07-27 01:47:37.221","5b4e2abe-a48a-4e46-a189-0cf64464b721","[PREMIUM]","Used",2014,"BMW","X5","xDrive35i","[PREMIUM]","[PREMIUM]",151473,"SUV","Black","Black","All-wheel Drive",,,"Gasoline",,,"dealership","[PREMIUM]","Omaha","NE","[PREMIUM]",46,"[]",,,"[PREMIUM]"
"0a94827a-a72b-40b2-8af3-e2474f76ee71","2026-06-27 23:01:09.662","2026-07-07 15:07:02.315","0a94827a-a72b-40b2-8af3-e2474f76ee71","[PREMIUM]","Used",2009,"Chrysler","300C","Base","[PREMIUM]","[PREMIUM]",87222,"Sedan","Clearwater Blue Pearlcoat","Dark Slate Gray","All-wheel Drive",,,"Gasoline",,,"dealership","[PREMIUM]","Rochester","NH","[PREMIUM]",9,"[]",,,"[PREMIUM]"
"af6379ba-7954-420d-af2d-4b20c0fd9a4f","2026-06-27 23:00:58.284","2026-07-14 06:42:26.876","af6379ba-7954-420d-af2d-4b20c0fd9a4f","[PREMIUM]","Used",2015,"Volvo","S60","T5 Premier","[PREMIUM]","[PREMIUM]",86880,"Sedan","SILVER","Black","Front-wheel Drive",,,"Gasoline",,,"dealership","[PREMIUM]","Merriam","KS","[PREMIUM]",40,"[]",,,"[PREMIUM]"
"2bc1d7d2-e65c-4867-a154-8cb6b3fa7e4e","2026-06-27 23:00:58.267","2026-07-27 01:47:59.624","2bc1d7d2-e65c-4867-a154-8cb6b3fa7e4e","[PREMIUM]","Used",2015,"Buick","Encore","Leather","[PREMIUM]","[PREMIUM]",87160,"SUV","Champagne","Black","All-wheel Drive",,,"Gasoline",,,"dealership","[PREMIUM]","Spencerport","NY","[PREMIUM]",25,"[]",,,"[PREMIUM]"
"a5b8307a-d0e1-48c8-82e1-715c21392808","2026-06-27 23:00:58.232","2026-07-23 23:17:39.075","a5b8307a-d0e1-48c8-82e1-715c21392808","[PREMIUM]","Used",2015,"Hyundai","SONATA","SE","[PREMIUM]","[PREMIUM]",82514,"Sedan","Symphony Silver","Gray","Front-wheel Drive",,,"Gasoline",,,"dealership","[PREMIUM]","Dallas","TX","[PREMIUM]",31,"[]",,,"[PREMIUM]"
"8ac47b91-8865-44e2-b126-8e807e0b7408","2026-06-27 23:00:58.228","2026-07-07 15:07:01.673","8ac47b91-8865-44e2-b126-8e807e0b7408","[PREMIUM]","Used",2015,"Lincoln","MKZ Hybrid","Base","[PREMIUM]","[PREMIUM]",102380,"Sedan","Magnetic Metallic","Ebony","Front-wheel Drive",,,"Hybrid",,,"dealership","[PREMIUM]","Youngstown","OH","[PREMIUM]",10,"[]",,,"[PREMIUM]"
"2f545c36-8d03-4f40-9bf8-527d139824a2","2026-06-27 23:00:47.414","2026-07-23 23:17:51.768","2f545c36-8d03-4f40-9bf8-527d139824a2","[PREMIUM]","Used",2017,"Honda","Accord","Sport SE","[PREMIUM]","[PREMIUM]",175029,"Sedan","Obsidian Blue Pearl","Black","Front-wheel Drive",,,"Gasoline",,,"dealership","[PREMIUM]","Lancaster","CA","[PREMIUM]",17,"[]",,,"[PREMIUM]"
"11876ae8-fc6d-4fa6-afe2-fe80a59506d2","2026-06-27 23:00:47.386","2026-07-27 01:49:11.258","11876ae8-fc6d-4fa6-afe2-fe80a59506d2","[PREMIUM]","Used",2017,"Chevrolet","Trax","LT","[PREMIUM]","[PREMIUM]",64584,"SUV","White","Black","Front-wheel Drive",,,"Gasoline",,,"dealership","[PREMIUM]","Omaha","NE","[PREMIUM]",43,"[]",,,"[PREMIUM]"
"9412b939-c0a2-43ce-9d49-8a3dfa3511cf","2026-06-27 23:00:25.996","2026-07-22 01:17:30.589","9412b939-c0a2-43ce-9d49-8a3dfa3511cf","[PREMIUM]","Used",2014,"Ford","Escape","S","[PREMIUM]","[PREMIUM]",139281,"SUV",,"Charcoal Black","Front-wheel Drive",,,"Gasoline",,,"dealership","[PREMIUM]","Kirksville","MO","[PREMIUM]",28,"[]",,,"[PREMIUM]"
"84d208f6-9935-478a-b0c7-f3b20a30b18c","2026-06-27 23:00:25.854","2026-07-07 15:07:01.629","84d208f6-9935-478a-b0c7-f3b20a30b18c","[PREMIUM]","Used",2014,"Chrysler","Town &amp; Country","Touring","[PREMIUM]","[PREMIUM]",164225,"Passenger Van","Bright White Clearcoat","Black / Light Graystone","Front-wheel Drive",,,"E85 Flex Fuel",,,"dealership","[PREMIUM]","Indianapolis","IN","[PREMIUM]",5,"[]",,,"[PREMIUM]"
"ffb28ebc-4618-41c8-ae31-3facdddb8b8b","2026-06-27 23:00:25.851","2026-07-20 21:30:15.315","ffb28ebc-4618-41c8-ae31-3facdddb8b8b","[PREMIUM]","Used",2011,"Dodge","Ram 1500","ST","[PREMIUM]","[PREMIUM]",208768,"Truck","Flame Red Clearcoat","Dark Slate/Medium Graystone","Rear-wheel Drive",,,"Gasoline",,,"dealership","[PREMIUM]","Oklahoma City","OK","[PREMIUM]",21,"[]",,,"[PREMIUM]"
"9735cd65-4d3d-4812-ba58-b0341699b1b4","2026-06-27 23:00:15.781","2026-07-07 15:07:01.643","9735cd65-4d3d-4812-ba58-b0341699b1b4","[PREMIUM]","Used",2019,"Ford","Fiesta","SE","[PREMIUM]","[PREMIUM]",141791,"Hatchback","Shadow Black","Charcoal Black","Front-wheel Drive",,,"Gasoline",,,"dealership","[PREMIUM]","St. George","UT","[PREMIUM]",3,"[]",,,"[PREMIUM]"
"cc2f1ecb-59f4-41d4-866c-e51dcbc05b4a","2026-06-27 23:00:05.148","2026-07-23 23:17:39.016","cc2f1ecb-59f4-41d4-866c-e51dcbc05b4a","[PREMIUM]","Used",2025,"Hyundai","ELANTRA HEV","Blue","[PREMIUM]","[PREMIUM]",945,"Sedan","Black","Gray","Front-wheel Drive",,,"Hybrid",,,"dealership","[PREMIUM]","Schaumburg","IL","[PREMIUM]",32,"[]",,,"[PREMIUM]"
"23f3bf43-9a83-472a-9cff-e383d969ab81","2026-06-27 22:59:55.104","2026-06-30 23:00:06.607","23f3bf43-9a83-472a-9cff-e383d969ab81","[PREMIUM]","Used",2008,"Toyota","Corolla","CE","[PREMIUM]","[PREMIUM]",151840,"Sedan","Super White","Pebble Beige","Front-wheel Drive",,,"Gasoline",,,"dealership","[PREMIUM]","Spring","TX","[PREMIUM]",41,"[]",,,"[PREMIUM]"
"d06ec277-0c24-4250-9b26-b0521b31a339","2026-06-27 22:59:55.089","2026-07-14 06:42:24.866","d06ec277-0c24-4250-9b26-b0521b31a339","[PREMIUM]","Used",2014,"Chevrolet","Sonic","LT","[PREMIUM]","[PREMIUM]",130768,"Sedan","Red","Gray","Front-wheel Drive",,,"Gasoline",,,"dealership","[PREMIUM]","Spencerport","NY","[PREMIUM]",23,"[]",,,"[PREMIUM]"
"4e89d286-c320-4901-8190-f7cd1fcaa991","2026-06-27 22:59:55.033","2026-07-27 01:47:37.223","4e89d286-c320-4901-8190-f7cd1fcaa991","[PREMIUM]","Used",2014,"Nissan","Pathfinder","SV","[PREMIUM]","[PREMIUM]",181955,"SUV","White","Tan","Four-wheel Drive",,,"Gasoline",,,"dealership","[PREMIUM]","Lino Lakes","MN","[PREMIUM]",11,"[]",,,"[PREMIUM]"
"0ba5d78d-3da4-409c-874b-02d23c0d05fa","2026-06-27 22:59:54.999","2026-07-20 21:30:16.434","0ba5d78d-3da4-409c-874b-02d23c0d05fa","[PREMIUM]","Used",2008,"Hyundai","SONATA","GLS","[PREMIUM]","[PREMIUM]",135804,"Sedan","Bright Silver","Gray","Front-wheel Drive",,,"Gasoline",,,"dealership","[PREMIUM]","Oak Creek","WI","[PREMIUM]",36,"[]",,,"[PREMIUM]"
"50cf4d75-6831-4c40-bf38-d5ba4dcbef13","2026-06-27 22:59:24.885","2026-07-04 14:57:19.123","50cf4d75-6831-4c40-bf38-d5ba4dcbef13","[PREMIUM]","Used",2003,"BMW","Z4","3.0i","[PREMIUM]","[PREMIUM]",122000,"Convertible","Silver","Black","Rear-wheel Drive",,,"Gasoline",,,"private","[PREMIUM]",,,"[PREMIUM]",6,"[]",,,"[PREMIUM]"
"00cadd10-85c2-4fa1-bac7-0207c887a414","2026-06-27 22:52:44.272","2026-07-27 01:46:56.694","00cadd10-85c2-4fa1-bac7-0207c887a414","[PREMIUM]","Used",2005,"Ferrari","360 Spider",,"[PREMIUM]","[PREMIUM]",30955,"Convertible","Red","Nero","Rear-wheel Drive",,,"Gasoline",,,"dealership","[PREMIUM]","San Juan Capistrano","CA","[PREMIUM]",35,"[]",,,"[PREMIUM]"
"3f03dd12-2975-481d-88c0-de8e727440ba","2026-06-27 22:52:12.894","2026-07-11 06:35:32.781","3f03dd12-2975-481d-88c0-de8e727440ba","[PREMIUM]","New",2026,"Lincoln","Navigator","Reserve","[PREMIUM]","[PREMIUM]",0,"SUV","Pristine White Metallic Tri-Coat","Hot Chocolate","Four-wheel Drive",,,"Gasoline",,,"dealership","[PREMIUM]","Spring","TX","[PREMIUM]",23,"[]",,,"[PREMIUM]"
"1acc0088-4a80-4627-888f-9af948c09924","2026-06-27 22:52:12.710","2026-07-17 21:22:12.778","1acc0088-4a80-4627-888f-9af948c09924","[PREMIUM]","New",2026,"Lincoln","Navigator","Reserve","[PREMIUM]","[PREMIUM]",0,"SUV","Infinite Black Metallic Clearcoat","Black Onyx","Four-wheel Drive",,,"Gasoline",,,"dealership","[PREMIUM]","Spring","TX","[PREMIUM]",23,"[]",,,"[PREMIUM]"
"7695076d-7cb7-43fe-8633-cdedb11c4abc","2026-06-27 22:52:12.705","2026-07-07 15:05:26.796","7695076d-7cb7-43fe-8633-cdedb11c4abc","[PREMIUM]","Used",2024,"Honda","Civic","EX","[PREMIUM]","[PREMIUM]",34085,"Sedan","Gray","Black","Front-wheel Drive",,,"Gasoline",,,"dealership","[PREMIUM]","Phoenix","AZ","[PREMIUM]",40,"[]",,,"[PREMIUM]"
"33f3be8c-b598-4296-b857-b589c326557c","2026-06-27 22:52:12.683","2026-07-27 01:47:10.879","33f3be8c-b598-4296-b857-b589c326557c","[PREMIUM]","New",2026,"Lincoln","Navigator","Reserve","[PREMIUM]","[PREMIUM]",0,"SUV","Infinite Black Metallic Clearcoat","Black Onyx","Four-wheel Drive",,,"Gasoline",,,"dealership","[PREMIUM]","Spring","TX","[PREMIUM]",23,"[]",,,"[PREMIUM]"
"1d4c9ce6-7c46-47a2-855c-82eabd38a554","2026-06-27 22:52:12.674","2026-07-27 01:47:09.361","1d4c9ce6-7c46-47a2-855c-82eabd38a554","[PREMIUM]","New",2026,"Lincoln","Navigator","Reserve","[PREMIUM]","[PREMIUM]",0,"SUV","Infinite Black Metallic Clearcoat","Black Onyx","Four-wheel Drive",,,"Gasoline",,,"dealership","[PREMIUM]","Spring","TX","[PREMIUM]",23,"[]",,,"[PREMIUM]"
"29692789-0ff4-4738-b9b9-d7bd08770281","2026-06-27 22:52:12.674","2026-07-27 01:46:56.761","29692789-0ff4-4738-b9b9-d7bd08770281","[PREMIUM]","New",2026,"Cadillac","Escalade","4WD Platinum Sport","[PREMIUM]","[PREMIUM]",4640,"SUV","Vibrant White","Gray","Four-wheel Drive",,,"Gasoline",,,"dealership","[PREMIUM]","Kansas City","MO","[PREMIUM]",15,"[]",,,"[PREMIUM]"
"5e14ec1e-8ba6-43ce-af9b-b53730c92424","2026-06-27 22:52:12.669","2026-07-27 01:47:10.712","5e14ec1e-8ba6-43ce-af9b-b53730c92424","[PREMIUM]","Used",2023,"Porsche","Cayenne","Turbo","[PREMIUM]","[PREMIUM]",32362,"SUV","Quartzite Grey Metallic","Truffle Brown","All-wheel Drive",,,"Gasoline",,,"dealership","[PREMIUM]","North Olmsted","OH","[PREMIUM]",32,"[]",,,"[PREMIUM]"
"b11cae8c-da2d-4300-b504-91aba70f38fc","2026-06-27 22:52:12.643","2026-07-27 01:46:55.505","b11cae8c-da2d-4300-b504-91aba70f38fc","[PREMIUM]","New",2026,"Lincoln","Navigator","Black Label","[PREMIUM]","[PREMIUM]",0,"SUV","Infinite Black Metallic Clearcoat","Warm Horizon w/Dark Flint Stitch","Four-wheel Drive",,,"Gasoline",,,"dealership","[PREMIUM]","Spring","TX","[PREMIUM]",23,"[]",,,"[PREMIUM]"
"0a0f8fc4-3e4a-4983-9850-14be1c077b88","2026-06-27 22:52:12.635","2026-07-27 01:46:43.493","0a0f8fc4-3e4a-4983-9850-14be1c077b88","[PREMIUM]","New",2026,"BMW","X5","M60i","[PREMIUM]","[PREMIUM]",2,"SUV","Brooklyn Grey Metallic","Black","All-wheel Drive",,,"Gasoline",,,"dealership","[PREMIUM]","Boston","MA","[PREMIUM]",1,"[]",,,"[PREMIUM]"
"bbfee7a1-e1bd-48ce-9dc5-09ea65fb83fb","2026-06-27 22:52:12.630","2026-07-27 01:46:55.389","bbfee7a1-e1bd-48ce-9dc5-09ea65fb83fb","[PREMIUM]","New",2026,"Audi","SQ8","4.0T Prestige","[PREMIUM]","[PREMIUM]",0,"SUV","Glacier White Metallic","Black w/Red Stitching","All-wheel Drive",,,"Gasoline",,,"dealership","[PREMIUM]","Lancaster","PA","[PREMIUM]",32,"[]",,,"[PREMIUM]"
"eb0339f7-829a-4f38-99b5-4e859b1d4147","2026-06-27 22:52:12.612","2026-07-27 01:47:09.330","eb0339f7-829a-4f38-99b5-4e859b1d4147","[PREMIUM]","New",2026,"Ford","F-250","Platinum","[PREMIUM]","[PREMIUM]",0,"Truck","Star White Metallic Tri-Coat","Smoked Truffle","Four-wheel Drive",,,"Diesel",,,"dealership","[PREMIUM]","Richmond","VA","[PREMIUM]",26,"[]",,,"[PREMIUM]"
"02496edd-4e2c-4b2a-91d0-a4195cdc957c","2026-06-27 22:52:12.611","2026-07-27 01:46:56.982","02496edd-4e2c-4b2a-91d0-a4195cdc957c","[PREMIUM]","Used",2024,"Mercedes-Benz","AMG GT 55","Base","[PREMIUM]","[PREMIUM]",3429,"Coupe","MANUFAKTUR Alpine Grey","Nappa leather / MICROCUT microfibre black","All-wheel Drive",,,"Gasoline",,,"dealership","[PREMIUM]","Fort Mitchell","KY","[PREMIUM]",34,"[]",,,"[PREMIUM]"
"befa9ad1-a646-40d7-833f-2f143c9277e1","2026-06-27 22:52:12.571","2026-07-27 01:46:55.555","befa9ad1-a646-40d7-833f-2f143c9277e1","[PREMIUM]","Used",2025,"Aston Martin","DBX","707","[PREMIUM]","[PREMIUM]",6771,"SUV","Q Aura Green","Q Sage Green","All-wheel Drive",,,"Gasoline",,,"dealership","[PREMIUM]","Greenwich","CT","[PREMIUM]",34,"[]",,,"[PREMIUM]"
"884e35ef-e754-4820-abea-62b58c602b58","2026-06-27 22:52:12.547","2026-07-14 06:41:39.004","884e35ef-e754-4820-abea-62b58c602b58","[PREMIUM]","Used",2017,"Bentley","Mulsanne","4D Sedan","[PREMIUM]","[PREMIUM]",17819,"Sedan","Onyx Metallic","Camel","Rear-wheel Drive",,,"Gasoline",,,"dealership","[PREMIUM]","Akron","OH","[PREMIUM]",47,"[]",,,"[PREMIUM]"
"03c4777d-4cd6-4e9d-b1af-262530699343","2026-06-27 22:52:01.554","2026-07-27 01:46:56.893","03c4777d-4cd6-4e9d-b1af-262530699343","[PREMIUM]","New",2026,"Ford","F-450","XL","[PREMIUM]","[PREMIUM]",165,"Truck","Oxford White","Medium Dark Slate","Four-wheel Drive",,,"Diesel",,,"dealership","[PREMIUM]","Richmond","VA","[PREMIUM]",23,"[]",,,"[PREMIUM]"
"43cbcc14-5235-44bc-a0d1-867c059bbe03","2026-06-27 22:52:01.540","2026-07-27 01:46:56.728","43cbcc14-5235-44bc-a0d1-867c059bbe03","[PREMIUM]","New",2026,"GMC","Yukon XL","Denali","[PREMIUM]","[PREMIUM]",5027,"SUV","Sterling Metallic","Jet Black","Four-wheel Drive",,,"Gasoline",,,"dealership","[PREMIUM]","Sioux Falls","SD","[PREMIUM]",23,"[]",,,"[PREMIUM]"
"14085246-c1c3-4177-8921-b986c3484f48","2026-06-27 22:52:01.533","2026-07-20 21:29:34.226","14085246-c1c3-4177-8921-b986c3484f48","[PREMIUM]","New",2026,"Chevrolet","Silverado 2500","Crew Cab, Standard Bed, XR2, 4WD","[PREMIUM]","[PREMIUM]",2,"Truck","Summit White","Jet Black/Graystone","Four-wheel Drive",,,"Diesel",,,"dealership","[PREMIUM]","Scottsdale","AZ","[PREMIUM]",32,"[]",,,"[PREMIUM]"
"9e86e19b-6154-4d2c-ab7b-2cbfbe2bbf74","2026-06-27 22:52:01.511","2026-06-30 22:52:38.212","9e86e19b-6154-4d2c-ab7b-2cbfbe2bbf74","[PREMIUM]","New",2026,"Ford","F-250","Lariat","[PREMIUM]","[PREMIUM]",11,"Truck","Oxford White","Activex Trmd 40/Consle/40 Seat Black Onyx","Four-wheel Drive",,,"Diesel",,,"dealership","[PREMIUM]","Inverness","FL","[PREMIUM]",1,"[]",,,"[PREMIUM]"
"a178beb6-f010-4f41-997c-37f301e7d28c","2026-06-27 22:52:01.503","2026-07-14 06:41:38.053","a178beb6-f010-4f41-997c-37f301e7d28c","[PREMIUM]","New",2026,"Lincoln","Aviator","Black Label AWD","[PREMIUM]","[PREMIUM]",0,"SUV","Whisper Blue Metallic Clearcoat","Green Moonbeam","All-wheel Drive",,,"Gasoline",,,"dealership","[PREMIUM]","Spring","TX","[PREMIUM]",22,"[]",,,"[PREMIUM]"
"b4db65ce-59b4-4b84-8bd0-1b0e2521da9c","2026-06-27 22:52:01.500","2026-07-27 01:46:55.297","b4db65ce-59b4-4b84-8bd0-1b0e2521da9c","[PREMIUM]","New",2027,"BMW","X6","xDrive40i","[PREMIUM]","[PREMIUM]",2,"SUV","Dravit Grey Metallic","Coffee","All-wheel Drive",,,"Gasoline",,,"dealership","[PREMIUM]","Boston","MA","[PREMIUM]",1,"[]",,,"[PREMIUM]"
"c2a89bf8-27e9-45b5-9075-417bf30eaa2b","2026-06-27 22:52:01.498","2026-06-30 22:52:38.218","c2a89bf8-27e9-45b5-9075-417bf30eaa2b","[PREMIUM]","New",2026,"Lincoln","Aviator","Black Label AWD","[PREMIUM]","[PREMIUM]",0,"SUV","Infinite Black Metallic Clearcoat","Green Moonbeam","All-wheel Drive",,,"Gasoline",,,"dealership","[PREMIUM]","Spring","TX","[PREMIUM]",22,"[]",,,"[PREMIUM]"
"6838b00f-20b1-42f0-9716-e87c83e1247f","2026-06-27 22:52:01.496","2026-07-27 01:46:55.697","6838b00f-20b1-42f0-9716-e87c83e1247f","[PREMIUM]","New",2026,"RAM","2500","Power Wagon","[PREMIUM]","[PREMIUM]",2,"Truck","Ceramic Gray Clearcoat","Black","Four-wheel Drive",,,"Diesel",,,"dealership","[PREMIUM]","La Mesa","CA","[PREMIUM]",26,"[]",,,"[PREMIUM]"
"4543440f-fb46-4ad8-ba7c-7a6e3d0a1b4b","2026-06-27 22:52:01.495","2026-07-27 01:46:55.331","4543440f-fb46-4ad8-ba7c-7a6e3d0a1b4b","[PREMIUM]","New",2026,"BMW","X5","M60i","[PREMIUM]","[PREMIUM]",10,"SUV","Manhattan Green Metallic","Coffee","All-wheel Drive",,,"Gasoline",,,"dealership","[PREMIUM]","The Woodlands","TX","[PREMIUM]",12,"[]",,,"[PREMIUM]"
"02148b9a-3ff5-4d71-840f-029e8ae8a9a0","2026-06-27 22:52:01.491","2026-06-30 22:52:38.215","02148b9a-3ff5-4d71-840f-029e8ae8a9a0","[PREMIUM]","Used",2024,"Ford","F-250","King Ranch","[PREMIUM]","[PREMIUM]",11058,"Truck","White Metallic","Java","Four-wheel Drive",,,"Diesel",,,"dealership","[PREMIUM]","West Chester Township","OH","[PREMIUM]",40,"[]",,,"[PREMIUM]"
"af31d7a5-207a-4260-b9a7-7d3f82d8fd91","2026-06-27 22:52:01.490","2026-07-27 01:46:56.894","af31d7a5-207a-4260-b9a7-7d3f82d8fd91","[PREMIUM]","New",2026,"Ford","F-450","XL","[PREMIUM]","[PREMIUM]",167,"Truck","Oxford White","Medium Dark Slate","Four-wheel Drive",,,"Gasoline",,,"dealership","[PREMIUM]","Richmond","VA","[PREMIUM]",23,"[]",,,"[PREMIUM]"
"571531fc-8e79-48e1-bbc7-620b2ed99df2","2026-06-27 22:52:01.477","2026-06-30 22:52:25.885","571531fc-8e79-48e1-bbc7-620b2ed99df2","[PREMIUM]","Used",2007,"Porsche","911","911 Turbo","[PREMIUM]","[PREMIUM]",72800,"Coupe","Black","Black","All-wheel Drive",,,"Gasoline",,,"private","[PREMIUM]",,,"[PREMIUM]",22,"[]",,,"[PREMIUM]"
"cf4b19d8-9935-469f-bad7-c83eb39ce46c","2026-06-27 22:52:01.468","2026-07-07 15:05:27.000","cf4b19d8-9935-469f-bad7-c83eb39ce46c","[PREMIUM]","Used",2022,"Cadillac","CT5-V","V-Series Blackwing","[PREMIUM]","[PREMIUM]",11936,"Sedan","Black Raven","Sky Cool Gray w/Jet Black Accents","Rear-wheel Drive",,,"Gasoline",,,"dealership","[PREMIUM]","Murfreesboro","TN","[PREMIUM]",55,"[]",,,"[PREMIUM]"
"1a52499a-d460-404a-a369-08fe77130684","2026-06-27 22:52:01.463","2026-07-27 01:46:56.934","1a52499a-d460-404a-a369-08fe77130684","[PREMIUM]","Used",2025,"Land Rover","Range Rover Sport","Dynamic SE","[PREMIUM]","[PREMIUM]",14553,"SUV","Ostuni Pearl White Premium Metallic","SV Bespoke Deep Garnet/Ebony","All-wheel Drive",,,"Gasoline",,,"dealership","[PREMIUM]","Paramus","NJ","[PREMIUM]",14,"[]",,,"[PREMIUM]"
"4492e531-c0c2-422a-9a64-a32182e21b6f","2026-06-27 22:52:01.461","2026-07-27 01:46:43.480","4492e531-c0c2-422a-9a64-a32182e21b6f","[PREMIUM]","New",2026,"Ford","F-350","Lariat","[PREMIUM]","[PREMIUM]",0,"Truck","Carbonized Gray Metallic","Black Onyx","Four-wheel Drive",,,"Diesel",,,"dealership","[PREMIUM]","Richmond","VA","[PREMIUM]",26,"[]",,,"[PREMIUM]"
"8d804288-a13c-41d5-aa6b-e33d65b05bb2","2026-06-27 22:52:01.461","2026-07-27 01:47:10.705","8d804288-a13c-41d5-aa6b-e33d65b05bb2","[PREMIUM]","New",2026,"Chevrolet","Tahoe","4WD High Country","[PREMIUM]","[PREMIUM]",7,"SUV","Black","Jet Black","Four-wheel Drive",,,"Gasoline",,,"dealership","[PREMIUM]","Albuquerque","NM","[PREMIUM]",24,"[]",,,"[PREMIUM]"
"08aefcd3-ca60-4478-b155-37f373fbcd59","2026-06-27 22:52:01.454","2026-07-23 23:16:56.539","08aefcd3-ca60-4478-b155-37f373fbcd59","[PREMIUM]","New",2026,"Ford","F-450","Lariat","[PREMIUM]","[PREMIUM]",0,"Truck","Avalanche","Black Onyx","Four-wheel Drive",,,"Diesel",,,"dealership","[PREMIUM]","Corning","CA","[PREMIUM]",14,"[]",,,"[PREMIUM]"
"cc8d2bfe-ac98-4d81-90a0-9054b2d9a41a","2026-06-27 22:51:40.671","2026-07-27 01:47:09.353","cc8d2bfe-ac98-4d81-90a0-9054b2d9a41a","[PREMIUM]","Used",2018,"Jeep","Grand Cherokee","Trackhawk","[PREMIUM]","[PREMIUM]",26810,"SUV","Silver","Red","Four-wheel Drive",,,"Gasoline",,,"dealership","[PREMIUM]","Rolling Meadows","IL","[PREMIUM]",37,"[]",,,"[PREMIUM]"
"55575bc0-12fd-4373-822e-379e3cdc9a85","2026-06-27 22:51:40.669","2026-07-27 01:46:56.974","55575bc0-12fd-4373-822e-379e3cdc9a85","[PREMIUM]","New",2026,"GMC","Yukon","4WD Elevation","[PREMIUM]","[PREMIUM]",2,"SUV","Volcanic Red Tintcoat","Jet Black","Four-wheel Drive",,,"Gasoline",,,"dealership","[PREMIUM]","Scottsdale","AZ","[PREMIUM]",32,"[]",,,"[PREMIUM]"
"7c030ecb-29b2-48e4-9cf2-dce1506d9a44","2026-06-27 22:51:40.666","2026-07-27 01:46:42.811","7c030ecb-29b2-48e4-9cf2-dce1506d9a44","[PREMIUM]","New",2026,"BMW","X5 PHEV","xDrive50e","[PREMIUM]","[PREMIUM]",2,"SUV","Tanzanite Blue II Metallic","Black","All-wheel Drive",,,"Gasoline",,,"dealership","[PREMIUM]","Boston","MA","[PREMIUM]",1,"[]",,,"[PREMIUM]"
"b54f30db-adc4-4cbe-99cf-46cae9c6e4ba","2026-06-27 22:51:40.665","2026-07-17 21:22:12.812","b54f30db-adc4-4cbe-99cf-46cae9c6e4ba","[PREMIUM]","New",2026,"RAM","1500","Laramie","[PREMIUM]","[PREMIUM]",0,"Truck","Diamond Black Crystal Pearl-Coat Exterior Paint","Bison Brown / Sea Salt Interior Colors","Four-wheel Drive",,,"Gasoline",,,"dealership","[PREMIUM]","Walled Lake","MI","[PREMIUM]",26,"[]",,,"[PREMIUM]"
"f6782625-ab01-4535-90a1-9ceaf87eaab0","2026-06-27 22:51:40.647","2026-06-30 22:52:25.793","f6782625-ab01-4535-90a1-9ceaf87eaab0","[PREMIUM]","New",2026,"RAM","1500","Laramie","[PREMIUM]","[PREMIUM]",12,"Truck","Forged Blue Metallic","Black","Four-wheel Drive",,,"Gasoline",,,"dealership","[PREMIUM]","Fargo","ND","[PREMIUM]",1,"[]",,,"[PREMIUM]"
"1e4c94bf-25e1-4156-a0ad-66aee2ba4107","2026-06-27 22:51:40.644","2026-07-07 15:05:26.952","1e4c94bf-25e1-4156-a0ad-66aee2ba4107","[PREMIUM]","New",2026,"Chevrolet","Suburban","Z71, 4WD","[PREMIUM]","[PREMIUM]",0,"SUV","Cypress Gray","Jet Black","Four-wheel Drive",,,"Diesel",,,"dealership","[PREMIUM]","Albuquerque","NM","[PREMIUM]",24,"[]",,,"[PREMIUM]"
"b95da028-f8ed-41ad-b04c-0ad6d6e3e7cf","2026-06-27 22:51:40.630","2026-07-27 01:47:11.011","b95da028-f8ed-41ad-b04c-0ad6d6e3e7cf","[PREMIUM]","New",2026,"GMC","Sierra 1500","Denali","[PREMIUM]","[PREMIUM]",2,"Truck","Onyx Black","Jet Black","Four-wheel Drive",,,"Diesel",,,"dealership","[PREMIUM]","Scottsdale","AZ","[PREMIUM]",32,"[]",,,"[PREMIUM]"
"58eecca9-90f6-4d81-a989-0db42b87a9f0","2026-06-27 22:51:40.624","2026-07-11 06:35:32.760","58eecca9-90f6-4d81-a989-0db42b87a9f0","[PREMIUM]","New",2026,"RAM","1500","Laramie","[PREMIUM]","[PREMIUM]",10,"Truck","Forged Blue Metallic","Black","Four-wheel Drive",,,"Gasoline",,,"dealership","[PREMIUM]","East Providence","RI","[PREMIUM]",20,"[]",,,"[PREMIUM]"
"d3dc1aaf-6f35-44ce-8112-2250323ee956","2026-06-27 22:51:40.607","2026-07-27 01:46:43.478","d3dc1aaf-6f35-44ce-8112-2250323ee956","[PREMIUM]","New",2026,"BMW","X5 PHEV","xDrive50e","[PREMIUM]","[PREMIUM]",2,"SUV","Dravit Grey Metallic","Black","All-wheel Drive",,,"Gasoline",,,"dealership","[PREMIUM]","Boston","MA","[PREMIUM]",1,"[]",,,"[PREMIUM]"
"c1132d0f-41ae-432e-993a-ffb725bcfb8d","2026-06-27 22:51:40.603","2026-07-27 01:46:43.428","c1132d0f-41ae-432e-993a-ffb725bcfb8d","[PREMIUM]","New",2026,"RAM","1500","RHO Crew Cab 4x4 5&#39;7&#39; Box","[PREMIUM]","[PREMIUM]",10,"Truck",,"Black","Four-wheel Drive",,,"Gasoline",,,"dealership","[PREMIUM]","Fort Worth","TX","[PREMIUM]",12,"[]",,,"[PREMIUM]"
"b3c7ef71-0d3f-4389-a84b-d374384f8791","2026-06-27 22:51:40.590","2026-07-11 06:35:31.864","b3c7ef71-0d3f-4389-a84b-d374384f8791","[PREMIUM]","New",2026,"Lincoln","Aviator","Reserve AWD","[PREMIUM]","[PREMIUM]",0,"SUV","Whisper Blue Metallic Clearcoat","Onyx &amp; Hot Chocolate","All-wheel Drive",,,"Gasoline",,,"dealership","[PREMIUM]","Spring","TX","[PREMIUM]",22,"[]",,,"[PREMIUM]"
"b164cc66-b704-4e35-8c7c-517f57c5ef2e","2026-06-27 22:51:40.584","2026-07-27 01:46:56.878","b164cc66-b704-4e35-8c7c-517f57c5ef2e","[PREMIUM]","New",2026,"Chevrolet","Silverado 2500","LTZ","[PREMIUM]","[PREMIUM]",3,"Truck","Summit White","Jet Black","Four-wheel Drive",,,"Diesel",,,"dealership","[PREMIUM]","Austin","TX","[PREMIUM]",24,"[]",,,"[PREMIUM]"
"32a5a373-7807-43b5-8498-a4c1d2eae933","2026-06-27 22:51:40.572","2026-06-30 22:52:26.029","32a5a373-7807-43b5-8498-a4c1d2eae933","[PREMIUM]","Used",2017,"Chevrolet","Corvette","Z06","[PREMIUM]","[PREMIUM]",18010,"Coupe","Black","BLACK","Rear-wheel Drive",,,"Gasoline",,,"dealership","[PREMIUM]","San Jose","CA","[PREMIUM]",26,"[]",,,"[PREMIUM]"
"7c9472c0-0658-4004-9b34-ecf40ebbf891","2026-06-27 22:51:40.570","2026-07-27 01:46:55.731","7c9472c0-0658-4004-9b34-ecf40ebbf891","[PREMIUM]","Used",2018,"Jeep","Grand Cherokee","Trackhawk","[PREMIUM]","[PREMIUM]",43479,"SUV","Billet Silver Metallic Clearcoat","Black","Four-wheel Drive",,,"Gasoline",,,"dealership","[PREMIUM]","Dallas","TX","[PREMIUM]",49,"[]",,,"[PREMIUM]"
"3fcb1478-c9ea-4071-8cf4-03f55de95817","2026-06-27 22:51:40.567","2026-07-27 01:46:55.563","3fcb1478-c9ea-4071-8cf4-03f55de95817","[PREMIUM]","New",2026,"Lincoln","Nautilus","Black Label","[PREMIUM]","[PREMIUM]",0,"SUV","Gray Matter Metallic Clearcoat","Cashmere","All-wheel Drive",,,"Gasoline",,,"dealership","[PREMIUM]","Spring","TX","[PREMIUM]",22,"[]",,,"[PREMIUM]"
"b133ad1b-85b0-4a1b-842e-c5b680465325","2026-06-27 22:51:40.566","2026-07-27 01:46:56.972","b133ad1b-85b0-4a1b-842e-c5b680465325","[PREMIUM]","Used",2025,"GMC","Sierra 2500","Denali Ultimate","[PREMIUM]","[PREMIUM]",25614,"Truck","White Frost Tri-Coat","Alpine Umber","Four-wheel Drive",,,"Diesel",,,"dealership","[PREMIUM]","Salina","KS","[PREMIUM]",51,"[]",,,"[PREMIUM]"
"f3d63153-f2ab-46a9-8102-24d03b4ddec0","2026-06-27 22:51:40.560","2026-07-07 15:05:13.907","f3d63153-f2ab-46a9-8102-24d03b4ddec0","[PREMIUM]","New",2026,"Chevrolet","Tahoe","4WD Z71","[PREMIUM]","[PREMIUM]",3,"SUV","Black","Jet Black","Four-wheel Drive",,,"Gasoline",,,"dealership","[PREMIUM]","Albuquerque","NM","[PREMIUM]",24,"[]",,,"[PREMIUM]"
"81a49497-89a2-491b-b3b4-a273ab8cbeef","2026-06-27 22:51:40.555","2026-07-11 06:35:31.861","81a49497-89a2-491b-b3b4-a273ab8cbeef","[PREMIUM]","New",2026,"Chevrolet","Suburban","Z71, 4WD","[PREMIUM]","[PREMIUM]",0,"SUV","Summit White","Jet Black","Four-wheel Drive",,,"Gasoline",,,"dealership","[PREMIUM]","Albuquerque","NM","[PREMIUM]",24,"[]",,,"[PREMIUM]"
"9883534f-c98d-4863-a458-2681b1d822c9","2026-06-27 22:51:40.553","2026-06-30 22:52:25.973","9883534f-c98d-4863-a458-2681b1d822c9","[PREMIUM]","Used",2018,"Mercedes-Benz","AMG G 63","Base","[PREMIUM]","[PREMIUM]",46155,"SUV","White",,"All-wheel Drive",,,"Gasoline",,,"dealership","[PREMIUM]","Honolulu","HI","[PREMIUM]",,"[]",,,"[PREMIUM]"
"4dfcb5ff-c0e7-4c45-8497-e8c2649fba3a","2026-06-27 22:51:40.545","2026-07-27 01:46:56.797","4dfcb5ff-c0e7-4c45-8497-e8c2649fba3a","[PREMIUM]","Used",2025,"BMW","M440","i xDrive","[PREMIUM]","[PREMIUM]",13740,"Convertible","Blue Metallic","Black","All-wheel Drive",,,"Gasoline",,,"dealership","[PREMIUM]","Indianapolis","IN","[PREMIUM]",28,"[]",,,"[PREMIUM]"
"aefbe10a-f20a-4463-a2f8-6d6f7e8c6f5e","2026-06-27 22:51:40.534","2026-07-27 01:46:55.704","aefbe10a-f20a-4463-a2f8-6d6f7e8c6f5e","[PREMIUM]","Used",2018,"Lotus","Evora 400","400","[PREMIUM]","[PREMIUM]",11007,"Coupe","Metallic White","Black","Rear-wheel Drive",,,"Gasoline",,,"dealership","[PREMIUM]","Dublin","OH","[PREMIUM]",40,"[]",,,"[PREMIUM]"
"d54e991d-a7cf-4477-9a8b-b088f939d81f","2026-06-27 22:51:40.530","2026-07-04 14:56:05.601","d54e991d-a7cf-4477-9a8b-b088f939d81f","[PREMIUM]","New",2026,"Jeep","Wrangler","4-Door Moab 392 4x4","[PREMIUM]","[PREMIUM]",9,"SUV","41","Black","Four-wheel Drive",,,"Gasoline",,,"dealership","[PREMIUM]","Scottsdale","AZ","[PREMIUM]",1,"[]",,,"[PREMIUM]"
"ffa6ff3e-a634-42ce-a451-d417c0036a78","2026-06-27 22:51:40.530","2026-07-27 01:46:56.895","ffa6ff3e-a634-42ce-a451-d417c0036a78","[PREMIUM]","Used",2024,"BMW","X7","xDrive40i","[PREMIUM]","[PREMIUM]",18675,"SUV","Blue","Black","All-wheel Drive",,,"Gasoline",,,"dealership","[PREMIUM]","Indianapolis","IN","[PREMIUM]",36,"[]",,,"[PREMIUM]"
"87196e54-bf87-42f0-8b0d-8718c07bf540","2026-06-27 22:51:40.528","2026-07-27 01:46:55.376","87196e54-bf87-42f0-8b0d-8718c07bf540","[PREMIUM]","New",2026,"Ford","F-250","XL","[PREMIUM]","[PREMIUM]",0,"Truck","Oxford White","Medium Dark Slate","Rear-wheel Drive",,,"Diesel",,,"dealership","[PREMIUM]","Corning","CA","[PREMIUM]",14,"[]",,,"[PREMIUM]"
"f338a71b-7bd7-4c78-9105-172afa40d026","2026-06-27 22:51:40.524","2026-07-27 01:46:43.874","f338a71b-7bd7-4c78-9105-172afa40d026","[PREMIUM]","Used",2018,"Jeep","Grand Cherokee","Trackhawk","[PREMIUM]","[PREMIUM]",48089,"SUV","Billet Silver Metallic Clearcoat","Black","Four-wheel Drive",,,"Gasoline",,,"dealership","[PREMIUM]","Walled Lake","MI","[PREMIUM]",16,"[]",,,"[PREMIUM]"
"683b4306-1f8d-4ce4-b700-800369db9e79","2026-06-27 22:51:40.520","2026-07-27 01:46:41.291","683b4306-1f8d-4ce4-b700-800369db9e79","[PREMIUM]","Used",2018,"Bentley","Bentayga",,"[PREMIUM]","[PREMIUM]",30506,"SUV","Black",,"All-wheel Drive",,,"Gasoline",,,"dealership","[PREMIUM]","Dallas","TX","[PREMIUM]",5,"[]",,,"[PREMIUM]"
"9b186d66-b1a8-49b9-aa97-266092d9fc4c","2026-06-27 22:51:40.517","2026-07-27 01:46:56.889","9b186d66-b1a8-49b9-aa97-266092d9fc4c","[PREMIUM]","Used",2018,"Mercedes-Benz","AMG G 63","4MATIC","[PREMIUM]","[PREMIUM]",61712,"SUV","Blue","designo Classic Red","All-wheel Drive",,,"Gasoline",,,"dealership","[PREMIUM]","Scottsdale","AZ","[PREMIUM]",14,"[]",,,"[PREMIUM]"
"95d6bf81-066f-45cd-9c4b-6b75d299aca4","2026-06-27 22:51:40.516","2026-07-27 01:46:55.503","95d6bf81-066f-45cd-9c4b-6b75d299aca4","[PREMIUM]","Used",2025,"GMC","HUMMER EV Pickup","3X","[PREMIUM]","[PREMIUM]",2922,"Truck","Meteorite Metallic (Grey)","Lunar Horizon (Jet Black/Light Grey)","All-wheel Drive",,,"Electric",,,"dealership","[PREMIUM]","Pawling","NY","[PREMIUM]",33,"[]",,,"[PREMIUM]"
"a00cb1fa-00de-45e6-9ae5-84e51c54cb45","2026-06-27 22:51:29.689","2026-07-27 01:46:55.798","a00cb1fa-00de-45e6-9ae5-84e51c54cb45","[PREMIUM]","Used",2025,"BMW","X4","M40i","[PREMIUM]","[PREMIUM]",10459,"SUV","Dark Graphite","Tacora Red","All-wheel Drive",,,"Gasoline",,,"dealership","[PREMIUM]","Indianapolis","IN","[PREMIUM]",34,"[]",,,"[PREMIUM]"
"b98393d9-fa35-4dd9-93d7-5a62d03541eb","2026-06-27 22:51:29.640","2026-07-27 01:46:43.222","b98393d9-fa35-4dd9-93d7-5a62d03541eb","[PREMIUM]","New",2026,"Jeep","Grand Wagoneer L","4x4","[PREMIUM]","[PREMIUM]",10,"SUV","High Gloss Black","Global Black","Four-wheel Drive",,,"Gasoline",,,"dealership","[PREMIUM]","Kimball","MN","[PREMIUM]",24,"[]",,,"[PREMIUM]"
"8850af80-ca8d-49b4-acc4-7f6b5ef2079e","2026-06-27 22:51:29.513","2026-07-27 01:46:56.763","8850af80-ca8d-49b4-acc4-7f6b5ef2079e","[PREMIUM]","Used",2024,"Chevrolet","Silverado 2500","High Country","[PREMIUM]","[PREMIUM]",59106,"Truck","Sterling Gray Metallic","Jet Black","Four-wheel Drive",,,"Diesel",,,"dealership","[PREMIUM]","Jacksonville","NC","[PREMIUM]",43,"[]",,,"[PREMIUM]"
"3b3afbf6-5ac4-440e-9e06-3bb581d38673","2026-06-27 22:51:29.511","2026-07-11 06:35:31.767","3b3afbf6-5ac4-440e-9e06-3bb581d38673","[PREMIUM]","New",2026,"Chevrolet","Corvette","Stingray w/1LT","[PREMIUM]","[PREMIUM]",10,"Coupe","Blade Silver Metallic","Jet Black","Rear-wheel Drive",,,"Gasoline",,,"dealership","[PREMIUM]","Phoenix","AZ","[PREMIUM]",25,"[]",,,"[PREMIUM]"
"ec252130-c5d2-4883-9940-c2b605ac4238","2026-06-27 22:51:29.478","2026-07-17 21:22:11.169","ec252130-c5d2-4883-9940-c2b605ac4238","[PREMIUM]","New",2026,"Jeep","Wrangler","Rubicon","[PREMIUM]","[PREMIUM]",11,"SUV","Bright White Clearcoat","Black","Four-wheel Drive",,,"Gasoline",,,"dealership","[PREMIUM]","Little Falls","NJ","[PREMIUM]",3,"[]",,,"[PREMIUM]"
"b22b0f9f-8ebd-4f51-b937-9bb8eb247435","2026-06-27 22:51:29.459","2026-07-20 21:29:31.837","b22b0f9f-8ebd-4f51-b937-9bb8eb247435","[PREMIUM]","New",2026,"RAM","1500","Laramie","[PREMIUM]","[PREMIUM]",10,"Truck","Granite Crystal Metallic Clearcoat","Black","Four-wheel Drive",,,"Gasoline",,,"dealership","[PREMIUM]","Kimball","MN","[PREMIUM]",23,"[]",,,"[PREMIUM]"
"9c36fb61-7fa1-4131-9faa-c45370f5e82f","2026-06-27 22:51:29.447","2026-06-30 22:52:25.746","9c36fb61-7fa1-4131-9faa-c45370f5e82f","[PREMIUM]","New",2026,"RAM","3500","Big Horn Crew Cab 4x4 8&#39; Box","[PREMIUM]","[PREMIUM]",0,"Truck","Diamond Black Crystal Pearlcoat","Black","Four-wheel Drive",,,"Diesel",,,"dealership","[PREMIUM]","Orlando","FL","[PREMIUM]",26,"[]",,,"[PREMIUM]"
"31085e75-99a8-4b9b-855d-a0bbe8d8186e","2026-06-27 22:51:29.429","2026-07-27 01:46:43.244","31085e75-99a8-4b9b-855d-a0bbe8d8186e","[PREMIUM]","New",2026,"RAM","1500","Rebel","[PREMIUM]","[PREMIUM]",2,"Truck","Diamond Black Crystal Pearlcoat","Red/Black","Four-wheel Drive",,,"Gasoline",,,"dealership","[PREMIUM]","La Mesa","CA","[PREMIUM]",26,"[]",,,"[PREMIUM]"
"5246adc8-4ee4-40c0-a7fb-0d57029fbe63","2026-06-27 22:51:29.423","2026-06-30 22:52:26.007","5246adc8-4ee4-40c0-a7fb-0d57029fbe63","[PREMIUM]","New",2026,"Jeep","Wrangler","Rubicon","[PREMIUM]","[PREMIUM]",12,"SUV","Black Clearcoat","Black","Four-wheel Drive",,,"Gasoline",,,"dealership","[PREMIUM]","Little Falls","NJ","[PREMIUM]",1,"[]",,,"[PREMIUM]"
"7ec8025a-5ef8-45ca-a7b3-36e3582add9e","2026-06-27 22:51:29.423","2026-07-04 14:56:05.621","7ec8025a-5ef8-45ca-a7b3-36e3582add9e","[PREMIUM]","Used",2023,"Chevrolet","Tahoe","High Country","[PREMIUM]","[PREMIUM]",41668,"SUV","Black","Jet Black","Four-wheel Drive",,,"Diesel",,,"dealership","[PREMIUM]","Mukwonago","WI","[PREMIUM]",28,"[]",,,"[PREMIUM]"
"49f0cac9-8d76-420b-bf89-56f556491aed","2026-06-27 22:51:29.420","2026-07-04 14:56:05.665","49f0cac9-8d76-420b-bf89-56f556491aed","[PREMIUM]","Used",2023,"Mercedes-Benz","AMG GT 43","Base","[PREMIUM]","[PREMIUM]",33807,"Hatchback","Obsidian Black Metallic","Black","All-wheel Drive",,,"Gasoline",,,"dealership","[PREMIUM]","Austin","TX","[PREMIUM]",35,"[]",,,"[PREMIUM]"
"1e57451a-9a26-4599-9fe5-58a031b64950","2026-06-27 22:51:29.419","2026-07-07 15:05:13.687","1e57451a-9a26-4599-9fe5-58a031b64950","[PREMIUM]","New",2026,"Jeep","Wrangler","Rubicon","[PREMIUM]","[PREMIUM]",11,"SUV","Anvil Clearcoat","Black","Four-wheel Drive",,,"Gasoline",,,"dealership","[PREMIUM]","Little Falls","NJ","[PREMIUM]",3,"[]",,,"[PREMIUM]"
"0502d263-be82-474b-ac58-f213f004f277","2026-06-27 22:51:29.419","2026-06-30 22:52:25.804","0502d263-be82-474b-ac58-f213f004f277","[PREMIUM]","New",2026,"Lincoln","Nautilus","Reserve","[PREMIUM]","[PREMIUM]",0,"SUV","Red Carpet Metallic Tinted Clearcoat","Medium Light Space Gray","All-wheel Drive",,,"Gasoline",,,"dealership","[PREMIUM]","Spring","TX","[PREMIUM]",22,"[]",,,"[PREMIUM]"
"1bcfcec5-7ab2-4930-a968-56bef463b8c1","2026-06-27 22:51:29.416","2026-07-11 06:35:31.822","1bcfcec5-7ab2-4930-a968-56bef463b8c1","[PREMIUM]","New",2026,"RAM","1500","Rebel","[PREMIUM]","[PREMIUM]",39,"Truck","Bright White Clearcoat","Red/Black","Four-wheel Drive",,,"Gasoline",,,"dealership","[PREMIUM]","Lebanon","PA","[PREMIUM]",1,"[]",,,"[PREMIUM]"
"5355a31a-e371-46ef-8be2-3fd041abbecb","2026-06-27 22:51:29.414","2026-07-11 06:35:31.795","5355a31a-e371-46ef-8be2-3fd041abbecb","[PREMIUM]","New",2026,"RAM","1500","Laramie","[PREMIUM]","[PREMIUM]",10,"Truck","Serrano Green Metallic","Black","Four-wheel Drive",,,"Gasoline",,,"dealership","[PREMIUM]","Kimball","MN","[PREMIUM]",21,"[]",,,"[PREMIUM]"
"b1459c11-7954-480e-a71e-4be42732d74c","2026-06-27 22:51:29.411","2026-07-11 11:25:30.437","b1459c11-7954-480e-a71e-4be42732d74c","[PREMIUM]","Used",2019,"Ford","Mustang","Shelby GT350","[PREMIUM]","[PREMIUM]",15162,"Coupe","White","BLACK","Rear-wheel Drive",,,"Gasoline",,,"dealership","[PREMIUM]","MERIDIAN","ID","[PREMIUM]",26,"[]",,,"[PREMIUM]"
"91dcf5c5-db45-4c87-a176-0fbb6a0952df","2026-06-27 22:51:29.398","2026-07-04 14:56:05.694","91dcf5c5-db45-4c87-a176-0fbb6a0952df","[PREMIUM]","New",2026,"GMC","Sierra 1500","Denali","[PREMIUM]","[PREMIUM]",2,"Truck","Onyx Black","Jet Black","Four-wheel Drive",,,"Gasoline",,,"dealership","[PREMIUM]","Scottsdale","AZ","[PREMIUM]",32,"[]",,,"[PREMIUM]"
"545a293c-e646-481b-983a-81d3bdbe47ed","2026-06-27 22:51:29.385","2026-07-27 01:46:55.852","545a293c-e646-481b-983a-81d3bdbe47ed","[PREMIUM]","New",2026,"Chevrolet","Silverado 2500","Crew Cab, Long Bed, WT, 4WD","[PREMIUM]","[PREMIUM]",3,"Truck","Summit White","Jet Black","Four-wheel Drive",,,"Diesel",,,"dealership","[PREMIUM]","Austin","TX","[PREMIUM]",24,"[]",,,"[PREMIUM]"
"ee8a936c-ef3e-4ae8-b4f8-fbc1e035d50f","2026-06-27 22:51:29.384","2026-07-27 01:46:55.543","ee8a936c-ef3e-4ae8-b4f8-fbc1e035d50f","[PREMIUM]","New",2026,"Ford","F-250","XL","[PREMIUM]","[PREMIUM]",0,"Truck","Agate Black Metallic","Medium Dark Slate","Four-wheel Drive",,,"Gasoline",,,"dealership","[PREMIUM]","Richmond","VA","[PREMIUM]",24,"[]",,,"[PREMIUM]"
"0f36997e-db6e-4ec4-b96b-e23de144f6de","2026-06-27 22:51:29.379","2026-07-27 01:46:56.358","0f36997e-db6e-4ec4-b96b-e23de144f6de","[PREMIUM]","New",2026,"Chevrolet","Tahoe","LT","[PREMIUM]","[PREMIUM]",10,"SUV","Black","Jet Black","Four-wheel Drive",,,"Gasoline",,,"dealership","[PREMIUM]","New Jersey","NJ","[PREMIUM]",32,"[]",,,"[PREMIUM]"
"98cf3911-2b62-49f1-9bd9-722848091bd4","2026-06-27 22:51:29.369","2026-07-27 01:46:55.553","98cf3911-2b62-49f1-9bd9-722848091bd4","[PREMIUM]","New",2026,"RAM","1500","Laramie","[PREMIUM]","[PREMIUM]",0,"Truck","Granite Crystal Metallic Clearcoat","Black","Four-wheel Drive",,,"Gasoline",,,"dealership","[PREMIUM]","Auburn","ME","[PREMIUM]",19,"[]",,,"[PREMIUM]"
"06bb2220-91b8-482d-9fe5-34d224975b67","2026-06-27 22:51:29.368","2026-07-07 15:05:12.899","06bb2220-91b8-482d-9fe5-34d224975b67","[PREMIUM]","Used",2020,"Mercedes-Benz","AMG GLC 63","Base 4MATIC","[PREMIUM]","[PREMIUM]",13244,"SUV","Silver",,"All-wheel Drive",,,"Gasoline",,,"dealership","[PREMIUM]","Ewing","NJ","[PREMIUM]",43,"[]",,,"[PREMIUM]"
"16edc806-7a0b-4d8d-ad0e-3cfc050fd2a1","2026-06-27 22:51:29.366","2026-07-04 14:56:05.626","16edc806-7a0b-4d8d-ad0e-3cfc050fd2a1","[PREMIUM]","Used",2024,"Chevrolet","Tahoe","4WD 4DR Z71","[PREMIUM]","[PREMIUM]",13884,"SUV","Red","Gideon/Very Dark Atmosphere","Four-wheel Drive",,,"Gasoline",,,"dealership","[PREMIUM]","Beckley","WV","[PREMIUM]",25,"[]",,,"[PREMIUM]"
"e3db187a-e332-448d-b6d2-3e33ece2d090","2026-06-27 22:51:29.366","2026-07-07 15:05:13.629","e3db187a-e332-448d-b6d2-3e33ece2d090","[PREMIUM]","Used",2024,"Chevrolet","Silverado 2500","High Country","[PREMIUM]","[PREMIUM]",33982,"Truck","Gray","Dark Blue","Four-wheel Drive",,,"Diesel",,,"dealership","[PREMIUM]","Oneonta","NY","[PREMIUM]",1,"[]",,,"[PREMIUM]"
"cf245454-f229-4c25-88de-11ad1b58e469","2026-06-27 22:51:29.361","2026-07-27 01:46:55.563","cf245454-f229-4c25-88de-11ad1b58e469","[PREMIUM]","New",2026,"Chevrolet","Silverado 1500","LT Trail Boss","[PREMIUM]","[PREMIUM]",3,"Truck","Black","Jet Black","Four-wheel Drive",,,"Gasoline",,,"dealership","[PREMIUM]","Austin","TX","[PREMIUM]",24,"[]",,,"[PREMIUM]"
"085c0230-abb7-482c-8276-81a79a0f2a3c","2026-06-27 22:51:29.359","2026-07-27 01:46:56.824","085c0230-abb7-482c-8276-81a79a0f2a3c","[PREMIUM]","New",2027,"BMW","530","i xDrive","[PREMIUM]","[PREMIUM]",2,"Sedan","Black Sapphire Metallic","Black","All-wheel Drive",,,"Gasoline",,,"dealership","[PREMIUM]","Boston","MA","[PREMIUM]",21,"[]",,,"[PREMIUM]"
"f13d1a4f-eb23-4475-a4ba-fb11d7717621","2026-06-27 22:51:29.359","2026-07-23 23:16:54.760","f13d1a4f-eb23-4475-a4ba-fb11d7717621","[PREMIUM]","New",2026,"RAM","1500","Laramie","[PREMIUM]","[PREMIUM]",0,"Truck","Diamond Black Crystal Pearlcoat","Black","Four-wheel Drive",,,"Gasoline",,,"dealership","[PREMIUM]","Auburn","ME","[PREMIUM]",19,"[]",,,"[PREMIUM]"
"c12c5465-624d-425f-b436-8dac69967428","2026-06-27 22:51:29.346","2026-07-07 15:05:13.635","c12c5465-624d-425f-b436-8dac69967428","[PREMIUM]","New",2026,"RAM","1500","Laramie","[PREMIUM]","[PREMIUM]",0,"Truck","Serrano Green Metallic","Black","Four-wheel Drive",,,"Gasoline",,,"dealership","[PREMIUM]","Auburn","ME","[PREMIUM]",1,"[]",,,"[PREMIUM]"
"92754fb4-893c-4fc2-a926-7facdd291174","2026-06-27 22:51:29.343","2026-07-27 01:46:43.094","92754fb4-893c-4fc2-a926-7facdd291174","[PREMIUM]","New",2026,"RAM","1500","Laramie","[PREMIUM]","[PREMIUM]",10,"Truck","Molten Red Pearlcoat","Black","Four-wheel Drive",,,"Gasoline",,,"dealership","[PREMIUM]","Kimball","MN","[PREMIUM]",23,"[]",,,"[PREMIUM]"
"5c7275f6-0c79-48f9-a347-c2a11a0b28ca","2026-06-27 22:51:29.324","2026-07-27 01:46:56.872","5c7275f6-0c79-48f9-a347-c2a11a0b28ca","[PREMIUM]","New",2026,"RAM","2500","Big Horn Crew Cab 4x4 6&#39;4&#39; Box","[PREMIUM]","[PREMIUM]",0,"Truck","Forged Blue Metallic","Black","Four-wheel Drive",,,"Gasoline",,,"dealership","[PREMIUM]","Johnstown","NY","[PREMIUM]",29,"[]",,,"[PREMIUM]"
"00c22303-7237-43f2-82dc-5ae7f628079e","2026-06-27 22:51:29.318","2026-07-27 01:46:43.161","00c22303-7237-43f2-82dc-5ae7f628079e","[PREMIUM]","New",2026,"Jeep","Grand Wagoneer L","4x4","[PREMIUM]","[PREMIUM]",11,"SUV","Velvet Red Pearlcoat","Global Black","Four-wheel Drive",,,"Gasoline",,,"dealership","[PREMIUM]","Fairmount City","PA","[PREMIUM]",14,"[]",,,"[PREMIUM]"
"bb11121c-36ed-4b7f-be26-a4f91766946f","2026-06-27 22:51:29.312","2026-07-27 01:46:43.171","bb11121c-36ed-4b7f-be26-a4f91766946f","[PREMIUM]","New",2026,"RAM","1500","Laramie","[PREMIUM]","[PREMIUM]",10,"Truck","Diamond Black Crystal Pearlcoat","Black","Four-wheel Drive",,,"Gasoline",,,"dealership","[PREMIUM]","Kimball","MN","[PREMIUM]",21,"[]",,,"[PREMIUM]"
"5e165c1b-c566-4261-b418-8bf0d4057445","2026-06-27 22:51:18.722","2026-07-27 01:46:43.339","5e165c1b-c566-4261-b418-8bf0d4057445","[PREMIUM]","New",2026,"RAM","1500","Big Horn/Lone Star","[PREMIUM]","[PREMIUM]",2,"Truck","Granite Crystal Metallic Clearcoat","Black","Four-wheel Drive",,,"Gasoline",,,"dealership","[PREMIUM]","La Mesa","CA","[PREMIUM]",26,"[]",,,"[PREMIUM]"
"6355461c-e8cc-434c-bfeb-06d2a928d34b","2026-06-27 22:51:18.712","2026-07-27 01:46:55.568","6355461c-e8cc-434c-bfeb-06d2a928d34b","[PREMIUM]","New",2026,"Cadillac","CT5","Sport","[PREMIUM]","[PREMIUM]",2,"Sedan","Coastal Blue Metallic","Jet Black w/Jet Black Accents","Rear-wheel Drive",,,"Gasoline",,,"dealership","[PREMIUM]","Glendale","AZ","[PREMIUM]",23,"[]",,,"[PREMIUM]"
"3f456878-c6dd-42e7-8735-fe1d4fe89088","2026-06-27 22:51:18.704","2026-07-27 01:46:55.560","3f456878-c6dd-42e7-8735-fe1d4fe89088","[PREMIUM]","New",2026,"BMW","X3","30 xDrive","[PREMIUM]","[PREMIUM]",2,"SUV","Vegas Red Metallic","Black","All-wheel Drive",,,"Gasoline",,,"dealership","[PREMIUM]","Boston","MA","[PREMIUM]",21,"[]",,,"[PREMIUM]"
"a28bee25-a6c0-4de7-9875-bdaf0a9cdb4a","2026-06-27 22:51:18.523","2026-07-27 01:46:56.661","a28bee25-a6c0-4de7-9875-bdaf0a9cdb4a","[PREMIUM]","New",2026,"Ford","F-150","King Ranch","[PREMIUM]","[PREMIUM]",4,"Truck","Black Metallic","Java","Four-wheel Drive",,,"Gasoline",,,"dealership","[PREMIUM]","Salem","NH","[PREMIUM]",32,"[]",,,"[PREMIUM]"
"6970a3c8-3d78-4c96-9df5-36f33e6af9de","2026-06-27 22:51:18.501","2026-07-27 01:46:42.992","6970a3c8-3d78-4c96-9df5-36f33e6af9de","[PREMIUM]","New",2026,"BMW","X3","30 xDrive","[PREMIUM]","[PREMIUM]",2,"SUV","Skyscraper Grey Metallic","Black","All-wheel Drive",,,"Gasoline",,,"dealership","[PREMIUM]","Boston","MA","[PREMIUM]",21,"[]",,,"[PREMIUM]"
"a1df59f6-b2d0-4067-a69d-4c3ede32524d","2026-06-27 22:51:18.496","2026-07-23 23:16:57.562","a1df59f6-b2d0-4067-a69d-4c3ede32524d","[PREMIUM]","New",2026,"Ford","F-150","XLT","[PREMIUM]","[PREMIUM]",5,"Truck","Oxford White","Black","Four-wheel Drive",,,"Gasoline",,,"dealership","[PREMIUM]","Scottsdale","AZ","[PREMIUM]",12,"[]",,,"[PREMIUM]"
"ef7b4a16-c09a-401d-afb2-b8be276a5513","2026-06-27 22:51:18.471","2026-06-27 22:51:18.471","ef7b4a16-c09a-401d-afb2-b8be276a5513","[PREMIUM]","Used",2014,"Porsche","Cayman","S","[PREMIUM]","[PREMIUM]",70605,"Coupe","White","Black","Rear-wheel Drive",,,"Gasoline",,,"dealership","[PREMIUM]","Pasadena","CA","[PREMIUM]",27,"[]",,,"[PREMIUM]"
"caed5ce8-63d1-4d6f-afa2-38a665183428","2026-06-27 22:51:18.456","2026-07-27 01:46:55.562","caed5ce8-63d1-4d6f-afa2-38a665183428","[PREMIUM]","New",2026,"Ford","Transit-350","Base","[PREMIUM]","[PREMIUM]",0,"Cargo Van","Oxford White","Dark Palazzo","Rear-wheel Drive",,,"Gasoline",,,"dealership","[PREMIUM]","Richmond","VA","[PREMIUM]",25,"[]",,,"[PREMIUM]"
"baed5c87-1e05-4e12-a863-718b02da5634","2026-06-27 22:51:18.455","2026-06-30 22:52:24.803","baed5c87-1e05-4e12-a863-718b02da5634","[PREMIUM]","Used",2024,"Toyota","Supra","3.0 Premium","[PREMIUM]","[PREMIUM]",5300,"Coupe","Nocturnal","Black","Rear-wheel Drive",,,"Gasoline",,,"dealership","[PREMIUM]","Green Bay","WI","[PREMIUM]",36,"[]",,,"[PREMIUM]"
"70e28ba8-4729-4715-bf62-1cd061e5b7c8","2026-06-27 22:51:18.447","2026-07-27 01:46:55.564","70e28ba8-4729-4715-bf62-1cd061e5b7c8","[PREMIUM]","Used",2020,"Chevrolet","Camaro","ZL1","[PREMIUM]","[PREMIUM]",17904,"Convertible","Summit White","Jet Black w/Red Accents","Rear-wheel Drive",,,"Gasoline",,,"dealership","[PREMIUM]","Murfreesboro","TN","[PREMIUM]",58,"[]",,,"[PREMIUM]"
"25233113-3ff2-4b5f-978d-21b76793c61f","2026-06-27 22:51:18.439","2026-06-30 22:52:24.799","25233113-3ff2-4b5f-978d-21b76793c61f","[PREMIUM]","New",2026,"Toyota","4Runner","TRD Off Road Premium","[PREMIUM]","[PREMIUM]",0,"SUV","Everest","Black","Four-wheel Drive",,,"Hybrid",,,"dealership","[PREMIUM]","Clinton","TN","[PREMIUM]",30,"[]",,,"[PREMIUM]"
"676d0375-e379-424e-9afa-4ffdda20c141","2026-06-27 22:51:18.433","2026-07-23 23:16:55.881","676d0375-e379-424e-9afa-4ffdda20c141","[PREMIUM]","Used",2023,"Chevrolet","Tahoe","Z71","[PREMIUM]","[PREMIUM]",29458,"SUV","Gray","BLACK","Four-wheel Drive",,,"Gasoline",,,"dealership","[PREMIUM]","Tolleson","AZ","[PREMIUM]",27,"[]",,,"[PREMIUM]"
"4282f448-50a3-4f56-a695-5f1e11d65dce","2026-06-27 22:51:18.431","2026-07-07 15:05:13.668","4282f448-50a3-4f56-a695-5f1e11d65dce","[PREMIUM]","Used",2024,"GMC","Sierra 1500","Denali","[PREMIUM]","[PREMIUM]",33229,"Truck","White","Atmosphere/Brownstone","Four-wheel Drive",,,"Gasoline",,,"dealership","[PREMIUM]","Beckley","WV","[PREMIUM]",24,"[]",,,"[PREMIUM]"
"5bdb4216-91e7-47f1-87ed-d342172784f4","2026-06-27 22:51:18.428","2026-07-27 01:46:43.276","5bdb4216-91e7-47f1-87ed-d342172784f4","[PREMIUM]","New",2026,"Ford","F-150","XLT","[PREMIUM]","[PREMIUM]",5,"Truck","Iconic Silver Metallic","Black","Four-wheel Drive",,,"Gasoline",,,"dealership","[PREMIUM]","Scottsdale","AZ","[PREMIUM]",12,"[]",,,"[PREMIUM]"
"e02982a0-25b8-497f-bc16-bef0dadec66b","2026-06-27 22:51:18.411","2026-06-30 22:52:24.827","e02982a0-25b8-497f-bc16-bef0dadec66b","[PREMIUM]","New",2026,"Lexus","RX 350h","F SPORT Design","[PREMIUM]","[PREMIUM]",12,"SUV","Ultra White","Black","All-wheel Drive",,,"Gasoline",,,"dealership","[PREMIUM]","Southfield","MI","[PREMIUM]",4,"[]",,,"[PREMIUM]"
"b0b0d8a0-b71d-432d-93d3-b614e67ebce0","2026-06-27 22:51:18.397","2026-07-27 01:46:28.878","b0b0d8a0-b71d-432d-93d3-b614e67ebce0","[PREMIUM]","New",2026,"Jeep","Grand Wagoneer","4x4","[PREMIUM]","[PREMIUM]",13,"SUV","Baltic Gray Metallic Clearcoat","Global Black","Four-wheel Drive",,,"Gasoline",,,"dealership","[PREMIUM]","Fairmount City","PA","[PREMIUM]",8,"[]",,,"[PREMIUM]"
"2f533132-fb23-449f-b158-041544a6eec8","2026-06-27 22:51:18.394","2026-06-27 22:51:18.394","2f533132-fb23-449f-b158-041544a6eec8","[PREMIUM]","Used",2024,"Toyota","Land Cruiser",,"[PREMIUM]","[PREMIUM]",17902,"SUV","Black","BLACK","Four-wheel Drive",,,"Hybrid",,,"dealership","[PREMIUM]","San Diego","CA","[PREMIUM]",26,"[]",,,"[PREMIUM]"
"d1558deb-ef40-4e09-9f9c-4ed833b5d14e","2026-06-27 22:51:18.392","2026-07-14 06:41:38.189","d1558deb-ef40-4e09-9f9c-4ed833b5d14e","[PREMIUM]","New",2026,"Jeep","Wrangler","Rubicon","[PREMIUM]","[PREMIUM]",9,"SUV","Black Clearcoat","Black","Four-wheel Drive",,,"Gasoline",,,"dealership","[PREMIUM]","Scottsdale","AZ","[PREMIUM]",32,"[]",,,"[PREMIUM]"
"64dc6d08-86c2-42c2-8679-0795199b0755","2026-06-27 22:51:18.385","2026-06-27 22:51:18.385","64dc6d08-86c2-42c2-8679-0795199b0755","[PREMIUM]","New",2026,"Jeep","Wrangler","Willys","[PREMIUM]","[PREMIUM]",10,"SUV","Anvil Clearcoat","Black w/Cloth Low-Back Bucket Seats or Rewind Seat With Tag or C","Four-wheel Drive",,,"Gasoline",,,"dealership","[PREMIUM]","Little Falls","NJ","[PREMIUM]",1,"[]",,,"[PREMIUM]"
"dace8a9e-067d-4aa1-9405-dd6b786caf58","2026-06-27 22:51:18.384","2026-06-30 22:52:24.819","dace8a9e-067d-4aa1-9405-dd6b786caf58","[PREMIUM]","Used",2023,"GMC","Sierra 2500","AT4","[PREMIUM]","[PREMIUM]",46255,"Truck","White","BLACK","Four-wheel Drive",,,"Diesel",,,"dealership","[PREMIUM]","Murrieta","CA","[PREMIUM]",26,"[]",,,"[PREMIUM]"
"623d306b-1aa6-4477-8e38-15acd08a9828","2026-06-27 22:51:18.383","2026-07-27 01:46:56.916","623d306b-1aa6-4477-8e38-15acd08a9828","[PREMIUM]","Used",2026,"BMW","530","xDrive","[PREMIUM]","[PREMIUM]",8072,"Sedan","Dark Graphite","Espresso Brown","All-wheel Drive",,,"Gasoline",,,"dealership","[PREMIUM]","Indianapolis","IN","[PREMIUM]",32,"[]",,,"[PREMIUM]"
"dd2d29fa-767b-466e-a4cc-d5f621f0fda9","2026-06-27 22:51:07.937","2026-07-27 01:46:42.999","dd2d29fa-767b-466e-a4cc-d5f621f0fda9","[PREMIUM]","New",2026,"Ford","Bronco","Outer Banks","[PREMIUM]","[PREMIUM]",6,"SUV","Oxford White","Smoked Truffle W/Black","Four-wheel Drive",,,"Gasoline",,,"dealership","[PREMIUM]","Arlington","TX","[PREMIUM]",18,"[]",,,"[PREMIUM]"
"6c605c60-6ac5-4014-aca3-b1377fb3fb30","2026-06-27 22:51:07.897","2026-07-27 01:46:41.360","6c605c60-6ac5-4014-aca3-b1377fb3fb30","[PREMIUM]","New",2026,"Jeep","Wrangler","4-Door Sahara 4x4","[PREMIUM]","[PREMIUM]",10,"SUV","41","black","Four-wheel Drive",,,"Gasoline",,,"dealership","[PREMIUM]","Little Falls","NJ","[PREMIUM]",3,"[]",,,"[PREMIUM]"
"564ca820-37a9-41b1-939d-a03673506201","2026-06-27 22:51:07.871","2026-06-27 22:51:07.871","564ca820-37a9-41b1-939d-a03673506201","[PREMIUM]","New",2026,"Jeep","Wrangler","4-Door Sahara 4x4","[PREMIUM]","[PREMIUM]",10,"SUV","bright white clearcoat","black","Four-wheel Drive",,,"Gasoline",,,"dealership","[PREMIUM]","Little Falls","NJ","[PREMIUM]",1,"[]",,,"[PREMIUM]"
"55bba9b1-ad5d-4b12-97c0-9dccbae072ed","2026-06-27 22:51:07.861","2026-07-27 01:46:55.735","55bba9b1-ad5d-4b12-97c0-9dccbae072ed","[PREMIUM]","New",2026,"Ford","Bronco","Outer Banks","[PREMIUM]","[PREMIUM]",5,"SUV","Oxford White","Black Onyx","Four-wheel Drive",,,"Gasoline",,,"dealership","[PREMIUM]","Scottsdale","AZ","[PREMIUM]",18,"[]",,,"[PREMIUM]"
"c4c5379e-9525-4c94-a307-4bbee14e0aff","2026-06-27 22:51:07.826","2026-07-20 21:29:18.555","c4c5379e-9525-4c94-a307-4bbee14e0aff","[PREMIUM]","Used",2025,"Lincoln","Nautilus","Reserve","[PREMIUM]","[PREMIUM]",9725,"SUV","Lustrous Gray Metallic","Light Smoked Truffle","All-wheel Drive",,,"Gasoline",,,"dealership","[PREMIUM]","Jacksonville","NC","[PREMIUM]",43,"[]",,,"[PREMIUM]"
"0f94cc37-dc49-40e7-b39d-3ef4d1f74833","2026-06-27 22:51:07.799","2026-07-23 23:16:43.181","0f94cc37-dc49-40e7-b39d-3ef4d1f74833","[PREMIUM]","New",2026,"Cadillac","CT5","Premium Luxury AWD","[PREMIUM]","[PREMIUM]",5323,"Sedan","Summit White","Jet Black","All-wheel Drive",,,"Gasoline",,,"dealership","[PREMIUM]","Kansas City","MO","[PREMIUM]",32,"[]",,,"[PREMIUM]"
"751eee2b-11f4-479b-a4cc-4ea7821ed94f","2026-06-27 22:51:07.788","2026-07-27 01:46:42.916","751eee2b-11f4-479b-a4cc-4ea7821ed94f","[PREMIUM]","New",2026,"Toyota","4Runner","TRD Off Road","[PREMIUM]","[PREMIUM]",0,"SUV","Blue","Blk/Gry Fabric","Four-wheel Drive",,,"Hybrid",,,"dealership","[PREMIUM]","Hempstead","NY","[PREMIUM]",14,"[]",,,"[PREMIUM]"
"190a913f-5e35-4a13-aa69-8932f96eb4cd","2026-06-27 22:51:07.774","2026-07-14 06:41:23.819","190a913f-5e35-4a13-aa69-8932f96eb4cd","[PREMIUM]","Used",2021,"Chevrolet","Silverado 2500","High Country","[PREMIUM]","[PREMIUM]",62211,"Truck","Black","Jet Black","Four-wheel Drive",,,"Gasoline",,,"dealership","[PREMIUM]","Abilene","TX","[PREMIUM]",10,"[]",,,"[PREMIUM]"
"65374428-d824-4235-bccc-f023c0f11d70","2026-06-27 22:51:07.772","2026-07-27 01:46:42.913","65374428-d824-4235-bccc-f023c0f11d70","[PREMIUM]","Used",2024,"BMW","X3","M40i","[PREMIUM]","[PREMIUM]",16833,"SUV","Carbon Black Metallic","Black","All-wheel Drive",,,"Gasoline",,,"dealership","[PREMIUM]","Indianapolis","IN","[PREMIUM]",34,"[]",,,"[PREMIUM]"
"0644edf4-5723-4764-999f-990fcdbf175c","2026-06-27 22:51:07.768","2026-07-11 06:35:29.693","0644edf4-5723-4764-999f-990fcdbf175c","[PREMIUM]","New",2027,"Kia","Telluride Hybrid","X-Line SX-Prestige","[PREMIUM]","[PREMIUM]",5,"SUV","Ebony Black","Black","All-wheel Drive",,,"Hybrid",,,"dealership","[PREMIUM]","Rochester","MN","[PREMIUM]",27,"[]",,,"[PREMIUM]"
"07b0adbf-e68c-4e35-9cff-e67da2b4d836","2026-06-27 22:51:07.765","2026-07-27 01:46:41.478","07b0adbf-e68c-4e35-9cff-e67da2b4d836","[PREMIUM]","Used",2025,"BMW","i4 Gran Coupe","M50","[PREMIUM]","[PREMIUM]",8014,"Hatchback","Gray Metallic","Black","All-wheel Drive",,,"Electric",,,"dealership","[PREMIUM]","Indianapolis","IN","[PREMIUM]",34,"[]",,,"[PREMIUM]"
"8666b41a-715c-4683-9833-4238cf0c4069","2026-06-27 22:51:07.760","2026-07-04 14:56:04.258","8666b41a-715c-4683-9833-4238cf0c4069","[PREMIUM]","Used",2021,"GMC","Sierra 3500","Denali","[PREMIUM]","[PREMIUM]",58949,"Truck","Silver","BLACK","Four-wheel Drive",,,"Diesel",,,"dealership","[PREMIUM]","Pleasanton","CA","[PREMIUM]",27,"[]",,,"[PREMIUM]"
"6590b714-32e7-410c-8add-146f6c9680bd","2026-06-27 22:51:07.755","2026-07-11 06:35:31.369","6590b714-32e7-410c-8add-146f6c9680bd","[PREMIUM]","New",2026,"Jeep","Grand Cherokee","Limited","[PREMIUM]","[PREMIUM]",16,"SUV","Fathom Blue Pearlcoat","Global Black w/Capri Leatherette Seats or 85th Edition Leatheret","Four-wheel Drive",,,"Gasoline",,,"dealership","[PREMIUM]","Little Falls","NJ","[PREMIUM]",1,"[]",,,"[PREMIUM]"
"f8b23263-1d1a-4cbc-b23d-9aea2c94c4a8","2026-06-27 22:51:07.736","2026-07-27 01:46:55.564","f8b23263-1d1a-4cbc-b23d-9aea2c94c4a8","[PREMIUM]","Used",2026,"BMW","430","i xDrive","[PREMIUM]","[PREMIUM]",16035,"Convertible","Black Sapphire Metallic","Black","All-wheel Drive",,,"Gasoline",,,"dealership","[PREMIUM]","Indianapolis","IN","[PREMIUM]",31,"[]",,,"[PREMIUM]"
"4cde7312-da79-4994-acb6-c1142d7a7742","2026-06-27 22:51:07.732","2026-07-27 01:46:42.909","4cde7312-da79-4994-acb6-c1142d7a7742","[PREMIUM]","Used",2024,"BMW","X5","xDrive40i","[PREMIUM]","[PREMIUM]",22899,"SUV","Brooklyn Grey Metallic","Black","All-wheel Drive",,,"Gasoline",,,"dealership","[PREMIUM]","Indianapolis","IN","[PREMIUM]",34,"[]",,,"[PREMIUM]"
"5732f6cf-34ec-490a-a4c7-3dbff76f84a3","2026-06-27 22:51:07.727","2026-07-27 01:46:55.564","5732f6cf-34ec-490a-a4c7-3dbff76f84a3","[PREMIUM]","Used",2025,"BMW","i4 Gran Coupe","xDrive40","[PREMIUM]","[PREMIUM]",2817,"Hatchback","Vegas Red Metallic","Black","All-wheel Drive",,,"Electric",,,"dealership","[PREMIUM]","Indianapolis","IN","[PREMIUM]",34,"[]",,,"[PREMIUM]"
"790f2434-c1ce-4a38-a211-c3701b15c2a3","2026-06-27 22:51:07.683","2026-07-27 01:46:55.564","790f2434-c1ce-4a38-a211-c3701b15c2a3","[PREMIUM]","Used",2025,"Audi","Q7","55 Prestige","[PREMIUM]","[PREMIUM]",28768,"SUV","Glacier White Metallic","Black","All-wheel Drive",,,"Gasoline",,,"dealership","[PREMIUM]","Indianapolis","IN","[PREMIUM]",32,"[]",,,"[PREMIUM]"
"ec7d9b9d-8252-444f-bad4-fe8cbeb7ca05","2026-06-27 22:51:07.681","2026-07-27 01:46:55.561","ec7d9b9d-8252-444f-bad4-fe8cbeb7ca05","[PREMIUM]","Used",2025,"BMW","430","i xDrive","[PREMIUM]","[PREMIUM]",9726,"Coupe","Alpine White","Black","All-wheel Drive",,,"Gasoline",,,"dealership","[PREMIUM]","Indianapolis","IN","[PREMIUM]",17,"[]",,,"[PREMIUM]"
"1f9f5a62-6b23-4245-bef6-4bc8f6bd68b0","2026-06-27 22:51:07.669","2026-07-27 01:46:56.881","1f9f5a62-6b23-4245-bef6-4bc8f6bd68b0","[PREMIUM]","Used",2026,"BMW","X3","M50 xDrive","[PREMIUM]","[PREMIUM]",14219,"SUV","Vegas Red Metallic","Black","All-wheel Drive",,,"Gasoline",,,"dealership","[PREMIUM]","Indianapolis","IN","[PREMIUM]",33,"[]",,,"[PREMIUM]"
"ee7cb104-3fb9-48fe-a12e-b7309e7329dd","2026-06-27 22:51:07.530","2026-06-27 22:51:07.530","ee7cb104-3fb9-48fe-a12e-b7309e7329dd","[PREMIUM]","New",2026,"Jeep","Wrangler","4-Door Sahara 4x4","[PREMIUM]","[PREMIUM]",10,"SUV","bright white clearcoat","black","Four-wheel Drive",,,"Gasoline",,,"dealership","[PREMIUM]","Little Falls","NJ","[PREMIUM]",1,"[]",,,"[PREMIUM]"
"ea6dae80-c03f-4e2f-b002-8d9dc222d2c4","2026-06-27 22:51:07.514","2026-07-27 01:46:41.437","ea6dae80-c03f-4e2f-b002-8d9dc222d2c4","[PREMIUM]","New",2026,"Jeep","Grand Cherokee","Limited","[PREMIUM]","[PREMIUM]",13,"SUV","Copper Shino Metallic Clearcoat","Global Black w/Capri Leatherette Seats or 85th Edition Leatheret","Four-wheel Drive",,,"Gasoline",,,"dealership","[PREMIUM]","Little Falls","NJ","[PREMIUM]",1,"[]",,,"[PREMIUM]"
"478fafb0-30ca-4e52-a76c-36bd33b23b1a","2026-06-27 22:51:07.507","2026-07-27 01:46:43.412","478fafb0-30ca-4e52-a76c-36bd33b23b1a","[PREMIUM]","New",2026,"RAM","1500","Big Horn/Lone Star","[PREMIUM]","[PREMIUM]",0,"Truck","Granite Crystal Metallic Clearcoat","Black","Four-wheel Drive",,,"Gasoline",,,"dealership","[PREMIUM]","Dearborn","MI","[PREMIUM]",1,"[]",,,"[PREMIUM]"
"9bd0268e-6b27-400c-8301-7c74f1650621","2026-06-27 22:51:07.499","2026-06-30 22:52:24.891","9bd0268e-6b27-400c-8301-7c74f1650621","[PREMIUM]","New",2026,"Dodge","Durango","GT Premium AWD HEMI V8","[PREMIUM]","[PREMIUM]",10,"SUV","Destroyer Gray Clearcoat","Black","All-wheel Drive",,,"Gasoline",,,"dealership","[PREMIUM]","East Providence","RI","[PREMIUM]",21,"[]",,,"[PREMIUM]"
"76d4c82e-cca5-42ef-b163-ffe86ced32bf","2026-06-27 22:51:07.441","2026-07-27 01:46:42.598","76d4c82e-cca5-42ef-b163-ffe86ced32bf","[PREMIUM]","New",2026,"Chevrolet","Silverado 1500","Custom Trail Boss","[PREMIUM]","[PREMIUM]",7,"Truck","Summit White","Jet Black","Four-wheel Drive",,,"Diesel",,,"dealership","[PREMIUM]","Albuquerque","NM","[PREMIUM]",24,"[]",,,"[PREMIUM]"
"6ab582aa-ab24-4e5e-94b6-ac4e3fea5f28","2026-06-27 22:51:07.433","2026-07-07 15:05:13.669","6ab582aa-ab24-4e5e-94b6-ac4e3fea5f28","[PREMIUM]","New",2026,"RAM","1500","Big Horn/Lone Star","[PREMIUM]","[PREMIUM]",0,"Truck","Hydro Blue Pearlcoat","Black","Four-wheel Drive",,,"Gasoline",,,"dealership","[PREMIUM]","Auburn","ME","[PREMIUM]",1,"[]",,,"[PREMIUM]"
"1f6aa78c-a7de-4e40-b674-12ecafa666eb","2026-06-27 22:51:07.426","2026-07-27 01:46:42.920","1f6aa78c-a7de-4e40-b674-12ecafa666eb","[PREMIUM]","New",2026,"RAM","1500","Big Horn/Lone Star","[PREMIUM]","[PREMIUM]",0,"Truck","Granite Crystal Metallic Clearcoat","Black","Four-wheel Drive",,,"Gasoline",,,"dealership","[PREMIUM]","Auburn","ME","[PREMIUM]",19,"[]",,,"[PREMIUM]"
"56eaf3ad-288d-4dfd-ba0e-79f05f1eee24","2026-06-27 22:51:07.205","2026-07-27 01:46:56.905","56eaf3ad-288d-4dfd-ba0e-79f05f1eee24","[PREMIUM]","New",2026,"RAM","1500","Big Horn/Lone Star","[PREMIUM]","[PREMIUM]",2,"Truck","Bright White Clearcoat","Black","Four-wheel Drive",,,"Gasoline",,,"dealership","[PREMIUM]","La Mesa","CA","[PREMIUM]",26,"[]",,,"[PREMIUM]"
"742b12d9-3393-4d27-a92a-d5fbefa367d5","2026-06-27 22:51:07.203","2026-07-27 01:46:41.409","742b12d9-3393-4d27-a92a-d5fbefa367d5","[PREMIUM]","New",2026,"Jeep","Wrangler","4-Door Sahara 4x4","[PREMIUM]","[PREMIUM]",11,"SUV","anvil clearcoat","black","Four-wheel Drive",,,"Gasoline",,,"dealership","[PREMIUM]","Little Falls","NJ","[PREMIUM]",3,"[]",,,"[PREMIUM]"
"ed850daf-6737-43f5-8165-e13af10712e9","2026-06-27 22:51:07.151","2026-07-27 01:46:42.705","ed850daf-6737-43f5-8165-e13af10712e9","[PREMIUM]","New",2026,"GMC","Sierra 1500","Elevation","[PREMIUM]","[PREMIUM]",2,"Truck","Summit White","Jet Black","Four-wheel Drive",,,"Diesel",,,"dealership","[PREMIUM]","Scottsdale","AZ","[PREMIUM]",32,"[]",,,"[PREMIUM]"
"90bfb32b-8757-419a-88b1-0d25a10b82a7","2026-06-27 22:51:07.142","2026-07-27 01:46:55.570","90bfb32b-8757-419a-88b1-0d25a10b82a7","[PREMIUM]","New",2026,"RAM","1500","Big Horn/Lone Star","[PREMIUM]","[PREMIUM]",2,"Truck","Molten Red Pearlcoat","Black","Four-wheel Drive",,,"Gasoline",,,"dealership","[PREMIUM]","La Mesa","CA","[PREMIUM]",26,"[]",,,"[PREMIUM]"
"1fd3266f-344a-42eb-81ef-0ed1391c26d5","2026-06-27 22:51:07.124","2026-07-27 01:46:43.474","1fd3266f-344a-42eb-81ef-0ed1391c26d5","[PREMIUM]","New",2026,"Jeep","Wrangler","4-Door 85th Anniversary Edition","[PREMIUM]","[PREMIUM]",2,"SUV","Black Clearcoat","Black w/Cloth Low-Back Bucket Seats or Rewind Seat With Tag or C","Four-wheel Drive",,,"Gasoline",,,"dealership","[PREMIUM]","La Mesa","CA","[PREMIUM]",26,"[]",,,"[PREMIUM]"
"aa4567db-1131-4a05-bf3e-e0d47401758a","2026-06-27 22:51:07.095","2026-07-23 23:16:56.831","aa4567db-1131-4a05-bf3e-e0d47401758a","[PREMIUM]","New",2026,"Hyundai","PALISADE","Calligraphy","[PREMIUM]","[PREMIUM]",7,"SUV","Earthy Brass Matte","Brown","Front-wheel Drive",,,"Gasoline",,,"dealership","[PREMIUM]","St. Petersburg","FL","[PREMIUM]",32,"[]",,,"[PREMIUM]"
"70dcf526-85d8-4f11-8055-acdf4800c295","2026-06-27 22:51:07.085","2026-07-11 06:35:32.065","70dcf526-85d8-4f11-8055-acdf4800c295","[PREMIUM]","New",2026,"RAM","1500","Big Horn/Lone Star","[PREMIUM]","[PREMIUM]",0,"Truck","Molten Red Pearlcoat","Black","Four-wheel Drive",,,"Gasoline",,,"dealership","[PREMIUM]","Auburn","ME","[PREMIUM]",19,"[]",,,"[PREMIUM]"
"74bd3438-2fc8-4e6b-a535-c2c6e63a74fe","2026-06-27 22:51:07.048","2026-07-07 15:04:59.487","74bd3438-2fc8-4e6b-a535-c2c6e63a74fe","[PREMIUM]","New",2026,"Ford","F-350","XL","[PREMIUM]","[PREMIUM]",0,"Truck",,,"Four-wheel Drive",,,"Gasoline",,,"dealership","[PREMIUM]","Richmond","VA","[PREMIUM]",24,"[]",,,"[PREMIUM]"
"3113bbfe-f372-49dd-a81b-a0daccf4a8a7","2026-06-27 22:51:07.041","2026-06-27 22:51:07.041","3113bbfe-f372-49dd-a81b-a0daccf4a8a7","[PREMIUM]","New",2026,"GMC","Canyon","Denali","[PREMIUM]","[PREMIUM]",245,"Truck","Sterling Metallic","Jet Black/Teak","Four-wheel Drive",,,"Gasoline",,,"dealership","[PREMIUM]","Collinsville","OK","[PREMIUM]",1,"[]",,,"[PREMIUM]"
"9a524f25-6436-4c90-a9af-2a4fcf302afb","2026-06-27 22:51:07.034","2026-07-27 01:46:42.944","9a524f25-6436-4c90-a9af-2a4fcf302afb","[PREMIUM]","New",2026,"Cadillac","CT5","Premium Luxury","[PREMIUM]","[PREMIUM]",2,"Sedan","Black Raven","Sahara Beige w/Jet Black Accents","Rear-wheel Drive",,,"Gasoline",,,"dealership","[PREMIUM]","Glendale","AZ","[PREMIUM]",23,"[]",,,"[PREMIUM]"
"6bab03cd-f01f-427d-9f2b-f01226c01a0d","2026-06-27 22:51:07.016","2026-07-11 06:35:31.832","6bab03cd-f01f-427d-9f2b-f01226c01a0d","[PREMIUM]","New",2026,"Jeep","Wrangler","Rubicon","[PREMIUM]","[PREMIUM]",0,"SUV","Bright White Clearcoat","Black","Four-wheel Drive",,,"Gasoline",,,"dealership","[PREMIUM]","Auburn","ME","[PREMIUM]",1,"[]",,,"[PREMIUM]"
"7e2ce50d-93ff-429d-ac0d-2a916074827f","2026-06-27 22:51:06.984","2026-07-27 01:46:55.555","7e2ce50d-93ff-429d-ac0d-2a916074827f","[PREMIUM]","New",2026,"RAM","2500","Big Horn Crew Cab 4x4 6&#39;4&#39; Box","[PREMIUM]","[PREMIUM]",0,"Truck","Forged Blue Metallic","Black","Four-wheel Drive",,,"Gasoline",,,"dealership","[PREMIUM]","Auburn","ME","[PREMIUM]",18,"[]",,,"[PREMIUM]"
"8603fabc-c2ca-4cbe-a630-25fab9cabb19","2026-06-27 22:50:46.283","2026-07-27 01:46:42.910","8603fabc-c2ca-4cbe-a630-25fab9cabb19","[PREMIUM]","New",2026,"BMW","330","xDrive","[PREMIUM]","[PREMIUM]",2,"Sedan","Vegas Red Metallic","Tacora Red","All-wheel Drive",,,"Gasoline",,,"dealership","[PREMIUM]","Boston","MA","[PREMIUM]",20,"[]",,,"[PREMIUM]"
"6817e25c-f306-4b0e-95e5-029fd87f38f8","2026-06-27 22:50:46.239","2026-07-27 01:46:43.203","6817e25c-f306-4b0e-95e5-029fd87f38f8","[PREMIUM]","Used",2022,"Tesla","Model S","Plaid","[PREMIUM]","[PREMIUM]",55289,"Hatchback","Gray","Black","All-wheel Drive",,,"Electric",,,"dealership","[PREMIUM]","Maple Shade","NJ","[PREMIUM]",48,"[]",,,"[PREMIUM]"
"34fd95e2-1253-4bd0-8227-8ea9e4bb7146","2026-06-27 22:50:46.225","2026-07-27 01:46:42.702","34fd95e2-1253-4bd0-8227-8ea9e4bb7146","[PREMIUM]","New",2026,"Ford","Bronco","Outer Banks","[PREMIUM]","[PREMIUM]",5,"SUV","Oxford White","Black Onyx","Four-wheel Drive",,,"Gasoline",,,"dealership","[PREMIUM]","Scottsdale","AZ","[PREMIUM]",12,"[]",,,"[PREMIUM]"
"2cb9fd19-422c-4c07-990f-3ce099a02ed5","2026-06-27 22:50:46.224","2026-07-27 01:46:41.419","2cb9fd19-422c-4c07-990f-3ce099a02ed5","[PREMIUM]","New",2026,"Chevrolet","Silverado 1500","LT Trail Boss","[PREMIUM]","[PREMIUM]",3427,"Truck","Summit White","Jet Black","Four-wheel Drive",,,"Diesel",,,"dealership","[PREMIUM]","Kirksville","MO","[PREMIUM]",32,"[]",,,"[PREMIUM]"
"c07a3bea-ba94-4894-8fe4-1d032a940477","2026-06-27 22:50:46.107","2026-07-20 21:29:19.172","c07a3bea-ba94-4894-8fe4-1d032a940477","[PREMIUM]","Used",2023,"Ford","Expedition Max","Limited","[PREMIUM]","[PREMIUM]",36605,"SUV","White","TAN","Four-wheel Drive",,,"Gasoline",,,"dealership","[PREMIUM]","Murrieta","CA","[PREMIUM]",29,"[]",,,"[PREMIUM]"
"eea61d29-d494-43d7-9a34-3fdb25a1c0b8","2026-06-27 22:50:46.085","2026-07-11 06:35:29.667","eea61d29-d494-43d7-9a34-3fdb25a1c0b8","[PREMIUM]","New",2026,"BMW","X3","30 xDrive","[PREMIUM]","[PREMIUM]",2,"SUV","Alpine White","Black","All-wheel Drive",,,"Gasoline",,,"dealership","[PREMIUM]","Boston","MA","[PREMIUM]",1,"[]",,,"[PREMIUM]"
"fd58909d-6921-43d3-adfb-d156eb4954a2","2026-06-27 22:50:46.075","2026-06-30 22:52:21.659","fd58909d-6921-43d3-adfb-d156eb4954a2","[PREMIUM]","New",2027,"Kia","Telluride","X-Line SX-Prestige","[PREMIUM]","[PREMIUM]",5,"SUV","Panthera Metal Matte","Black","All-wheel Drive",,,"Gasoline",,,"dealership","[PREMIUM]","Freehold","NJ","[PREMIUM]",27,"[]",,,"[PREMIUM]"
"04428f4b-1329-4042-b740-d66a92e4aa7e","2026-06-27 22:50:46.073","2026-07-27 01:46:41.206","04428f4b-1329-4042-b740-d66a92e4aa7e","[PREMIUM]","New",2026,"BMW","X3","30 xDrive","[PREMIUM]","[PREMIUM]",2,"SUV","Tanzanite Blue II Metallic","Espresso Brown","All-wheel Drive",,,"Gasoline",,,"dealership","[PREMIUM]","Boston","MA","[PREMIUM]",1,"[]",,,"[PREMIUM]"
"fbc1d029-0c5c-4066-a0b8-d44ad808518a","2026-06-27 22:50:46.065","2026-07-14 06:41:23.519","fbc1d029-0c5c-4066-a0b8-d44ad808518a","[PREMIUM]","New",2026,"Toyota","Highlander Hybrid","Platinum","[PREMIUM]","[PREMIUM]",10,"SUV","Wind Chill Pearl","Graphite","All-wheel Drive",,,"Hybrid",,,"dealership","[PREMIUM]","Seaside","CA","[PREMIUM]",32,"[]",,,"[PREMIUM]"
"55b4a206-6979-4b9d-a6d5-42945da8adff","2026-06-27 22:50:46.031","2026-07-27 01:46:43.438","55b4a206-6979-4b9d-a6d5-42945da8adff","[PREMIUM]","Used",2023,"INFINITI","QX80","SENSORY AWD","[PREMIUM]","[PREMIUM]",43001,"SUV","Mineral Black","Wheat","Four-wheel Drive",,,"Gasoline",,,"dealership","[PREMIUM]","Indianapolis","IN","[PREMIUM]",32,"[]",,,"[PREMIUM]"
"863797ee-bf00-4c36-b888-d039de92450d","2026-06-27 22:50:46.018","2026-07-27 01:46:41.188","863797ee-bf00-4c36-b888-d039de92450d","[PREMIUM]","New",2026,"BMW","X3","30 xDrive","[PREMIUM]","[PREMIUM]",2,"SUV","Dark Graphite Metallic","Calm Beige","All-wheel Drive",,,"Gasoline",,,"dealership","[PREMIUM]","Boston","MA","[PREMIUM]",1,"[]",,,"[PREMIUM]"
"2829e84a-e4b0-4905-a7cd-27f6fe917fd0","2026-06-27 22:50:45.998","2026-07-27 01:46:43.331","2829e84a-e4b0-4905-a7cd-27f6fe917fd0","[PREMIUM]","New",2026,"Ford","Bronco","Badlands","[PREMIUM]","[PREMIUM]",4,"SUV","Avalanche","Black Onyx","Four-wheel Drive",,,"Gasoline",,,"dealership","[PREMIUM]","Salem","NH","[PREMIUM]",32,"[]",,,"[PREMIUM]"
"8a29f94c-6e8b-40c7-a7a5-b018e25d750e","2026-06-27 22:50:45.985","2026-07-27 01:46:55.408","8a29f94c-6e8b-40c7-a7a5-b018e25d750e","[PREMIUM]","New",2026,"Ford","Explorer","ST","[PREMIUM]","[PREMIUM]",0,"SUV","Vapor Blue Metallic","Onyx","Four-wheel Drive",,,"Gasoline",,,"dealership","[PREMIUM]","Corning","CA","[PREMIUM]",14,"[]",,,"[PREMIUM]"
"9db30b98-1e36-498b-bb81-6ba2a9277cae","2026-06-27 22:50:45.964","2026-07-27 01:46:41.542","9db30b98-1e36-498b-bb81-6ba2a9277cae","[PREMIUM]","New",2026,"Ford","Bronco","Outer Banks","[PREMIUM]","[PREMIUM]",10,"SUV","Desert Sand","Black Onyx","Four-wheel Drive",,,"Gasoline",,,"dealership","[PREMIUM]","Scottsdale","AZ","[PREMIUM]",12,"[]",,,"[PREMIUM]"
"875d64fc-799c-481d-a39a-9efca81de1cf","2026-06-27 22:50:45.962","2026-07-27 01:46:27.848","875d64fc-799c-481d-a39a-9efca81de1cf","[PREMIUM]","New",2026,"BMW","X3","30 xDrive","[PREMIUM]","[PREMIUM]",2,"SUV","Dune Grey Metallic","Calm Beige","All-wheel Drive",,,"Gasoline",,,"dealership","[PREMIUM]","Boston","MA","[PREMIUM]",1,"[]",,,"[PREMIUM]"
"f53b2360-ba4d-4f59-9f8b-5253870cf991","2026-06-27 22:50:45.960","2026-07-27 01:46:43.199","f53b2360-ba4d-4f59-9f8b-5253870cf991","[PREMIUM]","Used",2027,"Kia","Telluride Hybrid","X-Line SX","[PREMIUM]","[PREMIUM]",1052,"SUV","Glacial White Pearl","Black","All-wheel Drive",,,"Hybrid",,,"dealership","[PREMIUM]","Rochester","MN","[PREMIUM]",34,"[]",,,"[PREMIUM]"
"ceae53ec-27ec-45a8-afc1-0f40de966c24","2026-06-27 22:50:45.959","2026-07-11 06:35:29.835","ceae53ec-27ec-45a8-afc1-0f40de966c24","[PREMIUM]","New",2026,"BMW","330","xDrive","[PREMIUM]","[PREMIUM]",2,"Sedan","Skyscraper Grey Metallic","Cognac","All-wheel Drive",,,"Gasoline",,,"dealership","[PREMIUM]","Boston","MA","[PREMIUM]",1,"[]",,,"[PREMIUM]"
"c831ebe9-43b4-4884-9a1c-8527debfbbc1","2026-06-27 22:50:45.958","2026-07-27 01:46:55.442","c831ebe9-43b4-4884-9a1c-8527debfbbc1","[PREMIUM]","New",2026,"Ford","Bronco","Outer Banks","[PREMIUM]","[PREMIUM]",5,"SUV","Marsh Gray","Black Onyx","Four-wheel Drive",,,"Gasoline",,,"dealership","[PREMIUM]","Scottsdale","AZ","[PREMIUM]",12,"[]",,,"[PREMIUM]"
"e00191a1-fc4b-42d9-990b-35cb083d685f","2026-06-27 22:50:45.940","2026-07-27 01:46:43.301","e00191a1-fc4b-42d9-990b-35cb083d685f","[PREMIUM]","Used",2024,"BMW","X5","xDrive40i","[PREMIUM]","[PREMIUM]",37901,"SUV","Black Sapphire Metallic","Black","All-wheel Drive",,,"Gasoline",,,"dealership","[PREMIUM]","Indianapolis","IN","[PREMIUM]",34,"[]",,,"[PREMIUM]"
"bdaa231a-daff-44ef-a5c7-1bc7dc176fb8","2026-06-27 22:50:45.922","2026-07-04 14:55:51.518","bdaa231a-daff-44ef-a5c7-1bc7dc176fb8","[PREMIUM]","New",2026,"Ford","Bronco","Outer Banks","[PREMIUM]","[PREMIUM]",5,"SUV","Oxford White","Black Onyx","Four-wheel Drive",,,"Gasoline",,,"dealership","[PREMIUM]","Scottsdale","AZ","[PREMIUM]",12,"[]",,,"[PREMIUM]"
"cd229638-0ca3-4bc9-b2c4-56de34f42849","2026-06-27 22:50:45.911","2026-07-27 01:46:43.018","cd229638-0ca3-4bc9-b2c4-56de34f42849","[PREMIUM]","New",2026,"Ford","Bronco","Outer Banks","[PREMIUM]","[PREMIUM]",5,"SUV","Marsh Gray","Smoked Truffle W/Black","Four-wheel Drive",,,"Gasoline",,,"dealership","[PREMIUM]","Scottsdale","AZ","[PREMIUM]",12,"[]",,,"[PREMIUM]"
"772aea85-299a-47a9-94af-29c61de55c68","2026-06-27 22:50:45.871","2026-06-30 22:52:21.625","772aea85-299a-47a9-94af-29c61de55c68","[PREMIUM]","New",2027,"INFINITI","QX65","SPORT","[PREMIUM]","[PREMIUM]",11,"SUV","Sunfire Red Pearl Metallic","Graphite","All-wheel Drive",,,"Gasoline",,,"dealership","[PREMIUM]","Phoenix","AZ","[PREMIUM]",8,"[]",,,"[PREMIUM]"
"10325d87-6857-4497-850a-793de3028d84","2026-06-27 22:50:45.837","2026-07-27 01:46:27.828","10325d87-6857-4497-850a-793de3028d84","[PREMIUM]","New",2026,"Jeep","Grand Cherokee","Summit","[PREMIUM]","[PREMIUM]",62,"SUV","Bright White Clearcoat","Tupelo/Black","Four-wheel Drive",,,"Gasoline",,,"dealership","[PREMIUM]","Lebanon","PA","[PREMIUM]",1,"[]",,,"[PREMIUM]"
"8600da04-61e6-4050-8ffa-744cbfb48f91","2026-06-27 22:45:33.825","2026-07-27 01:46:41.446","8600da04-61e6-4050-8ffa-744cbfb48f91","[PREMIUM]","New",2026,"Jeep","Wrangler","Willys","[PREMIUM]","[PREMIUM]",10,"SUV","Tuscadero Pearlcoat","Black w/Cloth Low-Back Bucket Seats or Rewind Seat With Tag or C","Four-wheel Drive",,,"Gasoline",,,"dealership","[PREMIUM]","Kimball","MN","[PREMIUM]",30,"[]",,,"[PREMIUM]"
"ad85ef34-32c4-464c-87f7-5be246124f7e","2026-06-27 22:45:33.744","2026-07-27 01:46:28.915","ad85ef34-32c4-464c-87f7-5be246124f7e","[PREMIUM]","New",2026,"Toyota","Sienna","XSE 7 Passenger","[PREMIUM]","[PREMIUM]",10,"Passenger Van","Cement","Cool Gray/Black","Front-wheel Drive",,,"Gasoline",,,"dealership","[PREMIUM]","Holiday","FL","[PREMIUM]",1,"[]",,,"[PREMIUM]"
"dd2b7161-e6cf-4883-9ef7-93b0043ae0ac","2026-06-27 22:45:33.726","2026-07-27 01:46:27.883","dd2b7161-e6cf-4883-9ef7-93b0043ae0ac","[PREMIUM]","New",2027,"Chrysler","Pacifica","Limited","[PREMIUM]","[PREMIUM]",0,"Minivan","bright white clearcoat","black","All-wheel Drive",,,"Gasoline",,,"dealership","[PREMIUM]","Elko","NV","[PREMIUM]",1,"[]",,,"[PREMIUM]"
"3fbe0afa-19b7-4c0a-b652-eb2ffe5c2e1b","2026-06-27 22:45:33.710","2026-07-27 01:46:42.848","3fbe0afa-19b7-4c0a-b652-eb2ffe5c2e1b","[PREMIUM]","New",2026,"Dodge","Durango","GT Plus","[PREMIUM]","[PREMIUM]",12,"SUV","Triple Nickel","Black","All-wheel Drive",,,"Gasoline",,,"dealership","[PREMIUM]","Little Falls","NJ","[PREMIUM]",1,"[]",,,"[PREMIUM]"
"1b2a9309-14c9-45fa-b172-9a14b26b5ce0","2026-06-27 22:45:33.592","2026-06-30 22:46:27.277","1b2a9309-14c9-45fa-b172-9a14b26b5ce0","[PREMIUM]","Used",2025,"GMC","Sierra 1500","Elevation","[PREMIUM]","[PREMIUM]",8142,"Truck","Onyx Black","Jet Black","Four-wheel Drive",,,"Gasoline",,,"dealership","[PREMIUM]","Fort Myers","FL","[PREMIUM]",4,"[]",,,"[PREMIUM]"
"1c88e101-20a8-4881-b5dd-8bc31c47de4d","2026-06-27 22:45:33.575","2026-07-27 01:46:28.823","1c88e101-20a8-4881-b5dd-8bc31c47de4d","[PREMIUM]","New",2026,"Dodge","Durango","GT Plus","[PREMIUM]","[PREMIUM]",35,"SUV","DB Black Clearcoat","Black","All-wheel Drive",,,"Gasoline",,,"dealership","[PREMIUM]","Little Falls","NJ","[PREMIUM]",3,"[]",,,"[PREMIUM]"
"a437673e-bdd2-497c-84c3-868a624d291c","2026-06-27 22:45:33.557","2026-07-27 01:46:41.277","a437673e-bdd2-497c-84c3-868a624d291c","[PREMIUM]","New",2026,"Dodge","Durango","GT Plus","[PREMIUM]","[PREMIUM]",13,"SUV","Destroyer Gray Clearcoat","Black","All-wheel Drive",,,"Gasoline",,,"dealership","[PREMIUM]","Little Falls","NJ","[PREMIUM]",3,"[]",,,"[PREMIUM]"
"da22f452-37b6-4131-b9bc-e031af199030","2026-06-27 22:45:33.555","2026-07-27 01:46:43.221","da22f452-37b6-4131-b9bc-e031af199030","[PREMIUM]","New",2026,"Jeep","Grand Cherokee","Limited","[PREMIUM]","[PREMIUM]",0,"SUV","Baltic Gray Metallic Clear-Coat Exterior Paint","Black Interior Color","Four-wheel Drive",,,"Gasoline",,,"dealership","[PREMIUM]","Walled Lake","MI","[PREMIUM]",26,"[]",,,"[PREMIUM]"
"e8cb6fa9-c596-4b45-86e2-7e5777436f47","2026-06-27 22:45:33.553","2026-06-27 22:45:33.553","e8cb6fa9-c596-4b45-86e2-7e5777436f47","[PREMIUM]","New",2026,"RAM","1500","Big Horn/Lone Star","[PREMIUM]","[PREMIUM]",1,"Truck","Granite Crystal Metallic Clearcoat","Black","Rear-wheel Drive",,,"Gasoline",,,"dealership","[PREMIUM]","Lakeland","FL","[PREMIUM]",1,"[]",,,"[PREMIUM]"
"45041bc9-48a2-4c2a-bf2f-84566ec82dd1","2026-06-27 22:45:33.552","2026-07-27 01:46:42.558","45041bc9-48a2-4c2a-bf2f-84566ec82dd1","[PREMIUM]","New",2027,"Kia","Telluride","EX","[PREMIUM]","[PREMIUM]",5,"SUV","Black Jade Green","Black","All-wheel Drive",,,"Gasoline",,,"dealership","[PREMIUM]","Mission","KS","[PREMIUM]",27,"[]",,,"[PREMIUM]"
"2a6f7e47-e04b-4176-868b-b82f509a7354","2026-06-27 22:45:33.548","2026-07-27 01:46:28.935","2a6f7e47-e04b-4176-868b-b82f509a7354","[PREMIUM]","New",2026,"Jeep","Grand Cherokee L","Altitude","[PREMIUM]","[PREMIUM]",16,"SUV","Diamond Black Crystal Pearlcoat","Global Black","Four-wheel Drive",,,"Gasoline",,,"dealership","[PREMIUM]","Little Falls","NJ","[PREMIUM]",2,"[]",,,"[PREMIUM]"
"67e36bd4-b035-4b41-a35c-3c453f153169","2026-06-27 22:45:33.548","2026-07-27 01:46:42.612","67e36bd4-b035-4b41-a35c-3c453f153169","[PREMIUM]","New",2026,"Ford","Bronco","Outer Banks","[PREMIUM]","[PREMIUM]",5,"SUV","Avalanche Gray","Black Onyx","Four-wheel Drive",,,"Gasoline",,,"dealership","[PREMIUM]","Scottsdale","AZ","[PREMIUM]",12,"[]",,,"[PREMIUM]"
"9a595e94-6568-4370-90f9-0b0a70c0eea9","2026-06-27 22:45:33.544","2026-07-27 01:46:29.267","9a595e94-6568-4370-90f9-0b0a70c0eea9","[PREMIUM]","Used",2026,"GMC","Sierra 1500","Elevation","[PREMIUM]","[PREMIUM]",8589,"Truck","Sterling Metallic","Jet Black","Four-wheel Drive",,,"Gasoline",,,"dealership","[PREMIUM]","Collinsville","OK","[PREMIUM]",32,"[]",,,"[PREMIUM]"
"35c81ffe-94f3-4f06-8e53-46b677f30d3e","2026-06-27 22:45:33.541","2026-07-27 01:46:27.946","35c81ffe-94f3-4f06-8e53-46b677f30d3e","[PREMIUM]","Used",2026,"BMW","X3","30 xDrive","[PREMIUM]","[PREMIUM]",13560,"SUV","Dark Graphite","Black","All-wheel Drive",,,"Gasoline",,,"dealership","[PREMIUM]","Indianapolis","IN","[PREMIUM]",29,"[]",,,"[PREMIUM]"
"7539590f-dc32-45e7-a2c8-8152eedc36c4","2026-06-27 22:45:33.541","2026-07-27 01:46:43.224","7539590f-dc32-45e7-a2c8-8152eedc36c4","[PREMIUM]","New",2026,"Hyundai","Palisade Hybrid","Blue SEL Premium 7P","[PREMIUM]","[PREMIUM]",10,"SUV","Galaxy Maroon Pearl","Black","Front-wheel Drive",,,"Gasoline",,,"dealership","[PREMIUM]","St. Petersburg","FL","[PREMIUM]",32,"[]",,,"[PREMIUM]"
"8b624c95-e0df-4576-9ee8-99a07d29b883","2026-06-27 22:45:33.541","2026-07-27 01:46:41.556","8b624c95-e0df-4576-9ee8-99a07d29b883","[PREMIUM]","New",2026,"Jeep","Grand Cherokee","Limited","[PREMIUM]","[PREMIUM]",0,"SUV","Fathom Blue Pearl-Coat Exterior Paint","Black / Wicker Beige Interior Colors","Four-wheel Drive",,,"Gasoline",,,"dealership","[PREMIUM]","Walled Lake","MI","[PREMIUM]",26,"[]",,,"[PREMIUM]"
"f2e41567-6d59-40de-87ac-4a75059c4226","2026-06-27 22:45:33.540","2026-07-07 15:04:48.120","f2e41567-6d59-40de-87ac-4a75059c4226","[PREMIUM]","New",2026,"Jeep","Gladiator","Willys 4x4","[PREMIUM]","[PREMIUM]",10,"Truck","Hydro Blue Pearlcoat","Black w/Cloth Low-Back Bucket Seats or Premium McKinley Trimmed","Four-wheel Drive",,,"Gasoline",,,"dealership","[PREMIUM]","East Providence","RI","[PREMIUM]",16,"[]",,,"[PREMIUM]"
"13b52df4-16b8-4ef6-95f4-a4bec2b93634","2026-06-27 22:45:33.539","2026-07-20 21:29:16.907","13b52df4-16b8-4ef6-95f4-a4bec2b93634","[PREMIUM]","New",2026,"Lexus","RZ 350e","Premium","[PREMIUM]","[PREMIUM]",10,"SUV","Iridium","Dapple Gray","Front-wheel Drive",,,"Electric",,,"dealership","[PREMIUM]","Baton Rouge","LA","[PREMIUM]",1,"[]",,,"[PREMIUM]"
"35e7f3d1-e9f6-47ef-bdbf-09089b22ee21","2026-06-27 22:45:33.537","2026-07-27 01:46:41.452","35e7f3d1-e9f6-47ef-bdbf-09089b22ee21","[PREMIUM]","New",2026,"Jeep","Gladiator","Willys 4x4","[PREMIUM]","[PREMIUM]",10,"Truck","Anvil Clearcoat","Black w/Cloth Low-Back Bucket Seats or Premium McKinley Trimmed","Four-wheel Drive",,,"Gasoline",,,"dealership","[PREMIUM]","East Providence","RI","[PREMIUM]",17,"[]",,,"[PREMIUM]"
"49876653-75fe-4cd2-84dd-a58a4fb308f7","2026-06-27 22:45:33.535","2026-07-04 14:55:50.398","49876653-75fe-4cd2-84dd-a58a4fb308f7","[PREMIUM]","New",2026,"RAM","2500","Black Express Crew Cab 4x4 6&#39;4&#39; Box","[PREMIUM]","[PREMIUM]",0,"Truck","Ceramic Gray Clearcoat","Black","Four-wheel Drive",,,"Gasoline",,,"dealership","[PREMIUM]","Richardson","TX","[PREMIUM]",32,"[]",,,"[PREMIUM]"
"66c121b9-79c0-4c16-b3a1-02767fd37488","2026-06-27 22:45:33.532","2026-06-27 22:45:33.532","66c121b9-79c0-4c16-b3a1-02767fd37488","[PREMIUM]","New",2026,"Ford","Explorer","Tremor","[PREMIUM]","[PREMIUM]",5,"SUV","Agate Black Metallic","Onyx","Four-wheel Drive",,,"Gasoline",,,"dealership","[PREMIUM]","Ferndale","MI","[PREMIUM]",25,"[]",,,"[PREMIUM]"
"bc69f529-ef49-4531-8231-2e551b3f3743","2026-06-27 22:45:33.530","2026-07-23 23:16:54.776","bc69f529-ef49-4531-8231-2e551b3f3743","[PREMIUM]","New",2026,"Jeep","Wrangler","Sport","[PREMIUM]","[PREMIUM]",9,"SUV","Anvil Clearcoat","Black w/Cloth Low-Back Bucket Seats or Rewind Seat With Tag or C","Four-wheel Drive",,,"Gasoline",,,"dealership","[PREMIUM]","Scottsdale","AZ","[PREMIUM]",32,"[]",,,"[PREMIUM]"
"35d03a0f-2e9e-40e3-8439-3b7123f601f7","2026-06-27 22:45:33.528","2026-06-27 22:45:33.528","35d03a0f-2e9e-40e3-8439-3b7123f601f7","[PREMIUM]","New",2026,"Jeep","Wrangler","Sport S","[PREMIUM]","[PREMIUM]",2,"SUV","Anvil Clearcoat","Black w/Cloth Low-Back Bucket Seats or Rewind Seat With Tag or C","Four-wheel Drive",,,"Gasoline",,,"dealership","[PREMIUM]","Scottsdale","AZ","[PREMIUM]",1,"[]",,,"[PREMIUM]"
"49f3a040-9da2-4798-a458-53aaeffdfbe0","2026-06-27 22:45:33.527","2026-07-27 01:46:42.896","49f3a040-9da2-4798-a458-53aaeffdfbe0","[PREMIUM]","New",2026,"Kia","EV6","Wind AWD","[PREMIUM]","[PREMIUM]",5,"SUV","Glacial White Pearl","Saturn Black","All-wheel Drive",,,"Electric",,,"dealership","[PREMIUM]","Rochester","MN","[PREMIUM]",27,"[]",,,"[PREMIUM]"
"4c5029c8-0b03-499d-b5a3-e791303b1168","2026-06-27 22:45:33.522","2026-07-27 01:46:29.423","4c5029c8-0b03-499d-b5a3-e791303b1168","[PREMIUM]","New",2026,"Jeep","Wrangler","Sport S","[PREMIUM]","[PREMIUM]",9,"SUV","Tuscadero Pearlcoat","Black w/Cloth Low-Back Bucket Seats or Rewind Seat With Tag or C","Four-wheel Drive",,,"Gasoline",,,"dealership","[PREMIUM]","Scottsdale","AZ","[PREMIUM]",32,"[]",,,"[PREMIUM]"
"c9f6fa55-0c60-4260-8765-e97a0540eb4c","2026-06-27 22:45:33.522","2026-06-30 22:46:26.858","c9f6fa55-0c60-4260-8765-e97a0540eb4c","[PREMIUM]","Used",2025,"Chevrolet","Suburban","LT","[PREMIUM]","[PREMIUM]",60058,"SUV","Black","Black","Rear-wheel Drive",,,"Gasoline",,,"dealership","[PREMIUM]","Metairie","LA","[PREMIUM]",35,"[]",,,"[PREMIUM]"
"7dff9fa8-b5a3-4250-b50c-a71a02433e1e","2026-06-27 22:45:33.496","2026-07-27 01:46:29.557","7dff9fa8-b5a3-4250-b50c-a71a02433e1e","[PREMIUM]","New",2026,"Chevrolet","Traverse","AWD Z71","[PREMIUM]","[PREMIUM]",8,"SUV","Polar White Tricoat","Jet Black w/Torch Red Stitching","All-wheel Drive",,,"Gasoline",,,"dealership","[PREMIUM]","Austin","TX","[PREMIUM]",24,"[]",,,"[PREMIUM]"
"175f7c48-9cc8-4c89-bf64-192515a2db0d","2026-06-27 22:45:33.494","2026-07-11 06:35:15.969","175f7c48-9cc8-4c89-bf64-192515a2db0d","[PREMIUM]","New",2026,"Jeep","Grand Cherokee","Limited","[PREMIUM]","[PREMIUM]",14,"SUV","Bright White Clearcoat","Global Black w/Capri Leatherette Seats or 85th Edition Leatheret","Four-wheel Drive",,,"Gasoline",,,"dealership","[PREMIUM]","Scottsdale","AZ","[PREMIUM]",32,"[]",,,"[PREMIUM]"
"f28cfcec-dc6f-41b3-ae45-22bf676a7ce4","2026-06-27 22:45:33.477","2026-07-27 01:46:41.528","f28cfcec-dc6f-41b3-ae45-22bf676a7ce4","[PREMIUM]","New",2026,"RAM","ProMaster 3500","High Roof","[PREMIUM]","[PREMIUM]",16,"Cargo Van","Bright White Clearcoat","Black","Front-wheel Drive",,,"Gasoline",,,"dealership","[PREMIUM]","Orlando","FL","[PREMIUM]",26,"[]",,,"[PREMIUM]"
"5d0a0411-ed4f-48f4-8078-b31bab7d8ef5","2026-06-27 22:45:33.390","2026-07-27 01:46:41.457","5d0a0411-ed4f-48f4-8078-b31bab7d8ef5","[PREMIUM]","New",2026,"Ford","Bronco","Outer Banks","[PREMIUM]","[PREMIUM]",5,"SUV","Shadow Black","Black Onyx","Four-wheel Drive",,,"Gasoline",,,"dealership","[PREMIUM]","Scottsdale","AZ","[PREMIUM]",12,"[]",,,"[PREMIUM]"
"4c4ab483-d885-4650-94e1-71d5c31774bf","2026-06-27 22:45:33.376","2026-07-27 01:46:42.918","4c4ab483-d885-4650-94e1-71d5c31774bf","[PREMIUM]","Used",2026,"BMW","530","xDrive","[PREMIUM]","[PREMIUM]",12901,"Sedan","Oxide Grey Metallic","Black","All-wheel Drive",,,"Gasoline",,,"dealership","[PREMIUM]","Indianapolis","IN","[PREMIUM]",33,"[]",,,"[PREMIUM]"
"103270ae-7087-45bd-9d07-7a745526793e","2026-06-27 22:45:33.371","2026-07-27 01:46:28.948","103270ae-7087-45bd-9d07-7a745526793e","[PREMIUM]","New",2026,"Dodge","Durango","GT AWD HEMI V8","[PREMIUM]","[PREMIUM]",8,"SUV","Triple Nickel","Black","All-wheel Drive",,,"Gasoline",,,"dealership","[PREMIUM]","Scottsdale","AZ","[PREMIUM]",25,"[]",,,"[PREMIUM]"
"ad1872fe-f7cd-46eb-a207-c402fb1d15d0","2026-06-27 22:45:33.366","2026-06-30 22:46:26.728","ad1872fe-f7cd-46eb-a207-c402fb1d15d0","[PREMIUM]","New",2026,"Ford","F-150","STX","[PREMIUM]","[PREMIUM]",0,"Truck","Agate Black Metallic","Black","Four-wheel Drive",,,"Gasoline",,,"dealership","[PREMIUM]","Richmond","VA","[PREMIUM]",24,"[]",,,"[PREMIUM]"
"fbe10c16-6592-4b5f-8f20-0b83ee847894","2026-06-27 22:45:33.358","2026-07-27 01:46:41.538","fbe10c16-6592-4b5f-8f20-0b83ee847894","[PREMIUM]","New",2026,"BMW","X1","xDrive28i","[PREMIUM]","[PREMIUM]",2,"SUV","Storm Bay Metallic","Smoke White","All-wheel Drive",,,"Gasoline",,,"dealership","[PREMIUM]","Boston","MA","[PREMIUM]",21,"[]",,,"[PREMIUM]"
"37aab798-8d65-4dce-986a-da3f12360def","2026-06-27 22:45:33.347","2026-07-27 01:46:41.451","37aab798-8d65-4dce-986a-da3f12360def","[PREMIUM]","Used",2026,"BMW","X3","30 xDrive","[PREMIUM]","[PREMIUM]",15068,"SUV","Black Sapphire Metallic","Black","All-wheel Drive",,,"Gasoline",,,"dealership","[PREMIUM]","Indianapolis","IN","[PREMIUM]",33,"[]",,,"[PREMIUM]"
"f9bc119d-c2fb-41ff-8461-7f5212a03490","2026-06-27 22:45:33.343","2026-06-27 22:45:33.343","f9bc119d-c2fb-41ff-8461-7f5212a03490","[PREMIUM]","Used",2026,"Toyota","Grand Highlander","XLE","[PREMIUM]","[PREMIUM]",8376,"SUV","Black","TAN","Four-wheel Drive",,,"Hybrid",,,"dealership","[PREMIUM]","Bristol","TN","[PREMIUM]",28,"[]",,,"[PREMIUM]"
"6bcf4f14-67f9-46f2-a2db-dd0f0ea76e4f","2026-06-27 22:45:33.337","2026-07-27 01:46:27.860","6bcf4f14-67f9-46f2-a2db-dd0f0ea76e4f","[PREMIUM]","Used",2025,"BMW","X4","xDrive30i","[PREMIUM]","[PREMIUM]",17701,"SUV","Red Metallic","Black","All-wheel Drive",,,"Gasoline",,,"dealership","[PREMIUM]","Indianapolis","IN","[PREMIUM]",3,"[]",,,"[PREMIUM]"
"0b4960b7-56ba-4d95-9b5d-c6f6ede90b59","2026-06-27 22:45:33.332","2026-07-27 01:46:29.381","0b4960b7-56ba-4d95-9b5d-c6f6ede90b59","[PREMIUM]","Used",2026,"BMW","X3","30 xDrive","[PREMIUM]","[PREMIUM]",14608,"SUV","Black Sapphire Metallic","Black","All-wheel Drive",,,"Gasoline",,,"dealership","[PREMIUM]","Indianapolis","IN","[PREMIUM]",31,"[]",,,"[PREMIUM]"
"3682af8c-ab75-4942-875c-562fcc0b5b58","2026-06-27 22:45:33.292","2026-07-27 01:46:42.880","3682af8c-ab75-4942-875c-562fcc0b5b58","[PREMIUM]","Used",2025,"BMW","X4","xDrive30i","[PREMIUM]","[PREMIUM]",9654,"SUV","Blue Metallic","Black","All-wheel Drive",,,"Gasoline",,,"dealership","[PREMIUM]","Indianapolis","IN","[PREMIUM]",34,"[]",,,"[PREMIUM]"
"ef57bcf2-b2b7-492f-a719-79ec2d77e3cd","2026-06-27 22:43:38.018","2026-07-17 21:21:44.785","ef57bcf2-b2b7-492f-a719-79ec2d77e3cd","[PREMIUM]","New",2026,"Jeep","Grand Cherokee","Limited","[PREMIUM]","[PREMIUM]",10,"SUV","Baltic Gray Metallic Clearcoat","Global Black w/Capri Leatherette Seats or 85th Edition Leatheret","Four-wheel Drive",,,"Gasoline",,,"dealership","[PREMIUM]","East Providence","RI","[PREMIUM]",19,"[]",,,"[PREMIUM]"
"b52eb15a-7daa-4211-9503-1e72198e7bda","2026-06-27 22:43:38.008","2026-07-23 23:16:39.416","b52eb15a-7daa-4211-9503-1e72198e7bda","[PREMIUM]","New",2026,"Dodge","Durango","GT Plus","[PREMIUM]","[PREMIUM]",10,"SUV","Red Oxide","Black","All-wheel Drive",,,"Gasoline",,,"dealership","[PREMIUM]","East Providence","RI","[PREMIUM]",27,"[]",,,"[PREMIUM]"
"ed385f6f-18bc-4574-8e75-a69a72e0d8d5","2026-06-27 22:43:37.997","2026-06-30 22:44:40.791","ed385f6f-18bc-4574-8e75-a69a72e0d8d5","[PREMIUM]","New",2026,"Jeep","Grand Cherokee L","Limited","[PREMIUM]","[PREMIUM]",17,"SUV","Bright White Clearcoat","Global Black w/Capri Leatherette Seats or 85th Edition Leatheret","Four-wheel Drive",,,"Gasoline",,,"dealership","[PREMIUM]","East Providence","RI","[PREMIUM]",17,"[]",,,"[PREMIUM]"
"41fed070-c8e7-43d1-b9c1-660428970e6e","2026-06-27 22:43:37.886","2026-07-27 01:46:28.029","41fed070-c8e7-43d1-b9c1-660428970e6e","[PREMIUM]","Used",2022,"BMW","840 Gran Coupe","i xDrive","[PREMIUM]","[PREMIUM]",31935,"Sedan","Carbon Black Metallic","Fiona Red/Black","All-wheel Drive",,,"Gasoline",,,"dealership","[PREMIUM]","Indianapolis","IN","[PREMIUM]",32,"[]",,,"[PREMIUM]"
"c137cc5c-c156-4dac-951e-61f212804c39","2026-06-27 22:43:37.877","2026-07-27 01:46:28.042","c137cc5c-c156-4dac-951e-61f212804c39","[PREMIUM]","New",2026,"Dodge","Durango","GT AWD","[PREMIUM]","[PREMIUM]",2,"SUV","Vapor Gray","Black","All-wheel Drive",,,"Gasoline",,,"dealership","[PREMIUM]","La Mesa","CA","[PREMIUM]",26,"[]",,,"[PREMIUM]"
"a92ce65f-0389-437e-a788-6371379200b7","2026-06-27 22:43:37.847","2026-06-27 22:43:37.847","a92ce65f-0389-437e-a788-6371379200b7","[PREMIUM]","New",2026,"Toyota","RAV4","Limited","[PREMIUM]","[PREMIUM]",0,"SUV","Wind Chill Pearl","Light Gray SofTex","All-wheel Drive",,,"Gasoline",,,"dealership","[PREMIUM]","Clinton","TN","[PREMIUM]",2,"[]",,,"[PREMIUM]"
"77ce554a-0901-4eef-85f1-0e0782b94df6","2026-06-27 22:43:37.838","2026-07-27 01:46:28.074","77ce554a-0901-4eef-85f1-0e0782b94df6","[PREMIUM]","New",2026,"Jeep","Grand Cherokee","85th Anniversay Edition 4x4","[PREMIUM]","[PREMIUM]",10,"SUV","Silver Zynith","Global Black w/Capri Leatherette Seats or 85th Edition Leatheret","Four-wheel Drive",,,"Gasoline",,,"dealership","[PREMIUM]","East Providence","RI","[PREMIUM]",19,"[]",,,"[PREMIUM]"
"b91d05e2-b54c-4435-a6d4-a9180a9c8f89","2026-06-27 22:43:37.836","2026-06-27 22:43:37.836","b91d05e2-b54c-4435-a6d4-a9180a9c8f89","[PREMIUM]","New",2026,"Dodge","Durango","GT Plus","[PREMIUM]","[PREMIUM]",11,"SUV","White Knuckle Clearcoat","Black","All-wheel Drive",,,"Gasoline",,,"dealership","[PREMIUM]","Orlando","FL","[PREMIUM]",26,"[]",,,"[PREMIUM]"
"3b9c4d5b-f66b-49b4-8b72-1adb9a53c97d","2026-06-27 22:43:37.831","2026-07-27 01:46:28.154","3b9c4d5b-f66b-49b4-8b72-1adb9a53c97d","[PREMIUM]","New",2026,"Jeep","Grand Cherokee","Limited","[PREMIUM]","[PREMIUM]",14,"SUV","Fathom Blue Pearlcoat","Global Black w/Capri Leatherette Seats or Capri Leatherette","Rear-wheel Drive",,,"Gasoline",,,"dealership","[PREMIUM]","Orlando","FL","[PREMIUM]",19,"[]",,,"[PREMIUM]"
"a6e9c074-aa57-44d6-90ab-29018e64d2a9","2026-06-27 22:43:37.831","2026-07-27 01:46:28.919","a6e9c074-aa57-44d6-90ab-29018e64d2a9","[PREMIUM]","New",2026,"RAM","1500","Express","[PREMIUM]","[PREMIUM]",0,"Truck","Granite Crystal Metallic Clearcoat","Black","Four-wheel Drive",,,"Gasoline",,,"dealership","[PREMIUM]","Richardson","TX","[PREMIUM]",32,"[]",,,"[PREMIUM]"
"b6f2e1bc-2f46-42e7-81e8-3bee10820525","2026-06-27 22:43:37.829","2026-06-27 22:43:37.829","b6f2e1bc-2f46-42e7-81e8-3bee10820525","[PREMIUM]","New",2026,"Toyota","Grand Highlander","XLE","[PREMIUM]","[PREMIUM]",0,"SUV","Celestial Silver Metallic","Black","Front-wheel Drive",,,"Gasoline",,,"dealership","[PREMIUM]","Avondale","AZ","[PREMIUM]",1,"[]",,,"[PREMIUM]"
"a991c166-6761-4fdd-84d1-ebbf2ad1dd4a","2026-06-27 22:43:37.824","2026-07-27 01:46:29.161","a991c166-6761-4fdd-84d1-ebbf2ad1dd4a","[PREMIUM]","New",2026,"Jeep","Grand Cherokee","Limited","[PREMIUM]","[PREMIUM]",14,"SUV","Diamond Black Crystal Pearlcoat","Global Black w/Capri Leatherette Seats or Capri Leatherette","Rear-wheel Drive",,,"Gasoline",,,"dealership","[PREMIUM]","Orlando","FL","[PREMIUM]",19,"[]",,,"[PREMIUM]"
"d140ecf8-1bd1-4a45-a5bd-88226cc191ce","2026-06-27 22:43:37.823","2026-07-27 01:46:29.314","d140ecf8-1bd1-4a45-a5bd-88226cc191ce","[PREMIUM]","New",2026,"Jeep","Grand Cherokee","Limited","[PREMIUM]","[PREMIUM]",14,"SUV","Copper Shino Metallic Clearcoat","Global Black w/Capri Leatherette Seats or 85th Edition Leatheret","Four-wheel Drive",,,"Gasoline",,,"dealership","[PREMIUM]","Orlando","FL","[PREMIUM]",26,"[]",,,"[PREMIUM]"
"44527c7d-8e9b-4a30-a8cd-988ce15e18f2","2026-06-27 22:43:37.814","2026-07-27 01:46:15.607","44527c7d-8e9b-4a30-a8cd-988ce15e18f2","[PREMIUM]","Used",2023,"Ford","F-150","XLT","[PREMIUM]","[PREMIUM]",38369,"Truck","Silver Metallic","Black","Four-wheel Drive",,,"Gasoline",,,"dealership","[PREMIUM]","Abilene","TX","[PREMIUM]",10,"[]",,,"[PREMIUM]"
"b2bbfe62-7ff6-4910-88de-7c03553c0a04","2026-06-27 22:43:37.814","2026-06-27 22:43:37.814","b2bbfe62-7ff6-4910-88de-7c03553c0a04","[PREMIUM]","Used",2022,"Dodge","Charger","Scat Pack","[PREMIUM]","[PREMIUM]",20495,"Sedan","Blue","BLACK","Rear-wheel Drive",,,"Gasoline",,,"dealership","[PREMIUM]","Charleston","SC","[PREMIUM]",25,"[]",,,"[PREMIUM]"
"53c6cd96-3c19-4dd3-a213-aa194312fed8","2026-06-27 22:43:37.811","2026-07-27 01:46:28.023","53c6cd96-3c19-4dd3-a213-aa194312fed8","[PREMIUM]","New",2026,"Dodge","Durango","GT AWD","[PREMIUM]","[PREMIUM]",2,"SUV","Triple Nickel","Black","All-wheel Drive",,,"Gasoline",,,"dealership","[PREMIUM]","La Mesa","CA","[PREMIUM]",26,"[]",,,"[PREMIUM]"
"02643dcb-645c-4633-b8a4-9742f9036103","2026-06-27 22:43:37.806","2026-07-07 15:04:34.371","02643dcb-645c-4633-b8a4-9742f9036103","[PREMIUM]","New",2026,"Toyota","Tundra","SR","[PREMIUM]","[PREMIUM]",0,"Truck","Ice Cap","Black","Rear-wheel Drive",,,"Gasoline",,,"dealership","[PREMIUM]","Kansas City","MO","[PREMIUM]",8,"[]",,,"[PREMIUM]"
"775a2e2f-a9fb-4818-9c13-bb2915ff9744","2026-06-27 22:43:37.805","2026-07-27 01:46:15.558","775a2e2f-a9fb-4818-9c13-bb2915ff9744","[PREMIUM]","Used",2019,"RAM","2500","Laramie Mega Cab 4x4 6&#39;4&#39; Box","[PREMIUM]","[PREMIUM]",107517,"Truck","Pearl White","Black","Four-wheel Drive",,,"Diesel",,,"dealership","[PREMIUM]","Fort Myers","FL","[PREMIUM]",3,"[]",,,"[PREMIUM]"
"11fdb422-125a-488d-bc71-3b7a0e10021b","2026-06-27 22:43:37.804","2026-07-27 01:46:29.055","11fdb422-125a-488d-bc71-3b7a0e10021b","[PREMIUM]","Used",2026,"RAM","2500","Big Horn Crew Cab 4x4 6&#39;4&#39; Box","[PREMIUM]","[PREMIUM]",9087,"Truck","Flame Red Clearcoat","Black","Four-wheel Drive",,,"Gasoline",,,"dealership","[PREMIUM]","Oklahoma City","OK","[PREMIUM]",32,"[]",,,"[PREMIUM]"
"9d33fcc3-1569-4654-b9ef-b8332a4e7c95","2026-06-27 22:43:37.804","2026-07-04 14:55:35.405","9d33fcc3-1569-4654-b9ef-b8332a4e7c95","[PREMIUM]","New",2026,"RAM","1500","Tradesman","[PREMIUM]","[PREMIUM]",0,"Truck","Bright White Clearcoat","Diesel Gray/Black","Four-wheel Drive",,,"Gasoline",,,"dealership","[PREMIUM]","Scottsdale","AZ","[PREMIUM]",32,"[]",,,"[PREMIUM]"
"fce01aa4-66dd-4d95-9d55-070393a4c005","2026-06-27 22:43:37.804","2026-07-27 01:46:15.884","fce01aa4-66dd-4d95-9d55-070393a4c005","[PREMIUM]","Used",2024,"Jeep","Grand Cherokee","Summit","[PREMIUM]","[PREMIUM]",23776,"SUV","Rocky Mountain Pearlcoat","Global Black","Four-wheel Drive",,,"Gasoline",,,"dealership","[PREMIUM]","Indianapolis","IN","[PREMIUM]",31,"[]",,,"[PREMIUM]"
"4bb69dba-6de7-4677-b0b8-06ae15c43acc","2026-06-27 22:43:37.803","2026-07-27 01:46:27.919","4bb69dba-6de7-4677-b0b8-06ae15c43acc","[PREMIUM]","New",2026,"GMC","Canyon","Elevation","[PREMIUM]","[PREMIUM]",0,"Truck","Summit White","Black","Four-wheel Drive",,,"Gasoline",,,"dealership","[PREMIUM]","Asheville","NC","[PREMIUM]",24,"[]",,,"[PREMIUM]"
"2409489c-aeb6-469d-9a75-91b6cfae4ad6","2026-06-27 22:43:37.800","2026-07-27 01:46:27.975","2409489c-aeb6-469d-9a75-91b6cfae4ad6","[PREMIUM]","New",2026,"Toyota","Tacoma","SR5","[PREMIUM]","[PREMIUM]",0,"Truck","Underground","Black","Four-wheel Drive",,,"Gasoline",,,"dealership","[PREMIUM]","Hiawatha","IA","[PREMIUM]",25,"[]",,,"[PREMIUM]"
"2b9e1e21-ac2e-4f04-b060-77c636af0349","2026-06-27 22:43:37.799","2026-07-27 01:46:28.098","2b9e1e21-ac2e-4f04-b060-77c636af0349","[PREMIUM]","New",2026,"Dodge","Durango","GT Plus","[PREMIUM]","[PREMIUM]",10,"SUV","White Knuckle Clearcoat","Black","All-wheel Drive",,,"Gasoline",,,"dealership","[PREMIUM]","East Providence","RI","[PREMIUM]",26,"[]",,,"[PREMIUM]"
"ec5b6c88-bcb6-464e-b379-24a75a36a118","2026-06-27 22:43:37.799","2026-07-27 01:46:28.021","ec5b6c88-bcb6-464e-b379-24a75a36a118","[PREMIUM]","Used",2024,"GMC","Sierra 1500","SLT","[PREMIUM]","[PREMIUM]",31675,"Truck","Summit White","Jet Black","Four-wheel Drive",,,"Gasoline",,,"dealership","[PREMIUM]","Jacksonville","NC","[PREMIUM]",41,"[]",,,"[PREMIUM]"
"87875a18-ca54-49a0-ab10-2187c19020be","2026-06-27 22:43:37.784","2026-06-27 22:43:37.784","87875a18-ca54-49a0-ab10-2187c19020be","[PREMIUM]","New",2026,"Jeep","Grand Cherokee","Limited","[PREMIUM]","[PREMIUM]",0,"SUV","Diamond Black Crystal Pearlcoat","Global Black w/Capri Leatherette Seats or 85th Edition Leatheret","Four-wheel Drive",,,"Gasoline",,,"dealership","[PREMIUM]","Dearborn","MI","[PREMIUM]",1,"[]",,,"[PREMIUM]"
"c6244fc6-e6dc-4dda-a343-7c646b916833","2026-06-27 22:43:37.783","2026-07-27 01:46:15.561","c6244fc6-e6dc-4dda-a343-7c646b916833","[PREMIUM]","New",2026,"Jeep","Grand Cherokee L","Laredo","[PREMIUM]","[PREMIUM]",13,"SUV","Bright White Clearcoat","Global Black","Four-wheel Drive",,,"Gasoline",,,"dealership","[PREMIUM]","Little Falls","NJ","[PREMIUM]",3,"[]",,,"[PREMIUM]"
"e7725df6-b1ab-44be-ac75-6802ac88ef9f","2026-06-27 22:43:37.776","2026-07-27 01:46:15.854","e7725df6-b1ab-44be-ac75-6802ac88ef9f","[PREMIUM]","New",2026,"Dodge","Durango","GT AWD","[PREMIUM]","[PREMIUM]",2,"SUV","DB Black Clearcoat","Black","All-wheel Drive",,,"Gasoline",,,"dealership","[PREMIUM]","La Mesa","CA","[PREMIUM]",26,"[]",,,"[PREMIUM]"
"1f2cb297-b7fe-4c29-a534-29ec82a538af","2026-06-27 22:43:37.697","2026-07-27 01:46:29.410","1f2cb297-b7fe-4c29-a534-29ec82a538af","[PREMIUM]","New",2026,"Jeep","Grand Cherokee L","Altitude","[PREMIUM]","[PREMIUM]",15,"SUV","Diamond Black Crystal Pearlcoat","Global Black","Rear-wheel Drive",,,"Gasoline",,,"dealership","[PREMIUM]","Scottsdale","AZ","[PREMIUM]",31,"[]",,,"[PREMIUM]"
"21f4cc10-61cd-47bf-8a93-ca7e892cdc06","2026-06-27 22:43:37.696","2026-07-27 01:46:03.503","21f4cc10-61cd-47bf-8a93-ca7e892cdc06","[PREMIUM]","Used",2024,"Chevrolet","Suburban","LT","[PREMIUM]","[PREMIUM]",75329,"SUV","Black","Jet Black","Rear-wheel Drive",,,"Gasoline",,,"dealership","[PREMIUM]","Arlington","TX","[PREMIUM]",35,"[]",,,"[PREMIUM]"
"7e5c0df7-7192-44c6-b46a-97927bd95779","2026-06-27 22:43:37.694","2026-07-27 01:46:28.003","7e5c0df7-7192-44c6-b46a-97927bd95779","[PREMIUM]","New",2026,"BMW","X1","xDrive28i","[PREMIUM]","[PREMIUM]",2,"SUV","Mineral White Metallic","Black","All-wheel Drive",,,"Gasoline",,,"dealership","[PREMIUM]","Boston","MA","[PREMIUM]",21,"[]",,,"[PREMIUM]"
"cba6724b-6bdb-46cc-9908-7b9dd7667884","2026-06-27 22:43:37.694","2026-07-27 01:46:28.020","cba6724b-6bdb-46cc-9908-7b9dd7667884","[PREMIUM]","New",2026,"Hyundai","SANTA FE HEV","Calligraphy AWD","[PREMIUM]","[PREMIUM]",8,"SUV","Ecotronic Gray","Pecan Brown","All-wheel Drive",,,"Hybrid",,,"dealership","[PREMIUM]","Troy","MI","[PREMIUM]",17,"[]",,,"[PREMIUM]"
"e6c88300-85b3-4257-90fa-b39ae6190f5f","2026-06-27 22:43:37.692","2026-07-27 01:46:15.584","e6c88300-85b3-4257-90fa-b39ae6190f5f","[PREMIUM]","New",2026,"Ford","Explorer","Active","[PREMIUM]","[PREMIUM]",45,"SUV","Star White Metallic Tri-Coat","Space Gray","Four-wheel Drive",,,"Gasoline",,,"dealership","[PREMIUM]","Elkhorn","WI","[PREMIUM]",1,"[]",,,"[PREMIUM]"
"3e740be2-8335-414c-90dc-ca5fe23397f8","2026-06-27 22:43:37.689","2026-07-04 14:55:35.679","3e740be2-8335-414c-90dc-ca5fe23397f8","[PREMIUM]","New",2026,"Jeep","Wrangler","Willys","[PREMIUM]","[PREMIUM]",0,"SUV","Anvil Clearcoat","Black w/Cloth Low-Back Bucket Seats or Rewind Seat With Tag or C","Four-wheel Drive",,,"Gasoline",,,"dealership","[PREMIUM]","Auburn","ME","[PREMIUM]",16,"[]",,,"[PREMIUM]"
"704c8401-9cc7-4eca-a0cb-3b9133134b14","2026-06-27 22:43:37.680","2026-06-30 22:44:40.893","704c8401-9cc7-4eca-a0cb-3b9133134b14","[PREMIUM]","Used",2025,"Honda","Civic","Type R","[PREMIUM]","[PREMIUM]",1896,"Hatchback","Blue","RED","Rear-wheel Drive",,,"Gasoline",,,"dealership","[PREMIUM]","Charlotte","NC","[PREMIUM]",25,"[]",,,"[PREMIUM]"
"973eb0bf-d330-4e04-bcb6-4ea73cb6b240","2026-06-27 22:43:37.673","2026-07-27 01:46:15.948","973eb0bf-d330-4e04-bcb6-4ea73cb6b240","[PREMIUM]","Used",2025,"RAM","2500","Big Horn Crew Cab 4x4 6&#39;4&#39; Box","[PREMIUM]","[PREMIUM]",21663,"Truck","Forged Blue Metallic","Black","Four-wheel Drive",,,"Gasoline",,,"dealership","[PREMIUM]","Oklahoma City","OK","[PREMIUM]",32,"[]",,,"[PREMIUM]"
"59029e81-9902-4979-b0f4-ec9089f96351","2026-06-27 22:43:37.660","2026-07-27 01:46:15.822","59029e81-9902-4979-b0f4-ec9089f96351","[PREMIUM]","New",2026,"Dodge","Durango","GT AWD","[PREMIUM]","[PREMIUM]",2,"SUV","Destroyer Gray Clearcoat","Black","All-wheel Drive",,,"Gasoline",,,"dealership","[PREMIUM]","La Mesa","CA","[PREMIUM]",26,"[]",,,"[PREMIUM]"
"d0371669-20cf-47e5-a8e9-88ac5cb62c89","2026-06-27 22:43:37.652","2026-07-27 01:46:27.970","d0371669-20cf-47e5-a8e9-88ac5cb62c89","[PREMIUM]","Used",2023,"BMW","M440","i xDrive","[PREMIUM]","[PREMIUM]",39425,"Hatchback","Blue Metallic","Canberra Beige","All-wheel Drive",,,"Gasoline",,,"dealership","[PREMIUM]","Indianapolis","IN","[PREMIUM]",33,"[]",,,"[PREMIUM]"
"4af93347-bcf0-4b52-bd83-062a2a98c501","2026-06-27 22:43:37.640","2026-07-27 01:46:27.965","4af93347-bcf0-4b52-bd83-062a2a98c501","[PREMIUM]","Used",2024,"Ford","Expedition Max","Limited","[PREMIUM]","[PREMIUM]",56615,"SUV","White","Brown","Four-wheel Drive",,,"Gasoline",,,"dealership","[PREMIUM]","Crystal Lake","IL","[PREMIUM]",24,"[]",,,"[PREMIUM]"
"cacfbca1-3e9b-49f2-82d3-0672007d0617","2026-06-27 22:43:26.501","2026-07-27 01:46:15.809","cacfbca1-3e9b-49f2-82d3-0672007d0617","[PREMIUM]","Used",2007,"Aston Martin","V8 Vantage","Base","[PREMIUM]","[PREMIUM]",57537,"Convertible","Black","Black","Rear-wheel Drive",,,"Gasoline",,,"private","[PREMIUM]",,,"[PREMIUM]",19,"[]",,,"[PREMIUM]"
"d5010f87-fe13-4b64-8a0a-56ff4b121e67","2026-06-27 22:43:26.341","2026-07-11 06:35:02.947","d5010f87-fe13-4b64-8a0a-56ff4b121e67","[PREMIUM]","Used",2021,"Chevrolet","Tahoe","LT","[PREMIUM]","[PREMIUM]",64870,"SUV","Graywood Metallic","Jet Black","Four-wheel Drive",,,"Gasoline",,,"dealership","[PREMIUM]","Paris","KY","[PREMIUM]",11,"[]",,,"[PREMIUM]"
"03d570c6-21ce-4f89-b4cf-0ad4fa07b9cf","2026-06-27 22:43:26.290","2026-07-27 01:46:28.055","03d570c6-21ce-4f89-b4cf-0ad4fa07b9cf","[PREMIUM]","New",2026,"Ford","F-150","STX","[PREMIUM]","[PREMIUM]",5,"Truck","Oxford White","Black","Rear-wheel Drive",,,"Gasoline",,,"dealership","[PREMIUM]","Scottsdale","AZ","[PREMIUM]",12,"[]",,,"[PREMIUM]"
"8a8e4eb0-1b4a-418a-b8f4-cb118060a8d9","2026-06-27 22:43:26.268","2026-06-30 22:43:37.894","8a8e4eb0-1b4a-418a-b8f4-cb118060a8d9","[PREMIUM]","New",2026,"Hyundai","Palisade Hybrid","Blue SEL 7P","[PREMIUM]","[PREMIUM]",3,"SUV","Creamy White Pearl","Gray","Front-wheel Drive",,,"Gasoline",,,"dealership","[PREMIUM]","Friendswood","TX","[PREMIUM]",19,"[]",,,"[PREMIUM]"
"7185a17a-afbf-4f42-8b4e-6df0073f650d","2026-06-27 22:43:26.264","2026-06-30 22:43:37.901","7185a17a-afbf-4f42-8b4e-6df0073f650d","[PREMIUM]","Used",2021,"GMC","Sierra 1500","AT4","[PREMIUM]","[PREMIUM]",63979,"Truck","Onyx Black","Jet Black w/Kalahari Accents","Four-wheel Drive",,,"Diesel",,,"dealership","[PREMIUM]","Midland","TX","[PREMIUM]",17,"[]",,,"[PREMIUM]"
"6e3ed215-ad5e-4fd5-b4ca-1c0092054f88","2026-06-27 22:43:26.258","2026-07-27 01:46:28.020","6e3ed215-ad5e-4fd5-b4ca-1c0092054f88","[PREMIUM]","New",2026,"Ford","F-150","STX","[PREMIUM]","[PREMIUM]",5,"Truck","Oxford White","Black","Rear-wheel Drive",,,"Gasoline",,,"dealership","[PREMIUM]","Scottsdale","AZ","[PREMIUM]",12,"[]",,,"[PREMIUM]"
"61e34bb1-dab8-4088-897c-ee1a23fe4b8c","2026-06-27 22:43:26.235","2026-07-04 14:55:35.375","61e34bb1-dab8-4088-897c-ee1a23fe4b8c","[PREMIUM]","New",2026,"Volkswagen","Atlas","2.0T SEL","[PREMIUM]","[PREMIUM]",4,"SUV","opal white pearl","titan black","All-wheel Drive",,,"Gasoline",,,"dealership","[PREMIUM]","Orem","UT","[PREMIUM]",1,"[]",,,"[PREMIUM]"
"5f6e4bc5-82d9-4396-b34f-0c961433fdbb","2026-06-27 22:43:26.229","2026-06-27 22:43:26.229","5f6e4bc5-82d9-4396-b34f-0c961433fdbb","[PREMIUM]","Used",2020,"BMW","Z4","M40I","[PREMIUM]","[PREMIUM]",31745,"Convertible","Gray","BLACK","Rear-wheel Drive",,,"Gasoline",,,"dealership","[PREMIUM]","Renton","WA","[PREMIUM]",25,"[]",,,"[PREMIUM]"
"c7eb201e-69eb-43d2-bf7a-ac492e801d9b","2026-06-27 22:43:26.221","2026-06-27 22:43:26.221","c7eb201e-69eb-43d2-bf7a-ac492e801d9b","[PREMIUM]","New",2026,"Ford","F-150","XLT","[PREMIUM]","[PREMIUM]",10,"Truck","Agate Black Metallic","Black w/Medium Dark Slate","Rear-wheel Drive",,,"Gasoline",,,"dealership","[PREMIUM]","Scottsdale","AZ","[PREMIUM]",12,"[]",,,"[PREMIUM]"
"4779ce57-41f6-4032-aa92-f1ca05b7d02e","2026-06-27 22:43:26.219","2026-07-27 01:46:16.017","4779ce57-41f6-4032-aa92-f1ca05b7d02e","[PREMIUM]","New",2026,"Ford","Ranger","XLT","[PREMIUM]","[PREMIUM]",6,"Truck","Shadow Black","Ebony","Four-wheel Drive",,,"Gasoline",,,"dealership","[PREMIUM]","Arlington","TX","[PREMIUM]",18,"[]",,,"[PREMIUM]"
"23678cee-dbe7-43df-9707-4674ca6d7ef0","2026-06-27 22:43:26.210","2026-07-27 01:46:27.953","23678cee-dbe7-43df-9707-4674ca6d7ef0","[PREMIUM]","New",2026,"Ford","F-150","STX","[PREMIUM]","[PREMIUM]",5,"Truck","Agate Black Metallic","Black","Rear-wheel Drive",,,"Gasoline",,,"dealership","[PREMIUM]","Scottsdale","AZ","[PREMIUM]",12,"[]",,,"[PREMIUM]"
"216b3afb-ad80-4370-b79c-62075cd25379","2026-06-27 22:43:26.207","2026-07-27 01:46:03.498","216b3afb-ad80-4370-b79c-62075cd25379","[PREMIUM]","New",2026,"GMC","Acadia","Elevation AWD","[PREMIUM]","[PREMIUM]",4,"SUV","Summit White","After Dark","All-wheel Drive",,,"Gasoline",,,"dealership","[PREMIUM]","Manitowoc","WI","[PREMIUM]",24,"[]",,,"[PREMIUM]"
"a5283d5a-6ff0-4b54-8a87-a1aac991f64a","2026-06-27 22:43:26.207","2026-07-27 01:46:15.987","a5283d5a-6ff0-4b54-8a87-a1aac991f64a","[PREMIUM]","New",2026,"Ford","F-150","XLT","[PREMIUM]","[PREMIUM]",5,"Truck","Oxford White","Black w/Medium Dark Slate","Rear-wheel Drive",,,"Gasoline",,,"dealership","[PREMIUM]","Scottsdale","AZ","[PREMIUM]",12,"[]",,,"[PREMIUM]"
"163a41c8-1289-494d-b32f-1a66641ae6d4","2026-06-27 22:43:26.206","2026-07-27 01:46:16.232","163a41c8-1289-494d-b32f-1a66641ae6d4","[PREMIUM]","New",2027,"Kia","Telluride","X-Line EX","[PREMIUM]","[PREMIUM]",10,"SUV","Terrain Brown","Black","All-wheel Drive",,,"Gasoline",,,"dealership","[PREMIUM]","Tomball","TX","[PREMIUM]",27,"[]",,,"[PREMIUM]"
"7a33771b-8583-4c06-a07c-179ff37db5d2","2026-06-27 22:43:26.200","2026-07-23 23:16:39.213","7a33771b-8583-4c06-a07c-179ff37db5d2","[PREMIUM]","New",2026,"Ford","F-150","STX","[PREMIUM]","[PREMIUM]",5,"Truck","Agate Black Metallic","Black","Four-wheel Drive",,,"Gasoline",,,"dealership","[PREMIUM]","Scottsdale","AZ","[PREMIUM]",12,"[]",,,"[PREMIUM]"
"9885269c-48ed-410f-84d0-4ffe27aea2da","2026-06-27 22:43:26.188","2026-07-04 14:55:35.414","9885269c-48ed-410f-84d0-4ffe27aea2da","[PREMIUM]","Used",2007,"Honda","S2000","Base","[PREMIUM]","[PREMIUM]",27942,"Convertible","Berlina Black","Black","Rear-wheel Drive",,,"Gasoline",,,"dealership","[PREMIUM]","Salt Lake City","UT","[PREMIUM]",27,"[]",,,"[PREMIUM]"
"98e6d0b5-45bb-4860-9148-1f245a684d7a","2026-06-27 22:43:26.184","2026-07-27 01:46:27.947","98e6d0b5-45bb-4860-9148-1f245a684d7a","[PREMIUM]","New",2026,"Ford","Bronco","Big Bend","[PREMIUM]","[PREMIUM]",5,"SUV","Shadow Black","Dark Gray W/Black Onyx","Four-wheel Drive",,,"Gasoline",,,"dealership","[PREMIUM]","Scottsdale","AZ","[PREMIUM]",12,"[]",,,"[PREMIUM]"
"fc3b9f90-b653-4e72-bc80-47b230291694","2026-06-27 22:43:26.166","2026-06-27 22:43:26.166","fc3b9f90-b653-4e72-bc80-47b230291694","[PREMIUM]","New",2026,"Honda","Prologue","Touring","[PREMIUM]","[PREMIUM]",8,"SUV","Frostline White Pearl","Black","All-wheel Drive",,,"Electric",,,"dealership","[PREMIUM]","Costa Mesa","CA","[PREMIUM]",17,"[]",,,"[PREMIUM]"
"fc12a248-d3fc-4b71-ac5c-540895f51319","2026-06-27 22:43:26.160","2026-07-27 01:46:15.686","fc12a248-d3fc-4b71-ac5c-540895f51319","[PREMIUM]","Used",2026,"BMW","X1","xDrive28i","[PREMIUM]","[PREMIUM]",3986,"SUV","White Metallic","Castanea","All-wheel Drive",,,"Gasoline",,,"dealership","[PREMIUM]","Indianapolis","IN","[PREMIUM]",33,"[]",,,"[PREMIUM]"
"65619b8c-31d0-44c9-b813-38ebbf6738c2","2026-06-27 22:43:17.560","2026-07-23 23:16:23.822","65619b8c-31d0-44c9-b813-38ebbf6738c2","[PREMIUM]","Used",2023,"Tesla","Model Y","Long Range Dual Motor All-Wheel Drive","[PREMIUM]","[PREMIUM]",45372,"SUV","Pearl White Multi-Coat","Black","All-wheel Drive",,,"Electric",,,"dealership","[PREMIUM]","Kansas City","MO","[PREMIUM]",41,"[]",,,"[PREMIUM]"
"4eaedc7c-f8a0-4c6b-9ee8-e452bbd8b9ca","2026-06-27 22:43:17.001","2026-07-07 15:04:00.941","4eaedc7c-f8a0-4c6b-9ee8-e452bbd8b9ca","[PREMIUM]","New",2026,"Jeep","Grand Cherokee","Limited","[PREMIUM]","[PREMIUM]",10,"SUV","Silver Zynith","Wicker Beige/Global Black","Four-wheel Drive",,,"Gasoline",,,"dealership","[PREMIUM]","East Providence","RI","[PREMIUM]",19,"[]",,,"[PREMIUM]"
