"_primaryKey","_firstSeenAt","_lastSeenAt","listingId","vin","stockType","year","make","model","trim","price","msrp","mileage","bodyStyle","exteriorColor","interiorColor","drivetrain","transmission","engine","fuelType","mpg","stockNumber","sellerType","sellerName","sellerCity","sellerState","images","imagesCount","options","optionsCount","description","listingUrl"
"c4970bd5-fdef-484a-8696-1bfff106bffd","2026-03-05 23:59:56.928","2026-03-17 13:45:23.688","c4970bd5-fdef-484a-8696-1bfff106bffd","[PREMIUM]","Used",2012,"GMC","Acadia","Denali","[PREMIUM]","[PREMIUM]",122873,"SUV","Carbon Black Metallic","Gold","Front-wheel Drive",,,"Gasoline",,,"dealership","[PREMIUM]","Athens","GA","[PREMIUM]",,"[]",,,"[PREMIUM]"
"23237c04-adcd-417d-8400-57c4f230c36e","2026-03-05 23:59:56.901","2026-03-11 07:36:41.491","23237c04-adcd-417d-8400-57c4f230c36e","[PREMIUM]","Used",2011,"Audi","Q5","Premium Plus","[PREMIUM]","[PREMIUM]",142557,"SUV","Ibis White","Black","All-wheel Drive",,,"Gasoline",,,"dealership","[PREMIUM]","Franklin Park","IL","[PREMIUM]",,"[]",,,"[PREMIUM]"
"22bc8128-210d-4a1a-8e0b-0e3ca1138afe","2026-03-05 23:59:56.900","2026-03-11 07:36:41.738","22bc8128-210d-4a1a-8e0b-0e3ca1138afe","[PREMIUM]","Used",2011,"Mercedes-Benz","C-Class","Sport","[PREMIUM]","[PREMIUM]",126088,"Sedan","Palladium Silver Metallic","Almond/Mocha Leather","Rear-wheel Drive",,,"Gasoline",,,"dealership","[PREMIUM]","Orlando","FL","[PREMIUM]",,"[]",,,"[PREMIUM]"
"00aef346-24b4-4925-9144-d7059e6c6daf","2026-03-05 23:59:56.897","2026-03-05 23:59:56.897","00aef346-24b4-4925-9144-d7059e6c6daf","[PREMIUM]","Used",2011,"Dodge","Durango","Citadel","[PREMIUM]","[PREMIUM]",150010,"SUV","Natural Green Pearlcoat","Tan","All-wheel Drive",,,"Gasoline",,,"dealership","[PREMIUM]","Paterson","NJ","[PREMIUM]",,"[]",,,"[PREMIUM]"
"3a4b80a0-8480-48a1-8e36-7740272d9a36","2026-03-05 23:59:56.881","2026-03-05 23:59:56.881","3a4b80a0-8480-48a1-8e36-7740272d9a36","[PREMIUM]","Used",2011,"Honda","Civic","LX","[PREMIUM]","[PREMIUM]",122814,"Sedan","Alabaster Silver Metallic","Gray","Front-wheel Drive",,,"Gasoline",,,"dealership","[PREMIUM]","Overland Park","KS","[PREMIUM]",,"[]",,,"[PREMIUM]"
"51a234e6-34c0-46a1-ab3a-2c7c39401f26","2026-03-05 23:59:46.275","2026-03-05 23:59:46.275","51a234e6-34c0-46a1-ab3a-2c7c39401f26","[PREMIUM]","Used",2013,"Volkswagen","Tiguan","SE","[PREMIUM]","[PREMIUM]",151712,"SUV","Candy White","Tan","All-wheel Drive",,,"Gasoline",,,"dealership","[PREMIUM]","Glenwood","IA","[PREMIUM]",,"[]",,,"[PREMIUM]"
"0ffce2d7-c390-4fda-89f1-3f58111e4023","2026-03-05 23:59:46.246","2026-03-11 07:36:41.684","0ffce2d7-c390-4fda-89f1-3f58111e4023","[PREMIUM]","Used",2014,"Ford","C-Max Energi","SEL","[PREMIUM]","[PREMIUM]",104616,"Hatchback","Ingot Silver","Black","Front-wheel Drive",,,"Gasoline",,,"dealership","[PREMIUM]","Elkhart","IN","[PREMIUM]",,"[]",,,"[PREMIUM]"
"9f237eb1-d7db-4dd9-b874-9fe248f323c4","2026-03-05 23:59:46.242","2026-03-05 23:59:46.242","9f237eb1-d7db-4dd9-b874-9fe248f323c4","[PREMIUM]","Used",2014,"Honda","Accord","EX-L","[PREMIUM]","[PREMIUM]",124800,"Sedan","Gold","Beige","Front-wheel Drive",,,"Gasoline",,,"private","[PREMIUM]",,,"[PREMIUM]",,"[]",,,"[PREMIUM]"
"f73866a1-8205-4a0e-8d25-c3f35d795d96","2026-03-05 23:59:46.223","2026-03-11 07:36:41.484","f73866a1-8205-4a0e-8d25-c3f35d795d96","[PREMIUM]","Used",2014,"Mazda","CX-5","Sport","[PREMIUM]","[PREMIUM]",146388,"SUV","Grey","Black","All-wheel Drive",,,"Gasoline",,,"dealership","[PREMIUM]","Woodbridge Township","NJ","[PREMIUM]",,"[]",,,"[PREMIUM]"
"ebe46b97-e076-4b50-9119-90e2d470e74c","2026-03-05 23:59:46.201","2026-03-20 13:45:29.680","ebe46b97-e076-4b50-9119-90e2d470e74c","[PREMIUM]","Used",2014,"Jeep","Cherokee","Latitude","[PREMIUM]","[PREMIUM]",134441,"SUV","Brilliant Black Crystal Pearlcoat","Black","Four-wheel Drive",,,"Gasoline",,,"dealership","[PREMIUM]","Clayton","NJ","[PREMIUM]",,"[]",,,"[PREMIUM]"
"ce5675e2-d600-4e7c-b84c-0e28eebd5d0a","2026-03-05 23:59:46.186","2026-03-17 13:45:12.189","ce5675e2-d600-4e7c-b84c-0e28eebd5d0a","[PREMIUM]","Used",2014,"Chevrolet","Cruze","1LT","[PREMIUM]","[PREMIUM]",124109,"Sedan","Tungsten Metallic","Jet Black","Front-wheel Drive",,,"Gasoline",,,"dealership","[PREMIUM]","Burns Harbor","IN","[PREMIUM]",,"[]",,,"[PREMIUM]"
"f33a251c-d505-4fac-95bc-ad175051ee82","2026-03-05 23:59:46.174","2026-03-05 23:59:46.174","f33a251c-d505-4fac-95bc-ad175051ee82","[PREMIUM]","Used",2014,"Nissan","Altima","2.5 SV","[PREMIUM]","[PREMIUM]",112724,"Sedan","Super Black Clearcoat","Charcoal","Front-wheel Drive",,,"Gasoline",,,"dealership","[PREMIUM]","Columbus","OH","[PREMIUM]",,"[]",,,"[PREMIUM]"
"2f521151-d7bf-4ba3-bd46-d30e6db20268","2026-03-05 23:59:46.159","2026-03-05 23:59:46.159","2f521151-d7bf-4ba3-bd46-d30e6db20268","[PREMIUM]","Used",2014,"Scion","tC","Base","[PREMIUM]","[PREMIUM]",184754,"Coupe","Blue Streak Metallic","Dark Charcoal","Front-wheel Drive",,,"Gasoline",,,"dealership","[PREMIUM]","Statham","GA","[PREMIUM]",,"[]",,,"[PREMIUM]"
"d2bd4a31-cc1a-4ea7-9dcc-6b5de274b9c0","2026-03-05 23:59:46.141","2026-03-05 23:59:46.141","d2bd4a31-cc1a-4ea7-9dcc-6b5de274b9c0","[PREMIUM]","Used",2013,"Cadillac","SRX","Luxury Collection","[PREMIUM]","[PREMIUM]",149154,"SUV","Red","Gray","Front-wheel Drive",,,"E85 Flex Fuel",,,"private","[PREMIUM]",,,"[PREMIUM]",,"[]",,,"[PREMIUM]"
"b22e6f78-420d-49be-ab91-bcc5d6854963","2026-03-05 23:59:35.845","2026-03-05 23:59:35.845","b22e6f78-420d-49be-ab91-bcc5d6854963","[PREMIUM]","Used",2016,"Ford","Edge","SEL","[PREMIUM]","[PREMIUM]",150265,"SUV","Shadow Black","Black","All-wheel Drive",,,"Gasoline",,,"dealership","[PREMIUM]","Paterson","NJ","[PREMIUM]",,"[]",,,"[PREMIUM]"
"635e6c04-5dd3-4b52-92a8-63f3fe19dc2a","2026-03-05 23:59:35.708","2026-03-05 23:59:35.708","635e6c04-5dd3-4b52-92a8-63f3fe19dc2a","[PREMIUM]","Used",2015,"Nissan","Altima","2.5 SV","[PREMIUM]","[PREMIUM]",126160,"Sedan","Super Black","Black","Front-wheel Drive",,,"Gasoline",,,"dealership","[PREMIUM]","Greenville","SC","[PREMIUM]",,"[]",,,"[PREMIUM]"
"68b2a16c-d832-4426-8b24-fc8a7de61098","2026-03-05 23:59:35.692","2026-03-05 23:59:35.692","68b2a16c-d832-4426-8b24-fc8a7de61098","[PREMIUM]","Used",2016,"Volkswagen","Tiguan","S","[PREMIUM]","[PREMIUM]",136245,"SUV","Reflex Silver Metallic","Charcoal Black","Front-wheel Drive",,,"Gasoline",,,"dealership","[PREMIUM]","Indianapolis","IN","[PREMIUM]",,"[]",,,"[PREMIUM]"
"58bbeb7d-2e1e-4090-a158-b804e1b2752c","2026-03-05 23:59:35.671","2026-03-05 23:59:35.671","58bbeb7d-2e1e-4090-a158-b804e1b2752c","[PREMIUM]","Used",2015,"Kia","Soul EV","Base","[PREMIUM]","[PREMIUM]",117480,"Hatchback","Clear White","Gray 2-Tone","Front-wheel Drive",,,"Electric",,,"dealership","[PREMIUM]","Santa Cruz","CA","[PREMIUM]",,"[]",,,"[PREMIUM]"
"71a32c19-c0f3-44b5-bbff-fbfae4681279","2026-03-05 23:59:35.662","2026-03-11 07:36:41.478","71a32c19-c0f3-44b5-bbff-fbfae4681279","[PREMIUM]","Used",2016,"Ford","Fusion","SE","[PREMIUM]","[PREMIUM]",123000,"Sedan","Brown","Black","Front-wheel Drive",,,"Gasoline",,,"private","[PREMIUM]",,,"[PREMIUM]",,"[]",,,"[PREMIUM]"
"767a26d4-37fa-423a-9b55-c394b9544627","2026-03-05 23:59:35.647","2026-03-11 07:36:41.485","767a26d4-37fa-423a-9b55-c394b9544627","[PREMIUM]","Used",2015,"Volkswagen","Jetta","Man S","[PREMIUM]","[PREMIUM]",156650,"Sedan","White","Black","Front-wheel Drive",,,"Gasoline",,,"private","[PREMIUM]",,,"[PREMIUM]",,"[]",,,"[PREMIUM]"
"db35c991-c981-4d51-8182-2ab8935a00d6","2026-03-05 23:59:35.628","2026-03-14 13:37:10.293","db35c991-c981-4d51-8182-2ab8935a00d6","[PREMIUM]","Used",2016,"Mazda","Mazda3","s Grand Touring","[PREMIUM]","[PREMIUM]",82047,"Sedan","Titanium Flash Mica","Black","Front-wheel Drive",,,"Gasoline",,,"dealership","[PREMIUM]","Columbus","OH","[PREMIUM]",,"[]",,,"[PREMIUM]"
"efd6758a-b986-4550-b040-74a036079589","2026-03-05 23:59:14.660","2026-03-05 23:59:14.660","efd6758a-b986-4550-b040-74a036079589","[PREMIUM]","Used",2019,"Ford","Flex","SE","[PREMIUM]","[PREMIUM]",131601,"SUV","Silver","Black","Front-wheel Drive",,,"Gasoline",,,"private","[PREMIUM]",,,"[PREMIUM]",,"[]",,,"[PREMIUM]"
"413a4944-bf82-4823-85db-71d92a2af959","2026-03-05 23:58:02.097","2026-03-17 13:45:12.194","413a4944-bf82-4823-85db-71d92a2af959","[PREMIUM]","Used",2007,"Acura","RDX","Base","[PREMIUM]","[PREMIUM]",246574,"SUV","White Diamond Pearl","Taupe","All-wheel Drive",,,"Gasoline",,,"dealership","[PREMIUM]","Mesa","AZ","[PREMIUM]",,"[]",,,"[PREMIUM]"
"5afef025-679a-4fe6-a51d-d7b7a3bc9171","2026-03-05 23:58:01.748","2026-03-14 13:37:10.056","5afef025-679a-4fe6-a51d-d7b7a3bc9171","[PREMIUM]","Used",2005,"Chevrolet","Silverado 1500","W/T","[PREMIUM]","[PREMIUM]",116000,"Truck","Green","Black","Rear-wheel Drive",,,"Gasoline",,,"private","[PREMIUM]",,,"[PREMIUM]",,"[]",,,"[PREMIUM]"
"f2cbd3ed-c78a-4d56-a27d-f10b888494b9","2026-03-05 23:58:01.579","2026-03-11 07:35:18.734","f2cbd3ed-c78a-4d56-a27d-f10b888494b9","[PREMIUM]","Used",2007,"Saturn","Vue","V6","[PREMIUM]","[PREMIUM]",134634,"SUV","Polar White","Tan","Front-wheel Drive",,,"Gasoline",,,"dealership","[PREMIUM]","Summerville","SC","[PREMIUM]",,"[]",,,"[PREMIUM]"
"fa12675a-5fdd-45b0-b4fd-52cd0638db31","2026-03-05 23:58:01.560","2026-03-20 13:45:08.896","fa12675a-5fdd-45b0-b4fd-52cd0638db31","[PREMIUM]","Used",2006,"BMW","325","xi","[PREMIUM]","[PREMIUM]",110000,"Sedan","White","Brown","All-wheel Drive",,,"Gasoline",,,"private","[PREMIUM]",,,"[PREMIUM]",,"[]",,,"[PREMIUM]"
"b2b8562a-5c6b-46f7-840e-82ee12d7e4b9","2026-03-05 23:57:51.085","2026-03-11 07:35:18.726","b2b8562a-5c6b-46f7-840e-82ee12d7e4b9","[PREMIUM]","Used",2007,"Honda","CR-V","EX","[PREMIUM]","[PREMIUM]",168365,"SUV","Glacier Blue Metallic","Gray","Four-wheel Drive",,,"Gasoline",,,"dealership","[PREMIUM]","Akron","OH","[PREMIUM]",,"[]",,,"[PREMIUM]"
"d660475e-227b-4762-9f44-f59e258fafb3","2026-03-05 23:57:29.937","2026-03-20 13:45:19.261","d660475e-227b-4762-9f44-f59e258fafb3","[PREMIUM]","Used",2012,"Chevrolet","Equinox","1LT","[PREMIUM]","[PREMIUM]",171616,"SUV","Brown Metallic","Jet Black","Front-wheel Drive",,,"Gasoline",,,"dealership","[PREMIUM]","Quincy","IL","[PREMIUM]",,"[]",,,"[PREMIUM]"
"5cba0735-bcb4-4985-a2cd-6db05cce30cd","2026-03-05 23:57:19.480","2026-03-14 13:36:48.741","5cba0735-bcb4-4985-a2cd-6db05cce30cd","[PREMIUM]","Used",2013,"Chevrolet","Malibu","1LT","[PREMIUM]","[PREMIUM]",150631,"Sedan","Gray","Black","Front-wheel Drive",,,"Gasoline",,,"dealership","[PREMIUM]","Hampton","VA","[PREMIUM]",,"[]",,,"[PREMIUM]"
"0788f084-3e37-4214-99df-8a530a3f44ff","2026-03-05 23:57:19.448","2026-03-05 23:57:19.448","0788f084-3e37-4214-99df-8a530a3f44ff","[PREMIUM]","Used",2013,"Hyundai","ELANTRA","Limited","[PREMIUM]","[PREMIUM]",192308,"Sedan","Titanium Gray Metallic","Gray","Front-wheel Drive",,,"Gasoline",,,"dealership","[PREMIUM]","Overland Park","KS","[PREMIUM]",,"[]",,,"[PREMIUM]"
"a22e5048-c7a6-4ef8-ae24-bcbecafd008e","2026-03-05 23:57:19.442","2026-03-05 23:57:19.442","a22e5048-c7a6-4ef8-ae24-bcbecafd008e","[PREMIUM]","Used",2013,"Kia","Soul","!","[PREMIUM]","[PREMIUM]",116000,"Hatchback","Light Green","Sand/Black","Front-wheel Drive",,,"Gasoline",,,"dealership","[PREMIUM]","Denham Springs","LA","[PREMIUM]",,"[]",,,"[PREMIUM]"
"35472da6-7b36-4af2-ab4e-79f1acfb21fc","2026-03-05 23:57:08.744","2026-03-05 23:57:08.744","35472da6-7b36-4af2-ab4e-79f1acfb21fc","[PREMIUM]","Used",2015,"Hyundai","TUCSON","SE","[PREMIUM]","[PREMIUM]",170000,"SUV",,"Black","Front-wheel Drive",,,"Gasoline",,,"dealership","[PREMIUM]","Honolulu","HI","[PREMIUM]",,"[]",,,"[PREMIUM]"
"1507c54f-a4af-4ef8-a288-5be0ae625e4c","2026-03-05 23:57:08.743","2026-03-11 07:34:47.247","1507c54f-a4af-4ef8-a288-5be0ae625e4c","[PREMIUM]","Used",2015,"Nissan","Rogue","S","[PREMIUM]","[PREMIUM]",104600,"SUV","Cayenne Red Pearl","Almond","Front-wheel Drive",,,"Gasoline",,,"dealership","[PREMIUM]","Charleston","SC","[PREMIUM]",,"[]",,,"[PREMIUM]"
"913903da-7c01-496a-8497-0649c82dc36d","2026-03-05 23:57:08.743","2026-03-05 23:57:08.743","913903da-7c01-496a-8497-0649c82dc36d","[PREMIUM]","Used",2017,"Nissan","NV200","S","[PREMIUM]","[PREMIUM]",212497,"Cargo Van","White","Gray","Front-wheel Drive",,,"Gasoline",,,"private","[PREMIUM]",,,"[PREMIUM]",,"[]",,,"[PREMIUM]"
"e6ae53d5-b820-4678-af1f-859d6dedafb3","2026-03-05 23:57:08.717","2026-03-11 07:34:57.440","e6ae53d5-b820-4678-af1f-859d6dedafb3","[PREMIUM]","Used",2016,"Lexus","CT 200h","Base","[PREMIUM]","[PREMIUM]",231847,"Hatchback","Nebula Gray Pearl","Black","Front-wheel Drive",,,"Hybrid",,,"dealership","[PREMIUM]","Plantation","FL","[PREMIUM]",,"[]",,,"[PREMIUM]"
"c382eb4f-5e6b-486f-87ac-aa6819c43faf","2026-03-05 23:57:08.712","2026-03-17 13:45:01.226","c382eb4f-5e6b-486f-87ac-aa6819c43faf","[PREMIUM]","Used",2016,"Dodge","Journey","Crossroad","[PREMIUM]","[PREMIUM]",144850,"SUV","Pitch Black Clearcoat","Black","All-wheel Drive",,,"Gasoline",,,"dealership","[PREMIUM]","Detroit","MI","[PREMIUM]",,"[]",,,"[PREMIUM]"
"1b131bf9-5878-426c-9ccb-5d201e523a1b","2026-03-05 23:57:08.695","2026-03-05 23:57:08.695","1b131bf9-5878-426c-9ccb-5d201e523a1b","[PREMIUM]","Used",2016,"Ford","Escape","SE","[PREMIUM]","[PREMIUM]",145074,"SUV","DEEP IMPACT BLUE","CHARCOAL BLACK CLOTH SEATS","Four-wheel Drive",,,"Gasoline",,,"dealership","[PREMIUM]","Mandan","ND","[PREMIUM]",,"[]",,,"[PREMIUM]"
"84374f3f-3ab6-4b7f-8612-9790cb1f0ade","2026-03-05 23:56:58.321","2026-03-14 13:36:38.355","84374f3f-3ab6-4b7f-8612-9790cb1f0ade","[PREMIUM]","Used",2018,"Nissan","Versa","1.6 SV","[PREMIUM]","[PREMIUM]",118300,"Sedan","Blue","Black","Front-wheel Drive",,,"Gasoline",,,"private","[PREMIUM]",,,"[PREMIUM]",,"[]",,,"[PREMIUM]"
"00313a3f-93ff-4c20-bbe7-1b522da2b13c","2026-03-05 23:56:16.440","2026-03-05 23:56:16.440","00313a3f-93ff-4c20-bbe7-1b522da2b13c","[PREMIUM]","Used",2002,"Toyota","Sienna","CE","[PREMIUM]","[PREMIUM]",165000,"Minivan","Beige","Beige","Front-wheel Drive",,,"Gasoline",,,"private","[PREMIUM]",,,"[PREMIUM]",,"[]",,,"[PREMIUM]"
"f24b016a-0ab5-48be-8773-be057c982e45","2026-03-05 23:56:16.349","2026-03-14 13:36:27.750","f24b016a-0ab5-48be-8773-be057c982e45","[PREMIUM]","Used",2002,"GMC","Sierra 1500","SLE HD Crew Cab","[PREMIUM]","[PREMIUM]",222239,"Truck","Pewter Metallic","Graphite","Rear-wheel Drive",,,"Gasoline",,,"dealership","[PREMIUM]","Maysville","KY","[PREMIUM]",,"[]",,,"[PREMIUM]"
"d205afbf-a935-4b5a-a52d-e9dd89a9c90b","2026-03-05 23:56:05.820","2026-03-05 23:56:05.820","d205afbf-a935-4b5a-a52d-e9dd89a9c90b","[PREMIUM]","Used",2010,"Chrysler","Town &amp; Country","Touring","[PREMIUM]","[PREMIUM]",250690,"Passenger Van","Black","Medium Slate Gray/Light Shale","Front-wheel Drive",,,"Gasoline",,,"dealership","[PREMIUM]","Mandan","ND","[PREMIUM]",,"[]",,,"[PREMIUM]"
"b5904469-6b54-4240-b11b-f587fffd1b05","2026-03-05 23:55:54.967","2026-03-11 07:34:15.141","b5904469-6b54-4240-b11b-f587fffd1b05","[PREMIUM]","Used",2010,"Ford","Taurus","SEL","[PREMIUM]","[PREMIUM]",223672,"Sedan","Ingot Silver Metallic",,"Front-wheel Drive",,,"Gasoline",,,"dealership","[PREMIUM]","McAlester","OK","[PREMIUM]",,"[]",,,"[PREMIUM]"
"67ef8935-fb83-418a-b5a1-28a31d3193a0","2026-03-05 23:55:54.927","2026-03-05 23:55:54.927","67ef8935-fb83-418a-b5a1-28a31d3193a0","[PREMIUM]","Used",2007,"Mazda","Mazda6","i Sport","[PREMIUM]","[PREMIUM]",203041,"Sedan","Beige","Tan","Front-wheel Drive",,,"Gasoline",,,"dealership","[PREMIUM]","Florence","KY","[PREMIUM]",,"[]",,,"[PREMIUM]"
"92034d4a-8262-4017-adc7-b4532fef0b06","2026-03-05 23:55:54.919","2026-03-17 13:44:33.703","92034d4a-8262-4017-adc7-b4532fef0b06","[PREMIUM]","Used",2010,"Subaru","Legacy","2.5 i Premium","[PREMIUM]","[PREMIUM]",136566,"Sedan","Black","Gray","All-wheel Drive",,,"Gasoline",,,"private","[PREMIUM]",,,"[PREMIUM]",,"[]",,,"[PREMIUM]"
"73e06e3e-d7c4-4dce-80aa-836b6650d10b","2026-03-05 23:54:11.654","2026-03-05 23:54:11.654","73e06e3e-d7c4-4dce-80aa-836b6650d10b","[PREMIUM]","Used",2008,"Nissan","Versa","S","[PREMIUM]","[PREMIUM]",219149,"Sedan","Beige","Beige","Front-wheel Drive",,,"Gasoline",,,"private","[PREMIUM]",,,"[PREMIUM]",,"[]",,,"[PREMIUM]"
"96d4bbb9-3e6c-416a-b183-c93cdc33723b","2026-03-05 23:53:50.183","2026-03-19 23:10:59.394","96d4bbb9-3e6c-416a-b183-c93cdc33723b","[PREMIUM]","Used",2015,"Chevrolet","Impala","1LS","[PREMIUM]","[PREMIUM]",274836,"Sedan","Champagne Silver","Jet Black / Dark Titanium","Front-wheel Drive",,,"Gasoline",,,"dealership","[PREMIUM]","Chiefland","FL","[PREMIUM]",,"[]",,,"[PREMIUM]"
"b929b54e-83a9-4f09-abe0-023c9f64f57f","2026-03-05 23:47:02.978","2026-03-05 23:47:02.978","b929b54e-83a9-4f09-abe0-023c9f64f57f","[PREMIUM]","New",2026,"Ford","Mustang","GT Premium","[PREMIUM]","[PREMIUM]",10,"Coupe","Grabber Blue Metallic","Black Onyx","Rear-wheel Drive",,,"Gasoline",,,"dealership","[PREMIUM]","Evansville","IN","[PREMIUM]",,"[]",,,"[PREMIUM]"
"902f86dd-8d05-4f60-a7af-2f10c7feab68","2026-03-05 23:45:38.859","2026-03-05 23:45:38.859","902f86dd-8d05-4f60-a7af-2f10c7feab68","[PREMIUM]","Used",2021,"Porsche","911","Turbo S","[PREMIUM]","[PREMIUM]",4082,"Coupe","Chalk","Bordeaux Red/Black","All-wheel Drive",,,"Gasoline",,,"dealership","[PREMIUM]","Pompano Beach","FL","[PREMIUM]",,"[]",,,"[PREMIUM]"
"7fb85d98-ac10-4dbd-960d-1cd39a7721b8","2026-03-05 23:45:28.287","2026-03-05 23:45:28.287","7fb85d98-ac10-4dbd-960d-1cd39a7721b8","[PREMIUM]","New",2025,"Land Rover","Range Rover","P530 SE 7 Seat","[PREMIUM]","[PREMIUM]",10,"SUV","Santorini Black","Ebony/  Ebony Interior","All-wheel Drive",,,"M",,,"dealership","[PREMIUM]","Huntington","NY","[PREMIUM]",,"[]",,,"[PREMIUM]"
"b9a8030e-0cea-4026-9021-9df9bfe7f3c8","2026-03-05 23:45:28.187","2026-03-05 23:45:28.187","b9a8030e-0cea-4026-9021-9df9bfe7f3c8","[PREMIUM]","Used",2025,"Porsche","911","Carrera T","[PREMIUM]","[PREMIUM]",1625,"Convertible","Ice Grey Metallic","Black","Rear-wheel Drive",,,"Gasoline",,,"dealership","[PREMIUM]","Salt Lake City","UT","[PREMIUM]",,"[]",,,"[PREMIUM]"
"40556094-4f3a-419e-91a0-b459ebae020e","2026-03-05 23:45:28.170","2026-03-05 23:45:28.170","40556094-4f3a-419e-91a0-b459ebae020e","[PREMIUM]","Used",2025,"Mercedes-Benz","AMG GT 63","Base","[PREMIUM]","[PREMIUM]",2522,"Coupe","Blue","Black","All-wheel Drive",,,"Gasoline",,,"dealership","[PREMIUM]","Miami","FL","[PREMIUM]",,"[]",,,"[PREMIUM]"
"20ce4dae-6a7c-40e7-a3fd-0b585fec9247","2026-03-05 23:45:28.161","2026-03-05 23:45:28.161","20ce4dae-6a7c-40e7-a3fd-0b585fec9247","[PREMIUM]","Used",2025,"Porsche","911","Carrera","[PREMIUM]","[PREMIUM]",2412,"Convertible","Black","Black/Limestone Beige","Rear-wheel Drive",,,"Gasoline",,,"dealership","[PREMIUM]","Mill Valley","CA","[PREMIUM]",,"[]",,,"[PREMIUM]"
"d9b1dc28-0d5b-4b4d-a778-9cdbb744b689","2026-03-05 23:45:17.469","2026-03-05 23:45:17.469","d9b1dc28-0d5b-4b4d-a778-9cdbb744b689","[PREMIUM]","Used",2025,"Land Rover","Range Rover Sport","P635 SV Edition Two","[PREMIUM]","[PREMIUM]",2848,"SUV","Blue Nebula in Matte","Light Cloud/Ebony","Four-wheel Drive",,,"Gasoline",,,"dealership","[PREMIUM]","Orlando","FL","[PREMIUM]",,"[]",,,"[PREMIUM]"
"f959fd52-b36e-4175-ab82-a2a16e9c4c0e","2026-03-05 23:45:17.431","2026-03-11 07:27:47.635","f959fd52-b36e-4175-ab82-a2a16e9c4c0e","[PREMIUM]","Used",2025,"Porsche","911","Targa 4 GTS","[PREMIUM]","[PREMIUM]",1842,"Coupe","Shade Green Metallic","Bordeaux Red","All-wheel Drive",,,"Gasoline",,,"dealership","[PREMIUM]","Sewickley","PA","[PREMIUM]",,"[]",,,"[PREMIUM]"
"b0298662-57b5-4933-863e-da48460a8a30","2026-03-05 23:45:17.373","2026-03-05 23:45:17.373","b0298662-57b5-4933-863e-da48460a8a30","[PREMIUM]","Used",2025,"Lamborghini","Urus","SE","[PREMIUM]","[PREMIUM]",972,"SUV","Bianco Monocerus Metallic","Grigio Octans","All-wheel Drive",,,"Gasoline",,,"dealership","[PREMIUM]","West Palm Beach","FL","[PREMIUM]",,"[]",,,"[PREMIUM]"
"6f8ab353-7bc4-4b12-b8c7-fdf6d5c3c792","2026-03-05 23:33:46.359","2026-03-05 23:33:46.359","6f8ab353-7bc4-4b12-b8c7-fdf6d5c3c792","[PREMIUM]","Used",2021,"Porsche","911","Carrera","[PREMIUM]","[PREMIUM]",7752,"Coupe","White","Black","Rear-wheel Drive",,,"Gasoline",,,"dealership","[PREMIUM]","Coral Gables","FL","[PREMIUM]",,"[]",,,"[PREMIUM]"
"4bc10923-b2ee-406f-905a-43d645ee1aa5","2026-03-05 23:33:24.717","2026-03-05 23:33:24.717","4bc10923-b2ee-406f-905a-43d645ee1aa5","[PREMIUM]","New",2026,"BMW","X5","xDrive40i","[PREMIUM]","[PREMIUM]",10,"SUV","Mineral White Metallic","Black","All-wheel Drive",,,"Gasoline",,,"dealership","[PREMIUM]","Middletown","RI","[PREMIUM]",,"[]",,,"[PREMIUM]"
"e856e27d-fab6-445f-95d4-f194b6239b0e","2026-03-05 23:33:14.090","2026-03-14 13:32:46.839","e856e27d-fab6-445f-95d4-f194b6239b0e","[PREMIUM]","New",2026,"Land Rover","Range Rover","P400 SE","[PREMIUM]","[PREMIUM]",6,"SUV","Black","Perlino/Perlino","All-wheel Drive",,,"Gasoline",,,"dealership","[PREMIUM]","Akron","OH","[PREMIUM]",,"[]",,,"[PREMIUM]"
"a20c94c9-10d1-437e-a144-6aee486718de","2026-03-05 23:33:14.084","2026-03-05 23:33:14.084","a20c94c9-10d1-437e-a144-6aee486718de","[PREMIUM]","New",2026,"Cadillac","Escalade","Sport Platinum","[PREMIUM]","[PREMIUM]",3,"SUV","Argent Silver Metallic","platinum","Four-wheel Drive",,,"Gasoline",,,"dealership","[PREMIUM]","Friendswood","TX","[PREMIUM]",,"[]",,,"[PREMIUM]"
"1b81b361-325a-411d-811e-070d9fc05fbb","2026-03-05 23:30:36.215","2026-03-11 07:22:06.554","1b81b361-325a-411d-811e-070d9fc05fbb","[PREMIUM]","Used",2014,"Aston Martin","Vanquish","Base","[PREMIUM]","[PREMIUM]",15909,"Coupe","Morning Frost White","Chestnut Tan","Rear-wheel Drive",,,"Gasoline",,,"dealership","[PREMIUM]","Seaside","CA","[PREMIUM]",,"[]",,,"[PREMIUM]"
"bce9797e-6291-4558-aaff-2a7b95a78f24","2026-03-05 23:30:05.520","2026-03-17 13:38:13.625","bce9797e-6291-4558-aaff-2a7b95a78f24","[PREMIUM]","Used",2018,"Bentley","Continental GT","W12","[PREMIUM]","[PREMIUM]",5819,"Convertible","Magnetic Metallic","Burnt Oak","All-wheel Drive",,,"Gasoline",,,"dealership","[PREMIUM]","Akron","OH","[PREMIUM]",,"[]",,,"[PREMIUM]"
"15762e25-31ba-4c35-b25d-cb915da204eb","2026-03-05 23:29:54.960","2026-03-14 13:32:13.949","15762e25-31ba-4c35-b25d-cb915da204eb","[PREMIUM]","Used",2019,"Porsche","911","Turbo","[PREMIUM]","[PREMIUM]",3223,"Coupe","Jet Black Metallic","Black","All-wheel Drive",,,"Gasoline",,,"dealership","[PREMIUM]","Sugar Land","TX","[PREMIUM]",,"[]",,,"[PREMIUM]"
"d895f6f6-b150-40fa-9c5f-f41cf080ddd9","2026-03-05 23:29:54.877","2026-03-14 13:32:13.881","d895f6f6-b150-40fa-9c5f-f41cf080ddd9","[PREMIUM]","Used",2019,"Porsche","911","Carrera 4S","[PREMIUM]","[PREMIUM]",11302,"Coupe","White","Black","All-wheel Drive",,,"Gasoline",,,"dealership","[PREMIUM]","Sugar Land","TX","[PREMIUM]",,"[]",,,"[PREMIUM]"
"691f31ce-4dec-4ff0-bd35-7decd33b3d44","2026-03-05 23:29:54.824","2026-03-20 13:38:08.992","691f31ce-4dec-4ff0-bd35-7decd33b3d44","[PREMIUM]","Used",2019,"Ferrari","488 Spider","Base","[PREMIUM]","[PREMIUM]",13,"Convertible",,,"Rear-wheel Drive",,,"Gasoline",,,"dealership","[PREMIUM]","Miami","FL","[PREMIUM]",,"[]",,,"[PREMIUM]"
"11bcc761-2a8a-438e-898d-c7e3876648f9","2026-03-05 23:29:44.095","2026-03-11 07:21:44.804","11bcc761-2a8a-438e-898d-c7e3876648f9","[PREMIUM]","Used",2020,"Porsche","911","Carrera 4S","[PREMIUM]","[PREMIUM]",14620,"Coupe","White","Black","All-wheel Drive",,,"Gasoline",,,"dealership","[PREMIUM]","Sewickley","PA","[PREMIUM]",,"[]",,,"[PREMIUM]"
"26fb934b-91fe-4f3c-90c5-286ae21d5750","2026-03-05 23:29:43.934","2026-03-11 07:21:44.336","26fb934b-91fe-4f3c-90c5-286ae21d5750","[PREMIUM]","Used",2020,"Ferrari","812 Superfast","Base","[PREMIUM]","[PREMIUM]",3900,"Coupe",,,"Rear-wheel Drive",,,"Gasoline",,,"dealership","[PREMIUM]","Maplewood","MO","[PREMIUM]",,"[]",,,"[PREMIUM]"
"eafda5e7-6d65-4304-a0c1-3f57b9cbfc80","2026-03-05 23:29:33.302","2026-03-11 07:21:44.120","eafda5e7-6d65-4304-a0c1-3f57b9cbfc80","[PREMIUM]","Used",2024,"Mercedes-Benz","AMG G 63","4MATIC","[PREMIUM]","[PREMIUM]",12129,"SUV","MANUFAKTUR China Blue Non-Metallic","Classic Red/Black","All-wheel Drive",,,"Gasoline",,,"dealership","[PREMIUM]","Miami","FL","[PREMIUM]",,"[]",,,"[PREMIUM]"
"e6551506-b5c7-45d1-80f7-1be828d050be","2026-03-05 23:29:33.296","2026-03-05 23:29:33.296","e6551506-b5c7-45d1-80f7-1be828d050be","[PREMIUM]","Used",2023,"Cadillac","Escalade","V-Series","[PREMIUM]","[PREMIUM]",69907,"SUV","Crystal White Tricoat","Dark Auburn w/Jet Black Accents","All-wheel Drive",,,"Gasoline",,,"dealership","[PREMIUM]","Omaha","NE","[PREMIUM]",,"[]",,,"[PREMIUM]"
"dd8d20ed-89ba-4b65-801d-a74c18004a06","2026-03-05 23:29:33.283","2026-03-17 13:38:02.744","dd8d20ed-89ba-4b65-801d-a74c18004a06","[PREMIUM]","Used",2022,"Lamborghini","Urus","Graphite Capsule","[PREMIUM]","[PREMIUM]",26869,"SUV",,,"All-wheel Drive",,,"Gasoline",,,"dealership","[PREMIUM]","Miami","FL","[PREMIUM]",,"[]",,,"[PREMIUM]"
"8a5f8eec-1f7f-48b0-8a0a-5f79debccb2c","2026-03-05 23:29:12.735","2026-03-11 07:21:44.162","8a5f8eec-1f7f-48b0-8a0a-5f79debccb2c","[PREMIUM]","Used",2025,"Porsche","Panamera","Turbo","[PREMIUM]","[PREMIUM]",868,"Hatchback","Ice Grey Metallic","Black","All-wheel Drive",,,"Hybrid",,,"dealership","[PREMIUM]","St. Louis","MO","[PREMIUM]",,"[]",,,"[PREMIUM]"
"c9d2260c-8a8b-4c03-aa2f-607a111d529d","2026-03-05 23:29:12.704","2026-03-05 23:29:12.704","c9d2260c-8a8b-4c03-aa2f-607a111d529d","[PREMIUM]","New",2026,"Mercedes-Benz","S-Class","Base","[PREMIUM]","[PREMIUM]",5,"Sedan","Black","Brown","All-wheel Drive",,,"Gasoline",,,"dealership","[PREMIUM]","Roslyn","NY","[PREMIUM]",,"[]",,,"[PREMIUM]"
"c6644089-bc41-4b18-b757-36fd38d6e80c","2026-03-05 23:29:12.691","2026-03-20 13:37:58.445","c6644089-bc41-4b18-b757-36fd38d6e80c","[PREMIUM]","New",2026,"Land Rover","Range Rover","P400 SE","[PREMIUM]","[PREMIUM]",,"SUV","Batumi Gold","Ebony/  Ebony Interior","All-wheel Drive",,,"Gasoline",,,"dealership","[PREMIUM]","Englewood","NJ","[PREMIUM]",,"[]",,,"[PREMIUM]"
"01d87f5f-6170-49d1-acc5-c507863dc870","2026-03-05 23:29:12.631","2026-03-14 13:32:13.851","01d87f5f-6170-49d1-acc5-c507863dc870","[PREMIUM]","New",2026,"GMC","Yukon","Denali Ultimate","[PREMIUM]","[PREMIUM]",3,"SUV","Metallic","Woodland","Four-wheel Drive",,,"Gasoline",,,"dealership","[PREMIUM]","Grapevine","TX","[PREMIUM]",,"[]",,,"[PREMIUM]"
"84ec5348-63e2-4471-9e05-7410b60fec69","2026-03-05 23:29:12.630","2026-03-14 13:32:02.996","84ec5348-63e2-4471-9e05-7410b60fec69","[PREMIUM]","New",2026,"GMC","HUMMER EV SUV","3X","[PREMIUM]","[PREMIUM]",5,"SUV","Gray Matte",,"All-wheel Drive",,,,,,"dealership","[PREMIUM]","Matteson","IL","[PREMIUM]",,"[]",,,"[PREMIUM]"
"dcdf6957-16cf-48e9-b08e-1f70df5b22f6","2026-03-05 23:29:12.628","2026-03-11 07:21:44.058","dcdf6957-16cf-48e9-b08e-1f70df5b22f6","[PREMIUM]","New",2026,"Land Rover","Range Rover Sport","5.0 Supercharged Dynamic","[PREMIUM]","[PREMIUM]",10,"SUV","Varesine Blue","Light Cloud/Ebony","All-wheel Drive",,,"Gasoline",,,"dealership","[PREMIUM]","Schaumburg","IL","[PREMIUM]",,"[]",,,"[PREMIUM]"
"75ea4e4e-c0a7-44a8-980d-4a97e2565d20","2026-03-05 23:29:12.620","2026-03-14 13:32:13.826","75ea4e4e-c0a7-44a8-980d-4a97e2565d20","[PREMIUM]","Used",2025,"Cadillac","Escalade IQ","Sport 2","[PREMIUM]","[PREMIUM]",3272,"SUV","Black Raven","Camelia w/Backen Black Accents","All-wheel Drive",,,"Electric",,,"dealership","[PREMIUM]","Matteson","IL","[PREMIUM]",,"[]",,,"[PREMIUM]"
"31dfd87e-04b2-4f7c-8806-fc8c6799bb51","2026-03-05 23:29:12.604","2026-03-05 23:29:12.604","31dfd87e-04b2-4f7c-8806-fc8c6799bb51","[PREMIUM]","New",2026,"Mercedes-Benz","AMG SL 43","Base","[PREMIUM]","[PREMIUM]",5,"Convertible","Alpine Gray","Black","RWD",,,"Gasoline",,,"dealership","[PREMIUM]","Roslyn","NY","[PREMIUM]",,"[]",,,"[PREMIUM]"
"49742519-d7b2-4a65-800c-c06c4aadf706","2026-03-05 23:29:12.593","2026-03-05 23:29:12.593","49742519-d7b2-4a65-800c-c06c4aadf706","[PREMIUM]","New",2026,"Porsche","Taycan","4","[PREMIUM]","[PREMIUM]",0,"Sedan","Shade Green Metallic","Black","All-wheel Drive",,,"Electric",,,"dealership","[PREMIUM]","Vienna","VA","[PREMIUM]",,"[]",,,"[PREMIUM]"
"a924e168-ea70-4399-a8ca-9ff1ce289804","2026-03-05 23:29:12.589","2026-03-05 23:29:12.589","a924e168-ea70-4399-a8ca-9ff1ce289804","[PREMIUM]","New",2026,"Porsche","911","Carrera 4S Cabriolet","[PREMIUM]","[PREMIUM]",15,"Convertible","Carmine Red",,"All-wheel Drive",,,"Gasoline",,,"dealership","[PREMIUM]","Palm Springs","CA","[PREMIUM]",,"[]",,,"[PREMIUM]"
"474efd7f-a5bf-48d9-a39c-05d28fb25067","2026-03-05 23:29:12.585","2026-03-14 13:32:13.675","474efd7f-a5bf-48d9-a39c-05d28fb25067","[PREMIUM]","New",2026,"Lincoln","Navigator L","Black Label","[PREMIUM]","[PREMIUM]",10,"SUV",,,"4WD",,,"Gasoline",,,"dealership","[PREMIUM]","Wayne","NJ","[PREMIUM]",,"[]",,,"[PREMIUM]"
"8a895ad4-d4db-441b-b708-d03e47e2d439","2026-03-05 23:29:12.585","2026-03-11 07:21:44.081","8a895ad4-d4db-441b-b708-d03e47e2d439","[PREMIUM]","New",2025,"Ford","F-150","Lariat","[PREMIUM]","[PREMIUM]",5,"Truck","Agate Black Metallic","Black","Four-wheel Drive",,,"Gasoline",,,"dealership","[PREMIUM]","Lake Worth","FL","[PREMIUM]",,"[]",,,"[PREMIUM]"
"17e2a260-0b3d-4b64-a453-a0c1d473bc35","2026-03-05 23:29:12.557","2026-03-14 13:32:13.838","17e2a260-0b3d-4b64-a453-a0c1d473bc35","[PREMIUM]","New",2026,"BMW","740","xDrive","[PREMIUM]","[PREMIUM]",13,"Sedan","Black Sapphire Metallic","Black","All-wheel Drive",,,"Gasoline",,,"dealership","[PREMIUM]","Peoria","IL","[PREMIUM]",,"[]",,,"[PREMIUM]"
"c76462b8-780d-4ce1-bf80-5e903a120e3f","2026-03-05 23:29:12.526","2026-03-20 13:37:58.566","c76462b8-780d-4ce1-bf80-5e903a120e3f","[PREMIUM]","Used",2026,"Porsche","Cayenne","Cayenne","[PREMIUM]","[PREMIUM]",3565,"SUV","Chromite Black Metallic","Black","All-wheel Drive",,,"Gasoline",,,"dealership","[PREMIUM]","Houston","TX","[PREMIUM]",,"[]",,,"[PREMIUM]"
"7ee798ab-5ea5-4b10-8f69-28caaa4f9b3e","2026-03-05 23:29:12.504","2026-03-11 07:21:44.115","7ee798ab-5ea5-4b10-8f69-28caaa4f9b3e","[PREMIUM]","Used",2025,"Land Rover","Range Rover","P400 SE 7 Seat","[PREMIUM]","[PREMIUM]",13045,"SUV","Green",,"All-wheel Drive",,,"Gasoline",,,"dealership","[PREMIUM]","Upper Saddle River","NJ","[PREMIUM]",,"[]",,,"[PREMIUM]"
"28b4036d-318a-42aa-ba18-810598f50b82","2026-03-05 23:29:12.487","2026-03-05 23:29:12.487","28b4036d-318a-42aa-ba18-810598f50b82","[PREMIUM]","Used",2025,"Audi","RS 6 Avant","quattro tiptronic","[PREMIUM]","[PREMIUM]",11504,"Wagon","Glacier White Metallic","Cognac","All-wheel Drive",,,"Gasoline",,,"dealership","[PREMIUM]","Latham","NY","[PREMIUM]",,"[]",,,"[PREMIUM]"
"9432e55a-cd62-4b15-8cc9-84ce15f72e21","2026-03-05 23:29:12.458","2026-03-17 13:37:43.279","9432e55a-cd62-4b15-8cc9-84ce15f72e21","[PREMIUM]","Used",2025,"Cadillac","Escalade","Sport Platinum","[PREMIUM]","[PREMIUM]",5080,"SUV","Crystal White Tricoat","Whisper Beige w/Gideon Accents","Four-wheel Drive",,,"Gasoline",,,"dealership","[PREMIUM]","Brentwood","TN","[PREMIUM]",,"[]",,,"[PREMIUM]"
"046b9804-df21-4025-b0eb-01fb1abe9d25","2026-03-05 23:29:01.497","2026-03-05 23:29:01.497","046b9804-df21-4025-b0eb-01fb1abe9d25","[PREMIUM]","New",2026,"Ford","F-450","Platinum","[PREMIUM]","[PREMIUM]",5,"Truck","Star White","Truffle","4WD",,,"Diesel",,,"dealership","[PREMIUM]","Delray Beach","FL","[PREMIUM]",,"[]",,,"[PREMIUM]"
"573a2cd1-ad4c-4e40-9262-7e638086455c","2026-03-05 23:29:01.470","2026-03-17 13:37:52.575","573a2cd1-ad4c-4e40-9262-7e638086455c","[PREMIUM]","New",2026,"Land Rover","Range Rover Sport","Autobiography","[PREMIUM]","[PREMIUM]",13,"SUV","British Racing Green Satin","Caraway/Ebny Semi Aniline w/ Crwy/Ebny","All-wheel Drive",,,"Gasoline",,,"dealership","[PREMIUM]","Lake Bluff","IL","[PREMIUM]",,"[]",,,"[PREMIUM]"
"22a24d65-cba9-4d93-973e-e5e3d4857fc3","2026-03-05 23:29:01.467","2026-03-11 07:21:33.164","22a24d65-cba9-4d93-973e-e5e3d4857fc3","[PREMIUM]","New",2026,"Mercedes-Benz","GLS 580","Base 4MATIC","[PREMIUM]","[PREMIUM]",6,"SUV","Ireland Mid Green","Macchiato Beige","All-wheel Drive",,,"Gasoline",,,"dealership","[PREMIUM]","Grapevine","TX","[PREMIUM]",,"[]",,,"[PREMIUM]"
"20a0135f-b557-4de4-89c9-391cf08a1ab6","2026-03-05 23:29:01.454","2026-03-05 23:29:01.454","20a0135f-b557-4de4-89c9-391cf08a1ab6","[PREMIUM]","New",2026,"GMC","Yukon XL","4WD AT4 Ultimate","[PREMIUM]","[PREMIUM]",2,"SUV","Summit White","Obsidian Rush w/Red Accents","Four Wheel Drive",,,"Premium unleaded",,,"dealership","[PREMIUM]","San Jose","CA","[PREMIUM]",,"[]",,,"[PREMIUM]"
"bb98df93-50a0-47b3-85d2-146af6527845","2026-03-05 23:29:01.453","2026-03-05 23:29:01.453","bb98df93-50a0-47b3-85d2-146af6527845","[PREMIUM]","New",2026,"Cadillac","Escalade","Platinum Sport","[PREMIUM]","[PREMIUM]",,"SUV",,"Platinum","4WD",,,"Gasoline",,,"dealership","[PREMIUM]","Sanford","FL","[PREMIUM]",,"[]",,,"[PREMIUM]"
"0a951fcb-1d6c-4e24-af18-77af3806593d","2026-03-05 23:29:01.448","2026-03-11 07:21:33.165","0a951fcb-1d6c-4e24-af18-77af3806593d","[PREMIUM]","New",2026,"BMW","M4","Competition xDrive","[PREMIUM]","[PREMIUM]",,"Coupe","Special","Black","All-wheel Drive",,,"Gasoline",,,"dealership","[PREMIUM]","Nashua","NH","[PREMIUM]",,"[]",,,"[PREMIUM]"
"3f5f8a86-6887-45d5-84a3-00c2e9c3ae74","2026-03-05 23:29:01.445","2026-03-11 07:21:33.382","3f5f8a86-6887-45d5-84a3-00c2e9c3ae74","[PREMIUM]","New",2026,"Audi","SQ7","4.0T Premium Plus","[PREMIUM]","[PREMIUM]",5,"SUV","Black Metallic","Black","All-wheel Drive",,,"Gasoline",,,"dealership","[PREMIUM]","Fort Washington","PA","[PREMIUM]",,"[]",,,"[PREMIUM]"
"31e93556-6713-4f06-a021-700be68381d1","2026-03-05 23:29:01.412","2026-03-05 23:29:01.412","31e93556-6713-4f06-a021-700be68381d1","[PREMIUM]","Used",2026,"Porsche","911","GT3","[PREMIUM]","[PREMIUM]",295,"Coupe","White","Black","Rear-wheel Drive",,,"Gasoline",,,"dealership","[PREMIUM]","West Palm Beach","FL","[PREMIUM]",,"[]",,,"[PREMIUM]"
"d3dad51e-3093-4032-9d85-d819622123e4","2026-03-05 23:29:01.404","2026-03-05 23:29:01.404","d3dad51e-3093-4032-9d85-d819622123e4","[PREMIUM]","New",2026,"GMC","Yukon",,"[PREMIUM]","[PREMIUM]",2,"SUV","Midnight Pine","Obsidian Rush",,,,"Diesel",,,"dealership","[PREMIUM]","Arlington heights","IL","[PREMIUM]",,"[]",,,"[PREMIUM]"
"164b3168-58d6-4a5f-9c5e-659851e5d3e7","2026-03-05 23:29:01.393","2026-03-11 07:21:33.270","164b3168-58d6-4a5f-9c5e-659851e5d3e7","[PREMIUM]","New",2026,"Land Rover","Defender","P500 V8","[PREMIUM]","[PREMIUM]",10,"SUV","Black","Ebony","All-wheel Drive",,,"Gasoline",,,"dealership","[PREMIUM]","Seaside","CA","[PREMIUM]",,"[]",,,"[PREMIUM]"
"ef37a6fd-104c-4b32-b117-1901447b4fd0","2026-03-05 23:29:01.393","2026-03-11 07:21:44.069","ef37a6fd-104c-4b32-b117-1901447b4fd0","[PREMIUM]","New",2026,"Land Rover","Range Rover Sport","5.0 Supercharged Dynamic","[PREMIUM]","[PREMIUM]",,"SUV","Borasco Grey","Deep Garnet","All-wheel Drive",,,"Gasoline",,,"dealership","[PREMIUM]","Paramus","NJ","[PREMIUM]",,"[]",,,"[PREMIUM]"
"d8ce13c7-2c2c-42bb-883c-774014dcc54c","2026-03-05 23:27:15.569","2026-03-17 13:37:41.485","d8ce13c7-2c2c-42bb-883c-774014dcc54c","[PREMIUM]","New",2025,"Land Rover","Defender","P400 X-Dynamic SE","[PREMIUM]","[PREMIUM]",25,"SUV","Sedona Red","Carway","All-wheel Drive",,,"Gasoline",,,"dealership","[PREMIUM]","Austin","TX","[PREMIUM]",,"[]",,,"[PREMIUM]"
"4cd25ad1-1f41-4b0b-8c9f-bff472d11ec4","2026-03-05 23:27:05.595","2026-03-05 23:27:05.595","4cd25ad1-1f41-4b0b-8c9f-bff472d11ec4","[PREMIUM]","New",2026,"Mercedes-Benz","AMG GLE 53","Base","[PREMIUM]","[PREMIUM]",5,"SUV","Cirrus Silver Metallic","AMG Black","AWD",,,"Gasoline",,,"dealership","[PREMIUM]","Grapevine","TX","[PREMIUM]",,"[]",,,"[PREMIUM]"
"9b682834-049b-4dbf-b05a-3ac62dd5535c","2026-03-05 23:27:05.402","2026-03-17 13:37:41.676","9b682834-049b-4dbf-b05a-3ac62dd5535c","[PREMIUM]","New",2026,"Land Rover","Range Rover Sport","P400 Dynamic SE","[PREMIUM]","[PREMIUM]",25,"SUV","Carpathian Grey","Light Cloud/Ebony","All-wheel Drive",,,"Gasoline",,,"dealership","[PREMIUM]","Austin","TX","[PREMIUM]",,"[]",,,"[PREMIUM]"
"6fb71535-49ce-4c7b-a4d4-ce6043d2cb1a","2026-03-05 23:27:05.391","2026-03-05 23:27:05.391","6fb71535-49ce-4c7b-a4d4-ce6043d2cb1a","[PREMIUM]","New",2026,"BMW","X7","xDrive40i","[PREMIUM]","[PREMIUM]",0,"SUV","Alpine White","Cognac","All-wheel Drive",,,"Gasoline",,,"dealership","[PREMIUM]","Peoria","IL","[PREMIUM]",,"[]",,,"[PREMIUM]"
"97d89531-b499-46d6-a730-baf4835ba66a","2026-03-05 23:27:05.350","2026-03-05 23:27:05.350","97d89531-b499-46d6-a730-baf4835ba66a","[PREMIUM]","New",2026,"RAM","3500","Limited","[PREMIUM]","[PREMIUM]",5,"Truck","Blue Metallic",,"4WD",,,"Diesel",,,"dealership","[PREMIUM]","Sanford","NC","[PREMIUM]",,"[]",,,"[PREMIUM]"
"08a25dc4-a991-471e-b31d-465147152b18","2026-03-05 23:27:05.324","2026-03-05 23:27:05.324","08a25dc4-a991-471e-b31d-465147152b18","[PREMIUM]","New",2026,"BMW","X5","M60i","[PREMIUM]","[PREMIUM]",0,"SUV","Mineral White Metallic","Silverstone","AWD",,,"Gasoline",,,"dealership","[PREMIUM]","Katy","TX","[PREMIUM]",,"[]",,,"[PREMIUM]"
"66b3357b-8a50-4447-a86a-67a4428f8103","2026-03-05 23:27:05.320","2026-03-05 23:27:05.320","66b3357b-8a50-4447-a86a-67a4428f8103","[PREMIUM]","New",2026,"RAM","2500","Power Wagon","[PREMIUM]","[PREMIUM]",16,"Truck","Ceramic Gray Clearcoat","Black","Four-wheel Drive",,,"Diesel",,,"dealership","[PREMIUM]","Canton","GA","[PREMIUM]",,"[]",,,"[PREMIUM]"
"9f844ba1-772c-4cf3-9c4c-7a65027c5319","2026-03-05 23:27:05.279","2026-03-05 23:27:05.279","9f844ba1-772c-4cf3-9c4c-7a65027c5319","[PREMIUM]","New",2026,"Land Rover","Range Rover Sport","5.0 Supercharged Dynamic","[PREMIUM]","[PREMIUM]",,"SUV","Santorini Black","Light Cloud/Ebony","AWD",,,"Gasoline",,,"dealership","[PREMIUM]","Englewood","NJ","[PREMIUM]",,"[]",,,"[PREMIUM]"
"4a58cc52-4f30-4256-8aad-62010dc3f192","2026-03-05 23:27:05.276","2026-03-05 23:27:05.276","4a58cc52-4f30-4256-8aad-62010dc3f192","[PREMIUM]","New",2026,"GMC","HUMMER EV Pickup","2X","[PREMIUM]","[PREMIUM]",3,"Truck","Coastal Dune","Granite Drift","All-wheel Drive",,,"Electric",,,"dealership","[PREMIUM]","Cadillac","MI","[PREMIUM]",,"[]",,,"[PREMIUM]"
"e32d6573-324a-490b-9554-f4483529b101","2026-03-05 23:27:05.262","2026-03-05 23:27:05.262","e32d6573-324a-490b-9554-f4483529b101","[PREMIUM]","New",2026,"Land Rover","Range Rover Sport","SE","[PREMIUM]","[PREMIUM]",10,"SUV","Carpathian Gray Premium Metallic","Ebony","All-wheel Drive",,,"Gasoline",,,"dealership","[PREMIUM]","Darien","CT","[PREMIUM]",,"[]",,,"[PREMIUM]"
"88b78fdd-e108-4fe8-80b5-4d459fd32f39","2026-03-05 23:27:05.210","2026-03-11 07:21:00.337","88b78fdd-e108-4fe8-80b5-4d459fd32f39","[PREMIUM]","New",2026,"Ford","F-250","Platinum","[PREMIUM]","[PREMIUM]",20,"Truck","Black Metallic","Black Onyx","Four-wheel Drive",,,"Diesel",,,"dealership","[PREMIUM]","Upland","CA","[PREMIUM]",,"[]",,,"[PREMIUM]"
"1cf0b09f-5574-4f5a-8b2e-9d6edb2d2b5a","2026-03-05 23:25:42.440","2026-03-05 23:25:42.440","1cf0b09f-5574-4f5a-8b2e-9d6edb2d2b5a","[PREMIUM]","Used",2023,"Kia","Sportage","X-Line","[PREMIUM]","[PREMIUM]",36421,"SUV","Ebony Black","Black","All-wheel Drive",,,"Gasoline",,,"dealership","[PREMIUM]","Lexington","NC","[PREMIUM]",,"[]",,,"[PREMIUM]"
"f57586f7-08a7-4496-bb4f-062690a0ad03","2026-03-05 23:25:31.792","2026-03-05 23:25:31.792","f57586f7-08a7-4496-bb4f-062690a0ad03","[PREMIUM]","Used",2025,"Land Rover","Defender","110 P500 X-Dynamic SE","[PREMIUM]","[PREMIUM]",6773,"SUV","Pangea Green Metallic","Caraway/Ebony","All-wheel Drive",,,"Gasoline",,,"dealership","[PREMIUM]","Alpharetta","GA","[PREMIUM]",,"[]",,,"[PREMIUM]"
"343d3d78-e1fe-41df-b42e-28a323b7fa26","2026-03-05 23:25:31.142","2026-03-05 23:25:31.142","343d3d78-e1fe-41df-b42e-28a323b7fa26","[PREMIUM]","Used",2025,"BMW","i5","M60","[PREMIUM]","[PREMIUM]",13963,"Sedan","Red Metallic","Espresso Brown","All-wheel Drive",,,"Electric",,,"dealership","[PREMIUM]","Sarasota","FL","[PREMIUM]",,"[]",,,"[PREMIUM]"
"d2dd199a-8494-404d-9d0d-149a83bd9ad2","2026-03-05 23:25:30.744","2026-03-05 23:25:30.744","d2dd199a-8494-404d-9d0d-149a83bd9ad2","[PREMIUM]","Used",2024,"RAM","1500","TRX","[PREMIUM]","[PREMIUM]",10503,"Truck","Flame Red Clearcoat","Black","Four-wheel Drive",,,"Gasoline",,,"dealership","[PREMIUM]","Reno","NV","[PREMIUM]",,"[]",,,"[PREMIUM]"
"caae0db1-a1a5-4cd7-bc07-b05202c46285","2026-03-05 23:25:12.447","2026-03-05 23:25:12.447","caae0db1-a1a5-4cd7-bc07-b05202c46285","[PREMIUM]","New",2026,"BMW","iX","xDrive60","[PREMIUM]","[PREMIUM]",0,"SUV","Storm Bay Metallic","Black","All-wheel Drive",,,"Electric",,,"dealership","[PREMIUM]","Santa Clara","CA","[PREMIUM]",,"[]",,,"[PREMIUM]"
"75b27689-5307-408f-b591-b9966012c5dc","2026-03-05 23:25:03.053","2026-03-17 13:36:59.948","75b27689-5307-408f-b591-b9966012c5dc","[PREMIUM]","New",2026,"BMW","X7","xDrive40i","[PREMIUM]","[PREMIUM]",0,"SUV","Alpine White","Kphf Coffee Sensafin","All-wheel Drive",,,"Gasoline",,,"dealership","[PREMIUM]","Wayzata","MN","[PREMIUM]",,"[]",,,"[PREMIUM]"
"4c9c401c-5152-44fb-a3e5-a5a333746d45","2026-03-05 23:25:02.335","2026-03-20 13:37:16.626","4c9c401c-5152-44fb-a3e5-a5a333746d45","[PREMIUM]","New",2026,"GMC","Sierra 2500","Denali Ultimate","[PREMIUM]","[PREMIUM]",10,"Truck","Glacier White","Alpine Umber","Four-wheel Drive",,,"Diesel",,,"dealership","[PREMIUM]","Beatrice","NE","[PREMIUM]",,"[]",,,"[PREMIUM]"
"e8099661-04da-4ee8-80e3-640f046e1833","2026-03-05 23:25:00.943","2026-03-05 23:25:00.943","e8099661-04da-4ee8-80e3-640f046e1833","[PREMIUM]","New",2026,"GMC","Yukon XL","4WD AT4","[PREMIUM]","[PREMIUM]",2,"SUV","Volcanic Red Tintcoat","Forest Storm w/Mahogany Accents","Four-wheel Drive",,,"Diesel",,,"dealership","[PREMIUM]","Troy","OH","[PREMIUM]",,"[]",,,"[PREMIUM]"
"8bc74331-3e69-4e16-981c-410cb5e51d8b","2026-03-05 23:25:00.839","2026-03-05 23:25:00.839","8bc74331-3e69-4e16-981c-410cb5e51d8b","[PREMIUM]","New",2026,"Chevrolet","Tahoe","Premier","[PREMIUM]","[PREMIUM]",2,"SUV","Radiant Red Tintcoat","Jet Black","Four-wheel Drive",,,"Gasoline",,,"dealership","[PREMIUM]","Newark","OH","[PREMIUM]",,"[]",,,"[PREMIUM]"
"821ff231-9545-4124-bcfe-c24932a8d19d","2026-03-05 23:25:00.636","2026-03-05 23:25:00.636","821ff231-9545-4124-bcfe-c24932a8d19d","[PREMIUM]","New",2026,"Land Rover","Defender","P400 X-Dynamic SE","[PREMIUM]","[PREMIUM]",12,"SUV","Borasco Grey Metallic","300nt/","All-wheel Drive",,,"Gasoline",,,"dealership","[PREMIUM]","Miami","FL","[PREMIUM]",,"[]",,,"[PREMIUM]"
"7dc02470-1c16-4740-9f04-0b8eed8d14fe","2026-03-05 23:24:52.899","2026-03-05 23:24:52.899","7dc02470-1c16-4740-9f04-0b8eed8d14fe","[PREMIUM]","New",2026,"Ford","F-150","Raptor","[PREMIUM]","[PREMIUM]",8,"Truck","Avalanche","Black","4WD",,,"Gasoline",,,"dealership","[PREMIUM]","Upland","CA","[PREMIUM]",,"[]",,,"[PREMIUM]"
"1c76ff9e-e8bd-4e06-a2e4-39e863d51892","2026-03-05 23:24:51.543","2026-03-05 23:24:51.543","1c76ff9e-e8bd-4e06-a2e4-39e863d51892","[PREMIUM]","New",2026,"Ford","F-150","Raptor","[PREMIUM]","[PREMIUM]",5,"Truck",,,"4WD",,,"Gasoline",,,"dealership","[PREMIUM]","Arlington","TX","[PREMIUM]",,"[]",,,"[PREMIUM]"
"9bdab9ff-4487-4cea-b4e4-4ef57244b02d","2026-03-05 23:24:51.034","2026-03-05 23:24:51.034","9bdab9ff-4487-4cea-b4e4-4ef57244b02d","[PREMIUM]","New",2026,"Ford","F-150","Raptor","[PREMIUM]","[PREMIUM]",,"Truck","Black Metallic",,"4WD",,,"Gasoline",,,"dealership","[PREMIUM]","Egg Harbor Township","NJ","[PREMIUM]",,"[]",,,"[PREMIUM]"
"d9a51845-6cfb-440b-bb99-878e2710d25e","2026-03-05 23:24:51.031","2026-03-17 13:37:01.629","d9a51845-6cfb-440b-bb99-878e2710d25e","[PREMIUM]","New",2026,"Land Rover","Range Rover Sport","SE","[PREMIUM]","[PREMIUM]",1,"SUV","Fuji White","Ebony / Ebony","All-wheel Drive",,,"Gasoline",,,"dealership","[PREMIUM]","Seaside","CA","[PREMIUM]",,"[]",,,"[PREMIUM]"
"8033b125-0901-4525-bcbf-48e5b99729b5","2026-03-05 23:24:50.775","2026-03-05 23:24:50.775","8033b125-0901-4525-bcbf-48e5b99729b5","[PREMIUM]","New",2026,"Land Rover","Defender","130 X-Dynamic SE","[PREMIUM]","[PREMIUM]",25,"SUV","Borasco Grey","Ebony","AWD",,,"Gasoline",,,"dealership","[PREMIUM]","Austin","TX","[PREMIUM]",,"[]",,,"[PREMIUM]"
"75f183ef-394a-4f1f-b0ae-76d9f8eb12f8","2026-03-05 23:24:50.763","2026-03-05 23:24:50.763","75f183ef-394a-4f1f-b0ae-76d9f8eb12f8","[PREMIUM]","New",2026,"RAM","3500","Limited","[PREMIUM]","[PREMIUM]",,"Truck","Diamond Black","Black","4WD",,,"Diesel",,,"dealership","[PREMIUM]","Elkhorn","WI","[PREMIUM]",,"[]",,,"[PREMIUM]"
"df289188-87d4-4079-8d84-f1c95495c763","2026-03-05 23:22:55.936","2026-03-14 13:31:18.164","df289188-87d4-4079-8d84-f1c95495c763","[PREMIUM]","Used",2024,"Cadillac","Escalade","Sport Platinum","[PREMIUM]","[PREMIUM]",35474,"SUV","Black Raven","Jet Black","Four-wheel Drive",,,"Gasoline",,,"dealership","[PREMIUM]","Lone Tree","CO","[PREMIUM]",,"[]",,,"[PREMIUM]"
"b1668c20-dc13-43c0-aa7e-e5b6cd5b4443","2026-03-05 23:22:55.730","2026-03-05 23:22:55.730","b1668c20-dc13-43c0-aa7e-e5b6cd5b4443","[PREMIUM]","Used",2023,"Land Rover","Range Rover","P400 SE","[PREMIUM]","[PREMIUM]",23926,"SUV","Hakuba Silver","Ebony","All-wheel Drive",,,"Gasoline",,,"dealership","[PREMIUM]","Austin","TX","[PREMIUM]",,"[]",,,"[PREMIUM]"
"3d4bdfbb-ac6e-4fba-841b-0af6ca83f4bf","2026-03-05 23:22:55.333","2026-03-11 07:20:06.486","3d4bdfbb-ac6e-4fba-841b-0af6ca83f4bf","[PREMIUM]","Used",2024,"BMW","M3","Competition xDrive","[PREMIUM]","[PREMIUM]",9543,"Sedan","Metallic","Kyalami Orange","All-wheel Drive",,,"Gasoline",,,"dealership","[PREMIUM]","Seaside","CA","[PREMIUM]",,"[]",,,"[PREMIUM]"
"77024025-413e-4df7-8efc-9efe2f734ccb","2026-03-05 23:22:55.039","2026-03-05 23:22:55.039","77024025-413e-4df7-8efc-9efe2f734ccb","[PREMIUM]","Used",2024,"RAM","1500","TRX","[PREMIUM]","[PREMIUM]",10538,"Truck","Bright White Clearcoat","Black","Four-wheel Drive",,,"Gasoline",,,"dealership","[PREMIUM]","Austin","TX","[PREMIUM]",,"[]",,,"[PREMIUM]"
"069d3e8e-4fe8-4719-a58f-75aee5976d6b","2026-03-05 23:22:49.735","2026-03-11 07:20:06.549","069d3e8e-4fe8-4719-a58f-75aee5976d6b","[PREMIUM]","New",2026,"GMC","Sierra 2500","AT4","[PREMIUM]","[PREMIUM]",0,"Truck","Red","Jet Black","Four-wheel Drive",,,"Diesel",,,"dealership","[PREMIUM]","Houston","TX","[PREMIUM]",,"[]",,,"[PREMIUM]"
"f7d7714f-535a-4dcd-af6b-f0b729b94de4","2026-03-05 23:22:34.037","2026-03-11 07:19:55.842","f7d7714f-535a-4dcd-af6b-f0b729b94de4","[PREMIUM]","New",2026,"GMC","Yukon","Denali","[PREMIUM]","[PREMIUM]",5,"SUV","Black","Jet Black","Rear-wheel Drive",,,"Gasoline",,,"dealership","[PREMIUM]","Houston","TX","[PREMIUM]",,"[]",,,"[PREMIUM]"
"e1f498ea-1132-4b03-9491-7d8c39a9296d","2026-03-05 23:22:33.944","2026-03-11 07:19:55.843","e1f498ea-1132-4b03-9491-7d8c39a9296d","[PREMIUM]","New",2026,"BMW","X5 PHEV","xDrive50e","[PREMIUM]","[PREMIUM]",10,"SUV","Carbon Black Metallic","Cognac","All-wheel Drive",,,"Gasoline",,,"dealership","[PREMIUM]","Bloomington","MN","[PREMIUM]",,"[]",,,"[PREMIUM]"
"52e8ecb9-22ba-400d-892f-9c62d7cf59c0","2026-03-05 23:22:33.940","2026-03-05 23:22:33.940","52e8ecb9-22ba-400d-892f-9c62d7cf59c0","[PREMIUM]","New",2026,"BMW","X5 PHEV","xDrive50e","[PREMIUM]","[PREMIUM]",0,"SUV","Mineral White Metallic","Silverstone","All-wheel Drive",,,"Gasoline",,,"dealership","[PREMIUM]","Seattle","WA","[PREMIUM]",,"[]",,,"[PREMIUM]"
"b5802a3a-989a-4d63-9c97-5fe0531ef512","2026-03-05 23:22:33.940","2026-03-05 23:22:33.940","b5802a3a-989a-4d63-9c97-5fe0531ef512","[PREMIUM]","New",2026,"Dodge","Durango","SRT Hellcat AWD","[PREMIUM]","[PREMIUM]",0,"SUV","DB Black Crystal Clearcoat","Black","All-wheel Drive",,,"Gasoline",,,"dealership","[PREMIUM]","Arlington","TX","[PREMIUM]",,"[]",,,"[PREMIUM]"
"6bda588d-7725-44c4-ba24-b97ae6ff6d4c","2026-03-05 23:22:33.848","2026-03-11 07:19:55.840","6bda588d-7725-44c4-ba24-b97ae6ff6d4c","[PREMIUM]","New",2026,"BMW","iX","xDrive45","[PREMIUM]","[PREMIUM]",0,"SUV","Storm Bay Metallic","Castanea Chestnut","All-wheel Drive",,,"Electric",,,"dealership","[PREMIUM]","Santa Clara","CA","[PREMIUM]",,"[]",,,"[PREMIUM]"
"cc111600-2b13-4ee8-a135-09ef4799e72e","2026-03-05 23:22:33.842","2026-03-11 07:19:55.844","cc111600-2b13-4ee8-a135-09ef4799e72e","[PREMIUM]","New",2026,"GMC","Yukon","Denali","[PREMIUM]","[PREMIUM]",6,"SUV","White","Teak","Four-wheel Drive",,,"Gasoline",,,"dealership","[PREMIUM]","Houston","TX","[PREMIUM]",,"[]",,,"[PREMIUM]"
"66619929-5264-442b-b5db-49a715daf772","2026-03-05 23:22:33.755","2026-03-05 23:22:33.755","66619929-5264-442b-b5db-49a715daf772","[PREMIUM]","New",2025,"GMC","Yukon XL","4WD AT4 Ultimate","[PREMIUM]","[PREMIUM]",0,"SUV","Onyx Black","Obsidian Rush w/Red Accents","Four-wheel Drive",,,"Gasoline",,,"dealership","[PREMIUM]","Midland","MI","[PREMIUM]",,"[]",,,"[PREMIUM]"
"0686e54e-1a91-4565-b384-067c04318f06","2026-03-05 23:22:33.753","2026-03-20 13:36:55.662","0686e54e-1a91-4565-b384-067c04318f06","[PREMIUM]","New",2026,"BMW","X5 PHEV","xDrive50e","[PREMIUM]","[PREMIUM]",10,"SUV","Brooklyn Grey Metallic","Black","All-wheel Drive",,,"Gasoline",,,"dealership","[PREMIUM]","Bloomington","MN","[PREMIUM]",,"[]",,,"[PREMIUM]"
"079b24fc-1d69-494c-84db-6520823ef33f","2026-03-05 23:22:33.751","2026-03-05 23:22:33.751","079b24fc-1d69-494c-84db-6520823ef33f","[PREMIUM]","New",2026,"Mercedes-Benz","AMG CLE 53","4MATIC+","[PREMIUM]","[PREMIUM]",2,"Convertible","MANUFAKTUR Moonlight White Metallic","Black w/Red Accents","All-wheel Drive",,,"Gasoline",,,"dealership","[PREMIUM]","Bethesda","MD","[PREMIUM]",,"[]",,,"[PREMIUM]"
"ce5c00a0-0362-4406-aca3-d7faa3c3044b","2026-03-05 23:22:33.751","2026-03-11 07:19:56.170","ce5c00a0-0362-4406-aca3-d7faa3c3044b","[PREMIUM]","New",2026,"GMC","Sierra 3500","AT4","[PREMIUM]","[PREMIUM]",4,"Truck","Onyx Black","Jet Black w/Kalahari Accents","Four-wheel Drive",,,"Diesel",,,"dealership","[PREMIUM]","Cadillac","MI","[PREMIUM]",,"[]",,,"[PREMIUM]"
"9dc885d5-079d-4108-8970-5524757a37ef","2026-03-05 23:22:33.737","2026-03-20 13:36:55.769","9dc885d5-079d-4108-8970-5524757a37ef","[PREMIUM]","New",2026,"Chevrolet","Silverado 3500","High Country","[PREMIUM]","[PREMIUM]",7,"Truck","Summit White","Jet Black","Four-wheel Drive",,,"Diesel",,,"dealership","[PREMIUM]","Freer","TX","[PREMIUM]",,"[]",,,"[PREMIUM]"
"e36f2ee9-f647-42b7-bad0-8a2e08d31f43","2026-03-05 23:22:33.703","2026-03-14 13:31:18.154","e36f2ee9-f647-42b7-bad0-8a2e08d31f43","[PREMIUM]","New",2026,"BMW","X6","xDrive40i","[PREMIUM]","[PREMIUM]",10,"SUV","Red","Black","All-wheel Drive",,,"Gasoline",,,"dealership","[PREMIUM]","Webster","TX","[PREMIUM]",,"[]",,,"[PREMIUM]"
"7977f97d-f9b9-4d86-a9bd-3ba36112ca64","2026-03-05 23:22:33.702","2026-03-05 23:22:33.702","7977f97d-f9b9-4d86-a9bd-3ba36112ca64","[PREMIUM]","New",2026,"GMC","Sierra 2500","AT4","[PREMIUM]","[PREMIUM]",0,"Truck","Gray","Jet Black","4WD",,,"Diesel",,,"dealership","[PREMIUM]","Houston","TX","[PREMIUM]",,"[]",,,"[PREMIUM]"
"c596aa2f-0c35-465a-b6fa-22efaee8948b","2026-03-05 23:22:33.694","2026-03-05 23:22:33.694","c596aa2f-0c35-465a-b6fa-22efaee8948b","[PREMIUM]","Used",2025,"GMC","Yukon","4WD AT4 Ultimate","[PREMIUM]","[PREMIUM]",7520,"SUV","Onyx Black","Obsidian Rush w/Red Accents","Four-wheel Drive",,,"Diesel",,,"dealership","[PREMIUM]","Naperville","IL","[PREMIUM]",,"[]",,,"[PREMIUM]"
"ae97d9d3-1c43-4eec-9339-1a9b01d6f10c","2026-03-05 23:22:33.688","2026-03-17 13:36:48.715","ae97d9d3-1c43-4eec-9339-1a9b01d6f10c","[PREMIUM]","New",2026,"Chevrolet","Corvette","Stingray w/2LT","[PREMIUM]","[PREMIUM]",2,"Convertible","Red Mist Metallic Tintcoat","Jet Black","Rear-wheel Drive",,,"Gasoline",,,"dealership","[PREMIUM]","Evansville","WI","[PREMIUM]",,"[]",,,"[PREMIUM]"
"75c19e32-5c3f-4f3a-b42e-0a50402ecb3c","2026-03-05 23:22:33.685","2026-03-05 23:22:33.685","75c19e32-5c3f-4f3a-b42e-0a50402ecb3c","[PREMIUM]","New",2026,"Ford","F-150","Raptor","[PREMIUM]","[PREMIUM]",3,"Truck","Carbonized Gray Metallic","Raptor Seats Black","Four-wheel Drive",,,"Gasoline",,,"dealership","[PREMIUM]","Reno","NV","[PREMIUM]",,"[]",,,"[PREMIUM]"
"0329e2be-514f-483a-9a55-380c5de19fa1","2026-03-05 23:22:33.683","2026-03-11 07:19:55.841","0329e2be-514f-483a-9a55-380c5de19fa1","[PREMIUM]","New",2026,"Ford","F-150","Raptor","[PREMIUM]","[PREMIUM]",1,"Truck","Green","Black","Four-wheel Drive",,,"Gasoline",,,"dealership","[PREMIUM]","Buena Park","CA","[PREMIUM]",,"[]",,,"[PREMIUM]"
"58b271d8-3c4f-44d5-b0a5-c18919e67a8b","2026-03-05 23:22:33.682","2026-03-11 07:19:55.790","58b271d8-3c4f-44d5-b0a5-c18919e67a8b","[PREMIUM]","New",2026,"GMC","Yukon XL","Denali","[PREMIUM]","[PREMIUM]",6,"SUV","Red","Jet Black","Rear-wheel Drive",,,"Gasoline",,,"dealership","[PREMIUM]","Houston","TX","[PREMIUM]",,"[]",,,"[PREMIUM]"
"c329a31a-c6d1-4fa0-907c-8bf07b143142","2026-03-05 23:22:33.672","2026-03-11 07:19:55.833","c329a31a-c6d1-4fa0-907c-8bf07b143142","[PREMIUM]","New",2026,"BMW","X5 PHEV","xDrive50e","[PREMIUM]","[PREMIUM]",8,"SUV","Dravit Grey Metallic","Black","All-wheel Drive",,,"Gasoline",,,"dealership","[PREMIUM]","Murray","UT","[PREMIUM]",,"[]",,,"[PREMIUM]"
"508ada45-babc-4326-9167-cc8745bf2274","2026-03-05 23:22:33.668","2026-03-05 23:22:33.668","508ada45-babc-4326-9167-cc8745bf2274","[PREMIUM]","New",2025,"Volvo","EX90","Twin Motor Ultra","[PREMIUM]","[PREMIUM]",1,"SUV","Denim Blue Metallic","Cardamom","All-wheel Drive",,,"Electric",,,"dealership","[PREMIUM]","Seaside","CA","[PREMIUM]",,"[]",,,"[PREMIUM]"
"2bbb1dac-ff47-41d2-881c-69a31359a98c","2026-03-05 23:22:33.667","2026-03-05 23:22:33.667","2bbb1dac-ff47-41d2-881c-69a31359a98c","[PREMIUM]","New",2026,"BMW","X6","xDrive40i","[PREMIUM]","[PREMIUM]",2,"SUV","Alpine White","Black","All-wheel Drive",,,"Gasoline",,,"dealership","[PREMIUM]","Murray","UT","[PREMIUM]",,"[]",,,"[PREMIUM]"
"e55e584a-2d7f-4eb1-bc61-783a702bc6d2","2026-03-05 23:22:33.667","2026-03-05 23:22:33.667","e55e584a-2d7f-4eb1-bc61-783a702bc6d2","[PREMIUM]","Used",2025,"Lincoln","Navigator","Reserve","[PREMIUM]","[PREMIUM]",9069,"SUV","Blue Metallic","Medium Light Space Gray","Four-wheel Drive",,,"Gasoline",,,"dealership","[PREMIUM]","Bismarck","ND","[PREMIUM]",,"[]",,,"[PREMIUM]"
"dae6fe4d-af6c-4769-9d2f-eace25b63ead","2026-03-05 23:22:33.666","2026-03-14 13:31:18.217","dae6fe4d-af6c-4769-9d2f-eace25b63ead","[PREMIUM]","New",2026,"GMC","Sierra EV","Denali","[PREMIUM]","[PREMIUM]",0,"Truck","Red","Desert","All-wheel Drive",,,"Electric",,,"dealership","[PREMIUM]","Houston","TX","[PREMIUM]",,"[]",,,"[PREMIUM]"
"1b02a44a-f496-448c-b4e3-fa8f66ba24e9","2026-03-05 23:22:15.283","2026-03-11 07:19:55.839","1b02a44a-f496-448c-b4e3-fa8f66ba24e9","[PREMIUM]","New",2026,"Land Rover","Defender","P400 X-Dynamic SE","[PREMIUM]","[PREMIUM]",7,"SUV","Woolstone Green Metallic","Ebony","All-wheel Drive",,,"Gasoline",,,"dealership","[PREMIUM]","Darien","CT","[PREMIUM]",,"[]",,,"[PREMIUM]"
"271f0f54-7242-4dce-9f79-c70f5f0bdbb6","2026-03-05 23:22:15.270","2026-03-11 07:19:55.843","271f0f54-7242-4dce-9f79-c70f5f0bdbb6","[PREMIUM]","New",2026,"Land Rover","Range Rover Sport","SE","[PREMIUM]","[PREMIUM]",1,"SUV","Varesine Blue","Blue","All-wheel Drive",,,"Gasoline",,,"dealership","[PREMIUM]","Eatontown","NJ","[PREMIUM]",,"[]",,,"[PREMIUM]"
"543c27d7-3568-4181-8c57-3bbb5b89dbd1","2026-03-05 23:22:15.257","2026-03-20 13:36:55.612","543c27d7-3568-4181-8c57-3bbb5b89dbd1","[PREMIUM]","New",2026,"Land Rover","Range Rover Sport","SE","[PREMIUM]","[PREMIUM]",25,"SUV","Carpathian Grey","Carway","All-wheel Drive",,,"Gasoline",,,"dealership","[PREMIUM]","Austin","TX","[PREMIUM]",,"[]",,,"[PREMIUM]"
"a4c092cc-6e0e-40ea-b6a6-e65fc4f617e3","2026-03-05 23:22:15.193","2026-03-05 23:22:15.193","a4c092cc-6e0e-40ea-b6a6-e65fc4f617e3","[PREMIUM]","New",2026,"Land Rover","Range Rover Sport","SE","[PREMIUM]","[PREMIUM]",25,"SUV","Varesine Blue","Ebony / Ebony","AWD",,,"Gasoline",,,"dealership","[PREMIUM]","Austin","TX","[PREMIUM]",,"[]",,,"[PREMIUM]"
"1d955dc8-ef24-43c9-98b0-2cd62dba7b68","2026-03-05 23:22:15.167","2026-03-20 13:37:05.883","1d955dc8-ef24-43c9-98b0-2cd62dba7b68","[PREMIUM]","New",2026,"Ford","F-150","XLT","[PREMIUM]","[PREMIUM]",36,"Truck","Oxford White","Black","Four-wheel Drive",,,"Gasoline",,,"dealership","[PREMIUM]","Antioch","IL","[PREMIUM]",,"[]",,,"[PREMIUM]"
"5b18b8e9-2a5d-40d9-b1af-e749850f6234","2026-03-05 23:20:20.447","2026-03-11 07:19:44.998","5b18b8e9-2a5d-40d9-b1af-e749850f6234","[PREMIUM]","Used",2021,"Jeep","Grand Cherokee","Trackhawk","[PREMIUM]","[PREMIUM]",33320,"SUV","Diamond Black Crystal Pearlcoat","Black","Four-wheel Drive",,,"Gasoline",,,"dealership","[PREMIUM]","Los Angeles","CA","[PREMIUM]",,"[]",,,"[PREMIUM]"
"d03b52ae-b987-48e8-a9d7-c09a9e0c9f95","2026-03-05 23:19:58.950","2026-03-14 13:30:57.069","d03b52ae-b987-48e8-a9d7-c09a9e0c9f95","[PREMIUM]","New",2026,"Ford","Expedition","Platinum","[PREMIUM]","[PREMIUM]",5,"SUV","Star White Metallic Tri-Coat","Black Onyx","Four-wheel Drive",,,"Gasoline",,,"dealership","[PREMIUM]","Ozark","MO","[PREMIUM]",,"[]",,,"[PREMIUM]"
"df9109ca-cd62-40e6-a56c-89f666f77cb9","2026-03-05 23:19:58.849","2026-03-11 07:19:44.836","df9109ca-cd62-40e6-a56c-89f666f77cb9","[PREMIUM]","Used",2026,"Lexus","GX 550","Premium","[PREMIUM]","[PREMIUM]",80,"SUV","Nightfall Mica","Saddle Tan","Four-wheel Drive",,,"Gasoline",,,"dealership","[PREMIUM]","Peoria","AZ","[PREMIUM]",,"[]",,,"[PREMIUM]"
"fc36d350-bb0c-4875-9be7-33203a504279","2026-03-05 23:19:58.849","2026-03-05 23:19:58.849","fc36d350-bb0c-4875-9be7-33203a504279","[PREMIUM]","New",2026,"Lexus","GX 550","Overtrail+","[PREMIUM]","[PREMIUM]",15,"SUV","Caviar","Black Nuluxe","Four-wheel Drive",,,"Gasoline",,,"dealership","[PREMIUM]","Great Neck","NY","[PREMIUM]",,"[]",,,"[PREMIUM]"
"1ffdca97-998c-4984-981d-4beea23a122c","2026-03-05 23:19:58.756","2026-03-14 13:30:57.130","1ffdca97-998c-4984-981d-4beea23a122c","[PREMIUM]","New",2026,"Chevrolet","Tahoe","Premier","[PREMIUM]","[PREMIUM]",0,"SUV","Black","Jet Black","Four-wheel Drive",,,"Diesel",,,"dealership","[PREMIUM]","Decatur","AL","[PREMIUM]",,"[]",,,"[PREMIUM]"
"04c0c3f8-464f-4f7f-89ea-e7cd5ec9726c","2026-03-05 23:19:58.738","2026-03-11 07:19:33.942","04c0c3f8-464f-4f7f-89ea-e7cd5ec9726c","[PREMIUM]","New",2026,"Genesis","GV80","3.5T","[PREMIUM]","[PREMIUM]",5,"SUV","Makalu Gray","Obsidian Black","All-wheel Drive",,,"Gasoline",,,"dealership","[PREMIUM]","Portland","OR","[PREMIUM]",,"[]",,,"[PREMIUM]"
"a724ef20-16d9-4aa7-a1fa-cce0eea67799","2026-03-05 23:19:58.738","2026-03-05 23:19:58.738","a724ef20-16d9-4aa7-a1fa-cce0eea67799","[PREMIUM]","New",2026,"GMC","Sierra 2500","AT4","[PREMIUM]","[PREMIUM]",7,"Truck","Sterling","Jet Black","Four-wheel Drive",,,"Diesel",,,"dealership","[PREMIUM]","Lucedale","MS","[PREMIUM]",,"[]",,,"[PREMIUM]"
"884cf785-e60f-4900-ad68-d77865c0877c","2026-03-05 23:19:58.650","2026-03-11 07:19:33.942","884cf785-e60f-4900-ad68-d77865c0877c","[PREMIUM]","New",2026,"Chevrolet","Tahoe","Premier","[PREMIUM]","[PREMIUM]",1,"SUV","Sterling Gray Metallic","Jet Black","Four-wheel Drive",,,"Gasoline",,,"dealership","[PREMIUM]","Kalamazoo","MI","[PREMIUM]",,"[]",,,"[PREMIUM]"
"22804895-2161-48ad-ab60-103826e46e09","2026-03-05 23:19:58.555","2026-03-11 07:19:34.274","22804895-2161-48ad-ab60-103826e46e09","[PREMIUM]","New",2026,"GMC","Sierra 1500","Denali Ultimate","[PREMIUM]","[PREMIUM]",178,"Truck","Sterling Metallic","Alpine Umber","Four-wheel Drive",,,"Gasoline",,,"dealership","[PREMIUM]","Sandusky","OH","[PREMIUM]",,"[]",,,"[PREMIUM]"
"ed5d090e-77ea-4ed0-bfdd-cc0ba2c3e381","2026-03-05 23:19:58.549","2026-03-11 07:19:33.869","ed5d090e-77ea-4ed0-bfdd-cc0ba2c3e381","[PREMIUM]","New",2025,"Ford","Expedition Max","Platinum","[PREMIUM]","[PREMIUM]",0,"SUV","Glacier Gray Metallic TriCoat","Black Onyx","Four-wheel Drive",,,"Gasoline",,,"dealership","[PREMIUM]","Lake City","FL","[PREMIUM]",,"[]",,,"[PREMIUM]"
"b5b26066-eec9-4960-ba56-41c0e259784d","2026-03-05 23:19:58.543","2026-03-11 07:19:33.939","b5b26066-eec9-4960-ba56-41c0e259784d","[PREMIUM]","New",2026,"BMW","X5","xDrive40i","[PREMIUM]","[PREMIUM]",0,"SUV","Black Sapphire Metallic","Cognac","All-wheel Drive",,,"Gasoline",,,"dealership","[PREMIUM]","Peoria","IL","[PREMIUM]",,"[]",,,"[PREMIUM]"
"d6ddbe19-be77-439b-98ea-29d80cc64f47","2026-03-05 23:19:58.451","2026-03-05 23:19:58.451","d6ddbe19-be77-439b-98ea-29d80cc64f47","[PREMIUM]","New",2026,"RAM","1500","RHO","[PREMIUM]","[PREMIUM]",,"Truck","Diamond Black","Black","4WD",,,"Gasoline",,,"dealership","[PREMIUM]","Medina","OH","[PREMIUM]",,"[]",,,"[PREMIUM]"
"80aa49e3-73bf-4ae6-ae1a-b4add4bddf07","2026-03-05 23:19:58.446","2026-03-20 13:36:55.639","80aa49e3-73bf-4ae6-ae1a-b4add4bddf07","[PREMIUM]","Used",2025,"Porsche","Cayenne","Cayenne","[PREMIUM]","[PREMIUM]",17380,"SUV","Cashmere Beige Metallic","Black","All-wheel Drive",,,"Gasoline",,,"dealership","[PREMIUM]","Pittsburgh","PA","[PREMIUM]",,"[]",,,"[PREMIUM]"
"d9d1ea5c-e574-4def-a9bc-d45d453cd6a6","2026-03-05 23:19:58.442","2026-03-05 23:19:58.442","d9d1ea5c-e574-4def-a9bc-d45d453cd6a6","[PREMIUM]","New",2026,"BMW","X5 PHEV","xDrive50e","[PREMIUM]","[PREMIUM]",0,"SUV","Black Sapphire Metallic","Cognac","All-wheel Drive",,,"Gasoline",,,"dealership","[PREMIUM]","Seattle","WA","[PREMIUM]",,"[]",,,"[PREMIUM]"
"de383122-18f8-4b8a-848f-eea37f237307","2026-03-05 23:19:58.440","2026-03-20 13:36:56.019","de383122-18f8-4b8a-848f-eea37f237307","[PREMIUM]","New",2026,"BMW","X5","xDrive40i","[PREMIUM]","[PREMIUM]",10,"SUV","Dravit Grey Metallic","Silverstone","All-wheel Drive",,,"Gasoline",,,"dealership","[PREMIUM]","Bloomington","MN","[PREMIUM]",,"[]",,,"[PREMIUM]"
"bcd2cad7-562b-4a22-b063-d4bb07371807","2026-03-05 23:19:58.433","2026-03-11 07:19:45.302","bcd2cad7-562b-4a22-b063-d4bb07371807","[PREMIUM]","Used",2025,"GMC","Sierra 2500","Denali Ultimate","[PREMIUM]","[PREMIUM]",10598,"Truck","Onyx Black","Alpine Umber","Four-wheel Drive",,,"Diesel",,,"dealership","[PREMIUM]","Glen Burnie","MD","[PREMIUM]",,"[]",,,"[PREMIUM]"
"5d3edfc8-62a9-42e8-b40b-7e4d94d9547e","2026-03-05 23:19:58.352","2026-03-11 07:19:33.874","5d3edfc8-62a9-42e8-b40b-7e4d94d9547e","[PREMIUM]","Used",2023,"Ford","F-250","Lariat","[PREMIUM]","[PREMIUM]",32652,"Truck","CARBONIZED GRAY","BLACK ONYX LEATHER","Four-wheel Drive",,,"Diesel",,,"dealership","[PREMIUM]","Bentonville","AR","[PREMIUM]",,"[]",,,"[PREMIUM]"
"06e5e6c5-75f4-4f8d-aade-54ff4d9b4dd0","2026-03-05 23:19:58.346","2026-03-11 07:19:33.864","06e5e6c5-75f4-4f8d-aade-54ff4d9b4dd0","[PREMIUM]","New",2026,"GMC","Yukon","4WD Elevation","[PREMIUM]","[PREMIUM]",10,"SUV","Downpour Metallic",,"Four-wheel Drive",,,"Gasoline",,,"dealership","[PREMIUM]","Beatrice","NE","[PREMIUM]",,"[]",,,"[PREMIUM]"
"8690c33b-150c-4dd4-b89f-b5cf5477ef3f","2026-03-05 23:19:58.346","2026-03-11 07:19:33.940","8690c33b-150c-4dd4-b89f-b5cf5477ef3f","[PREMIUM]","New",2026,"Ford","Expedition","Tremor","[PREMIUM]","[PREMIUM]",,"SUV","Gray","Black","Four-wheel Drive",,,"Gasoline",,,"dealership","[PREMIUM]","Spokane Valley","WA","[PREMIUM]",,"[]",,,"[PREMIUM]"
"a8cfdbcf-8493-4b47-b309-5eb91c0e80f0","2026-03-05 23:19:58.337","2026-03-11 07:19:34.149","a8cfdbcf-8493-4b47-b309-5eb91c0e80f0","[PREMIUM]","New",2026,"BMW","X5","xDrive40i","[PREMIUM]","[PREMIUM]",0,"SUV","Alpine White","Kphf Coffee Sensafin","All-wheel Drive",,,"Gasoline",,,"dealership","[PREMIUM]","Wayzata","MN","[PREMIUM]",,"[]",,,"[PREMIUM]"
"6d2b83bb-8815-4373-a5f7-d82fc9aa3059","2026-03-05 23:19:58.259","2026-03-11 07:19:34.743","6d2b83bb-8815-4373-a5f7-d82fc9aa3059","[PREMIUM]","New",2026,"GMC","Sierra 2500","AT4","[PREMIUM]","[PREMIUM]",6,"Truck","Sterling","Jet Black","Four-wheel Drive",,,"Diesel",,,"dealership","[PREMIUM]","Mount Vernon","OH","[PREMIUM]",,"[]",,,"[PREMIUM]"
"3da57d5e-2eda-4000-971c-ecdb193a275a","2026-03-05 23:19:58.144","2026-03-11 07:19:33.926","3da57d5e-2eda-4000-971c-ecdb193a275a","[PREMIUM]","New",2026,"Volvo","XC90 Plug-In Hybrid","Ultra Dark Theme, T8 AWD, Electric/Gasoline, 6 Seats","[PREMIUM]","[PREMIUM]",0,"SUV","Denim Blue Metallic","Cardamom","All-wheel Drive",,,"Hybrid",,,"dealership","[PREMIUM]","Silver Spring","MD","[PREMIUM]",,"[]",,,"[PREMIUM]"
"e478d33d-64c7-4eee-af01-a760340097a0","2026-03-05 23:19:58.144","2026-03-20 13:36:55.677","e478d33d-64c7-4eee-af01-a760340097a0","[PREMIUM]","New",2026,"Ford","Expedition Max","Platinum","[PREMIUM]","[PREMIUM]",5,"SUV","STAR WHITE MET TRI-COAT","BLACK ONYX LTHR-TRIMMED","Four-wheel Drive",,,"Gasoline",,,"dealership","[PREMIUM]","Elma","NY","[PREMIUM]",,"[]",,,"[PREMIUM]"
"3e8b9e72-027b-40f6-bab4-287896e9bb64","2026-03-05 23:19:58.140","2026-03-05 23:19:58.140","3e8b9e72-027b-40f6-bab4-287896e9bb64","[PREMIUM]","New",2026,"GMC","Sierra 1500","Denali Ultimate","[PREMIUM]","[PREMIUM]",11,"Truck","Glacier White","Alpine Umber","Four-wheel Drive",,,"Gasoline",,,"dealership","[PREMIUM]","Lucedale","MS","[PREMIUM]",,"[]",,,"[PREMIUM]"
"d4288da0-d779-4643-8e9f-ef243b6d3d65","2026-03-05 23:19:58.042","2026-03-05 23:19:58.042","d4288da0-d779-4643-8e9f-ef243b6d3d65","[PREMIUM]","New",2026,"Ford","F-250",,"[PREMIUM]","[PREMIUM]",4,"Truck","White",,"Four-wheel Drive",,,"Diesel",,,"dealership","[PREMIUM]","Ada","OK","[PREMIUM]",,"[]",,,"[PREMIUM]"
"8b612440-f981-4f25-9c71-edb5457ac7db","2026-03-05 23:19:58.037","2026-03-11 07:19:33.862","8b612440-f981-4f25-9c71-edb5457ac7db","[PREMIUM]","New",2026,"RAM","2500","Limited","[PREMIUM]","[PREMIUM]",10,"Truck","Bright White Clearcoat","Black","Four-wheel Drive",,,"Diesel",,,"dealership","[PREMIUM]","Miami","FL","[PREMIUM]",,"[]",,,"[PREMIUM]"
"c1303c55-adc3-4e48-8886-174bcf15a758","2026-03-05 23:19:58.031","2026-03-20 13:36:55.654","c1303c55-adc3-4e48-8886-174bcf15a758","[PREMIUM]","Used",2026,"INFINITI","QX80","SPORT","[PREMIUM]","[PREMIUM]",3072,"SUV","Dynamic Metal","Graphite","Four-wheel Drive",,,"Gasoline",,,"dealership","[PREMIUM]","Naples","FL","[PREMIUM]",,"[]",,,"[PREMIUM]"
"a0b804b9-b5d5-4320-90f4-6650ec63cf0c","2026-03-05 23:19:57.946","2026-03-11 07:19:34.335","a0b804b9-b5d5-4320-90f4-6650ec63cf0c","[PREMIUM]","New",2026,"GMC","Yukon XL","Elevation","[PREMIUM]","[PREMIUM]",5,"SUV","Onyx Black","Jet Black","Four-wheel Drive",,,"Gasoline",,,"dealership","[PREMIUM]","North Bergen","NJ","[PREMIUM]",,"[]",,,"[PREMIUM]"
"cc5da92e-cc22-494d-8841-58d8ba6077bf","2026-03-05 23:19:57.872","2026-03-05 23:19:57.872","cc5da92e-cc22-494d-8841-58d8ba6077bf","[PREMIUM]","New",2026,"Mercedes-Benz","GLE 450","4MATIC","[PREMIUM]","[PREMIUM]",5,"SUV","Black","Beige","AWD",,,"Gasoline",,,"dealership","[PREMIUM]","Roslyn","NY","[PREMIUM]",,"[]",,,"[PREMIUM]"
"53aba8ea-78a3-4fd1-bf0b-37c225e25e87","2026-03-05 23:19:57.856","2026-03-17 13:36:48.754","53aba8ea-78a3-4fd1-bf0b-37c225e25e87","[PREMIUM]","New",2026,"Mercedes-Benz","GLE 450","4MATIC","[PREMIUM]","[PREMIUM]",3,"SUV","Polar White",,"All-wheel Drive",,,"Gasoline",,,"dealership","[PREMIUM]","New Rochelle","NY","[PREMIUM]",,"[]",,,"[PREMIUM]"
"11a751a0-aaf1-4c44-a1e3-570afc1cf5f2","2026-03-05 23:19:57.854","2026-03-20 13:36:55.624","11a751a0-aaf1-4c44-a1e3-570afc1cf5f2","[PREMIUM]","New",2026,"Ford","F-250","Lariat","[PREMIUM]","[PREMIUM]",3,"Truck","Gray Metallic","Black Onyx","Four-wheel Drive",,,"Diesel",,,"dealership","[PREMIUM]","Upland","CA","[PREMIUM]",,"[]",,,"[PREMIUM]"
"505295ab-2950-4e39-982c-41c198e75cac","2026-03-05 23:19:49.645","2026-03-20 13:36:55.670","505295ab-2950-4e39-982c-41c198e75cac","[PREMIUM]","New",2026,"BMW","iX","xDrive45","[PREMIUM]","[PREMIUM]",,"SUV","Arctic Race Blue Metallic","Mocha","All-wheel Drive",,,"Electric",,,"dealership","[PREMIUM]","Nashua","NH","[PREMIUM]",,"[]",,,"[PREMIUM]"
"a51203ee-ac8a-4f13-a9d0-26cc1dfa0d59","2026-03-05 23:19:49.537","2026-03-11 07:19:33.941","a51203ee-ac8a-4f13-a9d0-26cc1dfa0d59","[PREMIUM]","New",2026,"Mercedes-Benz","GLE 450","4MATIC","[PREMIUM]","[PREMIUM]",10,"SUV","MANUFAKTUR Moonlight White Metallic","Macchiato","All-wheel Drive",,,"Gasoline",,,"dealership","[PREMIUM]","Grapevine","TX","[PREMIUM]",,"[]",,,"[PREMIUM]"
"2794d336-117b-4bd1-8299-d02681387a7b","2026-03-05 23:19:48.856","2026-03-05 23:19:48.856","2794d336-117b-4bd1-8299-d02681387a7b","[PREMIUM]","New",2026,"Ford","Expedition","Tremor","[PREMIUM]","[PREMIUM]",0,"SUV","Glacier Gray Metallic Tri-Coat","Black Onyx/Electric Spice","Four-wheel Drive",,,"Gasoline",,,"dealership","[PREMIUM]","Bismarck","ND","[PREMIUM]",,"[]",,,"[PREMIUM]"
"2d08aad9-3683-475f-b21e-7ca7b90633b1","2026-03-05 23:19:48.367","2026-03-05 23:19:48.367","2d08aad9-3683-475f-b21e-7ca7b90633b1","[PREMIUM]","New",2026,"Land Rover","Range Rover Sport","SE","[PREMIUM]","[PREMIUM]",15,"SUV","Santorini Black Metallic","Ebony","All-wheel Drive",,,"Gasoline",,,"dealership","[PREMIUM]","West Nyack","NY","[PREMIUM]",,"[]",,,"[PREMIUM]"
"b8a30981-749c-4c23-9719-b9fb25ad27a3","2026-03-05 23:19:48.351","2026-03-11 07:19:34.039","b8a30981-749c-4c23-9719-b9fb25ad27a3","[PREMIUM]","New",2026,"Land Rover","Defender","P400 X-Dynamic SE","[PREMIUM]","[PREMIUM]",9,"SUV","Woolstone Green Metallic","Ebony","All-wheel Drive",,,"Gasoline",,,"dealership","[PREMIUM]","Darien","CT","[PREMIUM]",,"[]",,,"[PREMIUM]"
"153bada8-b1a0-4202-bbb3-08d3ddd64a53","2026-03-05 23:19:48.344","2026-03-17 13:36:38.073","153bada8-b1a0-4202-bbb3-08d3ddd64a53","[PREMIUM]","New",2026,"Ford","Bronco","Raptor","[PREMIUM]","[PREMIUM]",5,"SUV","Gray",,"Four-wheel Drive",,,"Gasoline",,,"dealership","[PREMIUM]","Arlington","TX","[PREMIUM]",,"[]",,,"[PREMIUM]"
"6e5aae59-5389-4500-867f-7f7ee47bfba3","2026-03-05 23:19:48.331","2026-03-05 23:19:48.331","6e5aae59-5389-4500-867f-7f7ee47bfba3","[PREMIUM]","New",2026,"Land Rover","Defender","P400 X-Dynamic SE","[PREMIUM]","[PREMIUM]",25,"SUV","Woolstone Green","Ebony","AWD",,,"Gasoline",,,"dealership","[PREMIUM]","Austin","TX","[PREMIUM]",,"[]",,,"[PREMIUM]"
"6194bf18-f1e2-4309-b59d-160784ca059d","2026-03-05 23:19:48.152","2026-03-20 13:36:55.641","6194bf18-f1e2-4309-b59d-160784ca059d","[PREMIUM]","New",2026,"Ford","Expedition Max","Platinum","[PREMIUM]","[PREMIUM]",4,"SUV","Dark Matter Gray Metallic","Gray","Four-wheel Drive",,,"Gasoline",,,"dealership","[PREMIUM]","Delray Beach","FL","[PREMIUM]",,"[]",,,"[PREMIUM]"
"fd1e50cd-5ff5-452e-a89b-548f352ad7cb","2026-03-05 23:19:39.340","2026-03-05 23:19:39.340","fd1e50cd-5ff5-452e-a89b-548f352ad7cb","[PREMIUM]","New",2026,"Land Rover","Defender","P400 X-Dynamic SE","[PREMIUM]","[PREMIUM]",1,"SUV","Woolstone Green","Carway","All-wheel Drive",,,"Gasoline",,,"dealership","[PREMIUM]","Seaside","CA","[PREMIUM]",,"[]",,,"[PREMIUM]"
"97a99b21-0d81-45b4-b356-fc89563fe2ad","2026-03-05 23:19:18.359","2026-03-05 23:19:18.359","97a99b21-0d81-45b4-b356-fc89563fe2ad","[PREMIUM]","New",2026,"Toyota","Sequoia","1794 Edition","[PREMIUM]","[PREMIUM]",0,"SUV","Blueprint","Saddle Tan Leather-trimmed","Four-wheel Drive",,,"Gasoline",,,"dealership","[PREMIUM]","Swansea","MA","[PREMIUM]",,"[]",,,"[PREMIUM]"
"d1ac76f2-f152-4ead-b559-22579610f50e","2026-03-05 23:19:18.353","2026-03-14 13:30:56.808","d1ac76f2-f152-4ead-b559-22579610f50e","[PREMIUM]","New",2026,"Land Rover","Defender","110 X-Dynamic SE","[PREMIUM]","[PREMIUM]",25,"SUV","Borasco Grey","Ebony","All-wheel Drive",,,"Gasoline",,,"dealership","[PREMIUM]","Austin","TX","[PREMIUM]",,"[]",,,"[PREMIUM]"
"c413c3c0-7673-4fa4-8b54-6e2d79aac327","2026-03-05 23:19:18.352","2026-03-11 07:19:23.844","c413c3c0-7673-4fa4-8b54-6e2d79aac327","[PREMIUM]","New",2026,"Toyota","Sequoia","Capstone","[PREMIUM]","[PREMIUM]",0,"SUV","Celestial Silver Metallic","Shale Premium Textured Leather-trimmed","Four-wheel Drive",,,"Gasoline",,,"dealership","[PREMIUM]","Swansea","MA","[PREMIUM]",,"[]",,,"[PREMIUM]"
"2e563d27-a444-4981-946c-3a492815bd91","2026-03-05 23:19:18.046","2026-03-05 23:19:18.046","2e563d27-a444-4981-946c-3a492815bd91","[PREMIUM]","New",2026,"Genesis","GV80","3.5T Prestige Black","[PREMIUM]","[PREMIUM]",5,"SUV","Vik Black","Obsidian Black","AWD",,,"Gasoline",,,"dealership","[PREMIUM]","White Plains","NY","[PREMIUM]",,"[]",,,"[PREMIUM]"
"89579c1f-3bb0-4f1f-963a-8afa39fb716f","2026-03-05 23:19:17.850","2026-03-05 23:19:17.850","89579c1f-3bb0-4f1f-963a-8afa39fb716f","[PREMIUM]","New",2026,"Ford","F-350","Platinum","[PREMIUM]","[PREMIUM]",8,"Truck","Agate Black Metallic","Black Onyx","4WD",,,"Gasoline",,,"dealership","[PREMIUM]","Delray Beach","FL","[PREMIUM]",,"[]",,,"[PREMIUM]"
"060742d3-312e-4b7b-b144-445f51a44466","2026-03-05 23:19:17.841","2026-03-20 13:36:55.669","060742d3-312e-4b7b-b144-445f51a44466","[PREMIUM]","New",2026,"Chevrolet","Tahoe","Premier","[PREMIUM]","[PREMIUM]",0,"SUV","Gray","Jet Black","Four-wheel Drive",,,"Gasoline",,,"dealership","[PREMIUM]","Gainesville","FL","[PREMIUM]",,"[]",,,"[PREMIUM]"
"1e562c92-b806-4b79-9ad0-7ae63fafbf81","2026-03-05 23:19:17.643","2026-03-05 23:19:17.643","1e562c92-b806-4b79-9ad0-7ae63fafbf81","[PREMIUM]","New",2026,"Land Rover","Defender","P400 X-Dynamic SE","[PREMIUM]","[PREMIUM]",,"SUV","Carpathian Grey","Ebony","AWD",,,"Gasoline",,,"dealership","[PREMIUM]","Paramus","NJ","[PREMIUM]",,"[]",,,"[PREMIUM]"
"a5e4fd09-d619-4233-ae1c-510307da6086","2026-03-05 23:19:17.636","2026-03-05 23:19:17.636","a5e4fd09-d619-4233-ae1c-510307da6086","[PREMIUM]","New",2026,"Genesis","GV80","3.5T Prestige Black","[PREMIUM]","[PREMIUM]",5,"SUV","Vik Black","Obsidian Black","AWD",,,"Gasoline",,,"dealership","[PREMIUM]","White Plains","NY","[PREMIUM]",,"[]",,,"[PREMIUM]"
"e73db561-591a-468d-829c-849952244b1b","2026-03-05 23:19:17.636","2026-03-20 13:36:55.625","e73db561-591a-468d-829c-849952244b1b","[PREMIUM]","New",2026,"Land Rover","Defender","P400 X-Dynamic SE","[PREMIUM]","[PREMIUM]",25,"SUV","Carpathian Grey","Carway","All-wheel Drive",,,"Gasoline",,,"dealership","[PREMIUM]","Austin","TX","[PREMIUM]",,"[]",,,"[PREMIUM]"
"861fb159-4aac-4f86-9d5b-6fcfaac704f4","2026-03-05 23:19:17.439","2026-03-05 23:19:17.439","861fb159-4aac-4f86-9d5b-6fcfaac704f4","[PREMIUM]","New",2026,"Land Rover","Range Rover Sport","SE","[PREMIUM]","[PREMIUM]",25,"SUV","Santorini Black","Carway","AWD",,,"Gasoline",,,"dealership","[PREMIUM]","Austin","TX","[PREMIUM]",,"[]",,,"[PREMIUM]"
"d29f2230-8534-4dd7-965b-56fc5c958e28","2026-03-05 23:18:22.908","2026-03-05 23:18:22.908","d29f2230-8534-4dd7-965b-56fc5c958e28","[PREMIUM]","Used",2017,"Mercedes-Benz","AMG GT","AMG GT S","[PREMIUM]","[PREMIUM]",11950,"Coupe","NOT SPECIFIED",,"RWD",,,"Gasoline",,,"dealership","[PREMIUM]","Loveland","CO","[PREMIUM]",,"[]",,,"[PREMIUM]"
"93e2a32e-54f6-43cf-ab72-137f2ec1cbcd","2026-03-05 23:18:01.866","2026-03-05 23:18:01.866","93e2a32e-54f6-43cf-ab72-137f2ec1cbcd","[PREMIUM]","Used",2020,"Ford","F-450","Platinum","[PREMIUM]","[PREMIUM]",23606,"Truck","Star White","Black","Four-wheel Drive",,,"Diesel",,,"dealership","[PREMIUM]","St Cloud","MN","[PREMIUM]",,"[]",,,"[PREMIUM]"
"03b0859d-479f-4d1c-8f49-4bb9aa026675","2026-03-05 23:18:01.864","2026-03-17 13:36:18.260","03b0859d-479f-4d1c-8f49-4bb9aa026675","[PREMIUM]","Used",2021,"Ford","Shelby GT500","Base","[PREMIUM]","[PREMIUM]",33665,"Coupe","Gray","Ebony","Rear-wheel Drive",,,"Gasoline",,,"dealership","[PREMIUM]","North Richland Hills","TX","[PREMIUM]",,"[]",,,"[PREMIUM]"
"666fa6e1-c52c-42ed-bcac-ba518e37ec6c","2026-03-05 23:18:01.839","2026-03-11 07:19:01.140","666fa6e1-c52c-42ed-bcac-ba518e37ec6c","[PREMIUM]","Used",2020,"Ford","Shelby GT350","Base","[PREMIUM]","[PREMIUM]",11187,"Coupe","RACE RED","EBONY RECARO CLOTH/SUEDE","Rear-wheel Drive",,,"Gasoline",,,"dealership","[PREMIUM]","Bentonville","AR","[PREMIUM]",,"[]",,,"[PREMIUM]"
"22ec844d-c3d2-4f70-a36f-2d66b7339481","2026-03-05 23:17:40.661","2026-03-05 23:17:40.661","22ec844d-c3d2-4f70-a36f-2d66b7339481","[PREMIUM]","Used",2023,"Dodge","Challenger","SRT Hellcat","[PREMIUM]","[PREMIUM]",64,"Coupe","White Knuckle Clearcoat","Black","Rear-wheel Drive",,,"Gasoline",,,"dealership","[PREMIUM]","Barrington","IL","[PREMIUM]",,"[]",,,"[PREMIUM]"
"8d70ddb8-a1bf-4ad9-ae4b-82d5c1de89e1","2026-03-05 23:17:40.564","2026-03-14 13:30:45.794","8d70ddb8-a1bf-4ad9-ae4b-82d5c1de89e1","[PREMIUM]","Used",2023,"RAM","1500","TRX","[PREMIUM]","[PREMIUM]",28650,"Truck","Bright White Clearcoat","Black","Four-wheel Drive",,,"Gasoline",,,"dealership","[PREMIUM]","Austin","TX","[PREMIUM]",,"[]",,,"[PREMIUM]"
"19eab482-e382-4a65-b032-af51f8a71512","2026-03-05 23:17:29.939","2026-03-05 23:17:29.939","19eab482-e382-4a65-b032-af51f8a71512","[PREMIUM]","New",2024,"Jaguar","I-PACE","R-Dynamic HSE","[PREMIUM]","[PREMIUM]",1,"SUV","Santorini Black","Siena Tan / Ebony","All-wheel Drive",,,"Electric",,,"dealership","[PREMIUM]","Seaside","CA","[PREMIUM]",,"[]",,,"[PREMIUM]"
"e227459a-4e1b-42e5-be58-6a160ba02902","2026-03-05 23:17:29.849","2026-03-05 23:17:29.849","e227459a-4e1b-42e5-be58-6a160ba02902","[PREMIUM]","New",2024,"Land Rover","Defender","P400 X-Dynamic SE","[PREMIUM]","[PREMIUM]",1,"SUV","Santorini Black","Ebony","All-wheel Drive",,,"Gasoline",,,"dealership","[PREMIUM]","Seaside","CA","[PREMIUM]",,"[]",,,"[PREMIUM]"
"ba1928cf-ee4f-4e07-a295-afef0231e2be","2026-03-05 23:17:29.830","2026-03-05 23:17:29.830","ba1928cf-ee4f-4e07-a295-afef0231e2be","[PREMIUM]","New",2025,"Ford","F-150 Lightning","Platinum","[PREMIUM]","[PREMIUM]",17,"Truck","White Metallic","Space Gray","All-wheel Drive",,,"Electric",,,"dealership","[PREMIUM]","Buena Park","CA","[PREMIUM]",,"[]",,,"[PREMIUM]"
"dbcfd8e2-71f2-4d34-a9b1-316232c570d2","2026-03-05 23:17:29.826","2026-03-05 23:17:29.826","dbcfd8e2-71f2-4d34-a9b1-316232c570d2","[PREMIUM]","New",2025,"Land Rover","Defender","P300","[PREMIUM]","[PREMIUM]",25,"SUV","Santorini Black","Ebony / Ebony","AWD",,,"Gasoline",,,"dealership","[PREMIUM]","Austin","TX","[PREMIUM]",,"[]",,,"[PREMIUM]"
"f709ae18-56b4-42a3-aaf4-3703e877b5bf","2026-03-05 23:17:20.837","2026-03-05 23:17:20.837","f709ae18-56b4-42a3-aaf4-3703e877b5bf","[PREMIUM]","New",2024,"Jaguar","F-TYPE","P450 R-Dynamic","[PREMIUM]","[PREMIUM]",25,"Coupe","Fuji White","Ebony","RWD",,,"Gasoline",,,"dealership","[PREMIUM]","Austin","TX","[PREMIUM]",,"[]",,,"[PREMIUM]"
"8688408d-932d-4585-926f-0b018d268f18","2026-03-05 23:17:20.743","2026-03-05 23:17:20.743","8688408d-932d-4585-926f-0b018d268f18","[PREMIUM]","New",2025,"Ford","F-150","Platinum","[PREMIUM]","[PREMIUM]",239,"Truck","Star White","Blue","Four-wheel Drive",,,"Gasoline",,,"dealership","[PREMIUM]","Kansas City","MO","[PREMIUM]",,"[]",,,"[PREMIUM]"
"0655e887-a996-484b-a258-af5297f723d6","2026-03-05 23:17:20.742","2026-03-20 13:36:34.694","0655e887-a996-484b-a258-af5297f723d6","[PREMIUM]","Used",2024,"Cadillac","Escalade ESV","Sport","[PREMIUM]","[PREMIUM]",27152,"SUV","Black Raven","Jet Black","Four-wheel Drive",,,"Gasoline",,,"dealership","[PREMIUM]","Franklin","TN","[PREMIUM]",,"[]",,,"[PREMIUM]"
"142854c4-b545-4c1a-a82d-dd74c6dc4685","2026-03-05 23:17:20.739","2026-03-05 23:17:20.739","142854c4-b545-4c1a-a82d-dd74c6dc4685","[PREMIUM]","Used",2025,"Ford","F-450","Lariat","[PREMIUM]","[PREMIUM]",13612,"Truck","Glacier Gray Metallic","Black Onyx","Four-wheel Drive",,,"Diesel",,,"dealership","[PREMIUM]","Bend","OR","[PREMIUM]",,"[]",,,"[PREMIUM]"
"d7b1f461-24a6-4bbe-a055-433e18e3d637","2026-03-05 23:17:20.739","2026-03-11 07:18:50.326","d7b1f461-24a6-4bbe-a055-433e18e3d637","[PREMIUM]","Used",2024,"Porsche","718 Boxster",,"[PREMIUM]","[PREMIUM]",2885,"Convertible",,,"Rear-wheel Drive",,,"Gasoline",,,"dealership","[PREMIUM]","Birmingham","AL","[PREMIUM]",,"[]",,,"[PREMIUM]"
"abffae05-a965-4781-bb03-1cc6ca0d1a5f","2026-03-05 23:17:20.640","2026-03-11 07:18:50.351","abffae05-a965-4781-bb03-1cc6ca0d1a5f","[PREMIUM]","New",2025,"Land Rover","Defender","P300 S","[PREMIUM]","[PREMIUM]",24,"SUV","Santorini Black","Ebony","All-wheel Drive",,,"Gasoline",,,"dealership","[PREMIUM]","Austin","TX","[PREMIUM]",,"[]",,,"[PREMIUM]"
"98bb83b1-c8a0-4e11-908f-d4e2b27470ed","2026-03-05 23:17:20.551","2026-03-11 07:18:50.410","98bb83b1-c8a0-4e11-908f-d4e2b27470ed","[PREMIUM]","Used",2024,"Ford","F-250","Lariat","[PREMIUM]","[PREMIUM]",32394,"Truck","Agate Black Metallic","Black Onyx","Four-wheel Drive",,,"Diesel",,,"dealership","[PREMIUM]","Buena Park","CA","[PREMIUM]",,"[]",,,"[PREMIUM]"
"09da7e30-fe90-4ce0-926d-a8c929db357d","2026-03-05 23:17:20.549","2026-03-11 07:18:50.344","09da7e30-fe90-4ce0-926d-a8c929db357d","[PREMIUM]","New",2025,"Land Rover","Defender","P300 S","[PREMIUM]","[PREMIUM]",25,"SUV","Fuji White","Ebony","All-wheel Drive",,,"Gasoline",,,"dealership","[PREMIUM]","Austin","TX","[PREMIUM]",,"[]",,,"[PREMIUM]"
"0e9638a5-0266-429d-8625-6bb68e9a32c9","2026-03-05 23:17:20.543","2026-03-05 23:17:20.543","0e9638a5-0266-429d-8625-6bb68e9a32c9","[PREMIUM]","New",2026,"GMC","Yukon XL","Elevation","[PREMIUM]","[PREMIUM]",45,"SUV","Red","Jet Black","RWD",,,"Gasoline",,,"dealership","[PREMIUM]","Houston","TX","[PREMIUM]",,"[]",,,"[PREMIUM]"
"8c1a9d8a-99b3-4e75-ae2d-ef7b4d9862fa","2026-03-05 23:17:20.540","2026-03-11 07:18:50.341","8c1a9d8a-99b3-4e75-ae2d-ef7b4d9862fa","[PREMIUM]","New",2025,"Land Rover","Range Rover Sport","P360 S","[PREMIUM]","[PREMIUM]",1,"SUV","Fuji White","Ebony / Ebony","All-wheel Drive",,,"Gasoline",,,"dealership","[PREMIUM]","Seaside","CA","[PREMIUM]",,"[]",,,"[PREMIUM]"
"f77816b8-17d7-4a2d-9851-7a1f966fe4d8","2026-03-05 23:17:20.540","2026-03-11 07:18:50.365","f77816b8-17d7-4a2d-9851-7a1f966fe4d8","[PREMIUM]","Used",2025,"Land Rover","Range Rover Sport","P360 SE","[PREMIUM]","[PREMIUM]",19605,"SUV","Santorini Black","Ebony / Ebony","All-wheel Drive",,,"Gasoline",,,"dealership","[PREMIUM]","Seaside","CA","[PREMIUM]",,"[]",,,"[PREMIUM]"
"2e499c69-8e60-4d94-a017-0e3c79516583","2026-03-05 23:17:20.452","2026-03-05 23:17:20.452","2e499c69-8e60-4d94-a017-0e3c79516583","[PREMIUM]","Used",2024,"Ford","F-350","Platinum","[PREMIUM]","[PREMIUM]",13136,"Truck","White Metallic","Black Onyx","Four-wheel Drive",,,"Diesel",,,"dealership","[PREMIUM]","Paris","KY","[PREMIUM]",,"[]",,,"[PREMIUM]"
"de62907a-fef7-444e-8970-d7d05d38008d","2026-03-05 23:17:20.449","2026-03-05 23:17:20.449","de62907a-fef7-444e-8970-d7d05d38008d","[PREMIUM]","New",2026,"GMC","Yukon XL","Elevation","[PREMIUM]","[PREMIUM]",0,"SUV","Red","Jet Black","RWD",,,"Gasoline",,,"dealership","[PREMIUM]","Houston","TX","[PREMIUM]",,"[]",,,"[PREMIUM]"
"4d14df7d-9842-4f9a-95e4-f336b68dff0e","2026-03-05 23:17:20.436","2026-03-05 23:17:20.436","4d14df7d-9842-4f9a-95e4-f336b68dff0e","[PREMIUM]","New",2025,"Land Rover","Discovery","P360 Dynamic SE","[PREMIUM]","[PREMIUM]",1,"SUV","Carpathian Grey","Carway","All-wheel Drive",,,"Gasoline",,,"dealership","[PREMIUM]","Seaside","CA","[PREMIUM]",,"[]",,,"[PREMIUM]"
"6c0bc3d3-a7c3-425e-9880-a13636326b52","2026-03-05 23:17:08.945","2026-03-20 13:36:34.715","6c0bc3d3-a7c3-425e-9880-a13636326b52","[PREMIUM]","New",2026,"GMC","Yukon","Elevation","[PREMIUM]","[PREMIUM]",5,"SUV","Black","Jet Black","Rear-wheel Drive",,,"Gasoline",,,"dealership","[PREMIUM]","Houston","TX","[PREMIUM]",,"[]",,,"[PREMIUM]"
"adbbf386-24a5-4678-81ca-c8f3a7abacfb","2026-03-05 23:17:08.878","2026-03-14 13:30:45.788","adbbf386-24a5-4678-81ca-c8f3a7abacfb","[PREMIUM]","New",2026,"BMW","iX","xDrive45","[PREMIUM]","[PREMIUM]",0,"SUV","Dark Graphite Metallic","Black","All-wheel Drive",,,"Electric",,,"dealership","[PREMIUM]","Santa Clara","CA","[PREMIUM]",,"[]",,,"[PREMIUM]"
"ebb100ed-9e7e-4535-98ef-5ad9cf4cd7a2","2026-03-05 23:17:08.871","2026-03-14 13:30:45.809","ebb100ed-9e7e-4535-98ef-5ad9cf4cd7a2","[PREMIUM]","New",2026,"GMC","Yukon XL","Elevation","[PREMIUM]","[PREMIUM]",6,"SUV","White",,"Four-wheel Drive",,,"Gasoline",,,"dealership","[PREMIUM]","Houston","TX","[PREMIUM]",,"[]",,,"[PREMIUM]"
"330626c4-d752-4a9b-9f80-dc8b0f0bd771","2026-03-05 23:17:08.865","2026-03-11 07:18:50.439","330626c4-d752-4a9b-9f80-dc8b0f0bd771","[PREMIUM]","New",2026,"GMC","Sierra 2500","Denali","[PREMIUM]","[PREMIUM]",0,"Truck","Gray","Jet Black","Four-wheel Drive",,,"Diesel",,,"dealership","[PREMIUM]","Houston","TX","[PREMIUM]",,"[]",,,"[PREMIUM]"
"055531f2-4fad-46fd-911b-27216d7f5ed0","2026-03-05 23:17:08.864","2026-03-05 23:17:08.864","055531f2-4fad-46fd-911b-27216d7f5ed0","[PREMIUM]","New",2026,"BMW","X5","xDrive40i","[PREMIUM]","[PREMIUM]",0,"SUV","Blue Ridge Mountain Metallic","Silverstone","All-wheel Drive",,,"Gasoline",,,"dealership","[PREMIUM]","Midlothian","VA","[PREMIUM]",,"[]",,,"[PREMIUM]"
"6c26fb44-5445-4ffb-9f63-f315d0e7574d","2026-03-05 23:17:08.848","2026-03-11 07:18:50.338","6c26fb44-5445-4ffb-9f63-f315d0e7574d","[PREMIUM]","New",2026,"GMC","Yukon XL","AT4","[PREMIUM]","[PREMIUM]",5,"SUV","White","Storm","Four-wheel Drive",,,"Gasoline",,,"dealership","[PREMIUM]","Houston","TX","[PREMIUM]",,"[]",,,"[PREMIUM]"
"de2f67aa-9389-469c-8fe8-34117b0e7a09","2026-03-05 23:17:08.848","2026-03-11 07:18:50.559","de2f67aa-9389-469c-8fe8-34117b0e7a09","[PREMIUM]","New",2026,"GMC","Yukon XL","Elevation","[PREMIUM]","[PREMIUM]",6,"SUV","Gray","Jet Black","Rear-wheel Drive",,,"Gasoline",,,"dealership","[PREMIUM]","Houston","TX","[PREMIUM]",,"[]",,,"[PREMIUM]"
"6c6018ca-27b5-4a11-bd56-f8cb50cfe7ac","2026-03-05 23:17:08.846","2026-03-20 13:36:14.039","6c6018ca-27b5-4a11-bd56-f8cb50cfe7ac","[PREMIUM]","New",2026,"GMC","Yukon XL","Elevation","[PREMIUM]","[PREMIUM]",6,"SUV","Black",,"Rear-wheel Drive",,,"Gasoline",,,"dealership","[PREMIUM]","Houston","TX","[PREMIUM]",,"[]",,,"[PREMIUM]"
"17b54680-beab-483d-b11f-77aedfd3d262","2026-03-05 23:17:08.842","2026-03-20 13:36:14.077","17b54680-beab-483d-b11f-77aedfd3d262","[PREMIUM]","New",2026,"GMC","Yukon XL","Elevation","[PREMIUM]","[PREMIUM]",6,"SUV","White","Jet Black","Rear-wheel Drive",,,"Gasoline",,,"dealership","[PREMIUM]","Houston","TX","[PREMIUM]",,"[]",,,"[PREMIUM]"
"05a059ca-9ae5-4a7b-9dc1-8aabe1d86321","2026-03-05 23:17:08.830","2026-03-11 07:18:50.383","05a059ca-9ae5-4a7b-9dc1-8aabe1d86321","[PREMIUM]","New",2026,"GMC","Sierra 1500","Denali","[PREMIUM]","[PREMIUM]",0,"Truck","White","Jet Black","Four-wheel Drive",,,"Gasoline",,,"dealership","[PREMIUM]","Houston","TX","[PREMIUM]",,"[]",,,"[PREMIUM]"
"913b6792-7ef0-40d6-afbd-e96872737565","2026-03-05 23:16:58.326","2026-03-05 23:16:58.326","913b6792-7ef0-40d6-afbd-e96872737565","[PREMIUM]","New",2026,"BMW","X5","xDrive40i","[PREMIUM]","[PREMIUM]",8,"SUV","Black Sapphire Metallic","Cognac","All Wheel Drive",,,"Premium unleaded",,,"dealership","[PREMIUM]","Dublin","OH","[PREMIUM]",,"[]",,,"[PREMIUM]"
"73cb46c8-f05f-41ca-854e-8fe4b097b74e","2026-03-05 23:16:58.303","2026-03-17 13:36:11.436","73cb46c8-f05f-41ca-854e-8fe4b097b74e","[PREMIUM]","New",2026,"BMW","X5","xDrive40i","[PREMIUM]","[PREMIUM]",5,"SUV","Alpine White","Black","All-wheel Drive",,,"Gasoline",,,"dealership","[PREMIUM]","Hyannis","MA","[PREMIUM]",,"[]",,,"[PREMIUM]"
"2a76f7c0-ecf1-4b0d-be5b-8f4d0966e3d2","2026-03-05 23:16:58.176","2026-03-11 07:18:50.331","2a76f7c0-ecf1-4b0d-be5b-8f4d0966e3d2","[PREMIUM]","New",2026,"Porsche","Macan","AWD","[PREMIUM]","[PREMIUM]",9,"SUV","I7/Copper Ruby Met","JF/Standard Interi","All-wheel Drive",,,"Gasoline",,,"dealership","[PREMIUM]","Westwood","MA","[PREMIUM]",,"[]",,,"[PREMIUM]"
"c43cab41-575b-4659-ae32-7b3faaa0ae54","2026-03-05 23:16:58.171","2026-03-11 07:18:39.598","c43cab41-575b-4659-ae32-7b3faaa0ae54","[PREMIUM]","New",2026,"Chevrolet","Tahoe","4WD Z71","[PREMIUM]","[PREMIUM]",5,"SUV","Dark Ash Metallic","Jet Black","Four-wheel Drive",,,"Gasoline",,,"dealership","[PREMIUM]","Newark","OH","[PREMIUM]",,"[]",,,"[PREMIUM]"
"66fbfb52-1e73-4842-804c-48c56632ad1c","2026-03-05 23:16:58.150","2026-03-11 07:18:39.628","66fbfb52-1e73-4842-804c-48c56632ad1c","[PREMIUM]","New",2026,"GMC","Sierra 1500","Denali Ultimate","[PREMIUM]","[PREMIUM]",267,"Truck","Glacier White Tricoat","Alpine Umber","Four-wheel Drive",,,"Diesel",,,"dealership","[PREMIUM]","Madison","WI","[PREMIUM]",,"[]",,,"[PREMIUM]"
"a9ea2e92-c149-4b20-90c4-1ac2a45402ac","2026-03-05 23:16:58.139","2026-03-14 13:30:45.805","a9ea2e92-c149-4b20-90c4-1ac2a45402ac","[PREMIUM]","New",2026,"Ford","Expedition","Platinum","[PREMIUM]","[PREMIUM]",7,"SUV","OXFORD WHITE","BLACK ONYX LTHR-TRIMMED","Four-wheel Drive",,,"Gasoline",,,"dealership","[PREMIUM]","North Little Rock","AR","[PREMIUM]",,"[]",,,"[PREMIUM]"
"5c219d4e-4705-47bd-86d7-76ec42bc7006","2026-03-05 23:16:58.130","2026-03-05 23:16:58.130","5c219d4e-4705-47bd-86d7-76ec42bc7006","[PREMIUM]","New",2026,"BMW","X5","xDrive40i","[PREMIUM]","[PREMIUM]",6,"SUV","Gray Metallic","Silverstone","AWD",,,"Gasoline",,,"dealership","[PREMIUM]","Naples","FL","[PREMIUM]",,"[]",,,"[PREMIUM]"
"0e0e16d9-a0f6-4f90-847b-dc23f6c7d33a","2026-03-05 23:16:58.119","2026-03-05 23:16:58.119","0e0e16d9-a0f6-4f90-847b-dc23f6c7d33a","[PREMIUM]","New",2026,"GMC","Sierra 1500","Denali Ultimate","[PREMIUM]","[PREMIUM]",0,"Truck","Onyx Black","Alpine Umber","Four-wheel Drive",,,"Gasoline",,,"dealership","[PREMIUM]","Hodgkins","IL","[PREMIUM]",,"[]",,,"[PREMIUM]"
"5c73fb9e-7bf9-4d58-9ab7-2ee3857f85a3","2026-03-05 23:16:58.113","2026-03-11 07:18:39.593","5c73fb9e-7bf9-4d58-9ab7-2ee3857f85a3","[PREMIUM]","New",2026,"Jeep","Wrangler","4-Door Moab 392 4x4","[PREMIUM]","[PREMIUM]",11,"SUV","Bright White Clearcoat","Black","Four-wheel Drive",,,"Gasoline",,,"dealership","[PREMIUM]","Madison","WI","[PREMIUM]",,"[]",,,"[PREMIUM]"
"84ba8a2d-3986-48b3-98a9-67fdb676b09d","2026-03-05 23:16:58.112","2026-03-05 23:16:58.112","84ba8a2d-3986-48b3-98a9-67fdb676b09d","[PREMIUM]","New",2026,"Lincoln","Aviator","Reserve AWD","[PREMIUM]","[PREMIUM]",0,"SUV","Pristine White Metallic Tri-Coat","Light Space Gray &amp; Onyx","All-wheel Drive",,,"Gasoline",,,"dealership","[PREMIUM]","Harrisonburg","VA","[PREMIUM]",,"[]",,,"[PREMIUM]"
"2259876e-1901-4a33-a4b5-05d528b52494","2026-03-05 23:16:58.111","2026-03-05 23:16:58.111","2259876e-1901-4a33-a4b5-05d528b52494","[PREMIUM]","New",2026,"Ford","F-250","XLT","[PREMIUM]","[PREMIUM]",11,"Truck","AGATE BLACK","MEDIUM DARK SLATE CLOTH","Four-wheel Drive",,,"Diesel",,,"dealership","[PREMIUM]","North Little Rock","AR","[PREMIUM]",,"[]",,,"[PREMIUM]"
"3ff1a143-081d-4762-8618-e4817640b2df","2026-03-05 23:16:58.109","2026-03-05 23:16:58.109","3ff1a143-081d-4762-8618-e4817640b2df","[PREMIUM]","New",2026,"Genesis","GV80","3.5T","[PREMIUM]","[PREMIUM]",5,"SUV","Capri Blue","Earth Brown/Smoky Green","All-wheel Drive",,,"Gasoline",,,"dealership","[PREMIUM]","Tulsa","OK","[PREMIUM]",,"[]",,,"[PREMIUM]"
"d0a6c7df-cb8c-4962-83c5-3a96353659e2","2026-03-05 23:16:58.108","2026-03-11 07:18:39.739","d0a6c7df-cb8c-4962-83c5-3a96353659e2","[PREMIUM]","New",2026,"Lexus","TX 500h","F SPORT Performance","[PREMIUM]","[PREMIUM]",4,"SUV","Caviar","Black","All-wheel Drive",,,"Gasoline",,,"dealership","[PREMIUM]","Raleigh","NC","[PREMIUM]",,"[]",,,"[PREMIUM]"
"1a2e4e90-e5e5-4ef0-8627-3e173ef899f3","2026-03-05 23:16:58.105","2026-03-14 13:30:45.764","1a2e4e90-e5e5-4ef0-8627-3e173ef899f3","[PREMIUM]","New",2026,"RAM","1500","Laramie","[PREMIUM]","[PREMIUM]",6,"Truck","Forged Blue Metallic","Black","Four-wheel Drive",,,"Gasoline",,,"dealership","[PREMIUM]","New Prague","MN","[PREMIUM]",,"[]",,,"[PREMIUM]"
"b1a89386-6702-48fa-8ada-f6d672f8e808","2026-03-05 23:16:58.102","2026-03-11 07:18:39.733","b1a89386-6702-48fa-8ada-f6d672f8e808","[PREMIUM]","New",2026,"Mercedes-Benz","GLE 350","Base 4MATIC","[PREMIUM]","[PREMIUM]",5,"SUV","Blue","Brown","All-wheel Drive",,,"Gasoline",,,"dealership","[PREMIUM]","Roslyn","NY","[PREMIUM]",,"[]",,,"[PREMIUM]"
"0b5e3a0b-fa28-4b8a-94f6-c35900e34e88","2026-03-05 23:16:58.096","2026-03-05 23:16:58.096","0b5e3a0b-fa28-4b8a-94f6-c35900e34e88","[PREMIUM]","New",2026,"Ford","F-150","Raptor","[PREMIUM]","[PREMIUM]",6,"Truck","Agate Black Metallic","Black","Four-wheel Drive",,,"Gasoline",,,"dealership","[PREMIUM]","Sterling","IL","[PREMIUM]",,"[]",,,"[PREMIUM]"
"644fc465-df06-4a7c-a852-483c2f6c4f46","2026-03-05 23:16:58.095","2026-03-05 23:16:58.095","644fc465-df06-4a7c-a852-483c2f6c4f46","[PREMIUM]","New",2026,"RAM","1500","RHO Crew Cab 4x4 5&#39;7&#39; Box","[PREMIUM]","[PREMIUM]",5,"Truck","Forged Blue Metallic","Black","Four-wheel Drive",,,"Gasoline",,,"dealership","[PREMIUM]","Provo","UT","[PREMIUM]",,"[]",,,"[PREMIUM]"
"85b56527-5b1b-4fb9-a7e3-d1cd04a44533","2026-03-05 23:16:58.092","2026-03-11 07:18:39.601","85b56527-5b1b-4fb9-a7e3-d1cd04a44533","[PREMIUM]","New",2026,"Mercedes-Benz","GLE 450","4MATIC","[PREMIUM]","[PREMIUM]",7,"SUV","Gray Metallic","Macchiato Beige","All-wheel Drive",,,"Gasoline",,,"dealership","[PREMIUM]","Grapevine","TX","[PREMIUM]",,"[]",,,"[PREMIUM]"
"ec824857-bb94-4527-8c74-7b903958ac45","2026-03-05 23:16:58.081","2026-03-11 07:18:39.576","ec824857-bb94-4527-8c74-7b903958ac45","[PREMIUM]","New",2026,"BMW","X5","xDrive40i","[PREMIUM]","[PREMIUM]",7,"SUV","Manhattan Green Metallic","Cognac","All-wheel Drive",,,"Gasoline",,,"dealership","[PREMIUM]","Murray","UT","[PREMIUM]",,"[]",,,"[PREMIUM]"
"9acff735-d86d-4eab-a4f4-7b121a7c4d20","2026-03-05 23:16:58.074","2026-03-05 23:16:58.074","9acff735-d86d-4eab-a4f4-7b121a7c4d20","[PREMIUM]","New",2026,"GMC","Sierra 1500","Denali","[PREMIUM]","[PREMIUM]",4,"Truck","Glacier White Tricoat","Atmosphere/Brownstone","Four-wheel Drive",,,"Gasoline",,,"dealership","[PREMIUM]","Circleville","OH","[PREMIUM]",,"[]",,,"[PREMIUM]"
"ce56b655-2eae-43d3-aa0c-ba0caeda788a","2026-03-05 23:16:58.070","2026-03-05 23:16:58.070","ce56b655-2eae-43d3-aa0c-ba0caeda788a","[PREMIUM]","New",2026,"Jeep","Grand Wagoneer","Limited Reserve","[PREMIUM]","[PREMIUM]",0,"SUV","Bright White Clearcoat","Sea Salt","4WD",,,"Gasoline",,,"dealership","[PREMIUM]","D'Iberville","MS","[PREMIUM]",,"[]",,,"[PREMIUM]"
"3f4f0b51-e7fb-4a54-bc5b-6a72f078a3ba","2026-03-05 23:16:58.065","2026-03-05 23:16:58.065","3f4f0b51-e7fb-4a54-bc5b-6a72f078a3ba","[PREMIUM]","New",2026,"Ford","F-150","Raptor","[PREMIUM]","[PREMIUM]",100,"Truck","Antimatter Blue Metallic","Black","Four-wheel Drive",,,"Gasoline",,,"dealership","[PREMIUM]","Richmond","VA","[PREMIUM]",,"[]",,,"[PREMIUM]"
"aa333ff5-6e0d-4226-af9a-2f0138bef75a","2026-03-05 23:16:58.058","2026-03-05 23:16:58.058","aa333ff5-6e0d-4226-af9a-2f0138bef75a","[PREMIUM]","New",2026,"Ford","F-150","Raptor","[PREMIUM]","[PREMIUM]",1,"Truck","Green","Black","Four-wheel Drive",,,"Gasoline",,,"dealership","[PREMIUM]","Houston","TX","[PREMIUM]",,"[]",,,"[PREMIUM]"
"e1c72ab4-12e7-4897-9fe3-39f9465ca7c2","2026-03-05 23:16:58.057","2026-03-05 23:16:58.057","e1c72ab4-12e7-4897-9fe3-39f9465ca7c2","[PREMIUM]","New",2026,"Ford","F-150","Raptor","[PREMIUM]","[PREMIUM]",21,"Truck","SHELTER GREEN","BLACK LEATHER TRIMMED","Four-wheel Drive",,,"Gasoline",,,"dealership","[PREMIUM]","Colorado Springs","CO","[PREMIUM]",,"[]",,,"[PREMIUM]"
"378abe28-85a5-4223-b9c7-0b83519d1cbf","2026-03-05 23:16:58.055","2026-03-11 07:18:39.608","378abe28-85a5-4223-b9c7-0b83519d1cbf","[PREMIUM]","New",2026,"Jeep","Grand Wagoneer","Limited Reserve","[PREMIUM]","[PREMIUM]",0,"SUV","Gloss Black","Global Black","Four-wheel Drive",,,"Gasoline",,,"dealership","[PREMIUM]","D'Iberville","MS","[PREMIUM]",,"[]",,,"[PREMIUM]"
"e3182d64-8468-4915-af54-781fe1cab07f","2026-03-05 23:16:58.053","2026-03-11 07:18:40.017","e3182d64-8468-4915-af54-781fe1cab07f","[PREMIUM]","New",2026,"Ford","F-150","Lariat","[PREMIUM]","[PREMIUM]",89,"Truck","Oxford White","Black","Four-wheel Drive",,,"Hybrid",,,"dealership","[PREMIUM]","Horsham","PA","[PREMIUM]",,"[]",,,"[PREMIUM]"
"01077385-d927-4631-b6c5-52ba1b164032","2026-03-05 23:16:58.048","2026-03-05 23:16:58.048","01077385-d927-4631-b6c5-52ba1b164032","[PREMIUM]","New",2026,"Mercedes-Benz","GLE 350","4MATIC","[PREMIUM]","[PREMIUM]",6,"SUV","Mystic Blue Metallic","Macchiato/Black","All-wheel Drive",,,"Gasoline",,,"dealership","[PREMIUM]","West Chester","PA","[PREMIUM]",,"[]",,,"[PREMIUM]"
"119fe155-65e8-4167-9709-9a9a250715e7","2026-03-05 23:16:58.044","2026-03-05 23:16:58.044","119fe155-65e8-4167-9709-9a9a250715e7","[PREMIUM]","New",2026,"Ford","F-350","Lariat","[PREMIUM]","[PREMIUM]",3,"Truck","Marsh Gray","Black Onyx","Four-wheel Drive",,,"Diesel",,,"dealership","[PREMIUM]","Ottumwa","IA","[PREMIUM]",,"[]",,,"[PREMIUM]"
"283339ef-361c-4b75-a763-34c10eb2abe8","2026-03-05 23:16:58.044","2026-03-05 23:16:58.044","283339ef-361c-4b75-a763-34c10eb2abe8","[PREMIUM]","New",2026,"BMW","X5","sDrive40i","[PREMIUM]","[PREMIUM]",0,"SUV","Black Sapphire Metallic","Cognac","RWD",,,"Gasoline",,,"dealership","[PREMIUM]","Katy","TX","[PREMIUM]",,"[]",,,"[PREMIUM]"
"5eef1577-c30f-49ce-8c7f-530e58e8f6f7","2026-03-05 23:16:58.044","2026-03-05 23:16:58.044","5eef1577-c30f-49ce-8c7f-530e58e8f6f7","[PREMIUM]","New",2026,"BMW","X5 PHEV","xDrive50e","[PREMIUM]","[PREMIUM]",1,"SUV","Skyscraper Grey Metallic","Black","All Wheel Drive",,,"Premium unleaded",,,"dealership","[PREMIUM]","Dublin","OH","[PREMIUM]",,"[]",,,"[PREMIUM]"
"8be1dd16-c7b0-4861-9ec0-fdfb8dc77d35","2026-03-05 23:16:58.037","2026-03-11 07:18:39.604","8be1dd16-c7b0-4861-9ec0-fdfb8dc77d35","[PREMIUM]","New",2026,"Chevrolet","Tahoe","Z71","[PREMIUM]","[PREMIUM]",5,"SUV","Summit White","Jet Black","Four-wheel Drive",,,"Diesel",,,"dealership","[PREMIUM]","Okarche","OK","[PREMIUM]",,"[]",,,"[PREMIUM]"
"651109f9-ebaa-42f2-bb73-05cc0734070f","2026-03-05 23:16:58.035","2026-03-05 23:16:58.035","651109f9-ebaa-42f2-bb73-05cc0734070f","[PREMIUM]","New",2026,"Jeep","Grand Wagoneer","Limited Reserve","[PREMIUM]","[PREMIUM]",0,"SUV","Gloss Black","Global Black","4WD",,,"Gasoline",,,"dealership","[PREMIUM]","D'Iberville","MS","[PREMIUM]",,"[]",,,"[PREMIUM]"
"e9c255cc-c49d-4aa6-9fd2-4a8e2e53b5f2","2026-03-05 23:16:58.026","2026-03-20 13:36:14.042","e9c255cc-c49d-4aa6-9fd2-4a8e2e53b5f2","[PREMIUM]","New",2026,"GMC","Sierra 1500","AT4X","[PREMIUM]","[PREMIUM]",5,"Truck","Dune","Obsidian Rush","Four-wheel Drive",,,"Diesel",,,"dealership","[PREMIUM]","North Bergen","NJ","[PREMIUM]",,"[]",,,"[PREMIUM]"
"9c71322a-d00c-4794-8dc2-09a4bb5cd80b","2026-03-05 23:16:58.007","2026-03-05 23:16:58.007","9c71322a-d00c-4794-8dc2-09a4bb5cd80b","[PREMIUM]","New",2026,"Ford","F-250","Lariat","[PREMIUM]","[PREMIUM]",4,"Truck","GLACIER GRAY","BLACK ONYX ACTIVEX TRIMMED","Four-wheel Drive",,,"Diesel",,,"dealership","[PREMIUM]","Colorado Springs","CO","[PREMIUM]",,"[]",,,"[PREMIUM]"
"151d8669-960d-4e7f-9a49-6be1c0f60e40","2026-03-05 23:16:57.995","2026-03-05 23:16:57.995","151d8669-960d-4e7f-9a49-6be1c0f60e40","[PREMIUM]","New",2026,"Chevrolet","Silverado 2500","Crew Cab, Standard Bed, XR2, 4WD","[PREMIUM]","[PREMIUM]",0,"Truck","Black","Jet Black/Graystone","Four-wheel Drive",,,"Diesel",,,"dealership","[PREMIUM]","Randolph","OH","[PREMIUM]",,"[]",,,"[PREMIUM]"
"cb1fea78-8bb1-4a89-aa00-737ac04d046a","2026-03-05 23:16:57.980","2026-03-11 07:18:39.638","cb1fea78-8bb1-4a89-aa00-737ac04d046a","[PREMIUM]","New",2026,"Ford","Expedition","Tremor","[PREMIUM]","[PREMIUM]",3,"SUV","Gray","Black Onyx","Four-wheel Drive",,,"Gasoline",,,"dealership","[PREMIUM]","Ada","OK","[PREMIUM]",,"[]",,,"[PREMIUM]"
"c50abe39-6883-428d-b3e6-7f4448fbbd43","2026-03-05 23:16:57.954","2026-03-05 23:16:57.954","c50abe39-6883-428d-b3e6-7f4448fbbd43","[PREMIUM]","New",2026,"Porsche","Macan","T","[PREMIUM]","[PREMIUM]",0,"SUV","Gentian Blue Metallic","Black","All-wheel Drive",,,"Gasoline",,,"dealership","[PREMIUM]","Vienna","VA","[PREMIUM]",,"[]",,,"[PREMIUM]"
"b1730057-51b3-43a8-a46e-cd4fb024ae9d","2026-03-05 23:16:46.366","2026-03-05 23:16:46.366","b1730057-51b3-43a8-a46e-cd4fb024ae9d","[PREMIUM]","New",2026,"Land Rover","Defender","P400 X-Dynamic SE","[PREMIUM]","[PREMIUM]",25,"SUV","Borasco Grey","Ebony","AWD",,,"Gasoline",,,"dealership","[PREMIUM]","Austin","TX","[PREMIUM]",,"[]",,,"[PREMIUM]"
"4e396966-2f48-40e8-a6d6-8abfd044389e","2026-03-05 23:16:46.365","2026-03-05 23:16:46.365","4e396966-2f48-40e8-a6d6-8abfd044389e","[PREMIUM]","New",2026,"Genesis","GV80","3.5T","[PREMIUM]","[PREMIUM]",1,"SUV","Vik Black","Earth Brown/Smoky Green","All Wheel Drive",,,"Premium unleaded",,,"dealership","[PREMIUM]","Greer","SC","[PREMIUM]",,"[]",,,"[PREMIUM]"
"942d7497-1e4c-4da4-9ab9-58c94012ca80","2026-03-05 23:16:46.354","2026-03-11 07:18:39.635","942d7497-1e4c-4da4-9ab9-58c94012ca80","[PREMIUM]","New",2026,"RAM","2500","Laramie","[PREMIUM]","[PREMIUM]",20,"Truck","Ceramic Gray Clearcoat","Black","Four-wheel Drive",,,"Diesel",,,"dealership","[PREMIUM]","Mitchell","SD","[PREMIUM]",,"[]",,,"[PREMIUM]"
"5d652c5c-6de1-4741-91b1-179f34eaefcc","2026-03-05 23:16:46.348","2026-03-05 23:16:46.348","5d652c5c-6de1-4741-91b1-179f34eaefcc","[PREMIUM]","New",2026,"Ford","F-350","XLT","[PREMIUM]","[PREMIUM]",,"Truck","Agate Black Metallic",,"4WD",,,"Diesel",,,"dealership","[PREMIUM]","Raleigh","NC","[PREMIUM]",,"[]",,,"[PREMIUM]"
"881544b8-37e5-4d71-a6bf-156425bd79ee","2026-03-05 23:16:46.348","2026-03-20 13:36:34.711","881544b8-37e5-4d71-a6bf-156425bd79ee","[PREMIUM]","New",2026,"Land Rover","Defender","P400 X-Dynamic SE","[PREMIUM]","[PREMIUM]",25,"SUV","Woolstone Green","Light Cloud / Lunar","All-wheel Drive",,,"Gasoline",,,"dealership","[PREMIUM]","Austin","TX","[PREMIUM]",,"[]",,,"[PREMIUM]"
"efb05819-f51e-488d-aca3-7bada7dd572a","2026-03-05 23:16:46.338","2026-03-05 23:16:46.338","efb05819-f51e-488d-aca3-7bada7dd572a","[PREMIUM]","New",2026,"GMC","Yukon XL","Elevation","[PREMIUM]","[PREMIUM]",1,"SUV","Metallic","Jet Black","4WD",,,"Gasoline",,,"dealership","[PREMIUM]","Omaha","NE","[PREMIUM]",,"[]",,,"[PREMIUM]"
"07225980-102e-4520-9889-4b6e2f65642f","2026-03-05 23:16:46.335","2026-03-05 23:16:46.335","07225980-102e-4520-9889-4b6e2f65642f","[PREMIUM]","New",2026,"Chevrolet","Tahoe","RST","[PREMIUM]","[PREMIUM]",10,"SUV","Summit White","Jet Black","4WD",,,"Gasoline",,,"dealership","[PREMIUM]","Warrensville Heights","OH","[PREMIUM]",,"[]",,,"[PREMIUM]"
"826fcc6b-b3a1-48fa-833e-0e900713d4ad","2026-03-05 23:16:46.334","2026-03-11 07:18:28.474","826fcc6b-b3a1-48fa-833e-0e900713d4ad","[PREMIUM]","New",2026,"Ford","Expedition","Platinum","[PREMIUM]","[PREMIUM]",6,"SUV","Glacier Gray Metallic",,"Four-wheel Drive",,,"Gasoline",,,"dealership","[PREMIUM]","Shawnee","KS","[PREMIUM]",,"[]",,,"[PREMIUM]"
"a281ec57-3c22-4582-beec-7d8d98f1bb58","2026-03-05 23:16:46.334","2026-03-05 23:16:46.334","a281ec57-3c22-4582-beec-7d8d98f1bb58","[PREMIUM]","New",2026,"RAM","1500","Tungsten","[PREMIUM]","[PREMIUM]",10,"Truck","Delmonico Red Pearlcoat","Black","Four-wheel Drive",,,"Gasoline",,,"dealership","[PREMIUM]","Miami","FL","[PREMIUM]",,"[]",,,"[PREMIUM]"
"1b866458-8a50-4359-a5cb-49d045d5eac2","2026-03-05 23:16:46.331","2026-03-11 07:18:39.591","1b866458-8a50-4359-a5cb-49d045d5eac2","[PREMIUM]","New",2026,"Ford","F-150","Raptor","[PREMIUM]","[PREMIUM]",10,"Truck","Avalanche","Black","Four-wheel Drive",,,"Gasoline",,,"dealership","[PREMIUM]","Delray Beach","FL","[PREMIUM]",,"[]",,,"[PREMIUM]"
"16f37265-8c3c-4c55-be7e-dc8afafd72c7","2026-03-05 23:16:46.324","2026-03-05 23:16:46.324","16f37265-8c3c-4c55-be7e-dc8afafd72c7","[PREMIUM]","New",2026,"Ford","F-150","Tremor","[PREMIUM]","[PREMIUM]",2,"Truck","Oxford White",,"4WD",,,"Gasoline",,,"dealership","[PREMIUM]","Tulsa","OK","[PREMIUM]",,"[]",,,"[PREMIUM]"
"813ad10c-3831-418f-bc36-ce692b79f720","2026-03-05 23:16:46.324","2026-03-05 23:16:46.324","813ad10c-3831-418f-bc36-ce692b79f720","[PREMIUM]","New",2026,"Ford","F-150","Raptor","[PREMIUM]","[PREMIUM]",14,"Truck","Green","Black","4WD",,,"Gasoline",,,"dealership","[PREMIUM]","Delray Beach","FL","[PREMIUM]",,"[]",,,"[PREMIUM]"
"5d4e97f6-5a20-4a07-a284-ef56bccc6076","2026-03-05 23:16:46.317","2026-03-05 23:16:46.317","5d4e97f6-5a20-4a07-a284-ef56bccc6076","[PREMIUM]","New",2026,"Chevrolet","Silverado 1500","High Country","[PREMIUM]","[PREMIUM]",5,"Truck","Sterling Gray Metallic","Jet Black","Four-wheel Drive",,,"Gasoline",,,"dealership","[PREMIUM]","Plymouth","MA","[PREMIUM]",,"[]",,,"[PREMIUM]"
"fff1da8f-7592-4265-9da7-167d1b893b92","2026-03-05 23:16:46.304","2026-03-11 07:18:39.593","fff1da8f-7592-4265-9da7-167d1b893b92","[PREMIUM]","New",2026,"Ford","F-150","Lariat","[PREMIUM]","[PREMIUM]",,"Truck","Avalanche","Black","4WD",,,"Hybrid",,,"dealership","[PREMIUM]","Taylor","MI","[PREMIUM]",,"[]",,,"[PREMIUM]"
"d33c3aaa-99a2-4c25-a076-120aae7c8c7b","2026-03-05 23:16:46.298","2026-03-14 13:30:45.793","d33c3aaa-99a2-4c25-a076-120aae7c8c7b","[PREMIUM]","New",2026,"Land Rover","Defender","P300 S","[PREMIUM]","[PREMIUM]",25,"SUV","Sedona Red","Carway","All-wheel Drive",,,"Gasoline",,,"dealership","[PREMIUM]","Austin","TX","[PREMIUM]",,"[]",,,"[PREMIUM]"
"c5401d7a-caa0-4e12-a2f9-a0011c0873f2","2026-03-05 23:16:46.285","2026-03-05 23:16:46.285","c5401d7a-caa0-4e12-a2f9-a0011c0873f2","[PREMIUM]","Used",2026,"Toyota","Sequoia","TRD Pro","[PREMIUM]","[PREMIUM]",3912,"SUV","Magnetic Gray Metallic","Black","4WD",,,"Hybrid",,,"dealership","[PREMIUM]","Bessemer","AL","[PREMIUM]",,"[]",,,"[PREMIUM]"
"c2838d6c-2482-4576-a19f-4b8f3ef2d902","2026-03-05 23:16:46.276","2026-03-14 13:30:35.045","c2838d6c-2482-4576-a19f-4b8f3ef2d902","[PREMIUM]","New",2026,"RAM","1500","Tungsten","[PREMIUM]","[PREMIUM]",10,"Truck","Diamond Black","Black","Four-wheel Drive",,,"Gasoline",,,"dealership","[PREMIUM]","Miami","FL","[PREMIUM]",,"[]",,,"[PREMIUM]"
"07026652-1a6a-4cb4-b089-d9e92e35a1a1","2026-03-05 23:16:46.273","2026-03-05 23:16:46.273","07026652-1a6a-4cb4-b089-d9e92e35a1a1","[PREMIUM]","New",2026,"Land Rover","Discovery",,"[PREMIUM]","[PREMIUM]",10,"SUV","Santorini Black Metallic",,"All-wheel Drive",,,"Gasoline",,,"dealership","[PREMIUM]","Norwood","MA","[PREMIUM]",,"[]",,,"[PREMIUM]"
"686a43f2-a0c3-417a-9d6f-90ca50d95ed6","2026-03-05 23:16:46.259","2026-03-20 13:36:24.198","686a43f2-a0c3-417a-9d6f-90ca50d95ed6","[PREMIUM]","New",2026,"RAM","1500","Tungsten","[PREMIUM]","[PREMIUM]",10,"Truck","Granite Crystal Clearcoat Metallic","Black","Four-wheel Drive",,,"Gasoline",,,"dealership","[PREMIUM]","Miami","FL","[PREMIUM]",,"[]",,,"[PREMIUM]"
"a18c13b2-bd3b-4641-af58-d9e02bc731d2","2026-03-05 23:16:46.249","2026-03-14 13:30:35.100","a18c13b2-bd3b-4641-af58-d9e02bc731d2","[PREMIUM]","New",2026,"Ford","F-150","Raptor","[PREMIUM]","[PREMIUM]",0,"Truck","Gray Metallic","Black","Four-wheel Drive",,,"Gasoline",,,"dealership","[PREMIUM]","Independence","IA","[PREMIUM]",,"[]",,,"[PREMIUM]"
"ab926bcb-3f67-4342-9c9f-535453835b8c","2026-03-05 23:16:46.219","2026-03-05 23:16:46.219","ab926bcb-3f67-4342-9c9f-535453835b8c","[PREMIUM]","New",2026,"RAM","1500","Tungsten","[PREMIUM]","[PREMIUM]",10,"Truck","Ivory White","Black","Four-wheel Drive",,,"Gasoline",,,"dealership","[PREMIUM]","Miami","FL","[PREMIUM]",,"[]",,,"[PREMIUM]"
"924fe6b0-7ab0-473d-9ce1-5d068a43e078","2026-03-05 23:15:42.153","2026-03-05 23:15:42.153","924fe6b0-7ab0-473d-9ce1-5d068a43e078","[PREMIUM]","Used",2024,"Cadillac","Escalade","Premium Luxury","[PREMIUM]","[PREMIUM]",15188,"SUV","Crystal White Tri-Coat","Jet Black","4WD",,,"Gasoline",,,"dealership","[PREMIUM]","Norman","OK","[PREMIUM]",,"[]",,,"[PREMIUM]"
"34b1f9d8-ba49-4ddf-b67e-aade6f2e91b1","2026-03-05 23:15:42.132","2026-03-05 23:15:42.132","34b1f9d8-ba49-4ddf-b67e-aade6f2e91b1","[PREMIUM]","Used",2024,"Land Rover","Defender","P500 SE","[PREMIUM]","[PREMIUM]",33444,"SUV","Carpathian Grey","Ebony","All-wheel Drive",,,"Gasoline",,,"dealership","[PREMIUM]","Austin","TX","[PREMIUM]",,"[]",,,"[PREMIUM]"
"6b9383cd-49f7-42a2-878e-3a71c3deb054","2026-03-05 23:15:42.123","2026-03-05 23:15:42.123","6b9383cd-49f7-42a2-878e-3a71c3deb054","[PREMIUM]","Used",2024,"Ford","F-250","Lariat","[PREMIUM]","[PREMIUM]",10429,"Truck","Carbonized Gray Metallic","Black Onyx","Four-wheel Drive",,,"Diesel",,,"dealership","[PREMIUM]","Las Vegas","NV","[PREMIUM]",,"[]",,,"[PREMIUM]"
"0b534f63-ccec-4b5f-b4e2-c8e8519d8312","2026-03-05 23:15:33.540","2026-03-05 23:15:33.540","0b534f63-ccec-4b5f-b4e2-c8e8519d8312","[PREMIUM]","Used",2022,"Porsche","Macan","GTS","[PREMIUM]","[PREMIUM]",23771,"SUV","White","Black","All-wheel Drive",,,"Gasoline",,,"dealership","[PREMIUM]","Coral Gables","FL","[PREMIUM]",,"[]",,,"[PREMIUM]"
"453a8489-908b-4065-bf2e-b93467aec13f","2026-03-05 23:15:32.731","2026-03-11 07:18:07.798","453a8489-908b-4065-bf2e-b93467aec13f","[PREMIUM]","Used",2023,"Chevrolet","Corvette","Stingray w/2LT","[PREMIUM]","[PREMIUM]",7889,"Convertible","Amplify Orange Tintcoat","Jet Black","Rear-wheel Drive",,,"Gasoline",,,"dealership","[PREMIUM]","Tracy","CA","[PREMIUM]",,"[]",,,"[PREMIUM]"
"9ba371b1-3a3d-48fb-bdbd-bcc2ca17b254","2026-03-05 23:15:32.645","2026-03-05 23:15:32.645","9ba371b1-3a3d-48fb-bdbd-bcc2ca17b254","[PREMIUM]","Used",2024,"Land Rover","Range Rover Sport","Dynamic SE","[PREMIUM]","[PREMIUM]",40154,"SUV","Fuji White","Ebony / Ebony","All-wheel Drive",,,"Gasoline",,,"dealership","[PREMIUM]","Seaside","CA","[PREMIUM]",,"[]",,,"[PREMIUM]"
"3895c77b-7ca4-424e-a600-3f6627904e1d","2026-03-05 23:15:32.638","2026-03-11 07:18:07.300","3895c77b-7ca4-424e-a600-3f6627904e1d","[PREMIUM]","Used",2024,"Chevrolet","Silverado 2500","High Country","[PREMIUM]","[PREMIUM]",22981,"Truck","Summit White","Jet Black/Umber","Four-wheel Drive",,,"Diesel",,,"dealership","[PREMIUM]","Riverside","CA","[PREMIUM]",,"[]",,,"[PREMIUM]"
"eb2eef59-d588-4dbd-992e-6396f0b44605","2026-03-05 23:15:32.434","2026-03-11 07:18:07.392","eb2eef59-d588-4dbd-992e-6396f0b44605","[PREMIUM]","Used",2024,"GMC","Yukon XL","Denali Ultimate","[PREMIUM]","[PREMIUM]",41181,"SUV","White Frost Tricoat","Alpine Umber","Four-wheel Drive",,,"Gasoline",,,"dealership","[PREMIUM]","Alcoa","TN","[PREMIUM]",,"[]",,,"[PREMIUM]"
"94a565f9-0d41-42b7-85b8-3b1e37ff4ace","2026-03-05 23:15:32.355","2026-03-05 23:15:32.355","94a565f9-0d41-42b7-85b8-3b1e37ff4ace","[PREMIUM]","Used",2023,"Audi","RS 5","2.9T","[PREMIUM]","[PREMIUM]",7331,"Hatchback","Nardo Gray","Black w/Crescendo Red Stitching","All-wheel Drive",,,"Gasoline",,,"dealership","[PREMIUM]","Honolulu","HI","[PREMIUM]",,"[]",,,"[PREMIUM]"
"12ea3293-dae1-4060-b558-220dda20a0cd","2026-03-05 23:15:32.347","2026-03-11 07:18:07.270","12ea3293-dae1-4060-b558-220dda20a0cd","[PREMIUM]","Used",2024,"Jeep","Grand Wagoneer","Series III","[PREMIUM]","[PREMIUM]",12446,"SUV","Diamond Black","Global Black","Four-wheel Drive",,,"Gasoline",,,"dealership","[PREMIUM]","Horsham","PA","[PREMIUM]",,"[]",,,"[PREMIUM]"
"b5ca0b9a-fcac-4ba9-9738-f14965710d17","2026-03-05 23:15:32.343","2026-03-14 13:30:23.862","b5ca0b9a-fcac-4ba9-9738-f14965710d17","[PREMIUM]","New",2024,"Land Rover","Range Rover Velar","P400 Dynamic HSE","[PREMIUM]","[PREMIUM]",1,"SUV","Zadar Grey","Deep Garnet","Four-wheel Drive",,,"Gasoline",,,"dealership","[PREMIUM]","Seaside","CA","[PREMIUM]",,"[]",,,"[PREMIUM]"
"f5f067f5-6432-4a29-a5c5-c2863efa4fc1","2026-03-05 23:15:32.336","2026-03-05 23:15:32.336","f5f067f5-6432-4a29-a5c5-c2863efa4fc1","[PREMIUM]","New",2024,"Land Rover","Range Rover Velar","Dynamic HSE","[PREMIUM]","[PREMIUM]",1,"SUV","Varesine Blue","Ebony","All-wheel Drive",,,"Gasoline",,,"dealership","[PREMIUM]","Seaside","CA","[PREMIUM]",,"[]",,,"[PREMIUM]"
"f4c90f27-a2d9-4f8d-8ff4-ac8afd0e7795","2026-03-05 23:15:28.086","2026-03-05 23:15:28.086","f4c90f27-a2d9-4f8d-8ff4-ac8afd0e7795","[PREMIUM]","New",2025,"Land Rover","Defender","P300","[PREMIUM]","[PREMIUM]",25,"SUV","Carpathian Grey","Ebony","AWD",,,"Gasoline",,,"dealership","[PREMIUM]","Austin","TX","[PREMIUM]",,"[]",,,"[PREMIUM]"
"21e8eb3b-d248-4b84-a6af-9b70732b0f25","2026-03-05 23:15:28.048","2026-03-11 07:18:07.272","21e8eb3b-d248-4b84-a6af-9b70732b0f25","[PREMIUM]","New",2025,"Land Rover","Defender","P400 S","[PREMIUM]","[PREMIUM]",25,"SUV","Santorini Black","Light Cloud/Lunar","All-wheel Drive",,,"Gasoline",,,"dealership","[PREMIUM]","Austin","TX","[PREMIUM]",,"[]",,,"[PREMIUM]"
"45e03297-bd08-4e6f-8b04-4b046bfbbce1","2026-03-05 23:15:27.978","2026-03-11 07:18:07.259","45e03297-bd08-4e6f-8b04-4b046bfbbce1","[PREMIUM]","New",2026,"BMW","X5","xDrive40i","[PREMIUM]","[PREMIUM]",1,"SUV","Blue Ridge Mountain Metallic","Black","All-wheel Drive",,,"Gasoline",,,"dealership","[PREMIUM]","Dublin","OH","[PREMIUM]",,"[]",,,"[PREMIUM]"
"f5892b4e-e24d-4f5f-bc45-9c43cc59d4db","2026-03-05 23:15:19.742","2026-03-11 07:18:07.303","f5892b4e-e24d-4f5f-bc45-9c43cc59d4db","[PREMIUM]","Used",2025,"Ford","Expedition","Platinum","[PREMIUM]","[PREMIUM]",7828,"SUV","Green","Black Onyx","Four-wheel Drive",,,"Gasoline",,,"dealership","[PREMIUM]","Topeka","KS","[PREMIUM]",,"[]",,,"[PREMIUM]"
"48004ae1-0123-4847-aaf5-4bf57cbe71a3","2026-03-05 23:15:19.485","2026-03-11 07:18:07.241","48004ae1-0123-4847-aaf5-4bf57cbe71a3","[PREMIUM]","Used",2025,"Mercedes-Benz","EQS 450",,"[PREMIUM]","[PREMIUM]",9768,"Sedan","White","BLACK","Four-wheel Drive",,,"Electric",,,"dealership","[PREMIUM]","Inglewood","CA","[PREMIUM]",,"[]",,,"[PREMIUM]"
"d03569f1-99a1-45a8-95bc-15024cd0dbb3","2026-03-05 23:15:19.474","2026-03-11 07:18:07.250","d03569f1-99a1-45a8-95bc-15024cd0dbb3","[PREMIUM]","New",2025,"Volvo","XC90 Plug-In Hybrid","T8 Plus 7-Seater","[PREMIUM]","[PREMIUM]",1,"SUV","Crystal White","Charcoal","All-wheel Drive",,,"Hybrid",,,"dealership","[PREMIUM]","Seaside","CA","[PREMIUM]",,"[]",,,"[PREMIUM]"
"318bd79a-8984-4c15-b164-103d1511894a","2026-03-05 23:15:18.445","2026-03-14 13:30:23.946","318bd79a-8984-4c15-b164-103d1511894a","[PREMIUM]","New",2025,"Ford","F-150 Lightning","Platinum","[PREMIUM]","[PREMIUM]",129,"Truck","Gray Metallic","Space Gray","All-wheel Drive",,,"Electric",,,"dealership","[PREMIUM]","San Diego","CA","[PREMIUM]",,"[]",,,"[PREMIUM]"
"018b9a4f-618e-4316-be4d-fda94723da16","2026-03-05 23:15:17.845","2026-03-14 13:30:34.845","018b9a4f-618e-4316-be4d-fda94723da16","[PREMIUM]","New",2026,"BMW","M2","Base","[PREMIUM]","[PREMIUM]",8,"Coupe","Zandvoort Blue","Black w/M Color Highlight","Rear-wheel Drive",,,"Gasoline",,,"dealership","[PREMIUM]","Dublin","OH","[PREMIUM]",,"[]",,,"[PREMIUM]"
"20bcfc97-4aa6-42e6-88f9-391d4aaf12eb","2026-03-05 23:15:17.751","2026-03-14 13:30:23.879","20bcfc97-4aa6-42e6-88f9-391d4aaf12eb","[PREMIUM]","Used",2025,"Volvo","XC90 Plug-In Hybrid","T8 Plus 7-Seater","[PREMIUM]","[PREMIUM]",5156,"SUV","Crystal White","Charcoal","All-wheel Drive",,,"Hybrid",,,"dealership","[PREMIUM]","Northfield","IL","[PREMIUM]",,"[]",,,"[PREMIUM]"
"f3100351-4aa8-4bf0-8198-e9957c5cb484","2026-03-05 23:15:17.647","2026-03-05 23:15:17.647","f3100351-4aa8-4bf0-8198-e9957c5cb484","[PREMIUM]","Used",2025,"Land Rover","Range Rover Sport","P360 S","[PREMIUM]","[PREMIUM]",5985,"SUV","Santorini Black Metallic","Ebony","All-wheel Drive",,,"Gasoline",,,"dealership","[PREMIUM]","Mission Viejo","CA","[PREMIUM]",,"[]",,,"[PREMIUM]"
"78e5376f-6aa4-4f9d-a688-a42a2f079611","2026-03-05 23:15:17.640","2026-03-11 07:18:07.234","78e5376f-6aa4-4f9d-a688-a42a2f079611","[PREMIUM]","Used",2025,"Porsche","Macan","S","[PREMIUM]","[PREMIUM]",6531,"SUV","Black","Black","All-wheel Drive",,,"Gasoline",,,"dealership","[PREMIUM]","Norwalk","CA","[PREMIUM]",,"[]",,,"[PREMIUM]"
"4fd35566-7762-41ac-b289-bf2bfc998a0c","2026-03-05 23:15:17.442","2026-03-14 13:30:23.871","4fd35566-7762-41ac-b289-bf2bfc998a0c","[PREMIUM]","New",2026,"BMW","X5","xDrive40i","[PREMIUM]","[PREMIUM]",3,"SUV","Black Sapphire Metallic","Coffee","All-wheel Drive",,,"Gasoline",,,"dealership","[PREMIUM]","Dublin","OH","[PREMIUM]",,"[]",,,"[PREMIUM]"
"fa4bb838-388c-40b6-84e7-31f092e51778","2026-03-05 23:15:17.438","2026-03-05 23:15:17.438","fa4bb838-388c-40b6-84e7-31f092e51778","[PREMIUM]","New",2025,"Land Rover","Discovery","P300 Dynamic SE","[PREMIUM]","[PREMIUM]",1,"SUV","Varesine Blue","Carway","Four-wheel Drive",,,"Gasoline",,,"dealership","[PREMIUM]","Seaside","CA","[PREMIUM]",,"[]",,,"[PREMIUM]"
"64d82d3e-3b1d-4f4c-8684-be8debe3abb8","2026-03-05 23:15:17.349","2026-03-11 07:18:07.681","64d82d3e-3b1d-4f4c-8684-be8debe3abb8","[PREMIUM]","New",2026,"BMW","X5","xDrive40i","[PREMIUM]","[PREMIUM]",4,"SUV","Black Sapphire Metallic","Black","All-wheel Drive",,,"Gasoline",,,"dealership","[PREMIUM]","Dublin","OH","[PREMIUM]",,"[]",,,"[PREMIUM]"
"4a7d12dd-a9c2-48d7-903e-cb8147eef674","2026-03-05 23:15:17.342","2026-03-17 13:35:47.137","4a7d12dd-a9c2-48d7-903e-cb8147eef674","[PREMIUM]","Used",2025,"Ford","Expedition Max","Platinum","[PREMIUM]","[PREMIUM]",8741,"SUV","Agate Black Metallic","Black Onyx","Four-wheel Drive",,,"Gasoline",,,"dealership","[PREMIUM]","Collinsville","IL","[PREMIUM]",,"[]",,,"[PREMIUM]"
"959434f2-5957-4003-9a4d-153e1221a271","2026-03-05 23:15:17.285","2026-03-14 13:30:34.808","959434f2-5957-4003-9a4d-153e1221a271","[PREMIUM]","New",2025,"Volvo","XC90 Plug-In Hybrid","T8 Plus 7-Seater","[PREMIUM]","[PREMIUM]",1,"SUV","Crystal White","Charcoal","All-wheel Drive",,,"Hybrid",,,"dealership","[PREMIUM]","Seaside","CA","[PREMIUM]",,"[]",,,"[PREMIUM]"
"feb9ff23-e847-4e0b-a413-54a220d5d48e","2026-03-05 23:15:15.637","2026-03-11 07:18:07.286","feb9ff23-e847-4e0b-a413-54a220d5d48e","[PREMIUM]","Used",2025,"Mercedes-Benz","GLS 450","4MATIC","[PREMIUM]","[PREMIUM]",14073,"SUV","Alpine Gray","Black","All-wheel Drive",,,"Gasoline",,,"dealership","[PREMIUM]","Edison","NJ","[PREMIUM]",,"[]",,,"[PREMIUM]"
"1a9fec50-89a9-4320-85aa-0495b9adaf5a","2026-03-05 23:15:15.459","2026-03-05 23:15:15.459","1a9fec50-89a9-4320-85aa-0495b9adaf5a","[PREMIUM]","New",2025,"Land Rover","Defender","P300","[PREMIUM]","[PREMIUM]",25,"SUV","Santorini Black","Ebony","AWD",,,"Gasoline",,,"dealership","[PREMIUM]","Austin","TX","[PREMIUM]",,"[]",,,"[PREMIUM]"
"046c9d93-f122-4c43-bc05-8396a9ababec","2026-03-05 23:15:15.451","2026-03-05 23:15:15.451","046c9d93-f122-4c43-bc05-8396a9ababec","[PREMIUM]","New",2025,"Ford","F-150","King Ranch","[PREMIUM]","[PREMIUM]",,"Truck","Gray",,"4WD",,,"Gasoline",,,"dealership","[PREMIUM]","Georgetown","TX","[PREMIUM]",,"[]",,,"[PREMIUM]"
"94fc45c9-3cc7-455d-a3f9-e67fe2814e1d","2026-03-05 23:15:15.441","2026-03-11 07:18:07.394","94fc45c9-3cc7-455d-a3f9-e67fe2814e1d","[PREMIUM]","New",2025,"Land Rover","Range Rover Velar","P400 Dynamic SE","[PREMIUM]","[PREMIUM]",25,"SUV","Carpathian Grey","Ebony","All-wheel Drive",,,"Gasoline",,,"dealership","[PREMIUM]","Austin","TX","[PREMIUM]",,"[]",,,"[PREMIUM]"
"1d025ea3-a9f3-45e5-8c9b-99687c976cce","2026-03-05 23:15:15.338","2026-03-14 13:30:34.881","1d025ea3-a9f3-45e5-8c9b-99687c976cce","[PREMIUM]","New",2026,"BMW","540","xDrive","[PREMIUM]","[PREMIUM]",1,"Sedan","Black Sapphire Metallic","Black","All-wheel Drive",,,"Gasoline",,,"dealership","[PREMIUM]","Dublin","OH","[PREMIUM]",,"[]",,,"[PREMIUM]"
"59e63ca1-259d-44e0-8ab2-fa338e066ff4","2026-03-05 23:15:15.048","2026-03-14 13:30:34.945","59e63ca1-259d-44e0-8ab2-fa338e066ff4","[PREMIUM]","Used",2025,"Chevrolet","Silverado 3500","High Country","[PREMIUM]","[PREMIUM]",17000,"Truck","Sterling Gray Metallic","Jet Black/Nightshift Blue","Four-wheel Drive",,,"Diesel",,,"dealership","[PREMIUM]","Jasper","AL","[PREMIUM]",,"[]",,,"[PREMIUM]"
"3bdf9121-2124-42b9-af1c-5d8715127a99","2026-03-05 23:15:14.936","2026-03-11 07:18:07.291","3bdf9121-2124-42b9-af1c-5d8715127a99","[PREMIUM]","Used",2025,"Ford","Bronco","Raptor","[PREMIUM]","[PREMIUM]",4447,"SUV","Azure Gray Metallic Tri-Coat","Black Onyx","Four-wheel Drive",,,"Gasoline",,,"dealership","[PREMIUM]","Cape Coral","FL","[PREMIUM]",,"[]",,,"[PREMIUM]"
"c8c22984-d69a-4cda-8da9-da175a018966","2026-03-05 23:15:14.735","2026-03-20 13:35:53.451","c8c22984-d69a-4cda-8da9-da175a018966","[PREMIUM]","Used",2025,"Mercedes-Benz","GLE 450","4MATIC","[PREMIUM]","[PREMIUM]",4801,"SUV","Alpine Gray","Black","All-wheel Drive",,,"Gasoline",,,"dealership","[PREMIUM]","West Covina","CA","[PREMIUM]",,"[]",,,"[PREMIUM]"
"87c7213b-a9c2-48fe-8b26-4779781e3b5f","2026-03-05 23:15:03.937","2026-03-14 13:30:35.197","87c7213b-a9c2-48fe-8b26-4779781e3b5f","[PREMIUM]","New",2026,"Jeep","Grand Wagoneer","Limited Reserve","[PREMIUM]","[PREMIUM]",34,"SUV","Gloss Black","Global Black","Four-wheel Drive",,,"Gasoline",,,"dealership","[PREMIUM]","Ann Arbor","MI","[PREMIUM]",,"[]",,,"[PREMIUM]"
"dc2757a8-d442-4591-a2de-5583e79275d2","2026-03-05 23:15:03.444","2026-03-05 23:15:03.444","dc2757a8-d442-4591-a2de-5583e79275d2","[PREMIUM]","New",2026,"Ford","F-150","King Ranch","[PREMIUM]","[PREMIUM]",11,"Truck","CARBONIZED GRAY METALLIC","JAVA LEATHER","Four-wheel Drive",,,"Gasoline",,,"dealership","[PREMIUM]","North Little Rock","AR","[PREMIUM]",,"[]",,,"[PREMIUM]"
"590eb227-f6b3-432e-a2b5-c1a74fd6a25e","2026-03-05 23:15:03.341","2026-03-05 23:15:03.341","590eb227-f6b3-432e-a2b5-c1a74fd6a25e","[PREMIUM]","New",2026,"Jeep","Grand Wagoneer L","LIMITED ALTITUDE","[PREMIUM]","[PREMIUM]",0,"SUV","Gloss Black","Global Black","Four-wheel Drive",,,"Gasoline",,,"dealership","[PREMIUM]","Devils Lake","ND","[PREMIUM]",,"[]",,,"[PREMIUM]"
"4aeb82db-b5e1-4e9a-9bfb-67ba676a5292","2026-03-05 23:15:03.337","2026-03-05 23:15:03.337","4aeb82db-b5e1-4e9a-9bfb-67ba676a5292","[PREMIUM]","New",2026,"Toyota","Tundra Hybrid","TRD Pro","[PREMIUM]","[PREMIUM]",2,"Truck","Midnight Black","Black","Four-wheel Drive",,,"Hybrid",,,"dealership","[PREMIUM]","Akron","OH","[PREMIUM]",,"[]",,,"[PREMIUM]"
"58ab6d55-7bf7-491c-bbfb-a29af4e4db7e","2026-03-05 23:15:03.242","2026-03-11 07:17:56.419","58ab6d55-7bf7-491c-bbfb-a29af4e4db7e","[PREMIUM]","New",2026,"GMC","Sierra 1500","Denali Ultimate","[PREMIUM]","[PREMIUM]",5,"Truck","Onyx Black","Alpine Umber","Four-wheel Drive",,,"Gasoline",,,"dealership","[PREMIUM]","Flint","MI","[PREMIUM]",,"[]",,,"[PREMIUM]"
"4921f336-0be2-47cf-ac9c-228624fc4ce0","2026-03-05 23:15:03.234","2026-03-05 23:15:03.234","4921f336-0be2-47cf-ac9c-228624fc4ce0","[PREMIUM]","New",2026,"Chevrolet","Silverado 3500","LT","[PREMIUM]","[PREMIUM]",0,"Truck","Summit White","H0y Jet Black","Four-wheel Drive",,,"Diesel",,,"dealership","[PREMIUM]","Watertown","SD","[PREMIUM]",,"[]",,,"[PREMIUM]"
"27c9db59-bac9-40d8-a0ec-0921718f850f","2026-03-05 23:15:03.149","2026-03-05 23:15:03.149","27c9db59-bac9-40d8-a0ec-0921718f850f","[PREMIUM]","New",2026,"Chevrolet","Suburban","LT","[PREMIUM]","[PREMIUM]",1,"SUV","Sterling Gray Metallic","Jet Black","4WD",,,"Gasoline",,,"dealership","[PREMIUM]","Mentor","OH","[PREMIUM]",,"[]",,,"[PREMIUM]"
"5f901023-b575-4dfb-93d2-c91f4cd41f8a","2026-03-05 23:15:03.142","2026-03-11 07:18:07.295","5f901023-b575-4dfb-93d2-c91f4cd41f8a","[PREMIUM]","New",2026,"Jeep","Grand Wagoneer","Base","[PREMIUM]","[PREMIUM]",21,"SUV","Bright White Clearcoat","Global Black","Four-wheel Drive",,,"Gasoline",,,"dealership","[PREMIUM]","Ann Arbor","MI","[PREMIUM]",,"[]",,,"[PREMIUM]"
"c65a77bd-4ce0-4270-bec9-dec71b4918d5","2026-03-05 23:15:03.046","2026-03-14 13:30:23.942","c65a77bd-4ce0-4270-bec9-dec71b4918d5","[PREMIUM]","New",2026,"RAM","2500","Tradesman","[PREMIUM]","[PREMIUM]",10,"Truck","Blue Metallic","Black","Four-wheel Drive",,,"Diesel",,,"dealership","[PREMIUM]","D'Iberville","MS","[PREMIUM]",,"[]",,,"[PREMIUM]"
"ad094f52-3ebb-4349-88ba-971b9d35c86c","2026-03-05 23:15:03.035","2026-03-05 23:15:03.035","ad094f52-3ebb-4349-88ba-971b9d35c86c","[PREMIUM]","New",2026,"RAM","2500","Tradesman","[PREMIUM]","[PREMIUM]",0,"Truck","Diamond Black","Black","4WD",,,"Diesel",,,"dealership","[PREMIUM]","D'Iberville","MS","[PREMIUM]",,"[]",,,"[PREMIUM]"
"5023842f-d6cf-4e93-af4f-228ba78b1491","2026-03-05 23:15:02.950","2026-03-05 23:15:02.950","5023842f-d6cf-4e93-af4f-228ba78b1491","[PREMIUM]","New",2026,"RAM","1500","Laramie","[PREMIUM]","[PREMIUM]",,"Truck","Gray","Black","Four-wheel Drive",,,"Gasoline",,,"dealership","[PREMIUM]","Toledo","OH","[PREMIUM]",,"[]",,,"[PREMIUM]"
"a62d4ad3-86dc-4900-b7c8-0c0ace4da605","2026-03-05 23:15:02.949","2026-03-20 13:35:53.373","a62d4ad3-86dc-4900-b7c8-0c0ace4da605","[PREMIUM]","New",2026,"RAM","1500","Laramie","[PREMIUM]","[PREMIUM]",3,"Truck","Silver Zynith","Black","Four-wheel Drive",,,"Gasoline",,,"dealership","[PREMIUM]","Devils Lake","ND","[PREMIUM]",,"[]",,,"[PREMIUM]"
"7a26e2b9-2ff4-43e2-bda9-4ccdfa0eba0e","2026-03-05 23:15:02.948","2026-03-05 23:15:02.948","7a26e2b9-2ff4-43e2-bda9-4ccdfa0eba0e","[PREMIUM]","New",2026,"Ford","Expedition","Platinum","[PREMIUM]","[PREMIUM]",0,"SUV","Agate Black Metallic","Black Onyx Trimmed Capt Chair","Four Wheel Drive",,,"Regular unleaded",,,"dealership","[PREMIUM]","Jackson","TN","[PREMIUM]",,"[]",,,"[PREMIUM]"
"8460d4a2-7c1c-4a52-9575-7bdee30459aa","2026-03-05 23:15:02.947","2026-03-05 23:15:02.947","8460d4a2-7c1c-4a52-9575-7bdee30459aa","[PREMIUM]","New",2026,"Toyota","Tundra Hybrid","TRD Pro","[PREMIUM]","[PREMIUM]",3,"Truck","Midnight Black Metallic","Cockpit Red","Four-wheel Drive",,,"Hybrid",,,"dealership","[PREMIUM]","Corsicana","TX","[PREMIUM]",,"[]",,,"[PREMIUM]"
"1ff5cdd4-b097-4920-85bb-ed0200d7bb3d","2026-03-05 23:15:02.942","2026-03-14 13:30:24.555","1ff5cdd4-b097-4920-85bb-ed0200d7bb3d","[PREMIUM]","New",2026,"Jeep","Grand Wagoneer","Limited Reserve","[PREMIUM]","[PREMIUM]",22,"SUV","Metallic","Global Black","Four-wheel Drive",,,"Gasoline",,,"dealership","[PREMIUM]","Ann Arbor","MI","[PREMIUM]",,"[]",,,"[PREMIUM]"
"c11a16ac-bcf2-4b43-bf5e-2699772237d2","2026-03-05 23:15:02.942","2026-03-11 07:18:07.239","c11a16ac-bcf2-4b43-bf5e-2699772237d2","[PREMIUM]","New",2026,"RAM","3500","Tradesman Crew Cab 4x4 8&#39; Box","[PREMIUM]","[PREMIUM]",0,"Truck","Bright White Clearcoat","-X8","Four-wheel Drive",,,"Diesel",,,"dealership","[PREMIUM]","Newport","TN","[PREMIUM]",,"[]",,,"[PREMIUM]"
"9f03a73a-e559-4d84-845b-c287ff3ef38a","2026-03-05 23:15:02.938","2026-03-20 13:35:53.378","9f03a73a-e559-4d84-845b-c287ff3ef38a","[PREMIUM]","New",2026,"Lexus","TX 500h","F SPORT Premium","[PREMIUM]","[PREMIUM]",2,"SUV","Mica","Birch","All-wheel Drive",,,"Gasoline",,,"dealership","[PREMIUM]","Spokane","WA","[PREMIUM]",,"[]",,,"[PREMIUM]"
"f4e7fab3-1236-4ee1-932b-14b7bee25f43","2026-03-05 23:15:02.934","2026-03-05 23:15:02.934","f4e7fab3-1236-4ee1-932b-14b7bee25f43","[PREMIUM]","New",2026,"BMW","530","xDrive","[PREMIUM]","[PREMIUM]",1,"Sedan","Oxide Grey Metallic","Black","All-wheel Drive",,,"Gasoline",,,"dealership","[PREMIUM]","Dublin","OH","[PREMIUM]",,"[]",,,"[PREMIUM]"
"08a1c0bd-0111-410b-8290-2f8d06d22419","2026-03-05 23:15:02.848","2026-03-11 07:17:56.335","08a1c0bd-0111-410b-8290-2f8d06d22419","[PREMIUM]","New",2026,"RAM","3500","Tradesman","[PREMIUM]","[PREMIUM]",25,"Truck","Blue Metallic","Black","Four-wheel Drive",,,"Diesel",,,"dealership","[PREMIUM]","D'Iberville","MS","[PREMIUM]",,"[]",,,"[PREMIUM]"
"43614d48-2730-40a3-b777-ddb9606068f4","2026-03-05 23:15:02.839","2026-03-05 23:15:02.839","43614d48-2730-40a3-b777-ddb9606068f4","[PREMIUM]","New",2026,"Porsche","Macan","Base","[PREMIUM]","[PREMIUM]",8,"SUV","Black","Black","All-wheel Drive",,,"Premium unleaded",,,"dealership","[PREMIUM]","Dublin","OH","[PREMIUM]",,"[]",,,"[PREMIUM]"
"49b7c0ff-bb22-49e0-a962-c40902d0bd93","2026-03-05 23:15:02.838","2026-03-14 13:30:03.128","49b7c0ff-bb22-49e0-a962-c40902d0bd93","[PREMIUM]","New",2026,"Toyota","Tundra Hybrid","Platinum","[PREMIUM]","[PREMIUM]",5,"Truck","Midnight Black Metallic","Black","Four-wheel Drive",,,"Hybrid",,,"dealership","[PREMIUM]","Gallatin","TN","[PREMIUM]",,"[]",,,"[PREMIUM]"
"b6cedb5c-421a-47b4-b8f3-f3aab9eb7dc4","2026-03-05 23:15:02.836","2026-03-05 23:15:02.836","b6cedb5c-421a-47b4-b8f3-f3aab9eb7dc4","[PREMIUM]","New",2026,"RAM","1500","Rebel","[PREMIUM]","[PREMIUM]",4,"Truck","Hydro Blue Pearlcoat","Black","Four-wheel Drive",,,"Gasoline",,,"dealership","[PREMIUM]","Richmond","MI","[PREMIUM]",,"[]",,,"[PREMIUM]"
"ece5615a-555e-4e8b-8177-5c98606c0dd8","2026-03-05 23:15:02.835","2026-03-05 23:15:02.835","ece5615a-555e-4e8b-8177-5c98606c0dd8","[PREMIUM]","Used",2026,"BMW","X5 PHEV","xDrive50e","[PREMIUM]","[PREMIUM]",6100,"SUV","Gray Metallic","Black","All-wheel Drive",,,"Hybrid",,,"dealership","[PREMIUM]","Columbus","OH","[PREMIUM]",,"[]",,,"[PREMIUM]"
"1ff6f03d-0864-4bbe-b772-4016d5bfb079","2026-03-05 23:15:02.630","2026-03-05 23:15:02.630","1ff6f03d-0864-4bbe-b772-4016d5bfb079","[PREMIUM]","New",2026,"GMC","Sierra 1500","AT4X","[PREMIUM]","[PREMIUM]",2,"Truck","Coastal Dune","Obsidian Rush","Four-wheel Drive",,,"Diesel",,,"dealership","[PREMIUM]","Spruce Pine","NC","[PREMIUM]",,"[]",,,"[PREMIUM]"
"9ec4b593-ef54-4bd7-be63-10ec8a6dcdeb","2026-03-05 23:15:02.538","2026-03-14 13:30:23.936","9ec4b593-ef54-4bd7-be63-10ec8a6dcdeb","[PREMIUM]","New",2026,"Ford","F-150","Lariat","[PREMIUM]","[PREMIUM]",0,"Truck","Avalanche","Black","Four-wheel Drive",,,"Gasoline",,,"dealership","[PREMIUM]","Draper","UT","[PREMIUM]",,"[]",,,"[PREMIUM]"
"009a71bd-950f-4c98-a200-9ba6f7724eeb","2026-03-05 23:15:02.531","2026-03-11 07:17:56.630","009a71bd-950f-4c98-a200-9ba6f7724eeb","[PREMIUM]","New",2026,"Ford","F-350","XL","[PREMIUM]","[PREMIUM]",0,"Truck","Oxford White","Medium Dark Slate","Four-wheel Drive",,,"Gasoline",,,"dealership","[PREMIUM]","Bellefonte","PA","[PREMIUM]",,"[]",,,"[PREMIUM]"
"95c8a12a-2a39-46bd-9503-fbdd5dc2d6af","2026-03-05 23:15:02.445","2026-03-05 23:15:02.445","95c8a12a-2a39-46bd-9503-fbdd5dc2d6af","[PREMIUM]","New",2026,"Toyota","Tundra Hybrid","1794 Edition","[PREMIUM]","[PREMIUM]",5,"Truck","Blueprint","Saddle Tan","Four-wheel Drive",,,"Hybrid",,,"dealership","[PREMIUM]","Gallatin","TN","[PREMIUM]",,"[]",,,"[PREMIUM]"
"90ba5fdb-6739-4bbb-8622-b4e87f831b17","2026-03-05 23:14:49.155","2026-03-11 07:17:56.341","90ba5fdb-6739-4bbb-8622-b4e87f831b17","[PREMIUM]","New",2026,"GMC","Sierra 1500","Denali","[PREMIUM]","[PREMIUM]",5,"Truck","Onyx Black","Atmosphere/Brownstone","Four-wheel Drive",,,"Gasoline",,,"dealership","[PREMIUM]","Freehold","NJ","[PREMIUM]",,"[]",,,"[PREMIUM]"
"67bb7d7e-ead1-40e5-8709-d49f39eff329","2026-03-05 23:14:49.106","2026-03-11 07:17:56.818","67bb7d7e-ead1-40e5-8709-d49f39eff329","[PREMIUM]","New",2026,"GMC","Sierra 1500","Denali Ultimate","[PREMIUM]","[PREMIUM]",0,"Truck","Onyx Black","Alpine Umber","Four-wheel Drive",,,"Gasoline",,,"dealership","[PREMIUM]","Kansas City","MO","[PREMIUM]",,"[]",,,"[PREMIUM]"
"2474f7cc-ec7b-4279-b17c-36d5d22d3d32","2026-03-05 23:14:49.012","2026-03-11 07:17:56.214","2474f7cc-ec7b-4279-b17c-36d5d22d3d32","[PREMIUM]","New",2026,"RAM","1500","Rebel","[PREMIUM]","[PREMIUM]",10,"Truck","Canyon Lake","Black","Four-wheel Drive",,,"Gasoline",,,"dealership","[PREMIUM]","Independence","IA","[PREMIUM]",,"[]",,,"[PREMIUM]"
"4f1cae4d-068a-424a-88d6-a65472a4b4c9","2026-03-05 23:14:48.958","2026-03-05 23:14:48.958","4f1cae4d-068a-424a-88d6-a65472a4b4c9","[PREMIUM]","New",2026,"Chevrolet","Tahoe","4WD Z71","[PREMIUM]","[PREMIUM]",1,"SUV","Summit White","H0y","Four-wheel Drive",,,"Gasoline",,,"dealership","[PREMIUM]","Terrell","TX","[PREMIUM]",,"[]",,,"[PREMIUM]"
"fc0603cb-b2a3-41f7-bf54-63550f554291","2026-03-05 23:14:48.949","2026-03-14 13:30:24.019","fc0603cb-b2a3-41f7-bf54-63550f554291","[PREMIUM]","New",2026,"Chevrolet","Silverado 2500","LT","[PREMIUM]","[PREMIUM]",3,"Truck","Summit White","Jet Black","Four-wheel Drive",,,"Diesel",,,"dealership","[PREMIUM]","Fenton","MO","[PREMIUM]",,"[]",,,"[PREMIUM]"
"f0ad9d91-e317-4c83-be06-b273c6b9e182","2026-03-05 23:14:48.934","2026-03-05 23:14:48.934","f0ad9d91-e317-4c83-be06-b273c6b9e182","[PREMIUM]","New",2026,"Ford","F-150","King Ranch","[PREMIUM]","[PREMIUM]",27,"Truck","Star White Metallic Tri-Coat","Java","Four-wheel Drive",,,"Gasoline",,,"dealership","[PREMIUM]","Kingsland","GA","[PREMIUM]",,"[]",,,"[PREMIUM]"
"ca00d282-2532-4534-acbf-c816512d0c01","2026-03-05 23:14:48.929","2026-03-11 07:17:56.692","ca00d282-2532-4534-acbf-c816512d0c01","[PREMIUM]","New",2026,"GMC","Sierra 1500","Denali","[PREMIUM]","[PREMIUM]",5,"Truck","Coastal Dune","Atmosphere/Brownstone","Four-wheel Drive",,,"Gasoline",,,"dealership","[PREMIUM]","Freehold","NJ","[PREMIUM]",,"[]",,,"[PREMIUM]"
"de3322da-2b8f-4041-b9a1-56fcb56868cd","2026-03-05 23:14:48.922","2026-03-11 07:17:56.361","de3322da-2b8f-4041-b9a1-56fcb56868cd","[PREMIUM]","New",2026,"RAM","2500","Big Horn Crew Cab 4x4 6&#39;4&#39; Box","[PREMIUM]","[PREMIUM]",15,"Truck","Bright White Clearcoat","Black","Four-wheel Drive",,,"Diesel",,,"dealership","[PREMIUM]","McAlester","OK","[PREMIUM]",,"[]",,,"[PREMIUM]"
"3267c2bd-0a0c-488d-a4db-3d0d9c8d32a8","2026-03-05 23:14:48.921","2026-03-05 23:14:48.921","3267c2bd-0a0c-488d-a4db-3d0d9c8d32a8","[PREMIUM]","New",2026,"GMC","Sierra 1500","Denali","[PREMIUM]","[PREMIUM]",5,"Truck","Onyx Black","Jet Black","Four-wheel Drive",,,"Gasoline",,,"dealership","[PREMIUM]","Freehold","NJ","[PREMIUM]",,"[]",,,"[PREMIUM]"
"d7c283b3-a53d-41d4-b874-ae4e5653dddc","2026-03-05 23:14:48.911","2026-03-05 23:14:48.911","d7c283b3-a53d-41d4-b874-ae4e5653dddc","[PREMIUM]","New",2026,"RAM","1500","RHO Crew Cab 4x4 5&#39;7&#39; Box","[PREMIUM]","[PREMIUM]",15,"Truck","Diamond Black Crystal Pearlcoat","Black","Four-wheel Drive",,,"Gasoline",,,"dealership","[PREMIUM]","Mesa","AZ","[PREMIUM]",,"[]",,,"[PREMIUM]"
"18fdc46a-d941-4a6b-9645-50a0d9a76bb9","2026-03-05 23:14:48.897","2026-03-14 13:30:23.946","18fdc46a-d941-4a6b-9645-50a0d9a76bb9","[PREMIUM]","New",2026,"Nissan","Armada","PRO-4X","[PREMIUM]","[PREMIUM]",5,"SUV","Aspen White Tricoat/Super Black","Charcoal","Four-wheel Drive",,,"Gasoline",,,"dealership","[PREMIUM]","Rocky Mount","NC","[PREMIUM]",,"[]",,,"[PREMIUM]"
"8790b452-6169-4eed-97ca-23c0763b9897","2026-03-05 23:14:48.873","2026-03-05 23:14:48.873","8790b452-6169-4eed-97ca-23c0763b9897","[PREMIUM]","New",2026,"Ford","F-150","Tremor","[PREMIUM]","[PREMIUM]",,"Truck","Carbonized Gray Metallic","Black","4WD",,,"Gasoline",,,"dealership","[PREMIUM]","Leesburg","VA","[PREMIUM]",,"[]",,,"[PREMIUM]"
"c876c673-cb2e-4be4-a4f4-6d67967a5ef4","2026-03-05 23:14:48.872","2026-03-20 13:35:53.403","c876c673-cb2e-4be4-a4f4-6d67967a5ef4","[PREMIUM]","New",2026,"Land Rover","Range Rover Velar","P400 Dynamic SE","[PREMIUM]","[PREMIUM]",5,"SUV","Ostuni Pearl Wht Prem Met","Cloud/Ebony","All-wheel Drive",,,"Gasoline",,,"dealership","[PREMIUM]","Henderson","NV","[PREMIUM]",,"[]",,,"[PREMIUM]"
"17f76950-344b-4787-b5da-393b095f9c09","2026-03-05 23:14:48.869","2026-03-05 23:14:48.869","17f76950-344b-4787-b5da-393b095f9c09","[PREMIUM]","New",2026,"Lexus","RX 500h","F SPORT Performance","[PREMIUM]","[PREMIUM]",0,"SUV","Incognito","Rioja Red","All-wheel Drive",,,"Gasoline",,,"dealership","[PREMIUM]","Cathedral City","CA","[PREMIUM]",,"[]",,,"[PREMIUM]"
"90405bc1-cdb5-4c1a-86df-3aaacc604db8","2026-03-05 23:14:48.865","2026-03-20 13:35:53.382","90405bc1-cdb5-4c1a-86df-3aaacc604db8","[PREMIUM]","New",2026,"Jeep","Wrangler","4-Door Moab 392 4x4","[PREMIUM]","[PREMIUM]",10,"SUV","Bright White Clearcoat","Black","Four-wheel Drive",,,"Gasoline",,,"dealership","[PREMIUM]","Lapeer","MI","[PREMIUM]",,"[]",,,"[PREMIUM]"
"be8736a7-6151-4a47-b7e6-ec144579a340","2026-03-05 23:14:48.864","2026-03-20 13:35:42.954","be8736a7-6151-4a47-b7e6-ec144579a340","[PREMIUM]","New",2026,"Volvo","XC90","Ultra, B6 AWD Gas (mild hybrid), Gasoline, Bright, 7 Seats","[PREMIUM]","[PREMIUM]",9,"SUV","Denim Blue Metallic","Blonde w/ventilated nappa leather upholstery","All-wheel Drive",,,"Hybrid",,,"dealership","[PREMIUM]","Marietta","GA","[PREMIUM]",,"[]",,,"[PREMIUM]"
"b12d2070-7a2c-425e-8e5c-ce2a76a34a79","2026-03-05 23:14:48.308","2026-03-14 13:30:24.036","b12d2070-7a2c-425e-8e5c-ce2a76a34a79","[PREMIUM]","New",2026,"Chevrolet","Tahoe","4WD RST","[PREMIUM]","[PREMIUM]",1,"SUV","Radiant Red Tintcoat","Jet Black/Victory Red","Four-wheel Drive",,,"Gasoline",,,"dealership","[PREMIUM]","Yorkville","NY","[PREMIUM]",,"[]",,,"[PREMIUM]"
"557200eb-a8e7-4093-b380-457f344d0609","2026-03-05 23:14:48.273","2026-03-05 23:14:48.273","557200eb-a8e7-4093-b380-457f344d0609","[PREMIUM]","New",2026,"Jaguar","F-PACE","P400 R-Dynamic S","[PREMIUM]","[PREMIUM]",25,"SUV","Carpathian Grey","Siena Tan Windsor Leather Seats","All-wheel Drive",,,"Gasoline",,,"dealership","[PREMIUM]","Austin","TX","[PREMIUM]",,"[]",,,"[PREMIUM]"
"7032e9ef-0916-4587-9825-fc7ee455d6f1","2026-03-05 23:14:48.273","2026-03-05 23:14:48.273","7032e9ef-0916-4587-9825-fc7ee455d6f1","[PREMIUM]","New",2026,"Chevrolet","Tahoe","4WD RST","[PREMIUM]","[PREMIUM]",4,"SUV","Sterling Gray Metallic","Jet Black/Victory Red","Four-wheel Drive",,,"Gasoline",,,"dealership","[PREMIUM]","Cherry Hill Township","NJ","[PREMIUM]",,"[]",,,"[PREMIUM]"
"9a16fb63-5332-4640-b513-080197ef616e","2026-03-05 23:14:48.269","2026-03-11 07:17:45.083","9a16fb63-5332-4640-b513-080197ef616e","[PREMIUM]","New",2026,"Volvo","XC90 Plug-In Hybrid","T8 Plus 7-Seater","[PREMIUM]","[PREMIUM]",1,"SUV","Gray Metallic","Cardamom","All-wheel Drive",,,"Hybrid",,,"dealership","[PREMIUM]","Seaside","CA","[PREMIUM]",,"[]",,,"[PREMIUM]"
"403f0dad-9c87-43d4-bee5-bb242748b190","2026-03-05 23:14:48.263","2026-03-17 13:35:46.290","403f0dad-9c87-43d4-bee5-bb242748b190","[PREMIUM]","New",2026,"Toyota","Tundra Hybrid","1794 Edition","[PREMIUM]","[PREMIUM]",,"Truck","Silver","Saddle Tan","Four-wheel Drive",,,"Hybrid",,,"dealership","[PREMIUM]","Knoxville","TN","[PREMIUM]",,"[]",,,"[PREMIUM]"
"52bd9b59-5656-4cec-b6c1-552b8b50f8c4","2026-03-05 23:14:48.257","2026-03-11 07:17:56.347","52bd9b59-5656-4cec-b6c1-552b8b50f8c4","[PREMIUM]","New",2026,"Land Rover","Defender","110 S","[PREMIUM]","[PREMIUM]",25,"SUV","Santorini Black","Light Cloud","All-wheel Drive",,,"Gasoline",,,"dealership","[PREMIUM]","Austin","TX","[PREMIUM]",,"[]",,,"[PREMIUM]"
"e0fae4c6-30a7-48b2-a4ae-6553c58fcc1d","2026-03-05 23:14:48.256","2026-03-11 07:17:56.226","e0fae4c6-30a7-48b2-a4ae-6553c58fcc1d","[PREMIUM]","New",2026,"Land Rover","Defender","110 S","[PREMIUM]","[PREMIUM]",25,"SUV","Fuji White","Ebony","All-wheel Drive",,,"Gasoline",,,"dealership","[PREMIUM]","Austin","TX","[PREMIUM]",,"[]",,,"[PREMIUM]"
"23f41549-9458-4c8a-9cad-fef73f9930a4","2026-03-05 23:14:48.249","2026-03-11 07:17:56.532","23f41549-9458-4c8a-9cad-fef73f9930a4","[PREMIUM]","New",2026,"GMC","Yukon XL","Elevation","[PREMIUM]","[PREMIUM]",3,"SUV","Sterling","Jet Black","Rear-wheel Drive",,,"Gasoline",,,"dealership","[PREMIUM]","Grapevine","TX","[PREMIUM]",,"[]",,,"[PREMIUM]"
"6eb62c3d-f052-45c8-ab2e-bfc37773f621","2026-03-05 23:14:48.249","2026-03-11 07:17:56.421","6eb62c3d-f052-45c8-ab2e-bfc37773f621","[PREMIUM]","New",2026,"GMC","Yukon","Elevation","[PREMIUM]","[PREMIUM]",3,"SUV","Sterling","Jet Black","Four-wheel Drive",,,"Gasoline",,,"dealership","[PREMIUM]","Grapevine","TX","[PREMIUM]",,"[]",,,"[PREMIUM]"
"52c94319-d2dd-40b2-ba80-1fa04d6ea0df","2026-03-05 23:14:48.248","2026-03-11 07:17:56.340","52c94319-d2dd-40b2-ba80-1fa04d6ea0df","[PREMIUM]","New",2026,"Chevrolet","Tahoe","LT","[PREMIUM]","[PREMIUM]",4,"SUV","Lakeshore Blue Metallic","Jet Black","Four-wheel Drive",,,"Gasoline",,,"dealership","[PREMIUM]","Cherry Hill Township","NJ","[PREMIUM]",,"[]",,,"[PREMIUM]"
"2ebb478b-ab9d-41e1-a68c-94673925d9a8","2026-03-05 23:14:48.246","2026-03-05 23:14:48.246","2ebb478b-ab9d-41e1-a68c-94673925d9a8","[PREMIUM]","New",2026,"Lincoln","Aviator","Reserve AWD","[PREMIUM]","[PREMIUM]",322,"SUV","White Metallic","Onyx","All-wheel Drive",,,"Gasoline",,,"dealership","[PREMIUM]","West Bend","WI","[PREMIUM]",,"[]",,,"[PREMIUM]"
"acdba591-ff66-4aca-812b-678722432ed1","2026-03-05 23:14:48.237","2026-03-20 13:35:32.581","acdba591-ff66-4aca-812b-678722432ed1","[PREMIUM]","New",2026,"RAM","2500","Laramie","[PREMIUM]","[PREMIUM]",10,"Truck","Bright White Clearcoat","Black","Four-wheel Drive",,,"Diesel",,,"dealership","[PREMIUM]","Miami","FL","[PREMIUM]",,"[]",,,"[PREMIUM]"
"b5005b69-6c9a-4e90-b938-61d645e0e8f6","2026-03-05 23:14:48.222","2026-03-05 23:14:48.222","b5005b69-6c9a-4e90-b938-61d645e0e8f6","[PREMIUM]","New",2026,"Chevrolet","Silverado 3500","LT","[PREMIUM]","[PREMIUM]",7,"Truck","Summit White","Jet Black","4WD",,,"Diesel",,,"dealership","[PREMIUM]","Freer","TX","[PREMIUM]",,"[]",,,"[PREMIUM]"
"a75406e5-7d8d-434a-b65a-ffe45fb29b13","2026-03-05 23:14:48.220","2026-03-11 07:17:56.538","a75406e5-7d8d-434a-b65a-ffe45fb29b13","[PREMIUM]","New",2026,"Kia","EV9","GT-Line","[PREMIUM]","[PREMIUM]",5,"SUV","Glacial White Pearl","Brown / Black","All-wheel Drive",,,"Electric",,,"dealership","[PREMIUM]","Gladstone","OR","[PREMIUM]",,"[]",,,"[PREMIUM]"
"fbc8420d-99f4-4457-ae85-df5ea6fb9c98","2026-03-05 23:14:48.218","2026-03-20 13:35:53.374","fbc8420d-99f4-4457-ae85-df5ea6fb9c98","[PREMIUM]","New",2026,"Land Rover","Defender","110 X-Dynamic SE","[PREMIUM]","[PREMIUM]",25,"SUV","Santorini Black","Ebony","All-wheel Drive",,,"Gasoline",,,"dealership","[PREMIUM]","Austin","TX","[PREMIUM]",,"[]",,,"[PREMIUM]"
"7ca8d811-7b70-494e-9667-76692be5c8f2","2026-03-05 23:14:48.216","2026-03-20 13:35:32.600","7ca8d811-7b70-494e-9667-76692be5c8f2","[PREMIUM]","New",2026,"Acura","MDX","Type S w/Advance Package","[PREMIUM]","[PREMIUM]",6,"SUV","BQ","Red","All-wheel Drive",,,"Gasoline",,,"dealership","[PREMIUM]","Jacksonville","FL","[PREMIUM]",,"[]",,,"[PREMIUM]"
"3e76392d-1cfa-4480-b3c0-a97c21bde3c5","2026-03-05 23:14:48.202","2026-03-05 23:14:48.202","3e76392d-1cfa-4480-b3c0-a97c21bde3c5","[PREMIUM]","New",2026,"Toyota","Tundra Hybrid","TRD Pro","[PREMIUM]","[PREMIUM]",0,"Truck","Ice Cap","Cockpit Red SofTex-trimmed","Four-wheel Drive",,,"Hybrid",,,"dealership","[PREMIUM]","Swansea","MA","[PREMIUM]",,"[]",,,"[PREMIUM]"
"ad97dd68-7c09-4d15-b0ff-2404ecff175b","2026-03-05 23:14:48.200","2026-03-05 23:14:48.200","ad97dd68-7c09-4d15-b0ff-2404ecff175b","[PREMIUM]","New",2026,"GMC","Sierra 1500","AT4","[PREMIUM]","[PREMIUM]",60,"Truck","Sterling Metallic","Jet Black w/Kalahari Accents","Four Wheel Drive",,,"Premium unleaded",,,"dealership","[PREMIUM]","San Jose","CA","[PREMIUM]",,"[]",,,"[PREMIUM]"
"008177b3-500f-4adf-b456-2203d5a550bc","2026-03-05 23:14:48.197","2026-03-05 23:14:48.197","008177b3-500f-4adf-b456-2203d5a550bc","[PREMIUM]","New",2026,"RAM","3500","Tradesman","[PREMIUM]","[PREMIUM]",,"Truck","Bright White Clearcoat","Black","4WD",,,"Diesel",,,"dealership","[PREMIUM]","Bristow","OK","[PREMIUM]",,"[]",,,"[PREMIUM]"
"972b5166-c825-4ef6-a15d-84cdc6e6d015","2026-03-05 23:14:48.176","2026-03-11 07:17:56.322","972b5166-c825-4ef6-a15d-84cdc6e6d015","[PREMIUM]","New",2026,"Lexus","RX 500h","F SPORT Performance","[PREMIUM]","[PREMIUM]",0,"SUV","Iridium","Blk W/Dk Graph Perforated","All-wheel Drive",,,"Gasoline",,,"dealership","[PREMIUM]","Lakeway","TX","[PREMIUM]",,"[]",,,"[PREMIUM]"
"75d80ceb-2070-4db8-beae-ab893501ecd1","2026-03-05 23:14:48.166","2026-03-14 13:30:03.136","75d80ceb-2070-4db8-beae-ab893501ecd1","[PREMIUM]","New",2026,"Jeep","Grand Wagoneer","Limited Reserve 4x4","[PREMIUM]","[PREMIUM]",1,"SUV","High Gloss Black","Global Black","Four-wheel Drive",,,"Gasoline",,,"dealership","[PREMIUM]","Iowa City","IA","[PREMIUM]",,"[]",,,"[PREMIUM]"
"94c2beeb-47c1-4321-b8f7-8828eb11204f","2026-03-05 23:14:48.166","2026-03-20 13:35:42.953","94c2beeb-47c1-4321-b8f7-8828eb11204f","[PREMIUM]","New",2026,"Ford","F-350","XL","[PREMIUM]","[PREMIUM]",53,"Truck","Oxford White","Medium Dark Slate","Four-wheel Drive",,,"Diesel",,,"dealership","[PREMIUM]","Columbia","MO","[PREMIUM]",,"[]",,,"[PREMIUM]"
"5f1e401f-312f-48b3-816b-328c27b88350","2026-03-05 23:14:48.142","2026-03-17 13:35:25.561","5f1e401f-312f-48b3-816b-328c27b88350","[PREMIUM]","New",2026,"RAM","2500","Laramie","[PREMIUM]","[PREMIUM]",10,"Truck","Bright White Clearcoat","Black","Four-wheel Drive",,,"Diesel",,,"dealership","[PREMIUM]","Miami","FL","[PREMIUM]",,"[]",,,"[PREMIUM]"
"476332f1-28d4-4232-bdaf-21968261f068","2026-03-05 23:14:48.119","2026-03-14 13:30:03.123","476332f1-28d4-4232-bdaf-21968261f068","[PREMIUM]","New",2026,"Toyota","Tundra Hybrid","TRD Pro","[PREMIUM]","[PREMIUM]",0,"Truck","Wave Maker","Black","Four-wheel Drive",,,"Hybrid",,,"dealership","[PREMIUM]","Warrenton","VA","[PREMIUM]",,"[]",,,"[PREMIUM]"
"2db99c9f-f7a1-4c9d-88ac-f0956946d716","2026-03-05 23:13:44.924","2026-03-20 13:35:32.594","2db99c9f-f7a1-4c9d-88ac-f0956946d716","[PREMIUM]","Used",2018,"Mercedes-Benz","Maybach S 650","Maybach S 650","[PREMIUM]","[PREMIUM]",24639,"Sedan","Black","Black","Rear-wheel Drive",,,"Gasoline",,,"dealership","[PREMIUM]","Marietta","GA","[PREMIUM]",,"[]",,,"[PREMIUM]"
"0c4a5be2-006b-4cd9-ac02-55307bae23ef","2026-03-05 23:13:23.786","2026-03-17 17:16:22.539","0c4a5be2-006b-4cd9-ac02-55307bae23ef","[PREMIUM]","Used",2022,"Land Rover","Range Rover Sport","SVR Carbon Edition","[PREMIUM]","[PREMIUM]",39354,"SUV","SVO Premium Palette Grey","Pimento / Ebony","Four-wheel Drive",,,"Gasoline",,,"dealership","[PREMIUM]","Hollywood","FL","[PREMIUM]",,"[]",,,"[PREMIUM]"
"5408fab7-3ba8-4fb1-9ee1-bcd843f61623","2026-03-05 23:13:23.782","2026-03-05 23:13:23.782","5408fab7-3ba8-4fb1-9ee1-bcd843f61623","[PREMIUM]","Used",2022,"Cadillac","Escalade ESV","Sport","[PREMIUM]","[PREMIUM]",39549,"SUV","Crystal White Tricoat","Jet Black","Four-wheel Drive",,,"Gasoline",,,"dealership","[PREMIUM]","Dallas","TX","[PREMIUM]",,"[]",,,"[PREMIUM]"
"ba2914e7-1a26-4b25-8b41-d2c6848d98ba","2026-03-05 23:13:23.765","2026-03-11 07:17:23.795","ba2914e7-1a26-4b25-8b41-d2c6848d98ba","[PREMIUM]","Used",2021,"Cadillac","Escalade","Sport Platinum","[PREMIUM]","[PREMIUM]",31484,"SUV","Black","BLACK","Four-wheel Drive",,,"Gasoline",,,"dealership","[PREMIUM]","Canoga Park","CA","[PREMIUM]",,"[]",,,"[PREMIUM]"
"504e85e8-dd06-4a5a-9d61-421cadec8310","2026-03-05 23:13:13.077","2026-03-14 13:29:41.727","504e85e8-dd06-4a5a-9d61-421cadec8310","[PREMIUM]","Used",2022,"Cadillac","Escalade ESV","Sport","[PREMIUM]","[PREMIUM]",45476,"SUV","Crystal White Tricoat","Brandy w/Very Dark Atmosphere Accents","Four-wheel Drive",,,"Gasoline",,,"dealership","[PREMIUM]","Houston","TX","[PREMIUM]",,"[]",,,"[PREMIUM]"
"7bf87c49-6994-4b44-9551-8ded791eaa5e","2026-03-05 23:13:13.019","2026-03-20 13:35:32.656","7bf87c49-6994-4b44-9551-8ded791eaa5e","[PREMIUM]","Used",2022,"Cadillac","Escalade ESV","Sport Platinum","[PREMIUM]","[PREMIUM]",50426,"SUV","Crystal White Tri-Coat","Dark Auburn","Four-wheel Drive",,,"Gasoline",,,"dealership","[PREMIUM]","Hollywood","FL","[PREMIUM]",,"[]",,,"[PREMIUM]"
"3e7f4cde-7209-41a3-a1cf-941cb49951bc","2026-03-05 23:13:13.018","2026-03-20 13:35:32.608","3e7f4cde-7209-41a3-a1cf-941cb49951bc","[PREMIUM]","Used",2022,"Dodge","Challenger","SRT Hellcat","[PREMIUM]","[PREMIUM]",23801,"Coupe","Pitch Black Clearcoat","Black","Rear-wheel Drive",,,"Gasoline",,,"dealership","[PREMIUM]","Greensboro","NC","[PREMIUM]",,"[]",,,"[PREMIUM]"
"525e3206-9e1d-4d99-8eee-2d67e498bb9d","2026-03-05 23:13:12.991","2026-03-05 23:13:12.991","525e3206-9e1d-4d99-8eee-2d67e498bb9d","[PREMIUM]","Used",2022,"Porsche","Panamera","GTS","[PREMIUM]","[PREMIUM]",51503,"Hatchback","Carrara White Metallic","Black","All-wheel Drive",,,"Gasoline",,,"dealership","[PREMIUM]","Austin","TX","[PREMIUM]",,"[]",,,"[PREMIUM]"
"c3797522-8ca7-41be-bb84-94efbd7df3a7","2026-03-05 23:12:59.501","2026-03-20 13:35:42.998","c3797522-8ca7-41be-bb84-94efbd7df3a7","[PREMIUM]","Used",2023,"Ford","F-150","Raptor","[PREMIUM]","[PREMIUM]",59829,"Truck","Rapid Red Metallic Tinted Clearcoat","Black","Four-wheel Drive",,,"Gasoline",,,"dealership","[PREMIUM]","Orange","CA","[PREMIUM]",,"[]",,,"[PREMIUM]"
"ac6fcc81-5952-4266-a265-02865cd7bf81","2026-03-05 23:12:59.250","2026-03-11 07:17:02.721","ac6fcc81-5952-4266-a265-02865cd7bf81","[PREMIUM]","Used",2023,"Cadillac","Escalade ESV","Premium Luxury Platinum","[PREMIUM]","[PREMIUM]",26777,"SUV","Dark Moon Blue Metallic","Whisper Beige w/Gideon Accents","Four-wheel Drive",,,"Gasoline",,,"dealership","[PREMIUM]","Friendswood","TX","[PREMIUM]",,"[]",,,"[PREMIUM]"
"c1279a08-64be-4112-813c-598d3fbd251d","2026-03-05 23:12:59.121","2026-03-11 07:17:02.551","c1279a08-64be-4112-813c-598d3fbd251d","[PREMIUM]","Used",2023,"Ford","F-150","XLT","[PREMIUM]","[PREMIUM]",21820,"Truck","Oxford White","Black","Four-wheel Drive",,,"Gasoline",,,"dealership","[PREMIUM]","Riverside","CA","[PREMIUM]",,"[]",,,"[PREMIUM]"
"52518423-c4dc-45f1-a2b8-e3004039de0f","2026-03-05 23:12:59.102","2026-03-20 13:35:32.629","52518423-c4dc-45f1-a2b8-e3004039de0f","[PREMIUM]","Used",2023,"Cadillac","Escalade ESV","Sport Platinum","[PREMIUM]","[PREMIUM]",63354,"SUV","White","Platinum","Four-wheel Drive",,,"Gasoline",,,"dealership","[PREMIUM]","Gladstone","OR","[PREMIUM]",,"[]",,,"[PREMIUM]"
"324e0309-0428-423f-ba1c-60e43c45f108","2026-03-05 23:12:59.100","2026-03-17 13:35:14.541","324e0309-0428-423f-ba1c-60e43c45f108","[PREMIUM]","Used",2023,"Audi","S8","4.0T","[PREMIUM]","[PREMIUM]",15302,"Sedan","Vesuvius Gray Metallic","Black","All-wheel Drive",,,"Gasoline",,,"dealership","[PREMIUM]","Arlington","VA","[PREMIUM]",,"[]",,,"[PREMIUM]"
"e626bd51-1428-49f8-beb7-14aac36847fc","2026-03-05 23:12:59.084","2026-03-11 07:17:02.891","e626bd51-1428-49f8-beb7-14aac36847fc","[PREMIUM]","Used",2023,"Cadillac","Escalade","Premium Luxury","[PREMIUM]","[PREMIUM]",28303,"SUV","Black Raven","Jet Black","Four-wheel Drive",,,"Gasoline",,,"dealership","[PREMIUM]","Walnut Creek","CA","[PREMIUM]",,"[]",,,"[PREMIUM]"
"e45d19df-8abf-4e06-9602-8ee3e1d70f3b","2026-03-05 23:12:59.077","2026-03-05 23:12:59.077","e45d19df-8abf-4e06-9602-8ee3e1d70f3b","[PREMIUM]","Used",2023,"Chevrolet","Corvette","Stingray w/3LT","[PREMIUM]","[PREMIUM]",23509,"Convertible","Carbon Flash Metallic","Ceramic White w/Red Stitching","Rear-wheel Drive",,,"Gasoline",,,"dealership","[PREMIUM]","Springdale","AR","[PREMIUM]",,"[]",,,"[PREMIUM]"
"df640948-c9a9-4345-8ac8-02469dce240b","2026-03-05 23:12:59.075","2026-03-05 23:12:59.075","df640948-c9a9-4345-8ac8-02469dce240b","[PREMIUM]","Used",2023,"Dodge","Durango","SRT Hellcat Premium AWD","[PREMIUM]","[PREMIUM]",19034,"SUV","White Knuckle Clearcoat","Demonic Red/Black","All-wheel Drive",,,"Gasoline",,,"dealership","[PREMIUM]","Ontario","OH","[PREMIUM]",,"[]",,,"[PREMIUM]"
"248f9f58-3952-45b4-832c-0d957998c558","2026-03-05 23:12:59.067","2026-03-17 13:36:20.423","248f9f58-3952-45b4-832c-0d957998c558","[PREMIUM]","Used",2024,"Ford","F-250","XL","[PREMIUM]","[PREMIUM]",17704,"Truck",,,"Four-wheel Drive",,,"Diesel",,,"dealership","[PREMIUM]","Reidsville","NC","[PREMIUM]",,"[]",,,"[PREMIUM]"
"f12c8902-57cf-4c37-b54c-63ec3a3bb91b","2026-03-05 23:12:59.067","2026-03-17 13:35:30.137","f12c8902-57cf-4c37-b54c-63ec3a3bb91b","[PREMIUM]","Used",2023,"Land Rover","Range Rover Sport","SE","[PREMIUM]","[PREMIUM]",17815,"SUV","Santorini Black Metallic","Ebony","All-wheel Drive",,,"Gasoline",,,"dealership","[PREMIUM]","Tempe","AZ","[PREMIUM]",,"[]",,,"[PREMIUM]"
"52466e3c-1385-4c39-86ce-ee5960cde4f6","2026-03-05 23:12:59.054","2026-03-05 23:12:59.054","52466e3c-1385-4c39-86ce-ee5960cde4f6","[PREMIUM]","Used",2024,"BMW","M850 Gran Coupe","xDrive","[PREMIUM]","[PREMIUM]",13604,"Sedan","Portimao Blue Metallic","Ivory White/Night Blue","All-wheel Drive",,,"Gasoline",,,"dealership","[PREMIUM]","Dublin","OH","[PREMIUM]",,"[]",,,"[PREMIUM]"
"aed8322b-014e-4866-85ed-b308660bf2c1","2026-03-05 23:12:59.050","2026-03-17 13:35:14.554","aed8322b-014e-4866-85ed-b308660bf2c1","[PREMIUM]","Used",2023,"GMC","Yukon","Denali Ultimate","[PREMIUM]","[PREMIUM]",42198,"SUV","Sterling","Alpine Umber","Four-wheel Drive",,,"Diesel",,,"dealership","[PREMIUM]","East Moline","IL","[PREMIUM]",,"[]",,,"[PREMIUM]"
"ea9dc4d3-852a-4fdc-8a0b-fd8a1469c360","2026-03-05 23:12:59.047","2026-03-14 13:29:31.236","ea9dc4d3-852a-4fdc-8a0b-fd8a1469c360","[PREMIUM]","Used",2023,"Ford","F-150","Raptor","[PREMIUM]","[PREMIUM]",23157,"Truck","AGATE BLACK METALLIC","BLACK LEATHER BUCKET SEATS","Four-wheel Drive",,,"Gasoline",,,"dealership","[PREMIUM]","Seaside","CA","[PREMIUM]",,"[]",,,"[PREMIUM]"
"b9a59d32-1aab-450c-a2c4-399fb9d0cc68","2026-03-05 23:12:59.015","2026-03-14 13:29:31.342","b9a59d32-1aab-450c-a2c4-399fb9d0cc68","[PREMIUM]","Used",2024,"RAM","2500","Longhorn","[PREMIUM]","[PREMIUM]",45813,"Truck","Diamond Black Crystal Pearlcoat","Light Mountain Brown/Mountain Brown","Four-wheel Drive",,,"Diesel",,,"dealership","[PREMIUM]","Katy","TX","[PREMIUM]",,"[]",,,"[PREMIUM]"
"9c9c7c2d-221f-4287-ba1b-5f001730749b","2026-03-05 23:12:48.100","2026-03-11 07:17:02.890","9c9c7c2d-221f-4287-ba1b-5f001730749b","[PREMIUM]","Used",2024,"GMC","Sierra 3500","AT4","[PREMIUM]","[PREMIUM]",13020,"Truck","Sterling Metallic","Jet Black w/Kalahari Accents","Four-wheel Drive",,,"Diesel",,,"dealership","[PREMIUM]","Reidsville","NC","[PREMIUM]",,"[]",,,"[PREMIUM]"
"d14884c4-ed7c-4660-ab51-60e669975886","2026-03-05 23:12:48.026","2026-03-11 07:17:02.482","d14884c4-ed7c-4660-ab51-60e669975886","[PREMIUM]","New",2025,"Ford","F-150","XLT","[PREMIUM]","[PREMIUM]",150,"Truck","Agate Black Metallic","Black","Four-wheel Drive",,,"Gasoline",,,"dealership","[PREMIUM]","Stanley","WI","[PREMIUM]",,"[]",,,"[PREMIUM]"
"390f7496-61c4-4859-9994-803a0c902f05","2026-03-05 23:12:48.022","2026-03-14 13:29:31.340","390f7496-61c4-4859-9994-803a0c902f05","[PREMIUM]","Used",2024,"GMC","Sierra 1500","Denali","[PREMIUM]","[PREMIUM]",18039,"Truck","Volcanic Red Tintcoat","Atmosphere/Brownstone","Four-wheel Drive",,,"Gasoline",,,"dealership","[PREMIUM]","Greer","SC","[PREMIUM]",,"[]",,,"[PREMIUM]"
"0095d958-0b8c-4bca-88ff-a753c82038bf","2026-03-05 23:12:48.015","2026-03-05 23:12:48.015","0095d958-0b8c-4bca-88ff-a753c82038bf","[PREMIUM]","Used",2024,"Ford","F-250","Lariat","[PREMIUM]","[PREMIUM]",14000,"Truck","Gray Metallic","Black Onyx","4WD",,,"Gasoline",,,"dealership","[PREMIUM]","Heber Springs","AR","[PREMIUM]",,"[]",,,"[PREMIUM]"
"67edca7d-d9bd-4a71-b2f0-6a1c9faa9313","2026-03-05 23:12:47.950","2026-03-05 23:12:47.950","67edca7d-d9bd-4a71-b2f0-6a1c9faa9313","[PREMIUM]","Used",2024,"Ford","Bronco","Raptor","[PREMIUM]","[PREMIUM]",19050,"SUV","NOT SPECIFIED",,"Four-wheel Drive",,,"Gasoline",,,"dealership","[PREMIUM]","Loveland","CO","[PREMIUM]",,"[]",,,"[PREMIUM]"
"d04aaadb-e882-49c5-b67f-9719cf77524e","2026-03-05 23:12:47.941","2026-03-05 23:12:47.941","d04aaadb-e882-49c5-b67f-9719cf77524e","[PREMIUM]","Used",2024,"GMC","Sierra 2500","Denali","[PREMIUM]","[PREMIUM]",7662,"Truck","Downpour Metallic","Jet Black","Four-wheel Drive",,,"Diesel",,,"dealership","[PREMIUM]","Webster City","IA","[PREMIUM]",,"[]",,,"[PREMIUM]"
"9f9c0266-9fe5-4e09-bab6-d30d08810785","2026-03-05 23:12:37.522","2026-03-05 23:12:37.522","9f9c0266-9fe5-4e09-bab6-d30d08810785","[PREMIUM]","Used",2024,"Chevrolet","Tahoe","High Country","[PREMIUM]","[PREMIUM]",39230,"SUV","Sterling Gray Metallic","Jet Black","Four-wheel Drive",,,"Gasoline",,,"dealership","[PREMIUM]","Lone Tree","CO","[PREMIUM]",,"[]",,,"[PREMIUM]"
"67b25b3b-d282-4165-be65-2067adf1e5b7","2026-03-05 23:12:37.501","2026-03-14 13:29:31.387","67b25b3b-d282-4165-be65-2067adf1e5b7","[PREMIUM]","New",2025,"Audi","S5","3.0T Premium Plus","[PREMIUM]","[PREMIUM]",6,"Hatchback","Mythos Black Metallic","Black","All-wheel Drive",,,"Gasoline",,,"dealership","[PREMIUM]","Rancho Mirage","CA","[PREMIUM]",,"[]",,,"[PREMIUM]"
"60657838-c671-4148-b735-0fc452177b02","2026-03-05 23:12:27.509","2026-03-05 23:12:27.509","60657838-c671-4148-b735-0fc452177b02","[PREMIUM]","Used",2025,"Chevrolet","Tahoe","RST","[PREMIUM]","[PREMIUM]",12565,"SUV","Iridescent Pearl Tricoat","Jet Black","Four-wheel Drive",,,"Gasoline",,,"dealership","[PREMIUM]","Danbury","CT","[PREMIUM]",,"[]",,,"[PREMIUM]"
"7eda1828-a7d2-43a5-83fc-915c94bf66e9","2026-03-05 23:12:27.478","2026-03-11 07:16:51.629","7eda1828-a7d2-43a5-83fc-915c94bf66e9","[PREMIUM]","Used",2025,"Ford","F-350","Lariat","[PREMIUM]","[PREMIUM]",8349,"Truck","Oxford White","Black Onyx Activex","Four-wheel Drive",,,"Diesel",,,"dealership","[PREMIUM]","Marysville","WA","[PREMIUM]",,"[]",,,"[PREMIUM]"
"70881aed-59b1-45da-832e-2d5a05128408","2026-03-05 23:12:27.455","2026-03-05 23:12:27.455","70881aed-59b1-45da-832e-2d5a05128408","[PREMIUM]","Used",2024,"Toyota","Sequoia","Capstone","[PREMIUM]","[PREMIUM]",30087,"SUV","Midnight Black Metallic","Black/White","Four-wheel Drive",,,"Gasoline",,,"dealership","[PREMIUM]","Kent","OH","[PREMIUM]",,"[]",,,"[PREMIUM]"
"8afcf4ee-cdc8-4600-a60a-b2ed3feea582","2026-03-05 23:12:27.420","2026-03-05 23:12:27.420","8afcf4ee-cdc8-4600-a60a-b2ed3feea582","[PREMIUM]","New",2026,"RAM","1500","Laramie","[PREMIUM]","[PREMIUM]",5,"Truck","Bright White Clearcoat","Black","Four-wheel Drive",,,"Gasoline",,,"dealership","[PREMIUM]","Brookfield","WI","[PREMIUM]",,"[]",,,"[PREMIUM]"
"474ac92a-27a5-4487-95ad-10cb99e13b12","2026-03-05 23:12:27.404","2026-03-14 13:29:31.367","474ac92a-27a5-4487-95ad-10cb99e13b12","[PREMIUM]","Used",2025,"Land Rover","Defender","P300 S","[PREMIUM]","[PREMIUM]",3036,"SUV","Fuji White","Ebony","All-wheel Drive",,,"Gasoline",,,"dealership","[PREMIUM]","Coral Gables","FL","[PREMIUM]",,"[]",,,"[PREMIUM]"
"379db5c6-6575-49ec-94e5-1ae631434a61","2026-03-05 23:12:27.401","2026-03-14 13:29:41.760","379db5c6-6575-49ec-94e5-1ae631434a61","[PREMIUM]","Used",2025,"GMC","Sierra 2500","AT4","[PREMIUM]","[PREMIUM]",12700,"Truck","Summit White","Jet Black w/Kalahari Accents","Four-wheel Drive",,,"Diesel",,,"dealership","[PREMIUM]","Bartlesville","OK","[PREMIUM]",,"[]",,,"[PREMIUM]"
"aa6ca6ec-fad1-40ac-87fc-ad3849231d3d","2026-03-05 23:12:27.399","2026-03-05 23:12:27.399","aa6ca6ec-fad1-40ac-87fc-ad3849231d3d","[PREMIUM]","Used",2024,"Mercedes-Benz","GLS 450","4MATIC","[PREMIUM]","[PREMIUM]",17002,"SUV","Twilight Blue Metallic","Captain Chairs (6 seater)","All-wheel Drive",,,"Gasoline",,,"dealership","[PREMIUM]","Chillicothe","OH","[PREMIUM]",,"[]",,,"[PREMIUM]"
"e913282b-8940-46db-9e90-9ea23d7e261e","2026-03-05 23:12:27.393","2026-03-05 23:12:27.393","e913282b-8940-46db-9e90-9ea23d7e261e","[PREMIUM]","Used",2025,"Nissan","Armada","Platinum Reserve","[PREMIUM]","[PREMIUM]",1036,"SUV","Super Black","Charcoal","4WD",,,"Gasoline",,,"dealership","[PREMIUM]","Georgetown","TX","[PREMIUM]",,"[]",,,"[PREMIUM]"
"fac8e541-6ffe-4458-801d-5c230d74c250","2026-03-05 23:12:27.393","2026-03-05 23:12:27.393","fac8e541-6ffe-4458-801d-5c230d74c250","[PREMIUM]","Used",2024,"BMW","X3 M","AWD","[PREMIUM]","[PREMIUM]",17125,"SUV","Dark Graphite Metallic","Black","All-wheel Drive",,,"Gasoline",,,"dealership","[PREMIUM]","Huntsville","AL","[PREMIUM]",,"[]",,,"[PREMIUM]"
"261d8940-b49e-4c7d-bef9-491acde31b7c","2026-03-05 23:12:27.386","2026-03-05 23:12:27.386","261d8940-b49e-4c7d-bef9-491acde31b7c","[PREMIUM]","New",2025,"RAM","2500","Big Horn Crew Cab 4x4 6&#39;4&#39; Box","[PREMIUM]","[PREMIUM]",28,"Truck","Diamond Black Crystal Pearlcoat","Black","Four-wheel Drive",,,"Diesel",,,"dealership","[PREMIUM]","West Salem","WI","[PREMIUM]",,"[]",,,"[PREMIUM]"
"925d0522-b587-4fdb-847e-b1e16aff6357","2026-03-05 23:12:27.382","2026-03-20 13:35:32.589","925d0522-b587-4fdb-847e-b1e16aff6357","[PREMIUM]","Used",2024,"BMW","M850 Gran Coupe","xDrive","[PREMIUM]","[PREMIUM]",20480,"Sedan","Mineral White Metallic","Cognac","All-wheel Drive",,,"Gasoline",,,"dealership","[PREMIUM]","Palm Springs","CA","[PREMIUM]",,"[]",,,"[PREMIUM]"
"6c0b3b44-1d72-450e-b8bb-5eda06ec4f66","2026-03-05 23:12:27.379","2026-03-14 13:29:31.366","6c0b3b44-1d72-450e-b8bb-5eda06ec4f66","[PREMIUM]","New",2024,"Land Rover","Range Rover Velar","P250 Dynamic SE","[PREMIUM]","[PREMIUM]",25,"SUV","Hakuba Silver","Ebony","Four-wheel Drive",,,"Gasoline",,,"dealership","[PREMIUM]","Austin","TX","[PREMIUM]",,"[]",,,"[PREMIUM]"
"654f2896-3103-4cc8-8e10-0d1838051825","2026-03-05 23:12:27.351","2026-03-11 07:17:02.549","654f2896-3103-4cc8-8e10-0d1838051825","[PREMIUM]","Used",2024,"BMW","X7","M60i","[PREMIUM]","[PREMIUM]",39333,"SUV","Tanzanite Blue II Metallic","Black","All-wheel Drive",,,"Gasoline",,,"dealership","[PREMIUM]","Lincolnwood","IL","[PREMIUM]",,"[]",,,"[PREMIUM]"
"26a2fa0c-fe1d-4288-8502-5db5344de11d","2026-03-05 23:12:27.249","2026-03-11 07:16:51.679","26a2fa0c-fe1d-4288-8502-5db5344de11d","[PREMIUM]","Used",2025,"Ford","F-150","Tremor","[PREMIUM]","[PREMIUM]",18667,"Truck","AGATE BLACK METALLIC","BLACK UNIQUE LTHR 40/CON/40","Four-wheel Drive",,,"Gasoline",,,"dealership","[PREMIUM]","Naples","FL","[PREMIUM]",,"[]",,,"[PREMIUM]"
"71fdfe0e-cbfa-4d5a-a19f-6a4c56b8a45c","2026-03-05 23:12:27.245","2026-03-05 23:12:27.245","71fdfe0e-cbfa-4d5a-a19f-6a4c56b8a45c","[PREMIUM]","New",2025,"Audi","SQ5","3.0T Premium Plus","[PREMIUM]","[PREMIUM]",20,"SUV","Mythos Black Metallic",,"All-wheel Drive",,,"Gasoline",,,"dealership","[PREMIUM]","Marietta","GA","[PREMIUM]",,"[]",,,"[PREMIUM]"
"b3fe0237-7534-447d-b0b6-83470cb08d62","2026-03-05 23:12:27.204","2026-03-14 13:29:31.270","b3fe0237-7534-447d-b0b6-83470cb08d62","[PREMIUM]","New",2026,"BMW","i4 Gran Coupe","xDrive40","[PREMIUM]","[PREMIUM]",0,"Hatchback","0475","Black","All-wheel Drive",,,"Electric",,,"dealership","[PREMIUM]","Dublin","OH","[PREMIUM]",,"[]",,,"[PREMIUM]"
"af0e8d44-2523-4bfa-afb4-eac3bea42a9a","2026-03-05 23:12:27.163","2026-03-14 13:29:31.273","af0e8d44-2523-4bfa-afb4-eac3bea42a9a","[PREMIUM]","New",2026,"Chevrolet","Silverado 3500","LT","[PREMIUM]","[PREMIUM]",3,"Truck","Gray","Jet Black","Four-wheel Drive",,,"Diesel",,,"dealership","[PREMIUM]","Howell","MI","[PREMIUM]",,"[]",,,"[PREMIUM]"
"193c626d-742b-49a2-a987-b6315874d8ac","2026-03-05 23:12:27.160","2026-03-20 13:35:21.678","193c626d-742b-49a2-a987-b6315874d8ac","[PREMIUM]","New",2026,"RAM","1500","Laramie","[PREMIUM]","[PREMIUM]",10,"Truck","Black","Black","Four-wheel Drive",,,"Gasoline",,,"dealership","[PREMIUM]","Toledo","OH","[PREMIUM]",,"[]",,,"[PREMIUM]"
"574c9fc4-c512-4dfa-8562-8720b72bc12d","2026-03-05 23:12:27.156","2026-03-05 23:12:27.156","574c9fc4-c512-4dfa-8562-8720b72bc12d","[PREMIUM]","New",2025,"Ford","F-150","Lariat","[PREMIUM]","[PREMIUM]",23,"Truck","Blue Metallic","Black","Four-wheel Drive",,,"Gasoline",,,"dealership","[PREMIUM]","Akron","OH","[PREMIUM]",,"[]",,,"[PREMIUM]"
"92402cfa-6cd2-4541-84ca-f316d7fd14d6","2026-03-05 23:12:27.151","2026-03-20 13:35:32.550","92402cfa-6cd2-4541-84ca-f316d7fd14d6","[PREMIUM]","Used",2025,"GMC","Yukon XL","Denali","[PREMIUM]","[PREMIUM]",19728,"SUV","Summit White","Teak","Four-wheel Drive",,,"Gasoline",,,"dealership","[PREMIUM]","Danbury","CT","[PREMIUM]",,"[]",,,"[PREMIUM]"
"4bdbef08-e237-4c03-a83f-0bab1743e9d3","2026-03-05 23:12:27.148","2026-03-11 07:16:51.684","4bdbef08-e237-4c03-a83f-0bab1743e9d3","[PREMIUM]","New",2026,"Jeep","Grand Wagoneer","4x4","[PREMIUM]","[PREMIUM]",16,"SUV","Velvet Red Pearlcoat","Black","Four-wheel Drive",,,"Gasoline",,,"dealership","[PREMIUM]","Waukee","IA","[PREMIUM]",,"[]",,,"[PREMIUM]"
"96853c30-5447-4651-bc1a-be8873bdc6a2","2026-03-05 23:12:27.141","2026-03-05 23:12:27.141","96853c30-5447-4651-bc1a-be8873bdc6a2","[PREMIUM]","New",2025,"Jaguar","F-PACE","P400 R-Dynamic S","[PREMIUM]","[PREMIUM]",7537,"SUV","Firenze Red","Light Oyster W/ Ebony/Light Oyster","All-wheel Drive",,,"Gasoline",,,"dealership","[PREMIUM]","Austin","TX","[PREMIUM]",,"[]",,,"[PREMIUM]"
"fc1beb89-1c30-4b4b-95a0-d46d1f9a4bb5","2026-03-05 23:12:27.141","2026-03-05 23:12:27.141","fc1beb89-1c30-4b4b-95a0-d46d1f9a4bb5","[PREMIUM]","New",2026,"Acura","MDX","A-SPEC Advance Package","[PREMIUM]","[PREMIUM]",0,"SUV","Modern Steel Metallic","Orchid Curvilinear Qltd P","All-wheel Drive",,,"Gasoline",,,"dealership","[PREMIUM]","Fayetteville","AR","[PREMIUM]",,"[]",,,"[PREMIUM]"
"9c48dcbc-105d-435d-a2ae-877151da6c2a","2026-03-05 23:12:27.125","2026-03-14 13:29:31.134","9c48dcbc-105d-435d-a2ae-877151da6c2a","[PREMIUM]","New",2025,"Jaguar","F-PACE","P400 R-Dynamic S","[PREMIUM]","[PREMIUM]",7700,"SUV","Firenze Red","Ebony W/ Ebony/Ebony Interior","All-wheel Drive",,,"Gasoline",,,"dealership","[PREMIUM]","Austin","TX","[PREMIUM]",,"[]",,,"[PREMIUM]"
"c601c99c-54d6-4d3e-9869-ac868391a7c2","2026-03-05 23:12:27.112","2026-03-20 13:35:21.679","c601c99c-54d6-4d3e-9869-ac868391a7c2","[PREMIUM]","New",2025,"Jaguar","F-PACE","P400 R-Dynamic S","[PREMIUM]","[PREMIUM]",25,"SUV","Carpathian Grey","Light Oyster W/ Ebony/Light Oyster","All-wheel Drive",,,"Gasoline",,,"dealership","[PREMIUM]","Austin","TX","[PREMIUM]",,"[]",,,"[PREMIUM]"
"bbd521e3-7b07-48d3-a038-79ddbf4cd8f8","2026-03-05 23:12:27.097","2026-03-14 13:29:31.152","bbd521e3-7b07-48d3-a038-79ddbf4cd8f8","[PREMIUM]","New",2025,"Audi","S5","Premium Plus TFSI quattro S tronic","[PREMIUM]","[PREMIUM]",2,"Hatchback","Glacier White Metallic","Black","All-wheel Drive",,,"Gasoline",,,"dealership","[PREMIUM]","Warwick","RI","[PREMIUM]",,"[]",,,"[PREMIUM]"
"79e47c0f-71e8-4043-be27-c8bd05321685","2026-03-05 23:12:27.096","2026-03-05 23:12:27.096","79e47c0f-71e8-4043-be27-c8bd05321685","[PREMIUM]","Used",2025,"Rivian","R1S","Adventure Dual-Motor Standard","[PREMIUM]","[PREMIUM]",10211,"SUV","White","BLACK","Four-wheel Drive",,,"Electric",,,"dealership","[PREMIUM]","Columbus","OH","[PREMIUM]",,"[]",,,"[PREMIUM]"
"3a32a0b3-019d-4aa3-9500-b69c06fe4277","2026-03-05 23:12:27.089","2026-03-05 23:12:27.089","3a32a0b3-019d-4aa3-9500-b69c06fe4277","[PREMIUM]","New",2025,"Ford","F-150","Tremor","[PREMIUM]","[PREMIUM]",0,"Truck",,,"Four-wheel Drive",,,"Gasoline",,,"dealership","[PREMIUM]","Draper","UT","[PREMIUM]",,"[]",,,"[PREMIUM]"
"124c0f32-ba4a-4076-bc4f-8ff09a2c62d0","2026-03-05 23:12:27.084","2026-03-11 07:16:51.647","124c0f32-ba4a-4076-bc4f-8ff09a2c62d0","[PREMIUM]","New",2026,"Cadillac","LYRIQ","Premium Sport","[PREMIUM]","[PREMIUM]",0,"SUV","Argent Silver Metallic","Sky Cool Gray w/Santorini Blue Accents","All-wheel Drive",,,"Electric",,,"dealership","[PREMIUM]","Walnut Creek","CA","[PREMIUM]",,"[]",,,"[PREMIUM]"
"e063b53b-0d00-404a-9de1-379d61584205","2026-03-05 23:12:27.071","2026-03-20 13:35:32.540","e063b53b-0d00-404a-9de1-379d61584205","[PREMIUM]","New",2025,"Land Rover","Defender","P300","[PREMIUM]","[PREMIUM]",25,"SUV","Santorini Black","Light Cloud/Lunar","All-wheel Drive",,,"Gasoline",,,"dealership","[PREMIUM]","Austin","TX","[PREMIUM]",,"[]",,,"[PREMIUM]"
"02ff4211-4c92-4c09-b878-ec66d5ecf3f8","2026-03-05 23:12:27.065","2026-03-05 23:12:27.065","02ff4211-4c92-4c09-b878-ec66d5ecf3f8","[PREMIUM]","New",2025,"Land Rover","Defender","P300","[PREMIUM]","[PREMIUM]",25,"SUV","Carpathian Grey","Ebony / Ebony","AWD",,,"Gasoline",,,"dealership","[PREMIUM]","Austin","TX","[PREMIUM]",,"[]",,,"[PREMIUM]"
"a1b75726-b40d-47cc-97a6-8a5bb6f1e165","2026-03-05 23:12:27.064","2026-03-17 13:35:17.409","a1b75726-b40d-47cc-97a6-8a5bb6f1e165","[PREMIUM]","New",2025,"Audi","SQ5","3.0T Premium Plus","[PREMIUM]","[PREMIUM]",8,"SUV","Glacier White Metallic","Black","All-wheel Drive",,,"Gasoline",,,"dealership","[PREMIUM]","Huntsville","AL","[PREMIUM]",,"[]",,,"[PREMIUM]"
"a0dff31f-ec23-412e-b3f3-5eacf9fab9d0","2026-03-05 23:12:27.047","2026-03-20 13:35:21.686","a0dff31f-ec23-412e-b3f3-5eacf9fab9d0","[PREMIUM]","Used",2025,"Ford","F-350","Lariat","[PREMIUM]","[PREMIUM]",13753,"Truck","Grey","Black Onyx Activex","Four-wheel Drive",,,"Diesel",,,"dealership","[PREMIUM]","Marysville","WA","[PREMIUM]",,"[]",,,"[PREMIUM]"
"af77cd02-d3fe-4241-a8a9-621c0592c329","2026-03-05 23:12:27.045","2026-03-05 23:12:27.045","af77cd02-d3fe-4241-a8a9-621c0592c329","[PREMIUM]","New",2025,"Ford","F-150","Tremor","[PREMIUM]","[PREMIUM]",22,"Truck","White","Black","Four-wheel Drive",,,"Gasoline",,,"dealership","[PREMIUM]","Maple Shade Township","NJ","[PREMIUM]",,"[]",,,"[PREMIUM]"
"43aebd78-c996-4174-91ed-ea44c29537f9","2026-03-05 23:12:27.040","2026-03-05 23:12:27.040","43aebd78-c996-4174-91ed-ea44c29537f9","[PREMIUM]","New",2026,"BMW","530","xDrive","[PREMIUM]","[PREMIUM]",1,"Sedan","Black Sapphire Metallic","Burgundy Red","All-wheel Drive",,,"Gasoline",,,"dealership","[PREMIUM]","Dublin","OH","[PREMIUM]",,"[]",,,"[PREMIUM]"
"51e35d4c-6801-4143-aeba-1a13abee1429","2026-03-05 23:12:27.037","2026-03-05 23:12:27.037","51e35d4c-6801-4143-aeba-1a13abee1429","[PREMIUM]","New",2025,"Audi","SQ5","3.0T Premium Plus","[PREMIUM]","[PREMIUM]",0,"SUV","Glacier White Metallic",,"All-wheel Drive",,,"Gasoline",,,"dealership","[PREMIUM]","Huntsville","AL","[PREMIUM]",,"[]",,,"[PREMIUM]"
"1e4e7e31-3320-438a-b6fc-b9e8aad94722","2026-03-05 23:12:27.035","2026-03-20 13:35:32.603","1e4e7e31-3320-438a-b6fc-b9e8aad94722","[PREMIUM]","New",2025,"Audi","SQ5","3.0T Premium Plus","[PREMIUM]","[PREMIUM]",63,"SUV","Glacier White Metallic","Black","All-wheel Drive",,,"Gasoline",,,"dealership","[PREMIUM]","Torrance","CA","[PREMIUM]",,"[]",,,"[PREMIUM]"
"a977b3e8-a997-499f-b23f-6d5453a1fb80","2026-03-05 23:12:27.035","2026-03-05 23:12:27.035","a977b3e8-a997-499f-b23f-6d5453a1fb80","[PREMIUM]","New",2026,"BMW","X3","M50 xDrive","[PREMIUM]","[PREMIUM]",5,"SUV","Alpine White","Black","All-wheel Drive",,,"Gasoline",,,"dealership","[PREMIUM]","Dublin","OH","[PREMIUM]",,"[]",,,"[PREMIUM]"
"4156c0e3-4738-4a3e-bda1-16be02e659b6","2026-03-05 23:12:27.032","2026-03-14 13:29:31.298","4156c0e3-4738-4a3e-bda1-16be02e659b6","[PREMIUM]","New",2026,"BMW","i4 Gran Coupe","xDrive40","[PREMIUM]","[PREMIUM]",0,"Hatchback","Black Sapphire Metallic","Tacora Red","All-wheel Drive",,,"Electric",,,"dealership","[PREMIUM]","Dublin","OH","[PREMIUM]",,"[]",,,"[PREMIUM]"
"aeec40fe-36d7-4cd4-942f-764f39e7a16b","2026-03-05 23:12:27.023","2026-03-05 23:12:27.023","aeec40fe-36d7-4cd4-942f-764f39e7a16b","[PREMIUM]","New",2026,"BMW","M340","xDrive NA","[PREMIUM]","[PREMIUM]",0,"Sedan","0c36","Mocha","All Wheel Drive",,,"Premium unleaded",,,"dealership","[PREMIUM]","Dublin","OH","[PREMIUM]",,"[]",,,"[PREMIUM]"
"59243068-73dd-41b9-8ec6-6cf242c67db2","2026-03-05 23:12:27.017","2026-03-11 07:16:51.648","59243068-73dd-41b9-8ec6-6cf242c67db2","[PREMIUM]","New",2025,"Ford","F-350","XL","[PREMIUM]","[PREMIUM]",,"Truck","Oxford White","Medium Dark Slate","Four-wheel Drive",,,"Diesel",,,"dealership","[PREMIUM]","Raleigh","NC","[PREMIUM]",,"[]",,,"[PREMIUM]"
"9d2cf229-94a9-4522-b15c-401dae29d6ba","2026-03-05 23:12:27.017","2026-03-20 13:35:21.667","9d2cf229-94a9-4522-b15c-401dae29d6ba","[PREMIUM]","New",2026,"BMW","530","xDrive","[PREMIUM]","[PREMIUM]",2,"Sedan","Black Sapphire Metallic","Black","All-wheel Drive",,,"Gasoline",,,"dealership","[PREMIUM]","Dublin","OH","[PREMIUM]",,"[]",,,"[PREMIUM]"
"215d62af-602e-4ab6-a481-3a6101332b95","2026-03-05 23:12:27.015","2026-03-11 07:16:51.629","215d62af-602e-4ab6-a481-3a6101332b95","[PREMIUM]","Used",2025,"Porsche","Macan","RWD","[PREMIUM]","[PREMIUM]",63,"SUV","Black","Black","Rear-wheel Drive",,,"Electric",,,"dealership","[PREMIUM]","Dublin","OH","[PREMIUM]",,"[]",,,"[PREMIUM]"
"3dbf2c37-f5ce-463b-a3db-969fe723f2b9","2026-03-05 23:12:27.007","2026-03-20 13:35:21.650","3dbf2c37-f5ce-463b-a3db-969fe723f2b9","[PREMIUM]","New",2026,"BMW","i4 Gran Coupe","xDrive40","[PREMIUM]","[PREMIUM]",0,"Sedan","0c36","Cognac","All Wheel Drive",,,"Electric",,,"dealership","[PREMIUM]","Dublin","OH","[PREMIUM]",,"[]",,,"[PREMIUM]"
"9f80c306-7f76-4e06-92ab-dae968be447c","2026-03-05 23:12:16.219","2026-03-20 13:35:21.719","9f80c306-7f76-4e06-92ab-dae968be447c","[PREMIUM]","New",2026,"RAM","1500","Laramie","[PREMIUM]","[PREMIUM]",8,"Truck","Blue","Black","Four-wheel Drive",,,"Gasoline",,,"dealership","[PREMIUM]","Toledo","OH","[PREMIUM]",,"[]",,,"[PREMIUM]"
"2f67a0c4-3b5a-400f-aba5-10c7526a2d42","2026-03-05 23:12:16.215","2026-03-17 13:35:27.841","2f67a0c4-3b5a-400f-aba5-10c7526a2d42","[PREMIUM]","New",2026,"Chevrolet","Silverado 3500","LT","[PREMIUM]","[PREMIUM]",3,"Truck","Black","Jet Black","Four-wheel Drive",,,"Diesel",,,"dealership","[PREMIUM]","Howell","MI","[PREMIUM]",,"[]",,,"[PREMIUM]"
"e8289591-ea4f-4aae-b800-76ff221875b3","2026-03-05 23:12:16.207","2026-03-11 07:16:41.157","e8289591-ea4f-4aae-b800-76ff221875b3","[PREMIUM]","New",2026,"Acura","MDX","A-SPEC Advance Package","[PREMIUM]","[PREMIUM]",0,"SUV","Liquid Carbon Metallic","Ebony","All-wheel Drive",,,"Gasoline",,,"dealership","[PREMIUM]","New Castle","DE","[PREMIUM]",,"[]",,,"[PREMIUM]"
"761980fc-d80f-45d0-b265-32c68d5d099e","2026-03-05 23:12:16.197","2026-03-20 13:35:22.064","761980fc-d80f-45d0-b265-32c68d5d099e","[PREMIUM]","New",2026,"Cadillac","LYRIQ","Premium Sport","[PREMIUM]","[PREMIUM]",0,"SUV","Vibrant White Tricoat","Noir w/Santorini Blue Accents","All-wheel Drive",,,"Electric",,,"dealership","[PREMIUM]","Walnut Creek","CA","[PREMIUM]",,"[]",,,"[PREMIUM]"
"73bb11ab-3181-4157-a96c-4f953d4344ea","2026-03-05 23:12:16.195","2026-03-14 13:29:31.439","73bb11ab-3181-4157-a96c-4f953d4344ea","[PREMIUM]","New",2026,"Cadillac","LYRIQ","Premium Sport","[PREMIUM]","[PREMIUM]",0,"SUV","Vibrant White Tricoat","Sky Cool Gray w/Santorini Blue Accents","All-wheel Drive",,,"Electric",,,"dealership","[PREMIUM]","Walnut Creek","CA","[PREMIUM]",,"[]",,,"[PREMIUM]"
"cceba1fc-5591-4f74-b53d-16c92c85d14b","2026-03-05 23:12:16.179","2026-03-05 23:12:16.179","cceba1fc-5591-4f74-b53d-16c92c85d14b","[PREMIUM]","New",2026,"Ford","Expedition","Active","[PREMIUM]","[PREMIUM]",0,"SUV","Stone Blue Metallic","Space Gray","Four-wheel Drive",,,"Gasoline",,,"dealership","[PREMIUM]","Beaver Dam","WI","[PREMIUM]",,"[]",,,"[PREMIUM]"
"c96c6c8c-6e8f-4e34-a1da-b4a4c806c5d3","2026-03-05 23:12:16.155","2026-03-05 23:12:16.155","c96c6c8c-6e8f-4e34-a1da-b4a4c806c5d3","[PREMIUM]","New",2026,"Cadillac","LYRIQ","Premium Sport","[PREMIUM]","[PREMIUM]",0,"SUV","Nimbus Metallic","Sky Cool Gray w/Santorini Blue Accents","All-wheel Drive",,,"Electric",,,"dealership","[PREMIUM]","Walnut Creek","CA","[PREMIUM]",,"[]",,,"[PREMIUM]"
"cec4bcde-fd75-4d54-873f-1dfb1d2af09e","2026-03-05 23:12:16.152","2026-03-17 13:35:17.728","cec4bcde-fd75-4d54-873f-1dfb1d2af09e","[PREMIUM]","New",2026,"Cadillac","CT5-V","V-Series RWD","[PREMIUM]","[PREMIUM]",0,"Sedan","Radiant Red Tintcoat","Sedona Sauvage w/Jet Black Accents","Rear-wheel Drive",,,"Gasoline",,,"dealership","[PREMIUM]","Walnut Creek","CA","[PREMIUM]",,"[]",,,"[PREMIUM]"
"baf024a4-8d56-4fc3-bb8b-fcde43b1a45c","2026-03-05 23:12:16.147","2026-03-05 23:12:16.147","baf024a4-8d56-4fc3-bb8b-fcde43b1a45c","[PREMIUM]","New",2026,"Acura","MDX","A-SPEC Advance Package","[PREMIUM]","[PREMIUM]",0,"SUV","Platinum White Pearl","Red","All-wheel Drive",,,"Gasoline",,,"dealership","[PREMIUM]","Beaumont","TX","[PREMIUM]",,"[]",,,"[PREMIUM]"
"3d5b8a49-522d-4094-8f19-918d8bcc5c76","2026-03-05 23:12:16.144","2026-03-05 23:12:16.144","3d5b8a49-522d-4094-8f19-918d8bcc5c76","[PREMIUM]","New",2026,"GMC","Canyon","AT4X","[PREMIUM]","[PREMIUM]",0,"Truck","Sterling Metallic","Obsidian Rush","Four-wheel Drive",,,"Gasoline",,,"dealership","[PREMIUM]","Tallahassee","FL","[PREMIUM]",,"[]",,,"[PREMIUM]"
"662969d2-82e2-4422-b16c-1c35b9229954","2026-03-05 23:12:16.105","2026-03-11 07:16:41.077","662969d2-82e2-4422-b16c-1c35b9229954","[PREMIUM]","New",2026,"INFINITI","QX60","AUTOGRAPH","[PREMIUM]","[PREMIUM]",0,"SUV","Radiant White/Black Obsidian","Saddle Brown","All-wheel Drive",,,"Gasoline",,,"dealership","[PREMIUM]","Cohoes","NY","[PREMIUM]",,"[]",,,"[PREMIUM]"
"b583e37c-b549-421c-aa61-1d7eaf0e8e71","2026-03-05 23:12:06.189","2026-03-05 23:12:06.189","b583e37c-b549-421c-aa61-1d7eaf0e8e71","[PREMIUM]","New",2026,"Land Rover","Defender","P300 S","[PREMIUM]","[PREMIUM]",15,"SUV","Fuji White","304nf/","All-wheel Drive",,,"Gasoline",,,"dealership","[PREMIUM]","Miami","FL","[PREMIUM]",,"[]",,,"[PREMIUM]"
"3d1ca760-29c1-4100-a3fd-31b9201c2082","2026-03-05 23:12:06.105","2026-03-05 23:12:06.105","3d1ca760-29c1-4100-a3fd-31b9201c2082","[PREMIUM]","New",2026,"Toyota","Tundra","1794 Edition","[PREMIUM]","[PREMIUM]",0,"Truck","Lunar Rock","Saddle Tan","Four-wheel Drive",,,"Gasoline",,,"dealership","[PREMIUM]","Homosassa","FL","[PREMIUM]",,"[]",,,"[PREMIUM]"
"4b87c732-949c-42bf-89df-62298279d99d","2026-03-05 23:12:05.808","2026-03-14 13:29:31.276","4b87c732-949c-42bf-89df-62298279d99d","[PREMIUM]","New",2026,"Ford","F-150","Lariat","[PREMIUM]","[PREMIUM]",20,"Truck","Marsh Gray","Black/Smoked Truffle","Four-wheel Drive",,,"Gasoline",,,"dealership","[PREMIUM]","Huntersville","NC","[PREMIUM]",,"[]",,,"[PREMIUM]"
"0537ad25-8fb0-4642-ab78-d56ce353b87b","2026-03-05 23:12:05.797","2026-03-17 13:35:15.904","0537ad25-8fb0-4642-ab78-d56ce353b87b","[PREMIUM]","New",2026,"Lexus","RX 350","Luxury","[PREMIUM]","[PREMIUM]",1,"SUV","Cloudburst Gray","Black","All-wheel Drive",,,"Gasoline",,,"dealership","[PREMIUM]","Orland Park","IL","[PREMIUM]",,"[]",,,"[PREMIUM]"
"d9892e24-9591-4f3f-a3c3-28accc76aca3","2026-03-05 23:12:05.775","2026-03-11 07:16:41.211","d9892e24-9591-4f3f-a3c3-28accc76aca3","[PREMIUM]","New",2026,"Ford","F-150","Lariat","[PREMIUM]","[PREMIUM]",16,"Truck","Ruby Red Metallic Tinted Clearcoat","Black","Four-wheel Drive",,,"Gasoline",,,"dealership","[PREMIUM]","Kingsland","GA","[PREMIUM]",,"[]",,,"[PREMIUM]"
"9f247f12-7430-4138-b720-e8ea70c2633f","2026-03-05 23:12:05.762","2026-03-20 13:35:21.670","9f247f12-7430-4138-b720-e8ea70c2633f","[PREMIUM]","New",2026,"Chevrolet","Silverado 2500","LT","[PREMIUM]","[PREMIUM]",3,"Truck","Black","Jet Black","Four-wheel Drive",,,"Diesel",,,"dealership","[PREMIUM]","Howell","MI","[PREMIUM]",,"[]",,,"[PREMIUM]"
"6e9d4860-e9bc-4466-a77d-5e29ea742322","2026-03-05 23:12:05.761","2026-03-14 13:29:31.285","6e9d4860-e9bc-4466-a77d-5e29ea742322","[PREMIUM]","New",2026,"Toyota","Tundra","1794 Edition","[PREMIUM]","[PREMIUM]",5,"Truck","Blueprint","Saddle Tan","Four-wheel Drive",,,"Gasoline",,,"dealership","[PREMIUM]","Gallatin","TN","[PREMIUM]",,"[]",,,"[PREMIUM]"
"4dd035d6-a7c8-4e08-a051-60e12a92b131","2026-03-05 23:12:05.760","2026-03-11 07:16:30.638","4dd035d6-a7c8-4e08-a051-60e12a92b131","[PREMIUM]","New",2026,"Audi","A6","Premium Plus quattro S tronic","[PREMIUM]","[PREMIUM]",3,"Sedan","Mythos Black Metallic","Muscat Bwn Fine Nappa/Pea","All-wheel Drive",,,"Gasoline",,,"dealership","[PREMIUM]","Turnersville","NJ","[PREMIUM]",,"[]",,,"[PREMIUM]"
"ac0fd585-2be8-40dd-b263-6c719d7a0342","2026-03-05 23:12:05.758","2026-03-14 13:29:20.135","ac0fd585-2be8-40dd-b263-6c719d7a0342","[PREMIUM]","New",2026,"GMC","Sierra 1500","AT4X","[PREMIUM]","[PREMIUM]",4,"Truck","Coastal Dune","Obsidian Rush","Four-wheel Drive",,,"Diesel",,,"dealership","[PREMIUM]","Carrollton","TX","[PREMIUM]",,"[]",,,"[PREMIUM]"
"0112a438-407f-449a-9d37-6b61287bb317","2026-03-05 23:12:05.753","2026-03-05 23:12:05.753","0112a438-407f-449a-9d37-6b61287bb317","[PREMIUM]","New",2026,"Ford","F-150","Lariat","[PREMIUM]","[PREMIUM]",0,"Truck","Iconic Silver Metallic","Black Activex","Four-wheel Drive",,,"Gasoline",,,"dealership","[PREMIUM]","Minneapolis","MN","[PREMIUM]",,"[]",,,"[PREMIUM]"
"2a4cd45b-db8d-4ece-b0c4-9f3aabda8b32","2026-03-05 23:12:05.751","2026-03-05 23:12:05.751","2a4cd45b-db8d-4ece-b0c4-9f3aabda8b32","[PREMIUM]","New",2026,"Toyota","Tundra","SR5","[PREMIUM]","[PREMIUM]",5,"Truck","Midnight Black Metallic","Black","Four-wheel Drive",,,"Gasoline",,,"dealership","[PREMIUM]","Gallatin","TN","[PREMIUM]",,"[]",,,"[PREMIUM]"
"4c9387ac-1aa2-4c0e-8a08-18ff69f52040","2026-03-05 23:12:05.749","2026-03-14 13:29:19.998","4c9387ac-1aa2-4c0e-8a08-18ff69f52040","[PREMIUM]","New",2026,"Chevrolet","Tahoe","LT","[PREMIUM]","[PREMIUM]",415,"SUV","Sterling Gray Metallic","Jet Black","Four-wheel Drive",,,"Gasoline",,,"dealership","[PREMIUM]","Fenton","MO","[PREMIUM]",,"[]",,,"[PREMIUM]"
"0e682250-b44b-4d4f-8270-2dd4a8a8e1a4","2026-03-05 23:12:05.748","2026-03-14 13:29:31.281","0e682250-b44b-4d4f-8270-2dd4a8a8e1a4","[PREMIUM]","New",2026,"Mercedes-Benz","GLC 300","4MATIC Coupe","[PREMIUM]","[PREMIUM]",8,"SUV","Gray","Black","All-wheel Drive",,,"Gasoline",,,"dealership","[PREMIUM]","Cincinnati","OH","[PREMIUM]",,"[]",,,"[PREMIUM]"
"f501ac71-69cf-46e6-b369-931270cb9d25","2026-03-05 23:12:05.748","2026-03-05 23:12:05.748","f501ac71-69cf-46e6-b369-931270cb9d25","[PREMIUM]","New",2026,"Ford","F-250","XLT","[PREMIUM]","[PREMIUM]",3,"Truck","Oxford White","Medium Dark Slate","Four-wheel Drive",,,"Diesel",,,"dealership","[PREMIUM]","Reno","NV","[PREMIUM]",,"[]",,,"[PREMIUM]"
"61457a33-fb2a-48f4-9630-472addb9acde","2026-03-05 23:12:05.745","2026-03-05 23:12:05.745","61457a33-fb2a-48f4-9630-472addb9acde","[PREMIUM]","New",2026,"Toyota","Tundra","Limited","[PREMIUM]","[PREMIUM]",5,"Truck","Magnetic Gray Metallic","Black","Four-wheel Drive",,,"Gasoline",,,"dealership","[PREMIUM]","Gallatin","TN","[PREMIUM]",,"[]",,,"[PREMIUM]"
"b69bf8fc-9ba8-40a6-b0be-cb7aa5e459b2","2026-03-05 23:12:05.744","2026-03-11 07:16:41.067","b69bf8fc-9ba8-40a6-b0be-cb7aa5e459b2","[PREMIUM]","New",2026,"Land Rover","Range Rover Velar","P250 Dynamic SE","[PREMIUM]","[PREMIUM]",,"SUV","Arroios Grey","Cloud/Ebony","All-wheel Drive",,,"Gasoline",,,"dealership","[PREMIUM]","Englewood","NJ","[PREMIUM]",,"[]",,,"[PREMIUM]"
"dc5508f2-4133-43c2-84d0-322bd11425e0","2026-03-05 23:12:05.741","2026-03-14 13:29:31.126","dc5508f2-4133-43c2-84d0-322bd11425e0","[PREMIUM]","New",2026,"Mercedes-Benz","Sprinter 2500","170 WB High Roof Extended Cargo","[PREMIUM]","[PREMIUM]",1,"Cargo Van","White","Black","Rear-wheel Drive",,,"Diesel",,,"dealership","[PREMIUM]","Lexington","KY","[PREMIUM]",,"[]",,,"[PREMIUM]"
"fe39332d-55e7-404d-8c1f-9743a733b4e9","2026-03-05 23:12:05.732","2026-03-20 13:35:32.533","fe39332d-55e7-404d-8c1f-9743a733b4e9","[PREMIUM]","New",2026,"Ford","Bronco","Stroppe Edition","[PREMIUM]","[PREMIUM]",20,"SUV","Oxford White","Black Onyx","Four-wheel Drive",,,"Gasoline",,,"dealership","[PREMIUM]","Wellston","OK","[PREMIUM]",,"[]",,,"[PREMIUM]"
"41664081-c352-44bd-bed5-a410dd13f7ce","2026-03-05 23:12:05.731","2026-03-05 23:12:05.731","41664081-c352-44bd-bed5-a410dd13f7ce","[PREMIUM]","New",2026,"Ford","F-150","Lariat","[PREMIUM]","[PREMIUM]",20,"Truck","Star White",,"4WD",,,"Gasoline",,,"dealership","[PREMIUM]","Wellston","OK","[PREMIUM]",,"[]",,,"[PREMIUM]"
"d3bc4d33-206b-4e2a-8ade-f868ea114aee","2026-03-05 23:12:05.727","2026-03-05 23:12:05.727","d3bc4d33-206b-4e2a-8ade-f868ea114aee","[PREMIUM]","New",2026,"Volvo","XC60 Plug-In Hybrid","T8 Plus","[PREMIUM]","[PREMIUM]",2,"SUV","Silver","Charcoal","AWD",,,"Hybrid",,,"dealership","[PREMIUM]","Beaverton","OR","[PREMIUM]",,"[]",,,"[PREMIUM]"
"2c923e96-98d7-4956-ab23-68f7323a0333","2026-03-05 23:12:05.724","2026-03-20 13:35:21.659","2c923e96-98d7-4956-ab23-68f7323a0333","[PREMIUM]","New",2026,"Lincoln","Aviator","Reserve AWD","[PREMIUM]","[PREMIUM]",10,"SUV","Infinite Black Metallic","Onyx","All-wheel Drive",,,"Gasoline",,,"dealership","[PREMIUM]","Blue Island","IL","[PREMIUM]",,"[]",,,"[PREMIUM]"
"15807eff-2df5-4f2e-9cc5-0905edff7e71","2026-03-05 23:12:05.719","2026-03-14 13:29:31.268","15807eff-2df5-4f2e-9cc5-0905edff7e71","[PREMIUM]","New",2026,"Ford","F-150","Lariat","[PREMIUM]","[PREMIUM]",11,"Truck","Star White Metallic Tri-Coat","Black/Smoked Truffle","Four-wheel Drive",,,"Gasoline",,,"dealership","[PREMIUM]","Rice Lake","WI","[PREMIUM]",,"[]",,,"[PREMIUM]"
"830a45ec-459c-43fe-8caa-62f58cfa1cdc","2026-03-05 23:12:05.715","2026-03-05 23:12:05.715","830a45ec-459c-43fe-8caa-62f58cfa1cdc","[PREMIUM]","New",2026,"RAM","1500","Rebel","[PREMIUM]","[PREMIUM]",11,"Truck","Granite Crystal Metallic Clearcoat","Black","Four-wheel Drive",,,"Gasoline",,,"dealership","[PREMIUM]","Bossier City","LA","[PREMIUM]",,"[]",,,"[PREMIUM]"
"5c9d9c8e-f272-4300-95ab-3e34c884cf2e","2026-03-05 23:12:05.713","2026-03-17 13:35:14.524","5c9d9c8e-f272-4300-95ab-3e34c884cf2e","[PREMIUM]","New",2026,"Ford","Expedition Max","Active 4x4","[PREMIUM]","[PREMIUM]",2,"SUV","AGATE BLACK METALLIC","ULTRA DARK SPACE GRAY ACTIVEX","Four-wheel Drive",,,"Gasoline",,,"dealership","[PREMIUM]","Frankfort","IL","[PREMIUM]",,"[]",,,"[PREMIUM]"
"47934217-a298-4b40-b0f9-786c56aa11c3","2026-03-05 23:12:05.698","2026-03-11 07:16:30.628","47934217-a298-4b40-b0f9-786c56aa11c3","[PREMIUM]","New",2026,"Ford","Bronco","Badlands","[PREMIUM]","[PREMIUM]",20,"SUV","Oxford White",,"Four-wheel Drive",,,"Gasoline",,,"dealership","[PREMIUM]","Wellston","OK","[PREMIUM]",,"[]",,,"[PREMIUM]"
"52df07aa-5a44-484b-83d2-72b822f2c98a","2026-03-05 23:11:44.812","2026-03-05 23:11:44.812","52df07aa-5a44-484b-83d2-72b822f2c98a","[PREMIUM]","New",2026,"Chevrolet","Suburban","Z71","[PREMIUM]","[PREMIUM]",15,"SUV","Black","Jet Black","Four-wheel Drive",,,"Gasoline",,,"dealership","[PREMIUM]","Lansing","MI","[PREMIUM]",,"[]",,,"[PREMIUM]"
"7c369a6e-ea32-4873-8de4-20be021032d0","2026-03-05 23:11:44.660","2026-03-05 23:11:44.660","7c369a6e-ea32-4873-8de4-20be021032d0","[PREMIUM]","New",2026,"RAM","2500","Black Express Crew Cab 4x4 6&#39;4&#39; Box","[PREMIUM]","[PREMIUM]",5,"Truck","Diamond Black Crystal Pearlcoat","Black","Four-wheel Drive",,,"Diesel",,,"dealership","[PREMIUM]","Crestwood","KY","[PREMIUM]",,"[]",,,"[PREMIUM]"
"ea468c4d-7930-460d-916b-6b5a64862b1c","2026-03-05 23:11:44.640","2026-03-20 13:35:11.312","ea468c4d-7930-460d-916b-6b5a64862b1c","[PREMIUM]","New",2026,"Ford","F-350","XL","[PREMIUM]","[PREMIUM]",41,"Truck","Oxford White","Medium Dark Slate","Four-wheel Drive",,,"Diesel",,,"dealership","[PREMIUM]","Georgetown","TX","[PREMIUM]",,"[]",,,"[PREMIUM]"
"7dea9061-0eb3-482e-b4d9-ed417cb54ea6","2026-03-05 23:11:44.629","2026-03-14 13:29:19.945","7dea9061-0eb3-482e-b4d9-ed417cb54ea6","[PREMIUM]","New",2026,"Land Rover","Defender","110 S","[PREMIUM]","[PREMIUM]",25,"SUV","Woolstone Green","Ebony","All-wheel Drive",,,"Gasoline",,,"dealership","[PREMIUM]","Austin","TX","[PREMIUM]",,"[]",,,"[PREMIUM]"
"6eff7070-866f-4273-8e85-ca1258812f92","2026-03-05 23:11:44.628","2026-03-14 13:29:31.278","6eff7070-866f-4273-8e85-ca1258812f92","[PREMIUM]","New",2026,"Ford","F-150","Tremor","[PREMIUM]","[PREMIUM]",12,"Truck","Agate Black Metallic","Black","Four-wheel Drive",,,"Gasoline",,,"dealership","[PREMIUM]","Clearwater","FL","[PREMIUM]",,"[]",,,"[PREMIUM]"
"c5390123-cd44-4a7e-bb32-c32c86ed89df","2026-03-05 23:11:44.622","2026-03-20 13:35:11.262","c5390123-cd44-4a7e-bb32-c32c86ed89df","[PREMIUM]","New",2026,"RAM","3500","Tradesman Crew Cab 4x4 8&#39; Box","[PREMIUM]","[PREMIUM]",12,"Truck","Bright White Clearcoat","Diesel Gray/Black","Four-wheel Drive",,,"Diesel",,,"dealership","[PREMIUM]","Crestwood","KY","[PREMIUM]",,"[]",,,"[PREMIUM]"
"85d2b698-17a9-4c05-9d2e-04e866b38d78","2026-03-05 23:11:44.618","2026-03-11 07:16:30.271","85d2b698-17a9-4c05-9d2e-04e866b38d78","[PREMIUM]","New",2026,"Jeep","Grand Wagoneer","LIMITED ALTITUDE","[PREMIUM]","[PREMIUM]",10,"SUV","Metallic","Black","Four-wheel Drive",,,"Gasoline",,,"dealership","[PREMIUM]","Norfolk","VA","[PREMIUM]",,"[]",,,"[PREMIUM]"
"3e1706dd-55a0-4bd8-a723-2a1e39daa0a9","2026-03-05 23:11:44.603","2026-03-11 07:16:30.442","3e1706dd-55a0-4bd8-a723-2a1e39daa0a9","[PREMIUM]","New",2026,"Ford","F-150","King Ranch","[PREMIUM]","[PREMIUM]",5,"Truck","Black",,"Four-wheel Drive",,,"Gasoline",,,"dealership","[PREMIUM]","Arlington","TX","[PREMIUM]",,"[]",,,"[PREMIUM]"
"536435bf-21e2-42bd-9a25-28a0721785e1","2026-03-05 23:11:33.883","2026-03-05 23:11:33.883","536435bf-21e2-42bd-9a25-28a0721785e1","[PREMIUM]","New",2026,"Land Rover","Range Rover Velar","P250 Dynamic SE","[PREMIUM]","[PREMIUM]",1,"SUV","Batumi Gold","Cloud/Ebony","All-wheel Drive",,,"Gasoline",,,"dealership","[PREMIUM]","Seaside","CA","[PREMIUM]",,"[]",,,"[PREMIUM]"
"a878c232-1144-4707-bf6f-1e0152ab3f71","2026-03-05 23:11:33.847","2026-03-05 23:11:33.847","a878c232-1144-4707-bf6f-1e0152ab3f71","[PREMIUM]","New",2026,"Genesis","G80","2.5T Sport Prestige AWD","[PREMIUM]","[PREMIUM]",1,"Sedan","Uyuni White","Obsidian Black/Red Stitch","All Wheel Drive",,,"Premium unleaded",,,"dealership","[PREMIUM]","Greer","SC","[PREMIUM]",,"[]",,,"[PREMIUM]"
"acfc5beb-08c6-4a0b-81f4-a33b9d1485d8","2026-03-05 23:11:33.797","2026-03-20 13:35:21.687","acfc5beb-08c6-4a0b-81f4-a33b9d1485d8","[PREMIUM]","New",2026,"Ford","F-350","XL","[PREMIUM]","[PREMIUM]",43,"Truck","Oxford White","Dark Slate","Four-wheel Drive",,,"Diesel",,,"dealership","[PREMIUM]","Raleigh","NC","[PREMIUM]",,"[]",,,"[PREMIUM]"
"d6ab2c61-618b-4113-850b-0f4adeb558bf","2026-03-05 23:11:33.790","2026-03-14 13:29:19.961","d6ab2c61-618b-4113-850b-0f4adeb558bf","[PREMIUM]","New",2026,"Ford","F-350","XL","[PREMIUM]","[PREMIUM]",5,"Truck","Oxford White","Medium Dark Slate","Four-wheel Drive",,,"Diesel",,,"dealership","[PREMIUM]","Raleigh","NC","[PREMIUM]",,"[]",,,"[PREMIUM]"
"5c650b11-d3bf-40e6-a624-501e0546d16d","2026-03-05 23:11:33.724","2026-03-11 07:16:30.337","5c650b11-d3bf-40e6-a624-501e0546d16d","[PREMIUM]","New",2026,"Genesis","GV70","3.5T Sport Prestige","[PREMIUM]","[PREMIUM]",5,"SUV","Blue","Blue","All-wheel Drive",,,"Gasoline",,,"dealership","[PREMIUM]","White Plains","NY","[PREMIUM]",,"[]",,,"[PREMIUM]"
"fb84c606-acdb-4de0-b40c-da7cec3203fc","2026-03-05 23:11:33.724","2026-03-11 07:16:30.255","fb84c606-acdb-4de0-b40c-da7cec3203fc","[PREMIUM]","New",2026,"Land Rover","Defender","110 S","[PREMIUM]","[PREMIUM]",25,"SUV","Tasman Blue","Ebony","All-wheel Drive",,,"Gasoline",,,"dealership","[PREMIUM]","Austin","TX","[PREMIUM]",,"[]",,,"[PREMIUM]"
"6d09c92c-26f1-4999-94bc-559a2de5c8ab","2026-03-05 23:11:33.722","2026-03-20 13:35:11.273","6d09c92c-26f1-4999-94bc-559a2de5c8ab","[PREMIUM]","New",2026,"Ford","F-150","Lariat","[PREMIUM]","[PREMIUM]",10,"Truck","Star White","Black","Four-wheel Drive",,,"Gasoline",,,"dealership","[PREMIUM]","Delray Beach","FL","[PREMIUM]",,"[]",,,"[PREMIUM]"
"f4f92557-02b8-47b5-8f80-156615213dd5","2026-03-05 23:11:33.696","2026-03-14 13:29:20.055","f4f92557-02b8-47b5-8f80-156615213dd5","[PREMIUM]","New",2026,"Land Rover","Defender","110 S","[PREMIUM]","[PREMIUM]",25,"SUV","Fuji White","Ebony","All-wheel Drive",,,"Gasoline",,,"dealership","[PREMIUM]","Austin","TX","[PREMIUM]",,"[]",,,"[PREMIUM]"
"f9c436ac-1260-430b-ac6c-c2ea154dc143","2026-03-05 23:11:33.660","2026-03-11 07:16:30.426","f9c436ac-1260-430b-ac6c-c2ea154dc143","[PREMIUM]","New",2026,"Acura","MDX","A-Spec Advance Package","[PREMIUM]","[PREMIUM]",10,"SUV","Urban Gray Pearl","Black","All-wheel Drive",,,"Gasoline",,,"dealership","[PREMIUM]","Merrillville","IN","[PREMIUM]",,"[]",,,"[PREMIUM]"
"4a826366-09b1-4333-b5ad-ec5b6091a2f0","2026-03-05 23:11:33.636","2026-03-17 13:35:03.423","4a826366-09b1-4333-b5ad-ec5b6091a2f0","[PREMIUM]","New",2026,"Land Rover","Discovery","GEMINI EDITION","[PREMIUM]","[PREMIUM]",25,"SUV","Santorini Black Metallic","Ebony","All-wheel Drive",,,"Gasoline",,,"dealership","[PREMIUM]","Austin","TX","[PREMIUM]",,"[]",,,"[PREMIUM]"
"fe9bee8f-4132-4723-9587-97283b9efc9d","2026-03-05 23:10:21.257","2026-03-05 23:10:21.257","fe9bee8f-4132-4723-9587-97283b9efc9d","[PREMIUM]","Used",2016,"Chevrolet","Corvette","Z06","[PREMIUM]","[PREMIUM]",19886,"Coupe","Red","BLACK","Rear-wheel Drive",,,"Gasoline",,,"dealership","[PREMIUM]","Wilmington","NC","[PREMIUM]",,"[]",,,"[PREMIUM]"
"72af8bee-c811-499d-a23f-5baebe241d61","2026-03-05 23:10:21.256","2026-03-14 13:28:38.650","72af8bee-c811-499d-a23f-5baebe241d61","[PREMIUM]","Used",2016,"Chevrolet","Corvette","Z06","[PREMIUM]","[PREMIUM]",17461,"Coupe","Arctic White","Adrenaline Red","Rear-wheel Drive",,,"Gasoline",,,"dealership","[PREMIUM]","Huntersville","NC","[PREMIUM]",,"[]",,,"[PREMIUM]"
"e62f8a03-196a-44a9-a6b2-d199550a2e56","2026-03-05 23:10:10.692","2026-03-20 13:35:11.296","e62f8a03-196a-44a9-a6b2-d199550a2e56","[PREMIUM]","Used",2019,"Ford","F-250","Lariat","[PREMIUM]","[PREMIUM]",36203,"Truck","Agate Black Metallic","Black","Four-wheel Drive",,,"Diesel",,,"dealership","[PREMIUM]","Glendale Heights","IL","[PREMIUM]",,"[]",,,"[PREMIUM]"
"e24e76e2-6ef1-4e33-9226-4ef249be442e","2026-03-05 23:10:10.685","2026-03-11 07:15:58.353","e24e76e2-6ef1-4e33-9226-4ef249be442e","[PREMIUM]","Used",2019,"Cadillac","CTS-V",,"[PREMIUM]","[PREMIUM]",35861,"Sedan","White","BLACK","Rear-wheel Drive",,,"Gasoline",,,"dealership","[PREMIUM]","Ontario","CA","[PREMIUM]",,"[]",,,"[PREMIUM]"
"1a2461aa-4048-46c1-b279-58ed481afbdb","2026-03-05 23:10:10.650","2026-03-05 23:10:10.650","1a2461aa-4048-46c1-b279-58ed481afbdb","[PREMIUM]","Used",2020,"Land Rover","Range Rover","5.0L V8 Supercharged SV Autobiography","[PREMIUM]","[PREMIUM]",26670,"SUV",,,"Four-wheel Drive",,,"Gasoline",,,"dealership","[PREMIUM]","Cleveland","OH","[PREMIUM]",,"[]",,,"[PREMIUM]"
"34556e8e-e12b-47b6-a716-29bc46b63e41","2026-03-05 23:10:10.610","2026-03-11 07:15:58.437","34556e8e-e12b-47b6-a716-29bc46b63e41","[PREMIUM]","Used",2020,"Chevrolet","Corvette","Stingray w/3LT","[PREMIUM]","[PREMIUM]",14352,"Coupe","Arctic White","Jet Black","Rear-wheel Drive",,,"Gasoline",,,"dealership","[PREMIUM]","Fredericksburg","VA","[PREMIUM]",,"[]",,,"[PREMIUM]"
"c59ad54d-3a98-4e4d-801f-fb892aa7e3c4","2026-03-05 23:09:59.815","2026-03-20 13:35:11.281","c59ad54d-3a98-4e4d-801f-fb892aa7e3c4","[PREMIUM]","Used",2022,"Chevrolet","Corvette","Stingray w/2LT","[PREMIUM]","[PREMIUM]",7014,"Coupe","Torch Red","Adrenaline Red","Rear-wheel Drive",,,"Gasoline",,,"dealership","[PREMIUM]","Dublin","OH","[PREMIUM]",,"[]",,,"[PREMIUM]"
"4e8fb66d-96ec-45ca-9917-c75bed4ac860","2026-03-05 23:09:59.717","2026-03-11 07:15:58.387","4e8fb66d-96ec-45ca-9917-c75bed4ac860","[PREMIUM]","Used",2021,"BMW","M5","Base","[PREMIUM]","[PREMIUM]",48129,"Sedan","Individual Aventurin Red Metallic","Black","All-wheel Drive",,,"Gasoline",,,"dealership","[PREMIUM]","Grapevine","TX","[PREMIUM]",,"[]",,,"[PREMIUM]"
"b83fa1f8-d7bf-4982-bee3-5997a80056da","2026-03-05 23:09:59.536","2026-03-11 07:15:58.385","b83fa1f8-d7bf-4982-bee3-5997a80056da","[PREMIUM]","Used",2021,"Chevrolet","Corvette","Stingray w/3LT","[PREMIUM]","[PREMIUM]",10337,"Convertible","Torch Red","Jet Black","Rear-wheel Drive",,,"Gasoline",,,"dealership","[PREMIUM]","Lexington","KY","[PREMIUM]",,"[]",,,"[PREMIUM]"
"15cb4b7e-c9a9-4e82-8719-7b19c1e070e0","2026-03-05 23:09:59.507","2026-03-11 07:15:47.771","15cb4b7e-c9a9-4e82-8719-7b19c1e070e0","[PREMIUM]","Used",2022,"Cadillac","Escalade","ESV Premium Luxury","[PREMIUM]","[PREMIUM]",41200,"SUV","Blue","TAN","Four-wheel Drive",,,"Gasoline",,,"dealership","[PREMIUM]","East Haven","CT","[PREMIUM]",,"[]",,,"[PREMIUM]"
"b19dd3f1-e8e2-4e06-a0a2-aab28e2ec3d9","2026-03-05 23:09:59.505","2026-03-05 23:09:59.505","b19dd3f1-e8e2-4e06-a0a2-aab28e2ec3d9","[PREMIUM]","Used",2023,"Chevrolet","Tahoe","4WD High Country","[PREMIUM]","[PREMIUM]",28963,"SUV","Iridescent Pearl Tricoat","Jet Black/Mocha","Four-wheel Drive",,,"Gasoline",,,"dealership","[PREMIUM]","Fort Myers","FL","[PREMIUM]",,"[]",,,"[PREMIUM]"
"b33575c3-76d6-49e7-95f7-f009e114b4a2","2026-03-05 23:09:59.481","2026-03-11 07:15:58.708","b33575c3-76d6-49e7-95f7-f009e114b4a2","[PREMIUM]","Used",2022,"Land Rover","Range Rover Sport","SVR","[PREMIUM]","[PREMIUM]",49901,"SUV","Fuji White","Pimento/Ebony/Ebony/Pimento/Cirrus","All-wheel Drive",,,"Gasoline",,,"dealership","[PREMIUM]","Cerritos","CA","[PREMIUM]",,"[]",,,"[PREMIUM]"
"561ea6c3-9ef0-47bd-ab90-4198790c74c8","2026-03-05 23:09:59.480","2026-03-05 23:09:59.480","561ea6c3-9ef0-47bd-ab90-4198790c74c8","[PREMIUM]","Used",2022,"GMC","Sierra 3500","Denali","[PREMIUM]","[PREMIUM]",53818,"Truck","Summit White","Jet Black","Four-wheel Drive",,,"Diesel",,,"dealership","[PREMIUM]","Bakersfield","CA","[PREMIUM]",,"[]",,,"[PREMIUM]"
"ca1e8520-7242-47ea-8fdb-4c929d8f809c","2026-03-05 23:09:59.473","2026-03-20 13:35:11.258","ca1e8520-7242-47ea-8fdb-4c929d8f809c","[PREMIUM]","Used",2021,"BMW","X5 M","Base","[PREMIUM]","[PREMIUM]",50567,"SUV","Tanzanite Blue II Metallic","Silverstone","All-wheel Drive",,,"Gasoline",,,"dealership","[PREMIUM]","East Brunswick","NJ","[PREMIUM]",,"[]",,,"[PREMIUM]"
"20b97567-c428-4f71-b361-10b95ce44a38","2026-03-05 23:09:59.467","2026-03-05 23:09:59.467","20b97567-c428-4f71-b361-10b95ce44a38","[PREMIUM]","Used",2022,"Porsche","Macan","GTS","[PREMIUM]","[PREMIUM]",36572,"SUV","White","Black","All-wheel Drive",,,"Gasoline",,,"dealership","[PREMIUM]","Arlington","VA","[PREMIUM]",,"[]",,,"[PREMIUM]"
"ba3af8ed-28ec-462f-b1bf-9ebf738ca4f1","2026-03-05 23:09:59.445","2026-03-05 23:09:59.445","ba3af8ed-28ec-462f-b1bf-9ebf738ca4f1","[PREMIUM]","Used",2021,"Audi","RS 7","4.0T","[PREMIUM]","[PREMIUM]",56966,"Hatchback","Navarra Blue Metallic","Cognac","All-wheel Drive",,,"Gasoline",,,"dealership","[PREMIUM]","Peoria","AZ","[PREMIUM]",,"[]",,,"[PREMIUM]"
"ce81ac44-9ff4-4b07-bb85-3d2a32c987c6","2026-03-05 23:09:59.444","2026-03-17 13:35:03.514","ce81ac44-9ff4-4b07-bb85-3d2a32c987c6","[PREMIUM]","Used",2022,"Ford","F-150","Raptor","[PREMIUM]","[PREMIUM]",26817,"Truck","Code Orange Metallic","Black/Onyx","Four-wheel Drive",,,"Gasoline",,,"dealership","[PREMIUM]","Reno","NV","[PREMIUM]",,"[]",,,"[PREMIUM]"
"36a22e93-722f-4c4d-a509-5df73d6f087b","2026-03-05 23:09:48.593","2026-03-14 13:28:17.898","36a22e93-722f-4c4d-a509-5df73d6f087b","[PREMIUM]","Used",2023,"Porsche","Cayenne","Base","[PREMIUM]","[PREMIUM]",29719,"SUV","Quartzite Grey Metallic","Black","All-wheel Drive",,,"Gasoline",,,"dealership","[PREMIUM]","Coral Gables","FL","[PREMIUM]",,"[]",,,"[PREMIUM]"
"be094990-67f6-4dc4-a689-e3c4830b17ea","2026-03-05 23:09:48.585","2026-03-05 23:09:48.585","be094990-67f6-4dc4-a689-e3c4830b17ea","[PREMIUM]","Used",2023,"BMW","M3","Competition","[PREMIUM]","[PREMIUM]",58542,"Sedan","Gray","RED","Four-wheel Drive",,,"Gasoline",,,"dealership","[PREMIUM]","Gaithersburg","MD","[PREMIUM]",,"[]",,,"[PREMIUM]"
"aa0f5593-f7f8-4397-a5f1-2397d07d1fdc","2026-03-05 23:09:48.522","2026-03-05 23:09:48.522","aa0f5593-f7f8-4397-a5f1-2397d07d1fdc","[PREMIUM]","Used",2023,"Tesla","Model X","Standard Range","[PREMIUM]","[PREMIUM]",18630,"SUV","Pearl White Multi-Coat","Black","All-wheel Drive",,,"Electric",,,"dealership","[PREMIUM]","Fresno","CA","[PREMIUM]",,"[]",,,"[PREMIUM]"
"68f325d4-1c8d-4d1a-847a-cb6eb59ec5af","2026-03-05 23:09:48.518","2026-03-11 07:15:47.613","68f325d4-1c8d-4d1a-847a-cb6eb59ec5af","[PREMIUM]","Used",2023,"BMW","M4","Competition","[PREMIUM]","[PREMIUM]",16681,"Coupe","Gray","Black","Rear-wheel Drive",,,"Gasoline",,,"dealership","[PREMIUM]","Houston","TX","[PREMIUM]",,"[]",,,"[PREMIUM]"
"d62fe06b-5394-4238-83e3-793c4b185cab","2026-03-05 23:09:48.508","2026-03-17 13:35:03.437","d62fe06b-5394-4238-83e3-793c4b185cab","[PREMIUM]","Used",2023,"GMC","Yukon XL","Denali","[PREMIUM]","[PREMIUM]",19583,"SUV","Onyx Black","Jet Black","Four-wheel Drive",,,"Gasoline",,,"dealership","[PREMIUM]","East Syracuse","NY","[PREMIUM]",,"[]",,,"[PREMIUM]"
"3e6f855d-029d-4540-81c4-3164bf8f103b","2026-03-05 23:09:48.499","2026-03-05 23:09:48.499","3e6f855d-029d-4540-81c4-3164bf8f103b","[PREMIUM]","Used",2023,"Chevrolet","Corvette","Stingray 3LT","[PREMIUM]","[PREMIUM]",19869,"Convertible","White","RED","Rear-wheel Drive",,,"Gasoline",,,"dealership","[PREMIUM]","Plano","TX","[PREMIUM]",,"[]",,,"[PREMIUM]"
"0640c466-854f-4df8-9842-5e288c8596f8","2026-03-05 23:09:48.494","2026-03-14 13:28:17.945","0640c466-854f-4df8-9842-5e288c8596f8","[PREMIUM]","Used",2023,"Dodge","Durango","SRT Hellcat","[PREMIUM]","[PREMIUM]",22175,"SUV","White Knuckle Clearcoat","Demonic Red / Black","All-wheel Drive",,,"Gasoline",,,"dealership","[PREMIUM]","Owasso","OK","[PREMIUM]",,"[]",,,"[PREMIUM]"
"fa730844-6fc5-428e-9b96-8c652e4543bf","2026-03-05 23:09:27.555","2026-03-17 13:34:42.131","fa730844-6fc5-428e-9b96-8c652e4543bf","[PREMIUM]","Used",2024,"Mercedes-Benz","CLE 450","4MATIC","[PREMIUM]","[PREMIUM]",17779,"Convertible","MANUFAKTUR Alpine Grey","Black MB-Tex","All-wheel Drive",,,"Gasoline",,,"dealership","[PREMIUM]","Sacramento","CA","[PREMIUM]",,"[]",,,"[PREMIUM]"
"37203fa8-a562-47a6-9cd3-585f02277646","2026-03-05 23:09:27.549","2026-03-20 13:35:00.476","37203fa8-a562-47a6-9cd3-585f02277646","[PREMIUM]","Used",2024,"INEOS","Grenadier","Fieldmaster","[PREMIUM]","[PREMIUM]",10658,"SUV","Tan","Tan","Four-wheel Drive",,,"Gasoline",,,"dealership","[PREMIUM]","Plant City","FL","[PREMIUM]",,"[]",,,"[PREMIUM]"
"0ff88b48-0151-437c-a8c0-be429c162a27","2026-03-05 23:09:27.539","2026-03-05 23:09:27.539","0ff88b48-0151-437c-a8c0-be429c162a27","[PREMIUM]","Used",2024,"GMC","Sierra 3500","Denali","[PREMIUM]","[PREMIUM]",25494,"Truck","White Frost Tricoat","Atmosphere/Brownstone","Four-wheel Drive",,,"Diesel",,,"dealership","[PREMIUM]","Tampa","FL","[PREMIUM]",,"[]",,,"[PREMIUM]"
"8f577ee1-5e34-419e-8acb-475ae1807e4a","2026-03-05 23:09:27.506","2026-03-11 07:15:36.755","8f577ee1-5e34-419e-8acb-475ae1807e4a","[PREMIUM]","Used",2024,"BMW","760","760i xDrive","[PREMIUM]","[PREMIUM]",45423,"Sedan","Carbon Black Metallic","Tartufo","All-wheel Drive",,,"Gasoline",,,"dealership","[PREMIUM]","Rockville","MD","[PREMIUM]",,"[]",,,"[PREMIUM]"
"4eb075af-3737-4b5c-b384-dc4720906f28","2026-03-05 23:09:27.503","2026-03-14 13:27:46.302","4eb075af-3737-4b5c-b384-dc4720906f28","[PREMIUM]","Used",2024,"Chevrolet","Silverado 2500","High Country","[PREMIUM]","[PREMIUM]",19635,"Truck","Iridescent Pearl Tricoat","Jet Black/Nightshift Blue","Four-wheel Drive",,,"Gasoline",,,"dealership","[PREMIUM]","Johnstown","OH","[PREMIUM]",,"[]",,,"[PREMIUM]"
"e5ef0c1e-ac30-4371-87d8-0530b04f0665","2026-03-05 23:09:27.499","2026-03-14 13:28:17.857","e5ef0c1e-ac30-4371-87d8-0530b04f0665","[PREMIUM]","Used",2024,"Ford","F-450","XLT DRW","[PREMIUM]","[PREMIUM]",48812,"Truck","CARBONIZED GRAY","MEDIUM DARK SLATE CLOTH",,,,,,,"dealership","[PREMIUM]","Mankato","MN","[PREMIUM]",,"[]",,,"[PREMIUM]"
"5def52a8-d607-45a0-b51c-ee3ed6990914","2026-03-05 23:09:27.495","2026-03-05 23:09:27.495","5def52a8-d607-45a0-b51c-ee3ed6990914","[PREMIUM]","Used",2024,"Chevrolet","Tahoe","Z71","[PREMIUM]","[PREMIUM]",29073,"SUV","Black","Jet Black","Four-wheel Drive",,,"Gasoline",,,"dealership","[PREMIUM]","Charlotte","NC","[PREMIUM]",,"[]",,,"[PREMIUM]"
"b1aa62b7-7ccd-481f-a7e2-643158f2e158","2026-03-05 23:09:27.493","2026-03-14 13:28:07.283","b1aa62b7-7ccd-481f-a7e2-643158f2e158","[PREMIUM]","Used",2024,"Toyota","Sequoia","Platinum","[PREMIUM]","[PREMIUM]",24852,"SUV","Celestial Silver Metallic","Black","Four-wheel Drive",,,"Gasoline",,,"dealership","[PREMIUM]","Harrisburg","PA","[PREMIUM]",,"[]",,,"[PREMIUM]"
"549d3108-0dfa-4424-a3c8-3528cc6b84dc","2026-03-05 23:09:16.648","2026-03-14 13:27:57.413","549d3108-0dfa-4424-a3c8-3528cc6b84dc","[PREMIUM]","Used",2024,"Mercedes-Benz","GLS 450","4MATIC","[PREMIUM]","[PREMIUM]",36634,"SUV","Selenite Gray Metallic","Black","All-wheel Drive",,,"Gasoline",,,"dealership","[PREMIUM]","Chicopee","MA","[PREMIUM]",,"[]",,,"[PREMIUM]"
"8d8f344f-b9a2-40df-a631-d47888dc8775","2026-03-05 23:09:16.641","2026-03-14 13:27:56.905","8d8f344f-b9a2-40df-a631-d47888dc8775","[PREMIUM]","Used",2024,"Land Rover","Defender","P400 X-Dynamic SE","[PREMIUM]","[PREMIUM]",24200,"SUV","Sedona Red","Ebony","All-wheel Drive",,,"Gasoline",,,"dealership","[PREMIUM]","Troy","MI","[PREMIUM]",,"[]",,,"[PREMIUM]"
"70815285-eae7-4acf-8bc3-7a71bf4b9709","2026-03-05 23:09:16.600","2026-03-05 23:09:16.600","70815285-eae7-4acf-8bc3-7a71bf4b9709","[PREMIUM]","Used",2024,"GMC","Sierra 2500","AT4","[PREMIUM]","[PREMIUM]",33509,"Truck","Summit White","Jet Black","Four-wheel Drive",,,"Diesel",,,"dealership","[PREMIUM]","Mattoon","IL","[PREMIUM]",,"[]",,,"[PREMIUM]"
"b06aa977-8176-455f-984f-6764a67f0263","2026-03-05 23:09:16.599","2026-03-14 13:27:57.019","b06aa977-8176-455f-984f-6764a67f0263","[PREMIUM]","Used",2024,"Audi","S6","2.9T Premium Plus","[PREMIUM]","[PREMIUM]",16979,"Sedan","Chronos Gray Metallic","Arras Red","All-wheel Drive",,,"Gasoline",,,"dealership","[PREMIUM]","Downers Grove","IL","[PREMIUM]",,"[]",,,"[PREMIUM]"
"bcfa3b38-273e-470d-a773-93ea4113d061","2026-03-05 23:09:16.596","2026-03-11 07:15:37.158","bcfa3b38-273e-470d-a773-93ea4113d061","[PREMIUM]","Used",2024,"RAM","3500","Laramie Crew Cab 4x4 8&#39; Box","[PREMIUM]","[PREMIUM]",20040,"Truck","Bright White Clearcoat","Black","Four-wheel Drive",,,"Diesel",,,"dealership","[PREMIUM]","Duncanville","TX","[PREMIUM]",,"[]",,,"[PREMIUM]"
"84e30e61-942c-4459-9844-4060d203dbdf","2026-03-05 23:09:16.592","2026-03-20 13:35:11.294","84e30e61-942c-4459-9844-4060d203dbdf","[PREMIUM]","Used",2024,"Toyota","Land Cruiser","First Edition","[PREMIUM]","[PREMIUM]",22817,"SUV","Meteor Shower","Black","Four-wheel Drive",,,"Gasoline",,,"dealership","[PREMIUM]","Austin","TX","[PREMIUM]",,"[]",,,"[PREMIUM]"
"304f0655-8326-4ee5-8c4e-252ef52498de","2026-03-05 23:09:06.001","2026-03-05 23:09:06.001","304f0655-8326-4ee5-8c4e-252ef52498de","[PREMIUM]","Used",2024,"Chevrolet","Tahoe","4WD RST","[PREMIUM]","[PREMIUM]",28000,"SUV","Dark Ash Metallic","Jet Black/Victory Red","Four-wheel Drive",,,"Gasoline",,,"dealership","[PREMIUM]","St. Charles","IL","[PREMIUM]",,"[]",,,"[PREMIUM]"
"a66fde08-5ce0-472a-ad33-abc0ba16797f","2026-03-05 23:09:05.909","2026-03-20 13:34:19.553","a66fde08-5ce0-472a-ad33-abc0ba16797f","[PREMIUM]","Used",2024,"RAM","2500","Longhorn","[PREMIUM]","[PREMIUM]",32056,"Truck","Bright White Clearcoat","Cattle Tan/Black","Four-wheel Drive",,,"Diesel",,,"dealership","[PREMIUM]","Longmont","CO","[PREMIUM]",,"[]",,,"[PREMIUM]"
"f805f7db-7ca0-43e7-9d6f-babd0022c7ac","2026-03-05 23:09:05.895","2026-03-11 07:15:36.848","f805f7db-7ca0-43e7-9d6f-babd0022c7ac","[PREMIUM]","Used",2024,"Chevrolet","Tahoe","4WD High Country","[PREMIUM]","[PREMIUM]",16776,"SUV","Black","Jet Black/Mocha","Four-wheel Drive",,,"Gasoline",,,"dealership","[PREMIUM]","Danvers","MA","[PREMIUM]",,"[]",,,"[PREMIUM]"
"fd197e7b-aad3-4514-8145-04f0b8d1a5a9","2026-03-05 23:09:05.895","2026-03-11 07:15:37.084","fd197e7b-aad3-4514-8145-04f0b8d1a5a9","[PREMIUM]","Used",2024,"Chevrolet","Tahoe","4WD High Country","[PREMIUM]","[PREMIUM]",24948,"SUV","Summit White","Jet Black/Mocha","Four-wheel Drive",,,"Diesel",,,"dealership","[PREMIUM]","Fargo","ND","[PREMIUM]",,"[]",,,"[PREMIUM]"
"63733890-638c-4da2-9e7c-beda8290cf4d","2026-03-05 23:08:56.013","2026-03-14 13:27:46.438","63733890-638c-4da2-9e7c-beda8290cf4d","[PREMIUM]","Used",2024,"Land Rover","Defender","130 P400 X-Dynamic SE","[PREMIUM]","[PREMIUM]",20600,"SUV","Fuji White","Light Oyster","All-wheel Drive",,,"Gasoline",,,"dealership","[PREMIUM]","Gonzales","LA","[PREMIUM]",,"[]",,,"[PREMIUM]"
"007564e7-d21c-4d74-be4d-5c83a8db23db","2026-03-05 23:08:55.993","2026-03-20 13:34:19.736","007564e7-d21c-4d74-be4d-5c83a8db23db","[PREMIUM]","Used",2024,"BMW","X7","xDrive40i","[PREMIUM]","[PREMIUM]",23187,"SUV","Black Sapphire Metallic","Black","All-wheel Drive",,,"Gasoline",,,"dealership","[PREMIUM]","Lynbrook","NY","[PREMIUM]",,"[]",,,"[PREMIUM]"
"ff503642-97b0-4125-9119-8423985a26ad","2026-03-05 23:08:55.722","2026-03-20 13:33:28.706","ff503642-97b0-4125-9119-8423985a26ad","[PREMIUM]","Used",2025,"Ford","Expedition","Platinum","[PREMIUM]","[PREMIUM]",24495,"SUV","Oxford White","Black Onyx","Four-wheel Drive",,,"Gasoline",,,"dealership","[PREMIUM]","LaFollette","TN","[PREMIUM]",,"[]",,,"[PREMIUM]"
"57907c49-9792-4ba5-87fe-07e88b50e245","2026-03-05 23:08:55.715","2026-03-20 13:33:28.148","57907c49-9792-4ba5-87fe-07e88b50e245","[PREMIUM]","Used",2024,"Cadillac","Escalade","Luxury","[PREMIUM]","[PREMIUM]",13072,"SUV","Galactic Gray Metallic","Jet Black","Rear-wheel Drive",,,"Gasoline",,,"dealership","[PREMIUM]","Lake Elsinore","CA","[PREMIUM]",,"[]",,,"[PREMIUM]"
"1bcec93d-3628-4401-8be7-1cb232c02163","2026-03-05 23:08:55.642","2026-03-20 13:33:59.038","1bcec93d-3628-4401-8be7-1cb232c02163","[PREMIUM]","New",2024,"Jaguar","I-PACE","EV400 R-Dynamic HSE","[PREMIUM]","[PREMIUM]",10,"SUV","Fuji White","Ebony","All-wheel Drive",,,,,,"dealership","[PREMIUM]","Austin","TX","[PREMIUM]",,"[]",,,"[PREMIUM]"
"ccea1c4d-6814-4adc-8ee4-580bcc107d3c","2026-03-05 23:08:55.624","2026-03-20 13:34:19.617","ccea1c4d-6814-4adc-8ee4-580bcc107d3c","[PREMIUM]","Used",2025,"Lincoln","Aviator","Reserve AWD","[PREMIUM]","[PREMIUM]",4910,"SUV","Pristine White Metallic Tri-Coat","Harvest Bronze","All-wheel Drive",,,"Gasoline",,,"dealership","[PREMIUM]","Green Bay","WI","[PREMIUM]",,"[]",,,"[PREMIUM]"
"5a330e67-d9ca-4876-983f-549b1c6274ed","2026-03-05 23:08:55.619","2026-03-17 13:33:50.688","5a330e67-d9ca-4876-983f-549b1c6274ed","[PREMIUM]","Used",2025,"BMW","Z4","M40i","[PREMIUM]","[PREMIUM]",3718,"Convertible","Thundernight Metallic","Black","Rear-wheel Drive",,,"Gasoline",,,"dealership","[PREMIUM]","Dublin","OH","[PREMIUM]",,"[]",,,"[PREMIUM]"
"a5a1470d-fd62-47a3-a40e-7f5fa878c53f","2026-03-05 23:08:55.614","2026-03-20 13:34:40.035","a5a1470d-fd62-47a3-a40e-7f5fa878c53f","[PREMIUM]","Used",2025,"Land Rover","Defender","90 P300 S","[PREMIUM]","[PREMIUM]",6634,"SUV","Santorini Black Metallic","Caraway/Ebony","All-wheel Drive",,,"Gasoline",,,"dealership","[PREMIUM]","Novi","MI","[PREMIUM]",,"[]",,,"[PREMIUM]"
"8658d3b7-1f4d-4fab-ae34-266659c579f7","2026-03-05 23:08:55.610","2026-03-11 07:15:25.442","8658d3b7-1f4d-4fab-ae34-266659c579f7","[PREMIUM]","Used",2024,"Toyota","Land Cruiser","Base","[PREMIUM]","[PREMIUM]",20979,"SUV","Ice","Black","Four-wheel Drive",,,"Hybrid",,,"dealership","[PREMIUM]","Shawnee","KS","[PREMIUM]",,"[]",,,"[PREMIUM]"
"9a7fa6d1-8a82-468b-b94c-18b252fcbfdb","2026-03-05 23:08:55.609","2026-03-17 13:34:11.213","9a7fa6d1-8a82-468b-b94c-18b252fcbfdb","[PREMIUM]","Used",2025,"GMC","Sierra 3500","Pro","[PREMIUM]","[PREMIUM]",11473,"Truck","Silver","BLACK","Four-wheel Drive",,,"Diesel",,,"dealership","[PREMIUM]","Woodbridge","VA","[PREMIUM]",,"[]",,,"[PREMIUM]"
"f0120473-8fc9-4b50-a830-82a7f32e576b","2026-03-05 23:08:55.605","2026-03-05 23:08:55.605","f0120473-8fc9-4b50-a830-82a7f32e576b","[PREMIUM]","New",2025,"Chevrolet","Silverado 3500","LT","[PREMIUM]","[PREMIUM]",229,"Truck","Lakeshore Blue Metallic","Jet Black","Four-wheel Drive",,,"Diesel",,,"dealership","[PREMIUM]","Warren","MI","[PREMIUM]",,"[]",,,"[PREMIUM]"
"ad03ff3a-4a42-44de-baef-ab434204f3a9","2026-03-05 23:08:55.597","2026-03-11 07:15:25.802","ad03ff3a-4a42-44de-baef-ab434204f3a9","[PREMIUM]","Used",2025,"Toyota","Tundra Hybrid","TRD Pro","[PREMIUM]","[PREMIUM]",12919,"Truck","Mudbath","Black","Four-wheel Drive",,,"Hybrid",,,"dealership","[PREMIUM]","Rochester","NY","[PREMIUM]",,"[]",,,"[PREMIUM]"
"46c0d867-0993-4f36-98e7-8aa4174fb64c","2026-03-05 23:08:55.596","2026-03-05 23:08:55.596","46c0d867-0993-4f36-98e7-8aa4174fb64c","[PREMIUM]","Used",2024,"Lexus","TX 500h","F SPORT Luxury","[PREMIUM]","[PREMIUM]",21166,"SUV","Caviar",,"All-wheel Drive",,,"Gasoline",,,"dealership","[PREMIUM]","Portland","OR","[PREMIUM]",,"[]",,,"[PREMIUM]"
"56254ffb-1b36-48db-8fc0-b6fee30d5669","2026-03-05 23:08:55.593","2026-03-11 07:15:25.437","56254ffb-1b36-48db-8fc0-b6fee30d5669","[PREMIUM]","Used",2025,"Toyota","4Runner Hybrid","HYBRID TRAILHUNTER","[PREMIUM]","[PREMIUM]",11380,"SUV","Everest",,"Four-wheel Drive",,,"Hybrid",,,"dealership","[PREMIUM]","Gallatin","TN","[PREMIUM]",,"[]",,,"[PREMIUM]"
"dcfcf4f5-4fa7-40ee-8052-441787801f49","2026-03-05 23:08:55.591","2026-03-14 13:27:46.295","dcfcf4f5-4fa7-40ee-8052-441787801f49","[PREMIUM]","Used",2024,"GMC","Sierra 2500","AT4","[PREMIUM]","[PREMIUM]",67613,"Truck","Black","Jet Black","Four-wheel Drive",,,"Diesel",,,"dealership","[PREMIUM]","Wagoner","OK","[PREMIUM]",,"[]",,,"[PREMIUM]"
"ea503263-3bd0-4351-97b0-433cbf0ca79d","2026-03-05 23:08:55.585","2026-03-20 13:34:19.553","ea503263-3bd0-4351-97b0-433cbf0ca79d","[PREMIUM]","Used",2025,"GMC","Yukon","Denali","[PREMIUM]","[PREMIUM]",27574,"SUV","Onyx Black","Jet Black","Four-wheel Drive",,,"Gasoline",,,"dealership","[PREMIUM]","Carson","CA","[PREMIUM]",,"[]",,,"[PREMIUM]"
"b0556055-bf95-4e96-a6b9-76fd60544823","2026-03-05 23:08:55.576","2026-03-20 13:34:19.576","b0556055-bf95-4e96-a6b9-76fd60544823","[PREMIUM]","Used",2024,"GMC","Yukon","Denali","[PREMIUM]","[PREMIUM]",31446,"SUV","Onyx Black","Jet Black","Four-wheel Drive",,,"Gasoline",,,"dealership","[PREMIUM]","Katy","TX","[PREMIUM]",,"[]",,,"[PREMIUM]"
"820519dc-eaf5-42d3-900b-b4039366ce82","2026-03-05 23:08:45.526","2026-03-14 13:27:46.291","820519dc-eaf5-42d3-900b-b4039366ce82","[PREMIUM]","New",2025,"Land Rover","Discovery","P300 S","[PREMIUM]","[PREMIUM]",25,"SUV","Santorini Black Metallic","Ebony","All-wheel Drive",,,"Gasoline",,,"dealership","[PREMIUM]","Austin","TX","[PREMIUM]",,"[]",,,"[PREMIUM]"
"6504ef85-5907-4f7c-b974-be2eb3f7732f","2026-03-05 23:08:45.097","2026-03-11 07:15:25.439","6504ef85-5907-4f7c-b974-be2eb3f7732f","[PREMIUM]","Used",2025,"GMC","Yukon","Elevation","[PREMIUM]","[PREMIUM]",12513,"SUV","Metallic",,"Four-wheel Drive",,,"Gasoline",,,"dealership","[PREMIUM]","Collinsville","IL","[PREMIUM]",,"[]",,,"[PREMIUM]"
"22d05bfc-dc2c-4992-abe9-3d1e0c75faa4","2026-03-05 23:08:45.094","2026-03-20 13:33:58.939","22d05bfc-dc2c-4992-abe9-3d1e0c75faa4","[PREMIUM]","New",2025,"Land Rover","Defender","P300","[PREMIUM]","[PREMIUM]",6752,"SUV","Carpathian Grey","Ebony / Ebony","All-wheel Drive",,,"Gasoline",,,"dealership","[PREMIUM]","Austin","TX","[PREMIUM]",,"[]",,,"[PREMIUM]"
"7f634825-5443-47b7-9c06-1242a4864496","2026-03-05 23:08:45.093","2026-03-20 13:33:28.014","7f634825-5443-47b7-9c06-1242a4864496","[PREMIUM]","Used",2025,"Porsche","Macan",,"[PREMIUM]","[PREMIUM]",3963,"SUV","Carmine Red","Black","All-wheel Drive",,,"Gasoline",,,"dealership","[PREMIUM]","Shawnee","KS","[PREMIUM]",,"[]",,,"[PREMIUM]"
"c4b1ec62-a9d9-497b-9f07-f27c4c3df24e","2026-03-05 23:08:45.084","2026-03-20 13:33:58.889","c4b1ec62-a9d9-497b-9f07-f27c4c3df24e","[PREMIUM]","New",2026,"BMW","i4 Gran Coupe","xDrive40","[PREMIUM]","[PREMIUM]",0,"Hatchback","Jet Black","Black","All-wheel Drive",,,"Electric",,,"dealership","[PREMIUM]","Dublin","OH","[PREMIUM]",,"[]",,,"[PREMIUM]"
"539ea486-ccfe-45b7-9384-08faf551663d","2026-03-05 23:08:45.076","2026-03-11 07:15:25.439","539ea486-ccfe-45b7-9384-08faf551663d","[PREMIUM]","New",2025,"Ford","F-150 Lightning","LARIAT","[PREMIUM]","[PREMIUM]",35,"Truck","Gray Metallic","Black","All-wheel Drive",,,"Electric",,,"dealership","[PREMIUM]","San Diego","CA","[PREMIUM]",,"[]",,,"[PREMIUM]"
"3d1b42f5-f274-490d-9817-edd77b7b1be5","2026-03-05 23:08:45.075","2026-03-20 13:33:58.929","3d1b42f5-f274-490d-9817-edd77b7b1be5","[PREMIUM]","Used",2025,"BMW","740","i","[PREMIUM]","[PREMIUM]",31056,"Sedan","Alpine White","Black","Rear-wheel Drive",,,"Gasoline",,,"dealership","[PREMIUM]","Daphne","AL","[PREMIUM]",,"[]",,,"[PREMIUM]"
"b4334ed3-ebd2-4ab8-abde-c3c1da630759","2026-03-05 23:08:45.073","2026-03-20 13:33:28.232","b4334ed3-ebd2-4ab8-abde-c3c1da630759","[PREMIUM]","New",2026,"GMC","Acadia","Denali","[PREMIUM]","[PREMIUM]",0,"SUV","Downpour Metallic","After Dark","Front-wheel Drive",,,"Gasoline",,,"dealership","[PREMIUM]","Tallahassee","FL","[PREMIUM]",,"[]",,,"[PREMIUM]"
"c0a931f1-3d48-499e-80e5-4df4135f2f11","2026-03-05 23:08:45.067","2026-03-17 13:33:20.062","c0a931f1-3d48-499e-80e5-4df4135f2f11","[PREMIUM]","New",2026,"BMW","M340","xDrive NA","[PREMIUM]","[PREMIUM]",50,"Sedan","Tanzanite Blue II Metallic","Cognac","All-wheel Drive",,,"Gasoline",,,"dealership","[PREMIUM]","Dublin","OH","[PREMIUM]",,"[]",,,"[PREMIUM]"
"4ab1f000-4988-4ec1-8131-3e6a8fd61106","2026-03-05 23:08:45.059","2026-03-11 07:15:25.445","4ab1f000-4988-4ec1-8131-3e6a8fd61106","[PREMIUM]","Used",2025,"Chevrolet","Silverado 2500","LTZ","[PREMIUM]","[PREMIUM]",31125,"Truck","Black","Jet Black","Four-wheel Drive",,,"Diesel",,,"dealership","[PREMIUM]","Raleigh","NC","[PREMIUM]",,"[]",,,"[PREMIUM]"
"ff6661ee-b882-4093-a9cd-03f2bd946dbb","2026-03-05 23:08:45.053","2026-03-14 13:27:46.358","ff6661ee-b882-4093-a9cd-03f2bd946dbb","[PREMIUM]","Used",2025,"BMW","X5","xDrive40i","[PREMIUM]","[PREMIUM]",18294,"SUV","Skyscraper Gray Metallic","Silverstone","All-wheel Drive",,,"Gasoline",,,"dealership","[PREMIUM]","Huntsville","AL","[PREMIUM]",,"[]",,,"[PREMIUM]"
"1ac433c0-7764-4416-ad38-90927af66d90","2026-03-05 23:08:45.039","2026-03-11 07:15:25.437","1ac433c0-7764-4416-ad38-90927af66d90","[PREMIUM]","Used",2025,"Land Rover","Discovery","P360 Dynamic SE","[PREMIUM]","[PREMIUM]",6768,"SUV","Fuji White","Carway","All-wheel Drive",,,"Gasoline",,,"dealership","[PREMIUM]","Austin","TX","[PREMIUM]",,"[]",,,"[PREMIUM]"
"e5e4f84a-e9a0-4761-972d-219ed525a4ad","2026-03-05 23:08:45.021","2026-03-20 13:33:58.965","e5e4f84a-e9a0-4761-972d-219ed525a4ad","[PREMIUM]","New",2025,"Land Rover","Discovery","P300 S","[PREMIUM]","[PREMIUM]",25,"SUV","Varesine Blue","Light Oyster","All-wheel Drive",,,"Gasoline",,,"dealership","[PREMIUM]","Austin","TX","[PREMIUM]",,"[]",,,"[PREMIUM]"
"0c0dc710-e768-427f-ae08-7cb04b3f3b2d","2026-03-05 23:08:45.018","2026-03-05 23:08:45.018","0c0dc710-e768-427f-ae08-7cb04b3f3b2d","[PREMIUM]","Used",2025,"Ford","F-150","XL","[PREMIUM]","[PREMIUM]",2745,"Truck","Black Metallic","Black","Rear-wheel Drive",,,"Gasoline",,,"dealership","[PREMIUM]","Clearwater","FL","[PREMIUM]",,"[]",,,"[PREMIUM]"
"c2238ff0-73d0-4ab2-8ef0-2044f4bbf4fd","2026-03-05 23:08:45.009","2026-03-20 13:33:58.889","c2238ff0-73d0-4ab2-8ef0-2044f4bbf4fd","[PREMIUM]","New",2026,"BMW","i4 Gran Coupe","xDrive40","[PREMIUM]","[PREMIUM]",0,"Hatchback","Mineral White Metallic","Tacora Red","All-wheel Drive",,,"Electric",,,"dealership","[PREMIUM]","Dublin","OH","[PREMIUM]",,"[]",,,"[PREMIUM]"
"edff2025-831a-4a4c-bfbe-76c7fa46ea8c","2026-03-05 23:08:34.787","2026-03-05 23:08:34.787","edff2025-831a-4a4c-bfbe-76c7fa46ea8c","[PREMIUM]","New",2026,"Toyota","4Runner Hybrid","Platinum","[PREMIUM]","[PREMIUM]",2,"SUV","Wind Chill Pearl","Dark Navy","Four Wheel Drive",,,"Hybrid Fuel",,,"dealership","[PREMIUM]","Escondido","CA","[PREMIUM]",,"[]",,,"[PREMIUM]"
"c1ee45fc-2ce8-4dfb-a893-3ba2b59904cd","2026-03-05 23:08:34.640","2026-03-14 13:27:46.357","c1ee45fc-2ce8-4dfb-a893-3ba2b59904cd","[PREMIUM]","New",2026,"Ford","F-150","XLT","[PREMIUM]","[PREMIUM]",7,"Truck","OXFORD WHITE","BLACK CLOTH 40/CON/40","Four-wheel Drive",,,"Gasoline",,,"dealership","[PREMIUM]","Glen Allen","VA","[PREMIUM]",,"[]",,,"[PREMIUM]"
"9308b593-41ca-4fec-98c3-05f2cde16c8b","2026-03-05 23:08:24.754","2026-03-14 13:27:46.537","9308b593-41ca-4fec-98c3-05f2cde16c8b","[PREMIUM]","New",2026,"Lexus","NX 450h+","F SPORT Handling","[PREMIUM]","[PREMIUM]",4,"SUV","Cloudburst Gray","Black","All-wheel Drive",,,"Gasoline",,,"dealership","[PREMIUM]","Santa Monica","CA","[PREMIUM]",,"[]",,,"[PREMIUM]"
"f126ac4b-9764-41cb-b07d-5d90d67ebde5","2026-03-05 23:08:24.748","2026-03-05 23:08:24.748","f126ac4b-9764-41cb-b07d-5d90d67ebde5","[PREMIUM]","New",2026,"Lexus","TX 350","Premium","[PREMIUM]","[PREMIUM]",0,"SUV","Wind Chill Pearl","Black","All-wheel Drive",,,"Gasoline",,,"dealership","[PREMIUM]","Palatine","IL","[PREMIUM]",,"[]",,,"[PREMIUM]"
"80fc0d31-9b0e-4001-9f85-23f037b160d0","2026-03-05 23:08:24.734","2026-03-20 13:33:58.923","80fc0d31-9b0e-4001-9f85-23f037b160d0","[PREMIUM]","New",2026,"Toyota","Tundra","Limited","[PREMIUM]","[PREMIUM]",5,"Truck","Celestial Silver Metallic","Black","Four-wheel Drive",,,"Gasoline",,,"dealership","[PREMIUM]","Gallatin","TN","[PREMIUM]",,"[]",,,"[PREMIUM]"
"657194ce-79cc-41e7-bcbd-401a377c1b81","2026-03-05 23:08:24.666","2026-03-05 23:08:24.666","657194ce-79cc-41e7-bcbd-401a377c1b81","[PREMIUM]","New",2026,"Cadillac","LYRIQ","Luxury","[PREMIUM]","[PREMIUM]",0,"SUV","Emerald Lake Metallic","Sky Cool Gray w/Santorini Blue Accents","All-wheel Drive",,,"Electric",,,"dealership","[PREMIUM]","Walnut Creek","CA","[PREMIUM]",,"[]",,,"[PREMIUM]"
"3b23458e-d4e6-4ab2-819b-6a7a629078fd","2026-03-05 23:08:24.531","2026-03-20 13:33:17.753","3b23458e-d4e6-4ab2-819b-6a7a629078fd","[PREMIUM]","New",2026,"Cadillac","XT5","Sport","[PREMIUM]","[PREMIUM]",0,"SUV","Crystal White Tricoat","Cirrus w/Jet Black Accents","All-wheel Drive",,,"Gasoline",,,"dealership","[PREMIUM]","Walnut Creek","CA","[PREMIUM]",,"[]",,,"[PREMIUM]"
"d1e56c13-6826-4f3b-bda6-11d51cb8d671","2026-03-05 23:08:24.492","2026-03-20 13:32:57.070","d1e56c13-6826-4f3b-bda6-11d51cb8d671","[PREMIUM]","New",2026,"Acura","MDX","Advance Package","[PREMIUM]","[PREMIUM]",0,"SUV","Performance Red Pearl","Parchment","All-wheel Drive",,,"Gasoline",,,"dealership","[PREMIUM]","Beaumont","TX","[PREMIUM]",,"[]",,,"[PREMIUM]"
"697cf147-5e6e-42c1-8cdd-0e4bee0036ed","2026-03-05 23:08:24.491","2026-03-17 13:33:20.107","697cf147-5e6e-42c1-8cdd-0e4bee0036ed","[PREMIUM]","New",2026,"Ford","Bronco","Badlands","[PREMIUM]","[PREMIUM]",0,"SUV","Shadow Black","Alpine with Black Onyx","Four-wheel Drive",,,"Gasoline",,,"dealership","[PREMIUM]","Omaha","NE","[PREMIUM]",,"[]",,,"[PREMIUM]"
"5570435d-2be6-4ee5-94e9-283e15f0670b","2026-03-05 23:08:24.490","2026-03-20 13:34:19.555","5570435d-2be6-4ee5-94e9-283e15f0670b","[PREMIUM]","New",2026,"Cadillac","CT5-V","V-Series RWD","[PREMIUM]","[PREMIUM]",0,"Sedan","Deep Space Metallic","Sedona Sauvage w/Jet Black Accents","Rear-wheel Drive",,,"Gasoline",,,"dealership","[PREMIUM]","Walnut Creek","CA","[PREMIUM]",,"[]",,,"[PREMIUM]"
"8eed6c29-9876-4605-9d48-32f433f307c6","2026-03-05 23:08:24.485","2026-03-05 23:08:24.485","8eed6c29-9876-4605-9d48-32f433f307c6","[PREMIUM]","New",2026,"Toyota","Grand Highlander Hybrid","Limited MAX","[PREMIUM]","[PREMIUM]",0,"SUV","Cement","Black","All-wheel Drive",,,"Hybrid",,,"dealership","[PREMIUM]","Escondido","CA","[PREMIUM]",,"[]",,,"[PREMIUM]"
"6059dc8e-6ee9-4ca0-ba7f-62a0d0a42c13","2026-03-05 23:08:24.483","2026-03-20 13:34:19.579","6059dc8e-6ee9-4ca0-ba7f-62a0d0a42c13","[PREMIUM]","New",2026,"Toyota","Tundra Hybrid","Limited","[PREMIUM]","[PREMIUM]",0,"Truck","Celestial Silver Metallic","Black","Four-wheel Drive",,,"Hybrid",,,"dealership","[PREMIUM]","Scottsdale","AZ","[PREMIUM]",,"[]",,,"[PREMIUM]"
"ee9c9be8-a0dd-46c7-865f-5c82a7e7a8c2","2026-03-05 23:08:24.483","2026-03-20 13:33:58.897","ee9c9be8-a0dd-46c7-865f-5c82a7e7a8c2","[PREMIUM]","New",2026,"Chevrolet","Silverado 2500","LT","[PREMIUM]","[PREMIUM]",4,"Truck","Black","Jet Black","Four-wheel Drive",,,"Gasoline",,,"dealership","[PREMIUM]","Coraopolis","PA","[PREMIUM]",,"[]",,,"[PREMIUM]"
"414eb610-8671-445a-81de-66d395fa1957","2026-03-05 23:08:24.482","2026-03-14 13:27:46.303","414eb610-8671-445a-81de-66d395fa1957","[PREMIUM]","New",2026,"GMC","Sierra 1500","SLT","[PREMIUM]","[PREMIUM]",0,"Truck","Sterling Metallic","Hve Dark Walnut/Slate","Four-wheel Drive",,,"Gasoline",,,"dealership","[PREMIUM]","Watertown","SD","[PREMIUM]",,"[]",,,"[PREMIUM]"
"b3b71898-0925-4da7-9047-bb0d6a58fb2a","2026-03-05 23:08:24.476","2026-03-20 13:33:58.962","b3b71898-0925-4da7-9047-bb0d6a58fb2a","[PREMIUM]","New",2026,"Acura","MDX","A-SPEC Advance Package","[PREMIUM]","[PREMIUM]",4,"SUV","Nh-885m/Liquid_Car","Nh-885m/Ebony","All-wheel Drive",,,"Gasoline",,,"dealership","[PREMIUM]","Denville","NJ","[PREMIUM]",,"[]",,,"[PREMIUM]"
"add0331a-81f0-4802-bf44-4c7b435974e9","2026-03-05 23:08:24.474","2026-03-05 23:08:24.474","add0331a-81f0-4802-bf44-4c7b435974e9","[PREMIUM]","New",2026,"Cadillac","CT5-V","V-Series RWD","[PREMIUM]","[PREMIUM]",0,"Sedan","Summit White","Whisper Beige w/Jet Black Accents","Rear-wheel Drive",,,"Gasoline",,,"dealership","[PREMIUM]","Walnut Creek","CA","[PREMIUM]",,"[]",,,"[PREMIUM]"
"9770111e-cda5-4307-a629-94a759a338b1","2026-03-05 23:08:24.473","2026-03-14 13:27:35.293","9770111e-cda5-4307-a629-94a759a338b1","[PREMIUM]","Used",2026,"Toyota","4Runner Hybrid","Platinum","[PREMIUM]","[PREMIUM]",502,"SUV","Wind Chill Pearl","Dark Navy","Four-wheel Drive",,,"Hybrid",,,"dealership","[PREMIUM]","Newark","CA","[PREMIUM]",,"[]",,,"[PREMIUM]"
"a79e6681-3bfa-47ce-91e2-cf2cf8dc34d1","2026-03-05 23:08:24.473","2026-03-20 13:33:58.897","a79e6681-3bfa-47ce-91e2-cf2cf8dc34d1","[PREMIUM]","New",2026,"Ford","F-150","Lariat","[PREMIUM]","[PREMIUM]",7,"Truck","Agate Black Metallic","Black/Medium Dark Slate","Four-wheel Drive",,,"Gasoline",,,"dealership","[PREMIUM]","Huntersville","NC","[PREMIUM]",,"[]",,,"[PREMIUM]"
"6dd3ae8e-bc37-414b-8890-1a4235069763","2026-03-05 23:08:24.469","2026-03-14 13:27:35.052","6dd3ae8e-bc37-414b-8890-1a4235069763","[PREMIUM]","New",2026,"Chevrolet","Silverado 1500","LTZ","[PREMIUM]","[PREMIUM]",0,"Truck","Summit White","Gideon/Very Dark Atmosphere","Four-wheel Drive",,,"Gasoline",,,"dealership","[PREMIUM]","Middlebury","VT","[PREMIUM]",,"[]",,,"[PREMIUM]"
"f1201fda-95c8-47ac-94ea-ea85291ade9d","2026-03-05 23:08:24.464","2026-03-17 13:33:50.670","f1201fda-95c8-47ac-94ea-ea85291ade9d","[PREMIUM]","New",2026,"Acura","MDX","Advance Package","[PREMIUM]","[PREMIUM]",7,"SUV","Liquid Carbon Metallic","Espresso","All-wheel Drive",,,"Gasoline",,,"dealership","[PREMIUM]","New Castle","DE","[PREMIUM]",,"[]",,,"[PREMIUM]"
"bc22b059-d293-41f7-93c0-a7f211582860","2026-03-05 23:08:24.452","2026-03-11 07:15:15.071","bc22b059-d293-41f7-93c0-a7f211582860","[PREMIUM]","New",2026,"RAM","3500","Tradesman Crew Cab 4x4 6&#39;4&#39; Box","[PREMIUM]","[PREMIUM]",14,"Truck","Granite Crystal Metallic Clearcoat","Black","Four-wheel Drive",,,"Diesel",,,"dealership","[PREMIUM]","Canton","GA","[PREMIUM]",,"[]",,,"[PREMIUM]"
"1fb8a3a9-37ae-44ab-8d18-6d415d0ef572","2026-03-05 23:08:24.451","2026-03-20 13:34:40.030","1fb8a3a9-37ae-44ab-8d18-6d415d0ef572","[PREMIUM]","New",2026,"Cadillac","LYRIQ","Sport","[PREMIUM]","[PREMIUM]",0,"SUV","Vibrant White Tricoat","Noir With Santorini Blue Accents","All-wheel Drive",,,"Electric",,,"dealership","[PREMIUM]","Bellevue","WA","[PREMIUM]",,"[]",,,"[PREMIUM]"
"7aeff705-572c-43b2-bec4-1c920418188f","2026-03-05 23:08:24.448","2026-03-20 13:34:19.823","7aeff705-572c-43b2-bec4-1c920418188f","[PREMIUM]","New",2026,"Cadillac","CT5-V","V-Series RWD","[PREMIUM]","[PREMIUM]",0,"Sedan","Coastal Blue Metallic","Whisper Beige w/Jet Black Accents","Rear-wheel Drive",,,"Gasoline",,,"dealership","[PREMIUM]","Walnut Creek","CA","[PREMIUM]",,"[]",,,"[PREMIUM]"
"6718be90-4507-4b0e-a170-fbc8e08642f4","2026-03-05 23:08:24.446","2026-03-20 13:33:17.743","6718be90-4507-4b0e-a170-fbc8e08642f4","[PREMIUM]","New",2026,"Ford","F-150","XLT","[PREMIUM]","[PREMIUM]",8,"Truck","CARBONIZED GRAY METALLIC","BLACK CLOTH 40/CON/40","Four-wheel Drive",,,"Gasoline",,,"dealership","[PREMIUM]","Glen Allen","VA","[PREMIUM]",,"[]",,,"[PREMIUM]"
"67408f92-2de7-48e8-8de6-cebcef9cddd5","2026-03-05 23:08:24.440","2026-03-17 13:34:15.469","67408f92-2de7-48e8-8de6-cebcef9cddd5","[PREMIUM]","New",2026,"Chevrolet","Silverado 1500","RST","[PREMIUM]","[PREMIUM]",269,"Truck","Sterling Gray Metallic","Jet Black","Four-wheel Drive",,,"Gasoline",,,"dealership","[PREMIUM]","Salem","IN","[PREMIUM]",,"[]",,,"[PREMIUM]"
"46c5c665-8ef7-4522-be81-deca1706e1cc","2026-03-05 23:08:24.439","2026-03-20 13:33:58.932","46c5c665-8ef7-4522-be81-deca1706e1cc","[PREMIUM]","New",2026,"Chevrolet","Silverado 1500","LTZ","[PREMIUM]","[PREMIUM]",0,"Truck","Summit White","Jet Black","Four-wheel Drive",,,"Diesel",,,"dealership","[PREMIUM]","Charlotte","NC","[PREMIUM]",,"[]",,,"[PREMIUM]"
"be6c62f8-88f4-45db-90d2-bde8000c5eb1","2026-03-05 23:08:24.432","2026-03-20 13:34:19.568","be6c62f8-88f4-45db-90d2-bde8000c5eb1","[PREMIUM]","New",2026,"Toyota","Tundra","Limited","[PREMIUM]","[PREMIUM]",5,"Truck","Midnight Black Metallic","Black","Four-wheel Drive",,,"Gasoline",,,"dealership","[PREMIUM]","Gallatin","TN","[PREMIUM]",,"[]",,,"[PREMIUM]"
"4f081132-1dfd-43f2-89e4-e264be1b57b9","2026-03-05 23:08:24.423","2026-03-05 23:08:24.423","4f081132-1dfd-43f2-89e4-e264be1b57b9","[PREMIUM]","New",2026,"Chevrolet","Silverado 3500","WT","[PREMIUM]","[PREMIUM]",1,"Truck","Summit White","Jet Black","Four-wheel Drive",,,"Diesel",,,"dealership","[PREMIUM]","Pauls Valley","OK","[PREMIUM]",,"[]",,,"[PREMIUM]"
"bf44c96b-95d8-4370-9b74-3e2047c09396","2026-03-05 23:08:24.423","2026-03-20 13:33:28.073","bf44c96b-95d8-4370-9b74-3e2047c09396","[PREMIUM]","New",2026,"GMC","Sierra 1500","SLT","[PREMIUM]","[PREMIUM]",0,"Truck","Sterling Metallic","H1y Jet Black","Four-wheel Drive",,,"Gasoline",,,"dealership","[PREMIUM]","Watertown","SD","[PREMIUM]",,"[]",,,"[PREMIUM]"
"58919a08-f112-4667-bcd1-c357d681e7a8","2026-03-05 23:08:24.393","2026-03-14 13:27:35.011","58919a08-f112-4667-bcd1-c357d681e7a8","[PREMIUM]","New",2026,"Acura","MDX","Advance Package","[PREMIUM]","[PREMIUM]",3,"SUV","Solar Silver Metallic","Nh-932m/Ebony","All-wheel Drive",,,"Gasoline",,,"dealership","[PREMIUM]","Denville","NJ","[PREMIUM]",,"[]",,,"[PREMIUM]"
"640f4bef-d65f-4f69-95d8-2c88cfe74936","2026-03-05 23:08:13.741","2026-03-05 23:08:13.741","640f4bef-d65f-4f69-95d8-2c88cfe74936","[PREMIUM]","New",2026,"Chevrolet","Tahoe","LS","[PREMIUM]","[PREMIUM]",1,"SUV","Summit White","Jet Black","Four-wheel Drive",,,"Gasoline",,,"dealership","[PREMIUM]","Claremore in Claremore","OK","[PREMIUM]",,"[]",,,"[PREMIUM]"
"17b6d10f-b645-4831-87d3-0f4dcced3b06","2026-03-05 23:08:13.556","2026-03-20 13:34:19.596","17b6d10f-b645-4831-87d3-0f4dcced3b06","[PREMIUM]","New",2026,"RAM","1500","Laramie","[PREMIUM]","[PREMIUM]",3,"Truck","Bright White Clearcoat","Black","Four-wheel Drive",,,"Gasoline",,,"dealership","[PREMIUM]","Waukee","IA","[PREMIUM]",,"[]",,,"[PREMIUM]"
"3f75a188-4e6e-4952-83fb-440c95213fe5","2026-03-05 23:08:13.528","2026-03-20 13:33:28.130","3f75a188-4e6e-4952-83fb-440c95213fe5","[PREMIUM]","New",2026,"Chevrolet","Silverado 1500","RST","[PREMIUM]","[PREMIUM]",6,"Truck","Sterling Gray Metallic","Jet Black","Four-wheel Drive",,,"Diesel",,,"dealership","[PREMIUM]","Dublin","CA","[PREMIUM]",,"[]",,,"[PREMIUM]"
"acc85ef9-2676-4d53-ba8a-403dd91bb87a","2026-03-05 23:08:13.523","2026-03-14 13:27:46.298","acc85ef9-2676-4d53-ba8a-403dd91bb87a","[PREMIUM]","New",2026,"Toyota","Tacoma Hybrid","TRD Pro","[PREMIUM]","[PREMIUM]",0,"Truck","Underground w/Black Roof","Black","Four-wheel Drive",,,"Hybrid",,,"dealership","[PREMIUM]","Moon Twp","PA","[PREMIUM]",,"[]",,,"[PREMIUM]"
"5c2e7508-0ca3-4796-80cf-c1fdc6a30f40","2026-03-05 23:08:13.520","2026-03-20 13:33:17.770","5c2e7508-0ca3-4796-80cf-c1fdc6a30f40","[PREMIUM]","New",2026,"Lexus","TX 350","Premium","[PREMIUM]","[PREMIUM]",8,"SUV","Cloudburst Gray","Birch","All-wheel Drive",,,"Gasoline",,,"dealership","[PREMIUM]","Spokane","WA","[PREMIUM]",,"[]",,,"[PREMIUM]"
"5c08ab03-5395-4b91-852d-ebce50ae4044","2026-03-05 23:08:13.519","2026-03-05 23:08:13.519","5c08ab03-5395-4b91-852d-ebce50ae4044","[PREMIUM]","New",2026,"RAM","1500","Laramie","[PREMIUM]","[PREMIUM]",0,"Truck","Bright White Clearcoat","Gjx9","Four-wheel Drive",,,"Gasoline",,,"dealership","[PREMIUM]","Arlington","TX","[PREMIUM]",,"[]",,,"[PREMIUM]"
"93767f5b-5648-4235-9362-5a53fa8d3b16","2026-03-05 23:08:13.500","2026-03-17 13:33:09.775","93767f5b-5648-4235-9362-5a53fa8d3b16","[PREMIUM]","New",2026,"Chevrolet","Silverado 3500","LT","[PREMIUM]","[PREMIUM]",6,"Truck","Sterling Gray Metallic","Jet Black","Four-wheel Drive",,,"Gasoline",,,"dealership","[PREMIUM]","New Prague","MN","[PREMIUM]",,"[]",,,"[PREMIUM]"
"f09f2440-2b3b-4f23-b1ae-55bac1c26cc4","2026-03-05 23:08:13.491","2026-03-05 23:08:13.491","f09f2440-2b3b-4f23-b1ae-55bac1c26cc4","[PREMIUM]","New",2026,"Ford","Transit-350","Base","[PREMIUM]","[PREMIUM]",,"Cargo Van","Oxford White","Gray","AWD",,,"Flexible Fuel",,,"dealership","[PREMIUM]","Taylor","MI","[PREMIUM]",,"[]",,,"[PREMIUM]"
"7282ab67-7286-4f74-871b-0006909674d3","2026-03-05 23:08:13.488","2026-03-14 13:27:46.279","7282ab67-7286-4f74-871b-0006909674d3","[PREMIUM]","New",2026,"Lexus","TX 350","Premium","[PREMIUM]","[PREMIUM]",0,"SUV","Celestial Silver Metallic","Dark Sepia","All-wheel Drive",,,"Gasoline",,,"dealership","[PREMIUM]","Spokane","WA","[PREMIUM]",,"[]",,,"[PREMIUM]"
"faa6231f-3205-49aa-b9ea-2aff01d86623","2026-03-05 23:08:13.485","2026-03-05 23:08:13.485","faa6231f-3205-49aa-b9ea-2aff01d86623","[PREMIUM]","New",2026,"Ford","Bronco","Badlands","[PREMIUM]","[PREMIUM]",4,"SUV","OXFORD WHITE","VINYL BLACK SEATS","Four-wheel Drive",,,"Gasoline",,,"dealership","[PREMIUM]","Elma","NY","[PREMIUM]",,"[]",,,"[PREMIUM]"
"20e0924a-79d9-4bad-8f90-d22b55f50420","2026-03-05 23:08:13.472","2026-03-14 13:27:34.986","20e0924a-79d9-4bad-8f90-d22b55f50420","[PREMIUM]","New",2026,"Ford","Bronco","Outer Banks","[PREMIUM]","[PREMIUM]",3,"SUV","Wimbledon White","Trimmed Seats Black Onyx Interior","Four-wheel Drive",,,"Gasoline",,,"dealership","[PREMIUM]","Reno","NV","[PREMIUM]",,"[]",,,"[PREMIUM]"
"abcb1228-a37b-4194-a68f-a3d7e46147c6","2026-03-05 23:08:13.470","2026-03-20 13:33:17.757","abcb1228-a37b-4194-a68f-a3d7e46147c6","[PREMIUM]","New",2026,"Lexus","TX 350","Premium","[PREMIUM]","[PREMIUM]",8,"SUV","Wind Chill Pea","Black","All-wheel Drive",,,"Gasoline",,,"dealership","[PREMIUM]","Spokane","WA","[PREMIUM]",,"[]",,,"[PREMIUM]"
"3e8ad94a-4adc-4ec7-8451-1ccf7f907c14","2026-03-05 23:08:13.467","2026-03-11 07:15:15.040","3e8ad94a-4adc-4ec7-8451-1ccf7f907c14","[PREMIUM]","New",2026,"Ford","Ranger","Raptor","[PREMIUM]","[PREMIUM]",3,"Truck","Avalanche","Ebony","Four-wheel Drive",,,"Gasoline",,,"dealership","[PREMIUM]","Reno","NV","[PREMIUM]",,"[]",,,"[PREMIUM]"
"c3b5e74a-7a5c-4e87-b0b6-c6c080311de5","2026-03-05 23:08:13.439","2026-03-11 07:15:14.939","c3b5e74a-7a5c-4e87-b0b6-c6c080311de5","[PREMIUM]","New",2026,"Ford","Transit-350","XL","[PREMIUM]","[PREMIUM]",5,"Cargo Van","Oxford White","Dark Palazzo Gray","All-wheel Drive",,,"Gasoline",,,"dealership","[PREMIUM]","Randolph","OH","[PREMIUM]",,"[]",,,"[PREMIUM]"
"96babda5-7e4a-4184-91e7-d24d71469022","2026-03-05 23:08:13.333","2026-03-14 13:27:35.010","96babda5-7e4a-4184-91e7-d24d71469022","[PREMIUM]","New",2026,"Chevrolet","Silverado 1500","RST","[PREMIUM]","[PREMIUM]",,"Truck","Sterling Gray Metallic","Black","Four-wheel Drive",,,"Gasoline",,,"dealership","[PREMIUM]","Perrysburg","OH","[PREMIUM]",,"[]",,,"[PREMIUM]"
"a92e332a-864a-4eca-b02b-e0fdbdf8dec0","2026-03-05 23:08:13.285","2026-03-14 13:27:34.969","a92e332a-864a-4eca-b02b-e0fdbdf8dec0","[PREMIUM]","New",2026,"Cadillac","LYRIQ","Luxury","[PREMIUM]","[PREMIUM]",4,"SUV","Stellar Black Metallic","Black","All-wheel Drive",,,"Electric",,,"dealership","[PREMIUM]","Medina","OH","[PREMIUM]",,"[]",,,"[PREMIUM]"
"b49dfd58-e584-4922-834e-b6edd668d736","2026-03-05 23:08:13.276","2026-03-20 13:33:17.861","b49dfd58-e584-4922-834e-b6edd668d736","[PREMIUM]","New",2026,"Ford","Transit-350","Base","[PREMIUM]","[PREMIUM]",247,"Cargo Van","Oxford White","Gray","All-wheel Drive",,,"E85 Flex Fuel",,,"dealership","[PREMIUM]","Taylor","MI","[PREMIUM]",,"[]",,,"[PREMIUM]"
"4fe11f22-9ac7-4f91-a0f3-b8a87b8baabc","2026-03-05 23:08:13.256","2026-03-14 13:27:24.038","4fe11f22-9ac7-4f91-a0f3-b8a87b8baabc","[PREMIUM]","New",2026,"Lincoln","Nautilus","Premiere","[PREMIUM]","[PREMIUM]",8,"SUV","WHITE PLATINUM MET 3C","MD LT SPC GRY LINCOLN SFT TCH","All-wheel Drive",,,"Gasoline",,,"dealership","[PREMIUM]","Elmsford","NY","[PREMIUM]",,"[]",,,"[PREMIUM]"
"fa039dbe-5df7-4ec5-b930-a0f7056ab6db","2026-03-05 23:08:13.242","2026-03-17 13:33:23.167","fa039dbe-5df7-4ec5-b930-a0f7056ab6db","[PREMIUM]","New",2026,"Lexus","TX 350","Premium","[PREMIUM]","[PREMIUM]",11,"SUV","Caviar","Black","All-wheel Drive",,,"Gasoline",,,"dealership","[PREMIUM]","Raleigh","NC","[PREMIUM]",,"[]",,,"[PREMIUM]"
"f2c3632c-4a89-4ccc-a648-ed134898f802","2026-03-05 23:08:13.106","2026-03-05 23:08:13.106","f2c3632c-4a89-4ccc-a648-ed134898f802","[PREMIUM]","New",2026,"Lexus","TX 350","Premium","[PREMIUM]","[PREMIUM]",2,"SUV","Caviar","Black","All-wheel Drive",,,"Gasoline",,,"dealership","[PREMIUM]","Raleigh","NC","[PREMIUM]",,"[]",,,"[PREMIUM]"
"3078ac45-f27b-4704-afb9-6375f88712d9","2026-03-05 23:08:13.088","2026-03-20 13:32:57.154","3078ac45-f27b-4704-afb9-6375f88712d9","[PREMIUM]","New",2026,"Lincoln","Nautilus","Reserve","[PREMIUM]","[PREMIUM]",10,"SUV",,,"All-wheel Drive",,,"Gasoline",,,"dealership","[PREMIUM]","Wayne","NJ","[PREMIUM]",,"[]",,,"[PREMIUM]"
"03e375d6-557e-431b-83aa-5960ab504875","2026-03-05 23:08:13.075","2026-03-20 13:32:57.069","03e375d6-557e-431b-83aa-5960ab504875","[PREMIUM]","New",2026,"GMC","Sierra 2500","Pro","[PREMIUM]","[PREMIUM]",6,"Truck","Summit White","Jet Black","Four-wheel Drive",,,"Diesel",,,"dealership","[PREMIUM]","Mount Vernon","OH","[PREMIUM]",,"[]",,,"[PREMIUM]"
"1c1a831c-f739-40db-b4df-c9e056f0e822","2026-03-05 23:08:13.052","2026-03-20 13:33:18.031","1c1a831c-f739-40db-b4df-c9e056f0e822","[PREMIUM]","New",2026,"Mercedes-Benz","AMG GLA 35","Base","[PREMIUM]","[PREMIUM]",9,"SUV","Black","Red","All-wheel Drive",,,"Gasoline",,,"dealership","[PREMIUM]","West Chester Township","OH","[PREMIUM]",,"[]",,,"[PREMIUM]"
"d34a904b-b64a-4010-b93a-a159f1c07a67","2026-03-05 23:08:13.049","2026-03-11 07:15:03.542","d34a904b-b64a-4010-b93a-a159f1c07a67","[PREMIUM]","New",2026,"Ford","F-450","XL","[PREMIUM]","[PREMIUM]",0,"Truck","OXFORD WHITE","MEDIUM DARK SLATE VINYL","Rear-wheel Drive",,,"Diesel",,,"dealership","[PREMIUM]","Frankfort","IL","[PREMIUM]",,"[]",,,"[PREMIUM]"
"114e77f9-ef74-46d9-8fe5-2d0de7650666","2026-03-05 23:08:13.038","2026-03-14 13:27:24.070","114e77f9-ef74-46d9-8fe5-2d0de7650666","[PREMIUM]","New",2026,"Cadillac","LYRIQ","Luxury","[PREMIUM]","[PREMIUM]",4,"SUV","Stellar Black Metallic","Black","All-wheel Drive",,,"Electric",,,"dealership","[PREMIUM]","Medina","OH","[PREMIUM]",,"[]",,,"[PREMIUM]"
"02514f9d-5b88-426e-bde3-f82ca61149e4","2026-03-05 23:08:13.037","2026-03-05 23:08:13.037","02514f9d-5b88-426e-bde3-f82ca61149e4","[PREMIUM]","New",2026,"RAM","1500","Laramie","[PREMIUM]","[PREMIUM]",,"Truck","Granite Crystal Clearcoat Metallic","Black","4WD",,,"Gasoline",,,"dealership","[PREMIUM]","Elkhorn","WI","[PREMIUM]",,"[]",,,"[PREMIUM]"
"9ffd4a1e-ae4f-4a5c-8e18-c183c34c041f","2026-03-05 23:08:13.036","2026-03-14 13:27:24.019","9ffd4a1e-ae4f-4a5c-8e18-c183c34c041f","[PREMIUM]","New",2026,"Buick","Enclave","Avenir","[PREMIUM]","[PREMIUM]",5,"SUV","Cherry Red Tintcoat","Ebony","All-wheel Drive",,,"Gasoline",,,"dealership","[PREMIUM]","Matteson","IL","[PREMIUM]",,"[]",,,"[PREMIUM]"
"1de89f8a-52d2-41f9-a86c-c92ae0d36880","2026-03-05 23:08:13.035","2026-03-11 07:15:03.477","1de89f8a-52d2-41f9-a86c-c92ae0d36880","[PREMIUM]","New",2026,"Jeep","Grand Wagoneer","LIMITED ALTITUDE","[PREMIUM]","[PREMIUM]",114,"SUV","Black","Black","Four-wheel Drive",,,"Gasoline",,,"dealership","[PREMIUM]","Toledo","OH","[PREMIUM]",,"[]",,,"[PREMIUM]"
"3466943f-0931-4c80-9800-611f4e228b8b","2026-03-05 23:08:13.035","2026-03-17 13:33:09.739","3466943f-0931-4c80-9800-611f4e228b8b","[PREMIUM]","New",2026,"Lincoln","Nautilus","Premiere","[PREMIUM]","[PREMIUM]",10,"SUV","WHISPER BLUE MET CC","MD LT SPC GRY LINCOLN SFT TCH","All-wheel Drive",,,"Gasoline",,,"dealership","[PREMIUM]","Elmsford","NY","[PREMIUM]",,"[]",,,"[PREMIUM]"
"a2c301d5-d6e6-4622-8747-c65be978e728","2026-03-05 23:08:13.029","2026-03-20 13:33:17.802","a2c301d5-d6e6-4622-8747-c65be978e728","[PREMIUM]","New",2026,"Ford","F-150","XLT","[PREMIUM]","[PREMIUM]",13,"Truck","Oxford White","Black","Four-wheel Drive",,,"Gasoline",,,"dealership","[PREMIUM]","Taylor","MI","[PREMIUM]",,"[]",,,"[PREMIUM]"
"0335b0bb-dddd-4c36-b19a-935eb8a83581","2026-03-05 23:08:13.026","2026-03-05 23:08:13.026","0335b0bb-dddd-4c36-b19a-935eb8a83581","[PREMIUM]","New",2026,"Lexus","RX 350","Premium+","[PREMIUM]","[PREMIUM]",2,"SUV","Iridium","Macadamia","All-wheel Drive",,,"Gasoline",,,"dealership","[PREMIUM]","Raleigh","NC","[PREMIUM]",,"[]",,,"[PREMIUM]"
"79c0f2b4-54d5-443f-9bd2-5fb857556ffe","2026-03-05 23:08:13.022","2026-03-20 13:32:57.102","79c0f2b4-54d5-443f-9bd2-5fb857556ffe","[PREMIUM]","Used",2026,"BMW","X3","M50 xDrive","[PREMIUM]","[PREMIUM]",10275,"SUV","Brooklyn Grey Metallic","Black","All-wheel Drive",,,"Gasoline",,,"dealership","[PREMIUM]","Palm Springs","CA","[PREMIUM]",,"[]",,,"[PREMIUM]"
"5765792b-fd78-40bc-91e5-a3497d9be025","2026-03-05 23:08:13.020","2026-03-05 23:08:13.020","5765792b-fd78-40bc-91e5-a3497d9be025","[PREMIUM]","New",2026,"Ford","F-150","XLT","[PREMIUM]","[PREMIUM]",17,"Truck","Agate Black Metallic","Sport","4WD",,,"Hybrid",,,"dealership","[PREMIUM]","Delray Beach","FL","[PREMIUM]",,"[]",,,"[PREMIUM]"
"66aa785a-4847-46bb-a1f6-4d80c120fa6d","2026-03-05 23:08:13.017","2026-03-17 13:33:09.815","66aa785a-4847-46bb-a1f6-4d80c120fa6d","[PREMIUM]","New",2026,"Ford","F-150","XLT","[PREMIUM]","[PREMIUM]",14,"Truck","Carbonized Gray Metallic","Black","4WD",,,"Gasoline",,,"dealership","[PREMIUM]","Taylor","MI","[PREMIUM]",,"[]",,,"[PREMIUM]"
"8a030f05-cac2-44d3-a19f-fed9bc8a2e56","2026-03-05 23:08:13.017","2026-03-05 23:08:13.017","8a030f05-cac2-44d3-a19f-fed9bc8a2e56","[PREMIUM]","New",2026,"Lexus","RX 350h","PREMIUM+","[PREMIUM]","[PREMIUM]",1,"SUV","Cloudburst Gray","Palomino","AWD",,,"Hybrid",,,"dealership","[PREMIUM]","Merrillville","IN","[PREMIUM]",,"[]",,,"[PREMIUM]"
"2786e1cf-891e-4746-95df-d854fdcb0229","2026-03-05 23:08:13.016","2026-03-14 13:27:24.037","2786e1cf-891e-4746-95df-d854fdcb0229","[PREMIUM]","Used",2026,"BMW","Z4","M40i","[PREMIUM]","[PREMIUM]",6491,"Convertible","Skyscraper Grey Metallic","Black","Rear-wheel Drive",,,"Gasoline",,,"dealership","[PREMIUM]","Palm Springs","CA","[PREMIUM]",,"[]",,,"[PREMIUM]"
"927340af-bf7f-47d6-9201-3afc0264fa76","2026-03-05 23:08:13.016","2026-03-14 13:27:35.039","927340af-bf7f-47d6-9201-3afc0264fa76","[PREMIUM]","New",2026,"Lincoln","Nautilus","Premiere","[PREMIUM]","[PREMIUM]",10,"SUV","WHITE PLATINUM MET 3C","MD LT SPC GRY LINCOLN SFT TCH","All-wheel Drive",,,"Gasoline",,,"dealership","[PREMIUM]","Elmsford","NY","[PREMIUM]",,"[]",,,"[PREMIUM]"
"fc95d6fc-b218-4a76-8e05-a5b2d6f8359f","2026-03-05 23:08:13.014","2026-03-20 13:32:57.078","fc95d6fc-b218-4a76-8e05-a5b2d6f8359f","[PREMIUM]","New",2026,"RAM","2500","Big Horn","[PREMIUM]","[PREMIUM]",10,"Truck","Bright White Clearcoat","Black","Four-wheel Drive",,,"Diesel",,,"dealership","[PREMIUM]","Miami","FL","[PREMIUM]",,"[]",,,"[PREMIUM]"
"dc75e3e4-0a54-4dd4-9296-862125f67ec0","2026-03-05 23:08:13.013","2026-03-14 13:27:24.147","dc75e3e4-0a54-4dd4-9296-862125f67ec0","[PREMIUM]","Used",2026,"BMW","X3","M50 xDrive","[PREMIUM]","[PREMIUM]",11578,"SUV","Dark Graphite Metallic","Calm Beige","All-wheel Drive",,,"Gasoline",,,"dealership","[PREMIUM]","Palm Springs","CA","[PREMIUM]",,"[]",,,"[PREMIUM]"
"13d6970f-2c6d-46ab-b47c-24ffa4ec8777","2026-03-05 23:08:13.010","2026-03-14 13:27:34.976","13d6970f-2c6d-46ab-b47c-24ffa4ec8777","[PREMIUM]","New",2026,"BMW","i4 Gran Coupe","xDrive40","[PREMIUM]","[PREMIUM]",,"Hatchback","Alpine White","Cognac","All-wheel Drive",,,"Electric",,,"dealership","[PREMIUM]","Nashua","NH","[PREMIUM]",,"[]",,,"[PREMIUM]"
"d719dfe9-ea40-4daa-8773-c11da4be65bf","2026-03-05 23:08:13.009","2026-03-05 23:08:13.009","d719dfe9-ea40-4daa-8773-c11da4be65bf","[PREMIUM]","New",2026,"RAM","2500","Big Horn","[PREMIUM]","[PREMIUM]",10,"Truck","Diamond Black","Black","Four-wheel Drive",,,"Diesel",,,"dealership","[PREMIUM]","Miami","FL","[PREMIUM]",,"[]",,,"[PREMIUM]"
"16d7c024-9aa4-4640-8d8e-3de9cb78e8b5","2026-03-05 23:08:12.990","2026-03-14 13:27:24.046","16d7c024-9aa4-4640-8d8e-3de9cb78e8b5","[PREMIUM]","New",2026,"Mercedes-Benz","GLC 300","4MATIC Coupe","[PREMIUM]","[PREMIUM]",5,"SUV","Black","AMG Power Red/Black","All-wheel Drive",,,"Gasoline",,,"dealership","[PREMIUM]","Cincinnati","OH","[PREMIUM]",,"[]",,,"[PREMIUM]"
"86804dd9-bc6d-415b-a349-2d6d491270d3","2026-03-05 23:08:12.990","2026-03-20 13:32:57.275","86804dd9-bc6d-415b-a349-2d6d491270d3","[PREMIUM]","New",2026,"Jeep","Grand Wagoneer","Base","[PREMIUM]","[PREMIUM]",2,"SUV","Bright White Clearcoat","Black","Rear-wheel Drive",,,"Gasoline",,,"dealership","[PREMIUM]","Prattville","AL","[PREMIUM]",,"[]",,,"[PREMIUM]"
"0d7645ca-24ce-4b20-ae4c-b8c31bbf1bb3","2026-03-05 23:08:12.986","2026-03-20 13:32:57.101","0d7645ca-24ce-4b20-ae4c-b8c31bbf1bb3","[PREMIUM]","New",2026,"Chevrolet","Silverado 1500","LTZ","[PREMIUM]","[PREMIUM]",4,"Truck","Radiant Red Tintcoat","Jet Black","Four-wheel Drive",,,"Gasoline",,,"dealership","[PREMIUM]","Marion","OH","[PREMIUM]",,"[]",,,"[PREMIUM]"
"89de915f-faa0-4b22-b809-bef64e95da1d","2026-03-05 23:08:12.985","2026-03-20 13:32:57.239","89de915f-faa0-4b22-b809-bef64e95da1d","[PREMIUM]","New",2026,"Ford","F-150","XLT","[PREMIUM]","[PREMIUM]",16,"Truck","Avalanche","Black","Four-wheel Drive",,,"Gasoline",,,"dealership","[PREMIUM]","Taylor","MI","[PREMIUM]",,"[]",,,"[PREMIUM]"
"78cd140c-cb61-44c5-a626-01796345a1b6","2026-03-05 23:08:12.982","2026-03-05 23:08:12.982","78cd140c-cb61-44c5-a626-01796345a1b6","[PREMIUM]","New",2026,"Jeep","Wrangler","Rubicon","[PREMIUM]","[PREMIUM]",10,"SUV","41","Black","Four-wheel Drive",,,"Gasoline",,,"dealership","[PREMIUM]","Norwood","MA","[PREMIUM]",,"[]",,,"[PREMIUM]"
"0c4c6c73-b25c-4917-9c92-6628ceb6ea93","2026-03-05 23:08:12.980","2026-03-14 13:27:23.916","0c4c6c73-b25c-4917-9c92-6628ceb6ea93","[PREMIUM]","New",2026,"RAM","2500","Big Horn","[PREMIUM]","[PREMIUM]",10,"Truck","Bright White Clearcoat","Black","Four-wheel Drive",,,"Diesel",,,"dealership","[PREMIUM]","Miami","FL","[PREMIUM]",,"[]",,,"[PREMIUM]"
"f40cf7b0-6d11-455c-aee2-6d70d918ca59","2026-03-05 23:08:12.978","2026-03-05 23:08:12.978","f40cf7b0-6d11-455c-aee2-6d70d918ca59","[PREMIUM]","New",2026,"RAM","2500","Big Horn","[PREMIUM]","[PREMIUM]",10,"Truck","Granite Crystal Clearcoat Metallic","Black","Four-wheel Drive",,,"Diesel",,,"dealership","[PREMIUM]","Miami","FL","[PREMIUM]",,"[]",,,"[PREMIUM]"
"aa8e57ef-a90b-425c-8ea1-dc08730ff13f","2026-03-05 23:08:12.972","2026-03-14 13:27:24.041","aa8e57ef-a90b-425c-8ea1-dc08730ff13f","[PREMIUM]","New",2026,"RAM","1500","Laramie","[PREMIUM]","[PREMIUM]",10,"Truck","Blue Metallic","Black","Four-wheel Drive",,,"Gasoline",,,"dealership","[PREMIUM]","Bloomfield Hills","MI","[PREMIUM]",,"[]",,,"[PREMIUM]"
"4dc9fb6a-9851-4dfc-bdf2-72b3e7f8c13d","2026-03-05 23:08:12.971","2026-03-17 13:33:09.767","4dc9fb6a-9851-4dfc-bdf2-72b3e7f8c13d","[PREMIUM]","New",2026,"Ford","F-150","XLT","[PREMIUM]","[PREMIUM]",,"Truck","Carbonized Gray Metallic","Black","4WD",,,"Gasoline",,,"dealership","[PREMIUM]","Taylor","MI","[PREMIUM]",,"[]",,,"[PREMIUM]"
"b1ce5fd1-11db-456e-b50f-39e93e760a40","2026-03-05 23:08:12.969","2026-03-11 07:15:03.468","b1ce5fd1-11db-456e-b50f-39e93e760a40","[PREMIUM]","New",2026,"Mercedes-Benz","E-Class","E 350 4MATIC","[PREMIUM]","[PREMIUM]",,"Sedan","Black",,"All-wheel Drive",,,"Gasoline",,,"dealership","[PREMIUM]","New Rochelle","NY","[PREMIUM]",,"[]",,,"[PREMIUM]"
"dd8c9de2-7b8f-424c-862c-42f6b51ea57d","2026-03-05 23:08:12.968","2026-03-11 07:14:52.263","dd8c9de2-7b8f-424c-862c-42f6b51ea57d","[PREMIUM]","New",2026,"Ford","F-150","XLT","[PREMIUM]","[PREMIUM]",33,"Truck","CARBONIZED GRAY METALLIC","BLACK CLOTH 40/CON/40","Four-wheel Drive",,,"Gasoline",,,"dealership","[PREMIUM]","Denton","TX","[PREMIUM]",,"[]",,,"[PREMIUM]"
"d04360a2-7cad-41ff-ba3c-ff8aa500434a","2026-03-05 23:08:12.965","2026-03-14 13:27:24.059","d04360a2-7cad-41ff-ba3c-ff8aa500434a","[PREMIUM]","New",2026,"RAM","1500","Big Horn/Lone Star","[PREMIUM]","[PREMIUM]",12,"Truck","Hydro Blue Pearlcoat","Black","Four-wheel Drive",,,"Gasoline",,,"dealership","[PREMIUM]","Independence","IA","[PREMIUM]",,"[]",,,"[PREMIUM]"
"a10b3eea-e885-40b4-9fac-4903be2a0da2","2026-03-05 23:08:12.964","2026-03-14 13:27:23.898","a10b3eea-e885-40b4-9fac-4903be2a0da2","[PREMIUM]","New",2026,"Mercedes-Benz","Sprinter 2500",,"[PREMIUM]","[PREMIUM]",6,"Cargo Van","Arctic White","Black","Rear-wheel Drive",,,"Diesel",,,"dealership","[PREMIUM]","Orlando","FL","[PREMIUM]",,"[]",,,"[PREMIUM]"
"cfb79d0f-99d0-476a-be86-e162ccfded86","2026-03-05 23:08:12.961","2026-03-20 13:32:57.073","cfb79d0f-99d0-476a-be86-e162ccfded86","[PREMIUM]","New",2026,"INFINITI","QX60","AUTOGRAPH","[PREMIUM]","[PREMIUM]",7,"SUV","Mineral Black","Graphite","All-wheel Drive",,,"Gasoline",,,"dealership","[PREMIUM]","Lexington","KY","[PREMIUM]",,"[]",,,"[PREMIUM]"
"08108985-4b6c-4b60-8224-ce27b1b638be","2026-03-05 23:08:12.959","2026-03-20 13:32:57.070","08108985-4b6c-4b60-8224-ce27b1b638be","[PREMIUM]","New",2026,"Ford","F-350","XLT","[PREMIUM]","[PREMIUM]",137,"Truck","Oxford White","Medium Dark Slate","Four-wheel Drive",,,"Diesel",,,"dealership","[PREMIUM]","Isanti","MN","[PREMIUM]",,"[]",,,"[PREMIUM]"
"c7e9ae04-3fcc-4be2-b79c-45260248a622","2026-03-05 23:08:12.939","2026-03-05 23:08:12.939","c7e9ae04-3fcc-4be2-b79c-45260248a622","[PREMIUM]","New",2026,"Ford","Bronco","Outer Banks","[PREMIUM]","[PREMIUM]",10,"SUV","Avalanche","Black Onyx","Four-wheel Drive",,,"Gasoline",,,"dealership","[PREMIUM]","Upland","CA","[PREMIUM]",,"[]",,,"[PREMIUM]"
"628660c8-95b2-4378-b7e0-1ed7f0f1c12c","2026-03-05 23:08:01.912","2026-03-05 23:08:01.912","628660c8-95b2-4378-b7e0-1ed7f0f1c12c","[PREMIUM]","New",2026,"Chevrolet","Tahoe","LT","[PREMIUM]","[PREMIUM]",,"SUV","Black","Jet Black","4WD",,,"Gasoline",,,"dealership","[PREMIUM]","Novi","MI","[PREMIUM]",,"[]",,,"[PREMIUM]"
"c067ec0e-1915-4925-b131-fc5e2e3e1823","2026-03-05 23:08:01.413","2026-03-20 13:32:57.254","c067ec0e-1915-4925-b131-fc5e2e3e1823","[PREMIUM]","New",2026,"GMC","Acadia","Denali","[PREMIUM]","[PREMIUM]",6,"SUV","Sterling Metallic","Woodland Mahogany","Front-wheel Drive",,,"Gasoline",,,"dealership","[PREMIUM]","Fairborn","OH","[PREMIUM]",,"[]",,,"[PREMIUM]"
"ba4ce2cd-5913-441b-8182-ce42421e6eed","2026-03-05 23:08:01.405","2026-03-17 13:33:20.190","ba4ce2cd-5913-441b-8182-ce42421e6eed","[PREMIUM]","New",2026,"Volvo","XC90","B5 Plus 7-Seater","[PREMIUM]","[PREMIUM]",1,"SUV","Denim Blue Metallic","Cardamom","All-wheel Drive",,,"Gasoline",,,"dealership","[PREMIUM]","Seaside","CA","[PREMIUM]",,"[]",,,"[PREMIUM]"
"1de194dc-e7af-4902-9dc9-75da8b8228f0","2026-03-05 23:08:01.403","2026-03-11 07:14:52.242","1de194dc-e7af-4902-9dc9-75da8b8228f0","[PREMIUM]","New",2026,"Volvo","XC90","B6 Plus 7-Seater","[PREMIUM]","[PREMIUM]",1,"SUV","Crystal White Pearl","Cardamom","All-wheel Drive",,,"Gasoline",,,"dealership","[PREMIUM]","Seaside","CA","[PREMIUM]",,"[]",,,"[PREMIUM]"
"96d74039-22f6-40df-b3e0-bca45c8c61e1","2026-03-05 23:08:01.398","2026-03-05 23:08:01.398","96d74039-22f6-40df-b3e0-bca45c8c61e1","[PREMIUM]","New",2026,"Volvo","XC90","B6 Plus 7-Seater","[PREMIUM]","[PREMIUM]",1,"SUV","Denim Blue Metallic","Cardamom","All-wheel Drive",,,"Gasoline",,,"dealership","[PREMIUM]","Seaside","CA","[PREMIUM]",,"[]",,,"[PREMIUM]"
"37be5259-0871-409c-bb9a-b275396ef27a","2026-03-05 23:08:01.397","2026-03-14 13:27:24.045","37be5259-0871-409c-bb9a-b275396ef27a","[PREMIUM]","New",2026,"Ford","F-150","XLT","[PREMIUM]","[PREMIUM]",,"Truck","Iconic Silver Metallic",,"Four-wheel Drive",,,"Hybrid",,,"dealership","[PREMIUM]","Northglenn","CO","[PREMIUM]",,"[]",,,"[PREMIUM]"
"8ca65f31-d0a3-481f-b403-e03129b88a46","2026-03-05 23:08:01.397","2026-03-14 13:27:24.029","8ca65f31-d0a3-481f-b403-e03129b88a46","[PREMIUM]","New",2026,"Volvo","XC90","B5 Plus 7-Seater","[PREMIUM]","[PREMIUM]",1,"SUV","Denim Blue Metallic","Cardamom","All-wheel Drive",,,"Gasoline",,,"dealership","[PREMIUM]","Seaside","CA","[PREMIUM]",,"[]",,,"[PREMIUM]"
"62050886-18d8-4787-b1be-0324c3e1a35b","2026-03-05 23:08:01.392","2026-03-20 13:32:57.147","62050886-18d8-4787-b1be-0324c3e1a35b","[PREMIUM]","New",2026,"Toyota","Tundra","Limited","[PREMIUM]","[PREMIUM]",5,,"Ice Cap","Gray","Four-wheel Drive",,,"Gasoline",,,"dealership","[PREMIUM]","Lufkin","TX","[PREMIUM]",,"[]",,,"[PREMIUM]"
"bc89d412-4a2e-4d2d-9816-84f2b02ef82d","2026-03-05 23:08:01.388","2026-03-17 13:32:38.209","bc89d412-4a2e-4d2d-9816-84f2b02ef82d","[PREMIUM]","New",2026,"Volvo","XC60 Plug-In Hybrid","T8 Plus","[PREMIUM]","[PREMIUM]",1,"SUV","Crystal White","Cardamom","All-wheel Drive",,,"Hybrid",,,"dealership","[PREMIUM]","Seaside","CA","[PREMIUM]",,"[]",,,"[PREMIUM]"
"afcddc15-a8b8-4203-ba3b-723e9e4c2a4d","2026-03-05 23:08:01.384","2026-03-20 13:32:57.169","afcddc15-a8b8-4203-ba3b-723e9e4c2a4d","[PREMIUM]","New",2026,"Land Rover","Discovery","S","[PREMIUM]","[PREMIUM]",25,"SUV","Carpathian Grey","Light Oyster","All-wheel Drive",,,"Gasoline",,,"dealership","[PREMIUM]","Austin","TX","[PREMIUM]",,"[]",,,"[PREMIUM]"
"202d334b-590e-4cc5-9047-17345b6fad25","2026-03-05 23:08:01.371","2026-03-11 07:14:52.141","202d334b-590e-4cc5-9047-17345b6fad25","[PREMIUM]","New",2026,"Lexus","TX 350","Premium","[PREMIUM]","[PREMIUM]",1,"SUV","Wind Chill Pearl","Black","All-wheel Drive",,,"Gasoline",,,"dealership","[PREMIUM]","Mechanicsburg","PA","[PREMIUM]",,"[]",,,"[PREMIUM]"
"83cc09bc-40eb-4d09-b456-8f2ca58ab838","2026-03-05 23:08:01.366","2026-03-20 13:32:57.041","83cc09bc-40eb-4d09-b456-8f2ca58ab838","[PREMIUM]","New",2026,"Genesis","GV80","2.5T","[PREMIUM]","[PREMIUM]",5,"SUV","Vik Black","Obsidian Black","All-wheel Drive",,,"Gasoline",,,"dealership","[PREMIUM]","White Plains","NY","[PREMIUM]",,"[]",,,"[PREMIUM]"
"4821868b-b40a-4e5f-8b13-8d42f5bd5345","2026-03-05 23:08:01.357","2026-03-17 13:32:51.840","4821868b-b40a-4e5f-8b13-8d42f5bd5345","[PREMIUM]","New",2026,"Genesis","GV80","2.5T","[PREMIUM]","[PREMIUM]",5,"SUV","Makalu Gray","Obsidian Black","All-wheel Drive",,,"Gasoline",,,"dealership","[PREMIUM]","White Plains","NY","[PREMIUM]",,"[]",,,"[PREMIUM]"
"c47e3f74-010f-4b59-90e3-899cdd229b0b","2026-03-05 23:08:01.356","2026-03-20 13:32:57.375","c47e3f74-010f-4b59-90e3-899cdd229b0b","[PREMIUM]","New",2026,"Jaguar","F-PACE","P250 R-Dynamic S","[PREMIUM]","[PREMIUM]",25,"SUV","Fuji White","Siena Tan Windsor Leather Seats","All-wheel Drive",,,"Gasoline",,,"dealership","[PREMIUM]","Austin","TX","[PREMIUM]",,"[]",,,"[PREMIUM]"
"dc9e22a9-f70c-440c-a9e4-f1325677d268","2026-03-05 23:08:01.351","2026-03-20 13:32:57.357","dc9e22a9-f70c-440c-a9e4-f1325677d268","[PREMIUM]","New",2026,"Genesis","GV80","2.5T","[PREMIUM]","[PREMIUM]",5,"SUV","Green","Vanilla","All-wheel Drive",,,"Gasoline",,,"dealership","[PREMIUM]","White Plains","NY","[PREMIUM]",,"[]",,,"[PREMIUM]"
"1d9bb290-6dbb-4ecb-bb80-6a7bcedb04de","2026-03-05 23:08:01.337","2026-03-11 07:14:52.139","1d9bb290-6dbb-4ecb-bb80-6a7bcedb04de","[PREMIUM]","Used",2026,"Audi","A6","Prestige quattro S tronic","[PREMIUM]","[PREMIUM]",1528,"Sedan","Midnight Green Metallic","Black","All-wheel Drive",,,"Gasoline",,,"dealership","[PREMIUM]","Latham","NY","[PREMIUM]",,"[]",,,"[PREMIUM]"
"39cce32c-ad92-4441-b569-f429ebeec3c9","2026-03-05 23:07:27.652","2026-03-05 23:07:27.652","39cce32c-ad92-4441-b569-f429ebeec3c9","[PREMIUM]","Used",2008,"Porsche","911","911 Carrera S Cabriolet","[PREMIUM]","[PREMIUM]",36700,"Convertible","Silver","Red","Rear-wheel Drive",,,"Gasoline",,,"private","[PREMIUM]",,,"[PREMIUM]",,"[]",,,"[PREMIUM]"
"fe398683-96a2-44ba-bc6b-ff27504906b0","2026-03-05 23:07:17.117","2026-03-05 23:07:17.117","fe398683-96a2-44ba-bc6b-ff27504906b0","[PREMIUM]","Used",2017,"Chevrolet","Corvette","Z06","[PREMIUM]","[PREMIUM]",34421,"Coupe","Torch Red","Jet Black","Rear-wheel Drive",,,"Gasoline",,,"dealership","[PREMIUM]","San Antonio","TX","[PREMIUM]",,"[]",,,"[PREMIUM]"
"3b4e142f-ca58-4584-b924-b5108fb905a6","2026-03-05 23:07:06.461","2026-03-05 23:07:06.461","3b4e142f-ca58-4584-b924-b5108fb905a6","[PREMIUM]","Used",2018,"Lexus","LC 500","Base","[PREMIUM]","[PREMIUM]",61557,"Coupe","Infrared","Black","Rear-wheel Drive",,,"Gasoline",,,"dealership","[PREMIUM]","Naperville","IL","[PREMIUM]",,"[]",,,"[PREMIUM]"
"2217293f-e428-48f2-ac06-a7439316ab8f","2026-03-05 23:07:06.199","2026-03-05 23:07:06.199","2217293f-e428-48f2-ac06-a7439316ab8f","[PREMIUM]","Used",2019,"Chevrolet","Corvette","Grand Sport","[PREMIUM]","[PREMIUM]",23655,"Coupe","Watkins Glen Gray Metallic","Adrenaline Red","RWD",,,"Gasoline",,,"dealership","[PREMIUM]","Dearborn","MI","[PREMIUM]",,"[]",,,"[PREMIUM]"
"cbe1f799-d49c-41cd-9301-b952813c968b","2026-03-05 23:07:06.116","2026-03-20 13:31:35.503","cbe1f799-d49c-41cd-9301-b952813c968b","[PREMIUM]","Used",2019,"Mercedes-Benz","AMG E 63","S 4MATIC","[PREMIUM]","[PREMIUM]",53881,"Sedan","Gray","Porcelain/Black","All-wheel Drive",,,"Gasoline",,,"dealership","[PREMIUM]","Ontario","OH","[PREMIUM]",,"[]",,,"[PREMIUM]"
"caf1d195-a29b-44b5-bafb-1b87a159c5e4","2026-03-05 23:06:55.452","2026-03-14 13:26:40.243","caf1d195-a29b-44b5-bafb-1b87a159c5e4","[PREMIUM]","Used",2020,"Chevrolet","Corvette","Stingray w/2LT","[PREMIUM]","[PREMIUM]",18660,"Convertible","Rapid Blue","Jet Black","Rear-wheel Drive",,,"Gasoline",,,"dealership","[PREMIUM]","Ewing","NJ","[PREMIUM]",,"[]",,,"[PREMIUM]"
"fc6e370b-8624-4070-b525-9ef841e26c5e","2026-03-05 23:06:55.390","2026-03-05 23:06:55.390","fc6e370b-8624-4070-b525-9ef841e26c5e","[PREMIUM]","Used",2020,"Ford","F-150","Raptor","[PREMIUM]","[PREMIUM]",23925,"Truck","Black","BLACK","4WD",,,"Gas",,,"dealership","[PREMIUM]","Glen Allen","VA","[PREMIUM]",,"[]",,,"[PREMIUM]"
"5432be51-3e1f-4fd6-963c-e0cce648f873","2026-03-05 23:06:55.361","2026-03-05 23:06:55.361","5432be51-3e1f-4fd6-963c-e0cce648f873","[PREMIUM]","Used",2022,"Jeep","Wrangler Unlimited","Rubicon 392","[PREMIUM]","[PREMIUM]",15282,"SUV","Granite Crystal Metallic Clearcoat","Black","Four-wheel Drive",,,"Gasoline",,,"dealership","[PREMIUM]","Youngstown","OH","[PREMIUM]",,"[]",,,"[PREMIUM]"
"bf844a37-fc19-4edc-b414-a0165ab3593b","2026-03-05 23:06:55.351","2026-03-05 23:06:55.351","bf844a37-fc19-4edc-b414-a0165ab3593b","[PREMIUM]","Used",2021,"Toyota","Tundra","1794","[PREMIUM]","[PREMIUM]",14060,"Truck","Brown","TAN","Four-wheel Drive",,,"Gasoline",,,"dealership","[PREMIUM]","Gainesville","FL","[PREMIUM]",,"[]",,,"[PREMIUM]"
"a4bed9a1-4f5f-4897-b0e3-ca7ffaa6f65b","2026-03-05 23:06:55.325","2026-03-20 13:32:36.153","a4bed9a1-4f5f-4897-b0e3-ca7ffaa6f65b","[PREMIUM]","Used",2021,"Chevrolet","Corvette","Stingray w/2LT","[PREMIUM]","[PREMIUM]",12383,"Coupe","Arctic White","Sky Cool Gray","Rear-wheel Drive",,,"Gasoline",,,"dealership","[PREMIUM]","Palm Springs","CA","[PREMIUM]",,"[]",,,"[PREMIUM]"
"d708fa66-1d52-48da-8f57-100119c72b6f","2026-03-05 23:06:44.609","2026-03-11 07:13:46.138","d708fa66-1d52-48da-8f57-100119c72b6f","[PREMIUM]","Used",2022,"Cadillac","Escalade","Premium Luxury","[PREMIUM]","[PREMIUM]",49601,"SUV","Crystal White Tri-Coat","Brandy","Four-wheel Drive",,,"Gasoline",,,"dealership","[PREMIUM]","Bozeman","MT","[PREMIUM]",,"[]",,,"[PREMIUM]"
"967d8fe5-b52e-4a0f-a4ba-fccc801edeb5","2026-03-05 23:06:44.586","2026-03-05 23:06:44.586","967d8fe5-b52e-4a0f-a4ba-fccc801edeb5","[PREMIUM]","Used",2022,"GMC","Sierra 2500","Denali","[PREMIUM]","[PREMIUM]",8560,"Truck","Ebony Twilight Metallic","Dark Walnut/Dark Ash Grey","Four-wheel Drive",,,"Diesel",,,"dealership","[PREMIUM]","San Juan","TX","[PREMIUM]",,"[]",,,"[PREMIUM]"
"79ec9816-c8ee-4865-9e73-61b0b06f614f","2026-03-05 23:06:44.220","2026-03-11 07:14:06.980","79ec9816-c8ee-4865-9e73-61b0b06f614f","[PREMIUM]","Used",2022,"Audi","RS 5","TFSI quattro Tiptronic","[PREMIUM]","[PREMIUM]",46158,"Hatchback","Nardo Gray","Black w/Crescendo Red Stitching","All-wheel Drive",,,"Gasoline",,,"dealership","[PREMIUM]","Charleston","WV","[PREMIUM]",,"[]",,,"[PREMIUM]"
"48e1bc2d-e1d2-41d3-b0c8-0d6318ce211d","2026-03-05 23:06:44.196","2026-03-14 13:26:40.053","48e1bc2d-e1d2-41d3-b0c8-0d6318ce211d","[PREMIUM]","Used",2022,"RAM","2500","Laramie Crew Cab 4x4 6&#39;4&#39; Box","[PREMIUM]","[PREMIUM]",25527,"Truck","Bright White Clearcoat","Black","Four-wheel Drive",,,"Diesel",,,"dealership","[PREMIUM]","Roseville","CA","[PREMIUM]",,"[]",,,"[PREMIUM]"
"69b2f5ac-c3d8-4d93-9ea0-0c13d74dc041","2026-03-05 23:06:44.140","2026-03-14 13:26:40.030","69b2f5ac-c3d8-4d93-9ea0-0c13d74dc041","[PREMIUM]","Used",2022,"BMW","750","i xDrive","[PREMIUM]","[PREMIUM]",29669,"Sedan","Mineral White Metallic","Cognac","All-wheel Drive",,,"Gasoline",,,"dealership","[PREMIUM]","Seaside","CA","[PREMIUM]",,"[]",,,"[PREMIUM]"
"81f9edb9-c85a-47a6-9cc4-ef49c2e7b7a2","2026-03-05 23:06:44.139","2026-03-20 13:31:14.595","81f9edb9-c85a-47a6-9cc4-ef49c2e7b7a2","[PREMIUM]","Used",2023,"Dodge","Challenger","SRT Hellcat","[PREMIUM]","[PREMIUM]",12121,"Coupe","Frostbite","Black","Rear-wheel Drive",,,"Gasoline",,,"dealership","[PREMIUM]","Fallston","MD","[PREMIUM]",,"[]",,,"[PREMIUM]"
"e846b191-c928-46d9-a1f6-79201e2b97ec","2026-03-05 23:06:44.137","2026-03-11 07:14:07.025","e846b191-c928-46d9-a1f6-79201e2b97ec","[PREMIUM]","Used",2022,"GMC","Sierra 2500","Denali","[PREMIUM]","[PREMIUM]",51223,"Truck","Ebony Twilight Metallic","Jet Black","Four-wheel Drive",,,"Gasoline",,,"dealership","[PREMIUM]","Kalispell","MT","[PREMIUM]",,"[]",,,"[PREMIUM]"
"df2ae117-bc14-4bb1-b92f-b897783c5953","2026-03-05 23:06:44.122","2026-03-17 13:31:26.283","df2ae117-bc14-4bb1-b92f-b897783c5953","[PREMIUM]","Used",2022,"Chevrolet","Suburban","Z71","[PREMIUM]","[PREMIUM]",34538,"SUV","Gray","BLACK","Four-wheel Drive",,,"Gasoline",,,"dealership","[PREMIUM]","Las Vegas","NV","[PREMIUM]",,"[]",,,"[PREMIUM]"
"ee50ffd4-aa7c-40f7-903d-e9e4f8608d0d","2026-03-05 23:06:44.115","2026-03-05 23:06:44.115","ee50ffd4-aa7c-40f7-903d-e9e4f8608d0d","[PREMIUM]","Used",2022,"Mercedes-Benz","GLS 450","4MATIC","[PREMIUM]","[PREMIUM]",10147,"SUV","Manufaktur Diam",,"All-wheel Drive",,,"Gasoline",,,"dealership","[PREMIUM]","Naples","FL","[PREMIUM]",,"[]",,,"[PREMIUM]"
"1e7a200b-b058-46ef-9528-a8e836f7ad16","2026-03-05 23:06:44.109","2026-03-20 13:31:35.443","1e7a200b-b058-46ef-9528-a8e836f7ad16","[PREMIUM]","Used",2022,"Cadillac","Escalade ESV","Premium Luxury Platinum","[PREMIUM]","[PREMIUM]",72729,"SUV","Wilder Metallic","Whisper Beige","Four-wheel Drive",,,"Gasoline",,,"dealership","[PREMIUM]","Columbus","OH","[PREMIUM]",,"[]",,,"[PREMIUM]"
"47e5b244-41c0-4ce6-ade3-327b7d142315","2026-03-05 23:06:44.102","2026-03-14 13:26:28.683","47e5b244-41c0-4ce6-ade3-327b7d142315","[PREMIUM]","Used",2022,"Mercedes-Benz","S-Class","4MATIC","[PREMIUM]","[PREMIUM]",40642,"Sedan","Nautical Blue Metallic","Beige","All-wheel Drive",,,"Gasoline",,,"dealership","[PREMIUM]","St George","UT","[PREMIUM]",,"[]",,,"[PREMIUM]"
"a79fb5e1-78b8-4e57-bd83-14cbf63b11c6","2026-03-05 23:06:44.088","2026-03-05 23:06:44.088","a79fb5e1-78b8-4e57-bd83-14cbf63b11c6","[PREMIUM]","Used",2022,"Land Rover","Range Rover","P525 Westminster","[PREMIUM]","[PREMIUM]",36281,"SUV","Santorini Black Metallic","Ebony/Ebony/Ebony/Ebony","Four-wheel Drive",,,"Gasoline",,,"dealership","[PREMIUM]","Davie","FL","[PREMIUM]",,"[]",,,"[PREMIUM]"
"d30b4c5e-7a3d-4cc8-8132-cbdb84f13f49","2026-03-05 23:06:44.088","2026-03-05 23:06:44.088","d30b4c5e-7a3d-4cc8-8132-cbdb84f13f49","[PREMIUM]","Used",2022,"BMW","M850 Gran Coupe","xDrive","[PREMIUM]","[PREMIUM]",13738,"Sedan","Alpine White","Ivory White/Night Blue","All-wheel Drive",,,"Gasoline",,,"dealership","[PREMIUM]","Dublin","OH","[PREMIUM]",,"[]",,,"[PREMIUM]"
"bc07e4d1-edae-45cc-beb7-977c712ac2e6","2026-03-05 23:06:44.080","2026-03-05 23:06:44.080","bc07e4d1-edae-45cc-beb7-977c712ac2e6","[PREMIUM]","Used",2022,"GMC","Yukon","Denali","[PREMIUM]","[PREMIUM]",18056,"SUV","Pearl Beige Metallic","Teak/Light Shale","Four-wheel Drive",,,"Gasoline",,,"dealership","[PREMIUM]","Abilene","TX","[PREMIUM]",,"[]",,,"[PREMIUM]"
"e723507b-3236-436e-a7aa-dcc5a36d87a5","2026-03-05 23:06:33.491","2026-03-05 23:06:33.491","e723507b-3236-436e-a7aa-dcc5a36d87a5","[PREMIUM]","Used",2023,"Porsche","Cayenne","Platinum Coupe","[PREMIUM]","[PREMIUM]",27526,"SUV","White","BLACK","Four-wheel Drive",,,"Gasoline",,,"dealership","[PREMIUM]","Lynnwood","WA","[PREMIUM]",,"[]",,,"[PREMIUM]"
"8621b89c-bab2-4feb-9233-cfa9a964cd48","2026-03-05 23:06:33.025","2026-03-20 13:31:35.549","8621b89c-bab2-4feb-9233-cfa9a964cd48","[PREMIUM]","Used",2024,"RAM","2500","Laramie Crew Cab 4x4 6&#39;4&#39; Box","[PREMIUM]","[PREMIUM]",4736,"Truck","Billet Silver Metallic Clearcoat","Black","Four-wheel Drive",,,"Diesel",,,"dealership","[PREMIUM]","Baytown","TX","[PREMIUM]",,"[]",,,"[PREMIUM]"
"24b82815-2733-4101-8636-6158eb743d64","2026-03-05 23:06:33.018","2026-03-11 07:13:35.280","24b82815-2733-4101-8636-6158eb743d64","[PREMIUM]","Used",2024,"Chevrolet","Corvette","Stingray w/1LT","[PREMIUM]","[PREMIUM]",18407,"Coupe","Green","Sky Cool Gray","Rear-wheel Drive",,,"Gasoline",,,"dealership","[PREMIUM]","North Brunswick","NJ","[PREMIUM]",,"[]",,,"[PREMIUM]"
"95b8e555-74e9-450a-81c7-51fe3a62b71a","2026-03-05 23:06:32.999","2026-03-05 23:06:32.999","95b8e555-74e9-450a-81c7-51fe3a62b71a","[PREMIUM]","Used",2024,"BMW","M2",,"[PREMIUM]","[PREMIUM]",28777,"Coupe","Blue","BLACK","Rear-wheel Drive",,,"Gasoline",,,"dealership","[PREMIUM]","Irving","TX","[PREMIUM]",,"[]",,,"[PREMIUM]"
"19be0cf8-2afd-4d82-90fa-f8e8a8a4895a","2026-03-05 23:06:32.998","2026-03-20 13:31:24.899","19be0cf8-2afd-4d82-90fa-f8e8a8a4895a","[PREMIUM]","Used",2023,"Land Rover","Defender","110 X","[PREMIUM]","[PREMIUM]",47591,"SUV","Silicon Silver Premium Metallic","Ebony","All-wheel Drive",,,"Gasoline",,,"dealership","[PREMIUM]","Denver","CO","[PREMIUM]",,"[]",,,"[PREMIUM]"
"aad55d78-62f6-4901-a01b-59cce7ade9f8","2026-03-05 23:06:32.997","2026-03-11 07:13:46.588","aad55d78-62f6-4901-a01b-59cce7ade9f8","[PREMIUM]","Used",2023,"BMW","X5","M50i","[PREMIUM]","[PREMIUM]",24410,"SUV","Black Sapphire Metallic","Tartufo","All-wheel Drive",,,"Gasoline",,,"dealership","[PREMIUM]","Dublin","OH","[PREMIUM]",,"[]",,,"[PREMIUM]"
"301aed12-0671-4c66-a4d9-438b37332641","2026-03-05 23:06:32.986","2026-03-11 07:13:35.343","301aed12-0671-4c66-a4d9-438b37332641","[PREMIUM]","Used",2023,"Land Rover","Defender","X-DYNAMIC SE","[PREMIUM]","[PREMIUM]",30336,"SUV","Santorini Black Metallic","Ebony","All-wheel Drive",,,"Gasoline",,,"dealership","[PREMIUM]","Austin","TX","[PREMIUM]",,"[]",,,"[PREMIUM]"
"212fdbe8-edbd-4856-b447-f905971c1948","2026-03-05 23:06:32.982","2026-03-05 23:06:32.982","212fdbe8-edbd-4856-b447-f905971c1948","[PREMIUM]","Used",2023,"GMC","Yukon","Denali","[PREMIUM]","[PREMIUM]",31748,"SUV",,,"Four-wheel Drive",,,"Gasoline",,,"dealership","[PREMIUM]","Marysville","WA","[PREMIUM]",,"[]",,,"[PREMIUM]"
"b8339f0c-cb65-4ae1-8754-9100a331791d","2026-03-05 23:06:32.975","2026-03-05 23:06:32.975","b8339f0c-cb65-4ae1-8754-9100a331791d","[PREMIUM]","Used",2023,"Land Rover","Defender","110 X","[PREMIUM]","[PREMIUM]",39285,"SUV","Santorini Black","Vintage Tan","All-wheel Drive",,,"Gasoline",,,"dealership","[PREMIUM]","Austin","TX","[PREMIUM]",,"[]",,,"[PREMIUM]"
"1badf850-7957-46a9-b9e0-91d55b565628","2026-03-05 23:06:32.974","2026-03-14 13:26:28.685","1badf850-7957-46a9-b9e0-91d55b565628","[PREMIUM]","Used",2023,"Chevrolet","Tahoe","4WD High Country","[PREMIUM]","[PREMIUM]",14261,"SUV","Black","Jet Black/Mocha","Four-wheel Drive",,,"Gasoline",,,"dealership","[PREMIUM]","Westlake","OH","[PREMIUM]",,"[]",,,"[PREMIUM]"
"934cfd1e-d1f2-4782-b093-f723801def32","2026-03-05 23:06:32.974","2026-03-17 13:31:07.802","934cfd1e-d1f2-4782-b093-f723801def32","[PREMIUM]","Used",2024,"Mercedes-Benz","E-Class","4MATIC","[PREMIUM]","[PREMIUM]",11301,"Sedan","Polar White","Macchiato Beige/Black","All-wheel Drive",,,"Gasoline",,,"dealership","[PREMIUM]","West Chester","PA","[PREMIUM]",,"[]",,,"[PREMIUM]"
"8ecd4e83-7c67-47b1-a905-2b8a4481f21a","2026-03-05 23:06:32.973","2026-03-20 13:31:35.448","8ecd4e83-7c67-47b1-a905-2b8a4481f21a","[PREMIUM]","Used",2024,"Audi","e-tron GT","Prestige quattro","[PREMIUM]","[PREMIUM]",22695,"Sedan","Daytona Gray Pearl Effect","Santos Brown","All-wheel Drive",,,"Electric",,,"dealership","[PREMIUM]","Torrance","CA","[PREMIUM]",,"[]",,,"[PREMIUM]"
"a5e0bec4-ab3b-4128-83d1-58f16bf79b26","2026-03-05 23:06:32.968","2026-03-05 23:06:32.968","a5e0bec4-ab3b-4128-83d1-58f16bf79b26","[PREMIUM]","Used",2023,"Toyota","4Runner","TRD Pro","[PREMIUM]","[PREMIUM]",11839,"SUV","White","BLACK","Four-wheel Drive",,,"Gasoline",,,"dealership","[PREMIUM]","Fremont","CA","[PREMIUM]",,"[]",,,"[PREMIUM]"
"dba91568-ee22-405f-a054-21749e1b8a6e","2026-03-05 23:06:32.967","2026-03-05 23:06:32.967","dba91568-ee22-405f-a054-21749e1b8a6e","[PREMIUM]","Used",2023,"Land Rover","Defender","X-Dynamic SE","[PREMIUM]","[PREMIUM]",21551,"SUV","Santorini Black","Ebony","Four-wheel Drive",,,"Gasoline",,,"dealership","[PREMIUM]","Seaside","CA","[PREMIUM]",,"[]",,,"[PREMIUM]"
"e4719620-c3cf-4ac0-983a-2dde4aacb73b","2026-03-05 23:06:32.964","2026-03-05 23:06:32.964","e4719620-c3cf-4ac0-983a-2dde4aacb73b","[PREMIUM]","Used",2023,"Chevrolet","Tahoe","4WD Z71","[PREMIUM]","[PREMIUM]",25821,"SUV","Black","Jet Black","Four-wheel Drive",,,"Gasoline",,,"dealership","[PREMIUM]","Lexington","KY","[PREMIUM]",,"[]",,,"[PREMIUM]"
"183993e6-e59a-4e6a-9586-2c97039a296b","2026-03-05 23:06:32.963","2026-03-14 13:26:28.667","183993e6-e59a-4e6a-9586-2c97039a296b","[PREMIUM]","Used",2023,"Cadillac","Escalade","Sport","[PREMIUM]","[PREMIUM]",77214,"SUV","Black Raven","Jet Black","Four-wheel Drive",,,"Gasoline",,,"dealership","[PREMIUM]","Bohemia","NY","[PREMIUM]",,"[]",,,"[PREMIUM]"
"af595338-7b49-4937-908a-6a5b7469a5e5","2026-03-05 23:06:32.962","2026-03-14 13:26:07.807","af595338-7b49-4937-908a-6a5b7469a5e5","[PREMIUM]","Used",2024,"Lexus","RX 350h","Luxury","[PREMIUM]","[PREMIUM]",16720,"SUV","Nightfall Mica","Black w/Black Open Pore","All-wheel Drive",,,"Gasoline",,,"dealership","[PREMIUM]","Brook Park","OH","[PREMIUM]",,"[]",,,"[PREMIUM]"
"7279750a-fd0e-4744-b860-871e150cb206","2026-03-05 23:06:32.957","2026-03-14 13:25:57.741","7279750a-fd0e-4744-b860-871e150cb206","[PREMIUM]","Used",2024,"Lexus","RX 500h","F SPORT Performance","[PREMIUM]","[PREMIUM]",24060,"SUV","Ultra White","Graphite","All-wheel Drive",,,"Gasoline",,,"dealership","[PREMIUM]","Katy","TX","[PREMIUM]",,"[]",,,"[PREMIUM]"
"1e46e3b5-03e3-40cb-9ec0-161da17800c8","2026-03-05 23:06:32.947","2026-03-14 13:25:57.679","1e46e3b5-03e3-40cb-9ec0-161da17800c8","[PREMIUM]","Used",2023,"GMC","Yukon","AT4","[PREMIUM]","[PREMIUM]",51250,"SUV","Onyx Black","Jet Black","Four-wheel Drive",,,"Gasoline",,,"dealership","[PREMIUM]","Conway","AR","[PREMIUM]",,"[]",,,"[PREMIUM]"
"3333c8e3-731e-4026-aaf5-1658eb23e03f","2026-03-05 23:06:32.932","2026-03-05 23:06:32.932","3333c8e3-731e-4026-aaf5-1658eb23e03f","[PREMIUM]","Used",2023,"Chevrolet","Corvette","Stingray 2LT","[PREMIUM]","[PREMIUM]",11408,"Coupe","White","BLACK","Rear-wheel Drive",,,"Gasoline",,,"dealership","[PREMIUM]","Virginia Beach","VA","[PREMIUM]",,"[]",,,"[PREMIUM]"
"7104eb28-69d1-4ea0-8f05-17c8c8200595","2026-03-05 23:06:32.911","2026-03-05 23:06:32.911","7104eb28-69d1-4ea0-8f05-17c8c8200595","[PREMIUM]","Used",2023,"Lincoln","Navigator","Reserve","[PREMIUM]","[PREMIUM]",25395,"SUV","Ocean Drive Blue Metallic Tinted Clearcoat","Sandstone","Four-wheel Drive",,,"Gasoline",,,"dealership","[PREMIUM]","Denver","CO","[PREMIUM]",,"[]",,,"[PREMIUM]"
"d3ce09a1-3a7e-4a7b-ae5c-3c707afde36b","2026-03-05 23:06:22.565","2026-03-05 23:06:22.565","d3ce09a1-3a7e-4a7b-ae5c-3c707afde36b","[PREMIUM]","Used",2024,"Chevrolet","Tahoe","4WD Z71","[PREMIUM]","[PREMIUM]",46802,"SUV","Sterling Gray Metallic","Jet Black","Four-wheel Drive",,,"Gasoline",,,"dealership","[PREMIUM]","Birmingham","AL","[PREMIUM]",,"[]",,,"[PREMIUM]"
"c5e83a2f-183c-4a7b-8f29-2f6c42a164ff","2026-03-05 23:06:22.435","2026-03-14 13:25:57.659","c5e83a2f-183c-4a7b-8f29-2f6c42a164ff","[PREMIUM]","Used",2024,"Chevrolet","Silverado 2500","LTZ","[PREMIUM]","[PREMIUM]",30192,"Truck","Summit White","Jet Black","Four-wheel Drive",,,"Gasoline",,,"dealership","[PREMIUM]","Summerville","SC","[PREMIUM]",,"[]",,,"[PREMIUM]"
"9f342df8-185b-4b29-91bc-46d43d733c38","2026-03-05 23:06:22.167","2026-03-05 23:06:22.167","9f342df8-185b-4b29-91bc-46d43d733c38","[PREMIUM]","Used",2024,"Lexus","RX 350h","Luxury","[PREMIUM]","[PREMIUM]",4026,"SUV","Caviar","Macadamia w/Ash Bamboo","All-wheel Drive",,,"Gasoline",,,"dealership","[PREMIUM]","Palatine","IL","[PREMIUM]",,"[]",,,"[PREMIUM]"
"bbda8bf8-5bae-41b4-88c8-f2df3005015a","2026-03-05 23:06:22.125","2026-03-05 23:06:22.125","bbda8bf8-5bae-41b4-88c8-f2df3005015a","[PREMIUM]","Used",2024,"Chevrolet","Suburban","RST","[PREMIUM]","[PREMIUM]",29085,"SUV","Black","Jet Black","4WD",,,"Gasoline",,,"dealership","[PREMIUM]","Danbury","CT","[PREMIUM]",,"[]",,,"[PREMIUM]"
"9710c7bf-e5cf-44b1-ab3d-03a88e2fa5cb","2026-03-05 23:06:22.124","2026-03-05 23:06:22.124","9710c7bf-e5cf-44b1-ab3d-03a88e2fa5cb","[PREMIUM]","Used",2024,"Jeep","Wagoneer","Series II Carbide","[PREMIUM]","[PREMIUM]",9706,"SUV","White","BLACK","Rear-wheel Drive",,,"Gasoline",,,"dealership","[PREMIUM]","Naples","FL","[PREMIUM]",,"[]",,,"[PREMIUM]"
"96d4cc69-5452-45ff-a671-aacf0d3fbe85","2026-03-05 23:06:22.123","2026-03-05 23:06:22.123","96d4cc69-5452-45ff-a671-aacf0d3fbe85","[PREMIUM]","Used",2024,"BMW","M440","i xDrive","[PREMIUM]","[PREMIUM]",31577,"Convertible","Alpine White","Black","All-wheel Drive",,,"Gasoline",,,"dealership","[PREMIUM]","Rochester","NY","[PREMIUM]",,"[]",,,"[PREMIUM]"
"965fc0a7-0f43-4f68-af7c-b8e2d5d93ddd","2026-03-05 23:06:22.117","2026-03-20 13:31:14.547","965fc0a7-0f43-4f68-af7c-b8e2d5d93ddd","[PREMIUM]","Used",2024,"Genesis","GV80","3.5T","[PREMIUM]","[PREMIUM]",12099,"SUV","Savile Silver","Black","All-wheel Drive",,,"Gasoline",,,"dealership","[PREMIUM]","SCHAUMBURG","IL","[PREMIUM]",,"[]",,,"[PREMIUM]"
"f933c8b9-d5de-476f-8ef2-0a38a44d58b7","2026-03-05 23:06:22.117","2026-03-11 07:13:24.832","f933c8b9-d5de-476f-8ef2-0a38a44d58b7","[PREMIUM]","Used",2025,"Porsche","Macan",,"[PREMIUM]","[PREMIUM]",6142,"SUV","Silver Metallic","Black","All-wheel Drive",,,"Gasoline",,,"dealership","[PREMIUM]","San Francisco","CA","[PREMIUM]",,"[]",,,"[PREMIUM]"
"e48ba38a-d544-492a-8a30-484aa839b2d3","2026-03-05 23:06:22.106","2026-03-20 13:31:04.063","e48ba38a-d544-492a-8a30-484aa839b2d3","[PREMIUM]","Used",2024,"Chevrolet","Silverado 3500","LTZ","[PREMIUM]","[PREMIUM]",72725,"Truck","Sterling Gray Metallic","Gideon/Very Dark Atmosphere","Four-wheel Drive",,,"Diesel",,,"dealership","[PREMIUM]","Cartersville","GA","[PREMIUM]",,"[]",,,"[PREMIUM]"
"6336230f-4301-4fb7-98ab-ffcafdeb1019","2026-03-05 23:06:22.103","2026-03-05 23:06:22.103","6336230f-4301-4fb7-98ab-ffcafdeb1019","[PREMIUM]","Used",2024,"Audi","e-tron GT","Premium Plus quattro","[PREMIUM]","[PREMIUM]",9667,"Sedan","Mythos Black Metallic","Black","All Wheel Drive",,,"Electric",,,"dealership","[PREMIUM]","Leesport","PA","[PREMIUM]",,"[]",,,"[PREMIUM]"
"cce1fd48-8ee9-4ba6-8c15-e472eb65c220","2026-03-05 23:06:22.036","2026-03-05 23:06:22.036","cce1fd48-8ee9-4ba6-8c15-e472eb65c220","[PREMIUM]","New",2024,"Jaguar","F-PACE","P250 R-Dynamic S","[PREMIUM]","[PREMIUM]",1,"SUV","Santorini Black","Light Oyster","All-wheel Drive",,,"Gasoline",,,"dealership","[PREMIUM]","Seaside","CA","[PREMIUM]",,"[]",,,"[PREMIUM]"
"efd597ef-c5dd-4aa3-81d0-cdf824414e02","2026-03-05 23:06:22.011","2026-03-05 23:06:22.011","efd597ef-c5dd-4aa3-81d0-cdf824414e02","[PREMIUM]","New",2024,"Cadillac","CT5","Premium Luxury","[PREMIUM]","[PREMIUM]",0,"Sedan","Black Raven","Jet Black w/Jet Black Accents","All-wheel Drive",,,"Gasoline",,,"dealership","[PREMIUM]","Walnut Creek","CA","[PREMIUM]",,"[]",,,"[PREMIUM]"
"794ea681-87ed-414a-b74e-eef33e71f1bf","2026-03-05 23:06:21.939","2026-03-14 13:25:57.945","794ea681-87ed-414a-b74e-eef33e71f1bf","[PREMIUM]","New",2024,"Land Rover","Range Rover Velar","Dynamic SE","[PREMIUM]","[PREMIUM]",1,"SUV","Varesine Blue","Ebony","All-wheel Drive",,,"Gasoline",,,"dealership","[PREMIUM]","Seaside","CA","[PREMIUM]",,"[]",,,"[PREMIUM]"
"ff50fc1d-b361-4374-bd25-df58951cf136","2026-03-05 23:06:21.934","2026-03-20 13:31:35.457","ff50fc1d-b361-4374-bd25-df58951cf136","[PREMIUM]","Used",2024,"Chevrolet","Tahoe","RST","[PREMIUM]","[PREMIUM]",19032,"SUV","White","BLACK","Four-wheel Drive",,,"Gasoline",,,"dealership","[PREMIUM]","Akron","OH","[PREMIUM]",,"[]",,,"[PREMIUM]"
"503a9717-2654-4550-a840-b284c5bb338d","2026-03-05 23:06:21.907","2026-03-11 07:13:24.777","503a9717-2654-4550-a840-b284c5bb338d","[PREMIUM]","Used",2024,"BMW","X7","xDrive40i","[PREMIUM]","[PREMIUM]",34771,"SUV","Carbon Black Metallic","Cognac","All-wheel Drive",,,"Gasoline",,,"dealership","[PREMIUM]","Grand Rapids","MI","[PREMIUM]",,"[]",,,"[PREMIUM]"
"2b50b1be-5559-4741-97ef-459bde446d11","2026-03-05 23:06:21.906","2026-03-11 07:13:24.742","2b50b1be-5559-4741-97ef-459bde446d11","[PREMIUM]","Used",2025,"Chevrolet","Silverado 2500","LTZ","[PREMIUM]","[PREMIUM]",16306,"Truck","Sterling Gray Metallic","Gideon/Very Dark Atmosphere","Four-wheel Drive",,,"Diesel",,,"dealership","[PREMIUM]","Dayton","OH","[PREMIUM]",,"[]",,,"[PREMIUM]"
"b77d7758-e4b9-4c98-b1d7-76551e1e8ce5","2026-03-05 23:06:21.901","2026-03-17 13:30:44.946","b77d7758-e4b9-4c98-b1d7-76551e1e8ce5","[PREMIUM]","Used",2024,"Chevrolet","Silverado 1500","ZR2","[PREMIUM]","[PREMIUM]",4542,"Truck","Glacier Blue Metallic","Jet Black","Four-wheel Drive",,,"Gasoline",,,"dealership","[PREMIUM]","Columbus","OH","[PREMIUM]",,"[]",,,"[PREMIUM]"
"6387949e-eaac-4102-adbb-6618c3dd814a","2026-03-05 23:06:21.891","2026-03-17 13:30:44.916","6387949e-eaac-4102-adbb-6618c3dd814a","[PREMIUM]","Used",2024,"Mercedes-Benz","EQS 450+","Base","[PREMIUM]","[PREMIUM]",15693,"SUV","Obsidian Black","Black","Rear-wheel Drive",,,"Electric",,,"dealership","[PREMIUM]","West Covina","CA","[PREMIUM]",,"[]",,,"[PREMIUM]"
"8a9984ef-271d-453f-857e-d6f8ac8a2bc5","2026-03-05 23:06:21.881","2026-03-05 23:06:21.881","8a9984ef-271d-453f-857e-d6f8ac8a2bc5","[PREMIUM]","Used",2024,"Toyota","Land Cruiser",,"[PREMIUM]","[PREMIUM]",24468,"SUV","Tan","BROWN","Four-wheel Drive",,,"Hybrid",,,"dealership","[PREMIUM]","Memphis","TN","[PREMIUM]",,"[]",,,"[PREMIUM]"
"c7ffa2b8-a195-42ea-874a-80a8f063cec7","2026-03-05 23:06:21.881","2026-03-14 13:25:57.680","c7ffa2b8-a195-42ea-874a-80a8f063cec7","[PREMIUM]","Used",2025,"Chevrolet","Silverado 2500","LT","[PREMIUM]","[PREMIUM]",18221,"Truck","Summit White","Jet Black","Four-wheel Drive",,,"Gasoline",,,"dealership","[PREMIUM]","Albuquerque","NM","[PREMIUM]",,"[]",,,"[PREMIUM]"
"59900e79-7736-461e-a186-836b2406209c","2026-03-05 23:06:11.153","2026-03-05 23:06:11.153","59900e79-7736-461e-a186-836b2406209c","[PREMIUM]","Used",2025,"Toyota","Tundra","1794 Edition","[PREMIUM]","[PREMIUM]",4806,"Truck","Blueprint","Saddle Tan","Four-wheel Drive",,,"Gasoline",,,"dealership","[PREMIUM]","Newport News","VA","[PREMIUM]",,"[]",,,"[PREMIUM]"
"f106604e-c334-4e9d-9e60-369ffa5c1f57","2026-03-05 23:06:11.129","2026-03-11 07:13:24.760","f106604e-c334-4e9d-9e60-369ffa5c1f57","[PREMIUM]","Used",2025,"Chevrolet","Silverado 1500","ZR2","[PREMIUM]","[PREMIUM]",10575,"Truck","Slate Gray Metallic","Jet Black","Four-wheel Drive",,,"Diesel",,,"dealership","[PREMIUM]","Charlotte","NC","[PREMIUM]",,"[]",,,"[PREMIUM]"
"04eded26-c502-4cc6-81d6-c807982bf03d","2026-03-05 23:06:00.914","2026-03-05 23:06:00.914","04eded26-c502-4cc6-81d6-c807982bf03d","[PREMIUM]","Used",2025,"Porsche","Macan","Base","[PREMIUM]","[PREMIUM]",13279,"SUV","Black","Black/Mojave Beige","All-wheel Drive",,,"Gasoline",,,"dealership","[PREMIUM]","Dublin","OH","[PREMIUM]",,"[]",,,"[PREMIUM]"
"770a9024-b362-4a16-aad3-e3138da280f2","2026-03-05 23:06:00.862","2026-03-17 13:30:44.893","770a9024-b362-4a16-aad3-e3138da280f2","[PREMIUM]","Used",2025,"Porsche","Macan",,"[PREMIUM]","[PREMIUM]",7759,"SUV","Dolomite","Black","All-wheel Drive",,,"Gasoline",,,"dealership","[PREMIUM]","San Diego","CA","[PREMIUM]",,"[]",,,"[PREMIUM]"
"895d2b35-d213-4df4-a690-2b93eb49c2d8","2026-03-05 23:06:00.714","2026-03-11 07:13:13.469","895d2b35-d213-4df4-a690-2b93eb49c2d8","[PREMIUM]","Used",2025,"Ford","F-150","Lariat","[PREMIUM]","[PREMIUM]",10129,"Truck","CARBONIZED GREY METALLIC","BLACK INT W/BLACK ACTIVE X","Four-wheel Drive",,,"Gasoline",,,"dealership","[PREMIUM]","Manassas","VA","[PREMIUM]",,"[]",,,"[PREMIUM]"
"bb56f6f9-c362-4703-b58f-e3ce02f4e597","2026-03-05 23:06:00.709","2026-03-20 13:31:03.843","bb56f6f9-c362-4703-b58f-e3ce02f4e597","[PREMIUM]","Used",2025,"Toyota","Sequoia","SR5","[PREMIUM]","[PREMIUM]",30562,"SUV","Celestial Silver Metallic","Black Trimmed","Four-wheel Drive",,,"Gasoline",,,"dealership","[PREMIUM]","Delaware","OH","[PREMIUM]",,"[]",,,"[PREMIUM]"
"94596f13-2e96-49b0-8734-a830cc6ddbc2","2026-03-05 23:06:00.631","2026-03-20 13:31:04.108","94596f13-2e96-49b0-8734-a830cc6ddbc2","[PREMIUM]","Used",2025,"BMW","i4 Gran Coupe","xDrive40","[PREMIUM]","[PREMIUM]",5797,"Hatchback","Cape York Green Metallic","Black","All-wheel Drive",,,"Electric",,,"dealership","[PREMIUM]","Springfield","NJ","[PREMIUM]",,"[]",,,"[PREMIUM]"
"714755b0-742a-4ed1-8576-70703acc0e6b","2026-03-05 23:06:00.598","2026-03-20 13:31:04.314","714755b0-742a-4ed1-8576-70703acc0e6b","[PREMIUM]","Used",2025,"RAM","3500","Big Horn Crew Cab 4x4 6&#39;4&#39; Box","[PREMIUM]","[PREMIUM]",10426,"Truck","Diamond Black Crystal Pearlcoat","Black","Four-wheel Drive",,,"Diesel",,,"dealership","[PREMIUM]","Peoria","AZ","[PREMIUM]",,"[]",,,"[PREMIUM]"
"4b8847f1-cf3b-4c76-bf22-db17d87817e7","2026-03-05 23:06:00.583","2026-03-20 13:31:03.869","4b8847f1-cf3b-4c76-bf22-db17d87817e7","[PREMIUM]","New",2025,"Audi","Q5","Prestige TFSI quattro S tronic","[PREMIUM]","[PREMIUM]",16,"SUV","FLORETT SILVER","BEIGE","All-wheel Drive",,,"Gasoline",,,"dealership","[PREMIUM]","Sacramento","CA","[PREMIUM]",,"[]",,,"[PREMIUM]"
"68204d67-9cdf-4aee-844a-06bf08cab67e","2026-03-05 23:06:00.512","2026-03-05 23:06:00.512","68204d67-9cdf-4aee-844a-06bf08cab67e","[PREMIUM]","New",2025,"Cadillac","XT6","Sport AWD","[PREMIUM]","[PREMIUM]",5753,"SUV","Emerald Lake Metallic","Cirrus/Jet Black Accents","All-wheel Drive",,,"Gasoline",,,"dealership","[PREMIUM]","Walnut Creek","CA","[PREMIUM]",,"[]",,,"[PREMIUM]"
"9772b350-7e35-4e9e-b53c-3ce47303546c","2026-03-05 23:06:00.508","2026-03-14 13:25:57.741","9772b350-7e35-4e9e-b53c-3ce47303546c","[PREMIUM]","Used",2025,"Chevrolet","Suburban","RST","[PREMIUM]","[PREMIUM]",22909,"SUV","Sterling Gray Metallic","Jet Black/Victory Red","Rear-wheel Drive",,,"Gasoline",,,"dealership","[PREMIUM]","Phoenix","AZ","[PREMIUM]",,"[]",,,"[PREMIUM]"
"1f6d4699-d9fa-4237-8773-bca7feacf717","2026-03-05 23:06:00.494","2026-03-11 07:13:13.340","1f6d4699-d9fa-4237-8773-bca7feacf717","[PREMIUM]","Used",2025,"Land Rover","Defender","110 P300","[PREMIUM]","[PREMIUM]",6591,"SUV","Gondwana Stone Metallic","Ebony","All-wheel Drive",,,"Gasoline",,,"dealership","[PREMIUM]","Miami","FL","[PREMIUM]",,"[]",,,"[PREMIUM]"
"ded8b038-0949-47c0-a34e-823fae7b9e6a","2026-03-05 23:06:00.489","2026-03-14 13:25:57.691","ded8b038-0949-47c0-a34e-823fae7b9e6a","[PREMIUM]","Used",2025,"Mercedes-Benz","AMG C 43","Base 4MATIC","[PREMIUM]","[PREMIUM]",4008,"Sedan","Graphite Gray Metallic","AMG Sienna Brown","All-wheel Drive",,,"Gasoline",,,"dealership","[PREMIUM]","El Cajon","CA","[PREMIUM]",,"[]",,,"[PREMIUM]"
"0e2b976b-ed88-4364-b9ca-e6c4e4a81a1c","2026-03-05 23:06:00.487","2026-03-11 07:13:13.355","0e2b976b-ed88-4364-b9ca-e6c4e4a81a1c","[PREMIUM]","Used",2025,"Ford","F-150","XLT","[PREMIUM]","[PREMIUM]",9540,"Truck","Iconic Silver Metallic","Black","Four-wheel Drive",,,"Gasoline",,,"dealership","[PREMIUM]","Rochester","NY","[PREMIUM]",,"[]",,,"[PREMIUM]"
"4ef57999-f482-4a1a-b9d8-304004c456b7","2026-03-05 23:06:00.486","2026-03-05 23:06:00.486","4ef57999-f482-4a1a-b9d8-304004c456b7","[PREMIUM]","Used",2025,"Chevrolet","Silverado 2500","LT","[PREMIUM]","[PREMIUM]",29611,"Truck","Summit White","Jet Black","Four-wheel Drive",,,"Diesel",,,"dealership","[PREMIUM]","Lebanon","TN","[PREMIUM]",,"[]",,,"[PREMIUM]"
"57c2773d-5c62-4e74-830e-b7617b7040aa","2026-03-05 23:06:00.486","2026-03-11 07:13:13.541","57c2773d-5c62-4e74-830e-b7617b7040aa","[PREMIUM]","Used",2025,"Lexus","TX 350","Premium","[PREMIUM]","[PREMIUM]",5353,"SUV","Caviar","Black","All-wheel Drive",,,"Gasoline",,,"dealership","[PREMIUM]","Bentonville","AR","[PREMIUM]",,"[]",,,"[PREMIUM]"
"2499c052-8bc5-4fc5-8f4a-6f5cf1a7a315","2026-03-05 23:06:00.485","2026-03-05 23:06:00.485","2499c052-8bc5-4fc5-8f4a-6f5cf1a7a315","[PREMIUM]","Used",2025,"Ford","F-450","XL","[PREMIUM]","[PREMIUM]",14035,"Truck","OXFORD WHITE","MEDIUM DARK SLATE VINYL","Four-wheel Drive",,,"Diesel",,,"dealership","[PREMIUM]","Charlotte","NC","[PREMIUM]",,"[]",,,"[PREMIUM]"
"0ca388b2-3a75-48ef-95b4-5958f6b6b65e","2026-03-05 23:06:00.479","2026-03-20 13:31:03.828","0ca388b2-3a75-48ef-95b4-5958f6b6b65e","[PREMIUM]","Used",2025,"BMW","X3","M50 xDrive","[PREMIUM]","[PREMIUM]",2195,"SUV","Dune Grey Metallic","Espresso Brown","All-wheel Drive",,,"Gasoline",,,"dealership","[PREMIUM]","Lynnwood","WA","[PREMIUM]",,"[]",,,"[PREMIUM]"
"9e1dc652-f6ac-4bd6-a720-bdc050c9ffeb","2026-03-05 23:06:00.478","2026-03-05 23:06:00.478","9e1dc652-f6ac-4bd6-a720-bdc050c9ffeb","[PREMIUM]","New",2025,"Ford","F-150","Lariat","[PREMIUM]","[PREMIUM]",237,"Truck","Star White Metallic Tri-Coat","Black","Four-wheel Drive",,,"Gasoline",,,"dealership","[PREMIUM]","Sanford","FL","[PREMIUM]",,"[]",,,"[PREMIUM]"
"6315cd7c-1463-45e1-bb7a-cebe77e82f7e","2026-03-05 23:05:50.094","2026-03-05 23:05:50.094","6315cd7c-1463-45e1-bb7a-cebe77e82f7e","[PREMIUM]","Used",2025,"Chevrolet","Silverado 2500","LT","[PREMIUM]","[PREMIUM]",24,"Truck","Sterling Gray Metallic","Jet Black","Four-wheel Drive",,,"Diesel",,,"dealership","[PREMIUM]","Danbury","CT","[PREMIUM]",,"[]",,,"[PREMIUM]"
"055f207a-0893-49d7-baa6-29a1dd0bb5d6","2026-03-05 23:05:49.435","2026-03-11 07:13:13.641","055f207a-0893-49d7-baa6-29a1dd0bb5d6","[PREMIUM]","Used",2025,"Ford","F-150","XLT","[PREMIUM]","[PREMIUM]",4752,"Truck","Oxford White","Black","Four-wheel Drive",,,"Gasoline",,,"dealership","[PREMIUM]","Rochester","NY","[PREMIUM]",,"[]",,,"[PREMIUM]"
"ab4a0e47-35f7-4823-bcb2-be9e5442b4c3","2026-03-05 23:05:49.371","2026-03-20 13:31:04.106","ab4a0e47-35f7-4823-bcb2-be9e5442b4c3","[PREMIUM]","Used",2025,"Mercedes-Benz","GLC 300","4MATIC Coupe","[PREMIUM]","[PREMIUM]",10719,"SUV","Gray","Red / Black","All-wheel Drive",,,"Gasoline",,,"dealership","[PREMIUM]","Coral Gables","FL","[PREMIUM]",,"[]",,,"[PREMIUM]"
"a32112fb-528b-4740-b4d5-bf7814610db8","2026-03-05 23:05:49.369","2026-03-20 13:31:03.802","a32112fb-528b-4740-b4d5-bf7814610db8","[PREMIUM]","Used",2025,"Land Rover","Discovery","P360 Dynamic SE","[PREMIUM]","[PREMIUM]",7638,"SUV","Santorini Black","Ebony","All-wheel Drive",,,"Gasoline",,,"dealership","[PREMIUM]","Austin","TX","[PREMIUM]",,"[]",,,"[PREMIUM]"
"93e92b57-2177-467c-9bf7-1bc2d853b9ef","2026-03-05 23:05:49.367","2026-03-11 07:13:13.338","93e92b57-2177-467c-9bf7-1bc2d853b9ef","[PREMIUM]","New",2025,"BMW","X3","30 xDrive","[PREMIUM]","[PREMIUM]",11656,"SUV","Tanzanite Blue II Metallic","Beige","All-wheel Drive",,,"Gasoline",,,"dealership","[PREMIUM]","Beaumont","TX","[PREMIUM]",,"[]",,,"[PREMIUM]"
"ef51cbf6-f0f5-4f02-af44-d7216f1358ca","2026-03-05 23:05:49.354","2026-03-05 23:05:49.354","ef51cbf6-f0f5-4f02-af44-d7216f1358ca","[PREMIUM]","Used",2025,"Ford","F-150","Tremor","[PREMIUM]","[PREMIUM]",9343,"Truck","SPACE WHITE METALLIC","BLACK SPORT CLOTH 40/CON/40","Four-wheel Drive",,,"Gasoline",,,"dealership","[PREMIUM]","Scottsdale","AZ","[PREMIUM]",,"[]",,,"[PREMIUM]"
"297c8706-9154-483f-bdad-29955dc1fefd","2026-03-05 23:05:49.343","2026-03-05 23:05:49.343","297c8706-9154-483f-bdad-29955dc1fefd","[PREMIUM]","New",2025,"Ford","F-150","XLT","[PREMIUM]","[PREMIUM]",,"Truck","Rapid Red Metallic Tinted Clearcoat","Black","Four-wheel Drive",,,"Gasoline",,,"dealership","[PREMIUM]","Northglenn","CO","[PREMIUM]",,"[]",,,"[PREMIUM]"
"de022f7b-4f4b-484a-bd3b-43d8a178b5d3","2026-03-05 23:05:49.331","2026-03-11 07:13:13.717","de022f7b-4f4b-484a-bd3b-43d8a178b5d3","[PREMIUM]","Used",2025,"Mercedes-Benz","GLC 350e","Base 4MATIC","[PREMIUM]","[PREMIUM]",8247,"SUV","Silver","Gray","All-wheel Drive",,,"Hybrid",,,"dealership","[PREMIUM]","Englewood","NJ","[PREMIUM]",,"[]",,,"[PREMIUM]"
"e7df42b7-0aa9-4aae-b646-3f15a6143002","2026-03-05 23:05:49.329","2026-03-11 07:13:13.335","e7df42b7-0aa9-4aae-b646-3f15a6143002","[PREMIUM]","New",2025,"Jaguar","F-PACE","P250 R-Dynamic S","[PREMIUM]","[PREMIUM]",25,"SUV","Santorini Black","Light Oyster W/ Ebony/Light Oyster","All-wheel Drive",,,"Gasoline",,,"dealership","[PREMIUM]","Austin","TX","[PREMIUM]",,"[]",,,"[PREMIUM]"
"cc4298a9-1e9f-486a-8ffb-bdcb90147251","2026-03-05 23:05:49.313","2026-03-11 07:13:13.339","cc4298a9-1e9f-486a-8ffb-bdcb90147251","[PREMIUM]","Used",2025,"Porsche","Macan",,"[PREMIUM]","[PREMIUM]",5633,"SUV","White","Black","All-wheel Drive",,,"Gasoline",,,"dealership","[PREMIUM]","Norwalk","CA","[PREMIUM]",,"[]",,,"[PREMIUM]"
"07371360-bf12-4262-8076-22186ebfe929","2026-03-05 23:05:49.312","2026-03-05 23:05:49.312","07371360-bf12-4262-8076-22186ebfe929","[PREMIUM]","Used",2025,"Ford","F-150","Lariat","[PREMIUM]","[PREMIUM]",2201,"Truck","CARBONIZED GRAY METALLIC","BLACK ACTIVE X","Four-wheel Drive",,,"Gasoline",,,"dealership","[PREMIUM]","Elizabethtown","KY","[PREMIUM]",,"[]",,,"[PREMIUM]"
"f77b17ae-af7b-410c-8bef-8224a7edffd5","2026-03-05 23:05:49.308","2026-03-11 07:13:13.354","f77b17ae-af7b-410c-8bef-8224a7edffd5","[PREMIUM]","New",2025,"Ford","F-150","STX","[PREMIUM]","[PREMIUM]",0,"Truck","Rapid Red Metallic Tinted Clearcoat","Black","Four-wheel Drive",,,"Gasoline",,,"dealership","[PREMIUM]","Princeton","WV","[PREMIUM]",,"[]",,,"[PREMIUM]"
"fae2c5c0-15d4-4334-b0c1-419babe6ec05","2026-03-05 23:05:38.412","2026-03-05 23:05:38.412","fae2c5c0-15d4-4334-b0c1-419babe6ec05","[PREMIUM]","New",2026,"Cadillac","LYRIQ","Sport","[PREMIUM]","[PREMIUM]",0,"SUV","Argent Silver Metallic","Sky Cool Gray w/Santorini Blue Accents","Rear-wheel Drive",,,"Electric",,,"dealership","[PREMIUM]","Walnut Creek","CA","[PREMIUM]",,"[]",,,"[PREMIUM]"
"16c2220d-7271-41b8-9a26-50770d482efc","2026-03-05 23:05:38.379","2026-03-05 23:05:38.379","16c2220d-7271-41b8-9a26-50770d482efc","[PREMIUM]","New",2026,"Cadillac","XT5","Premium Luxury","[PREMIUM]","[PREMIUM]",0,"SUV","Crystal White Tricoat","Cirrus w/Dark Titanium Accents","All-wheel Drive",,,"Gasoline",,,"dealership","[PREMIUM]","Walnut Creek","CA","[PREMIUM]",,"[]",,,"[PREMIUM]"
"903eab9a-077a-4e9c-8256-0406830a2244","2026-03-05 23:05:38.374","2026-03-17 13:30:33.757","903eab9a-077a-4e9c-8256-0406830a2244","[PREMIUM]","New",2026,"BMW","X3","30 xDrive","[PREMIUM]","[PREMIUM]",4,"SUV","Black Sapphire Metallic","Black","All-wheel Drive",,,"Gasoline",,,"dealership","[PREMIUM]","Dublin","OH","[PREMIUM]",,"[]",,,"[PREMIUM]"
"a5608686-3407-40e6-8ef0-fcb7c4567737","2026-03-05 23:05:38.365","2026-03-05 23:05:38.365","a5608686-3407-40e6-8ef0-fcb7c4567737","[PREMIUM]","New",2026,"Cadillac","OPTIQ","Premium Luxury","[PREMIUM]","[PREMIUM]",0,"SUV","Celestial Metallic","Sky Cool Gray with Santorini Blue Accents","Rear-wheel Drive",,,"Electric",,,"dealership","[PREMIUM]","Walnut Creek","CA","[PREMIUM]",,"[]",,,"[PREMIUM]"
"60b09ffd-acdf-4a80-a3e6-dfef98b4e438","2026-03-05 23:05:38.310","2026-03-17 13:30:33.720","60b09ffd-acdf-4a80-a3e6-dfef98b4e438","[PREMIUM]","New",2026,"BMW","X3","30 xDrive","[PREMIUM]","[PREMIUM]",0,"SUV","Skyscraper Grey Metallic","Espresso Brown","All-wheel Drive",,,"Gasoline",,,"dealership","[PREMIUM]","Dublin","OH","[PREMIUM]",,"[]",,,"[PREMIUM]"
"dee237e3-d175-4744-9cce-caa4b2b644b3","2026-03-05 23:05:38.286","2026-03-11 07:13:01.920","dee237e3-d175-4744-9cce-caa4b2b644b3","[PREMIUM]","New",2026,"Cadillac","OPTIQ","Sport","[PREMIUM]","[PREMIUM]",0,"SUV","Radiant Red Tintcoat","Noir","Rear-wheel Drive",,,"Electric",,,"dealership","[PREMIUM]","Walnut Creek","CA","[PREMIUM]",,"[]",,,"[PREMIUM]"
"0ce77187-d3dd-4b9a-9ee1-867d557cef1e","2026-03-05 23:05:38.284","2026-03-05 23:05:38.284","0ce77187-d3dd-4b9a-9ee1-867d557cef1e","[PREMIUM]","New",2026,"Ford","F-250","XL","[PREMIUM]","[PREMIUM]",0,"Truck","Oxford White","Medium Dark Slate","Four-wheel Drive",,,"Gasoline",,,"dealership","[PREMIUM]","Colusa","CA","[PREMIUM]",,"[]",,,"[PREMIUM]"
"aa3f361e-534c-431d-a1f0-888c73339aba","2026-03-05 23:05:38.284","2026-03-11 07:12:54.064","aa3f361e-534c-431d-a1f0-888c73339aba","[PREMIUM]","New",2026,"Cadillac","LYRIQ","Sport","[PREMIUM]","[PREMIUM]",0,"SUV","Argent Silver Metallic","Sky Cool Gray w/Santorini Blue Accents","Rear-wheel Drive",,,"Electric",,,"dealership","[PREMIUM]","Walnut Creek","CA","[PREMIUM]",,"[]",,,"[PREMIUM]"
"011bf38c-f3b0-442a-bb98-99ecda569807","2026-03-05 23:05:38.280","2026-03-05 23:05:38.280","011bf38c-f3b0-442a-bb98-99ecda569807","[PREMIUM]","New",2026,"Acura","MDX","A-SPEC","[PREMIUM]","[PREMIUM]",0,"SUV","Platinum White Pearl","Red","All-wheel Drive",,,"Gasoline",,,"dealership","[PREMIUM]","Fayetteville","AR","[PREMIUM]",,"[]",,,"[PREMIUM]"
"adec7588-8b1f-4c46-811a-4e81b7c2b74c","2026-03-05 23:05:38.273","2026-03-05 23:05:38.273","adec7588-8b1f-4c46-811a-4e81b7c2b74c","[PREMIUM]","New",2026,"BMW","X3","30 xDrive","[PREMIUM]","[PREMIUM]",1,"SUV","Alpine White","Black","All-wheel Drive",,,"Gasoline",,,"dealership","[PREMIUM]","Dublin","OH","[PREMIUM]",,"[]",,,"[PREMIUM]"
"51b84ef8-45f6-4808-b021-3e2543ebcde6","2026-03-05 23:05:38.270","2026-03-14 13:25:46.636","51b84ef8-45f6-4808-b021-3e2543ebcde6","[PREMIUM]","New",2026,"Cadillac","OPTIQ","Premium Sport","[PREMIUM]","[PREMIUM]",0,"SUV","Black Raven","Autumn Canyon","Rear-wheel Drive",,,"Electric",,,"dealership","[PREMIUM]","Walnut Creek","CA","[PREMIUM]",,"[]",,,"[PREMIUM]"
"db48ed91-f657-48b5-8192-2255595f4bd2","2026-03-05 23:05:38.269","2026-03-20 13:30:52.341","db48ed91-f657-48b5-8192-2255595f4bd2","[PREMIUM]","New",2026,"Cadillac","XT5","Premium Luxury","[PREMIUM]","[PREMIUM]",0,"SUV","Emerald Lake Metallic","Kona Brown Sauvage w/Jet Black Accents","Front-wheel Drive",,,"Gasoline",,,"dealership","[PREMIUM]","Denton","TX","[PREMIUM]",,"[]",,,"[PREMIUM]"
"93a82e3c-ece2-4db1-a9c1-aacfbebbfe99","2026-03-05 23:05:38.267","2026-03-05 23:05:38.267","93a82e3c-ece2-4db1-a9c1-aacfbebbfe99","[PREMIUM]","New",2026,"GMC","Sierra 1500","Elevation","[PREMIUM]","[PREMIUM]",0,"Truck","Summit White","Black","Four-wheel Drive",,,"Diesel",,,"dealership","[PREMIUM]","Concord","NH","[PREMIUM]",,"[]",,,"[PREMIUM]"
"49b7506c-ba80-41e3-9b33-0e5f6bd3b147","2026-03-05 23:05:38.245","2026-03-11 07:13:02.033","49b7506c-ba80-41e3-9b33-0e5f6bd3b147","[PREMIUM]","New",2026,"BMW","M240","i xDrive","[PREMIUM]","[PREMIUM]",0,"Coupe","0c6e","Cognac","All Wheel Drive",,,"Premium unleaded",,,"dealership","[PREMIUM]","Dublin","OH","[PREMIUM]",,"[]",,,"[PREMIUM]"
"1129059a-4a1b-41ad-80b5-18d147e0f161","2026-03-05 23:05:38.230","2026-03-05 23:05:38.230","1129059a-4a1b-41ad-80b5-18d147e0f161","[PREMIUM]","New",2026,"Lexus","RX 350","Premium+","[PREMIUM]","[PREMIUM]",0,"SUV","Cloudburst Gray","Palomino","All-wheel Drive",,,"Gasoline",,,"dealership","[PREMIUM]","Palatine","IL","[PREMIUM]",,"[]",,,"[PREMIUM]"
"b1c2909f-3132-4610-ab73-bf90d48278d0","2026-03-05 23:05:38.230","2026-03-17 13:30:44.896","b1c2909f-3132-4610-ab73-bf90d48278d0","[PREMIUM]","New",2026,"BMW","M240","i xDrive","[PREMIUM]","[PREMIUM]",0,"Coupe","0475","Tacora Red","All Wheel Drive",,,"Premium unleaded",,,"dealership","[PREMIUM]","Dublin","OH","[PREMIUM]",,"[]",,,"[PREMIUM]"
"35cb1ffc-efab-469a-90d4-64633b132424","2026-03-05 23:05:38.218","2026-03-17 13:30:34.243","35cb1ffc-efab-469a-90d4-64633b132424","[PREMIUM]","New",2026,"BMW","X3","30 xDrive","[PREMIUM]","[PREMIUM]",0,"SUV","0300","Espresso Brown","All Wheel Drive",,,"Premium unleaded",,,"dealership","[PREMIUM]","Dublin","OH","[PREMIUM]",,"[]",,,"[PREMIUM]"
"e724559f-a50a-426a-ac4d-6d6dfd2ea033","2026-03-05 23:05:38.217","2026-03-05 23:05:38.217","e724559f-a50a-426a-ac4d-6d6dfd2ea033","[PREMIUM]","New",2026,"RAM","1500","Laramie","[PREMIUM]","[PREMIUM]",52,"Truck","Canyon Lake","Black","Four-wheel Drive",,,"Gasoline",,,"dealership","[PREMIUM]","Racine","WI","[PREMIUM]",,"[]",,,"[PREMIUM]"
"ffdfd382-fb0b-4e07-8b3c-212642126ee4","2026-03-05 23:05:38.209","2026-03-11 07:13:01.910","ffdfd382-fb0b-4e07-8b3c-212642126ee4","[PREMIUM]","New",2026,"Cadillac","OPTIQ","Premium Sport","[PREMIUM]","[PREMIUM]",0,"SUV","Black Raven","Phantom Blue","Rear-wheel Drive",,,"Electric",,,"dealership","[PREMIUM]","Walnut Creek","CA","[PREMIUM]",,"[]",,,"[PREMIUM]"
"99ba4f56-b21a-4621-8ec7-fc5eae8ec24b","2026-03-05 23:05:38.152","2026-03-11 07:12:54.361","99ba4f56-b21a-4621-8ec7-fc5eae8ec24b","[PREMIUM]","New",2026,"Cadillac","LYRIQ","Sport","[PREMIUM]","[PREMIUM]",0,"SUV","Argent Silver Metallic","Sky Cool Gray w/Santorini Blue Accents","Rear-wheel Drive",,,"Electric",,,"dealership","[PREMIUM]","Walnut Creek","CA","[PREMIUM]",,"[]",,,"[PREMIUM]"
"0d0b7e17-3b86-4985-9beb-9f8d7153f336","2026-03-05 23:05:38.147","2026-03-05 23:05:38.147","0d0b7e17-3b86-4985-9beb-9f8d7153f336","[PREMIUM]","New",2026,"BMW","X3","30 xDrive","[PREMIUM]","[PREMIUM]",1,"SUV","Tanzanite Blue II Metallic","Calm Beige","All Wheel Drive",,,"Premium unleaded",,,"dealership","[PREMIUM]","Dublin","OH","[PREMIUM]",,"[]",,,"[PREMIUM]"
"127a80ff-1704-4043-bbf1-d99372c491b6","2026-03-05 23:05:38.121","2026-03-05 23:05:38.121","127a80ff-1704-4043-bbf1-d99372c491b6","[PREMIUM]","New",2026,"BMW","X3","30 xDrive","[PREMIUM]","[PREMIUM]",0,"SUV","Tanzanite Blue II Metallic","Black","All-wheel Drive",,,"Gasoline",,,"dealership","[PREMIUM]","Dublin","OH","[PREMIUM]",,"[]",,,"[PREMIUM]"
"1173f83f-ba00-495d-8214-c84cbd285123","2026-03-05 23:05:38.117","2026-03-20 13:31:03.855","1173f83f-ba00-495d-8214-c84cbd285123","[PREMIUM]","New",2026,"BMW","X3","30 xDrive","[PREMIUM]","[PREMIUM]",1,"SUV","Alpine White","Espresso Brown","All-wheel Drive",,,"Gasoline",,,"dealership","[PREMIUM]","Dublin","OH","[PREMIUM]",,"[]",,,"[PREMIUM]"
"1068d218-630c-4019-8cd1-6c717a648188","2026-03-05 23:05:38.101","2026-03-14 13:25:46.632","1068d218-630c-4019-8cd1-6c717a648188","[PREMIUM]","New",2026,"BMW","X3","30 xDrive","[PREMIUM]","[PREMIUM]",7,"SUV","Dune Grey Metallic","Black","All-wheel Drive",,,"Gasoline",,,"dealership","[PREMIUM]","Dublin","OH","[PREMIUM]",,"[]",,,"[PREMIUM]"
"89f16676-2aea-44cf-9606-094aa3e65091","2026-03-05 23:05:38.055","2026-03-20 13:30:52.381","89f16676-2aea-44cf-9606-094aa3e65091","[PREMIUM]","New",2026,"BMW","430","i xDrive","[PREMIUM]","[PREMIUM]",1,"Coupe","Portimao Blue Metallic","Black","All-wheel Drive",,,"Gasoline",,,"dealership","[PREMIUM]","Dublin","OH","[PREMIUM]",,"[]",,,"[PREMIUM]"
"eb73b558-a029-4d33-b6fc-5451fe6f63d1","2026-03-05 23:05:27.814","2026-03-05 23:05:27.814","eb73b558-a029-4d33-b6fc-5451fe6f63d1","[PREMIUM]","New",2026,"RAM","1500","Big Horn/Lone Star","[PREMIUM]","[PREMIUM]",3,"Truck","Granite Crystal Metallic Clearcoat","Black","Four-wheel Drive",,,"Gasoline",,,"dealership","[PREMIUM]","Sauk City","WI","[PREMIUM]",,"[]",,,"[PREMIUM]"
"c5e538bc-c72c-4dd8-9a48-cedbb3e13178","2026-03-05 23:05:27.676","2026-03-05 23:05:27.676","c5e538bc-c72c-4dd8-9a48-cedbb3e13178","[PREMIUM]","New",2026,"Ford","Mustang Mach-E","GT","[PREMIUM]","[PREMIUM]",7,"SUV","GLACIER GRAY MET TRI-COAT","PRFM GRAY ACTIVEX TRIMMED","All-wheel Drive",,,"Electric",,,"dealership","[PREMIUM]","Colorado Springs","CO","[PREMIUM]",,"[]",,,"[PREMIUM]"
"5e213a50-ed0d-4f2c-8e89-42d3cc3fba43","2026-03-05 23:05:27.546","2026-03-11 07:12:43.866","5e213a50-ed0d-4f2c-8e89-42d3cc3fba43","[PREMIUM]","New",2026,"RAM","1500","Laramie","[PREMIUM]","[PREMIUM]",13,"Truck","Bright White Clearcoat","Black","Four-wheel Drive",,,"Gasoline",,,"dealership","[PREMIUM]","Ellwood City","PA","[PREMIUM]",,"[]",,,"[PREMIUM]"
"706c0cf6-d698-4619-b272-89501b5d7807","2026-03-05 23:05:27.497","2026-03-11 07:12:43.533","706c0cf6-d698-4619-b272-89501b5d7807","[PREMIUM]","New",2026,"Mazda","CX-90","3.3 Turbo S Premium Plus","[PREMIUM]","[PREMIUM]",1,"SUV","Polymetal Gray Metallic","White","All-wheel Drive",,,"Gasoline",,,"dealership","[PREMIUM]","Mentor","OH","[PREMIUM]",,"[]",,,"[PREMIUM]"
"1748bd2b-2f8a-42ed-b6e3-619621e428ea","2026-03-05 23:05:27.486","2026-03-11 07:12:43.570","1748bd2b-2f8a-42ed-b6e3-619621e428ea","[PREMIUM]","New",2026,"Toyota","Tundra","Limited","[PREMIUM]","[PREMIUM]",0,"Truck","Ice Cap","Boulder","Four-wheel Drive",,,"Gasoline",,,"dealership","[PREMIUM]","Scottsdale","AZ","[PREMIUM]",,"[]",,,"[PREMIUM]"
"9e2a4c9b-69dc-42b6-a86f-d0fc97af1ce0","2026-03-05 23:05:27.473","2026-03-05 23:05:27.473","9e2a4c9b-69dc-42b6-a86f-d0fc97af1ce0","[PREMIUM]","New",2026,"Ford","F-250","XL","[PREMIUM]","[PREMIUM]",5,"Truck","Oxford White","Medium Dark Slate","Four-wheel Drive",,,"Gasoline",,,"dealership","[PREMIUM]","Sacramento","CA","[PREMIUM]",,"[]",,,"[PREMIUM]"
"3234d753-c843-4509-8c8a-8e98cce90f97","2026-03-05 23:05:27.471","2026-03-11 07:12:43.540","3234d753-c843-4509-8c8a-8e98cce90f97","[PREMIUM]","New",2026,"GMC","Sierra 1500","Elevation","[PREMIUM]","[PREMIUM]",0,"Truck","Summit White","Jet Black","Four-wheel Drive",,,"Gasoline",,,"dealership","[PREMIUM]","Tallahassee","FL","[PREMIUM]",,"[]",,,"[PREMIUM]"
"872567bd-cba6-47f6-afb9-1463f850383b","2026-03-05 23:05:27.455","2026-03-05 23:05:27.455","872567bd-cba6-47f6-afb9-1463f850383b","[PREMIUM]","New",2026,"Toyota","4Runner","Limited","[PREMIUM]","[PREMIUM]",2,"SUV","Wind Chill Pearl","Portobello","Four-wheel Drive",,,"Gasoline",,,"dealership","[PREMIUM]","Raleigh","NC","[PREMIUM]",,"[]",,,"[PREMIUM]"
"c8162b7d-e186-4aae-be7f-34adca80e723","2026-03-05 23:05:27.452","2026-03-05 23:05:27.452","c8162b7d-e186-4aae-be7f-34adca80e723","[PREMIUM]","New",2026,"RAM","1500","Laramie","[PREMIUM]","[PREMIUM]",20,"Truck","Granite Crystal Metallic Clearcoat","Black","Four-wheel Drive",,,"Gasoline",,,"dealership","[PREMIUM]","Ellwood City","PA","[PREMIUM]",,"[]",,,"[PREMIUM]"
"8d425f47-c1bb-4308-a249-36e920b85471","2026-03-05 23:05:27.429","2026-03-11 07:12:43.579","8d425f47-c1bb-4308-a249-36e920b85471","[PREMIUM]","New",2026,"Ford","Mustang Mach-E","GT","[PREMIUM]","[PREMIUM]",6,"SUV","SHADOW BLACK","PRFM GRAY ACTIVEX TRIMMED","All-wheel Drive",,,"Electric",,,"dealership","[PREMIUM]","Colorado Springs","CO","[PREMIUM]",,"[]",,,"[PREMIUM]"
"ba33eafc-8657-4577-a5c9-727e63a4c581","2026-03-05 23:05:27.368","2026-03-05 23:05:27.368","ba33eafc-8657-4577-a5c9-727e63a4c581","[PREMIUM]","New",2026,"Toyota","Tundra","Limited","[PREMIUM]","[PREMIUM]",0,"Truck","01g3","Black","Four-wheel Drive",,,"Gasoline",,,"dealership","[PREMIUM]","Scottsdale","AZ","[PREMIUM]",,"[]",,,"[PREMIUM]"
"d74ac6ec-a193-4c58-8df5-52775cb72f8c","2026-03-05 23:05:27.238","2026-03-17 13:30:33.707","d74ac6ec-a193-4c58-8df5-52775cb72f8c","[PREMIUM]","New",2026,"Toyota","Tundra","SR5","[PREMIUM]","[PREMIUM]",5,"Truck","Magnetic Gray Metallic","Boulder","Four-wheel Drive",,,"Gasoline",,,"dealership","[PREMIUM]","Gallatin","TN","[PREMIUM]",,"[]",,,"[PREMIUM]"
"b2df8bd7-e3cc-4815-a9dc-e39d10e43675","2026-03-05 23:05:27.237","2026-03-14 13:25:35.917","b2df8bd7-e3cc-4815-a9dc-e39d10e43675","[PREMIUM]","New",2026,"Chevrolet","Silverado 1500","RST","[PREMIUM]","[PREMIUM]",2,"Truck","Summit White","Jet Black","Four-wheel Drive",,,"Gasoline",,,"dealership","[PREMIUM]","Mount Hope","WV","[PREMIUM]",,"[]",,,"[PREMIUM]"
"400131bf-b99f-4b31-bac7-a1e751cf29df","2026-03-05 23:05:27.222","2026-03-11 07:12:32.653","400131bf-b99f-4b31-bac7-a1e751cf29df","[PREMIUM]","New",2026,"BMW","X3","30 xDrive","[PREMIUM]","[PREMIUM]",0,"SUV","Dune Grey Metallic","Espresso Brown","All-wheel Drive",,,"Gasoline",,,"dealership","[PREMIUM]","Baltimore","MD","[PREMIUM]",,"[]",,,"[PREMIUM]"
"5a6ca7f8-39b8-43f7-bf69-fd963a634060","2026-03-05 23:05:27.214","2026-03-14 13:25:35.827","5a6ca7f8-39b8-43f7-bf69-fd963a634060","[PREMIUM]","New",2026,"Ford","Explorer","ST","[PREMIUM]","[PREMIUM]",8,"SUV","Rapid Red Metallic Tinted Clearcoat","Onyx","Four-wheel Drive",,,"Gasoline",,,"dealership","[PREMIUM]","Huntersville","NC","[PREMIUM]",,"[]",,,"[PREMIUM]"
"26ba8d78-56f9-4d42-9173-c55fe2d7aba5","2026-03-05 23:05:27.206","2026-03-20 13:31:03.844","26ba8d78-56f9-4d42-9173-c55fe2d7aba5","[PREMIUM]","New",2026,"Ford","Explorer","ST","[PREMIUM]","[PREMIUM]",3,"SUV","White","Onyx","Four-wheel Drive",,,"Gasoline",,,"dealership","[PREMIUM]","Matteson","IL","[PREMIUM]",,"[]",,,"[PREMIUM]"
"47773ca4-242b-4318-9ffa-c122cc9bcac0","2026-03-05 23:05:27.205","2026-03-11 07:12:32.739","47773ca4-242b-4318-9ffa-c122cc9bcac0","[PREMIUM]","New",2026,"Toyota","Grand Highlander Hybrid","Platinum MAX","[PREMIUM]","[PREMIUM]",0,"SUV","Wind Chill Pearl","Portobello","All-wheel Drive",,,"Hybrid",,,"dealership","[PREMIUM]","Suitland","MD","[PREMIUM]",,"[]",,,"[PREMIUM]"
"55dd003a-8713-45c2-a959-8b073ee7c88a","2026-03-05 23:05:27.201","2026-03-11 07:12:43.493","55dd003a-8713-45c2-a959-8b073ee7c88a","[PREMIUM]","New",2026,"Jeep","Gladiator","Mojave X 4x4","[PREMIUM]","[PREMIUM]",1,"Truck","Anvil Clearcoat","Green/Black","Four-wheel Drive",,,"Gasoline",,,"dealership","[PREMIUM]","Marion","NC","[PREMIUM]",,"[]",,,"[PREMIUM]"
"b2912624-bf6e-48e2-be68-248be6f1301f","2026-03-05 23:05:27.165","2026-03-05 23:05:27.165","b2912624-bf6e-48e2-be68-248be6f1301f","[PREMIUM]","New",2026,"BMW","X3","30 xDrive","[PREMIUM]","[PREMIUM]",2,"SUV","Dune Grey Metallic","Calm Beige","All-wheel Drive",,,"Gasoline",,,"dealership","[PREMIUM]","Murray","UT","[PREMIUM]",,"[]",,,"[PREMIUM]"
"2b2f89df-4d94-4faa-bf94-390acd70b38d","2026-03-05 23:05:27.145","2026-03-05 23:05:27.145","2b2f89df-4d94-4faa-bf94-390acd70b38d","[PREMIUM]","New",2026,"Toyota","Grand Highlander Hybrid","Platinum MAX","[PREMIUM]","[PREMIUM]",0,"SUV","Cement","Black","All-wheel Drive",,,"Hybrid",,,"dealership","[PREMIUM]","Moon Twp","PA","[PREMIUM]",,"[]",,,"[PREMIUM]"
"ce99977f-ac4b-4fa4-9a5a-ada3aa118721","2026-03-05 23:05:27.144","2026-03-14 13:25:35.865","ce99977f-ac4b-4fa4-9a5a-ada3aa118721","[PREMIUM]","New",2026,"Chevrolet","Silverado 1500","RST","[PREMIUM]","[PREMIUM]",0,"Truck","Summit White","Jet Black","Four-wheel Drive",,,"Gasoline",,,"dealership","[PREMIUM]","Tallahassee","FL","[PREMIUM]",,"[]",,,"[PREMIUM]"
"c40e9a0f-39f9-4347-8d7f-fb214b5b6ed2","2026-03-05 23:05:27.143","2026-03-05 23:05:27.143","c40e9a0f-39f9-4347-8d7f-fb214b5b6ed2","[PREMIUM]","New",2026,"Acura","MDX","Technology Package","[PREMIUM]","[PREMIUM]",0,"SUV","Majestic Black Pearl","Ebony","All-wheel Drive",,,"Gasoline",,,"dealership","[PREMIUM]","Beaumont","TX","[PREMIUM]",,"[]",,,"[PREMIUM]"
"f408df4f-ce03-4f67-80b6-28b6b7af46ad","2026-03-05 23:05:27.130","2026-03-05 23:05:27.130","f408df4f-ce03-4f67-80b6-28b6b7af46ad","[PREMIUM]","New",2026,"BMW","X3","30 xDrive","[PREMIUM]","[PREMIUM]",0,"SUV","Black Sapphire Metallic","Ksjx Espr Brown Perforated Veganza","All-wheel Drive",,,"Gasoline",,,"dealership","[PREMIUM]","Wayzata","MN","[PREMIUM]",,"[]",,,"[PREMIUM]"
"60b96e5b-9d3c-49f3-864b-ca9c949c9efd","2026-03-05 23:05:27.127","2026-03-05 23:05:27.127","60b96e5b-9d3c-49f3-864b-ca9c949c9efd","[PREMIUM]","New",2026,"Toyota","Tacoma Hybrid","Limited","[PREMIUM]","[PREMIUM]",5,"Truck","Celestial Silver Metallic","Black","Four-wheel Drive",,,"Hybrid",,,"dealership","[PREMIUM]","Fort Morgan","CO","[PREMIUM]",,"[]",,,"[PREMIUM]"
"18ab5c89-d8bc-4b40-bc24-5e60cac730a1","2026-03-05 23:05:27.123","2026-03-05 23:05:27.123","18ab5c89-d8bc-4b40-bc24-5e60cac730a1","[PREMIUM]","New",2026,"RAM","1500","Big Horn","[PREMIUM]","[PREMIUM]",0,"Truck","Serrano Red",,"4WD",,,"Gasoline",,,"dealership","[PREMIUM]","D'Iberville","MS","[PREMIUM]",,"[]",,,"[PREMIUM]"
"a430cc2b-7415-445c-93fe-26fc606ffa39","2026-03-05 23:05:27.119","2026-03-05 23:05:27.119","a430cc2b-7415-445c-93fe-26fc606ffa39","[PREMIUM]","New",2026,"GMC","Sierra 1500","Elevation","[PREMIUM]","[PREMIUM]",0,"Truck","Sterling Metallic","Jet Black","Four-wheel Drive",,,"Gasoline",,,"dealership","[PREMIUM]","Tallahassee","FL","[PREMIUM]",,"[]",,,"[PREMIUM]"
"72601d04-1a6a-4965-8d59-4be1e04f0665","2026-03-05 23:05:27.118","2026-03-14 13:25:35.832","72601d04-1a6a-4965-8d59-4be1e04f0665","[PREMIUM]","New",2026,"Acura","MDX","Technology Package","[PREMIUM]","[PREMIUM]",0,"SUV","Platinum White Pearl","Ebony","All-wheel Drive",,,"Gasoline",,,"dealership","[PREMIUM]","Beaumont","TX","[PREMIUM]",,"[]",,,"[PREMIUM]"
"27612489-db73-4df6-8ec8-57dfcf3516bf","2026-03-05 23:05:27.112","2026-03-05 23:05:27.112","27612489-db73-4df6-8ec8-57dfcf3516bf","[PREMIUM]","New",2026,"RAM","1500","Big Horn/Lone Star","[PREMIUM]","[PREMIUM]",,"Truck","Blue","Black","Four-wheel Drive",,,"Gasoline",,,"dealership","[PREMIUM]","Toledo","OH","[PREMIUM]",,"[]",,,"[PREMIUM]"
"305fb2e4-b101-4d91-9d07-f700230e55b1","2026-03-05 23:05:27.110","2026-03-11 07:12:32.656","305fb2e4-b101-4d91-9d07-f700230e55b1","[PREMIUM]","New",2026,"Toyota","Tundra Hybrid","Limited","[PREMIUM]","[PREMIUM]",0,"Truck","Black","Black","Four-wheel Drive",,,"Hybrid",,,"dealership","[PREMIUM]","Miami","FL","[PREMIUM]",,"[]",,,"[PREMIUM]"
"3fcf1b3a-deeb-41f2-80e8-49e3206d67a8","2026-03-05 23:05:27.109","2026-03-14 13:25:35.804","3fcf1b3a-deeb-41f2-80e8-49e3206d67a8","[PREMIUM]","New",2026,"GMC","Sierra 2500","SLE","[PREMIUM]","[PREMIUM]",3,"Truck","Sterling Metallic","Jet Black","Four-wheel Drive",,,"Gasoline",,,"dealership","[PREMIUM]","Portage","MI","[PREMIUM]",,"[]",,,"[PREMIUM]"
"26f46146-5e0e-4dc5-9442-e0ae9b902939","2026-03-05 23:05:27.075","2026-03-05 23:05:27.075","26f46146-5e0e-4dc5-9442-e0ae9b902939","[PREMIUM]","New",2026,"BMW","X3","30 xDrive","[PREMIUM]","[PREMIUM]",2,"SUV","Vegas Red Metallic","Black","All-wheel Drive",,,"Gasoline",,,"dealership","[PREMIUM]","Virginia Beach","VA","[PREMIUM]",,"[]",,,"[PREMIUM]"
"4acd4256-ac0d-4044-b2d1-3023f6d8c13e","2026-03-05 23:05:27.075","2026-03-05 23:05:27.075","4acd4256-ac0d-4044-b2d1-3023f6d8c13e","[PREMIUM]","New",2026,"Ford","Bronco","Outer Banks","[PREMIUM]","[PREMIUM]",3,"SUV","Avalanche Gray","Trimmed Seats Black Onyx Interior","Four-wheel Drive",,,"Gasoline",,,"dealership","[PREMIUM]","Reno","NV","[PREMIUM]",,"[]",,,"[PREMIUM]"
"f86a5fbc-9b60-430d-9a1a-59388c5680a3","2026-03-05 23:05:27.059","2026-03-05 23:05:27.059","f86a5fbc-9b60-430d-9a1a-59388c5680a3","[PREMIUM]","New",2026,"Hyundai","Palisade Hybrid","Calligraphy","[PREMIUM]","[PREMIUM]",4,"SUV","Earthy Brass Matte","Brown","All-wheel Drive",,,"Gasoline",,,"dealership","[PREMIUM]","Clarksville","TN","[PREMIUM]",,"[]",,,"[PREMIUM]"
"36b49df4-0c22-4f9a-becc-3a1f4fa9cfe8","2026-03-05 23:05:27.053","2026-03-05 23:05:27.053","36b49df4-0c22-4f9a-becc-3a1f4fa9cfe8","[PREMIUM]","New",2026,"INFINITI","QX60","Luxe","[PREMIUM]","[PREMIUM]",0,"SUV","Radiant White","Graphite","Front-wheel Drive",,,"Gasoline",,,"dealership","[PREMIUM]","Torrance","CA","[PREMIUM]",,"[]",,,"[PREMIUM]"
"1e2eca4c-c95c-4127-a965-075ed1af1e0f","2026-03-05 23:05:27.044","2026-03-14 13:25:35.836","1e2eca4c-c95c-4127-a965-075ed1af1e0f","[PREMIUM]","New",2026,"Toyota","Tundra","Limited","[PREMIUM]","[PREMIUM]",0,"Truck","Black","Black","Four-wheel Drive",,,"Gasoline",,,"dealership","[PREMIUM]","Miami","FL","[PREMIUM]",,"[]",,,"[PREMIUM]"
"bb145966-dfbb-4daf-8f57-3f20d3ba909f","2026-03-05 23:05:27.039","2026-03-11 07:12:43.629","bb145966-dfbb-4daf-8f57-3f20d3ba909f","[PREMIUM]","New",2026,"Ford","Mustang Mach-E","GT","[PREMIUM]","[PREMIUM]",10,"SUV","Shadow Black","Performance Gray","All-wheel Drive",,,"Electric",,,"dealership","[PREMIUM]","Randolph","OH","[PREMIUM]",,"[]",,,"[PREMIUM]"
"6a0de449-9d6e-4ddb-9865-e4f009bddc65","2026-03-05 23:05:27.036","2026-03-05 23:05:27.036","6a0de449-9d6e-4ddb-9865-e4f009bddc65","[PREMIUM]","New",2026,"BMW","X3","30 xDrive","[PREMIUM]","[PREMIUM]",0,"SUV","Arctic Race Blue Metallic","Espresso Brown","AWD",,,"Gasoline",,,"dealership","[PREMIUM]","Katy","TX","[PREMIUM]",,"[]",,,"[PREMIUM]"
"6d30cbe6-61fe-4cff-8c24-be3e06360160","2026-03-05 23:05:27.013","2026-03-14 13:25:35.833","6d30cbe6-61fe-4cff-8c24-be3e06360160","[PREMIUM]","New",2026,"BMW","X3","30 xDrive","[PREMIUM]","[PREMIUM]",0,"SUV","Brooklyn Grey Metallic","Black","All-wheel Drive",,,"Gasoline",,,"dealership","[PREMIUM]","Baltimore","MD","[PREMIUM]",,"[]",,,"[PREMIUM]"
"c237a0a2-9922-4173-bc61-5c6760b10688","2026-03-05 23:05:27.013","2026-03-05 23:05:27.013","c237a0a2-9922-4173-bc61-5c6760b10688","[PREMIUM]","New",2026,"Chevrolet","Traverse","RS","[PREMIUM]","[PREMIUM]",0,"SUV","Lakeshore Blue Metallic","Jet Black w/Torch Red Accents","All-wheel Drive",,,"Gasoline",,,"dealership","[PREMIUM]","Loveland","CO","[PREMIUM]",,"[]",,,"[PREMIUM]"
"c9ea49f2-e55c-4ab4-8f7b-a7c3d478388b","2026-03-05 23:05:27.002","2026-03-11 07:12:43.462","c9ea49f2-e55c-4ab4-8f7b-a7c3d478388b","[PREMIUM]","New",2026,"Chevrolet","Silverado 1500","RST","[PREMIUM]","[PREMIUM]",0,"Truck","Radiant Red Tintcoat","Jet Black","Four-wheel Drive",,,"Diesel",,,"dealership","[PREMIUM]","Franklin","TN","[PREMIUM]",,"[]",,,"[PREMIUM]"
"28bbd841-d673-4c60-bd36-155f301dfd83","2026-03-05 23:05:26.982","2026-03-05 23:05:26.982","28bbd841-d673-4c60-bd36-155f301dfd83","[PREMIUM]","New",2026,"Toyota","Grand Highlander Hybrid","Platinum MAX","[PREMIUM]","[PREMIUM]",3,"SUV","Storm Cloud","Black","All-wheel Drive",,,"Hybrid",,,"dealership","[PREMIUM]","Lansing","MI","[PREMIUM]",,"[]",,,"[PREMIUM]"
"74c0b09e-ac76-473e-83ab-7f3b8cb6ae25","2026-03-05 23:05:26.981","2026-03-14 13:25:35.855","74c0b09e-ac76-473e-83ab-7f3b8cb6ae25","[PREMIUM]","New",2026,"Genesis","GV70","2.5T Sport Prestige","[PREMIUM]","[PREMIUM]",12,"SUV","Makalu Gray Matte","Sevilla Red/Obsidian Black","All-wheel Drive",,,"Gasoline",,,"dealership","[PREMIUM]","Tulsa","OK","[PREMIUM]",,"[]",,,"[PREMIUM]"
"f75d4040-b644-4088-a765-06f68109a1d7","2026-03-05 23:05:26.948","2026-03-05 23:05:26.948","f75d4040-b644-4088-a765-06f68109a1d7","[PREMIUM]","New",2026,"Chevrolet","Silverado 1500","RST","[PREMIUM]","[PREMIUM]",1,"Truck","Summit White",,"Four-wheel Drive",,,"Gasoline",,,"dealership","[PREMIUM]","Waukee","IA","[PREMIUM]",,"[]",,,"[PREMIUM]"
"109f6448-f446-4d90-8e81-07e23392ba3b","2026-03-05 23:05:26.942","2026-03-11 07:12:43.452","109f6448-f446-4d90-8e81-07e23392ba3b","[PREMIUM]","New",2026,"Dodge","Charger","R/T Scat Pack","[PREMIUM]","[PREMIUM]",1,"Coupe","Green","Black","All-wheel Drive",,,"Gasoline",,,"dealership","[PREMIUM]","Pauls Valley","OK","[PREMIUM]",,"[]",,,"[PREMIUM]"
"3404c0c4-b9b8-4a40-885d-0170d167f3f1","2026-03-05 23:05:16.394","2026-03-05 23:05:16.394","3404c0c4-b9b8-4a40-885d-0170d167f3f1","[PREMIUM]","New",2026,"RAM","1500","Big Horn/Lone Star","[PREMIUM]","[PREMIUM]",1,"Truck","Hydro Blue Pearlcoat","Black","4WD",,,"Gasoline",,,"dealership","[PREMIUM]","Rochester","NY","[PREMIUM]",,"[]",,,"[PREMIUM]"
"dbfd1d54-ff6c-4e51-8708-71e93cb015d5","2026-03-05 23:05:16.386","2026-03-14 13:25:35.869","dbfd1d54-ff6c-4e51-8708-71e93cb015d5","[PREMIUM]","New",2026,"Ford","F-150","XLT","[PREMIUM]","[PREMIUM]",13,"Truck","Iconic Silver Metallic","Black","4WD",,,"Gasoline",,,"dealership","[PREMIUM]","Taylor","MI","[PREMIUM]",,"[]",,,"[PREMIUM]"
"70db7aba-d316-410f-9ef4-b59ab4467be4","2026-03-05 23:05:16.256","2026-03-11 07:12:32.864","70db7aba-d316-410f-9ef4-b59ab4467be4","[PREMIUM]","New",2026,"Ford","F-150","XLT","[PREMIUM]","[PREMIUM]",,"Truck","Carbonized Gray Metallic","Black","4WD",,,"Gasoline",,,"dealership","[PREMIUM]","Taylor","MI","[PREMIUM]",,"[]",,,"[PREMIUM]"
"048fa7b2-dfa2-4106-999b-4c0a140726b5","2026-03-05 23:05:16.242","2026-03-11 07:12:21.325","048fa7b2-dfa2-4106-999b-4c0a140726b5","[PREMIUM]","Used",2026,"Mercedes-Benz","C-Class","C 300 4MATIC","[PREMIUM]","[PREMIUM]",2899,"Sedan","Black",,"All-wheel Drive",,,"Gasoline",,,"dealership","[PREMIUM]","Bedford","OH","[PREMIUM]",,"[]",,,"[PREMIUM]"
"b7d5d390-3ba3-4961-b0a6-000b3ccdc6aa","2026-03-05 23:05:16.173","2026-03-11 07:12:32.662","b7d5d390-3ba3-4961-b0a6-000b3ccdc6aa","[PREMIUM]","New",2026,"RAM","1500","Big Horn/Lone Star","[PREMIUM]","[PREMIUM]",15,"Truck","Forged Blue Metallic","Black","Four-wheel Drive",,,"Gasoline",,,"dealership","[PREMIUM]","Clinton","IA","[PREMIUM]",,"[]",,,"[PREMIUM]"
"d213185c-6ea9-4f1a-84aa-f680ade748b8","2026-03-05 23:05:16.134","2026-03-05 23:05:16.134","d213185c-6ea9-4f1a-84aa-f680ade748b8","[PREMIUM]","New",2026,"Ford","F-150","XLT","[PREMIUM]","[PREMIUM]",1048,"Truck","OXFORD WHITE","BLACK CLOTH 40/CON/40","Four-wheel Drive",,,"Gasoline",,,"dealership","[PREMIUM]","Demotte","IN","[PREMIUM]",,"[]",,,"[PREMIUM]"
"f421e461-8133-4f2d-9b2d-89e43fc2511d","2026-03-05 23:05:16.133","2026-03-11 07:12:33.038","f421e461-8133-4f2d-9b2d-89e43fc2511d","[PREMIUM]","New",2026,"Jeep","Wrangler","Rubicon","[PREMIUM]","[PREMIUM]",15,"SUV","Reign","Black","Four-wheel Drive",,,"Gasoline",,,"dealership","[PREMIUM]","Mesa","AZ","[PREMIUM]",,"[]",,,"[PREMIUM]"
"8c9d1b44-e067-40d6-84f3-07622b61bb45","2026-03-05 23:05:16.101","2026-03-05 23:05:16.101","8c9d1b44-e067-40d6-84f3-07622b61bb45","[PREMIUM]","New",2026,"Volvo","XC60","B5 Ultra","[PREMIUM]","[PREMIUM]",5,"SUV","Onyx Black Metallic","Charcoal","All-wheel Drive",,,"Gasoline",,,"dealership","[PREMIUM]","Baton Rouge","LA","[PREMIUM]",,"[]",,,"[PREMIUM]"
"f9f3c725-8da2-451c-88a8-f38d44847a4c","2026-03-05 23:05:16.069","2026-03-14 13:25:35.859","f9f3c725-8da2-451c-88a8-f38d44847a4c","[PREMIUM]","New",2026,"Kia","EV9","Land","[PREMIUM]","[PREMIUM]",15,"SUV","Glacial White Pearl","Gray","All-wheel Drive",,,"Electric",,,"dealership","[PREMIUM]","Corona","CA","[PREMIUM]",,"[]",,,"[PREMIUM]"
"57c30118-9e66-454c-af10-86d12c9b5cb1","2026-03-05 23:05:16.050","2026-03-11 07:12:32.659","57c30118-9e66-454c-af10-86d12c9b5cb1","[PREMIUM]","New",2026,"RAM","1500","Big Horn/Lone Star","[PREMIUM]","[PREMIUM]",15,"Truck","Hydro Blue Pearlcoat","Black","Four-wheel Drive",,,"Gasoline",,,"dealership","[PREMIUM]","McAlester","OK","[PREMIUM]",,"[]",,,"[PREMIUM]"
"9b508afb-c081-4917-a78a-05ca31495db5","2026-03-05 23:05:16.048","2026-03-17 13:30:23.052","9b508afb-c081-4917-a78a-05ca31495db5","[PREMIUM]","New",2026,"Cadillac","XT5","Premium Luxury","[PREMIUM]","[PREMIUM]",7,"SUV","Stellar Black Metallic","Jet Black","All-wheel Drive",,,"Gasoline",,,"dealership","[PREMIUM]","Columbus","OH","[PREMIUM]",,"[]",,,"[PREMIUM]"
"d0210631-10c3-4760-a509-c6a9b7c98686","2026-03-05 23:05:16.041","2026-03-05 23:05:16.041","d0210631-10c3-4760-a509-c6a9b7c98686","[PREMIUM]","New",2026,"Lexus","RX 350","Premium","[PREMIUM]","[PREMIUM]",2,"SUV","Iridium","Birch w/Black Open Pore","All Wheel Drive",,,"Premium unleaded",,,"dealership","[PREMIUM]","Raleigh","NC","[PREMIUM]",,"[]",,,"[PREMIUM]"
"98f64f05-2a2b-4993-97d7-24f434ca60f9","2026-03-05 23:05:16.036","2026-03-11 07:12:32.675","98f64f05-2a2b-4993-97d7-24f434ca60f9","[PREMIUM]","New",2026,"Ford","Explorer","ST","[PREMIUM]","[PREMIUM]",11,"SUV","Agate Black Metallic","Onyx","Four-wheel Drive",,,"Gasoline",,,"dealership","[PREMIUM]","Denton","TX","[PREMIUM]",,"[]",,,"[PREMIUM]"
"43468abd-450b-4199-ba3a-fc59d33c601f","2026-03-05 23:05:16.033","2026-03-20 13:31:03.804","43468abd-450b-4199-ba3a-fc59d33c601f","[PREMIUM]","New",2026,"Ford","F-250","XL","[PREMIUM]","[PREMIUM]",18,"Truck","Oxford White","Medium Dark Slate","Four-wheel Drive",,,"Gasoline",,,"dealership","[PREMIUM]","Butler","MO","[PREMIUM]",,"[]",,,"[PREMIUM]"
"7755ef3a-abd0-453b-84dc-548209d083dc","2026-03-05 23:05:16.015","2026-03-05 23:05:16.015","7755ef3a-abd0-453b-84dc-548209d083dc","[PREMIUM]","New",2026,"Chevrolet","Traverse","RS","[PREMIUM]","[PREMIUM]",0,"SUV","Black Metallic","Jet Black w/Torch Red Accents","All-wheel Drive",,,"Gasoline",,,"dealership","[PREMIUM]","Muncie","IN","[PREMIUM]",,"[]",,,"[PREMIUM]"
"a592d256-6f48-4386-8075-0892c1a5e2ce","2026-03-05 23:05:16.010","2026-03-05 23:05:16.010","a592d256-6f48-4386-8075-0892c1a5e2ce","[PREMIUM]","New",2026,"Chevrolet","Traverse","RS","[PREMIUM]","[PREMIUM]",10,"SUV","Mosaic Black Metallic","Jet Black w/Torch Red Accents","All-wheel Drive",,,"Gasoline",,,"dealership","[PREMIUM]","Lebanon","TN","[PREMIUM]",,"[]",,,"[PREMIUM]"
"53acf8ed-60f1-4065-bcf7-1977758c29c2","2026-03-05 23:05:16.001","2026-03-11 07:12:21.341","53acf8ed-60f1-4065-bcf7-1977758c29c2","[PREMIUM]","New",2026,"Ford","F-150","XLT","[PREMIUM]","[PREMIUM]",428,"Truck","Black Metallic","Black","Four-wheel Drive",,,"Gasoline",,,"dealership","[PREMIUM]","West Bend","WI","[PREMIUM]",,"[]",,,"[PREMIUM]"
"40530893-0893-42d8-ba23-57b47639a832","2026-03-05 23:05:15.999","2026-03-05 23:05:15.999","40530893-0893-42d8-ba23-57b47639a832","[PREMIUM]","New",2026,"GMC","Sierra 1500","AT4","[PREMIUM]","[PREMIUM]",0,"Truck","Coastal Dune","Jet Black w/Kalahari Accents","Four-wheel Drive",,,"Gasoline",,,"dealership","[PREMIUM]","Kansas City","MO","[PREMIUM]",,"[]",,,"[PREMIUM]"
"87878ea2-f270-4da7-9e70-151d598d67a6","2026-03-05 23:05:15.996","2026-03-11 07:12:33.119","87878ea2-f270-4da7-9e70-151d598d67a6","[PREMIUM]","New",2026,"Ford","F-150","XLT","[PREMIUM]","[PREMIUM]",,"Truck","Agate Black Metallic","Black","4WD",,,"Gasoline",,,"dealership","[PREMIUM]","Taylor","MI","[PREMIUM]",,"[]",,,"[PREMIUM]"
"492e9995-5953-4c70-829e-07d3add3a668","2026-03-05 23:05:15.995","2026-03-14 13:25:35.918","492e9995-5953-4c70-829e-07d3add3a668","[PREMIUM]","New",2026,"Kia","EV9","Land","[PREMIUM]","[PREMIUM]",15,"SUV","Wolf Gray","Gray","All-wheel Drive",,,"Electric",,,"dealership","[PREMIUM]","Corona","CA","[PREMIUM]",,"[]",,,"[PREMIUM]"
"110aa050-44a9-48d8-a113-07af870c31ca","2026-03-05 23:05:15.987","2026-03-11 07:12:32.705","110aa050-44a9-48d8-a113-07af870c31ca","[PREMIUM]","New",2026,"Chevrolet","Silverado 1500","LT Trail Boss","[PREMIUM]","[PREMIUM]",1,"Truck","Cypress","Jet Black","Four-wheel Drive",,,"Gasoline",,,"dealership","[PREMIUM]","Chesapeake","VA","[PREMIUM]",,"[]",,,"[PREMIUM]"
"4c48d7e0-97a4-4885-89a4-3d4602de50d7","2026-03-05 23:05:15.978","2026-03-14 13:25:35.812","4c48d7e0-97a4-4885-89a4-3d4602de50d7","[PREMIUM]","New",2026,"Jaguar","F-PACE","P250 R-Dynamic S","[PREMIUM]","[PREMIUM]",25,"SUV","Carpathian Grey","Light Oyster W/ Ebony/Light Oyster","All-wheel Drive",,,"Gasoline",,,"dealership","[PREMIUM]","Austin","TX","[PREMIUM]",,"[]",,,"[PREMIUM]"
"50fe017a-e3a3-4f18-9ca9-8f3929b3199f","2026-03-05 23:05:15.976","2026-03-20 13:30:31.833","50fe017a-e3a3-4f18-9ca9-8f3929b3199f","[PREMIUM]","New",2026,"Ford","F-150","XLT","[PREMIUM]","[PREMIUM]",,"Truck","Avalanche","Black","Four-wheel Drive",,,"Gasoline",,,"dealership","[PREMIUM]","Taylor","MI","[PREMIUM]",,"[]",,,"[PREMIUM]"
"9c0444b1-cb5b-4d5e-b4b9-ad2d50a9bf10","2026-03-05 23:05:15.967","2026-03-11 07:12:32.654","9c0444b1-cb5b-4d5e-b4b9-ad2d50a9bf10","[PREMIUM]","New",2026,"Chrysler","Pacifica","L","[PREMIUM]","[PREMIUM]",5,"Minivan","Bright White Clearcoat","Sepia/Black","All-wheel Drive",,,"Gasoline",,,"dealership","[PREMIUM]","Independence","IA","[PREMIUM]",,"[]",,,"[PREMIUM]"
"c9a7eaf6-ff5d-4eb4-8607-a6efbb1b29dd","2026-03-05 23:05:15.962","2026-03-11 07:12:32.743","c9a7eaf6-ff5d-4eb4-8607-a6efbb1b29dd","[PREMIUM]","New",2026,"Ford","Bronco","Outer Banks","[PREMIUM]","[PREMIUM]",,"SUV","Shadow Black",,"Four-wheel Drive",,,"Gasoline",,,"dealership","[PREMIUM]","Gilbert","AZ","[PREMIUM]",,"[]",,,"[PREMIUM]"
"e8d6d003-af8d-4f89-8ebf-7d211c58fcf8","2026-03-05 23:05:15.954","2026-03-11 07:12:32.650","e8d6d003-af8d-4f89-8ebf-7d211c58fcf8","[PREMIUM]","New",2026,"Chrysler","Pacifica","Limited","[PREMIUM]","[PREMIUM]",3,"Minivan","Diamond Black Crystal Pearlcoat","Black","All-wheel Drive",,,"Gasoline",,,"dealership","[PREMIUM]","Independence","IA","[PREMIUM]",,"[]",,,"[PREMIUM]"
"97c843d5-b68c-462f-b0b8-ea3070754802","2026-03-05 23:05:15.952","2026-03-20 13:30:31.774","97c843d5-b68c-462f-b0b8-ea3070754802","[PREMIUM]","New",2026,"Mercedes-Benz","GLC 300","Base 4MATIC","[PREMIUM]","[PREMIUM]",12,"SUV","Polar White","AMG Black","All-wheel Drive",,,"Gasoline",,,"dealership","[PREMIUM]","Lexington","KY","[PREMIUM]",,"[]",,,"[PREMIUM]"
"8a76298b-3186-40d2-8f71-eb1488d0ad06","2026-03-05 23:05:15.949","2026-03-14 13:25:35.955","8a76298b-3186-40d2-8f71-eb1488d0ad06","[PREMIUM]","New",2026,"Ford","F-150","XLT","[PREMIUM]","[PREMIUM]",,"Truck","Oxford White","Black","4WD",,,"Gasoline",,,"dealership","[PREMIUM]","Taylor","MI","[PREMIUM]",,"[]",,,"[PREMIUM]"
"23090ed8-d08b-4511-b442-b8afe58ba74e","2026-03-05 23:05:15.934","2026-03-11 07:12:21.639","23090ed8-d08b-4511-b442-b8afe58ba74e","[PREMIUM]","New",2026,"Ford","Transit-350","Base","[PREMIUM]","[PREMIUM]",,"Cargo Van","Oxford White","Dark Palazzo Gray","RWD",,,"Flexible Fuel",,,"dealership","[PREMIUM]","Taylor","MI","[PREMIUM]",,"[]",,,"[PREMIUM]"
"c80a5e96-26f5-46d0-bf6a-ccf4ffed418b","2026-03-05 23:05:15.934","2026-03-11 07:12:21.407","c80a5e96-26f5-46d0-bf6a-ccf4ffed418b","[PREMIUM]","New",2026,"Chrysler","Pacifica","Limited","[PREMIUM]","[PREMIUM]",3,"Minivan","Bright White Clearcoat","Black","All-wheel Drive",,,"Gasoline",,,"dealership","[PREMIUM]","Independence","IA","[PREMIUM]",,"[]",,,"[PREMIUM]"
"5f2b6c91-f593-452e-b088-c1e688feaef8","2026-03-05 23:05:04.445","2026-03-14 13:25:35.882","5f2b6c91-f593-452e-b088-c1e688feaef8","[PREMIUM]","New",2026,"Hyundai","Palisade Hybrid","Calligraphy","[PREMIUM]","[PREMIUM]",,"SUV","Black","Gray","All-wheel Drive",,,"Hybrid",,,"dealership","[PREMIUM]","Edgewater","MD","[PREMIUM]",,"[]",,,"[PREMIUM]"
"e3777ec0-e911-46f4-af5c-5323644c3f66","2026-03-05 23:05:04.440","2026-03-17 13:30:36.493","e3777ec0-e911-46f4-af5c-5323644c3f66","[PREMIUM]","New",2026,"RAM","1500","Laramie","[PREMIUM]","[PREMIUM]",,"Truck","Diamond Black","Black","Four-wheel Drive",,,"Gasoline",,,"dealership","[PREMIUM]","Medina","OH","[PREMIUM]",,"[]",,,"[PREMIUM]"
"0d636c87-dbc0-4aa8-8829-bd00d240d6cb","2026-03-05 23:05:04.434","2026-03-11 07:12:21.338","0d636c87-dbc0-4aa8-8829-bd00d240d6cb","[PREMIUM]","New",2026,"Chevrolet","Tahoe","LS","[PREMIUM]","[PREMIUM]",5,"SUV","Summit White","Jet Black","Rear-wheel Drive",,,"Gasoline",,,"dealership","[PREMIUM]","Lakeland","FL","[PREMIUM]",,"[]",,,"[PREMIUM]"
"65551080-40dc-45ea-9dc1-9c1b99509a42","2026-03-05 23:04:54.610","2026-03-11 07:12:21.194","65551080-40dc-45ea-9dc1-9c1b99509a42","[PREMIUM]","New",2026,"Jaguar","F-PACE","P250 R-Dynamic S","[PREMIUM]","[PREMIUM]",25,"SUV","Carpathian Grey","Ebony W/ Ebony/Ebony Interior","All-wheel Drive",,,"Gasoline",,,"dealership","[PREMIUM]","Austin","TX","[PREMIUM]",,"[]",,,"[PREMIUM]"
"b78cd8e2-6271-4010-97dd-961a3ecaf064","2026-03-05 23:04:54.391","2026-03-05 23:04:54.391","b78cd8e2-6271-4010-97dd-961a3ecaf064","[PREMIUM]","New",2026,"Ford","Explorer","ST","[PREMIUM]","[PREMIUM]",,"SUV","Star White",,"4WD",,,"Gasoline",,,"dealership","[PREMIUM]","Clearwater","FL","[PREMIUM]",,"[]",,,"[PREMIUM]"
"a0b85ceb-d5eb-468a-ad77-76346e4c1af1","2026-03-05 23:04:54.361","2026-03-20 13:30:52.591","a0b85ceb-d5eb-468a-ad77-76346e4c1af1","[PREMIUM]","New",2026,"RAM","1500","Laramie","[PREMIUM]","[PREMIUM]",,"Truck","Bright White Clearcoat","Black","Four-wheel Drive",,,"Gasoline",,,"dealership","[PREMIUM]","Medina","OH","[PREMIUM]",,"[]",,,"[PREMIUM]"
"f0d3a4b2-4f8c-42d3-b5f1-c6ba4cd55a98","2026-03-05 23:04:54.355","2026-03-20 13:30:52.384","f0d3a4b2-4f8c-42d3-b5f1-c6ba4cd55a98","[PREMIUM]","New",2026,"RAM","1500","Laramie","[PREMIUM]","[PREMIUM]",10,"Truck","Blue Metallic","Black","Four-wheel Drive",,,"Gasoline",,,"dealership","[PREMIUM]","Bloomfield Hills","MI","[PREMIUM]",,"[]",,,"[PREMIUM]"
"d05ba0b5-07cb-485b-a53e-8de662efd776","2026-03-05 23:04:54.329","2026-03-17 13:30:33.729","d05ba0b5-07cb-485b-a53e-8de662efd776","[PREMIUM]","New",2026,"Ford","F-150","XLT","[PREMIUM]","[PREMIUM]",47,"Truck","Black Metallic","Black","Four-wheel Drive",,,"Hybrid",,,"dealership","[PREMIUM]","Philadelphia","PA","[PREMIUM]",,"[]",,,"[PREMIUM]"
"35087e25-df7e-47f0-a039-5e67d26424de","2026-03-05 23:04:54.325","2026-03-17 13:30:33.847","35087e25-df7e-47f0-a039-5e67d26424de","[PREMIUM]","New",2026,"Jaguar","F-PACE","P250 R-Dynamic S","[PREMIUM]","[PREMIUM]",25,"SUV","Fuji White","Siena Tan Windsor Leather Seats","All-wheel Drive",,,"Gasoline",,,"dealership","[PREMIUM]","Austin","TX","[PREMIUM]",,"[]",,,"[PREMIUM]"
"d6a64e40-85b6-4aa3-976a-64756b76f95f","2026-03-05 23:04:54.322","2026-03-05 23:04:54.322","d6a64e40-85b6-4aa3-976a-64756b76f95f","[PREMIUM]","New",2026,"Ford","F-150","XLT","[PREMIUM]","[PREMIUM]",2,"Truck","Oxford White","Black","4WD",,,"Gasoline",,,"dealership","[PREMIUM]","Antioch","IL","[PREMIUM]",,"[]",,,"[PREMIUM]"
"722f241b-e8d9-4eee-a548-b4dab1730ac8","2026-03-05 23:04:54.312","2026-03-20 13:30:31.828","722f241b-e8d9-4eee-a548-b4dab1730ac8","[PREMIUM]","New",2026,"Ford","Explorer","Tremor","[PREMIUM]","[PREMIUM]",8,"SUV","Gray","Onyx","Four-wheel Drive",,,"Gasoline",,,"dealership","[PREMIUM]","Clearwater","FL","[PREMIUM]",,"[]",,,"[PREMIUM]"
"68e86cc3-8a53-410b-8304-bc306164dd6d","2026-03-05 23:04:54.306","2026-03-11 07:12:33.036","68e86cc3-8a53-410b-8304-bc306164dd6d","[PREMIUM]","New",2026,"Ford","Ranger","Raptor","[PREMIUM]","[PREMIUM]",,"Truck","Shadow","Ebony","Four-wheel Drive",,,"Gasoline",,,"dealership","[PREMIUM]","Cincinnati","OH","[PREMIUM]",,"[]",,,"[PREMIUM]"
"adbd3784-2aa2-416f-ad72-3e8f888aa8ba","2026-03-05 23:04:54.294","2026-03-11 07:12:21.436","adbd3784-2aa2-416f-ad72-3e8f888aa8ba","[PREMIUM]","New",2026,"Jaguar","F-PACE","P250 R-Dynamic S","[PREMIUM]","[PREMIUM]",25,"SUV","Santorini Black","Ebony W/ Ebony/Ebony Interior","All-wheel Drive",,,"Gasoline",,,"dealership","[PREMIUM]","Austin","TX","[PREMIUM]",,"[]",,,"[PREMIUM]"
"0dff3439-30f4-425f-80e4-8e78bab6f4a8","2026-03-05 23:04:54.288","2026-03-11 07:12:21.369","0dff3439-30f4-425f-80e4-8e78bab6f4a8","[PREMIUM]","New",2026,"Chevrolet","Silverado 3500","LT","[PREMIUM]","[PREMIUM]",5,"Truck","Black","Jet Black","Four-wheel Drive",,,"Gasoline",,,"dealership","[PREMIUM]","Lakeville","MN","[PREMIUM]",,"[]",,,"[PREMIUM]"
"3c361435-011c-42e0-af23-b0e6d0bea898","2026-03-05 23:04:54.251","2026-03-05 23:04:54.251","3c361435-011c-42e0-af23-b0e6d0bea898","[PREMIUM]","New",2026,"Ford","Explorer","ST","[PREMIUM]","[PREMIUM]",,"SUV","Gray",,"4WD",,,"Gasoline",,,"dealership","[PREMIUM]","Clearwater","FL","[PREMIUM]",,"[]",,,"[PREMIUM]"
"258cc0aa-3787-41d5-9d9f-160c4985998f","2026-03-05 23:04:54.246","2026-03-05 23:04:54.246","258cc0aa-3787-41d5-9d9f-160c4985998f","[PREMIUM]","New",2026,"Toyota","Grand Highlander Hybrid","Platinum MAX","[PREMIUM]","[PREMIUM]",0,"SUV","Storm Cloud","Portobello","All-wheel Drive",,,"Hybrid",,,"dealership","[PREMIUM]","Warrenton","VA","[PREMIUM]",,"[]",,,"[PREMIUM]"
"b0c218de-e5d6-47c0-9c47-71392c07fec7","2026-03-05 23:04:54.214","2026-03-11 07:12:21.336","b0c218de-e5d6-47c0-9c47-71392c07fec7","[PREMIUM]","New",2026,"Ford","F-150","XLT","[PREMIUM]","[PREMIUM]",4,"Truck","Antimatter Blue Metallic","Black","Four-wheel Drive",,,"Gasoline",,,"dealership","[PREMIUM]","Wiscasset","ME","[PREMIUM]",,"[]",,,"[PREMIUM]"
"a57e1279-2c3a-483a-b0cd-afdc377abef3","2026-03-05 23:04:54.214","2026-03-20 13:30:52.338","a57e1279-2c3a-483a-b0cd-afdc377abef3","[PREMIUM]","New",2026,"Cadillac","XT5","Sport","[PREMIUM]","[PREMIUM]",4,"SUV","Stellar Black Metallic","Jet Black","All-wheel Drive",,,"Gasoline",,,"dealership","[PREMIUM]","Medina","OH","[PREMIUM]",,"[]",,,"[PREMIUM]"
"fd89cad4-b230-4c72-82bb-ae34b3b2a3fd","2026-03-05 23:04:54.213","2026-03-05 23:04:54.213","fd89cad4-b230-4c72-82bb-ae34b3b2a3fd","[PREMIUM]","New",2026,"Ford","Explorer","ST","[PREMIUM]","[PREMIUM]",3,"SUV","Star White","Onyx","4WD",,,"Gasoline",,,"dealership","[PREMIUM]","Delray Beach","FL","[PREMIUM]",,"[]",,,"[PREMIUM]"
"6c29c718-b25d-43c3-a535-de4e40cd8e50","2026-03-05 23:04:54.201","2026-03-05 23:04:54.201","6c29c718-b25d-43c3-a535-de4e40cd8e50","[PREMIUM]","New",2026,"RAM","2500","Big Horn","[PREMIUM]","[PREMIUM]",10,"Truck","Diamond Black","Black","Four-wheel Drive",,,"Diesel",,,"dealership","[PREMIUM]","Miami","FL","[PREMIUM]",,"[]",,,"[PREMIUM]"
"55432c90-4142-4d35-a8e6-501a4a29f039","2026-03-05 23:04:54.189","2026-03-17 13:30:39.022","55432c90-4142-4d35-a8e6-501a4a29f039","[PREMIUM]","New",2026,"INFINITI","QX60","AUTOGRAPH","[PREMIUM]","[PREMIUM]",0,"SUV","Graphite Shadow/Black Obsidian","Stone Gray","All-wheel Drive",,,"Gasoline",,,"dealership","[PREMIUM]","Colorado Springs","CO","[PREMIUM]",,"[]",,,"[PREMIUM]"
"7c7e390c-fecc-4e39-8930-eded7acfb864","2026-03-05 23:04:43.792","2026-03-17 13:30:22.977","7c7e390c-fecc-4e39-8930-eded7acfb864","[PREMIUM]","New",2026,"Genesis","GV70","2.5T Sport Prestige","[PREMIUM]","[PREMIUM]",16,"SUV","Savile Silver","Blue","All-wheel Drive",,,"Gasoline",,,"dealership","[PREMIUM]","White Plains","NY","[PREMIUM]",,"[]",,,"[PREMIUM]"
"5367ba18-85db-47c2-9cf6-3c4c996eec6a","2026-03-05 23:04:43.635","2026-03-05 23:04:43.635","5367ba18-85db-47c2-9cf6-3c4c996eec6a","[PREMIUM]","New",2026,"Chevrolet","Silverado 1500","LT Trail Boss","[PREMIUM]","[PREMIUM]",34,"Truck","Cypress","Jet Black","4WD",,,"Diesel",,,"dealership","[PREMIUM]","Fredericktown","OH","[PREMIUM]",,"[]",,,"[PREMIUM]"
"f30c8fac-633d-4135-a47a-953b02d35d82","2026-03-05 23:04:43.624","2026-03-05 23:04:43.624","f30c8fac-633d-4135-a47a-953b02d35d82","[PREMIUM]","New",2026,"Volvo","XC60","B5 Ultra","[PREMIUM]","[PREMIUM]",1,"SUV","Gray Metallic","Blond","All-wheel Drive",,,"Gasoline",,,"dealership","[PREMIUM]","Seaside","CA","[PREMIUM]",,"[]",,,"[PREMIUM]"
"6a04bfd2-7df0-4bba-958e-d01536afb2d4","2026-03-05 23:04:43.623","2026-03-05 23:04:43.623","6a04bfd2-7df0-4bba-958e-d01536afb2d4","[PREMIUM]","Used",2026,"Cadillac","CT5-V",,"[PREMIUM]","[PREMIUM]",4645,"Sedan","Black","BLACK","Four-wheel Drive",,,"Gasoline",,,"dealership","[PREMIUM]","Clearwater","FL","[PREMIUM]",,"[]",,,"[PREMIUM]"
"b5cc8e15-51d6-4ae8-a14a-8c76bef5eccd","2026-03-05 23:04:43.614","2026-03-11 07:12:21.338","b5cc8e15-51d6-4ae8-a14a-8c76bef5eccd","[PREMIUM]","New",2026,"Toyota","4Runner","TRD Off Road Premium","[PREMIUM]","[PREMIUM]",0,"SUV","Black","Black","Four-wheel Drive",,,"Gasoline",,,"dealership","[PREMIUM]","Toledo","OH","[PREMIUM]",,"[]",,,"[PREMIUM]"
"ea6d648d-504c-4a62-924b-64579c48b494","2026-03-05 23:04:43.614","2026-03-17 13:30:22.967","ea6d648d-504c-4a62-924b-64579c48b494","[PREMIUM]","New",2026,"Genesis","GV70","2.5T Sport Prestige","[PREMIUM]","[PREMIUM]",10,"SUV","Capri Blue","Obsidian Black","All-wheel Drive",,,"Gasoline",,,"dealership","[PREMIUM]","White Plains","NY","[PREMIUM]",,"[]",,,"[PREMIUM]"
"9d7c2d07-f853-4443-b90c-e2a7e36c3dec","2026-03-05 23:04:43.613","2026-03-11 07:12:21.331","9d7c2d07-f853-4443-b90c-e2a7e36c3dec","[PREMIUM]","New",2026,"Ford","Transit-250","Base","[PREMIUM]","[PREMIUM]",3,"Cargo Van","Carbonized Gray Metallic","Gray","All-wheel Drive",,,"E85 Flex Fuel",,,"dealership","[PREMIUM]","Dallas","TX","[PREMIUM]",,"[]",,,"[PREMIUM]"
"2a47ba7b-c125-4d6e-9c7a-80a40ed8b7e0","2026-03-05 23:04:43.612","2026-03-17 13:30:23.041","2a47ba7b-c125-4d6e-9c7a-80a40ed8b7e0","[PREMIUM]","New",2026,"Volvo","XC90","B5 Plus 7-Seater","[PREMIUM]","[PREMIUM]",1,"SUV","Aurora Blue","Charcoal","All-wheel Drive",,,"Gasoline",,,"dealership","[PREMIUM]","Seaside","CA","[PREMIUM]",,"[]",,,"[PREMIUM]"
"1fc4f7fd-38cc-43e9-848d-d0bb0361863a","2026-03-05 23:04:43.603","2026-03-05 23:04:43.603","1fc4f7fd-38cc-43e9-848d-d0bb0361863a","[PREMIUM]","New",2026,"Land Rover","Range Rover Evoque","Dynamic SE","[PREMIUM]","[PREMIUM]",1,"SUV","Seoul Pearl Silver","Ebony","All-wheel Drive",,,"Gasoline",,,"dealership","[PREMIUM]","Seaside","CA","[PREMIUM]",,"[]",,,"[PREMIUM]"
"628d4ca0-36b7-4b30-9fac-a391b865e817","2026-03-05 23:04:43.603","2026-03-17 13:30:33.698","628d4ca0-36b7-4b30-9fac-a391b865e817","[PREMIUM]","New",2026,"Genesis","GV70","2.5T Sport Prestige","[PREMIUM]","[PREMIUM]",5,"SUV","Savile Silver","Blue","All-wheel Drive",,,"Gasoline",,,"dealership","[PREMIUM]","White Plains","NY","[PREMIUM]",,"[]",,,"[PREMIUM]"
"a617202c-52b5-43cc-aa56-4baadfea6853","2026-03-05 23:04:43.586","2026-03-11 07:12:21.438","a617202c-52b5-43cc-aa56-4baadfea6853","[PREMIUM]","New",2026,"Land Rover","Range Rover Evoque","Dynamic SE","[PREMIUM]","[PREMIUM]",10,"SUV","Arroios Grey","Ebony","All-wheel Drive",,,"Gasoline",,,"dealership","[PREMIUM]","Seaside","CA","[PREMIUM]",,"[]",,,"[PREMIUM]"
"19944948-4d3b-4765-991e-5ab1d62123cb","2026-03-05 23:04:43.584","2026-03-05 23:04:43.584","19944948-4d3b-4765-991e-5ab1d62123cb","[PREMIUM]","New",2026,"Hyundai","Palisade Hybrid","Calligraphy","[PREMIUM]","[PREMIUM]",12,"SUV","Pearl","Brown","AWD",,,"Hybrid",,,"dealership","[PREMIUM]","Roanoke","VA","[PREMIUM]",,"[]",,,"[PREMIUM]"
"1819fc5e-6420-43f6-b015-040ae81022e9","2026-03-05 23:04:43.578","2026-03-05 23:04:43.578","1819fc5e-6420-43f6-b015-040ae81022e9","[PREMIUM]","New",2026,"Ford","F-150","XLT","[PREMIUM]","[PREMIUM]",10,"Truck","Ruby Red Metallic",,"Four-wheel Drive",,,"Gasoline",,,"dealership","[PREMIUM]","Columbia","MO","[PREMIUM]",,"[]",,,"[PREMIUM]"
"ff2abf40-f70e-4573-b313-ed0c7c1d5397","2026-03-05 23:04:43.562","2026-03-17 13:30:22.664","ff2abf40-f70e-4573-b313-ed0c7c1d5397","[PREMIUM]","New",2026,"Volvo","XC60","B5 Ultra","[PREMIUM]","[PREMIUM]",1,"SUV","Denim Blue Metallic","Blond","All-wheel Drive",,,"Gasoline",,,"dealership","[PREMIUM]","Seaside","CA","[PREMIUM]",,"[]",,,"[PREMIUM]"
"8b916c5f-6f1a-4823-8296-b307d222a77d","2026-03-05 23:04:43.541","2026-03-11 07:12:21.561","8b916c5f-6f1a-4823-8296-b307d222a77d","[PREMIUM]","New",2026,"Jaguar","F-PACE","P250 R-Dynamic S","[PREMIUM]","[PREMIUM]",25,"SUV","Fuji White","Ebony W/ Ebony/Ebony Interior","All-wheel Drive",,,"Gasoline",,,"dealership","[PREMIUM]","Austin","TX","[PREMIUM]",,"[]",,,"[PREMIUM]"
"59524191-906b-4725-b640-d6950258f2f7","2026-03-05 23:03:51.197","2026-03-14 13:25:14.055","59524191-906b-4725-b640-d6950258f2f7","[PREMIUM]","Used",2016,"Chevrolet","Silverado 3500","High Country","[PREMIUM]","[PREMIUM]",29889,"Truck","Summit White","Saddle","Four-wheel Drive",,,"Diesel",,,"dealership","[PREMIUM]","Temecula","CA","[PREMIUM]",,"[]",,,"[PREMIUM]"
"26a098e7-be94-4ae3-9a30-36810ec67c4a","2026-03-05 23:03:50.971","2026-03-05 23:03:50.971","26a098e7-be94-4ae3-9a30-36810ec67c4a","[PREMIUM]","Used",2017,"Chevrolet","Camaro","ZL1","[PREMIUM]","[PREMIUM]",19621,"Coupe","Nightfall Gray Metallic","Jet Black w/Red Accents","Rear-wheel Drive",,,"Gasoline",,,"dealership","[PREMIUM]","Pelham","AL","[PREMIUM]",,"[]",,,"[PREMIUM]"
"3565f200-47b8-43a6-ac9f-3aab98716575","2026-03-05 23:03:50.834","2026-03-11 07:11:49.021","3565f200-47b8-43a6-ac9f-3aab98716575","[PREMIUM]","Used",2016,"Mercedes-Benz","Maybach S","S 600","[PREMIUM]","[PREMIUM]",36256,"Sedan","Anthracite Blue","Ash Exclusive Leather","Rear-wheel Drive",,,"Gasoline",,,"dealership","[PREMIUM]","Jacksonville","FL","[PREMIUM]",,"[]",,,"[PREMIUM]"
"e7b147be-0515-48cf-9aad-902872661d23","2026-03-05 23:03:50.832","2026-03-17 13:30:12.204","e7b147be-0515-48cf-9aad-902872661d23","[PREMIUM]","Used",2016,"Mercedes-Benz","AMG G 63","4MATIC","[PREMIUM]","[PREMIUM]",84300,"SUV","designo Magno Platinum",,"All-wheel Drive",,,"Gasoline",,,"dealership","[PREMIUM]","Albuquerque","NM","[PREMIUM]",,"[]",,,"[PREMIUM]"
"434e0b67-e0d3-4900-806e-7b8518a6c29b","2026-03-05 23:03:50.809","2026-03-05 23:03:50.809","434e0b67-e0d3-4900-806e-7b8518a6c29b","[PREMIUM]","Used",2017,"Cadillac","CTS-V","Base","[PREMIUM]","[PREMIUM]",50156,"Sedan","Crystal White Tricoat","Jet Black w/Jet Black Accents","Rear-wheel Drive",,,"Gasoline",,,"dealership","[PREMIUM]","Inglewood","CA","[PREMIUM]",,"[]",,,"[PREMIUM]"
"45b386a8-9fba-4ea1-9af3-adc14d935de5","2026-03-05 23:03:30.282","2026-03-05 23:03:30.282","45b386a8-9fba-4ea1-9af3-adc14d935de5","[PREMIUM]","Used",2018,"Ford","F-250","Lariat","[PREMIUM]","[PREMIUM]",46964,"Truck","Gray","BLACK","Four-wheel Drive",,,"Diesel",,,"dealership","[PREMIUM]","Huntsville","AL","[PREMIUM]",,"[]",,,"[PREMIUM]"
"d35cfdef-142a-48bf-9260-44a30610b0f0","2026-03-05 23:03:20.043","2026-03-05 23:03:20.043","d35cfdef-142a-48bf-9260-44a30610b0f0","[PREMIUM]","Used",2021,"Mercedes-Benz","AMG GT 43","Base","[PREMIUM]","[PREMIUM]",27515,"Hatchback",,,"All-wheel Drive",,,"Gasoline",,,"dealership","[PREMIUM]","Hollywood","FL","[PREMIUM]",,"[]",,,"[PREMIUM]"
"53c34bde-d46c-469e-a974-02bd57c99799","2026-03-05 23:03:19.958","2026-03-14 13:25:14.074","53c34bde-d46c-469e-a974-02bd57c99799","[PREMIUM]","Used",2020,"Ford","F-250","Lariat","[PREMIUM]","[PREMIUM]",43463,"Truck","Black","Black","Four-wheel Drive",,,"Gasoline",,,"dealership","[PREMIUM]","Phoenix","AZ","[PREMIUM]",,"[]",,,"[PREMIUM]"
"532b798f-a8e4-4739-abae-b60c33f157ca","2026-03-05 23:03:19.902","2026-03-11 07:11:38.311","532b798f-a8e4-4739-abae-b60c33f157ca","[PREMIUM]","Used",2020,"RAM","3500","Laramie Mega Cab 4x4 6&#39;4&#39; Box","[PREMIUM]","[PREMIUM]",86899,"Truck","Bright White Clearcoat","Black","Four-wheel Drive",,,"Diesel",,,"dealership","[PREMIUM]","Fort Smith","AR","[PREMIUM]",,"[]",,,"[PREMIUM]"
"0ff012e1-f884-47ea-9ad9-019b38c125a2","2026-03-05 23:03:19.884","2026-03-05 23:03:19.884","0ff012e1-f884-47ea-9ad9-019b38c125a2","[PREMIUM]","Used",2020,"Ford","F-350","Lariat","[PREMIUM]","[PREMIUM]",36164,"Truck","Agate Black Metallic","Black","Four-wheel Drive",,,"Diesel",,,"dealership","[PREMIUM]","Reno","NV","[PREMIUM]",,"[]",,,"[PREMIUM]"
"d5e1bd97-6a3b-4eac-b668-dbed9ef90383","2026-03-05 23:03:19.876","2026-03-05 23:03:19.876","d5e1bd97-6a3b-4eac-b668-dbed9ef90383","[PREMIUM]","Used",2019,"Chevrolet","Corvette","Stingray","[PREMIUM]","[PREMIUM]",9397,"Coupe","Gray","BLACK","2WD",,,"Gas",,,"dealership","[PREMIUM]","Murrieta","CA","[PREMIUM]",,"[]",,,"[PREMIUM]"
"41996132-1fda-477f-8b3b-b1df734394b4","2026-03-05 23:03:09.410","2026-03-05 23:03:09.410","41996132-1fda-477f-8b3b-b1df734394b4","[PREMIUM]","Used",2021,"Ford","F-150","Raptor","[PREMIUM]","[PREMIUM]",67241,"Truck","Rapid Red Metallic Tinted Clearcoat","Black","Four-wheel Drive",,,"Gasoline",,,"dealership","[PREMIUM]","Sanford","FL","[PREMIUM]",,"[]",,,"[PREMIUM]"
"24c8d57d-cc52-464d-a439-8a3902270327","2026-03-05 23:03:09.336","2026-03-17 13:30:11.644","24c8d57d-cc52-464d-a439-8a3902270327","[PREMIUM]","Used",2021,"Audi","RS 5","2.9T","[PREMIUM]","[PREMIUM]",21035,"Hatchback","Tango Red","Black","All-wheel Drive",,,"Gasoline",,,"dealership","[PREMIUM]","Vienna","VA","[PREMIUM]",,"[]",,,"[PREMIUM]"
"7f089a0b-4dc8-493c-934b-c37ad2cfbec3","2026-03-05 23:02:58.905","2026-03-05 23:02:58.905","7f089a0b-4dc8-493c-934b-c37ad2cfbec3","[PREMIUM]","Used",2021,"GMC","Yukon XL","Denali","[PREMIUM]","[PREMIUM]",44208,"SUV","Onyx Black",,"Four-wheel Drive",,,"Gasoline",,,"dealership","[PREMIUM]","Nashville","TN","[PREMIUM]",,"[]",,,"[PREMIUM]"
"85a0fb2f-b92f-4f55-a380-3b6fd01c119e","2026-03-05 23:02:48.474","2026-03-20 13:30:20.967","85a0fb2f-b92f-4f55-a380-3b6fd01c119e","[PREMIUM]","Used",2021,"BMW","M2","Competition","[PREMIUM]","[PREMIUM]",19618,"Coupe","Hockenheim Silver Metallic","Black/Blue Stitching","Rear-wheel Drive",,,"Gasoline",,,"dealership","[PREMIUM]","INDIANAPOLIS","IN","[PREMIUM]",,"[]",,,"[PREMIUM]"
"9f60faf5-b945-4417-be7d-1020967d9fb4","2026-03-05 23:02:48.447","2026-03-05 23:02:48.447","9f60faf5-b945-4417-be7d-1020967d9fb4","[PREMIUM]","Used",2021,"Chevrolet","Suburban","RST","[PREMIUM]","[PREMIUM]",36340,"SUV","Blue","BLACK","Rear-wheel Drive",,,"Gasoline",,,"dealership","[PREMIUM]","Savannah","GA","[PREMIUM]",,"[]",,,"[PREMIUM]"
"2b21b2dd-cef6-4bfa-a308-0f0ae72fb066","2026-03-05 23:02:48.416","2026-03-05 23:02:48.416","2b21b2dd-cef6-4bfa-a308-0f0ae72fb066","[PREMIUM]","Used",2021,"Land Rover","Range Rover Sport","5.0L Supercharged SVR","[PREMIUM]","[PREMIUM]",49850,"SUV","Fuji White","Ebony","Four-wheel Drive",,,"Gasoline",,,"dealership","[PREMIUM]","Austin","TX","[PREMIUM]",,"[]",,,"[PREMIUM]"
"d7d936f3-a98c-4953-8964-f6c205932799","2026-03-05 23:02:48.404","2026-03-17 13:30:11.667","d7d936f3-a98c-4953-8964-f6c205932799","[PREMIUM]","Used",2021,"Chevrolet","Silverado 3500","High Country","[PREMIUM]","[PREMIUM]",59753,"Truck","Northsky Blue Metallic","Jet Black/Umber","Four-wheel Drive",,,"Diesel",,,"dealership","[PREMIUM]","Kyle","TX","[PREMIUM]",,"[]",,,"[PREMIUM]"
"9ded4630-5006-4fb8-8d3b-a66e49376b3f","2026-03-05 23:02:38.327","2026-03-05 23:02:38.327","9ded4630-5006-4fb8-8d3b-a66e49376b3f","[PREMIUM]","Used",2023,"GMC","Yukon","Denali","[PREMIUM]","[PREMIUM]",47635,"SUV","Onyx Black","Jet Black","Four-wheel Drive",,,"Gasoline",,,"dealership","[PREMIUM]","Dallas","TX","[PREMIUM]",,"[]",,,"[PREMIUM]"
"dfea4d46-3e39-4dfe-9201-4aa419259f80","2026-03-05 23:02:38.313","2026-03-11 07:11:37.813","dfea4d46-3e39-4dfe-9201-4aa419259f80","[PREMIUM]","Used",2023,"Chevrolet","Tahoe","4WD RST","[PREMIUM]","[PREMIUM]",45948,"SUV","Radiant Red Tintcoat","Jet Black/Victory Red, Perforated Leather Seating Surfaces 1St A","Four-wheel Drive",,,"Gasoline",,,"dealership","[PREMIUM]","Herculaneum","MO","[PREMIUM]",,"[]",,,"[PREMIUM]"
"938dcd2c-8c86-47f3-a792-943b789ee288","2026-03-05 23:02:38.180","2026-03-11 07:11:37.582","938dcd2c-8c86-47f3-a792-943b789ee288","[PREMIUM]","Used",2022,"Audi","S7","2.9T Premium Plus","[PREMIUM]","[PREMIUM]",46259,"Hatchback","Firmament Blue Metallic","Arras Red","All-wheel Drive",,,"Gasoline",,,"dealership","[PREMIUM]","Orange","CA","[PREMIUM]",,"[]",,,"[PREMIUM]"
"743a856a-d48c-4c93-8756-babc8a5d3189","2026-03-05 23:02:37.965","2026-03-17 13:30:11.690","743a856a-d48c-4c93-8756-babc8a5d3189","[PREMIUM]","Used",2022,"Ford","F-150","Limited","[PREMIUM]","[PREMIUM]",18251,"Truck","Agate Black Metallic","Admiral Blue","Four-wheel Drive",,,"Gasoline",,,"dealership","[PREMIUM]","Duarte","CA","[PREMIUM]",,"[]",,,"[PREMIUM]"
"17e70d87-b78b-4225-814c-960bb947c94f","2026-03-05 23:02:37.957","2026-03-11 07:11:37.527","17e70d87-b78b-4225-814c-960bb947c94f","[PREMIUM]","Used",2022,"BMW","X6","M50i","[PREMIUM]","[PREMIUM]",42302,"SUV","White","BLACK","Four-wheel Drive",,,"Gasoline",,,"dealership","[PREMIUM]","Sanford","FL","[PREMIUM]",,"[]",,,"[PREMIUM]"
"407c3265-1bb6-4801-af26-296f572b1a70","2026-03-05 23:02:37.944","2026-03-11 07:11:37.779","407c3265-1bb6-4801-af26-296f572b1a70","[PREMIUM]","Used",2023,"GMC","Sierra 1500","Denali Ultimate","[PREMIUM]","[PREMIUM]",47434,"Truck","Onyx Black","Alpine Umber","Four-wheel Drive",,,"Gasoline",,,"dealership","[PREMIUM]","Frisco","TX","[PREMIUM]",,"[]",,,"[PREMIUM]"
"a96a8053-7e1d-451e-be3f-ea6994d74a3d","2026-03-05 23:02:37.941","2026-03-05 23:02:37.941","a96a8053-7e1d-451e-be3f-ea6994d74a3d","[PREMIUM]","Used",2023,"Ford","F-150","LARIAT","[PREMIUM]","[PREMIUM]",24990,"Truck","AVALANCHE","BLACK LTHR TRIM BUCKET SEAT",,,,,,,"dealership","[PREMIUM]","South Hill","VA","[PREMIUM]",,"[]",,,"[PREMIUM]"
"7c4ea90c-7c41-4859-b539-3198d73f52c7","2026-03-05 23:02:37.934","2026-03-05 23:02:37.934","7c4ea90c-7c41-4859-b539-3198d73f52c7","[PREMIUM]","Used",2023,"Toyota","Tundra Hybrid","1794 Edition","[PREMIUM]","[PREMIUM]",19408,"Truck","Smoked Mesquite","Saddle Tan","Four-wheel Drive",,,"Hybrid",,,"dealership","[PREMIUM]","La Vista","NE","[PREMIUM]",,"[]",,,"[PREMIUM]"
"d845aa23-c173-47e4-bad9-103c56b46fec","2026-03-05 23:02:37.934","2026-03-11 07:11:37.789","d845aa23-c173-47e4-bad9-103c56b46fec","[PREMIUM]","Used",2023,"BMW","X5","M50i","[PREMIUM]","[PREMIUM]",33949,"SUV","Dravit Grey Metallic","Black","All-wheel Drive",,,"Gasoline",,,"dealership","[PREMIUM]","Boston","MA","[PREMIUM]",,"[]",,,"[PREMIUM]"
"bf21f51e-851f-4487-9915-e0814c79b294","2026-03-05 23:02:27.270","2026-03-05 23:02:27.270","bf21f51e-851f-4487-9915-e0814c79b294","[PREMIUM]","Used",2023,"GMC","Yukon XL","SLT","[PREMIUM]","[PREMIUM]",48961,"SUV","White Frost Tricoat","Jet Black","Four-wheel Drive",,,"Gasoline",,,"dealership","[PREMIUM]","San Antonio","TX","[PREMIUM]",,"[]",,,"[PREMIUM]"
"fa6273f5-bb6b-49bd-bdb3-2a1b10196d3b","2026-03-05 23:02:27.181","2026-03-17 13:30:11.696","fa6273f5-bb6b-49bd-bdb3-2a1b10196d3b","[PREMIUM]","Used",2023,"GMC","Yukon XL","SLT","[PREMIUM]","[PREMIUM]",47155,"SUV","Sterling Metallic","Jet Black","Four-wheel Drive",,,"Diesel",,,"dealership","[PREMIUM]","Reno","NV","[PREMIUM]",,"[]",,,"[PREMIUM]"
"a7260d04-204e-450e-bf92-12b26981adfc","2026-03-05 23:02:27.148","2026-03-05 23:02:27.148","a7260d04-204e-450e-bf92-12b26981adfc","[PREMIUM]","Used",2023,"Rivian","R1S","Adventure","[PREMIUM]","[PREMIUM]",30177,"SUV","Green","Ocean Coast","All-wheel Drive",,,"Electric",,,"dealership","[PREMIUM]","Columbus","OH","[PREMIUM]",,"[]",,,"[PREMIUM]"
"1cfa8482-08cc-4242-907e-62ec82b1a98f","2026-03-05 23:02:27.145","2026-03-14 13:25:03.204","1cfa8482-08cc-4242-907e-62ec82b1a98f","[PREMIUM]","Used",2023,"Rivian","R1S","Adventure","[PREMIUM]","[PREMIUM]",37011,"SUV","Rivian Blue",,"All-wheel Drive",,,"Electric",,,"dealership","[PREMIUM]","Omaha","NE","[PREMIUM]",,"[]",,,"[PREMIUM]"
"299851ab-ff5e-4ac9-8b71-a9b8c8c8bb52","2026-03-05 23:02:27.139","2026-03-05 23:02:27.139","299851ab-ff5e-4ac9-8b71-a9b8c8c8bb52","[PREMIUM]","Used",2023,"RAM","2500","Longhorn","[PREMIUM]","[PREMIUM]",67618,"Truck","Delmonico Red Pearlcoat","Light Mountain Brown/Mountain Brown","Four-wheel Drive",,,"Diesel",,,"dealership","[PREMIUM]","Conway","AR","[PREMIUM]",,"[]",,,"[PREMIUM]"
"186f24fc-4229-4bc2-b0d5-8fc10f88d058","2026-03-05 23:02:06.374","2026-03-11 07:11:26.253","186f24fc-4229-4bc2-b0d5-8fc10f88d058","[PREMIUM]","Used",2023,"Chevrolet","Tahoe","Premier","[PREMIUM]","[PREMIUM]",31462,"SUV","Sterling Gray Metallic","Jet Black/Maple Sugar","Rear-wheel Drive",,,"Gasoline",,,"dealership","[PREMIUM]","Martinez","GA","[PREMIUM]",,"[]",,,"[PREMIUM]"
"27545a62-0a68-474a-808c-a9a919dccd61","2026-03-05 23:02:06.328","2026-03-05 23:02:06.328","27545a62-0a68-474a-808c-a9a919dccd61","[PREMIUM]","Used",2023,"BMW","X7","xDrive40i","[PREMIUM]","[PREMIUM]",29742,"SUV","Blue Ridge Mountain Metallic","Cognac","All-wheel Drive",,,"Gasoline",,,"dealership","[PREMIUM]","Katy","TX","[PREMIUM]",,"[]",,,"[PREMIUM]"
"4872f7fe-b11c-4ded-8d9e-7e43173186df","2026-03-05 23:02:06.242","2026-03-05 23:02:06.242","4872f7fe-b11c-4ded-8d9e-7e43173186df","[PREMIUM]","Used",2023,"Chevrolet","Silverado 1500","ZR2","[PREMIUM]","[PREMIUM]",31815,"Truck","Dark Ash Metallic","Jet Black/Graystone","Four-wheel Drive",,,"Gasoline",,,"dealership","[PREMIUM]","West","TX","[PREMIUM]",,"[]",,,"[PREMIUM]"
"f85b10c2-2304-49ee-a132-26c7aa81f623","2026-03-05 23:02:06.241","2026-03-05 23:02:06.241","f85b10c2-2304-49ee-a132-26c7aa81f623","[PREMIUM]","Used",2023,"GMC","Yukon","Denali","[PREMIUM]","[PREMIUM]",57488,"SUV","Onyx Black","Jet Black","Rear-wheel Drive",,,"Gasoline",,,"dealership","[PREMIUM]","Casa Grande","AZ","[PREMIUM]",,"[]",,,"[PREMIUM]"
"845fec7d-000b-482e-b92f-ef4b06eef9d4","2026-03-05 23:01:55.403","2026-03-20 13:29:59.737","845fec7d-000b-482e-b92f-ef4b06eef9d4","[PREMIUM]","Used",2023,"Lexus","RX 350","F SPORT Handling","[PREMIUM]","[PREMIUM]",14605,"SUV","Iridium","Rioja Red w/Dark Graphite","All-wheel Drive",,,"Gasoline",,,"dealership","[PREMIUM]","Dallas","TX","[PREMIUM]",,"[]",,,"[PREMIUM]"
"7019cccc-d845-495e-beb8-06e85171c082","2026-03-05 23:01:55.355","2026-03-20 13:30:20.855","7019cccc-d845-495e-beb8-06e85171c082","[PREMIUM]","Used",2023,"GMC","Sierra 1500","Denali Ultimate","[PREMIUM]","[PREMIUM]",53030,"Truck","Titanium Rush Metallic","Alpine Umber","Four-wheel Drive",,,"Gasoline",,,"dealership","[PREMIUM]","Dubuque","IA","[PREMIUM]",,"[]",,,"[PREMIUM]"
"ce47f538-6b04-47e2-b6a9-e02a235a032b","2026-03-05 23:01:55.319","2026-03-17 13:30:01.068","ce47f538-6b04-47e2-b6a9-e02a235a032b","[PREMIUM]","Used",2023,"Mercedes-Benz","CLS 450","Base","[PREMIUM]","[PREMIUM]",22939,"Sedan","Graphite Grey Metallic","Black Leather","All-wheel Drive",,,"Gasoline",,,"dealership","[PREMIUM]","Leesburg","VA","[PREMIUM]",,"[]",,,"[PREMIUM]"
"cb10f184-74e2-488b-850c-57839f047f01","2026-03-05 23:01:34.300","2026-03-17 13:29:49.567","cb10f184-74e2-488b-850c-57839f047f01","[PREMIUM]","Used",2023,"Toyota","Supra","3.0 Premium","[PREMIUM]","[PREMIUM]",17395,"Coupe","Stratosphere",,"Rear-wheel Drive",,,"Gasoline",,,"dealership","[PREMIUM]","North Brunswick","NJ","[PREMIUM]",,"[]",,,"[PREMIUM]"
"2077fd13-4c9c-4c5b-b8cc-f4fec7c1b010","2026-03-05 23:01:24.117","2026-03-14 13:24:52.336","2077fd13-4c9c-4c5b-b8cc-f4fec7c1b010","[PREMIUM]","Used",2023,"Chevrolet","Tahoe","RST","[PREMIUM]","[PREMIUM]",12124,"SUV","Black","BLACK","Rear-wheel Drive",,,"Gasoline",,,"dealership","[PREMIUM]","Orlando","FL","[PREMIUM]",,"[]",,,"[PREMIUM]"
"edd9cea7-b30c-4104-91a0-e214db1c3251","2026-03-05 23:01:24.099","2026-03-05 23:01:24.099","edd9cea7-b30c-4104-91a0-e214db1c3251","[PREMIUM]","Used",2024,"Chevrolet","Silverado 2500","LT","[PREMIUM]","[PREMIUM]",21472,"Truck","Summit White","Jet Black","Four-wheel Drive",,,"Diesel",,,"dealership","[PREMIUM]","Sullivan","MO","[PREMIUM]",,"[]",,,"[PREMIUM]"
"22e68c95-acce-49af-b860-c4e54a246d13","2026-03-05 23:01:24.061","2026-03-14 13:24:40.462","22e68c95-acce-49af-b860-c4e54a246d13","[PREMIUM]","Used",2024,"Toyota","Tundra","Platinum","[PREMIUM]","[PREMIUM]",22707,"Truck","Silver","BLACK","Four-wheel Drive",,,"Gasoline",,,"dealership","[PREMIUM]","Greensboro","NC","[PREMIUM]",,"[]",,,"[PREMIUM]"
"5731e72c-abe7-4384-9a7b-e3b562b7055f","2026-03-05 23:01:24.001","2026-03-05 23:01:24.001","5731e72c-abe7-4384-9a7b-e3b562b7055f","[PREMIUM]","Used",2024,"Genesis","GV80","3.5T","[PREMIUM]","[PREMIUM]",28279,"SUV","Makalu Gray","Black","All-wheel Drive",,,"Gasoline",,,"dealership","[PREMIUM]","SCHAUMBURG","IL","[PREMIUM]",,"[]",,,"[PREMIUM]"
"658a17c6-2f0a-44b9-8eec-e4153a1da533","2026-03-05 23:01:23.964","2026-03-14 13:24:52.065","658a17c6-2f0a-44b9-8eec-e4153a1da533","[PREMIUM]","Used",2024,"GMC","Sierra 1500","AT4","[PREMIUM]","[PREMIUM]",19198,"Truck","Sterling","Jet Black","Four-wheel Drive",,,"Gasoline",,,"dealership","[PREMIUM]","Danbury","CT","[PREMIUM]",,"[]",,,"[PREMIUM]"
"da2e9463-5f21-49a0-a77d-065360688735","2026-03-05 23:01:23.954","2026-03-05 23:01:23.954","da2e9463-5f21-49a0-a77d-065360688735","[PREMIUM]","Used",2023,"BMW","i7","xDrive60","[PREMIUM]","[PREMIUM]",34203,"Sedan","Carbon Black Metallic","Black","All-wheel Drive",,,"Electric",,,"dealership","[PREMIUM]","Kenosha","WI","[PREMIUM]",,"[]",,,"[PREMIUM]"
"55cd5bf1-8a18-4ac7-9760-e3caaff4bd7d","2026-03-05 23:01:23.781","2026-03-05 23:01:23.781","55cd5bf1-8a18-4ac7-9760-e3caaff4bd7d","[PREMIUM]","Used",2023,"Porsche","Cayenne","Cayenne","[PREMIUM]","[PREMIUM]",34686,"SUV","Quartzite Grey Metallic","Black/Mojave Beige","All-wheel Drive",,,"Gasoline",,,"dealership","[PREMIUM]","San Diego","CA","[PREMIUM]",,"[]",,,"[PREMIUM]"
"17361f9e-fc3c-4840-b11b-4602c7d2e212","2026-03-05 23:01:23.777","2026-03-14 13:24:52.344","17361f9e-fc3c-4840-b11b-4602c7d2e212","[PREMIUM]","Used",2023,"Jaguar","F-PACE","SVR","[PREMIUM]","[PREMIUM]",55173,"SUV","Santorini Black","Ebony","All-wheel Drive",,,"Gasoline",,,"dealership","[PREMIUM]","Wayne","PA","[PREMIUM]",,"[]",,,"[PREMIUM]"
"01d31854-e752-4d2a-bbfb-e2f0a6bc3515","2026-03-05 23:01:23.774","2026-03-05 23:01:23.774","01d31854-e752-4d2a-bbfb-e2f0a6bc3515","[PREMIUM]","Used",2023,"Land Rover","Defender","110 SE","[PREMIUM]","[PREMIUM]",45815,"SUV","Fuji White","Ebony","Four-wheel Drive",,,"Gasoline",,,"dealership","[PREMIUM]","Seaside","CA","[PREMIUM]",,"[]",,,"[PREMIUM]"
"0f74ecdd-1852-4f55-96e6-630d81068091","2026-03-05 23:01:23.758","2026-03-17 13:30:01.530","0f74ecdd-1852-4f55-96e6-630d81068091","[PREMIUM]","Used",2024,"Toyota","Tundra","1794 Edition","[PREMIUM]","[PREMIUM]",20913,"Truck","Magnetic Gray Metallic","Saddle Tan","Four-wheel Drive",,,"Gasoline",,,"dealership","[PREMIUM]","Chesapeake","VA","[PREMIUM]",,"[]",,,"[PREMIUM]"
"c928e8a5-a1e7-4d0e-980f-54ca659401c7","2026-03-05 23:01:23.656","2026-03-11 07:11:15.520","c928e8a5-a1e7-4d0e-980f-54ca659401c7","[PREMIUM]","Used",2023,"Lexus","GX 460","Premium","[PREMIUM]","[PREMIUM]",26167,"SUV","White","RED","Four-wheel Drive",,,"Gasoline",,,"dealership","[PREMIUM]","Davie","FL","[PREMIUM]",,"[]",,,"[PREMIUM]"
"1b291949-c978-4fb5-9a6e-8a61ca3f7ffa","2026-03-05 23:01:23.605","2026-03-17 13:30:02.298","1b291949-c978-4fb5-9a6e-8a61ca3f7ffa","[PREMIUM]","Used",2024,"GMC","Sierra 1500","Denali","[PREMIUM]","[PREMIUM]",57383,"Truck","Metallic","Atmosphere","Four-wheel Drive",,,"Gasoline",,,"dealership","[PREMIUM]","Chesapeake","VA","[PREMIUM]",,"[]",,,"[PREMIUM]"
"132ad93f-01eb-4604-ad11-188fb2612da5","2026-03-05 23:01:23.604","2026-03-20 13:30:20.923","132ad93f-01eb-4604-ad11-188fb2612da5","[PREMIUM]","Used",2024,"Chevrolet","Silverado 1500","ZR2","[PREMIUM]","[PREMIUM]",20916,"Truck","Summit White","Jet Black","Four-wheel Drive",,,"Gasoline",,,"dealership","[PREMIUM]","Columbus","OH","[PREMIUM]",,"[]",,,"[PREMIUM]"
"c34fc413-965e-4e6e-8348-f68e7e1c0346","2026-03-05 23:01:23.603","2026-03-05 23:01:23.603","c34fc413-965e-4e6e-8348-f68e7e1c0346","[PREMIUM]","Used",2024,"Chevrolet","Tahoe","Z71","[PREMIUM]","[PREMIUM]",38653,"SUV","Sterling Gray Metallic","Black","Four-wheel Drive",,,"Gasoline",,,"dealership","[PREMIUM]","Austin","TX","[PREMIUM]",,"[]",,,"[PREMIUM]"
"aa0110f6-1d8c-4c8a-b165-7603ee012947","2026-03-05 23:01:23.593","2026-03-05 23:01:23.593","aa0110f6-1d8c-4c8a-b165-7603ee012947","[PREMIUM]","Used",2023,"Mercedes-Benz","GLE 450","4MATIC","[PREMIUM]","[PREMIUM]",23826,"SUV","MANUFAKTUR Diamond White Bright","Black","AWD",,,"Gasoline",,,"dealership","[PREMIUM]","West Covina","CA","[PREMIUM]",,"[]",,,"[PREMIUM]"
"b7178f8a-5897-4c8e-b649-02b1391af97f","2026-03-05 23:01:23.590","2026-03-20 13:30:20.847","b7178f8a-5897-4c8e-b649-02b1391af97f","[PREMIUM]","Used",2023,"BMW","740","i","[PREMIUM]","[PREMIUM]",52717,"Sedan","Black Sapphire Metallic","Black","Rear-wheel Drive",,,"Gasoline",,,"dealership","[PREMIUM]","Riverside","CA","[PREMIUM]",,"[]",,,"[PREMIUM]"
"6f8d6dff-ee1a-4f8a-9f4b-bb7987a69fe5","2026-03-05 23:01:23.581","2026-03-05 23:01:23.581","6f8d6dff-ee1a-4f8a-9f4b-bb7987a69fe5","[PREMIUM]","Used",2023,"Jeep","Grand Wagoneer","Series II","[PREMIUM]","[PREMIUM]",26892,"SUV","Black","BLUE","4WD",,,"Gas",,,"dealership","[PREMIUM]","Pharr","TX","[PREMIUM]",,"[]",,,"[PREMIUM]"
"ad4d6126-2b38-4b24-a1c5-9247a5ffe9f9","2026-03-05 23:01:23.578","2026-03-20 13:30:20.805","ad4d6126-2b38-4b24-a1c5-9247a5ffe9f9","[PREMIUM]","Used",2024,"Chevrolet","Tahoe","RST","[PREMIUM]","[PREMIUM]",76581,"SUV","Black","Jet Black","Four-wheel Drive",,,"Gasoline",,,"dealership","[PREMIUM]","Woodstock","IL","[PREMIUM]",,"[]",,,"[PREMIUM]"
"01351310-29b4-4fd4-892e-d23a6ea715a7","2026-03-05 23:01:23.542","2026-03-14 13:24:51.898","01351310-29b4-4fd4-892e-d23a6ea715a7","[PREMIUM]","New",2025,"Ford","F-150","XLT","[PREMIUM]","[PREMIUM]",75,"Truck","Blue Metallic","Black","Four-wheel Drive",,,"Gasoline",,,"dealership","[PREMIUM]","Shakopee","MN","[PREMIUM]",,"[]",,,"[PREMIUM]"
"b9ce235e-7c1a-4645-80c9-14fa612aefae","2026-03-05 23:01:23.540","2026-03-20 13:30:20.934","b9ce235e-7c1a-4645-80c9-14fa612aefae","[PREMIUM]","Used",2024,"GMC","Sierra 1500","Denali","[PREMIUM]","[PREMIUM]",31768,"Truck","White","Atmosphere/Brownstone","Four-wheel Drive",,,"Gasoline",,,"dealership","[PREMIUM]","Santa Fe","NM","[PREMIUM]",,"[]",,,"[PREMIUM]"
"456c57f0-e318-4de5-b2b8-2b3e20053202","2026-03-05 23:01:23.528","2026-03-05 23:01:23.528","456c57f0-e318-4de5-b2b8-2b3e20053202","[PREMIUM]","Used",2023,"BMW","X7","xDrive40i","[PREMIUM]","[PREMIUM]",38780,"SUV","Sparkling Copper Metallic","Cognac","All-wheel Drive",,,"Gasoline",,,"dealership","[PREMIUM]","Glendale","AZ","[PREMIUM]",,"[]",,,"[PREMIUM]"
"4295ac0d-b392-4a43-b90d-dfaae6be489a","2026-03-05 23:01:13.233","2026-03-05 23:01:13.233","4295ac0d-b392-4a43-b90d-dfaae6be489a","[PREMIUM]","New",2025,"Audi","Q5","2.0T quattro Premium","[PREMIUM]","[PREMIUM]",11,"SUV","Gray","Black","AWD",,,"Gasoline",,,"dealership","[PREMIUM]","Fort Washington","PA","[PREMIUM]",,"[]",,,"[PREMIUM]"
