"_primaryKey","_firstSeenAt","_lastSeenAt","listingId","vin","stockType","year","make","model","trim","price","msrp","mileage","bodyStyle","exteriorColor","interiorColor","drivetrain","transmission","engine","fuelType","mpg","stockNumber","sellerType","sellerName","sellerCity","sellerState","images","imagesCount","options","optionsCount","description","listingUrl"
"a99ad63f-d955-44d8-9cc5-8553e8386c7e","2026-04-08 23:59:59.747","2026-04-12 00:00:12.146","a99ad63f-d955-44d8-9cc5-8553e8386c7e","[PREMIUM]","Used",2025,"Kia","Telluride","SX Prestige X-Line","[PREMIUM]","[PREMIUM]",3052,"SUV","Midnight Lake Blue","Black","All-wheel Drive",,,"Gasoline",,,"dealership","[PREMIUM]","Las Vegas","NV","[PREMIUM]",,"[]",,,"[PREMIUM]"
"95e1110b-3753-476e-be24-e92a48c90db4","2026-04-08 23:59:59.731","2026-04-12 00:00:12.270","95e1110b-3753-476e-be24-e92a48c90db4","[PREMIUM]","Used",2023,"Toyota","4Runner","TRD Off Road Premium","[PREMIUM]","[PREMIUM]",12582,"SUV","Ice Cap","Black/Graphite","Four-wheel Drive",,,"Gasoline",,,"dealership","[PREMIUM]","Highlands Ranch","CO","[PREMIUM]",,"[]",,,"[PREMIUM]"
"f8b136e8-61a9-4779-9ec5-dc1fe278901b","2026-04-08 23:59:59.721","2026-04-12 00:00:12.125","f8b136e8-61a9-4779-9ec5-dc1fe278901b","[PREMIUM]","Used",2015,"Jeep","Wrangler","Sahara","[PREMIUM]","[PREMIUM]",73895,"SUV","Black Clearcoat","Black","Four-wheel Drive",,,"Gasoline",,,"dealership","[PREMIUM]","Mentor","OH","[PREMIUM]",,"[]",,,"[PREMIUM]"
"9a812325-5a62-4648-8a64-4ee4858443d0","2026-04-08 23:59:59.695","2026-04-08 23:59:59.695","9a812325-5a62-4648-8a64-4ee4858443d0","[PREMIUM]","Used",2015,"Jeep","Wrangler Unlimited","Rubicon","[PREMIUM]","[PREMIUM]",151427,"SUV","Black Clearcoat","Black","Four-wheel Drive",,,"Gasoline",,,"dealership","[PREMIUM]","Santa Fe","NM","[PREMIUM]",,"[]",,,"[PREMIUM]"
"f4cbc75f-a489-4f5e-b114-262ca51c4a69","2026-04-08 23:59:49.323","2026-04-12 00:00:01.595","f4cbc75f-a489-4f5e-b114-262ca51c4a69","[PREMIUM]","Used",2024,"Ford","Bronco","Badlands","[PREMIUM]","[PREMIUM]",22470,"SUV","Race Red","Black Onyx","Four-wheel Drive",,,"Gasoline",,,"dealership","[PREMIUM]","Little Rock","AR","[PREMIUM]",,"[]",,,"[PREMIUM]"
"9263b35c-0dea-47ef-ac33-70f519950982","2026-04-08 23:59:49.312","2026-04-12 00:00:01.486","9263b35c-0dea-47ef-ac33-70f519950982","[PREMIUM]","New",2026,"Chevrolet","Colorado","LT","[PREMIUM]","[PREMIUM]",0,"Truck","Radiant Red Tintcoat","Jet Black","Rear-wheel Drive",,,"Gasoline",,,"dealership","[PREMIUM]","Santa Paula","CA","[PREMIUM]",,"[]",,,"[PREMIUM]"
"9cc64d42-2032-495f-a9df-5e4a72b31f34","2026-04-08 23:59:49.186","2026-04-12 00:00:01.466","9cc64d42-2032-495f-a9df-5e4a72b31f34","[PREMIUM]","New",2026,"Honda","Ridgeline","TrailSport","[PREMIUM]","[PREMIUM]",5,"Truck","Solar Silver Metallic","Black","All-wheel Drive",,,"Gasoline",,,"dealership","[PREMIUM]","Quincy","IL","[PREMIUM]",,"[]",,,"[PREMIUM]"
"3666440a-ba59-41de-aea2-264f3e91e3d5","2026-04-08 23:59:39.059","2026-04-15 00:00:00.574","3666440a-ba59-41de-aea2-264f3e91e3d5","[PREMIUM]","Used",2024,"Lincoln","Nautilus","Premiere","[PREMIUM]","[PREMIUM]",554,"SUV","Diamond Red",,"All-wheel Drive",,,"Gasoline",,,"dealership","[PREMIUM]","Prescott","AZ","[PREMIUM]",,"[]",,,"[PREMIUM]"
"f9ce3d72-9e53-4909-a72c-4253ad17d4a7","2026-04-08 23:59:39.039","2026-04-08 23:59:39.039","f9ce3d72-9e53-4909-a72c-4253ad17d4a7","[PREMIUM]","New",2026,"Honda","Ridgeline","RTL","[PREMIUM]","[PREMIUM]",5,"Truck","Platinum White Pearl","Black","All-wheel Drive",,,"Gasoline",,,"dealership","[PREMIUM]","Quincy","IL","[PREMIUM]",,"[]",,,"[PREMIUM]"
"43d408ce-4049-4d6f-91d3-4dcbf7cd6504","2026-04-08 23:59:38.978","2026-04-08 23:59:38.978","43d408ce-4049-4d6f-91d3-4dcbf7cd6504","[PREMIUM]","Used",2024,"Chevrolet","Traverse","RS","[PREMIUM]","[PREMIUM]",29154,"SUV","White","BLACK","Four-wheel Drive",,,"Gasoline",,,"dealership","[PREMIUM]","Nashville","TN","[PREMIUM]",,"[]",,,"[PREMIUM]"
"86aae51a-fe41-4fd6-a05c-e21aacce2b52","2026-04-08 23:59:18.837","2026-04-08 23:59:18.837","86aae51a-fe41-4fd6-a05c-e21aacce2b52","[PREMIUM]","Used",2025,"Ford","Explorer","ST","[PREMIUM]","[PREMIUM]",29296,"SUV","Vapor Blue","Onyx","Four-wheel Drive",,,"Gasoline",,,"dealership","[PREMIUM]","Roseville","MN","[PREMIUM]",,"[]",,,"[PREMIUM]"
"4b8db2de-204b-4200-be71-1bf1f844a8fc","2026-04-08 23:59:18.776","2026-04-11 23:59:40.693","4b8db2de-204b-4200-be71-1bf1f844a8fc","[PREMIUM]","Used",2025,"BMW","X2","M35i","[PREMIUM]","[PREMIUM]",25871,"SUV","Red","RED","Four-wheel Drive",,,"Gasoline",,,"dealership","[PREMIUM]","Merrillville","IN","[PREMIUM]",,"[]",,,"[PREMIUM]"
"8023a441-975c-459e-893b-264aa32a3556","2026-04-08 23:59:08.663","2026-04-11 23:59:20.094","8023a441-975c-459e-893b-264aa32a3556","[PREMIUM]","Used",2025,"Lexus","NX 350","Premium","[PREMIUM]","[PREMIUM]",13927,"SUV","Cloudburst Gray","Black","All-wheel Drive",,,"Gasoline",,,"dealership","[PREMIUM]","Norwalk","CA","[PREMIUM]",,"[]",,,"[PREMIUM]"
"2537d0a7-3c31-4fdc-87d3-749a51c96083","2026-04-08 23:58:58.699","2026-04-14 23:59:20.175","2537d0a7-3c31-4fdc-87d3-749a51c96083","[PREMIUM]","Used",2015,"Jeep","Wrangler Unlimited","Sahara","[PREMIUM]","[PREMIUM]",103000,"SUV","Bright White Clearcoat","Black","Four-wheel Drive",,,"Gasoline",,,"dealership","[PREMIUM]","Plano","TX","[PREMIUM]",,"[]",,,"[PREMIUM]"
"131d29d3-7cf3-429a-a7be-787f1366e696","2026-04-08 23:58:48.588","2026-04-08 23:58:48.588","131d29d3-7cf3-429a-a7be-787f1366e696","[PREMIUM]","New",2026,"RAM","1500","Big Horn/Lone Star","[PREMIUM]","[PREMIUM]",5,"Truck","Bright White Clearcoat","Black","Rear-wheel Drive",,,"Gasoline",,,"dealership","[PREMIUM]","Hialeah","FL","[PREMIUM]",,"[]",,,"[PREMIUM]"
"c684a717-47af-467b-a521-a6b1ee4b8268","2026-04-08 23:58:48.524","2026-04-08 23:58:48.524","c684a717-47af-467b-a521-a6b1ee4b8268","[PREMIUM]","New",2026,"GMC","Canyon","Elevation","[PREMIUM]","[PREMIUM]",3,"Truck","Sterling Metallic","Jet Black","Rear-wheel Drive",,,"Gasoline",,,"dealership","[PREMIUM]","Slidell","LA","[PREMIUM]",,"[]",,,"[PREMIUM]"
"2fb49ae2-4e80-4ca8-8a29-2282c087565c","2026-04-08 23:58:48.479","2026-04-08 23:58:48.479","2fb49ae2-4e80-4ca8-8a29-2282c087565c","[PREMIUM]","New",2026,"RAM","1500","Big Horn/Lone Star","[PREMIUM]","[PREMIUM]",5,"Truck","Diamond Black","Black","Rear-wheel Drive",,,"Gasoline",,,"dealership","[PREMIUM]","Hialeah","FL","[PREMIUM]",,"[]",,,"[PREMIUM]"
"eb81d785-7b46-4541-ab5f-87c0520fc6bb","2026-04-08 23:58:48.471","2026-04-08 23:58:48.471","eb81d785-7b46-4541-ab5f-87c0520fc6bb","[PREMIUM]","Used",2015,"Jeep","Grand Cherokee","Altitude","[PREMIUM]","[PREMIUM]",109550,"SUV","Bright White Clearcoat","Black","Four-wheel Drive",,,"Gasoline",,,"dealership","[PREMIUM]","Kirkland","WA","[PREMIUM]",,"[]",,,"[PREMIUM]"
"5a008963-3288-4fa6-941a-25702b16cea3","2026-04-08 23:58:28.121","2026-04-08 23:58:28.121","5a008963-3288-4fa6-941a-25702b16cea3","[PREMIUM]","Used",2015,"Jeep","Wrangler Unlimited","Sahara","[PREMIUM]","[PREMIUM]",98513,"SUV","Firecracker Red Clear Coat","Black","Four-wheel Drive",,,"Gasoline",,,"dealership","[PREMIUM]","Huntley","IL","[PREMIUM]",,"[]",,,"[PREMIUM]"
"97e27cbe-002b-4a24-bb29-5ac2be5eaa62","2026-04-08 23:58:28.106","2026-04-08 23:58:28.106","97e27cbe-002b-4a24-bb29-5ac2be5eaa62","[PREMIUM]","Used",2015,"Toyota","RAV4","LE","[PREMIUM]","[PREMIUM]",101256,"SUV","Silver","BLACK","Rear-wheel Drive",,,"Gasoline",,,"dealership","[PREMIUM]","Austin","TX","[PREMIUM]",,"[]",,,"[PREMIUM]"
"91883180-ace2-49ce-934e-581e0c251e0c","2026-04-08 23:58:28.055","2026-04-08 23:58:28.055","91883180-ace2-49ce-934e-581e0c251e0c","[PREMIUM]","New",2026,"Chevrolet","Silverado 1500","RST","[PREMIUM]","[PREMIUM]",0,"Truck","Sterling Gray Metallic","Jet Black","Four-wheel Drive",,,"Gasoline",,,"dealership","[PREMIUM]","Troy","MI","[PREMIUM]",,"[]",,,"[PREMIUM]"
"4f1a789a-afcb-44e1-b364-cbfd8645ff9e","2026-04-08 23:57:57.957","2026-04-08 23:57:57.957","4f1a789a-afcb-44e1-b364-cbfd8645ff9e","[PREMIUM]","Used",2015,"Honda","Accord","EX","[PREMIUM]","[PREMIUM]",59459,"Sedan","White Orchid Pearl",,"FWD",,,"Gasoline",,,"dealership","[PREMIUM]","El Cajon","CA","[PREMIUM]",,"[]",,,"[PREMIUM]"
"1c775fb4-bdb4-4c6a-a812-d06099d53cc4","2026-04-08 23:57:57.889","2026-04-08 23:57:57.889","1c775fb4-bdb4-4c6a-a812-d06099d53cc4","[PREMIUM]","Used",2015,"Chevrolet","Traverse","LT","[PREMIUM]","[PREMIUM]",74829,"SUV","Gold","BLACK","Four-wheel Drive",,,"Gasoline",,,"dealership","[PREMIUM]","Loveland","CO","[PREMIUM]",,"[]",,,"[PREMIUM]"
"6f564e8d-9110-477b-b5ee-76f511396904","2026-04-08 23:57:57.857","2026-04-08 23:57:57.857","6f564e8d-9110-477b-b5ee-76f511396904","[PREMIUM]","Used",2015,"Kia","Optima","LX","[PREMIUM]","[PREMIUM]",27550,"Sedan","Burgundy","GRAY","Rear-wheel Drive",,,"Gasoline",,,"dealership","[PREMIUM]","Newark","DE","[PREMIUM]",,"[]",,,"[PREMIUM]"
"832b3011-2dae-44c9-8d17-4e2f686e49b7","2026-04-08 23:57:47.810","2026-04-08 23:57:47.810","832b3011-2dae-44c9-8d17-4e2f686e49b7","[PREMIUM]","Used",2015,"Toyota","Corolla","LE","[PREMIUM]","[PREMIUM]",54302,"Sedan","Silver","GRAY","Rear-wheel Drive",,,"Gasoline",,,"dealership","[PREMIUM]","Sterling","VA","[PREMIUM]",,"[]",,,"[PREMIUM]"
"b6437e94-d8f6-480b-bdc9-96ffd393ad07","2026-04-08 23:57:47.720","2026-04-08 23:57:47.720","b6437e94-d8f6-480b-bdc9-96ffd393ad07","[PREMIUM]","Used",2015,"Ford","Mustang","Ecoboost","[PREMIUM]","[PREMIUM]",45723,"Coupe","White","BLACK","Rear-wheel Drive",,,"Gasoline",,,"dealership","[PREMIUM]","Escondido","CA","[PREMIUM]",,"[]",,,"[PREMIUM]"
"c275a3f3-2903-4cfb-9c07-9047d3ca8cc8","2026-04-08 23:57:47.662","2026-04-14 23:58:19.453","c275a3f3-2903-4cfb-9c07-9047d3ca8cc8","[PREMIUM]","Used",2015,"Honda","CR-V","EX","[PREMIUM]","[PREMIUM]",75936,"SUV","White","BLACK","Rear-wheel Drive",,,"Gasoline",,,"dealership","[PREMIUM]","Huntsville","AL","[PREMIUM]",,"[]",,,"[PREMIUM]"
"a5db8821-a367-475b-b8ec-da68bc8467b8","2026-04-08 23:57:47.656","2026-04-11 23:57:58.324","a5db8821-a367-475b-b8ec-da68bc8467b8","[PREMIUM]","Used",2015,"Ford","F-150","XLT","[PREMIUM]","[PREMIUM]",99724,"Truck","Gray",,"Four-wheel Drive",,,"E85 Flex Fuel",,,"dealership","[PREMIUM]","Burlington","WI","[PREMIUM]",,"[]",,,"[PREMIUM]"
"f30cfa28-8cbf-4a67-bde8-bc9d25d88acb","2026-04-08 23:57:47.607","2026-04-08 23:57:47.607","f30cfa28-8cbf-4a67-bde8-bc9d25d88acb","[PREMIUM]","Used",2015,"Toyota","Prius","Two","[PREMIUM]","[PREMIUM]",67284,"Hatchback","Blue","GRAY","Rear-wheel Drive",,,"Hybrid",,,"dealership","[PREMIUM]","Schaumburg","IL","[PREMIUM]",,"[]",,,"[PREMIUM]"
"753ba28d-2c39-42b7-9027-5d98742d3bae","2026-04-08 23:57:47.498","2026-04-08 23:57:47.498","753ba28d-2c39-42b7-9027-5d98742d3bae","[PREMIUM]","Used",2015,"Mercedes-Benz","M-Class",,"[PREMIUM]","[PREMIUM]",66529,"SUV","Black","TAN","Four-wheel Drive",,,"Gasoline",,,"dealership","[PREMIUM]","White Marsh","MD","[PREMIUM]",,"[]",,,"[PREMIUM]"
"82a20dc2-739e-4879-8b1a-f69615f33fce","2026-04-08 23:57:47.494","2026-04-14 23:58:09.115","82a20dc2-739e-4879-8b1a-f69615f33fce","[PREMIUM]","Used",2015,"Chevrolet","Colorado",,"[PREMIUM]","[PREMIUM]",83598,"Truck","White","GRAY","Rear-wheel Drive",,,"Gasoline",,,"dealership","[PREMIUM]","Huntsville","AL","[PREMIUM]",,"[]",,,"[PREMIUM]"
"51c8e7dc-f017-4491-aa1b-20bac5cfc282","2026-04-08 23:57:47.493","2026-04-08 23:57:47.493","51c8e7dc-f017-4491-aa1b-20bac5cfc282","[PREMIUM]","Used",2015,"Toyota","RAV4","XLE","[PREMIUM]","[PREMIUM]",109646,"SUV","Silver","BLACK","Four-wheel Drive",,,"Gasoline",,,"dealership","[PREMIUM]","Laurel","MD","[PREMIUM]",,"[]",,,"[PREMIUM]"
"2bc9c968-507d-4002-bc71-837d5b687e68","2026-04-08 23:57:47.474","2026-04-08 23:57:47.474","2bc9c968-507d-4002-bc71-837d5b687e68","[PREMIUM]","Used",2015,"Honda","Accord","Sport","[PREMIUM]","[PREMIUM]",75623,"Sedan","Brown","BLACK","Rear-wheel Drive",,,"Gasoline",,,"dealership","[PREMIUM]","Saltillo","MS","[PREMIUM]",,"[]",,,"[PREMIUM]"
"edd5c21c-cfac-460a-80f9-43412f1b99a2","2026-04-08 23:57:47.471","2026-04-08 23:57:47.471","edd5c21c-cfac-460a-80f9-43412f1b99a2","[PREMIUM]","Used",2015,"Lexus","ES 300h",,"[PREMIUM]","[PREMIUM]",95016,"Sedan","Black","BLACK","Rear-wheel Drive",,,"Hybrid",,,"dealership","[PREMIUM]","Torrance","CA","[PREMIUM]",,"[]",,,"[PREMIUM]"
"de066948-168e-43c8-baaa-0ef1e776578b","2026-04-08 23:57:47.453","2026-04-08 23:57:47.453","de066948-168e-43c8-baaa-0ef1e776578b","[PREMIUM]","Used",2015,"Volvo","V60","T5 Premier Plus","[PREMIUM]","[PREMIUM]",63825,"Wagon","Blue","BLACK","Four-wheel Drive",,,"Gasoline",,,"dealership","[PREMIUM]","Cranston","RI","[PREMIUM]",,"[]",,,"[PREMIUM]"
"4bc4adc0-605b-4ce9-89a6-46449f2c1cff","2026-04-08 23:57:47.434","2026-04-14 23:58:09.153","4bc4adc0-605b-4ce9-89a6-46449f2c1cff","[PREMIUM]","Used",2015,"Honda","Accord","Sport","[PREMIUM]","[PREMIUM]",75715,"Sedan","Tan","BLACK","Rear-wheel Drive",,,"Gasoline",,,"dealership","[PREMIUM]","Norcross","GA","[PREMIUM]",,"[]",,,"[PREMIUM]"
"17219f1c-f944-4649-bc44-88cffd7d0f60","2026-04-08 23:57:47.410","2026-04-08 23:57:47.410","17219f1c-f944-4649-bc44-88cffd7d0f60","[PREMIUM]","Used",2017,"Dodge","Challenger","R/T 392","[PREMIUM]","[PREMIUM]",24410,"Coupe","Green","Black","Rear-wheel Drive",,,,,,"private","[PREMIUM]",,,"[PREMIUM]",,"[]",,,"[PREMIUM]"
"1116a2f1-ca6d-42b5-9243-51c4f410f36b","2026-04-08 23:57:27.336","2026-04-11 23:57:58.311","1116a2f1-ca6d-42b5-9243-51c4f410f36b","[PREMIUM]","Used",2016,"BMW","750","i xDrive","[PREMIUM]","[PREMIUM]",97716,"Sedan","Dark Graphite Metallic","Ivory White/Black","All-wheel Drive",,,"Gasoline",,,"dealership","[PREMIUM]","Columbia","MO","[PREMIUM]",,"[]",,,"[PREMIUM]"
"77e4ca4d-ca14-4fd5-a6e3-c17f644a3ec8","2026-04-08 23:57:27.326","2026-04-08 23:57:27.326","77e4ca4d-ca14-4fd5-a6e3-c17f644a3ec8","[PREMIUM]","Used",2016,"Chevrolet","Colorado","LT","[PREMIUM]","[PREMIUM]",105416,"Truck","Black","Jet Black","Four-wheel Drive",,,"Gasoline",,,"dealership","[PREMIUM]","Mentor","OH","[PREMIUM]",,"[]",,,"[PREMIUM]"
"cc4b5b69-a18e-4916-96e0-83d82f65f12a","2026-04-08 23:57:27.287","2026-04-08 23:57:27.287","cc4b5b69-a18e-4916-96e0-83d82f65f12a","[PREMIUM]","New",2026,"Jeep","Wrangler","Sport","[PREMIUM]","[PREMIUM]",8,"SUV","Anvil Clearcoat","Black","Four-wheel Drive",,,"Gasoline",,,"dealership","[PREMIUM]","Woodville","OH","[PREMIUM]",,"[]",,,"[PREMIUM]"
"dc6b93aa-61ac-456e-96ce-e1671cacfcee","2026-04-08 23:57:27.283","2026-04-14 23:58:19.480","dc6b93aa-61ac-456e-96ce-e1671cacfcee","[PREMIUM]","Used",2016,"Acura","RDX","Technology Package","[PREMIUM]","[PREMIUM]",105320,"SUV","Graphite Luster Metallic","Ebony","Front-wheel Drive",,,"Gasoline",,,"dealership","[PREMIUM]","Edmond","OK","[PREMIUM]",,"[]",,,"[PREMIUM]"
"7382ba7b-91b5-4dd2-a644-cf2977549899","2026-04-08 23:57:27.005","2026-04-11 23:57:58.404","7382ba7b-91b5-4dd2-a644-cf2977549899","[PREMIUM]","Used",2016,"Subaru","Legacy","3.6R Limited","[PREMIUM]","[PREMIUM]",26410,"Sedan","Silver","BLACK","Four-wheel Drive",,,"Gasoline",,,"dealership","[PREMIUM]","Fremont","CA","[PREMIUM]",,"[]",,,"[PREMIUM]"
"ee999cbf-7b16-4aba-9853-00fdfccd0cac","2026-04-08 23:57:26.996","2026-04-08 23:57:26.996","ee999cbf-7b16-4aba-9853-00fdfccd0cac","[PREMIUM]","Used",2016,"Honda","Civic","LX","[PREMIUM]","[PREMIUM]",92617,"Sedan","Gray","GRAY","2WD",,,"Gas",,,"dealership","[PREMIUM]","Norcross","GA","[PREMIUM]",,"[]",,,"[PREMIUM]"
"9be9fb70-2089-4642-82c2-8dfc82c092cb","2026-04-08 23:57:26.991","2026-04-14 23:58:09.084","9be9fb70-2089-4642-82c2-8dfc82c092cb","[PREMIUM]","New",2026,"Nissan","Rogue","SL","[PREMIUM]","[PREMIUM]",6,"SUV","Alpine Frost","Black","All-wheel Drive",,,"Hybrid",,,"dealership","[PREMIUM]","South Portland","ME","[PREMIUM]",,"[]",,,"[PREMIUM]"
"a4a5224a-dcb2-4afa-845d-a9189425f7f9","2026-04-08 23:57:26.987","2026-04-08 23:57:26.987","a4a5224a-dcb2-4afa-845d-a9189425f7f9","[PREMIUM]","Used",2016,"Toyota","Corolla","LE Eco Premium","[PREMIUM]","[PREMIUM]",33130,"Sedan","White","BLACK","Rear-wheel Drive",,,"Gasoline",,,"dealership","[PREMIUM]","Beaverton","OR","[PREMIUM]",,"[]",,,"[PREMIUM]"
"6be272ad-6b8d-417d-85ce-73b09cce1951","2026-04-08 23:57:26.981","2026-04-08 23:57:26.981","6be272ad-6b8d-417d-85ce-73b09cce1951","[PREMIUM]","New",2026,"Nissan","Pathfinder","Rock Creek","[PREMIUM]","[PREMIUM]",5,"SUV","Super Black","Charcoal","Four-wheel Drive",,,"Gasoline",,,"dealership","[PREMIUM]","Gilroy","CA","[PREMIUM]",,"[]",,,"[PREMIUM]"
"a66b3dc2-9311-4f85-b092-24c4d857a303","2026-04-08 23:57:26.955","2026-04-14 23:58:09.088","a66b3dc2-9311-4f85-b092-24c4d857a303","[PREMIUM]","New",2026,"Hyundai","PALISADE","SEL","[PREMIUM]","[PREMIUM]",10,"SUV","Pearl","Black","All-wheel Drive",,,"Gasoline",,,"dealership","[PREMIUM]","Somersworth","NH","[PREMIUM]",,"[]",,,"[PREMIUM]"
"d0d8929e-9084-4145-a850-4ebf9de060c1","2026-04-08 23:57:26.943","2026-04-08 23:57:26.943","d0d8929e-9084-4145-a850-4ebf9de060c1","[PREMIUM]","Used",2016,"BMW","320","XI","[PREMIUM]","[PREMIUM]",73115,"Sedan","White","TAN","Four-wheel Drive",,,"Gasoline",,,"dealership","[PREMIUM]","Raleigh","NC","[PREMIUM]",,"[]",,,"[PREMIUM]"
"246f7865-1464-4509-b64d-fde1ac13b875","2026-04-08 23:57:16.710","2026-04-08 23:57:16.710","246f7865-1464-4509-b64d-fde1ac13b875","[PREMIUM]","Used",2016,"BMW","328","I","[PREMIUM]","[PREMIUM]",45931,"Sedan","Blue","BLACK","Rear-wheel Drive",,,"Gasoline",,,"dealership","[PREMIUM]","Raleigh","NC","[PREMIUM]",,"[]",,,"[PREMIUM]"
"cd04b61d-f3de-449a-888f-82d05970694c","2026-04-08 23:57:16.652","2026-04-11 23:57:47.705","cd04b61d-f3de-449a-888f-82d05970694c","[PREMIUM]","Used",2016,"Mercedes-Benz","GLE 350",,"[PREMIUM]","[PREMIUM]",82644,"SUV","Black","BLACK","Rear-wheel Drive",,,"Gasoline",,,"dealership","[PREMIUM]","Garland","TX","[PREMIUM]",,"[]",,,"[PREMIUM]"
"b7817b56-2e52-494a-8eff-dd3fc1623678","2026-04-08 23:57:16.526","2026-04-08 23:57:16.526","b7817b56-2e52-494a-8eff-dd3fc1623678","[PREMIUM]","Used",2016,"Toyota","Corolla","LE Eco Plus","[PREMIUM]","[PREMIUM]",77946,"Sedan","Gray","BLUE","2WD",,,"Gas",,,"dealership","[PREMIUM]","Wilmington","NC","[PREMIUM]",,"[]",,,"[PREMIUM]"
"0506132e-0717-4fa4-85c3-fa99d6fe3168","2026-04-08 23:57:16.459","2026-04-08 23:57:16.459","0506132e-0717-4fa4-85c3-fa99d6fe3168","[PREMIUM]","Used",2016,"Toyota","Corolla","LE","[PREMIUM]","[PREMIUM]",50411,"Sedan","Black","GRAY","Rear-wheel Drive",,,"Gasoline",,,"dealership","[PREMIUM]","West Carrollton","OH","[PREMIUM]",,"[]",,,"[PREMIUM]"
"82407ad1-fb00-4a2d-8270-02eb4b360408","2026-04-08 23:57:16.453","2026-04-08 23:57:16.453","82407ad1-fb00-4a2d-8270-02eb4b360408","[PREMIUM]","Used",2016,"Mazda","Mazda3","I Sport","[PREMIUM]","[PREMIUM]",28520,"Hatchback","Gray","BLACK","2WD",,,"Gas",,,"dealership","[PREMIUM]","Sicklerville","NJ","[PREMIUM]",,"[]",,,"[PREMIUM]"
"89d1cca1-2596-40c2-b282-d028b75aa846","2026-04-08 23:57:16.453","2026-04-08 23:57:16.453","89d1cca1-2596-40c2-b282-d028b75aa846","[PREMIUM]","Used",2016,"Subaru","Legacy","2.5I Limited","[PREMIUM]","[PREMIUM]",107315,"Sedan","White","BLACK","Four-wheel Drive",,,"Gasoline",,,"dealership","[PREMIUM]","Sterling","VA","[PREMIUM]",,"[]",,,"[PREMIUM]"
"fa360ece-e5b8-47c9-9caa-b4f34fcc10e2","2026-04-08 23:57:16.440","2026-04-08 23:57:16.440","fa360ece-e5b8-47c9-9caa-b4f34fcc10e2","[PREMIUM]","Used",2016,"Toyota","Highlander","LE","[PREMIUM]","[PREMIUM]",115133,"SUV","Silver","GRAY","Rear-wheel Drive",,,"Gasoline",,,"dealership","[PREMIUM]","Fremont","CA","[PREMIUM]",,"[]",,,"[PREMIUM]"
"cd25f859-e652-41d9-8a02-7b4df254fa0e","2026-04-08 23:57:16.433","2026-04-08 23:57:16.433","cd25f859-e652-41d9-8a02-7b4df254fa0e","[PREMIUM]","Used",2016,"Nissan","Maxima","SR","[PREMIUM]","[PREMIUM]",76637,"Sedan","Silver","BLACK","Rear-wheel Drive",,,"Gasoline",,,"dealership","[PREMIUM]","San Antonio","TX","[PREMIUM]",,"[]",,,"[PREMIUM]"
"1eaa68e9-1ee6-4cbb-9161-78b3ff9b4359","2026-04-08 23:57:16.428","2026-04-11 23:57:47.740","1eaa68e9-1ee6-4cbb-9161-78b3ff9b4359","[PREMIUM]","Used",2016,"Buick","LaCrosse","Leather","[PREMIUM]","[PREMIUM]",52175,"Sedan","Gold","CREAM","Rear-wheel Drive",,,"Gasoline",,,"dealership","[PREMIUM]","Baton Rouge","LA","[PREMIUM]",,"[]",,,"[PREMIUM]"
"89be3cc7-922f-4efd-b91c-86ad80e122bc","2026-04-08 23:57:16.416","2026-04-11 23:57:47.865","89be3cc7-922f-4efd-b91c-86ad80e122bc","[PREMIUM]","Used",2016,"Toyota","Avalon","XLE","[PREMIUM]","[PREMIUM]",116740,"Sedan","White","BLACK","Rear-wheel Drive",,,"Gasoline",,,"dealership","[PREMIUM]","Murrieta","CA","[PREMIUM]",,"[]",,,"[PREMIUM]"
"d72905d1-d168-436b-a72f-53628e426b63","2026-04-08 23:57:16.405","2026-04-08 23:57:16.405","d72905d1-d168-436b-a72f-53628e426b63","[PREMIUM]","Used",2016,"BMW","228","XI","[PREMIUM]","[PREMIUM]",45702,"Coupe","Black","TAN","Four-wheel Drive",,,"Gasoline",,,"dealership","[PREMIUM]","Indianapolis","IN","[PREMIUM]",,"[]",,,"[PREMIUM]"
"3e5e55c0-5d33-4e4b-bb4a-2d65060c6edf","2026-04-08 23:57:16.393","2026-04-08 23:57:16.393","3e5e55c0-5d33-4e4b-bb4a-2d65060c6edf","[PREMIUM]","Used",2016,"Audi","A4","Premium","[PREMIUM]","[PREMIUM]",82565,"Sedan","Gray","BLACK","Rear-wheel Drive",,,"Gasoline",,,"dealership","[PREMIUM]","Irving","TX","[PREMIUM]",,"[]",,,"[PREMIUM]"
"ebdc6e6f-df84-4ada-92ca-1bb52783c259","2026-04-08 23:57:16.384","2026-04-08 23:57:16.384","ebdc6e6f-df84-4ada-92ca-1bb52783c259","[PREMIUM]","Used",2016,"BMW","228","I","[PREMIUM]","[PREMIUM]",65821,"Coupe","Silver","BLACK","Rear-wheel Drive",,,"Gasoline",,,"dealership","[PREMIUM]","Kenner","LA","[PREMIUM]",,"[]",,,"[PREMIUM]"
"b0407d09-a917-4b48-b381-b6a5673e3a5d","2026-04-08 23:57:16.383","2026-04-08 23:57:16.383","b0407d09-a917-4b48-b381-b6a5673e3a5d","[PREMIUM]","Used",2016,"Mercedes-Benz","CLA-Class",,"[PREMIUM]","[PREMIUM]",66648,"Sedan","Gray","BLACK","2WD",,,"Gas",,,"dealership","[PREMIUM]","Gilbert","AZ","[PREMIUM]",,"[]",,,"[PREMIUM]"
"4dc13cad-7616-4ee3-a8fe-07f7d605442b","2026-04-08 23:57:16.366","2026-04-08 23:57:16.366","4dc13cad-7616-4ee3-a8fe-07f7d605442b","[PREMIUM]","Used",2016,"Honda","Civic","LX","[PREMIUM]","[PREMIUM]",71886,"Sedan","Silver","BLACK","Rear-wheel Drive",,,"Gasoline",,,"dealership","[PREMIUM]","Lynnwood","WA","[PREMIUM]",,"[]",,,"[PREMIUM]"
"6d8c6053-cda5-42a1-bbb8-feeae4b853a8","2026-04-08 23:57:16.353","2026-04-08 23:57:16.353","6d8c6053-cda5-42a1-bbb8-feeae4b853a8","[PREMIUM]","Used",2016,"Chevrolet","Equinox","LT","[PREMIUM]","[PREMIUM]",73469,"SUV","White","BLACK","Four-wheel Drive",,,"Gasoline",,,"dealership","[PREMIUM]","Midlothian","VA","[PREMIUM]",,"[]",,,"[PREMIUM]"
"d3e9f096-1f79-4f4c-bb34-4a13e3d7164c","2026-04-08 23:57:16.345","2026-04-08 23:57:16.345","d3e9f096-1f79-4f4c-bb34-4a13e3d7164c","[PREMIUM]","Used",2016,"Acura","RDX","AWD","[PREMIUM]","[PREMIUM]",100433,"SUV","Black","BLACK","Four-wheel Drive",,,"Gasoline",,,"dealership","[PREMIUM]","Lithia Springs","GA","[PREMIUM]",,"[]",,,"[PREMIUM]"
"1385e7f1-4b77-480a-b655-ea4be0e43d2a","2026-04-08 23:57:16.342","2026-04-14 23:57:48.678","1385e7f1-4b77-480a-b655-ea4be0e43d2a","[PREMIUM]","Used",2016,"Subaru","WRX STI","Base","[PREMIUM]","[PREMIUM]",87000,"Sedan","Black","Black","All-wheel Drive",,,"Gasoline",,,"private","[PREMIUM]",,,"[PREMIUM]",,"[]",,,"[PREMIUM]"
"fb370540-8cde-4eb4-8397-cdc9fe328b7e","2026-04-08 23:57:16.341","2026-04-08 23:57:16.341","fb370540-8cde-4eb4-8397-cdc9fe328b7e","[PREMIUM]","Used",2016,"BMW","328","I","[PREMIUM]","[PREMIUM]",62674,"Sedan","Blue","BLACK","Rear-wheel Drive",,,"Gasoline",,,"dealership","[PREMIUM]","Hickory","NC","[PREMIUM]",,"[]",,,"[PREMIUM]"
"20b9f1a7-335d-4aad-a0e5-559af00a96b7","2026-04-08 23:57:16.338","2026-04-08 23:57:16.338","20b9f1a7-335d-4aad-a0e5-559af00a96b7","[PREMIUM]","New",2026,"RAM","1500","Lone Star","[PREMIUM]","[PREMIUM]",8,"Truck","Diamond Black Crystal Pearlcoat","Black","Rear-wheel Drive",,,"Gasoline",,,"dealership","[PREMIUM]","Fort Worth","TX","[PREMIUM]",,"[]",,,"[PREMIUM]"
"04e50abf-d2b3-4942-b5d2-f3232d4098a8","2026-04-08 23:57:05.888","2026-04-08 23:57:05.888","04e50abf-d2b3-4942-b5d2-f3232d4098a8","[PREMIUM]","New",2026,"Cadillac","XT5","Luxury","[PREMIUM]","[PREMIUM]",4,"SUV","Crystal White Tri-Coat","Jet Black","All-wheel Drive",,,"Gasoline",,,"dealership","[PREMIUM]","Kansas City","MO","[PREMIUM]",,"[]",,,"[PREMIUM]"
"b207c89a-8045-4790-9e14-67e0dd6f27d2","2026-04-08 23:57:05.868","2026-04-11 23:57:27.301","b207c89a-8045-4790-9e14-67e0dd6f27d2","[PREMIUM]","New",2026,"Subaru","Outback","Wilderness","[PREMIUM]","[PREMIUM]",6,"SUV","Crystal White Pearl","Black","All-wheel Drive",,,"Gasoline",,,"dealership","[PREMIUM]","Indianapolis","IN","[PREMIUM]",,"[]",,,"[PREMIUM]"
"5b09b22f-d10f-4a0c-b410-7a85fac08f67","2026-04-08 23:57:05.854","2026-04-08 23:57:05.854","5b09b22f-d10f-4a0c-b410-7a85fac08f67","[PREMIUM]","Used",2017,"Jeep","Cherokee","Latitude","[PREMIUM]","[PREMIUM]",57564,"SUV","Billet Silver Metallic Clearcoat","Black","Four-wheel Drive",,,"Gasoline",,,"dealership","[PREMIUM]","Chesapeake","VA","[PREMIUM]",,"[]",,,"[PREMIUM]"
"e9ceef48-1623-49e9-b04e-264a6df40a1a","2026-04-08 23:57:05.852","2026-04-08 23:57:05.852","e9ceef48-1623-49e9-b04e-264a6df40a1a","[PREMIUM]","Used",2017,"Honda","Pilot","Elite","[PREMIUM]","[PREMIUM]",158009,"SUV","Modern Steel Metallic","Black","All-wheel Drive",,,"Gasoline",,,"dealership","[PREMIUM]","Lansing","MI","[PREMIUM]",,"[]",,,"[PREMIUM]"
"e2ede9f5-9ec0-47d8-b218-fb6af13ad45d","2026-04-08 23:57:05.849","2026-04-14 23:57:48.669","e2ede9f5-9ec0-47d8-b218-fb6af13ad45d","[PREMIUM]","Used",2017,"Chevrolet","Silverado 1500","LT","[PREMIUM]","[PREMIUM]",167435,"Truck","Summit White","Jet Black","Four-wheel Drive",,,"Gasoline",,,"dealership","[PREMIUM]","Edmond","OK","[PREMIUM]",,"[]",,,"[PREMIUM]"
"42c1962f-8b90-4a3b-96e8-bb1cc4fa7c28","2026-04-08 23:57:05.843","2026-04-14 23:57:28.453","42c1962f-8b90-4a3b-96e8-bb1cc4fa7c28","[PREMIUM]","New",2026,"Kia","Sorento Hybrid","X-LINE SX PRESTIGE","[PREMIUM]","[PREMIUM]",10,"SUV","Green","Gray","All-wheel Drive",,,"Hybrid",,,"dealership","[PREMIUM]","Lawton","OK","[PREMIUM]",,"[]",,,"[PREMIUM]"
"b57cd1a9-b450-4b41-9cd7-545116fca463","2026-04-08 23:57:05.776","2026-04-08 23:57:05.776","b57cd1a9-b450-4b41-9cd7-545116fca463","[PREMIUM]","New",2026,"Jeep","Cherokee","Overland","[PREMIUM]","[PREMIUM]",10,"SUV","Red","Global Black","Four-wheel Drive",,,"Hybrid",,,"dealership","[PREMIUM]","Devils Lake","ND","[PREMIUM]",,"[]",,,"[PREMIUM]"
"ecf6a2bc-93d9-4c78-b9b5-2a4a5dcdd3ac","2026-04-08 23:56:55.284","2026-04-11 23:57:06.856","ecf6a2bc-93d9-4c78-b9b5-2a4a5dcdd3ac","[PREMIUM]","Used",2017,"Chevrolet","Express 2500","LS","[PREMIUM]","[PREMIUM]",86914,"Passenger Van","Summit White","Medium Pewter","Rear-wheel Drive",,,"Gasoline",,,"dealership","[PREMIUM]","Jacksonville","FL","[PREMIUM]",,"[]",,,"[PREMIUM]"
"02deb334-1e04-4184-b1d3-7f4154b7a83e","2026-04-08 23:56:55.261","2026-04-11 23:57:06.868","02deb334-1e04-4184-b1d3-7f4154b7a83e","[PREMIUM]","Used",2017,"Ford","Edge","Sport","[PREMIUM]","[PREMIUM]",90157,"SUV","Ingot Silver Metallic","Ebony","All-wheel Drive",,,"Gasoline",,,"dealership","[PREMIUM]","Blair","NE","[PREMIUM]",,"[]",,,"[PREMIUM]"
"b771fdf2-0e0c-4f3e-b91a-18476424e226","2026-04-08 23:56:45.397","2026-04-08 23:56:45.397","b771fdf2-0e0c-4f3e-b91a-18476424e226","[PREMIUM]","Used",2017,"Nissan","Pathfinder","SL","[PREMIUM]","[PREMIUM]",80157,"SUV","White","TAN","Four-wheel Drive",,,"Gasoline",,,"dealership","[PREMIUM]","Fayetteville","NC","[PREMIUM]",,"[]",,,"[PREMIUM]"
"3a204fbb-5c77-4d6f-baa5-119a6febb6c6","2026-04-08 23:56:45.318","2026-04-11 23:57:06.865","3a204fbb-5c77-4d6f-baa5-119a6febb6c6","[PREMIUM]","New",2026,"Toyota","Tundra","SR5","[PREMIUM]","[PREMIUM]",10,"Truck","Ice Cap","Black","Four-wheel Drive",,,"Gasoline",,,"dealership","[PREMIUM]","Ontario","OR","[PREMIUM]",,"[]",,,"[PREMIUM]"
"4b4f9021-9221-4884-aa3f-9e3fb5ac9cd2","2026-04-08 23:56:45.228","2026-04-08 23:56:45.228","4b4f9021-9221-4884-aa3f-9e3fb5ac9cd2","[PREMIUM]","Used",2017,"Nissan","Rogue","SV","[PREMIUM]","[PREMIUM]",75855,"SUV","Black","BLACK","Four-wheel Drive",,,"Gasoline",,,"dealership","[PREMIUM]","White Marsh","MD","[PREMIUM]",,"[]",,,"[PREMIUM]"
"bed8def0-89a0-44f3-a716-44e6f583fcb7","2026-04-08 23:56:45.205","2026-04-11 23:56:56.662","bed8def0-89a0-44f3-a716-44e6f583fcb7","[PREMIUM]","Used",2017,"Subaru","Outback","2.5I Touring","[PREMIUM]","[PREMIUM]",118163,"Wagon","Green","BROWN","Four-wheel Drive",,,"Gasoline",,,"dealership","[PREMIUM]","Ocala","FL","[PREMIUM]",,"[]",,,"[PREMIUM]"
"11bf3dbe-ed84-4fcf-94e3-03014c7dfa72","2026-04-08 23:56:45.162","2026-04-08 23:56:45.162","11bf3dbe-ed84-4fcf-94e3-03014c7dfa72","[PREMIUM]","New",2026,"Buick","Envision","Sport Touring AWD","[PREMIUM]","[PREMIUM]",4,"SUV","Iridescent White Tricoat","Gray","All-wheel Drive",,,"Gasoline",,,"dealership","[PREMIUM]","Troy","MI","[PREMIUM]",,"[]",,,"[PREMIUM]"
"f924b4f0-ef08-43c5-b3b4-3981e5daba80","2026-04-08 23:56:45.139","2026-04-08 23:56:45.139","f924b4f0-ef08-43c5-b3b4-3981e5daba80","[PREMIUM]","New",2026,"GMC","Canyon","Elevation","[PREMIUM]","[PREMIUM]",0,"Truck","Sterling","Jet Black","Four-wheel Drive",,,"Gasoline",,,"dealership","[PREMIUM]","Rochester","NY","[PREMIUM]",,"[]",,,"[PREMIUM]"
"7c243d1b-cb33-4c29-807b-ad2c23a18cb2","2026-04-08 23:56:45.116","2026-04-11 23:56:56.355","7c243d1b-cb33-4c29-807b-ad2c23a18cb2","[PREMIUM]","New",2026,"Jeep","Wrangler","Sport S","[PREMIUM]","[PREMIUM]",5,"SUV","Granite Crystal Metallic Clearcoat","Black","Four-wheel Drive",,,"Gasoline",,,"dealership","[PREMIUM]","Butler","NJ","[PREMIUM]",,"[]",,,"[PREMIUM]"
"e84f2578-ea0e-4e95-ad34-e64d95fcb0f2","2026-04-08 23:56:45.104","2026-04-08 23:56:45.104","e84f2578-ea0e-4e95-ad34-e64d95fcb0f2","[PREMIUM]","Used",2017,"GMC","Acadia Limited",,"[PREMIUM]","[PREMIUM]",70534,"SUV","Black","BLACK","Four-wheel Drive",,,"Gasoline",,,"dealership","[PREMIUM]","Milwaukie","OR","[PREMIUM]",,"[]",,,"[PREMIUM]"
"680bd6f0-907d-4958-9cc5-661d2673c9e6","2026-04-08 23:56:45.103","2026-04-11 23:56:56.357","680bd6f0-907d-4958-9cc5-661d2673c9e6","[PREMIUM]","Used",2017,"Nissan","Altima","S","[PREMIUM]","[PREMIUM]",30908,"Sedan","White","BLACK","Rear-wheel Drive",,,"Gasoline",,,"dealership","[PREMIUM]","San Antonio","TX","[PREMIUM]",,"[]",,,"[PREMIUM]"
"36c8fac5-3e79-4870-979f-1d646f297a96","2026-04-08 23:56:45.092","2026-04-14 23:57:07.892","36c8fac5-3e79-4870-979f-1d646f297a96","[PREMIUM]","Used",2017,"Subaru","Forester","2.5I","[PREMIUM]","[PREMIUM]",46670,"SUV","White","BLACK","Four-wheel Drive",,,"Gasoline",,,"dealership","[PREMIUM]","Duarte","CA","[PREMIUM]",,"[]",,,"[PREMIUM]"
"cd0fdfc6-669b-4334-abf9-68d6741adaff","2026-04-08 23:56:45.088","2026-04-14 23:57:07.846","cd0fdfc6-669b-4334-abf9-68d6741adaff","[PREMIUM]","New",2026,"Buick","Envision","Sport Touring AWD","[PREMIUM]","[PREMIUM]",4,"SUV","Ebony Twilight Metallic","Gray","All-wheel Drive",,,"Gasoline",,,"dealership","[PREMIUM]","Troy","MI","[PREMIUM]",,"[]",,,"[PREMIUM]"
"9460886c-3313-497a-b8f4-07a00abe0f76","2026-04-08 23:56:45.085","2026-04-08 23:56:45.085","9460886c-3313-497a-b8f4-07a00abe0f76","[PREMIUM]","New",2026,"Ford","Explorer","ST-Line","[PREMIUM]","[PREMIUM]",1,"SUV","Carbonized Gray","Onyx","Four-wheel Drive",,,"Gasoline",,,"dealership","[PREMIUM]","Macomb","MI","[PREMIUM]",,"[]",,,"[PREMIUM]"
"056d3ee4-f1bd-4731-b69e-84735d547c75","2026-04-08 23:56:45.084","2026-04-11 23:56:56.401","056d3ee4-f1bd-4731-b69e-84735d547c75","[PREMIUM]","New",2026,"Ford","F-150","STX","[PREMIUM]","[PREMIUM]",5,"Truck","Oxford White",,"Rear-wheel Drive",,,"Gasoline",,,"dealership","[PREMIUM]","Prescott","AZ","[PREMIUM]",,"[]",,,"[PREMIUM]"
"697ee984-46f4-4836-9194-0cd95c637728","2026-04-08 23:56:45.083","2026-04-11 23:57:06.829","697ee984-46f4-4836-9194-0cd95c637728","[PREMIUM]","New",2026,"Buick","Envision","Avenir AWD","[PREMIUM]","[PREMIUM]",4,"SUV","Ebony Twilight Metallic","H1y/Ebony","All-wheel Drive",,,"Gasoline",,,"dealership","[PREMIUM]","Troy","MI","[PREMIUM]",,"[]",,,"[PREMIUM]"
"6aa0aa34-662b-40a6-9b8b-69e51d353865","2026-04-08 23:56:45.076","2026-04-17 23:59:08.371","6aa0aa34-662b-40a6-9b8b-69e51d353865","[PREMIUM]","New",2026,"Buick","Envision","Sport Touring AWD","[PREMIUM]","[PREMIUM]",4,"SUV","Iridescent White Tricoat","Gray","All-wheel Drive",,,"Gasoline",,,"dealership","[PREMIUM]","Troy","MI","[PREMIUM]",,"[]",,,"[PREMIUM]"
"7af9d130-8c7d-45c3-8889-5c17490a4cbd","2026-04-08 23:56:45.075","2026-04-08 23:56:45.075","7af9d130-8c7d-45c3-8889-5c17490a4cbd","[PREMIUM]","Used",2017,"Honda","Civic","LX","[PREMIUM]","[PREMIUM]",102528,"Sedan","Black","BLACK","Rear-wheel Drive",,,"Gasoline",,,"dealership","[PREMIUM]","O'Fallon","IL","[PREMIUM]",,"[]",,,"[PREMIUM]"
"046d2b46-ed39-40a7-95b2-48fe571f75e1","2026-04-08 23:56:45.061","2026-04-11 23:56:56.316","046d2b46-ed39-40a7-95b2-48fe571f75e1","[PREMIUM]","New",2026,"Ford","Mustang","EcoBoost","[PREMIUM]","[PREMIUM]",7,"Coupe","Carbonized Gray",,"Rear-wheel Drive",,,"Gasoline",,,"dealership","[PREMIUM]","Prescott","AZ","[PREMIUM]",,"[]",,,"[PREMIUM]"
"560c0529-a9e9-421e-8d1a-36ad96394ac9","2026-04-08 23:56:34.714","2026-04-08 23:56:34.714","560c0529-a9e9-421e-8d1a-36ad96394ac9","[PREMIUM]","Used",2017,"Jeep","Grand Cherokee","Limited","[PREMIUM]","[PREMIUM]",57606,"SUV","Silver","TAN","Four-wheel Drive",,,"Gasoline",,,"dealership","[PREMIUM]","Roseville","CA","[PREMIUM]",,"[]",,,"[PREMIUM]"
"952a9e3c-cc96-4bb8-ba69-52fdff9eade3","2026-04-08 23:56:34.709","2026-04-08 23:56:34.709","952a9e3c-cc96-4bb8-ba69-52fdff9eade3","[PREMIUM]","Used",2017,"Honda","Fit","EX-L","[PREMIUM]","[PREMIUM]",45487,"Hatchback","Purple","BLACK","Rear-wheel Drive",,,"Gasoline",,,"dealership","[PREMIUM]","MERIDIAN","ID","[PREMIUM]",,"[]",,,"[PREMIUM]"
"f41954e0-ae2f-4507-b514-e00bdd5b3137","2026-04-08 23:56:34.707","2026-04-08 23:56:34.707","f41954e0-ae2f-4507-b514-e00bdd5b3137","[PREMIUM]","Used",2017,"Mazda","Mazda3","Touring","[PREMIUM]","[PREMIUM]",106389,"Hatchback","Gray","BLACK","Rear-wheel Drive",,,"Gasoline",,,"dealership","[PREMIUM]","Roanoke","VA","[PREMIUM]",,"[]",,,"[PREMIUM]"
"119ff080-88f8-4116-9e58-2c16f5037be8","2026-04-08 23:56:34.672","2026-04-14 23:57:07.890","119ff080-88f8-4116-9e58-2c16f5037be8","[PREMIUM]","Used",2017,"Toyota","Corolla","LE","[PREMIUM]","[PREMIUM]",67430,"Sedan","Gold","BLACK","Rear-wheel Drive",,,"Gasoline",,,"dealership","[PREMIUM]","Cranston","RI","[PREMIUM]",,"[]",,,"[PREMIUM]"
"c0f72f0a-a14c-4310-9189-22911d2e6c37","2026-04-08 23:56:34.626","2026-04-08 23:56:34.626","c0f72f0a-a14c-4310-9189-22911d2e6c37","[PREMIUM]","Used",2017,"Toyota","Prius Prime","Advanced","[PREMIUM]","[PREMIUM]",44431,"Hatchback","Gray","Black","Front-wheel Drive",,,"Plug-In Hybrid",,,"private","[PREMIUM]",,,"[PREMIUM]",,"[]",,,"[PREMIUM]"
"03ad4eff-e973-48c2-9eff-217bb424a263","2026-04-08 23:56:34.623","2026-04-08 23:56:34.623","03ad4eff-e973-48c2-9eff-217bb424a263","[PREMIUM]","Used",2017,"Toyota","Highlander","XLE","[PREMIUM]","[PREMIUM]",137550,"SUV","Silver","Black","All-wheel Drive",,,"Gasoline",,,"private","[PREMIUM]",,,"[PREMIUM]",,"[]",,,"[PREMIUM]"
"df7bc420-cb4a-44bf-864e-8e873e44fcf7","2026-04-08 23:56:34.614","2026-04-08 23:56:34.614","df7bc420-cb4a-44bf-864e-8e873e44fcf7","[PREMIUM]","Used",2017,"BMW","320","I","[PREMIUM]","[PREMIUM]",41674,"Sedan","Blue","BLACK","Rear-wheel Drive",,,"Gasoline",,,"dealership","[PREMIUM]","Burbank","CA","[PREMIUM]",,"[]",,,"[PREMIUM]"
"bacaf21c-4295-4277-bb71-24d7ad8a204b","2026-04-08 23:56:34.612","2026-04-08 23:56:34.612","bacaf21c-4295-4277-bb71-24d7ad8a204b","[PREMIUM]","Used",2017,"Toyota","Corolla","LE","[PREMIUM]","[PREMIUM]",89565,"Sedan","Gray","BLACK","Rear-wheel Drive",,,"Gasoline",,,"dealership","[PREMIUM]","Pineville","NC","[PREMIUM]",,"[]",,,"[PREMIUM]"
"fc0ecc61-5705-407e-ad5d-24ab79fffe59","2026-04-08 23:56:34.609","2026-04-08 23:56:34.609","fc0ecc61-5705-407e-ad5d-24ab79fffe59","[PREMIUM]","Used",2017,"Audi","Q5","Premium Plus","[PREMIUM]","[PREMIUM]",61234,"SUV","Black","BLACK","Four-wheel Drive",,,"Gasoline",,,"dealership","[PREMIUM]","MERIDIAN","ID","[PREMIUM]",,"[]",,,"[PREMIUM]"
"0c029a42-59f6-473f-9aff-e5f4d52a46af","2026-04-08 23:56:34.607","2026-04-08 23:56:34.607","0c029a42-59f6-473f-9aff-e5f4d52a46af","[PREMIUM]","Used",2017,"Chevrolet","Tahoe","Premier","[PREMIUM]","[PREMIUM]",163000,"SUV","Black","Beige","Four-wheel Drive",,,"Gasoline",,,"private","[PREMIUM]",,,"[PREMIUM]",,"[]",,,"[PREMIUM]"
"def8a385-57e9-4df6-aa55-9a30c946df3a","2026-04-08 23:56:34.597","2026-04-08 23:56:34.597","def8a385-57e9-4df6-aa55-9a30c946df3a","[PREMIUM]","Used",2017,"Acura","TLX",,"[PREMIUM]","[PREMIUM]",60889,"Sedan","Red","TAN","2WD",,,"Gas",,,"dealership","[PREMIUM]","Lancaster","PA","[PREMIUM]",,"[]",,,"[PREMIUM]"
"bbf9c181-2362-4988-a2c1-fa138c6bcad1","2026-04-08 23:56:34.594","2026-04-14 23:57:07.857","bbf9c181-2362-4988-a2c1-fa138c6bcad1","[PREMIUM]","Used",2017,"Mercedes-Benz","C-Class","C 300","[PREMIUM]","[PREMIUM]",38000,"Sedan","Silver","White","Rear-wheel Drive",,,"Gasoline",,,"private","[PREMIUM]",,,"[PREMIUM]",,"[]",,,"[PREMIUM]"
"fc653974-516f-4bcd-b215-6230d6e63f78","2026-04-08 23:56:34.593","2026-04-08 23:56:34.593","fc653974-516f-4bcd-b215-6230d6e63f78","[PREMIUM]","Used",2017,"Audi","A4","Premium Plus","[PREMIUM]","[PREMIUM]",42825,"Sedan","Silver","TAN","Four-wheel Drive",,,"Gasoline",,,"dealership","[PREMIUM]","Costa Mesa","CA","[PREMIUM]",,"[]",,,"[PREMIUM]"
"293a4ab5-f4b9-4760-852e-4ae1d94e0f1a","2026-04-08 23:56:34.591","2026-04-08 23:56:34.591","293a4ab5-f4b9-4760-852e-4ae1d94e0f1a","[PREMIUM]","Used",2017,"Honda","Accord","Sport","[PREMIUM]","[PREMIUM]",89598,"Sedan","White","BLACK","Rear-wheel Drive",,,"Gasoline",,,"dealership","[PREMIUM]","Federal Heights","CO","[PREMIUM]",,"[]",,,"[PREMIUM]"
"b7017f0b-4a9c-4f8f-bd15-222f8cdbe2fe","2026-04-08 23:56:24.095","2026-04-08 23:56:24.095","b7017f0b-4a9c-4f8f-bd15-222f8cdbe2fe","[PREMIUM]","Used",2018,"MINI","Countryman","Cooper S ALL4","[PREMIUM]","[PREMIUM]",60821,"SUV","Gray",,"All-wheel Drive",,,"Gasoline",,,"dealership","[PREMIUM]","Highlands Ranch","CO","[PREMIUM]",,"[]",,,"[PREMIUM]"
"47e83f59-fa2e-4f30-bee9-32631e147f39","2026-04-08 23:56:24.087","2026-04-08 23:56:24.087","47e83f59-fa2e-4f30-bee9-32631e147f39","[PREMIUM]","New",2026,"Chevrolet","Traverse","LT","[PREMIUM]","[PREMIUM]",19,"SUV","Mosaic Black Metallic","Jet Black","All-wheel Drive",,,"Gasoline",,,"dealership","[PREMIUM]","Murraysville","PA","[PREMIUM]",,"[]",,,"[PREMIUM]"
"4fb4a4bf-22d5-4b45-b741-fa5348344156","2026-04-08 23:56:24.066","2026-04-08 23:56:24.066","4fb4a4bf-22d5-4b45-b741-fa5348344156","[PREMIUM]","Used",2018,"Genesis","G90","3.3T Premium","[PREMIUM]","[PREMIUM]",81773,"Sedan","Victoria Black","Black","Rear-wheel Drive",,,"Gasoline",,,"dealership","[PREMIUM]","Orlando","FL","[PREMIUM]",,"[]",,,"[PREMIUM]"
"320d069f-4884-4fab-8ed2-08e307260a70","2026-04-08 23:56:13.991","2026-04-11 23:56:25.454","320d069f-4884-4fab-8ed2-08e307260a70","[PREMIUM]","New",2026,"Jeep","Wrangler","Sport S","[PREMIUM]","[PREMIUM]",5,"SUV","Granite Crystal Metallic Clearcoat","Black","Four-wheel Drive",,,"Gasoline",,,"dealership","[PREMIUM]","Butler","NJ","[PREMIUM]",,"[]",,,"[PREMIUM]"
"812b5593-0297-4877-a372-56063de39971","2026-04-08 23:56:03.909","2026-04-08 23:56:03.909","812b5593-0297-4877-a372-56063de39971","[PREMIUM]","New",2026,"Jeep","Wrangler","Sport S","[PREMIUM]","[PREMIUM]",5,"SUV","Granite Crystal Metallic Clearcoat","Black w/Cloth Low-Back Bucket Seats or Cloth Seat","Four-wheel Drive",,,"Gasoline",,,"dealership","[PREMIUM]","Butler","NJ","[PREMIUM]",,"[]",,,"[PREMIUM]"
"705f78ca-f052-4e89-9f10-51c367f4d0c1","2026-04-08 23:56:03.878","2026-04-11 23:56:15.223","705f78ca-f052-4e89-9f10-51c367f4d0c1","[PREMIUM]","New",2026,"Jeep","Grand Cherokee L","Limited","[PREMIUM]","[PREMIUM]",,"SUV","Metallic","Global Black","Four-wheel Drive",,,"Gasoline",,,"dealership","[PREMIUM]","Rochester Hills","MI","[PREMIUM]",,"[]",,,"[PREMIUM]"
"9e9c9604-7234-4e2e-890d-075ce8e91172","2026-04-08 23:55:53.851","2026-04-08 23:55:53.851","9e9c9604-7234-4e2e-890d-075ce8e91172","[PREMIUM]","New",2026,"Chrysler","Pacifica","L","[PREMIUM]","[PREMIUM]",5,"Minivan","Bright White Clearcoat","Black","Front-wheel Drive",,,"Gasoline",,,"dealership","[PREMIUM]","Butler","NJ","[PREMIUM]",,"[]",,,"[PREMIUM]"
"697a4076-b5c2-4721-b4b4-20eafd716138","2026-04-08 23:55:33.648","2026-04-11 23:55:54.948","697a4076-b5c2-4721-b4b4-20eafd716138","[PREMIUM]","Used",2018,"Chevrolet","Traverse","LT Leather","[PREMIUM]","[PREMIUM]",126391,"SUV","Summit White","Jet Black/Dark Galvanized","All-wheel Drive",,,"Gasoline",,,"dealership","[PREMIUM]","Blair","NE","[PREMIUM]",,"[]",,,"[PREMIUM]"
"16798e92-76ca-44d2-a23f-5e667394822c","2026-04-08 23:55:33.647","2026-04-11 23:55:54.820","16798e92-76ca-44d2-a23f-5e667394822c","[PREMIUM]","Used",2018,"Honda","Odyssey","Elite","[PREMIUM]","[PREMIUM]",138294,"Passenger Van","Crystal Black Pearl","Gray","Front-wheel Drive",,,"Gasoline",,,"dealership","[PREMIUM]","Columbia","MO","[PREMIUM]",,"[]",,,"[PREMIUM]"
"8106348d-e357-4c24-9c10-84717c745fab","2026-04-08 23:55:33.634","2026-04-08 23:55:33.634","8106348d-e357-4c24-9c10-84717c745fab","[PREMIUM]","Used",2018,"Toyota","RAV4","LE","[PREMIUM]","[PREMIUM]",124113,"SUV","Black","BLACK","Rear-wheel Drive",,,"Gasoline",,,"dealership","[PREMIUM]","Mobile","AL","[PREMIUM]",,"[]",,,"[PREMIUM]"
"46c17a07-8e8d-4203-989b-beeb049dfdde","2026-04-08 23:55:03.385","2026-04-20 23:55:51.700","46c17a07-8e8d-4203-989b-beeb049dfdde","[PREMIUM]","Used",2018,"Nissan","Kicks","SV","[PREMIUM]","[PREMIUM]",18254,"SUV","Black","BLACK","Rear-wheel Drive",,,"Gasoline",,,"dealership","[PREMIUM]","Fresno","CA","[PREMIUM]",,"[]",,,"[PREMIUM]"
"7a138fd8-ee47-441f-b925-b402cf6b329d","2026-04-08 23:55:03.310","2026-04-08 23:55:03.310","7a138fd8-ee47-441f-b925-b402cf6b329d","[PREMIUM]","Used",2018,"Honda","Civic","LX","[PREMIUM]","[PREMIUM]",63375,"Sedan","White","TAN","Rear-wheel Drive",,,"Gasoline",,,"dealership","[PREMIUM]","Palmdale","CA","[PREMIUM]",,"[]",,,"[PREMIUM]"
"3cf8a0c6-a8ec-4df0-b299-9a338577f1ca","2026-04-08 23:55:03.308","2026-04-08 23:55:03.308","3cf8a0c6-a8ec-4df0-b299-9a338577f1ca","[PREMIUM]","Used",2018,"Mercedes-Benz","GLA 250",,"[PREMIUM]","[PREMIUM]",66613,"SUV","White","BLACK","Four-wheel Drive",,,"Gasoline",,,"dealership","[PREMIUM]","Escondido","CA","[PREMIUM]",,"[]",,,"[PREMIUM]"
"a6f59e37-9639-426f-8180-b8a6d3ff1fdb","2026-04-08 23:54:43.159","2026-04-08 23:54:43.159","a6f59e37-9639-426f-8180-b8a6d3ff1fdb","[PREMIUM]","Used",2019,"Chevrolet","Blazer","2LT","[PREMIUM]","[PREMIUM]",118850,"SUV","Graphite Metallic","Jet Black","All-wheel Drive",,,"Gasoline",,,"dealership","[PREMIUM]","Eminence","KY","[PREMIUM]",,"[]",,,"[PREMIUM]"
"f073a87f-44bc-4d1a-89f9-689adad0b701","2026-04-08 23:54:43.075","2026-04-08 23:54:43.075","f073a87f-44bc-4d1a-89f9-689adad0b701","[PREMIUM]","Used",2019,"Honda","Odyssey","EX-L","[PREMIUM]","[PREMIUM]",107013,"Passenger Van","White Diamond Pearl","Gray","Front-wheel Drive",,,"Gasoline",,,"dealership","[PREMIUM]","Greensboro","NC","[PREMIUM]",,"[]",,,"[PREMIUM]"
"6aaf37df-c9e5-4b41-b612-7a152d7220e1","2026-04-08 23:54:43.074","2026-04-11 23:55:02.384","6aaf37df-c9e5-4b41-b612-7a152d7220e1","[PREMIUM]","Used",2019,"GMC","Acadia","SLT-2","[PREMIUM]","[PREMIUM]",105970,"SUV","White Frost Tricoat","Jet Black","All-wheel Drive",,,"Gasoline",,,"dealership","[PREMIUM]","Terre Haute","IN","[PREMIUM]",,"[]",,,"[PREMIUM]"
"114d972a-46a7-4599-be9f-f6fad3826ca0","2026-04-08 23:54:43.065","2026-04-08 23:54:43.065","114d972a-46a7-4599-be9f-f6fad3826ca0","[PREMIUM]","Used",2019,"Audi","Q7","55 Premium Plus","[PREMIUM]","[PREMIUM]",106077,"SUV","Silver Metallic","Black","All-wheel Drive",,,"Gasoline",,,"dealership","[PREMIUM]","Akron","OH","[PREMIUM]",,"[]",,,"[PREMIUM]"
"dd9510ab-eb71-4529-a19a-860d588cb5e2","2026-04-08 23:54:22.856","2026-04-08 23:54:22.856","dd9510ab-eb71-4529-a19a-860d588cb5e2","[PREMIUM]","Used",2019,"Ford","Fusion","S","[PREMIUM]","[PREMIUM]",35970,"Sedan","Gray","GRAY","Rear-wheel Drive",,,"Gasoline",,,"dealership","[PREMIUM]","Albuquerque","NM","[PREMIUM]",,"[]",,,"[PREMIUM]"
"bba78edc-3e24-4e05-8171-5c5beef331db","2026-04-08 23:54:22.826","2026-04-08 23:54:22.826","bba78edc-3e24-4e05-8171-5c5beef331db","[PREMIUM]","Used",2019,"Hyundai","SONATA","SE","[PREMIUM]","[PREMIUM]",64084,"Sedan","Silver","GRAY","Rear-wheel Drive",,,"Gasoline",,,"dealership","[PREMIUM]","Smithtown","NY","[PREMIUM]",,"[]",,,"[PREMIUM]"
"2ddc961a-fdd3-4e16-82af-aea09e806e28","2026-04-08 23:54:22.811","2026-04-08 23:54:22.811","2ddc961a-fdd3-4e16-82af-aea09e806e28","[PREMIUM]","Used",2019,"Mazda","CX-3","Sport","[PREMIUM]","[PREMIUM]",86297,"SUV","Silver","BLACK","Four-wheel Drive",,,"Gasoline",,,"dealership","[PREMIUM]","Colorado Springs","CO","[PREMIUM]",,"[]",,,"[PREMIUM]"
"26142f2c-cdab-4882-997d-ff9f10ab4cdc","2026-04-08 23:54:22.767","2026-04-11 23:55:12.706","26142f2c-cdab-4882-997d-ff9f10ab4cdc","[PREMIUM]","Used",2021,"Ford","Mustang","GT Premium","[PREMIUM]","[PREMIUM]",11800,"Convertible","Oxford White","Black","Rear-wheel Drive",,,"Gasoline",,,"dealership","[PREMIUM]","Clearwater","FL","[PREMIUM]",,"[]",,,"[PREMIUM]"
"79626a22-cd7e-4b93-b0de-31970d55fed6","2026-04-08 23:54:22.761","2026-04-11 23:55:02.348","79626a22-cd7e-4b93-b0de-31970d55fed6","[PREMIUM]","Used",2019,"Mitsubishi","Outlander Sport","ES","[PREMIUM]","[PREMIUM]",66350,"SUV","Silver","BLACK","Four-wheel Drive",,,"Gasoline",,,"dealership","[PREMIUM]","Laurel","MD","[PREMIUM]",,"[]",,,"[PREMIUM]"
"9f649185-da71-42e7-8d4a-8cb0cce8b379","2026-04-08 23:54:22.760","2026-04-11 23:55:02.440","9f649185-da71-42e7-8d4a-8cb0cce8b379","[PREMIUM]","Used",2019,"Kia","Soul",,"[PREMIUM]","[PREMIUM]",49213,"Wagon","Black","BLACK","Rear-wheel Drive",,,"Gasoline",,,"dealership","[PREMIUM]","Newport News","VA","[PREMIUM]",,"[]",,,"[PREMIUM]"
"02293555-a22c-44da-af52-8d95fc0d2d24","2026-04-08 23:54:22.751","2026-04-11 23:55:12.691","02293555-a22c-44da-af52-8d95fc0d2d24","[PREMIUM]","Used",2019,"Lincoln","Nautilus","Reserve","[PREMIUM]","[PREMIUM]",76477,"SUV","Burgundy","Ebony","Front-wheel Drive",,,"Gasoline",,,"dealership","[PREMIUM]","Stephenville","TX","[PREMIUM]",,"[]",,,"[PREMIUM]"
"ad6e0dce-6cc8-41f4-8f1a-cc88f6bef0b4","2026-04-08 23:54:22.722","2026-04-08 23:54:22.722","ad6e0dce-6cc8-41f4-8f1a-cc88f6bef0b4","[PREMIUM]","Used",2019,"Hyundai","KONA","SEL","[PREMIUM]","[PREMIUM]",58223,"SUV","White","BLACK","Four-wheel Drive",,,"Gasoline",,,"dealership","[PREMIUM]","Beaverton","OR","[PREMIUM]",,"[]",,,"[PREMIUM]"
"de371f00-ed9c-46cf-921d-f82663a225dd","2026-04-08 23:54:12.366","2026-04-08 23:54:12.366","de371f00-ed9c-46cf-921d-f82663a225dd","[PREMIUM]","Used",2019,"Ford","Escape","SE","[PREMIUM]","[PREMIUM]",37057,"SUV","Blue","BLACK","Four-wheel Drive",,,"Gasoline",,,"dealership","[PREMIUM]","Modesto","CA","[PREMIUM]",,"[]",,,"[PREMIUM]"
"88103d95-ff55-472c-8795-f9de9d83a48d","2026-04-08 23:54:12.314","2026-04-08 23:54:12.314","88103d95-ff55-472c-8795-f9de9d83a48d","[PREMIUM]","Used",2019,"Ford","EcoSport","SES","[PREMIUM]","[PREMIUM]",77092,"SUV","Gray","BLACK","4WD",,,"Gas",,,"dealership","[PREMIUM]","St. Peters","MO","[PREMIUM]",,"[]",,,"[PREMIUM]"
"1bdfd42d-9d13-4879-98d2-a25621268889","2026-04-08 23:54:12.282","2026-04-08 23:54:12.282","1bdfd42d-9d13-4879-98d2-a25621268889","[PREMIUM]","Used",2019,"Subaru","Impreza","Sport","[PREMIUM]","[PREMIUM]",73721,"Sedan","Red","BLACK","Four-wheel Drive",,,"Gasoline",,,"dealership","[PREMIUM]","Charlotte","NC","[PREMIUM]",,"[]",,,"[PREMIUM]"
"3733b7a9-e0e1-4749-81e4-b1fbead030ce","2026-04-08 23:54:12.280","2026-04-08 23:54:12.280","3733b7a9-e0e1-4749-81e4-b1fbead030ce","[PREMIUM]","Used",2019,"Ford","Escape","SEL","[PREMIUM]","[PREMIUM]",33406,"SUV","Red","BLACK","Four-wheel Drive",,,"Gasoline",,,"dealership","[PREMIUM]","Louisville","KY","[PREMIUM]",,"[]",,,"[PREMIUM]"
"26feffc0-af30-4d36-840d-a363e44d7d73","2026-04-08 23:54:12.278","2026-04-08 23:54:12.278","26feffc0-af30-4d36-840d-a363e44d7d73","[PREMIUM]","Used",2019,"Mazda","Mazda3","Preferred","[PREMIUM]","[PREMIUM]",110885,"Hatchback","White","BLACK","Four-wheel Drive",,,"Gasoline",,,"dealership","[PREMIUM]","Fayetteville","NC","[PREMIUM]",,"[]",,,"[PREMIUM]"
"a3019646-3074-4e19-b62d-edfc49468ba5","2026-04-08 23:54:12.269","2026-04-08 23:54:12.269","a3019646-3074-4e19-b62d-edfc49468ba5","[PREMIUM]","Used",2019,"Toyota","Corolla","SE","[PREMIUM]","[PREMIUM]",43925,"Sedan","Black","BLACK","2WD",,,"Gas",,,"dealership","[PREMIUM]","Smithtown","NY","[PREMIUM]",,"[]",,,"[PREMIUM]"
"f6100e7b-0a22-4f99-ba12-c87912ab3457","2026-04-08 23:54:12.266","2026-04-08 23:54:12.266","f6100e7b-0a22-4f99-ba12-c87912ab3457","[PREMIUM]","Used",2019,"Jeep","Cherokee","Limited","[PREMIUM]","[PREMIUM]",110336,"SUV","Silver","BLACK","Rear-wheel Drive",,,"Gasoline",,,"dealership","[PREMIUM]","Charlotte","NC","[PREMIUM]",,"[]",,,"[PREMIUM]"
"a9a1fc46-ff3e-4124-9455-898e492c78a6","2026-04-08 23:54:12.263","2026-04-08 23:54:12.263","a9a1fc46-ff3e-4124-9455-898e492c78a6","[PREMIUM]","Used",2019,"Mercedes-Benz","GLA 250",,"[PREMIUM]","[PREMIUM]",67211,"SUV","Silver","CREAM","Four-wheel Drive",,,"Gasoline",,,"dealership","[PREMIUM]","West Carrollton","OH","[PREMIUM]",,"[]",,,"[PREMIUM]"
"7c54254b-ad97-415b-b8f1-1abc71089616","2026-04-08 23:54:12.242","2026-04-08 23:54:12.242","7c54254b-ad97-415b-b8f1-1abc71089616","[PREMIUM]","Used",2019,"Jaguar","XE","25t Prestige","[PREMIUM]","[PREMIUM]",65127,"Sedan","Silver","BLACK","Rear-wheel Drive",,,"Gasoline",,,"dealership","[PREMIUM]","Greensboro","NC","[PREMIUM]",,"[]",,,"[PREMIUM]"
"45d74f0e-d04b-41c9-9af5-8484df467475","2026-04-08 23:53:52.270","2026-04-08 23:53:52.270","45d74f0e-d04b-41c9-9af5-8484df467475","[PREMIUM]","Used",2020,"BMW","330","330i","[PREMIUM]","[PREMIUM]",95203,"Sedan","Alpine White","Black","Rear-wheel Drive",,,"Gasoline",,,"dealership","[PREMIUM]","Montclair","CA","[PREMIUM]",,"[]",,,"[PREMIUM]"
"99f30d67-b31b-4c50-a996-1e3cd41d76a5","2026-04-08 23:53:52.066","2026-04-08 23:53:52.066","99f30d67-b31b-4c50-a996-1e3cd41d76a5","[PREMIUM]","Used",2020,"Mercedes-Benz","GLB 250","4MATIC","[PREMIUM]","[PREMIUM]",112087,"SUV","Digital White Metallic","Titanium gray black","All-wheel Drive",,,"Gasoline",,,"dealership","[PREMIUM]","Fort Wayne","IN","[PREMIUM]",,"[]",,,"[PREMIUM]"
"376c60fa-d4be-4244-a30b-ca2fa460ebdf","2026-04-08 23:53:52.045","2026-04-08 23:53:52.045","376c60fa-d4be-4244-a30b-ca2fa460ebdf","[PREMIUM]","Used",2023,"Jeep","Gladiator","Rubicon","[PREMIUM]","[PREMIUM]",9336,"Truck","Bright White Clearcoat","Black","Four-wheel Drive",,,"Gasoline",,,"dealership","[PREMIUM]","Fort Lauderdale","FL","[PREMIUM]",,"[]",,,"[PREMIUM]"
"3a1ed5bf-1d32-4a4d-8043-02a1948e7384","2026-04-08 23:53:51.902","2026-04-08 23:53:51.902","3a1ed5bf-1d32-4a4d-8043-02a1948e7384","[PREMIUM]","Used",2020,"Ford","Escape","Titanium","[PREMIUM]","[PREMIUM]",99575,"SUV","Magnetic Metallic","Ebony Black","Front-wheel Drive",,,"Hybrid",,,"dealership","[PREMIUM]","Escondido","CA","[PREMIUM]",,"[]",,,"[PREMIUM]"
"8f9d7cc0-884c-4d94-8434-81031ffa069d","2026-04-08 23:53:41.830","2026-04-11 23:55:02.451","8f9d7cc0-884c-4d94-8434-81031ffa069d","[PREMIUM]","Used",2020,"Toyota","Corolla","SE","[PREMIUM]","[PREMIUM]",83675,"Sedan","Super White","Black","Front-wheel Drive",,,"Gasoline",,,"dealership","[PREMIUM]","Saginaw","MI","[PREMIUM]",,"[]",,,"[PREMIUM]"
"5f84b6e6-dd12-42e5-bdca-89a8e2aa2f91","2026-04-08 23:53:41.643","2026-04-17 23:55:42.988","5f84b6e6-dd12-42e5-bdca-89a8e2aa2f91","[PREMIUM]","Used",2020,"Ford","Fusion","Titanium","[PREMIUM]","[PREMIUM]",83715,"Sedan","Iconic Silver Metallic",,"All-wheel Drive",,,"Gasoline",,,"dealership","[PREMIUM]","Rochester","IN","[PREMIUM]",,"[]",,,"[PREMIUM]"
"4125517e-d2b3-41b7-b9a0-0c6397faedc5","2026-04-08 23:53:31.771","2026-04-08 23:53:31.771","4125517e-d2b3-41b7-b9a0-0c6397faedc5","[PREMIUM]","Used",2020,"Hyundai","SANTA FE","SEL 2.4","[PREMIUM]","[PREMIUM]",62259,"SUV","Quartz White","Espresso/Gray","Front-wheel Drive",,,"Gasoline",,,"dealership","[PREMIUM]","Paducah","KY","[PREMIUM]",,"[]",,,"[PREMIUM]"
"7eee79c7-80b8-4f69-9663-3c1c40692b28","2026-04-08 23:53:31.681","2026-04-08 23:53:31.681","7eee79c7-80b8-4f69-9663-3c1c40692b28","[PREMIUM]","Used",2020,"GMC","Terrain","SLT","[PREMIUM]","[PREMIUM]",71289,"SUV","Blue Emerald Metallic","Jet Black","All-wheel Drive",,,"Gasoline",,,"dealership","[PREMIUM]","Chesapeake","VA","[PREMIUM]",,"[]",,,"[PREMIUM]"
"d7b6a40e-e1e7-43d0-abb7-6922d5531345","2026-04-08 23:53:31.565","2026-04-08 23:53:31.565","d7b6a40e-e1e7-43d0-abb7-6922d5531345","[PREMIUM]","Used",2020,"Nissan","Versa","SV","[PREMIUM]","[PREMIUM]",23135,"Sedan","White","BLACK","Rear-wheel Drive",,,"Gasoline",,,"dealership","[PREMIUM]","Ontario","CA","[PREMIUM]",,"[]",,,"[PREMIUM]"
"29abafcb-4945-4313-a613-a6f30a76a218","2026-04-08 23:53:31.550","2026-04-08 23:53:31.550","29abafcb-4945-4313-a613-a6f30a76a218","[PREMIUM]","Used",2020,"Volkswagen","Jetta","1.4T SEL","[PREMIUM]","[PREMIUM]",71006,"Sedan","Pure White","Black","Front-wheel Drive",,,"Gasoline",,,"dealership","[PREMIUM]","Boerne","TX","[PREMIUM]",,"[]",,,"[PREMIUM]"
"777a24ea-fddb-4f43-836e-9f4ed188ea8e","2026-04-08 23:53:31.545","2026-04-11 23:54:51.917","777a24ea-fddb-4f43-836e-9f4ed188ea8e","[PREMIUM]","Used",2020,"Ford","Mustang","EcoBoost","[PREMIUM]","[PREMIUM]",88634,"Coupe","Silver Metallic","Ebony","Rear-wheel Drive",,,"Gasoline",,,"dealership","[PREMIUM]","Dickson","TN","[PREMIUM]",,"[]",,,"[PREMIUM]"
"9402c87f-8aff-4162-89fc-2f331ee6bf5f","2026-04-08 23:53:31.540","2026-04-08 23:53:31.540","9402c87f-8aff-4162-89fc-2f331ee6bf5f","[PREMIUM]","Used",2020,"Dodge","Challenger","SXT","[PREMIUM]","[PREMIUM]",101252,"Coupe","Frostbite","Black","Rear-wheel Drive",,,"Gasoline",,,"dealership","[PREMIUM]","Montgomery","AL","[PREMIUM]",,"[]",,,"[PREMIUM]"
"7a41b435-5c5b-4fe4-a6fe-933ff8715247","2026-04-08 23:53:31.539","2026-04-08 23:53:31.539","7a41b435-5c5b-4fe4-a6fe-933ff8715247","[PREMIUM]","Used",2020,"Hyundai","TUCSON","Ultimate","[PREMIUM]","[PREMIUM]",54073,"SUV","Gold","BLACK","Rear-wheel Drive",,,"Gasoline",,,"dealership","[PREMIUM]","Reno","NV","[PREMIUM]",,"[]",,,"[PREMIUM]"
"c1e20f8a-9a73-42f4-9049-2a3ae2a7b80e","2026-04-08 23:53:31.536","2026-04-08 23:53:31.536","c1e20f8a-9a73-42f4-9049-2a3ae2a7b80e","[PREMIUM]","Used",2020,"Chevrolet","Malibu","LS","[PREMIUM]","[PREMIUM]",73025,"Sedan","White","BLACK","Rear-wheel Drive",,,"Gasoline",,,"dealership","[PREMIUM]","Austin","TX","[PREMIUM]",,"[]",,,"[PREMIUM]"
"15616834-4068-4ca3-ae57-5486d37d6e39","2026-04-08 23:53:31.480","2026-04-08 23:53:31.480","15616834-4068-4ca3-ae57-5486d37d6e39","[PREMIUM]","Used",2020,"Ford","EcoSport","Titanium","[PREMIUM]","[PREMIUM]",53767,"SUV","Gray","BLACK","Four-wheel Drive",,,"Gasoline",,,"dealership","[PREMIUM]","Fresno","CA","[PREMIUM]",,"[]",,,"[PREMIUM]"
"2de8edac-964a-4995-87ac-1c33087666f9","2026-04-08 23:53:31.475","2026-04-08 23:53:31.475","2de8edac-964a-4995-87ac-1c33087666f9","[PREMIUM]","Used",2020,"Dodge","Durango","SXT Plus","[PREMIUM]","[PREMIUM]",72166,"SUV","Reactor Blue Pearlcoat","Black Cloth","All-wheel Drive",,,"Gasoline",,,"dealership","[PREMIUM]","Battle Creek","MI","[PREMIUM]",,"[]",,,"[PREMIUM]"
"5ee5d9e8-13d0-4320-b917-14d36681c019","2026-04-08 23:53:31.469","2026-04-08 23:53:31.469","5ee5d9e8-13d0-4320-b917-14d36681c019","[PREMIUM]","Used",2020,"Kia","Forte","LXS","[PREMIUM]","[PREMIUM]",48787,"Sedan","White","BLACK","Rear-wheel Drive",,,"Gasoline",,,"dealership","[PREMIUM]","Irving","TX","[PREMIUM]",,"[]",,,"[PREMIUM]"
"178a2baf-81c7-4983-a84e-039b0b2e1c2b","2026-04-08 23:53:31.467","2026-04-08 23:53:31.467","178a2baf-81c7-4983-a84e-039b0b2e1c2b","[PREMIUM]","Used",2020,"GMC","Terrain","SLE","[PREMIUM]","[PREMIUM]",98604,"SUV","Summit White","Jet Black","All-wheel Drive",,,"Gasoline",,,"dealership","[PREMIUM]","Florence","SC","[PREMIUM]",,"[]",,,"[PREMIUM]"
"e6f35d75-9f0b-4e3d-b019-d3a950d06684","2026-04-08 23:53:31.467","2026-04-14 23:54:22.997","e6f35d75-9f0b-4e3d-b019-d3a950d06684","[PREMIUM]","Used",2020,"Hyundai","KONA","Limited","[PREMIUM]","[PREMIUM]",42069,"SUV","Red","GRAY","Rear-wheel Drive",,,"Gasoline",,,"dealership","[PREMIUM]","Pensacola","FL","[PREMIUM]",,"[]",,,"[PREMIUM]"
"f8030742-e554-4730-8cd2-b344d593e604","2026-04-08 23:53:31.458","2026-04-11 23:54:01.103","f8030742-e554-4730-8cd2-b344d593e604","[PREMIUM]","Used",2020,"Ford","Edge","SEL","[PREMIUM]","[PREMIUM]",81997,"SUV","White","TAN","Four-wheel Drive",,,"Gasoline",,,"dealership","[PREMIUM]","Lynchburg","VA","[PREMIUM]",,"[]",,,"[PREMIUM]"
"77868b28-58c3-4aaa-9e7b-43a9ea9dd22f","2026-04-08 23:53:31.447","2026-04-08 23:53:31.447","77868b28-58c3-4aaa-9e7b-43a9ea9dd22f","[PREMIUM]","Used",2020,"Ford","Edge","ST-Line","[PREMIUM]","[PREMIUM]",73000,"SUV","White","Black","All-wheel Drive",,,"Gasoline",,,"private","[PREMIUM]",,,"[PREMIUM]",,"[]",,,"[PREMIUM]"
"4b9a9494-6cab-4614-8d03-1b7878d374f3","2026-04-08 23:53:31.446","2026-04-11 23:54:21.317","4b9a9494-6cab-4614-8d03-1b7878d374f3","[PREMIUM]","Used",2020,"Chevrolet","Trax","LT","[PREMIUM]","[PREMIUM]",25881,"SUV","Black Cherry Metallic","Jet Black","Front-wheel Drive",,,"Gasoline",,,"dealership","[PREMIUM]","Cincinnati","OH","[PREMIUM]",,"[]",,,"[PREMIUM]"
"9f8e9a09-4842-40cd-a5b8-3912906287f8","2026-04-08 23:53:31.442","2026-04-14 23:55:04.804","9f8e9a09-4842-40cd-a5b8-3912906287f8","[PREMIUM]","Used",2020,"Volkswagen","Jetta","S","[PREMIUM]","[PREMIUM]",67317,"Sedan","White","BLACK","Rear-wheel Drive",,,"Gasoline",,,"dealership","[PREMIUM]","Austin","TX","[PREMIUM]",,"[]",,,"[PREMIUM]"
"854ca8a8-27c7-4045-9922-487674bf8794","2026-04-08 23:53:21.031","2026-04-11 23:53:30.335","854ca8a8-27c7-4045-9922-487674bf8794","[PREMIUM]","Used",2020,"Toyota","Corolla","SE","[PREMIUM]","[PREMIUM]",73841,"Sedan","Black","BLACK","Rear-wheel Drive",,,"Gasoline",,,"dealership","[PREMIUM]","Gainesville","FL","[PREMIUM]",,"[]",,,"[PREMIUM]"
"28d2a720-3b5e-4370-b3fe-cb6f060bf0ed","2026-04-08 23:53:20.743","2026-04-08 23:53:20.743","28d2a720-3b5e-4370-b3fe-cb6f060bf0ed","[PREMIUM]","Used",2020,"Honda","Accord Hybrid","EX-L","[PREMIUM]","[PREMIUM]",101029,"Sedan","Red","GRAY","Rear-wheel Drive",,,"Hybrid",,,"dealership","[PREMIUM]","Pleasant Hill","CA","[PREMIUM]",,"[]",,,"[PREMIUM]"
"b6ab3065-f3d2-4f94-b395-cfeaa66f1be9","2026-04-08 23:53:20.705","2026-04-08 23:53:20.705","b6ab3065-f3d2-4f94-b395-cfeaa66f1be9","[PREMIUM]","Used",2020,"Audi","A3","Premium Plus S-Line","[PREMIUM]","[PREMIUM]",76419,"Sedan","White","BLACK","Four-wheel Drive",,,"Gasoline",,,"dealership","[PREMIUM]","Rochester","NY","[PREMIUM]",,"[]",,,"[PREMIUM]"
"a6d13017-7880-4ff2-af31-1b3123aaec86","2026-04-08 23:53:20.695","2026-04-08 23:53:20.695","a6d13017-7880-4ff2-af31-1b3123aaec86","[PREMIUM]","Used",2020,"Hyundai","ELANTRA","SEL","[PREMIUM]","[PREMIUM]",59542,"Sedan","Black","BLACK","Rear-wheel Drive",,,"Gasoline",,,"dealership","[PREMIUM]","Duarte","CA","[PREMIUM]",,"[]",,,"[PREMIUM]"
"7d489178-a294-4ee1-b5b0-de466b61cf16","2026-04-08 23:53:20.685","2026-04-11 23:53:30.377","7d489178-a294-4ee1-b5b0-de466b61cf16","[PREMIUM]","Used",2020,"Ford","Escape","SE","[PREMIUM]","[PREMIUM]",54856,"SUV","Silver","GRAY","Rear-wheel Drive",,,"Gasoline",,,"dealership","[PREMIUM]","Augusta","GA","[PREMIUM]",,"[]",,,"[PREMIUM]"
"88789de5-8b89-445a-8bd9-d803f2cffea5","2026-04-08 23:53:20.680","2026-04-08 23:53:20.680","88789de5-8b89-445a-8bd9-d803f2cffea5","[PREMIUM]","Used",2020,"Hyundai","TUCSON","SEL","[PREMIUM]","[PREMIUM]",31659,"SUV","Blue","BLACK","2WD",,,"Gas",,,"dealership","[PREMIUM]","Fresno","CA","[PREMIUM]",,"[]",,,"[PREMIUM]"
"1b69b6e0-d1e2-4f59-8903-62a9aa747b5f","2026-04-08 23:53:20.673","2026-04-08 23:53:20.673","1b69b6e0-d1e2-4f59-8903-62a9aa747b5f","[PREMIUM]","Used",2020,"Ford","Edge","SE","[PREMIUM]","[PREMIUM]",23626,"SUV","White","BLACK","2WD",,,"Gas",,,"dealership","[PREMIUM]","Fremont","CA","[PREMIUM]",,"[]",,,"[PREMIUM]"
"b17c554b-06fd-425c-a5e1-9a7af254826f","2026-04-08 23:53:20.668","2026-04-08 23:53:20.668","b17c554b-06fd-425c-a5e1-9a7af254826f","[PREMIUM]","Used",2020,"Chevrolet","Trax","LT","[PREMIUM]","[PREMIUM]",27445,"SUV","Gray","BLACK","Four-wheel Drive",,,"Gasoline",,,"dealership","[PREMIUM]","Lancaster","PA","[PREMIUM]",,"[]",,,"[PREMIUM]"
"53b6810d-07ba-4bfa-b1ae-7f894063b7de","2026-04-08 23:53:20.665","2026-04-11 23:54:01.103","53b6810d-07ba-4bfa-b1ae-7f894063b7de","[PREMIUM]","Used",2020,"Volkswagen","Tiguan","SE","[PREMIUM]","[PREMIUM]",58685,"SUV","Black","TAN","Rear-wheel Drive",,,"Gasoline",,,"dealership","[PREMIUM]","Jacksonville","FL","[PREMIUM]",,"[]",,,"[PREMIUM]"
"4fb918fd-bcfd-43d8-ac3e-341fa3b2c764","2026-04-08 23:53:10.526","2026-04-08 23:53:10.526","4fb918fd-bcfd-43d8-ac3e-341fa3b2c764","[PREMIUM]","Used",2021,"Toyota","Corolla","LE","[PREMIUM]","[PREMIUM]",85516,"Sedan","White","Le","Front-wheel Drive",,,"Gasoline",,,"dealership","[PREMIUM]","Columbus","IN","[PREMIUM]",,"[]",,,"[PREMIUM]"
"b347a13c-9e2d-41c7-86a4-36bec530850f","2026-04-08 23:53:10.354","2026-04-11 23:53:30.347","b347a13c-9e2d-41c7-86a4-36bec530850f","[PREMIUM]","Used",2021,"Toyota","Camry","SE","[PREMIUM]","[PREMIUM]",120469,"Sedan","Super White","Black","Front-wheel Drive",,,"Gasoline",,,"dealership","[PREMIUM]","Boerne","TX","[PREMIUM]",,"[]",,,"[PREMIUM]"
"46b21157-c878-401a-b07f-4914e6ed2d1f","2026-04-08 23:53:10.346","2026-04-08 23:53:10.346","46b21157-c878-401a-b07f-4914e6ed2d1f","[PREMIUM]","Used",2021,"Volkswagen","Jetta","1.4T R-Line","[PREMIUM]","[PREMIUM]",52731,"Sedan","Orange Metallic","Storm Gray/Black","Front-wheel Drive",,,"Gasoline",,,"dealership","[PREMIUM]","Frederick","MD","[PREMIUM]",,"[]",,,"[PREMIUM]"
"4b55d713-f9d5-4e09-95bd-1b897ba35a5e","2026-04-08 23:53:00.310","2026-04-11 23:53:19.629","4b55d713-f9d5-4e09-95bd-1b897ba35a5e","[PREMIUM]","Used",2021,"Jeep","Compass","Trailhawk","[PREMIUM]","[PREMIUM]",87385,"SUV","Diamond Black","Ruby Red","Four-wheel Drive",,,"Gasoline",,,"dealership","[PREMIUM]","El Cajon","CA","[PREMIUM]",,"[]",,,"[PREMIUM]"
"c3ab241c-a712-409a-858f-df352f2fa954","2026-04-08 23:52:50.079","2026-04-08 23:52:50.079","c3ab241c-a712-409a-858f-df352f2fa954","[PREMIUM]","Used",2021,"Nissan","Versa","S","[PREMIUM]","[PREMIUM]",41382,"Sedan","White","BLACK","Rear-wheel Drive",,,"Gasoline",,,"dealership","[PREMIUM]","Columbia","SC","[PREMIUM]",,"[]",,,"[PREMIUM]"
"9ae00ad9-ddfa-46ae-b2af-615cf318cb0f","2026-04-08 23:52:40.327","2026-04-11 23:52:48.574","9ae00ad9-ddfa-46ae-b2af-615cf318cb0f","[PREMIUM]","Used",2021,"Kia","Sorento","SX","[PREMIUM]","[PREMIUM]",110931,"SUV","Glacial White Pearl","Black","Front-wheel Drive",,,"Gasoline",,,"dealership","[PREMIUM]","Santa Rosa","CA","[PREMIUM]",,"[]",,,"[PREMIUM]"
"9197b3c4-3a7a-4726-81cc-f17b8afee70e","2026-04-08 23:52:40.105","2026-04-08 23:52:40.105","9197b3c4-3a7a-4726-81cc-f17b8afee70e","[PREMIUM]","Used",2021,"Hyundai","VENUE","SEL","[PREMIUM]","[PREMIUM]",29319,"SUV","Gray","GRAY","Rear-wheel Drive",,,"Gasoline",,,"dealership","[PREMIUM]","Raleigh","NC","[PREMIUM]",,"[]",,,"[PREMIUM]"
"e461f133-be81-421b-93bb-572828ca1910","2026-04-08 23:52:40.092","2026-04-08 23:52:40.092","e461f133-be81-421b-93bb-572828ca1910","[PREMIUM]","Used",2021,"Chevrolet","Bolt EV","LT","[PREMIUM]","[PREMIUM]",36265,"Hatchback","Red","GRAY","Rear-wheel Drive",,,"Electric",,,"dealership","[PREMIUM]","Oxnard","CA","[PREMIUM]",,"[]",,,"[PREMIUM]"
"a8dce45a-f1b4-41c8-ac10-d1a3af35f082","2026-04-08 23:52:40.049","2026-04-14 23:53:01.409","a8dce45a-f1b4-41c8-ac10-d1a3af35f082","[PREMIUM]","Used",2014,"Ford","Mustang","GT","[PREMIUM]","[PREMIUM]",20926,"Coupe","Black","Charcoal Black","Rear-wheel Drive",,,"Gasoline",,,"dealership","[PREMIUM]","Fond Du Lac","WI","[PREMIUM]",,"[]",,,"[PREMIUM]"
"df6fafe2-90ab-4fc3-acdc-c59bef598af2","2026-04-08 23:52:40.020","2026-04-11 23:52:48.492","df6fafe2-90ab-4fc3-acdc-c59bef598af2","[PREMIUM]","Used",2021,"Toyota","Camry","SE","[PREMIUM]","[PREMIUM]",97193,"Sedan","Black","Black","Front-wheel Drive",,,"Gasoline",,,"dealership","[PREMIUM]","Miami","FL","[PREMIUM]",,"[]",,,"[PREMIUM]"
"15881375-6afd-4ae9-bc49-b0bf54179999","2026-04-08 23:52:40.015","2026-04-08 23:52:40.015","15881375-6afd-4ae9-bc49-b0bf54179999","[PREMIUM]","Used",2021,"Chevrolet","Trailblazer","LS","[PREMIUM]","[PREMIUM]",26523,"SUV","Black","BLACK","Rear-wheel Drive",,,"Gasoline",,,"dealership","[PREMIUM]","Warner Robins","GA","[PREMIUM]",,"[]",,,"[PREMIUM]"
"dff84cab-353c-4157-b1a8-3a95b227cc5a","2026-04-08 23:52:40.012","2026-04-08 23:52:40.012","dff84cab-353c-4157-b1a8-3a95b227cc5a","[PREMIUM]","Used",2021,"Jeep","Renegade","Latitude","[PREMIUM]","[PREMIUM]",52837,"SUV","Blue","Black","Front-wheel Drive",,,"Gasoline",,,"dealership","[PREMIUM]","Jacksonville","FL","[PREMIUM]",,"[]",,,"[PREMIUM]"
"2bbe6208-38b9-4281-b89a-b5f9b3709843","2026-04-08 23:52:39.979","2026-04-08 23:52:39.979","2bbe6208-38b9-4281-b89a-b5f9b3709843","[PREMIUM]","New",2025,"Chevrolet","Express 2500","Work Van","[PREMIUM]","[PREMIUM]",7,"Cargo Van","Summit White","Medium Pewter","Rear-wheel Drive",,,"Gasoline",,,"dealership","[PREMIUM]","Fort Lauderdale","FL","[PREMIUM]",,"[]",,,"[PREMIUM]"
"d194e5da-2b98-49b9-a19c-b72149fd42cf","2026-04-08 23:52:29.859","2026-04-08 23:52:29.859","d194e5da-2b98-49b9-a19c-b72149fd42cf","[PREMIUM]","Used",2022,"Ford","Escape","S","[PREMIUM]","[PREMIUM]",20997,"SUV","Gray",,"Front-wheel Drive",,,"Gasoline",,,"dealership","[PREMIUM]","Chandler","AZ","[PREMIUM]",,"[]",,,"[PREMIUM]"
"c56179bb-0a3e-44b4-afd0-b37a84041181","2026-04-08 23:52:29.649","2026-04-08 23:52:29.649","c56179bb-0a3e-44b4-afd0-b37a84041181","[PREMIUM]","Used",2021,"Jeep","Compass","80th Anniversary","[PREMIUM]","[PREMIUM]",70554,"SUV","White","BLACK","Four-wheel Drive",,,"Gasoline",,,"dealership","[PREMIUM]","Virginia Beach","VA","[PREMIUM]",,"[]",,,"[PREMIUM]"
"5f343ff8-32f2-4f6c-ac9e-786c26967273","2026-04-08 23:52:29.588","2026-04-08 23:52:29.588","5f343ff8-32f2-4f6c-ac9e-786c26967273","[PREMIUM]","Used",2021,"Kia","Soul","EX","[PREMIUM]","[PREMIUM]",51543,"Wagon","Red","BLACK","Rear-wheel Drive",,,"Gasoline",,,"dealership","[PREMIUM]","Tinley Park","IL","[PREMIUM]",,"[]",,,"[PREMIUM]"
"3d08d166-b65e-4ee6-8452-bc5c247d2ff4","2026-04-08 23:52:29.534","2026-04-08 23:52:29.534","3d08d166-b65e-4ee6-8452-bc5c247d2ff4","[PREMIUM]","Used",2022,"Kia","Seltos","EX","[PREMIUM]","[PREMIUM]",23463,"SUV","Neptune Blue","Black","All-wheel Drive",,,"Gasoline",,,"dealership","[PREMIUM]","New Port Richey","FL","[PREMIUM]",,"[]",,,"[PREMIUM]"
"19dbe130-06f4-49b0-81ce-a6e0adca83cd","2026-04-08 23:52:29.532","2026-04-08 23:52:29.532","19dbe130-06f4-49b0-81ce-a6e0adca83cd","[PREMIUM]","Used",2021,"Kia","Forte","GT","[PREMIUM]","[PREMIUM]",35595,"Sedan","Gray","BLACK","Rear-wheel Drive",,,"Gasoline",,,"dealership","[PREMIUM]","Manchester","NH","[PREMIUM]",,"[]",,,"[PREMIUM]"
"68e2197f-dc27-4e77-86e2-6b3da1000349","2026-04-08 23:52:29.517","2026-04-11 23:52:48.487","68e2197f-dc27-4e77-86e2-6b3da1000349","[PREMIUM]","Used",2021,"Buick","Encore GX","Select","[PREMIUM]","[PREMIUM]",79725,"SUV","White","BLACK","Rear-wheel Drive",,,"Gasoline",,,"dealership","[PREMIUM]","Charlotte","NC","[PREMIUM]",,"[]",,,"[PREMIUM]"
"269f82ed-975d-4a78-96ca-f8df9736942d","2026-04-08 23:52:29.514","2026-04-08 23:52:29.514","269f82ed-975d-4a78-96ca-f8df9736942d","[PREMIUM]","Used",2021,"Jeep","Renegade","Latitude","[PREMIUM]","[PREMIUM]",32872,"SUV","Black","BLACK","Rear-wheel Drive",,,"Gasoline",,,"dealership","[PREMIUM]","Pensacola","FL","[PREMIUM]",,"[]",,,"[PREMIUM]"
"55178eab-866b-4315-8115-7dc135a60120","2026-04-08 23:52:29.507","2026-04-08 23:52:29.507","55178eab-866b-4315-8115-7dc135a60120","[PREMIUM]","Used",2021,"Kia","K5","LXS","[PREMIUM]","[PREMIUM]",66162,"Sedan","Black","GRAY","Rear-wheel Drive",,,"Gasoline",,,"dealership","[PREMIUM]","Columbus","OH","[PREMIUM]",,"[]",,,"[PREMIUM]"
"71d77e6a-a9b5-45a7-953b-25b8822187b9","2026-04-08 23:52:29.506","2026-04-08 23:52:29.506","71d77e6a-a9b5-45a7-953b-25b8822187b9","[PREMIUM]","Used",2017,"Lexus","LX 570",,"[PREMIUM]","[PREMIUM]",98516,"SUV","White","TAN","Four-wheel Drive",,,"Gasoline",,,"dealership","[PREMIUM]","Tyler","TX","[PREMIUM]",,"[]",,,"[PREMIUM]"
"bf6dc5b6-c7e6-46fa-ae41-7e3bd6630034","2026-04-08 23:52:29.506","2026-04-08 23:52:29.506","bf6dc5b6-c7e6-46fa-ae41-7e3bd6630034","[PREMIUM]","Used",2021,"Toyota","C-HR","LE","[PREMIUM]","[PREMIUM]",44596,"SUV","White","BLACK","Rear-wheel Drive",,,"Gasoline",,,"dealership","[PREMIUM]","Palmdale","CA","[PREMIUM]",,"[]",,,"[PREMIUM]"
"6fe31adc-f8dc-4f43-8650-220d7c17e7c9","2026-04-08 23:52:29.504","2026-04-11 23:52:48.471","6fe31adc-f8dc-4f43-8650-220d7c17e7c9","[PREMIUM]","Used",2021,"Hyundai","TUCSON","Value","[PREMIUM]","[PREMIUM]",38013,"SUV","Black","BLACK","Rear-wheel Drive",,,"Gasoline",,,"dealership","[PREMIUM]","Torrance","CA","[PREMIUM]",,"[]",,,"[PREMIUM]"
"f3f22ff4-c60b-421a-bbeb-0ff7a46fe6e2","2026-04-08 23:52:29.485","2026-04-08 23:52:29.485","f3f22ff4-c60b-421a-bbeb-0ff7a46fe6e2","[PREMIUM]","Used",2021,"Kia","Sportage","LX","[PREMIUM]","[PREMIUM]",39432,"SUV","Silver","BLACK","Rear-wheel Drive",,,"Gasoline",,,"dealership","[PREMIUM]","Las Vegas","NV","[PREMIUM]",,"[]",,,"[PREMIUM]"
"383d7838-0456-494c-af0e-0a4ef1c839a2","2026-04-08 23:52:19.050","2026-04-08 23:52:19.050","383d7838-0456-494c-af0e-0a4ef1c839a2","[PREMIUM]","Used",2022,"Ford","Edge","SEL","[PREMIUM]","[PREMIUM]",70534,"SUV","Agate Black Metallic","BLACK","All-wheel Drive",,,"Gasoline",,,"dealership","[PREMIUM]","Jackson","TN","[PREMIUM]",,"[]",,,"[PREMIUM]"
"173ebc61-0514-4297-a2e1-1421473de624","2026-04-08 23:52:08.922","2026-04-11 23:52:27.264","173ebc61-0514-4297-a2e1-1421473de624","[PREMIUM]","Used",2022,"Chevrolet","Equinox","LS","[PREMIUM]","[PREMIUM]",44159,"SUV","Mosaic Black Metallic","Medium Ash Gray","All-wheel Drive",,,"Gasoline",,,"dealership","[PREMIUM]","Columbus","OH","[PREMIUM]",,"[]",,,"[PREMIUM]"
"4b92caca-59ca-4b7c-82cb-877b3df42d65","2026-04-08 23:52:08.878","2026-04-08 23:52:08.878","4b92caca-59ca-4b7c-82cb-877b3df42d65","[PREMIUM]","Used",2022,"Toyota","Corolla","LE","[PREMIUM]","[PREMIUM]",32470,"Sedan","White","Macadamia","Front-wheel Drive",,,"Gasoline",,,"dealership","[PREMIUM]","Grand Prairie","TX","[PREMIUM]",,"[]",,,"[PREMIUM]"
"d3959b11-cce1-4b20-95a7-51bf58866e58","2026-04-08 23:51:58.816","2026-04-11 23:52:16.788","d3959b11-cce1-4b20-95a7-51bf58866e58","[PREMIUM]","Used",2022,"Chevrolet","Equinox","1LT","[PREMIUM]","[PREMIUM]",75275,"SUV","Iron Gray Metallic","Medium Ash Gray","Front-wheel Drive",,,"Gasoline",,,"dealership","[PREMIUM]","Duluth","GA","[PREMIUM]",,"[]",,,"[PREMIUM]"
"6f5fc4bc-d9f6-4ca6-a469-ad92b84ba504","2026-04-08 23:51:58.769","2026-04-08 23:51:58.769","6f5fc4bc-d9f6-4ca6-a469-ad92b84ba504","[PREMIUM]","Used",2022,"Volkswagen","Taos","1.5T SE","[PREMIUM]","[PREMIUM]",66783,"SUV","Deep Black Pearl",,"Front-wheel Drive",,,"Gasoline",,,"dealership","[PREMIUM]","Youngstown","OH","[PREMIUM]",,"[]",,,"[PREMIUM]"
"c172cc94-7bf7-442b-9d9b-6be7c9e3222d","2026-04-08 23:51:58.729","2026-04-11 23:52:16.788","c172cc94-7bf7-442b-9d9b-6be7c9e3222d","[PREMIUM]","Used",2022,"Chevrolet","Equinox","LS","[PREMIUM]","[PREMIUM]",77116,"SUV","Silver Ice Metallic","Medium Ash Gray","Front-wheel Drive",,,"Gasoline",,,"dealership","[PREMIUM]","Lakeland","FL","[PREMIUM]",,"[]",,,"[PREMIUM]"
"75fadb7b-eb39-4cc4-becc-f758e9b6ac16","2026-04-08 23:51:58.718","2026-04-08 23:51:58.718","75fadb7b-eb39-4cc4-becc-f758e9b6ac16","[PREMIUM]","Used",2022,"Nissan","Altima","SR FWD","[PREMIUM]","[PREMIUM]",88694,"Sedan","Brilliant Silver Metallic","Sport","Front-wheel Drive",,,"Gasoline",,,"dealership","[PREMIUM]","Jacksonville","FL","[PREMIUM]",,"[]",,,"[PREMIUM]"
"7839db50-41a0-4865-aa5d-47584d22dce0","2026-04-08 23:51:58.712","2026-04-11 23:52:16.794","7839db50-41a0-4865-aa5d-47584d22dce0","[PREMIUM]","Used",2022,"Kia","Forte","LXS","[PREMIUM]","[PREMIUM]",46775,"Sedan","Deep Sea Blue","Black","Front-wheel Drive",,,"Gasoline",,,"dealership","[PREMIUM]","Toledo","OH","[PREMIUM]",,"[]",,,"[PREMIUM]"
"ca9652f2-f4d4-45d7-bf83-f25ca2c2ede5","2026-04-08 23:51:58.688","2026-04-11 23:52:27.225","ca9652f2-f4d4-45d7-bf83-f25ca2c2ede5","[PREMIUM]","Used",2022,"Ford","EcoSport","Titanium","[PREMIUM]","[PREMIUM]",22591,"SUV","SMOKE METALLIC","EBONY BLACK LTHR-TRIM SEATS","Four-wheel Drive",,,"Gasoline",,,"dealership","[PREMIUM]","Englewood","FL","[PREMIUM]",,"[]",,,"[PREMIUM]"
"b1589d3a-4176-4610-82b9-5d7775779330","2026-04-08 23:51:58.675","2026-04-08 23:51:58.675","b1589d3a-4176-4610-82b9-5d7775779330","[PREMIUM]","Used",2022,"Jeep","Compass","Sport","[PREMIUM]","[PREMIUM]",86501,"SUV","Bright White Clearcoat","Black","Front-wheel Drive",,,"Gasoline",,,"dealership","[PREMIUM]","Maplewood","MO","[PREMIUM]",,"[]",,,"[PREMIUM]"
"fb170f70-5ab0-4198-a784-150786cae075","2026-04-08 23:51:58.670","2026-04-08 23:51:58.670","fb170f70-5ab0-4198-a784-150786cae075","[PREMIUM]","Used",2022,"Volkswagen","Passat","2.0T SE","[PREMIUM]","[PREMIUM]",51473,"Sedan","Platinum Gray Metallic","Titan Black","Front-wheel Drive",,,"Gasoline",,,"dealership","[PREMIUM]","Topeka","KS","[PREMIUM]",,"[]",,,"[PREMIUM]"
"d2c4abbb-c254-4872-9b5b-ab4cc62ae006","2026-04-08 23:51:58.659","2026-04-11 23:52:16.724","d2c4abbb-c254-4872-9b5b-ab4cc62ae006","[PREMIUM]","Used",2022,"Hyundai","IONIQ Plug-In Hybrid","Limited","[PREMIUM]","[PREMIUM]",86376,"Hatchback","Stellar Silver","Gray","Front-wheel Drive",,,"Hybrid",,,"dealership","[PREMIUM]","Jackson","TN","[PREMIUM]",,"[]",,,"[PREMIUM]"
"9cb5a56b-a7d1-402d-82b4-d0643dcfba16","2026-04-08 23:51:58.644","2026-04-08 23:51:58.644","9cb5a56b-a7d1-402d-82b4-d0643dcfba16","[PREMIUM]","Used",2022,"Nissan","Murano","SV FWD","[PREMIUM]","[PREMIUM]",109106,"SUV","Gun Metallic","Graphite","Front-wheel Drive",,,"Gasoline",,,"dealership","[PREMIUM]","San Antonio","TX","[PREMIUM]",,"[]",,,"[PREMIUM]"
"0f2ca357-02f2-4607-b415-2579e9512085","2026-04-08 23:51:38.470","2026-04-08 23:51:38.470","0f2ca357-02f2-4607-b415-2579e9512085","[PREMIUM]","Used",2022,"Chevrolet","Trax","LT","[PREMIUM]","[PREMIUM]",6488,"SUV","Mosaic Black Metallic","Jet Black","All-wheel Drive",,,"Gasoline",,,"dealership","[PREMIUM]","Murraysville","PA","[PREMIUM]",,"[]",,,"[PREMIUM]"
"86ccdfe5-3499-480d-8d7f-2dc262165446","2026-04-08 23:51:38.362","2026-04-11 23:52:16.772","86ccdfe5-3499-480d-8d7f-2dc262165446","[PREMIUM]","Used",2022,"Kia","K5","LXS","[PREMIUM]","[PREMIUM]",67406,"Sedan","Everlasting Silver","Black","All-wheel Drive",,,"Gasoline",,,"dealership","[PREMIUM]","Knoxville","TN","[PREMIUM]",,"[]",,,"[PREMIUM]"
"dc3fc504-ea91-4de9-9a52-add4171cfd06","2026-04-08 23:51:28.294","2026-04-11 23:51:55.412","dc3fc504-ea91-4de9-9a52-add4171cfd06","[PREMIUM]","Used",2022,"Buick","Enclave","FWD Premium","[PREMIUM]","[PREMIUM]",111334,"SUV","Summit White","Dark Galvanized w/Ebony Accents","Front-wheel Drive",,,"Gasoline",,,"dealership","[PREMIUM]","Florissant","MO","[PREMIUM]",,"[]",,,"[PREMIUM]"
"e278d600-4e51-488d-8d9c-74a3daae1f82","2026-04-08 23:51:28.289","2026-04-11 23:52:16.791","e278d600-4e51-488d-8d9c-74a3daae1f82","[PREMIUM]","Used",2022,"Toyota","Corolla","LE","[PREMIUM]","[PREMIUM]",52980,"Sedan","Black Sand Pearl","Light Gray","Front-wheel Drive",,,"Gasoline",,,"dealership","[PREMIUM]","West Allis","WI","[PREMIUM]",,"[]",,,"[PREMIUM]"
"053d7b0e-5dcd-45ba-9c20-754123a6126d","2026-04-08 23:51:28.261","2026-04-08 23:51:28.261","053d7b0e-5dcd-45ba-9c20-754123a6126d","[PREMIUM]","Used",2022,"Tesla","Model 3","Long Range","[PREMIUM]","[PREMIUM]",104365,"Sedan","Gray",,"All-wheel Drive",,,"Electric",,,"dealership","[PREMIUM]","Somerset","NJ","[PREMIUM]",,"[]",,,"[PREMIUM]"
"88474f3f-41b5-424e-b4e6-ee837dd0d118","2026-04-08 23:51:28.236","2026-04-08 23:51:28.236","88474f3f-41b5-424e-b4e6-ee837dd0d118","[PREMIUM]","Used",2022,"Toyota","Corolla","LE","[PREMIUM]","[PREMIUM]",61092,"Sedan","White","Light Gray","Front-wheel Drive",,,"Gasoline",,,"dealership","[PREMIUM]","Summerville","SC","[PREMIUM]",,"[]",,,"[PREMIUM]"
"8dbd72f3-baa9-45bf-938a-cc2612fc92b5","2026-04-08 23:51:28.196","2026-04-11 23:52:05.954","8dbd72f3-baa9-45bf-938a-cc2612fc92b5","[PREMIUM]","New",2026,"Honda","Accord Hybrid","Sport-L","[PREMIUM]","[PREMIUM]",1,"Sedan","Urban Gray Pearl","Black","Front-wheel Drive",,,"Hybrid",,,"dealership","[PREMIUM]","Streetsboro","OH","[PREMIUM]",,"[]",,,"[PREMIUM]"
"e47966dd-e8f0-4a70-bc65-bd872bd9072b","2026-04-08 23:51:28.185","2026-04-08 23:51:28.185","e47966dd-e8f0-4a70-bc65-bd872bd9072b","[PREMIUM]","Used",2022,"Toyota","Corolla","LE","[PREMIUM]","[PREMIUM]",63911,"Sedan","White","Black","Front-wheel Drive",,,"Gasoline",,,"dealership","[PREMIUM]","Maysville","KY","[PREMIUM]",,"[]",,,"[PREMIUM]"
"2a42193b-7f03-4bc7-b260-22d2ee3862e6","2026-04-08 23:51:28.160","2026-04-11 23:52:05.968","2a42193b-7f03-4bc7-b260-22d2ee3862e6","[PREMIUM]","Used",2022,"Nissan","Rogue Sport","S","[PREMIUM]","[PREMIUM]",98015,"SUV","Brilliant Silver Metallic","Charcoal","All-wheel Drive",,,"Gasoline",,,"dealership","[PREMIUM]","Plano","TX","[PREMIUM]",,"[]",,,"[PREMIUM]"
"b792ed22-19e9-4fd3-9b7a-796ea06032bf","2026-04-08 23:51:28.157","2026-04-08 23:51:28.157","b792ed22-19e9-4fd3-9b7a-796ea06032bf","[PREMIUM]","Used",2022,"Kia","Niro","LXS","[PREMIUM]","[PREMIUM]",120509,"SUV","Snow White Pearl","Charcoal","Front-wheel Drive",,,"Gasoline",,,"dealership","[PREMIUM]","Las Cruces","NM","[PREMIUM]",,"[]",,,"[PREMIUM]"
"f7dfee30-5eb5-4694-a4ef-6630cd5b4209","2026-04-08 23:51:18.096","2026-04-08 23:51:18.096","f7dfee30-5eb5-4694-a4ef-6630cd5b4209","[PREMIUM]","Used",2022,"Kia","Forte","LXS","[PREMIUM]","[PREMIUM]",46541,"Sedan","Gravity Gray","Black","Front-wheel Drive",,,"Gasoline",,,"dealership","[PREMIUM]","Irving","TX","[PREMIUM]",,"[]",,,"[PREMIUM]"
"b2e8f1c0-0cf3-49d0-a932-fa0c56780936","2026-04-08 23:51:17.879","2026-04-08 23:51:17.879","b2e8f1c0-0cf3-49d0-a932-fa0c56780936","[PREMIUM]","Used",2022,"Nissan","Altima","SR FWD","[PREMIUM]","[PREMIUM]",82185,"Sedan","Brilliant Silver Metallic","Sport","Front-wheel Drive",,,"Gasoline",,,"dealership","[PREMIUM]","Frisco","TX","[PREMIUM]",,"[]",,,"[PREMIUM]"
"f15dd6f4-f758-4621-8bf4-0789c52a3c5a","2026-04-08 23:51:17.873","2026-04-08 23:51:17.873","f15dd6f4-f758-4621-8bf4-0789c52a3c5a","[PREMIUM]","Used",2022,"Ford","Escape","SEL","[PREMIUM]","[PREMIUM]",59267,"SUV","Stone Blue Metallic","Ebony","All-wheel Drive",,,"Gasoline",,,"dealership","[PREMIUM]","Ottawa","IL","[PREMIUM]",,"[]",,,"[PREMIUM]"
"47711511-de51-4e6f-9dda-eda6734d1ee4","2026-04-08 23:51:17.802","2026-04-08 23:51:17.802","47711511-de51-4e6f-9dda-eda6734d1ee4","[PREMIUM]","Used",2022,"Kia","Seltos","S","[PREMIUM]","[PREMIUM]",63140,"SUV","Gravity Gray","Black","All-wheel Drive",,,"Gasoline",,,"dealership","[PREMIUM]","Summerville","SC","[PREMIUM]",,"[]",,,"[PREMIUM]"
"4fb73732-d78f-44d3-9b7f-c0c652ecc7de","2026-04-08 23:51:17.751","2026-04-20 23:52:00.695","4fb73732-d78f-44d3-9b7f-c0c652ecc7de","[PREMIUM]","Used",2022,"Jeep","Grand Cherokee WK","Laredo","[PREMIUM]","[PREMIUM]",92894,"SUV","Velvet Red Pearlcoat","Black","Four-wheel Drive",,,"Gasoline",,,"dealership","[PREMIUM]","Orlando","FL","[PREMIUM]",,"[]",,,"[PREMIUM]"
"fa12471c-942e-4727-a68c-d5b54688a5a9","2026-04-08 23:51:17.751","2026-04-08 23:51:17.751","fa12471c-942e-4727-a68c-d5b54688a5a9","[PREMIUM]","Used",2022,"Nissan","Altima","S FWD","[PREMIUM]","[PREMIUM]",34206,"Sedan","Glacier White","Charcoal","Front-wheel Drive",,,"Gasoline",,,"dealership","[PREMIUM]","Nashville","TN","[PREMIUM]",,"[]",,,"[PREMIUM]"
"c2fd217d-1ede-4836-b5a7-0052827d8367","2026-04-08 23:51:17.745","2026-04-08 23:51:17.745","c2fd217d-1ede-4836-b5a7-0052827d8367","[PREMIUM]","Used",2022,"Chevrolet","Malibu","FWD LT","[PREMIUM]","[PREMIUM]",53503,"Sedan","Northsky Blue Metallic","Jet Black","Front-wheel Drive",,,"Gasoline",,,"dealership","[PREMIUM]","Tyler","TX","[PREMIUM]",,"[]",,,"[PREMIUM]"
"8f3f164b-4d61-405f-b221-bc2f5d6448fb","2026-04-08 23:51:17.744","2026-04-08 23:51:17.744","8f3f164b-4d61-405f-b221-bc2f5d6448fb","[PREMIUM]","Used",2022,"Chevrolet","Equinox","1LT","[PREMIUM]","[PREMIUM]",56456,"SUV","Mosaic Black Metallic","Jet Black","All-wheel Drive",,,"Gasoline",,,"dealership","[PREMIUM]","Alexandria","VA","[PREMIUM]",,"[]",,,"[PREMIUM]"
"3a7d6123-7317-4a45-add1-29841d16c70e","2026-04-08 23:51:17.742","2026-04-11 23:51:24.828","3a7d6123-7317-4a45-add1-29841d16c70e","[PREMIUM]","Used",2022,"Nissan","Sentra","S","[PREMIUM]","[PREMIUM]",42463,"Sedan","Super Black","Black","Front-wheel Drive",,,"Gasoline",,,"dealership","[PREMIUM]","Milwaukee","WI","[PREMIUM]",,"[]",,,"[PREMIUM]"
"4f2fcc44-33d3-4487-890c-1a28569da2ed","2026-04-08 23:51:17.739","2026-04-08 23:51:17.739","4f2fcc44-33d3-4487-890c-1a28569da2ed","[PREMIUM]","Used",2022,"Hyundai","SONATA","SEL","[PREMIUM]","[PREMIUM]",51565,"Sedan","Portofino Gray","Dark Gray","Front-wheel Drive",,,"Gasoline",,,"dealership","[PREMIUM]","Murfreesboro","TN","[PREMIUM]",,"[]",,,"[PREMIUM]"
"5edf785f-fb9f-4d2a-b2af-d08b17183721","2026-04-08 23:51:17.738","2026-04-20 23:52:31.016","5edf785f-fb9f-4d2a-b2af-d08b17183721","[PREMIUM]","Used",2022,"Nissan","Kicks","SV","[PREMIUM]","[PREMIUM]",31135,"SUV","Fresh Powder","Charcoal","Front-wheel Drive",,,"Gasoline",,,"dealership","[PREMIUM]","Escondido","CA","[PREMIUM]",,"[]",,,"[PREMIUM]"
"06ded09a-0554-4720-8950-c122eff78a26","2026-04-08 23:51:17.727","2026-04-08 23:51:17.727","06ded09a-0554-4720-8950-c122eff78a26","[PREMIUM]","Used",2022,"Hyundai","VENUE","SEL","[PREMIUM]","[PREMIUM]",42565,"SUV","Ceramic White","Gray","Front-wheel Drive",,,"Gasoline",,,"dealership","[PREMIUM]","Edgewater","MD","[PREMIUM]",,"[]",,,"[PREMIUM]"
"7f65918d-38b0-43a4-b23d-a3aa2f1f90cf","2026-04-08 23:51:07.513","2026-04-08 23:51:07.513","7f65918d-38b0-43a4-b23d-a3aa2f1f90cf","[PREMIUM]","Used",2022,"Toyota","Corolla","LE","[PREMIUM]","[PREMIUM]",78459,"Sedan","Classic Silver Metallic","Black","Front-wheel Drive",,,"Gasoline",,,"dealership","[PREMIUM]","Fairfield","OH","[PREMIUM]",,"[]",,,"[PREMIUM]"
"28b9e7d2-b524-4bac-b782-6d484eb05337","2026-04-08 23:51:07.322","2026-04-11 23:51:24.825","28b9e7d2-b524-4bac-b782-6d484eb05337","[PREMIUM]","Used",2022,"Nissan","Rogue","SL","[PREMIUM]","[PREMIUM]",104321,"SUV","Pearl White Tricoat","Gray","Front-wheel Drive",,,"Gasoline",,,"dealership","[PREMIUM]","McDonough","GA","[PREMIUM]",,"[]",,,"[PREMIUM]"
"5314a072-b84b-471b-9652-a93d7af1abe6","2026-04-08 23:51:07.272","2026-04-11 23:51:24.836","5314a072-b84b-471b-9652-a93d7af1abe6","[PREMIUM]","Used",2022,"Mazda","CX-5","2.5 S","[PREMIUM]","[PREMIUM]",68603,"SUV","Deep Crystal Blue Mica","Black","All-wheel Drive",,,"Gasoline",,,"dealership","[PREMIUM]","Manassas","VA","[PREMIUM]",,"[]",,,"[PREMIUM]"
"f17efd7e-325a-43ab-8d18-0e5115bb3261","2026-04-08 23:51:07.206","2026-04-08 23:51:07.206","f17efd7e-325a-43ab-8d18-0e5115bb3261","[PREMIUM]","Used",2022,"Nissan","Sentra","SV","[PREMIUM]","[PREMIUM]",60149,"Sedan","Aspen White","Charcoal","Front-wheel Drive",,,"Gasoline",,,"dealership","[PREMIUM]","Baton Rouge","LA","[PREMIUM]",,"[]",,,"[PREMIUM]"
"e98d73b6-29ef-4d2c-ab14-f1526728bdfc","2026-04-08 23:51:07.202","2026-04-08 23:51:07.202","e98d73b6-29ef-4d2c-ab14-f1526728bdfc","[PREMIUM]","Used",2022,"Ford","Escape","SE","[PREMIUM]","[PREMIUM]",69608,"SUV","AGATE BLACK METALLIC","DARK EARTH GRAY CLOTH SEATS",,,,,,,"dealership","[PREMIUM]","Mankato","MN","[PREMIUM]",,"[]",,,"[PREMIUM]"
"a8029cbe-4816-4701-8aa2-aff69d1e67ef","2026-04-08 23:51:07.200","2026-04-11 23:51:24.791","a8029cbe-4816-4701-8aa2-aff69d1e67ef","[PREMIUM]","Used",2022,"Chevrolet","Equinox","LS","[PREMIUM]","[PREMIUM]",41404,"SUV","Gray","Medium Ash Gray","Front-wheel Drive",,,"Gasoline",,,"dealership","[PREMIUM]","New Philadelphia","OH","[PREMIUM]",,"[]",,,"[PREMIUM]"
"8a3b4029-aedc-492e-ab8e-9d343213282e","2026-04-08 23:51:07.195","2026-04-08 23:51:07.195","8a3b4029-aedc-492e-ab8e-9d343213282e","[PREMIUM]","Used",2022,"Nissan","Rogue Sport","SV","[PREMIUM]","[PREMIUM]",81352,"SUV","Pearl White Tricoat","Gray","Front-wheel Drive",,,"Gasoline",,,"dealership","[PREMIUM]","Chandler","AZ","[PREMIUM]",,"[]",,,"[PREMIUM]"
"d0e3e417-f1e6-4229-b0ac-b411a87699b6","2026-04-08 23:51:07.177","2026-04-08 23:51:07.177","d0e3e417-f1e6-4229-b0ac-b411a87699b6","[PREMIUM]","New",2026,"Chevrolet","Blazer","2LT","[PREMIUM]","[PREMIUM]",0,"SUV","Black","Jet Black/Medium Gray","Front-wheel Drive",,,"Gasoline",,,"dealership","[PREMIUM]","Santa Paula","CA","[PREMIUM]",,"[]",,,"[PREMIUM]"
"ff942e16-d653-4ab5-b627-9f2861ff00ca","2026-04-08 23:50:56.907","2026-04-08 23:50:56.907","ff942e16-d653-4ab5-b627-9f2861ff00ca","[PREMIUM]","Used",2022,"Kia","Forte","GT-Line","[PREMIUM]","[PREMIUM]",47911,"Sedan","Sporty Blue","Black","Front-wheel Drive",,,"Gasoline",,,"dealership","[PREMIUM]","DeLand","FL","[PREMIUM]",,"[]",,,"[PREMIUM]"
"5d0b3a65-79b6-4f88-bcd5-2ac632b3e8f9","2026-04-08 23:50:56.894","2026-04-11 23:51:03.957","5d0b3a65-79b6-4f88-bcd5-2ac632b3e8f9","[PREMIUM]","Used",2022,"Nissan","Pathfinder","SL","[PREMIUM]","[PREMIUM]",110552,"SUV","Scarlet Ember","Charcoal","Four-wheel Drive",,,"Gasoline",,,"dealership","[PREMIUM]","El Paso","IL","[PREMIUM]",,"[]",,,"[PREMIUM]"
"e0cc2f78-f493-453d-9180-2eee5dd3c18a","2026-04-08 23:50:56.887","2026-04-08 23:50:56.887","e0cc2f78-f493-453d-9180-2eee5dd3c18a","[PREMIUM]","Used",2022,"Chevrolet","Malibu","LT","[PREMIUM]","[PREMIUM]",93655,"Sedan","Silver Ice Metallic","Jet Black","Front-wheel Drive",,,"Gasoline",,,"dealership","[PREMIUM]","Oklahoma City","OK","[PREMIUM]",,"[]",,,"[PREMIUM]"
"b6b67266-d9da-44a3-a79f-97387b445948","2026-04-08 23:50:56.877","2026-04-08 23:50:56.877","b6b67266-d9da-44a3-a79f-97387b445948","[PREMIUM]","Used",2022,"Volkswagen","Taos","1.5T SE","[PREMIUM]","[PREMIUM]",57676,"SUV","Pure White","Black","Front-wheel Drive",,,"Gasoline",,,"dealership","[PREMIUM]","Indianapolis","IN","[PREMIUM]",,"[]",,,"[PREMIUM]"
"466fdd5d-a6a0-441f-9e8f-8575bcbab117","2026-04-08 23:50:56.843","2026-04-08 23:50:56.843","466fdd5d-a6a0-441f-9e8f-8575bcbab117","[PREMIUM]","Used",2022,"Lincoln","Nautilus","Standard","[PREMIUM]","[PREMIUM]",80287,"SUV","Pristine White","Ebony","Front-wheel Drive",,,"Gasoline",,,"dealership","[PREMIUM]","Doral","FL","[PREMIUM]",,"[]",,,"[PREMIUM]"
"3ad9d9f1-f855-4ad6-9fb0-9b13c6c7040d","2026-04-08 23:50:56.822","2026-04-20 23:52:10.841","3ad9d9f1-f855-4ad6-9fb0-9b13c6c7040d","[PREMIUM]","Used",2022,"Chevrolet","Equinox","1LT","[PREMIUM]","[PREMIUM]",79866,"SUV","Seaglass Blue Metallic","Medium Ash Gray","All-wheel Drive",,,"Gasoline",,,"dealership","[PREMIUM]","Fresno","CA","[PREMIUM]",,"[]",,,"[PREMIUM]"
"3e127ab4-991d-49d1-999d-e8b8b2dbc74d","2026-04-08 23:50:56.812","2026-04-08 23:50:56.812","3e127ab4-991d-49d1-999d-e8b8b2dbc74d","[PREMIUM]","Used",2022,"Nissan","Sentra","SV","[PREMIUM]","[PREMIUM]",55621,"Sedan","Gun Metallic","Black","Front-wheel Drive",,,"Gasoline",,,"dealership","[PREMIUM]","Baton Rouge","LA","[PREMIUM]",,"[]",,,"[PREMIUM]"
"0dde72f3-cedc-4169-a123-4f95bee0d182","2026-04-08 23:50:56.806","2026-04-08 23:50:56.806","0dde72f3-cedc-4169-a123-4f95bee0d182","[PREMIUM]","Used",2022,"Chevrolet","Equinox","1LT","[PREMIUM]","[PREMIUM]",82329,"SUV","Iron Gray Metallic","Medium Ash Gray","Front-wheel Drive",,,"Gasoline",,,"dealership","[PREMIUM]","Columbus","OH","[PREMIUM]",,"[]",,,"[PREMIUM]"
"a9bbb381-1b01-4bbc-ba96-63a7a174b62a","2026-04-08 23:50:56.806","2026-04-17 23:51:40.045","a9bbb381-1b01-4bbc-ba96-63a7a174b62a","[PREMIUM]","Used",2022,"Ford","Explorer","XLT","[PREMIUM]","[PREMIUM]",108238,"SUV","White","Black","Rear-wheel Drive",,,"Gasoline",,,"dealership","[PREMIUM]","Gladstone","MO","[PREMIUM]",,"[]",,,"[PREMIUM]"
"2c5c1563-1eb6-4cef-97e5-87a574cbcc90","2026-04-08 23:50:56.802","2026-04-11 23:51:03.967","2c5c1563-1eb6-4cef-97e5-87a574cbcc90","[PREMIUM]","Used",2022,"Chevrolet","Equinox","LS","[PREMIUM]","[PREMIUM]",37939,"SUV","Summit White","Medium Ash Gray","All-wheel Drive",,,"Gasoline",,,"dealership","[PREMIUM]","San Diego","CA","[PREMIUM]",,"[]",,,"[PREMIUM]"
"1695845f-52cb-4569-8c80-d489d3beed03","2026-04-08 23:50:56.797","2026-04-08 23:50:56.797","1695845f-52cb-4569-8c80-d489d3beed03","[PREMIUM]","Used",2022,"Ford","Bronco Sport","Big Bend","[PREMIUM]","[PREMIUM]",80469,"SUV","Cyber Orange Metallic Tricoat","Medium Dark Slate","Four-wheel Drive",,,"Gasoline",,,"dealership","[PREMIUM]","Broken Arrow","OK","[PREMIUM]",,"[]",,,"[PREMIUM]"
"53556dfe-9de9-4258-9b69-b40ebf3db618","2026-04-08 23:50:56.788","2026-04-08 23:50:56.788","53556dfe-9de9-4258-9b69-b40ebf3db618","[PREMIUM]","Used",2022,"Toyota","Corolla","LE","[PREMIUM]","[PREMIUM]",75762,"Sedan","White","Light Gray","Front-wheel Drive",,,"Gasoline",,,"dealership","[PREMIUM]","El Cajon","CA","[PREMIUM]",,"[]",,,"[PREMIUM]"
"e6923c82-940e-4687-8bbb-083c9006e06f","2026-04-08 23:50:56.778","2026-04-14 23:51:19.261","e6923c82-940e-4687-8bbb-083c9006e06f","[PREMIUM]","Used",2022,"Tesla","Model 3","Long Range","[PREMIUM]","[PREMIUM]",140809,"Sedan","Deep Blue Metallic","Black","All-wheel Drive",,,"Electric",,,"dealership","[PREMIUM]","Howell","MI","[PREMIUM]",,"[]",,,"[PREMIUM]"
"3a0994a6-61a2-48c1-9fe3-122fbe47f895","2026-04-08 23:50:56.758","2026-04-11 23:51:03.951","3a0994a6-61a2-48c1-9fe3-122fbe47f895","[PREMIUM]","Used",2022,"Toyota","Corolla","LE","[PREMIUM]","[PREMIUM]",74512,"Sedan","White","Moonstone","Front-wheel Drive",,,"Gasoline",,,"dealership","[PREMIUM]","Greer","SC","[PREMIUM]",,"[]",,,"[PREMIUM]"
"e821a097-3855-4834-b989-45096598f6cd","2026-04-08 23:50:46.730","2026-04-11 23:50:54.018","e821a097-3855-4834-b989-45096598f6cd","[PREMIUM]","Used",2022,"Ford","Escape","SE","[PREMIUM]","[PREMIUM]",33500,"SUV","Oxford White","Gray","Front-wheel Drive",,,"Gasoline",,,"dealership","[PREMIUM]","Lakeland","FL","[PREMIUM]",,"[]",,,"[PREMIUM]"
"5f9d721b-2027-449f-9b52-9a817a4bac1c","2026-04-08 23:50:46.350","2026-04-08 23:50:46.350","5f9d721b-2027-449f-9b52-9a817a4bac1c","[PREMIUM]","Used",2022,"Hyundai","TUCSON","SEL","[PREMIUM]","[PREMIUM]",111714,"SUV","Shimmering Silver","Gray","Front-wheel Drive",,,"Gasoline",,,"dealership","[PREMIUM]","Bradenton","FL","[PREMIUM]",,"[]",,,"[PREMIUM]"
"01399605-ce53-4a03-bf6f-929e13b6f0da","2026-04-08 23:50:46.344","2026-04-08 23:50:46.344","01399605-ce53-4a03-bf6f-929e13b6f0da","[PREMIUM]","Used",2022,"Ford","Escape","SEL","[PREMIUM]","[PREMIUM]",52641,"SUV","Carbonized Gray Metallic","Ebony","Front-wheel Drive",,,"Gasoline",,,"dealership","[PREMIUM]","Monroe","NC","[PREMIUM]",,"[]",,,"[PREMIUM]"
"57f0fa98-619f-40cb-bc76-ef6ef0cf9c4d","2026-04-08 23:50:46.326","2026-04-08 23:50:46.326","57f0fa98-619f-40cb-bc76-ef6ef0cf9c4d","[PREMIUM]","Used",2022,"Kia","Seltos","EX","[PREMIUM]","[PREMIUM]",57736,"SUV","Steel Gray","Black","All-wheel Drive",,,"Gasoline",,,"dealership","[PREMIUM]","Elgin","IL","[PREMIUM]",,"[]",,,"[PREMIUM]"
"b322e3ed-01a4-40be-b86e-3141f83aed27","2026-04-08 23:50:46.300","2026-04-08 23:50:46.300","b322e3ed-01a4-40be-b86e-3141f83aed27","[PREMIUM]","Used",2022,"Kia","Forte","GT-Line","[PREMIUM]","[PREMIUM]",57035,"Sedan","Aurora Black Pearl","Black","Front-wheel Drive",,,"Gasoline",,,"dealership","[PREMIUM]","Waxahachie","TX","[PREMIUM]",,"[]",,,"[PREMIUM]"
"8159f075-00db-4675-a6ba-8b6fd3bf35f8","2026-04-08 23:50:46.272","2026-04-08 23:50:46.272","8159f075-00db-4675-a6ba-8b6fd3bf35f8","[PREMIUM]","Used",2022,"Volkswagen","Passat","2.0T SE","[PREMIUM]","[PREMIUM]",27729,"Sedan","Tourmaline Blue Metallic","Titan Black","Front-wheel Drive",,,"Gasoline",,,"dealership","[PREMIUM]","St. Louis","MO","[PREMIUM]",,"[]",,,"[PREMIUM]"
"b5e6ef62-ea57-4018-950e-b591e7a9facf","2026-04-08 23:50:46.255","2026-04-11 23:51:03.956","b5e6ef62-ea57-4018-950e-b591e7a9facf","[PREMIUM]","Used",2022,"Hyundai","KONA","SEL","[PREMIUM]","[PREMIUM]",71971,"SUV","Ultra Black","Black","All-wheel Drive",,,"Gasoline",,,"dealership","[PREMIUM]","Greensburg","PA","[PREMIUM]",,"[]",,,"[PREMIUM]"
"8741dc33-25be-4e5a-b273-466697e6386a","2026-04-08 23:50:46.208","2026-04-14 23:52:00.216","8741dc33-25be-4e5a-b273-466697e6386a","[PREMIUM]","Used",2022,"Chevrolet","Spark","2LT","[PREMIUM]","[PREMIUM]",17179,"Hatchback","Nightfall Gray Metallic","Jet Black/Dark Anderson Silver Metallic","Front-wheel Drive",,,"Gasoline",,,"dealership","[PREMIUM]","Cedar Falls","IA","[PREMIUM]",,"[]",,,"[PREMIUM]"
"a048a931-4f43-4336-9b61-f768358886a7","2026-04-08 23:50:36.043","2026-04-11 23:50:43.641","a048a931-4f43-4336-9b61-f768358886a7","[PREMIUM]","Used",2022,"Jeep","Compass","Latitude","[PREMIUM]","[PREMIUM]",74405,"SUV","Granite Crystal Metallic Clearcoat","Black","Front-wheel Drive",,,"Gasoline",,,"dealership","[PREMIUM]","Jacksonville","FL","[PREMIUM]",,"[]",,,"[PREMIUM]"
"8808d580-6ac3-4fbd-899c-9111ebbe091a","2026-04-08 23:50:35.990","2026-04-08 23:50:35.990","8808d580-6ac3-4fbd-899c-9111ebbe091a","[PREMIUM]","Used",2022,"Chevrolet","Equinox","Premier","[PREMIUM]","[PREMIUM]",55031,"SUV","Blue Glow Metallic","Jet Black","Front-wheel Drive",,,"Gasoline",,,"dealership","[PREMIUM]","Houston","TX","[PREMIUM]",,"[]",,,"[PREMIUM]"
"ec75cc2f-097c-4662-90e9-e8e3084f02f1","2026-04-08 23:50:35.941","2026-04-08 23:50:35.941","ec75cc2f-097c-4662-90e9-e8e3084f02f1","[PREMIUM]","Used",2022,"Mitsubishi","Outlander","SE 2.5 S-AWC","[PREMIUM]","[PREMIUM]",48515,"SUV","Alloy Silver Metallic","Black","Four-wheel Drive",,,"Gasoline",,,"dealership","[PREMIUM]","Totowa","NJ","[PREMIUM]",,"[]",,,"[PREMIUM]"
"ca26298e-9d76-414e-bb83-3f44b8296ffa","2026-04-08 23:50:35.902","2026-04-08 23:50:35.902","ca26298e-9d76-414e-bb83-3f44b8296ffa","[PREMIUM]","Used",2022,"Jeep","Compass","Trailhawk","[PREMIUM]","[PREMIUM]",69297,"SUV","Diamond Black Crystal Pearlcoat","Ruby Red/Black","Four-wheel Drive",,,"Gasoline",,,"dealership","[PREMIUM]","Austin","TX","[PREMIUM]",,"[]",,,"[PREMIUM]"
"b17f789c-4358-411a-9dae-cc34446d72e6","2026-04-08 23:50:35.890","2026-04-08 23:50:35.890","b17f789c-4358-411a-9dae-cc34446d72e6","[PREMIUM]","Used",2022,"Nissan","Altima","S FWD","[PREMIUM]","[PREMIUM]",70964,"Sedan","Deep Blue Pearl","Charcoal","Front-wheel Drive",,,"Gasoline",,,"dealership","[PREMIUM]","Tulsa","OK","[PREMIUM]",,"[]",,,"[PREMIUM]"
"95908771-5481-43d2-bb46-e2d6c10f1a38","2026-04-08 23:50:35.883","2026-04-08 23:50:35.883","95908771-5481-43d2-bb46-e2d6c10f1a38","[PREMIUM]","Used",2022,"Volkswagen","Passat","2.0T SE","[PREMIUM]","[PREMIUM]",26189,"Sedan","Tourmaline Blue Metallic","Titan Black","Front-wheel Drive",,,"Gasoline",,,"dealership","[PREMIUM]","Richardson","TX","[PREMIUM]",,"[]",,,"[PREMIUM]"
"a9ece6ae-ac02-4c0a-90f3-c3bc5009a04a","2026-04-08 23:50:35.879","2026-04-08 23:50:35.879","a9ece6ae-ac02-4c0a-90f3-c3bc5009a04a","[PREMIUM]","Used",2022,"Kia","Soul","LX","[PREMIUM]","[PREMIUM]",54838,"Hatchback","Snow White Pearl","Black / Gray","Front-wheel Drive",,,"Gasoline",,,"dealership","[PREMIUM]","Ocala","FL","[PREMIUM]",,"[]",,,"[PREMIUM]"
"08ef0604-4828-49ab-ade1-cc68fcdc441f","2026-04-08 23:50:35.865","2026-04-08 23:50:35.865","08ef0604-4828-49ab-ade1-cc68fcdc441f","[PREMIUM]","Used",2020,"GMC","Sierra 2500","Denali","[PREMIUM]","[PREMIUM]",153113,"Truck","Quicksilver Metallic","Jet Black","Four-wheel Drive",,,"Gasoline",,,"dealership","[PREMIUM]","Columbia","MO","[PREMIUM]",,"[]",,,"[PREMIUM]"
"aebaf8a5-f77f-4326-8448-62c210bb101a","2026-04-08 23:50:35.865","2026-04-11 23:50:43.507","aebaf8a5-f77f-4326-8448-62c210bb101a","[PREMIUM]","Used",2022,"Honda","Civic","EX","[PREMIUM]","[PREMIUM]",69112,"Sedan","Rallye Red","Black","Front-wheel Drive",,,"Gasoline",,,"dealership","[PREMIUM]","Verona","NJ","[PREMIUM]",,"[]",,,"[PREMIUM]"
"48ebf154-2d0e-4229-bd07-c36a99ccf505","2026-04-08 23:50:35.840","2026-04-08 23:50:35.840","48ebf154-2d0e-4229-bd07-c36a99ccf505","[PREMIUM]","Used",2022,"Hyundai","ELANTRA","SEL","[PREMIUM]","[PREMIUM]",48632,"Sedan","Intense Blue","Black","Front-wheel Drive",,,"Gasoline",,,"dealership","[PREMIUM]","Hialeah","FL","[PREMIUM]",,"[]",,,"[PREMIUM]"
"6e2187eb-9528-4b25-9230-4688da99f749","2026-04-08 23:50:35.839","2026-04-11 23:50:43.505","6e2187eb-9528-4b25-9230-4688da99f749","[PREMIUM]","Used",2022,"Kia","Forte","GT-Line","[PREMIUM]","[PREMIUM]",45063,"Sedan","Black","BLACK","Rear-wheel Drive",,,"Gasoline",,,"dealership","[PREMIUM]","Gulfport","MS","[PREMIUM]",,"[]",,,"[PREMIUM]"
"1346fbaa-9dc8-465b-9b25-aa71361a1efc","2026-04-08 23:50:35.829","2026-04-11 23:50:53.870","1346fbaa-9dc8-465b-9b25-aa71361a1efc","[PREMIUM]","Used",2022,"Hyundai","ELANTRA","SEL","[PREMIUM]","[PREMIUM]",40364,"Sedan","Fluid Metal","Medium Gray","Front-wheel Drive",,,"Gasoline",,,"dealership","[PREMIUM]","Avenel","NJ","[PREMIUM]",,"[]",,,"[PREMIUM]"
"165143a7-0e4a-41b7-a6c2-40294fcfc667","2026-04-08 23:50:25.260","2026-04-11 23:50:33.194","165143a7-0e4a-41b7-a6c2-40294fcfc667","[PREMIUM]","Used",2020,"GMC","Sierra 2500","Denali","[PREMIUM]","[PREMIUM]",150661,"Truck","Summit White","Jet Black","Four-wheel Drive",,,"Diesel",,,"dealership","[PREMIUM]","Tucson","AZ","[PREMIUM]",,"[]",,,"[PREMIUM]"
"00e11579-e17d-4808-beff-43d2099adfc9","2026-04-08 23:50:25.223","2026-04-08 23:50:25.223","00e11579-e17d-4808-beff-43d2099adfc9","[PREMIUM]","Used",2022,"Ford","Escape","SE","[PREMIUM]","[PREMIUM]",57400,"SUV","Ice Blue","Sandstone","All-wheel Drive",,,"Hybrid",,,"dealership","[PREMIUM]","Kingston","NY","[PREMIUM]",,"[]",,,"[PREMIUM]"
"91eb7205-fe77-47de-98f2-5c3cb75beb67","2026-04-08 23:50:25.193","2026-04-14 23:50:58.438","91eb7205-fe77-47de-98f2-5c3cb75beb67","[PREMIUM]","Used",2022,"Ford","Escape","SEL","[PREMIUM]","[PREMIUM]",86680,"SUV","Gray Metallic","Ebony","Front-wheel Drive",,,"Gasoline",,,"dealership","[PREMIUM]","Dallas","TX","[PREMIUM]",,"[]",,,"[PREMIUM]"
"80e9ace3-827d-474f-88a4-8fd165652d39","2026-04-08 23:50:25.168","2026-04-08 23:50:25.168","80e9ace3-827d-474f-88a4-8fd165652d39","[PREMIUM]","Used",2022,"Chevrolet","Equinox","1LT","[PREMIUM]","[PREMIUM]",70097,"SUV","Blue Glow Metallic","Jet Black","All-wheel Drive",,,"Gasoline",,,"dealership","[PREMIUM]","Charles City","IA","[PREMIUM]",,"[]",,,"[PREMIUM]"
"d7f96313-be86-4116-9c23-132b0851712a","2026-04-08 23:50:25.162","2026-04-08 23:50:25.162","d7f96313-be86-4116-9c23-132b0851712a","[PREMIUM]","Used",2022,"Toyota","Corolla","LE","[PREMIUM]","[PREMIUM]",43526,"Sedan","CELESTITE","Light Gray","Front-wheel Drive",,,"Gasoline",,,"dealership","[PREMIUM]","Hopkins","MN","[PREMIUM]",,"[]",,,"[PREMIUM]"
"c333e995-ad83-49bd-ba64-0d13b4bc61b8","2026-04-08 23:50:25.157","2026-04-08 23:50:25.157","c333e995-ad83-49bd-ba64-0d13b4bc61b8","[PREMIUM]","Used",2022,"Hyundai","TUCSON","SEL","[PREMIUM]","[PREMIUM]",81260,"SUV","Quartz White","Gray","Front-wheel Drive",,,"Gasoline",,,"dealership","[PREMIUM]","McKinney","TX","[PREMIUM]",,"[]",,,"[PREMIUM]"
"d07b102a-f8b7-436b-87d9-4d8186d73af9","2026-04-08 23:50:25.153","2026-04-08 23:50:25.153","d07b102a-f8b7-436b-87d9-4d8186d73af9","[PREMIUM]","Used",2022,"Jeep","Cherokee","Trailhawk","[PREMIUM]","[PREMIUM]",85226,"SUV","Granite Crystal Metallic Clearcoat","Black","Four-wheel Drive",,,"Gasoline",,,"dealership","[PREMIUM]","Marshfield","MO","[PREMIUM]",,"[]",,,"[PREMIUM]"
"43a6dc95-9a8f-4d06-afc8-d5e0e3290d48","2026-04-08 23:50:25.147","2026-04-11 23:50:33.164","43a6dc95-9a8f-4d06-afc8-d5e0e3290d48","[PREMIUM]","Used",2022,"Hyundai","SONATA","SEL","[PREMIUM]","[PREMIUM]",83714,"Sedan","Phantom Black","Dark Gray","Front-wheel Drive",,,"Gasoline",,,"dealership","[PREMIUM]","Rockwall","TX","[PREMIUM]",,"[]",,,"[PREMIUM]"
"3d2efe12-aaa8-40d5-b7d4-65a3dfc0c79c","2026-04-08 23:50:25.136","2026-04-08 23:50:25.136","3d2efe12-aaa8-40d5-b7d4-65a3dfc0c79c","[PREMIUM]","Used",2020,"Mercedes-Benz","AMG SLC 43",,"[PREMIUM]","[PREMIUM]",13031,"Convertible","Black","RED","Rear-wheel Drive",,,"Gasoline",,,"dealership","[PREMIUM]","Akron","OH","[PREMIUM]",,"[]",,,"[PREMIUM]"
"e5e2c5ed-2145-4b1e-a0b8-64b64f758a88","2026-04-08 23:50:14.654","2026-04-08 23:50:14.654","e5e2c5ed-2145-4b1e-a0b8-64b64f758a88","[PREMIUM]","Used",2022,"Hyundai","KONA","SEL","[PREMIUM]","[PREMIUM]",83231,"SUV","Cyber Silver","Gray","All-wheel Drive",,,"Gasoline",,,"dealership","[PREMIUM]","Belle Vernon","PA","[PREMIUM]",,"[]",,,"[PREMIUM]"
"549d030b-652e-4555-844b-788fd10db273","2026-04-08 23:50:14.610","2026-04-08 23:50:14.610","549d030b-652e-4555-844b-788fd10db273","[PREMIUM]","Used",2021,"Toyota","Tacoma","TRD Pro","[PREMIUM]","[PREMIUM]",27681,"Truck","Super White","Black","Four-wheel Drive",,,"Gasoline",,,"dealership","[PREMIUM]","Scottsdale","AZ","[PREMIUM]",,"[]",,,"[PREMIUM]"
"eac2ca6a-d1de-4da4-95e1-ff789c57cf21","2026-04-08 23:50:14.587","2026-04-11 23:50:33.153","eac2ca6a-d1de-4da4-95e1-ff789c57cf21","[PREMIUM]","Used",2022,"Kia","K5","EX","[PREMIUM]","[PREMIUM]",70652,"Sedan","Glacial White Pearl","Black","Front-wheel Drive",,,"Gasoline",,,"dealership","[PREMIUM]","Scottsdale","AZ","[PREMIUM]",,"[]",,,"[PREMIUM]"
"319ad113-8a05-40fe-8d34-a10e404e2b05","2026-04-08 23:50:14.584","2026-04-08 23:50:14.584","319ad113-8a05-40fe-8d34-a10e404e2b05","[PREMIUM]","Used",2021,"Ford","F-150","Limited","[PREMIUM]","[PREMIUM]",69957,"Truck","Agate Black Metallic","Admiral Blue","Four-wheel Drive",,,"Gasoline",,,"dealership","[PREMIUM]","Huntley","IL","[PREMIUM]",,"[]",,,"[PREMIUM]"
"1566ca6e-4aa8-491b-a7e0-a7c2da3e6639","2026-04-08 23:50:04.639","2026-04-11 23:50:33.171","1566ca6e-4aa8-491b-a7e0-a7c2da3e6639","[PREMIUM]","Used",2022,"Kia","Forte","LXS","[PREMIUM]","[PREMIUM]",43648,"Sedan","Steel Gray","Black","Front-wheel Drive",,,"Gasoline",,,"dealership","[PREMIUM]","Parma","OH","[PREMIUM]",,"[]",,,"[PREMIUM]"
"eb5830ce-b87c-42c0-9076-8185991eec7f","2026-04-08 23:50:04.618","2026-04-08 23:50:04.618","eb5830ce-b87c-42c0-9076-8185991eec7f","[PREMIUM]","Used",2022,"Jeep","Cherokee","Latitude Lux","[PREMIUM]","[PREMIUM]",95239,"SUV","Bright White Clearcoat","Black","Four-wheel Drive",,,"Gasoline",,,"dealership","[PREMIUM]","Mandan","ND","[PREMIUM]",,"[]",,,"[PREMIUM]"
"741ff187-a383-4e03-aec7-d728146c743d","2026-04-08 23:50:04.303","2026-04-08 23:50:04.303","741ff187-a383-4e03-aec7-d728146c743d","[PREMIUM]","Used",2022,"Hyundai","TUCSON","SEL","[PREMIUM]","[PREMIUM]",66768,"SUV","Calypso Red","Black","Front-wheel Drive",,,"Gasoline",,,"dealership","[PREMIUM]","Hagerstown","MD","[PREMIUM]",,"[]",,,"[PREMIUM]"
"4c71b2ce-c8f3-4934-a283-754f926edeb5","2026-04-08 23:50:04.287","2026-04-11 23:50:23.173","4c71b2ce-c8f3-4934-a283-754f926edeb5","[PREMIUM]","Used",2022,"Ford","Escape","SEL","[PREMIUM]","[PREMIUM]",125387,"SUV","Oxford White","Sandstone","All-wheel Drive",,,"Gasoline",,,"dealership","[PREMIUM]","Hortonville","WI","[PREMIUM]",,"[]",,,"[PREMIUM]"
"13339f62-84f0-476b-8060-96a78d073d98","2026-04-08 23:50:04.284","2026-04-11 23:50:23.083","13339f62-84f0-476b-8060-96a78d073d98","[PREMIUM]","Used",2022,"GMC","Terrain","SLT","[PREMIUM]","[PREMIUM]",107000,"SUV","Cayenne Red","Medium Ash Gray","All-wheel Drive",,,"Gasoline",,,"dealership","[PREMIUM]","Albuquerque","NM","[PREMIUM]",,"[]",,,"[PREMIUM]"
"b0da0def-1fe8-449a-b41f-da05d3dc37a7","2026-04-08 23:50:04.263","2026-04-08 23:50:04.263","b0da0def-1fe8-449a-b41f-da05d3dc37a7","[PREMIUM]","Used",2022,"Nissan","Altima","2.5 SR","[PREMIUM]","[PREMIUM]",82694,"Sedan","Black","Sport","Front-wheel Drive",,,"Gasoline",,,"dealership","[PREMIUM]","Savannah","TN","[PREMIUM]",,"[]",,,"[PREMIUM]"
"27d36f5f-29cd-42aa-8cd2-eb08dd7c029e","2026-04-08 23:49:54.286","2026-04-08 23:49:54.286","27d36f5f-29cd-42aa-8cd2-eb08dd7c029e","[PREMIUM]","Used",2022,"Hyundai","KONA","SEL","[PREMIUM]","[PREMIUM]",48739,"SUV","Pulse Red","Black","All-wheel Drive",,,"Gasoline",,,"dealership","[PREMIUM]","Schaumburg","IL","[PREMIUM]",,"[]",,,"[PREMIUM]"
"fa0223de-ac0f-4e96-9af1-fb066da9c2e5","2026-04-08 23:49:54.084","2026-04-14 23:50:28.336","fa0223de-ac0f-4e96-9af1-fb066da9c2e5","[PREMIUM]","Used",2021,"Chevrolet","Silverado 2500","LTZ","[PREMIUM]","[PREMIUM]",125687,"Truck","Northsky Blue Metallic","Jet Black","Four-wheel Drive",,,"Diesel",,,"dealership","[PREMIUM]","Greensboro","NC","[PREMIUM]",,"[]",,,"[PREMIUM]"
"77f879dc-64f9-4c1a-8853-5e173d52f1ad","2026-04-08 23:49:54.075","2026-04-08 23:49:54.075","77f879dc-64f9-4c1a-8853-5e173d52f1ad","[PREMIUM]","Used",2022,"Hyundai","TUCSON","SE","[PREMIUM]","[PREMIUM]",64960,"SUV","Amazon Gray","Black","All-wheel Drive",,,"Gasoline",,,"dealership","[PREMIUM]","Pacoima","CA","[PREMIUM]",,"[]",,,"[PREMIUM]"
"f90b27a6-e896-4b09-a251-2862d261dcc8","2026-04-08 23:49:54.043","2026-04-08 23:49:54.043","f90b27a6-e896-4b09-a251-2862d261dcc8","[PREMIUM]","Used",2022,"Volkswagen","Taos","1.5T SE","[PREMIUM]","[PREMIUM]",84099,"SUV","Deep Black Pearl","Black","All-wheel Drive",,,"Gasoline",,,"dealership","[PREMIUM]","Brillion","WI","[PREMIUM]",,"[]",,,"[PREMIUM]"
"a686a4b1-e9c2-4a6e-8d4d-7bdde99a8ea8","2026-04-08 23:49:54.027","2026-04-08 23:49:54.027","a686a4b1-e9c2-4a6e-8d4d-7bdde99a8ea8","[PREMIUM]","Used",2022,"Kia","Forte","LXS","[PREMIUM]","[PREMIUM]",42530,"Sedan","Steel Gray","Black","Front-wheel Drive",,,"Gasoline",,,"dealership","[PREMIUM]","Louisville","KY","[PREMIUM]",,"[]",,,"[PREMIUM]"
"b0f56c74-3db9-4065-b16a-16d615e565f0","2026-04-08 23:49:54.000","2026-04-08 23:49:54.000","b0f56c74-3db9-4065-b16a-16d615e565f0","[PREMIUM]","Used",2023,"Chevrolet","Silverado 1500","LTZ","[PREMIUM]","[PREMIUM]",45185,"Truck","Summit White","Gideon","Four-wheel Drive",,,"Diesel",,,"dealership","[PREMIUM]","Lexington","NC","[PREMIUM]",,"[]",,,"[PREMIUM]"
"f2fce936-bf52-4e6b-928e-c519d4ecf082","2026-04-08 23:49:53.995","2026-04-08 23:49:53.995","f2fce936-bf52-4e6b-928e-c519d4ecf082","[PREMIUM]","Used",2022,"Honda","Civic","Sport","[PREMIUM]","[PREMIUM]",100336,"Sedan","Lunar Silver Metallic","Black","Front-wheel Drive",,,"Gasoline",,,"dealership","[PREMIUM]","Winter Park","FL","[PREMIUM]",,"[]",,,"[PREMIUM]"
"969c50e3-bc51-42e6-b5f2-c2f094905a88","2026-04-08 23:49:53.977","2026-04-08 23:49:53.977","969c50e3-bc51-42e6-b5f2-c2f094905a88","[PREMIUM]","Used",2022,"Honda","HR-V","EX","[PREMIUM]","[PREMIUM]",82759,"SUV","Crystal Black Pearl","Black","All-wheel Drive",,,"Gasoline",,,"dealership","[PREMIUM]","Woodside","NY","[PREMIUM]",,"[]",,,"[PREMIUM]"
"a80c29df-62f9-4eb2-9422-00fbbb78ac4d","2026-04-08 23:49:53.957","2026-04-08 23:49:53.957","a80c29df-62f9-4eb2-9422-00fbbb78ac4d","[PREMIUM]","Used",2022,"Jeep","Renegade","Latitude","[PREMIUM]","[PREMIUM]",45125,"SUV",,,"Four-wheel Drive",,,"Gasoline",,,"dealership","[PREMIUM]","Sacramento","CA","[PREMIUM]",,"[]",,,"[PREMIUM]"
"a52f2930-6c40-43a3-b38e-70322eac44bd","2026-04-08 23:49:53.956","2026-04-08 23:49:53.956","a52f2930-6c40-43a3-b38e-70322eac44bd","[PREMIUM]","Used",2021,"Toyota","4Runner","TRD Pro","[PREMIUM]","[PREMIUM]",99364,"SUV","Lunar Rock","Black/Graphite","Four-wheel Drive",,,"Gasoline",,,"dealership","[PREMIUM]","Lafayette","IN","[PREMIUM]",,"[]",,,"[PREMIUM]"
"137fec8e-f14d-4169-942f-c43a4d0dd36f","2026-04-08 23:49:53.946","2026-04-08 23:49:53.946","137fec8e-f14d-4169-942f-c43a4d0dd36f","[PREMIUM]","Used",2022,"Honda","HR-V","EX-L","[PREMIUM]","[PREMIUM]",92747,"SUV","Lunar Silver Metallic","Black","All-wheel Drive",,,"Gasoline",,,"dealership","[PREMIUM]","Greenbelt","MD","[PREMIUM]",,"[]",,,"[PREMIUM]"
"3aa218ed-5eec-45ea-a18b-d3a0367b2e8b","2026-04-08 23:49:53.932","2026-04-11 23:50:23.167","3aa218ed-5eec-45ea-a18b-d3a0367b2e8b","[PREMIUM]","Used",2022,"Hyundai","TUCSON","SEL","[PREMIUM]","[PREMIUM]",48713,"SUV","Amazon Gray","Gray","Front-wheel Drive",,,"Gasoline",,,"dealership","[PREMIUM]","Wichita Falls","TX","[PREMIUM]",,"[]",,,"[PREMIUM]"
"1da363c3-eb66-4089-8e78-2afa15e7902e","2026-04-08 23:49:53.921","2026-04-11 23:50:33.222","1da363c3-eb66-4089-8e78-2afa15e7902e","[PREMIUM]","Used",2022,"Hyundai","SONATA Hybrid","SEL","[PREMIUM]","[PREMIUM]",62092,"Sedan","Oxford Blue","Black","Front-wheel Drive",,,"Hybrid",,,"dealership","[PREMIUM]","Lilburn","GA","[PREMIUM]",,"[]",,,"[PREMIUM]"
"66aaff47-8aee-4726-bac5-8821be6cde67","2026-04-08 23:49:43.454","2026-04-08 23:49:43.454","66aaff47-8aee-4726-bac5-8821be6cde67","[PREMIUM]","Used",2022,"Toyota","Corolla","SE","[PREMIUM]","[PREMIUM]",39651,"Sedan","Celestite","Black","Front-wheel Drive",,,"Gasoline",,,"dealership","[PREMIUM]","Springfield Gardens","NY","[PREMIUM]",,"[]",,,"[PREMIUM]"
"ca2f2018-5085-473d-b43d-4b0eef528372","2026-04-08 23:49:43.361","2026-04-08 23:49:43.361","ca2f2018-5085-473d-b43d-4b0eef528372","[PREMIUM]","Used",2022,"Nissan","Rogue","SV","[PREMIUM]","[PREMIUM]",76532,"SUV","Caspian Blue Metallic","Charcoal","Front-wheel Drive",,,"Gasoline",,,"dealership","[PREMIUM]","New Braunfels","TX","[PREMIUM]",,"[]",,,"[PREMIUM]"
"afa04a9e-3e41-4f7a-add5-ea0c20268750","2026-04-08 23:49:43.283","2026-04-08 23:49:43.283","afa04a9e-3e41-4f7a-add5-ea0c20268750","[PREMIUM]","Used",2022,"GMC","Terrain","SLE","[PREMIUM]","[PREMIUM]",98710,"SUV","Quicksilver Metallic","Jet Black","Front-wheel Drive",,,"Gasoline",,,"dealership","[PREMIUM]","Victoria","TX","[PREMIUM]",,"[]",,,"[PREMIUM]"
"44b6c0da-e4cb-486e-ba52-1abb570eb852","2026-04-08 23:49:43.276","2026-04-08 23:49:43.276","44b6c0da-e4cb-486e-ba52-1abb570eb852","[PREMIUM]","Used",2022,"Hyundai","TUCSON","SEL","[PREMIUM]","[PREMIUM]",91564,"SUV","Phantom Black","Gray","Front-wheel Drive",,,"Gasoline",,,"dealership","[PREMIUM]","Neederland","TX","[PREMIUM]",,"[]",,,"[PREMIUM]"
"97df6bb1-a4ee-477a-9ad0-1cffda0c8a32","2026-04-08 23:49:43.273","2026-04-11 23:49:52.317","97df6bb1-a4ee-477a-9ad0-1cffda0c8a32","[PREMIUM]","Used",2022,"Subaru","Impreza","Base","[PREMIUM]","[PREMIUM]",79509,"Sedan","Crystal White Pearl Whc","Ivory Ic","All-wheel Drive",,,"Gasoline",,,"dealership","[PREMIUM]","Shelbyville","IN","[PREMIUM]",,"[]",,,"[PREMIUM]"
"b77e5749-af8b-4e10-af20-d5305514d732","2026-04-08 23:49:43.260","2026-04-14 23:50:06.951","b77e5749-af8b-4e10-af20-d5305514d732","[PREMIUM]","Used",2022,"Chrysler","Pacifica","Touring L","[PREMIUM]","[PREMIUM]",94829,"Minivan","Ceramic Gray Clearcoat","Black/Alloy/Black","Front-wheel Drive",,,"Gasoline",,,"dealership","[PREMIUM]","North Platte","NE","[PREMIUM]",,"[]",,,"[PREMIUM]"
"a181182f-3af2-42da-967a-44d4f21d9c96","2026-04-08 23:49:43.258","2026-04-08 23:49:43.258","a181182f-3af2-42da-967a-44d4f21d9c96","[PREMIUM]","Used",2022,"Kia","Forte","GT-Line","[PREMIUM]","[PREMIUM]",69609,"Sedan","Steel Gray","Black","Front-wheel Drive",,,"Gasoline",,,"dealership","[PREMIUM]","Youngstown","OH","[PREMIUM]",,"[]",,,"[PREMIUM]"
"e9b11bad-9eba-47a6-af24-64c9a852c79c","2026-04-08 23:49:13.106","2026-04-08 23:49:13.106","e9b11bad-9eba-47a6-af24-64c9a852c79c","[PREMIUM]","Used",2022,"Toyota","Prius","Nightshade","[PREMIUM]","[PREMIUM]",66749,"Hatchback","Midnight Black Metallic","Black","Front-wheel Drive",,,"Hybrid",,,"dealership","[PREMIUM]","Orlando","FL","[PREMIUM]",,"[]",,,"[PREMIUM]"
"189db768-a324-4037-bb1c-d465f39d2f17","2026-04-08 23:49:13.065","2026-04-08 23:49:13.065","189db768-a324-4037-bb1c-d465f39d2f17","[PREMIUM]","Used",2022,"Nissan","Sentra","SV","[PREMIUM]","[PREMIUM]",42288,"Sedan","Gun Metallic","Black","Front-wheel Drive",,,"Gasoline",,,"dealership","[PREMIUM]","St Matthews","KY","[PREMIUM]",,"[]",,,"[PREMIUM]"
"5b4421a9-4cf4-4e62-9ff5-d084ee189e5e","2026-04-08 23:49:13.005","2026-04-08 23:49:13.005","5b4421a9-4cf4-4e62-9ff5-d084ee189e5e","[PREMIUM]","Used",2022,"BMW","X5","xDrive40i","[PREMIUM]","[PREMIUM]",29459,"SUV","Phytonic Blue Metallic","Cognac","All-wheel Drive",,,"Gasoline",,,"dealership","[PREMIUM]","Norwalk","CA","[PREMIUM]",,"[]",,,"[PREMIUM]"
"de3218ea-0911-4cac-8b20-614de1b5ca29","2026-04-08 23:49:02.876","2026-04-08 23:49:02.876","de3218ea-0911-4cac-8b20-614de1b5ca29","[PREMIUM]","Used",2022,"Hyundai","Accent","SE","[PREMIUM]","[PREMIUM]",80083,"Sedan","Pomegranate Red","Black","Front-wheel Drive",,,"Gasoline",,,"dealership","[PREMIUM]","Tampa","FL","[PREMIUM]",,"[]",,,"[PREMIUM]"
"4b146ce7-bbe9-4316-9f1c-4af338be1d5a","2026-04-08 23:49:02.771","2026-04-08 23:49:02.771","4b146ce7-bbe9-4316-9f1c-4af338be1d5a","[PREMIUM]","Used",2022,"Chevrolet","Equinox","LS","[PREMIUM]","[PREMIUM]",88391,"SUV","Iron Gray Metallic","Medium Ash Gray","Front-wheel Drive",,,"Gasoline",,,"dealership","[PREMIUM]","Marietta","GA","[PREMIUM]",,"[]",,,"[PREMIUM]"
"02e5b501-93be-49b4-a04d-9d2f20dd108b","2026-04-08 23:49:02.767","2026-04-08 23:49:02.767","02e5b501-93be-49b4-a04d-9d2f20dd108b","[PREMIUM]","Used",2022,"Toyota","Corolla","SE","[PREMIUM]","[PREMIUM]",73072,"Sedan","Blueprint","Light Gray","Front-wheel Drive",,,"Gasoline",,,"dealership","[PREMIUM]","Miami Lakes","FL","[PREMIUM]",,"[]",,,"[PREMIUM]"
"d07061c0-fc01-44e8-aeed-cfd1d83dec39","2026-04-08 23:49:02.726","2026-04-08 23:49:02.726","d07061c0-fc01-44e8-aeed-cfd1d83dec39","[PREMIUM]","Used",2022,"Chevrolet","Silverado 1500 Limited","LT Trail Boss","[PREMIUM]","[PREMIUM]",39838,"Truck","Cherry Red Tintcoat","Black","Four-wheel Drive",,,"Diesel",,,"dealership","[PREMIUM]","Grapevine","TX","[PREMIUM]",,"[]",,,"[PREMIUM]"
"1031419c-11ac-4248-a637-9aaadb3e3947","2026-04-08 23:48:52.644","2026-04-08 23:48:52.644","1031419c-11ac-4248-a637-9aaadb3e3947","[PREMIUM]","Used",2022,"Chevrolet","Equinox","1LT","[PREMIUM]","[PREMIUM]",31834,"SUV","Gray","Jet Black","Front-wheel Drive",,,"Gasoline",,,"dealership","[PREMIUM]","Perrysburg","OH","[PREMIUM]",,"[]",,,"[PREMIUM]"
"6a1778fc-4a41-41f9-9f7a-734f00d3557d","2026-04-08 23:48:52.575","2026-04-20 23:49:38.300","6a1778fc-4a41-41f9-9f7a-734f00d3557d","[PREMIUM]","Used",2022,"Kia","Forte","LXS","[PREMIUM]","[PREMIUM]",62717,"Sedan","Aurora Black Pearl","Black","Front-wheel Drive",,,"Gasoline",,,"online_vendor","[PREMIUM]","Rochester","NY","[PREMIUM]",,"[]",,,"[PREMIUM]"
"05bf5470-e776-4e23-b756-ee2a8c1a6592","2026-04-08 23:48:52.560","2026-04-08 23:48:52.560","05bf5470-e776-4e23-b756-ee2a8c1a6592","[PREMIUM]","Used",2022,"Toyota","Corolla","SE","[PREMIUM]","[PREMIUM]",63455,"Sedan","CELESTITE","Black","Front-wheel Drive",,,"Gasoline",,,"dealership","[PREMIUM]","Athens","GA","[PREMIUM]",,"[]",,,"[PREMIUM]"
"a9facb97-84a9-4b51-9eb1-b85f73e4f9d0","2026-04-08 23:48:52.549","2026-04-08 23:48:52.549","a9facb97-84a9-4b51-9eb1-b85f73e4f9d0","[PREMIUM]","Used",2022,"Kia","K5","GT-Line","[PREMIUM]","[PREMIUM]",91088,"Sedan","Passion Red","Black","Front-wheel Drive",,,"Gasoline",,,"dealership","[PREMIUM]","Broken Arrow","OK","[PREMIUM]",,"[]",,,"[PREMIUM]"
"ee502dc9-eb44-4a11-abdd-06503a98dfc8","2026-04-08 23:48:52.545","2026-04-17 23:49:28.242","ee502dc9-eb44-4a11-abdd-06503a98dfc8","[PREMIUM]","Used",2022,"Ford","Escape","S","[PREMIUM]","[PREMIUM]",18469,"SUV","Iced Blue Silver Metallic","Dark Earth Gray","Front-wheel Drive",,,"Gasoline",,,"dealership","[PREMIUM]","Jersey City","NJ","[PREMIUM]",,"[]",,,"[PREMIUM]"
"8cf74a8f-f22f-4bb8-8c6b-5916a8665163","2026-04-08 23:48:52.536","2026-04-08 23:48:52.536","8cf74a8f-f22f-4bb8-8c6b-5916a8665163","[PREMIUM]","Used",2022,"Honda","HR-V","Sport","[PREMIUM]","[PREMIUM]",113550,"SUV","Black","Black","Front-wheel Drive",,,"Gasoline",,,"dealership","[PREMIUM]","Sacramento","CA","[PREMIUM]",,"[]",,,"[PREMIUM]"
"5239a475-e763-431e-a917-b0d58a709f21","2026-04-08 23:48:52.533","2026-04-08 23:48:52.533","5239a475-e763-431e-a917-b0d58a709f21","[PREMIUM]","Used",2022,"Chevrolet","Trailblazer","LS","[PREMIUM]","[PREMIUM]",40128,"SUV","Mosaic Black Metallic","Jet Black","Front-wheel Drive",,,"Gasoline",,,"dealership","[PREMIUM]","Owings Mills","MD","[PREMIUM]",,"[]",,,"[PREMIUM]"
"5ebe2722-9b6d-4de7-b01a-0cab0662308e","2026-04-08 23:48:52.506","2026-04-11 23:49:01.340","5ebe2722-9b6d-4de7-b01a-0cab0662308e","[PREMIUM]","Used",2022,"Toyota","Corolla","XLE","[PREMIUM]","[PREMIUM]",102739,"Sedan","White","Black","Front-wheel Drive",,,"Gasoline",,,"dealership","[PREMIUM]","West Harrison","IN","[PREMIUM]",,"[]",,,"[PREMIUM]"
"441becbb-6a36-457a-a79e-a55b456bf271","2026-04-08 23:48:32.069","2026-04-08 23:48:32.069","441becbb-6a36-457a-a79e-a55b456bf271","[PREMIUM]","Used",2023,"Land Rover","Range Rover Velar","P250 S","[PREMIUM]","[PREMIUM]",6249,"SUV","Santorini Black Metallic","Ebony","All-wheel Drive",,,"Gasoline",,,"dealership","[PREMIUM]","Scottsdale","AZ","[PREMIUM]",,"[]",,,"[PREMIUM]"
"cfac9781-a9ee-4e33-a3cf-3b2e2b35adfd","2026-04-08 23:48:32.022","2026-04-11 23:48:40.504","cfac9781-a9ee-4e33-a3cf-3b2e2b35adfd","[PREMIUM]","Used",2023,"GMC","Sierra 1500","SLE","[PREMIUM]","[PREMIUM]",8128,"Truck","Gray","BLACK","Four-wheel Drive",,,"Gasoline",,,"dealership","[PREMIUM]","Langhorne","PA","[PREMIUM]",,"[]",,,"[PREMIUM]"
"42cc5195-3309-4439-939c-1126335b3583","2026-04-08 23:48:32.003","2026-04-08 23:48:32.003","42cc5195-3309-4439-939c-1126335b3583","[PREMIUM]","Used",2023,"Honda","Pilot","Elite","[PREMIUM]","[PREMIUM]",30000,"SUV","Modern Steel Metallic","Black","All-wheel Drive",,,"Gasoline",,,"dealership","[PREMIUM]","Bedford Hills","NY","[PREMIUM]",,"[]",,,"[PREMIUM]"
"28ebe0ab-3543-4fa1-acb3-ba3493b29cac","2026-04-08 23:48:31.923","2026-04-08 23:48:31.923","28ebe0ab-3543-4fa1-acb3-ba3493b29cac","[PREMIUM]","Used",2023,"INFINITI","QX60","Sensory","[PREMIUM]","[PREMIUM]",35423,"SUV","Black","BROWN","Four-wheel Drive",,,"Gasoline",,,"dealership","[PREMIUM]","Buford","GA","[PREMIUM]",,"[]",,,"[PREMIUM]"
"c1203520-8473-4d23-a5c3-74ed7896f839","2026-04-08 23:48:31.917","2026-04-08 23:48:31.917","c1203520-8473-4d23-a5c3-74ed7896f839","[PREMIUM]","Used",2023,"Jeep","Gladiator","Rubicon","[PREMIUM]","[PREMIUM]",8566,"Truck","High Velocity Clearcoat","Black","Four-wheel Drive",,,"Gasoline",,,"dealership","[PREMIUM]","Burnsville","MN","[PREMIUM]",,"[]",,,"[PREMIUM]"
"13c55fae-f51d-4120-aafa-db4ab74a7f19","2026-04-08 23:48:31.901","2026-04-11 23:48:40.405","13c55fae-f51d-4120-aafa-db4ab74a7f19","[PREMIUM]","Used",2023,"Lexus","RC 350","350","[PREMIUM]","[PREMIUM]",20988,"Coupe","Obsidian","Black","Rear-wheel Drive",,,"Gasoline",,,"dealership","[PREMIUM]","Orlando","FL","[PREMIUM]",,"[]",,,"[PREMIUM]"
"717b441c-e2d7-4b59-baaf-5f7c429243f6","2026-04-08 23:48:21.929","2026-04-08 23:48:21.929","717b441c-e2d7-4b59-baaf-5f7c429243f6","[PREMIUM]","Used",2024,"Jeep","Wagoneer","Series II","[PREMIUM]","[PREMIUM]",58630,"SUV","Metallic","Black","Four-wheel Drive",,,"Gasoline",,,"dealership","[PREMIUM]","New Port Richey","FL","[PREMIUM]",,"[]",,,"[PREMIUM]"
"d20d72c0-b4f6-402b-b940-292cb819f195","2026-04-08 23:48:21.596","2026-04-11 23:48:30.146","d20d72c0-b4f6-402b-b940-292cb819f195","[PREMIUM]","Used",2022,"Nissan","Altima","2.5 SV","[PREMIUM]","[PREMIUM]",90441,"Sedan","Super Black","Super Black","Front-wheel Drive",,,"Gasoline",,,"dealership","[PREMIUM]","Denton","TX","[PREMIUM]",,"[]",,,"[PREMIUM]"
"e3d9b5f0-f8bd-469f-b5a1-3697b7ec3666","2026-04-08 23:48:21.578","2026-04-08 23:48:21.578","e3d9b5f0-f8bd-469f-b5a1-3697b7ec3666","[PREMIUM]","Used",2022,"Nissan","Kicks","SV","[PREMIUM]","[PREMIUM]",17974,"SUV","Gun Metallic",,"Front-wheel Drive",,,"Gasoline",,,"dealership","[PREMIUM]","Marietta","GA","[PREMIUM]",,"[]",,,"[PREMIUM]"
"a13945ba-251d-478c-bae7-1003f7d9281e","2026-04-08 23:48:21.488","2026-04-11 23:48:40.445","a13945ba-251d-478c-bae7-1003f7d9281e","[PREMIUM]","Used",2022,"Jeep","Compass","Limited","[PREMIUM]","[PREMIUM]",106886,"SUV","Gray","Black","Four-wheel Drive",,,"Gasoline",,,"dealership","[PREMIUM]","Wayne","MI","[PREMIUM]",,"[]",,,"[PREMIUM]"
"720692fa-9919-4985-a3cd-58cfafe1f00b","2026-04-08 23:48:21.477","2026-04-08 23:48:21.477","720692fa-9919-4985-a3cd-58cfafe1f00b","[PREMIUM]","Used",2024,"Genesis","G80","2.5T","[PREMIUM]","[PREMIUM]",9975,"Sedan","Vik Black","Obsidian Black","All-wheel Drive",,,"Gasoline",,,"dealership","[PREMIUM]","TORRANCE","CA","[PREMIUM]",,"[]",,,"[PREMIUM]"
"7472ed82-81ed-4cd3-85f0-e6424dfb57b9","2026-04-08 23:48:11.199","2026-04-08 23:48:11.199","7472ed82-81ed-4cd3-85f0-e6424dfb57b9","[PREMIUM]","Used",2024,"Audi","Q5 e","55 S line Prestige","[PREMIUM]","[PREMIUM]",17025,"SUV","Daytona Gray Pearl Effect","Black","All-wheel Drive",,,"Gasoline",,,"dealership","[PREMIUM]","Parker","CO","[PREMIUM]",,"[]",,,"[PREMIUM]"
"d9b123a9-2613-469b-94e6-86afebaee325","2026-04-08 23:48:11.172","2026-04-08 23:48:11.172","d9b123a9-2613-469b-94e6-86afebaee325","[PREMIUM]","Used",2024,"Ford","F-150","XLT","[PREMIUM]","[PREMIUM]",34779,"Truck","Oxford White","Black","Four-wheel Drive",,,"Gasoline",,,"dealership","[PREMIUM]","McAlester","OK","[PREMIUM]",,"[]",,,"[PREMIUM]"
"14069c70-da33-43c0-b964-a41c9da3c9f6","2026-04-08 23:48:11.152","2026-04-08 23:48:11.152","14069c70-da33-43c0-b964-a41c9da3c9f6","[PREMIUM]","Used",2022,"Ford","Maverick","Lariat","[PREMIUM]","[PREMIUM]",34525,"Truck","Gray","Desert Brown","Front-wheel Drive",,,"Gasoline",,,"dealership","[PREMIUM]","Mesa","AZ","[PREMIUM]",,"[]",,,"[PREMIUM]"
"d2aac3e2-603b-4f66-b982-0c25f1f7a704","2026-04-08 23:48:11.130","2026-04-11 23:48:30.143","d2aac3e2-603b-4f66-b982-0c25f1f7a704","[PREMIUM]","Used",2022,"Chevrolet","Trailblazer","LT","[PREMIUM]","[PREMIUM]",54228,"SUV","Blue Glow Metallic","Jet Black","All-wheel Drive",,,"Gasoline",,,"dealership","[PREMIUM]","Depew","NY","[PREMIUM]",,"[]",,,"[PREMIUM]"
"fa99cb09-d1f1-4e32-9e48-9e32b7ca3fb6","2026-04-08 23:48:11.126","2026-04-08 23:48:11.126","fa99cb09-d1f1-4e32-9e48-9e32b7ca3fb6","[PREMIUM]","Used",2022,"Mitsubishi","Outlander","SE","[PREMIUM]","[PREMIUM]",107599,"SUV","White Diamond","Black","Front-wheel Drive",,,"Gasoline",,,"dealership","[PREMIUM]","Montclair","CA","[PREMIUM]",,"[]",,,"[PREMIUM]"
"935f1ec8-e2a1-4a4f-a517-0422efe9e543","2026-04-08 23:48:11.102","2026-04-08 23:48:11.102","935f1ec8-e2a1-4a4f-a517-0422efe9e543","[PREMIUM]","Used",2022,"Chevrolet","Equinox","LS","[PREMIUM]","[PREMIUM]",92855,"SUV","Iron Gray Metallic","Medium Ash Gray","Front-wheel Drive",,,"Gasoline",,,"dealership","[PREMIUM]","Ventura","CA","[PREMIUM]",,"[]",,,"[PREMIUM]"
"9168f903-8ddc-4aa6-a5e8-8a1af697df02","2026-04-08 23:48:01.284","2026-04-08 23:48:01.284","9168f903-8ddc-4aa6-a5e8-8a1af697df02","[PREMIUM]","Used",2022,"Nissan","Sentra","SV","[PREMIUM]","[PREMIUM]",31477,"Sedan","Electric Blue Metallic","Black","Front-wheel Drive",,,"Gasoline",,,"dealership","[PREMIUM]","Port Chester","NY","[PREMIUM]",,"[]",,,"[PREMIUM]"
"e716c869-2d04-445b-ab8f-7fa3eb780bae","2026-04-08 23:48:01.263","2026-04-08 23:48:01.263","e716c869-2d04-445b-ab8f-7fa3eb780bae","[PREMIUM]","Used",2022,"Toyota","RAV4","XLE","[PREMIUM]","[PREMIUM]",98905,"SUV","Silver Sky Metallic","Ash","Front-wheel Drive",,,"Gasoline",,,"dealership","[PREMIUM]","Norcross","GA","[PREMIUM]",,"[]",,,"[PREMIUM]"
"ad12288f-4bbc-4b78-924e-5ebdd95bc651","2026-04-08 23:48:00.943","2026-04-08 23:48:00.943","ad12288f-4bbc-4b78-924e-5ebdd95bc651","[PREMIUM]","Used",2022,"Nissan","Kicks","SV","[PREMIUM]","[PREMIUM]",14147,"SUV","Super Black","Charcoal","Front-wheel Drive",,,"Gasoline",,,"dealership","[PREMIUM]","Minneapolis","MN","[PREMIUM]",,"[]",,,"[PREMIUM]"
"0ff75e4d-ce0c-49af-bcb7-b4a7a7a63395","2026-04-08 23:47:40.547","2026-04-08 23:47:40.547","0ff75e4d-ce0c-49af-bcb7-b4a7a7a63395","[PREMIUM]","Used",2022,"Kia","Forte","LXS","[PREMIUM]","[PREMIUM]",69908,"Sedan","Steel Gray","Black","Front-wheel Drive",,,"Gasoline",,,"dealership","[PREMIUM]","El Cajon","CA","[PREMIUM]",,"[]",,,"[PREMIUM]"
"b19a4584-177f-4a7f-97f4-02a5e0c51fa3","2026-04-08 23:47:40.545","2026-04-11 23:48:30.178","b19a4584-177f-4a7f-97f4-02a5e0c51fa3","[PREMIUM]","Used",2022,"Chevrolet","Equinox","LS","[PREMIUM]","[PREMIUM]",63222,"SUV","Mosaic Black Metallic","Medium Ash Gray","Front-wheel Drive",,,"Gasoline",,,"dealership","[PREMIUM]","Boerne","TX","[PREMIUM]",,"[]",,,"[PREMIUM]"
"2eb98aee-1097-400b-a508-2fd4d8725a5e","2026-04-08 23:47:40.524","2026-04-08 23:47:40.524","2eb98aee-1097-400b-a508-2fd4d8725a5e","[PREMIUM]","Used",2022,"Chevrolet","Trailblazer","LT","[PREMIUM]","[PREMIUM]",79628,"SUV","Crimson Metallic","Jet Black","Front-wheel Drive",,,"Gasoline",,,"dealership","[PREMIUM]","Cincinnati","OH","[PREMIUM]",,"[]",,,"[PREMIUM]"
"7043ffa9-a66f-4ac3-a323-1e51ccf878ff","2026-04-08 23:47:40.482","2026-04-11 23:48:30.359","7043ffa9-a66f-4ac3-a323-1e51ccf878ff","[PREMIUM]","Used",2024,"Nissan","Pathfinder","Platinum","[PREMIUM]","[PREMIUM]",16374,"SUV","Tan","BLACK","Four-wheel Drive",,,"Gasoline",,,"dealership","[PREMIUM]","Naperville","IL","[PREMIUM]",,"[]",,,"[PREMIUM]"
"cd194356-beea-4bf0-bc4c-0e6b89fba7b2","2026-04-08 23:47:40.439","2026-04-08 23:47:40.439","cd194356-beea-4bf0-bc4c-0e6b89fba7b2","[PREMIUM]","Used",2024,"Mercedes-Benz","C-Class",,"[PREMIUM]","[PREMIUM]",12762,"Sedan","Gray","BLACK","Rear-wheel Drive",,,"Gasoline",,,"dealership","[PREMIUM]","Houston","TX","[PREMIUM]",,"[]",,,"[PREMIUM]"
"78fbd3e5-6a93-41f4-993d-0d83aa10b263","2026-04-08 23:47:20.217","2026-04-08 23:47:20.217","78fbd3e5-6a93-41f4-993d-0d83aa10b263","[PREMIUM]","Used",2022,"Chevrolet","Trailblazer","LT","[PREMIUM]","[PREMIUM]",60813,"SUV","Blue Glow Metallic","Jet Black","All-wheel Drive",,,"Gasoline",,,"dealership","[PREMIUM]","Blair","NE","[PREMIUM]",,"[]",,,"[PREMIUM]"
"8ecc9a44-6ed6-45e3-a5b7-d9baaafddbfc","2026-04-08 23:47:20.157","2026-04-08 23:47:20.157","8ecc9a44-6ed6-45e3-a5b7-d9baaafddbfc","[PREMIUM]","Used",2022,"Mitsubishi","Outlander","SEL 2.5 2WD","[PREMIUM]","[PREMIUM]",111291,"SUV","Mercury Gray Metallic","Light Gray","Front-wheel Drive",,,"Gasoline",,,"dealership","[PREMIUM]","Santa Rosa","CA","[PREMIUM]",,"[]",,,"[PREMIUM]"
"def0890b-3b2f-4abf-b60f-566cade1771b","2026-04-08 23:47:20.155","2026-04-08 23:47:20.155","def0890b-3b2f-4abf-b60f-566cade1771b","[PREMIUM]","Used",2022,"Hyundai","TUCSON","SEL","[PREMIUM]","[PREMIUM]",64079,"SUV","Silver","CREAM","Rear-wheel Drive",,,"Gasoline",,,"dealership","[PREMIUM]","Merriam","KS","[PREMIUM]",,"[]",,,"[PREMIUM]"
"e48fb515-48ca-4680-a29e-2f3c3baea55d","2026-04-08 23:47:20.143","2026-04-08 23:47:20.143","e48fb515-48ca-4680-a29e-2f3c3baea55d","[PREMIUM]","Used",2022,"Chevrolet","Equinox","LS","[PREMIUM]","[PREMIUM]",32768,"SUV","White","GRAY","Rear-wheel Drive",,,"Gasoline",,,"dealership","[PREMIUM]","Palmdale","CA","[PREMIUM]",,"[]",,,"[PREMIUM]"
"5c481e69-2161-4f3b-a503-6640d6f74ea5","2026-04-08 23:47:20.128","2026-04-08 23:47:20.128","5c481e69-2161-4f3b-a503-6640d6f74ea5","[PREMIUM]","Used",2022,"Chevrolet","Trax","LT","[PREMIUM]","[PREMIUM]",45389,"SUV","Shadow Gray Metallic","Jet Black","All-wheel Drive",,,"Gasoline",,,"dealership","[PREMIUM]","Blair","NE","[PREMIUM]",,"[]",,,"[PREMIUM]"
"8c120e48-9c87-4859-abe7-d93337454c8e","2026-04-08 23:47:10.011","2026-04-08 23:47:10.011","8c120e48-9c87-4859-abe7-d93337454c8e","[PREMIUM]","Used",2022,"Ford","Escape","SE","[PREMIUM]","[PREMIUM]",30912,"SUV","Blue","GRAY","Four-wheel Drive",,,"Gasoline",,,"dealership","[PREMIUM]","Lynchburg","VA","[PREMIUM]",,"[]",,,"[PREMIUM]"
"3301cc82-d341-412a-a360-01b2c867594b","2026-04-08 23:47:10.003","2026-04-08 23:47:10.003","3301cc82-d341-412a-a360-01b2c867594b","[PREMIUM]","Used",2022,"Honda","HR-V","Sport","[PREMIUM]","[PREMIUM]",81428,"SUV","White","GRAY","Rear-wheel Drive",,,"Gasoline",,,"dealership","[PREMIUM]","Murrieta","CA","[PREMIUM]",,"[]",,,"[PREMIUM]"
"b2907a1a-8952-4e4c-bed9-53e3830df38d","2026-04-08 23:46:59.866","2026-04-11 23:47:07.723","b2907a1a-8952-4e4c-bed9-53e3830df38d","[PREMIUM]","Used",2022,"Hyundai","KONA","SEL","[PREMIUM]","[PREMIUM]",34721,"SUV","Blue","BLACK","Rear-wheel Drive",,,"Gasoline",,,"dealership","[PREMIUM]","Santa Rosa","CA","[PREMIUM]",,"[]",,,"[PREMIUM]"
"bb67d116-b3bb-43a0-bf02-0601c6a08b9b","2026-04-08 23:46:59.824","2026-04-08 23:46:59.824","bb67d116-b3bb-43a0-bf02-0601c6a08b9b","[PREMIUM]","Used",2022,"Nissan","Murano","SV","[PREMIUM]","[PREMIUM]",57907,"SUV","Gray","BLACK","Rear-wheel Drive",,,"Gasoline",,,"dealership","[PREMIUM]","Stockton","CA","[PREMIUM]",,"[]",,,"[PREMIUM]"
"48d36427-3eb4-4c5c-b5d6-4f4b3b5d72e3","2026-04-08 23:46:59.823","2026-04-08 23:46:59.823","48d36427-3eb4-4c5c-b5d6-4f4b3b5d72e3","[PREMIUM]","Used",2022,"Volkswagen","Taos","S","[PREMIUM]","[PREMIUM]",35286,"SUV","White","GRAY","Rear-wheel Drive",,,"Gasoline",,,"dealership","[PREMIUM]","Renton","WA","[PREMIUM]",,"[]",,,"[PREMIUM]"
"2d5fad17-736a-4423-a5e5-30cbc61c13e3","2026-04-08 23:46:59.798","2026-04-08 23:46:59.798","2d5fad17-736a-4423-a5e5-30cbc61c13e3","[PREMIUM]","Used",2022,"Toyota","Corolla","XSE","[PREMIUM]","[PREMIUM]",91468,"Sedan","Black","BLACK","Rear-wheel Drive",,,"Gasoline",,,"dealership","[PREMIUM]","Edison","NJ","[PREMIUM]",,"[]",,,"[PREMIUM]"
"d5b4acf7-09c8-4039-afc8-d18d31cf30a8","2026-04-08 23:46:59.764","2026-04-08 23:46:59.764","d5b4acf7-09c8-4039-afc8-d18d31cf30a8","[PREMIUM]","Used",2022,"Buick","Encore GX","Preferred","[PREMIUM]","[PREMIUM]",40896,"SUV","Black","BLACK","Rear-wheel Drive",,,"Gasoline",,,"dealership","[PREMIUM]","Lynnwood","WA","[PREMIUM]",,"[]",,,"[PREMIUM]"
"1df10bb7-01ea-4ed5-9c9c-88121b94b639","2026-04-08 23:46:49.687","2026-04-11 23:47:07.742","1df10bb7-01ea-4ed5-9c9c-88121b94b639","[PREMIUM]","Used",2022,"Mitsubishi","Mirage G4","Black Edition","[PREMIUM]","[PREMIUM]",11985,"Sedan","Black","BLACK","Rear-wheel Drive",,,"Gasoline",,,"dealership","[PREMIUM]","Mechanicsburg","PA","[PREMIUM]",,"[]",,,"[PREMIUM]"
"f64763a9-e245-4463-a509-215559070212","2026-04-08 23:46:49.667","2026-04-08 23:46:49.667","f64763a9-e245-4463-a509-215559070212","[PREMIUM]","Used",2022,"Ford","Escape","SEL","[PREMIUM]","[PREMIUM]",60651,"SUV","Black","BLACK","Four-wheel Drive",,,"Gasoline",,,"dealership","[PREMIUM]","MERIDIAN","ID","[PREMIUM]",,"[]",,,"[PREMIUM]"
"39fa2c90-9a78-412c-b48f-829247b62d13","2026-04-08 23:46:39.517","2026-04-11 23:46:47.459","39fa2c90-9a78-412c-b48f-829247b62d13","[PREMIUM]","Used",2025,"Chevrolet","Silverado 1500","Custom","[PREMIUM]","[PREMIUM]",28433,"Truck","Summit White","Jet Black","Four-wheel Drive",,,"Gasoline",,,"dealership","[PREMIUM]","Albuquerque","NM","[PREMIUM]",,"[]",,,"[PREMIUM]"
"8ccc10b0-0a56-4457-8459-325e898785bb","2026-04-08 23:46:39.472","2026-04-11 23:46:47.379","8ccc10b0-0a56-4457-8459-325e898785bb","[PREMIUM]","Used",2023,"Kia","Soul","EX","[PREMIUM]","[PREMIUM]",36103,"Hatchback","Gray","BLACK","Rear-wheel Drive",,,"Gasoline",,,"dealership","[PREMIUM]","Oklahoma City","OK","[PREMIUM]",,"[]",,,"[PREMIUM]"
"922014ef-dfa3-422f-bd94-09f643e63f3c","2026-04-08 23:46:39.455","2026-04-08 23:46:39.455","922014ef-dfa3-422f-bd94-09f643e63f3c","[PREMIUM]","Used",2023,"Nissan","Altima","S","[PREMIUM]","[PREMIUM]",29099,"Sedan","White","BLACK","Rear-wheel Drive",,,"Gasoline",,,"dealership","[PREMIUM]","Fayetteville","NC","[PREMIUM]",,"[]",,,"[PREMIUM]"
"d558ed9b-fa0c-45cb-b6a2-40afdb3efdf1","2026-04-08 23:46:39.455","2026-04-08 23:46:39.455","d558ed9b-fa0c-45cb-b6a2-40afdb3efdf1","[PREMIUM]","Used",2023,"Chevrolet","Equinox","LS","[PREMIUM]","[PREMIUM]",100540,"SUV","Summit White","Medium Ash Gray","All-wheel Drive",,,"Gasoline",,,"dealership","[PREMIUM]","Denton","TX","[PREMIUM]",,"[]",,,"[PREMIUM]"
"f0195f1d-0b45-4e21-945a-45b3c3faa44f","2026-04-08 23:46:39.448","2026-04-08 23:46:39.448","f0195f1d-0b45-4e21-945a-45b3c3faa44f","[PREMIUM]","Used",2023,"Hyundai","SANTA FE","SEL","[PREMIUM]","[PREMIUM]",73217,"SUV","Shimmering Silver Pearl","Gray","All-wheel Drive",,,"Gasoline",,,"dealership","[PREMIUM]","Boerne","TX","[PREMIUM]",,"[]",,,"[PREMIUM]"
"5094beb8-ea6a-4563-8673-d2b9db35809f","2026-04-08 23:46:29.281","2026-04-08 23:46:29.281","5094beb8-ea6a-4563-8673-d2b9db35809f","[PREMIUM]","Used",2023,"Hyundai","ELANTRA","N Line","[PREMIUM]","[PREMIUM]",80604,"Sedan","Lunar White","Black","Front-wheel Drive",,,"Gasoline",,,"dealership","[PREMIUM]","Arlington","TX","[PREMIUM]",,"[]",,,"[PREMIUM]"
"64509bee-2f39-4b33-8784-84896d6b0bf6","2026-04-08 23:46:29.237","2026-04-08 23:46:29.237","64509bee-2f39-4b33-8784-84896d6b0bf6","[PREMIUM]","Used",2023,"Kia","Soul","LX","[PREMIUM]","[PREMIUM]",10754,"Hatchback","Black","GRAY","Rear-wheel Drive",,,"Gasoline",,,"dealership","[PREMIUM]","Buena Park","CA","[PREMIUM]",,"[]",,,"[PREMIUM]"
"2ddb398c-6e29-429a-92ad-f89a77a2b87b","2026-04-08 23:46:29.227","2026-04-08 23:46:29.227","2ddb398c-6e29-429a-92ad-f89a77a2b87b","[PREMIUM]","Used",2023,"Kia","Forte","LXS","[PREMIUM]","[PREMIUM]",28118,"Sedan","White","BLACK","Rear-wheel Drive",,,"Gasoline",,,"dealership","[PREMIUM]","Wichita","KS","[PREMIUM]",,"[]",,,"[PREMIUM]"
"9a99b678-40e6-43b7-9d70-c7aec644fe88","2026-04-08 23:46:29.204","2026-04-11 23:46:37.224","9a99b678-40e6-43b7-9d70-c7aec644fe88","[PREMIUM]","Used",2023,"Chevrolet","Malibu","LS","[PREMIUM]","[PREMIUM]",52681,"Sedan","Gray","BLACK","Rear-wheel Drive",,,"Gasoline",,,"dealership","[PREMIUM]","Charlotte","NC","[PREMIUM]",,"[]",,,"[PREMIUM]"
"62e51e56-480c-49fd-839e-81bddffd5cf7","2026-04-08 23:46:29.165","2026-04-08 23:46:29.165","62e51e56-480c-49fd-839e-81bddffd5cf7","[PREMIUM]","Used",2023,"Nissan","Kicks","SV","[PREMIUM]","[PREMIUM]",39328,"SUV","Gray","BLACK","Rear-wheel Drive",,,"Gasoline",,,"dealership","[PREMIUM]","Hoover","AL","[PREMIUM]",,"[]",,,"[PREMIUM]"
"684093e3-0bf4-4b55-9eb9-deb95483b5ca","2026-04-08 23:46:29.163","2026-04-08 23:46:29.163","684093e3-0bf4-4b55-9eb9-deb95483b5ca","[PREMIUM]","Used",2023,"Nissan","Rogue","S","[PREMIUM]","[PREMIUM]",78913,"SUV","Gun Metallic","Charcoal","Front-wheel Drive",,,"Gasoline",,,"dealership","[PREMIUM]","Frisco","TX","[PREMIUM]",,"[]",,,"[PREMIUM]"
"6ff0626e-d4f4-47b2-8d20-eba17862bf60","2026-04-08 23:46:29.161","2026-04-08 23:46:29.161","6ff0626e-d4f4-47b2-8d20-eba17862bf60","[PREMIUM]","Used",2023,"Chevrolet","Malibu","LS","[PREMIUM]","[PREMIUM]",53030,"Sedan","Black","BLACK","Rear-wheel Drive",,,"Gasoline",,,"dealership","[PREMIUM]","Charlotte","NC","[PREMIUM]",,"[]",,,"[PREMIUM]"
"070a58df-c96c-4aa3-8e24-909d2dfbefdb","2026-04-08 23:46:29.154","2026-04-08 23:46:29.154","070a58df-c96c-4aa3-8e24-909d2dfbefdb","[PREMIUM]","Used",2023,"Mazda","CX-30","2.5 S Carbon Edition","[PREMIUM]","[PREMIUM]",78270,"SUV","Polymetal Gray Metallic","Red","All-wheel Drive",,,"Gasoline",,,"dealership","[PREMIUM]","Miami","FL","[PREMIUM]",,"[]",,,"[PREMIUM]"
"ab1953a7-209f-4bd3-9270-6ad82d91db16","2026-04-08 23:46:29.138","2026-04-08 23:46:29.138","ab1953a7-209f-4bd3-9270-6ad82d91db16","[PREMIUM]","Used",2023,"Nissan","Sentra","SV","[PREMIUM]","[PREMIUM]",50927,"Sedan","Silver","BLACK","Rear-wheel Drive",,,"Gasoline",,,"dealership","[PREMIUM]","Midlothian","VA","[PREMIUM]",,"[]",,,"[PREMIUM]"
"ca4b1406-41e6-4d1d-9a8f-9efa94d506a9","2026-04-08 23:46:29.131","2026-04-08 23:46:29.131","ca4b1406-41e6-4d1d-9a8f-9efa94d506a9","[PREMIUM]","Used",2023,"Volkswagen","Taos","S","[PREMIUM]","[PREMIUM]",24272,"SUV","Black","BLACK","Rear-wheel Drive",,,"Gasoline",,,"dealership","[PREMIUM]","Inglewood","CA","[PREMIUM]",,"[]",,,"[PREMIUM]"
"a12bb3ed-a3c7-48c4-8d79-a91eec8da2a1","2026-04-08 23:46:29.121","2026-04-08 23:46:29.121","a12bb3ed-a3c7-48c4-8d79-a91eec8da2a1","[PREMIUM]","Used",2023,"Chevrolet","Malibu","FWD 1LT","[PREMIUM]","[PREMIUM]",59805,"Sedan","Dark Ash Metallic","Jet Black","Front-wheel Drive",,,"Gasoline",,,"dealership","[PREMIUM]","Fuquay Varina","NC","[PREMIUM]",,"[]",,,"[PREMIUM]"
"c16db224-a52d-4bb8-910c-58da8efd3bc0","2026-04-08 23:46:29.119","2026-04-08 23:46:29.119","c16db224-a52d-4bb8-910c-58da8efd3bc0","[PREMIUM]","Used",2023,"Chevrolet","Malibu","1LT","[PREMIUM]","[PREMIUM]",50441,"Sedan","Gray","BLACK","Rear-wheel Drive",,,"Gasoline",,,"dealership","[PREMIUM]","Gastonia","NC","[PREMIUM]",,"[]",,,"[PREMIUM]"
"cfb1e105-f04f-4358-a71f-2431618584c6","2026-04-08 23:46:18.644","2026-04-08 23:46:18.644","cfb1e105-f04f-4358-a71f-2431618584c6","[PREMIUM]","Used",2024,"Nissan","Altima","2.5 SV","[PREMIUM]","[PREMIUM]",42549,"Sedan","Super Black Clearcoat","Charcoal","Front-wheel Drive",,,"Gasoline",,,"dealership","[PREMIUM]","Port Chester","NY","[PREMIUM]",,"[]",,,"[PREMIUM]"
"de48e5db-9b3a-4a62-80cc-c4e27332d5d7","2026-04-08 23:46:18.523","2026-04-08 23:46:18.523","de48e5db-9b3a-4a62-80cc-c4e27332d5d7","[PREMIUM]","Used",2024,"Jeep","Compass","Latitude","[PREMIUM]","[PREMIUM]",54166,"SUV","White","Black","4WD",,,"Gasoline",,,"dealership","[PREMIUM]","Moses Lake","WA","[PREMIUM]",,"[]",,,"[PREMIUM]"
"2a4f3fd5-be2b-4723-9839-4fd678a4bf6a","2026-04-08 23:46:18.511","2026-04-08 23:46:18.511","2a4f3fd5-be2b-4723-9839-4fd678a4bf6a","[PREMIUM]","Used",2024,"Nissan","Kicks","S","[PREMIUM]","[PREMIUM]",16786,"SUV","Gun Metallic","Charcoal","Front-wheel Drive",,,"Gasoline",,,"dealership","[PREMIUM]","City of Industry","CA","[PREMIUM]",,"[]",,,"[PREMIUM]"
"0c75e4cc-d2df-4a3f-a8a3-f31640dd6cb9","2026-04-08 23:46:08.639","2026-04-08 23:46:08.639","0c75e4cc-d2df-4a3f-a8a3-f31640dd6cb9","[PREMIUM]","Used",2024,"Nissan","Sentra","S","[PREMIUM]","[PREMIUM]",14431,"Sedan","Fresh Powder","Charcoal","Front-wheel Drive",,,"Gasoline",,,"dealership","[PREMIUM]","Port Chester","NY","[PREMIUM]",,"[]",,,"[PREMIUM]"
"67933080-22b5-4d98-b49b-10df076d9940","2026-04-08 23:46:08.326","2026-04-08 23:46:08.326","67933080-22b5-4d98-b49b-10df076d9940","[PREMIUM]","Used",2024,"Chevrolet","Malibu","FWD 1LT","[PREMIUM]","[PREMIUM]",54410,"Sedan","Summit White","Jet Black","Front-wheel Drive",,,"Gasoline",,,"dealership","[PREMIUM]","Green Bay","WI","[PREMIUM]",,"[]",,,"[PREMIUM]"
"ed31c7aa-78a6-4797-8a47-2f1b6c23abb9","2026-04-08 23:46:08.258","2026-04-08 23:46:08.258","ed31c7aa-78a6-4797-8a47-2f1b6c23abb9","[PREMIUM]","Used",2025,"Toyota","Highlander","XLE","[PREMIUM]","[PREMIUM]",19362,"SUV","Midnight Black Metallic","Black","All-wheel Drive",,,"Gasoline",,,"dealership","[PREMIUM]","West Springfield","MA","[PREMIUM]",,"[]",,,"[PREMIUM]"
"8c9228b6-a29f-459a-93f6-7b215fa2852e","2026-04-08 23:46:08.235","2026-04-08 23:46:08.235","8c9228b6-a29f-459a-93f6-7b215fa2852e","[PREMIUM]","Used",2024,"Mitsubishi","Outlander Sport","2.0 ES","[PREMIUM]","[PREMIUM]",52447,"SUV","Gray","Black","Four-wheel Drive",,,"Gasoline",,,"dealership","[PREMIUM]","Boerne","TX","[PREMIUM]",,"[]",,,"[PREMIUM]"
"908c72de-d791-4334-af59-d6383b3a72cf","2026-04-08 23:46:08.221","2026-04-08 23:46:08.221","908c72de-d791-4334-af59-d6383b3a72cf","[PREMIUM]","Used",2024,"Nissan","Sentra","SV","[PREMIUM]","[PREMIUM]",46812,"Sedan","Electric Blue Metallic","Charcoal","Front-wheel Drive",,,"Gasoline",,,"dealership","[PREMIUM]","Newnan","GA","[PREMIUM]",,"[]",,,"[PREMIUM]"
"838f08ff-f51a-4be1-8476-052a19f10471","2026-04-08 23:46:08.207","2026-04-08 23:46:08.207","838f08ff-f51a-4be1-8476-052a19f10471","[PREMIUM]","Used",2024,"Hyundai","ELANTRA","SEL","[PREMIUM]","[PREMIUM]",66990,"Sedan","Amazon Gray","Black","Front-wheel Drive",,,"Gasoline",,,"dealership","[PREMIUM]","Denton","TX","[PREMIUM]",,"[]",,,"[PREMIUM]"
"fd27356a-feeb-4618-b465-4b3c58398970","2026-04-08 23:45:57.945","2026-04-14 23:46:34.134","fd27356a-feeb-4618-b465-4b3c58398970","[PREMIUM]","Used",2024,"Kia","Soul","LX","[PREMIUM]","[PREMIUM]",56272,"Hatchback","White","BLACK","Rear-wheel Drive",,,"Gasoline",,,"dealership","[PREMIUM]","Torrance","CA","[PREMIUM]",,"[]",,,"[PREMIUM]"
"c941a7ad-e19d-47a8-8f92-d609871ef0b9","2026-04-08 23:45:57.936","2026-04-08 23:45:57.936","c941a7ad-e19d-47a8-8f92-d609871ef0b9","[PREMIUM]","Used",2024,"Kia","Forte","LXS","[PREMIUM]","[PREMIUM]",56651,"Sedan","Black","BLACK","Rear-wheel Drive",,,"Gasoline",,,"dealership","[PREMIUM]","Raleigh","NC","[PREMIUM]",,"[]",,,"[PREMIUM]"
"79b8161f-65c1-4479-801c-25e6b2b750de","2026-04-08 23:45:57.933","2026-04-08 23:45:57.933","79b8161f-65c1-4479-801c-25e6b2b750de","[PREMIUM]","Used",2025,"Subaru","Ascent","Limited 7-Passenger","[PREMIUM]","[PREMIUM]",2742,"SUV","Crystal White Pearl","Slate Black","All-wheel Drive",,,"Gasoline",,,"dealership","[PREMIUM]","Kennesaw","GA","[PREMIUM]",,"[]",,,"[PREMIUM]"
"09e5e278-f81f-4489-9a83-9099f433191e","2026-04-08 23:45:57.862","2026-04-14 23:46:34.038","09e5e278-f81f-4489-9a83-9099f433191e","[PREMIUM]","Used",2025,"Toyota","Grand Highlander","XLE","[PREMIUM]","[PREMIUM]",24963,"SUV","Blueprint","Black","Front-wheel Drive",,,"Gasoline",,,"dealership","[PREMIUM]","Conshohocken","PA","[PREMIUM]",,"[]",,,"[PREMIUM]"
"661ba9f8-ab9e-4f47-93f0-09eb42bd5d93","2026-04-08 23:45:57.850","2026-04-08 23:45:57.850","661ba9f8-ab9e-4f47-93f0-09eb42bd5d93","[PREMIUM]","Used",2024,"Hyundai","ELANTRA","SE","[PREMIUM]","[PREMIUM]",40134,"Sedan","Gray","GRAY","Rear-wheel Drive",,,"Gasoline",,,"dealership","[PREMIUM]","Burbank","CA","[PREMIUM]",,"[]",,,"[PREMIUM]"
"91dbfcb9-77ad-4f9c-bf95-37fc8ae431b2","2026-04-08 23:45:47.667","2026-04-11 23:46:16.633","91dbfcb9-77ad-4f9c-bf95-37fc8ae431b2","[PREMIUM]","Used",2024,"Mazda","CX-30","2.5 S Select Sport","[PREMIUM]","[PREMIUM]",47427,"SUV","Jet Black Mica","Black","All-wheel Drive",,,"Gasoline",,,"dealership","[PREMIUM]","Charlotte","NC","[PREMIUM]",,"[]",,,"[PREMIUM]"
"6fd79a1f-70a9-43ed-9cf9-97d4be804751","2026-04-08 23:45:47.655","2026-04-08 23:45:47.655","6fd79a1f-70a9-43ed-9cf9-97d4be804751","[PREMIUM]","Used",2024,"Mitsubishi","Outlander Sport","S","[PREMIUM]","[PREMIUM]",36864,"SUV","Black","BLACK","Four-wheel Drive",,,"Gasoline",,,"dealership","[PREMIUM]","Jacksonville","FL","[PREMIUM]",,"[]",,,"[PREMIUM]"
"89001a4b-29ee-49c0-aa90-886e5275a1fb","2026-04-08 23:45:47.587","2026-04-08 23:45:47.587","89001a4b-29ee-49c0-aa90-886e5275a1fb","[PREMIUM]","Used",2024,"Nissan","Sentra","SV","[PREMIUM]","[PREMIUM]",46257,"Sedan","Gray","BLACK","Rear-wheel Drive",,,"Gasoline",,,"dealership","[PREMIUM]","White Marsh","MD","[PREMIUM]",,"[]",,,"[PREMIUM]"
"9114a8e1-7eea-4387-bf9d-32b8d9d772a8","2026-04-08 23:45:37.568","2026-04-08 23:45:37.568","9114a8e1-7eea-4387-bf9d-32b8d9d772a8","[PREMIUM]","Used",2025,"Jeep","Wrangler","Willys","[PREMIUM]","[PREMIUM]",7201,"SUV","Granite Crystal Metallic Clearcoat","Black","Four-wheel Drive",,,"Gasoline",,,"dealership","[PREMIUM]","Scottsdale","AZ","[PREMIUM]",,"[]",,,"[PREMIUM]"
"183014ae-713b-45ad-9441-24c9d2bbfccf","2026-04-08 23:45:37.558","2026-04-08 23:45:37.558","183014ae-713b-45ad-9441-24c9d2bbfccf","[PREMIUM]","Used",2025,"Kia","Soul","LX","[PREMIUM]","[PREMIUM]",38735,"Hatchback","Red","BLACK","Rear-wheel Drive",,,"Gasoline",,,"dealership","[PREMIUM]","Orlando","FL","[PREMIUM]",,"[]",,,"[PREMIUM]"
"a87ccde5-b77c-46ef-82d7-c050847919b4","2026-04-08 23:45:27.379","2026-04-08 23:45:27.379","a87ccde5-b77c-46ef-82d7-c050847919b4","[PREMIUM]","Used",2025,"Nissan","Sentra","SV","[PREMIUM]","[PREMIUM]",31217,"Sedan","Blue","BLACK","2WD",,,"Gasoline",,,"dealership","[PREMIUM]","Fremont","CA","[PREMIUM]",,"[]",,,"[PREMIUM]"
"aee94d8c-c425-4c0c-bc68-2b98805c59a0","2026-04-08 23:45:27.362","2026-04-08 23:45:27.362","aee94d8c-c425-4c0c-bc68-2b98805c59a0","[PREMIUM]","Used",2025,"Nissan","Versa","SV","[PREMIUM]","[PREMIUM]",27721,"Sedan","White","GRAY","Rear-wheel Drive",,,"Gasoline",,,"dealership","[PREMIUM]","Merriam","KS","[PREMIUM]",,"[]",,,"[PREMIUM]"
"9b3cf305-7538-4fb9-9c9d-4b0773281fa9","2026-04-08 23:45:27.334","2026-04-08 23:45:27.334","9b3cf305-7538-4fb9-9c9d-4b0773281fa9","[PREMIUM]","Used",2025,"Nissan","Versa","SV","[PREMIUM]","[PREMIUM]",37687,"Sedan","Gray","BLACK","Rear-wheel Drive",,,"Gasoline",,,"dealership","[PREMIUM]","Nashville","TN","[PREMIUM]",,"[]",,,"[PREMIUM]"
"35c07210-b8b6-45cb-ab52-04e2971cd71d","2026-04-08 23:44:57.370","2026-04-08 23:44:57.370","35c07210-b8b6-45cb-ab52-04e2971cd71d","[PREMIUM]","Used",2025,"Ford","F-150","XLT","[PREMIUM]","[PREMIUM]",23235,"Truck","SPACE WHITE METALLIC","MD DARK SLATE CLOTH 40/C/40","Four-wheel Drive",,,"Gasoline",,,"dealership","[PREMIUM]","North Little Rock","AR","[PREMIUM]",,"[]",,,"[PREMIUM]"
"55e4cf2c-0dcc-46f3-a81f-b0d9c0ec4002","2026-04-08 23:44:57.368","2026-04-08 23:44:57.368","55e4cf2c-0dcc-46f3-a81f-b0d9c0ec4002","[PREMIUM]","Used",2025,"Jeep","Wrangler","Sahara","[PREMIUM]","[PREMIUM]",8829,"SUV","Granite Crystal Clearcoat Metallic","Black","Four-wheel Drive",,,"Gasoline",,,"dealership","[PREMIUM]","Tulsa","OK","[PREMIUM]",,"[]",,,"[PREMIUM]"
"af8fa1db-a1da-45fd-8c08-a404ae9731b8","2026-04-08 23:44:57.324","2026-04-08 23:44:57.324","af8fa1db-a1da-45fd-8c08-a404ae9731b8","[PREMIUM]","Used",2024,"RAM","1500 Classic","SLT","[PREMIUM]","[PREMIUM]",33476,"Truck","White","Black","Four-wheel Drive",,,"Gasoline",,,"dealership","[PREMIUM]","Virginia Beach","VA","[PREMIUM]",,"[]",,,"[PREMIUM]"
"32441326-8a63-41d9-bc49-dfe2e9a24b8d","2026-04-08 23:44:57.174","2026-04-08 23:44:57.174","32441326-8a63-41d9-bc49-dfe2e9a24b8d","[PREMIUM]","Used",2024,"Toyota","Tacoma","SR5","[PREMIUM]","[PREMIUM]",53839,"Truck","Ice","Black","Rear-wheel Drive",,,"Gasoline",,,"dealership","[PREMIUM]","Scottsdale","AZ","[PREMIUM]",,"[]",,,"[PREMIUM]"
"bab8f640-1508-4d0e-9c10-8197d559d3a4","2026-04-08 23:44:57.137","2026-04-08 23:44:57.137","bab8f640-1508-4d0e-9c10-8197d559d3a4","[PREMIUM]","Used",2024,"Toyota","Prius","Limited","[PREMIUM]","[PREMIUM]",6878,"Hatchback","CUTTING EDGE","Gray","Front-wheel Drive",,,"Hybrid",,,"dealership","[PREMIUM]","Tampa","FL","[PREMIUM]",,"[]",,,"[PREMIUM]"
"48226ea6-81f2-48fd-936f-f124c6ae71fe","2026-04-08 23:44:57.075","2026-04-11 23:45:04.585","48226ea6-81f2-48fd-936f-f124c6ae71fe","[PREMIUM]","Used",2024,"Cadillac","XT4","Luxury","[PREMIUM]","[PREMIUM]",15923,"SUV","Crystal White Tricoat","Black","Front-wheel Drive",,,"Gasoline",,,"dealership","[PREMIUM]","Charleston","SC","[PREMIUM]",,"[]",,,"[PREMIUM]"
"b1cec0c7-502d-43ad-b48d-541e2fd84ac8","2026-04-08 23:44:57.057","2026-04-11 23:45:14.897","b1cec0c7-502d-43ad-b48d-541e2fd84ac8","[PREMIUM]","New",2025,"Ford","Bronco","Base","[PREMIUM]","[PREMIUM]",5,"SUV","Azure Gray",,"Four-wheel Drive",,,"Gasoline",,,"dealership","[PREMIUM]","Prescott","AZ","[PREMIUM]",,"[]",,,"[PREMIUM]"
"25ea56d7-b218-4ed2-8895-d7aff53bd8f0","2026-04-08 23:44:57.037","2026-04-08 23:44:57.037","25ea56d7-b218-4ed2-8895-d7aff53bd8f0","[PREMIUM]","Used",2025,"Lexus","NX 250","Premium","[PREMIUM]","[PREMIUM]",4282,"SUV","Caviar","Black","Front-wheel Drive",,,"Gasoline",,,"dealership","[PREMIUM]","Scottsdale","AZ","[PREMIUM]",,"[]",,,"[PREMIUM]"
"f25946b2-dbcc-489d-baf1-8476b1c9b9c2","2026-04-08 23:44:57.002","2026-04-08 23:44:57.002","f25946b2-dbcc-489d-baf1-8476b1c9b9c2","[PREMIUM]","Used",2024,"Jeep","Grand Cherokee","Altitude","[PREMIUM]","[PREMIUM]",29059,"SUV","Bright White Clearcoat","Global Black","Four-wheel Drive",,,"Gasoline",,,"dealership","[PREMIUM]","Washington","MI","[PREMIUM]",,"[]",,,"[PREMIUM]"
"731e66da-dabf-413b-a0b3-593fdeb4ed94","2026-04-08 23:44:56.946","2026-04-08 23:44:56.946","731e66da-dabf-413b-a0b3-593fdeb4ed94","[PREMIUM]","Used",2024,"RAM","1500 Classic","SLT","[PREMIUM]","[PREMIUM]",47687,"Truck","Delmonico Red Pearlcoat","Diesel Gray/Black","Four-wheel Drive",,,"Gasoline",,,"dealership","[PREMIUM]","Mount Airy","NC","[PREMIUM]",,"[]",,,"[PREMIUM]"
"21793b3e-ac9f-425a-ac14-cafe56c236e7","2026-04-08 23:44:36.695","2026-04-11 23:44:54.073","21793b3e-ac9f-425a-ac14-cafe56c236e7","[PREMIUM]","New",2025,"Ford","Bronco Sport","Outer Banks","[PREMIUM]","[PREMIUM]",2777,"SUV","Shadow Black","Navy Pier","Four-wheel Drive",,,"Gasoline",,,"dealership","[PREMIUM]","Oklahoma City","OK","[PREMIUM]",,"[]",,,"[PREMIUM]"
"52b59a26-b191-4501-9330-30d73270da60","2026-04-08 23:44:36.394","2026-04-11 23:44:54.108","52b59a26-b191-4501-9330-30d73270da60","[PREMIUM]","Used",2002,"Toyota","MR2","2dr Conv Manual (Natl)","[PREMIUM]","[PREMIUM]",75172,"Convertible","Liquid Silver",,"Rear-wheel Drive",,,"Gasoline",,,"dealership","[PREMIUM]","Arlington Heights","IL","[PREMIUM]",,"[]",,,"[PREMIUM]"
"ce6e737a-e530-411f-8c24-f32cc8474057","2026-04-08 23:44:36.329","2026-04-08 23:44:36.329","ce6e737a-e530-411f-8c24-f32cc8474057","[PREMIUM]","Used",2024,"Honda","CR-V",,"[PREMIUM]","[PREMIUM]",8273,"SUV","Urban Gray Pearl","Black",,,,"Gasoline",,,"dealership","[PREMIUM]","Roanoke","VA","[PREMIUM]",,"[]",,,"[PREMIUM]"
"98b77e88-8388-458b-81f3-2e8254ab2eb8","2026-04-08 23:44:26.408","2026-04-08 23:44:26.408","98b77e88-8388-458b-81f3-2e8254ab2eb8","[PREMIUM]","New",2025,"Honda","Pilot","Touring+","[PREMIUM]","[PREMIUM]",6567,"SUV","Lunar Silver Metallic","Gray","Front-wheel Drive",,,"Gasoline",,,"dealership","[PREMIUM]","Florence","AL","[PREMIUM]",,"[]",,,"[PREMIUM]"
"ba420152-8906-47dc-9f90-7fd3c324d703","2026-04-08 23:44:26.325","2026-04-11 23:45:04.557","ba420152-8906-47dc-9f90-7fd3c324d703","[PREMIUM]","Used",2024,"Ford","Transit-350","XLT","[PREMIUM]","[PREMIUM]",50059,"Cargo Van","Oxford White","Dark Palazzo Gray","Rear-wheel Drive",,,"Gasoline",,,"dealership","[PREMIUM]","Sanford","FL","[PREMIUM]",,"[]",,,"[PREMIUM]"
"11892b24-8c8f-44ee-824d-e35492705eb2","2026-04-08 23:44:26.103","2026-04-08 23:44:26.103","11892b24-8c8f-44ee-824d-e35492705eb2","[PREMIUM]","Used",2024,"Toyota","Tacoma","SR5","[PREMIUM]","[PREMIUM]",23323,"Truck","Gray","Black",,,,,,,"dealership","[PREMIUM]","Miami","FL","[PREMIUM]",,"[]",,,"[PREMIUM]"
"97002f87-d993-4f59-b8d1-a91ea7541811","2026-04-08 23:44:25.970","2026-04-11 23:44:42.707","97002f87-d993-4f59-b8d1-a91ea7541811","[PREMIUM]","New",2026,"Audi","A3","quattro","[PREMIUM]","[PREMIUM]",10,"Sedan","Brilliant Black","Black","All-wheel Drive",,,"Gasoline",,,"dealership","[PREMIUM]","San Diego","CA","[PREMIUM]",,"[]",,,"[PREMIUM]"
"309af122-dbf5-47f3-91dd-6df832ddd052","2026-04-08 23:44:16.063","2026-04-14 23:45:02.518","309af122-dbf5-47f3-91dd-6df832ddd052","[PREMIUM]","New",2026,"Kia","Carnival","EX","[PREMIUM]","[PREMIUM]",10,"Passenger Van","Metal","Taupe","Front-wheel Drive",,,"Gasoline",,,"dealership","[PREMIUM]","Lawton","OK","[PREMIUM]",,"[]",,,"[PREMIUM]"
"4f736e94-613e-4665-b1db-196eaa4d091d","2026-04-08 23:44:15.767","2026-04-11 23:44:43.343","4f736e94-613e-4665-b1db-196eaa4d091d","[PREMIUM]","New",2026,"Subaru","Crosstrek","Limited","[PREMIUM]","[PREMIUM]",1,"SUV","Crystal Black Silica","Gray","All-wheel Drive",,,"Hybrid",,,"dealership","[PREMIUM]","Somerset","MA","[PREMIUM]",,"[]",,,"[PREMIUM]"
"514332fc-2919-4f5b-82db-7e05ba1bae66","2026-04-08 23:44:15.723","2026-04-08 23:44:15.723","514332fc-2919-4f5b-82db-7e05ba1bae66","[PREMIUM]","New",2026,"Chevrolet","Equinox","AWD ACTIV","[PREMIUM]","[PREMIUM]",10,"SUV","Polar White","Maple Sugar","All-wheel Drive",,,"Gasoline",,,"dealership","[PREMIUM]","Beatrice","NE","[PREMIUM]",,"[]",,,"[PREMIUM]"
"15393508-ef74-4a10-897e-3bf763228d62","2026-04-08 23:44:15.708","2026-04-08 23:44:15.708","15393508-ef74-4a10-897e-3bf763228d62","[PREMIUM]","New",2026,"Hyundai","SANTA FE","SEL 2.4","[PREMIUM]","[PREMIUM]",2,"SUV","Serenity White","Black","All-wheel Drive",,,"Gasoline",,,"dealership","[PREMIUM]","Brooklyn","NY","[PREMIUM]",,"[]",,,"[PREMIUM]"
"5f7a9a65-9569-474a-91a7-9de3d4330322","2026-04-08 23:44:05.474","2026-04-08 23:44:05.474","5f7a9a65-9569-474a-91a7-9de3d4330322","[PREMIUM]","New",2026,"Buick","Envision","Preferred AWD","[PREMIUM]","[PREMIUM]",4,"SUV","Ebony Twilight Metallic","H2g/Ebony","All-wheel Drive",,,"Gasoline",,,"dealership","[PREMIUM]","Troy","MI","[PREMIUM]",,"[]",,,"[PREMIUM]"
"2e15063b-c22b-45e2-9a84-90cc18d99f82","2026-04-08 23:44:05.429","2026-04-08 23:44:05.429","2e15063b-c22b-45e2-9a84-90cc18d99f82","[PREMIUM]","New",2026,"Hyundai","TUCSON Hybrid","Limited","[PREMIUM]","[PREMIUM]",11,"SUV","Ecotronic Gray","Gray","All-wheel Drive",,,"Hybrid",,,"dealership","[PREMIUM]","Enfield","CT","[PREMIUM]",,"[]",,,"[PREMIUM]"
"ab903c24-3751-4880-baf3-4a7d3506ada2","2026-04-08 23:44:05.402","2026-04-11 23:44:31.272","ab903c24-3751-4880-baf3-4a7d3506ada2","[PREMIUM]","New",2026,"Ford","Bronco","Base","[PREMIUM]","[PREMIUM]",4,"SUV","Oxford White","Dark Space Gray w/Black Onyx","Four-wheel Drive",,,"Gasoline",,,"dealership","[PREMIUM]","Troy","MI","[PREMIUM]",,"[]",,,"[PREMIUM]"
"acaed087-ef6d-476b-8fcb-fe2ad86ed57c","2026-04-08 23:43:55.346","2026-04-11 23:44:00.216","acaed087-ef6d-476b-8fcb-fe2ad86ed57c","[PREMIUM]","New",2026,"Mazda","CX-50 Hybrid","Premium Plus","[PREMIUM]","[PREMIUM]",5,"SUV","Polymetal Gray Metallic","Black","All-wheel Drive",,,"Hybrid",,,"dealership","[PREMIUM]","Lansing","MI","[PREMIUM]",,"[]",,,"[PREMIUM]"
"a36757ae-ff9a-4902-8ec5-d78b9df2bf6b","2026-04-08 23:43:55.269","2026-04-11 23:44:00.191","a36757ae-ff9a-4902-8ec5-d78b9df2bf6b","[PREMIUM]","New",2026,"Buick","Envision","Sport Touring AWD","[PREMIUM]","[PREMIUM]",4,"SUV","Iridescent White Tricoat","Gray","All-wheel Drive",,,"Gasoline",,,"dealership","[PREMIUM]","Troy","MI","[PREMIUM]",,"[]",,,"[PREMIUM]"
"59976a0a-dd83-4e25-a459-fdb0bdacc54c","2026-04-08 23:43:35.223","2026-04-11 23:43:49.974","59976a0a-dd83-4e25-a459-fdb0bdacc54c","[PREMIUM]","Used",2006,"Nissan","350Z","Touring","[PREMIUM]","[PREMIUM]",76772,"Convertible","Pikes Peak White Pearl","Frost","Rear-wheel Drive",,,"Gasoline",,,"dealership","[PREMIUM]","Naples","FL","[PREMIUM]",,"[]",,,"[PREMIUM]"
"1db3d24d-fff9-4c18-b5b1-2187fd62556a","2026-04-08 23:43:05.376","2026-04-08 23:43:05.376","1db3d24d-fff9-4c18-b5b1-2187fd62556a","[PREMIUM]","Used",2008,"BMW","Z4","3.0si Roadster","[PREMIUM]","[PREMIUM]",124000,"Convertible","Gray","Beige","Rear-wheel Drive",,,"Gasoline",,,"private","[PREMIUM]",,,"[PREMIUM]",,"[]",,,"[PREMIUM]"
"5d934a46-2af5-4d64-9eb8-cbf618cc070b","2026-04-08 23:43:05.360","2026-04-08 23:43:05.360","5d934a46-2af5-4d64-9eb8-cbf618cc070b","[PREMIUM]","Used",2008,"Toyota","Tundra","Limited CrewMax","[PREMIUM]","[PREMIUM]",235380,"Truck","BLUE","Graphite","Four-wheel Drive",,,"Gasoline",,,"dealership","[PREMIUM]","Eden Prairie","MN","[PREMIUM]",,"[]",,,"[PREMIUM]"
"59958794-a1a6-4999-991c-5989ec53dce1","2026-04-08 23:43:05.356","2026-04-08 23:43:05.356","59958794-a1a6-4999-991c-5989ec53dce1","[PREMIUM]","New",2026,"Toyota","RAV4","XLE Premium","[PREMIUM]","[PREMIUM]",6,"SUV","Storm Cloud","Black","All-wheel Drive",,,"Gasoline",,,"dealership","[PREMIUM]","Ontario","OR","[PREMIUM]",,"[]",,,"[PREMIUM]"
"70f34837-646c-43fd-80d4-29b34349b7a7","2026-04-08 23:42:44.903","2026-04-14 23:43:12.013","70f34837-646c-43fd-80d4-29b34349b7a7","[PREMIUM]","Used",2010,"Ford","Mustang","2dr Cpe V6 Premium","[PREMIUM]","[PREMIUM]",93400,,"Performance White","Stone","Rear-wheel Drive",,,"Gasoline",,,"dealership","[PREMIUM]","Olathe","KS","[PREMIUM]",,"[]",,,"[PREMIUM]"
"c46adbfe-31c8-44cb-a84f-2ddbf6ff05f3","2026-04-08 23:42:34.985","2026-04-14 23:42:51.191","c46adbfe-31c8-44cb-a84f-2ddbf6ff05f3","[PREMIUM]","Used",2010,"Chevrolet","Tahoe","LT","[PREMIUM]","[PREMIUM]",175460,"SUV","White","Beige","Four-wheel Drive",,,"E85 Flex Fuel",,,"private","[PREMIUM]",,,"[PREMIUM]",,"[]",,,"[PREMIUM]"
"92636979-0b20-40b3-bb9f-3d5429390f9d","2026-04-08 23:42:34.738","2026-04-08 23:42:34.738","92636979-0b20-40b3-bb9f-3d5429390f9d","[PREMIUM]","New",2026,"Hyundai","TUCSON Hybrid","Limited","[PREMIUM]","[PREMIUM]",10,"SUV","Deep Sea","Gray","All-wheel Drive",,,"Hybrid",,,"dealership","[PREMIUM]","Irving","TX","[PREMIUM]",,"[]",,,"[PREMIUM]"
"4fa81539-285d-4b9d-985f-eb41d2b300cb","2026-04-08 23:42:14.651","2026-04-08 23:42:14.651","4fa81539-285d-4b9d-985f-eb41d2b300cb","[PREMIUM]","New",2026,"Honda","CR-V Hybrid","Sport-L FWD","[PREMIUM]","[PREMIUM]",10,"SUV","Meteorite Gray Metallic","Black","Front-wheel Drive",,,"Hybrid",,,"dealership","[PREMIUM]","Stuart","FL","[PREMIUM]",,"[]",,,"[PREMIUM]"
"74045210-5a89-46ae-a9ec-35dc8e592bab","2026-04-08 23:42:04.511","2026-04-08 23:42:04.511","74045210-5a89-46ae-a9ec-35dc8e592bab","[PREMIUM]","Used",2024,"Chevrolet","Silverado 1500","Custom","[PREMIUM]","[PREMIUM]",22502,"Truck","Black","Jet Black","Four-wheel Drive",,,"Gasoline",,,"dealership","[PREMIUM]","Jacksonville","NC","[PREMIUM]",,"[]",,,"[PREMIUM]"
"1c5d2820-3759-4124-8c1d-807ad4a1f86a","2026-04-08 23:42:04.492","2026-04-08 23:42:04.492","1c5d2820-3759-4124-8c1d-807ad4a1f86a","[PREMIUM]","New",2026,"Hyundai","SANTA FE","SEL 2.4","[PREMIUM]","[PREMIUM]",10,"SUV","Atlantis Blue","Gray","All-wheel Drive",,,"Gasoline",,,"dealership","[PREMIUM]","Framingham","MA","[PREMIUM]",,"[]",,,"[PREMIUM]"
"5cab0d3a-7f18-4435-a3d4-fea3aad0e839","2026-04-08 23:42:04.457","2026-04-08 23:42:04.457","5cab0d3a-7f18-4435-a3d4-fea3aad0e839","[PREMIUM]","Used",2024,"Mercedes-Benz","CLA 250","4MATIC","[PREMIUM]","[PREMIUM]",16145,"Sedan","Gray","Black","All-wheel Drive",,,"Gasoline",,,"dealership","[PREMIUM]","Skokie","IL","[PREMIUM]",,"[]",,,"[PREMIUM]"
"33f44a38-7c35-40ce-ade0-03a926929cfa","2026-04-08 23:41:54.351","2026-04-08 23:41:54.351","33f44a38-7c35-40ce-ade0-03a926929cfa","[PREMIUM]","Used",2024,"Jeep","Wrangler","Sport S","[PREMIUM]","[PREMIUM]",25894,"SUV","Granite Crystal Metallic Clearcoat","Black","Four-wheel Drive",,,"Gasoline",,,"dealership","[PREMIUM]","Summit","NJ","[PREMIUM]",,"[]",,,"[PREMIUM]"
"a7192b29-e57a-4039-a12b-e4752460711e","2026-04-08 23:41:34.234","2026-04-08 23:41:34.234","a7192b29-e57a-4039-a12b-e4752460711e","[PREMIUM]","Used",2012,"INFINITI","G37","Base","[PREMIUM]","[PREMIUM]",156707,"Convertible","Graphite Shadow",,"Rear-wheel Drive",,,"Gasoline",,,"dealership","[PREMIUM]","Clinton","TN","[PREMIUM]",,"[]",,,"[PREMIUM]"
"383eada8-aea1-493e-a754-6e1fdb505c91","2026-04-08 23:41:14.212","2026-04-08 23:41:14.212","383eada8-aea1-493e-a754-6e1fdb505c91","[PREMIUM]","Used",2014,"Toyota","Camry","XLE","[PREMIUM]","[PREMIUM]",134917,"Sedan","Classic Silver Metallic","Ash","Front-wheel Drive",,,"Gasoline",,,"dealership","[PREMIUM]","Norfolk","VA","[PREMIUM]",,"[]",,,"[PREMIUM]"
"0cf5b70f-d834-4fcb-bf3f-5bc96b4c01d3","2026-04-08 23:40:54.080","2026-04-08 23:40:54.080","0cf5b70f-d834-4fcb-bf3f-5bc96b4c01d3","[PREMIUM]","Used",2024,"Mazda","CX-90","3.3 Turbo S Premium","[PREMIUM]","[PREMIUM]",66477,"SUV","Deep Crystal Blue Mica","Black","All-wheel Drive",,,"Gasoline",,,"dealership","[PREMIUM]","Daytona Beach","FL","[PREMIUM]",,"[]",,,"[PREMIUM]"
"c363110a-ed45-4c81-b66d-9831e98b5cc8","2026-04-08 23:40:54.013","2026-04-08 23:40:54.013","c363110a-ed45-4c81-b66d-9831e98b5cc8","[PREMIUM]","Used",2014,"Chevrolet","Silverado 1500","High Country","[PREMIUM]","[PREMIUM]",218000,"Truck","White Diamond Clearcoat","Saddle","Four-wheel Drive",,,"Gasoline",,,"dealership","[PREMIUM]","Norfolk","VA","[PREMIUM]",,"[]",,,"[PREMIUM]"
"83d9d42f-b94e-4112-97fe-b49cf229d56d","2026-04-08 23:40:53.972","2026-04-08 23:40:53.972","83d9d42f-b94e-4112-97fe-b49cf229d56d","[PREMIUM]","Used",2014,"Dodge","Avenger","SE","[PREMIUM]","[PREMIUM]",63645,"Sedan","Blue","TAN","Rear-wheel Drive",,,"Gasoline",,,"dealership","[PREMIUM]","Beaverton","OR","[PREMIUM]",,"[]",,,"[PREMIUM]"
"ff316b56-2abc-41ab-8c02-0bc14ffa0655","2026-04-08 23:40:43.623","2026-04-08 23:40:43.623","ff316b56-2abc-41ab-8c02-0bc14ffa0655","[PREMIUM]","Used",2014,"Honda","Civic","EX","[PREMIUM]","[PREMIUM]",112013,"Sedan","Black","GRAY","Rear-wheel Drive",,,"Gasoline",,,"dealership","[PREMIUM]","Jacksonville","NC","[PREMIUM]",,"[]",,,"[PREMIUM]"
"2069a26c-a8db-485a-b314-703db6a7bce6","2026-04-08 23:40:43.584","2026-04-08 23:40:43.584","2069a26c-a8db-485a-b314-703db6a7bce6","[PREMIUM]","Used",2014,"Hyundai","Santa Fe Sport",,"[PREMIUM]","[PREMIUM]",66093,"SUV","Silver","GRAY","Rear-wheel Drive",,,"Gasoline",,,"dealership","[PREMIUM]","Jacksonville","FL","[PREMIUM]",,"[]",,,"[PREMIUM]"
"f0ffba1f-8532-4ba3-a816-3e8920c129c1","2026-04-08 23:40:33.524","2026-04-08 23:40:33.524","f0ffba1f-8532-4ba3-a816-3e8920c129c1","[PREMIUM]","Used",2015,"Hyundai","Santa Fe Sport","2.4L","[PREMIUM]","[PREMIUM]",113745,"SUV","Frost White Pearl","Gray","All-wheel Drive",,,"Gasoline",,,"dealership","[PREMIUM]","Appleton","WI","[PREMIUM]",,"[]",,,"[PREMIUM]"
"d977c34f-4584-4997-af4b-2475bfd523de","2026-04-08 23:40:33.496","2026-04-08 23:40:33.496","d977c34f-4584-4997-af4b-2475bfd523de","[PREMIUM]","Used",2024,"Honda","Civic Si","Base","[PREMIUM]","[PREMIUM]",18222,"Sedan","Sonic Gray Pearl","Black/Red","Front-wheel Drive",,,"Gasoline",,,"dealership","[PREMIUM]","Charlotte","NC","[PREMIUM]",,"[]",,,"[PREMIUM]"
"967c8103-cda7-472b-bc82-7a64507b86f5","2026-04-08 23:40:13.344","2026-04-08 23:40:13.344","967c8103-cda7-472b-bc82-7a64507b86f5","[PREMIUM]","Used",2015,"Audi","A6","3.0T Prestige Quattro","[PREMIUM]","[PREMIUM]",87510,"Sedan","BLACK","Nougat Brown","All-wheel Drive",,,"Gasoline",,,"dealership","[PREMIUM]","Eden Prairie","MN","[PREMIUM]",,"[]",,,"[PREMIUM]"
"ee5c227e-ec11-4110-bf28-26fb835619f2","2026-04-08 23:40:13.343","2026-04-08 23:40:13.343","ee5c227e-ec11-4110-bf28-26fb835619f2","[PREMIUM]","Used",2015,"Honda","Accord","LX","[PREMIUM]","[PREMIUM]",125098,"Sedan","Blue","Gray","Front-wheel Drive",,,"Gasoline",,,"dealership","[PREMIUM]","Evansville","IN","[PREMIUM]",,"[]",,,"[PREMIUM]"
"cc070ef1-2af0-4fff-8693-193a6ce01735","2026-04-08 23:40:13.342","2026-04-08 23:40:13.342","cc070ef1-2af0-4fff-8693-193a6ce01735","[PREMIUM]","Used",2015,"Ford","Mustang","EcoBoost Premium","[PREMIUM]","[PREMIUM]",143840,"Coupe","Yellow","Ebony","Rear-wheel Drive",,,"Gasoline",,,"dealership","[PREMIUM]","Norfolk","VA","[PREMIUM]",,"[]",,,"[PREMIUM]"
"a555b63b-3a4b-4872-9b52-6aa83f7780b0","2026-04-08 23:40:13.316","2026-04-08 23:40:13.316","a555b63b-3a4b-4872-9b52-6aa83f7780b0","[PREMIUM]","Used",2015,"Hyundai","SONATA","SE","[PREMIUM]","[PREMIUM]",100386,"Sedan","Red","GRAY","Rear-wheel Drive",,,"Gasoline",,,"dealership","[PREMIUM]","Sacramento","CA","[PREMIUM]",,"[]",,,"[PREMIUM]"
"6b320af5-a511-4a39-bb23-7a6bd0a344aa","2026-04-08 23:40:03.059","2026-04-08 23:40:03.059","6b320af5-a511-4a39-bb23-7a6bd0a344aa","[PREMIUM]","Used",2015,"Honda","CR-V","EX-L","[PREMIUM]","[PREMIUM]",146867,"SUV","White Diamond Pearl","Beige","All-wheel Drive",,,"Gasoline",,,"dealership","[PREMIUM]","Columbia","MO","[PREMIUM]",,"[]",,,"[PREMIUM]"
"20ca86e7-fb49-4c4b-8981-6d8a43ee9aa9","2026-04-08 23:40:03.027","2026-04-08 23:40:03.027","20ca86e7-fb49-4c4b-8981-6d8a43ee9aa9","[PREMIUM]","Used",2015,"Nissan","Rogue","SL","[PREMIUM]","[PREMIUM]",85219,"SUV","White","CREAM","Four-wheel Drive",,,"Gasoline",,,"dealership","[PREMIUM]","Newark","DE","[PREMIUM]",,"[]",,,"[PREMIUM]"
"b0870d90-bf63-4978-a964-083a236b3f2f","2026-04-08 23:40:03.013","2026-04-08 23:40:03.013","b0870d90-bf63-4978-a964-083a236b3f2f","[PREMIUM]","Used",2015,"Chevrolet","Equinox","LT","[PREMIUM]","[PREMIUM]",79885,"SUV","Blue","BLACK","Four-wheel Drive",,,"Gasoline",,,"dealership","[PREMIUM]","Lynchburg","VA","[PREMIUM]",,"[]",,,"[PREMIUM]"
"9fa34800-eb4c-45e0-ad96-ad9b5cf3d4fd","2026-04-08 23:40:03.012","2026-04-08 23:40:03.012","9fa34800-eb4c-45e0-ad96-ad9b5cf3d4fd","[PREMIUM]","Used",2015,"Ford","Escape","Titanium","[PREMIUM]","[PREMIUM]",107589,"SUV","White","BLACK","Rear-wheel Drive",,,"Gasoline",,,"dealership","[PREMIUM]","Gastonia","NC","[PREMIUM]",,"[]",,,"[PREMIUM]"
"123280c5-9448-4cd7-98ae-908e367f7f98","2026-04-08 23:40:03.001","2026-04-08 23:40:03.001","123280c5-9448-4cd7-98ae-908e367f7f98","[PREMIUM]","Used",2015,"Ford","Fusion","SE","[PREMIUM]","[PREMIUM]",98595,"Sedan","Silver","BLACK","Rear-wheel Drive",,,"Gasoline",,,"dealership","[PREMIUM]","Merrillville","IN","[PREMIUM]",,"[]",,,"[PREMIUM]"
"7eac95a2-ccaf-4a3e-8166-bfadc75423bc","2026-04-08 23:40:02.998","2026-04-08 23:40:02.998","7eac95a2-ccaf-4a3e-8166-bfadc75423bc","[PREMIUM]","Used",2015,"Volkswagen","Jetta","SE","[PREMIUM]","[PREMIUM]",120734,"Sedan","White","BLACK","Rear-wheel Drive",,,"Diesel",,,"dealership","[PREMIUM]","St. Peters","MO","[PREMIUM]",,"[]",,,"[PREMIUM]"
"2cc3fc0a-eb99-4f36-9404-81c615d57fa3","2026-04-08 23:40:02.988","2026-04-08 23:40:02.988","2cc3fc0a-eb99-4f36-9404-81c615d57fa3","[PREMIUM]","Used",2015,"Toyota","RAV4","LE","[PREMIUM]","[PREMIUM]",104000,"SUV","Black","Gray","All-wheel Drive",,,"Gasoline",,,"private","[PREMIUM]",,,"[PREMIUM]",,"[]",,,"[PREMIUM]"
"234f6817-18cb-4ed7-8c89-a88eab6f8ff8","2026-04-08 23:40:02.983","2026-04-08 23:40:02.983","234f6817-18cb-4ed7-8c89-a88eab6f8ff8","[PREMIUM]","Used",2015,"INFINITI","Q50 Hybrid","Sport","[PREMIUM]","[PREMIUM]",104228,"Sedan","Graphite Shadow","Graphite","Rear-wheel Drive",,,"Hybrid",,,"dealership","[PREMIUM]","Waldorf","MD","[PREMIUM]",,"[]",,,"[PREMIUM]"
"99f43076-acd7-46cf-bae6-14a1b81d6d7f","2026-04-08 23:40:02.980","2026-04-08 23:40:02.980","99f43076-acd7-46cf-bae6-14a1b81d6d7f","[PREMIUM]","Used",2015,"BMW","428","I","[PREMIUM]","[PREMIUM]",79067,"Coupe","Blue","GRAY","Rear-wheel Drive",,,"Gasoline",,,"dealership","[PREMIUM]","Murrieta","CA","[PREMIUM]",,"[]",,,"[PREMIUM]"
"34539bc3-ddda-4723-b0a6-b21057ea748f","2026-04-08 23:40:02.926","2026-04-08 23:40:02.926","34539bc3-ddda-4723-b0a6-b21057ea748f","[PREMIUM]","Used",2015,"Chevrolet","Cruze","LT","[PREMIUM]","[PREMIUM]",44842,"Sedan","Gold","BLACK","Rear-wheel Drive",,,"Gasoline",,,"dealership","[PREMIUM]","O'Fallon","IL","[PREMIUM]",,"[]",,,"[PREMIUM]"
"514131b4-757f-4667-ac7c-1eabc1b4ab25","2026-04-08 23:40:02.924","2026-04-08 23:40:02.924","514131b4-757f-4667-ac7c-1eabc1b4ab25","[PREMIUM]","Used",2015,"Nissan","Juke","S","[PREMIUM]","[PREMIUM]",105918,"SUV","Black","BLACK","Rear-wheel Drive",,,"Gasoline",,,"dealership","[PREMIUM]","Inglewood","CA","[PREMIUM]",,"[]",,,"[PREMIUM]"
"4f7e23b1-d427-4585-8177-93806419f529","2026-04-08 23:39:52.517","2026-04-08 23:39:52.517","4f7e23b1-d427-4585-8177-93806419f529","[PREMIUM]","Used",2016,"Nissan","Rogue","SV","[PREMIUM]","[PREMIUM]",100509,"SUV","Gun Metallic","Charcoal","All-wheel Drive",,,"Gasoline",,,"dealership","[PREMIUM]","Evansville","IN","[PREMIUM]",,"[]",,,"[PREMIUM]"
"9040bf47-034d-4452-9311-08a1d81631b7","2026-04-08 23:39:52.489","2026-04-08 23:39:52.489","9040bf47-034d-4452-9311-08a1d81631b7","[PREMIUM]","Used",2016,"Ford","Explorer","XLT","[PREMIUM]","[PREMIUM]",118755,"SUV","Shadow Black","Ebony Black","Four-wheel Drive",,,"Gasoline",,,"dealership","[PREMIUM]","Escondido","CA","[PREMIUM]",,"[]",,,"[PREMIUM]"
"4b95c7d0-4777-48fe-91f6-638fa58b1922","2026-04-08 23:39:42.269","2026-04-08 23:39:42.269","4b95c7d0-4777-48fe-91f6-638fa58b1922","[PREMIUM]","Used",2016,"Subaru","Forester","2.5I Premium","[PREMIUM]","[PREMIUM]",117758,"SUV","Blue","GRAY","Four-wheel Drive",,,"Gasoline",,,"dealership","[PREMIUM]","Vancouver","WA","[PREMIUM]",,"[]",,,"[PREMIUM]"
"3b8f5208-c67d-492a-92e7-9035fff98440","2026-04-08 23:39:42.262","2026-04-08 23:39:42.262","3b8f5208-c67d-492a-92e7-9035fff98440","[PREMIUM]","New",2026,"Nissan","Rogue","Rock Creek","[PREMIUM]","[PREMIUM]",4,"SUV","Black","Charcoal","All-wheel Drive",,,"Gasoline",,,"dealership","[PREMIUM]","Charlotte","NC","[PREMIUM]",,"[]",,,"[PREMIUM]"
"95c60fd2-5824-42da-8269-439495ed63e6","2026-04-08 23:39:42.195","2026-04-08 23:39:42.195","95c60fd2-5824-42da-8269-439495ed63e6","[PREMIUM]","Used",2016,"Mazda","CX-5","Grand Touring","[PREMIUM]","[PREMIUM]",104322,"SUV","Soul Red Metallic","Black","All-wheel Drive",,,"Gasoline",,,"dealership","[PREMIUM]","Loveland","CO","[PREMIUM]",,"[]",,,"[PREMIUM]"
"f82c96e0-f01a-4f96-a5fd-fe6dad9fae75","2026-04-08 23:39:32.058","2026-04-08 23:39:32.058","f82c96e0-f01a-4f96-a5fd-fe6dad9fae75","[PREMIUM]","Used",2016,"Hyundai","Santa Fe Sport",,"[PREMIUM]","[PREMIUM]",111446,"SUV","Black","GRAY","Rear-wheel Drive",,,"Gasoline",,,"dealership","[PREMIUM]","Plano","TX","[PREMIUM]",,"[]",,,"[PREMIUM]"
"2a044a0e-f092-4ca0-a516-7d6b9c4a0f36","2026-04-08 23:39:31.983","2026-04-08 23:39:31.983","2a044a0e-f092-4ca0-a516-7d6b9c4a0f36","[PREMIUM]","Used",2026,"GMC","Terrain","AWD Elevation","[PREMIUM]","[PREMIUM]",24381,"SUV","Summit White",,"All-wheel Drive",,,"Gasoline",,,"dealership","[PREMIUM]","FALLS CITY","NE","[PREMIUM]",,"[]",,,"[PREMIUM]"
"d2df5bf3-60ae-4ab7-b6db-4fc096a5b71d","2026-04-08 23:39:31.963","2026-04-08 23:39:31.963","d2df5bf3-60ae-4ab7-b6db-4fc096a5b71d","[PREMIUM]","Used",2016,"Nissan","Altima","S","[PREMIUM]","[PREMIUM]",118493,"Sedan","Red","TAN","Rear-wheel Drive",,,"Gasoline",,,"dealership","[PREMIUM]","Chattanooga","TN","[PREMIUM]",,"[]",,,"[PREMIUM]"
"3a38df1e-de70-4b9e-8d05-6eca13a4937d","2026-04-08 23:39:31.961","2026-04-08 23:39:31.961","3a38df1e-de70-4b9e-8d05-6eca13a4937d","[PREMIUM]","Used",2016,"Toyota","RAV4","SE","[PREMIUM]","[PREMIUM]",195797,"SUV","Black","Cinnamon","FWD",,,"Gasoline",,,"dealership","[PREMIUM]","Florence","SC","[PREMIUM]",,"[]",,,"[PREMIUM]"
"3a1cf37b-a6af-446f-ad2d-b51a9548c3d6","2026-04-08 23:39:31.954","2026-04-08 23:39:31.954","3a1cf37b-a6af-446f-ad2d-b51a9548c3d6","[PREMIUM]","Used",2016,"Audi","A3","Premium","[PREMIUM]","[PREMIUM]",76682,"Sedan","Black","BLACK","Four-wheel Drive",,,"Gasoline",,,"dealership","[PREMIUM]","Lynnwood","WA","[PREMIUM]",,"[]",,,"[PREMIUM]"
"2a6269ef-154b-4cad-bfb6-94f4e65f03cd","2026-04-08 23:39:31.940","2026-04-08 23:39:31.940","2a6269ef-154b-4cad-bfb6-94f4e65f03cd","[PREMIUM]","Used",2016,"Dodge","Dart","SXT","[PREMIUM]","[PREMIUM]",103714,"Sedan","Black","BLACK","Rear-wheel Drive",,,"Gasoline",,,"dealership","[PREMIUM]","Charlotte","NC","[PREMIUM]",,"[]",,,"[PREMIUM]"
"e3995771-ff00-4f9c-88cb-0e32589c4123","2026-04-08 23:39:31.886","2026-04-08 23:39:31.886","e3995771-ff00-4f9c-88cb-0e32589c4123","[PREMIUM]","Used",2016,"Kia","Sedona","EX","[PREMIUM]","[PREMIUM]",98656,,"Black","TAN","Rear-wheel Drive",,,"Gasoline",,,"dealership","[PREMIUM]","Henderson","NV","[PREMIUM]",,"[]",,,"[PREMIUM]"
"3bc00e6a-a510-49c5-8bc2-3783822d6def","2026-04-08 23:39:31.872","2026-04-08 23:39:31.872","3bc00e6a-a510-49c5-8bc2-3783822d6def","[PREMIUM]","Used",2016,"Hyundai","TUCSON","Limited","[PREMIUM]","[PREMIUM]",125298,"SUV","Blue","BLACK","Rear-wheel Drive",,,"Gasoline",,,"dealership","[PREMIUM]","Stockbridge","GA","[PREMIUM]",,"[]",,,"[PREMIUM]"
"18d82667-b00e-42af-aca5-e92349e404ec","2026-04-08 23:39:31.859","2026-04-08 23:39:31.859","18d82667-b00e-42af-aca5-e92349e404ec","[PREMIUM]","Used",2016,"Ford","Explorer","XLT","[PREMIUM]","[PREMIUM]",99735,"SUV","Silver","Black","Four-wheel Drive",,,"Gasoline",,,"private","[PREMIUM]",,,"[PREMIUM]",,"[]",,,"[PREMIUM]"
"692c2aac-8651-4c93-88e0-a91f964f42b6","2026-04-08 23:39:31.856","2026-04-08 23:39:31.856","692c2aac-8651-4c93-88e0-a91f964f42b6","[PREMIUM]","Used",2016,"MINI","Hardtop",,"[PREMIUM]","[PREMIUM]",66425,"Hatchback","Blue","BLACK","Rear-wheel Drive",,,"Gasoline",,,"dealership","[PREMIUM]","Murrieta","CA","[PREMIUM]",,"[]",,,"[PREMIUM]"
"a9bb4e3b-392f-4bd8-8029-9b548e976d6b","2026-04-08 23:39:31.851","2026-04-08 23:39:31.851","a9bb4e3b-392f-4bd8-8029-9b548e976d6b","[PREMIUM]","Used",2016,"Hyundai","ELANTRA","GT","[PREMIUM]","[PREMIUM]",80795,"Hatchback","Red","BLACK","Rear-wheel Drive",,,"Gasoline",,,"dealership","[PREMIUM]","Costa Mesa","CA","[PREMIUM]",,"[]",,,"[PREMIUM]"
"d7b471d0-787a-485c-a877-58fdb1e2cc20","2026-04-08 23:39:31.846","2026-04-08 23:39:31.846","d7b471d0-787a-485c-a877-58fdb1e2cc20","[PREMIUM]","Used",2016,"Chevrolet","Equinox","LT","[PREMIUM]","[PREMIUM]",61025,"SUV","Black","Black","All-wheel Drive",,,"Gasoline",,,"private","[PREMIUM]",,,"[PREMIUM]",,"[]",,,"[PREMIUM]"
"d0e6346a-69c7-4526-a012-444f9dc11f70","2026-04-08 23:39:31.827","2026-04-08 23:39:31.827","d0e6346a-69c7-4526-a012-444f9dc11f70","[PREMIUM]","Used",2016,"Toyota","Corolla","LE","[PREMIUM]","[PREMIUM]",124351,"Sedan","Black","BLACK","Rear-wheel Drive",,,"Gasoline",,,"dealership","[PREMIUM]","Sterling","VA","[PREMIUM]",,"[]",,,"[PREMIUM]"
"97f85e76-84fd-4b3a-8e63-8f6722641a7f","2026-04-08 23:39:31.818","2026-04-08 23:39:31.818","97f85e76-84fd-4b3a-8e63-8f6722641a7f","[PREMIUM]","New",2026,"Nissan","Rogue","Rock Creek","[PREMIUM]","[PREMIUM]",87,"SUV","Obsidian Green","Charcoal","All-wheel Drive",,,"Gasoline",,,"dealership","[PREMIUM]","Jefferson City","MO","[PREMIUM]",,"[]",,,"[PREMIUM]"
"738631b2-a1ec-49ef-bcbc-ba23699cc36a","2026-04-08 23:39:31.784","2026-04-08 23:39:31.784","738631b2-a1ec-49ef-bcbc-ba23699cc36a","[PREMIUM]","Used",2016,"Ford","Edge","SEL","[PREMIUM]","[PREMIUM]",81732,"SUV","Blue","GRAY","Rear-wheel Drive",,,"Gasoline",,,"dealership","[PREMIUM]","Warner Robins","GA","[PREMIUM]",,"[]",,,"[PREMIUM]"
"79812b8b-341b-49d0-993f-f802d6cd1bea","2026-04-08 23:39:31.774","2026-04-08 23:39:31.774","79812b8b-341b-49d0-993f-f802d6cd1bea","[PREMIUM]","Used",2016,"Ford","Fusion","SE","[PREMIUM]","[PREMIUM]",98199,"Sedan","Red","BLACK","Rear-wheel Drive",,,"Gasoline",,,"dealership","[PREMIUM]","Easton","PA","[PREMIUM]",,"[]",,,"[PREMIUM]"
"ca8a078c-87fa-4bef-9fd0-3e5acc16e0ed","2026-04-08 23:39:31.753","2026-04-08 23:39:31.753","ca8a078c-87fa-4bef-9fd0-3e5acc16e0ed","[PREMIUM]","Used",2016,"Ford","Fusion","S","[PREMIUM]","[PREMIUM]",61712,"Sedan","White","GRAY","Rear-wheel Drive",,,"Gasoline",,,"dealership","[PREMIUM]","Beaverton","OR","[PREMIUM]",,"[]",,,"[PREMIUM]"
"a502a617-02c3-4315-9321-ba2c6e647a9e","2026-04-08 23:39:21.314","2026-04-08 23:39:21.314","a502a617-02c3-4315-9321-ba2c6e647a9e","[PREMIUM]","Used",2017,"Ford","Explorer","Limited","[PREMIUM]","[PREMIUM]",110846,"SUV",,"Ebony Black","Four-wheel Drive",,,"Gasoline",,,"dealership","[PREMIUM]","Waldorf","MD","[PREMIUM]",,"[]",,,"[PREMIUM]"
"15293f63-dd97-41f7-a9a1-ccf5e6541809","2026-04-08 23:39:21.277","2026-04-08 23:39:21.277","15293f63-dd97-41f7-a9a1-ccf5e6541809","[PREMIUM]","Used",2017,"Nissan","Altima","SR","[PREMIUM]","[PREMIUM]",68394,"Sedan","Black","BLACK","Rear-wheel Drive",,,"Gasoline",,,"dealership","[PREMIUM]","Lancaster","PA","[PREMIUM]",,"[]",,,"[PREMIUM]"
"55940771-f9db-4071-8469-e90bbe5b53eb","2026-04-08 23:39:21.253","2026-04-11 23:39:47.739","55940771-f9db-4071-8469-e90bbe5b53eb","[PREMIUM]","Used",2017,"Kia","Sorento","LX","[PREMIUM]","[PREMIUM]",95200,"SUV","Sparkling Silver","Satin Black","All-wheel Drive",,,"Gasoline",,,"dealership","[PREMIUM]","Marysville","WA","[PREMIUM]",,"[]",,,"[PREMIUM]"
"b16626c3-e65c-4cd6-9380-f327b0abb00e","2026-04-08 23:39:11.122","2026-04-08 23:39:11.122","b16626c3-e65c-4cd6-9380-f327b0abb00e","[PREMIUM]","Used",2017,"Ford","Escape","SE","[PREMIUM]","[PREMIUM]",121549,"SUV","Gray","GRAY","Four-wheel Drive",,,"Gasoline",,,"dealership","[PREMIUM]","Lexington","KY","[PREMIUM]",,"[]",,,"[PREMIUM]"
"a35cc073-e0d3-4871-a0cc-c76d7be6679a","2026-04-08 23:39:11.101","2026-04-08 23:39:11.101","a35cc073-e0d3-4871-a0cc-c76d7be6679a","[PREMIUM]","Used",2017,"Subaru","Legacy","2.5I","[PREMIUM]","[PREMIUM]",99982,"Sedan","Gray","BLACK","Four-wheel Drive",,,"Gasoline",,,"dealership","[PREMIUM]","Las Vegas","NV","[PREMIUM]",,"[]",,,"[PREMIUM]"
"b719bb16-332d-4ee4-98fe-001197a56dac","2026-04-08 23:39:11.018","2026-04-08 23:39:11.018","b719bb16-332d-4ee4-98fe-001197a56dac","[PREMIUM]","Used",2017,"Nissan","Altima","S","[PREMIUM]","[PREMIUM]",111814,"Sedan","Black","BLACK","Rear-wheel Drive",,,"Gasoline",,,"dealership","[PREMIUM]","Nashville","TN","[PREMIUM]",,"[]",,,"[PREMIUM]"
"b7c7a3f3-0534-4f9a-ab04-be74413087ab","2026-04-08 23:39:11.011","2026-04-08 23:39:11.011","b7c7a3f3-0534-4f9a-ab04-be74413087ab","[PREMIUM]","Used",2017,"Chevrolet","Volt","LT","[PREMIUM]","[PREMIUM]",103956,"Hatchback","Black","BLACK","Rear-wheel Drive",,,"Plug-In Hybrid",,,"dealership","[PREMIUM]","Charlotte","NC","[PREMIUM]",,"[]",,,"[PREMIUM]"
"4ad7b850-1ba2-4c6a-815a-fe422cfd42d5","2026-04-08 23:39:10.934","2026-04-11 23:39:37.922","4ad7b850-1ba2-4c6a-815a-fe422cfd42d5","[PREMIUM]","Used",2018,"Subaru","Outback","2.5i Premium","[PREMIUM]","[PREMIUM]",93287,"SUV","Magnetite Gray Metallic","Slate Black","All-wheel Drive",,,"Gasoline",,,"dealership","[PREMIUM]","Orlando","FL","[PREMIUM]",,"[]",,,"[PREMIUM]"
"ae882896-7169-438d-a910-96df34408ff9","2026-04-08 23:39:10.931","2026-04-08 23:39:10.931","ae882896-7169-438d-a910-96df34408ff9","[PREMIUM]","Used",2018,"Nissan","Rogue Sport","S","[PREMIUM]","[PREMIUM]",119494,"SUV","Magnetic Black","Charcoal","Front-wheel Drive",,,"Gasoline",,,"dealership","[PREMIUM]","Cincinnati","OH","[PREMIUM]",,"[]",,,"[PREMIUM]"
"e92723dc-d46f-4ff0-bde1-1f3126ce3e19","2026-04-08 23:39:10.920","2026-04-08 23:39:10.920","e92723dc-d46f-4ff0-bde1-1f3126ce3e19","[PREMIUM]","Used",2018,"Ford","Fusion Energi","SE","[PREMIUM]","[PREMIUM]",78373,"Sedan","White","BLACK","Rear-wheel Drive",,,"Plug-In Hybrid",,,"dealership","[PREMIUM]","Roseville","CA","[PREMIUM]",,"[]",,,"[PREMIUM]"
"70bf3183-2240-40ec-b78a-f629f40de7bf","2026-04-08 23:39:10.906","2026-04-08 23:39:10.906","70bf3183-2240-40ec-b78a-f629f40de7bf","[PREMIUM]","Used",2017,"Nissan","Rogue","SV","[PREMIUM]","[PREMIUM]",109183,"SUV","White","BLACK","Four-wheel Drive",,,"Gasoline",,,"dealership","[PREMIUM]","Ocala","FL","[PREMIUM]",,"[]",,,"[PREMIUM]"
"8b077ca2-49f6-4c48-9f5d-a2df198f0108","2026-04-08 23:39:10.903","2026-04-08 23:39:10.903","8b077ca2-49f6-4c48-9f5d-a2df198f0108","[PREMIUM]","Used",2017,"Nissan","Pathfinder","S","[PREMIUM]","[PREMIUM]",99537,"SUV","White","TAN","Rear-wheel Drive",,,"Gasoline",,,"dealership","[PREMIUM]","Norcross","GA","[PREMIUM]",,"[]",,,"[PREMIUM]"
"afea59a1-1f5d-445f-8cee-f18b4cea7352","2026-04-08 23:39:10.880","2026-04-08 23:39:10.880","afea59a1-1f5d-445f-8cee-f18b4cea7352","[PREMIUM]","Used",2018,"BMW","X1","xDrive28i","[PREMIUM]","[PREMIUM]",72410,"SUV","Alpine White","Oyster","All-wheel Drive",,,"Gasoline",,,"dealership","[PREMIUM]","Saint Peters","MO","[PREMIUM]",,"[]",,,"[PREMIUM]"
"860acbd7-76d1-47ce-8407-56874835c9d9","2026-04-08 23:39:10.857","2026-04-20 23:40:14.060","860acbd7-76d1-47ce-8407-56874835c9d9","[PREMIUM]","Used",2018,"Chevrolet","Spark","LS","[PREMIUM]","[PREMIUM]",13670,"Hatchback","Gray","BLACK","Rear-wheel Drive",,,"Gasoline",,,"dealership","[PREMIUM]","Franklin","TN","[PREMIUM]",,"[]",,,"[PREMIUM]"
"d6472c14-a750-4a0a-ad21-9a8c4f89d6cf","2026-04-08 23:39:10.812","2026-04-11 23:39:37.636","d6472c14-a750-4a0a-ad21-9a8c4f89d6cf","[PREMIUM]","Used",2017,"Ford","Escape","Titanium","[PREMIUM]","[PREMIUM]",110681,"SUV","Gray","BLACK","Rear-wheel Drive",,,"Gasoline",,,"dealership","[PREMIUM]","Bakersfield","CA","[PREMIUM]",,"[]",,,"[PREMIUM]"
"a65dd6d3-b663-4899-89a7-6373d8cc8434","2026-04-08 23:39:10.804","2026-04-08 23:39:10.804","a65dd6d3-b663-4899-89a7-6373d8cc8434","[PREMIUM]","Used",2017,"Hyundai","TUCSON","SE","[PREMIUM]","[PREMIUM]",89510,"SUV","Red","Beige","Front-wheel Drive",,,"Gasoline",,,"private","[PREMIUM]",,,"[PREMIUM]",,"[]",,,"[PREMIUM]"
"778d26d3-0ba5-4943-aaaa-dd9e1702d4fc","2026-04-08 23:39:10.801","2026-04-08 23:39:10.801","778d26d3-0ba5-4943-aaaa-dd9e1702d4fc","[PREMIUM]","Used",2017,"Hyundai","SONATA","SE","[PREMIUM]","[PREMIUM]",84056,"Sedan","White","GRAY","Rear-wheel Drive",,,"Gasoline",,,"dealership","[PREMIUM]","Littleton","CO","[PREMIUM]",,"[]",,,"[PREMIUM]"
"179dc154-cb3a-490a-bde1-0a2c341f93e6","2026-04-08 23:39:10.797","2026-04-08 23:39:10.797","179dc154-cb3a-490a-bde1-0a2c341f93e6","[PREMIUM]","Used",2018,"Jeep","Renegade","Sport","[PREMIUM]","[PREMIUM]",112694,"SUV","Black","Black","Four-wheel Drive",,,"Gasoline",,,"private","[PREMIUM]",,,"[PREMIUM]",,"[]",,,"[PREMIUM]"
"a0a2390a-d2d3-4780-9a68-553666ef8693","2026-04-08 23:39:10.788","2026-04-11 23:39:37.739","a0a2390a-d2d3-4780-9a68-553666ef8693","[PREMIUM]","Used",2018,"Toyota","Camry","LE","[PREMIUM]","[PREMIUM]",148399,"Sedan","Super White","Black","Front-wheel Drive",,,"Gasoline",,,"dealership","[PREMIUM]","Lansing","MI","[PREMIUM]",,"[]",,,"[PREMIUM]"
"4c8715cb-7790-462a-99bd-67e83ec9ecd1","2026-04-08 23:39:10.786","2026-04-08 23:39:10.786","4c8715cb-7790-462a-99bd-67e83ec9ecd1","[PREMIUM]","Used",2018,"Toyota","C-HR","XLE Premium","[PREMIUM]","[PREMIUM]",80071,"SUV","Blue Eclipse Metallic","Black","Front-wheel Drive",,,"Gasoline",,,"dealership","[PREMIUM]","Dublin","CA","[PREMIUM]",,"[]",,,"[PREMIUM]"
"40742311-3f56-4aa6-9c30-f7bf09a5d1d2","2026-04-08 23:39:10.782","2026-04-08 23:39:10.782","40742311-3f56-4aa6-9c30-f7bf09a5d1d2","[PREMIUM]","New",2027,"Chevrolet","Bolt","LT","[PREMIUM]","[PREMIUM]",2,"SUV","GXD","Gray","Front-wheel Drive",,,,,,"dealership","[PREMIUM]","Ozark","MO","[PREMIUM]",,"[]",,,"[PREMIUM]"
"66457ee3-4e89-4018-a516-afe7a2ca35ee","2026-04-08 23:39:10.762","2026-04-08 23:39:10.762","66457ee3-4e89-4018-a516-afe7a2ca35ee","[PREMIUM]","Used",2018,"Hyundai","SONATA","SEL","[PREMIUM]","[PREMIUM]",58952,"Sedan","Machine Gray","Gray","Front-wheel Drive",,,"Gasoline",,,"dealership","[PREMIUM]","Longmont","CO","[PREMIUM]",,"[]",,,"[PREMIUM]"
"8bc570f0-538b-4486-aa97-fc0b742e9a17","2026-04-08 23:39:10.751","2026-04-08 23:39:10.751","8bc570f0-538b-4486-aa97-fc0b742e9a17","[PREMIUM]","Used",2017,"Chevrolet","Equinox","LS","[PREMIUM]","[PREMIUM]",82296,"SUV","White","BLACK","Four-wheel Drive",,,"Gasoline",,,"dealership","[PREMIUM]","Stockton","CA","[PREMIUM]",,"[]",,,"[PREMIUM]"
"0b3f5d45-1f9e-4fa1-a6a3-7dc090085420","2026-04-08 23:39:10.740","2026-04-11 23:39:27.431","0b3f5d45-1f9e-4fa1-a6a3-7dc090085420","[PREMIUM]","Used",2018,"Nissan","Murano","SV","[PREMIUM]","[PREMIUM]",137427,"SUV","Brilliant Silver Metallic","Graphite","All-wheel Drive",,,"Gasoline",,,"dealership","[PREMIUM]","Norfolk","VA","[PREMIUM]",,"[]",,,"[PREMIUM]"
"917ceb1c-92c6-4e7f-b199-7ab2c476643c","2026-04-08 23:39:00.256","2026-04-08 23:39:00.256","917ceb1c-92c6-4e7f-b199-7ab2c476643c","[PREMIUM]","Used",2018,"Chevrolet","Trax","LT","[PREMIUM]","[PREMIUM]",68243,"SUV","White","BLACK","Four-wheel Drive",,,"Gasoline",,,"dealership","[PREMIUM]","Columbus","OH","[PREMIUM]",,"[]",,,"[PREMIUM]"
"206ee562-d13d-41fe-aacb-dffc6b527a82","2026-04-08 23:39:00.234","2026-04-08 23:39:00.234","206ee562-d13d-41fe-aacb-dffc6b527a82","[PREMIUM]","Used",2018,"Nissan","Sentra","SV","[PREMIUM]","[PREMIUM]",70707,"Sedan","Gray","BLACK","Rear-wheel Drive",,,"Gasoline",,,"dealership","[PREMIUM]","Sanford","FL","[PREMIUM]",,"[]",,,"[PREMIUM]"
"ef5d780a-4edb-43f0-8f66-bbbde299429a","2026-04-08 23:39:00.219","2026-04-08 23:39:00.219","ef5d780a-4edb-43f0-8f66-bbbde299429a","[PREMIUM]","Used",2018,"Hyundai","SONATA","Limited","[PREMIUM]","[PREMIUM]",89655,"Sedan","Black","BLACK","Rear-wheel Drive",,,"Gasoline",,,"dealership","[PREMIUM]","Cranston","RI","[PREMIUM]",,"[]",,,"[PREMIUM]"
"e415bb90-d6bf-4191-b3a8-de88701b0022","2026-04-08 23:39:00.196","2026-04-08 23:39:00.196","e415bb90-d6bf-4191-b3a8-de88701b0022","[PREMIUM]","Used",2018,"Ford","F-150","XLT","[PREMIUM]","[PREMIUM]",164988,"Truck",,,"4x2",,,"Flexible_Fuel",,,"dealership","[PREMIUM]","Holiday","FL","[PREMIUM]",,"[]",,,"[PREMIUM]"
"5afe9661-feac-4b75-aeda-fc1a539719d6","2026-04-08 23:39:00.147","2026-04-14 23:39:39.738","5afe9661-feac-4b75-aeda-fc1a539719d6","[PREMIUM]","Used",2019,"Nissan","Altima","2.5 SR","[PREMIUM]","[PREMIUM]",111044,"Sedan","Super Black Clearcoat","Sport","Front-wheel Drive",,,"Gasoline",,,"dealership","[PREMIUM]","Prosper","TX","[PREMIUM]",,"[]",,,"[PREMIUM]"
"c2c100d9-3fda-490e-aa4e-674a39c21a6f","2026-04-08 23:39:00.132","2026-04-08 23:39:00.132","c2c100d9-3fda-490e-aa4e-674a39c21a6f","[PREMIUM]","Used",2019,"Volkswagen","Atlas","3.6L SE w/Technology","[PREMIUM]","[PREMIUM]",127626,"SUV","Fortana Red Metallic","Golden Oak/Black","All-wheel Drive",,,"Gasoline",,,"dealership","[PREMIUM]","Columbia","MO","[PREMIUM]",,"[]",,,"[PREMIUM]"
"cbaa5e96-b856-4860-baf9-064a7cd180e9","2026-04-08 23:39:00.096","2026-04-08 23:39:00.096","cbaa5e96-b856-4860-baf9-064a7cd180e9","[PREMIUM]","Used",2019,"Volkswagen","Jetta","1.4T SE","[PREMIUM]","[PREMIUM]",93124,"Sedan","White Silver Metallic","Black","Front-wheel Drive",,,"Gasoline",,,"dealership","[PREMIUM]","Murray","UT","[PREMIUM]",,"[]",,,"[PREMIUM]"
"8d9e58fd-08d4-4e2c-b1e7-c607c1a11b37","2026-04-08 23:39:00.094","2026-04-08 23:39:00.094","8d9e58fd-08d4-4e2c-b1e7-c607c1a11b37","[PREMIUM]","Used",2019,"Nissan","Altima","S","[PREMIUM]","[PREMIUM]",96782,"Sedan","Black","BLACK","Rear-wheel Drive",,,"Gasoline",,,"dealership","[PREMIUM]","Ontario","CA","[PREMIUM]",,"[]",,,"[PREMIUM]"
"cbd31845-fee6-4ef3-a57c-74a0b53f562e","2026-04-08 23:39:00.093","2026-04-08 23:39:00.093","cbd31845-fee6-4ef3-a57c-74a0b53f562e","[PREMIUM]","Used",2018,"Hyundai","TUCSON","SEL","[PREMIUM]","[PREMIUM]",38899,"SUV","Molten Silver","Gray","AWD",,,"Gasoline",,,"dealership","[PREMIUM]","bayshore","NY","[PREMIUM]",,"[]",,,"[PREMIUM]"
"30156d41-4b12-48ef-8c53-ddd061450034","2026-04-08 23:39:00.089","2026-04-08 23:39:00.089","30156d41-4b12-48ef-8c53-ddd061450034","[PREMIUM]","Used",2020,"Hyundai","KONA","SE","[PREMIUM]","[PREMIUM]",93644,"SUV","Surf Blue","Black","Front-wheel Drive",,,"Gasoline",,,"dealership","[PREMIUM]","Fayetteville","AR","[PREMIUM]",,"[]",,,"[PREMIUM]"
"44790dc0-fd41-4912-af52-a61a26112c6b","2026-04-08 23:39:00.084","2026-04-08 23:39:00.084","44790dc0-fd41-4912-af52-a61a26112c6b","[PREMIUM]","Used",2018,"Ford","Escape","SE","[PREMIUM]","[PREMIUM]",105991,"SUV","Red","BLACK","Rear-wheel Drive",,,"Gasoline",,,"dealership","[PREMIUM]","St. Peters","MO","[PREMIUM]",,"[]",,,"[PREMIUM]"
"849c93bb-7843-44e8-a726-de43a65e9a63","2026-04-08 23:39:00.072","2026-04-11 23:39:06.540","849c93bb-7843-44e8-a726-de43a65e9a63","[PREMIUM]","Used",2019,"Mitsubishi","Mirage","ES","[PREMIUM]","[PREMIUM]",44928,"Hatchback","Sapphire Blue Metallic","Black","Front-wheel Drive",,,"Gasoline",,,"dealership","[PREMIUM]","Dillsburg","PA","[PREMIUM]",,"[]",,,"[PREMIUM]"
"9312f874-0b09-4459-8346-d63e79eb8d8c","2026-04-08 23:39:00.067","2026-04-08 23:39:00.067","9312f874-0b09-4459-8346-d63e79eb8d8c","[PREMIUM]","Used",2019,"Kia","Forte","FE","[PREMIUM]","[PREMIUM]",89135,"Sedan","Black","BLACK","Rear-wheel Drive",,,"Gasoline",,,"dealership","[PREMIUM]","Greensboro","NC","[PREMIUM]",,"[]",,,"[PREMIUM]"
"084409cc-7c31-4eea-9dc0-801d44bda893","2026-04-08 23:39:00.061","2026-04-11 23:39:16.656","084409cc-7c31-4eea-9dc0-801d44bda893","[PREMIUM]","Used",2019,"Cadillac","CTS","2.0L Turbo Luxury","[PREMIUM]","[PREMIUM]",78772,"Sedan","Stellar Black Metallic","Light Platinum w/Jet Black Accents","Rear-wheel Drive",,,"Gasoline",,,"dealership","[PREMIUM]","Arlington","TX","[PREMIUM]",,"[]",,,"[PREMIUM]"
"3ff8b388-313b-4258-8982-195f38f14452","2026-04-08 23:39:00.054","2026-04-11 23:39:06.619","3ff8b388-313b-4258-8982-195f38f14452","[PREMIUM]","Used",2019,"Ford","Escape","SEL","[PREMIUM]","[PREMIUM]",68019,"SUV",,,"Front-wheel Drive",,,"Gasoline",,,"dealership","[PREMIUM]","Waldorf","MD","[PREMIUM]",,"[]",,,"[PREMIUM]"
"261dad01-ca98-4f5a-b6f1-eca5426bcba2","2026-04-08 23:39:00.039","2026-04-08 23:39:00.039","261dad01-ca98-4f5a-b6f1-eca5426bcba2","[PREMIUM]","Used",2019,"Chevrolet","Suburban","LT","[PREMIUM]","[PREMIUM]",149680,"SUV",,,"Rear-wheel Drive",,,"Gasoline",,,"dealership","[PREMIUM]","Holiday","FL","[PREMIUM]",,"[]",,,"[PREMIUM]"
"02e93950-180e-4ab9-acfe-94118299bf14","2026-04-08 23:39:00.034","2026-04-08 23:39:00.034","02e93950-180e-4ab9-acfe-94118299bf14","[PREMIUM]","Used",2020,"Kia","Optima","LX","[PREMIUM]","[PREMIUM]",71021,"Sedan","Snow White Pearl","Black","Front-wheel Drive",,,"Gasoline",,,"dealership","[PREMIUM]","Lafayette","IN","[PREMIUM]",,"[]",,,"[PREMIUM]"
"01f6459c-3e2f-4a97-9fd8-4c30a8a6896d","2026-04-08 23:39:00.026","2026-04-11 23:39:27.309","01f6459c-3e2f-4a97-9fd8-4c30a8a6896d","[PREMIUM]","Used",2018,"Ford","EcoSport","Titanium","[PREMIUM]","[PREMIUM]",92000,"SUV","Silver","Gray","Four-wheel Drive",,,"Gasoline",,,"private","[PREMIUM]",,,"[PREMIUM]",,"[]",,,"[PREMIUM]"
"3aa64e62-776e-4d60-8112-b51dc7c808dc","2026-04-08 23:38:59.996","2026-04-08 23:38:59.996","3aa64e62-776e-4d60-8112-b51dc7c808dc","[PREMIUM]","Used",2019,"Toyota","Yaris Sedan","LE","[PREMIUM]","[PREMIUM]",99609,"Sedan","Gray","GRAY","Rear-wheel Drive",,,"Gasoline",,,"dealership","[PREMIUM]","Roseville","CA","[PREMIUM]",,"[]",,,"[PREMIUM]"
"ee4b8e52-9379-4073-bf93-85d2b3a3dc88","2026-04-08 23:38:59.990","2026-04-08 23:38:59.990","ee4b8e52-9379-4073-bf93-85d2b3a3dc88","[PREMIUM]","Used",2018,"Volkswagen","Jetta","SE","[PREMIUM]","[PREMIUM]",88948,"Sedan","Black","BLACK","Rear-wheel Drive",,,"Gasoline",,,"dealership","[PREMIUM]","Buford","GA","[PREMIUM]",,"[]",,,"[PREMIUM]"
"62a0a350-f5ee-41c6-8568-c8cebf1baf59","2026-04-08 23:38:39.146","2026-04-08 23:38:39.146","62a0a350-f5ee-41c6-8568-c8cebf1baf59","[PREMIUM]","Used",2020,"GMC","Terrain","SLE","[PREMIUM]","[PREMIUM]",104993,"SUV","Summit White","Jet Black","All-wheel Drive",,,"Gasoline",,,"dealership","[PREMIUM]","Saint Albans","VT","[PREMIUM]",,"[]",,,"[PREMIUM]"
"4f56ce1f-b63f-4977-90ce-11766dd83199","2026-04-08 23:38:39.124","2026-04-08 23:38:39.124","4f56ce1f-b63f-4977-90ce-11766dd83199","[PREMIUM]","Used",2020,"Nissan","Kicks","SV","[PREMIUM]","[PREMIUM]",67769,"SUV","Aspen White Tricoat","Charcoal","Front-wheel Drive",,,"Gasoline",,,"dealership","[PREMIUM]","Birmingham","AL","[PREMIUM]",,"[]",,,"[PREMIUM]"
"03c91bc2-7ef6-4e39-b4a4-c91ccdbbe21a","2026-04-08 23:38:39.115","2026-04-11 23:39:06.600","03c91bc2-7ef6-4e39-b4a4-c91ccdbbe21a","[PREMIUM]","Used",2021,"Chevrolet","Trailblazer","LS","[PREMIUM]","[PREMIUM]",128727,"SUV","Mosaic Black Metallic","Jet Black","Front-wheel Drive",,,"Gasoline",,,"dealership","[PREMIUM]","Cullman","AL","[PREMIUM]",,"[]",,,"[PREMIUM]"
"12df18dd-3e57-4b53-8be6-9562c314f627","2026-04-08 23:38:39.103","2026-04-11 23:39:06.609","12df18dd-3e57-4b53-8be6-9562c314f627","[PREMIUM]","Used",2020,"Ford","EcoSport","SE","[PREMIUM]","[PREMIUM]",57791,"SUV","LIGHTNING BLUE METALLIC","EBONY BLK UNIQUE CLOTH SEATS","Four-wheel Drive",,,"Gasoline",,,"dealership","[PREMIUM]","Shelbyville","IN","[PREMIUM]",,"[]",,,"[PREMIUM]"
"873ec6dc-beae-4aa0-bbf8-34e3f3b69bd2","2026-04-08 23:38:39.097","2026-04-08 23:38:39.097","873ec6dc-beae-4aa0-bbf8-34e3f3b69bd2","[PREMIUM]","Used",2020,"Nissan","Versa","S","[PREMIUM]","[PREMIUM]",62256,"Sedan","Black","BLACK","Rear-wheel Drive",,,"Gasoline",,,"dealership","[PREMIUM]","Buford","GA","[PREMIUM]",,"[]",,,"[PREMIUM]"
"c4fd6310-4bc1-4668-9f09-65c509044709","2026-04-08 23:38:39.057","2026-04-08 23:38:39.057","c4fd6310-4bc1-4668-9f09-65c509044709","[PREMIUM]","Used",2020,"Subaru","Impreza","5-Door","[PREMIUM]","[PREMIUM]",82986,"Hatchback","Crystal Black Silica","Ivory","All-wheel Drive",,,"Gasoline",,,"dealership","[PREMIUM]","McHenry","IL","[PREMIUM]",,"[]",,,"[PREMIUM]"
"f2f32b3c-efb0-40e8-b65d-a4e8c088cd0f","2026-04-08 23:38:39.052","2026-04-08 23:38:39.052","f2f32b3c-efb0-40e8-b65d-a4e8c088cd0f","[PREMIUM]","Used",2020,"Hyundai","KONA","SE","[PREMIUM]","[PREMIUM]",48800,"SUV","Gray","Gray","Front-wheel Drive",,,"Gasoline",,,"private","[PREMIUM]",,,"[PREMIUM]",,"[]",,,"[PREMIUM]"
"901105ce-690d-4559-8235-6bfd3c2fd155","2026-04-08 23:38:39.050","2026-04-08 23:38:39.050","901105ce-690d-4559-8235-6bfd3c2fd155","[PREMIUM]","Used",2020,"Volkswagen","Tiguan","2.0T SEL","[PREMIUM]","[PREMIUM]",67711,"SUV","Deep Black Pearl","Titan Black","Front-wheel Drive",,,"Gasoline",,,"dealership","[PREMIUM]","Kansas City","KS","[PREMIUM]",,"[]",,,"[PREMIUM]"
"4806c6b5-a5a3-4e23-8854-ec8f016e81cf","2026-04-08 23:38:39.044","2026-04-11 23:39:06.597","4806c6b5-a5a3-4e23-8854-ec8f016e81cf","[PREMIUM]","Used",2020,"Volkswagen","Jetta","S","[PREMIUM]","[PREMIUM]",67058,"Sedan","White","BLACK","Rear-wheel Drive",,,"Gasoline",,,"dealership","[PREMIUM]","Beaverton","OR","[PREMIUM]",,"[]",,,"[PREMIUM]"
"cec4e35b-7301-4595-9704-a3f72316ff0c","2026-04-08 23:38:39.041","2026-04-14 23:39:19.273","cec4e35b-7301-4595-9704-a3f72316ff0c","[PREMIUM]","Used",2020,"Nissan","Versa","1.6 S","[PREMIUM]","[PREMIUM]",28839,"Sedan","Super Black","Sport Interior","Front-wheel Drive",,,"Gasoline",,,"dealership","[PREMIUM]","McHenry","IL","[PREMIUM]",,"[]",,,"[PREMIUM]"
"2cc3022c-b2a1-4bbb-9c49-286aac6240fe","2026-04-08 23:38:18.664","2026-04-11 23:39:06.634","2cc3022c-b2a1-4bbb-9c49-286aac6240fe","[PREMIUM]","Used",2016,"Chevrolet","Silverado 2500","High Country","[PREMIUM]","[PREMIUM]",136248,"Truck","Summit White","Saddle","Four-wheel Drive",,,"Diesel",,,"dealership","[PREMIUM]","Orange Park","FL","[PREMIUM]",,"[]",,,"[PREMIUM]"
"eb56b436-bef1-4577-995d-513ff22061f4","2026-04-08 23:38:08.462","2026-04-11 23:38:35.655","eb56b436-bef1-4577-995d-513ff22061f4","[PREMIUM]","Used",2021,"Chevrolet","Equinox","1LT","[PREMIUM]","[PREMIUM]",107860,"SUV","Cajun Red Tintcoat","Jet Black","All-wheel Drive",,,"Gasoline",,,"dealership","[PREMIUM]","Colorado Springs","CO","[PREMIUM]",,"[]",,,"[PREMIUM]"
"8cf9c2ad-198d-48d8-a618-fe702c8283d6","2026-04-08 23:38:08.461","2026-04-14 23:38:48.717","8cf9c2ad-198d-48d8-a618-fe702c8283d6","[PREMIUM]","Used",2021,"Volkswagen","Tiguan","2.0T SE 4MOTION","[PREMIUM]","[PREMIUM]",110980,"SUV","Teal","Storm Gray","All-wheel Drive",,,"Gasoline",,,"dealership","[PREMIUM]","Poughkeepsie","NY","[PREMIUM]",,"[]",,,"[PREMIUM]"
"8267f221-d6d6-4835-8ece-485f62a65684","2026-04-08 23:38:08.453","2026-04-08 23:38:08.453","8267f221-d6d6-4835-8ece-485f62a65684","[PREMIUM]","Used",2021,"Nissan","Versa","SV","[PREMIUM]","[PREMIUM]",90104,"Sedan","Black","BLACK","Rear-wheel Drive",,,"Gasoline",,,"dealership","[PREMIUM]","Palmdale","CA","[PREMIUM]",,"[]",,,"[PREMIUM]"
"27ba0bc5-198b-4e6e-a55c-96c8577f72f3","2026-04-08 23:38:08.359","2026-04-11 23:38:56.073","27ba0bc5-198b-4e6e-a55c-96c8577f72f3","[PREMIUM]","Used",2021,"Chrysler","Voyager","LXI","[PREMIUM]","[PREMIUM]",136646,"Passenger Van","Velvet Red Pearlcoat","Black/Alloy","Front-wheel Drive",,,"Gasoline",,,"dealership","[PREMIUM]","Larksville","PA","[PREMIUM]",,"[]",,,"[PREMIUM]"
"30a08ae4-8482-4f87-a300-dc8c390d0996","2026-04-08 23:37:58.217","2026-04-08 23:37:58.217","30a08ae4-8482-4f87-a300-dc8c390d0996","[PREMIUM]","Used",2021,"Nissan","Rogue","SV","[PREMIUM]","[PREMIUM]",119786,"SUV","Gun Metallic","Charcoal","FWD",,,"Gasoline",,,"dealership","[PREMIUM]","Houston","TX","[PREMIUM]",,"[]",,,"[PREMIUM]"
"a0512184-f802-4355-b1c2-45572b698a81","2026-04-08 23:37:58.193","2026-04-08 23:37:58.193","a0512184-f802-4355-b1c2-45572b698a81","[PREMIUM]","Used",2016,"Ford","Mustang","EcoBoost","[PREMIUM]","[PREMIUM]",65433,"Coupe","INGOT SILVER METALLIC","Ebony","Rear-wheel Drive",,,"Gasoline",,,"dealership","[PREMIUM]","Montclair","CA","[PREMIUM]",,"[]",,,"[PREMIUM]"
"4cf0f535-6756-47a8-8aba-d7a1ebbe3bd5","2026-04-08 23:37:47.875","2026-04-11 23:38:03.902","4cf0f535-6756-47a8-8aba-d7a1ebbe3bd5","[PREMIUM]","Used",2013,"Mercedes-Benz","SL-Class","SL 550","[PREMIUM]","[PREMIUM]",71420,"Convertible","Diamond White","Berry Red Leather","Rear-wheel Drive",,,"Gasoline",,,"dealership","[PREMIUM]","San Diego","CA","[PREMIUM]",,"[]",,,"[PREMIUM]"
"74586f77-47e1-4e38-b12b-94f58f366db5","2026-04-08 23:37:47.868","2026-04-14 23:38:18.059","74586f77-47e1-4e38-b12b-94f58f366db5","[PREMIUM]","Used",2018,"Ford","F-150","Raptor","[PREMIUM]","[PREMIUM]",112577,"Truck","Oxford White","Black","Four-wheel Drive",,,"Gasoline",,,"dealership","[PREMIUM]","Tacoma","WA","[PREMIUM]",,"[]",,,"[PREMIUM]"
"221513a0-528a-4df4-8f36-47ada39cce65","2026-04-08 23:37:47.834","2026-04-08 23:37:47.834","221513a0-528a-4df4-8f36-47ada39cce65","[PREMIUM]","Used",2022,"Hyundai","KONA","N Line","[PREMIUM]","[PREMIUM]",98728,"SUV","Pulse Red","Black","Front-wheel Drive",,,"Gasoline",,,"dealership","[PREMIUM]","Boerne","TX","[PREMIUM]",,"[]",,,"[PREMIUM]"
"bc940dfe-5c47-4f54-af9d-04809a6248b6","2026-04-08 23:37:47.824","2026-04-08 23:37:47.824","bc940dfe-5c47-4f54-af9d-04809a6248b6","[PREMIUM]","Used",2016,"Ford","Explorer","Platinum","[PREMIUM]","[PREMIUM]",114434,"SUV","White Platinum Metallic Tri-Coat","Nirvana","Four-wheel Drive",,,"Gasoline",,,"dealership","[PREMIUM]","Nashville","TN","[PREMIUM]",,"[]",,,"[PREMIUM]"
"9cadc971-428a-4579-adb8-ecf874ca8f77","2026-04-08 23:37:47.808","2026-04-11 23:38:04.040","9cadc971-428a-4579-adb8-ecf874ca8f77","[PREMIUM]","Used",2022,"Mitsubishi","Mirage","ES","[PREMIUM]","[PREMIUM]",53197,"Hatchback","Red","BLACK","Rear-wheel Drive",,,"Gasoline",,,"dealership","[PREMIUM]","Merriam","KS","[PREMIUM]",,"[]",,,"[PREMIUM]"
"b6af004f-d369-4557-a0fa-9f96305faf4a","2026-04-08 23:37:27.546","2026-04-08 23:37:27.546","b6af004f-d369-4557-a0fa-9f96305faf4a","[PREMIUM]","Used",2024,"Nissan","Kicks","S","[PREMIUM]","[PREMIUM]",35654,"SUV","Super Black","Charcoal","Front-wheel Drive",,,"Gasoline",,,"dealership","[PREMIUM]","Grapevine","TX","[PREMIUM]",,"[]",,,"[PREMIUM]"
"ed82e250-71ee-4aa9-baa7-4604b827c0c0","2026-04-08 23:37:17.492","2026-04-08 23:37:17.492","ed82e250-71ee-4aa9-baa7-4604b827c0c0","[PREMIUM]","Used",2019,"Ford","F-150","Raptor","[PREMIUM]","[PREMIUM]",98736,"Truck","Blue","Black","Four-wheel Drive",,,"Gasoline",,,"dealership","[PREMIUM]","Grafton","WV","[PREMIUM]",,"[]",,,"[PREMIUM]"
"240a8e7f-4e64-4ad1-9b7c-640781edc1e2","2026-04-08 23:37:17.466","2026-04-08 23:37:17.466","240a8e7f-4e64-4ad1-9b7c-640781edc1e2","[PREMIUM]","Used",2024,"Mitsubishi","Mirage","Black Edition","[PREMIUM]","[PREMIUM]",12036,"Hatchback",,,"FWD",,,"Gasoline",,,"dealership","[PREMIUM]","Orlando","FL","[PREMIUM]",,"[]",,,"[PREMIUM]"
"eb8f2373-2601-4716-b939-acaff00f28e5","2026-04-08 23:37:07.215","2026-04-08 23:37:07.215","eb8f2373-2601-4716-b939-acaff00f28e5","[PREMIUM]","Used",2019,"Toyota","4Runner","TRD Off Road Premium","[PREMIUM]","[PREMIUM]",84217,"SUV","Super White","Black Graphite","Four-wheel Drive",,,"Gasoline",,,"dealership","[PREMIUM]","Alhambra","CA","[PREMIUM]",,"[]",,,"[PREMIUM]"
"2eb343df-725f-440e-ac03-cdf5300340ec","2026-04-08 23:37:07.187","2026-04-08 23:37:07.187","2eb343df-725f-440e-ac03-cdf5300340ec","[PREMIUM]","Used",2019,"Audi","Q8","Premium Plus","[PREMIUM]","[PREMIUM]",41940,"SUV","White","BROWN","Four-wheel Drive",,,"Gasoline",,,"dealership","[PREMIUM]","Mobile","AL","[PREMIUM]",,"[]",,,"[PREMIUM]"
"4dc966c4-45b2-44eb-a05c-b9abfdddbea9","2026-04-08 23:37:07.130","2026-04-08 23:37:07.130","4dc966c4-45b2-44eb-a05c-b9abfdddbea9","[PREMIUM]","Used",2019,"Lexus","RX 350","Base","[PREMIUM]","[PREMIUM]",49894,"SUV","Matador Red Mica","Parchment","All-wheel Drive",,,"Gasoline",,,"dealership","[PREMIUM]","Lynnwood","WA","[PREMIUM]",,"[]",,,"[PREMIUM]"
"d01ccab7-a9d3-48d0-bce3-d65c68422b0e","2026-04-08 23:37:07.114","2026-04-11 23:38:03.971","d01ccab7-a9d3-48d0-bce3-d65c68422b0e","[PREMIUM]","Used",2019,"Toyota","Tundra","SR5","[PREMIUM]","[PREMIUM]",66418,"Truck","White","GRAY","Rear-wheel Drive",,,"Gasoline",,,"dealership","[PREMIUM]","Jackson","MS","[PREMIUM]",,"[]",,,"[PREMIUM]"
"dec607ab-530e-44bf-b93f-34f835dc399d","2026-04-08 23:37:07.111","2026-04-08 23:37:07.111","dec607ab-530e-44bf-b93f-34f835dc399d","[PREMIUM]","Used",2019,"Toyota","4Runner","Limited","[PREMIUM]","[PREMIUM]",62750,"SUV","Midnight Black Metallic","Black Graphite","Four-wheel Drive",,,"Gasoline",,,"dealership","[PREMIUM]","Cockeysville","MD","[PREMIUM]",,"[]",,,"[PREMIUM]"
"c53c944b-b3ef-442d-8b60-28f406361145","2026-04-08 23:37:07.109","2026-04-08 23:37:07.109","c53c944b-b3ef-442d-8b60-28f406361145","[PREMIUM]","Used",2019,"GMC","Sierra 1500","Denali","[PREMIUM]","[PREMIUM]",78022,"Truck","Pacific Blue Metallic","Jet Black","Four-wheel Drive",,,"Gasoline",,,"dealership","[PREMIUM]","Langhorne","PA","[PREMIUM]",,"[]",,,"[PREMIUM]"
"728ed6e2-bb6c-4884-b271-88c5c7a48982","2026-04-08 23:37:07.042","2026-04-11 23:38:03.922","728ed6e2-bb6c-4884-b271-88c5c7a48982","[PREMIUM]","Used",2025,"Nissan","Versa","1.6 SV","[PREMIUM]","[PREMIUM]",13,"Sedan","Not Specified","Graphite","Front-wheel Drive",,,"Gasoline",,,"dealership","[PREMIUM]","Yonkers","NY","[PREMIUM]",,"[]",,,"[PREMIUM]"
"dc9494d1-8cd7-4f05-a5cb-2f5229192deb","2026-04-08 23:36:56.863","2026-04-11 23:38:04.246","dc9494d1-8cd7-4f05-a5cb-2f5229192deb","[PREMIUM]","Used",2020,"Lexus","RX 350","Base","[PREMIUM]","[PREMIUM]",35133,"SUV","Nightfall Mica","Birch","Front-wheel Drive",,,"Gasoline",,,"dealership","[PREMIUM]","Cumming","GA","[PREMIUM]",,"[]",,,"[PREMIUM]"
"a1549205-cb04-4da6-bf3d-b314747eebaa","2026-04-08 23:36:26.623","2026-04-11 23:37:52.872","a1549205-cb04-4da6-bf3d-b314747eebaa","[PREMIUM]","Used",2020,"Audi","SQ5","3.0T Prestige","[PREMIUM]","[PREMIUM]",24925,"SUV","Matador Red Metallic","Black","All-wheel Drive",,,"Gasoline",,,"dealership","[PREMIUM]","Torrance","CA","[PREMIUM]",,"[]",,,"[PREMIUM]"
"2fd8edcc-f6b0-456e-9708-861ecbc9b9c9","2026-04-08 23:36:26.564","2026-04-08 23:36:26.564","2fd8edcc-f6b0-456e-9708-861ecbc9b9c9","[PREMIUM]","Used",2021,"Lincoln","Navigator","Black Label","[PREMIUM]","[PREMIUM]",103366,"SUV","Chroma Molten Gold","Alpine","Four-wheel Drive",,,"Gasoline",,,"dealership","[PREMIUM]","Grand Rapids","MI","[PREMIUM]",,"[]",,,"[PREMIUM]"
"6d66a777-f9c8-4731-b8af-35d7a9e6578a","2026-04-08 23:36:16.388","2026-04-08 23:36:16.388","6d66a777-f9c8-4731-b8af-35d7a9e6578a","[PREMIUM]","Used",2008,"Toyota","Tundra","SR5","[PREMIUM]","[PREMIUM]",151783,"Truck","Nautical Blue Metallic","Graphite","Rear-wheel Drive",,,"Gasoline",,,"dealership","[PREMIUM]","Bucyrus","OH","[PREMIUM]",,"[]",,,"[PREMIUM]"
"bfb6c1e9-9e91-4a14-ab82-60518f2921f7","2026-04-08 23:36:06.387","2026-04-11 23:37:53.134","bfb6c1e9-9e91-4a14-ab82-60518f2921f7","[PREMIUM]","Used",2021,"BMW","X5","xDrive40i","[PREMIUM]","[PREMIUM]",40450,"SUV","Alpine White","Ivory White","All-wheel Drive",,,"Gasoline",,,"dealership","[PREMIUM]","West Chester","PA","[PREMIUM]",,"[]",,,"[PREMIUM]"
"88d74541-05cd-49a5-a195-f46f43ea2f1e","2026-04-08 23:36:06.304","2026-04-08 23:36:06.304","88d74541-05cd-49a5-a195-f46f43ea2f1e","[PREMIUM]","Used",2010,"Toyota","Prius","One","[PREMIUM]","[PREMIUM]",114991,"Hatchback","Classic Silver Metallic","Dark Gray","Front Wheel Drive",,,"Regular unleaded",,,"dealership","[PREMIUM]","Blair","NE","[PREMIUM]",,"[]",,,"[PREMIUM]"
"b72aedb8-43d8-4b5a-8a44-026620d0128f","2026-04-08 23:36:06.259","2026-04-11 23:38:03.879","b72aedb8-43d8-4b5a-8a44-026620d0128f","[PREMIUM]","Used",2010,"INFINITI","G37","Journey","[PREMIUM]","[PREMIUM]",94308,"Sedan","Blue Slate","Wheat","Rear-wheel Drive",,,"Gasoline",,,"dealership","[PREMIUM]","Alpharetta","GA","[PREMIUM]",,"[]",,,"[PREMIUM]"
"aecdffd7-9993-4883-8bd9-9f95f0b1e4c8","2026-04-08 23:35:55.903","2026-04-08 23:35:55.903","aecdffd7-9993-4883-8bd9-9f95f0b1e4c8","[PREMIUM]","Used",2011,"INFINITI","G37","Journey","[PREMIUM]","[PREMIUM]",118360,"Coupe","Graphite Shadow","Stone","Rear-wheel Drive",,,"Gasoline",,,"dealership","[PREMIUM]","Montgomery","AL","[PREMIUM]",,"[]",,,"[PREMIUM]"
"131cdb33-19f0-4604-9bb5-58183043c7da","2026-04-08 23:35:55.827","2026-04-08 23:35:55.827","131cdb33-19f0-4604-9bb5-58183043c7da","[PREMIUM]","Used",2017,"Toyota","Tacoma","TRD Off Road","[PREMIUM]","[PREMIUM]",124438,"Truck","Super White","Graphite","Four-wheel Drive",,,"Gasoline",,,"dealership","[PREMIUM]","Charles City","IA","[PREMIUM]",,"[]",,,"[PREMIUM]"
"8f704b88-ed3f-46b0-a972-3aa13b6812ec","2026-04-08 23:35:55.783","2026-04-08 23:35:55.783","8f704b88-ed3f-46b0-a972-3aa13b6812ec","[PREMIUM]","Used",2011,"Volkswagen","Touareg","VR6","[PREMIUM]","[PREMIUM]",125896,"SUV","Campanella White","Black Anthracite","All-wheel Drive",,,"Gasoline",,,"dealership","[PREMIUM]","Westbury","NY","[PREMIUM]",,"[]",,,"[PREMIUM]"
"4ab8fbcd-5c69-4574-b74e-8f26194978e5","2026-04-08 23:35:45.467","2026-04-08 23:35:45.467","4ab8fbcd-5c69-4574-b74e-8f26194978e5","[PREMIUM]","Used",2012,"Toyota","Camry","LE","[PREMIUM]","[PREMIUM]",76073,"Sedan","Gold","Ivory","Front-wheel Drive",,,"Gasoline",,,"dealership","[PREMIUM]","Columbus","OH","[PREMIUM]",,"[]",,,"[PREMIUM]"
"f432481d-2447-4834-9341-98ee523fbbb2","2026-04-08 23:35:25.177","2026-04-11 23:37:52.189","f432481d-2447-4834-9341-98ee523fbbb2","[PREMIUM]","Used",2013,"Mazda","Mazda3","i Grand Touring","[PREMIUM]","[PREMIUM]",73878,"Hatchback","Liquid Silver Metallic","Black","Front-wheel Drive",,,"Gasoline",,,"dealership","[PREMIUM]","Louisville","KY","[PREMIUM]",,"[]",,,"[PREMIUM]"
"a6f69099-f020-4542-b0ae-283728df5b2a","2026-04-08 23:35:25.074","2026-04-08 23:35:25.074","a6f69099-f020-4542-b0ae-283728df5b2a","[PREMIUM]","Used",2021,"GMC","Sierra 2500","SLE","[PREMIUM]","[PREMIUM]",99026,"Truck","Summit White","Black","Four-wheel Drive",,,"Gasoline",,,"dealership","[PREMIUM]","Highland","MI","[PREMIUM]",,"[]",,,"[PREMIUM]"
"3b4c8f3c-0700-4930-9225-c0f4057d45a0","2026-04-08 23:35:25.071","2026-04-08 23:35:25.071","3b4c8f3c-0700-4930-9225-c0f4057d45a0","[PREMIUM]","Used",2021,"Chevrolet","Tahoe","LT","[PREMIUM]","[PREMIUM]",101982,"SUV","Summit White","Jet Black","Four-wheel Drive",,,"Gasoline",,,"dealership","[PREMIUM]","Albuquerque","NM","[PREMIUM]",,"[]",,,"[PREMIUM]"
"3aa75ed1-2833-4d21-8cd8-4c467f9790a7","2026-04-08 23:35:25.056","2026-04-11 23:37:52.103","3aa75ed1-2833-4d21-8cd8-4c467f9790a7","[PREMIUM]","Used",2019,"Lincoln","Nautilus","Reserve","[PREMIUM]","[PREMIUM]",22116,"SUV","Burgundy","CREAM","Four-wheel Drive",,,"Gasoline",,,"dealership","[PREMIUM]","Oceanside","CA","[PREMIUM]",,"[]",,,"[PREMIUM]"
"b6b58cdb-9abe-4084-8a35-7046fa792a27","2026-04-08 23:35:14.744","2026-04-08 23:35:14.744","b6b58cdb-9abe-4084-8a35-7046fa792a27","[PREMIUM]","Used",2021,"RAM","1500","Laramie","[PREMIUM]","[PREMIUM]",68887,"Truck","Bright White Clearcoat","Black","Four-wheel Drive",,,"Gasoline",,,"dealership","[PREMIUM]","Sykesville","MD","[PREMIUM]",,"[]",,,"[PREMIUM]"
"d0f6d9bd-2be7-43b8-a267-47a00c52bdd3","2026-04-08 23:35:14.729","2026-04-14 23:38:07.322","d0f6d9bd-2be7-43b8-a267-47a00c52bdd3","[PREMIUM]","Used",2021,"Toyota","4Runner","SR5 Premium","[PREMIUM]","[PREMIUM]",42834,"SUV","Barcelona Red Metallic","Black / Graphite","Rear-wheel Drive",,,"Gasoline",,,"dealership","[PREMIUM]","Dallas","TX","[PREMIUM]",,"[]",,,"[PREMIUM]"
"db9085f4-5770-4620-aa34-c538ef3d0c18","2026-04-08 23:35:14.684","2026-04-11 23:37:41.407","db9085f4-5770-4620-aa34-c538ef3d0c18","[PREMIUM]","Used",2013,"INFINITI","G37","Journey","[PREMIUM]","[PREMIUM]",63672,"Sedan","Black","Black","Rear-wheel Drive",,,"Gasoline",,,"dealership","[PREMIUM]","Holiday","FL","[PREMIUM]",,"[]",,,"[PREMIUM]"
"4d1edc3f-5ef7-4038-b299-2e33b4ffeb00","2026-04-08 23:35:04.275","2026-04-08 23:35:04.275","4d1edc3f-5ef7-4038-b299-2e33b4ffeb00","[PREMIUM]","Used",2013,"MINI","Paceman","Cooper S ALL4","[PREMIUM]","[PREMIUM]",91649,"SUV","Light White",,"All-wheel Drive",,,"Gasoline",,,"dealership","[PREMIUM]","Aurora","CO","[PREMIUM]",,"[]",,,"[PREMIUM]"
"356b49b9-15e2-45bc-b7ca-00066e9d331f","2026-04-08 23:34:34.047","2026-04-08 23:34:34.047","356b49b9-15e2-45bc-b7ca-00066e9d331f","[PREMIUM]","Used",2021,"Toyota","RAV4 Prime","SE","[PREMIUM]","[PREMIUM]",90622,"SUV","Super White","Black","All-wheel Drive",,,"Gasoline",,,"dealership","[PREMIUM]","Benton Harbor","MI","[PREMIUM]",,"[]",,,"[PREMIUM]"
"40f812ef-7865-45f2-aef2-ea921109ede1","2026-04-08 23:34:33.960","2026-04-08 23:34:33.960","40f812ef-7865-45f2-aef2-ea921109ede1","[PREMIUM]","Used",2014,"Honda","Civic","LX","[PREMIUM]","[PREMIUM]",78547,"Coupe","Crystal Black Pearl","Black","Front-wheel Drive",,,"Gasoline",,,"dealership","[PREMIUM]","Columbus","OH","[PREMIUM]",,"[]",,,"[PREMIUM]"
"7f38b897-acdb-4845-9aa0-bbd3dc9fb0cd","2026-04-08 23:34:33.925","2026-04-14 23:38:07.276","7f38b897-acdb-4845-9aa0-bbd3dc9fb0cd","[PREMIUM]","Used",2022,"Polestar","2","Long range Dual motor - AWD - Pilot","[PREMIUM]","[PREMIUM]",9464,"Hatchback","Midnight","Charcoal Embossed Textile with 3D Etched deco","All-wheel Drive",,,"Electric",,,"dealership","[PREMIUM]","Westport","CT","[PREMIUM]",,"[]",,,"[PREMIUM]"
"625c58df-4265-4521-b319-81b329e4e74b","2026-04-08 23:34:23.680","2026-04-11 23:37:41.261","625c58df-4265-4521-b319-81b329e4e74b","[PREMIUM]","Used",2023,"GMC","Terrain","SLT","[PREMIUM]","[PREMIUM]",27402,"SUV","White","BLACK","Four-wheel Drive",,,"Gasoline",,,"dealership","[PREMIUM]","Algonquin","IL","[PREMIUM]",,"[]",,,"[PREMIUM]"
"613d88e9-d7f2-44e4-a60b-53a3a6868768","2026-04-08 23:34:13.735","2026-04-11 23:37:41.346","613d88e9-d7f2-44e4-a60b-53a3a6868768","[PREMIUM]","Used",2022,"Toyota","Highlander","XLE","[PREMIUM]","[PREMIUM]",34138,"SUV","Gray","Graph","Front-wheel Drive",,,"Gasoline",,,"dealership","[PREMIUM]","Leesburg","FL","[PREMIUM]",,"[]",,,"[PREMIUM]"
"350a467a-7a83-4fbf-a960-0289cd374da6","2026-04-08 23:34:13.665","2026-04-11 23:37:41.274","350a467a-7a83-4fbf-a960-0289cd374da6","[PREMIUM]","Used",2022,"BMW","X5","xDrive40i","[PREMIUM]","[PREMIUM]",43731,"SUV","Mineral White Metallic","Ivory White","All-wheel Drive",,,"Gasoline",,,"dealership","[PREMIUM]","Danbury","CT","[PREMIUM]",,"[]",,,"[PREMIUM]"
"15f615fd-84ee-416f-83e1-0e076360bd0c","2026-04-08 23:34:13.614","2026-04-14 23:38:07.433","15f615fd-84ee-416f-83e1-0e076360bd0c","[PREMIUM]","Used",2023,"Audi","A5 Sportback","Premium","[PREMIUM]","[PREMIUM]",27833,"Hatchback","Mythos Black Metallic","Black","All-wheel Drive",,,"Gasoline",,,"dealership","[PREMIUM]","Ontario","CA","[PREMIUM]",,"[]",,,"[PREMIUM]"
"f20a9f5e-2dbc-4212-861f-5fb6543e0976","2026-04-08 23:34:13.612","2026-04-08 23:34:13.612","f20a9f5e-2dbc-4212-861f-5fb6543e0976","[PREMIUM]","Used",2021,"Lexus","ES 300h","Luxury","[PREMIUM]","[PREMIUM]",27386,"Sedan","White","BROWN","Rear-wheel Drive",,,"Hybrid",,,"dealership","[PREMIUM]","Inglewood","CA","[PREMIUM]",,"[]",,,"[PREMIUM]"
"6e3666c7-4975-4707-a663-2ad053c05c82","2026-04-08 23:33:43.287","2026-04-20 23:38:23.626","6e3666c7-4975-4707-a663-2ad053c05c82","[PREMIUM]","Used",2015,"Ford","Fusion","SE","[PREMIUM]","[PREMIUM]",90953,"Sedan","Deep Impact Blue","Charcoal Black","Front-wheel Drive",,,"Gasoline",,,"dealership","[PREMIUM]","Brighton","CO","[PREMIUM]",,"[]",,,"[PREMIUM]"
"8efdd387-c2ad-4988-abd5-218f453ba1f8","2026-04-08 23:33:43.275","2026-04-11 23:37:52.131","8efdd387-c2ad-4988-abd5-218f453ba1f8","[PREMIUM]","Used",2022,"Ford","Explorer","ST","[PREMIUM]","[PREMIUM]",37423,"SUV","White Metallic","Ebony","Four-wheel Drive",,,"Gasoline",,,"dealership","[PREMIUM]","Lexington","NC","[PREMIUM]",,"[]",,,"[PREMIUM]"
"2ca4af70-1a5c-404b-abf3-ef8e2c5ac715","2026-04-08 23:33:43.242","2026-04-08 23:33:43.242","2ca4af70-1a5c-404b-abf3-ef8e2c5ac715","[PREMIUM]","Used",2015,"Land Rover","Discovery Sport","HSE","[PREMIUM]","[PREMIUM]",104356,"SUV","Fuji White","Yulong White","All-wheel Drive",,,"Gasoline",,,"dealership","[PREMIUM]","Frisco","TX","[PREMIUM]",,"[]",,,"[PREMIUM]"
"2c84677e-4aa5-44ca-8d36-2d0925f13359","2026-04-08 23:33:43.190","2026-04-11 23:37:41.347","2c84677e-4aa5-44ca-8d36-2d0925f13359","[PREMIUM]","Used",2015,"Toyota","Prius","Two","[PREMIUM]","[PREMIUM]",155082,"Hatchback","Classic Silver Metallic","Misty Gray","Front-wheel Drive",,,"Hybrid",,,"dealership","[PREMIUM]","Norcross","GA","[PREMIUM]",,"[]",,,"[PREMIUM]"
"b0c25537-2a23-49f3-a632-1470643d01df","2026-04-08 23:33:32.941","2026-04-08 23:33:32.941","b0c25537-2a23-49f3-a632-1470643d01df","[PREMIUM]","Used",2015,"Jeep","Renegade","Latitude","[PREMIUM]","[PREMIUM]",138720,"SUV","Alpine White","Black","Front-wheel Drive",,,"Gasoline",,,"dealership","[PREMIUM]","Rockwall","TX","[PREMIUM]",,"[]",,,"[PREMIUM]"
"47621573-a9ed-41c7-b0f2-e8eab5f8bdaa","2026-04-08 23:33:32.925","2026-04-08 23:33:32.925","47621573-a9ed-41c7-b0f2-e8eab5f8bdaa","[PREMIUM]","Used",2022,"Mercedes-Benz","GLC 300","4MATIC","[PREMIUM]","[PREMIUM]",18516,"SUV","Black","Black","All-wheel Drive",,,"Gasoline",,,"dealership","[PREMIUM]","Edison","NJ","[PREMIUM]",,"[]",,,"[PREMIUM]"
"243e6a2c-4cbe-42a4-9c5e-c918e6636108","2026-04-08 23:33:32.918","2026-04-11 23:37:41.291","243e6a2c-4cbe-42a4-9c5e-c918e6636108","[PREMIUM]","Used",2023,"Jeep","Wrangler 4xe","Rubicon","[PREMIUM]","[PREMIUM]",29995,"SUV","Silver Zynith Clearcoat","Dark Saddle / Black","Four-wheel Drive",,,"Hybrid",,,"dealership","[PREMIUM]","Millsboro","DE","[PREMIUM]",,"[]",,,"[PREMIUM]"
"11a24c75-d154-451d-9344-b1043ee85559","2026-04-08 23:33:32.874","2026-04-08 23:33:32.874","11a24c75-d154-451d-9344-b1043ee85559","[PREMIUM]","Used",2023,"Hyundai","SANTA FE","Calligraphy","[PREMIUM]","[PREMIUM]",45797,"SUV","Black","BLACK","Four-wheel Drive",,,"Gasoline",,,"dealership","[PREMIUM]","Tampa","FL","[PREMIUM]",,"[]",,,"[PREMIUM]"
"8aa61775-b491-424b-9606-191f9509561a","2026-04-08 23:33:32.874","2026-04-08 23:33:32.874","8aa61775-b491-424b-9606-191f9509561a","[PREMIUM]","Used",2015,"INFINITI","Q50","Sport","[PREMIUM]","[PREMIUM]",142956,"Sedan","Black","Gray","All-wheel Drive",,,"Gasoline",,,"dealership","[PREMIUM]","Carlstadt","NJ","[PREMIUM]",,"[]",,,"[PREMIUM]"
"d8225675-c471-439c-92e5-527f876bf764","2026-04-08 23:33:32.867","2026-04-08 23:33:32.867","d8225675-c471-439c-92e5-527f876bf764","[PREMIUM]","Used",2022,"Toyota","RAV4 Hybrid","XLE Premium","[PREMIUM]","[PREMIUM]",20098,"SUV","Red","GRAY","Four-wheel Drive",,,"Hybrid",,,"dealership","[PREMIUM]","Nashville","TN","[PREMIUM]",,"[]",,,"[PREMIUM]"
"2ed3f6ae-8374-4ea6-8f62-83ae1a2f1a85","2026-04-08 23:33:32.837","2026-04-14 23:38:07.181","2ed3f6ae-8374-4ea6-8f62-83ae1a2f1a85","[PREMIUM]","New",2026,"Nissan","Sentra","SV","[PREMIUM]","[PREMIUM]",4,"Sedan","Fresh Powder","Charcoal","Front-wheel Drive",,,"Gasoline",,,"dealership","[PREMIUM]","Mesquite","TX","[PREMIUM]",,"[]",,,"[PREMIUM]"
"1c8d5f23-c7b8-4816-8cd0-5fe7ad1daa43","2026-04-08 23:33:22.640","2026-04-08 23:33:22.640","1c8d5f23-c7b8-4816-8cd0-5fe7ad1daa43","[PREMIUM]","Used",2023,"Toyota","Tacoma","TRD Sport","[PREMIUM]","[PREMIUM]",34462,"Truck","Ice Cap","Cement","Four-wheel Drive",,,"Gasoline",,,"dealership","[PREMIUM]","Reno","NV","[PREMIUM]",,"[]",,,"[PREMIUM]"
"b38e5454-f7ed-465d-9b08-875f7df7f500","2026-04-08 23:33:22.591","2026-04-11 23:37:30.557","b38e5454-f7ed-465d-9b08-875f7df7f500","[PREMIUM]","Used",2023,"Dodge","Charger","SXT","[PREMIUM]","[PREMIUM]",43847,"Sedan","Green","BLACK","Rear-wheel Drive",,,"Gasoline",,,"dealership","[PREMIUM]","Oxnard","CA","[PREMIUM]",,"[]",,,"[PREMIUM]"
"30a00eb1-ad76-4e0b-b074-c207d761aba9","2026-04-08 23:33:22.579","2026-04-08 23:33:22.579","30a00eb1-ad76-4e0b-b074-c207d761aba9","[PREMIUM]","Used",2015,"Kia","Sportage","LX","[PREMIUM]","[PREMIUM]",102556,"SUV","Mineral Silver","Black","All-wheel Drive",,,"Gasoline",,,"dealership","[PREMIUM]","Greenfield","WI","[PREMIUM]",,"[]",,,"[PREMIUM]"
"a715b1f1-7f8b-45ec-835b-9a05fb5e46e4","2026-04-08 23:33:22.562","2026-04-08 23:33:22.562","a715b1f1-7f8b-45ec-835b-9a05fb5e46e4","[PREMIUM]","Used",2023,"Honda","Ridgeline","Black","[PREMIUM]","[PREMIUM]",51189,"Truck","Crystal Black Pearl","Black","All-wheel Drive",,,"Gasoline",,,"dealership","[PREMIUM]","West Harrison","IN","[PREMIUM]",,"[]",,,"[PREMIUM]"
"f1ec39de-d051-440d-a26a-7c990efec77d","2026-04-08 23:33:22.562","2026-04-08 23:33:22.562","f1ec39de-d051-440d-a26a-7c990efec77d","[PREMIUM]","Used",2015,"Hyundai","ELANTRA","SE","[PREMIUM]","[PREMIUM]",130507,"Sedan","Desert Bronze","Black","Front-wheel Drive",,,"Gasoline",,,"dealership","[PREMIUM]","Dayton","OH","[PREMIUM]",,"[]",,,"[PREMIUM]"
"f8b41ee6-ce71-4a50-bb80-c38f79e92091","2026-04-08 23:33:22.559","2026-04-14 23:38:07.188","f8b41ee6-ce71-4a50-bb80-c38f79e92091","[PREMIUM]","Used",2023,"Toyota","Tundra","SR5","[PREMIUM]","[PREMIUM]",53927,"Truck","Army Green","Boulder","Rear-wheel Drive",,,"Gasoline",,,"dealership","[PREMIUM]","San Antonio","TX","[PREMIUM]",,"[]",,,"[PREMIUM]"
"f3cb3327-cf61-4b3b-9dd1-021aaf195a99","2026-04-08 23:33:22.557","2026-04-08 23:33:22.557","f3cb3327-cf61-4b3b-9dd1-021aaf195a99","[PREMIUM]","Used",2023,"Ford","F-150","XL","[PREMIUM]","[PREMIUM]",52683,"Truck","CARBONIZED GRAY METALLIC","BLACK SPORT CLOTH40/CON/40","Four-wheel Drive",,,"Gasoline",,,"dealership","[PREMIUM]","Oracle","AZ","[PREMIUM]",,"[]",,,"[PREMIUM]"
"620a51e0-71dc-4cb8-8565-a615514451a6","2026-04-08 23:33:22.550","2026-04-08 23:33:22.550","620a51e0-71dc-4cb8-8565-a615514451a6","[PREMIUM]","Used",2023,"Chevrolet","Silverado 1500","LT","[PREMIUM]","[PREMIUM]",57729,"Truck","Dark Ash Metallic","Jet Black","Four-wheel Drive",,,"Gasoline",,,"dealership","[PREMIUM]","Golden","CO","[PREMIUM]",,"[]",,,"[PREMIUM]"
"ffb431a0-bae0-49e5-8f39-7c85c197d78b","2026-04-08 23:33:22.532","2026-04-08 23:33:22.532","ffb431a0-bae0-49e5-8f39-7c85c197d78b","[PREMIUM]","Used",2015,"Kia","Optima","LX","[PREMIUM]","[PREMIUM]",107431,"Sedan","Titanium Silver","Gray","Front-wheel Drive",,,"Gasoline",,,"dealership","[PREMIUM]","Columbus","OH","[PREMIUM]",,"[]",,,"[PREMIUM]"
"283b6802-e798-4de9-947a-e1ea1c4e3455","2026-04-08 23:33:22.525","2026-04-11 23:37:41.267","283b6802-e798-4de9-947a-e1ea1c4e3455","[PREMIUM]","Used",2015,"Chevrolet","Traverse","2LT","[PREMIUM]","[PREMIUM]",142302,"SUV","Tungsten Metallic","Ebony","All-wheel Drive",,,"Gasoline",,,"dealership","[PREMIUM]","Cincinnati","OH","[PREMIUM]",,"[]",,,"[PREMIUM]"
"d00d793d-ba9a-46de-8b56-549d77858026","2026-04-08 23:33:22.489","2026-04-08 23:33:22.489","d00d793d-ba9a-46de-8b56-549d77858026","[PREMIUM]","Used",2023,"Toyota","GR Corolla","Circuit Edition","[PREMIUM]","[PREMIUM]",32553,"Hatchback","Ice","Red","All-wheel Drive",,,"Gasoline",,,"dealership","[PREMIUM]","Morganton","NC","[PREMIUM]",,"[]",,,"[PREMIUM]"
"57a976ed-5fe2-4335-b577-ddaec671542b","2026-04-08 23:33:11.923","2026-04-08 23:33:11.923","57a976ed-5fe2-4335-b577-ddaec671542b","[PREMIUM]","Used",2016,"Kia","Optima","LX","[PREMIUM]","[PREMIUM]",110026,"Sedan","Snow White Pearl","Beige","Front-wheel Drive",,,"Gasoline",,,"dealership","[PREMIUM]","Raleigh","NC","[PREMIUM]",,"[]",,,"[PREMIUM]"
"d175c6de-5fd4-4f82-ba1b-987e06c6bcaa","2026-04-08 23:33:01.817","2026-04-17 23:38:20.510","d175c6de-5fd4-4f82-ba1b-987e06c6bcaa","[PREMIUM]","Used",2016,"Kia","Rio","LX","[PREMIUM]","[PREMIUM]",129184,"Hatchback","Digital Yellow","Black","Front-wheel Drive",,,"Gasoline",,,"dealership","[PREMIUM]","mount vernon","WA","[PREMIUM]",,"[]",,,"[PREMIUM]"
"99d70ce9-ffdc-4f69-b09f-c8eb02c66104","2026-04-08 23:33:01.777","2026-04-08 23:33:01.777","99d70ce9-ffdc-4f69-b09f-c8eb02c66104","[PREMIUM]","Used",2017,"Ford","Escape","SE","[PREMIUM]","[PREMIUM]",83500,"SUV","White","Beige","Front-wheel Drive",,,"Gasoline",,,"private","[PREMIUM]",,,"[PREMIUM]",,"[]",,,"[PREMIUM]"
"a5d93250-5541-4af3-8333-7dbbdaa1d6c4","2026-04-08 23:33:01.777","2026-04-08 23:33:01.777","a5d93250-5541-4af3-8333-7dbbdaa1d6c4","[PREMIUM]","Used",2016,"Chrysler","200","Limited","[PREMIUM]","[PREMIUM]",90113,"Sedan","Billet Silver Metallic Clearcoat","Black","Front-wheel Drive",,,"Gasoline",,,"dealership","[PREMIUM]","Boerne","TX","[PREMIUM]",,"[]",,,"[PREMIUM]"
"9c1e6f44-4e58-4fb7-b394-6d03dd9885cb","2026-04-08 23:32:51.760","2026-04-08 23:32:51.760","9c1e6f44-4e58-4fb7-b394-6d03dd9885cb","[PREMIUM]","Used",2017,"Chevrolet","Volt","Premier","[PREMIUM]","[PREMIUM]",75990,"Hatchback",,,"Front-wheel Drive",,,"Gasoline",,,"dealership","[PREMIUM]","Holiday","FL","[PREMIUM]",,"[]",,,"[PREMIUM]"
"a306406f-90d1-4f47-ab8a-2baaeca8300b","2026-04-08 23:32:51.756","2026-04-08 23:32:51.756","a306406f-90d1-4f47-ab8a-2baaeca8300b","[PREMIUM]","Used",2017,"Chevrolet","Malibu","Premier","[PREMIUM]","[PREMIUM]",134491,"Sedan","Blue Velvet Metallic","Jet Black","Front-wheel Drive",,,"Gasoline",,,"dealership","[PREMIUM]","Norcross","GA","[PREMIUM]",,"[]",,,"[PREMIUM]"
"4151e47e-39c1-420f-8098-00faf35bd0ca","2026-04-08 23:32:51.755","2026-04-11 23:37:51.955","4151e47e-39c1-420f-8098-00faf35bd0ca","[PREMIUM]","Used",2023,"Toyota","Tacoma","TRD Sport","[PREMIUM]","[PREMIUM]",38418,"Truck","Black","Cement","Four-wheel Drive",,,"Gasoline",,,"dealership","[PREMIUM]","Jacksonville","NC","[PREMIUM]",,"[]",,,"[PREMIUM]"
"dfa05e14-3ded-4da3-a092-31d4c761cc7f","2026-04-08 23:32:51.755","2026-04-11 23:37:30.449","dfa05e14-3ded-4da3-a092-31d4c761cc7f","[PREMIUM]","Used",2018,"Hyundai","Santa Fe Sport","2.4L","[PREMIUM]","[PREMIUM]",158877,"SUV","Mineral Gray","Gray","Front-wheel Drive",,,"Gasoline",,,"dealership","[PREMIUM]","Norfolk","VA","[PREMIUM]",,"[]",,,"[PREMIUM]"
"62bd05ef-a72d-4fba-9393-0dff6ae9ecba","2026-04-08 23:32:51.754","2026-04-08 23:32:51.754","62bd05ef-a72d-4fba-9393-0dff6ae9ecba","[PREMIUM]","Used",2017,"Hyundai","SONATA","Sport","[PREMIUM]","[PREMIUM]",94902,"Sedan","White","Tan","Front-wheel Drive",,,"Gasoline",,,"dealership","[PREMIUM]","Charlotte","NC","[PREMIUM]",,"[]",,,"[PREMIUM]"
"d8d08db9-6aa3-4888-ab69-2b3fe7d3d8df","2026-04-08 23:32:51.588","2026-04-08 23:32:51.588","d8d08db9-6aa3-4888-ab69-2b3fe7d3d8df","[PREMIUM]","Used",2017,"Kia","Rio","LX","[PREMIUM]","[PREMIUM]",94559,"Hatchback","Silver","BLACK","Rear-wheel Drive",,,"Gasoline",,,"dealership","[PREMIUM]","Santa Rosa","CA","[PREMIUM]",,"[]",,,"[PREMIUM]"
"7514acd0-c2f4-4716-b643-24daeeefd006","2026-04-08 23:32:41.173","2026-04-08 23:32:41.173","7514acd0-c2f4-4716-b643-24daeeefd006","[PREMIUM]","Used",2019,"Kia","Optima","LX","[PREMIUM]","[PREMIUM]",98110,"Sedan","Snow White Pearl","Black","Front-wheel Drive",,,"Gasoline",,,"dealership","[PREMIUM]","Sanford","FL","[PREMIUM]",,"[]",,,"[PREMIUM]"
"a1df0868-cdbe-451e-8b59-1b72bc95c7ae","2026-04-08 23:32:41.122","2026-04-14 23:33:12.438","a1df0868-cdbe-451e-8b59-1b72bc95c7ae","[PREMIUM]","Used",2023,"Ford","F-150","XLT","[PREMIUM]","[PREMIUM]",47140,"Truck","Silver Metallic","Black","Four-wheel Drive",,,"Gasoline",,,"dealership","[PREMIUM]","Apple Valley","MN","[PREMIUM]",,"[]",,,"[PREMIUM]"
"665e3ce1-97ec-47f7-9daa-87bb2381141e","2026-04-08 23:32:41.117","2026-04-08 23:32:41.117","665e3ce1-97ec-47f7-9daa-87bb2381141e","[PREMIUM]","Used",2023,"RAM","1500","Big Horn/Lone Star","[PREMIUM]","[PREMIUM]",35256,"Truck","Diamond Black Crystal Pearlcoat","Diesel Gray/Black","Four-wheel Drive",,,"Gasoline",,,"dealership","[PREMIUM]","Garrettsville","OH","[PREMIUM]",,"[]",,,"[PREMIUM]"
"534f4c92-79db-40e8-9b66-f434bb498417","2026-04-08 23:32:41.107","2026-04-11 23:34:20.969","534f4c92-79db-40e8-9b66-f434bb498417","[PREMIUM]","Used",2019,"Hyundai","ELANTRA","SE","[PREMIUM]","[PREMIUM]",109710,"Sedan","Quartz White Pearl","Black","Front-wheel Drive",,,"Gasoline",,,"dealership","[PREMIUM]","Kyle","TX","[PREMIUM]",,"[]",,,"[PREMIUM]"
"cf4d7486-16ef-4ca3-829b-a4a14adff4ce","2026-04-08 23:32:41.061","2026-04-11 23:34:20.866","cf4d7486-16ef-4ca3-829b-a4a14adff4ce","[PREMIUM]","Used",2023,"Audi","A4 allroad","45 Premium Plus","[PREMIUM]","[PREMIUM]",67119,"Wagon","Florett Silver Metallic","Black","All-wheel Drive",,,"Gasoline",,,"dealership","[PREMIUM]","Southfield","MI","[PREMIUM]",,"[]",,,"[PREMIUM]"
"a5fa8346-135c-45df-b5d7-a8c496f0d220","2026-04-08 23:31:50.799","2026-04-08 23:31:50.799","a5fa8346-135c-45df-b5d7-a8c496f0d220","[PREMIUM]","Used",2003,"Jaguar","S-Type","4.2","[PREMIUM]","[PREMIUM]",104110,"Sedan","Platinum","Ivory","Rear-wheel Drive",,,"Gasoline",,,"dealership","[PREMIUM]","Naperville","IL","[PREMIUM]",,"[]",,,"[PREMIUM]"
"50699999-31ca-48a1-9bdb-037f17ad804a","2026-04-08 23:31:40.705","2026-04-11 23:31:54.369","50699999-31ca-48a1-9bdb-037f17ad804a","[PREMIUM]","Used",2023,"Chevrolet","Traverse","Premier","[PREMIUM]","[PREMIUM]",30925,"SUV","Summit White","Jet Black","All-wheel Drive",,,"Gasoline",,,"dealership","[PREMIUM]","Burlington","WI","[PREMIUM]",,"[]",,,"[PREMIUM]"
"92b943b4-58cb-47fe-b079-d65defb02e85","2026-04-08 23:31:40.627","2026-04-14 23:32:11.649","92b943b4-58cb-47fe-b079-d65defb02e85","[PREMIUM]","Used",2023,"Maserati","Levante","Modena","[PREMIUM]","[PREMIUM]",39596,"SUV","Grigio Maratea Metallic","Black","All-wheel Drive",,,"Gasoline",,,"dealership","[PREMIUM]","Palmetto Bay","FL","[PREMIUM]",,"[]",,,"[PREMIUM]"
"94aa0fbd-afc3-4c26-a5b1-366074ff5f07","2026-04-08 23:31:40.624","2026-04-11 23:31:54.353","94aa0fbd-afc3-4c26-a5b1-366074ff5f07","[PREMIUM]","Used",2023,"Honda","Passport","AWD Elite","[PREMIUM]","[PREMIUM]",37971,"SUV","Platinum White","Black","All-wheel Drive",,,"Gasoline",,,"dealership","[PREMIUM]","Kalispell","MT","[PREMIUM]",,"[]",,,"[PREMIUM]"
"029cb17b-4219-4b96-b259-98f06dbe1d09","2026-04-08 23:31:30.497","2026-04-11 23:31:43.959","029cb17b-4219-4b96-b259-98f06dbe1d09","[PREMIUM]","Used",2023,"Kia","Telluride","SX X-Line","[PREMIUM]","[PREMIUM]",38435,"SUV","Gravity Gray","Black","All-wheel Drive",,,"Gasoline",,,"dealership","[PREMIUM]","Dublin","CA","[PREMIUM]",,"[]",,,"[PREMIUM]"
"1914c641-324f-4979-97dc-10614587686f","2026-04-08 23:31:30.399","2026-04-08 23:31:30.399","1914c641-324f-4979-97dc-10614587686f","[PREMIUM]","Used",2004,"Mazda","RX-8","Sport Automatic","[PREMIUM]","[PREMIUM]",74712,"Coupe","Sunlight Silver Metallic","Black","Rear-wheel Drive",,,"Gasoline",,,"dealership","[PREMIUM]","Manassas","VA","[PREMIUM]",,"[]",,,"[PREMIUM]"
"46da3a52-874c-4ee9-b6c3-755fb03b8ebd","2026-04-08 23:31:20.251","2026-04-11 23:31:33.854","46da3a52-874c-4ee9-b6c3-755fb03b8ebd","[PREMIUM]","Used",2023,"Kia","Telluride","EX","[PREMIUM]","[PREMIUM]",31089,"SUV","Midnight Lake Blue","Gray","All-wheel Drive",,,"Gasoline",,,"dealership","[PREMIUM]","Marlborough","MA","[PREMIUM]",,"[]",,,"[PREMIUM]"
"eef27eaf-dbef-4f7a-a574-2e36f6a4b7e3","2026-04-08 23:31:20.212","2026-04-08 23:31:20.212","eef27eaf-dbef-4f7a-a574-2e36f6a4b7e3","[PREMIUM]","Used",2023,"Honda","Odyssey","Sport","[PREMIUM]","[PREMIUM]",40473,"Passenger Van","Platinum White Pearl","Black","Front-wheel Drive",,,"Gasoline",,,"dealership","[PREMIUM]","Schenectady","NY","[PREMIUM]",,"[]",,,"[PREMIUM]"
"49b4d317-dbe7-4c66-a4e3-3c542c48f40b","2026-04-08 23:31:20.190","2026-04-08 23:31:20.190","49b4d317-dbe7-4c66-a4e3-3c542c48f40b","[PREMIUM]","Used",2023,"Genesis","GV80","3.5T","[PREMIUM]","[PREMIUM]",75258,"SUV","Vik Black","Brown/Beige","All-wheel Drive",,,"Gasoline",,,"dealership","[PREMIUM]","Cape Coral","FL","[PREMIUM]",,"[]",,,"[PREMIUM]"
"bad6f8e6-1719-46c0-9836-9306e9f9c97b","2026-04-08 23:30:39.864","2026-04-08 23:30:39.864","bad6f8e6-1719-46c0-9836-9306e9f9c97b","[PREMIUM]","Used",2007,"Toyota","Avalon","XLS","[PREMIUM]","[PREMIUM]",184567,"Sedan","Blue","Gray","Front-wheel Drive",,,"Gasoline",,,"dealership","[PREMIUM]","Norfolk","VA","[PREMIUM]",,"[]",,,"[PREMIUM]"
"9f0d46d2-d521-47dd-9764-3def186753c0","2026-04-08 23:30:39.802","2026-04-08 23:30:39.802","9f0d46d2-d521-47dd-9764-3def186753c0","[PREMIUM]","Used",2023,"Nissan","Pathfinder","Platinum","[PREMIUM]","[PREMIUM]",31088,"SUV","Gray","BROWN","Rear-wheel Drive",,,"Gasoline",,,"dealership","[PREMIUM]","Houston","TX","[PREMIUM]",,"[]",,,"[PREMIUM]"
"9478b425-06d4-43ad-ab31-12d57c5311b0","2026-04-08 23:30:19.606","2026-04-08 23:30:19.606","9478b425-06d4-43ad-ab31-12d57c5311b0","[PREMIUM]","Used",2009,"Toyota","Corolla","S","[PREMIUM]","[PREMIUM]",163911,"Sedan","Black Sand Pearl","Dark Charcoal","Front-wheel Drive",,,"Gasoline",,,"dealership","[PREMIUM]","Mesa","AZ","[PREMIUM]",,"[]",,,"[PREMIUM]"
"3e87b3b9-1037-4d77-b5bc-5878b205636e","2026-04-08 23:30:19.603","2026-04-08 23:30:19.603","3e87b3b9-1037-4d77-b5bc-5878b205636e","[PREMIUM]","Used",2024,"Ford","Explorer","XLT","[PREMIUM]","[PREMIUM]",20308,"SUV","Iconic Silver Metallic","Ebony","Four-wheel Drive",,,"Gasoline",,,"dealership","[PREMIUM]","Robbinsville","NJ","[PREMIUM]",,"[]",,,"[PREMIUM]"
"8956c854-a65d-4a3f-b4d7-4d7a5a83386c","2026-04-08 23:30:09.404","2026-04-08 23:30:09.404","8956c854-a65d-4a3f-b4d7-4d7a5a83386c","[PREMIUM]","New",2026,"Honda","Civic","Sport","[PREMIUM]","[PREMIUM]",0,"Sedan","Meteorite Gray Metallic","Black","Front-wheel Drive",,,"Gasoline",,,"dealership","[PREMIUM]","Bay Shore","NY","[PREMIUM]",,"[]",,,"[PREMIUM]"
"98fe7023-77c3-48e2-9abe-104aa0ab4e75","2026-04-08 23:30:09.393","2026-04-11 23:30:22.050","98fe7023-77c3-48e2-9abe-104aa0ab4e75","[PREMIUM]","Used",2024,"Jeep","Grand Cherokee","Limited","[PREMIUM]","[PREMIUM]",30394,"SUV","Baltic Gray Metallic Clearcoat","Global Black","Four-wheel Drive",,,"Gasoline",,,"dealership","[PREMIUM]","POTTSVILLE","PA","[PREMIUM]",,"[]",,,"[PREMIUM]"
"812c6363-83ad-44ae-a2ae-2b1be4a217d5","2026-04-08 23:30:09.365","2026-04-08 23:30:09.365","812c6363-83ad-44ae-a2ae-2b1be4a217d5","[PREMIUM]","New",2027,"Chevrolet","Bolt","LT FWD","[PREMIUM]","[PREMIUM]",0,"SUV","Sterling Gray Metallic","Jet Black with Blue and Gray Stitching","Front-wheel Drive",,,"Electric",,,"dealership","[PREMIUM]","Santa Paula","CA","[PREMIUM]",,"[]",,,"[PREMIUM]"
"df0dc8da-53ce-498e-b98f-853370fea635","2026-04-08 23:29:59.024","2026-04-14 23:30:29.955","df0dc8da-53ce-498e-b98f-853370fea635","[PREMIUM]","Used",2024,"Toyota","Tacoma","SR5","[PREMIUM]","[PREMIUM]",2822,"Truck","Celestial Silver Metallic","Boulder","Four-wheel Drive",,,"Gasoline",,,"dealership","[PREMIUM]","Quakertown","PA","[PREMIUM]",,"[]",,,"[PREMIUM]"
"1d1b8c4d-927a-4e8c-bec6-9be9096303df","2026-04-08 23:29:58.975","2026-04-08 23:29:58.975","1d1b8c4d-927a-4e8c-bec6-9be9096303df","[PREMIUM]","Used",2024,"Acura","RDX","Base","[PREMIUM]","[PREMIUM]",28684,"SUV","Majestic Black Pearl","Ebony","All-wheel Drive",,,"Gasoline",,,"dealership","[PREMIUM]","Syracuse","NY","[PREMIUM]",,"[]",,,"[PREMIUM]"
"bb82d416-5e87-4f14-94aa-7952fd08c1ba","2026-04-08 23:29:48.921","2026-04-11 23:30:00.476","bb82d416-5e87-4f14-94aa-7952fd08c1ba","[PREMIUM]","Used",2010,"Hyundai","SANTA FE","GLS","[PREMIUM]","[PREMIUM]",97821,"SUV","Harbor Gray Metallic","Gray","Front-wheel Drive",,,"Gasoline",,,"dealership","[PREMIUM]","Wesley Chapel","FL","[PREMIUM]",,"[]",,,"[PREMIUM]"
"4429f17a-9ce4-463a-a247-b61c4ca7cba6","2026-04-08 23:29:38.691","2026-04-08 23:29:38.691","4429f17a-9ce4-463a-a247-b61c4ca7cba6","[PREMIUM]","Used",2011,"Jeep","Grand Cherokee","Laredo","[PREMIUM]","[PREMIUM]",161250,"SUV","Stone White","Dark Graystone / Medium Graystone","Rear-wheel Drive",,,"E85 Flex Fuel",,,"dealership","[PREMIUM]","Covington","LA","[PREMIUM]",,"[]",,,"[PREMIUM]"
"b659b1de-e215-4281-b52c-ff263051a87d","2026-04-08 23:29:18.465","2026-04-08 23:29:18.465","b659b1de-e215-4281-b52c-ff263051a87d","[PREMIUM]","Used",2024,"RAM","2500","Big Horn Crew Cab 4x4 6&#39;4&#39; Box","[PREMIUM]","[PREMIUM]",53556,"Truck","Diamond Black Crystal Pearlcoat","Diesel Gray/Black","Four-wheel Drive",,,"Gasoline",,,"dealership","[PREMIUM]","Greensboro","NC","[PREMIUM]",,"[]",,,"[PREMIUM]"
"15608613-5878-4776-acf2-5a60b4102d3b","2026-04-08 23:29:18.410","2026-04-11 23:29:40.237","15608613-5878-4776-acf2-5a60b4102d3b","[PREMIUM]","Used",2012,"Lincoln","MKX","Base","[PREMIUM]","[PREMIUM]",160000,"SUV","Beige","Beige","All-wheel Drive",,,"Gasoline",,,"private","[PREMIUM]",,,"[PREMIUM]",,"[]",,,"[PREMIUM]"
"3e9ed942-20f8-479b-a63c-968c4e49cd9d","2026-04-08 23:28:58.214","2026-04-08 23:28:58.214","3e9ed942-20f8-479b-a63c-968c4e49cd9d","[PREMIUM]","Used",2013,"Honda","Civic","LX","[PREMIUM]","[PREMIUM]",180384,"Sedan","Polished Metal Metallic","Gray","Front-wheel Drive",,,"Gasoline",,,"dealership","[PREMIUM]","Brighton","MI","[PREMIUM]",,"[]",,,"[PREMIUM]"
"6ae18437-8ed2-4497-bd22-33f12523335f","2026-04-08 23:28:58.101","2026-04-11 23:29:08.735","6ae18437-8ed2-4497-bd22-33f12523335f","[PREMIUM]","Used",2013,"Lincoln","MKZ","Base","[PREMIUM]","[PREMIUM]",100820,"Sedan","Tuxedo Black","Black","All-wheel Drive",,,"Gasoline",,,"dealership","[PREMIUM]","Burlington","NJ","[PREMIUM]",,"[]",,,"[PREMIUM]"
"e99e8803-c26f-4679-b2fc-754002bfb78f","2026-04-08 23:28:58.091","2026-04-08 23:28:58.091","e99e8803-c26f-4679-b2fc-754002bfb78f","[PREMIUM]","Used",2013,"Dodge","Journey","SXT","[PREMIUM]","[PREMIUM]",156738,"SUV","Brilliant Black Crystal Pearlcoat","Black","Front-wheel Drive",,,"Gasoline",,,"dealership","[PREMIUM]","Blue Springs","MO","[PREMIUM]",,"[]",,,"[PREMIUM]"
"ac731852-c266-4d25-95d8-25536d758bfa","2026-04-08 23:28:58.087","2026-04-08 23:28:58.087","ac731852-c266-4d25-95d8-25536d758bfa","[PREMIUM]","Used",2013,"INFINITI","G37","Journey","[PREMIUM]","[PREMIUM]",134904,"Sedan","Graphite Shadow","Black","Rear-wheel Drive",,,"Gasoline",,,"dealership","[PREMIUM]","Holiday","FL","[PREMIUM]",,"[]",,,"[PREMIUM]"
"520203d1-659b-4062-9f40-44f332933266","2026-04-08 23:28:37.980","2026-04-08 23:28:37.980","520203d1-659b-4062-9f40-44f332933266","[PREMIUM]","Used",2014,"Chevrolet","Cruze","1LT","[PREMIUM]","[PREMIUM]",95048,"Sedan","Black Granite Metallic","Jet Black","Front-wheel Drive",,,"Gasoline",,,"dealership","[PREMIUM]","Glendale","AZ","[PREMIUM]",,"[]",,,"[PREMIUM]"
"d8623140-c921-4944-9efb-dfc7685daa8c","2026-04-08 23:28:37.978","2026-04-08 23:28:37.978","d8623140-c921-4944-9efb-dfc7685daa8c","[PREMIUM]","Used",2014,"Jeep","Grand Cherokee","Limited","[PREMIUM]","[PREMIUM]",162028,"SUV","Gray","Black","Four-wheel Drive",,,"Diesel",,,"private","[PREMIUM]",,,"[PREMIUM]",,"[]",,,"[PREMIUM]"
"ad6032f7-6205-479e-b76f-6fbebb8a5aa4","2026-04-08 23:28:27.797","2026-04-08 23:28:27.797","ad6032f7-6205-479e-b76f-6fbebb8a5aa4","[PREMIUM]","Used",2015,"Ford","Flex","SEL","[PREMIUM]","[PREMIUM]",164421,"SUV","White","Dune","Front-wheel Drive",,,"Gasoline",,,"dealership","[PREMIUM]","Jacksonville","FL","[PREMIUM]",,"[]",,,"[PREMIUM]"
"b55e9ee8-5ec7-4716-9db6-3f9161b00b36","2026-04-08 23:28:17.436","2026-04-08 23:28:17.436","b55e9ee8-5ec7-4716-9db6-3f9161b00b36","[PREMIUM]","Used",2015,"RAM","1500","Tradesman/Express","[PREMIUM]","[PREMIUM]",385135,"Truck","Bright White Clearcoat","Diesel Gray/Black","Rear-wheel Drive",,,"Gasoline",,,"dealership","[PREMIUM]","Clanton","AL","[PREMIUM]",,"[]",,,"[PREMIUM]"
"6a963c33-86b0-443c-a8de-a2f2db9d0411","2026-04-08 23:28:17.414","2026-04-08 23:28:17.414","6a963c33-86b0-443c-a8de-a2f2db9d0411","[PREMIUM]","Used",2015,"Volkswagen","Jetta","2.0L S","[PREMIUM]","[PREMIUM]",115261,"Sedan","White","Black","Front-wheel Drive",,,"Gasoline",,,"private","[PREMIUM]",,,"[PREMIUM]",,"[]",,,"[PREMIUM]"
"97e06b4c-88ba-41c3-9d1a-563298053db3","2026-04-08 23:28:17.414","2026-04-08 23:28:17.414","97e06b4c-88ba-41c3-9d1a-563298053db3","[PREMIUM]","Used",2015,"BMW","X1","xDrive 28i","[PREMIUM]","[PREMIUM]",99600,"SUV","Mineral Gray Metallic","TAN","All-wheel Drive",,,"Gasoline",,,"dealership","[PREMIUM]","Eden Prairie","MN","[PREMIUM]",,"[]",,,"[PREMIUM]"
"d688965d-c438-4544-86ef-3f5713ea2207","2026-04-08 23:28:07.466","2026-04-08 23:28:07.466","d688965d-c438-4544-86ef-3f5713ea2207","[PREMIUM]","Used",2016,"Kia","Soul","Base","[PREMIUM]","[PREMIUM]",94394,"Wagon","Titanium Gray","Gray 2-Tone","Front-wheel Drive",,,"Gasoline",,,"dealership","[PREMIUM]","Holiday","FL","[PREMIUM]",,"[]",,,"[PREMIUM]"
"901f696c-a945-4f8b-af17-9dc56c5d7e7c","2026-04-08 23:28:07.168","2026-04-08 23:28:07.168","901f696c-a945-4f8b-af17-9dc56c5d7e7c","[PREMIUM]","Used",2016,"RAM","1500","Laramie","[PREMIUM]","[PREMIUM]",84548,"Truck","Delmonico Red Pearlcoat","Black","Four-wheel Drive",,,"Gasoline",,,"dealership","[PREMIUM]","Muncy","PA","[PREMIUM]",,"[]",,,"[PREMIUM]"
"72f91939-c0b7-4e04-83e0-355e5fd90c1e","2026-04-08 23:28:07.134","2026-04-08 23:28:07.134","72f91939-c0b7-4e04-83e0-355e5fd90c1e","[PREMIUM]","Used",2016,"Chevrolet","Cruze","LT Auto","[PREMIUM]","[PREMIUM]",169432,"Sedan","Silver Ice Metallic","Black","Front-wheel Drive",,,"Gasoline",,,"dealership","[PREMIUM]","Norfolk","VA","[PREMIUM]",,"[]",,,"[PREMIUM]"
"9c8d8bd2-a6da-4d45-a46c-141799f843b8","2026-04-08 23:27:57.034","2026-04-08 23:27:57.034","9c8d8bd2-a6da-4d45-a46c-141799f843b8","[PREMIUM]","Used",2017,"Nissan","Rogue Sport","SV","[PREMIUM]","[PREMIUM]",135541,"SUV","Black","Gray","Front-wheel Drive",,,"Gasoline",,,"dealership","[PREMIUM]","Phoenix","AZ","[PREMIUM]",,"[]",,,"[PREMIUM]"
"122009e8-2aa6-4722-8eeb-ee510f666a97","2026-04-08 23:27:56.891","2026-04-08 23:27:56.891","122009e8-2aa6-4722-8eeb-ee510f666a97","[PREMIUM]","Used",2024,"Toyota","RAV4 Hybrid","SE","[PREMIUM]","[PREMIUM]",50491,"SUV","Wind Chill Pearl/Midnight Black Metallic","Black","All-wheel Drive",,,"Hybrid",,,"dealership","[PREMIUM]","Ventura","CA","[PREMIUM]",,"[]",,,"[PREMIUM]"
"3f28d973-4da3-43d1-90d3-18ecf70d13cd","2026-04-08 23:27:56.870","2026-04-08 23:27:56.870","3f28d973-4da3-43d1-90d3-18ecf70d13cd","[PREMIUM]","Used",2017,"Chevrolet","Traverse","2LT","[PREMIUM]","[PREMIUM]",180787,"SUV","Silver Ice Metallic","Black","All-wheel Drive",,,"Gasoline",,,"dealership","[PREMIUM]","Lexington","KY","[PREMIUM]",,"[]",,,"[PREMIUM]"
"bd3198f2-f261-4226-a20c-628a5eede897","2026-04-08 23:26:58.418","2026-04-08 23:26:58.418","bd3198f2-f261-4226-a20c-628a5eede897","[PREMIUM]","Used",2018,"Honda","Accord","Touring","[PREMIUM]","[PREMIUM]",94117,"Sedan","Platinum White Pearl","Ivory","Front-wheel Drive",,,"Gasoline",,,"dealership","[PREMIUM]","Greenwood","IN","[PREMIUM]",,"[]",,,"[PREMIUM]"
"baa4862b-b8ce-4c6d-8a2b-8e95c172910b","2026-04-08 23:26:38.690","2026-04-08 23:26:38.690","baa4862b-b8ce-4c6d-8a2b-8e95c172910b","[PREMIUM]","Used",2024,"Volvo","XC60","B5 Core Dark Theme","[PREMIUM]","[PREMIUM]",23842,"SUV","Denim Blue Metallic","Blond","All-wheel Drive",,,"Gasoline",,,"dealership","[PREMIUM]","Greenville","SC","[PREMIUM]",,"[]",,,"[PREMIUM]"
"8461fe71-5e95-43f5-b6a3-c06eafbeae4a","2026-04-08 23:26:38.344","2026-04-11 23:26:47.585","8461fe71-5e95-43f5-b6a3-c06eafbeae4a","[PREMIUM]","Used",2024,"Toyota","4Runner","TRD Off Road","[PREMIUM]","[PREMIUM]",55954,"SUV","Ice Cap","Black/Graphite","Four-wheel Drive",,,"Gasoline",,,"dealership","[PREMIUM]","Hickory","NC","[PREMIUM]",,"[]",,,"[PREMIUM]"
"9a8f1bd6-51ab-412c-9e24-bb6d91e4510b","2026-04-08 23:26:28.266","2026-04-11 23:26:37.160","9a8f1bd6-51ab-412c-9e24-bb6d91e4510b","[PREMIUM]","Used",2024,"Jeep","Grand Cherokee","Laredo","[PREMIUM]","[PREMIUM]",13157,"SUV","Bright White Clearcoat","Global Black","Four-wheel Drive",,,"Gasoline",,,"dealership","[PREMIUM]","Sterling Heights","MI","[PREMIUM]",,"[]",,,"[PREMIUM]"
"5fae63d7-c1e7-4b43-82a3-18b531652def","2026-04-08 23:26:28.194","2026-04-08 23:26:28.194","5fae63d7-c1e7-4b43-82a3-18b531652def","[PREMIUM]","Used",2024,"RAM","2500","Tradesman","[PREMIUM]","[PREMIUM]",4527,"Truck","Bright White Clearcoat","Diesel Gray / Black","Rear-wheel Drive",,,"Gasoline",,,"dealership","[PREMIUM]","Fayetteville","NC","[PREMIUM]",,"[]",,,"[PREMIUM]"
"4db82775-1c41-4393-9940-71e91073fa69","2026-04-08 23:25:27.984","2026-04-08 23:25:27.984","4db82775-1c41-4393-9940-71e91073fa69","[PREMIUM]","Used",2002,"Nissan","Xterra","SE V6","[PREMIUM]","[PREMIUM]",182000,"SUV","Black","Gray","Four-wheel Drive",,,"Gasoline",,,"private","[PREMIUM]",,,"[PREMIUM]",,"[]",,,"[PREMIUM]"
"a68483a2-f6c0-4d35-b4b2-da6743a7c837","2026-04-08 23:25:17.899","2026-04-08 23:25:17.899","a68483a2-f6c0-4d35-b4b2-da6743a7c837","[PREMIUM]","Used",2001,"Chevrolet","Tahoe","LT","[PREMIUM]","[PREMIUM]",247906,"SUV","Light Pewter Metallic",,"Four-wheel Drive",,,"Gasoline",,,"dealership","[PREMIUM]","Blue Springs","MO","[PREMIUM]",,"[]",,,"[PREMIUM]"
"aa77816f-e7de-439f-b2fe-9e14ff5fa0cc","2026-04-08 23:25:07.863","2026-04-11 23:25:45.537","aa77816f-e7de-439f-b2fe-9e14ff5fa0cc","[PREMIUM]","Used",2004,"Volvo","V70","T5","[PREMIUM]","[PREMIUM]",148600,"Wagon","Titanium Gray","Charcoal","All-wheel Drive",,,"Gasoline",,,"dealership","[PREMIUM]","Reading","PA","[PREMIUM]",,"[]",,,"[PREMIUM]"
"d7063bfd-c3e4-4623-addd-e82573bbb06b","2026-04-08 23:24:27.708","2026-04-08 23:24:27.708","d7063bfd-c3e4-4623-addd-e82573bbb06b","[PREMIUM]","Used",2008,"Chevrolet","Silverado 1500","LT1 Crew Cab","[PREMIUM]","[PREMIUM]",294704,"Truck","Black","Black","Rear-wheel Drive",,,"Gasoline",,,"dealership","[PREMIUM]","Lexington","KY","[PREMIUM]",,"[]",,,"[PREMIUM]"
"8c42769f-5542-4091-871a-9b6b1ffefc39","2026-04-08 23:23:47.839","2026-04-08 23:23:47.839","8c42769f-5542-4091-871a-9b6b1ffefc39","[PREMIUM]","Used",2010,"INFINITI","G37x","Base","[PREMIUM]","[PREMIUM]",141387,"Sedan",,,"All-wheel Drive",,,"Gasoline",,,"dealership","[PREMIUM]","Holiday","FL","[PREMIUM]",,"[]",,,"[PREMIUM]"
"c3e64d1b-1a73-4abd-90e2-c7bd7aeafd5a","2026-04-08 23:23:47.523","2026-04-08 23:23:47.523","c3e64d1b-1a73-4abd-90e2-c7bd7aeafd5a","[PREMIUM]","Used",2010,"Honda","Odyssey","EX","[PREMIUM]","[PREMIUM]",177040,"Minivan","Bali Blue Pearl","Gray","FWD",,,"Gasoline",,,"dealership","[PREMIUM]","Golden","CO","[PREMIUM]",,"[]",,,"[PREMIUM]"
"2ad0182d-aac7-409a-bd77-781a3d8fca61","2026-04-08 23:23:47.494","2026-04-14 23:24:27.071","2ad0182d-aac7-409a-bd77-781a3d8fca61","[PREMIUM]","Used",2010,"Toyota","Camry","LE","[PREMIUM]","[PREMIUM]",199394,"Sedan","White","Black","Front-wheel Drive",,,"Gasoline",,,"dealership","[PREMIUM]","Evansville","IN","[PREMIUM]",,"[]",,,"[PREMIUM]"
"be7c2874-ff43-4d78-9b18-21013a0b4d5a","2026-04-08 23:23:06.901","2026-04-08 23:23:06.901","be7c2874-ff43-4d78-9b18-21013a0b4d5a","[PREMIUM]","Used",2011,"Toyota","Camry","LE","[PREMIUM]","[PREMIUM]",168979,"Sedan","Classic Silver Metallic","Ash","Front-wheel Drive",,,"Gasoline",,,"dealership","[PREMIUM]","Palm Beach Gardens","FL","[PREMIUM]",,"[]",,,"[PREMIUM]"
"7846aed8-2861-4956-8587-c120f67de642","2026-04-08 23:23:06.893","2026-04-08 23:23:06.893","7846aed8-2861-4956-8587-c120f67de642","[PREMIUM]","Used",2011,"Buick","Enclave","2XL","[PREMIUM]","[PREMIUM]",231928,"SUV","Carbon Black Metallic","Ebony With Ebony Accents","All-wheel Drive",,,"Gasoline",,,"dealership","[PREMIUM]","Blue Springs","MO","[PREMIUM]",,"[]",,,"[PREMIUM]"
"fa41eb87-ad6a-4f56-a81d-1f9e724a8dd9","2026-04-08 23:22:56.808","2026-04-08 23:22:56.808","fa41eb87-ad6a-4f56-a81d-1f9e724a8dd9","[PREMIUM]","Used",2012,"Subaru","Legacy","Limited","[PREMIUM]","[PREMIUM]",188930,"Sedan","Crystal Black Silica","Warm Ivory","All-wheel Drive",,,"Gasoline",,,"dealership","[PREMIUM]","Columbus","OH","[PREMIUM]",,"[]",,,"[PREMIUM]"
"ec4f47d7-c483-4060-b283-9f234d234909","2026-04-08 23:22:26.728","2026-04-08 23:22:26.728","ec4f47d7-c483-4060-b283-9f234d234909","[PREMIUM]","Used",2012,"Honda","Accord","EX-L","[PREMIUM]","[PREMIUM]",251247,"Sedan","White Orchid Pearl","Ivory","Front-wheel Drive",,,"Gasoline",,,"dealership","[PREMIUM]","Union City","GA","[PREMIUM]",,"[]",,,"[PREMIUM]"
"1c597ba2-9d03-4e6f-b83a-27309448c988","2026-04-08 23:22:16.593","2026-04-08 23:22:16.593","1c597ba2-9d03-4e6f-b83a-27309448c988","[PREMIUM]","Used",2012,"Chrysler","Town &amp; Country","Touring","[PREMIUM]","[PREMIUM]",163500,"Passenger Van","Bright Silver Metallic Clearcoat","Black/Light Graystone Interior","Front-wheel Drive",,,"E85 Flex Fuel",,,"dealership","[PREMIUM]","Story City","IA","[PREMIUM]",,"[]",,,"[PREMIUM]"
"0136cf70-e182-4569-b831-25378260198e","2026-04-08 23:22:06.685","2026-04-08 23:22:06.685","0136cf70-e182-4569-b831-25378260198e","[PREMIUM]","Used",2012,"Chevrolet","Cruze","ECO","[PREMIUM]","[PREMIUM]",113104,"Sedan","Crystal Red Tintcoat","Jet Black","Front-wheel Drive",,,"Gasoline",,,"dealership","[PREMIUM]","Fort Myers","FL","[PREMIUM]",,"[]",,,"[PREMIUM]"
"7619e197-b153-4545-afde-f0e7e62aea80","2026-04-08 23:21:46.484","2026-04-08 23:21:46.484","7619e197-b153-4545-afde-f0e7e62aea80","[PREMIUM]","Used",2012,"Honda","Odyssey","EX-L","[PREMIUM]","[PREMIUM]",189180,"Passenger Van","Smoky Topaz Metallic","Truffle","Front-wheel Drive",,,"Gasoline",,,"dealership","[PREMIUM]","Fargo","ND","[PREMIUM]",,"[]",,,"[PREMIUM]"
"99aeff55-dbab-4aef-aca4-a6b10475d7db","2026-04-08 23:21:46.170","2026-04-11 23:22:02.536","99aeff55-dbab-4aef-aca4-a6b10475d7db","[PREMIUM]","Used",2012,"Dodge","Grand Caravan","SXT","[PREMIUM]","[PREMIUM]",145146,"Passenger Van","Brilliant Black Crystal Pearlcoat","Black / Light Graystone","Front-wheel Drive",,,,,,"dealership","[PREMIUM]","Medina","OH","[PREMIUM]",,"[]",,,"[PREMIUM]"
"3f13b85c-d64d-4c93-970f-ddc3d0e19005","2026-04-08 23:21:35.918","2026-04-08 23:21:35.918","3f13b85c-d64d-4c93-970f-ddc3d0e19005","[PREMIUM]","Used",2012,"Ford","Explorer","Limited","[PREMIUM]","[PREMIUM]",194894,"SUV","Sterling Gray Metallic","Charcoal","Four-wheel Drive",,,"Gasoline",,,"dealership","[PREMIUM]","Findlay","OH","[PREMIUM]",,"[]",,,"[PREMIUM]"
"2804ecfc-4fb9-47cc-b3ff-82ee2d73ad26","2026-04-08 23:21:35.895","2026-04-08 23:21:35.895","2804ecfc-4fb9-47cc-b3ff-82ee2d73ad26","[PREMIUM]","Used",2012,"Nissan","Rogue","S","[PREMIUM]","[PREMIUM]",99138,"SUV","Cayenne Red","Gray","Front-wheel Drive",,,"Gasoline",,,"dealership","[PREMIUM]","Tulsa","OK","[PREMIUM]",,"[]",,,"[PREMIUM]"
"7392d9df-7543-4e6c-a7c9-311b667f7160","2026-04-08 23:21:15.804","2026-04-08 23:21:15.804","7392d9df-7543-4e6c-a7c9-311b667f7160","[PREMIUM]","Used",2012,"Cadillac","SRX","Luxury","[PREMIUM]","[PREMIUM]",131806,"SUV","Gray","Titanium W/Ebony Accents","All-wheel Drive",,,"E85 Flex Fuel",,,"dealership","[PREMIUM]","Mt. Laurel","NJ","[PREMIUM]",,"[]",,,"[PREMIUM]"
"c1e2a0d5-e729-410f-9a75-69b3c1ee51d8","2026-04-08 23:21:05.665","2026-04-17 23:21:44.082","c1e2a0d5-e729-410f-9a75-69b3c1ee51d8","[PREMIUM]","Used",2013,"GMC","Terrain","SLE-1","[PREMIUM]","[PREMIUM]",160196,"SUV","Ashen Gray Metallic","Jet Black","All-wheel Drive",,,"Gasoline",,,"dealership","[PREMIUM]","Lexington","KY","[PREMIUM]",,"[]",,,"[PREMIUM]"
"538f7ef4-4956-4512-aa71-e3183e6f7843","2026-04-08 23:21:05.604","2026-04-08 23:21:05.604","538f7ef4-4956-4512-aa71-e3183e6f7843","[PREMIUM]","Used",2013,"Dodge","Avenger","SXT","[PREMIUM]","[PREMIUM]",200618,"Sedan","Bright White Clearcoat","Black Interior","Front-wheel Drive",,,"Gasoline",,,"dealership","[PREMIUM]","Blue Springs","MO","[PREMIUM]",,"[]",,,"[PREMIUM]"
"004901ee-1122-4047-81b0-985c676762bd","2026-04-08 23:21:05.570","2026-04-11 23:21:21.475","004901ee-1122-4047-81b0-985c676762bd","[PREMIUM]","Used",2013,"Toyota","Prius","Three SE","[PREMIUM]","[PREMIUM]",242321,"Hatchback","Maroon","Black","Front-wheel Drive",,,"Gasoline",,,"dealership","[PREMIUM]","Lexington","KY","[PREMIUM]",,"[]",,,"[PREMIUM]"
"e562a0cc-d0f3-47c3-8129-474fe876d186","2026-04-08 23:19:45.706","2026-04-08 23:19:45.706","e562a0cc-d0f3-47c3-8129-474fe876d186","[PREMIUM]","Used",2014,"Chevrolet","Cruze","2LT","[PREMIUM]","[PREMIUM]",142638,"Sedan","Silver Ice Metallic","Jet Black","Front-wheel Drive",,,"Gasoline",,,"dealership","[PREMIUM]","Columbia","MO","[PREMIUM]",,"[]",,,"[PREMIUM]"
"ea50d5f7-f131-485b-a3c7-cdfaf905828d","2026-04-08 23:19:45.642","2026-04-08 23:19:45.642","ea50d5f7-f131-485b-a3c7-cdfaf905828d","[PREMIUM]","Used",2014,"Dodge","Durango","Limited","[PREMIUM]","[PREMIUM]",213683,"SUV","Maximum Steel Metallic Clearcoat","Black","All-wheel Drive",,,"Gasoline",,,"dealership","[PREMIUM]","Blue Springs","MO","[PREMIUM]",,"[]",,,"[PREMIUM]"
"17485313-1969-4c8e-97f3-037b6d701932","2026-04-08 23:19:45.438","2026-04-08 23:19:45.438","17485313-1969-4c8e-97f3-037b6d701932","[PREMIUM]","Used",2014,"Ford","Escape","SE","[PREMIUM]","[PREMIUM]",177086,"SUV","Sterling Gray Metallic","Charcoal Black","Front-wheel Drive",,,"Gasoline",,,"dealership","[PREMIUM]","Orrville","OH","[PREMIUM]",,"[]",,,"[PREMIUM]"
"b2682e28-cc33-4757-91ce-5051ceb2085d","2026-04-08 23:19:45.293","2026-04-17 23:20:12.081","b2682e28-cc33-4757-91ce-5051ceb2085d","[PREMIUM]","New",2026,"BMW","X7","xDrive40i","[PREMIUM]","[PREMIUM]",7,"SUV","Black Sapphire Metallic","Tartufo","All-wheel Drive",,,"Gasoline",,,"dealership","[PREMIUM]","Wesley Chapel","FL","[PREMIUM]",,"[]",,,"[PREMIUM]"
"5243270b-d335-4019-93c1-8ed2b484590e","2026-04-08 23:19:45.292","2026-04-08 23:19:45.292","5243270b-d335-4019-93c1-8ed2b484590e","[PREMIUM]","Used",2014,"Nissan","Altima","2.5 S","[PREMIUM]","[PREMIUM]",174877,"Sedan",,,"Front-wheel Drive",,,"Gasoline",,,"dealership","[PREMIUM]","Holiday","FL","[PREMIUM]",,"[]",,,"[PREMIUM]"
"258fe64a-9380-4b57-80aa-620f109f7725","2026-04-08 23:19:45.276","2026-04-11 23:19:50.476","258fe64a-9380-4b57-80aa-620f109f7725","[PREMIUM]","Used",2014,"Ford","Escape","Titanium","[PREMIUM]","[PREMIUM]",123395,"SUV",,,"Front-wheel Drive",,,"Gasoline",,,"dealership","[PREMIUM]","Holiday","FL","[PREMIUM]",,"[]",,,"[PREMIUM]"
"60bc8985-d44d-4f62-a1b9-dc8998379a20","2026-04-08 23:19:24.993","2026-04-08 23:19:24.993","60bc8985-d44d-4f62-a1b9-dc8998379a20","[PREMIUM]","New",2026,"Chevrolet","Corvette","Z06","[PREMIUM]","[PREMIUM]",10,"Convertible","Blade Silver Metallic","Sky Cool/Medium Ash Gray w/Habanero Accents","Rear-wheel Drive",,,"Gasoline",,,"dealership","[PREMIUM]","Greenacres","FL","[PREMIUM]",,"[]",,,"[PREMIUM]"
"d44c2715-ff6b-422d-a838-b7b4a6a4fbfc","2026-04-08 23:19:24.915","2026-04-11 23:19:40.187","d44c2715-ff6b-422d-a838-b7b4a6a4fbfc","[PREMIUM]","New",2026,"Chevrolet","Corvette","Z06","[PREMIUM]","[PREMIUM]",10,"Convertible","Red Mist Metallic Tintcoat","Jet Black","Rear-wheel Drive",,,"Gasoline",,,"dealership","[PREMIUM]","Greenacres","FL","[PREMIUM]",,"[]",,,"[PREMIUM]"
"919e9211-2637-4978-858b-4f0f030de161","2026-04-08 23:19:24.913","2026-04-08 23:19:24.913","919e9211-2637-4978-858b-4f0f030de161","[PREMIUM]","Used",2015,"Toyota","Prius","Two","[PREMIUM]","[PREMIUM]",200991,"Hatchback","Green","Gray","Front-wheel Drive",,,"Gasoline",,,"dealership","[PREMIUM]","Phoenix","AZ","[PREMIUM]",,"[]",,,"[PREMIUM]"
"5021aabc-718b-470f-ae6b-5b79e1d9f169","2026-04-08 23:19:24.895","2026-04-08 23:19:24.895","5021aabc-718b-470f-ae6b-5b79e1d9f169","[PREMIUM]","New",2026,"Cadillac","Escalade","Sport","[PREMIUM]","[PREMIUM]",4,"SUV","Vibrant White Tricoat","Jet Black","Four-wheel Drive",,,"Gasoline",,,"dealership","[PREMIUM]","Arlington","TX","[PREMIUM]",,"[]",,,"[PREMIUM]"
"85484ee2-0745-477f-8527-9d66bf4b9b1b","2026-04-08 23:18:14.309","2026-04-15 17:20:34.452","85484ee2-0745-477f-8527-9d66bf4b9b1b","[PREMIUM]","Used",2020,"Dodge","Grand Caravan","SXT","[PREMIUM]","[PREMIUM]",157164,"Passenger Van","Granite Pearlcoat","Black/Light Graystone","Front-wheel Drive",,,"Gasoline",,,"dealership","[PREMIUM]","West Palm Beach","FL","[PREMIUM]",,"[]",,,"[PREMIUM]"
"196bf661-6cbb-420a-9aac-7a2642b9e4e4","2026-04-08 23:16:03.833","2026-04-08 23:16:03.833","196bf661-6cbb-420a-9aac-7a2642b9e4e4","[PREMIUM]","Used",2007,"Toyota","Highlander","Sport","[PREMIUM]","[PREMIUM]",254334,"SUV","White","Gray","Front-wheel Drive",,,"Gasoline",,,"private","[PREMIUM]",,,"[PREMIUM]",,"[]",,,"[PREMIUM]"
"0da6d014-7175-4410-a243-10e3d71eb8ad","2026-04-08 23:15:53.718","2026-04-08 23:15:53.718","0da6d014-7175-4410-a243-10e3d71eb8ad","[PREMIUM]","Used",2007,"Subaru","Outback","2.5 i","[PREMIUM]","[PREMIUM]",145331,"Wagon","Silver","Black","All-wheel Drive",,,"Gasoline",,,"dealership","[PREMIUM]","Westville","NJ","[PREMIUM]",,"[]",,,"[PREMIUM]"
"da6c1c70-d1a9-478f-b95e-faff844925e6","2026-04-08 23:15:03.708","2026-04-08 23:15:03.708","da6c1c70-d1a9-478f-b95e-faff844925e6","[PREMIUM]","Used",2010,"Dodge","Avenger","Express","[PREMIUM]","[PREMIUM]",210166,"Sedan","Brilliant Black Crystal Pearlcoat","Dark Khaki/Light Graystone","Front-wheel Drive",,,"Gasoline",,,"dealership","[PREMIUM]","Blue Springs","MO","[PREMIUM]",,"[]",,,"[PREMIUM]"
"429de7b2-eaa6-429f-81a8-956c3d53251c","2026-04-08 23:15:03.404","2026-04-08 23:15:03.404","429de7b2-eaa6-429f-81a8-956c3d53251c","[PREMIUM]","Used",2010,"Mazda","Mazda6","i Sport","[PREMIUM]","[PREMIUM]",132456,"Sedan","Sangria Red Mica","Black","Front-wheel Drive",,,"Gasoline",,,"dealership","[PREMIUM]","Florence","KY","[PREMIUM]",,"[]",,,"[PREMIUM]"
"4f7570dd-c0b8-41b3-95b4-da9ce850aae3","2026-04-08 23:14:53.258","2026-04-08 23:14:53.258","4f7570dd-c0b8-41b3-95b4-da9ce850aae3","[PREMIUM]","Used",2011,"Chevrolet","Equinox","LT","[PREMIUM]","[PREMIUM]",226817,"SUV","Black","Jet Black","Front-wheel Drive",,,"Gasoline",,,"dealership","[PREMIUM]","Blue Springs","MO","[PREMIUM]",,"[]",,,"[PREMIUM]"
"165f109c-6153-477c-be94-27ae9685465e","2026-04-08 23:14:23.096","2026-04-20 23:14:57.929","165f109c-6153-477c-be94-27ae9685465e","[PREMIUM]","Used",2013,"Ford","Focus","Titanium","[PREMIUM]","[PREMIUM]",188100,"Sedan","Ingot Silver","Black","Front-wheel Drive",,,"Gasoline",,,"dealership","[PREMIUM]","Palm Beach Gardens","FL","[PREMIUM]",,"[]",,,"[PREMIUM]"
"1a946b3a-9062-49a3-a38a-ea47a669a3de","2026-04-08 23:14:22.720","2026-04-08 23:14:22.720","1a946b3a-9062-49a3-a38a-ea47a669a3de","[PREMIUM]","Used",2013,"FIAT","500","Pop","[PREMIUM]","[PREMIUM]",125045,"Hatchback","Verde Azzurro (Blue-Green)","Ivory Interior","Front-wheel Drive",,,"Gasoline",,,"dealership","[PREMIUM]","Blue Springs","MO","[PREMIUM]",,"[]",,,"[PREMIUM]"
"9608301d-51e0-4a27-9b49-458c76eb0257","2026-04-08 23:12:11.663","2026-04-14 23:12:36.873","9608301d-51e0-4a27-9b49-458c76eb0257","[PREMIUM]","Used",2002,"Ford","Windstar","SE","[PREMIUM]","[PREMIUM]",0,"Minivan",,,"Front-wheel Drive",,,"Gasoline",,,"dealership","[PREMIUM]","Golden","CO","[PREMIUM]",,"[]",,,"[PREMIUM]"
"2e019f79-b984-4626-8daf-359997c989bf","2026-04-08 23:12:01.482","2026-04-08 23:12:01.482","2e019f79-b984-4626-8daf-359997c989bf","[PREMIUM]","Used",2002,"Chevrolet","Silverado 1500","LS Extended Cab","[PREMIUM]","[PREMIUM]",198296,"Truck","Red","Gray","Four-wheel Drive",,,"Gasoline",,,"private","[PREMIUM]",,,"[PREMIUM]",,"[]",,,"[PREMIUM]"
"f1434f59-64aa-4fb6-a2a7-c2dd27bb0034","2026-04-08 23:12:01.443","2026-04-08 23:12:01.443","f1434f59-64aa-4fb6-a2a7-c2dd27bb0034","[PREMIUM]","New",2026,"Lincoln","Navigator","Premiere","[PREMIUM]","[PREMIUM]",0,"SUV","Crystal White Metallic Clearcoat","Gw V L W Micro Perf Lux Lth Black Onyx","Four-wheel Drive",,,"Gasoline",,,"dealership","[PREMIUM]","Houston","TX","[PREMIUM]",,"[]",,,"[PREMIUM]"
"214b2a1c-5664-458e-97c5-8e9f478f2be0","2026-04-08 23:11:51.555","2026-04-08 23:11:51.555","214b2a1c-5664-458e-97c5-8e9f478f2be0","[PREMIUM]","New",2026,"GMC","Yukon","Denali","[PREMIUM]","[PREMIUM]",7,"SUV","Onyx Black",,"Four-wheel Drive",,,"Gasoline",,,"dealership","[PREMIUM]","Sioux City","IA","[PREMIUM]",,"[]",,,"[PREMIUM]"
"68ca9a90-898e-4497-a56d-ce46a2fd89c5","2026-04-08 23:11:41.637","2026-04-11 23:11:50.133","68ca9a90-898e-4497-a56d-ce46a2fd89c5","[PREMIUM]","New",2026,"GMC","Yukon","Denali","[PREMIUM]","[PREMIUM]",0,"SUV","Onyx Black","Jet Black Perforated Leather Seating Surfaces","Four-wheel Drive",,,"Gasoline",,,"dealership","[PREMIUM]","Loganville","GA","[PREMIUM]",,"[]",,,"[PREMIUM]"
"59bad93e-797c-40e7-b6ca-2a65e8d48172","2026-04-08 23:11:41.307","2026-04-08 23:11:41.307","59bad93e-797c-40e7-b6ca-2a65e8d48172","[PREMIUM]","New",2026,"GMC","Yukon","Denali","[PREMIUM]","[PREMIUM]",1,"SUV","Glacier White","Teak","Four-wheel Drive",,,"Gasoline",,,"dealership","[PREMIUM]","Green Cove Springs","FL","[PREMIUM]",,"[]",,,"[PREMIUM]"
"ae5e9a6e-641d-44a8-9dc3-580ad1d99ed6","2026-04-08 23:11:31.229","2026-04-08 23:11:31.229","ae5e9a6e-641d-44a8-9dc3-580ad1d99ed6","[PREMIUM]","New",2026,"Mercedes-Benz","AMG CLE 53","4MATIC+","[PREMIUM]","[PREMIUM]",3,"Convertible","MANUFAKTUR Moonlight White Metallic","Power Red Black Nappa Leather","All-wheel Drive",,,"Gasoline",,,"dealership","[PREMIUM]","Belmont","CA","[PREMIUM]",,"[]",,,"[PREMIUM]"
"268efd43-5450-414e-8b2e-6d8f5e93301b","2026-04-08 23:11:01.361","2026-04-11 23:11:09.456","268efd43-5450-414e-8b2e-6d8f5e93301b","[PREMIUM]","New",2026,"GMC","Sierra 2500","Denali Ultimate","[PREMIUM]","[PREMIUM]",2,"Truck","Glacier White","Alpine Umber","Four-wheel Drive",,,"Diesel",,,"dealership","[PREMIUM]","Costa Mesa","CA","[PREMIUM]",,"[]",,,"[PREMIUM]"
"daf73a4b-767d-4717-8862-bb7d5500a94a","2026-04-08 23:11:01.136","2026-04-20 23:11:35.204","daf73a4b-767d-4717-8862-bb7d5500a94a","[PREMIUM]","New",2026,"Land Rover","Range Rover Sport","SE","[PREMIUM]","[PREMIUM]",0,"SUV",,,"All-wheel Drive",,,"Gasoline",,,"dealership","[PREMIUM]","Minneapolis","MN","[PREMIUM]",,"[]",,,"[PREMIUM]"
"f03c4fea-be9c-4f60-975a-90b5c45269e5","2026-04-08 23:11:01.127","2026-04-08 23:11:01.127","f03c4fea-be9c-4f60-975a-90b5c45269e5","[PREMIUM]","New",2026,"Mercedes-Benz","GLS 450","4MATIC","[PREMIUM]","[PREMIUM]",10,"SUV","Black","Macchiato Beige","All-wheel Drive",,,"Gasoline",,,"dealership","[PREMIUM]","Columbus","GA","[PREMIUM]",,"[]",,,"[PREMIUM]"
"8e18f308-9e58-4e07-bb0d-ef571a0604b8","2026-04-08 23:11:01.098","2026-04-08 23:11:01.098","8e18f308-9e58-4e07-bb0d-ef571a0604b8","[PREMIUM]","New",2026,"Ford","F-150","Raptor","[PREMIUM]","[PREMIUM]",20,"Truck","Agate Black Metallic","Black","Four-wheel Drive",,,"Gasoline",,,"dealership","[PREMIUM]","Weatherford","TX","[PREMIUM]",,"[]",,,"[PREMIUM]"
"a80fa9f7-367d-4e54-a74b-962db5678167","2026-04-08 23:11:01.064","2026-04-08 23:11:01.064","a80fa9f7-367d-4e54-a74b-962db5678167","[PREMIUM]","New",2026,"Ford","F-150","Raptor","[PREMIUM]","[PREMIUM]",4,"Truck","Agate Black Metallic","Black","Four-wheel Drive",,,"Gasoline",,,"dealership","[PREMIUM]","Naples","FL","[PREMIUM]",,"[]",,,"[PREMIUM]"
"e0b79c09-8019-4c30-9303-a5976e422f08","2026-04-08 23:11:01.028","2026-04-08 23:11:01.028","e0b79c09-8019-4c30-9303-a5976e422f08","[PREMIUM]","New",2026,"GMC","Sierra 2500","AT4X","[PREMIUM]","[PREMIUM]",2,"Truck","Dune","Obsidian Rush","Four-wheel Drive",,,"Diesel",,,"dealership","[PREMIUM]","Costa Mesa","CA","[PREMIUM]",,"[]",,,"[PREMIUM]"
"5a350fab-db59-4876-8c4f-579073c4f14f","2026-04-08 23:11:01.019","2026-04-11 23:11:09.441","5a350fab-db59-4876-8c4f-579073c4f14f","[PREMIUM]","New",2026,"GMC","Yukon","Denali","[PREMIUM]","[PREMIUM]",,"SUV","Glacier White","Teak","Four-wheel Drive",,,"Gasoline",,,"dealership","[PREMIUM]","Dickinson","ND","[PREMIUM]",,"[]",,,"[PREMIUM]"
"21b8c593-9c97-46c8-8f3f-1115c4e97651","2026-04-08 23:11:01.010","2026-04-11 23:11:19.668","21b8c593-9c97-46c8-8f3f-1115c4e97651","[PREMIUM]","New",2026,"GMC","Sierra 2500","AT4X","[PREMIUM]","[PREMIUM]",10,"Truck","Coastal Dune","Obsidian Rush","Four-wheel Drive",,,"Diesel",,,"dealership","[PREMIUM]","Mineola","TX","[PREMIUM]",,"[]",,,"[PREMIUM]"
"66396b54-21b2-432e-bfc7-367967704aca","2026-04-08 23:10:50.660","2026-04-11 23:11:09.466","66396b54-21b2-432e-bfc7-367967704aca","[PREMIUM]","New",2026,"Mercedes-Benz","GLE 450","4MATIC","[PREMIUM]","[PREMIUM]",10,"SUV","MANUFAKTUR Ireland Mid Green Metallic","Catalana Beige/Black","All-wheel Drive",,,"Gasoline",,,"dealership","[PREMIUM]","SARASOTA","FL","[PREMIUM]",,"[]",,,"[PREMIUM]"
"e8b7d17a-ebcd-48a4-8f9e-76c223bfa72b","2026-04-08 23:10:40.684","2026-04-08 23:10:40.684","e8b7d17a-ebcd-48a4-8f9e-76c223bfa72b","[PREMIUM]","New",2026,"Audi","Q8","55 Prestige","[PREMIUM]","[PREMIUM]",41,"SUV","Daytona Gray Pearl Effect","Black","All-wheel Drive",,,"Gasoline",,,"dealership","[PREMIUM]","St. Charles","IL","[PREMIUM]",,"[]",,,"[PREMIUM]"
"67c26a1e-6b7c-420f-8893-456f4167924e","2026-04-08 23:10:40.649","2026-04-08 23:10:40.649","67c26a1e-6b7c-420f-8893-456f4167924e","[PREMIUM]","New",2026,"GMC","Yukon","Denali","[PREMIUM]","[PREMIUM]",5,"SUV","Glacier White Tricoat","Teak/Light Shale, Perforated Leather Seating Surfaces","Rear-wheel Drive",,,"Gasoline",,,"dealership","[PREMIUM]","New Orleans","LA","[PREMIUM]",,"[]",,,"[PREMIUM]"
"d8bf61d1-e1dd-4dcd-ba7b-b71d52dae40b","2026-04-08 23:10:40.606","2026-04-08 23:10:40.606","d8bf61d1-e1dd-4dcd-ba7b-b71d52dae40b","[PREMIUM]","New",2026,"GMC","Sierra 2500","Denali Ultimate","[PREMIUM]","[PREMIUM]",,"Truck","Sterling","Alpine Umber","Four-wheel Drive",,,"Diesel",,,"dealership","[PREMIUM]","Gilbert","AZ","[PREMIUM]",,"[]",,,"[PREMIUM]"
"48309861-efe7-414d-a822-e889627ff576","2026-04-08 23:10:30.635","2026-04-08 23:10:30.635","48309861-efe7-414d-a822-e889627ff576","[PREMIUM]","New",2026,"GMC","Yukon XL","Denali","[PREMIUM]","[PREMIUM]",0,"SUV","Gray","Jet Black","Four-wheel Drive",,,"Gasoline",,,"dealership","[PREMIUM]","Houston","TX","[PREMIUM]",,"[]",,,"[PREMIUM]"
"c012783b-0233-4257-8c87-c51064c83482","2026-04-08 23:10:30.280","2026-04-17 23:11:30.481","c012783b-0233-4257-8c87-c51064c83482","[PREMIUM]","New",2026,"GMC","Yukon","Denali","[PREMIUM]","[PREMIUM]",2,"SUV","Onyx Black","Jet Black","Four-wheel Drive",,,"Gasoline",,,"dealership","[PREMIUM]","Bloomington","MN","[PREMIUM]",,"[]",,,"[PREMIUM]"
"91911e2b-1909-4e7d-9e99-6b8c0f7b6d02","2026-04-08 23:10:30.256","2026-04-08 23:10:30.256","91911e2b-1909-4e7d-9e99-6b8c0f7b6d02","[PREMIUM]","Used",2011,"GMC","Terrain","SLT-1","[PREMIUM]","[PREMIUM]",150000,"SUV","White","Gray","All-wheel Drive",,,"Gasoline",,,"private","[PREMIUM]",,,"[PREMIUM]",,"[]",,,"[PREMIUM]"
"c871c068-05e1-44d1-84e2-9370b25edf38","2026-04-08 23:10:00.256","2026-04-11 23:10:07.795","c871c068-05e1-44d1-84e2-9370b25edf38","[PREMIUM]","Used",2016,"Chevrolet","Traverse","1LT","[PREMIUM]","[PREMIUM]",203168,"SUV","Silver Ice Metallic","Ebony","All-wheel Drive",,,"Gasoline",,,"dealership","[PREMIUM]","Pleasant Hill","IA","[PREMIUM]",,"[]",,,"[PREMIUM]"
"1ba73475-1e8f-4222-b2f8-73b392f93368","2026-04-08 23:09:39.877","2026-04-11 23:09:46.916","1ba73475-1e8f-4222-b2f8-73b392f93368","[PREMIUM]","Used",2025,"Ford","F-150","XL","[PREMIUM]","[PREMIUM]",5895,"Truck","Oxford White","Black","Four-wheel Drive",,,"Gasoline",,,"dealership","[PREMIUM]","Forsyth","GA","[PREMIUM]",,"[]",,,"[PREMIUM]"
"134d906a-8538-49c4-8567-6bb8cbdf0f5d","2026-04-08 23:08:39.599","2026-04-11 23:08:45.848","134d906a-8538-49c4-8567-6bb8cbdf0f5d","[PREMIUM]","Used",2022,"Jeep","Grand Cherokee 4xe","Trailhawk","[PREMIUM]","[PREMIUM]",19697,"SUV","Gray","BLACK","Four-wheel Drive",,,"Plug-In Hybrid",,,"dealership","[PREMIUM]","Warner Robins","GA","[PREMIUM]",,"[]",,,"[PREMIUM]"
"3d8046a9-d1f4-498b-bb5b-0d1ac89804f9","2026-04-08 23:08:39.508","2026-04-08 23:08:39.508","3d8046a9-d1f4-498b-bb5b-0d1ac89804f9","[PREMIUM]","Used",2022,"Honda","Pilot","EX-L","[PREMIUM]","[PREMIUM]",42804,"SUV","Gray","BLACK","Four-wheel Drive",,,"Gasoline",,,"dealership","[PREMIUM]","Duarte","CA","[PREMIUM]",,"[]",,,"[PREMIUM]"
"10ddd0be-1c93-4e26-a096-976035cd5008","2026-04-08 23:08:19.359","2026-04-08 23:08:19.359","10ddd0be-1c93-4e26-a096-976035cd5008","[PREMIUM]","Used",2021,"Honda","CR-V","EX","[PREMIUM]","[PREMIUM]",103363,"SUV","White","Black","Front-wheel Drive",,,"Gasoline",,,"dealership","[PREMIUM]","Fort Lauderdale","FL","[PREMIUM]",,"[]",,,"[PREMIUM]"
"d70c0f01-e4a5-4852-b8c5-eeb53a94a8ef","2026-04-08 23:07:59.157","2026-04-08 23:07:59.157","d70c0f01-e4a5-4852-b8c5-eeb53a94a8ef","[PREMIUM]","Used",2023,"Tesla","Model Y","Long Range","[PREMIUM]","[PREMIUM]",22457,"SUV","Black","Black","All-wheel Drive",,,"Electric",,,"dealership","[PREMIUM]","Columbus","OH","[PREMIUM]",,"[]",,,"[PREMIUM]"
"1f900767-057e-4e11-ae47-a682f2f7a193","2026-04-08 23:07:29.109","2026-04-08 23:07:29.109","1f900767-057e-4e11-ae47-a682f2f7a193","[PREMIUM]","Used",2023,"BMW","330","330i","[PREMIUM]","[PREMIUM]",43960,"Sedan","Black Sapphire Metallic","Canberra Beige","Rear-wheel Drive",,,"Gasoline",,,"dealership","[PREMIUM]","Murfreesboro","TN","[PREMIUM]",,"[]",,,"[PREMIUM]"
"19ca7b5c-283e-4426-a609-f651f9846ce3","2026-04-08 23:07:29.047","2026-04-08 23:07:29.047","19ca7b5c-283e-4426-a609-f651f9846ce3","[PREMIUM]","New",2026,"RAM","1500","ST","[PREMIUM]","[PREMIUM]",0,"Truck","Granite Crystal Metallic Clearcoat","Black","Four-wheel Drive",,,"Gasoline",,,"dealership","[PREMIUM]","Moreno Valley","CA","[PREMIUM]",,"[]",,,"[PREMIUM]"
"9487318a-58fd-462d-b792-bb5fe38539c8","2026-04-08 23:06:58.982","2026-04-08 23:06:58.982","9487318a-58fd-462d-b792-bb5fe38539c8","[PREMIUM]","Used",2023,"Audi","Q5","S-Line Prestige","[PREMIUM]","[PREMIUM]",57014,"SUV","White","TAN","Four-wheel Drive",,,"Gasoline",,,"dealership","[PREMIUM]","Charlotte","NC","[PREMIUM]",,"[]",,,"[PREMIUM]"
"bec022ec-af2a-43f9-89b8-b61de8bfb5a5","2026-04-08 23:06:49.204","2026-04-08 23:06:49.204","bec022ec-af2a-43f9-89b8-b61de8bfb5a5","[PREMIUM]","Used",2023,"Honda","Passport","EX-L","[PREMIUM]","[PREMIUM]",44764,"SUV","Silver","GRAY","Four-wheel Drive",,,"Gasoline",,,"dealership","[PREMIUM]","King of Prussia","PA","[PREMIUM]",,"[]",,,"[PREMIUM]"
"a0bf9550-3304-49d5-82f1-42386e453966","2026-04-08 23:06:28.893","2026-04-08 23:06:28.893","a0bf9550-3304-49d5-82f1-42386e453966","[PREMIUM]","Used",2023,"Subaru","Forester","Sport","[PREMIUM]","[PREMIUM]",23426,"SUV","Green","BLACK","Four-wheel Drive",,,"Gasoline",,,"dealership","[PREMIUM]","Gaithersburg","MD","[PREMIUM]",,"[]",,,"[PREMIUM]"
"1c82abcb-ac41-422b-91a9-6286bf568a64","2026-04-08 23:06:18.949","2026-04-08 23:06:18.949","1c82abcb-ac41-422b-91a9-6286bf568a64","[PREMIUM]","Used",2024,"Volkswagen","Atlas Cross Sport","2.0T SE w/Technology 4MOTION","[PREMIUM]","[PREMIUM]",9790,"SUV","Deep Black","Dark Beige/Titan Black","All-wheel Drive",,,"Gasoline",,,"dealership","[PREMIUM]","Las Vegas","NV","[PREMIUM]",,"[]",,,"[PREMIUM]"
"6fe08ef8-334e-4677-a1c2-a460ee460a13","2026-04-08 23:06:08.603","2026-04-08 23:06:08.603","6fe08ef8-334e-4677-a1c2-a460ee460a13","[PREMIUM]","Used",2022,"Nissan","Murano","SV Intelligent AWD","[PREMIUM]","[PREMIUM]",88928,"SUV","Deep Blue Pearl","Cashmere","All-wheel Drive",,,"Gasoline",,,"dealership","[PREMIUM]","Jefferson City","MO","[PREMIUM]",,"[]",,,"[PREMIUM]"
"48151f48-4374-4fa6-b657-271caf01b0ca","2026-04-08 23:06:08.553","2026-04-08 23:06:08.553","48151f48-4374-4fa6-b657-271caf01b0ca","[PREMIUM]","Used",2022,"Chevrolet","Malibu","LT","[PREMIUM]","[PREMIUM]",88168,"Sedan","Silver","BLACK","Rear-wheel Drive",,,"Gasoline",,,"dealership","[PREMIUM]","Loveland","CO","[PREMIUM]",,"[]",,,"[PREMIUM]"
"2ff210c6-661d-49a6-86d1-15820ddcefd1","2026-04-08 23:06:08.546","2026-04-08 23:06:08.546","2ff210c6-661d-49a6-86d1-15820ddcefd1","[PREMIUM]","Used",2023,"Toyota","Corolla","LE","[PREMIUM]","[PREMIUM]",79832,"Sedan","Ice Cap","Light Gray","Front-wheel Drive",,,"Gasoline",,,"dealership","[PREMIUM]","Greenwood","IN","[PREMIUM]",,"[]",,,"[PREMIUM]"
"7ae03e6b-be5e-4f97-a812-34fbd9d927a1","2026-04-08 23:06:08.504","2026-04-08 23:06:08.504","7ae03e6b-be5e-4f97-a812-34fbd9d927a1","[PREMIUM]","Used",2024,"BMW","228 Gran Coupe","xDrive","[PREMIUM]","[PREMIUM]",9632,"Sedan","Black Sapphire Metallic","Black","All-wheel Drive",,,"Gasoline",,,"dealership","[PREMIUM]","Watertown","NY","[PREMIUM]",,"[]",,,"[PREMIUM]"
"1af2b3ef-f9ee-4dfd-9f8f-31715c01155d","2026-04-08 23:05:58.381","2026-04-08 23:05:58.381","1af2b3ef-f9ee-4dfd-9f8f-31715c01155d","[PREMIUM]","Used",2023,"Kia","Seltos","LX","[PREMIUM]","[PREMIUM]",26736,"SUV","Snow White Pearl","Black","All-wheel Drive",,,"Gasoline",,,"dealership","[PREMIUM]","Streetsboro","OH","[PREMIUM]",,"[]",,,"[PREMIUM]"
"b593bc46-f796-4a2f-8090-689365a5d8ed","2026-04-08 23:05:58.354","2026-04-08 23:05:58.354","b593bc46-f796-4a2f-8090-689365a5d8ed","[PREMIUM]","Used",2024,"Ford","Edge","Titanium","[PREMIUM]","[PREMIUM]",32936,"SUV","STONE BLUE METALLIC","CERAMIC ACTIVEX TRIMMED SEATS","All-wheel Drive",,,"Gasoline",,,"dealership","[PREMIUM]","Jacksonville","NC","[PREMIUM]",,"[]",,,"[PREMIUM]"
"4bea3937-de35-4d75-bffd-c540cbd0c4f0","2026-04-08 23:05:38.222","2026-04-08 23:05:38.222","4bea3937-de35-4d75-bffd-c540cbd0c4f0","[PREMIUM]","Used",2024,"Buick","Enclave","Essence FWD","[PREMIUM]","[PREMIUM]",36973,"SUV","Cherry Red Tintcoat","Dark Galvanized w/Ebony Accents","Front-wheel Drive",,,"Gasoline",,,"dealership","[PREMIUM]","Clarksville","TN","[PREMIUM]",,"[]",,,"[PREMIUM]"
"148048e2-1124-45b8-998a-fb4650569e60","2026-04-08 23:05:38.218","2026-04-08 23:05:38.218","148048e2-1124-45b8-998a-fb4650569e60","[PREMIUM]","Used",2024,"GMC","Terrain","AT4","[PREMIUM]","[PREMIUM]",20939,"SUV","Volcanic Red","Jet Black","All-wheel Drive",,,"Gasoline",,,"dealership","[PREMIUM]","Auburn","MA","[PREMIUM]",,"[]",,,"[PREMIUM]"
"ed2e5fe2-5690-4834-aebd-8bfa40369154","2026-04-08 23:05:38.188","2026-04-08 23:05:38.188","ed2e5fe2-5690-4834-aebd-8bfa40369154","[PREMIUM]","Used",2007,"Mazda","MX-5 Miata","Touring","[PREMIUM]","[PREMIUM]",103248,"Convertible","Copper Red Mica","Black","Rear-wheel Drive",,,"Gasoline",,,"dealership","[PREMIUM]","Fort Wayne","IN","[PREMIUM]",,"[]",,,"[PREMIUM]"
"ab73253f-8ba1-4708-9903-94e8caebef63","2026-04-08 23:05:28.113","2026-04-08 23:05:28.113","ab73253f-8ba1-4708-9903-94e8caebef63","[PREMIUM]","Used",2024,"Buick","Enclave","Essence FWD","[PREMIUM]","[PREMIUM]",39782,"SUV","Summit White","Dark Galvanized w/Ebony Accents","Front-wheel Drive",,,"Gasoline",,,"dealership","[PREMIUM]","Aurora","OH","[PREMIUM]",,"[]",,,"[PREMIUM]"
"5dcb5e0f-82c0-4578-a635-afe467c0988e","2026-04-08 23:05:28.106","2026-04-08 23:05:28.106","5dcb5e0f-82c0-4578-a635-afe467c0988e","[PREMIUM]","Used",2024,"Nissan","Armada","SV 4WD","[PREMIUM]","[PREMIUM]",55240,"SUV","Brilliant Silver Metallic","Charcoal","Four-wheel Drive",,,"Gasoline",,,"dealership","[PREMIUM]","Bloomfield","NJ","[PREMIUM]",,"[]",,,"[PREMIUM]"
"b72c9a04-bdb8-416f-9cf7-a7cda4e7ac45","2026-04-08 23:05:27.847","2026-04-08 23:05:27.847","b72c9a04-bdb8-416f-9cf7-a7cda4e7ac45","[PREMIUM]","Used",2024,"Cadillac","CT5","Premium Luxury","[PREMIUM]","[PREMIUM]",28645,"Sedan","White","BLACK","Rear-wheel Drive",,,"Gasoline",,,"dealership","[PREMIUM]","Royal Palm Beach","FL","[PREMIUM]",,"[]",,,"[PREMIUM]"
"48951d43-8f96-4212-a54d-34c36478329d","2026-04-08 23:05:27.803","2026-04-08 23:05:27.803","48951d43-8f96-4212-a54d-34c36478329d","[PREMIUM]","Used",2025,"Volvo","XC40","B5 Core Bright Theme","[PREMIUM]","[PREMIUM]",18199,"SUV","Onyx Black Metallic","Gray","All-wheel Drive",,,"Gasoline",,,"dealership","[PREMIUM]","San Antonio","TX","[PREMIUM]",,"[]",,,"[PREMIUM]"
"37e82f41-a542-4546-ae9f-9ceebaa86fba","2026-04-08 23:05:27.797","2026-04-08 23:05:27.797","37e82f41-a542-4546-ae9f-9ceebaa86fba","[PREMIUM]","Used",2024,"Volkswagen","Tiguan","SE R-Line Black","[PREMIUM]","[PREMIUM]",13304,"SUV","White","TAN","Rear-wheel Drive",,,"Gasoline",,,"dealership","[PREMIUM]","Knoxville","TN","[PREMIUM]",,"[]",,,"[PREMIUM]"
"1de7bd2d-0dc4-4e25-b65a-d30a4633d546","2026-04-08 23:05:27.761","2026-04-08 23:05:27.761","1de7bd2d-0dc4-4e25-b65a-d30a4633d546","[PREMIUM]","Used",2024,"Jaguar","F-PACE","R-Dynamic S","[PREMIUM]","[PREMIUM]",45912,"SUV","Silver","BLACK","Four-wheel Drive",,,"Gasoline",,,"dealership","[PREMIUM]","Costa Mesa","CA","[PREMIUM]",,"[]",,,"[PREMIUM]"
"9d1cc77a-6f4c-4389-94b9-0f6c96037048","2026-04-08 23:05:07.503","2026-04-08 23:05:07.503","9d1cc77a-6f4c-4389-94b9-0f6c96037048","[PREMIUM]","Used",2025,"Chevrolet","Equinox","RS","[PREMIUM]","[PREMIUM]",15797,"SUV","Reef Blue Metallic","Gray","Front-wheel Drive",,,"Gasoline",,,"dealership","[PREMIUM]","Medina","OH","[PREMIUM]",,"[]",,,"[PREMIUM]"
"3e8c2cc1-eaa1-4710-a0a1-cda60e9fe001","2026-04-08 23:05:07.465","2026-04-08 23:05:07.465","3e8c2cc1-eaa1-4710-a0a1-cda60e9fe001","[PREMIUM]","Used",2024,"Mercedes-Benz","AMG GLE 53","4MATIC+ Coupe","[PREMIUM]","[PREMIUM]",3481,"SUV","MANUFAKTUR Alpine Grey","Black","All-wheel Drive",,,"Gasoline",,,"dealership","[PREMIUM]","Orlando","FL","[PREMIUM]",,"[]",,,"[PREMIUM]"
"dbc9fb63-e33c-4de5-a6d1-6817a4135f6b","2026-04-08 23:05:07.452","2026-04-14 23:05:23.287","dbc9fb63-e33c-4de5-a6d1-6817a4135f6b","[PREMIUM]","Used",2024,"Audi","A5 Sportback","S-Line Premium Plus","[PREMIUM]","[PREMIUM]",38335,"Hatchback","White","BLACK","Four-wheel Drive",,,"Gasoline",,,"dealership","[PREMIUM]","Lynnwood","WA","[PREMIUM]",,"[]",,,"[PREMIUM]"
"d30ec90e-ee89-4671-ad88-ba8f00ff3215","2026-04-08 23:04:57.405","2026-04-08 23:04:57.405","d30ec90e-ee89-4671-ad88-ba8f00ff3215","[PREMIUM]","New",2026,"Ford","F-250","Lariat","[PREMIUM]","[PREMIUM]",0,"Truck","Avalanche Gray","Black Onyx","Four-wheel Drive",,,"Diesel",,,"dealership","[PREMIUM]","Pittsville","MD","[PREMIUM]",,"[]",,,"[PREMIUM]"
"cbb1b1f3-f976-4d34-ac2b-b4b01a2c1f27","2026-04-08 23:04:47.617","2026-04-08 23:04:47.617","cbb1b1f3-f976-4d34-ac2b-b4b01a2c1f27","[PREMIUM]","New",2026,"GMC","Sierra 1500","AT4X","[PREMIUM]","[PREMIUM]",0,"Truck","Tan","Obsidian Rush","Four-wheel Drive",,,"Gasoline",,,"dealership","[PREMIUM]","Houston","TX","[PREMIUM]",,"[]",,,"[PREMIUM]"
"4aee4842-1a06-4a84-abea-b04526db65f7","2026-04-08 23:04:37.441","2026-04-08 23:04:37.441","4aee4842-1a06-4a84-abea-b04526db65f7","[PREMIUM]","Used",2025,"Toyota","RAV4","XLE","[PREMIUM]","[PREMIUM]",15523,"SUV","Blueprint","Nutmeg","Front-wheel Drive",,,"Gasoline",,,"dealership","[PREMIUM]","Durham","NC","[PREMIUM]",,"[]",,,"[PREMIUM]"
"75d89188-142a-4d50-b90c-572afe580fdf","2026-04-08 23:04:37.433","2026-04-08 23:04:37.433","75d89188-142a-4d50-b90c-572afe580fdf","[PREMIUM]","New",2026,"RAM","1500","RHO Crew Cab 4x4 5&#39;7&#39; Box","[PREMIUM]","[PREMIUM]",5,"Truck","Diamond Black Crystal Pearlcoat","Black","Four-wheel Drive",,,"Gasoline",,,"dealership","[PREMIUM]","Modesto","CA","[PREMIUM]",,"[]",,,"[PREMIUM]"
"83da35f1-023d-4d74-8f6b-8d1da476da71","2026-04-08 23:04:37.431","2026-04-11 23:04:54.598","83da35f1-023d-4d74-8f6b-8d1da476da71","[PREMIUM]","Used",2025,"Mercedes-Benz","GLB 250","Base","[PREMIUM]","[PREMIUM]",24634,"SUV","Black","Black","Front-wheel Drive",,,"Gasoline",,,"dealership","[PREMIUM]","Baltimore","MD","[PREMIUM]",,"[]",,,"[PREMIUM]"
"a1b9f094-7366-4870-9275-ab260b942dd4","2026-04-08 23:04:37.419","2026-04-08 23:04:37.419","a1b9f094-7366-4870-9275-ab260b942dd4","[PREMIUM]","New",2026,"BMW","X5","xDrive40i","[PREMIUM]","[PREMIUM]",7,"SUV","Carbon Black Metallic","Cognac","All-wheel Drive",,,"Gasoline",,,"dealership","[PREMIUM]","Wesley Chapel","FL","[PREMIUM]",,"[]",,,"[PREMIUM]"
"03fb8b6f-7839-44ee-b571-2a3343d17246","2026-04-08 23:04:37.189","2026-04-08 23:04:37.189","03fb8b6f-7839-44ee-b571-2a3343d17246","[PREMIUM]","Used",2025,"Toyota","Highlander","LE","[PREMIUM]","[PREMIUM]",29333,"SUV","Blueprint","Black","Front-wheel Drive",,,"Gasoline",,,"dealership","[PREMIUM]","Palmetto Bay","FL","[PREMIUM]",,"[]",,,"[PREMIUM]"
"bfd39e0a-2949-40e0-827e-053092384c31","2026-04-08 23:04:37.156","2026-04-08 23:04:37.156","bfd39e0a-2949-40e0-827e-053092384c31","[PREMIUM]","Used",2025,"Subaru","Forester","Premium","[PREMIUM]","[PREMIUM]",14496,"SUV","Crimson Red Pearl","Gray","All-wheel Drive",,,"Gasoline",,,"dealership","[PREMIUM]","Countryside","IL","[PREMIUM]",,"[]",,,"[PREMIUM]"
"e902bc05-4190-40d9-91cd-156a6160f525","2026-04-08 23:04:37.140","2026-04-08 23:04:37.140","e902bc05-4190-40d9-91cd-156a6160f525","[PREMIUM]","Used",2025,"Mazda","CX-90","3.3 Turbo Preferred","[PREMIUM]","[PREMIUM]",14632,"SUV","Jet Black Mica","Black","All-wheel Drive",,,"Gasoline",,,"dealership","[PREMIUM]","Bloomfield","NJ","[PREMIUM]",,"[]",,,"[PREMIUM]"
"2604f71b-3b58-4499-92dd-9d78ab1ec029","2026-04-08 23:04:26.822","2026-04-08 23:04:26.822","2604f71b-3b58-4499-92dd-9d78ab1ec029","[PREMIUM]","New",2026,"Toyota","Sequoia","1794 Edition","[PREMIUM]","[PREMIUM]",0,"SUV","MUDBATH","Saddle Tan","4WD",,,"Hybrid",,,"dealership","[PREMIUM]","Miami","FL","[PREMIUM]",,"[]",,,"[PREMIUM]"
"9722dacd-c506-442e-aad4-f84420e23f60","2026-04-08 23:04:26.795","2026-04-08 23:04:26.795","9722dacd-c506-442e-aad4-f84420e23f60","[PREMIUM]","New",2026,"Toyota","Sequoia","TRD Pro","[PREMIUM]","[PREMIUM]",0,"SUV","Wave Maker","Black","Four-wheel Drive",,,"Gasoline",,,"dealership","[PREMIUM]","Elmhurst","IL","[PREMIUM]",,"[]",,,"[PREMIUM]"
"9bf4d086-1cda-4f6d-a2b2-0e98cf89a963","2026-04-08 23:04:06.646","2026-04-08 23:04:06.646","9bf4d086-1cda-4f6d-a2b2-0e98cf89a963","[PREMIUM]","Used",2025,"Subaru","Crosstrek","Sport","[PREMIUM]","[PREMIUM]",,"SUV","Magnetite Gray Metallic","Gray",,,,,,,"dealership","[PREMIUM]","Idaho Falls","ID","[PREMIUM]",,"[]",,,"[PREMIUM]"
"998ef170-1e92-476d-a3bf-9e74724c0ad9","2026-04-08 23:03:46.667","2026-04-08 23:03:46.667","998ef170-1e92-476d-a3bf-9e74724c0ad9","[PREMIUM]","New",2026,"Kia","K5","GT-Line","[PREMIUM]","[PREMIUM]",15,"Sedan","Wolf Gray","Black","Front-wheel Drive",,,"Gasoline",,,"dealership","[PREMIUM]","Orlando","FL","[PREMIUM]",,"[]",,,"[PREMIUM]"
"4cd46730-1876-4fc7-bb51-c25e3283ce9c","2026-04-08 23:03:46.557","2026-04-08 23:03:46.557","4cd46730-1876-4fc7-bb51-c25e3283ce9c","[PREMIUM]","New",2026,"Volkswagen","Taos","1.5T SE","[PREMIUM]","[PREMIUM]",10,"SUV","Deep Black","Black","Front-wheel Drive",,,"Gasoline",,,"dealership","[PREMIUM]","Garland","TX","[PREMIUM]",,"[]",,,"[PREMIUM]"
"6de9e09d-a780-4247-bda4-0ea41610f1dd","2026-04-08 23:03:06.866","2026-04-08 23:03:06.866","6de9e09d-a780-4247-bda4-0ea41610f1dd","[PREMIUM]","Used",2011,"Chevrolet","Express 1500","Cargo","[PREMIUM]","[PREMIUM]",50838,"Cargo Van","White","Gray","Rear-wheel Drive",,,"Gasoline",,,"dealership","[PREMIUM]","Warsaw","IN","[PREMIUM]",,"[]",,,"[PREMIUM]"
"d062a2ad-db36-4541-b6e2-13f1fddaa392","2026-04-08 23:03:06.699","2026-04-17 23:03:37.163","d062a2ad-db36-4541-b6e2-13f1fddaa392","[PREMIUM]","New",2026,"Honda","CR-V","LX AWD","[PREMIUM]","[PREMIUM]",1,"SUV","Solar Silver Metallic","Black","All-wheel Drive",,,"Gasoline",,,"dealership","[PREMIUM]","Clarksville","IN","[PREMIUM]",,"[]",,,"[PREMIUM]"
"911a8ddd-cbca-430e-b9ce-45d2a21030fe","2026-04-08 23:03:06.666","2026-04-14 23:03:32.365","911a8ddd-cbca-430e-b9ce-45d2a21030fe","[PREMIUM]","New",2026,"Nissan","Sentra","SR","[PREMIUM]","[PREMIUM]",2,"Sedan","White","Sport","Front-wheel Drive",,,"Gasoline",,,"dealership","[PREMIUM]","Findlay","OH","[PREMIUM]",,"[]",,,"[PREMIUM]"
"c1134037-5058-4232-8e7d-848bc65c719d","2026-04-08 23:03:06.314","2026-04-14 23:03:32.462","c1134037-5058-4232-8e7d-848bc65c719d","[PREMIUM]","New",2026,"Hyundai","TUCSON Hybrid","Blue SE","[PREMIUM]","[PREMIUM]",10,"SUV","Ash Black","Black","All-wheel Drive",,,"Hybrid",,,"dealership","[PREMIUM]","Oak Lawn","IL","[PREMIUM]",,"[]",,,"[PREMIUM]"
"cb6937d6-8ea4-4478-8226-d46b8449625a","2026-04-08 23:03:06.311","2026-04-08 23:03:06.311","cb6937d6-8ea4-4478-8226-d46b8449625a","[PREMIUM]","New",2026,"Hyundai","TUCSON","SEL","[PREMIUM]","[PREMIUM]",9,"SUV","Serenity White Pearl","Gray","Front-wheel Drive",,,"Gasoline",,,"dealership","[PREMIUM]","Ringgold","GA","[PREMIUM]",,"[]",,,"[PREMIUM]"
"352c82bb-4fa2-4529-beb3-24b4f7da5920","2026-04-08 23:02:56.346","2026-04-08 23:02:56.346","352c82bb-4fa2-4529-beb3-24b4f7da5920","[PREMIUM]","New",2026,"Honda","HR-V","Sport","[PREMIUM]","[PREMIUM]",3,"SUV","Milano Red","Black","All-wheel Drive",,,"Gasoline",,,"dealership","[PREMIUM]","Manchester","CT","[PREMIUM]",,"[]",,,"[PREMIUM]"
"0f61635b-264c-4608-be41-8b51e258cc47","2026-04-08 23:02:46.061","2026-04-08 23:02:46.061","0f61635b-264c-4608-be41-8b51e258cc47","[PREMIUM]","Used",2015,"Chevrolet","Corvette","Z06 Hardtop","[PREMIUM]","[PREMIUM]",5310,"Coupe","Shark Gray Metallic","Dark Gray","Rear-wheel Drive",,,"Gasoline",,,"dealership","[PREMIUM]","Denver","CO","[PREMIUM]",,"[]",,,"[PREMIUM]"
"bb129897-a411-4911-aacc-bcf68587f57d","2026-04-08 23:02:45.990","2026-04-08 23:02:45.990","bb129897-a411-4911-aacc-bcf68587f57d","[PREMIUM]","Used",2015,"Porsche","911","911 Carrera S","[PREMIUM]","[PREMIUM]",27673,"Convertible","Black","Black","Rear-wheel Drive",,,"Gasoline",,,"dealership","[PREMIUM]","Maitland","FL","[PREMIUM]",,"[]",,,"[PREMIUM]"
"9c0d1a98-6d04-4ec0-982a-64d4d7a28600","2026-04-08 23:02:45.988","2026-04-08 23:02:45.988","9c0d1a98-6d04-4ec0-982a-64d4d7a28600","[PREMIUM]","New",2026,"Kia","Sorento","LX","[PREMIUM]","[PREMIUM]",5,"SUV","White Pearl",,"Front-wheel Drive",,,"Gasoline",,,"dealership","[PREMIUM]","Lawton","OK","[PREMIUM]",,"[]",,,"[PREMIUM]"
"be4e5277-f616-4496-9a01-24c48bc90948","2026-04-08 23:02:15.755","2026-04-11 23:02:33.149","be4e5277-f616-4496-9a01-24c48bc90948","[PREMIUM]","New",2026,"Toyota","Corolla Cross","XLE","[PREMIUM]","[PREMIUM]",10,"SUV","Pearl","Black","Front-wheel Drive",,,"Gasoline",,,"dealership","[PREMIUM]","Johnson City","TN","[PREMIUM]",,"[]",,,"[PREMIUM]"
"5fb3aa91-e165-4a82-94a3-feeb41dc477c","2026-04-08 23:01:55.749","2026-04-08 23:01:55.749","5fb3aa91-e165-4a82-94a3-feeb41dc477c","[PREMIUM]","New",2026,"Toyota","Tacoma","SR","[PREMIUM]","[PREMIUM]",6,"Truck","0040","Black","Rear-wheel Drive",,,"Gasoline",,,"dealership","[PREMIUM]","Scottsdale","AZ","[PREMIUM]",,"[]",,,"[PREMIUM]"
"8c389547-a3c2-49de-bbd3-6bcd51e4801a","2026-04-08 23:01:55.707","2026-04-08 23:01:55.707","8c389547-a3c2-49de-bbd3-6bcd51e4801a","[PREMIUM]","New",2026,"Nissan","Rogue","SV","[PREMIUM]","[PREMIUM]",20,"SUV","Everest White Pearl Tricoat","Charcoal","All-wheel Drive",,,"Gasoline",,,"dealership","[PREMIUM]","Des Moines","IA","[PREMIUM]",,"[]",,,"[PREMIUM]"
"e860295c-b7ea-4fa9-96d3-777d4ab35029","2026-04-08 23:01:25.469","2026-04-08 23:01:25.469","e860295c-b7ea-4fa9-96d3-777d4ab35029","[PREMIUM]","New",2026,"Ford","Bronco Sport","Big Bend","[PREMIUM]","[PREMIUM]",13,"SUV","Oxford White",,"Four-wheel Drive",,,"Gasoline",,,"dealership","[PREMIUM]","Prescott","AZ","[PREMIUM]",,"[]",,,"[PREMIUM]"
"380a898b-1752-47ee-a5e3-ad3ca4534bd7","2026-04-08 23:01:15.515","2026-04-08 23:01:15.515","380a898b-1752-47ee-a5e3-ad3ca4534bd7","[PREMIUM]","New",2026,"Ford","Maverick","XL","[PREMIUM]","[PREMIUM]",27,"Truck","Space Gray",,"All-wheel Drive",,,"Gasoline",,,"dealership","[PREMIUM]","Prescott","AZ","[PREMIUM]",,"[]",,,"[PREMIUM]"
"52da9454-0765-430f-b3a5-7afca158c8a0","2026-04-08 23:01:15.448","2026-04-08 23:01:15.448","52da9454-0765-430f-b3a5-7afca158c8a0","[PREMIUM]","New",2026,"Jeep","Compass","Latitude","[PREMIUM]","[PREMIUM]",10,"SUV","Diamond Black Crystal Pearlcoat","Black","Four-wheel Drive",,,"Gasoline",,,"dealership","[PREMIUM]","Madison","WI","[PREMIUM]",,"[]",,,"[PREMIUM]"
"cdd5916b-1b3f-4514-93e5-c71ec58b2c1f","2026-04-08 23:01:15.419","2026-04-08 23:01:15.419","cdd5916b-1b3f-4514-93e5-c71ec58b2c1f","[PREMIUM]","Used",2025,"Lexus","GX 550","Premium+","[PREMIUM]","[PREMIUM]",22594,"SUV","Nightfall Mica","Dapple Gray","Four-wheel Drive",,,"Gasoline",,,"dealership","[PREMIUM]","Alexandria","VA","[PREMIUM]",,"[]",,,"[PREMIUM]"
"5c3ccd6f-b0b7-4fb1-a220-d8ed8d90a8af","2026-04-08 22:59:35.154","2026-04-08 22:59:35.154","5c3ccd6f-b0b7-4fb1-a220-d8ed8d90a8af","[PREMIUM]","Used",2014,"Volkswagen","Touareg","3.6L Sport","[PREMIUM]","[PREMIUM]",97662,"SUV","Pure White","Black Anthracite","All-wheel Drive",,,"Gasoline",,,"dealership","[PREMIUM]","Portland","OR","[PREMIUM]",,"[]",,,"[PREMIUM]"
"3130ecc2-f9be-45ad-9dae-2737d264d1a6","2026-04-08 22:58:04.576","2026-04-14 22:58:38.417","3130ecc2-f9be-45ad-9dae-2737d264d1a6","[PREMIUM]","Used",2017,"Mercedes-Benz","Sprinter 2500","High Roof","[PREMIUM]","[PREMIUM]",81105,"Cargo Van","Blue","Black","Four-wheel Drive",,,"Diesel",,,"private","[PREMIUM]",,,"[PREMIUM]",,"[]",,,"[PREMIUM]"
"a6a44c73-69cd-4a3c-9238-7d882727402b","2026-04-08 22:57:04.002","2026-04-08 22:57:04.002","a6a44c73-69cd-4a3c-9238-7d882727402b","[PREMIUM]","New",2026,"RAM","1500","Laramie","[PREMIUM]","[PREMIUM]",0,"Truck","Forged Blue Metallic","Black","Four-wheel Drive",,,"Gasoline",,,"dealership","[PREMIUM]","Moreno Valley","CA","[PREMIUM]",,"[]",,,"[PREMIUM]"
"fe467c36-5b25-4ec8-903e-22f558ecb3d6","2026-04-08 22:57:03.655","2026-04-08 22:57:03.655","fe467c36-5b25-4ec8-903e-22f558ecb3d6","[PREMIUM]","New",2026,"Jeep","Grand Wagoneer","Upland 4x4","[PREMIUM]","[PREMIUM]",0,"SUV","Bright White Clearcoat","Global Black","Four-wheel Drive",,,"Gasoline",,,"dealership","[PREMIUM]","Auburn","ME","[PREMIUM]",,"[]",,,"[PREMIUM]"
"ef113e83-0d17-4b6a-99b2-f33f96fc83e4","2026-04-08 22:57:03.651","2026-04-11 22:57:09.587","ef113e83-0d17-4b6a-99b2-f33f96fc83e4","[PREMIUM]","New",2026,"Chevrolet","Tahoe","4WD Z71","[PREMIUM]","[PREMIUM]",4,"SUV","Cypress Gray","Gideon/Very Dark Atmosphere","Four-wheel Drive",,,"Gasoline",,,"dealership","[PREMIUM]","Lexington","KY","[PREMIUM]",,"[]",,,"[PREMIUM]"
"8dc2e0c5-7dea-48dd-bee7-6e13df4b96dd","2026-04-08 22:55:43.509","2026-04-11 22:55:58.680","8dc2e0c5-7dea-48dd-bee7-6e13df4b96dd","[PREMIUM]","Used",2020,"Buick","Envision","FWD Preferred","[PREMIUM]","[PREMIUM]",65508,"SUV","Dark Moon Blue Metallic","Light Neutral w/Ebony Accents","Front-wheel Drive",,,"Gasoline",,,"dealership","[PREMIUM]","Belmont","NC","[PREMIUM]",,"[]",,,"[PREMIUM]"
"6b2e66a6-4c7f-4d7a-a117-d153b2910023","2026-04-08 22:54:23.222","2026-04-11 22:54:47.515","6b2e66a6-4c7f-4d7a-a117-d153b2910023","[PREMIUM]","Used",2017,"Lexus","RX 350",,"[PREMIUM]","[PREMIUM]",85083,"SUV","White","BROWN","Four-wheel Drive",,,"Gasoline",,,"dealership","[PREMIUM]","Tulsa","OK","[PREMIUM]",,"[]",,,"[PREMIUM]"
"4bb39b55-3f7b-41f9-a1c3-6cf8c7b31057","2026-04-08 22:54:23.143","2026-04-08 22:54:23.143","4bb39b55-3f7b-41f9-a1c3-6cf8c7b31057","[PREMIUM]","Used",2018,"Toyota","Tundra","SR5","[PREMIUM]","[PREMIUM]",140795,"Truck","Silver Sky Metallic","Graphite","Four-wheel Drive",,,"Gasoline",,,"dealership","[PREMIUM]","Grapevine","TX","[PREMIUM]",,"[]",,,"[PREMIUM]"
"0b8d64af-84ba-4a9d-ad3e-c6ef18d34cac","2026-04-08 22:54:23.110","2026-04-08 22:54:23.110","0b8d64af-84ba-4a9d-ad3e-c6ef18d34cac","[PREMIUM]","Used",2017,"Toyota","Tacoma","SR5","[PREMIUM]","[PREMIUM]",43023,"Truck","Gray","GRAY","Rear-wheel Drive",,,"Gasoline",,,"dealership","[PREMIUM]","Milwaukie","OR","[PREMIUM]",,"[]",,,"[PREMIUM]"
"7ffbdc3d-dcdc-4624-a29b-64981a924b0f","2026-04-08 22:53:42.906","2026-04-08 22:53:42.906","7ffbdc3d-dcdc-4624-a29b-64981a924b0f","[PREMIUM]","New",2026,"Chevrolet","Silverado 2500","LT","[PREMIUM]","[PREMIUM]",6,"Truck","Lakeshore Blue","Jet Black","Four-wheel Drive",,,"Gasoline",,,"dealership","[PREMIUM]","Lexington","KY","[PREMIUM]",,"[]",,,"[PREMIUM]"
"6b26f210-19b8-4847-8ea3-91944e796202","2026-04-08 22:53:32.832","2026-04-08 22:53:32.832","6b26f210-19b8-4847-8ea3-91944e796202","[PREMIUM]","New",2026,"Lexus","RX 350h","Luxury","[PREMIUM]","[PREMIUM]",5,"SUV","Eminent White Pearl","Macadamia","All-wheel Drive",,,"Gasoline",,,"dealership","[PREMIUM]","Farmingdale","NY","[PREMIUM]",,"[]",,,"[PREMIUM]"
"8099945a-67e3-45ce-b0c3-27b2bf02bf19","2026-04-08 22:52:22.960","2026-04-08 22:52:22.960","8099945a-67e3-45ce-b0c3-27b2bf02bf19","[PREMIUM]","Used",2020,"INFINITI","Q50","Luxe","[PREMIUM]","[PREMIUM]",43662,"Sedan","White","GRAY","Four-wheel Drive",,,"Gasoline",,,"dealership","[PREMIUM]","Cincinnati","OH","[PREMIUM]",,"[]",,,"[PREMIUM]"
"df722afe-b599-4bb9-bf1b-1f2af85ac3c7","2026-04-08 22:52:22.647","2026-04-14 22:52:57.225","df722afe-b599-4bb9-bf1b-1f2af85ac3c7","[PREMIUM]","Used",2020,"Jeep","Grand Cherokee","Altitude","[PREMIUM]","[PREMIUM]",44200,"SUV","Red","BLACK","Four-wheel Drive",,,"Gasoline",,,"dealership","[PREMIUM]","Santa Fe","NM","[PREMIUM]",,"[]",,,"[PREMIUM]"
"822d9264-d699-4e0d-a2ec-032ade93b799","2026-04-08 22:52:12.863","2026-04-08 22:52:12.863","822d9264-d699-4e0d-a2ec-032ade93b799","[PREMIUM]","New",2026,"Land Rover","Range Rover Sport","P635 SV","[PREMIUM]","[PREMIUM]",32,"SUV","Ostuni Pearl White","Rosewood/Ebony","AWD",,,"Gasoline",,,"dealership","[PREMIUM]","San Jose","CA","[PREMIUM]",,"[]",,,"[PREMIUM]"
"56a306eb-a69f-4478-94e1-8dbdb9095e8f","2026-04-08 22:52:12.534","2026-04-14 22:52:46.930","56a306eb-a69f-4478-94e1-8dbdb9095e8f","[PREMIUM]","New",2026,"Land Rover","Range Rover Sport","P635 SV","[PREMIUM]","[PREMIUM]",29,"SUV","Amethyst Grey Purple In Gloss Finish","Ebony / Ebony","All-wheel Drive",,,"Gasoline",,,"dealership","[PREMIUM]","Salt Lake City","UT","[PREMIUM]",,"[]",,,"[PREMIUM]"
"458bacea-4711-4e30-92ef-a541d1d7a7ae","2026-04-08 22:51:12.426","2026-04-11 22:51:25.044","458bacea-4711-4e30-92ef-a541d1d7a7ae","[PREMIUM]","Used",2022,"Jeep","Grand Cherokee L","Limited","[PREMIUM]","[PREMIUM]",46473,"SUV","Bright White Clearcoat","Beige / Black","Four-wheel Drive",,,"Gasoline",,,"dealership","[PREMIUM]","Lexington","NC","[PREMIUM]",,"[]",,,"[PREMIUM]"
"fb144208-2bd2-4537-856a-1e53acd3b0cb","2026-04-08 22:50:52.593","2026-04-08 22:50:52.593","fb144208-2bd2-4537-856a-1e53acd3b0cb","[PREMIUM]","Used",2018,"Volkswagen","Tiguan","2.0T S 4MOTION","[PREMIUM]","[PREMIUM]",91852,"SUV","Deep Black Pearl Metallic","Titan Black","All-wheel Drive",,,"Gasoline",,,"dealership","[PREMIUM]","Indianapolis","IN","[PREMIUM]",,"[]",,,"[PREMIUM]"
"9219e387-d26e-4b88-839a-b70105f464ff","2026-04-08 22:50:52.228","2026-04-08 22:50:52.228","9219e387-d26e-4b88-839a-b70105f464ff","[PREMIUM]","Used",2022,"Toyota","Highlander","XLE","[PREMIUM]","[PREMIUM]",79719,"SUV","Celestial Silver Metallic","Black","Front-wheel Drive",,,"Gasoline",,,"dealership","[PREMIUM]","Monroe","OH","[PREMIUM]",,"[]",,,"[PREMIUM]"
"10df8af3-de56-4795-bd2f-878dbf1fadf8","2026-04-08 22:50:52.113","2026-04-08 22:50:52.113","10df8af3-de56-4795-bd2f-878dbf1fadf8","[PREMIUM]","Used",2014,"Honda","Civic","LX","[PREMIUM]","[PREMIUM]",141195,"Sedan","Crystal Black Pearl","Black","Front-wheel Drive",,,"Gasoline",,,"dealership","[PREMIUM]","Akron","OH","[PREMIUM]",,"[]",,,"[PREMIUM]"
"7f6b8ae0-d756-4be1-9f38-739abcd9cf48","2026-04-08 22:50:31.850","2026-04-08 22:50:31.850","7f6b8ae0-d756-4be1-9f38-739abcd9cf48","[PREMIUM]","Used",2022,"Volkswagen","Atlas","3.6L SE w/Technology","[PREMIUM]","[PREMIUM]",63315,"SUV","Pyrite Silver Metallic","Titan Black","Front-wheel Drive",,,"Gasoline",,,"dealership","[PREMIUM]","Birmingham","AL","[PREMIUM]",,"[]",,,"[PREMIUM]"
"6ea6be42-56c8-40d6-bbf2-6a9c9cdff76b","2026-04-08 22:50:31.816","2026-04-08 22:50:31.816","6ea6be42-56c8-40d6-bbf2-6a9c9cdff76b","[PREMIUM]","Used",2022,"Chevrolet","Blazer","Premier","[PREMIUM]","[PREMIUM]",46242,"SUV","Black","Jet Black","All-wheel Drive",,,"Gasoline",,,"dealership","[PREMIUM]","Chippewa Falls","WI","[PREMIUM]",,"[]",,,"[PREMIUM]"
"2cfc776b-8516-4362-b20c-bd6b7935bac7","2026-04-08 22:50:01.581","2026-04-08 22:50:01.581","2cfc776b-8516-4362-b20c-bd6b7935bac7","[PREMIUM]","Used",2022,"Kia","Sorento","SX","[PREMIUM]","[PREMIUM]",32088,"SUV","Blue","BLACK","Four-wheel Drive",,,"Gasoline",,,"dealership","[PREMIUM]","Indianapolis","IN","[PREMIUM]",,"[]",,,"[PREMIUM]"
"9928757f-5508-44bf-a5d0-06d4316b0b72","2026-04-08 22:50:01.527","2026-04-14 22:50:25.927","9928757f-5508-44bf-a5d0-06d4316b0b72","[PREMIUM]","New",2026,"GMC","Sierra 1500","Elevation","[PREMIUM]","[PREMIUM]",3,"Truck","Downpour Metallic","Jet Black","Four-wheel Drive",,,"Diesel",,,"dealership","[PREMIUM]","Tremonton","UT","[PREMIUM]",,"[]",,,"[PREMIUM]"
"21f0b9e8-9629-4cd7-8b74-a59188fb50d2","2026-04-08 22:46:51.259","2026-04-14 22:47:24.645","21f0b9e8-9629-4cd7-8b74-a59188fb50d2","[PREMIUM]","Used",2024,"Subaru","Crosstrek",,"[PREMIUM]","[PREMIUM]",11683,"SUV","Blue","Gray",,,,,,,"dealership","[PREMIUM]","Orchard Park","NY","[PREMIUM]",,"[]",,,"[PREMIUM]"
"877e0b72-d901-4b74-aa93-a03ba4fb3635","2026-04-08 22:46:01.101","2026-04-08 22:46:01.101","877e0b72-d901-4b74-aa93-a03ba4fb3635","[PREMIUM]","Used",2025,"Subaru","Crosstrek","Premium","[PREMIUM]","[PREMIUM]",1699,"SUV","Sun Blaze Pearl","Black","All-wheel Drive",,,"Gasoline",,,"dealership","[PREMIUM]","Skokie","IL","[PREMIUM]",,"[]",,,"[PREMIUM]"
"c094e501-bebb-4fd2-bdce-dc852193c950","2026-04-08 22:46:01.021","2026-04-08 22:46:01.021","c094e501-bebb-4fd2-bdce-dc852193c950","[PREMIUM]","Used",2012,"Mercedes-Benz","C-Class","C 300 4MATIC Sport","[PREMIUM]","[PREMIUM]",179000,"Sedan","Silver","Black","All-wheel Drive",,,"Gasoline",,,"private","[PREMIUM]",,,"[PREMIUM]",,"[]",,,"[PREMIUM]"
"4154069d-3268-4447-ac97-4a99f86aa987","2026-04-08 22:45:40.913","2026-04-08 22:45:40.913","4154069d-3268-4447-ac97-4a99f86aa987","[PREMIUM]","New",2026,"Toyota","Tundra","SR5","[PREMIUM]","[PREMIUM]",0,"Truck","Celestial Silver Metallic","Black","Four-wheel Drive",,,"Gasoline",,,"dealership","[PREMIUM]","Elmhurst","IL","[PREMIUM]",,"[]",,,"[PREMIUM]"
"94563b6c-a9d1-4a60-91c2-6a5995a238ea","2026-04-08 22:45:30.928","2026-04-08 22:45:30.928","94563b6c-a9d1-4a60-91c2-6a5995a238ea","[PREMIUM]","New",2026,"RAM","1500","Laramie","[PREMIUM]","[PREMIUM]",0,"Truck","Diamond Black Crystal Pearlcoat","Black","Four-wheel Drive",,,"Gasoline",,,"dealership","[PREMIUM]","Miami","FL","[PREMIUM]",,"[]",,,"[PREMIUM]"
"4071411a-5e10-4d59-9de2-82c32143aa84","2026-04-08 22:45:20.792","2026-04-08 22:45:20.792","4071411a-5e10-4d59-9de2-82c32143aa84","[PREMIUM]","New",2026,"Jeep","Grand Cherokee","Summit","[PREMIUM]","[PREMIUM]",2,"SUV","diamond black crystal pearlcoat","global black","Four-wheel Drive",,,"Gasoline",,,"dealership","[PREMIUM]","La Mesa","CA","[PREMIUM]",,"[]",,,"[PREMIUM]"
"5daa2894-8221-424d-b8dc-79b8fda60115","2026-04-08 22:45:20.749","2026-04-08 22:45:20.749","5daa2894-8221-424d-b8dc-79b8fda60115","[PREMIUM]","New",2026,"Chevrolet","Silverado 1500","LT Trail Boss","[PREMIUM]","[PREMIUM]",4,"Truck","Sterling Gray Metallic","Jet Black","Four-wheel Drive",,,"Gasoline",,,"dealership","[PREMIUM]","Arlington","TX","[PREMIUM]",,"[]",,,"[PREMIUM]"
"c489b610-d140-4500-a6d5-fa8c9070b808","2026-04-08 22:45:10.667","2026-04-11 22:45:20.356","c489b610-d140-4500-a6d5-fa8c9070b808","[PREMIUM]","Used",2025,"Honda","HR-V","Sport","[PREMIUM]","[PREMIUM]",6671,"SUV","White","BLACK","Four-wheel Drive",,,"Gasoline",,,"dealership","[PREMIUM]","Fort Worth","TX","[PREMIUM]",,"[]",,,"[PREMIUM]"
"185a8ed7-15c0-4f99-9c96-2fd310683db1","2026-04-08 22:45:00.823","2026-04-11 22:45:10.171","185a8ed7-15c0-4f99-9c96-2fd310683db1","[PREMIUM]","Used",2025,"Nissan","Kicks","SR","[PREMIUM]","[PREMIUM]",4296,"SUV","White","BLACK","Rear-wheel Drive",,,"Gasoline",,,"dealership","[PREMIUM]","Raleigh","NC","[PREMIUM]",,"[]",,,"[PREMIUM]"
"7e1cf1ef-f0d5-425f-af9d-bdc5a4399eae","2026-04-08 22:45:00.491","2026-04-08 22:45:00.491","7e1cf1ef-f0d5-425f-af9d-bdc5a4399eae","[PREMIUM]","Used",2025,"Toyota","Camry","LE","[PREMIUM]","[PREMIUM]",5018,"Sedan","Silver","BLACK","Rear-wheel Drive",,,"Hybrid",,,"dealership","[PREMIUM]","Glen Allen","VA","[PREMIUM]",,"[]",,,"[PREMIUM]"
"58bdef41-5133-4061-bc08-4093da515071","2026-04-08 22:45:00.461","2026-04-14 22:45:24.227","58bdef41-5133-4061-bc08-4093da515071","[PREMIUM]","Used",2025,"Honda","Civic","Sport","[PREMIUM]","[PREMIUM]",10640,"Hatchback","Silver","BLACK","Rear-wheel Drive",,,"Gasoline",,,"dealership","[PREMIUM]","Pompano Beach","FL","[PREMIUM]",,"[]",,,"[PREMIUM]"
"e5ec576e-13d1-4d1d-8093-6209e9390d68","2026-04-08 22:44:50.258","2026-04-08 22:44:50.258","e5ec576e-13d1-4d1d-8093-6209e9390d68","[PREMIUM]","New",2026,"Nissan","Sentra","SR","[PREMIUM]","[PREMIUM]",15,"Sedan","Atlantic Gray Metallic","Sport","Front-wheel Drive",,,"Gasoline",,,"dealership","[PREMIUM]","Gadsden","AL","[PREMIUM]",,"[]",,,"[PREMIUM]"
"ec4b6a60-b89b-4006-b8af-b24c4fdfb761","2026-04-08 22:44:50.250","2026-04-08 22:44:50.250","ec4b6a60-b89b-4006-b8af-b24c4fdfb761","[PREMIUM]","Used",2025,"Mazda","CX-30","2.5 S Preferred Package","[PREMIUM]","[PREMIUM]",22243,"SUV","Gray","BLACK","Four-wheel Drive",,,"Gasoline",,,"dealership","[PREMIUM]","Marysville","WA","[PREMIUM]",,"[]",,,"[PREMIUM]"
"63055364-82e4-44eb-a93d-95d67507e159","2026-04-08 22:44:50.229","2026-04-14 22:45:24.107","63055364-82e4-44eb-a93d-95d67507e159","[PREMIUM]","New",2026,"Kia","Seltos","S","[PREMIUM]","[PREMIUM]",6,"SUV","Neptune Blue","Black","All-wheel Drive",,,"Gasoline",,,"dealership","[PREMIUM]","Medina","OH","[PREMIUM]",,"[]",,,"[PREMIUM]"
"b5d40eb7-8ae8-4403-b0fa-4e30779b83bf","2026-04-08 22:44:30.008","2026-04-08 22:44:30.008","b5d40eb7-8ae8-4403-b0fa-4e30779b83bf","[PREMIUM]","New",2026,"Ford","Maverick","XL","[PREMIUM]","[PREMIUM]",10,"Truck","Space White Metallic","Black Onyx/Dark Slate","Front-wheel Drive",,,"Gasoline",,,"dealership","[PREMIUM]","Cartersville","GA","[PREMIUM]",,"[]",,,"[PREMIUM]"
"c8698f16-99ef-4a8a-b429-14bd6219310b","2026-04-08 22:44:29.987","2026-04-14 22:44:53.901","c8698f16-99ef-4a8a-b429-14bd6219310b","[PREMIUM]","New",2026,"Hyundai","KONA","SE","[PREMIUM]","[PREMIUM]",3,"SUV","Denim Blue Pearl","Gray","All-wheel Drive",,,"Gasoline",,,"dealership","[PREMIUM]","Framingham","MA","[PREMIUM]",,"[]",,,"[PREMIUM]"
"75cf9faa-d221-49b6-b0e0-7adbb57504e0","2026-04-08 22:44:29.936","2026-04-08 22:44:29.936","75cf9faa-d221-49b6-b0e0-7adbb57504e0","[PREMIUM]","New",2026,"Kia","Seltos","S","[PREMIUM]","[PREMIUM]",12,"SUV","Steel Gray","Black","All-wheel Drive",,,"Gasoline",,,"dealership","[PREMIUM]","Kalamazoo","MI","[PREMIUM]",,"[]",,,"[PREMIUM]"
"b43ec4c1-2c17-4bf6-9d69-17bd3b21f082","2026-04-08 22:44:10.056","2026-04-08 22:44:10.056","b43ec4c1-2c17-4bf6-9d69-17bd3b21f082","[PREMIUM]","New",2026,"Kia","K5","GT-Line","[PREMIUM]","[PREMIUM]",21,"Sedan","Aurora Black Pearl","Black","Front-wheel Drive",,,"Gasoline",,,"dealership","[PREMIUM]","Slidell","LA","[PREMIUM]",,"[]",,,"[PREMIUM]"
"03e0f645-3538-40a7-b6f0-5fb8665d7f4e","2026-04-08 22:44:09.802","2026-04-08 22:44:09.802","03e0f645-3538-40a7-b6f0-5fb8665d7f4e","[PREMIUM]","New",2026,"Toyota","Corolla","LE","[PREMIUM]","[PREMIUM]",12,"Sedan","Midnight Black Metallic","Gray","Front-wheel Drive",,,"Gasoline",,,"dealership","[PREMIUM]","Corpus Christi","TX","[PREMIUM]",,"[]",,,"[PREMIUM]"
"ac31ea3a-d253-4eaf-a54f-051baa932ddc","2026-04-08 22:44:09.788","2026-04-11 22:44:19.747","ac31ea3a-d253-4eaf-a54f-051baa932ddc","[PREMIUM]","New",2026,"Chevrolet","Trax","LT","[PREMIUM]","[PREMIUM]",3,"SUV","Sterling Gray Metallic","Jet Black","Front-wheel Drive",,,"E85 Flex Fuel",,,"dealership","[PREMIUM]","Mount Hope","WV","[PREMIUM]",,"[]",,,"[PREMIUM]"
"fe5c5c99-68b2-4143-91de-0ae53f9a8620","2026-04-08 22:44:00.004","2026-04-11 22:44:19.816","fe5c5c99-68b2-4143-91de-0ae53f9a8620","[PREMIUM]","New",2026,"Nissan","Sentra","SR","[PREMIUM]","[PREMIUM]",10,"Sedan","White","Charcoal","Front-wheel Drive",,,"Gasoline",,,"dealership","[PREMIUM]","Gonzales","LA","[PREMIUM]",,"[]",,,"[PREMIUM]"
"2d6beb31-54e3-4430-a261-953f5e241ec4","2026-04-08 22:43:59.648","2026-04-11 22:44:09.589","2d6beb31-54e3-4430-a261-953f5e241ec4","[PREMIUM]","New",2026,"Mazda","Mazda3","FWD w/Select Package","[PREMIUM]","[PREMIUM]",1,"Hatchback","Jet Black Mica","Black","Front-wheel Drive",,,"Gasoline",,,"dealership","[PREMIUM]","Cleveland","OH","[PREMIUM]",,"[]",,,"[PREMIUM]"
"5eb1bca3-7bce-403a-ab4d-a36586a029a9","2026-04-08 22:43:50.058","2026-04-14 22:44:22.869","5eb1bca3-7bce-403a-ab4d-a36586a029a9","[PREMIUM]","New",2026,"Chevrolet","Equinox","1LT","[PREMIUM]","[PREMIUM]",3711,"SUV","Lakeshore Blue Metallic","Black","All-wheel Drive",,,"Gasoline",,,"dealership","[PREMIUM]","Buffalo","MN","[PREMIUM]",,"[]",,,"[PREMIUM]"
"d8163b6b-7ca4-4822-ade8-a10e00db1171","2026-04-08 22:43:49.778","2026-04-08 22:43:49.778","d8163b6b-7ca4-4822-ade8-a10e00db1171","[PREMIUM]","New",2026,"Kia","Seltos","S","[PREMIUM]","[PREMIUM]",7,"SUV","Clear White/Black Roof","Black","Front-wheel Drive",,,"Gasoline",,,"dealership","[PREMIUM]","Coral Springs","FL","[PREMIUM]",,"[]",,,"[PREMIUM]"
"21216d01-0b0e-49f5-ba8b-8828b7dc3e9b","2026-04-08 22:43:49.759","2026-04-08 22:43:49.759","21216d01-0b0e-49f5-ba8b-8828b7dc3e9b","[PREMIUM]","New",2026,"Nissan","Sentra","SV","[PREMIUM]","[PREMIUM]",1,"Sedan","Gun Metallic","Charcoal","Front-wheel Drive",,,"Gasoline",,,"dealership","[PREMIUM]","Harrisonburg","VA","[PREMIUM]",,"[]",,,"[PREMIUM]"
"e8d0716c-19c9-4bef-8ab1-cd0496e1a419","2026-04-08 22:43:49.755","2026-04-08 22:43:49.755","e8d0716c-19c9-4bef-8ab1-cd0496e1a419","[PREMIUM]","New",2026,"Honda","Civic","Sport","[PREMIUM]","[PREMIUM]",2,"Sedan","Platinum","Black","Front-wheel Drive",,,"Gasoline",,,"dealership","[PREMIUM]","Brooklyn","NY","[PREMIUM]",,"[]",,,"[PREMIUM]"
"bb34012b-1e97-4834-a200-6e56f7b7e076","2026-04-08 22:43:49.743","2026-04-08 22:43:49.743","bb34012b-1e97-4834-a200-6e56f7b7e076","[PREMIUM]","New",2026,"Hyundai","VENUE","SEL","[PREMIUM]","[PREMIUM]",13,"SUV","Mirage Green","Black","Front-wheel Drive",,,"Gasoline",,,"dealership","[PREMIUM]","Enfield","CT","[PREMIUM]",,"[]",,,"[PREMIUM]"
"4adccb9e-5a59-4913-a576-c4cf3617ba3f","2026-04-08 22:43:49.463","2026-04-08 22:43:49.463","4adccb9e-5a59-4913-a576-c4cf3617ba3f","[PREMIUM]","New",2026,"Nissan","Sentra","SR","[PREMIUM]","[PREMIUM]",5,"Sedan","Gun Metallic","Sport","Front-wheel Drive",,,"Gasoline",,,"dealership","[PREMIUM]","Conyers","GA","[PREMIUM]",,"[]",,,"[PREMIUM]"
"69667246-311a-4dba-9f26-5cbdf9effea3","2026-04-08 22:43:49.454","2026-04-11 22:44:09.658","69667246-311a-4dba-9f26-5cbdf9effea3","[PREMIUM]","New",2026,"Honda","Civic","Sport","[PREMIUM]","[PREMIUM]",2,"Sedan","Crystal Black Pearl","Black","Front-wheel Drive",,,"Gasoline",,,"dealership","[PREMIUM]","Brooklyn","NY","[PREMIUM]",,"[]",,,"[PREMIUM]"
"51c90a48-39e1-4962-9852-ce7784680893","2026-04-08 22:43:49.430","2026-04-08 22:43:49.430","51c90a48-39e1-4962-9852-ce7784680893","[PREMIUM]","New",2026,"Hyundai","SONATA","SE","[PREMIUM]","[PREMIUM]",10,"Sedan","Carbon Blue","Black","Front-wheel Drive",,,"Gasoline",,,"dealership","[PREMIUM]","Columbus","OH","[PREMIUM]",,"[]",,,"[PREMIUM]"
"d83ab724-db79-49b3-a55f-4dab2e89419e","2026-04-08 22:43:49.426","2026-04-08 22:43:49.426","d83ab724-db79-49b3-a55f-4dab2e89419e","[PREMIUM]","New",2026,"Mazda","CX-30","2.5 S","[PREMIUM]","[PREMIUM]",,"SUV","Jet Black Mica","Black/Black","All-wheel Drive",,,"Gasoline",,,"dealership","[PREMIUM]","Royal Palm Beach","FL","[PREMIUM]",,"[]",,,"[PREMIUM]"
"565d74fd-4b15-4881-a6dd-c6b5c74ed664","2026-04-08 22:43:49.409","2026-04-14 22:44:22.749","565d74fd-4b15-4881-a6dd-c6b5c74ed664","[PREMIUM]","New",2026,"Toyota","Corolla Cross","L","[PREMIUM]","[PREMIUM]",0,"SUV","Wind Chill Pearl","Light Gray","All-wheel Drive",,,"Gasoline",,,"dealership","[PREMIUM]","Brooklyn","NY","[PREMIUM]",,"[]",,,"[PREMIUM]"
"a6941536-857c-4893-82de-e123be15f319","2026-04-08 22:43:39.269","2026-04-08 22:43:39.269","a6941536-857c-4893-82de-e123be15f319","[PREMIUM]","New",2026,"Chevrolet","Trailblazer","LT","[PREMIUM]","[PREMIUM]",5572,"SUV","Summit White","Black","Front-wheel Drive",,,"Gasoline",,,"dealership","[PREMIUM]","Union City","GA","[PREMIUM]",,"[]",,,"[PREMIUM]"
"2670c672-3334-4ef4-b1fe-42b024c01a5e","2026-04-08 22:43:39.221","2026-04-08 22:43:39.221","2670c672-3334-4ef4-b1fe-42b024c01a5e","[PREMIUM]","New",2026,"Ford","Maverick","XL","[PREMIUM]","[PREMIUM]",10,"Truck","Oxford White",,"Front-wheel Drive",,,"Gasoline",,,"dealership","[PREMIUM]","Prescott","AZ","[PREMIUM]",,"[]",,,"[PREMIUM]"
"7312f13d-4df4-40a0-ae65-eab30114e7b1","2026-04-08 22:41:48.603","2026-04-11 22:42:07.348","7312f13d-4df4-40a0-ae65-eab30114e7b1","[PREMIUM]","New",2026,"Toyota","Grand Highlander","Platinum","[PREMIUM]","[PREMIUM]",0,"SUV","Midnight Black Metallic","Portobello","All-wheel Drive",,,"Gasoline",,,"dealership","[PREMIUM]","Elmhurst","IL","[PREMIUM]",,"[]",,,"[PREMIUM]"
"b4d3900e-8462-4c8c-844a-0ca418086d59","2026-04-08 22:41:48.588","2026-04-08 22:41:48.588","b4d3900e-8462-4c8c-844a-0ca418086d59","[PREMIUM]","Used",1993,"Mercedes-Benz","E-Class","400E","[PREMIUM]","[PREMIUM]",150000,"Sedan","White","Brown","Rear-wheel Drive",,,,,,"private","[PREMIUM]",,,"[PREMIUM]",,"[]",,,"[PREMIUM]"
"6e001a88-79da-47a3-911b-5003d4723801","2026-04-08 22:40:58.408","2026-04-08 22:40:58.408","6e001a88-79da-47a3-911b-5003d4723801","[PREMIUM]","New",2027,"Kia","Telluride","X-Line SX-Prestige","[PREMIUM]","[PREMIUM]",5,"SUV","Glacial White Pearl","Black","All-wheel Drive",,,"Gasoline",,,"dealership","[PREMIUM]","Denver","CO","[PREMIUM]",,"[]",,,"[PREMIUM]"
"a028995c-2015-4e9c-92fa-c051cae7816b","2026-04-08 22:38:38.236","2026-04-08 22:38:38.236","a028995c-2015-4e9c-92fa-c051cae7816b","[PREMIUM]","Used",2010,"Toyota","FJ Cruiser","Base","[PREMIUM]","[PREMIUM]",77458,"SUV","Iceberg","Dark Charcoal","Four-wheel Drive",,,"Gasoline",,,"dealership","[PREMIUM]","Murfreesboro","TN","[PREMIUM]",,"[]",,,"[PREMIUM]"
"6de41ab3-40b8-46fe-a213-cfe5d5d92a04","2026-04-08 22:38:18.027","2026-04-08 22:38:18.027","6de41ab3-40b8-46fe-a213-cfe5d5d92a04","[PREMIUM]","Used",2010,"Volkswagen","Golf","4-Door","[PREMIUM]","[PREMIUM]",106573,"Hatchback","Shark Blue Metallic","Titan Black","Front-wheel Drive",,,"Gasoline",,,"dealership","[PREMIUM]","Chicago","IL","[PREMIUM]",,"[]",,,"[PREMIUM]"
"6b67a9ee-6575-4aec-ad4f-b8580cec5a38","2026-04-08 22:38:08.329","2026-04-17 22:38:58.339","6b67a9ee-6575-4aec-ad4f-b8580cec5a38","[PREMIUM]","Used",2013,"Dodge","Challenger","R/T","[PREMIUM]","[PREMIUM]",37372,"Coupe","Billet Silver Metallic","Dark Slate Gray Interior","Rear-wheel Drive",,,"Gasoline",,,"dealership","[PREMIUM]","Spokane","WA","[PREMIUM]",,"[]",,,"[PREMIUM]"
"2fcedce5-9493-4f15-acb4-0ddf830fd8b5","2026-04-08 22:37:37.810","2026-04-08 22:37:37.810","2fcedce5-9493-4f15-acb4-0ddf830fd8b5","[PREMIUM]","Used",2021,"GMC","Sierra 1500","AT4","[PREMIUM]","[PREMIUM]",90322,"Truck","Summit White","Jet Black w/Kalahari Accents","Four-wheel Drive",,,"Gasoline",,,"dealership","[PREMIUM]","Slidell","LA","[PREMIUM]",,"[]",,,"[PREMIUM]"
"8b498fc2-de75-40a8-aeaa-688edc83c69c","2026-04-08 22:37:37.773","2026-04-14 22:38:08.685","8b498fc2-de75-40a8-aeaa-688edc83c69c","[PREMIUM]","Used",2019,"BMW","M850","xDrive","[PREMIUM]","[PREMIUM]",15971,"Convertible","Carbon Black Metallic","Ivory White","All-wheel Drive",,,"Gasoline",,,"dealership","[PREMIUM]","Scottsdale","AZ","[PREMIUM]",,"[]",,,"[PREMIUM]"
"78074a1c-8214-479e-ad3a-98b54a8a9adc","2026-04-08 22:37:37.750","2026-04-11 22:37:53.740","78074a1c-8214-479e-ad3a-98b54a8a9adc","[PREMIUM]","Used",2019,"RAM","3500","Laramie","[PREMIUM]","[PREMIUM]",91047,"Truck","Granite Crystal Clearcoat Metallic","Black","Four-wheel Drive",,,"Diesel",,,"dealership","[PREMIUM]","Marietta","GA","[PREMIUM]",,"[]",,,"[PREMIUM]"
"83704bf2-0ea9-4f81-8b35-5aac68f29e8d","2026-04-08 22:37:37.738","2026-04-11 22:37:53.783","83704bf2-0ea9-4f81-8b35-5aac68f29e8d","[PREMIUM]","Used",2012,"Nissan","Rogue","S","[PREMIUM]","[PREMIUM]",170535,"SUV","Beige","Gray","Front-wheel Drive",,,"Gasoline",,,"private","[PREMIUM]",,,"[PREMIUM]",,"[]",,,"[PREMIUM]"
"c80fac67-6aae-46a1-8646-c29bf0fb5868","2026-04-08 22:37:27.543","2026-04-08 22:37:27.543","c80fac67-6aae-46a1-8646-c29bf0fb5868","[PREMIUM]","Used",2019,"Chevrolet","Corvette","Stingray","[PREMIUM]","[PREMIUM]",23753,"Coupe","Shadow Gray Metallic","Jet Black","Rear-wheel Drive",,,"Gasoline",,,"dealership","[PREMIUM]","Bethlehem","PA","[PREMIUM]",,"[]",,,"[PREMIUM]"
"5fa189f0-8acc-44e7-9aa1-96f401bb66b0","2026-04-08 22:36:47.358","2026-04-08 22:36:47.358","5fa189f0-8acc-44e7-9aa1-96f401bb66b0","[PREMIUM]","Used",2016,"Ford","F-150","XL","[PREMIUM]","[PREMIUM]",76949,"Truck","Oxford White","Medium Earth Gray","Four-wheel Drive",,,"Gasoline",,,"dealership","[PREMIUM]","Gurnee","IL","[PREMIUM]",,"[]",,,"[PREMIUM]"
"78cdb462-a17d-42c6-8c94-9d4b8d3bbcb1","2026-04-08 22:36:37.369","2026-04-08 22:36:37.369","78cdb462-a17d-42c6-8c94-9d4b8d3bbcb1","[PREMIUM]","Used",2025,"Mercedes-Benz","Maybach S 580","4MATIC","[PREMIUM]","[PREMIUM]",1959,"Sedan","Nautical Blue Metallic","Silver Grey/Black","All-wheel Drive",,,"Gasoline",,,"dealership","[PREMIUM]","Rahway","NJ","[PREMIUM]",,"[]",,,"[PREMIUM]"
"3a113a15-07be-440a-a50c-e2e65e26947b","2026-04-08 22:36:37.207","2026-04-08 22:36:37.207","3a113a15-07be-440a-a50c-e2e65e26947b","[PREMIUM]","Used",2016,"Chevrolet","Silverado 1500","LT","[PREMIUM]","[PREMIUM]",138493,"Truck","Summit White","Dark Ash","Four-wheel Drive",,,"Gasoline",,,"dealership","[PREMIUM]","Phoenix","AZ","[PREMIUM]",,"[]",,,"[PREMIUM]"
"a5516ad6-4e0f-4ed6-8f7e-b8df2ec0cd02","2026-04-08 22:36:37.167","2026-04-11 22:36:52.892","a5516ad6-4e0f-4ed6-8f7e-b8df2ec0cd02","[PREMIUM]","Used",2023,"BMW","X6","xDrive40i","[PREMIUM]","[PREMIUM]",20500,"SUV","Blue","Silver","All-wheel Drive",,,"Hybrid",,,"private","[PREMIUM]",,,"[PREMIUM]",,"[]",,,"[PREMIUM]"
"9c566107-f573-4378-a442-45ec0545bac3","2026-04-08 22:36:37.142","2026-04-08 22:36:37.142","9c566107-f573-4378-a442-45ec0545bac3","[PREMIUM]","New",2025,"Mercedes-Benz","AMG EQS","AMG EQS 4MATIC+ Sedan","[PREMIUM]","[PREMIUM]",2,"Sedan","MANUFAKTUR Moonlight White Metallic","Black/Sable Brown","All-wheel Drive",,,"Electric",,,"dealership","[PREMIUM]","Bethesda","MD","[PREMIUM]",,"[]",,,"[PREMIUM]"
"2e8a5460-ec29-4194-bf4c-3ee7f34079d3","2026-04-08 22:36:37.123","2026-04-08 22:36:37.123","2e8a5460-ec29-4194-bf4c-3ee7f34079d3","[PREMIUM]","Used",2016,"Toyota","Highlander","XLE","[PREMIUM]","[PREMIUM]",55951,"SUV","Predawn Gray Mica","Ash","Front-wheel Drive",,,"Gasoline",,,"dealership","[PREMIUM]","Cumming","GA","[PREMIUM]",,"[]",,,"[PREMIUM]"
"c68388cc-6c23-41c1-b844-0b428a93235d","2026-04-08 22:36:37.109","2026-04-08 22:36:37.109","c68388cc-6c23-41c1-b844-0b428a93235d","[PREMIUM]","Used",2017,"Jeep","Wrangler","Sahara","[PREMIUM]","[PREMIUM]",58513,"SUV","Black Clearcoat","Black","Four-wheel Drive",,,"Gasoline",,,"dealership","[PREMIUM]","Hanover","MA","[PREMIUM]",,"[]",,,"[PREMIUM]"
"344c2331-8dcc-4f99-bc3f-bb194b6acb41","2026-04-08 22:36:37.049","2026-04-08 22:36:37.049","344c2331-8dcc-4f99-bc3f-bb194b6acb41","[PREMIUM]","New",2025,"Mercedes-Benz","AMG EQS","AMG EQS 4MATIC+ Sedan","[PREMIUM]","[PREMIUM]",2,"Sedan","Cirrus Silver Metallic","Black/Sable Brown","All-wheel Drive",,,"Electric",,,"dealership","[PREMIUM]","Bethesda","MD","[PREMIUM]",,"[]",,,"[PREMIUM]"
"914fd578-1d73-41ed-88f6-9078670c1a4d","2026-04-08 22:36:26.890","2026-04-08 22:36:26.890","914fd578-1d73-41ed-88f6-9078670c1a4d","[PREMIUM]","Used",2017,"Dodge","Durango","GT","[PREMIUM]","[PREMIUM]",62642,"SUV","Granite Clearcoat Metallic","Black","All-wheel Drive",,,"Gasoline",,,"dealership","[PREMIUM]","Elmsford","NY","[PREMIUM]",,"[]",,,"[PREMIUM]"
"f989cae6-4da2-4e54-bbb7-92ae0dba5365","2026-04-08 22:36:26.574","2026-04-08 22:36:26.574","f989cae6-4da2-4e54-bbb7-92ae0dba5365","[PREMIUM]","New",2026,"Land Rover","Range Rover Sport","P635 SV","[PREMIUM]","[PREMIUM]",28,"SUV","British Racing Green In Satin Finish","Ebony / Ebony","AWD",,,"Gasoline",,,"dealership","[PREMIUM]","Littleton","CO","[PREMIUM]",,"[]",,,"[PREMIUM]"
"41b87a29-1104-4fa2-8814-72595a4ff409","2026-04-08 22:35:56.428","2026-04-14 22:36:18.079","41b87a29-1104-4fa2-8814-72595a4ff409","[PREMIUM]","Used",2016,"Audi","S5","3.0T Premium Plus","[PREMIUM]","[PREMIUM]",34645,"Convertible","Mythos Black Metallic w/ Black Roof","Black / Magma Red","All-wheel Drive",,,"Gasoline",,,"dealership","[PREMIUM]","Naples","FL","[PREMIUM]",,"[]",,,"[PREMIUM]"
"b6fa591e-28d3-46de-8f25-0e441fe38dff","2026-04-08 22:35:36.299","2026-04-08 22:35:36.299","b6fa591e-28d3-46de-8f25-0e441fe38dff","[PREMIUM]","Used",2017,"Toyota","Sienna","Limited","[PREMIUM]","[PREMIUM]",93732,"Passenger Van","Predawn Gray Mica","Ash","All-wheel Drive",,,"Gasoline",,,"dealership","[PREMIUM]","Boulder","CO","[PREMIUM]",,"[]",,,"[PREMIUM]"
"bf8191ca-8297-461a-b61d-ca59a6162a13","2026-04-08 22:34:56.412","2026-04-08 22:34:56.412","bf8191ca-8297-461a-b61d-ca59a6162a13","[PREMIUM]","New",2026,"Chevrolet","Silverado 1500","RST","[PREMIUM]","[PREMIUM]",5,"Truck","Sterling Gray Metallic","Jet Black","Four-wheel Drive",,,"Gasoline",,,"dealership","[PREMIUM]","Tremonton","UT","[PREMIUM]",,"[]",,,"[PREMIUM]"
"e46f8468-a7cc-4ef1-8514-2c1a5d66a7a5","2026-04-08 22:34:56.135","2026-04-08 22:34:56.135","e46f8468-a7cc-4ef1-8514-2c1a5d66a7a5","[PREMIUM]","Used",2018,"Jeep","Wrangler Unlimited","Sahara","[PREMIUM]","[PREMIUM]",92994,"SUV","Bright White Clearcoat","Black","Four-wheel Drive",,,"Gasoline",,,"dealership","[PREMIUM]","White Bear Lake","MN","[PREMIUM]",,"[]",,,"[PREMIUM]"
"ba1fbc80-65ff-4f1b-bef6-16b672ebf52b","2026-04-08 22:34:56.112","2026-04-08 22:34:56.112","ba1fbc80-65ff-4f1b-bef6-16b672ebf52b","[PREMIUM]","New",2026,"RAM","2500","Tradesman","[PREMIUM]","[PREMIUM]",10,"Truck","Molten Red Pearlcoat","Diesel Gray/Black","Four-wheel Drive",,,"Gasoline",,,"dealership","[PREMIUM]","Marianna","FL","[PREMIUM]",,"[]",,,"[PREMIUM]"
"724cb761-4745-483d-a3e9-7b207a7f62f3","2026-04-08 22:34:26.002","2026-04-11 22:34:30.934","724cb761-4745-483d-a3e9-7b207a7f62f3","[PREMIUM]","New",2026,"Lexus","NX 350","350 Base","[PREMIUM]","[PREMIUM]",5,"SUV","Infrared","Black","All-wheel Drive",,,"Gasoline",,,"dealership","[PREMIUM]","Farmingdale","NY","[PREMIUM]",,"[]",,,"[PREMIUM]"
"a2aebc51-3526-4e15-a987-60007b274c64","2026-04-08 22:32:35.909","2026-04-08 22:32:35.909","a2aebc51-3526-4e15-a987-60007b274c64","[PREMIUM]","Used",2019,"Mercedes-Benz","C-Class","C 300 4MATIC","[PREMIUM]","[PREMIUM]",66794,"Convertible","Obsidian Black Metallic","Cranberry Red","All-wheel Drive",,,"Gasoline",,,"dealership","[PREMIUM]","Valley Stream","NY","[PREMIUM]",,"[]",,,"[PREMIUM]"
"31177a80-aa1c-4245-808b-b37cf63d4c51","2026-04-08 22:32:26.093","2026-04-11 22:32:40.054","31177a80-aa1c-4245-808b-b37cf63d4c51","[PREMIUM]","Used",2019,"Honda","CR-V","EX","[PREMIUM]","[PREMIUM]",77762,"SUV","Gray","Black","All-wheel Drive",,,"Gasoline",,,"dealership","[PREMIUM]","Scottsdale","AZ","[PREMIUM]",,"[]",,,"[PREMIUM]"
"6d5ee10f-6fa4-4953-8315-61019f740a25","2026-04-08 22:32:15.718","2026-04-11 22:32:30.022","6d5ee10f-6fa4-4953-8315-61019f740a25","[PREMIUM]","Used",2020,"Hyundai","SANTA FE","2.0T Limited","[PREMIUM]","[PREMIUM]",56279,"SUV","Quartz","Espresso","Front-wheel Drive",,,"Gasoline",,,"dealership","[PREMIUM]","Plano","TX","[PREMIUM]",,"[]",,,"[PREMIUM]"
"50235f1c-dbc0-45dc-9037-8df42dcd07ac","2026-04-08 22:31:55.974","2026-04-08 22:31:55.974","50235f1c-dbc0-45dc-9037-8df42dcd07ac","[PREMIUM]","Used",2020,"Toyota","C-HR","LE","[PREMIUM]","[PREMIUM]",37399,"SUV","Black","BLACK","Rear-wheel Drive",,,"Gasoline",,,"dealership","[PREMIUM]","San Antonio","TX","[PREMIUM]",,"[]",,,"[PREMIUM]"
"f129fa41-3af2-4e19-b925-11cb9fdefc4c","2026-04-08 22:31:45.751","2026-04-08 22:31:45.751","f129fa41-3af2-4e19-b925-11cb9fdefc4c","[PREMIUM]","Used",2020,"Nissan","Pathfinder","S","[PREMIUM]","[PREMIUM]",24212,"SUV","Gray","BLACK","Four-wheel Drive",,,"Gasoline",,,"dealership","[PREMIUM]","Milwaukee","WI","[PREMIUM]",,"[]",,,"[PREMIUM]"
"86f0add8-d94a-4e49-91fb-c39477e2da65","2026-04-08 22:30:55.273","2026-04-08 22:30:55.273","86f0add8-d94a-4e49-91fb-c39477e2da65","[PREMIUM]","Used",2021,"Dodge","Charger","Scat Pack","[PREMIUM]","[PREMIUM]",62842,"Sedan","Hellraisin","Black","Rear-wheel Drive",,,"Gasoline",,,"dealership","[PREMIUM]","Brodheadsville","PA","[PREMIUM]",,"[]",,,"[PREMIUM]"
"eeb9567a-6205-4491-9ef5-fe0782c49857","2026-04-08 22:30:55.244","2026-04-08 22:30:55.244","eeb9567a-6205-4491-9ef5-fe0782c49857","[PREMIUM]","Used",2021,"Subaru","Outback","Limited XT","[PREMIUM]","[PREMIUM]",84937,"SUV","Gray","BLACK","Four-wheel Drive",,,"Gasoline",,,"dealership","[PREMIUM]","Federal Heights","CO","[PREMIUM]",,"[]",,,"[PREMIUM]"
"5ae0176f-1b0b-49b7-b74c-d74acfe8752d","2026-04-08 22:30:25.457","2026-04-08 22:30:25.457","5ae0176f-1b0b-49b7-b74c-d74acfe8752d","[PREMIUM]","Used",2022,"Subaru","Impreza","Sport","[PREMIUM]","[PREMIUM]",19771,"Hatchback","White","BLACK","Four-wheel Drive",,,"Gasoline",,,"dealership","[PREMIUM]","Nashville","TN","[PREMIUM]",,"[]",,,"[PREMIUM]"
"58000bf5-2d86-48f4-bda2-4a9f749a9ed8","2026-04-08 22:30:15.064","2026-04-08 22:30:15.064","58000bf5-2d86-48f4-bda2-4a9f749a9ed8","[PREMIUM]","Used",2022,"Toyota","Corolla","SE","[PREMIUM]","[PREMIUM]",55523,"Sedan","Silver","GRAY","Rear-wheel Drive",,,"Gasoline",,,"dealership","[PREMIUM]","Hoover","AL","[PREMIUM]",,"[]",,,"[PREMIUM]"
"bc34a748-9241-4df4-a569-609fdf145951","2026-04-08 22:30:05.042","2026-04-08 22:30:05.042","bc34a748-9241-4df4-a569-609fdf145951","[PREMIUM]","Used",2022,"Subaru","Crosstrek","Limited","[PREMIUM]","[PREMIUM]",36654,"SUV","Black","Black",,,,,,,"dealership","[PREMIUM]","Orchard Park","NY","[PREMIUM]",,"[]",,,"[PREMIUM]"
"ccb39ecd-be53-48e2-ac41-fa63a3f009ec","2026-04-08 22:29:54.961","2026-04-08 22:29:54.961","ccb39ecd-be53-48e2-ac41-fa63a3f009ec","[PREMIUM]","Used",2022,"Mazda","CX-5","2.5 S Select Package","[PREMIUM]","[PREMIUM]",53000,"SUV","Gray","BLACK","Four-wheel Drive",,,"Gasoline",,,"dealership","[PREMIUM]","Federal Heights","CO","[PREMIUM]",,"[]",,,"[PREMIUM]"
"d51fda2c-65a1-4470-a2c2-490b334187b8","2026-04-08 22:29:24.838","2026-04-11 22:29:38.888","d51fda2c-65a1-4470-a2c2-490b334187b8","[PREMIUM]","New",2026,"Mazda","CX-5","2.5 S Premium Plus Package","[PREMIUM]","[PREMIUM]",4,"SUV","Navy Blue Mica","Black","All-wheel Drive",,,"Gasoline",,,"dealership","[PREMIUM]","Nyack","NY","[PREMIUM]",,"[]",,,"[PREMIUM]"
"ae2ec670-5118-4df6-bb22-9294d28e568c","2026-04-08 22:29:14.833","2026-04-08 22:29:14.833","ae2ec670-5118-4df6-bb22-9294d28e568c","[PREMIUM]","Used",2023,"Ford","Edge","SEL","[PREMIUM]","[PREMIUM]",41704,"SUV","Oxford White","Ebony","All-wheel Drive",,,"Gasoline",,,"dealership","[PREMIUM]","Buffalo","MN","[PREMIUM]",,"[]",,,"[PREMIUM]"
"9af73582-18a4-4205-9349-10fb3cb3b32c","2026-04-08 22:29:04.725","2026-04-08 22:29:04.725","9af73582-18a4-4205-9349-10fb3cb3b32c","[PREMIUM]","Used",2023,"Honda","Civic","LX","[PREMIUM]","[PREMIUM]",16439,"Sedan","Meteorite Gray Metallic","Gray","Front-wheel Drive",,,"Gasoline",,,"dealership","[PREMIUM]","Scottsdale","AZ","[PREMIUM]",,"[]",,,"[PREMIUM]"
"026849a0-1ded-4121-9ab1-9b1a85936948","2026-04-08 22:28:34.611","2026-04-08 22:28:34.611","026849a0-1ded-4121-9ab1-9b1a85936948","[PREMIUM]","Used",2023,"Nissan","Sentra","SR","[PREMIUM]","[PREMIUM]",89925,"Sedan","Aspen White Tricoat/Super Black","Sport","Front-wheel Drive",,,"Gasoline",,,"dealership","[PREMIUM]","Glen Burnie","MD","[PREMIUM]",,"[]",,,"[PREMIUM]"
"b5dc0172-8721-4b93-8127-5ecb7ae1a759","2026-04-08 22:28:34.529","2026-04-08 22:28:34.529","b5dc0172-8721-4b93-8127-5ecb7ae1a759","[PREMIUM]","Used",2023,"Chevrolet","Silverado 1500","ZR2","[PREMIUM]","[PREMIUM]",36580,"Truck","Summit White","Jet Black/Graystone","Four-wheel Drive",,,"Gasoline",,,"dealership","[PREMIUM]","Brainerd","MN","[PREMIUM]",,"[]",,,"[PREMIUM]"
"17780e88-ea92-4678-9858-0371908aedb9","2026-04-08 22:28:14.276","2026-04-08 22:28:14.276","17780e88-ea92-4678-9858-0371908aedb9","[PREMIUM]","Used",2023,"Nissan","Rogue","SV","[PREMIUM]","[PREMIUM]",32225,"SUV","Black","BLACK","Four-wheel Drive",,,"Gasoline",,,"dealership","[PREMIUM]","Pineville","NC","[PREMIUM]",,"[]",,,"[PREMIUM]"
"61eca91c-07e9-4e9a-856d-e1904c5d58f6","2026-04-08 22:27:54.196","2026-04-08 22:27:54.196","61eca91c-07e9-4e9a-856d-e1904c5d58f6","[PREMIUM]","New",2026,"Nissan","Pathfinder","Platinum","[PREMIUM]","[PREMIUM]",0,"SUV","White Pearl","Chestnut Semi-Aniline Lth","Four-wheel Drive",,,"Gasoline",,,"dealership","[PREMIUM]","Franklin","TN","[PREMIUM]",,"[]",,,"[PREMIUM]"
"ed19cbd9-5c28-4eb0-8003-b68b66240659","2026-04-08 22:27:54.176","2026-04-08 22:27:54.176","ed19cbd9-5c28-4eb0-8003-b68b66240659","[PREMIUM]","New",2026,"Toyota","Tacoma","TRD Sport","[PREMIUM]","[PREMIUM]",0,"Truck","Ice Cap","Boulder/Black w/Smoke Silver","Four-wheel Drive",,,"Gasoline",,,"dealership","[PREMIUM]","Elmhurst","IL","[PREMIUM]",,"[]",,,"[PREMIUM]"
"2bf20845-4d2b-44ed-a628-3b5f2eb2c229","2026-04-08 22:27:54.156","2026-04-08 22:27:54.156","2bf20845-4d2b-44ed-a628-3b5f2eb2c229","[PREMIUM]","New",2026,"Toyota","Sienna","XLE","[PREMIUM]","[PREMIUM]",0,"Passenger Van","Cypress","Gray","Front-wheel Drive",,,"Gasoline",,,"dealership","[PREMIUM]","Elmhurst","IL","[PREMIUM]",,"[]",,,"[PREMIUM]"
"3c09eafa-d88e-4278-b2d6-c1105d901c1a","2026-04-08 22:27:54.101","2026-04-11 22:28:07.900","3c09eafa-d88e-4278-b2d6-c1105d901c1a","[PREMIUM]","Used",2023,"Hyundai","SANTA FE","SEL","[PREMIUM]","[PREMIUM]",48581,"SUV","White","BLACK","Four-wheel Drive",,,"Gasoline",,,"dealership","[PREMIUM]","Franklin","TN","[PREMIUM]",,"[]",,,"[PREMIUM]"
"565e23d8-ab69-4ecf-a1df-bdb323c51ec4","2026-04-08 22:27:54.095","2026-04-14 22:28:36.598","565e23d8-ab69-4ecf-a1df-bdb323c51ec4","[PREMIUM]","Used",2024,"Mazda","Mazda3","AWD","[PREMIUM]","[PREMIUM]",21043,"Hatchback","Polymetal Gray Metallic","Red","All-wheel Drive",,,"Gasoline",,,"dealership","[PREMIUM]","Grandville","MI","[PREMIUM]",,"[]",,,"[PREMIUM]"
"28f788b1-0042-4843-b45c-dbd7853794b4","2026-04-08 22:27:54.059","2026-04-08 22:27:54.059","28f788b1-0042-4843-b45c-dbd7853794b4","[PREMIUM]","New",2026,"Toyota","Tacoma","TRD Off Road","[PREMIUM]","[PREMIUM]",0,"Truck","Mudbath","Boulder/Black w/Smoke Silver","Four-wheel Drive",,,"Gasoline",,,"dealership","[PREMIUM]","Elmhurst","IL","[PREMIUM]",,"[]",,,"[PREMIUM]"
"ea05f71e-6461-4279-a389-ea08f48df358","2026-04-08 22:27:43.815","2026-04-08 22:27:43.815","ea05f71e-6461-4279-a389-ea08f48df358","[PREMIUM]","Used",2024,"Dodge","Hornet","GT Plus","[PREMIUM]","[PREMIUM]",23019,"SUV","8 BALL","Black","All-wheel Drive",,,"Gasoline",,,"dealership","[PREMIUM]","Middlesboro","KY","[PREMIUM]",,"[]",,,"[PREMIUM]"
"c1021f7e-5f3a-4b42-93d8-78ffdcf80add","2026-04-08 22:27:24.020","2026-04-08 22:27:24.020","c1021f7e-5f3a-4b42-93d8-78ffdcf80add","[PREMIUM]","Used",2026,"Honda","Pilot","TrailSport","[PREMIUM]","[PREMIUM]",2966,"SUV","Sonic Gray Pearl","Nh-877p/Black","All-wheel Drive",,,"Gasoline",,,"dealership","[PREMIUM]","Columbia","MO","[PREMIUM]",,"[]",,,"[PREMIUM]"
"8e174d96-dcdb-41e6-8666-a315ed776821","2026-04-08 22:27:24.011","2026-04-08 22:27:24.011","8e174d96-dcdb-41e6-8666-a315ed776821","[PREMIUM]","New",2026,"Honda","Pilot","EX-L","[PREMIUM]","[PREMIUM]",24,"SUV","BK","Blk Lth-Trmmed W/Fabric","All-wheel Drive",,,"Gasoline",,,"dealership","[PREMIUM]","Daytona Beach","FL","[PREMIUM]",,"[]",,,"[PREMIUM]"
"11bb4646-1969-47db-b2d5-6b82e7cdefdf","2026-04-08 22:27:23.689","2026-04-11 22:27:47.431","11bb4646-1969-47db-b2d5-6b82e7cdefdf","[PREMIUM]","New",2026,"Toyota","Tacoma","SR5","[PREMIUM]","[PREMIUM]",0,"Truck","Ice Cap","Boulder","Four-wheel Drive",,,"Gasoline",,,"dealership","[PREMIUM]","Orlando","FL","[PREMIUM]",,"[]",,,"[PREMIUM]"
"8642a99c-023a-4b24-9cc7-4609af2c159a","2026-04-08 22:27:23.578","2026-04-08 22:27:23.578","8642a99c-023a-4b24-9cc7-4609af2c159a","[PREMIUM]","New",2026,"Hyundai","Palisade Hybrid","SEL 7P","[PREMIUM]","[PREMIUM]",5,"SUV","Ecotronic Gray Pearl","Black","All-wheel Drive",,,"Gasoline",,,"dealership","[PREMIUM]","Lincolnwood","IL","[PREMIUM]",,"[]",,,"[PREMIUM]"
"25f9ecac-82bb-4165-8197-285c360a3983","2026-04-08 22:27:23.567","2026-04-08 22:27:23.567","25f9ecac-82bb-4165-8197-285c360a3983","[PREMIUM]","New",2026,"Honda","Odyssey","Elite","[PREMIUM]","[PREMIUM]",111,"Passenger Van","Gray",,"Front-wheel Drive",,,"Gasoline",,,"dealership","[PREMIUM]","Louisville","KY","[PREMIUM]",,"[]",,,"[PREMIUM]"
"7977bce1-c382-4e6e-8cdc-cc9e14f96476","2026-04-08 22:27:23.523","2026-04-11 22:27:57.641","7977bce1-c382-4e6e-8cdc-cc9e14f96476","[PREMIUM]","New",2026,"Honda","Odyssey","Sport-L","[PREMIUM]","[PREMIUM]",78,"Passenger Van","Radiant Red","Black","Front-wheel Drive",,,"Gasoline",,,"dealership","[PREMIUM]","Port Richey","FL","[PREMIUM]",,"[]",,,"[PREMIUM]"
"e0e75c6a-6782-4cf3-889f-b88c44554469","2026-04-08 22:27:23.519","2026-04-11 22:27:47.433","e0e75c6a-6782-4cf3-889f-b88c44554469","[PREMIUM]","Used",2026,"Mercedes-Benz","GLC 300","4MATIC","[PREMIUM]","[PREMIUM]",4203,"SUV","Polar White","Black","All-wheel Drive",,,"Gasoline",,,"dealership","[PREMIUM]","LA","CA","[PREMIUM]",,"[]",,,"[PREMIUM]"
"94bdf035-1b56-4e23-98a3-f48c6bae4cf1","2026-04-08 22:27:23.510","2026-04-08 22:27:23.510","94bdf035-1b56-4e23-98a3-f48c6bae4cf1","[PREMIUM]","New",2027,"Kia","Telluride","X-Line EX","[PREMIUM]","[PREMIUM]",6,"SUV","Black Jade Green","Black","All-wheel Drive",,,"Gasoline",,,"dealership","[PREMIUM]","Orland Hills","IL","[PREMIUM]",,"[]",,,"[PREMIUM]"
"500ddd6f-98c1-4313-a7fa-5d372ed2f1b3","2026-04-08 22:27:03.251","2026-04-08 22:27:03.251","500ddd6f-98c1-4313-a7fa-5d372ed2f1b3","[PREMIUM]","Used",2024,"Kia","K5","GT-Line","[PREMIUM]","[PREMIUM]",37175,"Sedan","Wolf Gray","Black","Front-wheel Drive",,,"Gasoline",,,"dealership","[PREMIUM]","Orlando","FL","[PREMIUM]",,"[]",,,"[PREMIUM]"
"df163ddd-fe51-4518-aecf-f5d9012214c7","2026-04-08 22:26:53.404","2026-04-08 22:26:53.404","df163ddd-fe51-4518-aecf-f5d9012214c7","[PREMIUM]","Used",2024,"Subaru","Crosstrek","Premium","[PREMIUM]","[PREMIUM]",61748,"SUV","Ice Silver Metallic","Black","All-wheel Drive",,,"Gasoline",,,"dealership","[PREMIUM]","Bennington","VT","[PREMIUM]",,"[]",,,"[PREMIUM]"
"279a87c1-2142-420d-967b-09a2cce6cfca","2026-04-08 22:26:53.016","2026-04-20 22:29:08.801","279a87c1-2142-420d-967b-09a2cce6cfca","[PREMIUM]","Used",2024,"Ford","Escape","ST-Line","[PREMIUM]","[PREMIUM]",29390,"SUV","Vapor Blue","Ebony","All-wheel Drive",,,"Gasoline",,,"dealership","[PREMIUM]","Findlay","OH","[PREMIUM]",,"[]",,,"[PREMIUM]"
"b0a1f8ab-279d-4d62-b94d-138d80679db9","2026-04-08 22:26:53.005","2026-04-08 22:26:53.005","b0a1f8ab-279d-4d62-b94d-138d80679db9","[PREMIUM]","Used",2024,"Nissan","Sentra","SV","[PREMIUM]","[PREMIUM]",129,"Sedan","Blue","BLACK","Rear-wheel Drive",,,"Gasoline",,,"dealership","[PREMIUM]","Columbia","SC","[PREMIUM]",,"[]",,,"[PREMIUM]"
"5226de07-081c-457c-83d1-2b6b5b1c1e5f","2026-04-08 22:26:52.998","2026-04-14 22:27:16.623","5226de07-081c-457c-83d1-2b6b5b1c1e5f","[PREMIUM]","Used",2024,"Chevrolet","Malibu","FWD 1LT","[PREMIUM]","[PREMIUM]",52193,"Sedan","Sterling Gray Metallic","Jet Black","Front-wheel Drive",,,"Gasoline",,,"dealership","[PREMIUM]","Clinton","TN","[PREMIUM]",,"[]",,,"[PREMIUM]"
"be1173ce-7773-4b9c-b29a-f83e02ba3672","2026-04-08 22:26:52.995","2026-04-08 22:26:52.995","be1173ce-7773-4b9c-b29a-f83e02ba3672","[PREMIUM]","Used",2024,"Hyundai","ELANTRA","SEL","[PREMIUM]","[PREMIUM]",2002,"Sedan","White","Black","Front-wheel Drive",,,"Gasoline",,,"dealership","[PREMIUM]","Canton","GA","[PREMIUM]",,"[]",,,"[PREMIUM]"
"caedf92d-e619-4e7d-9c2b-3e7afcdf5c8b","2026-04-08 22:26:12.836","2026-04-11 22:26:27.206","caedf92d-e619-4e7d-9c2b-3e7afcdf5c8b","[PREMIUM]","Used",2024,"Subaru","Legacy","Premium","[PREMIUM]","[PREMIUM]",25223,"Sedan","Silver","BLACK","Four-wheel Drive",,,"Gasoline",,,"dealership","[PREMIUM]","Vancouver","WA","[PREMIUM]",,"[]",,,"[PREMIUM]"
"59243cc9-c6c7-4b3a-9f86-6db49c118fdb","2026-04-08 22:26:12.737","2026-04-08 22:26:12.737","59243cc9-c6c7-4b3a-9f86-6db49c118fdb","[PREMIUM]","Used",2024,"Subaru","Impreza","Base","[PREMIUM]","[PREMIUM]",33378,"Hatchback","Crystal White Pearl","Black",,,,,,,"dealership","[PREMIUM]","Bridgeport","WV","[PREMIUM]",,"[]",,,"[PREMIUM]"
"a9c36280-99a4-4615-9c3b-b9453ef412b5","2026-04-08 22:25:52.670","2026-04-08 22:25:52.670","a9c36280-99a4-4615-9c3b-b9453ef412b5","[PREMIUM]","Used",2024,"Nissan","Rogue","SV","[PREMIUM]","[PREMIUM]",54633,"SUV","Red","BLACK","Four-wheel Drive",,,"Gasoline",,,"dealership","[PREMIUM]","Greensboro","NC","[PREMIUM]",,"[]",,,"[PREMIUM]"
"99823345-5de3-4b39-a8f4-d11b6310888d","2026-04-08 22:25:22.631","2026-04-08 22:25:22.631","99823345-5de3-4b39-a8f4-d11b6310888d","[PREMIUM]","Used",2025,"Mazda","Mazda3","FWD","[PREMIUM]","[PREMIUM]",20679,"Sedan","Snowflake White Pearl","Black","Front-wheel Drive",,,"Gasoline",,,"dealership","[PREMIUM]","Columbus","OH","[PREMIUM]",,"[]",,,"[PREMIUM]"
"7481ec69-8a05-4916-9117-8d25c66efe58","2026-04-08 22:25:12.559","2026-04-08 22:25:12.559","7481ec69-8a05-4916-9117-8d25c66efe58","[PREMIUM]","Used",2024,"BMW","228 Gran Coupe","I Gran Coupe","[PREMIUM]","[PREMIUM]",45077,"Sedan","White","BLACK","Rear-wheel Drive",,,"Gasoline",,,"dealership","[PREMIUM]","Spokane Valley","WA","[PREMIUM]",,"[]",,,"[PREMIUM]"
"0e07a85d-9508-4228-86a4-6af32ae04eff","2026-04-08 22:25:12.505","2026-04-11 22:25:27.011","0e07a85d-9508-4228-86a4-6af32ae04eff","[PREMIUM]","Used",2022,"Bentley","Continental GT","Speed","[PREMIUM]","[PREMIUM]",23794,"Coupe","White","Black/Red","All-wheel Drive",,,"Gasoline",,,"dealership","[PREMIUM]","Costa Mesa","CA","[PREMIUM]",,"[]",,,"[PREMIUM]"
"a9e492ce-a17a-47e4-a86d-288209e2269c","2026-04-08 22:25:12.504","2026-04-14 22:25:46.261","a9e492ce-a17a-47e4-a86d-288209e2269c","[PREMIUM]","Used",2025,"Hyundai","TUCSON","SEL","[PREMIUM]","[PREMIUM]",50626,"SUV","Atlantic Blue","Gray","All-wheel Drive",,,"Gasoline",,,"dealership","[PREMIUM]","Quincy","IL","[PREMIUM]",,"[]",,,"[PREMIUM]"
"eaa794d8-2f5e-47de-940d-1dbf7ae4272c","2026-04-08 22:25:12.477","2026-04-11 22:25:27.063","eaa794d8-2f5e-47de-940d-1dbf7ae4272c","[PREMIUM]","Used",2025,"Nissan","Altima","SV","[PREMIUM]","[PREMIUM]",34261,"Sedan","Gun Metallic","Charcoal","Front-wheel Drive",,,"Gasoline",,,"dealership","[PREMIUM]","Middlesboro","KY","[PREMIUM]",,"[]",,,"[PREMIUM]"
"6961f4a3-18a7-461a-933e-d87783eedbc2","2026-04-08 22:25:02.339","2026-04-08 22:25:02.339","6961f4a3-18a7-461a-933e-d87783eedbc2","[PREMIUM]","Used",2025,"Kia","K4",,"[PREMIUM]","[PREMIUM]",18923,"Sedan","Snow White Pearl","Gray","Front-wheel Drive",,,"Gasoline",,,"dealership","[PREMIUM]","Elkhart","IN","[PREMIUM]",,"[]",,,"[PREMIUM]"
"2a357556-208a-44aa-9a4a-1fc2d6cf7895","2026-04-08 22:24:42.172","2026-04-08 22:24:42.172","2a357556-208a-44aa-9a4a-1fc2d6cf7895","[PREMIUM]","Used",2025,"Hyundai","ELANTRA","Sport","[PREMIUM]","[PREMIUM]",9518,"Sedan","Intense Blue","Black","Front-wheel Drive",,,"Gasoline",,,"dealership","[PREMIUM]","Jefferson City","MO","[PREMIUM]",,"[]",,,"[PREMIUM]"
"5ff56489-bc63-4e0c-bee5-54bf51c0989f","2026-04-08 22:24:42.158","2026-04-11 22:24:55.861","5ff56489-bc63-4e0c-bee5-54bf51c0989f","[PREMIUM]","New",2026,"Land Rover","Defender","P635 OCTA","[PREMIUM]","[PREMIUM]",11,"SUV","Petra Copper","Ebony Semi-Aniline Leather","All-wheel Drive",,,"Gasoline",,,"dealership","[PREMIUM]","Carlisle","PA","[PREMIUM]",,"[]",,,"[PREMIUM]"
"4eb5945f-a999-4b29-88d5-b1c843a96457","2026-04-08 22:24:32.333","2026-04-08 22:24:32.333","4eb5945f-a999-4b29-88d5-b1c843a96457","[PREMIUM]","Used",2021,"Mercedes-Benz","GLS 450","4MATIC","[PREMIUM]","[PREMIUM]",33748,"SUV","Gray","Black Leather","All-wheel Drive",,,"Gasoline",,,"dealership","[PREMIUM]","Williamstown","NJ","[PREMIUM]",,"[]",,,"[PREMIUM]"
"627f1ca1-fb10-4d33-99a1-5a4659e84b3c","2026-04-08 22:24:31.983","2026-04-11 22:24:35.769","627f1ca1-fb10-4d33-99a1-5a4659e84b3c","[PREMIUM]","New",2025,"Nissan","Sentra","S","[PREMIUM]","[PREMIUM]",0,"Sedan","Fresh Powder","Charcoal","Front-wheel Drive",,,"Gasoline",,,"dealership","[PREMIUM]","Monroe","NC","[PREMIUM]",,"[]",,,"[PREMIUM]"
"f1a0a68b-39ea-4e7d-83d5-1f81293ab744","2026-04-08 22:24:31.977","2026-04-08 22:24:31.977","f1a0a68b-39ea-4e7d-83d5-1f81293ab744","[PREMIUM]","Used",2021,"Lexus","GX 460","Premium","[PREMIUM]","[PREMIUM]",56879,"SUV","Black Onyx","Rioja Red","Four-wheel Drive",,,"Gasoline",,,"dealership","[PREMIUM]","Vienna","VA","[PREMIUM]",,"[]",,,"[PREMIUM]"
"b82fc515-5760-41d5-ab82-334fd61fb5ed","2026-04-08 22:24:31.970","2026-04-08 22:24:31.970","b82fc515-5760-41d5-ab82-334fd61fb5ed","[PREMIUM]","Used",2022,"Ford","F-150","Lariat","[PREMIUM]","[PREMIUM]",83874,"Truck","Silver Metallic","Black","Four-wheel Drive",,,"Gasoline",,,"dealership","[PREMIUM]","Jackson","MS","[PREMIUM]",,"[]",,,"[PREMIUM]"
"3213b74d-f659-4e26-8255-724e0e0dd61d","2026-04-08 22:24:21.922","2026-04-08 22:24:21.922","3213b74d-f659-4e26-8255-724e0e0dd61d","[PREMIUM]","Used",2025,"Nissan","Altima","SV","[PREMIUM]","[PREMIUM]",24716,"Sedan","Black","BLACK","Rear-wheel Drive",,,"Gasoline",,,"dealership","[PREMIUM]","San Antonio","TX","[PREMIUM]",,"[]",,,"[PREMIUM]"
"5b172d2d-39b5-40cd-aaa6-b6ae21ba1216","2026-04-08 22:24:21.807","2026-04-11 22:24:35.669","5b172d2d-39b5-40cd-aaa6-b6ae21ba1216","[PREMIUM]","Used",2025,"Toyota","Corolla","LE","[PREMIUM]","[PREMIUM]",6845,"Sedan","Silver","GRAY","Rear-wheel Drive",,,"Gasoline",,,"dealership","[PREMIUM]","Naples","FL","[PREMIUM]",,"[]",,,"[PREMIUM]"
"b85e5d4d-1b76-4ed7-ab8f-b0e52610a3c6","2026-04-08 22:24:21.744","2026-04-14 22:25:16.290","b85e5d4d-1b76-4ed7-ab8f-b0e52610a3c6","[PREMIUM]","New",2026,"Hyundai","ELANTRA","SE","[PREMIUM]","[PREMIUM]",10,"Sedan","Black","Black","Front-wheel Drive",,,"Gasoline",,,"dealership","[PREMIUM]","Shrewsbury","NJ","[PREMIUM]",,"[]",,,"[PREMIUM]"
"9774fde5-c83c-4c07-816a-5deb561ab9f4","2026-04-08 22:24:21.686","2026-04-11 22:24:35.729","9774fde5-c83c-4c07-816a-5deb561ab9f4","[PREMIUM]","Used",2025,"Kia","K5","LXS","[PREMIUM]","[PREMIUM]",26807,"Sedan","Gray","BLACK","Rear-wheel Drive",,,"Gasoline",,,"dealership","[PREMIUM]","Tampa","FL","[PREMIUM]",,"[]",,,"[PREMIUM]"
"e21184b0-67e8-4d58-be30-be045405845a","2026-04-08 22:24:21.678","2026-04-11 22:24:35.666","e21184b0-67e8-4d58-be30-be045405845a","[PREMIUM]","Used",2025,"Jeep","Compass","Sport","[PREMIUM]","[PREMIUM]",41585,"SUV","Black","BLACK","Four-wheel Drive",,,"Gasoline",,,"dealership","[PREMIUM]","Tyler","TX","[PREMIUM]",,"[]",,,"[PREMIUM]"
"6084bc33-b347-429c-b00b-71b07dbae385","2026-04-08 22:23:51.435","2026-04-08 22:23:51.435","6084bc33-b347-429c-b00b-71b07dbae385","[PREMIUM]","New",2026,"Hyundai","ELANTRA","SE","[PREMIUM]","[PREMIUM]",0,"Sedan","Black","Black","Front-wheel Drive",,,"Gasoline",,,"dealership","[PREMIUM]","Colorado Springs","CO","[PREMIUM]",,"[]",,,"[PREMIUM]"
"00cdc692-bf61-4392-b50b-04fbb2dbf483","2026-04-08 22:23:51.428","2026-04-08 22:23:51.428","00cdc692-bf61-4392-b50b-04fbb2dbf483","[PREMIUM]","New",2026,"Toyota","Corolla","LE","[PREMIUM]","[PREMIUM]",0,"Sedan","Classic Silver Metallic","Light Gray","Front-wheel Drive",,,"Gasoline",,,"dealership","[PREMIUM]","Mckinney","TX","[PREMIUM]",,"[]",,,"[PREMIUM]"
"c3ada008-2594-4547-8368-89aefb12437c","2026-04-08 22:23:51.418","2026-04-11 22:24:05.512","c3ada008-2594-4547-8368-89aefb12437c","[PREMIUM]","New",2026,"Chevrolet","Trax","LS","[PREMIUM]","[PREMIUM]",10,"SUV","Mosaic Black Metallic","Jet Black/Gray w/Blue Accents","Front-wheel Drive",,,"Gasoline",,,"dealership","[PREMIUM]","Corpus Christi","TX","[PREMIUM]",,"[]",,,"[PREMIUM]"
"bc4dacab-35b2-415d-bd5e-1b79bf45f04f","2026-04-08 22:23:31.151","2026-04-11 22:23:45.375","bc4dacab-35b2-415d-bd5e-1b79bf45f04f","[PREMIUM]","New",2026,"Hyundai","ELANTRA","Sport","[PREMIUM]","[PREMIUM]",10,"Sedan","Amazon Gray","Black","Front-wheel Drive",,,"Gasoline",,,"dealership","[PREMIUM]","Downers Grove","IL","[PREMIUM]",,"[]",,,"[PREMIUM]"
"11e2b498-9db1-4a4c-a250-68539aa637b9","2026-04-08 22:23:31.149","2026-04-11 22:23:45.445","11e2b498-9db1-4a4c-a250-68539aa637b9","[PREMIUM]","New",2026,"Kia","K4","LXS","[PREMIUM]","[PREMIUM]",10,"Sedan","Snow White Pearl","Gray","Front-wheel Drive",,,"Gasoline",,,"dealership","[PREMIUM]","Las Vegas","NV","[PREMIUM]",,"[]",,,"[PREMIUM]"
"378ac1fe-d532-4b1b-a859-4c3297fd6f3d","2026-04-08 22:23:31.143","2026-04-11 22:23:45.401","378ac1fe-d532-4b1b-a859-4c3297fd6f3d","[PREMIUM]","New",2026,"Hyundai","ELANTRA","Sport","[PREMIUM]","[PREMIUM]",9,"Sedan","Abyss Black","Gray","Front-wheel Drive",,,"Gasoline",,,"dealership","[PREMIUM]","Dallas","TX","[PREMIUM]",,"[]",,,"[PREMIUM]"
"0bce79cd-f23b-4f98-b6b4-92dcd8723675","2026-04-08 22:23:31.120","2026-04-08 22:23:31.120","0bce79cd-f23b-4f98-b6b4-92dcd8723675","[PREMIUM]","New",2026,"Volkswagen","Jetta","1.5T S","[PREMIUM]","[PREMIUM]",15,"Sedan","Black","Black","Front-wheel Drive",,,"Gasoline",,,"dealership","[PREMIUM]","Elgin","IL","[PREMIUM]",,"[]",,,"[PREMIUM]"
"84fc9c9a-41e9-4a47-830a-550d34520f02","2026-04-08 22:21:50.691","2026-04-08 22:21:50.691","84fc9c9a-41e9-4a47-830a-550d34520f02","[PREMIUM]","New",2026,"Jeep","Cherokee","Limited","[PREMIUM]","[PREMIUM]",0,"SUV","Diamond Black Crystal Pearlcoat","Global Black w/Soul Cloth Seats","Four-wheel Drive",,,"Gasoline",,,"dealership","[PREMIUM]","Moreno Valley","CA","[PREMIUM]",,"[]",,,"[PREMIUM]"
"4afc2027-f4d8-4c10-a6fa-fffd58372fea","2026-04-08 22:21:50.690","2026-04-11 22:22:14.800","4afc2027-f4d8-4c10-a6fa-fffd58372fea","[PREMIUM]","New",2026,"Jeep","Grand Cherokee L","Laredo","[PREMIUM]","[PREMIUM]",3537,"SUV","Bright White Clearcoat","Global Black","Rear-wheel Drive",,,"Gasoline",,,"dealership","[PREMIUM]","Tucson","AZ","[PREMIUM]",,"[]",,,"[PREMIUM]"
"ace2310c-06b4-4101-97f8-299418cbfe4d","2026-04-08 22:21:50.685","2026-04-08 22:21:50.685","ace2310c-06b4-4101-97f8-299418cbfe4d","[PREMIUM]","New",2026,"Toyota","RAV4","XLE Premium","[PREMIUM]","[PREMIUM]",0,"SUV","Midnight Black Metallic","Black","All-wheel Drive",,,"Gasoline",,,"dealership","[PREMIUM]","Aberdeen","WA","[PREMIUM]",,"[]",,,"[PREMIUM]"
"9f0e0c01-4780-498a-b5bf-6f8481b1123d","2026-04-08 22:19:40.749","2026-04-08 22:19:40.749","9f0e0c01-4780-498a-b5bf-6f8481b1123d","[PREMIUM]","Used",2016,"Ford","F-350","Lariat Super Duty","[PREMIUM]","[PREMIUM]",140245,"Truck","Shadow Black","Black","Four-wheel Drive",,,"Diesel",,,"dealership","[PREMIUM]","Georgetown","TX","[PREMIUM]",,"[]",,,"[PREMIUM]"
"0720718b-00d6-4b62-9ae3-d612c6f9a890","2026-04-08 22:19:40.434","2026-04-08 22:19:40.434","0720718b-00d6-4b62-9ae3-d612c6f9a890","[PREMIUM]","Used",2016,"Porsche","Panamera","4S","[PREMIUM]","[PREMIUM]",26646,"Hatchback","Night Blue Metallic","Black/Saddle Brown","All-wheel Drive",,,"Gasoline",,,"dealership","[PREMIUM]","STAMFORD","CT","[PREMIUM]",,"[]",,,"[PREMIUM]"
"1b8f51e8-5b48-4db6-9b7f-f8cf452416c4","2026-04-08 22:19:30.384","2026-04-08 22:19:30.384","1b8f51e8-5b48-4db6-9b7f-f8cf452416c4","[PREMIUM]","Used",2018,"Ford","F-250","Lariat","[PREMIUM]","[PREMIUM]",87106,"Truck","Magnetic Metallic","Black","Four-wheel Drive",,,"E85 Flex Fuel",,,"dealership","[PREMIUM]","Kansas City","MO","[PREMIUM]",,"[]",,,"[PREMIUM]"
"4354b3d9-40ff-4676-b149-b2a4cb2317ad","2026-04-08 22:19:30.195","2026-04-08 22:19:30.195","4354b3d9-40ff-4676-b149-b2a4cb2317ad","[PREMIUM]","Used",2016,"Chevrolet","Corvette","Stingray Z51","[PREMIUM]","[PREMIUM]",74057,"Coupe","Black","Jet Black","Rear-wheel Drive",,,"Gasoline",,,"dealership","[PREMIUM]","Clearwater","FL","[PREMIUM]",,"[]",,,"[PREMIUM]"
"a51eb1a9-efb7-4354-b71d-b3725dd3744f","2026-04-08 22:19:19.935","2026-04-11 22:19:54.513","a51eb1a9-efb7-4354-b71d-b3725dd3744f","[PREMIUM]","Used",2012,"RAM","1500","ST","[PREMIUM]","[PREMIUM]",101053,"Truck","Deep Cherry Red Crystal Pearlcoat","Dark Slate","Four-wheel Drive",,,"Gasoline",,,"dealership","[PREMIUM]","Cincinnati","OH","[PREMIUM]",,"[]",,,"[PREMIUM]"
"eab49a32-30ac-4462-9b37-453b38dc22a6","2026-04-08 22:19:19.911","2026-04-11 22:20:15.201","eab49a32-30ac-4462-9b37-453b38dc22a6","[PREMIUM]","Used",2011,"Chevrolet","Camaro","2SS","[PREMIUM]","[PREMIUM]",95155,"Coupe","Black","Black","Rear-wheel Drive",,,"Gasoline",,,"dealership","[PREMIUM]","Austin","TX","[PREMIUM]",,"[]",,,"[PREMIUM]"
"5e71fc4d-391a-4a75-8713-db5e44bb5bdf","2026-04-08 22:19:19.900","2026-04-14 22:20:25.998","5e71fc4d-391a-4a75-8713-db5e44bb5bdf","[PREMIUM]","Used",1999,"Chevrolet","Corvette","Base","[PREMIUM]","[PREMIUM]",103165,"Convertible","Black","Black","Rear-wheel Drive",,,"Gasoline",,,"dealership","[PREMIUM]","Addison","IL","[PREMIUM]",,"[]",,,"[PREMIUM]"
"3fdaa0fb-14d0-4b61-b758-08cea7621d4d","2026-04-08 22:19:19.897","2026-04-08 22:19:19.897","3fdaa0fb-14d0-4b61-b758-08cea7621d4d","[PREMIUM]","Used",2014,"Honda","Odyssey","Touring Elite","[PREMIUM]","[PREMIUM]",105853,"Passenger Van","White Diamond Pearl","Beige","Front-wheel Drive",,,"Gasoline",,,"dealership","[PREMIUM]","Grand Rapids","MI","[PREMIUM]",,"[]",,,"[PREMIUM]"
"8d8e3b77-0e14-4056-84f3-eba4c80a675d","2026-04-08 22:19:19.888","2026-04-08 22:19:19.888","8d8e3b77-0e14-4056-84f3-eba4c80a675d","[PREMIUM]","Used",2010,"Dodge","Challenger","R/T","[PREMIUM]","[PREMIUM]",90260,"Coupe","Brilliant Black Crystal Pearlcoat","Dark Slate Gray","Rear-wheel Drive",,,"Gasoline",,,"dealership","[PREMIUM]","Willoughby Hills","OH","[PREMIUM]",,"[]",,,"[PREMIUM]"
"79c51a13-c282-450e-a10e-f0ad426221eb","2026-04-08 22:19:19.879","2026-04-08 22:19:19.879","79c51a13-c282-450e-a10e-f0ad426221eb","[PREMIUM]","Used",2014,"BMW","435","i xDrive","[PREMIUM]","[PREMIUM]",74171,"Coupe","Alpine White","Black","AWD",,,"Gasoline",,,"dealership","[PREMIUM]","Golden Valley","MN","[PREMIUM]",,"[]",,,"[PREMIUM]"
"b47584d0-9c9b-45fd-914b-c012ace5a271","2026-04-08 22:19:09.445","2026-04-08 22:19:09.445","b47584d0-9c9b-45fd-914b-c012ace5a271","[PREMIUM]","Used",2015,"Jeep","Wrangler Unlimited","Sahara","[PREMIUM]","[PREMIUM]",144278,"SUV","Copper Brown Pearlcoat","Black","Four-wheel Drive",,,"Gasoline",,,"dealership","[PREMIUM]","Kalispell","MT","[PREMIUM]",,"[]",,,"[PREMIUM]"
"d20afb3e-61ad-4787-9a7a-ecb79d99d532","2026-04-08 22:18:59.697","2026-04-08 22:18:59.697","d20afb3e-61ad-4787-9a7a-ecb79d99d532","[PREMIUM]","Used",2018,"BMW","X5 M","Base","[PREMIUM]","[PREMIUM]",70950,"SUV","Carbon Black Metallic","Mugello Red","All-wheel Drive",,,"Gasoline",,,"dealership","[PREMIUM]","Raleigh","NC","[PREMIUM]",,"[]",,,"[PREMIUM]"
"b24e6d69-ce80-4e45-968a-701ffa51f626","2026-04-08 22:18:49.271","2026-04-08 22:18:49.271","b24e6d69-ce80-4e45-968a-701ffa51f626","[PREMIUM]","Used",2019,"Ford","F-150","Lariat","[PREMIUM]","[PREMIUM]",55049,"Truck","Agate Black Metallic","Black","Four-wheel Drive",,,"Gasoline",,,"dealership","[PREMIUM]","Muskogee","OK","[PREMIUM]",,"[]",,,"[PREMIUM]"
"0a1d574b-cee2-4c3f-ad48-838c1f4b7f5d","2026-04-08 22:18:40.653","2026-04-14 22:19:05.504","0a1d574b-cee2-4c3f-ad48-838c1f4b7f5d","[PREMIUM]","Used",2016,"Tesla","Model S","85D","[PREMIUM]","[PREMIUM]",74027,"Hatchback","Deep Blue Metallic","Black","All-wheel Drive",,,"Electric",,,"dealership","[PREMIUM]","Gurnee","IL","[PREMIUM]",,"[]",,,"[PREMIUM]"
"2169ba5a-9ba1-4e69-a49f-19047db9a9c8","2026-04-08 22:18:39.080","2026-04-11 22:18:54.281","2169ba5a-9ba1-4e69-a49f-19047db9a9c8","[PREMIUM]","Used",2016,"Chevrolet","Suburban","LS","[PREMIUM]","[PREMIUM]",94107,"SUV","Champagne Silver Metallic","Cocoa/Dune","Rear-wheel Drive",,,"Gasoline",,,"dealership","[PREMIUM]","Austin","TX","[PREMIUM]",,"[]",,,"[PREMIUM]"
"39262c42-d679-4d1d-81bd-efa8ecb9b7f9","2026-04-08 22:18:39.045","2026-04-11 22:18:54.236","39262c42-d679-4d1d-81bd-efa8ecb9b7f9","[PREMIUM]","Used",2021,"Jeep","Wrangler Unlimited","Sport","[PREMIUM]","[PREMIUM]",28742,"SUV","Bright White Clearcoat","Black","Four-wheel Drive",,,"Gasoline",,,"dealership","[PREMIUM]","Greenwood Village","CO","[PREMIUM]",,"[]",,,"[PREMIUM]"
"90946149-d1aa-45fd-9554-b30deb5fe421","2026-04-08 22:18:39.022","2026-04-08 22:18:39.022","90946149-d1aa-45fd-9554-b30deb5fe421","[PREMIUM]","Used",2017,"INFINITI","QX30","Premium","[PREMIUM]","[PREMIUM]",70800,"SUV","Blue","TAN","Rear-wheel Drive",,,"Gasoline",,,"dealership","[PREMIUM]","Sterling","VA","[PREMIUM]",,"[]",,,"[PREMIUM]"
"834d2e69-4720-412f-b8f2-92a1c73e0a02","2026-04-08 22:18:29.091","2026-04-14 22:19:05.433","834d2e69-4720-412f-b8f2-92a1c73e0a02","[PREMIUM]","Used",2016,"Nissan","Murano","S","[PREMIUM]","[PREMIUM]",50851,"SUV","Silver","BLACK","Rear-wheel Drive",,,"Gasoline",,,"dealership","[PREMIUM]","Duarte","CA","[PREMIUM]",,"[]",,,"[PREMIUM]"
"b5e890a8-cbf1-458c-a3a8-a0f590ca1f50","2026-04-08 22:18:28.773","2026-04-11 22:18:54.222","b5e890a8-cbf1-458c-a3a8-a0f590ca1f50","[PREMIUM]","Used",2023,"Nissan","Pathfinder","Platinum 4WD","[PREMIUM]","[PREMIUM]",44880,"SUV","Pearl White Tricoat/Super Black","Charcoal","Four-wheel Drive",,,"Gasoline",,,"dealership","[PREMIUM]","Warminster","PA","[PREMIUM]",,"[]",,,"[PREMIUM]"
"65d55bd0-c627-4b6e-b627-3450fa929988","2026-04-08 22:18:28.744","2026-04-11 22:18:54.253","65d55bd0-c627-4b6e-b627-3450fa929988","[PREMIUM]","Used",2022,"Jeep","Grand Cherokee 4xe","Summit Reserve","[PREMIUM]","[PREMIUM]",41555,"SUV","Bright White Clearcoat","Global Black","Four-wheel Drive",,,"Gasoline",,,"dealership","[PREMIUM]","O Fallon","MO","[PREMIUM]",,"[]",,,"[PREMIUM]"
"4748a2bc-6102-4303-a789-ff5a136d181d","2026-04-08 22:18:18.572","2026-04-08 22:18:18.572","4748a2bc-6102-4303-a789-ff5a136d181d","[PREMIUM]","Used",2017,"Honda","CR-V","LX","[PREMIUM]","[PREMIUM]",99849,"SUV","Modern Steel Metallic","Gray","Front-wheel Drive",,,"Gasoline",,,"dealership","[PREMIUM]","Honolulu","HI","[PREMIUM]",,"[]",,,"[PREMIUM]"
"d56afa66-e8b7-41e6-9eee-8fb53c546c2a","2026-04-08 22:18:18.477","2026-04-11 22:18:43.873","d56afa66-e8b7-41e6-9eee-8fb53c546c2a","[PREMIUM]","Used",2024,"Toyota","Camry","XSE","[PREMIUM]","[PREMIUM]",26303,"Sedan","Supersonic Red/Midnight Black Metallic","Black","Front-wheel Drive",,,"Gasoline",,,"dealership","[PREMIUM]","Odessa","TX","[PREMIUM]",,"[]",,,"[PREMIUM]"
"de2a17cf-3357-470d-9a20-218e1c186ecb","2026-04-08 22:18:18.474","2026-04-08 22:18:18.474","de2a17cf-3357-470d-9a20-218e1c186ecb","[PREMIUM]","Used",2017,"Toyota","Corolla","SE","[PREMIUM]","[PREMIUM]",96226,"Sedan","White","GRAY","Rear-wheel Drive",,,"Gasoline",,,"dealership","[PREMIUM]","Merriam","KS","[PREMIUM]",,"[]",,,"[PREMIUM]"
"11886e82-502f-49bd-b77c-9c69ebd491d2","2026-04-08 22:18:08.307","2026-04-08 22:18:08.307","11886e82-502f-49bd-b77c-9c69ebd491d2","[PREMIUM]","Used",2023,"Toyota","Tundra","SR","[PREMIUM]","[PREMIUM]",23891,"Truck","Midnight Black Metallic","Black","Four-wheel Drive",,,"Gasoline",,,"dealership","[PREMIUM]","St. Louis","MO","[PREMIUM]",,"[]",,,"[PREMIUM]"
"0c1aa91f-56c3-4a01-8aa3-510fa85862a3","2026-04-08 22:18:08.270","2026-04-08 22:18:08.270","0c1aa91f-56c3-4a01-8aa3-510fa85862a3","[PREMIUM]","Used",2023,"Chevrolet","Silverado 1500","LT","[PREMIUM]","[PREMIUM]",47356,"Truck","Black","Jet Black","Four-wheel Drive",,,"Diesel",,,"dealership","[PREMIUM]","Vienna","VA","[PREMIUM]",,"[]",,,"[PREMIUM]"
"1f8752a3-4962-4caf-a147-79069e5c9bfa","2026-04-08 22:18:08.231","2026-04-14 22:18:55.628","1f8752a3-4962-4caf-a147-79069e5c9bfa","[PREMIUM]","Used",2023,"GMC","Sierra 1500","Pro","[PREMIUM]","[PREMIUM]",29651,"Truck","Pacific Blue Metallic","Jet Black","Four-wheel Drive",,,"Gasoline",,,"dealership","[PREMIUM]","Framingham","MA","[PREMIUM]",,"[]",,,"[PREMIUM]"
"de03a8e6-0d76-4553-bb9f-56c3d4e27285","2026-04-08 22:18:08.206","2026-04-08 22:18:08.206","de03a8e6-0d76-4553-bb9f-56c3d4e27285","[PREMIUM]","Used",2022,"Lexus","ES 350","F Sport","[PREMIUM]","[PREMIUM]",55940,"Sedan","Cloudburst Gray","Circuit Red","Front-wheel Drive",,,"Gasoline",,,"dealership","[PREMIUM]","Henderson","NV","[PREMIUM]",,"[]",,,"[PREMIUM]"
"1d21e71a-d04c-4a8c-8d15-36a168655298","2026-04-08 22:18:08.190","2026-04-08 22:18:08.190","1d21e71a-d04c-4a8c-8d15-36a168655298","[PREMIUM]","Used",2023,"Chevrolet","Silverado 1500","Custom","[PREMIUM]","[PREMIUM]",21808,"Truck","Dark Ash Metallic","Black","Four-wheel Drive",,,"Gasoline",,,"dealership","[PREMIUM]","Glendale","WI","[PREMIUM]",,"[]",,,"[PREMIUM]"
"69fb2cf4-d7f8-4063-9e45-b274a428d9e0","2026-04-08 22:18:08.183","2026-04-14 22:18:45.134","69fb2cf4-d7f8-4063-9e45-b274a428d9e0","[PREMIUM]","Used",2023,"BMW","530","i","[PREMIUM]","[PREMIUM]",46997,"Sedan","Alpine White","Cognac","Rear-wheel Drive",,,"Gasoline",,,"dealership","[PREMIUM]","Duluth","GA","[PREMIUM]",,"[]",,,"[PREMIUM]"
"2502478e-e5be-4c20-95ef-3f11125737a0","2026-04-08 22:17:47.827","2026-04-08 22:17:47.827","2502478e-e5be-4c20-95ef-3f11125737a0","[PREMIUM]","Used",2024,"Kia","Telluride","EX","[PREMIUM]","[PREMIUM]",31350,"SUV","Glacial White Pearl","Black","Front-wheel Drive",,,"Gasoline",,,"dealership","[PREMIUM]","Bradenton","FL","[PREMIUM]",,"[]",,,"[PREMIUM]"
"cdc8f486-b3d7-4cd8-a86c-b6ee0648eaef","2026-04-08 22:17:47.802","2026-04-08 22:17:47.802","cdc8f486-b3d7-4cd8-a86c-b6ee0648eaef","[PREMIUM]","Used",2024,"Chevrolet","Silverado 1500","LT","[PREMIUM]","[PREMIUM]",53705,"Truck","Summit White","Jet Black","Four-wheel Drive",,,"Gasoline",,,"dealership","[PREMIUM]","Frederick","MD","[PREMIUM]",,"[]",,,"[PREMIUM]"
"be48d6df-aa35-4088-b867-98a55abc7eb8","2026-04-08 22:17:47.796","2026-04-08 22:17:47.796","be48d6df-aa35-4088-b867-98a55abc7eb8","[PREMIUM]","Used",2024,"Nissan","Frontier","PRO-4X","[PREMIUM]","[PREMIUM]",10739,"Truck","Baja Storm","Charcoal w/Lava Red Stitch","Four-wheel Drive",,,"Gasoline",,,"dealership","[PREMIUM]","Palmetto Bay","FL","[PREMIUM]",,"[]",,,"[PREMIUM]"
"15dc8f75-8ed0-4c8a-8142-a943acdfc426","2026-04-08 22:17:47.776","2026-04-11 22:18:13.972","15dc8f75-8ed0-4c8a-8142-a943acdfc426","[PREMIUM]","Used",2025,"Subaru","Outback","Limited XT","[PREMIUM]","[PREMIUM]",14249,"SUV","Cosmic Blue Pearl","Slate Black",,,,,,,"dealership","[PREMIUM]","O'Fallon","MO","[PREMIUM]",,"[]",,,"[PREMIUM]"
"71b28e30-efe5-41fd-adc4-a1fd43cf8299","2026-04-08 22:17:37.850","2026-04-08 22:17:37.850","71b28e30-efe5-41fd-adc4-a1fd43cf8299","[PREMIUM]","Used",2025,"RAM","1500","Big Horn/Lone Star","[PREMIUM]","[PREMIUM]",49476,"Truck","Diamond Black","Black","Four-wheel Drive",,,"Gasoline",,,"dealership","[PREMIUM]","Athens","GA","[PREMIUM]",,"[]",,,"[PREMIUM]"
"3d6deda7-33f8-4b0c-a0a3-b1830685c41c","2026-04-08 22:17:37.471","2026-04-11 22:18:43.790","3d6deda7-33f8-4b0c-a0a3-b1830685c41c","[PREMIUM]","Used",2025,"Subaru","Forester Hybrid","Limited","[PREMIUM]","[PREMIUM]",1165,"SUV","Silver","Black",,,,,,,"dealership","[PREMIUM]","St James","NY","[PREMIUM]",,"[]",,,"[PREMIUM]"
"0bb25aa8-8c6a-4626-9e10-4b238e739d1d","2026-04-08 22:17:37.457","2026-04-08 22:17:37.457","0bb25aa8-8c6a-4626-9e10-4b238e739d1d","[PREMIUM]","Used",2025,"Mazda","CX-90","3.3 Turbo Preferred","[PREMIUM]","[PREMIUM]",6484,"SUV","Jet Black Mica","Black","All-wheel Drive",,,"Gasoline",,,"dealership","[PREMIUM]","Miami","FL","[PREMIUM]",,"[]",,,"[PREMIUM]"
"c1dab72b-705b-4b52-bf6a-0a6ea6e66dbd","2026-04-08 22:17:37.443","2026-04-08 22:17:37.443","c1dab72b-705b-4b52-bf6a-0a6ea6e66dbd","[PREMIUM]","New",2026,"Honda","CR-V","EX-L AWD","[PREMIUM]","[PREMIUM]",11,"SUV","Platinum White Pearl","Gray","All-wheel Drive",,,"Gasoline",,,"dealership","[PREMIUM]","Clarksville","IN","[PREMIUM]",,"[]",,,"[PREMIUM]"
"8598af24-9d2c-40b4-b612-edf757eb662e","2026-04-08 22:17:37.428","2026-04-08 22:17:37.428","8598af24-9d2c-40b4-b612-edf757eb662e","[PREMIUM]","Used",2025,"Volvo","XC40","B5 Plus Bright Theme","[PREMIUM]","[PREMIUM]",15768,"SUV","Crystal White Pearl","Charcoal","All-wheel Drive",,,"Gasoline",,,"dealership","[PREMIUM]","Charlotte","NC","[PREMIUM]",,"[]",,,"[PREMIUM]"
"b68b1dbc-7303-4e34-97c5-deb590adb365","2026-04-08 22:17:27.381","2026-04-08 22:17:27.381","b68b1dbc-7303-4e34-97c5-deb590adb365","[PREMIUM]","New",2026,"GMC","Terrain","AWD Elevation","[PREMIUM]","[PREMIUM]",0,"SUV","Summit White",,"All-wheel Drive",,,"Gasoline",,,"dealership","[PREMIUM]","Rochester","NY","[PREMIUM]",,"[]",,,"[PREMIUM]"
"5c9edf40-3c5f-46c6-99e5-84fbcf421cb5","2026-04-08 22:17:27.342","2026-04-11 22:17:33.345","5c9edf40-3c5f-46c6-99e5-84fbcf421cb5","[PREMIUM]","New",2026,"Kia","Sorento Hybrid","EX","[PREMIUM]","[PREMIUM]",12,"SUV","Mineral Blue","Black","All-wheel Drive",,,"Hybrid",,,"dealership","[PREMIUM]","Madison","WI","[PREMIUM]",,"[]",,,"[PREMIUM]"
"6c05bd84-5f7e-456c-9675-22d67a2e01b1","2026-04-08 22:17:27.274","2026-04-17 22:18:14.395","6c05bd84-5f7e-456c-9675-22d67a2e01b1","[PREMIUM]","Used",2025,"Mazda","CX-50","2.5 Turbo Meridian Edition","[PREMIUM]","[PREMIUM]",7371,"SUV","Polymetal Gray Metallic","Terracotta","All-wheel Drive",,,"Gasoline",,,"dealership","[PREMIUM]","Fairfax","VA","[PREMIUM]",,"[]",,,"[PREMIUM]"
"46e966a9-9ac0-4971-9115-1ad7f3422fab","2026-04-08 22:17:27.128","2026-04-08 22:17:27.128","46e966a9-9ac0-4971-9115-1ad7f3422fab","[PREMIUM]","New",2026,"Honda","CR-V","EX AWD","[PREMIUM]","[PREMIUM]",0,"SUV","Meteorite Gray Metallic","Gray","All-wheel Drive",,,"Gasoline",,,"dealership","[PREMIUM]","Bloomfield Hills","MI","[PREMIUM]",,"[]",,,"[PREMIUM]"
"32568079-f553-4d02-90c2-91c93afad4be","2026-04-08 22:17:27.127","2026-04-08 22:17:27.127","32568079-f553-4d02-90c2-91c93afad4be","[PREMIUM]","Used",2025,"Subaru","Forester","Sport","[PREMIUM]","[PREMIUM]",6797,"SUV","Blue","Gray",,,,,,,"dealership","[PREMIUM]","St James","NY","[PREMIUM]",,"[]",,,"[PREMIUM]"
"ae184d20-f27d-4a7c-819a-07ef0bdb5bdb","2026-04-08 22:17:27.123","2026-04-08 22:17:27.123","ae184d20-f27d-4a7c-819a-07ef0bdb5bdb","[PREMIUM]","New",2026,"Honda","CR-V","EX AWD","[PREMIUM]","[PREMIUM]",0,"SUV","Crystal Black Pearl","Black","All-wheel Drive",,,"Gasoline",,,"dealership","[PREMIUM]","Ferndale","MI","[PREMIUM]",,"[]",,,"[PREMIUM]"
"f48d83c2-5a90-45b3-998a-2f5aa107a3f5","2026-04-08 22:17:27.123","2026-04-08 22:17:27.123","f48d83c2-5a90-45b3-998a-2f5aa107a3f5","[PREMIUM]","Used",2025,"Subaru","Forester","Premium","[PREMIUM]","[PREMIUM]",1525,"SUV","Autumn Green Metallic","Black",,,,,,,"dealership","[PREMIUM]","Melbourne","FL","[PREMIUM]",,"[]",,,"[PREMIUM]"
"5955a190-08e5-49ac-a61a-5ebb2b7f66ea","2026-04-08 22:17:27.113","2026-04-11 22:17:33.315","5955a190-08e5-49ac-a61a-5ebb2b7f66ea","[PREMIUM]","Used",2025,"Subaru","Forester Hybrid","Sport","[PREMIUM]","[PREMIUM]",3144,"SUV","Black","Gray",,,,,,,"dealership","[PREMIUM]","St James","NY","[PREMIUM]",,"[]",,,"[PREMIUM]"
"fe79b898-93e2-402a-9e40-ea04e53df100","2026-04-08 22:17:27.075","2026-04-17 22:17:54.425","fe79b898-93e2-402a-9e40-ea04e53df100","[PREMIUM]","New",2026,"GMC","Sierra 1500","Pro","[PREMIUM]","[PREMIUM]",3,"Truck","Summit White","Jet Blk","Four-wheel Drive",,,"Gasoline",,,"dealership","[PREMIUM]","Kernersville","NC","[PREMIUM]",,"[]",,,"[PREMIUM]"
"88f50143-6d09-4e3c-bb3b-1d271d9a939d","2026-04-08 22:17:27.059","2026-04-08 22:17:27.059","88f50143-6d09-4e3c-bb3b-1d271d9a939d","[PREMIUM]","New",2026,"Toyota","Tacoma","SR","[PREMIUM]","[PREMIUM]",3,"Truck","Ice Cap","Black Fabric","Four-wheel Drive",,,"Gasoline",,,"dealership","[PREMIUM]","Kent","OH","[PREMIUM]",,"[]",,,"[PREMIUM]"
"3209cf5c-0ad3-4db5-b844-b656a83e58da","2026-04-08 22:17:27.054","2026-04-08 22:17:27.054","3209cf5c-0ad3-4db5-b844-b656a83e58da","[PREMIUM]","New",2026,"Nissan","Frontier","PRO-X","[PREMIUM]","[PREMIUM]",0,"Truck","Gun Metallic","Lava Red St","Rear-wheel Drive",,,"Gasoline",,,"dealership","[PREMIUM]","Dallas","TX","[PREMIUM]",,"[]",,,"[PREMIUM]"
"5ab46d59-086f-4b13-a900-2cc8a34e47bd","2026-04-08 22:17:27.039","2026-04-08 22:17:27.039","5ab46d59-086f-4b13-a900-2cc8a34e47bd","[PREMIUM]","New",2026,"BMW","i7","M70","[PREMIUM]","[PREMIUM]",14,"Sedan","Brooklyn Grey Metallic","Black","All-wheel Drive",,,"Electric",,,"dealership","[PREMIUM]","Fort Wayne","IN","[PREMIUM]",,"[]",,,"[PREMIUM]"
"629e8d26-51d4-46b8-b639-a8419fa744cf","2026-04-08 22:17:27.033","2026-04-14 22:17:44.772","629e8d26-51d4-46b8-b639-a8419fa744cf","[PREMIUM]","Used",2024,"Ferrari","812 Competizione",,"[PREMIUM]","[PREMIUM]",246,"Coupe","Rosso TRS","Blu Scuro","Rear-wheel Drive",,,"Gasoline",,,"dealership","[PREMIUM]","Maplewood","MO","[PREMIUM]",,"[]",,,"[PREMIUM]"
"9375b77e-e85b-4c9d-929e-046bf9e2e10e","2026-04-08 22:17:26.953","2026-04-08 22:17:26.953","9375b77e-e85b-4c9d-929e-046bf9e2e10e","[PREMIUM]","New",2026,"Toyota","Camry","SE","[PREMIUM]","[PREMIUM]",5,"Sedan","Dark Cosmos","Black Fa","Front-wheel Drive",,,"Gasoline",,,"dealership","[PREMIUM]","Kent","OH","[PREMIUM]",,"[]",,,"[PREMIUM]"
