"_primaryKey","_firstSeenAt","_lastSeenAt","listingId","vin","stockType","year","make","model","trim","price","msrp","mileage","bodyStyle","exteriorColor","interiorColor","drivetrain","transmission","engine","fuelType","mpg","stockNumber","sellerType","sellerName","sellerCity","sellerState","images","imagesCount","options","optionsCount","description","listingUrl"
"ad5eaf8c-d371-4694-8243-abb782ce3619","2026-07-08 23:59:21.657","2026-07-11 23:59:49.714","ad5eaf8c-d371-4694-8243-abb782ce3619","[PREMIUM]","Used",2024,"Porsche","Macan","GTS","[PREMIUM]","[PREMIUM]",23892,"SUV","Gray","BLACK","Four-wheel Drive",,,"Gasoline",,,"dealership","[PREMIUM]","Charlotte","NC","[PREMIUM]",26,"[]",,,"[PREMIUM]"
"8ccb247f-1409-461d-8333-1fa405b5eeae","2026-07-08 23:56:15.473","2026-07-08 23:56:15.473","8ccb247f-1409-461d-8333-1fa405b5eeae","[PREMIUM]","Used",2021,"Mercedes-Benz","S-Class",,"[PREMIUM]","[PREMIUM]",25744,"Sedan","Silver","GRAY","Four-wheel Drive",,,"Gasoline",,,"dealership","[PREMIUM]","Norcross","GA","[PREMIUM]",27,"[]",,,"[PREMIUM]"
"9c83ca71-2d8c-425a-b8ee-a7581d7f367b","2026-07-08 23:55:42.222","2026-07-11 23:56:39.898","9c83ca71-2d8c-425a-b8ee-a7581d7f367b","[PREMIUM]","Used",2022,"Mercedes-Benz","AMG GT 43","43","[PREMIUM]","[PREMIUM]",37008,"Hatchback","Black","RED","Four-wheel Drive",,,"Gasoline",,,"dealership","[PREMIUM]","Fairfield","CA","[PREMIUM]",26,"[]",,,"[PREMIUM]"
"5d4edd78-0f39-4f21-ba1f-3c9cf36843b9","2026-07-08 23:55:42.058","2026-07-19 18:08:52.165","5d4edd78-0f39-4f21-ba1f-3c9cf36843b9","[PREMIUM]","Used",2021,"Chevrolet","Silverado 3500","High Country","[PREMIUM]","[PREMIUM]",83666,"Truck","Summit White","Jet Black","Four-wheel Drive",,,"Diesel",,,"dealership","[PREMIUM]","Hillsboro","OR","[PREMIUM]",11,"[]",,,"[PREMIUM]"
"1d055c97-f1bc-4d61-b67c-669bdc02dad5","2026-07-08 23:55:42.044","2026-07-19 18:08:51.365","1d055c97-f1bc-4d61-b67c-669bdc02dad5","[PREMIUM]","Used",2024,"Nissan","Armada","Platinum","[PREMIUM]","[PREMIUM]",5406,"SUV","Pearl","BROWN","Four-wheel Drive",,,"Gasoline",,,"dealership","[PREMIUM]","Fort Worth","TX","[PREMIUM]",29,"[]",,,"[PREMIUM]"
"6d0a49a1-d7f1-44af-8988-6cb2a149b5d3","2026-07-08 23:55:30.827","2026-07-19 18:08:51.512","6d0a49a1-d7f1-44af-8988-6cb2a149b5d3","[PREMIUM]","New",2026,"Ford","F-150","XLT","[PREMIUM]","[PREMIUM]",278,"Truck","Ruby Red Metallic","Black","Four-wheel Drive",,,"Gasoline",,,"dealership","[PREMIUM]","Edgefield","SC","[PREMIUM]",30,"[]",,,"[PREMIUM]"
"08bbe922-9d12-4f7f-914f-1bcb1c6742d9","2026-07-08 23:55:30.814","2026-07-19 18:08:51.590","08bbe922-9d12-4f7f-914f-1bcb1c6742d9","[PREMIUM]","Used",2026,"BMW","X3","30 xDrive","[PREMIUM]","[PREMIUM]",7870,"SUV","Arctic Race Blue Metallic","Black","All-wheel Drive",,,"Gasoline",,,"dealership","[PREMIUM]","Mt. Laurel","NJ","[PREMIUM]",30,"[]",,,"[PREMIUM]"
"b6d17fd2-4ae4-4920-aab9-29eba2c51d45","2026-07-08 23:54:58.569","2026-07-08 23:54:58.569","b6d17fd2-4ae4-4920-aab9-29eba2c51d45","[PREMIUM]","Used",2022,"Mercedes-Benz","S-Class",,"[PREMIUM]","[PREMIUM]",51359,"Sedan","White","CREAM","Four-wheel Drive",,,"Gasoline",,,"dealership","[PREMIUM]","Murrieta","CA","[PREMIUM]",23,"[]",,,"[PREMIUM]"
"b105160c-4207-4578-9726-77e3cce75709","2026-07-08 23:54:58.240","2026-07-08 23:54:58.240","b105160c-4207-4578-9726-77e3cce75709","[PREMIUM]","Used",2024,"Mercedes-Benz","GLC 300",,"[PREMIUM]","[PREMIUM]",28898,"SUV","Blue","BROWN","Four-wheel Drive",,,"Gasoline",,,"dealership","[PREMIUM]","Tinley Park","IL","[PREMIUM]",29,"[]",,,"[PREMIUM]"
"c0db6777-3e47-47cd-9b2c-f0c997c9e26e","2026-07-08 23:54:47.057","2026-07-08 23:54:47.057","c0db6777-3e47-47cd-9b2c-f0c997c9e26e","[PREMIUM]","Used",2025,"GMC","Sierra 1500","SLT","[PREMIUM]","[PREMIUM]",15183,"Truck","Black","BLACK","Four-wheel Drive",,,"Gasoline",,,"dealership","[PREMIUM]","Davie","FL","[PREMIUM]",27,"[]",,,"[PREMIUM]"
"838903a3-2396-4696-82bb-ba28447d3874","2026-07-08 23:54:46.961","2026-07-08 23:54:46.961","838903a3-2396-4696-82bb-ba28447d3874","[PREMIUM]","Used",2025,"Lexus","NX 450h+","Luxury","[PREMIUM]","[PREMIUM]",27798,"SUV","White","BROWN","Four-wheel Drive",,,"Plug-In Hybrid",,,"dealership","[PREMIUM]","King of Prussia","PA","[PREMIUM]",27,"[]",,,"[PREMIUM]"
"c401ee04-05cd-4945-88c7-58fd0b83358f","2026-07-08 23:54:46.938","2026-07-16 18:03:48.188","c401ee04-05cd-4945-88c7-58fd0b83358f","[PREMIUM]","Used",2026,"BMW","X3","30 xDrive","[PREMIUM]","[PREMIUM]",7684,"SUV","Alpine White","Black","All-wheel Drive",,,"Gasoline",,,"dealership","[PREMIUM]","Mt. Laurel","NJ","[PREMIUM]",32,"[]",,,"[PREMIUM]"
"e05313e8-dfcb-4bf2-9861-5b51dc929425","2026-07-08 23:54:14.476","2026-07-19 18:08:15.235","e05313e8-dfcb-4bf2-9861-5b51dc929425","[PREMIUM]","Used",2020,"Ford","F-250","XLT","[PREMIUM]","[PREMIUM]",73241,"Truck","Silver","GRAY","Four-wheel Drive",,,"Diesel",,,"dealership","[PREMIUM]","Newport News","VA","[PREMIUM]",25,"[]",,,"[PREMIUM]"
"0780ebbd-8bcf-4f11-a782-83da73d99846","2026-07-08 23:54:03.484","2026-07-17 18:37:37.995","0780ebbd-8bcf-4f11-a782-83da73d99846","[PREMIUM]","Used",2025,"Lexus","ES 300h","Luxury","[PREMIUM]","[PREMIUM]",30629,"Sedan","White","TAUPE","Rear-wheel Drive",,,"Hybrid",,,"dealership","[PREMIUM]","Norcross","GA","[PREMIUM]",26,"[]",,,"[PREMIUM]"
"a19766f3-af50-4083-8c72-513b60cae9de","2026-07-08 23:53:26.511","2026-07-19 18:07:40.200","a19766f3-af50-4083-8c72-513b60cae9de","[PREMIUM]","Used",2024,"Ford","Maverick","Lariat","[PREMIUM]","[PREMIUM]",17911,"Truck","Black","BLACK","Rear-wheel Drive",,,"Hybrid",,,"dealership","[PREMIUM]","Augusta","GA","[PREMIUM]",26,"[]",,,"[PREMIUM]"
"3707213f-a7ca-4f97-b6bd-5656a7a9bf18","2026-07-08 23:53:26.510","2026-07-11 23:54:44.389","3707213f-a7ca-4f97-b6bd-5656a7a9bf18","[PREMIUM]","Used",2023,"Kia","Telluride","X-Line EX","[PREMIUM]","[PREMIUM]",38630,"SUV","White","BLACK","Four-wheel Drive",,,"Gasoline",,,"dealership","[PREMIUM]","Bakersfield","CA","[PREMIUM]",26,"[]",,,"[PREMIUM]"
"401ea369-36c7-4234-85b0-d79de6a8ca4b","2026-07-08 23:53:25.669","2026-07-19 18:07:28.589","401ea369-36c7-4234-85b0-d79de6a8ca4b","[PREMIUM]","Used",2020,"Toyota","Tundra","1794","[PREMIUM]","[PREMIUM]",96619,"Truck","Brown","BROWN","Four-wheel Drive",,,"Gasoline",,,"dealership","[PREMIUM]","Houston","TX","[PREMIUM]",27,"[]",,,"[PREMIUM]"
"a65fb854-ab80-49d9-968b-4736c074549e","2026-07-08 23:53:25.594","2026-07-19 18:07:40.129","a65fb854-ab80-49d9-968b-4736c074549e","[PREMIUM]","Used",2024,"Kia","Telluride","SX X-Line","[PREMIUM]","[PREMIUM]",18292,"SUV","Black","BLACK","Four-wheel Drive",,,"Gasoline",,,"dealership","[PREMIUM]","Nashville","TN","[PREMIUM]",30,"[]",,,"[PREMIUM]"
"b0d8f472-a8f0-46f2-875c-d1c6a22df60e","2026-07-08 23:53:25.593","2026-07-11 23:54:44.296","b0d8f472-a8f0-46f2-875c-d1c6a22df60e","[PREMIUM]","Used",2025,"Honda","CR-V","EX-L","[PREMIUM]","[PREMIUM]",13418,"SUV","Blue","BLACK","Four-wheel Drive",,,"Gasoline",,,"dealership","[PREMIUM]","Kenosha","WI","[PREMIUM]",26,"[]",,,"[PREMIUM]"
"d946ef06-11e1-4b56-8310-552a4be2b178","2026-07-08 23:53:25.536","2026-07-16 18:03:07.513","d946ef06-11e1-4b56-8310-552a4be2b178","[PREMIUM]","Used",2023,"Ford","F-250","XL","[PREMIUM]","[PREMIUM]",51075,"Truck","White","GRAY","Four-wheel Drive",,,"Gasoline",,,"dealership","[PREMIUM]","Houston","TX","[PREMIUM]",25,"[]",,,"[PREMIUM]"
"06548256-202b-465e-ba7d-82ac1c9abe1a","2026-07-08 23:53:25.446","2026-07-19 18:07:28.560","06548256-202b-465e-ba7d-82ac1c9abe1a","[PREMIUM]","Used",2019,"Lexus","GX 460","Premium","[PREMIUM]","[PREMIUM]",45741,"SUV","White","CREAM","Four-wheel Drive",,,"Gasoline",,,"dealership","[PREMIUM]","Palm Desert","CA","[PREMIUM]",29,"[]",,,"[PREMIUM]"
"68fff3d7-9917-4ae2-9118-968ce93ed8d0","2026-07-08 23:53:25.434","2026-07-16 18:03:19.482","68fff3d7-9917-4ae2-9118-968ce93ed8d0","[PREMIUM]","Used",2023,"Ford","Explorer","ST","[PREMIUM]","[PREMIUM]",28187,"SUV","White","BLACK","Rear-wheel Drive",,,"Gasoline",,,"dealership","[PREMIUM]","Cincinnati","OH","[PREMIUM]",27,"[]",,,"[PREMIUM]"
"fcdf901f-f87b-44cc-beff-1786c908de93","2026-07-08 23:53:25.336","2026-07-16 18:03:19.455","fcdf901f-f87b-44cc-beff-1786c908de93","[PREMIUM]","Used",2025,"Lexus","NX 250","Premium","[PREMIUM]","[PREMIUM]",6659,"SUV","Gray","BLACK","Rear-wheel Drive",,,"Gasoline",,,"dealership","[PREMIUM]","Murrieta","CA","[PREMIUM]",26,"[]",,,"[PREMIUM]"
"9716a510-6aa3-49a9-9f64-6ed105de3731","2026-07-08 23:53:25.319","2026-07-19 18:07:40.101","9716a510-6aa3-49a9-9f64-6ed105de3731","[PREMIUM]","Used",2023,"GMC","Sierra 1500","Elevation","[PREMIUM]","[PREMIUM]",27445,"Truck","Black","BLACK","Four-wheel Drive",,,"Gasoline",,,"dealership","[PREMIUM]","Harrisonburg","VA","[PREMIUM]",26,"[]",,,"[PREMIUM]"
"a6a1dd34-d4b9-4ca3-b902-270126e73511","2026-07-08 23:53:25.301","2026-07-19 18:07:28.963","a6a1dd34-d4b9-4ca3-b902-270126e73511","[PREMIUM]","Used",2023,"BMW","530","I","[PREMIUM]","[PREMIUM]",11939,"Sedan","Gray","BLACK","Rear-wheel Drive",,,"Gasoline",,,"dealership","[PREMIUM]","Royal Palm Beach","FL","[PREMIUM]",27,"[]",,,"[PREMIUM]"
"88eac7e7-8f85-4c8d-8f28-85a164cf7b5a","2026-07-08 23:53:25.296","2026-07-08 23:53:25.296","88eac7e7-8f85-4c8d-8f28-85a164cf7b5a","[PREMIUM]","Used",2025,"Honda","CR-V Hybrid","Sport-L","[PREMIUM]","[PREMIUM]",9056,"SUV","Blue","BLACK","Four-wheel Drive",,,"Hybrid",,,"dealership","[PREMIUM]","Fremont","CA","[PREMIUM]",18,"[]",,,"[PREMIUM]"
"4f29afbc-69d2-4dd7-9450-70d18bf35869","2026-07-08 23:53:25.292","2026-07-08 23:53:25.292","4f29afbc-69d2-4dd7-9450-70d18bf35869","[PREMIUM]","Used",2025,"Acura","RDX","SH-AWD A-Spec Advance","[PREMIUM]","[PREMIUM]",20510,"SUV","Silver","BLACK","Four-wheel Drive",,,"Gasoline",,,"dealership","[PREMIUM]","Loveland","CO","[PREMIUM]",28,"[]",,,"[PREMIUM]"
"1d16d7c5-7d02-4585-92fb-6aad1a245d5f","2026-07-08 23:53:25.290","2026-07-19 18:07:40.094","1d16d7c5-7d02-4585-92fb-6aad1a245d5f","[PREMIUM]","Used",2024,"Hyundai","PALISADE","Limited","[PREMIUM]","[PREMIUM]",32578,"SUV","Black","BLACK","Four-wheel Drive",,,"Gasoline",,,"dealership","[PREMIUM]","Spokane Valley","WA","[PREMIUM]",28,"[]",,,"[PREMIUM]"
"3a776206-1923-437b-874b-efac13159792","2026-07-08 23:53:25.285","2026-07-19 18:07:39.982","3a776206-1923-437b-874b-efac13159792","[PREMIUM]","Used",2024,"Toyota","GR Corolla","Circuit Edition","[PREMIUM]","[PREMIUM]",18218,"Hatchback","White","BLACK","Four-wheel Drive",,,"Gasoline",,,"dealership","[PREMIUM]","Glencoe","IL","[PREMIUM]",24,"[]",,,"[PREMIUM]"
"5ce91d5f-4a53-4c10-b459-de4ecbbcb2f6","2026-07-08 23:53:25.284","2026-07-08 23:53:25.284","5ce91d5f-4a53-4c10-b459-de4ecbbcb2f6","[PREMIUM]","Used",2018,"Ford","F-150","Platinum","[PREMIUM]","[PREMIUM]",43493,"Truck","Red","BLACK","4WD",,,"Gas",,,"dealership","[PREMIUM]","Urbandale","IA","[PREMIUM]",27,"[]",,,"[PREMIUM]"
"73d5c137-f4e7-4288-a864-5784f8648104","2026-07-08 23:53:25.284","2026-07-11 23:54:44.339","73d5c137-f4e7-4288-a864-5784f8648104","[PREMIUM]","Used",2025,"Honda","Odyssey","Sport-L","[PREMIUM]","[PREMIUM]",30581,"Passenger Van","Gray","BLACK","Rear-wheel Drive",,,"Gasoline",,,"dealership","[PREMIUM]","Clermont","FL","[PREMIUM]",28,"[]",,,"[PREMIUM]"
"5bebae88-65c7-4bfa-ad10-ee42d2b7d090","2026-07-08 23:53:25.281","2026-07-19 18:07:40.103","5bebae88-65c7-4bfa-ad10-ee42d2b7d090","[PREMIUM]","Used",2025,"RAM","1500","Bighorn","[PREMIUM]","[PREMIUM]",12850,"Truck","Black","GRAY","Four-wheel Drive",,,"Gasoline",,,"dealership","[PREMIUM]","Merriam","KS","[PREMIUM]",25,"[]",,,"[PREMIUM]"
"a011be55-d192-4326-a5d2-b15971b0430c","2026-07-08 23:53:25.281","2026-07-08 23:53:25.281","a011be55-d192-4326-a5d2-b15971b0430c","[PREMIUM]","Used",2023,"Toyota","4Runner","SR5 Premium","[PREMIUM]","[PREMIUM]",27920,"SUV","Black","BLACK","Rear-wheel Drive",,,"Gasoline",,,"dealership","[PREMIUM]","Oak Lawn","IL","[PREMIUM]",25,"[]",,,"[PREMIUM]"
"86536a9a-b97c-4200-8ce8-581522ec82b7","2026-07-08 23:53:25.278","2026-07-19 18:07:40.553","86536a9a-b97c-4200-8ce8-581522ec82b7","[PREMIUM]","Used",2024,"Ford","F-150","XLT","[PREMIUM]","[PREMIUM]",24227,"Truck","Black","BLACK","Four-wheel Drive",,,"Gasoline",,,"dealership","[PREMIUM]","Lithia Springs","GA","[PREMIUM]",27,"[]",,,"[PREMIUM]"
"8376afd8-f245-489e-9ea0-ad9a56e4f89e","2026-07-08 23:53:25.268","2026-07-19 18:07:40.076","8376afd8-f245-489e-9ea0-ad9a56e4f89e","[PREMIUM]","Used",2025,"Hyundai","PALISADE","SEL Premium","[PREMIUM]","[PREMIUM]",14467,"SUV","Gray","BLACK","Rear-wheel Drive",,,"Gasoline",,,"dealership","[PREMIUM]","Wichita","KS","[PREMIUM]",27,"[]",,,"[PREMIUM]"
"9dd6140f-d04f-444a-afa5-fbd7e80a3b0e","2026-07-08 23:53:25.268","2026-07-19 18:07:40.010","9dd6140f-d04f-444a-afa5-fbd7e80a3b0e","[PREMIUM]","Used",2025,"Buick","Enclave","Preferred","[PREMIUM]","[PREMIUM]",9895,"SUV","Blue","BLACK","Rear-wheel Drive",,,"Gasoline",,,"dealership","[PREMIUM]","Tucson","AZ","[PREMIUM]",27,"[]",,,"[PREMIUM]"
"624b8811-6da5-41bb-855a-9f35e405300e","2026-07-08 23:53:25.267","2026-07-19 18:07:40.080","624b8811-6da5-41bb-855a-9f35e405300e","[PREMIUM]","Used",2025,"Toyota","RAV4","XLE Premium","[PREMIUM]","[PREMIUM]",25044,"SUV","Black","BLACK","Four-wheel Drive",,,"Gasoline",,,"dealership","[PREMIUM]","Bloomington","IL","[PREMIUM]",28,"[]",,,"[PREMIUM]"
"6a00d6d8-895c-492b-a42f-e1e06b59e6f1","2026-07-08 23:51:53.972","2026-07-19 18:07:40.109","6a00d6d8-895c-492b-a42f-e1e06b59e6f1","[PREMIUM]","Used",2020,"Toyota","Highlander","XLE","[PREMIUM]","[PREMIUM]",41146,"SUV","White","GRAY","Rear-wheel Drive",,,"Gasoline",,,"dealership","[PREMIUM]","Tampa","FL","[PREMIUM]",29,"[]",,,"[PREMIUM]"
"2e918859-838e-4f06-a736-424e09e07030","2026-07-08 23:51:53.868","2026-07-08 23:51:53.868","2e918859-838e-4f06-a736-424e09e07030","[PREMIUM]","Used",2019,"Toyota","Highlander","XLE","[PREMIUM]","[PREMIUM]",50730,"SUV","Silver","GRAY","Four-wheel Drive",,,"Gasoline",,,"dealership","[PREMIUM]","Parker","CO","[PREMIUM]",28,"[]",,,"[PREMIUM]"
"0da19667-0150-4e76-b1a3-b5c76a9cdca6","2026-07-08 23:51:53.826","2026-07-11 23:52:12.994","0da19667-0150-4e76-b1a3-b5c76a9cdca6","[PREMIUM]","Used",2020,"Dodge","Challenger","GT","[PREMIUM]","[PREMIUM]",9787,"Coupe","Red","BLACK","Rear-wheel Drive",,,"Gasoline",,,"dealership","[PREMIUM]","Riverside","CA","[PREMIUM]",24,"[]",,,"[PREMIUM]"
"213931aa-0fd9-4380-8a56-a047836aa3ea","2026-07-08 23:51:43.770","2026-07-08 23:51:43.770","213931aa-0fd9-4380-8a56-a047836aa3ea","[PREMIUM]","Used",2022,"Toyota","Prius","Limited","[PREMIUM]","[PREMIUM]",30347,"Hatchback","White","BLACK","Rear-wheel Drive",,,"Hybrid",,,"dealership","[PREMIUM]","Oceanside","CA","[PREMIUM]",25,"[]",,,"[PREMIUM]"
"969b8d8c-a62b-479a-819d-0d15d9866056","2026-07-08 23:51:43.703","2026-07-08 23:51:43.703","969b8d8c-a62b-479a-819d-0d15d9866056","[PREMIUM]","Used",2022,"Toyota","Highlander Hybrid","LE","[PREMIUM]","[PREMIUM]",37087,"SUV","Silver","GRAY","Rear-wheel Drive",,,"Hybrid",,,"dealership","[PREMIUM]","Richmond","TX","[PREMIUM]",26,"[]",,,"[PREMIUM]"
"f56f879a-2cee-4f45-8546-9ffc3ed70145","2026-07-08 23:51:33.944","2026-07-11 23:51:42.808","f56f879a-2cee-4f45-8546-9ffc3ed70145","[PREMIUM]","Used",2023,"Toyota","Tacoma","SR5","[PREMIUM]","[PREMIUM]",53139,"Truck","Silver","GRAY","Rear-wheel Drive",,,"Gasoline",,,"dealership","[PREMIUM]","San Antonio","TX","[PREMIUM]",25,"[]",,,"[PREMIUM]"
"b45744b4-6f2f-48e9-b04e-715fa3019f39","2026-07-08 23:51:33.724","2026-07-16 18:03:07.780","b45744b4-6f2f-48e9-b04e-715fa3019f39","[PREMIUM]","Used",2023,"GMC","Acadia","SLT","[PREMIUM]","[PREMIUM]",28400,"SUV","White","BLACK","Four-wheel Drive",,,"Gasoline",,,"dealership","[PREMIUM]","Murrieta","CA","[PREMIUM]",26,"[]",,,"[PREMIUM]"
"30311cb7-8fa5-4a31-9295-3d094ce090d4","2026-07-08 23:51:33.722","2026-07-19 18:07:40.259","30311cb7-8fa5-4a31-9295-3d094ce090d4","[PREMIUM]","Used",2025,"Toyota","Camry","SE","[PREMIUM]","[PREMIUM]",21144,"Sedan","White","BLACK","Rear-wheel Drive",,,"Hybrid",,,"dealership","[PREMIUM]","Raleigh","NC","[PREMIUM]",25,"[]",,,"[PREMIUM]"
"c59148e6-f9b0-497f-87b9-8bcf7da9db3e","2026-07-08 23:51:33.714","2026-07-08 23:51:33.714","c59148e6-f9b0-497f-87b9-8bcf7da9db3e","[PREMIUM]","Used",2024,"Ford","Mustang","Ecoboost Premium","[PREMIUM]","[PREMIUM]",47245,"Convertible","Black","BROWN","2WD",,,"Gas",,,"dealership","[PREMIUM]","Irving","TX","[PREMIUM]",24,"[]",,,"[PREMIUM]"
"fbbf47d8-5131-4074-a3c4-e0b275e521fb","2026-07-08 23:51:33.710","2026-07-19 18:07:28.588","fbbf47d8-5131-4074-a3c4-e0b275e521fb","[PREMIUM]","Used",2023,"Honda","CR-V","EX","[PREMIUM]","[PREMIUM]",6974,"SUV","White","CREAM","Four-wheel Drive",,,"Gasoline",,,"dealership","[PREMIUM]","Woodbridge","VA","[PREMIUM]",26,"[]",,,"[PREMIUM]"
"7a800859-37eb-4de6-a5d2-f27ec4319848","2026-07-08 23:51:33.682","2026-07-08 23:51:33.682","7a800859-37eb-4de6-a5d2-f27ec4319848","[PREMIUM]","Used",2025,"Honda","Accord Hybrid","Sport","[PREMIUM]","[PREMIUM]",8488,"Sedan","Gray","BLACK","Rear-wheel Drive",,,"Hybrid",,,"dealership","[PREMIUM]","Raleigh","NC","[PREMIUM]",25,"[]",,,"[PREMIUM]"
"73e591a3-2301-4b64-a5fa-894ba2bfe32f","2026-07-08 23:51:33.666","2026-07-16 18:03:07.444","73e591a3-2301-4b64-a5fa-894ba2bfe32f","[PREMIUM]","Used",2023,"Nissan","Pathfinder","Platinum","[PREMIUM]","[PREMIUM]",47783,"SUV","Red","BLACK","Rear-wheel Drive",,,"Gasoline",,,"dealership","[PREMIUM]","Sacramento","CA","[PREMIUM]",28,"[]",,,"[PREMIUM]"
"9a4d71bb-0f8b-4b75-90da-2bc25c37f4de","2026-07-08 23:51:33.630","2026-07-16 18:03:07.492","9a4d71bb-0f8b-4b75-90da-2bc25c37f4de","[PREMIUM]","Used",2024,"Hyundai","SANTA FE","Limited","[PREMIUM]","[PREMIUM]",35544,"SUV","White","TAUPE","Rear-wheel Drive",,,"Gasoline",,,"dealership","[PREMIUM]","Palmdale","CA","[PREMIUM]",28,"[]",,,"[PREMIUM]"
"ee6eb019-618d-453f-b350-4289ad480a37","2026-07-08 23:51:33.609","2026-07-16 18:03:07.787","ee6eb019-618d-453f-b350-4289ad480a37","[PREMIUM]","Used",2023,"BMW","X1","XDrive28i","[PREMIUM]","[PREMIUM]",27154,"SUV","Green","BLACK","Four-wheel Drive",,,"Gasoline",,,"dealership","[PREMIUM]","Norcross","GA","[PREMIUM]",27,"[]",,,"[PREMIUM]"
"c009cdcf-6ab3-4579-ac56-f4e5d6e40e83","2026-07-08 23:51:33.591","2026-07-19 18:07:28.699","c009cdcf-6ab3-4579-ac56-f4e5d6e40e83","[PREMIUM]","Used",2024,"Toyota","Corolla Cross Hybrid","XSE","[PREMIUM]","[PREMIUM]",28120,"SUV","White","BLACK","Four-wheel Drive",,,"Hybrid",,,"dealership","[PREMIUM]","Nashville","TN","[PREMIUM]",26,"[]",,,"[PREMIUM]"
"d8a56e54-3cd5-497e-abdf-dc7cb7acf85b","2026-07-08 23:51:23.326","2026-07-19 18:07:28.537","d8a56e54-3cd5-497e-abdf-dc7cb7acf85b","[PREMIUM]","Used",2007,"Mercedes-Benz","SL-Class","SL55 AMG","[PREMIUM]","[PREMIUM]",72500,"Convertible","Black","Black","Rear-wheel Drive",,,"Gasoline",,,"private","[PREMIUM]",,,"[PREMIUM]",18,"[]",,,"[PREMIUM]"
"720b9574-ac55-436b-9221-c2b4d99a8397","2026-07-08 23:51:13.376","2026-07-11 23:51:22.471","720b9574-ac55-436b-9221-c2b4d99a8397","[PREMIUM]","Used",2018,"Toyota","Camry","XSE","[PREMIUM]","[PREMIUM]",6987,"Sedan","Blue","BLUE","Rear-wheel Drive",,,"Gasoline",,,"dealership","[PREMIUM]","Winston-Salem","NC","[PREMIUM]",26,"[]",,,"[PREMIUM]"
"c05df3d4-2d30-4405-9ea0-47c991817983","2026-07-08 23:51:03.356","2026-07-11 23:51:12.335","c05df3d4-2d30-4405-9ea0-47c991817983","[PREMIUM]","Used",2023,"Ford","Explorer","XLT","[PREMIUM]","[PREMIUM]",27033,"SUV","Gray","BLACK","Rear-wheel Drive",,,"Gasoline",,,"dealership","[PREMIUM]","Houston","TX","[PREMIUM]",27,"[]",,,"[PREMIUM]"
"fcc1564e-a567-48c5-8a34-17dc060d27b6","2026-07-08 23:51:03.335","2026-07-19 18:07:28.578","fcc1564e-a567-48c5-8a34-17dc060d27b6","[PREMIUM]","Used",2021,"Honda","Accord Hybrid","Touring","[PREMIUM]","[PREMIUM]",74299,"Sedan","Black","BLACK","Rear-wheel Drive",,,"Hybrid",,,"dealership","[PREMIUM]","Burbank","CA","[PREMIUM]",27,"[]",,,"[PREMIUM]"
"a61fd8c1-68b8-4c03-aba3-f7c34a0ef30e","2026-07-08 23:51:03.332","2026-07-11 23:51:12.306","a61fd8c1-68b8-4c03-aba3-f7c34a0ef30e","[PREMIUM]","Used",2020,"Audi","Q5","Premium Plus","[PREMIUM]","[PREMIUM]",24214,"SUV","White","BLACK","Four-wheel Drive",,,"Gasoline",,,"dealership","[PREMIUM]","Gaithersburg","MD","[PREMIUM]",27,"[]",,,"[PREMIUM]"
"171b8503-7e1a-4680-8600-bf31b9781cc9","2026-07-08 23:51:03.299","2026-07-16 18:03:07.542","171b8503-7e1a-4680-8600-bf31b9781cc9","[PREMIUM]","Used",2023,"Audi","Q5","Premium","[PREMIUM]","[PREMIUM]",19269,"SUV","Black","BLACK","Four-wheel Drive",,,"Gasoline",,,"dealership","[PREMIUM]","Murrieta","CA","[PREMIUM]",26,"[]",,,"[PREMIUM]"
"5d5c09eb-f4be-4103-a157-5a7305a79665","2026-07-08 23:51:03.287","2026-07-16 18:03:07.261","5d5c09eb-f4be-4103-a157-5a7305a79665","[PREMIUM]","Used",2021,"Honda","Accord","Sport","[PREMIUM]","[PREMIUM]",55678,"Sedan","Blue","BLACK","Rear-wheel Drive",,,"Gasoline",,,"dealership","[PREMIUM]","Columbus","OH","[PREMIUM]",25,"[]",,,"[PREMIUM]"
"386c3cdb-2205-4830-8bbc-d3c84460112f","2026-07-08 23:51:03.285","2026-07-19 18:07:18.253","386c3cdb-2205-4830-8bbc-d3c84460112f","[PREMIUM]","Used",2022,"Ford","Ranger","XL","[PREMIUM]","[PREMIUM]",48279,"Truck","White","BLACK","Four-wheel Drive",,,"Gasoline",,,"dealership","[PREMIUM]","Colorado Springs","CO","[PREMIUM]",25,"[]",,,"[PREMIUM]"
"c5de62aa-9fe6-4b47-84b2-1b446b90eb38","2026-07-08 23:51:03.281","2026-07-08 23:51:03.281","c5de62aa-9fe6-4b47-84b2-1b446b90eb38","[PREMIUM]","Used",2020,"Toyota","RAV4 Hybrid","XLE","[PREMIUM]","[PREMIUM]",87856,"SUV","Green","GRAY","Four-wheel Drive",,,"Hybrid",,,"dealership","[PREMIUM]","Oceanside","CA","[PREMIUM]",21,"[]",,,"[PREMIUM]"
"706b4ea0-3fb7-4695-b764-976982dcac5d","2026-07-08 23:51:03.277","2026-07-08 23:51:03.277","706b4ea0-3fb7-4695-b764-976982dcac5d","[PREMIUM]","Used",2022,"Subaru","Outback","Wilderness","[PREMIUM]","[PREMIUM]",39741,"SUV","Blue","GRAY","Four-wheel Drive",,,"Gasoline",,,"dealership","[PREMIUM]","Gastonia","NC","[PREMIUM]",26,"[]",,,"[PREMIUM]"
"ca70be24-774b-4b6d-bf11-9bcb6b35d63b","2026-07-08 23:51:03.268","2026-07-19 18:07:17.982","ca70be24-774b-4b6d-bf11-9bcb6b35d63b","[PREMIUM]","Used",2023,"Subaru","Forester","Premium","[PREMIUM]","[PREMIUM]",40819,"SUV","Crimson Red Pearl","Gray",,,,,,,"dealership","[PREMIUM]","Rhinebeck","NY","[PREMIUM]",3,"[]",,,"[PREMIUM]"
"8c433564-fef2-47cf-852f-d1293a8fc8f4","2026-07-08 23:51:03.261","2026-07-08 23:51:03.261","8c433564-fef2-47cf-852f-d1293a8fc8f4","[PREMIUM]","Used",2022,"Honda","Accord Hybrid","Sport","[PREMIUM]","[PREMIUM]",57249,"Sedan","White","BLACK","2WD",,,"Hybrid",,,"dealership","[PREMIUM]","Kennesaw","GA","[PREMIUM]",25,"[]",,,"[PREMIUM]"
"3d387880-53e9-42e2-aa28-2d5e3dcd4ff9","2026-07-08 23:51:03.253","2026-07-11 23:51:12.304","3d387880-53e9-42e2-aa28-2d5e3dcd4ff9","[PREMIUM]","Used",2022,"Ford","Mustang Mach-E","Premium","[PREMIUM]","[PREMIUM]",27470,"SUV","Silver","BLACK","Rear-wheel Drive",,,"Electric",,,"dealership","[PREMIUM]","Pompano Beach","FL","[PREMIUM]",26,"[]",,,"[PREMIUM]"
"850145d6-ec8d-467b-aba6-abc1273187a3","2026-07-08 23:51:03.253","2026-07-08 23:51:03.253","850145d6-ec8d-467b-aba6-abc1273187a3","[PREMIUM]","Used",2021,"Toyota","RAV4","XLE","[PREMIUM]","[PREMIUM]",43709,"SUV","Red","GRAY","Rear-wheel Drive",,,"Gasoline",,,"dealership","[PREMIUM]","Norcross","GA","[PREMIUM]",25,"[]",,,"[PREMIUM]"
"d9509bce-c68c-4fde-bb73-b875794d3c91","2026-07-08 23:51:03.240","2026-07-08 23:51:03.240","d9509bce-c68c-4fde-bb73-b875794d3c91","[PREMIUM]","Used",2022,"Tesla","Model 3",,"[PREMIUM]","[PREMIUM]",42660,"Sedan","White","BLACK","2WD",,,"Electric",,,"dealership","[PREMIUM]","Norcross","GA","[PREMIUM]",24,"[]",,,"[PREMIUM]"
"e43b8e77-fc15-486d-a751-eb64f3ea1377","2026-07-08 23:51:03.222","2026-07-11 23:51:12.429","e43b8e77-fc15-486d-a751-eb64f3ea1377","[PREMIUM]","Used",2022,"Mazda","CX-5","2.5 Turbo Signature","[PREMIUM]","[PREMIUM]",29617,"SUV","Red","BLACK","Four-wheel Drive",,,"Gasoline",,,"dealership","[PREMIUM]","Frederick","MD","[PREMIUM]",27,"[]",,,"[PREMIUM]"
"0dec6125-22c6-4c8a-8812-a06d7717e249","2026-07-08 23:51:03.219","2026-07-16 18:03:07.268","0dec6125-22c6-4c8a-8812-a06d7717e249","[PREMIUM]","Used",2022,"Dodge","Challenger","GT","[PREMIUM]","[PREMIUM]",59436,"Coupe","Red","BLACK","Rear-wheel Drive",,,"Gasoline",,,"dealership","[PREMIUM]","Fort Worth","TX","[PREMIUM]",25,"[]",,,"[PREMIUM]"
"ef1483a0-5c40-4746-ba45-79c77c3d6111","2026-07-08 23:51:03.217","2026-07-19 18:07:18.237","ef1483a0-5c40-4746-ba45-79c77c3d6111","[PREMIUM]","Used",2020,"Honda","Pilot","Elite","[PREMIUM]","[PREMIUM]",82903,"SUV","Silver","GRAY","Four-wheel Drive",,,"Gasoline",,,"dealership","[PREMIUM]","Kennesaw","GA","[PREMIUM]",29,"[]",,,"[PREMIUM]"
"b0fd3cfc-b05c-456f-8356-294251756ac1","2026-07-08 23:51:03.211","2026-07-11 23:51:12.394","b0fd3cfc-b05c-456f-8356-294251756ac1","[PREMIUM]","Used",2021,"Toyota","Camry","LE","[PREMIUM]","[PREMIUM]",30645,"Sedan","Silver","GRAY","Rear-wheel Drive",,,"Gasoline",,,"dealership","[PREMIUM]","Midlothian","VA","[PREMIUM]",25,"[]",,,"[PREMIUM]"
"a87d5090-3699-45f5-a97b-1830ac1a2bc6","2026-07-08 23:51:03.200","2026-07-11 23:51:12.375","a87d5090-3699-45f5-a97b-1830ac1a2bc6","[PREMIUM]","Used",2020,"BMW","X3","sDrive30i","[PREMIUM]","[PREMIUM]",53311,"SUV","White","TAN","Rear-wheel Drive",,,"Gasoline",,,"dealership","[PREMIUM]","Buford","GA","[PREMIUM]",26,"[]",,,"[PREMIUM]"
"97e2d847-80b6-4303-aee7-eb06021628bd","2026-07-08 23:51:03.191","2026-07-19 18:07:18.100","97e2d847-80b6-4303-aee7-eb06021628bd","[PREMIUM]","Used",2022,"BMW","X1","XDrive28i","[PREMIUM]","[PREMIUM]",34379,"SUV","Blue","CREAM","Four-wheel Drive",,,"Gasoline",,,"dealership","[PREMIUM]","Indianapolis","IN","[PREMIUM]",27,"[]",,,"[PREMIUM]"
"ff332e28-62e9-4908-8de9-b18a362b615a","2026-07-08 23:51:03.175","2026-07-19 18:07:18.253","ff332e28-62e9-4908-8de9-b18a362b615a","[PREMIUM]","Used",2023,"Hyundai","SANTA FE","SEL","[PREMIUM]","[PREMIUM]",24000,"SUV","Silver","BLACK","Rear-wheel Drive",,,"Gasoline",,,"dealership","[PREMIUM]","Killeen","TX","[PREMIUM]",26,"[]",,,"[PREMIUM]"
"eaf9d892-c49f-49ac-9642-f9c30e48cd3f","2026-07-08 23:51:03.169","2026-07-16 18:03:07.339","eaf9d892-c49f-49ac-9642-f9c30e48cd3f","[PREMIUM]","Used",2020,"Toyota","Prius","XLE","[PREMIUM]","[PREMIUM]",34171,"Hatchback","White","WHITE","Rear-wheel Drive",,,"Hybrid",,,"dealership","[PREMIUM]","Santa Fe","NM","[PREMIUM]",25,"[]",,,"[PREMIUM]"
"9a85ab2c-ce28-45b4-8afe-f0a457b4038a","2026-07-08 23:50:52.927","2026-07-11 23:51:01.964","9a85ab2c-ce28-45b4-8afe-f0a457b4038a","[PREMIUM]","Used",2023,"Nissan","Rogue","SL","[PREMIUM]","[PREMIUM]",16272,"SUV","White","BLACK","Four-wheel Drive",,,"Gasoline",,,"dealership","[PREMIUM]","Colorado Springs","CO","[PREMIUM]",27,"[]",,,"[PREMIUM]"
"116218b7-1ade-481a-b603-9e4eb8457d21","2026-07-08 23:50:43.095","2026-07-19 18:07:18.249","116218b7-1ade-481a-b603-9e4eb8457d21","[PREMIUM]","Used",2023,"Nissan","Rogue","SV","[PREMIUM]","[PREMIUM]",5580,"SUV","Silver","BLACK","Four-wheel Drive",,,"Gasoline",,,"dealership","[PREMIUM]","Jacksonville","NC","[PREMIUM]",25,"[]",,,"[PREMIUM]"
"c679240d-3a00-4eb1-93af-99a8c65211a5","2026-07-08 23:50:42.866","2026-07-11 23:50:51.930","c679240d-3a00-4eb1-93af-99a8c65211a5","[PREMIUM]","Used",2025,"Subaru","Outback","Limited","[PREMIUM]","[PREMIUM]",43210,"SUV","White","BLACK","Four-wheel Drive",,,"Gasoline",,,"dealership","[PREMIUM]","Raleigh","NC","[PREMIUM]",24,"[]",,,"[PREMIUM]"
"9b8354ab-83f9-4918-94b1-bc36e87ed873","2026-07-08 23:50:42.830","2026-07-19 18:07:18.254","9b8354ab-83f9-4918-94b1-bc36e87ed873","[PREMIUM]","Used",2023,"Hyundai","TUCSON","Limited","[PREMIUM]","[PREMIUM]",29984,"SUV","Black","BLACK","Four-wheel Drive",,,"Gasoline",,,"dealership","[PREMIUM]","Fayetteville","NC","[PREMIUM]",25,"[]",,,"[PREMIUM]"
"52bf7999-716d-4798-b8ff-be639768bf13","2026-07-08 23:50:42.817","2026-07-08 23:50:42.817","52bf7999-716d-4798-b8ff-be639768bf13","[PREMIUM]","Used",2023,"Toyota","Camry","SE","[PREMIUM]","[PREMIUM]",39186,"Sedan","Gray","GRAY","Four-wheel Drive",,,"Gasoline",,,"dealership","[PREMIUM]","Columbus","GA","[PREMIUM]",25,"[]",,,"[PREMIUM]"
"26e76eac-b0c0-4328-9e14-af70cd1eb7a3","2026-07-08 23:50:42.748","2026-07-16 18:03:07.292","26e76eac-b0c0-4328-9e14-af70cd1eb7a3","[PREMIUM]","Used",2023,"Kia","Sportage Hybrid","EX","[PREMIUM]","[PREMIUM]",61175,"SUV","White","BLACK","Four-wheel Drive",,,"Hybrid",,,"dealership","[PREMIUM]","Lynchburg","VA","[PREMIUM]",27,"[]",,,"[PREMIUM]"
"a0dc2517-1cb9-46b5-b0b2-b0d94e17135a","2026-07-08 23:50:42.747","2026-07-08 23:50:42.747","a0dc2517-1cb9-46b5-b0b2-b0d94e17135a","[PREMIUM]","Used",2023,"Honda","Civic","Sport","[PREMIUM]","[PREMIUM]",17819,"Sedan","Red","BLACK","2WD",,,"Gas",,,"dealership","[PREMIUM]","Norwood","MA","[PREMIUM]",25,"[]",,,"[PREMIUM]"
"b4b0bda2-c541-4e6b-a6f7-f2ce742fbda0","2026-07-08 23:50:42.742","2026-07-19 18:07:28.693","b4b0bda2-c541-4e6b-a6f7-f2ce742fbda0","[PREMIUM]","Used",2024,"Acura","Integra","A-Spec","[PREMIUM]","[PREMIUM]",28287,"Hatchback","White","BLACK","Rear-wheel Drive",,,"Gasoline",,,"dealership","[PREMIUM]","Gastonia","NC","[PREMIUM]",25,"[]",,,"[PREMIUM]"
"7cb73827-26c9-4338-a30d-820b0986be23","2026-07-08 23:50:42.689","2026-07-16 18:03:07.327","7cb73827-26c9-4338-a30d-820b0986be23","[PREMIUM]","Used",2023,"Nissan","Rogue","SL","[PREMIUM]","[PREMIUM]",7866,"SUV","Black","CHAMPAGNE","Four-wheel Drive",,,"Gasoline",,,"dealership","[PREMIUM]","Charlotte","NC","[PREMIUM]",27,"[]",,,"[PREMIUM]"
"2e9d2e52-74f8-47f5-9c2a-f9c60a8d4325","2026-07-08 23:50:42.686","2026-07-19 18:07:18.090","2e9d2e52-74f8-47f5-9c2a-f9c60a8d4325","[PREMIUM]","Used",2024,"Toyota","Camry","XSE V6","[PREMIUM]","[PREMIUM]",38000,"Sedan","White","Black","Front-wheel Drive",,,"Gasoline",,,"private","[PREMIUM]",,,"[PREMIUM]",8,"[]",,,"[PREMIUM]"
"6014aed2-166e-4401-ac13-f5481ed84829","2026-07-08 23:50:42.683","2026-07-08 23:50:42.683","6014aed2-166e-4401-ac13-f5481ed84829","[PREMIUM]","Used",2026,"Toyota","Corolla Cross","LE","[PREMIUM]","[PREMIUM]",3899,"SUV","White","GRAY","Rear-wheel Drive",,,"Gasoline",,,"dealership","[PREMIUM]","Oxnard","CA","[PREMIUM]",17,"[]",,,"[PREMIUM]"
"04325eb2-edde-4e62-8204-b6829d77bdd2","2026-07-08 23:50:42.681","2026-07-19 18:07:18.246","04325eb2-edde-4e62-8204-b6829d77bdd2","[PREMIUM]","Used",2024,"Ford","Bronco Sport","Big Bend","[PREMIUM]","[PREMIUM]",2578,"SUV","Gray","BLACK","Four-wheel Drive",,,"Gasoline",,,"dealership","[PREMIUM]","El Paso","TX","[PREMIUM]",26,"[]",,,"[PREMIUM]"
"ed840cf8-ec33-4b84-81cd-e0d211913178","2026-07-08 23:50:42.667","2026-07-19 18:07:18.256","ed840cf8-ec33-4b84-81cd-e0d211913178","[PREMIUM]","Used",2024,"Toyota","Corolla","SE","[PREMIUM]","[PREMIUM]",9024,"Sedan","White","BLACK","Rear-wheel Drive",,,"Gasoline",,,"dealership","[PREMIUM]","Palmdale","CA","[PREMIUM]",25,"[]",,,"[PREMIUM]"
"e23d6f96-4130-49c1-af70-71d591ba9605","2026-07-08 23:50:42.632","2026-07-11 23:50:51.786","e23d6f96-4130-49c1-af70-71d591ba9605","[PREMIUM]","Used",2025,"Nissan","Leaf","SV Plus","[PREMIUM]","[PREMIUM]",7640,"Hatchback","Blue","BLACK","Rear-wheel Drive",,,"Electric",,,"dealership","[PREMIUM]","Merriam","KS","[PREMIUM]",25,"[]",,,"[PREMIUM]"
"dcd95945-14f6-4824-904c-34745a5b50c3","2026-07-08 23:50:42.631","2026-07-08 23:50:42.631","dcd95945-14f6-4824-904c-34745a5b50c3","[PREMIUM]","Used",2025,"Honda","Civic","Sport","[PREMIUM]","[PREMIUM]",8842,"Sedan","Red","BLACK","Rear-wheel Drive",,,"Gasoline",,,"dealership","[PREMIUM]","Fort Myers","FL","[PREMIUM]",24,"[]",,,"[PREMIUM]"
"029f92b7-0cef-4ce4-85d0-f150864dd228","2026-07-08 23:50:42.609","2026-07-19 18:07:18.244","029f92b7-0cef-4ce4-85d0-f150864dd228","[PREMIUM]","Used",2023,"Toyota","Camry","SE","[PREMIUM]","[PREMIUM]",42180,"Sedan","Black","BLACK","Rear-wheel Drive",,,"Gasoline",,,"dealership","[PREMIUM]","Bakersfield","CA","[PREMIUM]",25,"[]",,,"[PREMIUM]"
"e4fa0f08-c27c-4d82-9604-3daca6a911ea","2026-07-08 23:50:42.607","2026-07-19 18:07:18.254","e4fa0f08-c27c-4d82-9604-3daca6a911ea","[PREMIUM]","Used",2024,"MINI","Countryman","S","[PREMIUM]","[PREMIUM]",33170,"SUV","Silver","BLACK","Rear-wheel Drive",,,"Gasoline",,,"dealership","[PREMIUM]","Las Vegas","NV","[PREMIUM]",25,"[]",,,"[PREMIUM]"
"41589fed-9988-44a5-b28a-188389d6183d","2026-07-08 23:50:22.389","2026-07-19 18:07:17.950","41589fed-9988-44a5-b28a-188389d6183d","[PREMIUM]","Used",2012,"Mercedes-Benz","SL-Class","SL 550","[PREMIUM]","[PREMIUM]",72900,"Convertible","Black","Brown","Rear-wheel Drive",,,"Gasoline",,,"private","[PREMIUM]",,,"[PREMIUM]",4,"[]",,,"[PREMIUM]"
"206b81e6-5a81-417f-8c1a-0c30716bd8d6","2026-07-08 23:50:12.276","2026-07-19 18:07:18.584","206b81e6-5a81-417f-8c1a-0c30716bd8d6","[PREMIUM]","Used",2019,"Audi","A5","Prestige","[PREMIUM]","[PREMIUM]",69463,"Hatchback","Gray","BLACK","Four-wheel Drive",,,"Gasoline",,,"dealership","[PREMIUM]","Columbia","SC","[PREMIUM]",27,"[]",,,"[PREMIUM]"
"6487c8c7-8104-4307-855e-d2f8bbbffb0c","2026-07-08 23:50:12.223","2026-07-08 23:50:12.223","6487c8c7-8104-4307-855e-d2f8bbbffb0c","[PREMIUM]","Used",2018,"Honda","Pilot","Elite","[PREMIUM]","[PREMIUM]",119722,"SUV","Silver","BLACK","Four-wheel Drive",,,"Gasoline",,,"dealership","[PREMIUM]","West Carrollton","OH","[PREMIUM]",29,"[]",,,"[PREMIUM]"
"f5cf1155-5abe-4d0c-9d45-2092e7589bae","2026-07-08 23:50:12.220","2026-07-08 23:50:12.220","f5cf1155-5abe-4d0c-9d45-2092e7589bae","[PREMIUM]","Used",2017,"Honda","Pilot","Touring","[PREMIUM]","[PREMIUM]",103725,"SUV","Silver","GRAY","Four-wheel Drive",,,"Gasoline",,,"dealership","[PREMIUM]","Glen Allen","VA","[PREMIUM]",29,"[]",,,"[PREMIUM]"
"515c35f2-764c-4107-b193-7770aa71fb58","2026-07-08 23:50:12.217","2026-07-16 18:03:07.328","515c35f2-764c-4107-b193-7770aa71fb58","[PREMIUM]","Used",2018,"Toyota","Corolla","XLE","[PREMIUM]","[PREMIUM]",18080,"Sedan","White","BLACK","Rear-wheel Drive",,,"Gasoline",,,"dealership","[PREMIUM]","Lynnwood","WA","[PREMIUM]",27,"[]",,,"[PREMIUM]"
"2eadea3f-cc38-4e39-b704-f8e26d2d8d86","2026-07-08 23:50:12.193","2026-07-19 18:07:18.252","2eadea3f-cc38-4e39-b704-f8e26d2d8d86","[PREMIUM]","Used",2018,"BMW","X1","XDrive28i","[PREMIUM]","[PREMIUM]",61194,"SUV","Gray","BLACK","Four-wheel Drive",,,"Gasoline",,,"dealership","[PREMIUM]","Baton Rouge","LA","[PREMIUM]",27,"[]",,,"[PREMIUM]"
"3d6aca98-6939-493b-a96b-5f1f30ecd6be","2026-07-08 23:50:12.190","2026-07-11 23:50:31.639","3d6aca98-6939-493b-a96b-5f1f30ecd6be","[PREMIUM]","Used",2016,"Subaru","Forester","2.5I Premium","[PREMIUM]","[PREMIUM]",28925,"SUV","Silver","GRAY","Four-wheel Drive",,,"Gasoline",,,"dealership","[PREMIUM]","Milwaukee","WI","[PREMIUM]",26,"[]",,,"[PREMIUM]"
"c9e90b65-a786-4362-9249-365c03a852f0","2026-07-08 23:50:12.179","2026-07-08 23:50:12.179","c9e90b65-a786-4362-9249-365c03a852f0","[PREMIUM]","Used",2019,"Tesla","Model 3","Standard Range Plus","[PREMIUM]","[PREMIUM]",32230,"Sedan","White","BLACK","Rear-wheel Drive",,,"Electric",,,"dealership","[PREMIUM]","Santa Rosa","CA","[PREMIUM]",25,"[]",,,"[PREMIUM]"
"de0e9b7c-862f-428d-95f8-4ba7e3dd4826","2026-07-08 23:50:12.155","2026-07-08 23:50:12.155","de0e9b7c-862f-428d-95f8-4ba7e3dd4826","[PREMIUM]","Used",2020,"Hyundai","SANTA FE","SEL","[PREMIUM]","[PREMIUM]",37721,"SUV","Black","GRAY","Four-wheel Drive",,,"Gasoline",,,"dealership","[PREMIUM]","Columbus","OH","[PREMIUM]",23,"[]",,,"[PREMIUM]"
"ae712615-68b5-4832-be13-e754f4eaea18","2026-07-08 23:50:12.144","2026-07-08 23:50:12.144","ae712615-68b5-4832-be13-e754f4eaea18","[PREMIUM]","Used",2018,"Toyota","Camry","LE","[PREMIUM]","[PREMIUM]",32452,"Sedan","Blue","BLACK","2WD",,,"Gas",,,"dealership","[PREMIUM]","Milwaukie","OR","[PREMIUM]",25,"[]",,,"[PREMIUM]"
"0a264009-dcf5-49a9-9c7d-4e9083265eda","2026-07-08 23:50:12.141","2026-07-11 23:50:31.371","0a264009-dcf5-49a9-9c7d-4e9083265eda","[PREMIUM]","Used",2019,"Honda","CR-V","EX","[PREMIUM]","[PREMIUM]",62184,"SUV","Blue","GRAY","Rear-wheel Drive",,,"Gasoline",,,"dealership","[PREMIUM]","San Diego","CA","[PREMIUM]",26,"[]",,,"[PREMIUM]"
"69044e6f-02ae-4b8d-bce2-ea81a53ecda2","2026-07-08 23:50:12.136","2026-07-16 18:03:07.810","69044e6f-02ae-4b8d-bce2-ea81a53ecda2","[PREMIUM]","Used",2019,"Honda","Accord","Sport","[PREMIUM]","[PREMIUM]",94122,"Sedan","Black","BLACK","Rear-wheel Drive",,,"Gasoline",,,"dealership","[PREMIUM]","Winston-Salem","NC","[PREMIUM]",24,"[]",,,"[PREMIUM]"
"1f7c591a-3de3-45eb-9a68-80f8f917ba8a","2026-07-08 23:50:12.135","2026-07-19 18:07:18.239","1f7c591a-3de3-45eb-9a68-80f8f917ba8a","[PREMIUM]","Used",2018,"Honda","Odyssey","EX","[PREMIUM]","[PREMIUM]",97215,,"Gray","GRAY","Rear-wheel Drive",,,"Gasoline",,,"dealership","[PREMIUM]","South Jordan","UT","[PREMIUM]",27,"[]",,,"[PREMIUM]"
"8681896a-282a-4718-b476-1c6167e0133a","2026-07-08 23:50:12.132","2026-07-19 18:07:18.253","8681896a-282a-4718-b476-1c6167e0133a","[PREMIUM]","Used",2019,"Honda","Odyssey","EX-L","[PREMIUM]","[PREMIUM]",92204,,"Gray","GRAY","Rear-wheel Drive",,,"Gasoline",,,"dealership","[PREMIUM]","San Antonio","TX","[PREMIUM]",29,"[]",,,"[PREMIUM]"
"6d7b3f52-3346-4621-8d27-d88f604240b9","2026-07-08 23:50:12.108","2026-07-08 23:50:12.108","6d7b3f52-3346-4621-8d27-d88f604240b9","[PREMIUM]","Used",2019,"Honda","Ridgeline","RTL-E","[PREMIUM]","[PREMIUM]",99215,"Truck","Silver","GRAY","Four-wheel Drive",,,"Gasoline",,,"dealership","[PREMIUM]","Oak Lawn","IL","[PREMIUM]",27,"[]",,,"[PREMIUM]"
"ebe6fbd3-28e6-4e51-8578-c5ec6d76ab36","2026-07-08 23:50:02.168","2026-07-16 18:03:07.256","ebe6fbd3-28e6-4e51-8578-c5ec6d76ab36","[PREMIUM]","Used",2022,"Chevrolet","Blazer","3LT","[PREMIUM]","[PREMIUM]",51923,"SUV","White","BLACK","Rear-wheel Drive",,,"Gasoline",,,"dealership","[PREMIUM]","MERIDIAN","ID","[PREMIUM]",27,"[]",,,"[PREMIUM]"
"3be79a0d-3082-4d25-b419-9058821bfae2","2026-07-08 23:50:02.114","2026-07-19 18:07:18.533","3be79a0d-3082-4d25-b419-9058821bfae2","[PREMIUM]","Used",2024,"Chrysler","Pacifica","Touring L","[PREMIUM]","[PREMIUM]",44216,"Passenger Van","Black","BLACK","Rear-wheel Drive",,,"Gasoline",,,"dealership","[PREMIUM]","Victorville","CA","[PREMIUM]",27,"[]",,,"[PREMIUM]"
"431bcaa6-4374-4d6b-9989-4afc1238d006","2026-07-08 23:50:01.933","2026-07-08 23:50:01.933","431bcaa6-4374-4d6b-9989-4afc1238d006","[PREMIUM]","Used",2021,"Mazda","CX-5","Touring","[PREMIUM]","[PREMIUM]",30504,"SUV","Blue","BLACK","Four-wheel Drive",,,"Gasoline",,,"dealership","[PREMIUM]","Santa Rosa","CA","[PREMIUM]",26,"[]",,,"[PREMIUM]"
"324c9e5d-df3f-4340-a86b-bfff241bf4dd","2026-07-08 23:50:01.917","2026-07-11 23:50:21.007","324c9e5d-df3f-4340-a86b-bfff241bf4dd","[PREMIUM]","Used",2023,"Nissan","Rogue","SV","[PREMIUM]","[PREMIUM]",26310,"SUV","Black","BLACK","Rear-wheel Drive",,,"Gasoline",,,"dealership","[PREMIUM]","Norcross","GA","[PREMIUM]",26,"[]",,,"[PREMIUM]"
"6d0693d0-fb22-4b3e-a87e-af89be001025","2026-07-08 23:50:01.903","2026-07-11 23:50:21.008","6d0693d0-fb22-4b3e-a87e-af89be001025","[PREMIUM]","Used",2022,"Nissan","Altima","SR","[PREMIUM]","[PREMIUM]",55284,"Sedan","Black","BLACK","Rear-wheel Drive",,,"Gasoline",,,"dealership","[PREMIUM]","Memphis","TN","[PREMIUM]",25,"[]",,,"[PREMIUM]"
"4373f620-cdc4-4cde-bd7f-23206fbf9354","2026-07-08 23:50:01.901","2026-07-16 18:03:07.270","4373f620-cdc4-4cde-bd7f-23206fbf9354","[PREMIUM]","Used",2024,"Nissan","Rogue","SV","[PREMIUM]","[PREMIUM]",26995,"SUV","Silver","BLACK","Four-wheel Drive",,,"Gasoline",,,"dealership","[PREMIUM]","Colorado Springs","CO","[PREMIUM]",25,"[]",,,"[PREMIUM]"
"37d1e8ce-1559-4653-af5a-f1b199d36072","2026-07-08 23:50:01.893","2026-07-08 23:50:01.893","37d1e8ce-1559-4653-af5a-f1b199d36072","[PREMIUM]","Used",2022,"Nissan","Rogue","Platinum","[PREMIUM]","[PREMIUM]",52550,"SUV","White","BLACK","Four-wheel Drive",,,"Gasoline",,,"dealership","[PREMIUM]","Colorado Springs","CO","[PREMIUM]",27,"[]",,,"[PREMIUM]"
"b27d432f-837f-41d5-81cb-f6ad8410c305","2026-07-08 23:50:01.888","2026-07-11 23:50:21.075","b27d432f-837f-41d5-81cb-f6ad8410c305","[PREMIUM]","Used",2021,"Hyundai","ELANTRA","SEL","[PREMIUM]","[PREMIUM]",22041,"Sedan","Gray","GRAY","Rear-wheel Drive",,,"Gasoline",,,"dealership","[PREMIUM]","Clermont","FL","[PREMIUM]",24,"[]",,,"[PREMIUM]"
"3c9fe426-e7c1-4bcc-8407-863430c167cd","2026-07-08 23:50:01.875","2026-07-08 23:50:01.875","3c9fe426-e7c1-4bcc-8407-863430c167cd","[PREMIUM]","Used",2024,"Mazda","CX-30","2.5 S Select Sport","[PREMIUM]","[PREMIUM]",21770,"SUV","Black","BLACK","Four-wheel Drive",,,"Gasoline",,,"dealership","[PREMIUM]","Buena Park","CA","[PREMIUM]",23,"[]",,,"[PREMIUM]"
"5e667b0f-48b2-434c-940b-e5480f095158","2026-07-08 23:50:01.874","2026-07-16 18:03:07.289","5e667b0f-48b2-434c-940b-e5480f095158","[PREMIUM]","Used",2023,"Dodge","Charger","SXT","[PREMIUM]","[PREMIUM]",62537,"Sedan","White","BLACK","Rear-wheel Drive",,,"Gasoline",,,"dealership","[PREMIUM]","Wilmington","NC","[PREMIUM]",25,"[]",,,"[PREMIUM]"
"015b2a0e-8657-4462-8aab-b21ba4e85a0b","2026-07-08 23:50:01.867","2026-07-19 18:07:18.249","015b2a0e-8657-4462-8aab-b21ba4e85a0b","[PREMIUM]","Used",2021,"Mazda","Mazda3","2.5 Turbo Premium Plus","[PREMIUM]","[PREMIUM]",67540,"Hatchback","White","RED","Four-wheel Drive",,,"Gasoline",,,"dealership","[PREMIUM]","Schaumburg","IL","[PREMIUM]",28,"[]",,,"[PREMIUM]"
"51a9f7d0-e40d-4207-9e21-ec7f79fd5d2b","2026-07-08 23:50:01.860","2026-07-19 18:07:18.199","51a9f7d0-e40d-4207-9e21-ec7f79fd5d2b","[PREMIUM]","Used",2022,"Subaru","Ascent","Limited","[PREMIUM]","[PREMIUM]",84597,"SUV","Black","TAN","Four-wheel Drive",,,"Gasoline",,,"dealership","[PREMIUM]","Irving","TX","[PREMIUM]",29,"[]",,,"[PREMIUM]"
"96a4e243-a727-4dc4-9e7e-0e31baf40e83","2026-07-08 23:50:01.858","2026-07-19 18:07:18.041","96a4e243-a727-4dc4-9e7e-0e31baf40e83","[PREMIUM]","Used",2021,"Hyundai","SONATA","N Line","[PREMIUM]","[PREMIUM]",39600,"Sedan","Gray",,"Front-wheel Drive",,,"Gasoline",,,"private","[PREMIUM]",,,"[PREMIUM]",7,"[]",,,"[PREMIUM]"
"5acc2a1a-12c8-41d6-8d00-54398d16c0c1","2026-07-08 23:50:01.831","2026-07-11 23:50:21.093","5acc2a1a-12c8-41d6-8d00-54398d16c0c1","[PREMIUM]","Used",2021,"Nissan","Rogue","SV","[PREMIUM]","[PREMIUM]",55662,"SUV","Gray","BLACK","Four-wheel Drive",,,"Gasoline",,,"dealership","[PREMIUM]","Norcross","GA","[PREMIUM]",26,"[]",,,"[PREMIUM]"
"a602a093-f283-47af-aa83-97539658b2fa","2026-07-08 23:50:01.823","2026-07-19 18:07:18.127","a602a093-f283-47af-aa83-97539658b2fa","[PREMIUM]","Used",2021,"Toyota","Camry Hybrid","SE","[PREMIUM]","[PREMIUM]",73214,"Sedan","Black","GRAY","Rear-wheel Drive",,,"Hybrid",,,"dealership","[PREMIUM]","Riverside","CA","[PREMIUM]",24,"[]",,,"[PREMIUM]"
"f226a9fa-7f14-45b0-a503-56bf1be671d9","2026-07-08 23:50:01.813","2026-07-16 18:03:07.587","f226a9fa-7f14-45b0-a503-56bf1be671d9","[PREMIUM]","Used",2023,"Toyota","Corolla","LE","[PREMIUM]","[PREMIUM]",42223,"Sedan","White","BLACK","Rear-wheel Drive",,,"Gasoline",,,"dealership","[PREMIUM]","Doral","FL","[PREMIUM]",26,"[]",,,"[PREMIUM]"
"9271ea54-7524-409d-ae86-163038772d14","2026-07-08 23:50:01.809","2026-07-11 23:50:21.152","9271ea54-7524-409d-ae86-163038772d14","[PREMIUM]","Used",2023,"Nissan","Rogue","SV","[PREMIUM]","[PREMIUM]",27900,"SUV","Black","GRAY","Four-wheel Drive",,,"Gasoline",,,"dealership","[PREMIUM]","Sicklerville","NJ","[PREMIUM]",25,"[]",,,"[PREMIUM]"
"f85c9e3d-07cc-492b-ab47-5132f03e193d","2026-07-08 23:50:01.800","2026-07-08 23:50:01.800","f85c9e3d-07cc-492b-ab47-5132f03e193d","[PREMIUM]","Used",2023,"Kia","Sportage","LX","[PREMIUM]","[PREMIUM]",15119,"SUV","Gray","BLACK","Four-wheel Drive",,,"Gasoline",,,"dealership","[PREMIUM]","West Carrollton","OH","[PREMIUM]",25,"[]",,,"[PREMIUM]"
"09c424dc-48c1-4fa5-9cc9-ad3e55f9f956","2026-07-08 23:50:01.783","2026-07-08 23:50:01.783","09c424dc-48c1-4fa5-9cc9-ad3e55f9f956","[PREMIUM]","Used",2023,"Toyota","Corolla Hybrid","LE","[PREMIUM]","[PREMIUM]",24717,"Sedan","Silver","BLACK","Rear-wheel Drive",,,"Hybrid",,,"dealership","[PREMIUM]","Norcross","GA","[PREMIUM]",25,"[]",,,"[PREMIUM]"
"f3ae3284-5345-46e4-be68-e585364c1901","2026-07-08 23:49:51.505","2026-07-08 23:49:51.505","f3ae3284-5345-46e4-be68-e585364c1901","[PREMIUM]","Used",2025,"Chevrolet","Trax","2RS","[PREMIUM]","[PREMIUM]",21527,"SUV","Black","BLACK","Rear-wheel Drive",,,"E85 Flex Fuel",,,"dealership","[PREMIUM]","Louisville","KY","[PREMIUM]",25,"[]",,,"[PREMIUM]"
"c0a2b633-3d1c-44ef-bbd7-ae648af97f1e","2026-07-08 23:49:51.493","2026-07-19 18:07:18.251","c0a2b633-3d1c-44ef-bbd7-ae648af97f1e","[PREMIUM]","Used",2025,"Nissan","Rogue","SV","[PREMIUM]","[PREMIUM]",39161,"SUV","Black",,"Rear-wheel Drive",,,"Gasoline",,,"dealership","[PREMIUM]","Sacramento","CA","[PREMIUM]",25,"[]",,,"[PREMIUM]"
"6311549a-0f52-4855-8bef-695fcf7728c4","2026-07-08 23:49:51.437","2026-07-08 23:49:51.437","6311549a-0f52-4855-8bef-695fcf7728c4","[PREMIUM]","Used",2025,"Chevrolet","Trax","LT","[PREMIUM]","[PREMIUM]",24325,"SUV","Burgundy","BLACK","Rear-wheel Drive",,,"E85 Flex Fuel",,,"dealership","[PREMIUM]","Greensboro","NC","[PREMIUM]",25,"[]",,,"[PREMIUM]"
"2e516b8e-b2fb-499c-98af-66b7d934a20f","2026-07-08 23:49:51.404","2026-07-08 23:49:51.404","2e516b8e-b2fb-499c-98af-66b7d934a20f","[PREMIUM]","Used",2025,"Mazda","Mazda3","2.5 S Select Sport","[PREMIUM]","[PREMIUM]",45554,"Sedan","Black","BLACK","Rear-wheel Drive",,,"Gasoline",,,"dealership","[PREMIUM]","Gaithersburg","MD","[PREMIUM]",25,"[]",,,"[PREMIUM]"
"571d02f9-a117-42d1-ab54-07e840bce498","2026-07-08 23:49:51.359","2026-07-19 18:07:18.236","571d02f9-a117-42d1-ab54-07e840bce498","[PREMIUM]","Used",2025,"Volkswagen","Jetta","Sport","[PREMIUM]","[PREMIUM]",14780,"Sedan","White","BLACK","Rear-wheel Drive",,,"Gasoline",,,"dealership","[PREMIUM]","Buford","GA","[PREMIUM]",25,"[]",,,"[PREMIUM]"
"57c65fec-a78f-49e9-89a2-c5e7df5695a7","2026-07-08 23:49:31.460","2026-07-19 18:07:28.711","57c65fec-a78f-49e9-89a2-c5e7df5695a7","[PREMIUM]","Used",2018,"Honda","CR-V","EX-L","[PREMIUM]","[PREMIUM]",117115,"SUV","Gray","GRAY","Rear-wheel Drive",,,"Gasoline",,,"dealership","[PREMIUM]","Houston","TX","[PREMIUM]",26,"[]",,,"[PREMIUM]"
"2526e879-84f6-4ca8-b93c-0a1a3efcd3ad","2026-07-08 23:49:31.390","2026-07-19 18:07:18.251","2526e879-84f6-4ca8-b93c-0a1a3efcd3ad","[PREMIUM]","Used",2018,"Subaru","Forester","2.5I Limited","[PREMIUM]","[PREMIUM]",113995,"SUV","Blue","GRAY","Four-wheel Drive",,,"Gasoline",,,"dealership","[PREMIUM]","Indianapolis","IN","[PREMIUM]",26,"[]",,,"[PREMIUM]"
"9976a8a3-5c1c-4920-84cf-7429cc2071f1","2026-07-08 23:49:31.388","2026-07-08 23:49:31.388","9976a8a3-5c1c-4920-84cf-7429cc2071f1","[PREMIUM]","Used",2016,"Mazda","CX-5","Touring","[PREMIUM]","[PREMIUM]",77097,"SUV","White","TAN","Rear-wheel Drive",,,"Gasoline",,,"dealership","[PREMIUM]","Kennesaw","GA","[PREMIUM]",26,"[]",,,"[PREMIUM]"
"9d8a6313-c35b-432a-8c23-7a429ba027cf","2026-07-08 23:49:31.375","2026-07-08 23:49:31.375","9d8a6313-c35b-432a-8c23-7a429ba027cf","[PREMIUM]","Used",2018,"Ford","Explorer","XLT","[PREMIUM]","[PREMIUM]",77279,"SUV","Gray","BLACK","Rear-wheel Drive",,,"E85 Flex Fuel",,,"dealership","[PREMIUM]","Dothan","AL","[PREMIUM]",26,"[]",,,"[PREMIUM]"
"ba681918-e09d-4478-a2db-88b426436880","2026-07-08 23:49:31.344","2026-07-19 18:07:18.279","ba681918-e09d-4478-a2db-88b426436880","[PREMIUM]","Used",2015,"Mercedes-Benz","M-Class",,"[PREMIUM]","[PREMIUM]",66470,"SUV","Blue","TAN","Rear-wheel Drive",,,"Gasoline",,,"dealership","[PREMIUM]","Boynton Beach","FL","[PREMIUM]",27,"[]",,,"[PREMIUM]"
"51d93378-a41c-422b-9a1d-00e1774e3b1f","2026-07-08 23:49:31.342","2026-07-11 23:49:50.442","51d93378-a41c-422b-9a1d-00e1774e3b1f","[PREMIUM]","Used",2018,"Nissan","Rogue","SL","[PREMIUM]","[PREMIUM]",110667,"SUV","White","BLACK","Four-wheel Drive",,,"Gasoline",,,"dealership","[PREMIUM]","Hickory","NC","[PREMIUM]",25,"[]",,,"[PREMIUM]"
"19a636a5-bca4-45cf-916f-efd95500e4c5","2026-07-08 23:49:31.340","2026-07-19 18:07:28.592","19a636a5-bca4-45cf-916f-efd95500e4c5","[PREMIUM]","Used",2018,"Subaru","Forester","2.5I Touring","[PREMIUM]","[PREMIUM]",93020,"SUV","Gray","BROWN","Four-wheel Drive",,,"Gasoline",,,"dealership","[PREMIUM]","Tinley Park","IL","[PREMIUM]",27,"[]",,,"[PREMIUM]"
"a1f9af1d-657d-4a0a-847d-8accce9dd004","2026-07-08 23:49:31.325","2026-07-08 23:49:31.325","a1f9af1d-657d-4a0a-847d-8accce9dd004","[PREMIUM]","Used",2015,"Honda","CR-V","EX-L","[PREMIUM]","[PREMIUM]",109742,"SUV","Brown","BLACK","Four-wheel Drive",,,"Gasoline",,,"dealership","[PREMIUM]","Maple Shade Township","NJ","[PREMIUM]",26,"[]",,,"[PREMIUM]"
"b4694bec-928a-46db-a041-04108e07f95b","2026-07-08 23:49:31.300","2026-07-16 18:03:07.249","b4694bec-928a-46db-a041-04108e07f95b","[PREMIUM]","Used",2017,"BMW","X1","XDrive28i","[PREMIUM]","[PREMIUM]",52080,"SUV","White","BLACK","Four-wheel Drive",,,"Gasoline",,,"dealership","[PREMIUM]","Roseville","CA","[PREMIUM]",25,"[]",,,"[PREMIUM]"
"704a7544-193f-4ddb-b5bf-efb00cbb9d12","2026-07-08 23:49:31.293","2026-07-11 23:49:50.550","704a7544-193f-4ddb-b5bf-efb00cbb9d12","[PREMIUM]","Used",2017,"Toyota","Camry","SE","[PREMIUM]","[PREMIUM]",91205,"Sedan","Silver","BLACK","Rear-wheel Drive",,,"Gasoline",,,"dealership","[PREMIUM]","Irvine","CA","[PREMIUM]",24,"[]",,,"[PREMIUM]"
"da75764e-3a58-43fc-80df-46b0dc484330","2026-07-08 23:49:31.290","2026-07-19 18:07:18.319","da75764e-3a58-43fc-80df-46b0dc484330","[PREMIUM]","Used",2016,"Chevrolet","Equinox","LS","[PREMIUM]","[PREMIUM]",56825,"SUV","Black","BLACK","Rear-wheel Drive",,,"Gasoline",,,"dealership","[PREMIUM]","Langhorne","PA","[PREMIUM]",23,"[]",,,"[PREMIUM]"
"45d53072-a6d6-44f9-a751-9b07f342101f","2026-07-08 23:49:31.288","2026-07-16 18:03:07.677","45d53072-a6d6-44f9-a751-9b07f342101f","[PREMIUM]","Used",2017,"Ford","Mustang","Ecoboost Premium","[PREMIUM]","[PREMIUM]",118587,"Coupe","Red","BLACK","Rear-wheel Drive",,,"Gasoline",,,"dealership","[PREMIUM]","Fort Worth","TX","[PREMIUM]",23,"[]",,,"[PREMIUM]"
"baa614d0-6b0c-4419-8e9a-661b97a36a12","2026-07-08 23:49:31.285","2026-07-16 18:03:07.298","baa614d0-6b0c-4419-8e9a-661b97a36a12","[PREMIUM]","Used",2015,"Toyota","Highlander","Limited","[PREMIUM]","[PREMIUM]",118879,"SUV","White","BLACK","Rear-wheel Drive",,,"Gasoline",,,"dealership","[PREMIUM]","St. Louis","MO","[PREMIUM]",29,"[]",,,"[PREMIUM]"
"40e23939-2304-4bd6-a3fa-ad94211da158","2026-07-08 23:49:31.278","2026-07-11 23:49:50.403","40e23939-2304-4bd6-a3fa-ad94211da158","[PREMIUM]","Used",2017,"Nissan","Rogue","SL","[PREMIUM]","[PREMIUM]",64866,"SUV","Gray","BROWN","Four-wheel Drive",,,"Gasoline",,,"dealership","[PREMIUM]","South Jordan","UT","[PREMIUM]",28,"[]",,,"[PREMIUM]"
"b9e9e4f8-12a6-4dae-9a8c-2c50a768efa4","2026-07-08 23:49:31.272","2026-07-16 18:03:07.477","b9e9e4f8-12a6-4dae-9a8c-2c50a768efa4","[PREMIUM]","Used",2018,"Honda","Civic","LX","[PREMIUM]","[PREMIUM]",117411,"Sedan","Blue","BLACK","Rear-wheel Drive",,,"Gasoline",,,"dealership","[PREMIUM]","Las Vegas","NV","[PREMIUM]",24,"[]",,,"[PREMIUM]"
"37257d6f-a370-465a-8737-0557a67ad069","2026-07-08 23:49:31.270","2026-07-11 23:49:50.449","37257d6f-a370-465a-8737-0557a67ad069","[PREMIUM]","Used",2015,"Jeep","Grand Cherokee","Limited","[PREMIUM]","[PREMIUM]",81281,"SUV","Black","BLACK","Rear-wheel Drive",,,"Gasoline",,,"dealership","[PREMIUM]","Colma","CA","[PREMIUM]",27,"[]",,,"[PREMIUM]"
"0e7aa16a-4739-42ef-a447-89d052525867","2026-07-08 23:49:31.269","2026-07-08 23:49:31.269","0e7aa16a-4739-42ef-a447-89d052525867","[PREMIUM]","Used",2018,"Jeep","Grand Cherokee","Altitude","[PREMIUM]","[PREMIUM]",96872,"SUV","Gray","BLACK","Four-wheel Drive",,,"Gasoline",,,"dealership","[PREMIUM]","Huntsville","AL","[PREMIUM]",26,"[]",,,"[PREMIUM]"
"7d93ff97-031b-4bca-b416-e55d7a2d08f0","2026-07-08 23:49:31.265","2026-07-11 23:49:50.441","7d93ff97-031b-4bca-b416-e55d7a2d08f0","[PREMIUM]","Used",2014,"Mazda","Mazda3","I Grand Touring","[PREMIUM]","[PREMIUM]",101821,"Sedan","Blue","BLACK","Rear-wheel Drive",,,"Gasoline",,,"dealership","[PREMIUM]","Roseville","CA","[PREMIUM]",26,"[]",,,"[PREMIUM]"
"e1ae2031-0d08-443f-a61e-5fb89c59e386","2026-07-08 23:49:21.141","2026-07-16 18:03:07.315","e1ae2031-0d08-443f-a61e-5fb89c59e386","[PREMIUM]","Used",2020,"Ford","Fusion","S","[PREMIUM]","[PREMIUM]",50904,"Sedan","Black","GRAY","Rear-wheel Drive",,,"Gasoline",,,"dealership","[PREMIUM]","Conroe","TX","[PREMIUM]",25,"[]",,,"[PREMIUM]"
"d7341491-c77d-4382-a899-81211dc40a16","2026-07-08 23:49:20.976","2026-07-19 18:07:18.271","d7341491-c77d-4382-a899-81211dc40a16","[PREMIUM]","Used",2020,"Mazda","Mazda3","Preferred","[PREMIUM]","[PREMIUM]",64916,"Sedan","Blue","BLACK","Four-wheel Drive",,,"Gasoline",,,"dealership","[PREMIUM]","Las Vegas","NV","[PREMIUM]",25,"[]",,,"[PREMIUM]"
"9ef2add5-6eec-4929-9dc2-724de5b0e058","2026-07-08 23:49:20.973","2026-07-08 23:49:20.973","9ef2add5-6eec-4929-9dc2-724de5b0e058","[PREMIUM]","Used",2019,"Dodge","Grand Caravan","GT","[PREMIUM]","[PREMIUM]",80203,"Passenger Van","Silver","BLACK","Rear-wheel Drive",,,"E85 Flex Fuel",,,"dealership","[PREMIUM]","San Diego","CA","[PREMIUM]",26,"[]",,,"[PREMIUM]"
"fcbe0ce8-7121-48af-afe4-3498f6ffce40","2026-07-08 23:49:20.973","2026-07-11 23:49:40.171","fcbe0ce8-7121-48af-afe4-3498f6ffce40","[PREMIUM]","Used",2020,"Jeep","Grand Cherokee","Limited","[PREMIUM]","[PREMIUM]",108974,"SUV","Black","BLACK","Four-wheel Drive",,,"Gasoline",,,"dealership","[PREMIUM]","Henderson","NV","[PREMIUM]",27,"[]",,,"[PREMIUM]"
"e224d11b-177c-4909-a5bc-8f7b7edd82ea","2026-07-08 23:49:20.971","2026-07-11 23:49:40.171","e224d11b-177c-4909-a5bc-8f7b7edd82ea","[PREMIUM]","Used",2020,"GMC","Terrain","SLT","[PREMIUM]","[PREMIUM]",90422,"SUV","Blue","BLACK","Four-wheel Drive",,,"Gasoline",,,"dealership","[PREMIUM]","Memphis","TN","[PREMIUM]",29,"[]",,,"[PREMIUM]"
"430cab33-0e1c-4736-ab08-7916cad9822f","2026-07-08 23:49:20.947","2026-07-19 18:07:18.245","430cab33-0e1c-4736-ab08-7916cad9822f","[PREMIUM]","Used",2022,"Toyota","Corolla","LE","[PREMIUM]","[PREMIUM]",92172,"Sedan","White","BLACK","Rear-wheel Drive",,,"Gasoline",,,"dealership","[PREMIUM]","Henderson","NV","[PREMIUM]",25,"[]",,,"[PREMIUM]"
"798de859-819b-48b4-b108-17ff0d08a74a","2026-07-08 23:49:20.932","2026-07-11 23:49:40.405","798de859-819b-48b4-b108-17ff0d08a74a","[PREMIUM]","Used",2021,"Nissan","Sentra","S","[PREMIUM]","[PREMIUM]",31204,"Sedan","White","BLACK","Rear-wheel Drive",,,"Gasoline",,,"dealership","[PREMIUM]","Katy","TX","[PREMIUM]",25,"[]",,,"[PREMIUM]"
"d5dc77ca-9a25-4674-990e-0b0e0d624401","2026-07-08 23:49:20.919","2026-07-19 18:07:18.286","d5dc77ca-9a25-4674-990e-0b0e0d624401","[PREMIUM]","Used",2022,"Chevrolet","Equinox","LT","[PREMIUM]","[PREMIUM]",56027,"SUV","Black","BLACK","Four-wheel Drive",,,"Gasoline",,,"dealership","[PREMIUM]","Warner Robins","GA","[PREMIUM]",25,"[]",,,"[PREMIUM]"
"51b18034-1e99-4b7a-8ea2-f76fcf589ca5","2026-07-08 23:49:20.905","2026-07-19 18:07:18.095","51b18034-1e99-4b7a-8ea2-f76fcf589ca5","[PREMIUM]","Used",2020,"Nissan","Pathfinder","SV","[PREMIUM]","[PREMIUM]",111075,"SUV","Black","Gray","Four-wheel Drive",,,"Gasoline",,,"private","[PREMIUM]",,,"[PREMIUM]",12,"[]",,,"[PREMIUM]"
"bab48999-4edd-4b94-9d75-43dba2149c4b","2026-07-08 23:49:20.835","2026-07-08 23:49:20.835","bab48999-4edd-4b94-9d75-43dba2149c4b","[PREMIUM]","Used",2022,"Hyundai","ELANTRA","SEL","[PREMIUM]","[PREMIUM]",51545,"Sedan","Black","GRAY","Rear-wheel Drive",,,"Gasoline",,,"dealership","[PREMIUM]","Ontario","CA","[PREMIUM]",24,"[]",,,"[PREMIUM]"
"c22d20b9-57ea-49de-9f67-f0070b66af12","2026-07-08 23:49:00.663","2026-07-11 23:49:40.163","c22d20b9-57ea-49de-9f67-f0070b66af12","[PREMIUM]","Used",2024,"Nissan","Kicks","S","[PREMIUM]","[PREMIUM]",58103,"SUV","Black","BLACK","Rear-wheel Drive",,,"Gasoline",,,"dealership","[PREMIUM]","Palmdale","CA","[PREMIUM]",25,"[]",,,"[PREMIUM]"
"d2540428-3acc-409a-8ba3-f2e21e487e3f","2026-07-08 23:49:00.658","2026-07-11 23:49:40.126","d2540428-3acc-409a-8ba3-f2e21e487e3f","[PREMIUM]","Used",2024,"Nissan","Versa","S","[PREMIUM]","[PREMIUM]",19253,"Sedan","Gray","BLACK","Rear-wheel Drive",,,"Gasoline",,,"dealership","[PREMIUM]","Gilbert","AZ","[PREMIUM]",25,"[]",,,"[PREMIUM]"
"1debe5b6-d47b-42a3-908b-2bd15ee02215","2026-07-08 23:49:00.622","2026-07-08 23:49:00.622","1debe5b6-d47b-42a3-908b-2bd15ee02215","[PREMIUM]","Used",2023,"Nissan","Altima","SV","[PREMIUM]","[PREMIUM]",55015,"Sedan","Gray","BLACK","Rear-wheel Drive",,,"Gasoline",,,"dealership","[PREMIUM]","Austin","TX","[PREMIUM]",25,"[]",,,"[PREMIUM]"
"302e4cf5-8eb8-4afe-b179-2364e61a2a4c","2026-07-08 23:48:50.559","2026-07-19 18:07:18.339","302e4cf5-8eb8-4afe-b179-2364e61a2a4c","[PREMIUM]","Used",2008,"Dodge","Charger","R/T","[PREMIUM]","[PREMIUM]",102275,"Sedan","Orange","Black","Rear-wheel Drive",,,"Gasoline",,,"private","[PREMIUM]",,,"[PREMIUM]",16,"[]",,,"[PREMIUM]"
"a6b9b824-74f0-4369-bf24-1e5c83a06555","2026-07-08 23:48:40.475","2026-07-08 23:48:40.475","a6b9b824-74f0-4369-bf24-1e5c83a06555","[PREMIUM]","Used",2015,"Kia","Soul","!","[PREMIUM]","[PREMIUM]",53000,"Wagon","Red","BLACK","2WD",,,"Gas",,,"dealership","[PREMIUM]","Raleigh","NC","[PREMIUM]",25,"[]",,,"[PREMIUM]"
"e568644e-6b72-44d3-b9cf-a48f9df1c57a","2026-07-08 23:48:40.459","2026-07-19 18:07:18.254","e568644e-6b72-44d3-b9cf-a48f9df1c57a","[PREMIUM]","Used",2014,"Nissan","Altima","S","[PREMIUM]","[PREMIUM]",125182,"Sedan","Gray","BLACK","Rear-wheel Drive",,,"Gasoline",,,"dealership","[PREMIUM]","Sacramento","CA","[PREMIUM]",24,"[]",,,"[PREMIUM]"
"3ee15e7c-706e-4c44-892e-18321cebce3a","2026-07-08 23:48:40.456","2026-07-11 23:49:40.181","3ee15e7c-706e-4c44-892e-18321cebce3a","[PREMIUM]","Used",2016,"Hyundai","ELANTRA","SE","[PREMIUM]","[PREMIUM]",78970,"Sedan","Red","GRAY","Rear-wheel Drive",,,"Gasoline",,,"dealership","[PREMIUM]","Schaumburg","IL","[PREMIUM]",24,"[]",,,"[PREMIUM]"
"0647d9cd-98a0-4fd6-b771-b6860e55e2c5","2026-07-08 23:48:40.426","2026-07-08 23:48:40.426","0647d9cd-98a0-4fd6-b771-b6860e55e2c5","[PREMIUM]","Used",2016,"Kia","Soul",,"[PREMIUM]","[PREMIUM]",91263,"Wagon","White","GRAY","Rear-wheel Drive",,,"Gasoline",,,"dealership","[PREMIUM]","Doral","FL","[PREMIUM]",25,"[]",,,"[PREMIUM]"
"5153f618-ae01-4ab4-b715-9b4d3ff2b2cc","2026-07-08 23:48:40.419","2026-07-11 23:49:40.421","5153f618-ae01-4ab4-b715-9b4d3ff2b2cc","[PREMIUM]","Used",2016,"Hyundai","ELANTRA","SE","[PREMIUM]","[PREMIUM]",74108,"Sedan","Blue","GRAY","Rear-wheel Drive",,,"Gasoline",,,"dealership","[PREMIUM]","Sicklerville","NJ","[PREMIUM]",25,"[]",,,"[PREMIUM]"
"19c665e3-1664-4dde-b920-89a45cff1829","2026-07-08 23:48:40.363","2026-07-08 23:48:40.363","19c665e3-1664-4dde-b920-89a45cff1829","[PREMIUM]","Used",2016,"Hyundai","TUCSON","Limited","[PREMIUM]","[PREMIUM]",88391,"SUV","Silver","BLACK","2WD",,,"Gas",,,"dealership","[PREMIUM]","Puyallup","WA","[PREMIUM]",27,"[]",,,"[PREMIUM]"
"0dfe3d58-93e9-47ed-9d02-77d2669ccf4d","2026-07-08 23:48:30.605","2026-07-11 23:49:40.023","0dfe3d58-93e9-47ed-9d02-77d2669ccf4d","[PREMIUM]","Used",2017,"Mitsubishi","Mirage G4","ES","[PREMIUM]","[PREMIUM]",50710,"Sedan","Silver","GRAY","Rear-wheel Drive",,,"Gasoline",,,"dealership","[PREMIUM]","Puyallup","WA","[PREMIUM]",24,"[]",,,"[PREMIUM]"
"ff1f86a8-fc1c-42fa-be68-86004645b256","2026-07-08 23:48:30.552","2026-07-19 18:07:07.322","ff1f86a8-fc1c-42fa-be68-86004645b256","[PREMIUM]","Used",2017,"Ford","Escape","SE","[PREMIUM]","[PREMIUM]",103070,"SUV","Silver","BLACK","Rear-wheel Drive",,,"Gasoline",,,"dealership","[PREMIUM]","Jacksonville","FL","[PREMIUM]",25,"[]",,,"[PREMIUM]"
"8e6b5c95-9124-4e9d-8745-7b1cb3c21512","2026-07-08 23:48:30.353","2026-07-19 18:07:07.589","8e6b5c95-9124-4e9d-8745-7b1cb3c21512","[PREMIUM]","Used",2018,"Ford","Focus","SEL","[PREMIUM]","[PREMIUM]",59474,"Hatchback","Gray","BLACK","Rear-wheel Drive",,,"Gasoline",,,"dealership","[PREMIUM]","Houston","TX","[PREMIUM]",27,"[]",,,"[PREMIUM]"
"4ccdf26a-6ba2-4e95-b00e-e0d167cd620a","2026-07-08 23:48:30.310","2026-07-08 23:48:30.310","4ccdf26a-6ba2-4e95-b00e-e0d167cd620a","[PREMIUM]","Used",2018,"Nissan","Rogue","SL","[PREMIUM]","[PREMIUM]",122712,"SUV","Blue","BLACK","Four-wheel Drive",,,"Gasoline",,,"dealership","[PREMIUM]","Oceanside","CA","[PREMIUM]",21,"[]",,,"[PREMIUM]"
"e90a2890-ad5d-4ed5-9a80-079cd5050292","2026-07-08 23:48:30.302","2026-07-19 18:07:07.317","e90a2890-ad5d-4ed5-9a80-079cd5050292","[PREMIUM]","Used",2018,"Hyundai","ELANTRA","GT","[PREMIUM]","[PREMIUM]",81425,"Hatchback","Gray","BLACK","Rear-wheel Drive",,,"Gasoline",,,"dealership","[PREMIUM]","Bakersfield","CA","[PREMIUM]",21,"[]",,,"[PREMIUM]"
"f6818d5f-de5d-43e9-9099-d03df29fdbb4","2026-07-08 23:48:30.299","2026-07-11 23:49:40.220","f6818d5f-de5d-43e9-9099-d03df29fdbb4","[PREMIUM]","Used",2017,"Toyota","Corolla","LE","[PREMIUM]","[PREMIUM]",115345,"Sedan","Silver","BLACK","Rear-wheel Drive",,,"Gasoline",,,"dealership","[PREMIUM]","West Carrollton","OH","[PREMIUM]",25,"[]",,,"[PREMIUM]"
"b48ca09e-70f2-48bc-b1f3-7698fcb84551","2026-07-08 23:48:30.291","2026-07-11 23:49:40.004","b48ca09e-70f2-48bc-b1f3-7698fcb84551","[PREMIUM]","Used",2017,"Ford","Escape","SE","[PREMIUM]","[PREMIUM]",79009,"SUV","Blue","BLACK","Rear-wheel Drive",,,"Gasoline",,,"dealership","[PREMIUM]","Indianapolis","IN","[PREMIUM]",25,"[]",,,"[PREMIUM]"
"34787c42-5851-43ef-8d5b-376657da2d71","2026-07-08 23:48:30.285","2026-07-16 18:02:55.872","34787c42-5851-43ef-8d5b-376657da2d71","[PREMIUM]","Used",2019,"Volkswagen","Jetta","SE","[PREMIUM]","[PREMIUM]",108093,"Sedan","White","BLACK","Rear-wheel Drive",,,"Gasoline",,,"dealership","[PREMIUM]","Henderson","NV","[PREMIUM]",26,"[]",,,"[PREMIUM]"
"3dd23621-ea51-43d5-9d74-e9b726bafc95","2026-07-08 23:48:30.214","2026-07-11 23:49:40.048","3dd23621-ea51-43d5-9d74-e9b726bafc95","[PREMIUM]","Used",2019,"Ford","Escape","SE","[PREMIUM]","[PREMIUM]",73411,"SUV","Red","BLACK","Four-wheel Drive",,,"Gasoline",,,"dealership","[PREMIUM]","Tolleson","AZ","[PREMIUM]",25,"[]",,,"[PREMIUM]"
"f83ae600-599d-4afd-9d45-89c423af1562","2026-07-08 23:48:00.094","2026-07-19 18:07:18.255","f83ae600-599d-4afd-9d45-89c423af1562","[PREMIUM]","Used",2018,"BMW","X5","xDrive35i","[PREMIUM]","[PREMIUM]",173300,"SUV","Black","Beige","All-wheel Drive",,,"Gasoline",,,"private","[PREMIUM]",,,"[PREMIUM]",9,"[]",,,"[PREMIUM]"
"895c135e-dc6e-41da-b6af-f1bba146b01e","2026-07-08 23:47:30.115","2026-07-19 18:07:07.065","895c135e-dc6e-41da-b6af-f1bba146b01e","[PREMIUM]","Used",2005,"Ford","Focus","ZX4 SES","[PREMIUM]","[PREMIUM]",110265,"Sedan","Red","Gray","Front-wheel Drive",,,"Gasoline",,,"private","[PREMIUM]",,,"[PREMIUM]",4,"[]",,,"[PREMIUM]"
"04bfd55d-760e-46b9-87d5-ad628704ee09","2026-07-08 23:46:39.965","2026-07-19 18:07:07.306","04bfd55d-760e-46b9-87d5-ad628704ee09","[PREMIUM]","Used",2007,"Honda","Accord","EX-L","[PREMIUM]","[PREMIUM]",177677,"Sedan","Gray","Black","Front-wheel Drive",,,"Gasoline",,,"private","[PREMIUM]",,,"[PREMIUM]",11,"[]",,,"[PREMIUM]"
"64ab21da-59e8-4aea-8deb-24f788214c77","2026-07-08 23:34:39.735","2026-07-08 23:34:39.735","64ab21da-59e8-4aea-8deb-24f788214c77","[PREMIUM]","Used",2025,"Lexus","LS 500",,"[PREMIUM]","[PREMIUM]",9754,"Sedan","Silver","TAN","Rear-wheel Drive",,,"Gasoline",,,"dealership","[PREMIUM]","Raleigh","NC","[PREMIUM]",26,"[]",,,"[PREMIUM]"
"0808c382-f18b-4b26-a4b3-9ff75143c7cd","2026-07-08 23:31:39.551","2026-07-19 18:07:07.573","0808c382-f18b-4b26-a4b3-9ff75143c7cd","[PREMIUM]","Used",2024,"Land Rover","Range Rover Sport","SE","[PREMIUM]","[PREMIUM]",18358,"SUV","White","BLACK","Four-wheel Drive",,,"Gasoline",,,"dealership","[PREMIUM]","Tinley Park","IL","[PREMIUM]",25,"[]",,,"[PREMIUM]"
"361ba307-d86c-4228-b6b3-446831bdaa0f","2026-07-08 23:31:09.534","2026-07-08 23:31:09.534","361ba307-d86c-4228-b6b3-446831bdaa0f","[PREMIUM]","Used",2024,"Toyota","Land Cruiser","First Edition","[PREMIUM]","[PREMIUM]",19957,"SUV","Blue","BLACK","Four-wheel Drive",,,"Hybrid",,,"dealership","[PREMIUM]","Tucson","AZ","[PREMIUM]",26,"[]",,,"[PREMIUM]"
"f91fa55b-c1ac-447f-b21c-ca7f0315631f","2026-07-08 23:30:39.515","2026-07-08 23:30:39.515","f91fa55b-c1ac-447f-b21c-ca7f0315631f","[PREMIUM]","Used",2021,"GMC","Sierra 3500","Denali","[PREMIUM]","[PREMIUM]",18839,"Truck","Silver","BLACK","Four-wheel Drive",,,"Diesel",,,"dealership","[PREMIUM]","Parker","CO","[PREMIUM]",27,"[]",,,"[PREMIUM]"
"3ebc0caa-e055-42aa-ae01-b016b81f996a","2026-07-08 23:30:29.260","2026-07-11 23:30:44.409","3ebc0caa-e055-42aa-ae01-b016b81f996a","[PREMIUM]","Used",2023,"Ford","F-250","Lariat","[PREMIUM]","[PREMIUM]",40333,"Truck","Gray","BLACK","Four-wheel Drive",,,"Gasoline",,,"dealership","[PREMIUM]","Houston","TX","[PREMIUM]",26,"[]",,,"[PREMIUM]"
"05c336b2-5266-459e-a4c0-26637a1b00e2","2026-07-08 23:30:09.398","2026-07-11 23:30:24.335","05c336b2-5266-459e-a4c0-26637a1b00e2","[PREMIUM]","Used",2024,"Ford","Expedition","Limited","[PREMIUM]","[PREMIUM]",15317,"SUV","Blue","TAUPE","Rear-wheel Drive",,,"Gasoline",,,"dealership","[PREMIUM]","San Antonio","TX","[PREMIUM]",29,"[]",,,"[PREMIUM]"
"d07b5ca6-fb64-4978-bcc0-d213dcf032e3","2026-07-08 23:30:09.311","2026-07-08 23:30:09.311","d07b5ca6-fb64-4978-bcc0-d213dcf032e3","[PREMIUM]","Used",2021,"BMW","X5","M50i","[PREMIUM]","[PREMIUM]",44561,"SUV","Blue","BROWN","Four-wheel Drive",,,"Gasoline",,,"dealership","[PREMIUM]","Tucson","AZ","[PREMIUM]",26,"[]",,,"[PREMIUM]"
"d9b19ea3-431e-4c71-a6aa-bd66b3b15aef","2026-07-08 23:29:59.365","2026-07-08 23:29:59.365","d9b19ea3-431e-4c71-a6aa-bd66b3b15aef","[PREMIUM]","Used",2023,"GMC","Sierra 1500","Denali","[PREMIUM]","[PREMIUM]",34765,"Truck","White","BLACK","Four-wheel Drive",,,"Diesel",,,"dealership","[PREMIUM]","Las Vegas","NV","[PREMIUM]",19,"[]",,,"[PREMIUM]"
"49a5506b-4252-414e-9b95-4a528ec2dce9","2026-07-08 23:29:39.103","2026-07-22 05:14:57.897","49a5506b-4252-414e-9b95-4a528ec2dce9","[PREMIUM]","Used",2015,"Chevrolet","Corvette","Stingray Z51","[PREMIUM]","[PREMIUM]",36886,"Coupe","Red","BROWN","Rear-wheel Drive",,,"Gasoline",,,"dealership","[PREMIUM]","Virginia Beach","VA","[PREMIUM]",25,"[]",,,"[PREMIUM]"
"7dbb3948-3e7a-4175-aa5c-4743f27b833f","2026-07-08 23:24:39.082","2026-07-08 23:24:39.082","7dbb3948-3e7a-4175-aa5c-4743f27b833f","[PREMIUM]","Used",2020,"Lexus","RX 350","F-Sport","[PREMIUM]","[PREMIUM]",35896,"SUV","Black","RED","Four-wheel Drive",,,"Gasoline",,,"dealership","[PREMIUM]","Lynnwood","WA","[PREMIUM]",27,"[]",,,"[PREMIUM]"
"5e878b76-2a64-4799-acb6-c7e5df7f9f03","2026-07-08 23:24:38.927","2026-07-19 18:06:55.780","5e878b76-2a64-4799-acb6-c7e5df7f9f03","[PREMIUM]","Used",2004,"Chevrolet","Corvette","Z06","[PREMIUM]","[PREMIUM]",36940,"Coupe","Torch Red",,"Rear-wheel Drive",,,"Gasoline",,,"dealership","[PREMIUM]","Carol Stream","IL","[PREMIUM]",34,"[]",,,"[PREMIUM]"
"c316b03e-43da-4970-9607-e8971aba7ef2","2026-07-08 23:24:38.921","2026-07-11 23:30:04.329","c316b03e-43da-4970-9607-e8971aba7ef2","[PREMIUM]","Used",2020,"Ford","F-150","Raptor","[PREMIUM]","[PREMIUM]",127573,"Truck","Lead Foot","Black","Four-wheel Drive",,,"Gasoline",,,"dealership","[PREMIUM]","East Moline","IL","[PREMIUM]",45,"[]",,,"[PREMIUM]"
"8f349c31-1503-4be3-9675-c6d7051d45ba","2026-07-08 23:24:38.885","2026-07-19 18:06:55.562","8f349c31-1503-4be3-9675-c6d7051d45ba","[PREMIUM]","Used",2014,"Chevrolet","Corvette Stingray","Z51","[PREMIUM]","[PREMIUM]",50571,"Convertible","Arctic White","Kalahari","Rear-wheel Drive",,,"Gasoline",,,"dealership","[PREMIUM]","Pataskala","OH","[PREMIUM]",29,"[]",,,"[PREMIUM]"
"57912656-9a68-4e02-83d7-1ac6e5b8599b","2026-07-08 23:24:38.841","2026-07-19 18:06:55.528","57912656-9a68-4e02-83d7-1ac6e5b8599b","[PREMIUM]","Used",2023,"Toyota","4Runner","SR5 Premium","[PREMIUM]","[PREMIUM]",56184,"SUV","White","BLACK","Four-wheel Drive",,,"Gasoline",,,"dealership","[PREMIUM]","Houston","TX","[PREMIUM]",27,"[]",,,"[PREMIUM]"
"f9551176-6867-4314-9237-b025d13a0d2d","2026-07-08 23:24:38.835","2026-07-11 23:30:04.210","f9551176-6867-4314-9237-b025d13a0d2d","[PREMIUM]","Used",2024,"Hyundai","PALISADE","Calligraphy","[PREMIUM]","[PREMIUM]",14260,"SUV","Blue","GRAY","Four-wheel Drive",,,"Gasoline",,,"dealership","[PREMIUM]","Milwaukee","WI","[PREMIUM]",30,"[]",,,"[PREMIUM]"
"1f6066b7-a55d-4b70-9a99-57016a1f2572","2026-07-08 23:24:38.831","2026-07-11 23:30:04.347","1f6066b7-a55d-4b70-9a99-57016a1f2572","[PREMIUM]","Used",2024,"Hyundai","PALISADE","Calligraphy","[PREMIUM]","[PREMIUM]",14909,"SUV","Blue","BLACK","Four-wheel Drive",,,"Gasoline",,,"dealership","[PREMIUM]","Norwood","MA","[PREMIUM]",28,"[]",,,"[PREMIUM]"
"d0644175-5b9a-4d58-be4c-e646b968a2d8","2026-07-08 23:24:38.808","2026-07-19 18:07:07.171","d0644175-5b9a-4d58-be4c-e646b968a2d8","[PREMIUM]","Used",2015,"Chevrolet","Corvette","Stingray","[PREMIUM]","[PREMIUM]",39468,"Convertible","Blue","BROWN","Rear-wheel Drive",,,"Gasoline",,,"dealership","[PREMIUM]","Milwaukie","OR","[PREMIUM]",24,"[]",,,"[PREMIUM]"
"2076d58b-b464-4218-810f-d2953f85b811","2026-07-08 23:24:38.805","2026-07-19 18:06:55.731","2076d58b-b464-4218-810f-d2953f85b811","[PREMIUM]","Used",2024,"Toyota","Tacoma","TRD Off Road","[PREMIUM]","[PREMIUM]",31825,"Truck","Gray","BLACK","Four-wheel Drive",,,"Gasoline",,,"dealership","[PREMIUM]","Glen Allen","VA","[PREMIUM]",25,"[]",,,"[PREMIUM]"
"7cc6cad2-9f0f-443d-886f-fee453639ccb","2026-07-08 23:24:38.804","2026-07-08 23:24:38.804","7cc6cad2-9f0f-443d-886f-fee453639ccb","[PREMIUM]","Used",2024,"Toyota","Grand Highlander","Limited","[PREMIUM]","[PREMIUM]",25861,"SUV","Blue","GRAY","Four-wheel Drive",,,"Gasoline",,,"dealership","[PREMIUM]","Newport News","VA","[PREMIUM]",27,"[]",,,"[PREMIUM]"
"d96ed6a3-b305-42dc-840d-5cb5b906435d","2026-07-08 23:24:38.803","2026-07-11 23:30:04.357","d96ed6a3-b305-42dc-840d-5cb5b906435d","[PREMIUM]","Used",2025,"Hyundai","PALISADE","SEL Premium","[PREMIUM]","[PREMIUM]",6773,"SUV","Silver","GRAY","Four-wheel Drive",,,"Gasoline",,,"dealership","[PREMIUM]","Bristol","TN","[PREMIUM]",29,"[]",,,"[PREMIUM]"
"34d56d33-a0ba-463c-b785-2245e450389c","2026-07-08 23:24:38.802","2026-07-19 18:06:55.453","34d56d33-a0ba-463c-b785-2245e450389c","[PREMIUM]","Used",2025,"Lexus","ES 300h","Luxury","[PREMIUM]","[PREMIUM]",45190,"Sedan","White","BLACK","Rear-wheel Drive",,,"Hybrid",,,"dealership","[PREMIUM]","Canoga Park","CA","[PREMIUM]",26,"[]",,,"[PREMIUM]"
"2adc78ef-3531-4b45-ad73-644051c36c9d","2026-07-08 23:24:38.800","2026-07-08 23:24:38.800","2adc78ef-3531-4b45-ad73-644051c36c9d","[PREMIUM]","Used",2024,"BMW","X5","xDrive40i","[PREMIUM]","[PREMIUM]",47928,"SUV","Black","BLACK","Four-wheel Drive",,,"Gasoline",,,"dealership","[PREMIUM]","Katy","TX","[PREMIUM]",26,"[]",,,"[PREMIUM]"
"79b83b19-aac2-40f4-8b25-acec6404b761","2026-07-08 23:24:38.800","2026-07-08 23:24:38.800","79b83b19-aac2-40f4-8b25-acec6404b761","[PREMIUM]","Used",2025,"Toyota","Tacoma","TRD Off Road","[PREMIUM]","[PREMIUM]",5135,"Truck","Orange","GRAY","Four-wheel Drive",,,"Gasoline",,,"dealership","[PREMIUM]","Tinley Park","IL","[PREMIUM]",24,"[]",,,"[PREMIUM]"
"220b72ed-3297-4769-be2d-ef0cbfb4b0f1","2026-07-08 23:24:38.776","2026-07-08 23:24:38.776","220b72ed-3297-4769-be2d-ef0cbfb4b0f1","[PREMIUM]","Used",2023,"Audi","S5","Prestige","[PREMIUM]","[PREMIUM]",31980,"Hatchback","Gray","BLACK","Four-wheel Drive",,,"Gasoline",,,"dealership","[PREMIUM]","Buford","GA","[PREMIUM]",27,"[]",,,"[PREMIUM]"
"ea2a9889-2db6-454f-81af-18333f84f5f7","2026-07-08 23:24:28.669","2026-07-08 23:24:28.669","ea2a9889-2db6-454f-81af-18333f84f5f7","[PREMIUM]","Used",2020,"Ford","F-150","XLT","[PREMIUM]","[PREMIUM]",39584,"Truck","Black","Black","Four-wheel Drive",,,"Gasoline",,,"dealership","[PREMIUM]","Lithia Springs","GA","[PREMIUM]",57,"[]",,,"[PREMIUM]"
"3a33f9d2-4d6f-4d36-a2d4-732cf04d64bf","2026-07-08 23:24:28.654","2026-07-19 18:06:56.208","3a33f9d2-4d6f-4d36-a2d4-732cf04d64bf","[PREMIUM]","Used",2021,"GMC","Sierra 1500","AT4","[PREMIUM]","[PREMIUM]",78680,"Truck","Summit White","Jet Black w/Kalahari Accents","Four-wheel Drive",,,"Gasoline",,,"dealership","[PREMIUM]","Austin","TX","[PREMIUM]",31,"[]",,,"[PREMIUM]"
"623f13d0-b173-4b7e-8c81-10745046215f","2026-07-08 23:24:28.598","2026-07-08 23:24:28.598","623f13d0-b173-4b7e-8c81-10745046215f","[PREMIUM]","Used",2020,"Subaru","WRX","STI","[PREMIUM]","[PREMIUM]",33293,"Sedan","White","BLACK","Four-wheel Drive",,,"Gasoline",,,"dealership","[PREMIUM]","Oxnard","CA","[PREMIUM]",25,"[]",,,"[PREMIUM]"
"261a601d-b77f-4b5a-ba03-c88ae573ae0f","2026-07-08 23:24:28.589","2026-07-19 18:06:55.696","261a601d-b77f-4b5a-ba03-c88ae573ae0f","[PREMIUM]","Used",2021,"Mercedes-Benz","E-Class","E 450","[PREMIUM]","[PREMIUM]",43740,"Coupe","Diamond White","Oyster Leather","Rear-wheel Drive",,,"Gasoline",,,"dealership","[PREMIUM]","Corona","CA","[PREMIUM]",28,"[]",,,"[PREMIUM]"
"dddaebf7-a62b-44b0-b1b0-4000368567cf","2026-07-08 23:24:28.541","2026-07-19 18:06:55.557","dddaebf7-a62b-44b0-b1b0-4000368567cf","[PREMIUM]","Used",2023,"Dodge","Durango","R/T Plus","[PREMIUM]","[PREMIUM]",50966,"SUV","Gray","BLACK","Rear-wheel Drive",,,"Gasoline",,,"dealership","[PREMIUM]","Garland","TX","[PREMIUM]",27,"[]",,,"[PREMIUM]"
"7f12043d-c149-41c2-b92c-5bd786a38832","2026-07-08 23:24:28.538","2026-07-11 23:30:04.270","7f12043d-c149-41c2-b92c-5bd786a38832","[PREMIUM]","Used",2021,"GMC","Sierra 1500","AT4","[PREMIUM]","[PREMIUM]",127530,"Truck","Summit White","Black","Four-wheel Drive",,,"Diesel",,,"dealership","[PREMIUM]","Nampa","ID","[PREMIUM]",30,"[]",,,"[PREMIUM]"
"d5f11e72-c818-4cfc-a7c3-cdfb79b6e0d3","2026-07-08 23:24:28.523","2026-07-19 18:06:55.733","d5f11e72-c818-4cfc-a7c3-cdfb79b6e0d3","[PREMIUM]","Used",2023,"Ford","F-150","XLT","[PREMIUM]","[PREMIUM]",54004,"Truck","White","BLACK","Four-wheel Drive",,,"Hybrid",,,"dealership","[PREMIUM]","Houston","TX","[PREMIUM]",26,"[]",,,"[PREMIUM]"
"5692dc38-09f8-4467-ab23-f5e3791aa014","2026-07-08 23:24:28.519","2026-07-19 18:06:55.564","5692dc38-09f8-4467-ab23-f5e3791aa014","[PREMIUM]","Used",2021,"GMC","Sierra 1500","AT4","[PREMIUM]","[PREMIUM]",117238,"Truck","Summit White","Jet Black w/Kalahari Accents","Four-wheel Drive",,,"Gasoline",,,"dealership","[PREMIUM]","Conway","AR","[PREMIUM]",6,"[]",,,"[PREMIUM]"
"d8ba1351-8cf2-4b98-a16d-cc9b71a5e4ee","2026-07-08 23:24:28.518","2026-07-19 18:06:55.572","d8ba1351-8cf2-4b98-a16d-cc9b71a5e4ee","[PREMIUM]","Used",2021,"Jeep","Gladiator","Willys 4x4","[PREMIUM]","[PREMIUM]",14940,"Truck","Bright White Clearcoat","Black","Four-wheel Drive",,,"Gasoline",,,"dealership","[PREMIUM]","Fond du Lac","WI","[PREMIUM]",68,"[]",,,"[PREMIUM]"
"44cbacfa-25cb-47f7-86d9-281e7c85672b","2026-07-08 23:24:28.507","2026-07-11 23:30:04.219","44cbacfa-25cb-47f7-86d9-281e7c85672b","[PREMIUM]","Used",2024,"Subaru","Ascent","Touring","[PREMIUM]","[PREMIUM]",18062,"SUV","Gray","BROWN","Four-wheel Drive",,,"Gasoline",,,"dealership","[PREMIUM]","Sacramento","CA","[PREMIUM]",27,"[]",,,"[PREMIUM]"
"beefe3cd-d096-4054-ad48-f3322792dd83","2026-07-08 23:24:28.507","2026-07-19 18:06:55.599","beefe3cd-d096-4054-ad48-f3322792dd83","[PREMIUM]","Used",2021,"GMC","Sierra 1500","Elevation","[PREMIUM]","[PREMIUM]",90490,"Truck","Onyx Black","Jet Black","Four-wheel Drive",,,"Gasoline",,,"dealership","[PREMIUM]","Bossier City","LA","[PREMIUM]",33,"[]",,,"[PREMIUM]"
"5cf92c86-446a-4d1b-b91c-98790bf28879","2026-07-08 23:24:28.476","2026-07-19 18:06:55.452","5cf92c86-446a-4d1b-b91c-98790bf28879","[PREMIUM]","Used",2021,"Kia","Stinger","GT1","[PREMIUM]","[PREMIUM]",32976,"Sedan","Snow White Pearl","Black","Rear-wheel Drive",,,"Gasoline",,,"dealership","[PREMIUM]","Scottsdale","AZ","[PREMIUM]",9,"[]",,,"[PREMIUM]"
"8faadf49-b2b2-4b6d-bd1b-a520a2922c6c","2026-07-08 23:24:28.476","2026-07-19 18:07:07.168","8faadf49-b2b2-4b6d-bd1b-a520a2922c6c","[PREMIUM]","Used",2021,"RAM","1500","Big Horn/Lone Star","[PREMIUM]","[PREMIUM]",43431,"Truck","Diamond Black Crystal Pearlcoat","Black","Four-wheel Drive",,,"Gasoline",,,"dealership","[PREMIUM]","Sykesville","MD","[PREMIUM]",45,"[]",,,"[PREMIUM]"
"300f6149-f7b5-4263-bf87-806e6dd59a1b","2026-07-08 23:24:28.472","2026-07-08 23:24:28.472","300f6149-f7b5-4263-bf87-806e6dd59a1b","[PREMIUM]","Used",2021,"Lexus","IS 350","F Sport","[PREMIUM]","[PREMIUM]",59289,"Sedan","Ultra White","White W/Black","Rear-wheel Drive",,,"Gasoline",,,"dealership","[PREMIUM]","Pelham","AL","[PREMIUM]",23,"[]",,,"[PREMIUM]"
"4c732634-037f-493f-8c3d-3d884067606f","2026-07-08 23:24:28.472","2026-07-08 23:24:28.472","4c732634-037f-493f-8c3d-3d884067606f","[PREMIUM]","Used",2021,"RAM","1500","Laramie","[PREMIUM]","[PREMIUM]",56884,"Truck","Gray","BLACK","Four-wheel Drive",,,"Gasoline",,,"dealership","[PREMIUM]","St. Peters","MO","[PREMIUM]",18,"[]",,,"[PREMIUM]"
"4fa97eaa-6969-496a-b8ce-f5118ad92f5a","2026-07-08 23:24:28.469","2026-07-19 18:06:55.620","4fa97eaa-6969-496a-b8ce-f5118ad92f5a","[PREMIUM]","Used",2021,"Chevrolet","Silverado 1500","LTZ","[PREMIUM]","[PREMIUM]",104341,"Truck","Gray","Jet Black","Four-wheel Drive",,,"Gasoline",,,"dealership","[PREMIUM]","Bedford","OH","[PREMIUM]",28,"[]",,,"[PREMIUM]"
"3cb3d811-4cd6-4c80-8018-665117fdfb25","2026-07-08 23:24:28.468","2026-07-11 23:30:04.291","3cb3d811-4cd6-4c80-8018-665117fdfb25","[PREMIUM]","Used",2021,"Ford","Expedition","Limited","[PREMIUM]","[PREMIUM]",78066,"SUV","Magnetic","Ebony","Four-wheel Drive",,,"Gasoline",,,"dealership","[PREMIUM]","Johnson City","TN","[PREMIUM]",30,"[]",,,"[PREMIUM]"
"d55464a7-cc40-4da5-bc57-b1f174a3bd2c","2026-07-08 23:24:28.465","2026-07-19 18:06:55.639","d55464a7-cc40-4da5-bc57-b1f174a3bd2c","[PREMIUM]","Used",2021,"Toyota","Highlander","XLE","[PREMIUM]","[PREMIUM]",8109,"SUV","Blizzard Pearl","Graphite","Front-wheel Drive",,,"Gasoline",,,"dealership","[PREMIUM]","Honolulu","HI","[PREMIUM]",34,"[]",,,"[PREMIUM]"
"0057088b-8ba2-4427-bfb9-0e198b47c2f4","2026-07-08 23:24:28.455","2026-07-19 18:06:55.658","0057088b-8ba2-4427-bfb9-0e198b47c2f4","[PREMIUM]","Used",2021,"RAM","1500","Limited","[PREMIUM]","[PREMIUM]",74234,"Truck","Ivory White Tri-Coat Pearlcoat","Indigo/Frost","Rear-wheel Drive",,,"Gasoline",,,"dealership","[PREMIUM]","Plano","TX","[PREMIUM]",62,"[]",,,"[PREMIUM]"
"ccd0ec2e-1e76-4596-a693-8f30eca93e01","2026-07-08 23:24:28.427","2026-07-19 18:06:55.662","ccd0ec2e-1e76-4596-a693-8f30eca93e01","[PREMIUM]","Used",2021,"Subaru","WRX STI","Base","[PREMIUM]","[PREMIUM]",39347,"Sedan","WR Blue Pearl","Black","All-wheel Drive",,,"Gasoline",,,"dealership","[PREMIUM]","Honolulu","HI","[PREMIUM]",15,"[]",,,"[PREMIUM]"
"2c6cdd73-e02e-42d4-b58c-a1d274cf5b40","2026-07-08 23:24:28.342","2026-07-16 18:02:44.366","2c6cdd73-e02e-42d4-b58c-a1d274cf5b40","[PREMIUM]","New",2026,"Toyota","Camry","Nightshade","[PREMIUM]","[PREMIUM]",0,"Sedan","Ice Cap","Black","All-wheel Drive",,,"Gasoline",,,"dealership","[PREMIUM]","Hiawatha","IA","[PREMIUM]",8,"[]",,,"[PREMIUM]"
"eeca9f7e-0da8-44dd-a5f1-a68c31fbe0e4","2026-07-08 23:24:28.291","2026-07-19 18:06:55.472","eeca9f7e-0da8-44dd-a5f1-a68c31fbe0e4","[PREMIUM]","New",2026,"Subaru","Crosstrek","Limited","[PREMIUM]","[PREMIUM]",5,"SUV","Alpine Green","Gray","All-wheel Drive",,,"Gasoline",,,"dealership","[PREMIUM]","Aurora","CO","[PREMIUM]",27,"[]",,,"[PREMIUM]"
"b80aadeb-ae58-42b6-99f9-4632317448f8","2026-07-08 23:24:28.290","2026-07-19 18:06:55.562","b80aadeb-ae58-42b6-99f9-4632317448f8","[PREMIUM]","New",2026,"Subaru","Forester Hybrid","Premium","[PREMIUM]","[PREMIUM]",5,"SUV","Autumn Green Metallic","Black","All-wheel Drive",,,"Gasoline",,,"dealership","[PREMIUM]","Aurora","CO","[PREMIUM]",28,"[]",,,"[PREMIUM]"
"0ac519ac-52a5-4e1b-8bd1-5dbefb7b9619","2026-07-08 23:24:28.282","2026-07-19 18:06:55.410","0ac519ac-52a5-4e1b-8bd1-5dbefb7b9619","[PREMIUM]","New",2026,"Ford","Bronco Sport","Heritage","[PREMIUM]","[PREMIUM]",68,"SUV","Azure Gray Metallic","Navy Pier","Four-wheel Drive",,,"Gasoline",,,"dealership","[PREMIUM]","Hayward","WI","[PREMIUM]",25,"[]",,,"[PREMIUM]"
"3d4ae390-e583-4f46-a75e-80dda668e333","2026-07-08 23:24:28.279","2026-07-19 18:06:55.598","3d4ae390-e583-4f46-a75e-80dda668e333","[PREMIUM]","New",2026,"Subaru","Crosstrek","Limited","[PREMIUM]","[PREMIUM]",5,"SUV","Alpine Green","Black","All-wheel Drive",,,"Gasoline",,,"dealership","[PREMIUM]","Aurora","CO","[PREMIUM]",27,"[]",,,"[PREMIUM]"
"baad91c6-a994-425b-bc14-ce7c64d1d281","2026-07-08 23:24:28.264","2026-07-19 18:07:07.310","baad91c6-a994-425b-bc14-ce7c64d1d281","[PREMIUM]","New",2026,"Honda","CR-V","EX-L","[PREMIUM]","[PREMIUM]",2,"SUV","Platinum White Pearl","Black","All-wheel Drive",,,"Gasoline",,,"dealership","[PREMIUM]","Boise","ID","[PREMIUM]",32,"[]",,,"[PREMIUM]"
"18afa046-c79c-4b27-a0f9-f85c04695efe","2026-07-08 23:24:28.258","2026-07-19 18:06:55.792","18afa046-c79c-4b27-a0f9-f85c04695efe","[PREMIUM]","New",2026,"Honda","CR-V","EX","[PREMIUM]","[PREMIUM]",2,"SUV","Urban Gray Pearl","Black","All-wheel Drive",,,"Gasoline",,,"dealership","[PREMIUM]","Boise","ID","[PREMIUM]",32,"[]",,,"[PREMIUM]"
"6f995cd3-71a8-4dc9-ad96-bfe0c77b3bf6","2026-07-08 23:24:28.251","2026-07-19 18:06:55.580","6f995cd3-71a8-4dc9-ad96-bfe0c77b3bf6","[PREMIUM]","New",2026,"Subaru","Crosstrek","Wilderness","[PREMIUM]","[PREMIUM]",5,"SUV","Magnetite Gray Metallic","Black","All-wheel Drive",,,"Gasoline",,,"dealership","[PREMIUM]","Aurora","CO","[PREMIUM]",27,"[]",,,"[PREMIUM]"
"0794f161-c9f7-43ca-9e58-961265c6736f","2026-07-08 23:24:28.250","2026-07-19 18:06:56.151","0794f161-c9f7-43ca-9e58-961265c6736f","[PREMIUM]","New",2026,"Honda","Accord Hybrid","EX-L","[PREMIUM]","[PREMIUM]",4,"Sedan","Urban Gray Pearl","Black","Front-wheel Drive",,,"Hybrid",,,"dealership","[PREMIUM]","Rancho Santa Margarita","CA","[PREMIUM]",29,"[]",,,"[PREMIUM]"
"689cc836-0b5d-4161-b53c-a2208f908313","2026-07-08 23:24:28.218","2026-07-19 18:06:55.431","689cc836-0b5d-4161-b53c-a2208f908313","[PREMIUM]","New",2026,"Toyota","bZ","XLE Plus","[PREMIUM]","[PREMIUM]",0,"SUV","Bluprint","Black","Front-wheel Drive",,,"Electric",,,"dealership","[PREMIUM]","Walnut Creek","CA","[PREMIUM]",31,"[]",,,"[PREMIUM]"
"570f33d9-e812-4a0a-8ca1-434f4247a822","2026-07-08 23:24:28.217","2026-07-19 18:06:43.472","570f33d9-e812-4a0a-8ca1-434f4247a822","[PREMIUM]","New",2026,"Chevrolet","Blazer","2LT","[PREMIUM]","[PREMIUM]",0,"SUV","Black","Jet Black/Medium Gray","All-wheel Drive",,,"Gasoline",,,"dealership","[PREMIUM]","Waterford","MI","[PREMIUM]",24,"[]",,,"[PREMIUM]"
"836a73d4-939f-4005-86e4-ef704c3812e8","2026-07-08 23:24:28.217","2026-07-19 18:07:07.305","836a73d4-939f-4005-86e4-ef704c3812e8","[PREMIUM]","New",2026,"Subaru","Crosstrek","Wilderness","[PREMIUM]","[PREMIUM]",5,"SUV","Alpine Green","Black","All-wheel Drive",,,"Gasoline",,,"dealership","[PREMIUM]","Aurora","CO","[PREMIUM]",27,"[]",,,"[PREMIUM]"
"a562bfae-b57d-4ce7-bd57-d15351359c1e","2026-07-08 23:24:28.215","2026-07-19 18:06:55.548","a562bfae-b57d-4ce7-bd57-d15351359c1e","[PREMIUM]","New",2026,"Mazda","CX-50 Hybrid","PREMIUM","[PREMIUM]","[PREMIUM]",10,"SUV","Jet Black Mica","Red","All-wheel Drive",,,"Hybrid",,,"dealership","[PREMIUM]","Naperville","IL","[PREMIUM]",13,"[]",,,"[PREMIUM]"
"7e30d5fb-7653-4a4d-9106-760f02b5a3e0","2026-07-08 23:24:28.197","2026-07-19 18:06:55.696","7e30d5fb-7653-4a4d-9106-760f02b5a3e0","[PREMIUM]","New",2026,"Ford","Maverick","Lariat","[PREMIUM]","[PREMIUM]",2,"Truck","Space White Metallic","Truffle","All-wheel Drive",,,"Hybrid",,,"dealership","[PREMIUM]","Draper","UT","[PREMIUM]",8,"[]",,,"[PREMIUM]"
"c928181c-b57f-44ad-a2fe-6afd2bf5522a","2026-07-08 23:24:28.195","2026-07-19 18:06:43.182","c928181c-b57f-44ad-a2fe-6afd2bf5522a","[PREMIUM]","New",2026,"Subaru","Outback","Premium","[PREMIUM]","[PREMIUM]",11,"SUV","Crystal Black Silica","Titanium Gray","All-wheel Drive",,,"Gasoline",,,"dealership","[PREMIUM]","Raleigh","NC","[PREMIUM]",1,"[]",,,"[PREMIUM]"
"34408f40-4eaa-40e3-9476-e686dbfb7248","2026-07-08 23:24:28.169","2026-07-11 23:29:53.385","34408f40-4eaa-40e3-9476-e686dbfb7248","[PREMIUM]","New",2026,"Toyota","Corolla Cross","XLE","[PREMIUM]","[PREMIUM]",4,"SUV","Sonic Silver","Black","All-wheel Drive",,,"Gasoline",,,"dealership","[PREMIUM]","Auburn","NY","[PREMIUM]",21,"[]",,,"[PREMIUM]"
"78499059-49b9-4e5a-a96c-990adaeed82b","2026-07-08 23:24:28.150","2026-07-19 18:06:55.453","78499059-49b9-4e5a-a96c-990adaeed82b","[PREMIUM]","Used",2025,"Mazda","CX-90","Turbo Premium Sport","[PREMIUM]","[PREMIUM]",25957,"SUV","Silver","BLACK","Four-wheel Drive",,,"Gasoline",,,"dealership","[PREMIUM]","Columbus","GA","[PREMIUM]",25,"[]",,,"[PREMIUM]"
"9a38099f-d87e-4f7c-bed7-645f9b8b73a1","2026-07-08 23:24:28.080","2026-07-19 18:07:07.187","9a38099f-d87e-4f7c-bed7-645f9b8b73a1","[PREMIUM]","New",2026,"Subaru","Outback","Premium","[PREMIUM]","[PREMIUM]",11,"SUV","Sapphire Blue Pearl","Black","All-wheel Drive",,,"Gasoline",,,"dealership","[PREMIUM]","Raleigh","NC","[PREMIUM]",28,"[]",,,"[PREMIUM]"
"63acf64c-6cb8-4744-9e22-6a715c421241","2026-07-08 23:24:27.958","2026-07-19 18:06:55.239","63acf64c-6cb8-4744-9e22-6a715c421241","[PREMIUM]","New",2026,"Subaru","Trailseeker","Premium","[PREMIUM]","[PREMIUM]",5,"SUV","Bronze","Black","All-wheel Drive",,,"Electric",,,"dealership","[PREMIUM]","Lancaster","CA","[PREMIUM]",1,"[]",,,"[PREMIUM]"
"0b2a4692-59a2-47d2-830f-c8ae1b1b0ca0","2026-07-08 23:24:27.930","2026-07-19 18:06:55.254","0b2a4692-59a2-47d2-830f-c8ae1b1b0ca0","[PREMIUM]","New",2026,"Subaru","WRX","Premium","[PREMIUM]","[PREMIUM]",5,"Sedan","Sapphire Blue Pearl","Black","All-wheel Drive",,,"Gasoline",,,"dealership","[PREMIUM]","Aurora","CO","[PREMIUM]",5,"[]",,,"[PREMIUM]"
"8feda0ca-c390-4528-b70d-86ecc6844c37","2026-07-08 23:24:27.928","2026-07-19 18:06:56.208","8feda0ca-c390-4528-b70d-86ecc6844c37","[PREMIUM]","Used",2026,"Genesis","G70","2.5T","[PREMIUM]","[PREMIUM]",13822,"Sedan","Vatna Gray","Obsidian Black","All-wheel Drive",,,"Gasoline",,,"dealership","[PREMIUM]","Burnsville","MN","[PREMIUM]",31,"[]",,,"[PREMIUM]"
"d0ed9c6f-b830-4747-9197-c8d740cd4197","2026-07-08 23:24:27.927","2026-07-19 18:06:44.044","d0ed9c6f-b830-4747-9197-c8d740cd4197","[PREMIUM]","New",2026,"Hyundai","TUCSON Hybrid","SEL Convenience","[PREMIUM]","[PREMIUM]",0,"SUV","Pearl","Gray","All-wheel Drive",,,"Hybrid",,,"dealership","[PREMIUM]","Saint Paul","MN","[PREMIUM]",17,"[]",,,"[PREMIUM]"
"ffa45bb9-dd7d-4cfe-9829-26c1e6a02762","2026-07-08 23:24:27.916","2026-07-19 18:07:07.299","ffa45bb9-dd7d-4cfe-9829-26c1e6a02762","[PREMIUM]","New",2026,"Chevrolet","Equinox","AWD RS","[PREMIUM]","[PREMIUM]",295,"SUV","Sterling Gray Metallic","Black w/Red Accents","All-wheel Drive",,,"Gasoline",,,"dealership","[PREMIUM]","Saukville","WI","[PREMIUM]",32,"[]",,,"[PREMIUM]"
"9d79d592-d6ae-44bf-b32e-0c71c357f081","2026-07-08 23:24:27.905","2026-07-19 18:07:07.115","9d79d592-d6ae-44bf-b32e-0c71c357f081","[PREMIUM]","Used",2026,"Kia","Carnival","LXS","[PREMIUM]","[PREMIUM]",28087,"Passenger Van","Deep Chroma Blue","Taupe/Off-Black","Front-wheel Drive",,,"Gasoline",,,"dealership","[PREMIUM]","Raleigh","NC","[PREMIUM]",37,"[]",,,"[PREMIUM]"
"3198e467-9e0d-4d94-bf53-03656e0ab73d","2026-07-08 23:24:27.885","2026-07-19 18:06:44.058","3198e467-9e0d-4d94-bf53-03656e0ab73d","[PREMIUM]","New",2026,"Subaru","Forester Hybrid","Premium","[PREMIUM]","[PREMIUM]",45,"SUV","Magnetite Gray Metallic","Black","All-wheel Drive",,,"Gasoline",,,"dealership","[PREMIUM]","Thornton","CO","[PREMIUM]",32,"[]",,,"[PREMIUM]"
"69858824-0e0f-4ea6-820c-8620edfa2534","2026-07-08 23:24:27.880","2026-07-19 18:06:55.418","69858824-0e0f-4ea6-820c-8620edfa2534","[PREMIUM]","New",2026,"Toyota","Tacoma","SR5","[PREMIUM]","[PREMIUM]",0,"Truck","Heritage Blue","Blk Fabric","Four-wheel Drive",,,"Gasoline",,,"dealership","[PREMIUM]","Walnut Creek","CA","[PREMIUM]",32,"[]",,,"[PREMIUM]"
"f9f59f1e-4b06-49c3-8025-3fb36aa5e97e","2026-07-08 23:24:27.880","2026-07-19 18:06:55.432","f9f59f1e-4b06-49c3-8025-3fb36aa5e97e","[PREMIUM]","New",2026,"Hyundai","TUCSON Hybrid","SEL","[PREMIUM]","[PREMIUM]",30,"SUV","Amazon Gray","Gray","All-wheel Drive",,,"Hybrid",,,"dealership","[PREMIUM]","Danvers","MA","[PREMIUM]",19,"[]",,,"[PREMIUM]"
"5f98e02b-0fa0-443c-83c3-b67956240479","2026-07-08 23:24:27.879","2026-07-19 18:06:43.829","5f98e02b-0fa0-443c-83c3-b67956240479","[PREMIUM]","New",2026,"Hyundai","TUCSON Hybrid","SEL Convenience","[PREMIUM]","[PREMIUM]",0,"SUV","Shimmering Silver","Black","All-wheel Drive",,,"Hybrid",,,"dealership","[PREMIUM]","Saint Paul","MN","[PREMIUM]",16,"[]",,,"[PREMIUM]"
"053a7373-9f47-4458-9d83-9022adb466cc","2026-07-08 23:24:27.876","2026-07-19 18:06:43.523","053a7373-9f47-4458-9d83-9022adb466cc","[PREMIUM]","New",2026,"Chevrolet","Colorado","WT","[PREMIUM]","[PREMIUM]",0,"Truck","Radiant Red Tintcoat","Jet Black","Rear-wheel Drive",,,"Gasoline",,,"dealership","[PREMIUM]","Santa Paula","CA","[PREMIUM]",32,"[]",,,"[PREMIUM]"
"9cdb48c9-6073-4ce6-8163-77c302cdd2d3","2026-07-08 23:24:27.876","2026-07-11 23:29:53.494","9cdb48c9-6073-4ce6-8163-77c302cdd2d3","[PREMIUM]","New",2026,"Toyota","C-HR","SE","[PREMIUM]","[PREMIUM]",0,"SUV","Midnight Black Metallic","Black Fabric/SofTex","All-wheel Drive",,,"Electric",,,"dealership","[PREMIUM]","Hackensack","NJ","[PREMIUM]",22,"[]",,,"[PREMIUM]"
"c7ef17fa-eef8-4711-bcba-feb7136fffaa","2026-07-08 23:24:27.872","2026-07-19 18:06:43.486","c7ef17fa-eef8-4711-bcba-feb7136fffaa","[PREMIUM]","New",2026,"Mazda","CX-5","Preferred","[PREMIUM]","[PREMIUM]",0,"SUV","Navy Blue Mica","Black","All-wheel Drive",,,"Gasoline",,,"dealership","[PREMIUM]","Kansas City","MO","[PREMIUM]",6,"[]",,,"[PREMIUM]"
"f523612b-e78b-4aea-9c50-234cf9d54145","2026-07-08 23:24:27.855","2026-07-19 18:06:55.317","f523612b-e78b-4aea-9c50-234cf9d54145","[PREMIUM]","New",2026,"Ford","Maverick","XLT","[PREMIUM]","[PREMIUM]",0,"Truck","Carbonized Gray Metallic","Cloth Ebony","All-wheel Drive",,,"Gasoline",,,"dealership","[PREMIUM]","Devils Lake","ND","[PREMIUM]",1,"[]",,,"[PREMIUM]"
"b38534b4-1288-4aa7-9df7-e014a6ace7fc","2026-07-08 23:24:27.852","2026-07-19 18:06:55.792","b38534b4-1288-4aa7-9df7-e014a6ace7fc","[PREMIUM]","New",2026,"Chevrolet","Equinox","AWD RS","[PREMIUM]","[PREMIUM]",181,"SUV","Polar White Tricoat","Black w/Red Accents","All-wheel Drive",,,"Gasoline",,,"dealership","[PREMIUM]","Saukville","WI","[PREMIUM]",30,"[]",,,"[PREMIUM]"
"09406cb8-1b2c-420c-87f6-5d12345eaebc","2026-07-08 23:24:27.849","2026-07-11 23:29:54.238","09406cb8-1b2c-420c-87f6-5d12345eaebc","[PREMIUM]","New",2026,"Chevrolet","Colorado","WT","[PREMIUM]","[PREMIUM]",0,"Truck","Radiant Red Tintcoat","Jet Black, Cloth seat trim","Rear-wheel Drive",,,"Gasoline",,,"dealership","[PREMIUM]","Santa Paula","CA","[PREMIUM]",32,"[]",,,"[PREMIUM]"
"34f61d56-d170-42da-864c-eda15ff27600","2026-07-08 23:24:27.845","2026-07-16 18:02:43.991","34f61d56-d170-42da-864c-eda15ff27600","[PREMIUM]","New",2026,"Honda","CR-V Hybrid","Sport FWD","[PREMIUM]","[PREMIUM]",3,"SUV","Canyon River Blue","Black","Front-wheel Drive",,,"Hybrid",,,"dealership","[PREMIUM]","Buena Park","CA","[PREMIUM]",32,"[]",,,"[PREMIUM]"
"8e0b6a33-09f7-4fc1-9ba5-cd074588f854","2026-07-08 23:24:27.838","2026-07-19 18:06:43.851","8e0b6a33-09f7-4fc1-9ba5-cd074588f854","[PREMIUM]","Used",2026,"Kia","Carnival","LXS","[PREMIUM]","[PREMIUM]",13162,"Passenger Van","Aurora Black Pearl","Taupe/Off-Black","Front-wheel Drive",,,"Gasoline",,,"dealership","[PREMIUM]","Raleigh","NC","[PREMIUM]",35,"[]",,,"[PREMIUM]"
"20d1aa8c-de50-47c9-b835-2c41d38b8d1f","2026-07-08 23:24:27.834","2026-07-11 23:29:53.323","20d1aa8c-de50-47c9-b835-2c41d38b8d1f","[PREMIUM]","New",2026,"Honda","CR-V Hybrid","Sport FWD","[PREMIUM]","[PREMIUM]",0,"SUV","Urban Gray Pearl","Black","Front-wheel Drive",,,"Hybrid",,,"dealership","[PREMIUM]","Buena Park","CA","[PREMIUM]",32,"[]",,,"[PREMIUM]"
"bf845eee-2d4d-4f37-b29f-b18bafe7c250","2026-07-08 23:24:27.826","2026-07-16 18:02:44.656","bf845eee-2d4d-4f37-b29f-b18bafe7c250","[PREMIUM]","New",2026,"Honda","CR-V Hybrid","Sport AWD","[PREMIUM]","[PREMIUM]",5,"SUV","Urban Gray Pearl","Black","All-wheel Drive",,,"Hybrid",,,"dealership","[PREMIUM]","Colma","CA","[PREMIUM]",32,"[]",,,"[PREMIUM]"
"c0b1da15-21ad-4ae0-955f-7796441b31cf","2026-07-08 23:24:27.772","2026-07-19 18:06:43.822","c0b1da15-21ad-4ae0-955f-7796441b31cf","[PREMIUM]","New",2026,"Hyundai","TUCSON Hybrid","SEL Convenience","[PREMIUM]","[PREMIUM]",0,"SUV","Ash Black","Gray","All-wheel Drive",,,"Hybrid",,,"dealership","[PREMIUM]","Saint Paul","MN","[PREMIUM]",17,"[]",,,"[PREMIUM]"
"30477345-dec2-480e-9252-82fc99595f1b","2026-07-08 23:24:27.763","2026-07-19 18:06:43.558","30477345-dec2-480e-9252-82fc99595f1b","[PREMIUM]","New",2026,"Subaru","Outback","Premium","[PREMIUM]","[PREMIUM]",11,"SUV","River Rock Pearl","Black","All-wheel Drive",,,"Gasoline",,,"dealership","[PREMIUM]","Raleigh","NC","[PREMIUM]",26,"[]",,,"[PREMIUM]"
"41e6470a-05cd-455d-a50f-ad8b70813137","2026-07-08 23:24:27.761","2026-07-08 23:24:27.761","41e6470a-05cd-455d-a50f-ad8b70813137","[PREMIUM]","New",2026,"Chevrolet","Equinox","ACTIV","[PREMIUM]","[PREMIUM]",10,"SUV","Radiant Red Tintcoat","Maple Sugar","Front-wheel Drive",,,"Gasoline",,,"dealership","[PREMIUM]","Waterford","MI","[PREMIUM]",24,"[]",,,"[PREMIUM]"
"ab6f9fec-4cdd-4fd2-935c-56d268c449c6","2026-07-08 23:24:27.732","2026-07-19 18:06:43.946","ab6f9fec-4cdd-4fd2-935c-56d268c449c6","[PREMIUM]","New",2026,"Honda","CR-V","EX-L 2WD","[PREMIUM]","[PREMIUM]",13,"SUV","Crystal Black Pearl","Black","Front-wheel Drive",,,"Gasoline",,,"dealership","[PREMIUM]","Buena Park","CA","[PREMIUM]",32,"[]",,,"[PREMIUM]"
"4b8c10bc-e8d0-4357-b9d8-13a8763078b4","2026-07-08 23:24:27.729","2026-07-08 23:24:27.729","4b8c10bc-e8d0-4357-b9d8-13a8763078b4","[PREMIUM]","New",2026,"Honda","CR-V Hybrid","Sport FWD","[PREMIUM]","[PREMIUM]",3,"SUV","Canyon River Blue","Black","Front-wheel Drive",,,"Hybrid",,,"dealership","[PREMIUM]","Buena Park","CA","[PREMIUM]",32,"[]",,,"[PREMIUM]"
"91a1c83f-d229-4789-aee4-8d3c7d3295f3","2026-07-08 23:24:27.728","2026-07-16 18:02:44.464","91a1c83f-d229-4789-aee4-8d3c7d3295f3","[PREMIUM]","New",2026,"Honda","CR-V Hybrid","Sport FWD","[PREMIUM]","[PREMIUM]",0,"SUV","Solar Silver Metallic","Black","Front-wheel Drive",,,"Hybrid",,,"dealership","[PREMIUM]","Buena Park","CA","[PREMIUM]",32,"[]",,,"[PREMIUM]"
"0fe05e74-aad7-41b9-b286-cdf88b80e38c","2026-07-08 23:24:27.725","2026-07-19 18:06:43.892","0fe05e74-aad7-41b9-b286-cdf88b80e38c","[PREMIUM]","New",2026,"Honda","CR-V Hybrid","Sport AWD","[PREMIUM]","[PREMIUM]",3,"SUV","Solar Silver Metallic","Black","All-wheel Drive",,,"Hybrid",,,"dealership","[PREMIUM]","Buena Park","CA","[PREMIUM]",32,"[]",,,"[PREMIUM]"
"c61d927d-057c-4caa-957e-bb2947bc490c","2026-07-08 23:24:27.724","2026-07-19 18:06:43.912","c61d927d-057c-4caa-957e-bb2947bc490c","[PREMIUM]","New",2026,"Subaru","Trailseeker","Premium","[PREMIUM]","[PREMIUM]",5,"SUV","Crystal White","Black","All-wheel Drive",,,"Electric",,,"dealership","[PREMIUM]","Lancaster","CA","[PREMIUM]",1,"[]",,,"[PREMIUM]"
"06ad9163-6308-46cc-b1c0-3d27fe01ec5c","2026-07-08 23:24:27.722","2026-07-19 18:06:44.150","06ad9163-6308-46cc-b1c0-3d27fe01ec5c","[PREMIUM]","New",2026,"Honda","Civic Hybrid","Sport Touring","[PREMIUM]","[PREMIUM]",3,"Hatchback","Platinum White Pearl","Black","Front-wheel Drive",,,"Hybrid",,,"dealership","[PREMIUM]","Concord","CA","[PREMIUM]",32,"[]",,,"[PREMIUM]"
"5fc016c3-6965-4871-98d6-08a58905245d","2026-07-08 23:24:27.722","2026-07-19 18:06:43.766","5fc016c3-6965-4871-98d6-08a58905245d","[PREMIUM]","New",2026,"Mazda","CX-50 Hybrid","Preferred AWD","[PREMIUM]","[PREMIUM]",0,"SUV","Ingot Blue Metallic","Black","All-wheel Drive",,,"Hybrid",,,"dealership","[PREMIUM]","Kansas City","MO","[PREMIUM]",6,"[]",,,"[PREMIUM]"
"2dbd8298-7c62-4ab9-8593-fc0d769e1b91","2026-07-08 23:24:27.720","2026-07-19 18:06:43.517","2dbd8298-7c62-4ab9-8593-fc0d769e1b91","[PREMIUM]","New",2026,"Subaru","Outback","Premium","[PREMIUM]","[PREMIUM]",11,"SUV","Deep Emerald Green Pearl","Titanium Gray","All-wheel Drive",,,"Gasoline",,,"dealership","[PREMIUM]","Raleigh","NC","[PREMIUM]",32,"[]",,,"[PREMIUM]"
"a33c9c2d-c5a1-4d3f-8535-72da71ef1caf","2026-07-08 23:24:27.703","2026-07-19 18:06:43.723","a33c9c2d-c5a1-4d3f-8535-72da71ef1caf","[PREMIUM]","New",2026,"Honda","Accord Hybrid","Sport-L","[PREMIUM]","[PREMIUM]",2,"Sedan","Radiant Red Metallic","Black","Front-wheel Drive",,,"Hybrid",,,"dealership","[PREMIUM]","Concord","CA","[PREMIUM]",31,"[]",,,"[PREMIUM]"
"8e9384e2-b7a6-4bc4-aa25-b2c5be1ba45e","2026-07-08 23:24:27.699","2026-07-11 23:29:53.338","8e9384e2-b7a6-4bc4-aa25-b2c5be1ba45e","[PREMIUM]","New",2026,"Honda","CR-V","EX-L","[PREMIUM]","[PREMIUM]",3,"SUV","Meteorite Gray Metallic","Gray","Front-wheel Drive",,,"Gasoline",,,"dealership","[PREMIUM]","Buena Park","CA","[PREMIUM]",32,"[]",,,"[PREMIUM]"
"6e69d5e2-5dd1-4e9d-916b-48bee9a5a2a3","2026-07-08 23:24:27.687","2026-07-19 18:06:55.415","6e69d5e2-5dd1-4e9d-916b-48bee9a5a2a3","[PREMIUM]","New",2026,"Toyota","Corolla Hybrid","SE","[PREMIUM]","[PREMIUM]",10,"SUV","Red","Black","All-wheel Drive",,,"Hybrid",,,"dealership","[PREMIUM]","Laconia","NH","[PREMIUM]",13,"[]",,,"[PREMIUM]"
"db38b059-d965-4204-819a-50cac6d97624","2026-07-08 23:24:27.687","2026-07-11 23:29:53.331","db38b059-d965-4204-819a-50cac6d97624","[PREMIUM]","New",2026,"Honda","Civic Hybrid","Sport Touring","[PREMIUM]","[PREMIUM]",5,"Hatchback","Platinum White Pearl","Black","Front-wheel Drive",,,"Hybrid",,,"dealership","[PREMIUM]","Colma","CA","[PREMIUM]",29,"[]",,,"[PREMIUM]"
"e1378b83-1c84-4131-915c-6e6533673865","2026-07-08 23:24:27.678","2026-07-08 23:24:27.678","e1378b83-1c84-4131-915c-6e6533673865","[PREMIUM]","New",2026,"Subaru","Crosstrek","Limited","[PREMIUM]","[PREMIUM]",5,"SUV","Alpine Green","Gray","All-wheel Drive",,,"Gasoline",,,"dealership","[PREMIUM]","Lafayette","IN","[PREMIUM]",26,"[]",,,"[PREMIUM]"
"097b06f6-86ed-45a0-baed-56f62952c215","2026-07-08 23:24:27.674","2026-07-19 18:06:44.600","097b06f6-86ed-45a0-baed-56f62952c215","[PREMIUM]","New",2026,"Honda","Accord Hybrid","Sport","[PREMIUM]","[PREMIUM]",3,"Sedan","Platinum White Pearl","Black","Front-wheel Drive",,,"Hybrid",,,"dealership","[PREMIUM]","Buena Park","CA","[PREMIUM]",32,"[]",,,"[PREMIUM]"
"49404c0b-dcd6-479a-872a-373d261bca45","2026-07-08 23:24:27.671","2026-07-19 18:06:55.589","49404c0b-dcd6-479a-872a-373d261bca45","[PREMIUM]","New",2026,"Hyundai","TUCSON Hybrid","SEL Convenience","[PREMIUM]","[PREMIUM]",0,"SUV","Ash Black","Black","All-wheel Drive",,,"Hybrid",,,"dealership","[PREMIUM]","Saint Paul","MN","[PREMIUM]",17,"[]",,,"[PREMIUM]"
"8c1455cd-00cd-448c-b6bb-37957c54143a","2026-07-08 23:24:27.667","2026-07-19 18:06:43.978","8c1455cd-00cd-448c-b6bb-37957c54143a","[PREMIUM]","New",2026,"Chevrolet","Colorado","WT","[PREMIUM]","[PREMIUM]",0,"Truck","Summit White","Jet Black","Rear-wheel Drive",,,"Gasoline",,,"dealership","[PREMIUM]","Santa Paula","CA","[PREMIUM]",32,"[]",,,"[PREMIUM]"
"00c50e88-f212-4938-a4ea-9d714d05717a","2026-07-08 23:24:27.663","2026-07-19 18:06:43.460","00c50e88-f212-4938-a4ea-9d714d05717a","[PREMIUM]","Used",2026,"Kia","Carnival","LXS","[PREMIUM]","[PREMIUM]",16924,"Passenger Van","Deep Chroma Blue","Taupe/Off-Black","Front-wheel Drive",,,"Gasoline",,,"dealership","[PREMIUM]","Raleigh","NC","[PREMIUM]",37,"[]",,,"[PREMIUM]"
"94504499-589d-4b7e-890a-b6d027447d0c","2026-07-08 23:24:27.660","2026-07-08 23:24:27.660","94504499-589d-4b7e-890a-b6d027447d0c","[PREMIUM]","Used",2025,"Ford","Mustang Mach-E","Premium","[PREMIUM]","[PREMIUM]",19607,"SUV","Tan","BLACK","4WD",,,"Electric",,,"dealership","[PREMIUM]","Roswell","GA","[PREMIUM]",26,"[]",,,"[PREMIUM]"
"f3bb8ba4-c2bd-4deb-a2cf-d359ae100021","2026-07-08 23:24:27.658","2026-07-19 18:06:43.830","f3bb8ba4-c2bd-4deb-a2cf-d359ae100021","[PREMIUM]","Used",2025,"Honda","Odyssey","Sport-L","[PREMIUM]","[PREMIUM]",27040,"Passenger Van","Black","BLACK","Rear-wheel Drive",,,"Gasoline",,,"dealership","[PREMIUM]","Winston-Salem","NC","[PREMIUM]",27,"[]",,,"[PREMIUM]"
"eec38848-d5de-4ad7-82f2-7abc8b10d991","2026-07-08 23:24:16.030","2026-07-11 23:29:53.192","eec38848-d5de-4ad7-82f2-7abc8b10d991","[PREMIUM]","Used",2026,"Nissan","Frontier","PRO-4X","[PREMIUM]","[PREMIUM]",6424,"Truck","Gray","Black","Four-wheel Drive",,,"Gasoline",,,"dealership","[PREMIUM]","Aurora","IL","[PREMIUM]",35,"[]",,,"[PREMIUM]"
"8cbe337c-24ba-4c0e-b2cd-00d0b687ce32","2026-07-08 23:24:15.891","2026-07-19 18:06:43.623","8cbe337c-24ba-4c0e-b2cd-00d0b687ce32","[PREMIUM]","New",2026,"Kia","Sorento","S","[PREMIUM]","[PREMIUM]",1,"SUV","Panthera Metal","Black","All-wheel Drive",,,"Gasoline",,,"dealership","[PREMIUM]","Albany","NY","[PREMIUM]",27,"[]",,,"[PREMIUM]"
"85307169-7b30-4ea4-8ce8-d525bb9ad886","2026-07-08 23:24:15.871","2026-07-19 18:06:43.939","85307169-7b30-4ea4-8ce8-d525bb9ad886","[PREMIUM]","New",2026,"Chevrolet","Blazer","LT","[PREMIUM]","[PREMIUM]",1,"SUV","Summit White","Jet Black/Medium Gray","Front-wheel Drive",,,"Gasoline",,,"dealership","[PREMIUM]","Ballwin","MO","[PREMIUM]",24,"[]",,,"[PREMIUM]"
"acb16bdd-bec7-4be1-bb55-548676355a5b","2026-07-08 23:24:15.846","2026-07-16 18:02:44.033","acb16bdd-bec7-4be1-bb55-548676355a5b","[PREMIUM]","New",2026,"Kia","Sorento","S","[PREMIUM]","[PREMIUM]",10,"SUV","Wolf Gray","Black","All-wheel Drive",,,"Gasoline",,,"dealership","[PREMIUM]","Barboursville","WV","[PREMIUM]",27,"[]",,,"[PREMIUM]"
"0b759bac-b08d-4dec-a37c-960fe4806148","2026-07-08 23:24:15.841","2026-07-19 18:06:43.595","0b759bac-b08d-4dec-a37c-960fe4806148","[PREMIUM]","Used",2026,"Subaru","BRZ","Series.Yellow","[PREMIUM]","[PREMIUM]",3360,"Coupe","Sunrise Yellow","Black/Yellow","Rear-wheel Drive",,,"Gasoline",,,"dealership","[PREMIUM]","Greensboro","NC","[PREMIUM]",25,"[]",,,"[PREMIUM]"
"1a291451-c5cb-43b1-a9b7-f7686eb9f97c","2026-07-08 23:24:15.739","2026-07-08 23:24:15.739","1a291451-c5cb-43b1-a9b7-f7686eb9f97c","[PREMIUM]","New",2026,"Chevrolet","Equinox","1LT","[PREMIUM]","[PREMIUM]",5,"SUV","Radiant Red Tintcoat","Black","All-wheel Drive",,,"Gasoline",,,"dealership","[PREMIUM]","Fort Wayne","IN","[PREMIUM]",32,"[]",,,"[PREMIUM]"
"5e13d043-3d90-4da4-a048-f7561c9f067c","2026-07-08 23:24:15.684","2026-07-19 18:06:55.510","5e13d043-3d90-4da4-a048-f7561c9f067c","[PREMIUM]","New",2026,"Kia","Sorento","S","[PREMIUM]","[PREMIUM]",10,"SUV","Wolf Gray","Black","Front-wheel Drive",,,"Gasoline",,,"dealership","[PREMIUM]","Barboursville","WV","[PREMIUM]",12,"[]",,,"[PREMIUM]"
"55d13d8e-008f-4735-a31d-81cf66cafeaa","2026-07-08 23:24:15.658","2026-07-19 18:06:43.531","55d13d8e-008f-4735-a31d-81cf66cafeaa","[PREMIUM]","New",2026,"Kia","Sorento","S","[PREMIUM]","[PREMIUM]",15,"SUV","Panthera Metal","Gray","Front-wheel Drive",,,"Gasoline",,,"dealership","[PREMIUM]","Miami","FL","[PREMIUM]",27,"[]",,,"[PREMIUM]"
"bf1fa1ac-792a-4c41-a8fb-57589d2a295b","2026-07-08 23:24:15.638","2026-07-19 18:06:55.407","bf1fa1ac-792a-4c41-a8fb-57589d2a295b","[PREMIUM]","New",2026,"Ford","Bronco Sport","Outer Banks","[PREMIUM]","[PREMIUM]",0,"SUV","Space White Metallic","Ebony/Roast","Four-wheel Drive",,,"Gasoline",,,"dealership","[PREMIUM]","Anchorage","AK","[PREMIUM]",23,"[]",,,"[PREMIUM]"
"85041efe-7748-481b-9918-8d7fd2bec24e","2026-07-08 23:24:15.636","2026-07-08 23:24:15.636","85041efe-7748-481b-9918-8d7fd2bec24e","[PREMIUM]","New",2026,"Mazda","CX-50 Hybrid","Premium","[PREMIUM]","[PREMIUM]",2,"SUV","Jet Black Mica","Red","All-wheel Drive",,,"Hybrid",,,"dealership","[PREMIUM]","Franklin","TN","[PREMIUM]",1,"[]",,,"[PREMIUM]"
"ef2d2664-c518-44c6-8632-65c3f5bf3a25","2026-07-08 23:24:15.626","2026-07-08 23:24:15.626","ef2d2664-c518-44c6-8632-65c3f5bf3a25","[PREMIUM]","New",2026,"Nissan","Rogue","Platinum","[PREMIUM]","[PREMIUM]",0,"SUV","Deep Ocean Blue Pearl","Chestnut","All-wheel Drive",,,"Gasoline",,,"dealership","[PREMIUM]","Palmetto Bay","FL","[PREMIUM]",25,"[]",,,"[PREMIUM]"
"a9730487-ebf2-438e-b5d3-73b9f871b44b","2026-07-08 23:24:15.622","2026-07-19 18:06:55.783","a9730487-ebf2-438e-b5d3-73b9f871b44b","[PREMIUM]","New",2026,"Honda","CR-V","EX-L 2WD","[PREMIUM]","[PREMIUM]",2,"SUV","Platinum White Pearl","Black","Front-wheel Drive",,,"Gasoline",,,"dealership","[PREMIUM]","Concord","CA","[PREMIUM]",32,"[]",,,"[PREMIUM]"
"2e77dd2c-a3a1-452b-ac19-8b422f72552c","2026-07-08 23:24:15.619","2026-07-19 18:06:55.422","2e77dd2c-a3a1-452b-ac19-8b422f72552c","[PREMIUM]","New",2026,"Kia","Sportage","X-Line","[PREMIUM]","[PREMIUM]",1,"SUV","Wolf Gray","Terracotta","All-wheel Drive",,,"Gasoline",,,"dealership","[PREMIUM]","Albany","NY","[PREMIUM]",27,"[]",,,"[PREMIUM]"
"357c3548-1617-4de2-ad72-4bf26be79467","2026-07-08 23:24:15.619","2026-07-19 18:06:43.915","357c3548-1617-4de2-ad72-4bf26be79467","[PREMIUM]","New",2026,"Kia","Sorento","S","[PREMIUM]","[PREMIUM]",10,"SUV","Glacial White Pearl","Black","Front-wheel Drive",,,"Gasoline",,,"dealership","[PREMIUM]","Barboursville","WV","[PREMIUM]",12,"[]",,,"[PREMIUM]"
"b87fb81c-3c33-4cac-a3eb-d8e5e518f117","2026-07-08 23:24:15.618","2026-07-11 23:29:53.508","b87fb81c-3c33-4cac-a3eb-d8e5e518f117","[PREMIUM]","New",2026,"Toyota","RAV4","XLE Premium","[PREMIUM]","[PREMIUM]",3,"SUV","Ice Cap","Gray","Front-wheel Drive",,,"Gasoline",,,"dealership","[PREMIUM]","Gastonia","NC","[PREMIUM]",32,"[]",,,"[PREMIUM]"
"f55c97f3-4def-44a8-bc8b-4f3c7e3cc34d","2026-07-08 23:24:15.618","2026-07-19 18:06:43.500","f55c97f3-4def-44a8-bc8b-4f3c7e3cc34d","[PREMIUM]","New",2026,"Kia","Sportage","X-Line","[PREMIUM]","[PREMIUM]",1,"SUV","Wolf Gray","Terracotta","All-wheel Drive",,,"Gasoline",,,"dealership","[PREMIUM]","Albany","NY","[PREMIUM]",27,"[]",,,"[PREMIUM]"
"d161468f-76e2-49e4-99cc-1b12de149d29","2026-07-08 23:24:15.613","2026-07-08 23:24:15.613","d161468f-76e2-49e4-99cc-1b12de149d29","[PREMIUM]","New",2026,"Toyota","Tacoma","SR","[PREMIUM]","[PREMIUM]",5,"Truck","Ice Cap","Black","Rear-wheel Drive",,,"Gasoline",,,"dealership","[PREMIUM]","North Wilkesboro","NC","[PREMIUM]",1,"[]",,,"[PREMIUM]"
"21bcf7e2-a73a-46a6-939e-d80bf61b1349","2026-07-08 23:24:15.604","2026-07-08 23:24:15.604","21bcf7e2-a73a-46a6-939e-d80bf61b1349","[PREMIUM]","New",2026,"Toyota","Camry","SE","[PREMIUM]","[PREMIUM]",0,"Sedan","Midnight Black Metallic","Boulder","Front-wheel Drive",,,"Gasoline",,,"dealership","[PREMIUM]","Gastonia","NC","[PREMIUM]",32,"[]",,,"[PREMIUM]"
"3f66fcb0-c3c0-445d-8906-d312f61be547","2026-07-08 23:24:15.598","2026-07-11 23:29:53.688","3f66fcb0-c3c0-445d-8906-d312f61be547","[PREMIUM]","New",2026,"Hyundai","KONA","Limited","[PREMIUM]","[PREMIUM]",58,"SUV","Denim Blue Pearl","Black","All-wheel Drive",,,"Gasoline",,,"dealership","[PREMIUM]","Royersford","PA","[PREMIUM]",31,"[]",,,"[PREMIUM]"
"c3a6300b-3781-4e2b-b553-b60ecf2afc3f","2026-07-08 23:24:06.079","2026-07-11 23:29:41.191","c3a6300b-3781-4e2b-b553-b60ecf2afc3f","[PREMIUM]","New",2026,"Ford","Ranger","XL","[PREMIUM]","[PREMIUM]",0,"Truck","Oxford White","Seats Ebony Interior Trim","Four-wheel Drive",,,"Gasoline",,,"dealership","[PREMIUM]","Kenosha","WI","[PREMIUM]",22,"[]",,,"[PREMIUM]"
"1fca97f5-7ffd-4823-868f-58db897eac36","2026-07-08 23:24:05.765","2026-07-19 18:06:43.291","1fca97f5-7ffd-4823-868f-58db897eac36","[PREMIUM]","New",2026,"Mazda","CX-50 Hybrid","Preferred","[PREMIUM]","[PREMIUM]",5,"SUV","soul red crystal metallic","black","All-wheel Drive",,,"Hybrid",,,"dealership","[PREMIUM]","Bakersfield","CA","[PREMIUM]",1,"[]",,,"[PREMIUM]"
"36c07730-c000-43d6-b1cb-a6c5ffab69a2","2026-07-08 23:24:05.014","2026-07-08 23:24:05.014","36c07730-c000-43d6-b1cb-a6c5ffab69a2","[PREMIUM]","New",2026,"Toyota","Prius Plug-In Hybrid","SE","[PREMIUM]","[PREMIUM]",10,"Hatchback","Midnight Black Metallic","Black/Red","Front-wheel Drive",,,"Hybrid",,,"dealership","[PREMIUM]","Milwaukee","WI","[PREMIUM]",30,"[]",,,"[PREMIUM]"
"ae72885c-6eff-4da3-838f-d44aca16eb08","2026-07-08 23:24:04.941","2026-07-19 18:06:43.495","ae72885c-6eff-4da3-838f-d44aca16eb08","[PREMIUM]","New",2026,"Ford","Bronco Sport","Outer Banks","[PREMIUM]","[PREMIUM]",18,"SUV","Oxford White","Ebony/Roast","Four-wheel Drive",,,"Gasoline",,,"dealership","[PREMIUM]","Weatherford","TX","[PREMIUM]",26,"[]",,,"[PREMIUM]"
"7525ae9b-2d2b-4284-9b54-c17b1d087b9a","2026-07-08 23:24:04.925","2026-07-19 18:06:31.465","7525ae9b-2d2b-4284-9b54-c17b1d087b9a","[PREMIUM]","New",2026,"Acura","ADX","A-Spec Package","[PREMIUM]","[PREMIUM]",5,"SUV","White","Red","Front-wheel Drive",,,"Gasoline",,,"dealership","[PREMIUM]","Elmhurst","IL","[PREMIUM]",32,"[]",,,"[PREMIUM]"
"89ef9f9e-1f6d-4094-bfa8-8d06c525b8bc","2026-07-08 23:24:04.922","2026-07-08 23:24:04.922","89ef9f9e-1f6d-4094-bfa8-8d06c525b8bc","[PREMIUM]","New",2026,"Volkswagen","Tiguan","2.0T SE R-Line Black","[PREMIUM]","[PREMIUM]",5,"SUV","Sandstone with Deep Black Roof","Grigio &amp; Black","All-wheel Drive",,,"Gasoline",,,"dealership","[PREMIUM]","Schaumburg","IL","[PREMIUM]",7,"[]",,,"[PREMIUM]"
"1ab458dd-f671-4085-bd95-b6b0c04d6b00","2026-07-08 23:24:04.859","2026-07-19 18:06:43.145","1ab458dd-f671-4085-bd95-b6b0c04d6b00","[PREMIUM]","New",2026,"Mazda","CX-50","2.5 Turbo","[PREMIUM]","[PREMIUM]",5,"SUV","zircon sand metallic","black","All-wheel Drive",,,"Gasoline",,,"dealership","[PREMIUM]","Bakersfield","CA","[PREMIUM]",1,"[]",,,"[PREMIUM]"
"25901195-354c-4391-b908-48b6e17ffce5","2026-07-08 23:24:04.858","2026-07-11 23:29:53.386","25901195-354c-4391-b908-48b6e17ffce5","[PREMIUM]","New",2026,"Hyundai","TUCSON","SEL","[PREMIUM]","[PREMIUM]",0,"SUV","Serenity White Pearl","Gray","Front-wheel Drive",,,"Gasoline",,,"dealership","[PREMIUM]","Miami","FL","[PREMIUM]",25,"[]",,,"[PREMIUM]"
"cb4ac3ba-f6af-49d3-bef1-0b718de76aa2","2026-07-08 23:24:04.858","2026-07-16 18:02:44.651","cb4ac3ba-f6af-49d3-bef1-0b718de76aa2","[PREMIUM]","New",2026,"Hyundai","TUCSON","SEL Plus","[PREMIUM]","[PREMIUM]",0,"SUV","Ultimate Red","Gray","Front-wheel Drive",,,"Gasoline",,,"dealership","[PREMIUM]","Miami","FL","[PREMIUM]",27,"[]",,,"[PREMIUM]"
"14a3818f-a435-4c46-a1bb-72ca481d3d11","2026-07-08 23:24:04.852","2026-07-19 18:06:31.469","14a3818f-a435-4c46-a1bb-72ca481d3d11","[PREMIUM]","New",2026,"Nissan","Rogue","Platinum","[PREMIUM]","[PREMIUM]",10,"SUV","Obsidian Green","Charcoal","All-wheel Drive",,,"Gasoline",,,"dealership","[PREMIUM]","Maplewood","MN","[PREMIUM]",10,"[]",,,"[PREMIUM]"
"3ec477a9-91e0-41c8-84aa-9dfa6f589a13","2026-07-08 23:24:04.852","2026-07-19 18:06:43.917","3ec477a9-91e0-41c8-84aa-9dfa6f589a13","[PREMIUM]","New",2026,"Ford","Bronco Sport","Big Bend","[PREMIUM]","[PREMIUM]",15,"SUV","Space White Metallic","Medium Light Smoked Truffle","Four-wheel Drive",,,"Gasoline",,,"dealership","[PREMIUM]","Englewood","FL","[PREMIUM]",1,"[]",,,"[PREMIUM]"
"223d8a2b-480a-47c0-8b65-d06ac839ac43","2026-07-08 23:24:04.851","2026-07-16 18:02:44.008","223d8a2b-480a-47c0-8b65-d06ac839ac43","[PREMIUM]","Used",2026,"Hyundai","PALISADE","SEL Premium","[PREMIUM]","[PREMIUM]",2116,"SUV","Abyss Black Pearl","Gray","Front-wheel Drive",,,"Gasoline",,,"dealership","[PREMIUM]","Summerville","SC","[PREMIUM]",10,"[]",,,"[PREMIUM]"
"2bbfe137-3e9d-428d-97b9-69e095a05a85","2026-07-08 23:24:04.849","2026-07-19 18:06:43.535","2bbfe137-3e9d-428d-97b9-69e095a05a85","[PREMIUM]","New",2026,"Kia","Sorento","S","[PREMIUM]","[PREMIUM]",15,"SUV","Glacial White Pearl","Gray","Front-wheel Drive",,,"Gasoline",,,"dealership","[PREMIUM]","Cin","OH","[PREMIUM]",27,"[]",,,"[PREMIUM]"
"6a8663e6-598f-4ce9-8982-996ac0fccf53","2026-07-08 23:24:04.849","2026-07-19 18:06:43.600","6a8663e6-598f-4ce9-8982-996ac0fccf53","[PREMIUM]","New",2026,"Hyundai","TUCSON","SEL Plus","[PREMIUM]","[PREMIUM]",0,"SUV","Atlantis Blue","Black","Front-wheel Drive",,,"Gasoline",,,"dealership","[PREMIUM]","Miami","FL","[PREMIUM]",26,"[]",,,"[PREMIUM]"
"0ca9e652-83fd-4769-b419-36784c8fa74e","2026-07-08 23:24:04.847","2026-07-19 18:06:43.495","0ca9e652-83fd-4769-b419-36784c8fa74e","[PREMIUM]","New",2026,"Ford","Bronco Sport","Big Bend","[PREMIUM]","[PREMIUM]",7,"SUV","Shadow Black","Medium Light Smoked Truffle","Four-wheel Drive",,,"Gasoline",,,"dealership","[PREMIUM]","Menomonee Falls","WI","[PREMIUM]",23,"[]",,,"[PREMIUM]"
"74abb2ef-e83a-4082-b376-a35a132f0f3d","2026-07-08 23:24:04.847","2026-07-19 18:06:43.990","74abb2ef-e83a-4082-b376-a35a132f0f3d","[PREMIUM]","New",2026,"Kia","Sorento","S","[PREMIUM]","[PREMIUM]",15,"SUV","Wolf Gray","Black","Front-wheel Drive",,,"Gasoline",,,"dealership","[PREMIUM]","Cin","OH","[PREMIUM]",27,"[]",,,"[PREMIUM]"
"cd88df39-2dcc-4789-b34a-5480a274e68a","2026-07-08 23:24:04.844","2026-07-11 23:29:40.930","cd88df39-2dcc-4789-b34a-5480a274e68a","[PREMIUM]","New",2026,"Hyundai","TUCSON","SEL Plus","[PREMIUM]","[PREMIUM]",0,"SUV","Serenity White Pearl","Black","Front-wheel Drive",,,"Gasoline",,,"dealership","[PREMIUM]","Miami","FL","[PREMIUM]",26,"[]",,,"[PREMIUM]"
"48226997-61ab-4cb3-b400-32532b66348d","2026-07-08 23:24:04.843","2026-07-08 23:24:04.843","48226997-61ab-4cb3-b400-32532b66348d","[PREMIUM]","New",2026,"Ford","Maverick","XLT","[PREMIUM]","[PREMIUM]",0,"Truck","Red","Navy","All-wheel Drive",,,"Gasoline",,,"dealership","[PREMIUM]","Jefferson City","MO","[PREMIUM]",1,"[]",,,"[PREMIUM]"
"8c855fb8-6b0d-43ef-acb7-a7bcf6d24413","2026-07-08 23:24:04.842","2026-07-19 18:06:55.225","8c855fb8-6b0d-43ef-acb7-a7bcf6d24413","[PREMIUM]","New",2026,"Mazda","CX-50 Hybrid","Premium","[PREMIUM]","[PREMIUM]",5,"SUV","Ingot Blue Metallic","Black","All-wheel Drive",,,"Hybrid",,,"dealership","[PREMIUM]","Bakersfield","CA","[PREMIUM]",1,"[]",,,"[PREMIUM]"
"2d2ff099-79c7-4fb9-aaa6-222813964a66","2026-07-08 23:24:04.840","2026-07-19 18:06:43.695","2d2ff099-79c7-4fb9-aaa6-222813964a66","[PREMIUM]","New",2026,"Ford","Bronco Sport","Outer Banks","[PREMIUM]","[PREMIUM]",15,"SUV","Space White Metallic","Platinum Blue","Four-wheel Drive",,,"Gasoline",,,"dealership","[PREMIUM]","Englewood","FL","[PREMIUM]",1,"[]",,,"[PREMIUM]"
"6632143d-e608-4526-a088-e3ca1705abc4","2026-07-08 23:24:04.838","2026-07-19 18:06:43.609","6632143d-e608-4526-a088-e3ca1705abc4","[PREMIUM]","New",2026,"Ford","Bronco Sport","Outer Banks","[PREMIUM]","[PREMIUM]",15,"SUV","Space White Metallic","Ebony/Roast","Four-wheel Drive",,,"Gasoline",,,"dealership","[PREMIUM]","Englewood","FL","[PREMIUM]",1,"[]",,,"[PREMIUM]"
"69fe519b-bead-4646-a1a3-e463bf871d4b","2026-07-08 23:24:04.837","2026-07-19 18:06:43.888","69fe519b-bead-4646-a1a3-e463bf871d4b","[PREMIUM]","New",2026,"Ford","Bronco Sport","Big Bend","[PREMIUM]","[PREMIUM]",6,"SUV","Carbonized Gray Metallic","Medium Light Smoked Truffle","Four-wheel Drive",,,"Gasoline",,,"dealership","[PREMIUM]","Columbus","OH","[PREMIUM]",28,"[]",,,"[PREMIUM]"
"f414496b-ada6-4df0-821d-051a129b39e9","2026-07-08 23:24:04.837","2026-07-19 18:06:43.904","f414496b-ada6-4df0-821d-051a129b39e9","[PREMIUM]","New",2026,"Ford","Bronco Sport","Outer Banks","[PREMIUM]","[PREMIUM]",19,"SUV","Oxford White","Ebony/Roast","Four-wheel Drive",,,"Gasoline",,,"dealership","[PREMIUM]","Weatherford","TX","[PREMIUM]",26,"[]",,,"[PREMIUM]"
"9768dcef-1a44-4830-895e-2f29977c6361","2026-07-08 23:24:04.835","2026-07-19 18:06:55.418","9768dcef-1a44-4830-895e-2f29977c6361","[PREMIUM]","New",2026,"Ford","Explorer","Active","[PREMIUM]","[PREMIUM]",10,"SUV","Star White Metallic Tri-Coat","Gray","Four-wheel Drive",,,"Gasoline",,,"dealership","[PREMIUM]","Columbia","MD","[PREMIUM]",23,"[]",,,"[PREMIUM]"
"0e3f95be-945f-4d6e-8573-84eb48788039","2026-07-08 23:24:04.834","2026-07-19 18:06:43.483","0e3f95be-945f-4d6e-8573-84eb48788039","[PREMIUM]","New",2026,"Hyundai","SANTA FE","SE","[PREMIUM]","[PREMIUM]",3,"SUV","Hampton Gray","Black","All-wheel Drive",,,"Gasoline",,,"dealership","[PREMIUM]","Canandaigua","NY","[PREMIUM]",4,"[]",,,"[PREMIUM]"
"6b65216a-4cc7-45c7-a2d0-3718f46324a1","2026-07-08 23:24:04.833","2026-07-19 18:06:31.638","6b65216a-4cc7-45c7-a2d0-3718f46324a1","[PREMIUM]","New",2026,"Acura","ADX","Base","[PREMIUM]","[PREMIUM]",5,"SUV","Gray","Ebony","All-wheel Drive",,,"Gasoline",,,"dealership","[PREMIUM]","Elmhurst","IL","[PREMIUM]",30,"[]",,,"[PREMIUM]"
"9653112b-183e-49f9-8fc1-30fadfe83545","2026-07-08 23:24:04.830","2026-07-11 23:29:40.778","9653112b-183e-49f9-8fc1-30fadfe83545","[PREMIUM]","New",2026,"Toyota","Corolla Cross","XLE","[PREMIUM]","[PREMIUM]",4,"SUV","Sonic Silver","Black SofTex [softex]","All-wheel Drive",,,"Gasoline",,,"dealership","[PREMIUM]","Goleta","CA","[PREMIUM]",14,"[]",,,"[PREMIUM]"
"4539ae29-2c56-4660-9a06-b5020ba0cc82","2026-07-08 23:24:04.826","2026-07-19 18:06:55.558","4539ae29-2c56-4660-9a06-b5020ba0cc82","[PREMIUM]","Used",2026,"Jeep","Gladiator","Sport","[PREMIUM]","[PREMIUM]",777,"Truck","41","Black w/Cloth Low-Back Bucket Seats or Premium McKinley Trimmed","Four-wheel Drive",,,"Gasoline",,,"dealership","[PREMIUM]","Putnam","CT","[PREMIUM]",23,"[]",,,"[PREMIUM]"
"af207935-196f-4532-81e2-0d5206cb4151","2026-07-08 23:24:04.825","2026-07-08 23:24:04.825","af207935-196f-4532-81e2-0d5206cb4151","[PREMIUM]","New",2026,"Toyota","Corolla Cross","XLE","[PREMIUM]","[PREMIUM]",10,"SUV","Jet Black","Portobello","All-wheel Drive",,,"Gasoline",,,"dealership","[PREMIUM]","Milwaukee","WI","[PREMIUM]",30,"[]",,,"[PREMIUM]"
"e95884c3-7ca8-44b5-9a67-0a698430803b","2026-07-08 23:24:04.823","2026-07-19 18:06:32.043","e95884c3-7ca8-44b5-9a67-0a698430803b","[PREMIUM]","New",2026,"Hyundai","TUCSON","XRT","[PREMIUM]","[PREMIUM]",0,"SUV","Serenity White Pearl","Black","Front-wheel Drive",,,"Gasoline",,,"dealership","[PREMIUM]","Miami","FL","[PREMIUM]",25,"[]",,,"[PREMIUM]"
"17160ffd-de0c-4cbf-9b76-6e0e1b994345","2026-07-08 23:24:04.726","2026-07-19 18:06:31.655","17160ffd-de0c-4cbf-9b76-6e0e1b994345","[PREMIUM]","New",2026,"Kia","Sorento","S","[PREMIUM]","[PREMIUM]",15,"SUV","Wolf Gray","Black","Front-wheel Drive",,,"Gasoline",,,"dealership","[PREMIUM]","Cin","OH","[PREMIUM]",27,"[]",,,"[PREMIUM]"
"2385a156-758d-4710-a579-4cc4b9ae86c0","2026-07-08 23:24:04.713","2026-07-11 23:29:40.742","2385a156-758d-4710-a579-4cc4b9ae86c0","[PREMIUM]","New",2026,"Toyota","Camry","SE","[PREMIUM]","[PREMIUM]",1,"Sedan","Ice Cap","Boulder","Front-wheel Drive",,,"Gasoline",,,"dealership","[PREMIUM]","Birmingham","AL","[PREMIUM]",27,"[]",,,"[PREMIUM]"
"c1668e3e-3eb6-4090-b2b3-d55393f80edd","2026-07-08 23:24:04.684","2026-07-19 18:06:31.765","c1668e3e-3eb6-4090-b2b3-d55393f80edd","[PREMIUM]","New",2026,"Ford","Maverick","XLT","[PREMIUM]","[PREMIUM]",3,"Truck","Azure Gray Metallic Tri-Coat","Navy Pier/Aspen Gray","All-wheel Drive",,,"Gasoline",,,"dealership","[PREMIUM]","Valparaiso","IN","[PREMIUM]",24,"[]",,,"[PREMIUM]"
"0b1daac4-9a9f-4b82-9844-03f60744751e","2026-07-08 23:24:04.676","2026-07-11 23:29:41.190","0b1daac4-9a9f-4b82-9844-03f60744751e","[PREMIUM]","Used",2026,"Acura","Integra","A-Spec Tech Package","[PREMIUM]","[PREMIUM]",1200,"Hatchback","Double Apex Blue P","Ebony","Front-wheel Drive",,,"Gasoline",,,"dealership","[PREMIUM]","Portland","OR","[PREMIUM]",14,"[]",,,"[PREMIUM]"
"d41a5ddc-86d6-45b6-8f69-0d2b8ac60dae","2026-07-08 23:24:04.671","2026-07-19 18:06:31.444","d41a5ddc-86d6-45b6-8f69-0d2b8ac60dae","[PREMIUM]","New",2026,"Kia","Sorento","S","[PREMIUM]","[PREMIUM]",15,"SUV","Panthera Metal","Gray","Front-wheel Drive",,,"Gasoline",,,"dealership","[PREMIUM]","Cin","OH","[PREMIUM]",27,"[]",,,"[PREMIUM]"
"2b1abb03-76d8-4ec7-b8ad-58b7c5da9fb8","2026-07-08 23:24:04.665","2026-07-19 18:06:31.440","2b1abb03-76d8-4ec7-b8ad-58b7c5da9fb8","[PREMIUM]","New",2026,"Acura","ADX","Base","[PREMIUM]","[PREMIUM]",5,"SUV","White","Ebony","All-wheel Drive",,,"Gasoline",,,"dealership","[PREMIUM]","Elmhurst","IL","[PREMIUM]",30,"[]",,,"[PREMIUM]"
"6ff461ac-1ece-426a-a5ee-7fc404814a32","2026-07-08 23:24:04.665","2026-07-19 18:06:31.522","6ff461ac-1ece-426a-a5ee-7fc404814a32","[PREMIUM]","New",2026,"Ford","Ranger","XL","[PREMIUM]","[PREMIUM]",5,"Truck","Marsh Gray","Ebony","Rear-wheel Drive",,,"Gasoline",,,"dealership","[PREMIUM]","Parsons","TN","[PREMIUM]",1,"[]",,,"[PREMIUM]"
"655306f5-8e3f-448c-bec6-d1900cdd70eb","2026-07-08 23:24:04.661","2026-07-19 18:06:43.904","655306f5-8e3f-448c-bec6-d1900cdd70eb","[PREMIUM]","New",2026,"Kia","Sorento","S","[PREMIUM]","[PREMIUM]",15,"SUV","Panthera Metal","Black","Front-wheel Drive",,,"Gasoline",,,"dealership","[PREMIUM]","Cin","OH","[PREMIUM]",27,"[]",,,"[PREMIUM]"
"0dc001e4-8972-4d1e-af84-7fd70f3f59bb","2026-07-08 23:24:04.655","2026-07-11 23:29:40.615","0dc001e4-8972-4d1e-af84-7fd70f3f59bb","[PREMIUM]","New",2026,"Hyundai","SANTA FE","SEL 2.4","[PREMIUM]","[PREMIUM]",96,"SUV","Atlantis Blue","Gray","All-wheel Drive",,,"Hybrid",,,"dealership","[PREMIUM]","Glen Burnie","MD","[PREMIUM]",19,"[]",,,"[PREMIUM]"
"4c74cf22-9a3c-46ad-9f82-a4553a8ba7e6","2026-07-08 23:24:04.641","2026-07-19 18:06:31.470","4c74cf22-9a3c-46ad-9f82-a4553a8ba7e6","[PREMIUM]","Used",2026,"Kia","Sorento","EX","[PREMIUM]","[PREMIUM]",14301,"SUV","Wolf Gray","Black","All-wheel Drive",,,"Gasoline",,,"dealership","[PREMIUM]","Bristol","TN","[PREMIUM]",36,"[]",,,"[PREMIUM]"
"59b2d021-6ad0-43d7-ac5e-b361d4a3d17a","2026-07-08 23:24:04.452","2026-07-19 18:06:43.564","59b2d021-6ad0-43d7-ac5e-b361d4a3d17a","[PREMIUM]","New",2026,"Ford","Bronco Sport","Big Bend","[PREMIUM]","[PREMIUM]",10,"SUV","Shadow Black","Medium Light Smoked Truffle","Four-wheel Drive",,,"Gasoline",,,"dealership","[PREMIUM]","Tampa","FL","[PREMIUM]",32,"[]",,,"[PREMIUM]"
"2cc4f13f-970b-451d-b2eb-fa05dad1d821","2026-07-08 23:24:04.423","2026-07-19 18:06:31.535","2cc4f13f-970b-451d-b2eb-fa05dad1d821","[PREMIUM]","New",2026,"Mazda","CX-50 Hybrid","Premium","[PREMIUM]","[PREMIUM]",5,"SUV","Jet Black Mica","Black","All-wheel Drive",,,"Hybrid",,,"dealership","[PREMIUM]","Bakersfield","CA","[PREMIUM]",1,"[]",,,"[PREMIUM]"
"9dd41951-3638-480a-95a7-43457b7c1ffa","2026-07-08 23:24:04.419","2026-07-16 18:02:29.466","9dd41951-3638-480a-95a7-43457b7c1ffa","[PREMIUM]","New",2026,"Nissan","Rogue","Platinum","[PREMIUM]","[PREMIUM]",10,"SUV","Obsidian Green","Chestnut","All-wheel Drive",,,"Gasoline",,,"dealership","[PREMIUM]","Broken Arrow","OK","[PREMIUM]",32,"[]",,,"[PREMIUM]"
"2f38bf76-2daf-4bac-a19a-f918230d6f21","2026-07-08 23:24:04.408","2026-07-19 18:06:45.518","2f38bf76-2daf-4bac-a19a-f918230d6f21","[PREMIUM]","New",2026,"Nissan","Pathfinder","SL","[PREMIUM]","[PREMIUM]",9,"SUV","Gun Metallic","Charcoal","Front-wheel Drive",,,"Gasoline",,,"dealership","[PREMIUM]","Corinth","TX","[PREMIUM]",32,"[]",,,"[PREMIUM]"
"6063e98a-af44-436e-8f1f-a80b35ff6928","2026-07-08 23:24:04.358","2026-07-19 18:06:32.049","6063e98a-af44-436e-8f1f-a80b35ff6928","[PREMIUM]","New",2026,"Ford","Maverick","XLT","[PREMIUM]","[PREMIUM]",3,"Truck","Shadow Black","Navy Pier","Front-wheel Drive",,,"Hybrid",,,"dealership","[PREMIUM]","Hicksville","OH","[PREMIUM]",3,"[]",,,"[PREMIUM]"
"ae6143b8-3792-49ff-9558-2439e8c68589","2026-07-08 23:24:03.524","2026-07-19 18:06:43.494","ae6143b8-3792-49ff-9558-2439e8c68589","[PREMIUM]","Used",2026,"Toyota","Camry","XLE","[PREMIUM]","[PREMIUM]",2239,"Sedan","Ocean Gem","Boulder","Front-wheel Drive",,,"Gasoline",,,"dealership","[PREMIUM]","Madison","NC","[PREMIUM]",38,"[]",,,"[PREMIUM]"
"e9a3d759-093b-4ab0-838a-901eaf6dab53","2026-07-08 23:24:03.454","2026-07-19 18:06:31.711","e9a3d759-093b-4ab0-838a-901eaf6dab53","[PREMIUM]","New",2026,"Ford","Mustang Mach-E","Select","[PREMIUM]","[PREMIUM]",6,"SUV","Velocity Blue Metallic","Black Onyx","Rear-wheel Drive",,,"Electric",,,"dealership","[PREMIUM]","Kissimmee","FL","[PREMIUM]",32,"[]",,,"[PREMIUM]"
"b0ab3069-505d-471f-beb6-a62fafe48c57","2026-07-08 23:24:03.428","2026-07-19 18:06:43.218","b0ab3069-505d-471f-beb6-a62fafe48c57","[PREMIUM]","New",2026,"Nissan","Rogue","Platinum","[PREMIUM]","[PREMIUM]",49,"SUV","Everest White Pearl Tricoat","Cashmere","All-wheel Drive",,,"Gasoline",,,"dealership","[PREMIUM]","Corinth","TX","[PREMIUM]",1,"[]",,,"[PREMIUM]"
"091d1076-e477-4a71-9b9d-4c5b11907c99","2026-07-08 23:24:03.406","2026-07-19 18:06:31.662","091d1076-e477-4a71-9b9d-4c5b11907c99","[PREMIUM]","New",2026,"Nissan","Rogue","Platinum","[PREMIUM]","[PREMIUM]",7,"SUV","Obsidian Green","Black","All-wheel Drive",,,"Gasoline",,,"dealership","[PREMIUM]","Corinth","TX","[PREMIUM]",32,"[]",,,"[PREMIUM]"
"011791f1-81ad-4c3d-a848-58b24f1cf7a1","2026-07-08 23:24:03.403","2026-07-19 18:06:43.516","011791f1-81ad-4c3d-a848-58b24f1cf7a1","[PREMIUM]","New",2026,"Ford","Bronco Sport","Big Bend","[PREMIUM]","[PREMIUM]",5,"SUV","Azure Gray Metallic Tri-Coat","Ebony","Four-wheel Drive",,,"Gasoline",,,"dealership","[PREMIUM]","Port Orchard","WA","[PREMIUM]",25,"[]",,,"[PREMIUM]"
"0d470ee8-3efa-49a4-9477-8e8c2ed64b5a","2026-07-08 23:24:03.369","2026-07-19 18:06:32.014","0d470ee8-3efa-49a4-9477-8e8c2ed64b5a","[PREMIUM]","New",2026,"Nissan","Pathfinder","SV","[PREMIUM]","[PREMIUM]",7,"SUV","Gun Metallic","Charcoal","Front-wheel Drive",,,"Gasoline",,,"dealership","[PREMIUM]","Corinth","TX","[PREMIUM]",31,"[]",,,"[PREMIUM]"
"1386e304-2439-4c60-a229-530ea0a68eab","2026-07-08 23:24:03.323","2026-07-19 18:06:43.485","1386e304-2439-4c60-a229-530ea0a68eab","[PREMIUM]","New",2026,"Ford","Maverick","XLT","[PREMIUM]","[PREMIUM]",10,"Truck","Carbonized Gray Metallic","Navy Pier/Aspen Gray","Front-wheel Drive",,,"Gasoline",,,"dealership","[PREMIUM]","Tampa","FL","[PREMIUM]",31,"[]",,,"[PREMIUM]"
"630f17d5-2c75-4909-aa60-c0e477859282","2026-07-08 23:24:03.302","2026-07-11 23:29:27.567","630f17d5-2c75-4909-aa60-c0e477859282","[PREMIUM]","New",2026,"Toyota","RAV4","XLE Premium","[PREMIUM]","[PREMIUM]",7,"SUV","Wind Chill Pearl","Black","All-wheel Drive",,,"Gasoline",,,"dealership","[PREMIUM]","Woburn","MA","[PREMIUM]",1,"[]",,,"[PREMIUM]"
"49042504-74e4-4efc-9b4e-3187389ab0dd","2026-07-08 23:24:03.298","2026-07-19 18:06:31.661","49042504-74e4-4efc-9b4e-3187389ab0dd","[PREMIUM]","New",2026,"Toyota","Camry","SE","[PREMIUM]","[PREMIUM]",10,"Sedan","Supersonic Red","Black","Front-wheel Drive",,,"Gasoline",,,"dealership","[PREMIUM]","Mt. Pleasant","WI","[PREMIUM]",8,"[]",,,"[PREMIUM]"
"7d56a8db-c757-4281-8b57-f630e9b80280","2026-07-08 23:24:03.297","2026-07-11 23:29:27.752","7d56a8db-c757-4281-8b57-f630e9b80280","[PREMIUM]","New",2026,"Chevrolet","Equinox","1LT","[PREMIUM]","[PREMIUM]",30,"SUV","Mosaic Black Metallic","Black","All-wheel Drive",,,"Gasoline",,,"dealership","[PREMIUM]","Livingston","NJ","[PREMIUM]",24,"[]",,,"[PREMIUM]"
"09aa222d-e18a-4eaf-abf4-a8126027fbb9","2026-07-08 23:24:03.287","2026-07-11 23:29:40.073","09aa222d-e18a-4eaf-abf4-a8126027fbb9","[PREMIUM]","New",2026,"Toyota","Camry","XLE","[PREMIUM]","[PREMIUM]",6,"Sedan","Dark Cosmos [extra_cost_color]","Light Gray leather &amp; Dinamica trim","Front-wheel Drive",,,"Gasoline",,,"dealership","[PREMIUM]","San Marcos","TX","[PREMIUM]",32,"[]",,,"[PREMIUM]"
"362f7c1f-9a79-4fff-93c3-0f4e7efc1f06","2026-07-08 23:24:03.285","2026-07-19 18:06:43.176","362f7c1f-9a79-4fff-93c3-0f4e7efc1f06","[PREMIUM]","New",2026,"Jeep","Compass","Limited","[PREMIUM]","[PREMIUM]",15,"SUV","Fathom Blue Pearl Coat","Black","Four-wheel Drive",,,"Gasoline",,,"dealership","[PREMIUM]","Wallingford","CT","[PREMIUM]",1,"[]",,,"[PREMIUM]"
"08b43361-36d0-49f0-aae6-6cbe1e552f6f","2026-07-08 23:24:03.282","2026-07-16 18:02:27.658","08b43361-36d0-49f0-aae6-6cbe1e552f6f","[PREMIUM]","New",2026,"Ford","Explorer","Active","[PREMIUM]","[PREMIUM]",2126,"SUV","Agate Black Metallic","Space Gray","Rear-wheel Drive",,,"Gasoline",,,"dealership","[PREMIUM]","Margate","FL","[PREMIUM]",20,"[]",,,"[PREMIUM]"
"4369499b-8d83-4c93-9dd2-a703da387476","2026-07-08 23:24:03.268","2026-07-19 18:06:44.168","4369499b-8d83-4c93-9dd2-a703da387476","[PREMIUM]","New",2026,"Nissan","Frontier","S","[PREMIUM]","[PREMIUM]",7,"Truck","Glacier White","Charcoal","Four-wheel Drive",,,"Gasoline",,,"dealership","[PREMIUM]","Raynham","MA","[PREMIUM]",13,"[]",,,"[PREMIUM]"
"327398a5-dc5a-4dd2-8648-4dcaf12ab915","2026-07-08 23:24:03.260","2026-07-19 18:06:43.847","327398a5-dc5a-4dd2-8648-4dcaf12ab915","[PREMIUM]","New",2026,"Subaru","Forester","Sport","[PREMIUM]","[PREMIUM]",5,"SUV","Crystal White Pearl","Black","All-wheel Drive",,,"Gasoline",,,"dealership","[PREMIUM]","Indianapolis","IN","[PREMIUM]",1,"[]",,,"[PREMIUM]"
"0f08927c-76b9-497a-9126-de7e1afb49b6","2026-07-08 23:24:03.254","2026-07-19 18:06:31.580","0f08927c-76b9-497a-9126-de7e1afb49b6","[PREMIUM]","New",2026,"Subaru","Forester","Sport","[PREMIUM]","[PREMIUM]",5,"SUV","Mgm","Black","All-wheel Drive",,,"Gasoline",,,"dealership","[PREMIUM]","Indianapolis","IN","[PREMIUM]",1,"[]",,,"[PREMIUM]"
"e87e830b-a9fe-432f-b401-422db93060fa","2026-07-08 23:24:03.247","2026-07-11 23:29:27.975","e87e830b-a9fe-432f-b401-422db93060fa","[PREMIUM]","New",2026,"Chevrolet","Equinox","1LT","[PREMIUM]","[PREMIUM]",203,"SUV","Blue","Black, Evotex seat trim","All-wheel Drive",,,"Gasoline",,,"dealership","[PREMIUM]","Egg Harbor Township","NJ","[PREMIUM]",8,"[]",,,"[PREMIUM]"
"e2f76dad-23c0-4d96-8e33-f0b0ad5406b0","2026-07-08 23:24:03.245","2026-07-11 23:29:40.946","e2f76dad-23c0-4d96-8e33-f0b0ad5406b0","[PREMIUM]","New",2026,"Nissan","Rogue","Platinum","[PREMIUM]","[PREMIUM]",10,"SUV","Super Black","Charcoal","All-wheel Drive",,,"Gasoline",,,"dealership","[PREMIUM]","Broken Arrow","OK","[PREMIUM]",1,"[]",,,"[PREMIUM]"
"8d7a33ce-00d6-4ae2-9ab7-766f3cb3b5f2","2026-07-08 23:24:03.244","2026-07-19 18:06:31.427","8d7a33ce-00d6-4ae2-9ab7-766f3cb3b5f2","[PREMIUM]","New",2026,"Toyota","Tacoma","SR5","[PREMIUM]","[PREMIUM]",1,"Truck","Ice Cap","Black","Rear-wheel Drive",,,"Gasoline",,,"dealership","[PREMIUM]","Escondido","CA","[PREMIUM]",30,"[]",,,"[PREMIUM]"
"14d44405-e26f-46f2-95d8-c850a7ef5531","2026-07-08 23:24:03.242","2026-07-08 23:24:03.242","14d44405-e26f-46f2-95d8-c850a7ef5531","[PREMIUM]","New",2026,"Ford","Maverick","XLT","[PREMIUM]","[PREMIUM]",3,"Truck","Ruby Red Metallic Tinted Clearcoat","Black Onyx","All-wheel Drive",,,"Hybrid",,,"dealership","[PREMIUM]","Hicksville","OH","[PREMIUM]",1,"[]",,,"[PREMIUM]"
"952cc0fe-03e0-42ca-8679-0bd7f297503e","2026-07-08 23:24:03.242","2026-07-19 18:06:31.475","952cc0fe-03e0-42ca-8679-0bd7f297503e","[PREMIUM]","New",2026,"Kia","Sorento","S","[PREMIUM]","[PREMIUM]",1,"SUV","Gray","Blk Syntex Artificial Lth","Front-wheel Drive",,,"Gasoline",,,"dealership","[PREMIUM]","Avon","IN","[PREMIUM]",27,"[]",,,"[PREMIUM]"
"d1bb70d7-8bce-41fc-af3b-445f8293a4f1","2026-07-08 23:24:03.241","2026-07-11 23:29:40.770","d1bb70d7-8bce-41fc-af3b-445f8293a4f1","[PREMIUM]","New",2026,"Ford","Ranger","XLT","[PREMIUM]","[PREMIUM]",8,"Truck","Carbonized Gray Metallic","Ebony","Rear-wheel Drive",,,"Gasoline",,,"dealership","[PREMIUM]","Tampa","FL","[PREMIUM]",32,"[]",,,"[PREMIUM]"
"414fe5e3-6cd1-496f-a523-b21fa84d71c0","2026-07-08 23:24:03.240","2026-07-19 18:06:31.555","414fe5e3-6cd1-496f-a523-b21fa84d71c0","[PREMIUM]","New",2026,"Subaru","Crosstrek","Wilderness","[PREMIUM]","[PREMIUM]",6,"SUV","Sapphire Blue Pearl","Black","All-wheel Drive",,,"Gasoline",,,"dealership","[PREMIUM]","Port Richey","FL","[PREMIUM]",1,"[]",,,"[PREMIUM]"
"76751b87-4f0d-4ac3-bdc3-c79e387fd853","2026-07-08 23:24:03.237","2026-07-11 23:29:40.776","76751b87-4f0d-4ac3-bdc3-c79e387fd853","[PREMIUM]","New",2026,"Subaru","Forester Hybrid","Premium","[PREMIUM]","[PREMIUM]",6,"SUV","Crystal White Pearl","Gray","All-wheel Drive",,,"Hybrid",,,"dealership","[PREMIUM]","Port Richey","FL","[PREMIUM]",1,"[]",,,"[PREMIUM]"
"9f94be58-3aa7-4283-b048-54e6a49a9a41","2026-07-08 23:24:03.237","2026-07-19 18:06:43.563","9f94be58-3aa7-4283-b048-54e6a49a9a41","[PREMIUM]","New",2026,"Ford","Bronco Sport","Outer Banks","[PREMIUM]","[PREMIUM]",8,"SUV","Ruby Red Metallic Tinted Clearcoat","Ebony/Roast","Four-wheel Drive",,,"Gasoline",,,"dealership","[PREMIUM]","Tampa","FL","[PREMIUM]",32,"[]",,,"[PREMIUM]"
"0076eefd-ab9c-4f5d-a792-8fa6c4c9adc0","2026-07-08 23:24:03.236","2026-07-19 18:06:31.664","0076eefd-ab9c-4f5d-a792-8fa6c4c9adc0","[PREMIUM]","New",2026,"Toyota","RAV4","LE","[PREMIUM]","[PREMIUM]",5,"SUV","Storm Cloud/Black","Black","Front-wheel Drive",,,"Gasoline",,,"dealership","[PREMIUM]","Spartanburg","SC","[PREMIUM]",32,"[]",,,"[PREMIUM]"
"54b389b7-90ad-454e-894b-d46698de8ea4","2026-07-08 23:24:03.236","2026-07-19 18:06:31.930","54b389b7-90ad-454e-894b-d46698de8ea4","[PREMIUM]","New",2026,"Ford","Explorer","Active","[PREMIUM]","[PREMIUM]",6,"SUV","Star White Metallic Tri-Coat","Gray","Rear-wheel Drive",,,"Gasoline",,,"dealership","[PREMIUM]","Kissimmee","FL","[PREMIUM]",32,"[]",,,"[PREMIUM]"
"76b9e328-5b1b-43b5-8df7-09bbd697884a","2026-07-08 23:24:03.236","2026-07-19 18:06:31.450","76b9e328-5b1b-43b5-8df7-09bbd697884a","[PREMIUM]","New",2026,"Honda","Accord Hybrid","Sport","[PREMIUM]","[PREMIUM]",,"Sedan","Urban Gray Pearl","Black","Front-wheel Drive",,,"Hybrid",,,"dealership","[PREMIUM]","Santa Monica","CA","[PREMIUM]",32,"[]",,,"[PREMIUM]"
"32bd0c08-b89d-4e22-a9b8-e473b2e2c67e","2026-07-08 23:24:03.235","2026-07-19 18:06:30.277","32bd0c08-b89d-4e22-a9b8-e473b2e2c67e","[PREMIUM]","New",2026,"Subaru","Crosstrek","Wilderness","[PREMIUM]","[PREMIUM]",5,"SUV","Alpine Green","Gray","All-wheel Drive",,,"Gasoline",,,"dealership","[PREMIUM]","Indianapolis","IN","[PREMIUM]",1,"[]",,,"[PREMIUM]"
"ce36ab20-1b18-4d99-a0b8-b4ed450eeaaf","2026-07-08 23:24:03.233","2026-07-11 23:29:40.749","ce36ab20-1b18-4d99-a0b8-b4ed450eeaaf","[PREMIUM]","New",2026,"Subaru","Forester Hybrid","Premium","[PREMIUM]","[PREMIUM]",0,"SUV","Green Metallic","Black","All-wheel Drive",,,"Hybrid",,,"dealership","[PREMIUM]","Owings Mills","MD","[PREMIUM]",3,"[]",,,"[PREMIUM]"
"4e1ad977-524c-4a1f-a0e1-4a8034e93a00","2026-07-08 23:24:03.232","2026-07-11 23:29:27.794","4e1ad977-524c-4a1f-a0e1-4a8034e93a00","[PREMIUM]","New",2026,"Toyota","Camry","XSE","[PREMIUM]","[PREMIUM]",2,"Sedan","Midnight Black Metallic","Black","Front-wheel Drive",,,"Gasoline",,,"dealership","[PREMIUM]","Escondido","CA","[PREMIUM]",30,"[]",,,"[PREMIUM]"
"1c91bdcc-21ac-4141-a6d3-8d45df5e0b65","2026-07-08 23:24:03.229","2026-07-11 23:29:41.021","1c91bdcc-21ac-4141-a6d3-8d45df5e0b65","[PREMIUM]","New",2026,"Honda","CR-V","EX-L","[PREMIUM]","[PREMIUM]",299,"SUV","Crystal Black Pearl","Black","All-wheel Drive",,,"Gasoline",,,"dealership","[PREMIUM]","Albany","NY","[PREMIUM]",32,"[]",,,"[PREMIUM]"
"f98dae33-a341-4e34-906b-5d4348b25c0e","2026-07-08 23:24:03.229","2026-07-11 23:29:40.123","f98dae33-a341-4e34-906b-5d4348b25c0e","[PREMIUM]","New",2026,"Ford","Maverick","XLT","[PREMIUM]","[PREMIUM]",3,"Truck","Carbonized Gray Metallic","Black Onyx","All-wheel Drive",,,"Hybrid",,,"dealership","[PREMIUM]","Hicksville","OH","[PREMIUM]",3,"[]",,,"[PREMIUM]"
"2c91d981-8a87-4c91-8301-72c3dd5d2abd","2026-07-08 23:24:03.228","2026-07-11 23:29:40.509","2c91d981-8a87-4c91-8301-72c3dd5d2abd","[PREMIUM]","New",2026,"Honda","CR-V Hybrid","Sport-L AWD","[PREMIUM]","[PREMIUM]",5,"SUV","Meteorite Gray Metallic","Bk","All-wheel Drive",,,"Hybrid",,,"dealership","[PREMIUM]","Chicago","IL","[PREMIUM]",26,"[]",,,"[PREMIUM]"
"4ce4f370-8269-4644-8f2c-8b2a2ab61e74","2026-07-08 23:24:03.228","2026-07-19 18:06:31.481","4ce4f370-8269-4644-8f2c-8b2a2ab61e74","[PREMIUM]","New",2026,"Nissan","Pathfinder","SL","[PREMIUM]","[PREMIUM]",5,"SUV","Everest White Pearl Tricoat","Charcoal","Front-wheel Drive",,,"Gasoline",,,"dealership","[PREMIUM]","Corinth","TX","[PREMIUM]",32,"[]",,,"[PREMIUM]"
"c7df5ae3-06d8-492c-8253-08f20668787e","2026-07-08 23:24:03.228","2026-07-19 18:06:32.330","c7df5ae3-06d8-492c-8253-08f20668787e","[PREMIUM]","New",2026,"Nissan","Pathfinder","SL","[PREMIUM]","[PREMIUM]",10,"SUV","Gun Metallic","Charcoal","Front-wheel Drive",,,"Gasoline",,,"dealership","[PREMIUM]","Corinth","TX","[PREMIUM]",31,"[]",,,"[PREMIUM]"
"59fc4f8f-5c0a-428c-ad86-17891414a0e8","2026-07-08 23:24:03.227","2026-07-19 18:06:31.522","59fc4f8f-5c0a-428c-ad86-17891414a0e8","[PREMIUM]","New",2026,"Nissan","Pathfinder","SL","[PREMIUM]","[PREMIUM]",9,"SUV","Everest White Pearl Tricoat","Charcoal","Front-wheel Drive",,,"Gasoline",,,"dealership","[PREMIUM]","Corinth","TX","[PREMIUM]",32,"[]",,,"[PREMIUM]"
"a7f7bb48-6e25-4c70-a8a3-330872548dd2","2026-07-08 23:24:03.227","2026-07-08 23:24:03.227","a7f7bb48-6e25-4c70-a8a3-330872548dd2","[PREMIUM]","New",2026,"Toyota","Camry","SE","[PREMIUM]","[PREMIUM]",1,"Sedan","Midnight Black Metallic","Black","Front-wheel Drive",,,"Gasoline",,,"dealership","[PREMIUM]","Decatur","AL","[PREMIUM]",32,"[]",,,"[PREMIUM]"
"66786986-cced-4b7e-a345-d22626cdd5a8","2026-07-08 23:24:03.219","2026-07-16 18:02:41.990","66786986-cced-4b7e-a345-d22626cdd5a8","[PREMIUM]","New",2026,"Chevrolet","Colorado","WT","[PREMIUM]","[PREMIUM]",5,"Truck","Sterling Gray Metallic","Jet Black","Four-wheel Drive",,,"Gasoline",,,"dealership","[PREMIUM]","Flint","MI","[PREMIUM]",24,"[]",,,"[PREMIUM]"
"e697ae02-3b21-4647-a859-ea9ecb539a7d","2026-07-08 23:24:03.216","2026-07-19 18:06:43.893","e697ae02-3b21-4647-a859-ea9ecb539a7d","[PREMIUM]","New",2026,"Ford","Bronco Sport","Outer Banks","[PREMIUM]","[PREMIUM]",3,"SUV","Carbonized Gray Metallic","Ebony","Four-wheel Drive",,,"Gasoline",,,"dealership","[PREMIUM]","Hicksville","OH","[PREMIUM]",30,"[]",,,"[PREMIUM]"
"9a200a38-377e-4313-8e63-7eec662a4a85","2026-07-08 23:24:03.215","2026-07-08 23:24:03.215","9a200a38-377e-4313-8e63-7eec662a4a85","[PREMIUM]","New",2026,"Chevrolet","Equinox","RS","[PREMIUM]","[PREMIUM]",50,"SUV","Mosaic Black Metallic","Black With Red Accents","All-wheel Drive",,,"Gasoline",,,"dealership","[PREMIUM]","Willoughby Hills","OH","[PREMIUM]",32,"[]",,,"[PREMIUM]"
"547a6c11-c249-4115-8954-d5bca60cb2c3","2026-07-08 23:24:03.210","2026-07-19 18:06:31.695","547a6c11-c249-4115-8954-d5bca60cb2c3","[PREMIUM]","New",2026,"Ford","Ranger","XLT","[PREMIUM]","[PREMIUM]",8,"Truck","Carbonized Gray Metallic","Ebony","Rear-wheel Drive",,,"Gasoline",,,"dealership","[PREMIUM]","Tampa","FL","[PREMIUM]",32,"[]",,,"[PREMIUM]"
"1405433f-a79d-4a50-bd6d-b57512fa6375","2026-07-08 23:24:03.207","2026-07-19 18:06:31.472","1405433f-a79d-4a50-bd6d-b57512fa6375","[PREMIUM]","New",2026,"Chevrolet","Traverse","LT","[PREMIUM]","[PREMIUM]",4,"SUV","Mosaic Black Metallic","Lt Jet Black","Front-wheel Drive",,,"Gasoline",,,"dealership","[PREMIUM]","Newport News","VA","[PREMIUM]",25,"[]",,,"[PREMIUM]"
"c5422bf4-8224-45c9-bde8-ad695a1c41b3","2026-07-08 23:24:03.204","2026-07-19 18:06:43.504","c5422bf4-8224-45c9-bde8-ad695a1c41b3","[PREMIUM]","New",2026,"Honda","Civic Si","Base","[PREMIUM]","[PREMIUM]",3,"Sedan","Urban Gray Pearl","Black/Red","Front-wheel Drive",,,"Gasoline",,,"dealership","[PREMIUM]","Jacksonville","FL","[PREMIUM]",17,"[]",,,"[PREMIUM]"
"668dd01d-962b-4b32-ae96-88913bc1f010","2026-07-08 23:24:03.201","2026-07-19 18:06:31.524","668dd01d-962b-4b32-ae96-88913bc1f010","[PREMIUM]","New",2026,"Nissan","Frontier","SV","[PREMIUM]","[PREMIUM]",4,"Truck","Gun Metallic","Charcoal","Four-wheel Drive",,,"Gasoline",,,"dealership","[PREMIUM]","Medina","OH","[PREMIUM]",1,"[]",,,"[PREMIUM]"
"0af21707-2fcd-431e-b79c-24ff4a6bcc72","2026-07-08 23:24:03.196","2026-07-19 18:06:31.672","0af21707-2fcd-431e-b79c-24ff4a6bcc72","[PREMIUM]","New",2026,"Ford","Bronco Sport","Big Bend","[PREMIUM]","[PREMIUM]",9,"SUV","Space White Metallic","Qw","Four-wheel Drive",,,"Gasoline",,,"dealership","[PREMIUM]","Heath","OH","[PREMIUM]",32,"[]",,,"[PREMIUM]"
"02827cb2-fd6e-4488-a6e7-09fb26c7c4ef","2026-07-08 23:24:03.193","2026-07-19 18:06:30.254","02827cb2-fd6e-4488-a6e7-09fb26c7c4ef","[PREMIUM]","New",2026,"Subaru","Forester","Premium","[PREMIUM]","[PREMIUM]",5,"SUV","Crimson Red Pearl","Gray","All-wheel Drive",,,"Gasoline",,,"dealership","[PREMIUM]","Indianapolis","IN","[PREMIUM]",1,"[]",,,"[PREMIUM]"
"4fe93029-a7e4-4fbc-b305-83f2a2d95bc8","2026-07-08 23:24:03.193","2026-07-19 18:06:31.975","4fe93029-a7e4-4fbc-b305-83f2a2d95bc8","[PREMIUM]","New",2026,"Chevrolet","Blazer","LT","[PREMIUM]","[PREMIUM]",10,"SUV","Black","Jet Black/Medium Gray","Front-wheel Drive",,,"Gasoline",,,"dealership","[PREMIUM]","Buford","GA","[PREMIUM]",26,"[]",,,"[PREMIUM]"
"84b22810-3829-47cc-9387-a9c81fa5fc69","2026-07-08 23:24:03.155","2026-07-19 18:06:30.354","84b22810-3829-47cc-9387-a9c81fa5fc69","[PREMIUM]","New",2026,"Nissan","Frontier","SV","[PREMIUM]","[PREMIUM]",0,"Truck","Gray","Char Premium Clth","Four-wheel Drive",,,"Gasoline",,,"dealership","[PREMIUM]","Avon","IN","[PREMIUM]",10,"[]",,,"[PREMIUM]"
"efaaa05c-26b0-4dcd-ba53-ce09a7696fbb","2026-07-08 23:24:03.152","2026-07-19 18:06:31.997","efaaa05c-26b0-4dcd-ba53-ce09a7696fbb","[PREMIUM]","New",2026,"Nissan","Frontier","SV","[PREMIUM]","[PREMIUM]",0,"Truck","Gray","Char Premium Clth","Four-wheel Drive",,,"Gasoline",,,"dealership","[PREMIUM]","Avon","IN","[PREMIUM]",10,"[]",,,"[PREMIUM]"
"ae405075-f9c5-4e00-bf96-507651ab87cf","2026-07-08 23:24:03.093","2026-07-11 23:29:27.585","ae405075-f9c5-4e00-bf96-507651ab87cf","[PREMIUM]","New",2026,"Chevrolet","Equinox","RS","[PREMIUM]","[PREMIUM]",10,"SUV","Lakeshore Blue Metallic","Black With Red Accents","All-wheel Drive",,,"Gasoline",,,"dealership","[PREMIUM]","Merrill","WI","[PREMIUM]",1,"[]",,,"[PREMIUM]"
"7ae7204c-39ee-4016-b482-3418bb76a20a","2026-07-08 23:24:03.084","2026-07-11 23:29:27.635","7ae7204c-39ee-4016-b482-3418bb76a20a","[PREMIUM]","New",2026,"Toyota","Camry","SE","[PREMIUM]","[PREMIUM]",2,"Sedan","Underground","Black","Front-wheel Drive",,,"Gasoline",,,"dealership","[PREMIUM]","Escondido","CA","[PREMIUM]",14,"[]",,,"[PREMIUM]"
"e47541ac-1a6e-4141-adeb-ea4cde699424","2026-07-08 23:24:03.067","2026-07-19 18:06:31.460","e47541ac-1a6e-4141-adeb-ea4cde699424","[PREMIUM]","New",2026,"Ford","Maverick","Lariat","[PREMIUM]","[PREMIUM]",13,"Truck","Space White Metallic","6n","All-wheel Drive",,,"Gasoline",,,"dealership","[PREMIUM]","Heath","OH","[PREMIUM]",32,"[]",,,"[PREMIUM]"
"f765b0ac-6d4f-4100-9ce7-200fe28954cf","2026-07-08 23:24:03.057","2026-07-19 18:06:43.528","f765b0ac-6d4f-4100-9ce7-200fe28954cf","[PREMIUM]","New",2026,"Ford","Maverick","XLT","[PREMIUM]","[PREMIUM]",7,"Truck","Velocity Blue","Navy Pier/Aspen Gray","Front-wheel Drive",,,"Gasoline",,,"dealership","[PREMIUM]","Tampa","FL","[PREMIUM]",31,"[]",,,"[PREMIUM]"
"e938f20e-7f6c-47c5-b6a6-b60524c1d558","2026-07-08 23:23:40.983","2026-07-19 18:06:31.428","e938f20e-7f6c-47c5-b6a6-b60524c1d558","[PREMIUM]","New",2026,"Hyundai","SONATA Hybrid","Limited","[PREMIUM]","[PREMIUM]",3,"Sedan","Serenity White","Dark Gray","Front-wheel Drive",,,"Hybrid",,,"dealership","[PREMIUM]","Salem","NH","[PREMIUM]",19,"[]",,,"[PREMIUM]"
"89b895cb-4507-4686-87ce-a6db8b4199ce","2026-07-08 23:23:40.509","2026-07-19 18:06:30.408","89b895cb-4507-4686-87ce-a6db8b4199ce","[PREMIUM]","New",2026,"Chevrolet","Equinox","FWD RS","[PREMIUM]","[PREMIUM]",1,"SUV","Polar White Tricoat","Black with Red Accents","Front-wheel Drive",,,"Gasoline",,,"dealership","[PREMIUM]","DeWitt Township","MI","[PREMIUM]",6,"[]",,,"[PREMIUM]"
"97d2f4ab-60c6-4f3f-bd01-f2d4a836123d","2026-07-08 23:23:40.394","2026-07-19 18:06:31.463","97d2f4ab-60c6-4f3f-bd01-f2d4a836123d","[PREMIUM]","New",2026,"Mazda","CX-50","Premium","[PREMIUM]","[PREMIUM]",4,"SUV","Soul Red Crystal Metallic","White","All-wheel Drive",,,"Gasoline",,,"dealership","[PREMIUM]","Martinez","GA","[PREMIUM]",27,"[]",,,"[PREMIUM]"
"a05d95e0-9bef-456c-865a-ed00a28f2f38","2026-07-08 23:23:40.394","2026-07-11 23:29:27.817","a05d95e0-9bef-456c-865a-ed00a28f2f38","[PREMIUM]","New",2026,"Chevrolet","Equinox","RS","[PREMIUM]","[PREMIUM]",160,"SUV","Radiant Red","Black","Front-wheel Drive",,,"Gasoline",,,"dealership","[PREMIUM]","Chesapeake","VA","[PREMIUM]",25,"[]",,,"[PREMIUM]"
"8ae27bb4-a691-4b80-af7d-cbdcd8ae5ebc","2026-07-08 23:23:40.321","2026-07-19 18:06:31.509","8ae27bb4-a691-4b80-af7d-cbdcd8ae5ebc","[PREMIUM]","New",2026,"Ford","Bronco Sport","Outer Banks","[PREMIUM]","[PREMIUM]",5,"SUV","Azure Gray Metallic Tri-Coat","Ebony/Roast","Four-wheel Drive",,,"Gasoline",,,"dealership","[PREMIUM]","Irving","TX","[PREMIUM]",30,"[]",,,"[PREMIUM]"
"7201eabd-3a7f-4148-9ce4-512bcbe4cc8f","2026-07-08 23:23:40.262","2026-07-08 23:23:40.262","7201eabd-3a7f-4148-9ce4-512bcbe4cc8f","[PREMIUM]","New",2026,"Subaru","Forester","Limited","[PREMIUM]","[PREMIUM]",,"SUV","Crystal White Pearl","Gray","AWD",,,"Gasoline",,,"dealership","[PREMIUM]","North Huntingdon","PA","[PREMIUM]",1,"[]",,,"[PREMIUM]"
"7c1bd7ae-190e-4522-a7a3-cf8d1d6ef241","2026-07-08 23:23:40.260","2026-07-19 18:06:31.443","7c1bd7ae-190e-4522-a7a3-cf8d1d6ef241","[PREMIUM]","New",2026,"Subaru","Outback","Premium","[PREMIUM]","[PREMIUM]",6,"SUV","Crystal Black Silica","Gray","All-wheel Drive",,,"Gasoline",,,"dealership","[PREMIUM]","Martinez","GA","[PREMIUM]",27,"[]",,,"[PREMIUM]"
"ac73c849-fb88-448d-8171-0f0edbe0acbb","2026-07-08 23:23:40.260","2026-07-19 18:06:31.449","ac73c849-fb88-448d-8171-0f0edbe0acbb","[PREMIUM]","New",2026,"Ford","Bronco Sport","Big Bend","[PREMIUM]","[PREMIUM]",8,"SUV","Velocity Blue Metallic","Medium Light Smoked Truffle","Four-wheel Drive",,,"Gasoline",,,"dealership","[PREMIUM]","Tampa","FL","[PREMIUM]",32,"[]",,,"[PREMIUM]"
"4e02adef-4c99-4154-ad6d-4bfe05953ea3","2026-07-08 23:23:40.251","2026-07-19 18:06:30.204","4e02adef-4c99-4154-ad6d-4bfe05953ea3","[PREMIUM]","New",2026,"Hyundai","IONIQ 5","SEL","[PREMIUM]","[PREMIUM]",13,"SUV","Atlas","Gray","Rear-wheel Drive",,,"Electric",,,"dealership","[PREMIUM]","Hialeah","FL","[PREMIUM]",1,"[]",,,"[PREMIUM]"
"343cf17b-ec0b-4d7f-af68-db37d02edb35","2026-07-08 23:23:40.246","2026-07-08 23:23:40.246","343cf17b-ec0b-4d7f-af68-db37d02edb35","[PREMIUM]","New",2026,"Ford","Maverick","XLT","[PREMIUM]","[PREMIUM]",10,"Truck","Velocity Blue","Navy Pier","Front-wheel Drive",,,"Hybrid",,,"dealership","[PREMIUM]","Tallahassee","FL","[PREMIUM]",27,"[]",,,"[PREMIUM]"
"6cbd5ba0-53b4-4d6e-9d0f-59011324d741","2026-07-08 23:23:40.234","2026-07-19 18:06:30.254","6cbd5ba0-53b4-4d6e-9d0f-59011324d741","[PREMIUM]","New",2026,"Toyota","RAV4","XLE Premium","[PREMIUM]","[PREMIUM]",2,"SUV","Blueprint","Black","All-wheel Drive",,,"Hybrid",,,"dealership","[PREMIUM]","Milwaukee","WI","[PREMIUM]",1,"[]",,,"[PREMIUM]"
"63dfc8c4-bdab-4b3c-8db3-877ba4148670","2026-07-08 23:23:40.230","2026-07-19 18:06:31.474","63dfc8c4-bdab-4b3c-8db3-877ba4148670","[PREMIUM]","New",2026,"Subaru","Forester","Sport","[PREMIUM]","[PREMIUM]",158,"SUV","Crystal Black Silica","Black / Gray","All-wheel Drive",,,"Gasoline",,,"dealership","[PREMIUM]","North Huntingdon","PA","[PREMIUM]",23,"[]",,,"[PREMIUM]"
"970bd1ad-3e28-4337-a20a-f676a87975e9","2026-07-08 23:23:40.229","2026-07-19 18:06:31.528","970bd1ad-3e28-4337-a20a-f676a87975e9","[PREMIUM]","New",2026,"Mazda","CX-50","Premium","[PREMIUM]","[PREMIUM]",8,"SUV","Wind Chill Pearl","Black","All-wheel Drive",,,"Gasoline",,,"dealership","[PREMIUM]","Philadelphia","PA","[PREMIUM]",13,"[]",,,"[PREMIUM]"
"9304ed48-d53c-4c08-95c8-9b3ca650b9ce","2026-07-08 23:23:40.227","2026-07-19 18:06:31.473","9304ed48-d53c-4c08-95c8-9b3ca650b9ce","[PREMIUM]","New",2026,"Ford","Bronco Sport","Outer Banks","[PREMIUM]","[PREMIUM]",,"SUV","Azure Gray Metallic","Ebony","Four-wheel Drive",,,"Gasoline",,,"dealership","[PREMIUM]","Castle Rock","CO","[PREMIUM]",23,"[]",,,"[PREMIUM]"
"acd85cb6-3e34-4566-b83a-6c6d710ff675","2026-07-08 23:23:40.212","2026-07-19 18:06:18.000","acd85cb6-3e34-4566-b83a-6c6d710ff675","[PREMIUM]","New",2026,"Subaru","Outback","Premium","[PREMIUM]","[PREMIUM]",6,"SUV","Sapphire Blue Pearl","Gray","All-wheel Drive",,,"Gasoline",,,"dealership","[PREMIUM]","Martinez","GA","[PREMIUM]",27,"[]",,,"[PREMIUM]"
"0be2371d-43df-4dcf-a96a-220f3fa8fbdd","2026-07-08 23:23:40.210","2026-07-16 18:02:28.982","0be2371d-43df-4dcf-a96a-220f3fa8fbdd","[PREMIUM]","New",2026,"Hyundai","ELANTRA N","Base","[PREMIUM]","[PREMIUM]",10,"Sedan","Atlas","Black","Front-wheel Drive",,,"Gasoline",,,"dealership","[PREMIUM]","Hialeah","FL","[PREMIUM]",32,"[]",,,"[PREMIUM]"
"ee2e5a08-5180-4cfc-9be2-a1d5064428ad","2026-07-08 23:23:40.206","2026-07-19 18:06:31.471","ee2e5a08-5180-4cfc-9be2-a1d5064428ad","[PREMIUM]","New",2026,"Subaru","Outback","Premium","[PREMIUM]","[PREMIUM]",6,"SUV","Sapphire Blue Pearl","Gray","All-wheel Drive",,,"Gasoline",,,"dealership","[PREMIUM]","Martinez","GA","[PREMIUM]",27,"[]",,,"[PREMIUM]"
"1c25e0c9-b6f4-454a-bfbb-ce275698ecd9","2026-07-08 23:23:40.201","2026-07-08 23:23:40.201","1c25e0c9-b6f4-454a-bfbb-ce275698ecd9","[PREMIUM]","New",2026,"Toyota","Camry","SE","[PREMIUM]","[PREMIUM]",2,"Sedan","Ocean Gem","Black","All Wheel Drive",,,"Regular unleaded",,,"dealership","[PREMIUM]","Scranton","PA","[PREMIUM]",4,"[]",,,"[PREMIUM]"
"5d8b8848-6063-4f9c-b82b-16e604281403","2026-07-08 23:23:40.190","2026-07-19 18:06:31.434","5d8b8848-6063-4f9c-b82b-16e604281403","[PREMIUM]","New",2026,"Mazda","CX-50","Preferred","[PREMIUM]","[PREMIUM]",8,"SUV","Soul Red Crystal Metallic","Black","All-wheel Drive",,,"Gasoline",,,"dealership","[PREMIUM]","Philadelphia","PA","[PREMIUM]",13,"[]",,,"[PREMIUM]"
"10449547-0fc4-48bc-a8de-ef3cb57e0966","2026-07-08 23:23:40.188","2026-07-19 18:06:32.252","10449547-0fc4-48bc-a8de-ef3cb57e0966","[PREMIUM]","New",2026,"Kia","Sportage","SX-Prestige","[PREMIUM]","[PREMIUM]",11,"SUV","Glacial White Pearl","Black","Front-wheel Drive",,,"E85 Flex Fuel",,,"dealership","[PREMIUM]","Southaven","MS","[PREMIUM]",16,"[]",,,"[PREMIUM]"
"bc504051-a300-41e2-b19c-57c45af2f96b","2026-07-08 23:23:40.186","2026-07-19 18:06:17.944","bc504051-a300-41e2-b19c-57c45af2f96b","[PREMIUM]","New",2026,"Mazda","CX-50","Premium","[PREMIUM]","[PREMIUM]",4,"SUV","Polymetal Gray Metallic","Black","All-wheel Drive",,,"Gasoline",,,"dealership","[PREMIUM]","Martinez","GA","[PREMIUM]",27,"[]",,,"[PREMIUM]"
"4be351ac-0fc6-4c17-bbfc-426fda9e5d75","2026-07-08 23:23:40.179","2026-07-19 18:06:31.449","4be351ac-0fc6-4c17-bbfc-426fda9e5d75","[PREMIUM]","New",2026,"Ford","Explorer","Active","[PREMIUM]","[PREMIUM]",10,"SUV","Space White Metallic","Dark Space Gray","Rear-wheel Drive",,,"Gasoline",,,"dealership","[PREMIUM]","Arab","AL","[PREMIUM]",23,"[]",,,"[PREMIUM]"
"a228c6f6-2590-4128-8019-b38dd26478fc","2026-07-08 23:23:40.178","2026-07-19 18:06:31.556","a228c6f6-2590-4128-8019-b38dd26478fc","[PREMIUM]","New",2026,"Volkswagen","Atlas","2.0T SE","[PREMIUM]","[PREMIUM]",5,"SUV","Deep Black","Titan Black","Front-wheel Drive",,,"Gasoline",,,"dealership","[PREMIUM]","Hawthorne","CA","[PREMIUM]",23,"[]",,,"[PREMIUM]"
"a3b77907-8712-4385-aaa0-62e21f20d6f6","2026-07-08 23:23:40.174","2026-07-19 18:06:31.315","a3b77907-8712-4385-aaa0-62e21f20d6f6","[PREMIUM]","New",2026,"Ford","Explorer","Active","[PREMIUM]","[PREMIUM]",5,"SUV","Space White Metallic","Dark Space Gray","Four-wheel Drive",,,"Gasoline",,,"dealership","[PREMIUM]","Waterford","MI","[PREMIUM]",23,"[]",,,"[PREMIUM]"
"108aa910-13f3-4bdd-9ccb-bf906f1e48eb","2026-07-08 23:23:40.157","2026-07-19 18:06:17.955","108aa910-13f3-4bdd-9ccb-bf906f1e48eb","[PREMIUM]","New",2026,"Hyundai","TUCSON Hybrid","SEL","[PREMIUM]","[PREMIUM]",12,"SUV","Ecotronic Gray","Gray","All-wheel Drive",,,"Hybrid",,,"dealership","[PREMIUM]","Garden Grove","CA","[PREMIUM]",27,"[]",,,"[PREMIUM]"
"751cc38d-dc09-4844-9e35-7ac536931fcf","2026-07-08 23:23:40.155","2026-07-19 18:06:18.114","751cc38d-dc09-4844-9e35-7ac536931fcf","[PREMIUM]","New",2026,"Mazda","CX-50","2.5 Turbo","[PREMIUM]","[PREMIUM]",4,"SUV","Polymetal Gray Metallic","Terracotta","All-wheel Drive",,,"Gasoline",,,"dealership","[PREMIUM]","Martinez","GA","[PREMIUM]",27,"[]",,,"[PREMIUM]"
"d7b93751-bd77-46ae-a711-d2d8fcc2619c","2026-07-08 23:23:40.148","2026-07-19 18:06:31.555","d7b93751-bd77-46ae-a711-d2d8fcc2619c","[PREMIUM]","New",2026,"Hyundai","TUCSON Hybrid","SEL Convenience","[PREMIUM]","[PREMIUM]",3,"SUV","Pearl","Black","All-wheel Drive",,,"Hybrid",,,"dealership","[PREMIUM]","Fairhaven","MA","[PREMIUM]",19,"[]",,,"[PREMIUM]"
"72f155a3-c0e3-405d-a603-641daa97589f","2026-07-08 23:23:40.142","2026-07-19 18:06:18.344","72f155a3-c0e3-405d-a603-641daa97589f","[PREMIUM]","Used",2026,"Ford","Explorer","Active","[PREMIUM]","[PREMIUM]",3228,"SUV","White Metallic","Gray","Rear-wheel Drive",,,"Gasoline",,,"dealership","[PREMIUM]","Troy","AL","[PREMIUM]",23,"[]",,,"[PREMIUM]"
"987f8efd-c92e-4d78-a6e0-35a970e9339e","2026-07-08 23:23:40.102","2026-07-19 18:06:18.095","987f8efd-c92e-4d78-a6e0-35a970e9339e","[PREMIUM]","New",2026,"Kia","Sportage","SX-Prestige","[PREMIUM]","[PREMIUM]",12,"SUV","Panthera Metal Gray","Black","Front-wheel Drive",,,"Gasoline",,,"dealership","[PREMIUM]","Phoenix","AZ","[PREMIUM]",27,"[]",,,"[PREMIUM]"
"f69c07c2-5021-4187-bc27-c507752306ea","2026-07-08 23:23:40.086","2026-07-19 18:06:17.938","f69c07c2-5021-4187-bc27-c507752306ea","[PREMIUM]","New",2026,"Hyundai","SONATA Hybrid","Limited","[PREMIUM]","[PREMIUM]",3,"Sedan","Serenity White","Dark Gray","Front-wheel Drive",,,"Hybrid",,,"dealership","[PREMIUM]","Salem","NH","[PREMIUM]",19,"[]",,,"[PREMIUM]"
"aa42b69d-b346-473d-bdff-58db6a1ba05d","2026-07-08 23:23:40.075","2026-07-19 18:06:18.116","aa42b69d-b346-473d-bdff-58db6a1ba05d","[PREMIUM]","New",2026,"Kia","Sportage","X-Line","[PREMIUM]","[PREMIUM]",10,"SUV","Nebular Blue","Black","All-wheel Drive",,,"Gasoline",,,"dealership","[PREMIUM]","Rochester","NY","[PREMIUM]",27,"[]",,,"[PREMIUM]"
"71bfa0de-01d1-4313-92e1-c186fd7323de","2026-07-08 23:23:40.061","2026-07-19 18:06:16.579","71bfa0de-01d1-4313-92e1-c186fd7323de","[PREMIUM]","New",2026,"Honda","CR-V","EX AWD","[PREMIUM]","[PREMIUM]",0,"SUV","Gray","Black","All-wheel Drive",,,"Gasoline",,,"dealership","[PREMIUM]","Syracuse","NY","[PREMIUM]",1,"[]",,,"[PREMIUM]"
"e61dc43a-36d7-452c-9210-b5bd60b52e92","2026-07-08 23:23:40.055","2026-07-19 18:06:30.764","e61dc43a-36d7-452c-9210-b5bd60b52e92","[PREMIUM]","New",2026,"Mazda","CX-50 Hybrid","Preferred","[PREMIUM]","[PREMIUM]",0,"SUV","machine gray metallic","black","All-wheel Drive",,,"Hybrid",,,"dealership","[PREMIUM]","Monroeville","PA","[PREMIUM]",1,"[]",,,"[PREMIUM]"
"6f3b017b-77d5-4737-bdf4-6892e10b2e12","2026-07-08 23:23:40.046","2026-07-16 18:02:28.930","6f3b017b-77d5-4737-bdf4-6892e10b2e12","[PREMIUM]","New",2026,"Nissan","Frontier","PRO-4X","[PREMIUM]","[PREMIUM]",0,"Truck","Glacier White","Charcoal w/Lava Red Stitch","Four-wheel Drive",,,"Gasoline",,,"dealership","[PREMIUM]","Frisco","TX","[PREMIUM]",17,"[]",,,"[PREMIUM]"
"3b8aa138-9c29-47fd-9e77-a83e6e60e682","2026-07-08 23:23:40.041","2026-07-19 18:06:18.270","3b8aa138-9c29-47fd-9e77-a83e6e60e682","[PREMIUM]","New",2026,"Hyundai","SONATA Hybrid","Limited","[PREMIUM]","[PREMIUM]",3,"Sedan","Abyss Black","Gray","Front-wheel Drive",,,"Hybrid",,,"dealership","[PREMIUM]","Salem","NH","[PREMIUM]",19,"[]",,,"[PREMIUM]"
"4710d253-bf9b-4828-8249-23c79370e5a1","2026-07-08 23:23:40.033","2026-07-19 18:06:18.480","4710d253-bf9b-4828-8249-23c79370e5a1","[PREMIUM]","New",2026,"Nissan","Pathfinder","SV","[PREMIUM]","[PREMIUM]",0,"SUV","Super Black","Charcoal","Front-wheel Drive",,,"Gasoline",,,"dealership","[PREMIUM]","Cerritos","CA","[PREMIUM]",30,"[]",,,"[PREMIUM]"
"6b33cb48-dd6c-4b1c-874d-ff68e71d3717","2026-07-08 23:23:40.033","2026-07-19 18:06:31.612","6b33cb48-dd6c-4b1c-874d-ff68e71d3717","[PREMIUM]","New",2026,"Kia","Sorento","LX","[PREMIUM]","[PREMIUM]",1,"SUV","Ebony Black","Black","Front-wheel Drive",,,"Gasoline",,,"dealership","[PREMIUM]","Homestead","FL","[PREMIUM]",32,"[]",,,"[PREMIUM]"
"2b47b35a-b1d6-474c-b816-4ef45059554f","2026-07-08 23:23:40.017","2026-07-08 23:23:40.017","2b47b35a-b1d6-474c-b816-4ef45059554f","[PREMIUM]","New",2026,"Toyota","RAV4","SE","[PREMIUM]","[PREMIUM]",0,"SUV","Ice Cap","Black","Front-wheel Drive",,,"Gasoline",,,"dealership","[PREMIUM]","Mckinney","TX","[PREMIUM]",1,"[]",,,"[PREMIUM]"
"ced5e3af-4304-4ab5-a994-63cf7e06eee8","2026-07-08 23:23:39.998","2026-07-19 18:06:30.213","ced5e3af-4304-4ab5-a994-63cf7e06eee8","[PREMIUM]","New",2026,"Mazda","CX-50 Hybrid","Preferred","[PREMIUM]","[PREMIUM]",4,"SUV","jet black mica","black","All-wheel Drive",,,"Hybrid",,,"dealership","[PREMIUM]","Monroeville","PA","[PREMIUM]",1,"[]",,,"[PREMIUM]"
"0fb2fbce-7a0b-46a6-b95a-957e93900a55","2026-07-08 23:23:39.977","2026-07-08 23:23:39.977","0fb2fbce-7a0b-46a6-b95a-957e93900a55","[PREMIUM]","New",2026,"Toyota","RAV4","LE","[PREMIUM]","[PREMIUM]",1,"SUV","Storm Cloud","Black","Front-wheel Drive",,,"Gasoline",,,"dealership","[PREMIUM]","Roseville","CA","[PREMIUM]",8,"[]",,,"[PREMIUM]"
"2898a425-0aa3-4b6b-89d9-f6a3ad6a5b5d","2026-07-08 23:23:39.972","2026-07-08 23:23:39.972","2898a425-0aa3-4b6b-89d9-f6a3ad6a5b5d","[PREMIUM]","New",2026,"Toyota","Corolla Hybrid","SE","[PREMIUM]","[PREMIUM]",0,"Sedan","White","Black","All-wheel Drive",,,"Hybrid",,,"dealership","[PREMIUM]","Temecula","CA","[PREMIUM]",22,"[]",,,"[PREMIUM]"
"23f590b0-a8f2-4438-b59b-41a420539d7b","2026-07-08 23:23:39.964","2026-07-19 18:06:31.461","23f590b0-a8f2-4438-b59b-41a420539d7b","[PREMIUM]","New",2026,"Chevrolet","Equinox","LT","[PREMIUM]","[PREMIUM]",2,"SUV","Blue","Black","All-wheel Drive",,,"Gasoline",,,"dealership","[PREMIUM]","Grand Island","NY","[PREMIUM]",32,"[]",,,"[PREMIUM]"
"64bbd7bf-21f0-4d91-a0af-66a0f74d03e5","2026-07-08 23:23:39.959","2026-07-16 18:02:29.214","64bbd7bf-21f0-4d91-a0af-66a0f74d03e5","[PREMIUM]","New",2026,"Nissan","Frontier","PRO-4X","[PREMIUM]","[PREMIUM]",11,"Truck","Gun Metallic","Steel","Four-wheel Drive",,,"Gasoline",,,"dealership","[PREMIUM]","Summerville","SC","[PREMIUM]",32,"[]",,,"[PREMIUM]"
"e26fcb41-4de0-4f49-800d-4b810335ff76","2026-07-08 23:23:39.938","2026-07-19 18:06:31.435","e26fcb41-4de0-4f49-800d-4b810335ff76","[PREMIUM]","New",2026,"Ford","Bronco Sport","Outer Banks","[PREMIUM]","[PREMIUM]",2,"SUV","Space White Metallic","Navy Pier","Four-wheel Drive",,,"Gasoline",,,"dealership","[PREMIUM]","East Moline","IL","[PREMIUM]",22,"[]",,,"[PREMIUM]"
"56cc06f8-a5c4-4712-88a8-2f23905dbb9e","2026-07-08 23:23:39.926","2026-07-19 18:06:30.239","56cc06f8-a5c4-4712-88a8-2f23905dbb9e","[PREMIUM]","New",2026,"Toyota","RAV4","SE","[PREMIUM]","[PREMIUM]",4,"SUV","Meteor Shower","Black","Front-wheel Drive",,,"Gasoline",,,"dealership","[PREMIUM]","Farmington Hills","MI","[PREMIUM]",1,"[]",,,"[PREMIUM]"
"8338d893-3f46-4646-bbe3-7c01cafbb92d","2026-07-08 23:23:39.923","2026-07-19 18:06:31.471","8338d893-3f46-4646-bbe3-7c01cafbb92d","[PREMIUM]","Used",2026,"Ford","Explorer","Active","[PREMIUM]","[PREMIUM]",3888,"SUV","White Metallic","Dark Space Gray","Rear-wheel Drive",,,"Gasoline",,,"dealership","[PREMIUM]","Troy","AL","[PREMIUM]",25,"[]",,,"[PREMIUM]"
"b9a00433-40a8-497a-a7e1-0c51a4897f6f","2026-07-08 23:23:39.916","2026-07-11 23:29:27.753","b9a00433-40a8-497a-a7e1-0c51a4897f6f","[PREMIUM]","New",2026,"Hyundai","ELANTRA N","Base","[PREMIUM]","[PREMIUM]",10,"Sedan","Black","Black","Front-wheel Drive",,,"Gasoline",,,"dealership","[PREMIUM]","Hialeah","FL","[PREMIUM]",1,"[]",,,"[PREMIUM]"
"3640da80-cdb4-40f9-8c21-f9632112d01a","2026-07-08 23:23:39.913","2026-07-16 18:02:27.774","3640da80-cdb4-40f9-8c21-f9632112d01a","[PREMIUM]","New",2026,"Kia","Sportage","X-Line","[PREMIUM]","[PREMIUM]",13,"SUV","Fusion Black",,"All-wheel Drive",,,"Hybrid",,,"dealership","[PREMIUM]","Houston","TX","[PREMIUM]",27,"[]",,,"[PREMIUM]"
"6f3891eb-718a-4afa-b83d-e20b972a0bca","2026-07-08 23:23:39.911","2026-07-19 18:06:31.476","6f3891eb-718a-4afa-b83d-e20b972a0bca","[PREMIUM]","New",2026,"Ford","Ranger","XLT","[PREMIUM]","[PREMIUM]",22,"Truck","Oxford White","Ebony","Four-wheel Drive",,,"Gasoline",,,"dealership","[PREMIUM]","St Petersburg","FL","[PREMIUM]",18,"[]",,,"[PREMIUM]"
"e725c029-3171-4771-80a4-ca68534dc3e2","2026-07-08 23:23:39.900","2026-07-19 18:06:31.462","e725c029-3171-4771-80a4-ca68534dc3e2","[PREMIUM]","New",2026,"Mazda","CX-50","Preferred","[PREMIUM]","[PREMIUM]",3,"SUV","Machine Gray Metallic","Black","All-wheel Drive",,,"Gasoline",,,"dealership","[PREMIUM]","Philadelphia","PA","[PREMIUM]",13,"[]",,,"[PREMIUM]"
"609fbc2b-5a54-4d3d-9bce-b132c2057fe4","2026-07-08 23:23:39.896","2026-07-19 18:06:18.231","609fbc2b-5a54-4d3d-9bce-b132c2057fe4","[PREMIUM]","New",2026,"Ford","Ranger","XL","[PREMIUM]","[PREMIUM]",6,"Truck","Oxford White","Ebony","Rear-wheel Drive",,,"Gasoline",,,"dealership","[PREMIUM]","Phoenix","AZ","[PREMIUM]",32,"[]",,,"[PREMIUM]"
"4adc8d27-11b4-4af6-abfe-d80698b80df4","2026-07-08 23:23:39.890","2026-07-19 18:06:18.130","4adc8d27-11b4-4af6-abfe-d80698b80df4","[PREMIUM]","New",2026,"Mazda","CX-50","Preferred","[PREMIUM]","[PREMIUM]",8,"SUV","Wind Chill Pearl","Black","All-wheel Drive",,,"Gasoline",,,"dealership","[PREMIUM]","Philadelphia","PA","[PREMIUM]",13,"[]",,,"[PREMIUM]"
"f6ab5310-8ff2-49c9-b98e-2a6a16c6affd","2026-07-08 23:23:39.889","2026-07-19 18:06:30.213","f6ab5310-8ff2-49c9-b98e-2a6a16c6affd","[PREMIUM]","New",2026,"GMC","Terrain","Elevation","[PREMIUM]","[PREMIUM]",6,"SUV","Sterling",,"All-wheel Drive",,,"Gasoline",,,"dealership","[PREMIUM]","North Bergen","NJ","[PREMIUM]",1,"[]",,,"[PREMIUM]"
"3855f93c-4dad-4e8b-b22e-ffc4371956cf","2026-07-08 23:23:39.883","2026-07-16 18:02:29.033","3855f93c-4dad-4e8b-b22e-ffc4371956cf","[PREMIUM]","New",2026,"Mazda","CX-50","Preferred","[PREMIUM]","[PREMIUM]",1,"SUV","Wind Chill Pearl","Black","All-wheel Drive",,,"Gasoline",,,"dealership","[PREMIUM]","Kent","OH","[PREMIUM]",1,"[]",,,"[PREMIUM]"
"03868fea-c41d-406e-a4a6-66af1e7bcf2c","2026-07-08 23:23:39.870","2026-07-19 18:06:31.466","03868fea-c41d-406e-a4a6-66af1e7bcf2c","[PREMIUM]","New",2026,"Honda","Civic Hybrid","Sport Touring","[PREMIUM]","[PREMIUM]",,"Sedan","Rallye Red","Black","Front-wheel Drive",,,"Hybrid",,,"dealership","[PREMIUM]","El Monte","CA","[PREMIUM]",32,"[]",,,"[PREMIUM]"
"7ff8dcb7-9e02-4717-81c7-4c719fbb9e15","2026-07-08 23:23:39.867","2026-07-08 23:23:39.867","7ff8dcb7-9e02-4717-81c7-4c719fbb9e15","[PREMIUM]","New",2026,"Toyota","RAV4","SE","[PREMIUM]","[PREMIUM]",0,"SUV","Meteor Shower","Black","All-wheel Drive",,,"Gasoline",,,"dealership","[PREMIUM]","Evansville","IN","[PREMIUM]",1,"[]",,,"[PREMIUM]"
"3cbdc7b5-4ac5-4666-abeb-5e57b1eb575c","2026-07-08 23:23:39.859","2026-07-11 23:29:27.630","3cbdc7b5-4ac5-4666-abeb-5e57b1eb575c","[PREMIUM]","New",2026,"Toyota","Tacoma","SR5","[PREMIUM]","[PREMIUM]",0,"Truck","Ice Cap","Black","Rear-wheel Drive",,,"Gasoline",,,"dealership","[PREMIUM]","Mckinney","TX","[PREMIUM]",1,"[]",,,"[PREMIUM]"
"7f644ec8-f93b-493c-8107-213d2ad8d558","2026-07-08 23:23:39.857","2026-07-19 18:06:31.451","7f644ec8-f93b-493c-8107-213d2ad8d558","[PREMIUM]","New",2026,"Honda","CR-V Hybrid","Sport-L FWD","[PREMIUM]","[PREMIUM]",15,"SUV","Solar Silver","Black","Front-wheel Drive",,,"Hybrid",,,"dealership","[PREMIUM]","Arlington","TX","[PREMIUM]",27,"[]",,,"[PREMIUM]"
"139ad6cc-f916-40a6-b5a1-53fecb79cab7","2026-07-08 23:23:39.851","2026-07-19 18:06:30.550","139ad6cc-f916-40a6-b5a1-53fecb79cab7","[PREMIUM]","New",2026,"Hyundai","SONATA Hybrid","Limited","[PREMIUM]","[PREMIUM]",3,"Sedan","Carbon Blue","Dark Gray","Front-wheel Drive",,,"Hybrid",,,"dealership","[PREMIUM]","Salem","NH","[PREMIUM]",19,"[]",,,"[PREMIUM]"
"ebd28500-bd89-4779-b4f6-68887ce66416","2026-07-08 23:23:39.850","2026-07-19 18:06:31.522","ebd28500-bd89-4779-b4f6-68887ce66416","[PREMIUM]","New",2026,"Toyota","Tacoma","SR5","[PREMIUM]","[PREMIUM]",0,"Truck","Ice Cap","Black Fabric w/Smoke Silver","Rear-wheel Drive",,,"Gasoline",,,"dealership","[PREMIUM]","Sanford","FL","[PREMIUM]",30,"[]",,,"[PREMIUM]"
"22977b56-0d98-4564-b9ca-9fff09e89b52","2026-07-08 23:23:39.849","2026-07-11 23:29:27.583","22977b56-0d98-4564-b9ca-9fff09e89b52","[PREMIUM]","New",2026,"Toyota","Camry","Nightshade","[PREMIUM]","[PREMIUM]",5,"Sedan","Ice Cap","Black","All-wheel Drive",,,"Gasoline",,,"dealership","[PREMIUM]","Evansville","IN","[PREMIUM]",1,"[]",,,"[PREMIUM]"
"86ecbe24-58f1-4ffc-8b4c-97f00390f22c","2026-07-08 23:23:39.848","2026-07-16 18:02:27.516","86ecbe24-58f1-4ffc-8b4c-97f00390f22c","[PREMIUM]","New",2026,"Honda","Accord Hybrid","EX-L","[PREMIUM]","[PREMIUM]",15,"Sedan","Urban Gray Pearl",,"Front-wheel Drive",,,"Hybrid",,,"dealership","[PREMIUM]","Arlington","TX","[PREMIUM]",25,"[]",,,"[PREMIUM]"
"cd168bd4-8c5a-4d80-982b-f231b8ebeb45","2026-07-08 23:23:39.848","2026-07-19 18:06:17.981","cd168bd4-8c5a-4d80-982b-f231b8ebeb45","[PREMIUM]","New",2026,"Toyota","Camry","SE","[PREMIUM]","[PREMIUM]",0,"Sedan","Ice Cap","Black","Front-wheel Drive",,,"Gasoline",,,"dealership","[PREMIUM]","Temecula","CA","[PREMIUM]",18,"[]",,,"[PREMIUM]"
"333d3f84-9cf0-4f1f-9e68-a91e9625c6f3","2026-07-08 23:23:39.847","2026-07-11 23:29:27.574","333d3f84-9cf0-4f1f-9e68-a91e9625c6f3","[PREMIUM]","New",2026,"Ford","Mustang Mach-E","Select","[PREMIUM]","[PREMIUM]",5,"SUV","Adriatic Blue","Black Onyx","Rear-wheel Drive",,,"Electric",,,"dealership","[PREMIUM]","Phoenix","AZ","[PREMIUM]",32,"[]",,,"[PREMIUM]"
"cb5d5c69-6e97-400b-a372-c0c1ddd3f987","2026-07-08 23:23:39.842","2026-07-08 23:23:39.842","cb5d5c69-6e97-400b-a372-c0c1ddd3f987","[PREMIUM]","New",2026,"Toyota","Camry","XSE","[PREMIUM]","[PREMIUM]",0,"Sedan","Wind Chill Pearl [extra_cost_color]","Black leather trim","Front-wheel Drive",,,"Gasoline",,,"dealership","[PREMIUM]","West Covina","CA","[PREMIUM]",22,"[]",,,"[PREMIUM]"
"74ccb7cf-29dc-4da2-80c4-4960d0793386","2026-07-08 23:23:39.840","2026-07-19 18:06:18.317","74ccb7cf-29dc-4da2-80c4-4960d0793386","[PREMIUM]","New",2026,"Nissan","Frontier","SV","[PREMIUM]","[PREMIUM]",1,"Truck","Gun Metallic","Charcoal","Four-wheel Drive",,,"Gasoline",,,"dealership","[PREMIUM]","Phoenix","AZ","[PREMIUM]",31,"[]",,,"[PREMIUM]"
"212e670c-dbeb-46e4-aa46-f6e7e42e7f71","2026-07-08 23:23:39.839","2026-07-19 18:06:18.090","212e670c-dbeb-46e4-aa46-f6e7e42e7f71","[PREMIUM]","New",2026,"Ford","Bronco Sport","Outer Banks","[PREMIUM]","[PREMIUM]",7,"SUV","Oxford White","Ebony/Roast","Four-wheel Drive",,,"Gasoline",,,"dealership","[PREMIUM]","Houston","TX","[PREMIUM]",23,"[]",,,"[PREMIUM]"
"74145a5b-6e47-4f8c-ae70-bc21b9b451f2","2026-07-08 23:23:39.839","2026-07-19 18:06:18.089","74145a5b-6e47-4f8c-ae70-bc21b9b451f2","[PREMIUM]","New",2026,"Mazda","CX-50","2.5 S Preferred Package","[PREMIUM]","[PREMIUM]",5,"SUV","wind chill pearl","black","All-wheel Drive",,,"Gasoline",,,"dealership","[PREMIUM]","Colmar","PA","[PREMIUM]",32,"[]",,,"[PREMIUM]"
"c236af4c-3c27-4d65-a4d2-1e68c44c81d4","2026-07-08 23:23:39.834","2026-07-19 18:06:30.222","c236af4c-3c27-4d65-a4d2-1e68c44c81d4","[PREMIUM]","New",2026,"Mazda","CX-50 Hybrid","Preferred","[PREMIUM]","[PREMIUM]",5,"SUV","soul red crystal metallic","black","All-wheel Drive",,,"Hybrid",,,"dealership","[PREMIUM]","Monroeville","PA","[PREMIUM]",1,"[]",,,"[PREMIUM]"
"5a1cfcf9-b2a4-4eae-a2e5-40a7fd722895","2026-07-08 23:23:39.832","2026-07-16 18:02:27.493","5a1cfcf9-b2a4-4eae-a2e5-40a7fd722895","[PREMIUM]","New",2026,"Honda","CR-V Hybrid","Sport-L FWD","[PREMIUM]","[PREMIUM]",15,"SUV","Canyon River Blue","Black","Front-wheel Drive",,,"Hybrid",,,"dealership","[PREMIUM]","Arlington","TX","[PREMIUM]",26,"[]",,,"[PREMIUM]"
"3639f0ea-9a35-4f80-a64e-40235bf09980","2026-07-08 23:23:39.831","2026-07-19 18:06:30.244","3639f0ea-9a35-4f80-a64e-40235bf09980","[PREMIUM]","New",2026,"Mazda","CX-5","2.5 S Preferred Package","[PREMIUM]","[PREMIUM]",0,"SUV","Jet Black Mica","Pure White Leatherette","All-wheel Drive",,,"Gasoline",,,"dealership","[PREMIUM]","Monroeville","PA","[PREMIUM]",1,"[]",,,"[PREMIUM]"
"3e982915-2bc2-4bf9-bf01-28243a260f43","2026-07-08 23:23:39.830","2026-07-19 18:06:31.406","3e982915-2bc2-4bf9-bf01-28243a260f43","[PREMIUM]","New",2026,"Kia","Carnival","LXS","[PREMIUM]","[PREMIUM]",14,"Passenger Van","P2M/","Taupe/Off-Black","Front-wheel Drive",,,"Gasoline",,,"dealership","[PREMIUM]","Houston","TX","[PREMIUM]",27,"[]",,,"[PREMIUM]"
"c1fc93b8-bcfb-45fd-b29e-a2fbddfeaf22","2026-07-08 23:23:39.830","2026-07-08 23:23:39.830","c1fc93b8-bcfb-45fd-b29e-a2fbddfeaf22","[PREMIUM]","New",2026,"Hyundai","TUCSON Hybrid","SEL","[PREMIUM]","[PREMIUM]",65,"SUV","Shimmering Silver","Gray","All-wheel Drive",,,"Hybrid",,,"dealership","[PREMIUM]","St. Petersburg","FL","[PREMIUM]",1,"[]",,,"[PREMIUM]"
"9974c650-1941-4b6e-8164-7218455b3369","2026-07-08 23:23:39.829","2026-07-19 18:06:18.205","9974c650-1941-4b6e-8164-7218455b3369","[PREMIUM]","New",2026,"Ford","Explorer","Active","[PREMIUM]","[PREMIUM]",10,"SUV","Space White Metallic","Space Gray","Rear-wheel Drive",,,"Gasoline",,,"dealership","[PREMIUM]","Houston","TX","[PREMIUM]",23,"[]",,,"[PREMIUM]"
"eed542c0-e54b-4344-8d59-4f28dd459c3f","2026-07-08 23:23:39.829","2026-07-11 23:29:27.613","eed542c0-e54b-4344-8d59-4f28dd459c3f","[PREMIUM]","New",2026,"Mazda","CX-50 Hybrid","Premium AWD","[PREMIUM]","[PREMIUM]",5,"SUV","Polymetal Gray Metallic","Black Leather","All-wheel Drive",,,"Hybrid",,,"dealership","[PREMIUM]","Monroeville","PA","[PREMIUM]",1,"[]",,,"[PREMIUM]"
"27937775-cf45-4cd3-9ada-25c7b262545f","2026-07-08 23:23:39.828","2026-07-11 23:29:14.977","27937775-cf45-4cd3-9ada-25c7b262545f","[PREMIUM]","New",2026,"GMC","Terrain","Elevation","[PREMIUM]","[PREMIUM]",15,"SUV","Gray","After Dark, CoreTec seat trim","All-wheel Drive",,,"Gasoline",,,"dealership","[PREMIUM]","Cranbury","NJ","[PREMIUM]",9,"[]",,,"[PREMIUM]"
"a59ccb5c-2390-4589-852d-1496bacb544b","2026-07-08 23:23:39.828","2026-07-19 18:06:30.247","a59ccb5c-2390-4589-852d-1496bacb544b","[PREMIUM]","New",2026,"Nissan","Rogue","Dark Armor","[PREMIUM]","[PREMIUM]",10,"SUV","Super Black","Charcoal","All-wheel Drive",,,"Gasoline",,,"dealership","[PREMIUM]","Hasbrouck Heights","NJ","[PREMIUM]",1,"[]",,,"[PREMIUM]"
"9f1197d3-8f8a-472e-86e6-7b1d102161fe","2026-07-08 23:23:39.827","2026-07-08 23:23:39.827","9f1197d3-8f8a-472e-86e6-7b1d102161fe","[PREMIUM]","New",2026,"Ford","Maverick","XLT","[PREMIUM]","[PREMIUM]",5,"Truck","Oxford White","Black Onyx","All-wheel Drive",,,"Hybrid",,,"dealership","[PREMIUM]","Peru","IL","[PREMIUM]",1,"[]",,,"[PREMIUM]"
"301e9e40-7d75-4848-a9f8-c7e9ce466e9b","2026-07-08 23:23:39.825","2026-07-08 23:23:39.825","301e9e40-7d75-4848-a9f8-c7e9ce466e9b","[PREMIUM]","New",2026,"Toyota","Camry","XSE","[PREMIUM]","[PREMIUM]",0,"Sedan","Midnight Black Metallic","Cockpit Red leather trim","Front-wheel Drive",,,"Gasoline",,,"dealership","[PREMIUM]","West Covina","CA","[PREMIUM]",22,"[]",,,"[PREMIUM]"
"39a8cad4-e3cc-4dca-b83e-1eaf8d3d73a1","2026-07-08 23:23:39.825","2026-07-11 23:29:14.782","39a8cad4-e3cc-4dca-b83e-1eaf8d3d73a1","[PREMIUM]","New",2026,"Ford","Ranger","XL","[PREMIUM]","[PREMIUM]",12,"Truck","Oxford White","Ebony","Four-wheel Drive",,,"Gasoline",,,"dealership","[PREMIUM]","Houston","TX","[PREMIUM]",1,"[]",,,"[PREMIUM]"
"dca61f05-ce01-4226-a740-f3d9040bc392","2026-07-08 23:23:39.821","2026-07-19 18:06:30.201","dca61f05-ce01-4226-a740-f3d9040bc392","[PREMIUM]","New",2026,"Mazda","CX-5","2.5 S Preferred Package","[PREMIUM]","[PREMIUM]",0,"SUV","Machine Gray Metallic","Pure White Leatherette","All-wheel Drive",,,"Gasoline",,,"dealership","[PREMIUM]","Monroeville","PA","[PREMIUM]",1,"[]",,,"[PREMIUM]"
"05bda6d4-1a83-4110-ae2a-85917fd37673","2026-07-08 23:23:39.820","2026-07-19 18:06:17.941","05bda6d4-1a83-4110-ae2a-85917fd37673","[PREMIUM]","New",2026,"Ford","Bronco Sport","Outer Banks","[PREMIUM]","[PREMIUM]",7,"SUV","Space White Metallic","Ebony/Roast","Four-wheel Drive",,,"Gasoline",,,"dealership","[PREMIUM]","Houston","TX","[PREMIUM]",23,"[]",,,"[PREMIUM]"
"7e1d6c37-44fb-457b-8e09-977fe2092030","2026-07-08 23:23:39.814","2026-07-08 23:23:39.814","7e1d6c37-44fb-457b-8e09-977fe2092030","[PREMIUM]","New",2026,"Nissan","Leaf","SV+","[PREMIUM]","[PREMIUM]",10,"SUV",,,"Front-wheel Drive",,,"Electric",,,"dealership","[PREMIUM]","Scottsdale","AZ","[PREMIUM]",1,"[]",,,"[PREMIUM]"
"e6c1d800-afa0-4ad2-8bfb-7c22c2c3b092","2026-07-08 23:23:39.813","2026-07-16 18:02:27.607","e6c1d800-afa0-4ad2-8bfb-7c22c2c3b092","[PREMIUM]","New",2026,"Toyota","Camry","LE","[PREMIUM]","[PREMIUM]",0,"Sedan","Ocean Gem","Black fabric","All-wheel Drive",,,"Gasoline",,,"dealership","[PREMIUM]","Warren","MI","[PREMIUM]",32,"[]",,,"[PREMIUM]"
"338f48d6-0160-4d53-b8fa-05b287ae7077","2026-07-08 23:23:39.782","2026-07-08 23:23:39.782","338f48d6-0160-4d53-b8fa-05b287ae7077","[PREMIUM]","New",2026,"Chevrolet","Equinox","1LT","[PREMIUM]","[PREMIUM]",10,"SUV","Sterling Gray Metallic","Black, Evotex seat trim","All-wheel Drive",,,"Gasoline",,,"dealership","[PREMIUM]","Springfield","MO","[PREMIUM]",6,"[]",,,"[PREMIUM]"
"363ab06e-9a5e-4151-9f6c-ae9b4171f0fe","2026-07-08 23:23:39.780","2026-07-19 18:06:17.970","363ab06e-9a5e-4151-9f6c-ae9b4171f0fe","[PREMIUM]","New",2026,"Honda","CR-V","EX AWD","[PREMIUM]","[PREMIUM]",4,"SUV","Urban Gray Pearl","Black","All-wheel Drive",,,"Gasoline",,,"dealership","[PREMIUM]","Temecula","CA","[PREMIUM]",32,"[]",,,"[PREMIUM]"
"5b7c2b6e-a6ef-473b-a196-a6ad55fb512b","2026-07-08 23:23:39.778","2026-07-19 18:06:18.133","5b7c2b6e-a6ef-473b-a196-a6ad55fb512b","[PREMIUM]","New",2026,"Kia","Sorento","S","[PREMIUM]","[PREMIUM]",1,"SUV","Panthera Metal","Black","Front-wheel Drive",,,"Gasoline",,,"dealership","[PREMIUM]","Homestead","FL","[PREMIUM]",32,"[]",,,"[PREMIUM]"
"8d6be834-7e2f-4f74-a64d-a470a51cd728","2026-07-08 23:23:39.776","2026-07-11 23:29:15.084","8d6be834-7e2f-4f74-a64d-a470a51cd728","[PREMIUM]","New",2026,"Kia","Sportage","S","[PREMIUM]","[PREMIUM]",15,"SUV","Wolf Gray","Black","Front-wheel Drive",,,"Gasoline",,,"dealership","[PREMIUM]","Homestead","FL","[PREMIUM]",32,"[]",,,"[PREMIUM]"
"2004ba75-4e01-40fa-9c13-dc860eecb07a","2026-07-08 23:23:39.774","2026-07-16 18:02:27.441","2004ba75-4e01-40fa-9c13-dc860eecb07a","[PREMIUM]","New",2026,"Toyota","Camry","XSE","[PREMIUM]","[PREMIUM]",0,"Sedan","Underground","30","Front-wheel Drive",,,"Hybrid",,,"dealership","[PREMIUM]","Waco","TX","[PREMIUM]",22,"[]",,,"[PREMIUM]"
"90b6f332-a23e-4fa3-a7fc-149a2204c0d7","2026-07-08 23:23:39.772","2026-07-19 18:06:18.432","90b6f332-a23e-4fa3-a7fc-149a2204c0d7","[PREMIUM]","New",2026,"Toyota","Camry","SE","[PREMIUM]","[PREMIUM]",0,"Sedan","Black","Black","Front-wheel Drive",,,"Gasoline",,,"dealership","[PREMIUM]","Temecula","CA","[PREMIUM]",22,"[]",,,"[PREMIUM]"
"5abffd22-b79f-46f9-bcf2-e4fb910c9a51","2026-07-08 23:23:39.771","2026-07-19 18:06:30.203","5abffd22-b79f-46f9-bcf2-e4fb910c9a51","[PREMIUM]","New",2026,"Mazda","CX-5","2.5 S","[PREMIUM]","[PREMIUM]",0,"SUV","Navy Blue Mica","Sport Tan Leather","All-wheel Drive",,,"Gasoline",,,"dealership","[PREMIUM]","Monroeville","PA","[PREMIUM]",1,"[]",,,"[PREMIUM]"
"59206750-23cf-4e1f-bf1c-cbb72f1a8bc3","2026-07-08 23:23:39.768","2026-07-08 23:23:39.768","59206750-23cf-4e1f-bf1c-cbb72f1a8bc3","[PREMIUM]","New",2026,"Honda","CR-V Hybrid","Sport","[PREMIUM]","[PREMIUM]",15,"SUV","Urban Gray Pearl","Black","Front-wheel Drive",,,"HEV (hybrid electric vehicle)",,,"dealership","[PREMIUM]","Arlington","TX","[PREMIUM]",27,"[]",,,"[PREMIUM]"
"e9bc1b7d-65ff-4a06-b35f-c5d6d2e44172","2026-07-08 23:23:39.764","2026-07-08 23:23:39.764","e9bc1b7d-65ff-4a06-b35f-c5d6d2e44172","[PREMIUM]","New",2026,"Honda","CR-V Hybrid","Sport-L","[PREMIUM]","[PREMIUM]",15,"SUV","Meteorite Gray","Black","Front-wheel Drive",,,"HEV (hybrid electric vehicle)",,,"dealership","[PREMIUM]","Arlington","TX","[PREMIUM]",27,"[]",,,"[PREMIUM]"
"4efc8d3e-c6a6-4488-8b42-11c89ba807cc","2026-07-08 23:23:39.758","2026-07-08 23:23:39.758","4efc8d3e-c6a6-4488-8b42-11c89ba807cc","[PREMIUM]","New",2026,"Hyundai","SONATA Hybrid","Limited","[PREMIUM]","[PREMIUM]",3,"Sedan","Portofino Gray","Dark Gray","Front-wheel Drive",,,"Hybrid",,,"dealership","[PREMIUM]","Salem","NH","[PREMIUM]",19,"[]",,,"[PREMIUM]"
"cc6ce921-47c2-4700-be41-30ce7c06b829","2026-07-08 23:23:39.755","2026-07-19 18:06:16.641","cc6ce921-47c2-4700-be41-30ce7c06b829","[PREMIUM]","New",2026,"Subaru","Forester","Wilderness","[PREMIUM]","[PREMIUM]",0,"SUV","Crystal White Pearl","Gray","All-wheel Drive",,,"Gasoline",,,"dealership","[PREMIUM]","Madison","WI","[PREMIUM]",1,"[]",,,"[PREMIUM]"
"32a8416c-b90b-43d4-bf2f-da9176425288","2026-07-08 23:23:39.598","2026-07-19 18:06:31.549","32a8416c-b90b-43d4-bf2f-da9176425288","[PREMIUM]","New",2026,"Ford","Maverick","XLT","[PREMIUM]","[PREMIUM]",4,"Truck","Shadow Black","Navy Pier/Aspen Gray","All-wheel Drive",,,"Gasoline",,,"dealership","[PREMIUM]","Buford","GA","[PREMIUM]",25,"[]",,,"[PREMIUM]"
"e5a90ebd-41cd-48c4-962e-04b6896b9e8f","2026-07-08 23:23:38.544","2026-07-19 18:06:18.116","e5a90ebd-41cd-48c4-962e-04b6896b9e8f","[PREMIUM]","New",2026,"Subaru","Forester Hybrid","Premium","[PREMIUM]","[PREMIUM]",0,"SUV","Magnetite Gray","Gray","All-wheel Drive",,,"Gasoline",,,"dealership","[PREMIUM]","Phoenix","AZ","[PREMIUM]",29,"[]",,,"[PREMIUM]"
"2453b0f7-1f30-4364-92a7-74407fae095b","2026-07-08 23:23:38.516","2026-07-19 18:06:18.497","2453b0f7-1f30-4364-92a7-74407fae095b","[PREMIUM]","New",2026,"Ford","Ranger","XL","[PREMIUM]","[PREMIUM]",11,"Truck","Oxford White","Ebony","Rear-wheel Drive",,,"Gasoline",,,"dealership","[PREMIUM]","Peoria","AZ","[PREMIUM]",30,"[]",,,"[PREMIUM]"
"8dcc164f-353d-4f62-b6aa-05286b24b6ea","2026-07-08 23:23:38.506","2026-07-19 18:06:16.518","8dcc164f-353d-4f62-b6aa-05286b24b6ea","[PREMIUM]","New",2026,"Ford","Escape","Active","[PREMIUM]","[PREMIUM]",0,"SUV","space silver metallic","space gray","All-wheel Drive",,,"Gasoline",,,"dealership","[PREMIUM]","Richmond","VA","[PREMIUM]",1,"[]",,,"[PREMIUM]"
"91dfdccf-e172-467e-97fa-5a7ede73f537","2026-07-08 23:23:26.820","2026-07-19 18:06:16.568","91dfdccf-e172-467e-97fa-5a7ede73f537","[PREMIUM]","New",2026,"Nissan","Frontier","SV","[PREMIUM]","[PREMIUM]",1,"Truck","Super Black","Charcoal","Four-wheel Drive",,,"Gasoline",,,"dealership","[PREMIUM]","Phoenix","AZ","[PREMIUM]",1,"[]",,,"[PREMIUM]"
"96d3e7e5-85b1-41b1-b364-f00956245374","2026-07-08 23:23:17.155","2026-07-19 18:06:17.898","96d3e7e5-85b1-41b1-b364-f00956245374","[PREMIUM]","New",2026,"Ford","Bronco Sport","Big Bend","[PREMIUM]","[PREMIUM]",3,"SUV","Oxford White","Ebony","Four-wheel Drive",,,"Gasoline",,,"dealership","[PREMIUM]","Salem","NH","[PREMIUM]",32,"[]",,,"[PREMIUM]"
"f81dcc60-3240-4462-9ebd-6b1a10b214af","2026-07-08 23:23:16.900","2026-07-19 18:06:18.350","f81dcc60-3240-4462-9ebd-6b1a10b214af","[PREMIUM]","New",2026,"Ford","Escape","Active","[PREMIUM]","[PREMIUM]",0,"SUV","vapor blue metallic","space gray","All-wheel Drive",,,"Gasoline",,,"dealership","[PREMIUM]","Cookeville","TN","[PREMIUM]",24,"[]",,,"[PREMIUM]"
"847f3f91-0260-4f8f-af2b-88a3d4dcd842","2026-07-08 23:23:16.808","2026-07-08 23:23:16.808","847f3f91-0260-4f8f-af2b-88a3d4dcd842","[PREMIUM]","New",2026,"Toyota","Camry","XLE","[PREMIUM]","[PREMIUM]",10,"Sedan","Heavy Metallic","Black Leather D","Front-wheel Drive",,,"Gasoline",,,"dealership","[PREMIUM]","San Antonio","TX","[PREMIUM]",1,"[]",,,"[PREMIUM]"
"d3991ef8-0202-41fe-8123-3d1d80916301","2026-07-08 23:23:16.797","2026-07-19 18:06:17.899","d3991ef8-0202-41fe-8123-3d1d80916301","[PREMIUM]","New",2026,"Hyundai","SONATA Hybrid","Limited","[PREMIUM]","[PREMIUM]",9,"Sedan","Portofino Gray","Gray","Front-wheel Drive",,,"Hybrid",,,"dealership","[PREMIUM]","Oklahoma City","OK","[PREMIUM]",32,"[]",,,"[PREMIUM]"
"7d0ca7bb-0a1a-43e6-b760-50895fb59446","2026-07-08 23:23:16.783","2026-07-19 18:06:18.051","7d0ca7bb-0a1a-43e6-b760-50895fb59446","[PREMIUM]","New",2026,"Mazda","CX-5","2.5 S Preferred Package","[PREMIUM]","[PREMIUM]",15,"SUV","Red","Black Leatherette","All-wheel Drive",,,"Gasoline",,,"dealership","[PREMIUM]","Hartford","CT","[PREMIUM]",6,"[]",,,"[PREMIUM]"
"f124de1e-4ad5-49a7-b7a4-d247c5af5423","2026-07-08 23:23:16.778","2026-07-19 18:06:18.206","f124de1e-4ad5-49a7-b7a4-d247c5af5423","[PREMIUM]","New",2026,"Mazda","CX-50","2.5 S Premium Package","[PREMIUM]","[PREMIUM]",15,"SUV","Green","Black Leather","All-wheel Drive",,,"Gasoline",,,"dealership","[PREMIUM]","Hartford","CT","[PREMIUM]",6,"[]",,,"[PREMIUM]"
"e38bf1ea-9cf1-4075-b4a9-755dfe3f1fea","2026-07-08 23:23:16.769","2026-07-16 18:02:27.497","e38bf1ea-9cf1-4075-b4a9-755dfe3f1fea","[PREMIUM]","New",2026,"Subaru","Outback","Premium","[PREMIUM]","[PREMIUM]",0,"SUV","Crimson Red Pearl","Black","All-wheel Drive",,,"Gasoline",,,"dealership","[PREMIUM]","Renfrew","PA","[PREMIUM]",22,"[]",,,"[PREMIUM]"
"4373156a-244c-4aff-a37e-e3b4c402874a","2026-07-08 23:23:16.754","2026-07-19 18:06:17.911","4373156a-244c-4aff-a37e-e3b4c402874a","[PREMIUM]","New",2026,"Honda","Civic Hybrid","Sport Touring","[PREMIUM]","[PREMIUM]",,"Sedan","Platinum White Pearl","Black","Front-wheel Drive",,,"Hybrid",,,"dealership","[PREMIUM]","El Monte","CA","[PREMIUM]",31,"[]",,,"[PREMIUM]"
"623944da-aae4-446e-9aa5-b71d558270a9","2026-07-08 23:23:16.732","2026-07-08 23:23:16.732","623944da-aae4-446e-9aa5-b71d558270a9","[PREMIUM]","New",2026,"Toyota","Tacoma","SR5","[PREMIUM]","[PREMIUM]",10,"Truck","Ice Cap","Boulder Fabric","4x2",,,"Regular unleaded",,,"dealership","[PREMIUM]","San Antonio","TX","[PREMIUM]",25,"[]",,,"[PREMIUM]"
"ebd6dbb1-fc56-4fef-b32d-7dfa9e891c04","2026-07-08 23:23:16.718","2026-07-19 18:06:18.449","ebd6dbb1-fc56-4fef-b32d-7dfa9e891c04","[PREMIUM]","New",2026,"Nissan","Frontier","SV","[PREMIUM]","[PREMIUM]",1,"Truck","Super Black","Charcoal","Four-wheel Drive",,,"Gasoline",,,"dealership","[PREMIUM]","Phoenix","AZ","[PREMIUM]",32,"[]",,,"[PREMIUM]"
"3739062f-fb21-42c4-8757-c14309daded9","2026-07-08 23:23:16.709","2026-07-11 23:29:15.088","3739062f-fb21-42c4-8757-c14309daded9","[PREMIUM]","New",2026,"Toyota","Tacoma","SR","[PREMIUM]","[PREMIUM]",0,"Truck","Ice Cap","Black","Rear-wheel Drive",,,"Gasoline",,,"dealership","[PREMIUM]","Avondale","AZ","[PREMIUM]",22,"[]",,,"[PREMIUM]"
"dcbd3a07-0af0-4ac2-bab3-4fac6d050b0e","2026-07-08 23:23:16.706","2026-07-19 18:06:17.882","dcbd3a07-0af0-4ac2-bab3-4fac6d050b0e","[PREMIUM]","New",2026,"Nissan","Rogue","Rock Creek","[PREMIUM]","[PREMIUM]",11,"SUV","Super Black","Charcoal","All-wheel Drive",,,"Gasoline",,,"dealership","[PREMIUM]","Phoenix","AZ","[PREMIUM]",32,"[]",,,"[PREMIUM]"
"aea7252c-2c76-4448-a9c6-a4cb0eaf55ae","2026-07-08 23:23:16.704","2026-07-08 23:23:16.704","aea7252c-2c76-4448-a9c6-a4cb0eaf55ae","[PREMIUM]","New",2026,"Toyota","Tacoma","SR","[PREMIUM]","[PREMIUM]",10,"Truck","Celestial Silver","Black","Rear-wheel Drive",,,"Gasoline",,,"dealership","[PREMIUM]","San Antonio","TX","[PREMIUM]",27,"[]",,,"[PREMIUM]"
"3eb6be16-4f1d-4e23-a216-29747a20d785","2026-07-08 23:23:16.671","2026-07-08 23:23:16.671","3eb6be16-4f1d-4e23-a216-29747a20d785","[PREMIUM]","New",2026,"Ford","Bronco Sport",,"[PREMIUM]","[PREMIUM]",0,"SUV",,,,,,,,,"dealership","[PREMIUM]","Newport News","VA","[PREMIUM]",1,"[]",,,"[PREMIUM]"
"b7f306cf-5758-45bc-af75-a5831bcc3d72","2026-07-08 23:23:16.668","2026-07-08 23:23:16.668","b7f306cf-5758-45bc-af75-a5831bcc3d72","[PREMIUM]","New",2026,"Chevrolet","Colorado","WT","[PREMIUM]","[PREMIUM]",0,"Truck","Black","Jet Black, Cloth seat trim","Rear-wheel Drive",,,"Gasoline",,,"dealership","[PREMIUM]","Greencastle","IN","[PREMIUM]",8,"[]",,,"[PREMIUM]"
"57e2fe11-4f71-45d6-bb93-94d88e8047c9","2026-07-08 23:23:16.572","2026-07-19 18:06:16.472","57e2fe11-4f71-45d6-bb93-94d88e8047c9","[PREMIUM]","New",2026,"Mazda","CX-5","2.5 S","[PREMIUM]","[PREMIUM]",154,"SUV","Machine Gray Metallic","Black","All-wheel Drive",,,"Gasoline",,,"dealership","[PREMIUM]","Wexford","PA","[PREMIUM]",1,"[]",,,"[PREMIUM]"
"a4a0d9db-176f-4d1b-baab-76a06f36baa3","2026-07-08 23:23:16.557","2026-07-19 18:06:16.508","a4a0d9db-176f-4d1b-baab-76a06f36baa3","[PREMIUM]","New",2026,"Mazda","CX-5","2.5 S","[PREMIUM]","[PREMIUM]",0,"SUV","Navy Blue Mica","Black Leather","All-wheel Drive",,,"Gasoline",,,"dealership","[PREMIUM]","Wexford","PA","[PREMIUM]",1,"[]",,,"[PREMIUM]"
"8cc2a2b0-ed78-494f-992e-09355f60fbb5","2026-07-08 23:23:16.551","2026-07-19 18:06:18.445","8cc2a2b0-ed78-494f-992e-09355f60fbb5","[PREMIUM]","Used",2026,"Kia","Carnival","LXS","[PREMIUM]","[PREMIUM]",2219,"Passenger Van","Snow White Pearl","Taupe","Front-wheel Drive",,,"Gasoline",,,"dealership","[PREMIUM]","Bronx","NY","[PREMIUM]",34,"[]",,,"[PREMIUM]"
"350cdc18-af1b-43c7-9f72-05da8646793f","2026-07-08 23:23:16.550","2026-07-19 18:06:17.889","350cdc18-af1b-43c7-9f72-05da8646793f","[PREMIUM]","New",2026,"Mazda","CX-5","2.5 S","[PREMIUM]","[PREMIUM]",3,"SUV","Jet Black Mica","Black","All-wheel Drive",,,"Gasoline",,,"dealership","[PREMIUM]","New Rochelle","NY","[PREMIUM]",32,"[]",,,"[PREMIUM]"
"83ef45fc-af47-4743-b6f3-5fdef0ed7e0f","2026-07-08 23:23:16.549","2026-07-19 18:06:17.904","83ef45fc-af47-4743-b6f3-5fdef0ed7e0f","[PREMIUM]","New",2026,"Mazda","CX-5","2.5 S","[PREMIUM]","[PREMIUM]",3,"SUV","Rhodium White Metallic","Sport Tan","All-wheel Drive",,,"Gasoline",,,"dealership","[PREMIUM]","New Rochelle","NY","[PREMIUM]",32,"[]",,,"[PREMIUM]"
"7ce6ff18-00bb-458a-a68f-3d5adf3290c3","2026-07-08 23:23:16.533","2026-07-19 18:06:18.065","7ce6ff18-00bb-458a-a68f-3d5adf3290c3","[PREMIUM]","New",2026,"Chevrolet","Blazer","2LT","[PREMIUM]","[PREMIUM]",0,"SUV","Black","Jet Black/Medium Gray","Front-wheel Drive",,,"Gasoline",,,"dealership","[PREMIUM]","Saline","MI","[PREMIUM]",32,"[]",,,"[PREMIUM]"
"ef3d75ca-4895-4d6f-b7ec-b62e12cd386f","2026-07-08 23:23:16.502","2026-07-08 23:23:16.502","ef3d75ca-4895-4d6f-b7ec-b62e12cd386f","[PREMIUM]","New",2026,"Toyota","Camry","SE","[PREMIUM]","[PREMIUM]",0,"Sedan","Black","Black","Front-wheel Drive",,,"Hybrid",,,"dealership","[PREMIUM]","Temecula","CA","[PREMIUM]",26,"[]",,,"[PREMIUM]"
"c6d314ca-5540-4c52-8835-3ea4d462cb1c","2026-07-08 23:23:16.452","2026-07-19 18:06:30.305","c6d314ca-5540-4c52-8835-3ea4d462cb1c","[PREMIUM]","New",2026,"Toyota","Camry","SE","[PREMIUM]","[PREMIUM]",0,"Sedan","Teal","Black","Front-wheel Drive",,,"Gasoline",,,"dealership","[PREMIUM]","Temecula","CA","[PREMIUM]",4,"[]",,,"[PREMIUM]"
"d67a0bfd-9ca0-49ba-b244-d3fbddb9c185","2026-07-08 23:23:16.424","2026-07-11 23:29:02.301","d67a0bfd-9ca0-49ba-b244-d3fbddb9c185","[PREMIUM]","New",2026,"Hyundai","SANTA FE HEV","SEL","[PREMIUM]","[PREMIUM]",5,"SUV","White","Black","Front-wheel Drive",,,"Hybrid",,,"dealership","[PREMIUM]","Florence","SC","[PREMIUM]",29,"[]",,,"[PREMIUM]"
"7b9100ce-261b-41c9-b4da-f1fbd2bc504e","2026-07-08 23:23:16.422","2026-07-11 23:29:02.597","7b9100ce-261b-41c9-b4da-f1fbd2bc504e","[PREMIUM]","New",2026,"Toyota","Camry","Nightshade","[PREMIUM]","[PREMIUM]",0,"Sedan","Black","Black","Front-wheel Drive",,,"Hybrid",,,"dealership","[PREMIUM]","Temecula","CA","[PREMIUM]",22,"[]",,,"[PREMIUM]"
"5f96c3c8-181e-4091-8212-13a592dcdc50","2026-07-08 23:23:16.405","2026-07-19 18:06:18.029","5f96c3c8-181e-4091-8212-13a592dcdc50","[PREMIUM]","New",2026,"Chevrolet","Equinox","1LT","[PREMIUM]","[PREMIUM]",109,"SUV","Sterling Gray Metallic","Black","All-wheel Drive",,,"Gasoline",,,"dealership","[PREMIUM]","SPENCERPORT","NY","[PREMIUM]",24,"[]",,,"[PREMIUM]"
"ae29da0f-4af5-42e2-800e-40e1991a1817","2026-07-08 23:23:16.401","2026-07-19 18:06:18.114","ae29da0f-4af5-42e2-800e-40e1991a1817","[PREMIUM]","New",2026,"Toyota","Camry","XSE","[PREMIUM]","[PREMIUM]",0,"Sedan","Gray","Black","Front-wheel Drive",,,"Gasoline",,,"dealership","[PREMIUM]","Temecula","CA","[PREMIUM]",22,"[]",,,"[PREMIUM]"
"e38642f8-65e9-4429-ade5-2e24bee60c4c","2026-07-08 23:23:16.390","2026-07-11 23:29:14.942","e38642f8-65e9-4429-ade5-2e24bee60c4c","[PREMIUM]","New",2026,"Toyota","Camry","Nightshade","[PREMIUM]","[PREMIUM]",5,"Sedan","Midnight Black Metallic","Black SofTex/fabric mixed media trim","Front-wheel Drive",,,"Gasoline",,,"dealership","[PREMIUM]","McDonough","GA","[PREMIUM]",1,"[]",,,"[PREMIUM]"
"49327df1-5125-451c-96d5-2fc0f57835f8","2026-07-08 23:23:16.366","2026-07-19 18:06:18.154","49327df1-5125-451c-96d5-2fc0f57835f8","[PREMIUM]","New",2026,"Toyota","Camry","SE","[PREMIUM]","[PREMIUM]",0,"Sedan","Black","Black","Front-wheel Drive",,,"Gasoline",,,"dealership","[PREMIUM]","Temecula","CA","[PREMIUM]",22,"[]",,,"[PREMIUM]"
"c4cc6d41-2d5b-41de-889c-4fd3fc0dd1a9","2026-07-08 23:23:16.358","2026-07-19 18:06:18.180","c4cc6d41-2d5b-41de-889c-4fd3fc0dd1a9","[PREMIUM]","New",2026,"Toyota","Camry","XSE","[PREMIUM]","[PREMIUM]",0,"Sedan","Black","Black","Front-wheel Drive",,,"Gasoline",,,"dealership","[PREMIUM]","Temecula","CA","[PREMIUM]",22,"[]",,,"[PREMIUM]"
"e37f5e75-cd4f-45fc-b8ac-623eec7e1933","2026-07-08 23:23:16.356","2026-07-16 18:02:28.689","e37f5e75-cd4f-45fc-b8ac-623eec7e1933","[PREMIUM]","New",2026,"Toyota","Camry","SE","[PREMIUM]","[PREMIUM]",0,"Sedan","Teal","Black","Front-wheel Drive",,,"Gasoline",,,"dealership","[PREMIUM]","Temecula","CA","[PREMIUM]",22,"[]",,,"[PREMIUM]"
"a16b18f8-342a-45fd-ae53-d919b3d458fc","2026-07-08 23:23:16.355","2026-07-08 23:23:16.355","a16b18f8-342a-45fd-ae53-d919b3d458fc","[PREMIUM]","New",2026,"Toyota","RAV4","SE","[PREMIUM]","[PREMIUM]",0,"SUV","White","Black","Front-wheel Drive",,,"Hybrid",,,"dealership","[PREMIUM]","Temecula","CA","[PREMIUM]",30,"[]",,,"[PREMIUM]"
"95e6ab0e-b576-4c08-a919-658515eaa307","2026-07-08 23:23:16.350","2026-07-16 18:02:27.725","95e6ab0e-b576-4c08-a919-658515eaa307","[PREMIUM]","New",2026,"Toyota","Camry","SE","[PREMIUM]","[PREMIUM]",5,"Sedan","Underground","Boulder","Front-wheel Drive",,,"Gasoline",,,"dealership","[PREMIUM]","McDonough","GA","[PREMIUM]",27,"[]",,,"[PREMIUM]"
"93d49719-4436-4b27-8c0a-442709e5dabd","2026-07-08 23:23:16.341","2026-07-19 18:06:17.970","93d49719-4436-4b27-8c0a-442709e5dabd","[PREMIUM]","New",2026,"Ford","Bronco Sport","Heritage","[PREMIUM]","[PREMIUM]",5,"SUV","Azure Gray Metallic Tri-Coat","Navy Pier","Four-wheel Drive",,,"Gasoline",,,"dealership","[PREMIUM]","Jacksonville","FL","[PREMIUM]",15,"[]",,,"[PREMIUM]"
"9d19ba8a-7017-44e0-b468-5f4907d7bf35","2026-07-08 23:23:16.330","2026-07-19 18:06:18.054","9d19ba8a-7017-44e0-b468-5f4907d7bf35","[PREMIUM]","New",2026,"Ford","Bronco Sport","Big Bend","[PREMIUM]","[PREMIUM]",5,"SUV","Oxford White","Bronze","Four-wheel Drive",,,"Gasoline",,,"dealership","[PREMIUM]","Philadelphia","PA","[PREMIUM]",8,"[]",,,"[PREMIUM]"
"301de561-94ba-4b37-930d-46353fd64bbb","2026-07-08 23:23:16.324","2026-07-19 18:06:17.966","301de561-94ba-4b37-930d-46353fd64bbb","[PREMIUM]","New",2026,"Kia","Carnival","EX","[PREMIUM]","[PREMIUM]",12,"Passenger Van","Silver","Gray","Front-wheel Drive",,,"Gasoline",,,"dealership","[PREMIUM]","Edmond","OK","[PREMIUM]",27,"[]",,,"[PREMIUM]"
"340c598c-5f09-4e75-86fd-3f69260948f6","2026-07-08 23:23:16.320","2026-07-19 18:06:17.899","340c598c-5f09-4e75-86fd-3f69260948f6","[PREMIUM]","New",2026,"Ford","Bronco Sport","Outer Banks","[PREMIUM]","[PREMIUM]",5,"SUV","Azure Gray Metallic","Navy Pier","Four-wheel Drive",,,"Gasoline",,,"dealership","[PREMIUM]","Philadelphia","PA","[PREMIUM]",23,"[]",,,"[PREMIUM]"
"0bee3178-d5ce-4897-b109-54b07de179bf","2026-07-08 23:23:16.306","2026-07-19 18:06:17.896","0bee3178-d5ce-4897-b109-54b07de179bf","[PREMIUM]","New",2026,"Nissan","Pathfinder","SV","[PREMIUM]","[PREMIUM]",5,"SUV","Gun Metallic","Charcoal","Front-wheel Drive",,,"Gasoline",,,"dealership","[PREMIUM]","Peoria","AZ","[PREMIUM]",32,"[]",,,"[PREMIUM]"
"ec9e200a-e5ef-4cb0-941a-ce3f7ead6fc1","2026-07-08 23:23:16.095","2026-07-19 18:06:18.134","ec9e200a-e5ef-4cb0-941a-ce3f7ead6fc1","[PREMIUM]","New",2026,"Toyota","Camry","SE","[PREMIUM]","[PREMIUM]",0,"Sedan","Teal","Black","Front-wheel Drive",,,"Gasoline",,,"dealership","[PREMIUM]","Temecula","CA","[PREMIUM]",22,"[]",,,"[PREMIUM]"
"58f2a71f-c1ac-4ab0-8a19-95f164c4331d","2026-07-08 23:23:16.087","2026-07-11 23:29:15.029","58f2a71f-c1ac-4ab0-8a19-95f164c4331d","[PREMIUM]","New",2026,"Toyota","Camry","SE","[PREMIUM]","[PREMIUM]",5,"Sedan","Heavy Metal [extra_cost_color]","Black SofTex/fabric mixed media trim","Front-wheel Drive",,,"Gasoline",,,"dealership","[PREMIUM]","McDonough","GA","[PREMIUM]",1,"[]",,,"[PREMIUM]"
"a1641d9e-19df-4e01-9f31-8644be8ffc0d","2026-07-08 23:23:16.068","2026-07-19 18:06:18.123","a1641d9e-19df-4e01-9f31-8644be8ffc0d","[PREMIUM]","New",2026,"Nissan","Pathfinder","SV","[PREMIUM]","[PREMIUM]",5,"SUV","Deep Ocean Blue Pearl","Charcoal","Front-wheel Drive",,,"Gasoline",,,"dealership","[PREMIUM]","Peoria","AZ","[PREMIUM]",32,"[]",,,"[PREMIUM]"
"5f5c50b9-8949-4a69-a890-97ba162068c7","2026-07-08 23:23:16.041","2026-07-19 18:06:16.506","5f5c50b9-8949-4a69-a890-97ba162068c7","[PREMIUM]","New",2026,"Subaru","Crosstrek","Limited","[PREMIUM]","[PREMIUM]",1,"SUV","Ice","Gray","All-wheel Drive",,,"Hybrid",,,"dealership","[PREMIUM]","Asheville","NC","[PREMIUM]",1,"[]",,,"[PREMIUM]"
"9b04af18-8c01-433a-8321-3cbfccf915fa","2026-07-08 23:23:15.997","2026-07-19 18:06:17.881","9b04af18-8c01-433a-8321-3cbfccf915fa","[PREMIUM]","New",2026,"Nissan","Pathfinder","SL","[PREMIUM]","[PREMIUM]",5,"SUV","Super Black","Charcoal","Front-wheel Drive",,,"Gasoline",,,"dealership","[PREMIUM]","Peoria","AZ","[PREMIUM]",27,"[]",,,"[PREMIUM]"
"954b161d-97e6-49ba-a4d4-e6c78396f49e","2026-07-08 23:23:15.981","2026-07-19 18:06:16.605","954b161d-97e6-49ba-a4d4-e6c78396f49e","[PREMIUM]","New",2026,"Hyundai","SANTA FE HEV","SEL","[PREMIUM]","[PREMIUM]",5,"SUV","Green","Black","All-wheel Drive",,,"Hybrid",,,"dealership","[PREMIUM]","Florence","SC","[PREMIUM]",1,"[]",,,"[PREMIUM]"
"6779b984-4557-40fe-a38d-26806112e970","2026-07-08 23:23:15.977","2026-07-19 18:06:17.967","6779b984-4557-40fe-a38d-26806112e970","[PREMIUM]","Used",2026,"MINI","Countryman","S","[PREMIUM]","[PREMIUM]",3867,"SUV","Chili Pepper Red","Petrol","All-wheel Drive",,,"Gasoline",,,"dealership","[PREMIUM]","Naperville","IL","[PREMIUM]",23,"[]",,,"[PREMIUM]"
"24fd44a5-e907-4483-88bd-edcd3edcae58","2026-07-08 23:23:15.966","2026-07-19 18:06:05.445","24fd44a5-e907-4483-88bd-edcd3edcae58","[PREMIUM]","New",2026,"MINI","Countryman","S","[PREMIUM]","[PREMIUM]",6,"SUV","White Metallic","Gray","All-wheel Drive",,,"Gasoline",,,"dealership","[PREMIUM]","Naperville","IL","[PREMIUM]",26,"[]",,,"[PREMIUM]"
"a348f40c-c73a-4a77-b7d0-0f56aac4656e","2026-07-08 23:23:15.930","2026-07-08 23:23:15.930","a348f40c-c73a-4a77-b7d0-0f56aac4656e","[PREMIUM]","New",2026,"Subaru","Outback","Premium","[PREMIUM]","[PREMIUM]",10,"SUV","Deep Emerald Green Pearl","Black","All-wheel Drive",,,"Gasoline",,,"dealership","[PREMIUM]","Columbus","OH","[PREMIUM]",8,"[]",,,"[PREMIUM]"
"895f6db2-1891-44b7-9d49-8acf24b22e28","2026-07-08 23:23:15.927","2026-07-19 18:06:17.894","895f6db2-1891-44b7-9d49-8acf24b22e28","[PREMIUM]","New",2026,"GMC","Terrain","FWD Elevation","[PREMIUM]","[PREMIUM]",10,"SUV","Summit White","After Dark","Front-wheel Drive",,,"Gasoline",,,"dealership","[PREMIUM]","Honolulu","HI","[PREMIUM]",24,"[]",,,"[PREMIUM]"
"1862cd2f-3e6d-445e-a92f-8eb47ab89823","2026-07-08 23:23:15.910","2026-07-19 18:06:05.535","1862cd2f-3e6d-445e-a92f-8eb47ab89823","[PREMIUM]","New",2026,"Hyundai","SANTA FE","SEL 2.4","[PREMIUM]","[PREMIUM]",21,"SUV","Ultimate Red","Gray","All-wheel Drive",,,"Hybrid",,,"dealership","[PREMIUM]","Rochester","MN","[PREMIUM]",32,"[]",,,"[PREMIUM]"
"274f3560-bf0b-473b-9b3f-b0fb2fb6df7a","2026-07-08 23:23:15.906","2026-07-16 18:02:12.925","274f3560-bf0b-473b-9b3f-b0fb2fb6df7a","[PREMIUM]","New",2026,"Toyota","Camry","SE","[PREMIUM]","[PREMIUM]",2,"Sedan","Ocean Gem","Boulder","Front-wheel Drive",,,"Gasoline",,,"dealership","[PREMIUM]","Naperville","IL","[PREMIUM]",14,"[]",,,"[PREMIUM]"
"17c7fd47-1448-4637-a183-5a5842090ca7","2026-07-08 23:23:15.905","2026-07-19 18:06:17.949","17c7fd47-1448-4637-a183-5a5842090ca7","[PREMIUM]","Used",2026,"MINI","Countryman","S","[PREMIUM]","[PREMIUM]",7757,"SUV","Blue Metallic","Black / Blue","All-wheel Drive",,,"Gasoline",,,"dealership","[PREMIUM]","Naperville","IL","[PREMIUM]",22,"[]",,,"[PREMIUM]"
"5965f1ce-9222-4569-860d-c3668466c1d7","2026-07-08 23:23:15.904","2026-07-11 23:29:02.306","5965f1ce-9222-4569-860d-c3668466c1d7","[PREMIUM]","New",2026,"Kia","Sportage Hybrid","EX","[PREMIUM]","[PREMIUM]",13,"SUV","Wolf Gray","Black","All-wheel Drive",,,"Hybrid",,,"dealership","[PREMIUM]","Tustin","CA","[PREMIUM]",27,"[]",,,"[PREMIUM]"
"e878eadc-020e-4a78-9279-7042bbfa944f","2026-07-08 23:23:15.903","2026-07-19 18:06:17.958","e878eadc-020e-4a78-9279-7042bbfa944f","[PREMIUM]","New",2026,"MINI","Countryman","S","[PREMIUM]","[PREMIUM]",4,"SUV","White Metallic","Gray","All-wheel Drive",,,"Gasoline",,,"dealership","[PREMIUM]","Naperville","IL","[PREMIUM]",26,"[]",,,"[PREMIUM]"
"fa95f483-f233-4730-b5ad-2d7792654f29","2026-07-08 23:23:15.902","2026-07-19 18:06:05.038","fa95f483-f233-4730-b5ad-2d7792654f29","[PREMIUM]","New",2026,"Toyota","Camry","SE","[PREMIUM]","[PREMIUM]",0,"Sedan","Dark Cosmos","Black","Front-wheel Drive",,,"Gasoline",,,"dealership","[PREMIUM]","Los Angeles","CA","[PREMIUM]",22,"[]",,,"[PREMIUM]"
"2bbb65a8-e707-46d8-b020-28b361225068","2026-07-08 23:23:15.901","2026-07-19 18:06:16.662","2bbb65a8-e707-46d8-b020-28b361225068","[PREMIUM]","New",2026,"Subaru","Crosstrek","Limited","[PREMIUM]","[PREMIUM]",1,"SUV","White Pearl","Gray","All-wheel Drive",,,"Hybrid",,,"dealership","[PREMIUM]","Asheville","NC","[PREMIUM]",1,"[]",,,"[PREMIUM]"
"9b4b1622-a127-432a-81ca-be6a960b20e3","2026-07-08 23:23:15.900","2026-07-19 18:06:05.047","9b4b1622-a127-432a-81ca-be6a960b20e3","[PREMIUM]","New",2026,"Ford","Ranger","XLT","[PREMIUM]","[PREMIUM]",8,"Truck","Avalanche","Ebony","Four-wheel Drive",,,"Gasoline",,,"dealership","[PREMIUM]","Hope","AR","[PREMIUM]",22,"[]",,,"[PREMIUM]"
"a9cca38a-b7c0-463b-84e8-f2fa7444351a","2026-07-08 23:23:15.897","2026-07-19 18:06:17.890","a9cca38a-b7c0-463b-84e8-f2fa7444351a","[PREMIUM]","New",2026,"Toyota","Corolla Cross","XLE","[PREMIUM]","[PREMIUM]",0,"SUV","Wind Chill Pearl","Black SofTex","All-wheel Drive",,,"Gasoline",,,"dealership","[PREMIUM]","Los Angeles","CA","[PREMIUM]",22,"[]",,,"[PREMIUM]"
"f7aa1371-6fc4-4477-9b27-3801f86680b5","2026-07-08 23:23:15.896","2026-07-19 18:06:17.992","f7aa1371-6fc4-4477-9b27-3801f86680b5","[PREMIUM]","New",2026,"Ford","Bronco Sport","Outer Banks","[PREMIUM]","[PREMIUM]",4,"SUV","Space White Metallic","Platinum Blue","Four-wheel Drive",,,"Gasoline",,,"dealership","[PREMIUM]","Troy","MI","[PREMIUM]",23,"[]",,,"[PREMIUM]"
"04b6ad23-0d9a-4c06-a8f9-4c60075c78d4","2026-07-08 23:23:15.895","2026-07-19 18:06:17.953","04b6ad23-0d9a-4c06-a8f9-4c60075c78d4","[PREMIUM]","New",2026,"Toyota","Camry","SE","[PREMIUM]","[PREMIUM]",0,"Sedan","Supersonic Red","Boulder SofTex/fabric mixed media trim","Front-wheel Drive",,,"Gasoline",,,"dealership","[PREMIUM]","Houston","TX","[PREMIUM]",22,"[]",,,"[PREMIUM]"
"05bf1eb7-061b-49fc-8043-a78a41cd7448","2026-07-08 23:23:15.893","2026-07-19 18:05:53.909","05bf1eb7-061b-49fc-8043-a78a41cd7448","[PREMIUM]","New",2026,"Ford","Bronco Sport","Big Bend","[PREMIUM]","[PREMIUM]",75,"SUV","OXFORD WHITE","MED LIGHT SMOKED TRUFFLE TRIM","Four-wheel Drive",,,"Gasoline",,,"dealership","[PREMIUM]","Troy","MI","[PREMIUM]",23,"[]",,,"[PREMIUM]"
"d49a9cf9-375a-466f-8cdc-8d0fc4858e75","2026-07-08 23:23:15.893","2026-07-19 18:06:17.959","d49a9cf9-375a-466f-8cdc-8d0fc4858e75","[PREMIUM]","New",2026,"MINI","Countryman","S","[PREMIUM]","[PREMIUM]",5,"SUV","Chili Pepper Red","Gray","All-wheel Drive",,,"Gasoline",,,"dealership","[PREMIUM]","Naperville","IL","[PREMIUM]",25,"[]",,,"[PREMIUM]"
"9d661e10-3e72-4143-951d-2020d17bbdf6","2026-07-08 23:23:15.892","2026-07-08 23:23:15.892","9d661e10-3e72-4143-951d-2020d17bbdf6","[PREMIUM]","New",2026,"Toyota","Camry","SE","[PREMIUM]","[PREMIUM]",604,"Sedan","Ocean Gem","Boulder","Front-wheel Drive",,,"Gasoline",,,"dealership","[PREMIUM]","Harvey","LA","[PREMIUM]",1,"[]",,,"[PREMIUM]"
"abc02d53-381a-486f-95fc-7241a2be41cd","2026-07-08 23:23:15.892","2026-07-19 18:06:17.940","abc02d53-381a-486f-95fc-7241a2be41cd","[PREMIUM]","New",2026,"Hyundai","SANTA FE","SEL 2.4","[PREMIUM]","[PREMIUM]",105,"SUV","Shimmering Silver","Black","All-wheel Drive",,,"Hybrid",,,"dealership","[PREMIUM]","Rochester","MN","[PREMIUM]",29,"[]",,,"[PREMIUM]"
"acd1ad9f-08d1-4511-a50d-eceaebbf7b4a","2026-07-08 23:23:15.890","2026-07-19 18:06:17.906","acd1ad9f-08d1-4511-a50d-eceaebbf7b4a","[PREMIUM]","New",2026,"MINI","Countryman","S","[PREMIUM]","[PREMIUM]",4,"SUV","Chili Pepper Red","Gray","All-wheel Drive",,,"Gasoline",,,"dealership","[PREMIUM]","Naperville","IL","[PREMIUM]",24,"[]",,,"[PREMIUM]"
"1faf11d8-48b8-4202-8868-3a3fef0d4305","2026-07-08 23:23:15.888","2026-07-19 18:06:17.984","1faf11d8-48b8-4202-8868-3a3fef0d4305","[PREMIUM]","New",2026,"Ford","Ranger","XLT","[PREMIUM]","[PREMIUM]",1,"Truck","Velocity Blue Metallic","Ebony","Four-wheel Drive",,,"Gasoline",,,"dealership","[PREMIUM]","Hope","AR","[PREMIUM]",22,"[]",,,"[PREMIUM]"
"c6091a85-b110-4ee0-8ffc-89291438e10c","2026-07-08 23:23:15.888","2026-07-19 18:06:17.995","c6091a85-b110-4ee0-8ffc-89291438e10c","[PREMIUM]","New",2026,"GMC","Terrain","FWD Elevation","[PREMIUM]","[PREMIUM]",5,"SUV","Sterling Metallic","After Dark","Front-wheel Drive",,,"Gasoline",,,"dealership","[PREMIUM]","Honolulu","HI","[PREMIUM]",24,"[]",,,"[PREMIUM]"
"88a97822-61f9-4b37-a895-fa3320e9bb8e","2026-07-08 23:23:15.887","2026-07-19 18:06:17.882","88a97822-61f9-4b37-a895-fa3320e9bb8e","[PREMIUM]","New",2026,"GMC","Terrain","AT4","[PREMIUM]","[PREMIUM]",,"SUV","Volcanic Red","Storm","All-wheel Drive",,,"Gasoline",,,"dealership","[PREMIUM]","Apple Valley","MN","[PREMIUM]",32,"[]",,,"[PREMIUM]"
"d375d151-b751-46e2-82ae-8afd97981838","2026-07-08 23:23:15.885","2026-07-19 18:06:17.959","d375d151-b751-46e2-82ae-8afd97981838","[PREMIUM]","New",2026,"Hyundai","SANTA FE","SEL 2.4","[PREMIUM]","[PREMIUM]",23,"SUV","Shimmering Silver","Black","All-wheel Drive",,,"Hybrid",,,"dealership","[PREMIUM]","Rochester","MN","[PREMIUM]",32,"[]",,,"[PREMIUM]"
"9a21c81a-7fd8-4491-85a4-4ed9032d7f2c","2026-07-08 23:23:15.882","2026-07-19 18:06:16.588","9a21c81a-7fd8-4491-85a4-4ed9032d7f2c","[PREMIUM]","New",2026,"Jeep","Compass","Trailhawk","[PREMIUM]","[PREMIUM]",0,"SUV","Bright White Clearcoat","Ruby Red/Black","Four-wheel Drive",,,"Gasoline",,,"dealership","[PREMIUM]","Kernersville","NC","[PREMIUM]",1,"[]",,,"[PREMIUM]"
"abc900a8-7e70-40c5-bff3-e5e807547502","2026-07-08 23:23:15.882","2026-07-19 18:06:05.058","abc900a8-7e70-40c5-bff3-e5e807547502","[PREMIUM]","New",2026,"Ford","Bronco Sport","Outer Banks","[PREMIUM]","[PREMIUM]",,"SUV","Ruby Red Metallic Tinted Clearcoat","Ebony","Four-wheel Drive",,,"Gasoline",,,"dealership","[PREMIUM]","Hope","AR","[PREMIUM]",23,"[]",,,"[PREMIUM]"
"03bb76df-3b77-4022-a8df-a3a22e58dcab","2026-07-08 23:23:15.881","2026-07-19 18:06:16.808","03bb76df-3b77-4022-a8df-a3a22e58dcab","[PREMIUM]","New",2026,"GMC","Terrain","FWD Elevation","[PREMIUM]","[PREMIUM]",5,"SUV","Ebony Twilight Metallic","After Dark","Front-wheel Drive",,,"Gasoline",,,"dealership","[PREMIUM]","Honolulu","HI","[PREMIUM]",24,"[]",,,"[PREMIUM]"
"2c99ef20-7c02-4688-a7d6-d0bdf3553675","2026-07-08 23:23:15.876","2026-07-19 18:06:17.883","2c99ef20-7c02-4688-a7d6-d0bdf3553675","[PREMIUM]","New",2026,"MINI","Countryman","S","[PREMIUM]","[PREMIUM]",5,"SUV","Chili Pepper Red","Gray","All-wheel Drive",,,"Gasoline",,,"dealership","[PREMIUM]","Naperville","IL","[PREMIUM]",25,"[]",,,"[PREMIUM]"
"a63b48ef-ad11-49aa-80f8-ba5e6235f63a","2026-07-08 23:23:15.876","2026-07-19 18:06:05.019","a63b48ef-ad11-49aa-80f8-ba5e6235f63a","[PREMIUM]","New",2026,"Ford","Explorer","Active","[PREMIUM]","[PREMIUM]",485,"SUV","Vapor Blue","Space Gray","Rear-wheel Drive",,,"Gasoline",,,"dealership","[PREMIUM]","Hope","AR","[PREMIUM]",25,"[]",,,"[PREMIUM]"
"8596e0ac-d571-4e7b-a1c0-279862bb1b34","2026-07-08 23:23:15.824","2026-07-19 18:06:05.141","8596e0ac-d571-4e7b-a1c0-279862bb1b34","[PREMIUM]","New",2026,"Ford","Explorer","Active","[PREMIUM]","[PREMIUM]",390,"SUV","White Metallic","Space Gray","Rear-wheel Drive",,,"Gasoline",,,"dealership","[PREMIUM]","Hope","AR","[PREMIUM]",27,"[]",,,"[PREMIUM]"
"64f2983c-b2d6-4585-8b33-51ed5afc38f0","2026-07-08 23:23:15.769","2026-07-19 18:05:53.857","64f2983c-b2d6-4585-8b33-51ed5afc38f0","[PREMIUM]","New",2026,"Ford","Explorer","Active","[PREMIUM]","[PREMIUM]",11,"SUV","Vapor Blue Metallic","Gray","Rear-wheel Drive",,,"Gasoline",,,"dealership","[PREMIUM]","Hope","AR","[PREMIUM]",20,"[]",,,"[PREMIUM]"
"6caf6a75-2744-453a-b944-0cdf026bfa9c","2026-07-08 23:23:15.762","2026-07-19 18:05:53.877","6caf6a75-2744-453a-b944-0cdf026bfa9c","[PREMIUM]","New",2026,"Ford","Explorer","Active","[PREMIUM]","[PREMIUM]",,"SUV","Agate Black Metallic","Gray","Rear-wheel Drive",,,"Gasoline",,,"dealership","[PREMIUM]","Hope","AR","[PREMIUM]",23,"[]",,,"[PREMIUM]"
"e08b5c1f-cf10-4bdb-9f9e-82d48562f580","2026-07-08 23:23:15.758","2026-07-19 18:06:17.955","e08b5c1f-cf10-4bdb-9f9e-82d48562f580","[PREMIUM]","Used",2026,"BMW","X1","xDrive28i","[PREMIUM]","[PREMIUM]",18363,"SUV","Red Metallic","Black","All-wheel Drive",,,"Gasoline",,,"dealership","[PREMIUM]","Naperville","IL","[PREMIUM]",23,"[]",,,"[PREMIUM]"
"f2c2c88d-1f7c-4bb6-b64f-288297cbaa52","2026-07-08 23:23:15.758","2026-07-19 18:06:05.033","f2c2c88d-1f7c-4bb6-b64f-288297cbaa52","[PREMIUM]","New",2026,"Volkswagen","Tiguan","2.0T SE R-Line Black 4MOTION","[PREMIUM]","[PREMIUM]",1,"SUV","monterey blue with deep black roof",,"All-wheel Drive",,,"Gasoline",,,"dealership","[PREMIUM]","Twin Falls","ID","[PREMIUM]",1,"[]",,,"[PREMIUM]"
"ddbd2043-f964-4ce9-8b62-c3287c04c774","2026-07-08 23:23:15.756","2026-07-19 18:06:05.049","ddbd2043-f964-4ce9-8b62-c3287c04c774","[PREMIUM]","New",2026,"Ford","Explorer","Active","[PREMIUM]","[PREMIUM]",149,"SUV","Star White","Dark Space Gray","Rear-wheel Drive",,,"Gasoline",,,"dealership","[PREMIUM]","Hope","AR","[PREMIUM]",23,"[]",,,"[PREMIUM]"
"22e9ae21-b3f8-44bc-a423-1db079bcb641","2026-07-08 23:23:15.745","2026-07-19 18:06:05.042","22e9ae21-b3f8-44bc-a423-1db079bcb641","[PREMIUM]","New",2026,"Ford","Explorer","ST-Line","[PREMIUM]","[PREMIUM]",49,"SUV","Gray","Onyx","Rear-wheel Drive",,,"Gasoline",,,"dealership","[PREMIUM]","Hope","AR","[PREMIUM]",26,"[]",,,"[PREMIUM]"
"888566b8-53e5-4f83-9a4b-b0f1b275e30b","2026-07-08 23:23:14.711","2026-07-08 23:23:14.711","888566b8-53e5-4f83-9a4b-b0f1b275e30b","[PREMIUM]","New",2026,"Honda","CR-V","EX","[PREMIUM]","[PREMIUM]",5,"SUV","Platinum White","Black Clth","All-wheel Drive",,,"Gasoline",,,"dealership","[PREMIUM]","Vienna","VA","[PREMIUM]",1,"[]",,,"[PREMIUM]"
"95a2e696-a7e7-465b-8502-b58474a0adf1","2026-07-08 23:23:14.702","2026-07-19 18:06:16.581","95a2e696-a7e7-465b-8502-b58474a0adf1","[PREMIUM]","New",2026,"Subaru","Crosstrek","Limited","[PREMIUM]","[PREMIUM]",1,"SUV","Black / Silver","Gray","All-wheel Drive",,,"Hybrid",,,"dealership","[PREMIUM]","Asheville","NC","[PREMIUM]",1,"[]",,,"[PREMIUM]"
"526df24d-40b9-4ced-91ee-0e3be28528b1","2026-07-08 23:23:14.692","2026-07-11 23:28:51.265","526df24d-40b9-4ced-91ee-0e3be28528b1","[PREMIUM]","New",2026,"Toyota","Camry","XSE","[PREMIUM]","[PREMIUM]",0,"Sedan","Midnight Black Metallic","Black leather trim","Front-wheel Drive",,,"Gasoline",,,"dealership","[PREMIUM]","Los Angeles","CA","[PREMIUM]",22,"[]",,,"[PREMIUM]"
"77e62d75-8d54-4a0f-b1b8-3506a923d848","2026-07-08 23:23:14.679","2026-07-19 18:06:05.045","77e62d75-8d54-4a0f-b1b8-3506a923d848","[PREMIUM]","New",2026,"MINI","Countryman","S","[PREMIUM]","[PREMIUM]",4,"SUV","Blazing Blue Metallic","Gray","All-wheel Drive",,,"Gasoline",,,"dealership","[PREMIUM]","Naperville","IL","[PREMIUM]",24,"[]",,,"[PREMIUM]"
"14b36621-3f0c-4194-8101-ef86724c1441","2026-07-08 23:23:14.671","2026-07-19 18:06:17.888","14b36621-3f0c-4194-8101-ef86724c1441","[PREMIUM]","New",2026,"Hyundai","TUCSON Hybrid","SEL Convenience","[PREMIUM]","[PREMIUM]",3,"SUV","Pearl","Black","All-wheel Drive",,,"Hybrid",,,"dealership","[PREMIUM]","Fairhaven","MA","[PREMIUM]",19,"[]",,,"[PREMIUM]"
"f784ba49-3480-4264-8b9a-8d5b8e04f8f9","2026-07-08 23:23:14.670","2026-07-19 18:06:17.945","f784ba49-3480-4264-8b9a-8d5b8e04f8f9","[PREMIUM]","New",2026,"Toyota","Camry","SE","[PREMIUM]","[PREMIUM]",0,"Sedan","Heavy Metal","Boulder SofTex/fabric mixed media trim","Front-wheel Drive",,,"Gasoline",,,"dealership","[PREMIUM]","Houston","TX","[PREMIUM]",22,"[]",,,"[PREMIUM]"
"4ed0ad06-3429-4b71-98b8-e05c4173186e","2026-07-08 23:23:14.669","2026-07-08 23:23:14.669","4ed0ad06-3429-4b71-98b8-e05c4173186e","[PREMIUM]","New",2026,"Toyota","RAV4","LE","[PREMIUM]","[PREMIUM]",0,"SUV","Ruby Flare Pearl","Black fabric","Front-wheel Drive",,,"Gasoline",,,"dealership","[PREMIUM]","Houston","TX","[PREMIUM]",22,"[]",,,"[PREMIUM]"
"06c6e1ea-e16f-4937-ad98-c3b3e7b78e1e","2026-07-08 23:23:14.667","2026-07-11 23:29:02.332","06c6e1ea-e16f-4937-ad98-c3b3e7b78e1e","[PREMIUM]","New",2026,"Subaru","Crosstrek","Wilderness","[PREMIUM]","[PREMIUM]",3,"SUV","Lithium Red Pearl","Black","All-wheel Drive",,,"Gasoline",,,"dealership","[PREMIUM]","Libertyville","IL","[PREMIUM]",32,"[]",,,"[PREMIUM]"
"8c0ec606-329a-4ee9-bb86-a7334008e1ee","2026-07-08 23:23:14.664","2026-07-19 18:06:17.953","8c0ec606-329a-4ee9-bb86-a7334008e1ee","[PREMIUM]","New",2026,"MINI","Hardtop","Cooper S","[PREMIUM]","[PREMIUM]",10,"Hatchback","Blue Metallic","Blue","Front-wheel Drive",,,"Gasoline",,,"dealership","[PREMIUM]","Naperville","IL","[PREMIUM]",26,"[]",,,"[PREMIUM]"
"88d47c93-0d06-4be6-8207-ec5ed90a1e36","2026-07-08 23:23:14.662","2026-07-19 18:06:04.906","88d47c93-0d06-4be6-8207-ec5ed90a1e36","[PREMIUM]","New",2026,"Subaru","Crosstrek","Limited","[PREMIUM]","[PREMIUM]",1,"SUV","Blue","Gray","All-wheel Drive",,,"Hybrid",,,"dealership","[PREMIUM]","Asheville","NC","[PREMIUM]",1,"[]",,,"[PREMIUM]"
"9f1b297f-7360-4fb0-91ea-dd924114b1af","2026-07-08 23:23:14.659","2026-07-19 18:06:05.007","9f1b297f-7360-4fb0-91ea-dd924114b1af","[PREMIUM]","New",2026,"MINI","Hardtop","Cooper S","[PREMIUM]","[PREMIUM]",5,"Hatchback","Midnight Black","Black / Blue","Front-wheel Drive",,,"Gasoline",,,"dealership","[PREMIUM]","Naperville","IL","[PREMIUM]",25,"[]",,,"[PREMIUM]"
"84427ab6-9b2e-49ec-82d0-b5a43464fce7","2026-07-08 23:23:14.652","2026-07-19 18:06:05.047","84427ab6-9b2e-49ec-82d0-b5a43464fce7","[PREMIUM]","New",2026,"Toyota","Camry","SE","[PREMIUM]","[PREMIUM]",0,"Sedan","Heavy Metal","Boulder SofTex/fabric mixed media trim","Front-wheel Drive",,,"Gasoline",,,"dealership","[PREMIUM]","Houston","TX","[PREMIUM]",22,"[]",,,"[PREMIUM]"
"3434e233-1ea9-4ed1-a16f-4c27618b5963","2026-07-08 23:23:14.641","2026-07-19 18:06:05.042","3434e233-1ea9-4ed1-a16f-4c27618b5963","[PREMIUM]","New",2026,"MINI","Hardtop","Cooper S","[PREMIUM]","[PREMIUM]",6,"Hatchback","White Metallic","Black","Front-wheel Drive",,,"Gasoline",,,"dealership","[PREMIUM]","Naperville","IL","[PREMIUM]",26,"[]",,,"[PREMIUM]"
"6f4b6f17-bbaf-4249-801c-f949f31ff62f","2026-07-08 23:23:14.641","2026-07-19 18:06:04.932","6f4b6f17-bbaf-4249-801c-f949f31ff62f","[PREMIUM]","New",2026,"Subaru","Crosstrek","Limited","[PREMIUM]","[PREMIUM]",1,"SUV","Blue","Gray","All-wheel Drive",,,"Hybrid",,,"dealership","[PREMIUM]","Asheville","NC","[PREMIUM]",1,"[]",,,"[PREMIUM]"
"bdcfb990-76c1-43d3-98ec-933e74eb835f","2026-07-08 23:23:14.640","2026-07-19 18:06:16.554","bdcfb990-76c1-43d3-98ec-933e74eb835f","[PREMIUM]","New",2026,"Volkswagen","Tiguan","2.0T SE R-Line Black 4MOTION","[PREMIUM]","[PREMIUM]",1,"SUV","monterey blue pearl",,"All-wheel Drive",,,"Gasoline",,,"dealership","[PREMIUM]","Twin Falls","ID","[PREMIUM]",1,"[]",,,"[PREMIUM]"
"0abe1b3e-8cab-48c3-9841-f6aed4e0faf7","2026-07-08 23:23:14.636","2026-07-19 18:06:04.928","0abe1b3e-8cab-48c3-9841-f6aed4e0faf7","[PREMIUM]","New",2026,"Subaru","Crosstrek","Limited","[PREMIUM]","[PREMIUM]",1,"SUV","Sand Dune","Gray","All-wheel Drive",,,"Hybrid",,,"dealership","[PREMIUM]","Asheville","NC","[PREMIUM]",1,"[]",,,"[PREMIUM]"
"1d0ffb45-f247-4ff9-88b4-dff09ee991ab","2026-07-08 23:23:14.627","2026-07-19 18:06:05.053","1d0ffb45-f247-4ff9-88b4-dff09ee991ab","[PREMIUM]","New",2026,"MINI","Hardtop","Cooper","[PREMIUM]","[PREMIUM]",228,"Hatchback","Chili Pepper Red","Beige","Front-wheel Drive",,,"Gasoline",,,"dealership","[PREMIUM]","Naperville","IL","[PREMIUM]",26,"[]",,,"[PREMIUM]"
"dde3568d-67f3-4537-be44-29be4e0c423d","2026-07-08 23:23:14.626","2026-07-19 18:06:05.030","dde3568d-67f3-4537-be44-29be4e0c423d","[PREMIUM]","New",2026,"Hyundai","SANTA FE","SE","[PREMIUM]","[PREMIUM]",40,"SUV","Hampton Gray","Black","All-wheel Drive",,,"Hybrid",,,"dealership","[PREMIUM]","Rochester","MN","[PREMIUM]",28,"[]",,,"[PREMIUM]"
"5af1758e-a3e7-4ede-aca3-1d93befbf8e5","2026-07-08 23:23:14.624","2026-07-19 18:06:16.532","5af1758e-a3e7-4ede-aca3-1d93befbf8e5","[PREMIUM]","New",2026,"Volkswagen","Tiguan","2.0T SE 4MOTION","[PREMIUM]","[PREMIUM]",1,"SUV","deep black pearl",,"All-wheel Drive",,,"Gasoline",,,"dealership","[PREMIUM]","Twin Falls","ID","[PREMIUM]",1,"[]",,,"[PREMIUM]"
"f02be36d-7888-4d2d-a561-9173101a95f2","2026-07-08 23:23:14.612","2026-07-08 23:23:14.612","f02be36d-7888-4d2d-a561-9173101a95f2","[PREMIUM]","New",2026,"Toyota","Prius Plug-In Hybrid","SE","[PREMIUM]","[PREMIUM]",0,"Hatchback","Wind Chill Pearl [extra_cost_color]","Black and Red Fabric","Front-wheel Drive",,,"Hybrid",,,"dealership","[PREMIUM]","Los Angeles","CA","[PREMIUM]",22,"[]",,,"[PREMIUM]"
"5bf9c83d-a5f1-48d5-8bbb-7efc509fff04","2026-07-08 23:23:03.839","2026-07-19 18:06:05.056","5bf9c83d-a5f1-48d5-8bbb-7efc509fff04","[PREMIUM]","New",2026,"Jeep","Cherokee","Limited","[PREMIUM]","[PREMIUM]",503,"SUV","Diamond Black Crystal Pearlcoat","Arctic/Black w/Soul Cloth","Four-wheel Drive",,,"Gasoline",,,"dealership","[PREMIUM]","Fruitland Park","FL","[PREMIUM]",29,"[]",,,"[PREMIUM]"
"8c5548ab-5ef7-4ea5-a9a9-076f66ee0376","2026-07-08 23:23:03.821","2026-07-19 18:05:53.920","8c5548ab-5ef7-4ea5-a9a9-076f66ee0376","[PREMIUM]","New",2026,"Honda","CR-V","EX-L 2WD","[PREMIUM]","[PREMIUM]",7,"SUV","Meteorite Gray Metallic","Gray","Front-wheel Drive",,,"Gasoline",,,"dealership","[PREMIUM]","Gadsden","AL","[PREMIUM]",32,"[]",,,"[PREMIUM]"
"90ad4e8b-21bb-4101-826c-2de3e8124acf","2026-07-08 23:23:03.788","2026-07-19 18:06:05.091","90ad4e8b-21bb-4101-826c-2de3e8124acf","[PREMIUM]","New",2026,"Toyota","Camry","SE","[PREMIUM]","[PREMIUM]",1,"Sedan","Underground","10","Front-wheel Drive",,,"Gasoline",,,"dealership","[PREMIUM]","Tampa","FL","[PREMIUM]",32,"[]",,,"[PREMIUM]"
"da028f45-acfa-40a9-94a7-de4e04ddcaec","2026-07-08 23:23:03.779","2026-07-11 23:29:02.348","da028f45-acfa-40a9-94a7-de4e04ddcaec","[PREMIUM]","New",2026,"Toyota","Camry","SE","[PREMIUM]","[PREMIUM]",0,"Sedan","Underground","Black","Front-wheel Drive",,,"Gasoline",,,"dealership","[PREMIUM]","Wilkes-Barre","PA","[PREMIUM]",22,"[]",,,"[PREMIUM]"
"11ebede3-d6be-4625-ad5d-f84fbcd726c3","2026-07-08 23:23:03.747","2026-07-19 18:06:05.097","11ebede3-d6be-4625-ad5d-f84fbcd726c3","[PREMIUM]","New",2026,"Kia","Sportage","X-Line","[PREMIUM]","[PREMIUM]",8,"SUV","Gray","Terracotta Syntex Premium","All-wheel Drive",,,"Hybrid",,,"dealership","[PREMIUM]","Fort Smith","AR","[PREMIUM]",32,"[]",,,"[PREMIUM]"
"6006a23a-e9ef-4f6b-861d-b15f3a0c2fc0","2026-07-08 23:23:03.736","2026-07-19 18:06:05.118","6006a23a-e9ef-4f6b-861d-b15f3a0c2fc0","[PREMIUM]","New",2026,"Honda","Accord Hybrid","Sport-L","[PREMIUM]","[PREMIUM]",33,"Sedan","Platinum White","Black","Front-wheel Drive",,,"Hybrid",,,"dealership","[PREMIUM]","Henderson","NV","[PREMIUM]",25,"[]",,,"[PREMIUM]"
"7deee43e-b69c-4dfa-9072-73b780d79727","2026-07-08 23:23:03.731","2026-07-19 18:06:05.107","7deee43e-b69c-4dfa-9072-73b780d79727","[PREMIUM]","New",2026,"Nissan","Rogue","Platinum","[PREMIUM]","[PREMIUM]",8,"SUV","Super Black","Chestnut Quilted Semi-Ani","All-wheel Drive",,,"Gasoline",,,"dealership","[PREMIUM]","Hazelwood","MO","[PREMIUM]",27,"[]",,,"[PREMIUM]"
"84dcbbb7-786b-4e22-9a0b-cba5a73b5eef","2026-07-08 23:23:03.713","2026-07-19 18:06:04.928","84dcbbb7-786b-4e22-9a0b-cba5a73b5eef","[PREMIUM]","New",2026,"Volkswagen","Tiguan","2.0T SE 4MOTION","[PREMIUM]","[PREMIUM]",1,"SUV","White","Grigio &amp;Blk Perforated V","All-wheel Drive",,,"Gasoline",,,"dealership","[PREMIUM]","Akron","OH","[PREMIUM]",1,"[]",,,"[PREMIUM]"
"e0e8b95d-9e24-4a78-a08f-bf015ad88aef","2026-07-08 23:23:03.712","2026-07-19 18:05:42.505","e0e8b95d-9e24-4a78-a08f-bf015ad88aef","[PREMIUM]","New",2026,"Toyota","Camry","SE","[PREMIUM]","[PREMIUM]",0,"Sedan","Heavy Metal","Black","Front-wheel Drive",,,"Gasoline",,,"dealership","[PREMIUM]","Orlando","FL","[PREMIUM]",1,"[]",,,"[PREMIUM]"
"fc75c62d-d883-4610-9e53-7581c7cd9efe","2026-07-08 23:23:03.703","2026-07-19 18:05:53.895","fc75c62d-d883-4610-9e53-7581c7cd9efe","[PREMIUM]","New",2026,"Nissan","Frontier","PRO-4X","[PREMIUM]","[PREMIUM]",9,"Truck","Glacier White","Steel","Four-wheel Drive",,,"Gasoline",,,"dealership","[PREMIUM]","Cathedral City","CA","[PREMIUM]",19,"[]",,,"[PREMIUM]"
"b48eba5f-8f16-4573-97c3-1bacc354986a","2026-07-08 23:23:03.630","2026-07-19 18:06:17.887","b48eba5f-8f16-4573-97c3-1bacc354986a","[PREMIUM]","New",2026,"Volkswagen","Tiguan","2.0T SE 4MOTION","[PREMIUM]","[PREMIUM]",1,"SUV","White","Grigio &amp;Blk Perforated V","All-wheel Drive",,,"Gasoline",,,"dealership","[PREMIUM]","Akron","OH","[PREMIUM]",26,"[]",,,"[PREMIUM]"
"d57617be-73c1-4815-af76-b8e8b2e4a314","2026-07-08 23:23:03.625","2026-07-19 18:06:04.960","d57617be-73c1-4815-af76-b8e8b2e4a314","[PREMIUM]","New",2026,"Toyota","Camry","SE","[PREMIUM]","[PREMIUM]",0,"Sedan","Dark Cosmos","Boulder","Front-wheel Drive",,,"Gasoline",,,"dealership","[PREMIUM]","Orlando","FL","[PREMIUM]",1,"[]",,,"[PREMIUM]"
"fc933fb4-f886-4f05-aa24-50ce3af42b34","2026-07-08 23:23:03.602","2026-07-19 18:05:53.851","fc933fb4-f886-4f05-aa24-50ce3af42b34","[PREMIUM]","New",2026,"GMC","Terrain","FWD Elevation","[PREMIUM]","[PREMIUM]",5,"SUV","Ebony Twilight Metallic","After Dark","Front-wheel Drive",,,"Gasoline",,,"dealership","[PREMIUM]","Honolulu","HI","[PREMIUM]",24,"[]",,,"[PREMIUM]"
"606b744a-f712-4d9b-a55d-227ca0cf0217","2026-07-08 23:23:03.564","2026-07-19 18:06:17.911","606b744a-f712-4d9b-a55d-227ca0cf0217","[PREMIUM]","New",2026,"Chevrolet","Trailblazer","ACTIV","[PREMIUM]","[PREMIUM]",2,"SUV","White Sands","Jet Black With Yellow Stitching","All-wheel Drive",,,"Gasoline",,,"dealership","[PREMIUM]","Homewood","IL","[PREMIUM]",22,"[]",,,"[PREMIUM]"
"5a1ba8f8-5abc-4d2f-8b4c-b5206db62da8","2026-07-08 23:23:03.558","2026-07-19 18:06:05.108","5a1ba8f8-5abc-4d2f-8b4c-b5206db62da8","[PREMIUM]","New",2026,"Toyota","Corolla Hybrid","SE","[PREMIUM]","[PREMIUM]",0,"SUV","Sonic Silver/Jet Black","Black","All-wheel Drive",,,"Hybrid",,,"dealership","[PREMIUM]","Orlando","FL","[PREMIUM]",1,"[]",,,"[PREMIUM]"
"e65c8e74-aba1-4487-b029-8a2dbeac37e9","2026-07-08 23:23:03.558","2026-07-11 23:28:51.408","e65c8e74-aba1-4487-b029-8a2dbeac37e9","[PREMIUM]","New",2026,"Kia","Niro","Touring","[PREMIUM]","[PREMIUM]",13,"SUV","Mineral Blue","Charcoal","Front-wheel Drive",,,"Hybrid",,,"dealership","[PREMIUM]","Union City","GA","[PREMIUM]",1,"[]",,,"[PREMIUM]"
"80d12b49-156e-4488-9a5b-a244fabdcc3b","2026-07-08 23:23:03.556","2026-07-19 18:06:05.067","80d12b49-156e-4488-9a5b-a244fabdcc3b","[PREMIUM]","New",2026,"Ford","Bronco Sport","Big Bend","[PREMIUM]","[PREMIUM]",10,"SUV","Orange Fury Metallic Tri-Coat","Ebony","Four-wheel Drive",,,"Gasoline",,,"dealership","[PREMIUM]","Fall River","MA","[PREMIUM]",20,"[]",,,"[PREMIUM]"
"27fb3977-4ba8-4cec-a39f-4c494c97b35f","2026-07-08 23:23:03.555","2026-07-08 23:23:03.555","27fb3977-4ba8-4cec-a39f-4c494c97b35f","[PREMIUM]","New",2026,"Subaru","Crosstrek Hybrid","Base","[PREMIUM]","[PREMIUM]",10,"SUV","Crystal White Pearl","Gray","All-wheel Drive",,,"Hybrid",,,"dealership","[PREMIUM]","Columbus","OH","[PREMIUM]",8,"[]",,,"[PREMIUM]"
"f1af61e1-d440-4756-abb0-b3507a094d26","2026-07-08 23:23:03.554","2026-07-19 18:05:42.855","f1af61e1-d440-4756-abb0-b3507a094d26","[PREMIUM]","New",2026,"Ford","Maverick","XLT","[PREMIUM]","[PREMIUM]",5,"Truck","Azure Gray Metallic Tri-Coat","Black Onyx","All-wheel Drive",,,"Gasoline",,,"dealership","[PREMIUM]","Catskill","NY","[PREMIUM]",15,"[]",,,"[PREMIUM]"
"6f2e8fbe-7961-4d23-8a47-d6dbdf757cec","2026-07-08 23:23:03.553","2026-07-19 18:06:05.038","6f2e8fbe-7961-4d23-8a47-d6dbdf757cec","[PREMIUM]","New",2026,"Honda","CR-V Hybrid","Sport-L FWD","[PREMIUM]","[PREMIUM]",7,"SUV","Urban Gray Pearl","Black","Front-wheel Drive",,,"Hybrid",,,"dealership","[PREMIUM]","Gadsden","AL","[PREMIUM]",32,"[]",,,"[PREMIUM]"
"65705fa9-4104-41c7-b541-c3652b8735e2","2026-07-08 23:23:03.546","2026-07-19 18:05:53.864","65705fa9-4104-41c7-b541-c3652b8735e2","[PREMIUM]","New",2026,"Volkswagen","Tiguan","2.0T SE R-Line Black 4MOTION","[PREMIUM]","[PREMIUM]",1,"SUV","sandstone","Grigio &amp;Blk Perforated V","All-wheel Drive",,,"Gasoline",,,"dealership","[PREMIUM]","Akron","OH","[PREMIUM]",1,"[]",,,"[PREMIUM]"
"bc660b9b-0929-4d7e-ae16-64511cccd968","2026-07-08 23:23:03.545","2026-07-19 18:06:05.262","bc660b9b-0929-4d7e-ae16-64511cccd968","[PREMIUM]","New",2026,"Volkswagen","Taos","SEL","[PREMIUM]","[PREMIUM]",8,"SUV","Monument Gray","Night Blue","All-wheel Drive",,,"Gasoline",,,"dealership","[PREMIUM]","Chicago","IL","[PREMIUM]",11,"[]",,,"[PREMIUM]"
"1906df23-5507-4141-9793-ead4957487be","2026-07-08 23:23:03.544","2026-07-16 18:02:11.601","1906df23-5507-4141-9793-ead4957487be","[PREMIUM]","New",2026,"Subaru","WRX","Premium","[PREMIUM]","[PREMIUM]",1,"Sedan","Sapphire Blue Pearl","Black","All-wheel Drive",,,"Gasoline",,,"dealership","[PREMIUM]","Palatine","IL","[PREMIUM]",1,"[]",,,"[PREMIUM]"
"2c8763bd-5fa0-4ed6-867a-496349abb807","2026-07-08 23:23:03.543","2026-07-19 18:06:04.953","2c8763bd-5fa0-4ed6-867a-496349abb807","[PREMIUM]","New",2026,"Nissan","Pathfinder","SV","[PREMIUM]","[PREMIUM]",0,"SUV","Super Black","Charcoal","Front-wheel Drive",,,"Gasoline",,,"dealership","[PREMIUM]","Oxnard","CA","[PREMIUM]",1,"[]",,,"[PREMIUM]"
"de30c49c-4b08-4090-aa78-dc5720d0afd5","2026-07-08 23:23:03.543","2026-07-19 18:05:53.970","de30c49c-4b08-4090-aa78-dc5720d0afd5","[PREMIUM]","New",2026,"Ford","Mustang","EcoBoost","[PREMIUM]","[PREMIUM]",3,"Coupe","Shadow Black","Black Onyx","Rear-wheel Drive",,,"Gasoline",,,"dealership","[PREMIUM]","Fullerton","CA","[PREMIUM]",15,"[]",,,"[PREMIUM]"
"964b3962-5398-4a76-a6ff-eacba81b8844","2026-07-08 23:23:03.542","2026-07-19 18:06:05.020","964b3962-5398-4a76-a6ff-eacba81b8844","[PREMIUM]","New",2026,"Ford","Mustang Mach-E","Select","[PREMIUM]","[PREMIUM]",4,"SUV","Shadow Black","Black Onyx","Rear-wheel Drive",,,"Electric",,,"dealership","[PREMIUM]","Fullerton","CA","[PREMIUM]",13,"[]",,,"[PREMIUM]"
"31df6b1e-2abc-4e9f-8818-19f5569c043d","2026-07-08 23:23:03.541","2026-07-08 23:23:03.541","31df6b1e-2abc-4e9f-8818-19f5569c043d","[PREMIUM]","New",2026,"Hyundai","IONIQ 5","SE","[PREMIUM]","[PREMIUM]",3,"SUV","Cyber Gray","Gray","Rear-wheel Drive",,,"Electric",,,"dealership","[PREMIUM]","Clermont","FL","[PREMIUM]",17,"[]",,,"[PREMIUM]"
"e729f509-69f4-435e-9352-7aad320189fd","2026-07-08 23:23:03.539","2026-07-19 18:06:05.375","e729f509-69f4-435e-9352-7aad320189fd","[PREMIUM]","Used",2026,"Hyundai","SANTA FE","SE","[PREMIUM]","[PREMIUM]",77,"SUV","Serenity White","Black","All-wheel Drive",,,"Hybrid",,,"dealership","[PREMIUM]","Indian Trail","NC","[PREMIUM]",37,"[]",,,"[PREMIUM]"
"8483fb22-d411-4517-98ef-98a35266652d","2026-07-08 23:23:03.538","2026-07-19 18:06:17.971","8483fb22-d411-4517-98ef-98a35266652d","[PREMIUM]","Used",2026,"Ford","Mustang","EcoBoost Premium","[PREMIUM]","[PREMIUM]",1154,"Convertible","Shadow Black","Black Onyx","Rear-wheel Drive",,,"Gasoline",,,"dealership","[PREMIUM]","Bridgeview","IL","[PREMIUM]",27,"[]",,,"[PREMIUM]"
"acbe4b36-6869-4bce-9580-51fe2410c518","2026-07-08 23:23:03.538","2026-07-16 18:02:12.350","acbe4b36-6869-4bce-9580-51fe2410c518","[PREMIUM]","New",2026,"Jeep","Cherokee","Laredo 4x4","[PREMIUM]","[PREMIUM]",0,"SUV","Hydro Blue Pearlcoat","Global Black w/Soul Cloth","Four-wheel Drive",,,"Gasoline",,,"dealership","[PREMIUM]","Rockville","MD","[PREMIUM]",31,"[]",,,"[PREMIUM]"
"21133b4e-9bc0-499c-9a86-c49abede4b34","2026-07-08 23:23:03.537","2026-07-19 18:06:05.102","21133b4e-9bc0-499c-9a86-c49abede4b34","[PREMIUM]","New",2026,"Chevrolet","Equinox","FWD RS","[PREMIUM]","[PREMIUM]",33,"SUV","Radiant Red Tintcoat","Black w/Red Accents","Front-wheel Drive",,,"Gasoline",,,"dealership","[PREMIUM]","Katy","TX","[PREMIUM]",24,"[]",,,"[PREMIUM]"
"38938dc6-1da5-4fb2-93f6-7139cde07a2c","2026-07-08 23:23:03.535","2026-07-11 23:28:51.175","38938dc6-1da5-4fb2-93f6-7139cde07a2c","[PREMIUM]","New",2026,"Kia","K5","GT-Line","[PREMIUM]","[PREMIUM]",10,"Sedan","Gray","Blk Syntex","All-wheel Drive",,,"Gasoline",,,"dealership","[PREMIUM]","Fort Smith","AR","[PREMIUM]",1,"[]",,,"[PREMIUM]"
"5a936407-c15f-4bd5-8833-ad8464f52677","2026-07-08 23:23:03.535","2026-07-19 18:05:53.984","5a936407-c15f-4bd5-8833-ad8464f52677","[PREMIUM]","New",2026,"Nissan","Frontier","SV","[PREMIUM]","[PREMIUM]",1,"Truck","Gray","Charcoal","Four-wheel Drive",,,"Gasoline",,,"dealership","[PREMIUM]","Sheffield","OH","[PREMIUM]",22,"[]",,,"[PREMIUM]"
"b8608e99-b49b-4581-860a-e2dce4c97c9c","2026-07-08 23:23:03.533","2026-07-19 18:06:05.127","b8608e99-b49b-4581-860a-e2dce4c97c9c","[PREMIUM]","New",2026,"Honda","CR-V","EX-L AWD","[PREMIUM]","[PREMIUM]",10,"SUV","Meteorite Gray Metallic","Black","All-wheel Drive",,,"Gasoline",,,"dealership","[PREMIUM]","Chicago","IL","[PREMIUM]",32,"[]",,,"[PREMIUM]"
"cc27cc36-7f5c-43d7-83b7-9785aa4dcdfa","2026-07-08 23:23:03.530","2026-07-19 18:06:04.945","cc27cc36-7f5c-43d7-83b7-9785aa4dcdfa","[PREMIUM]","New",2026,"Hyundai","SANTA FE","SEL 2.4","[PREMIUM]","[PREMIUM]",10,"SUV","Atlantis Blue","Black","All-wheel Drive",,,"Gasoline",,,"dealership","[PREMIUM]","Bowie","MD","[PREMIUM]",1,"[]",,,"[PREMIUM]"
"fe6419ca-dd42-4fc7-be3b-2683f82f92b3","2026-07-08 23:23:03.529","2026-07-19 18:05:53.902","fe6419ca-dd42-4fc7-be3b-2683f82f92b3","[PREMIUM]","New",2026,"GMC","Terrain","FWD Elevation","[PREMIUM]","[PREMIUM]",5,"SUV","Summit White","After Dark","Front-wheel Drive",,,"Gasoline",,,"dealership","[PREMIUM]","Honolulu","HI","[PREMIUM]",24,"[]",,,"[PREMIUM]"
"81fa81cb-986e-4bd5-97e2-2d5df0d97cf8","2026-07-08 23:23:03.528","2026-07-19 18:06:18.140","81fa81cb-986e-4bd5-97e2-2d5df0d97cf8","[PREMIUM]","New",2026,"Kia","EV6","Light RWD","[PREMIUM]","[PREMIUM]",19,"SUV","Panthera Metal Gray","Saturn Black","Rear-wheel Drive",,,"Electric",,,"dealership","[PREMIUM]","Las Vegas","NV","[PREMIUM]",29,"[]",,,"[PREMIUM]"
"f1b82290-2bb6-4b84-9136-8b6c0b933367","2026-07-08 23:23:03.524","2026-07-19 18:05:53.768","f1b82290-2bb6-4b84-9136-8b6c0b933367","[PREMIUM]","New",2026,"Jeep","Compass","Trailhawk","[PREMIUM]","[PREMIUM]",10,"SUV","Diamond Black Crystal Pearlcoat","Ruby Red/Black","Four-wheel Drive",,,"Gasoline",,,"dealership","[PREMIUM]","Lapeer","MI","[PREMIUM]",1,"[]",,,"[PREMIUM]"
"cd57bdb3-258f-4963-a224-c54943af2b32","2026-07-08 23:23:03.523","2026-07-11 23:28:51.184","cd57bdb3-258f-4963-a224-c54943af2b32","[PREMIUM]","New",2026,"Toyota","Corolla Hybrid","SE","[PREMIUM]","[PREMIUM]",5,"SUV","Jet Black","Black","All-wheel Drive",,,"Hybrid",,,"dealership","[PREMIUM]","El Monte","CA","[PREMIUM]",32,"[]",,,"[PREMIUM]"
"d8245ec0-5082-4672-aba9-53dbe8021fba","2026-07-08 23:23:03.522","2026-07-19 18:06:05.029","d8245ec0-5082-4672-aba9-53dbe8021fba","[PREMIUM]","New",2026,"Subaru","Outback","Premium","[PREMIUM]","[PREMIUM]",36,"SUV","Ice Silver Metallic","Black","All-wheel Drive",,,"Gasoline",,,"dealership","[PREMIUM]","Catskill","NY","[PREMIUM]",20,"[]",,,"[PREMIUM]"
"80f0e2f1-e99c-40fb-8019-07b3e6a1540c","2026-07-08 23:23:03.520","2026-07-19 18:06:05.042","80f0e2f1-e99c-40fb-8019-07b3e6a1540c","[PREMIUM]","New",2026,"Kia","Sorento","S","[PREMIUM]","[PREMIUM]",10,"SUV","Wolf Gray","Black","Front-wheel Drive",,,"Gasoline",,,"dealership","[PREMIUM]","Lighthouse Point","FL","[PREMIUM]",28,"[]",,,"[PREMIUM]"
"96b3ef15-375a-4f21-ba07-5262a5ff72a1","2026-07-08 23:23:03.519","2026-07-19 18:05:54.156","96b3ef15-375a-4f21-ba07-5262a5ff72a1","[PREMIUM]","Used",2026,"Mazda","CX-90","3.3 Turbo Select","[PREMIUM]","[PREMIUM]",4956,"SUV","Jet Black Mica","Black","All-wheel Drive",,,"Gasoline",,,"dealership","[PREMIUM]","Denton","TX","[PREMIUM]",31,"[]",,,"[PREMIUM]"
"2236bd97-5607-4fa8-bf1c-17402ac920ea","2026-07-08 23:23:03.516","2026-07-16 18:02:11.607","2236bd97-5607-4fa8-bf1c-17402ac920ea","[PREMIUM]","New",2026,"Toyota","Camry","SE","[PREMIUM]","[PREMIUM]",0,"Sedan","Dark Cosmos","Boulder","Front-wheel Drive",,,"Gasoline",,,"dealership","[PREMIUM]","Orlando","FL","[PREMIUM]",1,"[]",,,"[PREMIUM]"
"b25e9715-d9a7-41c3-aa88-e93f43a0eea2","2026-07-08 23:23:03.516","2026-07-08 23:23:03.516","b25e9715-d9a7-41c3-aa88-e93f43a0eea2","[PREMIUM]","New",2026,"Toyota","Camry","SE","[PREMIUM]","[PREMIUM]",5,"Sedan","Midnight Black Metallic","Black","Front-wheel Drive",,,"Gasoline",,,"dealership","[PREMIUM]","El Monte","CA","[PREMIUM]",14,"[]",,,"[PREMIUM]"
"f8e11a13-402d-48a6-a31f-a2dfd4154f2b","2026-07-08 23:23:03.516","2026-07-19 18:05:53.860","f8e11a13-402d-48a6-a31f-a2dfd4154f2b","[PREMIUM]","New",2026,"Toyota","bZ","XLE","[PREMIUM]","[PREMIUM]",5,"SUV","Midnight Black Metallic","Black","Front-wheel Drive",,,"Electric",,,"dealership","[PREMIUM]","El Monte","CA","[PREMIUM]",32,"[]",,,"[PREMIUM]"
"ab519f67-c6e3-400a-8683-d47041997213","2026-07-08 23:23:03.515","2026-07-19 18:05:42.946","ab519f67-c6e3-400a-8683-d47041997213","[PREMIUM]","New",2026,"Chevrolet","Trailblazer","ACTIV","[PREMIUM]","[PREMIUM]",0,"SUV","Mosaic Black Metallic","Jet Black w/Yellow Stitching","All-wheel Drive",,,"Gasoline",,,"dealership","[PREMIUM]","Independence","MO","[PREMIUM]",24,"[]",,,"[PREMIUM]"
"7f73545f-6de9-4b93-b8e5-39c166c92418","2026-07-08 23:23:03.508","2026-07-19 18:05:43.036","7f73545f-6de9-4b93-b8e5-39c166c92418","[PREMIUM]","New",2026,"GMC","Terrain","FWD Elevation","[PREMIUM]","[PREMIUM]",5,"SUV","Sterling Metallic","After Dark","Front-wheel Drive",,,"Gasoline",,,"dealership","[PREMIUM]","Honolulu","HI","[PREMIUM]",24,"[]",,,"[PREMIUM]"
"a5b04173-51ad-420a-bd75-0df907457987","2026-07-08 23:23:03.508","2026-07-19 18:05:42.924","a5b04173-51ad-420a-bd75-0df907457987","[PREMIUM]","New",2026,"GMC","Terrain","FWD Elevation","[PREMIUM]","[PREMIUM]",5,"SUV","Summit White","After Dark","Front-wheel Drive",,,"Gasoline",,,"dealership","[PREMIUM]","Honolulu","HI","[PREMIUM]",24,"[]",,,"[PREMIUM]"
"1fd7fd5a-bb5c-4dd3-9f11-81c90431b282","2026-07-08 23:23:03.507","2026-07-19 18:06:17.984","1fd7fd5a-bb5c-4dd3-9f11-81c90431b282","[PREMIUM]","New",2026,"Subaru","Forester","Base","[PREMIUM]","[PREMIUM]",0,"SUV","Magnetite Gray Metallic","Gray","All-wheel Drive",,,"Gasoline",,,"dealership","[PREMIUM]","Manassas","VA","[PREMIUM]",30,"[]",,,"[PREMIUM]"
"ff7859a8-f3ba-4dc4-84b1-14c207606eec","2026-07-08 23:23:03.506","2026-07-16 18:02:12.383","ff7859a8-f3ba-4dc4-84b1-14c207606eec","[PREMIUM]","New",2026,"Ford","Explorer","Active","[PREMIUM]","[PREMIUM]",3,"SUV","Space White Metallic","Dark Space Gray","Rear-wheel Drive",,,"Gasoline",,,"dealership","[PREMIUM]","Miami","FL","[PREMIUM]",1,"[]",,,"[PREMIUM]"
"b868fae9-3c29-49b9-b913-62877dee556e","2026-07-08 23:23:03.500","2026-07-16 18:02:12.412","b868fae9-3c29-49b9-b913-62877dee556e","[PREMIUM]","New",2026,"Subaru","Outback","Premium","[PREMIUM]","[PREMIUM]",0,"SUV","Deep Emerald Green Pearl","Black","All-wheel Drive",,,"Gasoline",,,"dealership","[PREMIUM]","Manassas","VA","[PREMIUM]",30,"[]",,,"[PREMIUM]"
"b2c29683-11d3-4a3e-943f-7b81a4752f28","2026-07-08 23:23:03.475","2026-07-19 18:06:04.949","b2c29683-11d3-4a3e-943f-7b81a4752f28","[PREMIUM]","New",2026,"Volkswagen","Tiguan","2.0T SE R-Line Black 4MOTION","[PREMIUM]","[PREMIUM]",0,"SUV","Blue","Grigio &amp;Blk Perforated V","All-wheel Drive",,,"Gasoline",,,"dealership","[PREMIUM]","Las Vegas","NV","[PREMIUM]",1,"[]",,,"[PREMIUM]"
"d69b56d7-a031-4aa8-bfc3-21d6e6a2bf18","2026-07-08 23:23:03.411","2026-07-19 18:05:42.467","d69b56d7-a031-4aa8-bfc3-21d6e6a2bf18","[PREMIUM]","New",2026,"Nissan","Rogue","Dark Armor","[PREMIUM]","[PREMIUM]",6,"SUV","Everest White Pearl Tricoat","Charcoal","Front-wheel Drive",,,"Gasoline",,,"dealership","[PREMIUM]","Lewisville","TX","[PREMIUM]",1,"[]",,,"[PREMIUM]"
"15386dbb-b035-4a35-8a79-6bbac6a9a938","2026-07-08 23:23:03.409","2026-07-08 23:23:03.409","15386dbb-b035-4a35-8a79-6bbac6a9a938","[PREMIUM]","New",2026,"Nissan","Rogue","Platinum","[PREMIUM]","[PREMIUM]",7,"SUV","Gun Metallic","Charcoal","All-wheel Drive",,,"Gasoline",,,"dealership","[PREMIUM]","GREELEY","CO","[PREMIUM]",17,"[]",,,"[PREMIUM]"
"e0ebbbef-5057-4764-b6b8-f2d39cb9d388","2026-07-08 23:23:03.397","2026-07-19 18:05:43.020","e0ebbbef-5057-4764-b6b8-f2d39cb9d388","[PREMIUM]","Used",2026,"Mazda","CX-50 Hybrid","Preferred","[PREMIUM]","[PREMIUM]",4866,"SUV","machine gray metallic","black","All-wheel Drive",,,"Hybrid",,,"dealership","[PREMIUM]","Colorado Springs","CO","[PREMIUM]",31,"[]",,,"[PREMIUM]"
"081d9187-31de-42fb-9778-cfd2cfec44d4","2026-07-08 23:23:03.396","2026-07-19 18:06:17.906","081d9187-31de-42fb-9778-cfd2cfec44d4","[PREMIUM]","Used",2026,"Jeep","Wrangler","Sport","[PREMIUM]","[PREMIUM]",2578,"SUV","Black Clearcoat","Black w/Cloth Low-Back Bucket Seats or Rewind Seat With Tag or C","Four-wheel Drive",,,"Gasoline",,,"dealership","[PREMIUM]","Baltimore","MD","[PREMIUM]",22,"[]",,,"[PREMIUM]"
"a60377ec-202c-45d7-9760-d038ccad7aa4","2026-07-08 23:23:03.365","2026-07-19 18:06:04.979","a60377ec-202c-45d7-9760-d038ccad7aa4","[PREMIUM]","Used",2026,"MINI","Hardtop","Cooper S","[PREMIUM]","[PREMIUM]",4422,"Hatchback","Blue Metallic","Grey/Blue","Front-wheel Drive",,,"Gasoline",,,"dealership","[PREMIUM]","San Antonio","TX","[PREMIUM]",6,"[]",,,"[PREMIUM]"
"87559917-4102-49e5-89c5-db0ec5017fd8","2026-07-08 23:22:51.980","2026-07-19 18:05:43.211","87559917-4102-49e5-89c5-db0ec5017fd8","[PREMIUM]","New",2026,"Jeep","Wrangler","Sport","[PREMIUM]","[PREMIUM]",10,"SUV","Joose","Black w/Cloth Low-Back Bucket Seats or Rewind Seat With Tag or C","Four-wheel Drive",,,"Gasoline",,,"dealership","[PREMIUM]","Winter Haven","FL","[PREMIUM]",1,"[]",,,"[PREMIUM]"
"68d8fbb9-5704-4811-a91e-0b2a1478057c","2026-07-08 23:22:51.813","2026-07-11 23:28:39.820","68d8fbb9-5704-4811-a91e-0b2a1478057c","[PREMIUM]","New",2026,"Toyota","Camry","SE","[PREMIUM]","[PREMIUM]",0,"Sedan","Dark Cosmos [extra_cost_color]","Black SofTex &amp; Fabric","Front-wheel Drive",,,"Gasoline",,,"dealership","[PREMIUM]","Fredericksburg","VA","[PREMIUM]",1,"[]",,,"[PREMIUM]"
"f250fefe-3f9a-4891-8200-7bb3bbe238ef","2026-07-08 23:22:51.793","2026-07-11 23:28:39.786","f250fefe-3f9a-4891-8200-7bb3bbe238ef","[PREMIUM]","New",2026,"Ford","Explorer","Active","[PREMIUM]","[PREMIUM]",1010,"SUV","Black Metallic","Gray","Four-wheel Drive",,,"Gasoline",,,"dealership","[PREMIUM]","Apple Valley","MN","[PREMIUM]",23,"[]",,,"[PREMIUM]"
"ed5e3ceb-8e3d-489a-bdaa-8bd8e9cb89f4","2026-07-08 23:22:51.731","2026-07-08 23:22:51.731","ed5e3ceb-8e3d-489a-bdaa-8bd8e9cb89f4","[PREMIUM]","New",2026,"Toyota","Tacoma","SR5","[PREMIUM]","[PREMIUM]",0,"Truck","Celestial Silver Metallic","Black","Four-wheel Drive",,,"Gasoline",,,"dealership","[PREMIUM]","Punta Gorda","FL","[PREMIUM]",15,"[]",,,"[PREMIUM]"
"edd9e087-d673-4887-8317-c713e78a6198","2026-07-08 23:22:51.727","2026-07-19 18:05:53.785","edd9e087-d673-4887-8317-c713e78a6198","[PREMIUM]","New",2026,"Honda","Accord Hybrid","Touring","[PREMIUM]","[PREMIUM]",0,"Sedan","Canyon River Blue Metallic","Black Lth-Trmmed","Front-wheel Drive",,,"Hybrid",,,"dealership","[PREMIUM]","Woodbridge","VA","[PREMIUM]",1,"[]",,,"[PREMIUM]"
"07ef5ea5-a591-44c5-ac91-9ba47eda0437","2026-07-08 23:22:51.724","2026-07-19 18:05:42.924","07ef5ea5-a591-44c5-ac91-9ba47eda0437","[PREMIUM]","New",2026,"Volkswagen","Tiguan","2.0T SE 4MOTION","[PREMIUM]","[PREMIUM]",1,"SUV","Platinum","Crystal Gry Perforated V","All-wheel Drive",,,"Gasoline",,,"dealership","[PREMIUM]","Akron","OH","[PREMIUM]",1,"[]",,,"[PREMIUM]"
"9179efa8-9935-451d-8cdc-ae1d7da7a2cb","2026-07-08 23:22:51.719","2026-07-19 18:05:42.984","9179efa8-9935-451d-8cdc-ae1d7da7a2cb","[PREMIUM]","New",2026,"Volkswagen","Tiguan","2.0T SE 4MOTION","[PREMIUM]","[PREMIUM]",1,"SUV","Platinum","Grigio &amp;Blk Perforated V","All-wheel Drive",,,"Gasoline",,,"dealership","[PREMIUM]","Akron","OH","[PREMIUM]",1,"[]",,,"[PREMIUM]"
"241978f1-9f95-4054-b55b-dfaff14bcf2d","2026-07-08 23:22:51.718","2026-07-19 18:05:42.881","241978f1-9f95-4054-b55b-dfaff14bcf2d","[PREMIUM]","New",2026,"Honda","Accord Hybrid","Sport-L","[PREMIUM]","[PREMIUM]",0,"Sedan","Solar Silver Metallic","Black","Front-wheel Drive",,,"Hybrid",,,"dealership","[PREMIUM]","Woodbridge","VA","[PREMIUM]",32,"[]",,,"[PREMIUM]"
"52befe19-d7f7-447b-a33a-641b79df2efb","2026-07-08 23:22:51.668","2026-07-11 23:28:39.823","52befe19-d7f7-447b-a33a-641b79df2efb","[PREMIUM]","New",2026,"Mazda","CX-5","2.5 S Preferred Package","[PREMIUM]","[PREMIUM]",10,"SUV","Gray Metallic","Pure White","All-wheel Drive",,,"Gasoline",,,"dealership","[PREMIUM]","Gainesville","FL","[PREMIUM]",32,"[]",,,"[PREMIUM]"
"df67165f-9508-41f9-b379-7941fbef466a","2026-07-08 23:22:51.567","2026-07-16 18:02:11.655","df67165f-9508-41f9-b379-7941fbef466a","[PREMIUM]","New",2026,"Hyundai","SANTA FE","SE","[PREMIUM]","[PREMIUM]",8,"SUV","Hampton Gray","Black","All-wheel Drive",,,"Gasoline",,,"dealership","[PREMIUM]","Lindon","UT","[PREMIUM]",32,"[]",,,"[PREMIUM]"
"af0c3b79-5685-4aea-bb9e-ef77a9d9b1fa","2026-07-08 23:22:51.565","2026-07-08 23:22:51.565","af0c3b79-5685-4aea-bb9e-ef77a9d9b1fa","[PREMIUM]","New",2026,"Ford","Mustang","EcoBoost Premium","[PREMIUM]","[PREMIUM]",0,"Coupe","Vapor Blue","Black Onyx","Rear-wheel Drive",,,"Gasoline",,,"dealership","[PREMIUM]","Springfield","VA","[PREMIUM]",22,"[]",,,"[PREMIUM]"
"0dd28b68-96ea-4338-8902-3c3a4c3e954b","2026-07-08 23:22:51.560","2026-07-19 18:05:53.871","0dd28b68-96ea-4338-8902-3c3a4c3e954b","[PREMIUM]","New",2026,"Ford","Bronco Sport","Big Bend","[PREMIUM]","[PREMIUM]",1232,"SUV","White Metallic","Medium Lt Smoked Truffle","Four-wheel Drive",,,"Gasoline",,,"dealership","[PREMIUM]","Apple Valley","MN","[PREMIUM]",23,"[]",,,"[PREMIUM]"
"563c2e3d-ea6c-454e-a68c-02603bb45814","2026-07-08 23:22:51.557","2026-07-08 23:22:51.557","563c2e3d-ea6c-454e-a68c-02603bb45814","[PREMIUM]","New",2026,"Toyota","RAV4","LE","[PREMIUM]","[PREMIUM]",0,"SUV","Meteor Shower","Black Fabric","All-wheel Drive",,,"Gasoline",,,"dealership","[PREMIUM]","Fredericksburg","VA","[PREMIUM]",1,"[]",,,"[PREMIUM]"
"91b4b909-6a6f-44de-a266-208e161c81a8","2026-07-08 23:22:51.542","2026-07-16 18:02:11.702","91b4b909-6a6f-44de-a266-208e161c81a8","[PREMIUM]","New",2026,"Ford","Explorer","Active","[PREMIUM]","[PREMIUM]",1610,"SUV","Space White Metallic","Dark Space Gray","Four-wheel Drive",,,"Gasoline",,,"dealership","[PREMIUM]","Apple Valley","MN","[PREMIUM]",23,"[]",,,"[PREMIUM]"
"d736b207-d6d4-47bc-bee6-4f8e513779a6","2026-07-08 23:22:51.539","2026-07-11 23:28:39.871","d736b207-d6d4-47bc-bee6-4f8e513779a6","[PREMIUM]","New",2026,"Toyota","Camry","SE","[PREMIUM]","[PREMIUM]",0,"Sedan","Heavy Metal [extra_cost_color]","Boulder SofTex &amp; Fabric","Front-wheel Drive",,,"Gasoline",,,"dealership","[PREMIUM]","Fredericksburg","VA","[PREMIUM]",1,"[]",,,"[PREMIUM]"
"5749bc1e-9b28-4805-b051-4f0f5775cb97","2026-07-08 23:22:51.533","2026-07-19 18:05:43.003","5749bc1e-9b28-4805-b051-4f0f5775cb97","[PREMIUM]","New",2026,"Ford","Bronco Sport","Big Bend","[PREMIUM]","[PREMIUM]",2934,"SUV","Carbonized Gray Metallic","Medium Light Smoked Truffle","Four-wheel Drive",,,"Gasoline",,,"dealership","[PREMIUM]","Sacramento","CA","[PREMIUM]",20,"[]",,,"[PREMIUM]"
"5d740469-4a24-44b8-917d-402c415ac711","2026-07-08 23:22:51.532","2026-07-19 18:05:42.999","5d740469-4a24-44b8-917d-402c415ac711","[PREMIUM]","New",2026,"Toyota","Tacoma","SR5","[PREMIUM]","[PREMIUM]",0,"Truck","Celestial Silver Metallic","Black","Four-wheel Drive",,,"Gasoline",,,"dealership","[PREMIUM]","Punta Gorda","FL","[PREMIUM]",26,"[]",,,"[PREMIUM]"
"5a3e5f43-4c51-402d-8bf4-a2784861cf2e","2026-07-08 23:22:51.525","2026-07-19 18:05:42.939","5a3e5f43-4c51-402d-8bf4-a2784861cf2e","[PREMIUM]","New",2026,"Hyundai","TUCSON Hybrid","SEL","[PREMIUM]","[PREMIUM]",0,"SUV","Ash","Blk Stain-Resistant Clth","All-wheel Drive",,,"Hybrid",,,"dealership","[PREMIUM]","Eau Claire","WI","[PREMIUM]",1,"[]",,,"[PREMIUM]"
"fea2dd98-0039-4502-9c6f-a17804ab702e","2026-07-08 23:22:51.522","2026-07-19 18:05:53.729","fea2dd98-0039-4502-9c6f-a17804ab702e","[PREMIUM]","New",2026,"Hyundai","TUCSON Hybrid","SEL","[PREMIUM]","[PREMIUM]",0,"SUV","Ash","Gry Stain &amp;Odor Resistant","All-wheel Drive",,,"Hybrid",,,"dealership","[PREMIUM]","Eau Claire","WI","[PREMIUM]",1,"[]",,,"[PREMIUM]"
"3a472fe3-2d47-483d-8924-2304f32da8c7","2026-07-08 23:22:51.520","2026-07-16 18:02:11.603","3a472fe3-2d47-483d-8924-2304f32da8c7","[PREMIUM]","New",2026,"Toyota","Corolla Cross Hybrid","XSE","[PREMIUM]","[PREMIUM]",0,"SUV","Cavalry Blue","Black / Blue","All-wheel Drive",,,"Hybrid",,,"dealership","[PREMIUM]","Lake Charles","LA","[PREMIUM]",1,"[]",,,"[PREMIUM]"
"4e41a3ce-c78e-4d55-a7ff-94112f493a13","2026-07-08 23:22:51.510","2026-07-11 23:28:39.809","4e41a3ce-c78e-4d55-a7ff-94112f493a13","[PREMIUM]","New",2026,"Toyota","Camry","SE","[PREMIUM]","[PREMIUM]",0,"Sedan","Metal","Boulder","Front-wheel Drive",,,"Hybrid",,,"dealership","[PREMIUM]","Lake Charles","LA","[PREMIUM]",1,"[]",,,"[PREMIUM]"
"d15e5ae6-24e1-49c9-9f71-a30299a1a5a0","2026-07-08 23:22:51.510","2026-07-08 23:22:51.510","d15e5ae6-24e1-49c9-9f71-a30299a1a5a0","[PREMIUM]","New",2026,"Buick","Encore GX","Avenir","[PREMIUM]","[PREMIUM]",5,"SUV","White Frost Tricoat","Ebony Seats With Ebony Interior Accents","All-wheel Drive",,,"Gasoline",,,"dealership","[PREMIUM]","Naperville","IL","[PREMIUM]",2,"[]",,,"[PREMIUM]"
"f1242af9-ef3c-4ad2-b757-4848f2108044","2026-07-08 23:22:51.506","2026-07-19 18:05:43.075","f1242af9-ef3c-4ad2-b757-4848f2108044","[PREMIUM]","New",2026,"Toyota","Camry","XSE","[PREMIUM]","[PREMIUM]",0,"Sedan","Wind Chill Pearl","Black","Front-wheel Drive",,,"Gasoline",,,"dealership","[PREMIUM]","Milpitas","CA","[PREMIUM]",12,"[]",,,"[PREMIUM]"
"641723a0-6e9d-419f-a621-52322ba31dcd","2026-07-08 23:22:51.505","2026-07-11 23:28:40.109","641723a0-6e9d-419f-a621-52322ba31dcd","[PREMIUM]","New",2026,"Toyota","Tacoma","SR","[PREMIUM]","[PREMIUM]",5,"Truck","UNDERGROUND","Black","Rear-wheel Drive",,,"Gasoline",,,"dealership","[PREMIUM]","Lake Charles","LA","[PREMIUM]",1,"[]",,,"[PREMIUM]"
"f8c31979-9040-49cc-a83c-ffd2ecb3a860","2026-07-08 23:22:51.502","2026-07-11 23:28:39.827","f8c31979-9040-49cc-a83c-ffd2ecb3a860","[PREMIUM]","New",2026,"Honda","CR-V","EX-L","[PREMIUM]","[PREMIUM]",1,"SUV","Canyon River Blue Metallic","Black","All-wheel Drive",,,"Gasoline",,,"dealership","[PREMIUM]","Streetsboro","OH","[PREMIUM]",1,"[]",,,"[PREMIUM]"
"d95bf3f4-fff9-4e47-85fd-8ff78dd47022","2026-07-08 23:22:51.500","2026-07-19 18:05:43.014","d95bf3f4-fff9-4e47-85fd-8ff78dd47022","[PREMIUM]","New",2026,"Ford","Maverick","XLT","[PREMIUM]","[PREMIUM]",5,"Truck","Velocity Blue","Navy Pier/Aspen Gray","Front-wheel Drive",,,"Gasoline",,,"dealership","[PREMIUM]","Greenwood","IN","[PREMIUM]",30,"[]",,,"[PREMIUM]"
"886e297a-d874-4b03-a877-3ea3ffbe6586","2026-07-08 23:22:51.495","2026-07-19 18:05:43.019","886e297a-d874-4b03-a877-3ea3ffbe6586","[PREMIUM]","New",2026,"Honda","CR-V","EX-L AWD","[PREMIUM]","[PREMIUM]",0,"SUV","Crystal Black Pearl","Gray","All-wheel Drive",,,"Gasoline",,,"dealership","[PREMIUM]","Glen Head","NY","[PREMIUM]",12,"[]",,,"[PREMIUM]"
"c74b821d-985d-4898-a618-5507f145faa9","2026-07-08 23:22:51.491","2026-07-19 18:05:53.856","c74b821d-985d-4898-a618-5507f145faa9","[PREMIUM]","New",2026,"Ford","Maverick","XLT","[PREMIUM]","[PREMIUM]",3,"Truck","Azure Gray","Navy Pier","All-wheel Drive",,,"Hybrid",,,"dealership","[PREMIUM]","Woodhaven","MI","[PREMIUM]",24,"[]",,,"[PREMIUM]"
"ecb9dbc2-abd9-42d6-8947-3c7c07276875","2026-07-08 23:22:51.491","2026-07-08 23:22:51.491","ecb9dbc2-abd9-42d6-8947-3c7c07276875","[PREMIUM]","New",2026,"Honda","CR-V","EX-L","[PREMIUM]","[PREMIUM]",1,"SUV","Crystal Black Pearl","Gray","All-wheel Drive",,,"Gasoline",,,"dealership","[PREMIUM]","Streetsboro","OH","[PREMIUM]",1,"[]",,,"[PREMIUM]"
"27d5903d-5be3-433b-b5a0-86a7d4f77c63","2026-07-08 23:22:51.490","2026-07-08 23:22:51.490","27d5903d-5be3-433b-b5a0-86a7d4f77c63","[PREMIUM]","New",2026,"Toyota","Tacoma","SR5","[PREMIUM]","[PREMIUM]",0,"Truck","Underground","Black","Rear-wheel Drive",,,"Gasoline",,,"dealership","[PREMIUM]","Punta Gorda","FL","[PREMIUM]",15,"[]",,,"[PREMIUM]"
"3e2b86fd-2e86-47d6-901e-76203ea85a5f","2026-07-08 23:22:51.485","2026-07-19 18:05:54.010","3e2b86fd-2e86-47d6-901e-76203ea85a5f","[PREMIUM]","New",2026,"Ford","Explorer","Active","[PREMIUM]","[PREMIUM]",2,"SUV","Carbonized Gray Metallic","Dark Space Gray","Rear-wheel Drive",,,"Gasoline",,,"dealership","[PREMIUM]","Corsicana","TX","[PREMIUM]",20,"[]",,,"[PREMIUM]"
"c8cbd661-bc61-43b5-bdac-9ffe4d539fdd","2026-07-08 23:22:51.485","2026-07-08 23:22:51.485","c8cbd661-bc61-43b5-bdac-9ffe4d539fdd","[PREMIUM]","New",2026,"Subaru","Forester Hybrid","Premium","[PREMIUM]","[PREMIUM]",0,"SUV","Crystal White","Pbc","All-wheel Drive",,,"Hybrid",,,"dealership","[PREMIUM]","Catonsville","MD","[PREMIUM]",1,"[]",,,"[PREMIUM]"
"9774c367-81df-4b74-8403-a6c2dff9a085","2026-07-08 23:22:51.482","2026-07-19 18:05:53.772","9774c367-81df-4b74-8403-a6c2dff9a085","[PREMIUM]","New",2026,"Mazda","CX-5","Preferred","[PREMIUM]","[PREMIUM]",1,"SUV","Rhodium White Metallic","Black","All-wheel Drive",,,"Gasoline",,,"dealership","[PREMIUM]","Cleveland","OH","[PREMIUM]",1,"[]",,,"[PREMIUM]"
"bac091b1-24fc-46ed-a17e-7ce4ff609d61","2026-07-08 23:22:51.481","2026-07-19 18:05:53.874","bac091b1-24fc-46ed-a17e-7ce4ff609d61","[PREMIUM]","New",2026,"Jeep","Cherokee","Limited","[PREMIUM]","[PREMIUM]",1496,"SUV","Bright White Clear-Coat Exterior Paint","Global Black Interior Color","Four-wheel Drive",,,"Gasoline",,,"dealership","[PREMIUM]","Shakopee","MN","[PREMIUM]",32,"[]",,,"[PREMIUM]"
"5445fe4b-5ccc-4bc5-8552-e40744161fc2","2026-07-08 23:22:51.478","2026-07-08 23:22:51.478","5445fe4b-5ccc-4bc5-8552-e40744161fc2","[PREMIUM]","New",2026,"Mazda","CX-5","Preferred","[PREMIUM]","[PREMIUM]",1,"SUV","Aero Gray Metallic","Black","AWD",,,"Gasoline",,,"dealership","[PREMIUM]","Cleveland","OH","[PREMIUM]",1,"[]",,,"[PREMIUM]"
"9ab12cc5-5377-4b60-aec8-9ca9c060c179","2026-07-08 23:22:51.478","2026-07-11 23:28:39.773","9ab12cc5-5377-4b60-aec8-9ca9c060c179","[PREMIUM]","New",2026,"Ford","Mustang","EcoBoost Premium","[PREMIUM]","[PREMIUM]",0,"Coupe","Adriatic Blue Metallic","Black Onyx","Rear-wheel Drive",,,"Gasoline",,,"dealership","[PREMIUM]","Springfield","VA","[PREMIUM]",22,"[]",,,"[PREMIUM]"
"1d220010-5308-43e6-9ce6-0a7546fbec87","2026-07-08 23:22:51.468","2026-07-19 18:05:53.920","1d220010-5308-43e6-9ce6-0a7546fbec87","[PREMIUM]","New",2026,"Ford","Bronco Sport","Outer Banks","[PREMIUM]","[PREMIUM]",1093,"SUV","Shadow Black","Ebony/Roast","Four-wheel Drive",,,"Gasoline",,,"dealership","[PREMIUM]","Apple Valley","MN","[PREMIUM]",23,"[]",,,"[PREMIUM]"
"c51431ab-69bd-4c22-ac92-30abac074ff1","2026-07-08 23:22:51.467","2026-07-19 18:05:53.982","c51431ab-69bd-4c22-ac92-30abac074ff1","[PREMIUM]","New",2026,"Ford","Maverick","XLT","[PREMIUM]","[PREMIUM]",3,"Truck","Light Blue","Navy Pier","All-wheel Drive",,,"Hybrid",,,"dealership","[PREMIUM]","Woodhaven","MI","[PREMIUM]",24,"[]",,,"[PREMIUM]"
"b748f3e4-51a0-48da-9e11-18a88d914a8f","2026-07-08 23:22:51.463","2026-07-19 18:05:53.938","b748f3e4-51a0-48da-9e11-18a88d914a8f","[PREMIUM]","New",2026,"Kia","Sorento","EX","[PREMIUM]","[PREMIUM]",0,"SUV","Glacial White Pearl","Gray","Front-wheel Drive",,,"Gasoline",,,"dealership","[PREMIUM]","Leesburg","FL","[PREMIUM]",32,"[]",,,"[PREMIUM]"
"a903adf8-43cf-4067-a538-53d58d110972","2026-07-08 23:22:51.455","2026-07-16 18:02:11.795","a903adf8-43cf-4067-a538-53d58d110972","[PREMIUM]","New",2026,"Ford","Bronco Sport","Heritage","[PREMIUM]","[PREMIUM]",2533,"SUV","Blue","Navy Pier","Four-wheel Drive",,,"Gasoline",,,"dealership","[PREMIUM]","Apple Valley","MN","[PREMIUM]",23,"[]",,,"[PREMIUM]"
"60fd9e17-1f96-4f39-89d8-9a1a4be05e67","2026-07-08 23:22:51.430","2026-07-19 18:05:42.903","60fd9e17-1f96-4f39-89d8-9a1a4be05e67","[PREMIUM]","New",2026,"Mazda","CX-5","Preferred","[PREMIUM]","[PREMIUM]",1,"SUV","Machine Gray Metallic","Black","All-wheel Drive",,,"Gasoline",,,"dealership","[PREMIUM]","Cleveland","OH","[PREMIUM]",11,"[]",,,"[PREMIUM]"
"dc46954e-90f1-40c8-bdc4-a5b240c1c296","2026-07-08 23:22:51.413","2026-07-19 18:05:53.840","dc46954e-90f1-40c8-bdc4-a5b240c1c296","[PREMIUM]","New",2026,"Mazda","CX-5","Select","[PREMIUM]","[PREMIUM]",1,"SUV","Aero Gray Metallic","Black","All-wheel Drive",,,"Gasoline",,,"dealership","[PREMIUM]","Cleveland","OH","[PREMIUM]",11,"[]",,,"[PREMIUM]"
"d491e0a1-cf0a-42ea-a3a3-f2c2dad22796","2026-07-08 23:22:51.409","2026-07-19 18:05:53.850","d491e0a1-cf0a-42ea-a3a3-f2c2dad22796","[PREMIUM]","New",2026,"Mazda","CX-5","Preferred","[PREMIUM]","[PREMIUM]",1,"SUV","Rhodium White Metallic","Black","All-wheel Drive",,,"Gasoline",,,"dealership","[PREMIUM]","Cleveland","OH","[PREMIUM]",11,"[]",,,"[PREMIUM]"
"582d97ff-532a-4164-9318-1a4502b8ad20","2026-07-08 23:22:40.798","2026-07-11 23:28:28.943","582d97ff-532a-4164-9318-1a4502b8ad20","[PREMIUM]","New",2026,"Kia","Sportage","X-Line","[PREMIUM]","[PREMIUM]",1,"SUV","White Pearl","Terracotta","All-wheel Drive",,,"Gasoline",,,"dealership","[PREMIUM]","Fayetteville","AR","[PREMIUM]",32,"[]",,,"[PREMIUM]"
"783e1395-6f17-4516-b6e8-02e08c5ed1fc","2026-07-08 23:22:40.686","2026-07-19 18:05:42.889","783e1395-6f17-4516-b6e8-02e08c5ed1fc","[PREMIUM]","New",2026,"Ford","Explorer","Active","[PREMIUM]","[PREMIUM]",1107,"SUV","Space Gray","Dark Space Gray","Rear-wheel Drive",,,"Gasoline",,,"dealership","[PREMIUM]","Clearwater","FL","[PREMIUM]",23,"[]",,,"[PREMIUM]"
"9042765a-d610-4b7d-9d03-a98fc84903da","2026-07-08 23:22:40.686","2026-07-19 18:05:42.494","9042765a-d610-4b7d-9d03-a98fc84903da","[PREMIUM]","New",2026,"Volkswagen","Tiguan","2.0T SE R-Line Black","[PREMIUM]","[PREMIUM]",0,"SUV","deep black pearl","Grigio &amp;Blk Perforated V","Front-wheel Drive",,,"Gasoline",,,"dealership","[PREMIUM]","Las Vegas","NV","[PREMIUM]",1,"[]",,,"[PREMIUM]"
"d928d5c1-9f4b-465b-b4d3-dcb170e8af78","2026-07-08 23:22:40.684","2026-07-19 18:05:42.882","d928d5c1-9f4b-465b-b4d3-dcb170e8af78","[PREMIUM]","New",2026,"Subaru","Forester Hybrid","Premium","[PREMIUM]","[PREMIUM]",0,"SUV","Autumn","Black","All-wheel Drive",,,"Gasoline",,,"dealership","[PREMIUM]","Silver Spring","MD","[PREMIUM]",19,"[]",,,"[PREMIUM]"
"66673c5b-9157-48cc-ac27-3e513f69da0f","2026-07-08 23:22:40.680","2026-07-16 18:02:11.575","66673c5b-9157-48cc-ac27-3e513f69da0f","[PREMIUM]","New",2026,"Honda","Accord Hybrid","EX-L","[PREMIUM]","[PREMIUM]",0,"Sedan","Urban Gray Pearl","Black Lth-Trmmed","Front-wheel Drive",,,"Hybrid",,,"dealership","[PREMIUM]","Woodbridge","VA","[PREMIUM]",32,"[]",,,"[PREMIUM]"
"7bf6ffe2-216b-485d-b196-36b1ccbee3fa","2026-07-08 23:22:40.678","2026-07-19 18:05:53.892","7bf6ffe2-216b-485d-b196-36b1ccbee3fa","[PREMIUM]","New",2026,"Mazda","CX-50","Premium","[PREMIUM]","[PREMIUM]",1,"SUV","Cypress","Black","All-wheel Drive",,,"Gasoline",,,"dealership","[PREMIUM]","Cleveland","OH","[PREMIUM]",11,"[]",,,"[PREMIUM]"
"4f945268-8845-4bf1-b204-93a73eb8ed24","2026-07-08 23:22:40.650","2026-07-19 18:05:53.875","4f945268-8845-4bf1-b204-93a73eb8ed24","[PREMIUM]","New",2026,"Ford","Bronco Sport","Heritage","[PREMIUM]","[PREMIUM]",28,"SUV","ROBIN&#39;S EGG BLUE","PLAID CLOTH NAVY PIER","Four-wheel Drive",,,"Gasoline",,,"dealership","[PREMIUM]","Spring Hill","FL","[PREMIUM]",26,"[]",,,"[PREMIUM]"
"0ae59f59-e3e8-45c4-8cfd-5a315ea0f52b","2026-07-08 23:22:40.617","2026-07-19 18:05:42.889","0ae59f59-e3e8-45c4-8cfd-5a315ea0f52b","[PREMIUM]","New",2026,"Ford","Maverick","XLT","[PREMIUM]","[PREMIUM]",7,"Truck","Space White Metallic","Navy Pier/Aspen Gray","All-wheel Drive",,,"Gasoline",,,"dealership","[PREMIUM]","McKinney","TX","[PREMIUM]",25,"[]",,,"[PREMIUM]"
"c1e028a0-f7f4-4214-9ded-3c49c75d27a2","2026-07-08 23:22:40.612","2026-07-19 18:05:53.935","c1e028a0-f7f4-4214-9ded-3c49c75d27a2","[PREMIUM]","New",2026,"Ford","Bronco Sport","Big Bend","[PREMIUM]","[PREMIUM]",1228,"SUV","SHADOW BLACK","BRONZE FIRE PREMIUM TRIM","Four-wheel Drive",,,"Gasoline",,,"dealership","[PREMIUM]","Spring Hill","FL","[PREMIUM]",31,"[]",,,"[PREMIUM]"
"0f86bcfb-6d14-41be-b67b-1f0ea51a486e","2026-07-08 23:22:40.611","2026-07-11 23:28:28.808","0f86bcfb-6d14-41be-b67b-1f0ea51a486e","[PREMIUM]","New",2026,"Toyota","Tacoma","SR5","[PREMIUM]","[PREMIUM]",10,"Truck","Underground","Boulder","Rear-wheel Drive",,,"Gasoline",,,"dealership","[PREMIUM]","Henderson","NV","[PREMIUM]",15,"[]",,,"[PREMIUM]"
"5eb9bc5c-7e5f-4baa-bb33-10c02fc6142f","2026-07-08 23:22:40.607","2026-07-19 18:05:42.930","5eb9bc5c-7e5f-4baa-bb33-10c02fc6142f","[PREMIUM]","New",2026,"Kia","Carnival","LX","[PREMIUM]","[PREMIUM]",1,"Passenger Van","Panthera Metal","Taupe/Off-Blk Clth","Front-wheel Drive",,,"Gasoline",,,"dealership","[PREMIUM]","Fayetteville","AR","[PREMIUM]",32,"[]",,,"[PREMIUM]"
"5c665da2-4286-41e0-9ffd-31f640c3312b","2026-07-08 23:22:40.605","2026-07-19 18:05:42.869","5c665da2-4286-41e0-9ffd-31f640c3312b","[PREMIUM]","New",2026,"Ford","Bronco Sport","Outer Banks","[PREMIUM]","[PREMIUM]",1324,"SUV","RUBY RED METALLIC TC","EBONY ROAST PREMIUM TRIM","Four-wheel Drive",,,"Gasoline",,,"dealership","[PREMIUM]","Spring Hill","FL","[PREMIUM]",32,"[]",,,"[PREMIUM]"
"79975884-1519-4243-925f-f1ff6acb2b13","2026-07-08 23:22:40.605","2026-07-19 18:05:42.935","79975884-1519-4243-925f-f1ff6acb2b13","[PREMIUM]","New",2026,"Honda","Accord Hybrid","Sport-L","[PREMIUM]","[PREMIUM]",0,"Sedan","Platinum White Pearl","Black","Front-wheel Drive",,,"Hybrid",,,"dealership","[PREMIUM]","Woodbridge","VA","[PREMIUM]",32,"[]",,,"[PREMIUM]"
"cbc70f59-833e-4375-ab69-72249384be40","2026-07-08 23:22:40.605","2026-07-19 18:05:42.901","cbc70f59-833e-4375-ab69-72249384be40","[PREMIUM]","New",2026,"Ford","Bronco Sport","Badlands","[PREMIUM]","[PREMIUM]",1369,"SUV","Velocity Blue","Dark Space Gray","Four-wheel Drive",,,"Gasoline",,,"dealership","[PREMIUM]","Clearwater","FL","[PREMIUM]",23,"[]",,,"[PREMIUM]"
"2a29de04-1663-40fb-9b2e-0d74ab18a933","2026-07-08 23:22:40.603","2026-07-16 18:01:57.763","2a29de04-1663-40fb-9b2e-0d74ab18a933","[PREMIUM]","New",2026,"Volkswagen","Tiguan","2.0T SE R-Line Black 4MOTION","[PREMIUM]","[PREMIUM]",1,"SUV","Avocado Green w/Deep Black Roof","Crystal Gry Perforated V","All-wheel Drive",,,"Gasoline",,,"dealership","[PREMIUM]","Akron","OH","[PREMIUM]",1,"[]",,,"[PREMIUM]"
"a4a5ca67-4151-438e-967e-df89deb63976","2026-07-08 23:22:40.602","2026-07-08 23:22:40.602","a4a5ca67-4151-438e-967e-df89deb63976","[PREMIUM]","New",2026,"Toyota","Tacoma","SR","[PREMIUM]","[PREMIUM]",10,"Truck","Underground","Black","Rear-wheel Drive",,,"Gasoline",,,"dealership","[PREMIUM]","Henderson","NV","[PREMIUM]",15,"[]",,,"[PREMIUM]"
"8dce46ff-63b8-4ffb-bd16-178e1ed17e57","2026-07-08 23:22:40.601","2026-07-08 23:22:40.601","8dce46ff-63b8-4ffb-bd16-178e1ed17e57","[PREMIUM]","New",2026,"Toyota","RAV4","SE","[PREMIUM]","[PREMIUM]",0,"SUV","Ice Cap","Black/Blue Fabric","All-wheel Drive",,,"Gasoline",,,"dealership","[PREMIUM]","Jefferson City","MO","[PREMIUM]",1,"[]",,,"[PREMIUM]"
"0d9b1024-1f03-4431-b178-713fa718095a","2026-07-08 23:22:40.600","2026-07-19 18:05:42.475","0d9b1024-1f03-4431-b178-713fa718095a","[PREMIUM]","New",2026,"Volkswagen","Tiguan","2.0T SE R-Line Black 4MOTION","[PREMIUM]","[PREMIUM]",0,"SUV","Blue","Grigio &amp;Blk Perforated V","All-wheel Drive",,,"Gasoline",,,"dealership","[PREMIUM]","Las Vegas","NV","[PREMIUM]",1,"[]",,,"[PREMIUM]"
"cab324e5-4cfe-4259-9629-d80f56c7c5b6","2026-07-08 23:22:40.600","2026-07-19 18:05:42.419","cab324e5-4cfe-4259-9629-d80f56c7c5b6","[PREMIUM]","New",2026,"Volkswagen","Tiguan","2.0T SE R-Line Black 4MOTION","[PREMIUM]","[PREMIUM]",1,"SUV","sandstone","Grigio &amp;Blk Perforated V","All-wheel Drive",,,"Gasoline",,,"dealership","[PREMIUM]","Akron","OH","[PREMIUM]",1,"[]",,,"[PREMIUM]"
"9adcf54c-83f0-4fb0-bda0-e9fcf6441f99","2026-07-08 23:22:40.599","2026-07-19 18:05:42.951","9adcf54c-83f0-4fb0-bda0-e9fcf6441f99","[PREMIUM]","New",2026,"Honda","Accord Hybrid","Sport-L","[PREMIUM]","[PREMIUM]",0,"Sedan","Urban Gray Pearl","Black","Front-wheel Drive",,,"Hybrid",,,"dealership","[PREMIUM]","Woodbridge","VA","[PREMIUM]",32,"[]",,,"[PREMIUM]"
"9217ebcb-0fac-4dfb-b7fe-e584e9d34e5d","2026-07-08 23:22:40.598","2026-07-19 18:05:42.876","9217ebcb-0fac-4dfb-b7fe-e584e9d34e5d","[PREMIUM]","New",2026,"Kia","Sportage","SX","[PREMIUM]","[PREMIUM]",1,"SUV","Blue","Black","Front-wheel Drive",,,"Gasoline",,,"dealership","[PREMIUM]","Fayetteville","AR","[PREMIUM]",32,"[]",,,"[PREMIUM]"
"ae780d6c-5be6-4a0c-84e9-b478dc371ae2","2026-07-08 23:22:40.596","2026-07-19 18:05:42.941","ae780d6c-5be6-4a0c-84e9-b478dc371ae2","[PREMIUM]","New",2026,"Mazda","CX-50","Premium","[PREMIUM]","[PREMIUM]",1,"SUV","Machine Gray Metallic","Black","All-wheel Drive",,,"Gasoline",,,"dealership","[PREMIUM]","Cleveland","OH","[PREMIUM]",11,"[]",,,"[PREMIUM]"
"970a0140-d062-412d-b679-dabd5e6e2ffb","2026-07-08 23:22:40.595","2026-07-11 23:28:28.833","970a0140-d062-412d-b679-dabd5e6e2ffb","[PREMIUM]","Used",2026,"Honda","CR-V","EX-L","[PREMIUM]","[PREMIUM]",1727,"SUV","Platinum White Pearl","Black","All-wheel Drive",,,"Gasoline",,,"dealership","[PREMIUM]","Woodside","NY","[PREMIUM]",38,"[]",,,"[PREMIUM]"
"8204b528-a1b3-488f-b148-444238242ee6","2026-07-08 23:22:40.594","2026-07-11 23:28:28.974","8204b528-a1b3-488f-b148-444238242ee6","[PREMIUM]","New",2026,"Volkswagen","Tiguan","2.0T SE","[PREMIUM]","[PREMIUM]",1,"SUV","Platinum","Crystal Gry Perforated V","All-wheel Drive",,,"Gasoline",,,"dealership","[PREMIUM]","Akron","OH","[PREMIUM]",1,"[]",,,"[PREMIUM]"
"a995196c-279c-4c12-b5c8-e3b01adc4c9c","2026-07-08 23:22:40.594","2026-07-19 18:05:42.905","a995196c-279c-4c12-b5c8-e3b01adc4c9c","[PREMIUM]","New",2026,"Ford","Explorer","Active","[PREMIUM]","[PREMIUM]",3,"SUV","AGATE BLACK METALLIC","LT SPACE GRAY ACTIVEX INSERTS","Rear-wheel Drive",,,"Gasoline",,,"dealership","[PREMIUM]","Spring Hill","FL","[PREMIUM]",32,"[]",,,"[PREMIUM]"
"e6885369-7ccb-4951-a2ba-5868a78dcbcf","2026-07-08 23:22:40.593","2026-07-19 18:05:53.851","e6885369-7ccb-4951-a2ba-5868a78dcbcf","[PREMIUM]","New",2026,"Volkswagen","Tiguan","2.0T SE 4MOTION","[PREMIUM]","[PREMIUM]",0,"SUV","Silver Metallic","Grigio &amp;Blk Perforated V","All-wheel Drive",,,"Gasoline",,,"dealership","[PREMIUM]","Las Vegas","NV","[PREMIUM]",1,"[]",,,"[PREMIUM]"
"65e2c040-94be-4479-b619-8dfbb8ce4b39","2026-07-08 23:22:40.592","2026-07-19 18:05:54.121","65e2c040-94be-4479-b619-8dfbb8ce4b39","[PREMIUM]","New",2026,"Subaru","Outback","Premium","[PREMIUM]","[PREMIUM]",0,"SUV","Crystal White Pearl","Black","All-wheel Drive",,,"Gasoline",,,"dealership","[PREMIUM]","Indianapolis","IN","[PREMIUM]",32,"[]",,,"[PREMIUM]"
"4d90f5ad-5a58-462b-b387-9819c8b45875","2026-07-08 23:22:40.591","2026-07-19 18:05:42.488","4d90f5ad-5a58-462b-b387-9819c8b45875","[PREMIUM]","New",2026,"Ford","Mustang","EcoBoost Premium","[PREMIUM]","[PREMIUM]",2,"Coupe","Iconic Silver Metallic","Black Onyx","Rear-wheel Drive",,,"Gasoline",,,"dealership","[PREMIUM]","Savannah","TN","[PREMIUM]",1,"[]",,,"[PREMIUM]"
"bb7319be-f05f-4a9c-b2a3-afb329b7aa4d","2026-07-08 23:22:40.591","2026-07-19 18:05:42.462","bb7319be-f05f-4a9c-b2a3-afb329b7aa4d","[PREMIUM]","New",2026,"Volkswagen","Tiguan","2.0T SE R-Line Black","[PREMIUM]","[PREMIUM]",0,"SUV","Opal","Grigio &amp;Blk Perforated V","Front-wheel Drive",,,"Gasoline",,,"dealership","[PREMIUM]","Las Vegas","NV","[PREMIUM]",1,"[]",,,"[PREMIUM]"
"b8958b9f-fea8-478c-8004-47fa0af8b9c3","2026-07-08 23:22:40.590","2026-07-19 18:05:53.906","b8958b9f-fea8-478c-8004-47fa0af8b9c3","[PREMIUM]","New",2026,"Ford","Maverick","XLT","[PREMIUM]","[PREMIUM]",5,"Truck","Ruby Red Metallic Tinted Clearcoat","Navy Pier/Aspen Gray","All-wheel Drive",,,"Gasoline",,,"dealership","[PREMIUM]","Greenwood","IN","[PREMIUM]",30,"[]",,,"[PREMIUM]"
"d96c1cb9-03e6-4bbb-b0fa-3ffed743ae87","2026-07-08 23:22:40.590","2026-07-19 18:05:53.881","d96c1cb9-03e6-4bbb-b0fa-3ffed743ae87","[PREMIUM]","New",2026,"Ford","Bronco Sport","Outer Banks","[PREMIUM]","[PREMIUM]",4,"SUV","Shadow Black","Ebony","Four-wheel Drive",,,"Gasoline",,,"dealership","[PREMIUM]","Stafford","TX","[PREMIUM]",1,"[]",,,"[PREMIUM]"
"62c13653-02b7-447e-a7a7-a8d9cee3a807","2026-07-08 23:22:40.586","2026-07-16 18:02:11.732","62c13653-02b7-447e-a7a7-a8d9cee3a807","[PREMIUM]","New",2026,"Volkswagen","Tiguan","2.0T SE R-Line Black","[PREMIUM]","[PREMIUM]",0,"SUV","Avocado Green w/Deep Black Roof","Crystal Gry Perforated V","Front-wheel Drive",,,"Gasoline",,,"dealership","[PREMIUM]","Las Vegas","NV","[PREMIUM]",1,"[]",,,"[PREMIUM]"
"88b26e56-0945-4b47-bbc0-7e033191ab1e","2026-07-08 23:22:40.584","2026-07-08 23:22:40.584","88b26e56-0945-4b47-bbc0-7e033191ab1e","[PREMIUM]","New",2026,"Toyota","GR86","Premium","[PREMIUM]","[PREMIUM]",0,"Coupe","Trueno Blue","Black","Rear-wheel Drive",,,"Gasoline",,,"dealership","[PREMIUM]","Jefferson City","MO","[PREMIUM]",1,"[]",,,"[PREMIUM]"
"d2e28fb8-90eb-4b7d-87c6-87d564816986","2026-07-08 23:22:40.555","2026-07-19 18:05:53.876","d2e28fb8-90eb-4b7d-87c6-87d564816986","[PREMIUM]","New",2026,"Mazda","CX-50 Hybrid","Preferred","[PREMIUM]","[PREMIUM]",5,"SUV","jet black mica","black","All-wheel Drive",,,"Hybrid",,,"dealership","[PREMIUM]","Wellesley","MA","[PREMIUM]",1,"[]",,,"[PREMIUM]"
"05b4e19e-a793-4499-b29c-bd7bc235139f","2026-07-08 23:22:40.547","2026-07-19 18:05:42.538","05b4e19e-a793-4499-b29c-bd7bc235139f","[PREMIUM]","New",2026,"Chevrolet","Equinox","AWD RS","[PREMIUM]","[PREMIUM]",5,"SUV","Mosaic Black Metallic","Black w/Red Accents","All-wheel Drive",,,"Gasoline",,,"dealership","[PREMIUM]","Fargo","ND","[PREMIUM]",1,"[]",,,"[PREMIUM]"
"02efbf1e-b6f7-45c1-8433-6906b7463bf4","2026-07-08 23:22:40.542","2026-07-19 18:05:42.934","02efbf1e-b6f7-45c1-8433-6906b7463bf4","[PREMIUM]","New",2026,"Volkswagen","Tiguan","2.0T SE R-Line Black","[PREMIUM]","[PREMIUM]",0,"SUV","deep black pearl","Grigio &amp;Blk Perforated V","Front-wheel Drive",,,"Gasoline",,,"dealership","[PREMIUM]","Las Vegas","NV","[PREMIUM]",13,"[]",,,"[PREMIUM]"
"faf9c8d3-b75f-4ba7-8f94-788c8ff43634","2026-07-08 23:22:40.491","2026-07-08 23:22:40.491","faf9c8d3-b75f-4ba7-8f94-788c8ff43634","[PREMIUM]","New",2026,"Toyota","Camry","SE","[PREMIUM]","[PREMIUM]",0,"Sedan","Underground","Boulder &amp; Fabric","Front-wheel Drive",,,"Gasoline",,,"dealership","[PREMIUM]","Chattanooga","TN","[PREMIUM]",1,"[]",,,"[PREMIUM]"
"43322c94-f031-4921-a629-55f9c6183859","2026-07-08 23:22:40.473","2026-07-08 23:22:40.473","43322c94-f031-4921-a629-55f9c6183859","[PREMIUM]","New",2026,"Subaru","Forester","Premium","[PREMIUM]","[PREMIUM]",0,"SUV","Crystal Black Silica","Black","All-wheel Drive",,,"Gasoline",,,"dealership","[PREMIUM]","Indianapolis","IN","[PREMIUM]",3,"[]",,,"[PREMIUM]"
"f68aa42b-2b0d-4730-a061-bcbae710f991","2026-07-08 23:22:40.460","2026-07-19 18:05:30.965","f68aa42b-2b0d-4730-a061-bcbae710f991","[PREMIUM]","New",2026,"Mazda","CX-50","Premium","[PREMIUM]","[PREMIUM]",1,"SUV","Ingot Blue Metallic","Black","All-wheel Drive",,,"Gasoline",,,"dealership","[PREMIUM]","Cleveland","OH","[PREMIUM]",11,"[]",,,"[PREMIUM]"
"f0e250f8-3cdf-44fe-a7d7-ec685091956f","2026-07-08 23:22:40.437","2026-07-19 18:05:42.926","f0e250f8-3cdf-44fe-a7d7-ec685091956f","[PREMIUM]","New",2026,"Volkswagen","Tiguan","2.0T SE R-Line Black 4MOTION","[PREMIUM]","[PREMIUM]",1,"SUV","sandstone","Grigio &amp;Blk Perforated V","All-wheel Drive",,,"Gasoline",,,"dealership","[PREMIUM]","Akron","OH","[PREMIUM]",26,"[]",,,"[PREMIUM]"
"231b3c55-8fde-4b80-9532-0b18d6f9b752","2026-07-08 23:22:29.337","2026-07-19 18:05:31.014","231b3c55-8fde-4b80-9532-0b18d6f9b752","[PREMIUM]","New",2026,"Ford","Maverick","XL","[PREMIUM]","[PREMIUM]",15,"Truck","Shadow Black","Black Onyx/Dark Slate","Front-wheel Drive",,,"Gasoline",,,"dealership","[PREMIUM]","Tampa","FL","[PREMIUM]",31,"[]",,,"[PREMIUM]"
"2820a20a-a0bc-4240-968c-2d5485ccbd50","2026-07-08 23:22:29.261","2026-07-08 23:22:29.261","2820a20a-a0bc-4240-968c-2d5485ccbd50","[PREMIUM]","New",2026,"Honda","CR-V","EX-L","[PREMIUM]","[PREMIUM]",1,"SUV","Meteorite Gray Metallic","Gray","All-wheel Drive",,,"Gasoline",,,"dealership","[PREMIUM]","Cheyenne","WY","[PREMIUM]",1,"[]",,,"[PREMIUM]"
"826421d8-e175-43c3-95ce-1e880f09e9c7","2026-07-08 23:22:29.133","2026-07-11 23:28:17.359","826421d8-e175-43c3-95ce-1e880f09e9c7","[PREMIUM]","New",2026,"Ford","F-150","XL","[PREMIUM]","[PREMIUM]",7,"Truck","Oxford White","Black","Rear-wheel Drive",,,"Gasoline",,,"dealership","[PREMIUM]","Zionsville","IN","[PREMIUM]",1,"[]",,,"[PREMIUM]"
"934218ac-cb5a-4ccb-ae23-7854f8c77acd","2026-07-08 23:22:29.121","2026-07-08 23:22:29.121","934218ac-cb5a-4ccb-ae23-7854f8c77acd","[PREMIUM]","Used",2020,"RAM","1500","Bighorn","[PREMIUM]","[PREMIUM]",26434,"Truck","Red","BLACK","Rear-wheel Drive",,,"Gasoline",,,"dealership","[PREMIUM]","Orlando","FL","[PREMIUM]",18,"[]",,,"[PREMIUM]"
"bcf608ba-8421-4409-a1f5-424df6b094d8","2026-07-08 23:22:29.106","2026-07-19 18:05:42.909","bcf608ba-8421-4409-a1f5-424df6b094d8","[PREMIUM]","Used",2022,"Chevrolet","Colorado","Z71","[PREMIUM]","[PREMIUM]",57146,"Truck","Gray","BLACK","Four-wheel Drive",,,"Gasoline",,,"dealership","[PREMIUM]","Spokane Valley","WA","[PREMIUM]",26,"[]",,,"[PREMIUM]"
"1b1345c6-abba-4471-95bd-7c72fe40623c","2026-07-08 23:22:29.099","2026-07-08 23:22:29.099","1b1345c6-abba-4471-95bd-7c72fe40623c","[PREMIUM]","Used",2022,"Lexus","NX 250",,"[PREMIUM]","[PREMIUM]",51700,"SUV","Red","BLACK","Four-wheel Drive",,,"Gasoline",,,"dealership","[PREMIUM]","St. Peters","MO","[PREMIUM]",17,"[]",,,"[PREMIUM]"
"f7cbde23-195b-4e84-bcc3-e16fc04a58c9","2026-07-08 23:22:29.087","2026-07-08 23:22:29.087","f7cbde23-195b-4e84-bcc3-e16fc04a58c9","[PREMIUM]","New",2026,"Volkswagen","Tiguan","2.0T SE","[PREMIUM]","[PREMIUM]",0,"SUV","Deep Black Pearl","Grigio",,,,"Gasoline",,,"dealership","[PREMIUM]","Lockport","NY","[PREMIUM]",25,"[]",,,"[PREMIUM]"
"4fdd0237-a5e7-4912-9ac2-e112d372039d","2026-07-08 23:22:29.085","2026-07-11 23:28:17.629","4fdd0237-a5e7-4912-9ac2-e112d372039d","[PREMIUM]","Used",2021,"Toyota","Highlander","XLE","[PREMIUM]","[PREMIUM]",50169,"SUV","Gray","GRAY","Rear-wheel Drive",,,"Gasoline",,,"dealership","[PREMIUM]","Sacramento","CA","[PREMIUM]",29,"[]",,,"[PREMIUM]"
"e038fe85-1101-4e4f-bd80-bea2ef21aa53","2026-07-08 23:22:29.081","2026-07-19 18:05:42.997","e038fe85-1101-4e4f-bd80-bea2ef21aa53","[PREMIUM]","New",2026,"Honda","CR-V","EX-L AWD","[PREMIUM]","[PREMIUM]",1,"SUV","Radiant Red Metallic","Gry Lth &amp;Clth","All-wheel Drive",,,"Gasoline",,,"dealership","[PREMIUM]","Eau Claire","WI","[PREMIUM]",26,"[]",,,"[PREMIUM]"
"26248380-2879-44c2-b36e-07a98be3d612","2026-07-08 23:22:29.077","2026-07-19 18:05:53.951","26248380-2879-44c2-b36e-07a98be3d612","[PREMIUM]","New",2026,"Hyundai","TUCSON","SEL","[PREMIUM]","[PREMIUM]",15,"SUV","Ultimate Red","Black","All-wheel Drive",,,"Gasoline",,,"dealership","[PREMIUM]","Anchorage","AK","[PREMIUM]",17,"[]",,,"[PREMIUM]"
"27fe3c14-a67e-4f82-b976-2d09c88354f7","2026-07-08 23:22:29.060","2026-07-08 23:22:29.060","27fe3c14-a67e-4f82-b976-2d09c88354f7","[PREMIUM]","New",2026,"Toyota","Camry","SE","[PREMIUM]","[PREMIUM]",3,"Sedan","Heavy Metal","Black","Front Wheel Drive",,,"Regular unleaded",,,"dealership","[PREMIUM]","Scranton","PA","[PREMIUM]",4,"[]",,,"[PREMIUM]"
"51284383-af5e-4c63-9b1d-9b1074b0907c","2026-07-08 23:22:29.050","2026-07-08 23:22:29.050","51284383-af5e-4c63-9b1d-9b1074b0907c","[PREMIUM]","Used",2025,"Genesis","G70",,"[PREMIUM]","[PREMIUM]",13506,"Sedan","Black","GRAY","Four-wheel Drive",,,"Gasoline",,,"dealership","[PREMIUM]","Gastonia","NC","[PREMIUM]",26,"[]",,,"[PREMIUM]"
"b4069395-9716-4a33-8911-e0a7c535d45f","2026-07-08 23:22:29.046","2026-07-08 23:22:29.046","b4069395-9716-4a33-8911-e0a7c535d45f","[PREMIUM]","Used",2023,"Mercedes-Benz","C-Class",,"[PREMIUM]","[PREMIUM]",20642,"Sedan","White","TAN","Rear-wheel Drive",,,"Gasoline",,,"dealership","[PREMIUM]","Oak Lawn","IL","[PREMIUM]",27,"[]",,,"[PREMIUM]"
"bfdec1ea-3972-44f3-8a11-6d8008cdd454","2026-07-08 23:22:29.028","2026-07-19 18:05:42.940","bfdec1ea-3972-44f3-8a11-6d8008cdd454","[PREMIUM]","New",2026,"Hyundai","IONIQ 5","SEL","[PREMIUM]","[PREMIUM]",0,"SUV","Ecotronic Gray Matte","Black","Rear-wheel Drive",,,"Electric",,,"dealership","[PREMIUM]","Winter Park","FL","[PREMIUM]",17,"[]",,,"[PREMIUM]"
"c4832275-c231-4895-ac05-0ae61fe45704","2026-07-08 23:22:29.021","2026-07-19 18:05:42.890","c4832275-c231-4895-ac05-0ae61fe45704","[PREMIUM]","Used",2020,"Lincoln","Navigator","Reserve","[PREMIUM]","[PREMIUM]",102621,"SUV","Radiance","Medium Slate","Four-wheel Drive",,,"Gasoline",,,"dealership","[PREMIUM]","Hope","AR","[PREMIUM]",32,"[]",,,"[PREMIUM]"
"68d28cfd-d098-44a2-a01b-0850450d44aa","2026-07-08 23:22:29.018","2026-07-19 18:05:42.868","68d28cfd-d098-44a2-a01b-0850450d44aa","[PREMIUM]","New",2026,"Ford","Bronco Sport","Big Bend","[PREMIUM]","[PREMIUM]",6,"SUV","Space White Metallic","Medium Light Smoked Truffle","Four-wheel Drive",,,"Gasoline",,,"dealership","[PREMIUM]","St Petersburg","FL","[PREMIUM]",17,"[]",,,"[PREMIUM]"
"576ab7c1-d3bc-4881-994e-445d4d9eae3e","2026-07-08 23:22:29.007","2026-07-11 23:28:29.005","576ab7c1-d3bc-4881-994e-445d4d9eae3e","[PREMIUM]","New",2026,"Hyundai","IONIQ 5","SEL","[PREMIUM]","[PREMIUM]",0,"SUV","Atlas White Matte","Gray","Rear-wheel Drive",,,"Electric",,,"dealership","[PREMIUM]","Winter Park","FL","[PREMIUM]",17,"[]",,,"[PREMIUM]"
"57ff75b1-1311-4b3a-bb03-c85a810ee9e1","2026-07-08 23:22:29.004","2026-07-19 18:05:42.892","57ff75b1-1311-4b3a-bb03-c85a810ee9e1","[PREMIUM]","New",2026,"Hyundai","IONIQ 5","SEL","[PREMIUM]","[PREMIUM]",0,"SUV","Ultimate Red","Black","Rear-wheel Drive",,,"Electric",,,"dealership","[PREMIUM]","Winter Park","FL","[PREMIUM]",17,"[]",,,"[PREMIUM]"
"1eefaf1b-6341-47a9-b72d-c80212385438","2026-07-08 23:22:28.989","2026-07-19 18:05:30.967","1eefaf1b-6341-47a9-b72d-c80212385438","[PREMIUM]","Used",2026,"Ford","Mustang","Ecoboost Premium","[PREMIUM]","[PREMIUM]",9115,"Coupe","Silver","BLACK","Rear-wheel Drive",,,"Gasoline",,,"dealership","[PREMIUM]","Colorado Springs","CO","[PREMIUM]",24,"[]",,,"[PREMIUM]"
"f24c91a2-bde5-4526-b37a-8b42cb02c5cd","2026-07-08 23:22:28.987","2026-07-19 18:05:42.888","f24c91a2-bde5-4526-b37a-8b42cb02c5cd","[PREMIUM]","New",2026,"GMC","Terrain","AWD Elevation","[PREMIUM]","[PREMIUM]",100,"SUV","Sterling Metallic","After Dark","All-wheel Drive",,,"Gasoline",,,"dealership","[PREMIUM]","Clinton","IA","[PREMIUM]",32,"[]",,,"[PREMIUM]"
"7acd972f-2949-4166-ace4-6710dbab08e1","2026-07-08 23:22:28.985","2026-07-08 23:22:28.985","7acd972f-2949-4166-ace4-6710dbab08e1","[PREMIUM]","New",2026,"Hyundai","KONA","Limited","[PREMIUM]","[PREMIUM]",98,"SUV","Red Metallic","Gray","Front-wheel Drive",,,"Gasoline",,,"dealership","[PREMIUM]","McKinney","TX","[PREMIUM]",1,"[]",,,"[PREMIUM]"
"17de31df-8905-48ef-be65-301338b23d33","2026-07-08 23:22:28.977","2026-07-11 23:28:28.813","17de31df-8905-48ef-be65-301338b23d33","[PREMIUM]","New",2026,"Mazda","CX-50","Premium","[PREMIUM]","[PREMIUM]",,"SUV","Polymetal Gray Metallic","Black","All-wheel Drive",,,"Gasoline",,,"dealership","[PREMIUM]","Royal Palm Beach","FL","[PREMIUM]",23,"[]",,,"[PREMIUM]"
"09a367cb-e6fa-4848-9586-306e1930d489","2026-07-08 23:22:28.970","2026-07-11 23:28:28.823","09a367cb-e6fa-4848-9586-306e1930d489","[PREMIUM]","Used",2026,"Nissan","Rogue","Platinum","[PREMIUM]","[PREMIUM]",551,"SUV","Silver",,"All-wheel Drive",,,"Gasoline",,,"dealership","[PREMIUM]","Independence","MO","[PREMIUM]",3,"[]",,,"[PREMIUM]"
"cdc1da93-b7af-4350-b85b-d3719ddc50a1","2026-07-08 23:22:28.970","2026-07-16 18:02:11.619","cdc1da93-b7af-4350-b85b-d3719ddc50a1","[PREMIUM]","New",2026,"Honda","CR-V","EX-L AWD","[PREMIUM]","[PREMIUM]",1,"SUV","Crystal Black Pearl","Gry Lth &amp;Clth","All-wheel Drive",,,"Gasoline",,,"dealership","[PREMIUM]","Eau Claire","WI","[PREMIUM]",26,"[]",,,"[PREMIUM]"
"e2f615de-7625-419a-85c0-51e48b30ce76","2026-07-08 23:22:28.966","2026-07-08 23:22:28.966","e2f615de-7625-419a-85c0-51e48b30ce76","[PREMIUM]","Used",2026,"Subaru","Crosstrek","Wilderness","[PREMIUM]","[PREMIUM]",6257,"SUV","Green","BLACK","Four-wheel Drive",,,"Gasoline",,,"dealership","[PREMIUM]","Columbus","OH","[PREMIUM]",25,"[]",,,"[PREMIUM]"
"9b98e8fb-2ad5-4b1f-8138-4471f4ec410f","2026-07-08 23:22:28.953","2026-07-16 18:01:57.940","9b98e8fb-2ad5-4b1f-8138-4471f4ec410f","[PREMIUM]","Used",2018,"Toyota","Tacoma","SR","[PREMIUM]","[PREMIUM]",54349,"Truck","White","GRAY","Four-wheel Drive",,,"Gasoline",,,"dealership","[PREMIUM]","Gilbert","AZ","[PREMIUM]",25,"[]",,,"[PREMIUM]"
"a55fd072-c1f8-4b57-9ee8-ca9030b5c6e2","2026-07-08 23:22:28.949","2026-07-11 23:28:28.805","a55fd072-c1f8-4b57-9ee8-ca9030b5c6e2","[PREMIUM]","New",2026,"Subaru","Forester","Sport","[PREMIUM]","[PREMIUM]",,"SUV","Gray Metallic","Gray","All-wheel Drive",,,"Gasoline",,,"dealership","[PREMIUM]","Erie","PA","[PREMIUM]",16,"[]",,,"[PREMIUM]"
"eb1e1ddf-cf6c-4316-8fc5-7e7b93d50fa1","2026-07-08 23:22:28.943","2026-07-16 18:01:56.937","eb1e1ddf-cf6c-4316-8fc5-7e7b93d50fa1","[PREMIUM]","New",2026,"Ford","F-150","XL","[PREMIUM]","[PREMIUM]",10,"Truck","Oxford White","Black","Rear-wheel Drive",,,"Gasoline",,,"dealership","[PREMIUM]","Zionsville","IN","[PREMIUM]",1,"[]",,,"[PREMIUM]"
"12435156-9cb2-49af-888f-86c5b0762915","2026-07-08 23:22:28.939","2026-07-08 23:22:28.939","12435156-9cb2-49af-888f-86c5b0762915","[PREMIUM]","Used",2024,"BMW","430","I","[PREMIUM]","[PREMIUM]",39896,"Convertible","Gray","BLACK","Rear-wheel Drive",,,"Gasoline",,,"dealership","[PREMIUM]","Riverside","CA","[PREMIUM]",21,"[]",,,"[PREMIUM]"
"73175dac-086d-495e-9be8-04e9dfdec7bf","2026-07-08 23:22:28.931","2026-07-19 18:05:42.944","73175dac-086d-495e-9be8-04e9dfdec7bf","[PREMIUM]","New",2026,"Ford","Bronco Sport","Big Bend","[PREMIUM]","[PREMIUM]",7,"SUV","Shadow Black","Medium Light Smoked Truffle","Four-wheel Drive",,,"Gasoline",,,"dealership","[PREMIUM]","St Petersburg","FL","[PREMIUM]",17,"[]",,,"[PREMIUM]"
"ecc4789d-76de-442f-b805-2f16948f40e6","2026-07-08 23:22:28.929","2026-07-11 23:28:28.676","ecc4789d-76de-442f-b805-2f16948f40e6","[PREMIUM]","New",2026,"Ford","F-150","XL","[PREMIUM]","[PREMIUM]",7,"Truck","Oxford White","Black","Rear-wheel Drive",,,"Gasoline",,,"dealership","[PREMIUM]","Zionsville","IN","[PREMIUM]",1,"[]",,,"[PREMIUM]"
"c1a65bc8-2db8-4753-8f04-2c4644f55bb4","2026-07-08 23:22:28.928","2026-07-11 23:28:28.698","c1a65bc8-2db8-4753-8f04-2c4644f55bb4","[PREMIUM]","New",2026,"Hyundai","IONIQ 5","SEL","[PREMIUM]","[PREMIUM]",,"SUV","Black","Black","All-wheel Drive",,,"Electric",,,"dealership","[PREMIUM]","Mahwah","NJ","[PREMIUM]",17,"[]",,,"[PREMIUM]"
"74760fa4-02e8-46d7-8626-fe58d9d1e5fc","2026-07-08 23:22:28.927","2026-07-11 23:28:17.410","74760fa4-02e8-46d7-8626-fe58d9d1e5fc","[PREMIUM]","Used",2025,"Ford","Bronco Sport","Heritage","[PREMIUM]","[PREMIUM]",796,"SUV","Red","GRAY","Four-wheel Drive",,,"Gasoline",,,"dealership","[PREMIUM]","Columbia","SC","[PREMIUM]",25,"[]",,,"[PREMIUM]"
"f87ba66a-a220-487e-9868-e4b0e070ba88","2026-07-08 23:22:28.925","2026-07-19 18:05:42.870","f87ba66a-a220-487e-9868-e4b0e070ba88","[PREMIUM]","Used",2022,"Jeep","Grand Cherokee","Limited","[PREMIUM]","[PREMIUM]",21966,"SUV","Gray","BLACK","Four-wheel Drive",,,"Gasoline",,,"dealership","[PREMIUM]","Woodbridge","VA","[PREMIUM]",27,"[]",,,"[PREMIUM]"
"767c44c9-0143-40ba-9383-f50ee5f370c4","2026-07-08 23:22:28.923","2026-07-08 23:22:28.923","767c44c9-0143-40ba-9383-f50ee5f370c4","[PREMIUM]","New",2026,"Toyota","Camry","LE","[PREMIUM]","[PREMIUM]",2,"Sedan","Underground","Boulder","Front Wheel Drive",,,"Regular unleaded",,,"dealership","[PREMIUM]","Scranton","PA","[PREMIUM]",30,"[]",,,"[PREMIUM]"
"4a8802b8-587e-44fd-93e6-4c85e6d3f1cc","2026-07-08 23:22:28.922","2026-07-19 18:05:42.885","4a8802b8-587e-44fd-93e6-4c85e6d3f1cc","[PREMIUM]","Used",2026,"Acura","Integra","A-Spec","[PREMIUM]","[PREMIUM]",5417,"Hatchback","Platinum White Pearl","Orchid","Front-wheel Drive",,,"Gasoline",,,"dealership","[PREMIUM]","Grapevine","TX","[PREMIUM]",43,"[]",,,"[PREMIUM]"
"9036353f-5836-4b52-932e-17d0def1d311","2026-07-08 23:22:28.906","2026-07-08 23:22:28.906","9036353f-5836-4b52-932e-17d0def1d311","[PREMIUM]","Used",2024,"Hyundai","TUCSON","Limited","[PREMIUM]","[PREMIUM]",11787,"SUV","Gray","TAN","Four-wheel Drive",,,"Gasoline",,,"dealership","[PREMIUM]","South Jordan","UT","[PREMIUM]",28,"[]",,,"[PREMIUM]"
"0d3eb43a-d7f3-4e54-b33e-e552fb20149f","2026-07-08 23:22:28.904","2026-07-19 18:05:42.886","0d3eb43a-d7f3-4e54-b33e-e552fb20149f","[PREMIUM]","New",2026,"Ford","Maverick","XL","[PREMIUM]","[PREMIUM]",10,"Truck","Oxford White","Black Onyx/Dark Slate","Front-wheel Drive",,,"Gasoline",,,"dealership","[PREMIUM]","Tampa","FL","[PREMIUM]",31,"[]",,,"[PREMIUM]"
"5c25353f-90c8-45a9-a6b8-2c03186d9f8e","2026-07-08 23:22:28.902","2026-07-08 23:22:28.902","5c25353f-90c8-45a9-a6b8-2c03186d9f8e","[PREMIUM]","Used",2022,"GMC","Canyon","Elevation","[PREMIUM]","[PREMIUM]",9503,"Truck","Gray","BLACK","Rear-wheel Drive",,,"Gasoline",,,"dealership","[PREMIUM]","Roswell","GA","[PREMIUM]",26,"[]",,,"[PREMIUM]"
"20202de0-0608-40bd-88e6-0da8f12203cb","2026-07-08 23:22:28.894","2026-07-19 18:05:30.933","20202de0-0608-40bd-88e6-0da8f12203cb","[PREMIUM]","New",2026,"Honda","Civic Si","Base","[PREMIUM]","[PREMIUM]",4,"Sedan","Crystal Black Pearl","Black/Red","Front-wheel Drive",,,"Gasoline",,,"dealership","[PREMIUM]","Temecula","CA","[PREMIUM]",27,"[]",,,"[PREMIUM]"
"9aa18412-1e24-4a0f-ad43-e8ddcafd98bc","2026-07-08 23:22:28.883","2026-07-19 18:05:42.958","9aa18412-1e24-4a0f-ad43-e8ddcafd98bc","[PREMIUM]","New",2026,"Mazda","CX-5","Select","[PREMIUM]","[PREMIUM]",4,"SUV","Aero Gray Metallic","Black","All-wheel Drive",,,"Gasoline",,,"dealership","[PREMIUM]","Martinez","GA","[PREMIUM]",27,"[]",,,"[PREMIUM]"
"9bfc1f10-8ac0-4480-a9fb-618bd7adc022","2026-07-08 23:22:28.875","2026-07-11 23:28:17.328","9bfc1f10-8ac0-4480-a9fb-618bd7adc022","[PREMIUM]","Used",2025,"Toyota","Camry","SE","[PREMIUM]","[PREMIUM]",15005,"Sedan","White","BLACK","Rear-wheel Drive",,,"Hybrid",,,"dealership","[PREMIUM]","East Meadow","NY","[PREMIUM]",26,"[]",,,"[PREMIUM]"
"7da418e7-4580-4d80-845e-140522d0c970","2026-07-08 23:22:28.874","2026-07-08 23:22:28.874","7da418e7-4580-4d80-845e-140522d0c970","[PREMIUM]","Used",2021,"Toyota","4Runner","Limited","[PREMIUM]","[PREMIUM]",94894,"SUV","Silver","BLACK","Rear-wheel Drive",,,"Gasoline",,,"dealership","[PREMIUM]","San Antonio","TX","[PREMIUM]",29,"[]",,,"[PREMIUM]"
"31dd6fc6-110e-4627-b7a6-7293f2877ccc","2026-07-08 23:22:28.873","2026-07-08 23:22:28.873","31dd6fc6-110e-4627-b7a6-7293f2877ccc","[PREMIUM]","New",2026,"Toyota","Camry","SE","[PREMIUM]","[PREMIUM]",0,"Sedan","Reservoir Blue","Black SofTex/fabric mixed media trim","Front-wheel Drive",,,"Gasoline",,,"dealership","[PREMIUM]","Dallas","TX","[PREMIUM]",1,"[]",,,"[PREMIUM]"
"cf0bd1e6-2344-4e90-8d72-71291dca8d29","2026-07-08 23:22:28.873","2026-07-19 18:05:42.909","cf0bd1e6-2344-4e90-8d72-71291dca8d29","[PREMIUM]","Used",2026,"Honda","HR-V","EX-L","[PREMIUM]","[PREMIUM]",9488,"SUV","Platinum White Pearl","Gray","Front-wheel Drive",,,"Gasoline",,,"dealership","[PREMIUM]","Chamblee","GA","[PREMIUM]",33,"[]",,,"[PREMIUM]"
"eca1b49e-a812-4136-9c38-5740a11c7853","2026-07-08 23:22:28.871","2026-07-11 23:28:19.006","eca1b49e-a812-4136-9c38-5740a11c7853","[PREMIUM]","Used",2022,"RAM","1500 Classic","SLT","[PREMIUM]","[PREMIUM]",12270,"Truck","White","BLACK","Four-wheel Drive",,,"Gasoline",,,"dealership","[PREMIUM]","Norwood","MA","[PREMIUM]",25,"[]",,,"[PREMIUM]"
"652ea8cc-b060-4f87-9cfd-53a10085cfb3","2026-07-08 23:22:28.870","2026-07-19 18:05:31.065","652ea8cc-b060-4f87-9cfd-53a10085cfb3","[PREMIUM]","New",2026,"Ford","Maverick","XL","[PREMIUM]","[PREMIUM]",10,"Truck","Space White Metallic","Black Onyx/Dark Slate","Front-wheel Drive",,,"Gasoline",,,"dealership","[PREMIUM]","Tampa","FL","[PREMIUM]",31,"[]",,,"[PREMIUM]"
"a225f6aa-cc25-4e6f-aa25-0e6947e9254d","2026-07-08 23:22:28.870","2026-07-11 23:28:17.473","a225f6aa-cc25-4e6f-aa25-0e6947e9254d","[PREMIUM]","Used",2023,"Hyundai","SANTA FE","Limited","[PREMIUM]","[PREMIUM]",18819,"SUV","Blue","TAN","Four-wheel Drive",,,"Gasoline",,,"dealership","[PREMIUM]","Oak Lawn","IL","[PREMIUM]",27,"[]",,,"[PREMIUM]"
"afd97eec-4282-472b-b395-72ddf6dacd34","2026-07-08 23:22:28.870","2026-07-19 18:05:42.958","afd97eec-4282-472b-b395-72ddf6dacd34","[PREMIUM]","Used",2024,"Toyota","Prius","Limited","[PREMIUM]","[PREMIUM]",23168,"Hatchback","Red","BLACK","Rear-wheel Drive",,,"Hybrid",,,"dealership","[PREMIUM]","Tucson","AZ","[PREMIUM]",26,"[]",,,"[PREMIUM]"
"20b12c31-6c4d-4a78-8e03-bed3eaa4cb11","2026-07-08 23:22:28.869","2026-07-08 23:22:28.869","20b12c31-6c4d-4a78-8e03-bed3eaa4cb11","[PREMIUM]","Used",2023,"Chevrolet","Silverado 1500","LT","[PREMIUM]","[PREMIUM]",47233,"Truck","Blue","GRAY","Four-wheel Drive",,,"Gasoline",,,"dealership","[PREMIUM]","Oak Lawn","IL","[PREMIUM]",25,"[]",,,"[PREMIUM]"
"80495ebf-db6f-494b-8427-33ace34f9ca0","2026-07-08 23:22:28.868","2026-07-19 18:05:30.844","80495ebf-db6f-494b-8427-33ace34f9ca0","[PREMIUM]","New",2026,"Honda","Civic Hybrid","Sport","[PREMIUM]","[PREMIUM]",20,"Sedan","Platinum White Pearl","Gray","Front-wheel Drive",,,"Hybrid",,,"dealership","[PREMIUM]","Huntington Beach","CA","[PREMIUM]",15,"[]",,,"[PREMIUM]"
"aeec62a7-5005-442f-ade1-c6f5bb4d86f0","2026-07-08 23:22:28.868","2026-07-19 18:05:42.896","aeec62a7-5005-442f-ade1-c6f5bb4d86f0","[PREMIUM]","Used",2022,"Genesis","GV70",,"[PREMIUM]","[PREMIUM]",43327,"SUV","Gray","BLACK","Four-wheel Drive",,,"Gasoline",,,"dealership","[PREMIUM]","Garland","TX","[PREMIUM]",27,"[]",,,"[PREMIUM]"
"5684a40f-c3b8-4cde-9ebc-28386b792587","2026-07-08 23:22:28.867","2026-07-19 18:05:42.935","5684a40f-c3b8-4cde-9ebc-28386b792587","[PREMIUM]","New",2026,"Mazda","CX-50","Preferred","[PREMIUM]","[PREMIUM]",3,"SUV","Machine Gray Metallic","Black","All-wheel Drive",,,"Gasoline",,,"dealership","[PREMIUM]","Philadelphia","PA","[PREMIUM]",13,"[]",,,"[PREMIUM]"
"6f6656d2-ecf1-48f2-ab05-5a468d3a4678","2026-07-08 23:22:28.866","2026-07-11 23:28:17.659","6f6656d2-ecf1-48f2-ab05-5a468d3a4678","[PREMIUM]","Used",2025,"Ford","Bronco Sport","Heritage","[PREMIUM]","[PREMIUM]",5531,"SUV","Red","GRAY","Four-wheel Drive",,,"Gasoline",,,"dealership","[PREMIUM]","Columbia","SC","[PREMIUM]",26,"[]",,,"[PREMIUM]"
"86e03125-6840-412e-9657-57d72a91b6ca","2026-07-08 23:22:28.864","2026-07-11 23:28:17.371","86e03125-6840-412e-9657-57d72a91b6ca","[PREMIUM]","Used",2025,"Ford","Bronco Sport","Heritage","[PREMIUM]","[PREMIUM]",3905,"SUV","Gray","GRAY","Four-wheel Drive",,,"Gasoline",,,"dealership","[PREMIUM]","Columbia","SC","[PREMIUM]",26,"[]",,,"[PREMIUM]"
"26360dbc-f6f3-4ea6-bf42-c0af081a999b","2026-07-08 23:22:28.861","2026-07-19 18:05:42.954","26360dbc-f6f3-4ea6-bf42-c0af081a999b","[PREMIUM]","New",2026,"Ford","Maverick","XL","[PREMIUM]","[PREMIUM]",11,"Truck","Oxford White","Black Onyx/Dark Slate","Front-wheel Drive",,,"Gasoline",,,"dealership","[PREMIUM]","Tampa","FL","[PREMIUM]",31,"[]",,,"[PREMIUM]"
"38e8fd87-c205-4ed2-8e29-4a9fd09233f9","2026-07-08 23:22:28.860","2026-07-08 23:22:28.860","38e8fd87-c205-4ed2-8e29-4a9fd09233f9","[PREMIUM]","Used",2026,"Toyota","Tacoma","SR5","[PREMIUM]","[PREMIUM]",1335,"Truck","Black","GRAY","Four-wheel Drive",,,"Gasoline",,,"dealership","[PREMIUM]","Bakersfield","CA","[PREMIUM]",21,"[]",,,"[PREMIUM]"
"ae24a94d-6981-4aac-a9f7-bcacb2573495","2026-07-08 23:22:28.857","2026-07-16 18:01:57.884","ae24a94d-6981-4aac-a9f7-bcacb2573495","[PREMIUM]","Used",2023,"Honda","Ridgeline","Black Edition","[PREMIUM]","[PREMIUM]",34353,"Truck","Blue","BLACK","Four-wheel Drive",,,"Gasoline",,,"dealership","[PREMIUM]","Raleigh","NC","[PREMIUM]",26,"[]",,,"[PREMIUM]"
"6b416f89-4bc0-401d-8518-498e2253a4c0","2026-07-08 23:22:28.855","2026-07-19 18:05:42.891","6b416f89-4bc0-401d-8518-498e2253a4c0","[PREMIUM]","Used",2021,"Toyota","Highlander","LE","[PREMIUM]","[PREMIUM]",32000,"SUV","White","Gray","Front-wheel Drive",,,"Gasoline",,,"private","[PREMIUM]",,,"[PREMIUM]",15,"[]",,,"[PREMIUM]"
"5be0d9ca-318e-46c1-a62a-4e0c31021cfb","2026-07-08 23:22:28.851","2026-07-19 18:05:30.905","5be0d9ca-318e-46c1-a62a-4e0c31021cfb","[PREMIUM]","New",2026,"Honda","Accord","SE","[PREMIUM]","[PREMIUM]",4,"Sedan","Radiant Red Metallic","Gray","Front-wheel Drive",,,"Gasoline",,,"dealership","[PREMIUM]","Temecula","CA","[PREMIUM]",22,"[]",,,"[PREMIUM]"
"648626c8-457e-46f2-b46c-f1580d900004","2026-07-08 23:22:19.386","2026-07-08 23:22:19.386","648626c8-457e-46f2-b46c-f1580d900004","[PREMIUM]","New",2026,"Mazda","CX-50","Select","[PREMIUM]","[PREMIUM]",3,"SUV","Ingot Blue Metallic","Black","AWD",,,"Gasoline",,,"dealership","[PREMIUM]","Philadelphia","PA","[PREMIUM]",1,"[]",,,"[PREMIUM]"
"914c4889-31be-4609-8e98-2124c26404be","2026-07-08 23:22:18.259","2026-07-19 18:05:42.939","914c4889-31be-4609-8e98-2124c26404be","[PREMIUM]","New",2026,"Toyota","Camry","LE","[PREMIUM]","[PREMIUM]",0,"Sedan","Ice Cap","Boulder","Front-wheel Drive",,,"Gasoline",,,"dealership","[PREMIUM]","Holiday","FL","[PREMIUM]",14,"[]",,,"[PREMIUM]"
"cbd96c00-60f2-4ea3-addc-1304da0358dc","2026-07-08 23:22:18.222","2026-07-19 18:05:30.843","cbd96c00-60f2-4ea3-addc-1304da0358dc","[PREMIUM]","New",2026,"Chevrolet","Equinox","LT","[PREMIUM]","[PREMIUM]",431,"SUV","Lakeshore Blue Metallic","Black","All-wheel Drive",,,"Gasoline",,,"dealership","[PREMIUM]","Monroeville","PA","[PREMIUM]",11,"[]",,,"[PREMIUM]"
"f501a31e-4013-4726-b0e0-6af022a1a415","2026-07-08 23:22:17.748","2026-07-19 18:05:42.929","f501a31e-4013-4726-b0e0-6af022a1a415","[PREMIUM]","New",2026,"Mazda","CX-50","Preferred","[PREMIUM]","[PREMIUM]",3,"SUV","Ingot Blue Metallic","Black","All-wheel Drive",,,"Gasoline",,,"dealership","[PREMIUM]","Philadelphia","PA","[PREMIUM]",13,"[]",,,"[PREMIUM]"
"354cf219-81fa-43f4-b902-d4ab75447579","2026-07-08 23:22:17.743","2026-07-19 18:05:42.937","354cf219-81fa-43f4-b902-d4ab75447579","[PREMIUM]","New",2026,"Mazda","CX-50","Preferred","[PREMIUM]","[PREMIUM]",8,"SUV","Ingot Blue Metallic","Black","All-wheel Drive",,,"Gasoline",,,"dealership","[PREMIUM]","Philadelphia","PA","[PREMIUM]",13,"[]",,,"[PREMIUM]"
"b3a84e9b-0a7a-4d3b-a86f-277173c490ab","2026-07-08 23:22:17.740","2026-07-19 18:05:31.018","b3a84e9b-0a7a-4d3b-a86f-277173c490ab","[PREMIUM]","New",2026,"Ford","Bronco Sport","Outer Banks","[PREMIUM]","[PREMIUM]",,"SUV","Space White Metallic","Platinum","Four-wheel Drive",,,"Gasoline",,,"dealership","[PREMIUM]","Castle Rock","CO","[PREMIUM]",23,"[]",,,"[PREMIUM]"
"bd7a7530-48c1-4b1e-9ba1-6d5b47c49dfc","2026-07-08 23:22:17.699","2026-07-19 18:05:31.042","bd7a7530-48c1-4b1e-9ba1-6d5b47c49dfc","[PREMIUM]","New",2026,"Ford","Maverick","XLT","[PREMIUM]","[PREMIUM]",12,"Truck","Oxford White","Navy Pier","Front-wheel Drive",,,"Gasoline",,,"dealership","[PREMIUM]","Tallahassee","FL","[PREMIUM]",29,"[]",,,"[PREMIUM]"
"93853f51-d452-44b4-8ea0-349df5a71ca5","2026-07-08 23:22:17.695","2026-07-19 18:05:43.027","93853f51-d452-44b4-8ea0-349df5a71ca5","[PREMIUM]","New",2026,"Honda","Civic Hybrid","Sport","[PREMIUM]","[PREMIUM]",,"Sedan","Urban Gray Pearl","Black","Front-wheel Drive",,,"Hybrid",,,"dealership","[PREMIUM]","El Monte","CA","[PREMIUM]",32,"[]",,,"[PREMIUM]"
"8d8beafd-c723-4a2c-b0fb-b37b2642fbe2","2026-07-08 23:22:17.691","2026-07-19 18:05:31.224","8d8beafd-c723-4a2c-b0fb-b37b2642fbe2","[PREMIUM]","New",2026,"Kia","Niro","SX","[PREMIUM]","[PREMIUM]",7,"SUV","Mineral Blue","Medium Gray","Front-wheel Drive",,,"Hybrid",,,"dealership","[PREMIUM]","Fort Myers","FL","[PREMIUM]",27,"[]",,,"[PREMIUM]"
"594fa23d-817d-47fc-a4a5-cfaa32bf68b0","2026-07-08 23:22:17.687","2026-07-19 18:05:42.882","594fa23d-817d-47fc-a4a5-cfaa32bf68b0","[PREMIUM]","New",2026,"Mazda","CX-30","Preferred","[PREMIUM]","[PREMIUM]",4,"SUV","Deep Crystal Blue Mica","Black/Black","All-wheel Drive",,,"Gasoline",,,"dealership","[PREMIUM]","Martinez","GA","[PREMIUM]",27,"[]",,,"[PREMIUM]"
"115cd561-1d90-47a4-9c49-f06487aa3590","2026-07-08 23:22:17.679","2026-07-19 18:05:42.955","115cd561-1d90-47a4-9c49-f06487aa3590","[PREMIUM]","Used",2026,"Subaru","Forester","Limited","[PREMIUM]","[PREMIUM]",2511,"SUV","Ice Silver Metallic","Black","All-wheel Drive",,,"Gasoline",,,"dealership","[PREMIUM]","Fort Worth","TX","[PREMIUM]",30,"[]",,,"[PREMIUM]"
"03dd0b22-1cf6-46ae-bdc9-6190d5003275","2026-07-08 23:22:17.673","2026-07-16 18:01:57.785","03dd0b22-1cf6-46ae-bdc9-6190d5003275","[PREMIUM]","New",2026,"Nissan","Rogue","Dark Armor","[PREMIUM]","[PREMIUM]",75,"SUV","Gun Metallic","Charcoal","All-wheel Drive",,,"Gasoline",,,"dealership","[PREMIUM]","St. Louis","MO","[PREMIUM]",13,"[]",,,"[PREMIUM]"
"0db4d98d-380a-4323-a802-3edaa8a30d97","2026-07-08 23:22:17.673","2026-07-19 18:05:30.852","0db4d98d-380a-4323-a802-3edaa8a30d97","[PREMIUM]","New",2026,"Kia","Sorento","LX","[PREMIUM]","[PREMIUM]",9,"SUV","Ebony Black","Black","Front-wheel Drive",,,"Gasoline",,,"dealership","[PREMIUM]","Fort Myers","FL","[PREMIUM]",27,"[]",,,"[PREMIUM]"
"53f79336-f5fc-4d0b-8343-533d86590b25","2026-07-08 23:22:17.673","2026-07-19 18:05:30.994","53f79336-f5fc-4d0b-8343-533d86590b25","[PREMIUM]","Used",2026,"Subaru","Forester","Limited","[PREMIUM]","[PREMIUM]",2861,"SUV","Crystal Black Silica","Black","All-wheel Drive",,,"Gasoline",,,"dealership","[PREMIUM]","Fort Worth","TX","[PREMIUM]",29,"[]",,,"[PREMIUM]"
"fdd4cb9f-bd4c-451f-ac42-35ec47fdb207","2026-07-08 23:22:17.669","2026-07-19 18:05:42.877","fdd4cb9f-bd4c-451f-ac42-35ec47fdb207","[PREMIUM]","Used",2026,"Subaru","Forester","Premium","[PREMIUM]","[PREMIUM]",4141,"SUV","Dark Mahogany","Black","All-wheel Drive",,,"Gasoline",,,"dealership","[PREMIUM]","Fort Worth","TX","[PREMIUM]",28,"[]",,,"[PREMIUM]"
"0e2e02b7-648d-477b-afb4-2a0cd6c0a746","2026-07-08 23:22:17.667","2026-07-19 18:05:30.991","0e2e02b7-648d-477b-afb4-2a0cd6c0a746","[PREMIUM]","New",2026,"Honda","Civic","Sport","[PREMIUM]","[PREMIUM]",,"Sedan","Crystal Black","Black","Front-wheel Drive",,,"Gasoline",,,"dealership","[PREMIUM]","El Monte","CA","[PREMIUM]",30,"[]",,,"[PREMIUM]"
"1a200e25-5cce-4ab3-9330-3c0de7a977ec","2026-07-08 23:22:17.663","2026-07-19 18:05:31.256","1a200e25-5cce-4ab3-9330-3c0de7a977ec","[PREMIUM]","Used",2026,"Subaru","Forester","Premium","[PREMIUM]","[PREMIUM]",3925,"SUV","Crystal White Pearl","Gray","All-wheel Drive",,,"Gasoline",,,"dealership","[PREMIUM]","Fort Worth","TX","[PREMIUM]",28,"[]",,,"[PREMIUM]"
"1e229b42-36e6-4d46-be14-09b964942048","2026-07-08 23:22:17.657","2026-07-08 23:22:17.657","1e229b42-36e6-4d46-be14-09b964942048","[PREMIUM]","Used",2026,"Subaru","Forester","Sport","[PREMIUM]","[PREMIUM]",2225,"SUV","Sapphire Blue Pearl","Gray","All-wheel Drive",,,"Gasoline",,,"dealership","[PREMIUM]","Fort Worth","TX","[PREMIUM]",2,"[]",,,"[PREMIUM]"
"56a2481e-69ae-4c95-a6b3-05537bb1c474","2026-07-08 23:22:17.655","2026-07-19 18:05:42.936","56a2481e-69ae-4c95-a6b3-05537bb1c474","[PREMIUM]","New",2026,"Honda","Civic","Sport","[PREMIUM]","[PREMIUM]",,"Sedan","Meteorite Gray Metallic","Black","Front-wheel Drive",,,"Gasoline",,,"dealership","[PREMIUM]","El Monte","CA","[PREMIUM]",31,"[]",,,"[PREMIUM]"
"f258ccf1-bc30-4c69-8150-0fdab1e8f7d8","2026-07-08 23:22:17.647","2026-07-19 18:05:31.232","f258ccf1-bc30-4c69-8150-0fdab1e8f7d8","[PREMIUM]","Used",2026,"Ford","Ranger","XL","[PREMIUM]","[PREMIUM]",1473,"Truck","Shadow Black","Ebony","Rear-wheel Drive",,,"Gasoline",,,"dealership","[PREMIUM]","Troy","AL","[PREMIUM]",24,"[]",,,"[PREMIUM]"
"c13575c7-1ea7-4b08-b6d5-233d2244cbdb","2026-07-08 23:22:17.606","2026-07-19 18:05:42.521","c13575c7-1ea7-4b08-b6d5-233d2244cbdb","[PREMIUM]","New",2026,"Nissan","Frontier","S","[PREMIUM]","[PREMIUM]",4,"Truck","Gun Metallic","Charcoal","Four-wheel Drive",,,"Gasoline",,,"dealership","[PREMIUM]","Jackson","MS","[PREMIUM]",1,"[]",,,"[PREMIUM]"
"5085fe63-26f4-49ad-9184-b49c08cd51b8","2026-07-08 23:22:17.513","2026-07-19 18:05:42.933","5085fe63-26f4-49ad-9184-b49c08cd51b8","[PREMIUM]","New",2026,"Hyundai","SANTA CRUZ","SEL","[PREMIUM]","[PREMIUM]",5,"Truck","Green","Black","Front-wheel Drive",,,"Gasoline",,,"dealership","[PREMIUM]","Florence","SC","[PREMIUM]",31,"[]",,,"[PREMIUM]"
"920ef084-a573-45ec-a288-78866a7e6ed6","2026-07-08 23:22:17.470","2026-07-19 18:05:44.147","920ef084-a573-45ec-a288-78866a7e6ed6","[PREMIUM]","New",2026,"Kia","Sportage","EX","[PREMIUM]","[PREMIUM]",1,"SUV","Ebony Black","Black","Front-wheel Drive",,,"Gasoline",,,"dealership","[PREMIUM]","Homestead","FL","[PREMIUM]",32,"[]",,,"[PREMIUM]"
"fe4fcae3-f7ab-406c-b9e2-1ccba97830e0","2026-07-08 23:22:17.463","2026-07-19 18:05:42.500","fe4fcae3-f7ab-406c-b9e2-1ccba97830e0","[PREMIUM]","New",2026,"Mazda","CX-50","2.5 S Select Package","[PREMIUM]","[PREMIUM]",0,"SUV","polymetal gray metallic","black","All-wheel Drive",,,"Gasoline",,,"dealership","[PREMIUM]","Monroeville","PA","[PREMIUM]",1,"[]",,,"[PREMIUM]"
"e9326bbb-2861-4e78-a2bd-2fb570d1c5e7","2026-07-08 23:22:17.458","2026-07-19 18:05:42.444","e9326bbb-2861-4e78-a2bd-2fb570d1c5e7","[PREMIUM]","New",2026,"Mazda","CX-50","2.5 S Preferred Package","[PREMIUM]","[PREMIUM]",0,"SUV","machine gray metallic","White Leatherette","All-wheel Drive",,,"Gasoline",,,"dealership","[PREMIUM]","Monroeville","PA","[PREMIUM]",1,"[]",,,"[PREMIUM]"
"63f83c48-c615-424c-a749-ebfce439e724","2026-07-08 23:22:17.436","2026-07-11 23:28:17.595","63f83c48-c615-424c-a749-ebfce439e724","[PREMIUM]","New",2026,"Toyota","Corolla Hybrid","SE","[PREMIUM]","[PREMIUM]",3,"SUV","Jet Black","Black/Blue Fabric","All-wheel Drive",,,"Hybrid",,,"dealership","[PREMIUM]","Deerfield Beach","FL","[PREMIUM]",1,"[]",,,"[PREMIUM]"
"bd5d96c3-9ac2-4569-aa56-1095a1d4f94e","2026-07-08 23:22:17.434","2026-07-19 18:05:31.053","bd5d96c3-9ac2-4569-aa56-1095a1d4f94e","[PREMIUM]","New",2026,"Ford","Maverick","XL","[PREMIUM]","[PREMIUM]",5,"Truck","Shadow Black","Black Onyx","All-wheel Drive",,,"Hybrid",,,"dealership","[PREMIUM]","Philadelphia","PA","[PREMIUM]",24,"[]",,,"[PREMIUM]"
"1b7fa745-4ce9-4a57-9151-7094af3e3741","2026-07-08 23:22:17.417","2026-07-19 18:05:30.345","1b7fa745-4ce9-4a57-9151-7094af3e3741","[PREMIUM]","New",2026,"Mazda","CX-5","2.5 S","[PREMIUM]","[PREMIUM]",2,"SUV","Rhodium White Metallic","Black","All-wheel Drive",,,"Gasoline",,,"dealership","[PREMIUM]","Monroeville","PA","[PREMIUM]",1,"[]",,,"[PREMIUM]"
"710522e9-9dad-4fc9-b684-ea7e66018907","2026-07-08 23:22:17.414","2026-07-11 23:28:17.327","710522e9-9dad-4fc9-b684-ea7e66018907","[PREMIUM]","New",2026,"Ford","Bronco Sport","Big Bend","[PREMIUM]","[PREMIUM]",5,"SUV","Carbonized Gray Metallic","Truffle","Four-wheel Drive",,,"Gasoline",,,"dealership","[PREMIUM]","Philadelphia","PA","[PREMIUM]",23,"[]",,,"[PREMIUM]"
"adb6c0a7-2f2e-4f52-906c-7666ad19de99","2026-07-08 23:22:17.414","2026-07-08 23:22:17.414","adb6c0a7-2f2e-4f52-906c-7666ad19de99","[PREMIUM]","New",2026,"Mazda","CX-50","2.5 S Preferred Package","[PREMIUM]","[PREMIUM]",0,"SUV","Polymetal Gray Metallic","Black Leatherette","All-wheel Drive",,,"Gasoline",,,"dealership","[PREMIUM]","Monroeville","PA","[PREMIUM]",1,"[]",,,"[PREMIUM]"
"721752e8-0644-4d86-81a5-b049ef23c81c","2026-07-08 23:22:17.407","2026-07-19 18:05:42.467","721752e8-0644-4d86-81a5-b049ef23c81c","[PREMIUM]","New",2026,"Mazda","CX-50","2.5 S Select Package","[PREMIUM]","[PREMIUM]",12,"SUV","jet black mica","black","All-wheel Drive",,,"Gasoline",,,"dealership","[PREMIUM]","Monroeville","PA","[PREMIUM]",1,"[]",,,"[PREMIUM]"
"28ee1b61-5c81-4528-8398-153a7884e53f","2026-07-08 23:22:17.395","2026-07-19 18:05:42.433","28ee1b61-5c81-4528-8398-153a7884e53f","[PREMIUM]","New",2026,"Nissan","Altima","SV AWD","[PREMIUM]","[PREMIUM]",10,"Sedan","Super Black","Charcoal","All-wheel Drive",,,"Gasoline",,,"dealership","[PREMIUM]","Hasbrouck Heights","NJ","[PREMIUM]",1,"[]",,,"[PREMIUM]"
"28a58265-a619-4d02-9829-4fdd13da0f98","2026-07-08 23:22:17.394","2026-07-19 18:05:30.388","28a58265-a619-4d02-9829-4fdd13da0f98","[PREMIUM]","New",2026,"Nissan","Altima","SV FWD","[PREMIUM]","[PREMIUM]",10,"Sedan","Pearl White Tricoat","Charcoal","Front-wheel Drive",,,"Gasoline",,,"dealership","[PREMIUM]","Hasbrouck Heights","NJ","[PREMIUM]",1,"[]",,,"[PREMIUM]"
"f8bd5501-f649-4bf7-ac54-06d82de62a69","2026-07-08 23:22:17.386","2026-07-19 18:05:30.313","f8bd5501-f649-4bf7-ac54-06d82de62a69","[PREMIUM]","New",2026,"Hyundai","TUCSON Hybrid","Blue SE","[PREMIUM]","[PREMIUM]",5,"SUV","Ash","Black","All-wheel Drive",,,"Hybrid",,,"dealership","[PREMIUM]","Florence","SC","[PREMIUM]",1,"[]",,,"[PREMIUM]"
"014338f3-804e-47c3-89ed-8e9bd7fb737b","2026-07-08 23:22:17.364","2026-07-08 23:22:17.364","014338f3-804e-47c3-89ed-8e9bd7fb737b","[PREMIUM]","New",2026,"Toyota","Camry","SE","[PREMIUM]","[PREMIUM]",10,"Sedan","Dark Cosmos","Black Softexfab","Front-wheel Drive",,,"HEV (hybrid electric vehicle)",,,"dealership","[PREMIUM]","San Antonio","TX","[PREMIUM]",1,"[]",,,"[PREMIUM]"
"52375d76-f92b-49a7-8af4-ea55c3b9a191","2026-07-08 23:22:17.359","2026-07-19 18:05:31.037","52375d76-f92b-49a7-8af4-ea55c3b9a191","[PREMIUM]","New",2026,"Ford","Bronco Sport","Big Bend","[PREMIUM]","[PREMIUM]",0,"SUV","White","Medium Light Smoked Truffle","Four-wheel Drive",,,"Gasoline",,,"dealership","[PREMIUM]","Hastings","MN","[PREMIUM]",15,"[]",,,"[PREMIUM]"
"3e71518d-ea58-4383-8b55-ff7eafea152d","2026-07-08 23:22:17.336","2026-07-19 18:05:30.857","3e71518d-ea58-4383-8b55-ff7eafea152d","[PREMIUM]","New",2026,"Honda","Civic Hybrid","Sport","[PREMIUM]","[PREMIUM]",,"Sedan","Meteorite Gray Metallic","Gray","Front-wheel Drive",,,"Hybrid",,,"dealership","[PREMIUM]","El Monte","CA","[PREMIUM]",32,"[]",,,"[PREMIUM]"
"d13769f5-71d9-44c0-999d-0c2da702e894","2026-07-08 23:22:17.312","2026-07-19 18:05:30.849","d13769f5-71d9-44c0-999d-0c2da702e894","[PREMIUM]","New",2026,"Kia","Sportage","EX","[PREMIUM]","[PREMIUM]",13,"SUV","KDG/Gray",,"Front-wheel Drive",,,"Gasoline",,,"dealership","[PREMIUM]","Houston","TX","[PREMIUM]",27,"[]",,,"[PREMIUM]"
"ef8d10e8-415b-4e62-861c-268aee899acd","2026-07-08 23:22:17.228","2026-07-08 23:22:17.228","ef8d10e8-415b-4e62-861c-268aee899acd","[PREMIUM]","New",2026,"Kia","K5","GT-Line","[PREMIUM]","[PREMIUM]",55,"Sedan","Aurora Black Pearl","Black","Front-wheel Drive",,,"Gasoline",,,"dealership","[PREMIUM]","Houston","TX","[PREMIUM]",1,"[]",,,"[PREMIUM]"
"d4737700-6af5-4636-adb4-2c93241919ac","2026-07-08 23:22:17.210","2026-07-19 18:05:30.939","d4737700-6af5-4636-adb4-2c93241919ac","[PREMIUM]","New",2026,"Honda","Civic","Sport","[PREMIUM]","[PREMIUM]",,"Sedan","Rallye Red","Black","Front-wheel Drive",,,"Gasoline",,,"dealership","[PREMIUM]","El Monte","CA","[PREMIUM]",32,"[]",,,"[PREMIUM]"
"4dc589d4-77ab-4c7c-81ab-9cfa2be4d9e1","2026-07-08 23:22:17.208","2026-07-19 18:05:30.341","4dc589d4-77ab-4c7c-81ab-9cfa2be4d9e1","[PREMIUM]","New",2026,"Mazda","CX-5","2.5 S Select Package","[PREMIUM]","[PREMIUM]",3,"SUV","Rhodium White Metallic","Black","All-wheel Drive",,,"Gasoline",,,"dealership","[PREMIUM]","New Rochelle","NY","[PREMIUM]",1,"[]",,,"[PREMIUM]"
"772f118d-7ceb-4924-88bd-40d6485c90b6","2026-07-08 23:22:17.196","2026-07-08 23:22:17.196","772f118d-7ceb-4924-88bd-40d6485c90b6","[PREMIUM]","New",2026,"Ford","Mustang Mach-E","Select","[PREMIUM]","[PREMIUM]",41,"SUV","Glacier Gray TriCoat","Black Onyx","Rear-wheel Drive",,,"Electric",,,"dealership","[PREMIUM]","Houston","TX","[PREMIUM]",1,"[]",,,"[PREMIUM]"
"24a877c5-5032-480d-98e2-8e110fdcde9f","2026-07-08 23:22:17.178","2026-07-08 23:22:17.178","24a877c5-5032-480d-98e2-8e110fdcde9f","[PREMIUM]","New",2026,"Kia","K4","GT-Line","[PREMIUM]","[PREMIUM]",15,"Sedan","Snow White Pearl","Black","Front-wheel Drive",,,"Gasoline",,,"dealership","[PREMIUM]","Homestead","FL","[PREMIUM]",32,"[]",,,"[PREMIUM]"
"fc5a08aa-8463-4dd3-bd75-7ce8e5dd6f0a","2026-07-08 23:22:17.144","2026-07-19 18:05:30.828","fc5a08aa-8463-4dd3-bd75-7ce8e5dd6f0a","[PREMIUM]","New",2026,"Kia","K5","GT-Line FWD","[PREMIUM]","[PREMIUM]",13,"Sedan","Steel Matte Gray","Black","Front-wheel Drive",,,"Gasoline",,,"dealership","[PREMIUM]","Houston","TX","[PREMIUM]",27,"[]",,,"[PREMIUM]"
"4deb994b-3b55-4022-aa90-63da4dd6c140","2026-07-08 23:22:17.121","2026-07-19 18:05:18.493","4deb994b-3b55-4022-aa90-63da4dd6c140","[PREMIUM]","New",2026,"Honda","Civic Hybrid",,"[PREMIUM]","[PREMIUM]",2,"Sedan","White",,"Front-wheel Drive",,,"Hybrid",,,"dealership","[PREMIUM]","Johnston","RI","[PREMIUM]",26,"[]",,,"[PREMIUM]"
"b467f625-32ef-4dce-9f23-fc4c42ff6372","2026-07-08 23:22:17.105","2026-07-11 23:28:05.394","b467f625-32ef-4dce-9f23-fc4c42ff6372","[PREMIUM]","New",2026,"Honda","CR-V","LX AWD","[PREMIUM]","[PREMIUM]",5,"SUV","R-569mx/Radiant Re","Gray","All-wheel Drive",,,"Gasoline",,,"dealership","[PREMIUM]","Louisville","KY","[PREMIUM]",32,"[]",,,"[PREMIUM]"
"429c47ab-2b53-4b13-bede-cdeb882b9480","2026-07-08 23:22:17.103","2026-07-19 18:05:31.013","429c47ab-2b53-4b13-bede-cdeb882b9480","[PREMIUM]","New",2026,"Honda","Civic Hybrid","Sport","[PREMIUM]","[PREMIUM]",,"Sedan","Rallye Red","Black","Front-wheel Drive",,,"Hybrid",,,"dealership","[PREMIUM]","El Monte","CA","[PREMIUM]",32,"[]",,,"[PREMIUM]"
"c7f206c4-3b48-4ce1-af62-49ede8bf480f","2026-07-08 23:22:17.099","2026-07-19 18:05:30.872","c7f206c4-3b48-4ce1-af62-49ede8bf480f","[PREMIUM]","New",2026,"Honda","Civic Hybrid","Sport","[PREMIUM]","[PREMIUM]",,"Sedan","Meteorite Gray Metallic","Gray","Front-wheel Drive",,,"Hybrid",,,"dealership","[PREMIUM]","El Monte","CA","[PREMIUM]",32,"[]",,,"[PREMIUM]"
"805a8d31-d6b8-456e-8eff-707c57a3f118","2026-07-08 23:22:17.092","2026-07-19 18:05:30.917","805a8d31-d6b8-456e-8eff-707c57a3f118","[PREMIUM]","New",2026,"Mazda","CX-5","2.5 S Select Package","[PREMIUM]","[PREMIUM]",0,"SUV","Navy Blue Mica","Black Leatherette","All-wheel Drive",,,"Gasoline",,,"dealership","[PREMIUM]","Monroeville","PA","[PREMIUM]",1,"[]",,,"[PREMIUM]"
"3e5e6dd9-430a-421e-b854-2e7fab58028b","2026-07-08 23:22:17.090","2026-07-19 18:05:30.417","3e5e6dd9-430a-421e-b854-2e7fab58028b","[PREMIUM]","New",2026,"Nissan","Frontier","S","[PREMIUM]","[PREMIUM]",0,"Truck","Glacier White","Charcoal","Four-wheel Drive",,,"Gasoline",,,"dealership","[PREMIUM]","Montrose","CO","[PREMIUM]",1,"[]",,,"[PREMIUM]"
"c2d587e1-955f-46fe-ba80-0720251468ee","2026-07-08 23:22:17.082","2026-07-19 18:05:30.920","c2d587e1-955f-46fe-ba80-0720251468ee","[PREMIUM]","New",2026,"Buick","Envista","Avenir FWD","[PREMIUM]","[PREMIUM]",100,"SUV","Ebony Twilight Metallic","Ebony w/Terracota Stitching","Front-wheel Drive",,,"Gasoline",,,"dealership","[PREMIUM]","Wakefield","MA","[PREMIUM]",13,"[]",,,"[PREMIUM]"
"9d62456a-f9bd-44cc-ac5e-92a3e37a1dcf","2026-07-08 23:22:17.074","2026-07-19 18:05:30.313","9d62456a-f9bd-44cc-ac5e-92a3e37a1dcf","[PREMIUM]","New",2026,"Hyundai","TUCSON Hybrid","Blue SE","[PREMIUM]","[PREMIUM]",5,"SUV","Ash","Gray","All-wheel Drive",,,"Hybrid",,,"dealership","[PREMIUM]","Florence","SC","[PREMIUM]",1,"[]",,,"[PREMIUM]"
"b3742197-b904-42c0-b06b-73d057a16684","2026-07-08 23:22:17.057","2026-07-19 18:05:30.363","b3742197-b904-42c0-b06b-73d057a16684","[PREMIUM]","New",2026,"Volkswagen","Tiguan","2.0T S","[PREMIUM]","[PREMIUM]",5,"SUV","Pyrite Silver","Grigio &amp; Black","Front-wheel Drive",,,"Gasoline",,,"dealership","[PREMIUM]","Orlando","FL","[PREMIUM]",1,"[]",,,"[PREMIUM]"
"b73210b1-59ff-4865-80ec-0f4c0fab43cd","2026-07-08 23:22:17.055","2026-07-16 18:01:57.941","b73210b1-59ff-4865-80ec-0f4c0fab43cd","[PREMIUM]","New",2026,"Ford","Maverick","XLT","[PREMIUM]","[PREMIUM]",7,"Truck","Space White Metallic","Navy Pier/Aspen Gray","Front-wheel Drive",,,"Gasoline",,,"dealership","[PREMIUM]","Houston","TX","[PREMIUM]",24,"[]",,,"[PREMIUM]"
"82a93bc1-70ec-4d03-b423-2a60978edcf8","2026-07-08 23:22:17.053","2026-07-11 23:28:17.315","82a93bc1-70ec-4d03-b423-2a60978edcf8","[PREMIUM]","New",2026,"Chevrolet","Equinox","1LT","[PREMIUM]","[PREMIUM]",0,"SUV","Sterling Gray Metallic","Black","All-wheel Drive",,,"Gasoline",,,"dealership","[PREMIUM]","SPENCERPORT","NY","[PREMIUM]",24,"[]",,,"[PREMIUM]"
"b9f90b91-f4af-4221-addb-f20760e7aad7","2026-07-08 23:22:17.034","2026-07-19 18:05:30.847","b9f90b91-f4af-4221-addb-f20760e7aad7","[PREMIUM]","New",2026,"Chevrolet","Equinox","1LT","[PREMIUM]","[PREMIUM]",3117,"SUV","Lakeshore Blue Metallic","Black","All-wheel Drive",,,"Gasoline",,,"dealership","[PREMIUM]","Evansville","IN","[PREMIUM]",24,"[]",,,"[PREMIUM]"
"58210e46-c31a-4f70-905f-ec3e1a502cc2","2026-07-08 23:22:17.024","2026-07-19 18:05:32.039","58210e46-c31a-4f70-905f-ec3e1a502cc2","[PREMIUM]","New",2026,"Toyota","Tacoma","SR","[PREMIUM]","[PREMIUM]",5,"Truck","Underground","Black","Rear-wheel Drive",,,"Gasoline",,,"dealership","[PREMIUM]","Arlington","TX","[PREMIUM]",22,"[]",,,"[PREMIUM]"
"ee80ce08-0588-4fa4-a537-b767419c6fa3","2026-07-08 23:22:17.024","2026-07-16 18:01:57.796","ee80ce08-0588-4fa4-a537-b767419c6fa3","[PREMIUM]","New",2026,"Ford","Maverick","XLT","[PREMIUM]","[PREMIUM]",5,"Truck","Shadow Black","Navy Pier","Front-wheel Drive",,,"Hybrid",,,"dealership","[PREMIUM]","Philadelphia","PA","[PREMIUM]",24,"[]",,,"[PREMIUM]"
"6abcfe92-c63d-433f-b4c8-bb2856983932","2026-07-08 23:22:17.023","2026-07-16 18:01:56.923","6abcfe92-c63d-433f-b4c8-bb2856983932","[PREMIUM]","New",2026,"Toyota","Camry","LE","[PREMIUM]","[PREMIUM]",23,"Sedan","Ice Cap","Boulder","Front-wheel Drive",,,"Gasoline",,,"dealership","[PREMIUM]","Lancaster","CA","[PREMIUM]",29,"[]",,,"[PREMIUM]"
"a48fbaae-0f66-493e-8385-455d929a60eb","2026-07-08 23:22:17.023","2026-07-19 18:05:30.996","a48fbaae-0f66-493e-8385-455d929a60eb","[PREMIUM]","New",2026,"Hyundai","SANTA FE","SE","[PREMIUM]","[PREMIUM]",16,"SUV","Phantom Black","Gray","Front-wheel Drive",,,"Gasoline",,,"dealership","[PREMIUM]","Oklahoma City","OK","[PREMIUM]",32,"[]",,,"[PREMIUM]"
"c2c4f370-28ef-4d04-b82e-4458d426f17c","2026-07-08 23:22:17.020","2026-07-19 18:05:30.843","c2c4f370-28ef-4d04-b82e-4458d426f17c","[PREMIUM]","New",2026,"Ford","Bronco Sport","Outer Banks","[PREMIUM]","[PREMIUM]",7,"SUV","Shadow Black","Ebony/Roast","Four-wheel Drive",,,"Gasoline",,,"dealership","[PREMIUM]","Houston","TX","[PREMIUM]",23,"[]",,,"[PREMIUM]"
"d8ee8c28-e21e-4cd6-945d-bb19f9a4d8a9","2026-07-08 23:22:17.020","2026-07-19 18:05:31.029","d8ee8c28-e21e-4cd6-945d-bb19f9a4d8a9","[PREMIUM]","Used",2026,"Subaru","Forester","Premium","[PREMIUM]","[PREMIUM]",1054,"SUV","Dark Mahogany Pearl","Black","All-wheel Drive",,,"Gasoline",,,"dealership","[PREMIUM]","Emerson","NJ","[PREMIUM]",31,"[]",,,"[PREMIUM]"
"8314e4ce-d713-48b1-9eda-82be2dc0c580","2026-07-08 23:22:17.019","2026-07-19 18:05:30.333","8314e4ce-d713-48b1-9eda-82be2dc0c580","[PREMIUM]","New",2026,"Mazda","CX-5","2.5 S Select Package","[PREMIUM]","[PREMIUM]",0,"SUV","Aero Gray Metallic","Pure White Leatherette","All-wheel Drive",,,"Gasoline",,,"dealership","[PREMIUM]","Monroeville","PA","[PREMIUM]",1,"[]",,,"[PREMIUM]"
"0d87ee6d-96d4-4568-86bc-94e0525b0d68","2026-07-08 23:22:17.018","2026-07-19 18:05:30.851","0d87ee6d-96d4-4568-86bc-94e0525b0d68","[PREMIUM]","New",2026,"Mazda","CX-50","2.5 S Preferred Package","[PREMIUM]","[PREMIUM]",8,"SUV","soul red crystal metallic","Black Leatherette","All-wheel Drive",,,"Gasoline",,,"dealership","[PREMIUM]","Monroeville","PA","[PREMIUM]",32,"[]",,,"[PREMIUM]"
"75277f4c-e48e-4283-917b-83e38a95f6d6","2026-07-08 23:22:17.017","2026-07-19 18:05:42.847","75277f4c-e48e-4283-917b-83e38a95f6d6","[PREMIUM]","New",2026,"Kia","K5","GT-Line","[PREMIUM]","[PREMIUM]",11,"Sedan","Snow White Pearl","Black","Front-wheel Drive",,,"Gasoline",,,"dealership","[PREMIUM]","Edmond","OK","[PREMIUM]",27,"[]",,,"[PREMIUM]"
"9373cc81-7e06-4b97-8116-225f91a9e581","2026-07-08 23:22:17.017","2026-07-19 18:05:30.355","9373cc81-7e06-4b97-8116-225f91a9e581","[PREMIUM]","New",2026,"Mazda","CX-5","2.5 S Select Package","[PREMIUM]","[PREMIUM]",0,"SUV","Navy Blue Mica","Black Leatherette","All-wheel Drive",,,"Gasoline",,,"dealership","[PREMIUM]","Monroeville","PA","[PREMIUM]",1,"[]",,,"[PREMIUM]"
"dd2314fe-b84e-4ea1-8cd4-20a8f6d874e6","2026-07-08 23:22:17.017","2026-07-08 23:22:17.017","dd2314fe-b84e-4ea1-8cd4-20a8f6d874e6","[PREMIUM]","New",2026,"Chevrolet","Equinox","1LT","[PREMIUM]","[PREMIUM]",0,"SUV","Lakeshore Blue Metallic","Black","Front-wheel Drive",,,"Gasoline",,,"dealership","[PREMIUM]","SPENCERPORT","NY","[PREMIUM]",24,"[]",,,"[PREMIUM]"
"059b8f05-ee1b-41b2-8881-ef085a13f0ec","2026-07-08 23:22:17.015","2026-07-19 18:05:30.844","059b8f05-ee1b-41b2-8881-ef085a13f0ec","[PREMIUM]","New",2026,"Mazda","CX-30","2.5 S Preferred Package","[PREMIUM]","[PREMIUM]",15,"SUV","Gray","Greige/Black Leatherette","All-wheel Drive",,,"Gasoline",,,"dealership","[PREMIUM]","Hartford","CT","[PREMIUM]",20,"[]",,,"[PREMIUM]"
"474ac8b7-000c-4626-8417-395f5c493b99","2026-07-08 23:22:17.015","2026-07-11 23:28:05.767","474ac8b7-000c-4626-8417-395f5c493b99","[PREMIUM]","New",2026,"Toyota","Camry","SE","[PREMIUM]","[PREMIUM]",3,"Sedan","Ocean Gem","Black SofTex/fabric mixed media trim","Front-wheel Drive",,,"Gasoline",,,"dealership","[PREMIUM]","Deerfield Beach","FL","[PREMIUM]",1,"[]",,,"[PREMIUM]"
"4a2d0686-49f6-4278-8268-4e5e0ceb3652","2026-07-08 23:22:17.015","2026-07-19 18:05:30.850","4a2d0686-49f6-4278-8268-4e5e0ceb3652","[PREMIUM]","New",2026,"Toyota","Camry","LE","[PREMIUM]","[PREMIUM]",0,"Sedan","Ice Cap","Boulder","Front-wheel Drive",,,"Gasoline",,,"dealership","[PREMIUM]","Holiday","FL","[PREMIUM]",15,"[]",,,"[PREMIUM]"
"7e480926-d445-4175-9a08-144568b9f634","2026-07-08 23:22:17.015","2026-07-19 18:05:31.008","7e480926-d445-4175-9a08-144568b9f634","[PREMIUM]","New",2026,"Ford","Maverick","XLT","[PREMIUM]","[PREMIUM]",7,"Truck","Oxford White","Navy Pier/Aspen Gray","Front-wheel Drive",,,"Gasoline",,,"dealership","[PREMIUM]","Houston","TX","[PREMIUM]",24,"[]",,,"[PREMIUM]"
"8dd1e9cb-92e9-4d57-9faf-855abf4738ae","2026-07-08 23:22:17.015","2026-07-08 23:22:17.015","8dd1e9cb-92e9-4d57-9faf-855abf4738ae","[PREMIUM]","New",2026,"Volkswagen","Tiguan","2.0T SE","[PREMIUM]","[PREMIUM]",5,"SUV","Platinum Gray","Crystal Gray","Front-wheel Drive",,,"Gasoline",,,"dealership","[PREMIUM]","Orlando","FL","[PREMIUM]",1,"[]",,,"[PREMIUM]"
"a126a195-8824-464d-8d56-9982b91f80ca","2026-07-08 23:22:17.015","2026-07-19 18:05:30.920","a126a195-8824-464d-8d56-9982b91f80ca","[PREMIUM]","New",2026,"Mazda","CX-5","2.5 S","[PREMIUM]","[PREMIUM]",2,"SUV","Jet Black Mica","Black","All-wheel Drive",,,"Gasoline",,,"dealership","[PREMIUM]","Monroeville","PA","[PREMIUM]",1,"[]",,,"[PREMIUM]"
"ab91a59a-50bc-4f9b-9fdc-d7bd7908a66d","2026-07-08 23:22:17.014","2026-07-19 18:05:30.856","ab91a59a-50bc-4f9b-9fdc-d7bd7908a66d","[PREMIUM]","New",2026,"Ford","Bronco Sport","Big Bend","[PREMIUM]","[PREMIUM]",7,"SUV","Shadow Black","Medium Light Smoked Truffle","Four-wheel Drive",,,"Gasoline",,,"dealership","[PREMIUM]","Houston","TX","[PREMIUM]",23,"[]",,,"[PREMIUM]"
"9c9ccbad-8ca1-42bd-9c81-efde89e881e7","2026-07-08 23:22:17.004","2026-07-19 18:05:30.866","9c9ccbad-8ca1-42bd-9c81-efde89e881e7","[PREMIUM]","New",2026,"Ford","Maverick","XLT","[PREMIUM]","[PREMIUM]",7,"Truck","Oxford White","Navy Pier/Aspen Gray","Front-wheel Drive",,,"Gasoline",,,"dealership","[PREMIUM]","Houston","TX","[PREMIUM]",24,"[]",,,"[PREMIUM]"
"c78b565b-acc7-4404-850b-a4f785d25f2e","2026-07-08 23:22:17.004","2026-07-19 18:05:30.851","c78b565b-acc7-4404-850b-a4f785d25f2e","[PREMIUM]","New",2026,"Nissan","Rogue","Rock Creek","[PREMIUM]","[PREMIUM]",5,"SUV","Boulder Gray Pearl","Charcoal","All-wheel Drive",,,"Gasoline",,,"dealership","[PREMIUM]","Peoria","AZ","[PREMIUM]",32,"[]",,,"[PREMIUM]"
"f847a711-b9fb-4cdd-961d-2ab586c98dc6","2026-07-08 23:22:17.003","2026-07-08 23:22:17.003","f847a711-b9fb-4cdd-961d-2ab586c98dc6","[PREMIUM]","New",2026,"Hyundai","TUCSON Hybrid","SEL","[PREMIUM]","[PREMIUM]",5,"SUV","Shimmering Silver","Black","AWD",,,"Hybrid",,,"dealership","[PREMIUM]","Fairhaven","MA","[PREMIUM]",19,"[]",,,"[PREMIUM]"
"d6e8e297-8d44-47b2-9e35-44d06902b3ef","2026-07-08 23:22:16.953","2026-07-08 23:22:16.953","d6e8e297-8d44-47b2-9e35-44d06902b3ef","[PREMIUM]","New",2026,"Subaru","Crosstrek","Premium","[PREMIUM]","[PREMIUM]",0,"SUV","Magnetite Gray","Gray","All-wheel Drive",,,"Gasoline",,,"dealership","[PREMIUM]","Madison","WI","[PREMIUM]",1,"[]",,,"[PREMIUM]"
"2b38fcae-0383-43ad-be6e-e71b12a3c74d","2026-07-08 23:22:16.908","2026-07-19 18:05:30.917","2b38fcae-0383-43ad-be6e-e71b12a3c74d","[PREMIUM]","New",2026,"Kia","K5","GT-Line FWD","[PREMIUM]","[PREMIUM]",10,"Sedan","Wolf Gray","Black","Front-wheel Drive",,,"Gasoline",,,"dealership","[PREMIUM]","Houston","TX","[PREMIUM]",27,"[]",,,"[PREMIUM]"
"979ef447-c5da-4585-89a2-cf6555f21c37","2026-07-08 23:22:05.513","2026-07-16 18:01:57.007","979ef447-c5da-4585-89a2-cf6555f21c37","[PREMIUM]","New",2026,"Hyundai","TUCSON","SEL Premium","[PREMIUM]","[PREMIUM]",15,"SUV","Black","Gray","All-wheel Drive",,,"Gasoline",,,"dealership","[PREMIUM]","Highland Park","IL","[PREMIUM]",22,"[]",,,"[PREMIUM]"
"340a4105-cd40-45b5-94fc-b56f8b0d8bb1","2026-07-08 23:22:05.423","2026-07-19 18:05:30.904","340a4105-cd40-45b5-94fc-b56f8b0d8bb1","[PREMIUM]","New",2026,"Ford","Maverick","XLT","[PREMIUM]","[PREMIUM]",14,"Truck","Azure Gray Metallic","Blue","Front-wheel Drive",,,"Hybrid",,,"dealership","[PREMIUM]","Hope","AR","[PREMIUM]",22,"[]",,,"[PREMIUM]"
"20c5e9e2-b3e0-4d78-b8b6-531c1a02b075","2026-07-08 23:22:05.415","2026-07-19 18:05:30.849","20c5e9e2-b3e0-4d78-b8b6-531c1a02b075","[PREMIUM]","New",2026,"Toyota","Corolla Hybrid","XLE","[PREMIUM]","[PREMIUM]",0,"Sedan","Classic Silver Metallic","Black","Front-wheel Drive",,,"Hybrid",,,"dealership","[PREMIUM]","Vallejo","CA","[PREMIUM]",28,"[]",,,"[PREMIUM]"
"2b7723c7-93e5-4e5b-b9e4-436db84a18f6","2026-07-08 23:22:05.382","2026-07-11 23:28:05.490","2b7723c7-93e5-4e5b-b9e4-436db84a18f6","[PREMIUM]","New",2026,"Buick","Encore GX","Sport Touring","[PREMIUM]","[PREMIUM]",6,"SUV","Summit White","Ebony w/Santorini Blue Stitching","All Wheel Drive",,,"Regular unleaded",,,"dealership","[PREMIUM]","Wexford","PA","[PREMIUM]",24,"[]",,,"[PREMIUM]"
"d2284d70-2d1d-487b-bcf6-36e90dcf3b8c","2026-07-08 23:22:05.378","2026-07-19 18:05:32.107","d2284d70-2d1d-487b-bcf6-36e90dcf3b8c","[PREMIUM]","New",2026,"Ford","Maverick","XLT","[PREMIUM]","[PREMIUM]",,"Truck","Gray Metallic","Navy Pier","Front-wheel Drive",,,"Hybrid",,,"dealership","[PREMIUM]","Colusa","CA","[PREMIUM]",31,"[]",,,"[PREMIUM]"
"76875738-f359-4f9d-b183-f88fd2d66dfc","2026-07-08 23:22:05.349","2026-07-19 18:05:30.843","76875738-f359-4f9d-b183-f88fd2d66dfc","[PREMIUM]","New",2026,"Chevrolet","Trailblazer","RS","[PREMIUM]","[PREMIUM]",5,"SUV","Sterling Gray Metallic","Jet Black","Front-wheel Drive",,,"Gasoline",,,"dealership","[PREMIUM]","Hope","AR","[PREMIUM]",26,"[]",,,"[PREMIUM]"
"c408d591-cc31-4118-85e4-e180ce94da00","2026-07-08 23:22:05.347","2026-07-19 18:05:30.849","c408d591-cc31-4118-85e4-e180ce94da00","[PREMIUM]","New",2026,"Ford","Escape","Active","[PREMIUM]","[PREMIUM]",1,"SUV","Rapid Red Metallic Tinted Clearcoat","Gray","All-wheel Drive",,,"Gasoline",,,"dealership","[PREMIUM]","Hope","AR","[PREMIUM]",24,"[]",,,"[PREMIUM]"
"74fd6d64-7c21-4e95-93b2-1032b008e3b4","2026-07-08 23:22:05.337","2026-07-19 18:05:18.705","74fd6d64-7c21-4e95-93b2-1032b008e3b4","[PREMIUM]","New",2026,"Ford","Bronco Sport","Big Bend","[PREMIUM]","[PREMIUM]",1,"SUV","Azure Gray Metallic","Truffle","Four-wheel Drive",,,"Gasoline",,,"dealership","[PREMIUM]","Hope","AR","[PREMIUM]",23,"[]",,,"[PREMIUM]"
"66c1a11f-64f5-4a3c-89d5-9dfccb677664","2026-07-08 23:22:05.325","2026-07-19 18:05:31.082","66c1a11f-64f5-4a3c-89d5-9dfccb677664","[PREMIUM]","New",2026,"Ford","Maverick","XLT","[PREMIUM]","[PREMIUM]",24,"Truck","Velocity Blue","Blue","Front-wheel Drive",,,"Hybrid",,,"dealership","[PREMIUM]","Hope","AR","[PREMIUM]",22,"[]",,,"[PREMIUM]"
"1fc8de2b-8c35-452e-bf67-2e982ba1817c","2026-07-08 23:22:05.320","2026-07-19 18:05:30.906","1fc8de2b-8c35-452e-bf67-2e982ba1817c","[PREMIUM]","New",2026,"Ford","Bronco Sport","Big Bend","[PREMIUM]","[PREMIUM]",19,"SUV","Space White Metallic",,"Four-wheel Drive",,,"Gasoline",,,"dealership","[PREMIUM]","Hope","AR","[PREMIUM]",23,"[]",,,"[PREMIUM]"
"761cf5ba-cce5-45b5-aab3-a50b96e27a8c","2026-07-08 23:22:05.292","2026-07-19 18:05:31.194","761cf5ba-cce5-45b5-aab3-a50b96e27a8c","[PREMIUM]","New",2026,"GMC","Terrain","Elevation","[PREMIUM]","[PREMIUM]",2,"SUV","Metallic",,"Front-wheel Drive",,,"Gasoline",,,"dealership","[PREMIUM]","Hope","AR","[PREMIUM]",24,"[]",,,"[PREMIUM]"
"86718a45-a97a-41e6-b8df-5c8603cee7e7","2026-07-08 23:22:05.291","2026-07-19 18:05:30.829","86718a45-a97a-41e6-b8df-5c8603cee7e7","[PREMIUM]","New",2026,"Ford","Ranger","XL","[PREMIUM]","[PREMIUM]",3,"Truck","Shadow Black","Ebony","Four-wheel Drive",,,"Gasoline",,,"dealership","[PREMIUM]","Hope","AR","[PREMIUM]",22,"[]",,,"[PREMIUM]"
"6c847f7e-505f-4a7c-9b4d-b46de073c513","2026-07-08 23:22:05.290","2026-07-19 18:05:30.915","6c847f7e-505f-4a7c-9b4d-b46de073c513","[PREMIUM]","New",2026,"Chevrolet","Colorado","LT","[PREMIUM]","[PREMIUM]",15,"Truck","Summit White","Black","Rear-wheel Drive",,,"Gasoline",,,"dealership","[PREMIUM]","Hope","AR","[PREMIUM]",22,"[]",,,"[PREMIUM]"
"5e109ac6-2d19-4614-ab70-4ba22c921111","2026-07-08 23:22:05.258","2026-07-11 23:28:05.394","5e109ac6-2d19-4614-ab70-4ba22c921111","[PREMIUM]","New",2026,"Toyota","Camry","LE","[PREMIUM]","[PREMIUM]",4,"Sedan","Celestial Silver Metallic","Black","Front-wheel Drive",,,"Gasoline",,,"dealership","[PREMIUM]","Laredo","TX","[PREMIUM]",22,"[]",,,"[PREMIUM]"
"b716a7a5-c7e3-4ba9-9c24-4c1be4ad24be","2026-07-08 23:22:05.248","2026-07-19 18:05:30.894","b716a7a5-c7e3-4ba9-9c24-4c1be4ad24be","[PREMIUM]","New",2026,"Ford","Bronco Sport","Heritage","[PREMIUM]","[PREMIUM]",,"SUV","Ruby Red Metallic Tinted Clearcoat","Navy Pier","Four-wheel Drive",,,"Gasoline",,,"dealership","[PREMIUM]","Hope","AR","[PREMIUM]",23,"[]",,,"[PREMIUM]"
"13c12daa-2ab3-4a33-aee4-a3d719a49b22","2026-07-08 23:22:05.247","2026-07-19 18:05:19.057","13c12daa-2ab3-4a33-aee4-a3d719a49b22","[PREMIUM]","New",2026,"Ford","Ranger","XL","[PREMIUM]","[PREMIUM]",16,"Truck","Carbonized Gray Metallic","Ebony","Four-wheel Drive",,,"Gasoline",,,"dealership","[PREMIUM]","Hope","AR","[PREMIUM]",22,"[]",,,"[PREMIUM]"
"05668a79-3eed-4921-b086-f6b9b222b3ff","2026-07-08 23:22:05.241","2026-07-19 18:05:31.098","05668a79-3eed-4921-b086-f6b9b222b3ff","[PREMIUM]","New",2026,"Ford","Maverick","XLT","[PREMIUM]","[PREMIUM]",1,"Truck","Azure Gray Metallic","Navy Pier","All-wheel Drive",,,"Gasoline",,,"dealership","[PREMIUM]","Hope","AR","[PREMIUM]",24,"[]",,,"[PREMIUM]"
"841869e1-111c-4c9a-922a-6cb9ad56dd86","2026-07-08 23:22:05.240","2026-07-19 18:05:18.367","841869e1-111c-4c9a-922a-6cb9ad56dd86","[PREMIUM]","New",2026,"Ford","Bronco Sport","Big Bend","[PREMIUM]","[PREMIUM]",10,"SUV","Gray Metallic","Truffle","Four-wheel Drive",,,"Gasoline",,,"dealership","[PREMIUM]","Hope","AR","[PREMIUM]",24,"[]",,,"[PREMIUM]"
"e65a6930-6800-4a1d-9c10-ebcc8ecedde5","2026-07-08 23:22:05.235","2026-07-19 18:05:19.271","e65a6930-6800-4a1d-9c10-ebcc8ecedde5","[PREMIUM]","New",2026,"Hyundai","KONA","SEL Sport","[PREMIUM]","[PREMIUM]",5,"SUV","Cyber Gray Metallic","Black","All-wheel Drive",,,"Gasoline",,,"dealership","[PREMIUM]","Fairhaven","MA","[PREMIUM]",32,"[]",,,"[PREMIUM]"
"9b526439-8c52-482a-8c50-e9a35b058406","2026-07-08 23:22:05.228","2026-07-19 18:05:30.873","9b526439-8c52-482a-8c50-e9a35b058406","[PREMIUM]","New",2026,"MINI","Hardtop","Cooper","[PREMIUM]","[PREMIUM]",88,"Hatchback","Silver","Black / Blue","Front-wheel Drive",,,"Gasoline",,,"dealership","[PREMIUM]","Naperville","IL","[PREMIUM]",24,"[]",,,"[PREMIUM]"
"7f255c46-79d3-41a0-8cb7-d3ab9e205e4c","2026-07-08 23:22:05.221","2026-07-19 18:05:30.829","7f255c46-79d3-41a0-8cb7-d3ab9e205e4c","[PREMIUM]","New",2026,"Ford","Bronco Sport","Big Bend","[PREMIUM]","[PREMIUM]",1,"SUV","Velocity Blue Metallic",,"Four-wheel Drive",,,"Gasoline",,,"dealership","[PREMIUM]","Hope","AR","[PREMIUM]",27,"[]",,,"[PREMIUM]"
"f350f92a-465b-4b3b-bbe0-b102b5c29d96","2026-07-08 23:21:55.123","2026-07-19 18:05:19.333","f350f92a-465b-4b3b-bbe0-b102b5c29d96","[PREMIUM]","Used",2026,"Hyundai","SANTA CRUZ","SEL","[PREMIUM]","[PREMIUM]",4279,"Truck","Hampton Gray","Black","All-wheel Drive",,,"Gasoline",,,"dealership","[PREMIUM]","Rochester","MN","[PREMIUM]",25,"[]",,,"[PREMIUM]"
"6d2bf850-ea73-4d7c-b615-66780588ddd1","2026-07-08 23:21:55.035","2026-07-11 23:28:05.427","6d2bf850-ea73-4d7c-b615-66780588ddd1","[PREMIUM]","New",2026,"Hyundai","TUCSON","SEL Plus","[PREMIUM]","[PREMIUM]",23,"SUV","Atlantis Blue","Black","All-wheel Drive",,,"Gasoline",,,"dealership","[PREMIUM]","Rochester","MN","[PREMIUM]",32,"[]",,,"[PREMIUM]"
"a04a6889-f6fd-4e63-a8ef-e434f4809a29","2026-07-08 23:21:54.896","2026-07-19 18:05:07.205","a04a6889-f6fd-4e63-a8ef-e434f4809a29","[PREMIUM]","New",2026,"Subaru","Crosstrek","Premium","[PREMIUM]","[PREMIUM]",0,"SUV","Magnetite Gray Metallic","Bc","All-wheel Drive",,,"Gasoline",,,"dealership","[PREMIUM]","Owings Mills","MD","[PREMIUM]",16,"[]",,,"[PREMIUM]"
"35047218-4334-4fb6-8f08-3288b77fa751","2026-07-08 23:21:54.892","2026-07-19 18:05:18.481","35047218-4334-4fb6-8f08-3288b77fa751","[PREMIUM]","New",2026,"Toyota","Camry","SE","[PREMIUM]","[PREMIUM]",2,"Sedan","Reservoir Blue","Boulder","Front-wheel Drive",,,"Gasoline",,,"dealership","[PREMIUM]","Naperville","IL","[PREMIUM]",14,"[]",,,"[PREMIUM]"
"607c7099-fb8d-452d-8d72-9a6fa6595a76","2026-07-08 23:21:54.881","2026-07-08 23:21:54.881","607c7099-fb8d-452d-8d72-9a6fa6595a76","[PREMIUM]","New",2026,"Hyundai","KONA","SEL Premium","[PREMIUM]","[PREMIUM]",142,"SUV","Abyss Black Pearl","Gray","All-wheel Drive",,,"Gasoline",,,"dealership","[PREMIUM]","Rochester","MN","[PREMIUM]",30,"[]",,,"[PREMIUM]"
"9d2e6583-9b7d-466d-84fc-2b461e70137b","2026-07-08 23:21:54.879","2026-07-19 18:05:06.664","9d2e6583-9b7d-466d-84fc-2b461e70137b","[PREMIUM]","New",2026,"Volkswagen","Tiguan","2.0T SE","[PREMIUM]","[PREMIUM]",2,"SUV","pure white",,"Front-wheel Drive",,,"Gasoline",,,"dealership","[PREMIUM]","Dallas","TX","[PREMIUM]",1,"[]",,,"[PREMIUM]"
"37c14003-562d-4275-be19-84948081f6ed","2026-07-08 23:21:54.878","2026-07-19 18:05:07.179","37c14003-562d-4275-be19-84948081f6ed","[PREMIUM]","New",2026,"Chevrolet","Equinox","FWD RS","[PREMIUM]","[PREMIUM]",2,"SUV","Reef Blue Metallic","Black w/Red Accents","Front-wheel Drive",,,"Gasoline",,,"dealership","[PREMIUM]","Orlando","FL","[PREMIUM]",24,"[]",,,"[PREMIUM]"
"ea2a8638-6850-4870-8bd7-5503306f3662","2026-07-08 23:21:54.878","2026-07-08 23:21:54.878","ea2a8638-6850-4870-8bd7-5503306f3662","[PREMIUM]","New",2026,"Ford","Maverick","XL","[PREMIUM]","[PREMIUM]",8,"Truck","Oxford White","Ebony","Front-wheel Drive",,,"Hybrid",,,"dealership","[PREMIUM]","Vero Beach","FL","[PREMIUM]",3,"[]",,,"[PREMIUM]"
"251bbb00-b174-45e2-bab4-0de5f279f66e","2026-07-08 23:21:54.855","2026-07-19 18:05:30.922","251bbb00-b174-45e2-bab4-0de5f279f66e","[PREMIUM]","New",2026,"Hyundai","TUCSON Hybrid","Blue SE","[PREMIUM]","[PREMIUM]",27,"SUV","Shimmering Silver","Black","All-wheel Drive",,,"Hybrid",,,"dealership","[PREMIUM]","Rochester","MN","[PREMIUM]",22,"[]",,,"[PREMIUM]"
"d444b6cb-211c-4fc0-be42-aedcd2c5ce47","2026-07-08 23:21:54.855","2026-07-11 23:28:05.415","d444b6cb-211c-4fc0-be42-aedcd2c5ce47","[PREMIUM]","New",2026,"Toyota","Corolla Cross","XLE","[PREMIUM]","[PREMIUM]",0,"SUV","Jet Black","Black SofTex [softex]","Front-wheel Drive",,,"Gasoline",,,"dealership","[PREMIUM]","Los Angeles","CA","[PREMIUM]",22,"[]",,,"[PREMIUM]"
"3b63c8ff-ecb4-4d34-9e39-580ecc69768a","2026-07-08 23:21:54.851","2026-07-19 18:05:07.514","3b63c8ff-ecb4-4d34-9e39-580ecc69768a","[PREMIUM]","New",2026,"Honda","Accord","LX 1.5T","[PREMIUM]","[PREMIUM]",1,"Sedan","Crystal Black Pearl","Black Fabric","Front-wheel Drive",,,"Gasoline",,,"dealership","[PREMIUM]","Tampa","FL","[PREMIUM]",32,"[]",,,"[PREMIUM]"
"4060885b-240f-4d7f-9ab8-797e894b5c07","2026-07-08 23:21:54.850","2026-07-11 23:28:05.377","4060885b-240f-4d7f-9ab8-797e894b5c07","[PREMIUM]","Used",2026,"Hyundai","SONATA Hybrid","SE","[PREMIUM]","[PREMIUM]",1495,"Sedan","Abyss Black","Black","Front-wheel Drive",,,"Hybrid",,,"dealership","[PREMIUM]","Rochester","MN","[PREMIUM]",25,"[]",,,"[PREMIUM]"
"09aed264-3b12-4820-a8ff-b6c93b158d9c","2026-07-08 23:21:54.825","2026-07-19 18:05:30.896","09aed264-3b12-4820-a8ff-b6c93b158d9c","[PREMIUM]","New",2026,"Hyundai","KONA","Limited","[PREMIUM]","[PREMIUM]",12,"SUV","Cyber Gray Metallic","Gray","All-wheel Drive",,,"Gasoline",,,"dealership","[PREMIUM]","Rochester","MN","[PREMIUM]",32,"[]",,,"[PREMIUM]"
"9b97f12c-8177-4ffc-9dd6-f09bdf870ab9","2026-07-08 23:21:54.821","2026-07-19 18:05:30.929","9b97f12c-8177-4ffc-9dd6-f09bdf870ab9","[PREMIUM]","Used",2026,"Hyundai","TUCSON Hybrid","Blue SE","[PREMIUM]","[PREMIUM]",2926,"SUV","Ecotronic Gray","Black","All-wheel Drive",,,"Hybrid",,,"dealership","[PREMIUM]","Rochester","MN","[PREMIUM]",23,"[]",,,"[PREMIUM]"
"7bfdfa76-19b3-4a4a-808e-39da5d07b046","2026-07-08 23:21:54.819","2026-07-11 23:28:05.445","7bfdfa76-19b3-4a4a-808e-39da5d07b046","[PREMIUM]","New",2026,"Hyundai","TUCSON","SEL","[PREMIUM]","[PREMIUM]",11,"SUV","Hampton Gray","Black","All-wheel Drive",,,"Gasoline",,,"dealership","[PREMIUM]","Rochester","MN","[PREMIUM]",32,"[]",,,"[PREMIUM]"
"a489828f-6f90-4878-a95c-abd28d2cf3e8","2026-07-08 23:21:54.818","2026-07-19 18:05:19.079","a489828f-6f90-4878-a95c-abd28d2cf3e8","[PREMIUM]","New",2026,"Hyundai","TUCSON","SEL","[PREMIUM]","[PREMIUM]",11,"SUV","Shimmering Silver","Black","All-wheel Drive",,,"Gasoline",,,"dealership","[PREMIUM]","Rochester","MN","[PREMIUM]",31,"[]",,,"[PREMIUM]"
"41fbea1b-b9cc-49b9-9c2b-a0cd6388dc8b","2026-07-08 23:21:54.812","2026-07-19 18:05:30.850","41fbea1b-b9cc-49b9-9c2b-a0cd6388dc8b","[PREMIUM]","Used",2026,"Hyundai","SANTA CRUZ","SEL","[PREMIUM]","[PREMIUM]",548,"Truck","Blue Stone","Black","All-wheel Drive",,,"Gasoline",,,"dealership","[PREMIUM]","Rochester","MN","[PREMIUM]",33,"[]",,,"[PREMIUM]"
"cc760f77-4115-4e3b-a9bb-03f7ed7b103b","2026-07-08 23:21:54.807","2026-07-19 18:05:30.850","cc760f77-4115-4e3b-a9bb-03f7ed7b103b","[PREMIUM]","New",2026,"Hyundai","KONA","Limited","[PREMIUM]","[PREMIUM]",44,"SUV","Ecotronic Gray Pearl","Black","All-wheel Drive",,,"Gasoline",,,"dealership","[PREMIUM]","Rochester","MN","[PREMIUM]",32,"[]",,,"[PREMIUM]"
"b3e920dd-179f-4aaa-bc9b-07e1d0ba5deb","2026-07-08 23:21:54.805","2026-07-19 18:05:19.206","b3e920dd-179f-4aaa-bc9b-07e1d0ba5deb","[PREMIUM]","Used",2026,"Hyundai","KONA","Limited","[PREMIUM]","[PREMIUM]",4472,"SUV","Denim Blue Pearl","Black","All-wheel Drive",,,"Gasoline",,,"dealership","[PREMIUM]","Rochester","MN","[PREMIUM]",31,"[]",,,"[PREMIUM]"
"309168c9-da1a-41d1-b6a5-fb0fe606dcdc","2026-07-08 23:21:54.803","2026-07-16 18:01:56.930","309168c9-da1a-41d1-b6a5-fb0fe606dcdc","[PREMIUM]","New",2026,"Hyundai","TUCSON Hybrid","SEL","[PREMIUM]","[PREMIUM]",20,"SUV","Ecotronic Gray","Black","All-wheel Drive",,,"Hybrid",,,"dealership","[PREMIUM]","Rochester","MN","[PREMIUM]",32,"[]",,,"[PREMIUM]"
"3fdb2c52-94a7-45af-a89b-f82700204ec9","2026-07-08 23:21:54.793","2026-07-19 18:05:30.899","3fdb2c52-94a7-45af-a89b-f82700204ec9","[PREMIUM]","New",2026,"Hyundai","TUCSON","SEL","[PREMIUM]","[PREMIUM]",14,"SUV","Ecotronic Gray","Black","All-wheel Drive",,,"Gasoline",,,"dealership","[PREMIUM]","Rochester","MN","[PREMIUM]",32,"[]",,,"[PREMIUM]"
"56a8b9ae-538c-4e92-96d7-0364688bb9e8","2026-07-08 23:21:54.792","2026-07-19 18:05:30.899","56a8b9ae-538c-4e92-96d7-0364688bb9e8","[PREMIUM]","Used",2026,"Hyundai","KONA","Limited","[PREMIUM]","[PREMIUM]",3728,"SUV","Abyss Black Pearl","Gray","All-wheel Drive",,,"Gasoline",,,"dealership","[PREMIUM]","Rochester","MN","[PREMIUM]",30,"[]",,,"[PREMIUM]"
"38c3dab8-455b-4fda-89b0-b0433f91bdaf","2026-07-08 23:21:54.781","2026-07-19 18:05:30.922","38c3dab8-455b-4fda-89b0-b0433f91bdaf","[PREMIUM]","New",2026,"Hyundai","TUCSON Hybrid","SEL","[PREMIUM]","[PREMIUM]",33,"SUV","Creamy White Pearl","Gray","All-wheel Drive",,,"Hybrid",,,"dealership","[PREMIUM]","Rochester","MN","[PREMIUM]",32,"[]",,,"[PREMIUM]"
"55885d02-8595-4b4f-8ad8-d0897bc635f9","2026-07-08 23:21:54.781","2026-07-16 18:01:55.667","55885d02-8595-4b4f-8ad8-d0897bc635f9","[PREMIUM]","New",2026,"Hyundai","TUCSON","SEL","[PREMIUM]","[PREMIUM]",27,"SUV","Ecotronic Gray","Black","All-wheel Drive",,,"Gasoline",,,"dealership","[PREMIUM]","Rochester","MN","[PREMIUM]",31,"[]",,,"[PREMIUM]"
"a9dc026c-42cc-4666-bb9d-9ab824533614","2026-07-08 23:21:54.779","2026-07-11 23:28:05.440","a9dc026c-42cc-4666-bb9d-9ab824533614","[PREMIUM]","New",2026,"Hyundai","TUCSON Hybrid","SEL","[PREMIUM]","[PREMIUM]",10,"SUV","Creamy White Pearl","Black","All-wheel Drive",,,"Hybrid",,,"dealership","[PREMIUM]","Rochester","MN","[PREMIUM]",32,"[]",,,"[PREMIUM]"
"a034f6fc-6009-4289-baa3-a0ee4f52070d","2026-07-08 23:21:54.776","2026-07-16 18:01:56.829","a034f6fc-6009-4289-baa3-a0ee4f52070d","[PREMIUM]","New",2026,"Hyundai","TUCSON","SEL","[PREMIUM]","[PREMIUM]",70,"SUV","Shimmering Silver","Gray","All-wheel Drive",,,"Gasoline",,,"dealership","[PREMIUM]","Rochester","MN","[PREMIUM]",31,"[]",,,"[PREMIUM]"
"cbba7e29-e1e2-4e5c-80af-c1688cf7afe7","2026-07-08 23:21:54.773","2026-07-19 18:05:19.294","cbba7e29-e1e2-4e5c-80af-c1688cf7afe7","[PREMIUM]","New",2026,"Chevrolet","Equinox","1LT","[PREMIUM]","[PREMIUM]",29,"SUV","Summit White","Black","Front-wheel Drive",,,"Gasoline",,,"dealership","[PREMIUM]","Katy","TX","[PREMIUM]",24,"[]",,,"[PREMIUM]"
"78751f54-3a1a-4e8b-ab7d-232f4dc6bbdf","2026-07-08 23:21:54.764","2026-07-19 18:05:30.900","78751f54-3a1a-4e8b-ab7d-232f4dc6bbdf","[PREMIUM]","New",2026,"Hyundai","TUCSON","SEL","[PREMIUM]","[PREMIUM]",33,"SUV","Shimmering Silver","Black","All-wheel Drive",,,"Gasoline",,,"dealership","[PREMIUM]","Rochester","MN","[PREMIUM]",30,"[]",,,"[PREMIUM]"
"2b8640b0-b35a-467b-96fc-ee580be03384","2026-07-08 23:21:54.691","2026-07-19 18:05:19.253","2b8640b0-b35a-467b-96fc-ee580be03384","[PREMIUM]","New",2026,"Jeep","Compass","Limited","[PREMIUM]","[PREMIUM]",1,"SUV","Silver Zynith Metallic Clearcoat","Black","Four-wheel Drive",,,"Gasoline",,,"dealership","[PREMIUM]","Alhambra","CA","[PREMIUM]",27,"[]",,,"[PREMIUM]"
"22b223e4-66f3-441b-b9fa-5f0de0e42b97","2026-07-08 23:21:54.677","2026-07-19 18:05:07.193","22b223e4-66f3-441b-b9fa-5f0de0e42b97","[PREMIUM]","Used",2026,"Mazda","CX-90","3.3 Turbo Select","[PREMIUM]","[PREMIUM]",12191,"SUV","Jet Black Mica","Black","All-wheel Drive",,,"Gasoline",,,"dealership","[PREMIUM]","Denton","TX","[PREMIUM]",28,"[]",,,"[PREMIUM]"
"d5dab46e-f4a3-4926-a4c7-3f6cba1fb566","2026-07-08 23:21:54.665","2026-07-08 23:21:54.665","d5dab46e-f4a3-4926-a4c7-3f6cba1fb566","[PREMIUM]","New",2026,"Kia","Sorento","LX","[PREMIUM]","[PREMIUM]",20,"SUV","Ebony Black","Black","Front-wheel Drive",,,"Gasoline",,,"dealership","[PREMIUM]","Wauwatosa","WI","[PREMIUM]",27,"[]",,,"[PREMIUM]"
"ce589fd0-766b-4b67-8f5c-329a23fa71d6","2026-07-08 23:21:54.658","2026-07-19 18:05:19.295","ce589fd0-766b-4b67-8f5c-329a23fa71d6","[PREMIUM]","New",2026,"Ford","Bronco Sport","Big Bend","[PREMIUM]","[PREMIUM]",5,"SUV","Carbonized Gray Metallic","Ebony","Four-wheel Drive",,,"Gasoline",,,"dealership","[PREMIUM]","Vero Beach","FL","[PREMIUM]",29,"[]",,,"[PREMIUM]"
"c130b292-16fe-49a8-a171-22c80f2d0e67","2026-07-08 23:21:54.656","2026-07-19 18:05:18.510","c130b292-16fe-49a8-a171-22c80f2d0e67","[PREMIUM]","New",2026,"Volkswagen","Taos","SE","[PREMIUM]","[PREMIUM]",2,"SUV","Deep Black Pearl",,"Front-wheel Drive",,,"Gasoline",,,"dealership","[PREMIUM]","Dallas","TX","[PREMIUM]",1,"[]",,,"[PREMIUM]"
"3a014c72-2b78-4ea3-aa02-00aed95ebf0c","2026-07-08 23:21:54.649","2026-07-08 23:21:54.649","3a014c72-2b78-4ea3-aa02-00aed95ebf0c","[PREMIUM]","New",2026,"Ford","Maverick","XL","[PREMIUM]","[PREMIUM]",0,"Truck","Oxford White","Black Onyx/Dark Slate","All-wheel Drive",,,"Hybrid",,,"dealership","[PREMIUM]","Winchester","VA","[PREMIUM]",24,"[]",,,"[PREMIUM]"
"54cf967e-3328-4119-a5e0-acf4ae4c8911","2026-07-08 23:21:54.633","2026-07-19 18:05:19.291","54cf967e-3328-4119-a5e0-acf4ae4c8911","[PREMIUM]","New",2026,"Kia","Sportage","EX","[PREMIUM]","[PREMIUM]",2959,"SUV","Gray","Black","Front-wheel Drive",,,"Gasoline",,,"dealership","[PREMIUM]","Fort Smith","AR","[PREMIUM]",32,"[]",,,"[PREMIUM]"
"c0b80581-46a0-4e55-be32-ec344bc49492","2026-07-08 23:21:54.617","2026-07-19 18:05:07.479","c0b80581-46a0-4e55-be32-ec344bc49492","[PREMIUM]","New",2026,"Jeep","Compass","Sport","[PREMIUM]","[PREMIUM]",1,"SUV","Bright White Clearcoat","Black","Four-wheel Drive",,,"Gasoline",,,"dealership","[PREMIUM]","Alhambra","CA","[PREMIUM]",26,"[]",,,"[PREMIUM]"
"8bafe1da-e6b1-4f41-910c-bcdff0a311bf","2026-07-08 23:21:54.614","2026-07-08 23:21:54.614","8bafe1da-e6b1-4f41-910c-bcdff0a311bf","[PREMIUM]","New",2026,"Buick","Envista","Sport Touring FWD","[PREMIUM]","[PREMIUM]",16,"SUV","Ebony Twilight Metallic","Ebony w/Santorini Blue Stitching","Front-wheel Drive",,,"Gasoline",,,"dealership","[PREMIUM]","Corpus Christi","TX","[PREMIUM]",17,"[]",,,"[PREMIUM]"
"9847dbbc-77ed-4029-b037-b2221b5a7728","2026-07-08 23:21:54.606","2026-07-11 23:27:53.843","9847dbbc-77ed-4029-b037-b2221b5a7728","[PREMIUM]","New",2026,"Hyundai","TUCSON","XRT","[PREMIUM]","[PREMIUM]",27,"SUV","Shimmering Silver","Black","All-wheel Drive",,,"Gasoline",,,"dealership","[PREMIUM]","Rochester","MN","[PREMIUM]",31,"[]",,,"[PREMIUM]"
"ffa71e1a-8d8c-4e05-b1b8-18ed5593610d","2026-07-08 23:21:54.601","2026-07-19 18:05:18.478","ffa71e1a-8d8c-4e05-b1b8-18ed5593610d","[PREMIUM]","New",2026,"Jeep","Compass","Sport","[PREMIUM]","[PREMIUM]",1,"SUV","Bright White Clearcoat","Black","Four-wheel Drive",,,"Gasoline",,,"dealership","[PREMIUM]","Alhambra","CA","[PREMIUM]",26,"[]",,,"[PREMIUM]"
"d049aa82-e442-489c-9402-617fbd729b6f","2026-07-08 23:21:54.594","2026-07-19 18:05:18.509","d049aa82-e442-489c-9402-617fbd729b6f","[PREMIUM]","New",2026,"Toyota","Camry","SE","[PREMIUM]","[PREMIUM]",0,"Sedan","Underground","Boulder Softexf","Front-wheel Drive",,,"Gasoline",,,"dealership","[PREMIUM]","Fremont","CA","[PREMIUM]",21,"[]",,,"[PREMIUM]"
"571842c0-37f5-4183-bed9-e04c304c52ce","2026-07-08 23:21:54.593","2026-07-19 18:05:07.166","571842c0-37f5-4183-bed9-e04c304c52ce","[PREMIUM]","New",2026,"Honda","Accord","SE","[PREMIUM]","[PREMIUM]",56,"Sedan","GD","Gray","Front-wheel Drive",,,"Gasoline",,,"dealership","[PREMIUM]","Los Angeles","CA","[PREMIUM]",28,"[]",,,"[PREMIUM]"
"706a5867-210e-4428-bca5-db1cfecdc274","2026-07-08 23:21:54.582","2026-07-11 23:27:53.711","706a5867-210e-4428-bca5-db1cfecdc274","[PREMIUM]","New",2026,"Toyota","Camry","LE","[PREMIUM]","[PREMIUM]",0,"Sedan","Underground","Black fabric","Front-wheel Drive",,,"Gasoline",,,"dealership","[PREMIUM]","Los Angeles","CA","[PREMIUM]",22,"[]",,,"[PREMIUM]"
"f24f07f7-1ea6-45c6-b572-28fb3c884b08","2026-07-08 23:21:54.580","2026-07-16 18:01:43.914","f24f07f7-1ea6-45c6-b572-28fb3c884b08","[PREMIUM]","New",2026,"Toyota","Camry","SE","[PREMIUM]","[PREMIUM]",0,"Sedan","Heavy Metal","Black SofTex/fabric mixed media trim","Front-wheel Drive",,,"Gasoline",,,"dealership","[PREMIUM]","Houston","TX","[PREMIUM]",22,"[]",,,"[PREMIUM]"
"f913f440-673d-4fb2-9de0-356a5a0b9739","2026-07-08 23:21:54.580","2026-07-19 18:05:07.576","f913f440-673d-4fb2-9de0-356a5a0b9739","[PREMIUM]","New",2026,"Hyundai","TUCSON","SEL","[PREMIUM]","[PREMIUM]",76,"SUV","Serenity White Pearl","Gray","All-wheel Drive",,,"Gasoline",,,"dealership","[PREMIUM]","Rochester","MN","[PREMIUM]",23,"[]",,,"[PREMIUM]"
"9ab4bf48-bc72-46b7-a3f4-152cc04414ff","2026-07-08 23:21:54.579","2026-07-19 18:05:19.115","9ab4bf48-bc72-46b7-a3f4-152cc04414ff","[PREMIUM]","New",2026,"Toyota","Corolla Cross","LE","[PREMIUM]","[PREMIUM]",0,"SUV","Celestite","Black","All-wheel Drive",,,"Gasoline",,,"dealership","[PREMIUM]","Iowa City","IA","[PREMIUM]",1,"[]",,,"[PREMIUM]"
"a3d66bff-dd14-4f94-b5fd-22b2d5ee0eca","2026-07-08 23:21:54.576","2026-07-11 23:27:53.714","a3d66bff-dd14-4f94-b5fd-22b2d5ee0eca","[PREMIUM]","New",2026,"Hyundai","TUCSON","SEL Premium","[PREMIUM]","[PREMIUM]",38,"SUV","Shimmering Silver","Black","All-wheel Drive",,,"Gasoline",,,"dealership","[PREMIUM]","Rochester","MN","[PREMIUM]",32,"[]",,,"[PREMIUM]"
"08682477-2828-4417-948d-f940e7eb9a57","2026-07-08 23:21:54.573","2026-07-19 18:05:19.224","08682477-2828-4417-948d-f940e7eb9a57","[PREMIUM]","New",2026,"Jeep","Compass","Limited","[PREMIUM]","[PREMIUM]",0,"SUV","Diamond Black","Black","Four-wheel Drive",,,"Gasoline",,,"dealership","[PREMIUM]","Fenton","MI","[PREMIUM]",26,"[]",,,"[PREMIUM]"
"c4ed0498-8ca9-43cc-a80b-9b8debe68651","2026-07-08 23:21:54.573","2026-07-19 18:05:18.433","c4ed0498-8ca9-43cc-a80b-9b8debe68651","[PREMIUM]","New",2026,"Jeep","Compass","Limited","[PREMIUM]","[PREMIUM]",0,"SUV","Diamond Black","Black","Four-wheel Drive",,,"Gasoline",,,"dealership","[PREMIUM]","Fenton","MI","[PREMIUM]",26,"[]",,,"[PREMIUM]"
"768b2166-2b8a-4d1d-8a22-8af4d011b49d","2026-07-08 23:21:54.571","2026-07-19 18:05:19.216","768b2166-2b8a-4d1d-8a22-8af4d011b49d","[PREMIUM]","New",2026,"Kia","K5","GT-Line FWD","[PREMIUM]","[PREMIUM]",10,"Sedan","Steel","Blk Syntex","Front-wheel Drive",,,"Gasoline",,,"dealership","[PREMIUM]","Fort Smith","AR","[PREMIUM]",32,"[]",,,"[PREMIUM]"
"874dc378-ea69-4b6d-b062-e0091b386f6c","2026-07-08 23:21:54.569","2026-07-16 18:01:42.507","874dc378-ea69-4b6d-b062-e0091b386f6c","[PREMIUM]","New",2026,"Buick","Envista","Sport Touring FWD","[PREMIUM]","[PREMIUM]",1,"SUV","Summit White","Ebony w/Santorini Blue Stitching","Front-wheel Drive",,,"Gasoline",,,"dealership","[PREMIUM]","Conway","AR","[PREMIUM]",1,"[]",,,"[PREMIUM]"
"c30a58d1-9a77-4cf6-90d5-c5745dafeec7","2026-07-08 23:21:54.569","2026-07-08 23:21:54.569","c30a58d1-9a77-4cf6-90d5-c5745dafeec7","[PREMIUM]","New",2026,"Volkswagen","Jetta GLI","2.0T Autobahn","[PREMIUM]","[PREMIUM]",4,"Sedan","Pure White","Grigio/Titan Black","Front-wheel Drive",,,"Gasoline",,,"dealership","[PREMIUM]","Farmington Hills","MI","[PREMIUM]",1,"[]",,,"[PREMIUM]"
"3c1f4667-8550-4cbb-b8bf-442ca3ff4780","2026-07-08 23:21:54.541","2026-07-19 18:05:30.934","3c1f4667-8550-4cbb-b8bf-442ca3ff4780","[PREMIUM]","New",2026,"Nissan","Altima","SV AWD","[PREMIUM]","[PREMIUM]",5,"Sedan","Scarlet Ember Tintcoat","Charcoal","All-wheel Drive",,,"Gasoline",,,"dealership","[PREMIUM]","Newark","DE","[PREMIUM]",18,"[]",,,"[PREMIUM]"
"9b95bb31-44d2-4cdf-9188-cef199dfd4ca","2026-07-08 23:21:54.508","2026-07-19 18:05:07.492","9b95bb31-44d2-4cdf-9188-cef199dfd4ca","[PREMIUM]","New",2026,"Hyundai","TUCSON","SEL","[PREMIUM]","[PREMIUM]",50,"SUV","Serenity White Pearl","Black","All-wheel Drive",,,"Gasoline",,,"dealership","[PREMIUM]","Rochester","MN","[PREMIUM]",13,"[]",,,"[PREMIUM]"
"769f67cd-2b4e-448f-9f06-bf9fb037f2d0","2026-07-08 23:21:54.502","2026-07-19 18:05:07.429","769f67cd-2b4e-448f-9f06-bf9fb037f2d0","[PREMIUM]","Used",2026,"Hyundai","SANTA FE","SE","[PREMIUM]","[PREMIUM]",4830,"SUV","Shimmering Silver","Black","All-wheel Drive",,,"Gasoline",,,"dealership","[PREMIUM]","Orchard Park","NY","[PREMIUM]",24,"[]",,,"[PREMIUM]"
"0754957f-28af-4289-93e4-104fb94a3284","2026-07-08 23:21:54.501","2026-07-19 18:05:18.443","0754957f-28af-4289-93e4-104fb94a3284","[PREMIUM]","Used",2026,"Toyota","Camry","SE","[PREMIUM]","[PREMIUM]",11943,"Sedan","Heavy Metal","Black","Front-wheel Drive",,,"Gasoline",,,"dealership","[PREMIUM]","Vero Beach","FL","[PREMIUM]",39,"[]",,,"[PREMIUM]"
"bb37e3b4-7013-4b28-8d83-6d9d982ce01d","2026-07-08 23:21:54.488","2026-07-19 18:05:18.517","bb37e3b4-7013-4b28-8d83-6d9d982ce01d","[PREMIUM]","Used",2026,"Hyundai","SANTA FE","SE","[PREMIUM]","[PREMIUM]",5572,"SUV","Shimmering Silver","Gray","Front-wheel Drive",,,"Gasoline",,,"dealership","[PREMIUM]","Winter Haven","FL","[PREMIUM]",28,"[]",,,"[PREMIUM]"
"0c3431b9-bf96-41ea-8f18-56e71028d91f","2026-07-08 23:21:54.484","2026-07-08 23:21:54.484","0c3431b9-bf96-41ea-8f18-56e71028d91f","[PREMIUM]","New",2026,"Chevrolet","Equinox","RS","[PREMIUM]","[PREMIUM]",4,"SUV","Sterling Gray Metallic","Black With Red Accents","Front-wheel Drive",,,"Gasoline",,,"dealership","[PREMIUM]","Orlando","FL","[PREMIUM]",1,"[]",,,"[PREMIUM]"
"091e6c2f-136b-444f-8fe9-ca41931c0941","2026-07-08 23:21:54.474","2026-07-19 18:05:18.371","091e6c2f-136b-444f-8fe9-ca41931c0941","[PREMIUM]","New",2026,"Volkswagen","Taos","SE","[PREMIUM]","[PREMIUM]",5,"SUV","Black Pearl","Black Cloud","All-wheel Drive",,,"Gasoline",,,"dealership","[PREMIUM]","Columbia","MO","[PREMIUM]",6,"[]",,,"[PREMIUM]"
"0bd20d73-622f-49a0-85e9-98e5bf650d0c","2026-07-08 23:21:54.474","2026-07-16 18:01:43.890","0bd20d73-622f-49a0-85e9-98e5bf650d0c","[PREMIUM]","New",2026,"Jeep","Compass","Sport","[PREMIUM]","[PREMIUM]",66,"SUV","Silver Zynith Metallic Clearcoat","Black","Four-wheel Drive",,,"Gasoline",,,"dealership","[PREMIUM]","Fort Collins","CO","[PREMIUM]",28,"[]",,,"[PREMIUM]"
"81028a13-0864-413b-b3b8-3a07191f5f99","2026-07-08 23:21:54.465","2026-07-19 18:05:07.173","81028a13-0864-413b-b3b8-3a07191f5f99","[PREMIUM]","New",2026,"Honda","Accord","SE","[PREMIUM]","[PREMIUM]",25,"Sedan","Blue Metallic","Black","Front-wheel Drive",,,"Gasoline",,,"dealership","[PREMIUM]","Burien","WA","[PREMIUM]",31,"[]",,,"[PREMIUM]"
"b7033971-a8b6-4036-a771-07a024a14507","2026-07-08 23:21:54.461","2026-07-08 23:21:54.461","b7033971-a8b6-4036-a771-07a024a14507","[PREMIUM]","New",2026,"Toyota","RAV4","LE","[PREMIUM]","[PREMIUM]",0,"SUV","Ice Cap","Black fabric","Front-wheel Drive",,,"Hybrid",,,"dealership","[PREMIUM]","Houston","TX","[PREMIUM]",22,"[]",,,"[PREMIUM]"
"4fc863a6-f3a4-4d66-a1e2-7d62a7919343","2026-07-08 23:21:54.459","2026-07-19 18:05:18.260","4fc863a6-f3a4-4d66-a1e2-7d62a7919343","[PREMIUM]","New",2026,"Kia","K5","GT-Line AWD","[PREMIUM]","[PREMIUM]",6,"Sedan","Wolf Gray","Black","All-wheel Drive",,,"Gasoline",,,"dealership","[PREMIUM]","Denver","CO","[PREMIUM]",3,"[]",,,"[PREMIUM]"
"ca5b2c74-20dd-4b3a-bafb-409a7a414719","2026-07-08 23:21:54.455","2026-07-19 18:05:18.476","ca5b2c74-20dd-4b3a-bafb-409a7a414719","[PREMIUM]","New",2026,"Chevrolet","Equinox","FWD RS","[PREMIUM]","[PREMIUM]",2,"SUV","Mosaic Black Metallic","Black w/Red Accents","Front-wheel Drive",,,"Gasoline",,,"dealership","[PREMIUM]","Orlando","FL","[PREMIUM]",24,"[]",,,"[PREMIUM]"
"54feebdc-554e-4957-8570-060043c26bc3","2026-07-08 23:21:54.453","2026-07-19 18:05:18.486","54feebdc-554e-4957-8570-060043c26bc3","[PREMIUM]","New",2026,"Honda","Civic","Sport","[PREMIUM]","[PREMIUM]",1,"Hatchback","Crystal Black Pearl","Black","Front-wheel Drive",,,"Gasoline",,,"dealership","[PREMIUM]","Tampa","FL","[PREMIUM]",32,"[]",,,"[PREMIUM]"
"9b397748-4e37-4d84-b962-cc72495fcb34","2026-07-08 23:21:54.453","2026-07-19 18:05:18.432","9b397748-4e37-4d84-b962-cc72495fcb34","[PREMIUM]","New",2026,"Hyundai","TUCSON Hybrid","Blue SE","[PREMIUM]","[PREMIUM]",21,"SUV","Ecotronic Gray","Black","All-wheel Drive",,,"Hybrid",,,"dealership","[PREMIUM]","Rochester","MN","[PREMIUM]",23,"[]",,,"[PREMIUM]"
"29833d33-124e-41e8-af1e-16ef3144e076","2026-07-08 23:21:54.450","2026-07-19 18:05:07.151","29833d33-124e-41e8-af1e-16ef3144e076","[PREMIUM]","New",2026,"Hyundai","SANTA CRUZ","SEL","[PREMIUM]","[PREMIUM]",28,"Truck","Atlas White","Black","All-wheel Drive",,,"Gasoline",,,"dealership","[PREMIUM]","Rochester","MN","[PREMIUM]",25,"[]",,,"[PREMIUM]"
"3c663176-e821-47a3-ab28-d2bdbb4a1dc4","2026-07-08 23:21:54.450","2026-07-19 18:05:06.787","3c663176-e821-47a3-ab28-d2bdbb4a1dc4","[PREMIUM]","New",2026,"Volkswagen","Taos","SE","[PREMIUM]","[PREMIUM]",1,"SUV","Platinum Gray","Black Cloud","All-wheel Drive",,,"Gasoline",,,"dealership","[PREMIUM]","Columbia","MO","[PREMIUM]",6,"[]",,,"[PREMIUM]"
"42d6f4f9-506c-45bb-b5f4-ed9a5e468255","2026-07-08 23:21:54.449","2026-07-19 18:05:18.609","42d6f4f9-506c-45bb-b5f4-ed9a5e468255","[PREMIUM]","New",2026,"Chevrolet","Equinox","1LT","[PREMIUM]","[PREMIUM]",499,"SUV","Summit White","Black","Front-wheel Drive",,,"Gasoline",,,"dealership","[PREMIUM]","Orlando","FL","[PREMIUM]",24,"[]",,,"[PREMIUM]"
"4a2c0b26-5896-473c-9eb5-301c39302302","2026-07-08 23:21:54.447","2026-07-08 23:21:54.447","4a2c0b26-5896-473c-9eb5-301c39302302","[PREMIUM]","New",2026,"Toyota","RAV4","LE","[PREMIUM]","[PREMIUM]",0,"SUV","Storm Cloud","Black Fabric","Front-wheel Drive",,,"Gasoline",,,"dealership","[PREMIUM]","Los Angeles","CA","[PREMIUM]",22,"[]",,,"[PREMIUM]"
"b396dfc8-9700-4bdc-9a6d-5af19c1acc6e","2026-07-08 23:21:54.446","2026-07-16 18:01:43.795","b396dfc8-9700-4bdc-9a6d-5af19c1acc6e","[PREMIUM]","New",2026,"Kia","Sorento","LX","[PREMIUM]","[PREMIUM]",10,"SUV","Panthera Metal","Black","Front-wheel Drive",,,"Gasoline",,,"dealership","[PREMIUM]","Columbia","SC","[PREMIUM]",1,"[]",,,"[PREMIUM]"
"db57bea4-2d7f-46b3-9222-86296cc9ab30","2026-07-08 23:21:54.445","2026-07-19 18:05:19.189","db57bea4-2d7f-46b3-9222-86296cc9ab30","[PREMIUM]","New",2026,"Hyundai","TUCSON","SEL","[PREMIUM]","[PREMIUM]",77,"SUV","Ecotronic Gray","Gray","All-wheel Drive",,,"Gasoline",,,"dealership","[PREMIUM]","Rochester","MN","[PREMIUM]",31,"[]",,,"[PREMIUM]"
"2697df83-46a2-4cf5-8e9e-4611e7d1a09c","2026-07-08 23:21:54.444","2026-07-11 23:27:53.714","2697df83-46a2-4cf5-8e9e-4611e7d1a09c","[PREMIUM]","New",2026,"Toyota","Camry","LE","[PREMIUM]","[PREMIUM]",0,"Sedan","Silver","10","Front-wheel Drive",,,"Gasoline",,,"dealership","[PREMIUM]","Cockeysville","MD","[PREMIUM]",3,"[]",,,"[PREMIUM]"
"306d2977-bb41-4ef8-89ed-62fdf5d2abc6","2026-07-08 23:21:54.442","2026-07-19 18:05:06.831","306d2977-bb41-4ef8-89ed-62fdf5d2abc6","[PREMIUM]","New",2026,"Hyundai","TUCSON Hybrid","SEL","[PREMIUM]","[PREMIUM]",5233,"SUV","Creamy White Pearl","Black","All-wheel Drive",,,"Hybrid",,,"dealership","[PREMIUM]","Gladstone","OR","[PREMIUM]",19,"[]",,,"[PREMIUM]"
"6376fe3b-a682-4dbc-8b40-f63ab1e3c5ed","2026-07-08 23:21:54.435","2026-07-08 23:21:54.435","6376fe3b-a682-4dbc-8b40-f63ab1e3c5ed","[PREMIUM]","New",2026,"Toyota","Camry","LE","[PREMIUM]","[PREMIUM]",0,"Sedan","Midnight Black Metallic","Black fabric","Front-wheel Drive",,,"Gasoline",,,"dealership","[PREMIUM]","Los Angeles","CA","[PREMIUM]",22,"[]",,,"[PREMIUM]"
"fce34210-e2d6-4463-8bfd-df8b73dfc6b2","2026-07-08 23:21:54.435","2026-07-08 23:21:54.435","fce34210-e2d6-4463-8bfd-df8b73dfc6b2","[PREMIUM]","New",2026,"Honda","Civic Hybrid","Sport","[PREMIUM]","[PREMIUM]",0,"Sedan","Blue Lagoon Pearl","Gray","Front-wheel Drive",,,"Hybrid",,,"dealership","[PREMIUM]","Fairfax","VA","[PREMIUM]",10,"[]",,,"[PREMIUM]"
"8cc439da-d0ca-4f13-928c-111d37e3a5df","2026-07-08 23:21:54.420","2026-07-11 23:27:53.784","8cc439da-d0ca-4f13-928c-111d37e3a5df","[PREMIUM]","New",2026,"Nissan","Rogue","SV","[PREMIUM]","[PREMIUM]",0,"SUV","Gun Metallic","Charcoal","Front-wheel Drive",,,"Gasoline",,,"dealership","[PREMIUM]","Monroe","NC","[PREMIUM]",32,"[]",,,"[PREMIUM]"
"9bc6068a-23d0-4fff-9ce3-31c00dcfba04","2026-07-08 23:21:54.411","2026-07-19 18:05:18.441","9bc6068a-23d0-4fff-9ce3-31c00dcfba04","[PREMIUM]","New",2026,"Hyundai","KONA","Limited","[PREMIUM]","[PREMIUM]",17,"SUV","Ecotronic Gray Pearl","Black","All-wheel Drive",,,"Gasoline",,,"dealership","[PREMIUM]","Rochester","MN","[PREMIUM]",32,"[]",,,"[PREMIUM]"
"e30b48d5-1559-4c8e-871c-8ace024fdbc5","2026-07-08 23:21:54.408","2026-07-19 18:05:07.128","e30b48d5-1559-4c8e-871c-8ace024fdbc5","[PREMIUM]","New",2026,"Hyundai","TUCSON Hybrid","Blue SE","[PREMIUM]","[PREMIUM]",207,"SUV","Creamy White Pearl","Black","All-wheel Drive",,,"Hybrid",,,"dealership","[PREMIUM]","Rochester","MN","[PREMIUM]",21,"[]",,,"[PREMIUM]"
"52e83c17-fae4-47fb-8d80-99a98e32ed1b","2026-07-08 23:21:54.406","2026-07-19 18:05:07.189","52e83c17-fae4-47fb-8d80-99a98e32ed1b","[PREMIUM]","New",2026,"Hyundai","KONA","Limited","[PREMIUM]","[PREMIUM]",13,"SUV","Ultimate Red Metallic","Black","All-wheel Drive",,,"Gasoline",,,"dealership","[PREMIUM]","Rochester","MN","[PREMIUM]",32,"[]",,,"[PREMIUM]"
"417831f4-861b-4efa-b730-467ab73e8d39","2026-07-08 23:21:54.402","2026-07-19 18:05:19.075","417831f4-861b-4efa-b730-467ab73e8d39","[PREMIUM]","New",2026,"Hyundai","KONA","Limited","[PREMIUM]","[PREMIUM]",27,"SUV","Atlas White","Black","All-wheel Drive",,,"Gasoline",,,"dealership","[PREMIUM]","Rochester","MN","[PREMIUM]",32,"[]",,,"[PREMIUM]"
"2f47c16e-782d-463e-ab53-16ce8cfbedf4","2026-07-08 23:21:43.197","2026-07-08 23:21:43.197","2f47c16e-782d-463e-ab53-16ce8cfbedf4","[PREMIUM]","New",2026,"Nissan","Rogue","Dark Armor","[PREMIUM]","[PREMIUM]",14,"SUV","Gun Met","Char Prima-Tex Lthette","All-wheel Drive",,,"Gasoline",,,"dealership","[PREMIUM]","Franklin","TN","[PREMIUM]",1,"[]",,,"[PREMIUM]"
"0d697bf6-69ff-4756-ad28-773def9b218c","2026-07-08 23:21:43.115","2026-07-19 18:05:07.217","0d697bf6-69ff-4756-ad28-773def9b218c","[PREMIUM]","New",2026,"Kia","Sorento","LX","[PREMIUM]","[PREMIUM]",11,"SUV","Glacial White Pearl","Black","Front-wheel Drive",,,"Gasoline",,,"dealership","[PREMIUM]","Lighthouse Point","FL","[PREMIUM]",28,"[]",,,"[PREMIUM]"
"34edf5aa-696a-420a-9237-16d9a36e9eef","2026-07-08 23:21:43.115","2026-07-19 18:05:19.279","34edf5aa-696a-420a-9237-16d9a36e9eef","[PREMIUM]","New",2026,"Kia","Sportage","EX","[PREMIUM]","[PREMIUM]",11,"SUV","Gravity Gray","Black","All-wheel Drive",,,"Gasoline",,,"dealership","[PREMIUM]","Lighthouse Point","FL","[PREMIUM]",28,"[]",,,"[PREMIUM]"
"9f5cba8b-97ba-4961-9aa9-520478e6ec9c","2026-07-08 23:21:43.106","2026-07-11 23:27:42.406","9f5cba8b-97ba-4961-9aa9-520478e6ec9c","[PREMIUM]","New",2026,"Toyota","Corolla Cross","LE","[PREMIUM]","[PREMIUM]",0,"SUV","Celestite","Black Fabric","Front-wheel Drive",,,"Gasoline",,,"dealership","[PREMIUM]","Tucson","AZ","[PREMIUM]",14,"[]",,,"[PREMIUM]"
"0e807540-d169-44c0-95b9-62c22cbc4ebc","2026-07-08 23:21:43.098","2026-07-19 18:05:07.152","0e807540-d169-44c0-95b9-62c22cbc4ebc","[PREMIUM]","New",2026,"Ford","Bronco Sport","Big Bend","[PREMIUM]","[PREMIUM]",5,"SUV","Shadow Black","Medium Lt Smoked Truffle","Four-wheel Drive",,,"Gasoline",,,"dealership","[PREMIUM]","Catskill","NY","[PREMIUM]",18,"[]",,,"[PREMIUM]"
"2c2dc21c-60d8-4dff-aab6-b35ba6969f19","2026-07-08 23:21:43.098","2026-07-19 18:05:18.270","2c2dc21c-60d8-4dff-aab6-b35ba6969f19","[PREMIUM]","New",2026,"Chevrolet","Trax","FWD ACTIV","[PREMIUM]","[PREMIUM]",2,"SUV","Summit White","Jet Black w/Artemis Accents","Front-wheel Drive",,,"Gasoline",,,"dealership","[PREMIUM]","Homewood","IL","[PREMIUM]",1,"[]",,,"[PREMIUM]"
"1f662001-6144-45a6-b943-2e1fb5aa4b57","2026-07-08 23:21:43.088","2026-07-19 18:05:07.368","1f662001-6144-45a6-b943-2e1fb5aa4b57","[PREMIUM]","New",2026,"Jeep","Compass","Limited","[PREMIUM]","[PREMIUM]",10,"SUV","Diamond Black Crystal Pearlcoat","Black","Four-wheel Drive",,,"Gasoline",,,"dealership","[PREMIUM]","Lapeer","MI","[PREMIUM]",1,"[]",,,"[PREMIUM]"
"9e5ac119-dd38-4598-9790-4d7fa416bfcb","2026-07-08 23:21:43.086","2026-07-19 18:05:07.393","9e5ac119-dd38-4598-9790-4d7fa416bfcb","[PREMIUM]","New",2026,"Jeep","Compass","Limited","[PREMIUM]","[PREMIUM]",10,"SUV","Bright White Clearcoat","Black","Four-wheel Drive",,,"Gasoline",,,"dealership","[PREMIUM]","Lapeer","MI","[PREMIUM]",1,"[]",,,"[PREMIUM]"
"61a67b6e-a055-4864-bc5b-027e80aba527","2026-07-08 23:21:43.081","2026-07-19 18:05:07.423","61a67b6e-a055-4864-bc5b-027e80aba527","[PREMIUM]","New",2026,"Jeep","Compass","Limited","[PREMIUM]","[PREMIUM]",10,"SUV","Diamond Black Crystal Pearlcoat","Black","Four-wheel Drive",,,"Gasoline",,,"dealership","[PREMIUM]","Lapeer","MI","[PREMIUM]",1,"[]",,,"[PREMIUM]"
"e0cde817-4e6f-4452-9865-389673a2d17d","2026-07-08 23:21:43.081","2026-07-16 18:01:42.450","e0cde817-4e6f-4452-9865-389673a2d17d","[PREMIUM]","New",2026,"Ford","Bronco Sport","Big Bend","[PREMIUM]","[PREMIUM]",5,"SUV","Shadow Black","Medium Light Smoked Truffle","Four-wheel Drive",,,"Gasoline",,,"dealership","[PREMIUM]","Miami","FL","[PREMIUM]",1,"[]",,,"[PREMIUM]"
"6fbefbe6-8926-463e-a638-8d780b4690e9","2026-07-08 23:21:43.070","2026-07-19 18:05:07.506","6fbefbe6-8926-463e-a638-8d780b4690e9","[PREMIUM]","New",2026,"MINI","Hardtop","Cooper S","[PREMIUM]","[PREMIUM]",7,"Hatchback","Nanuq White Metallic","Black/Blue","Front-wheel Drive",,,"Gasoline",,,"dealership","[PREMIUM]","Des Moines","IA","[PREMIUM]",32,"[]",,,"[PREMIUM]"
"e5e2a890-bfac-4e7d-b3b1-a5730dc3a320","2026-07-08 23:21:43.069","2026-07-16 18:01:40.198","e5e2a890-bfac-4e7d-b3b1-a5730dc3a320","[PREMIUM]","New",2026,"Ford","Maverick","XL","[PREMIUM]","[PREMIUM]",3,"Truck","Oxford White","Black Onyx/Dark Slate","Front-wheel Drive",,,"Hybrid",,,"dealership","[PREMIUM]","Fullerton","CA","[PREMIUM]",14,"[]",,,"[PREMIUM]"
"f8d3e98f-8e43-4f04-b436-e8612f9b28b1","2026-07-08 23:21:43.067","2026-07-19 18:05:07.167","f8d3e98f-8e43-4f04-b436-e8612f9b28b1","[PREMIUM]","New",2026,"Kia","K5","GT-Line FWD","[PREMIUM]","[PREMIUM]",10,"Sedan","Wolf Gray","Black","Front-wheel Drive",,,"Gasoline",,,"dealership","[PREMIUM]","Lighthouse Point","FL","[PREMIUM]",28,"[]",,,"[PREMIUM]"
"ab273349-9009-4efe-bef4-127ced522731","2026-07-08 23:21:43.065","2026-07-19 18:05:06.618","ab273349-9009-4efe-bef4-127ced522731","[PREMIUM]","New",2026,"Jeep","Compass","Limited","[PREMIUM]","[PREMIUM]",10,"SUV","Fathom Blue Pearl Coat","Black","Four-wheel Drive",,,"Gasoline",,,"dealership","[PREMIUM]","Lapeer","MI","[PREMIUM]",1,"[]",,,"[PREMIUM]"
"2d0cd849-4ebe-4817-b27f-452eabe10096","2026-07-08 23:21:43.057","2026-07-19 18:05:07.168","2d0cd849-4ebe-4817-b27f-452eabe10096","[PREMIUM]","New",2026,"Kia","K5","GT-Line FWD","[PREMIUM]","[PREMIUM]",10,"Sedan","Aurora Black Pearl","Black","Front-wheel Drive",,,"Gasoline",,,"dealership","[PREMIUM]","Lighthouse Point","FL","[PREMIUM]",28,"[]",,,"[PREMIUM]"
"e4c34d2f-663c-407e-8a4b-c4f0d72b20cc","2026-07-08 23:21:43.057","2026-07-19 18:05:06.837","e4c34d2f-663c-407e-8a4b-c4f0d72b20cc","[PREMIUM]","New",2026,"Toyota","Camry","LE","[PREMIUM]","[PREMIUM]",0,"Sedan","Supersonic Red","Black","Front-wheel Drive",,,"Gasoline",,,"dealership","[PREMIUM]","Orlando","FL","[PREMIUM]",1,"[]",,,"[PREMIUM]"
"0f35c304-2084-49d1-b94b-ed4c7525be76","2026-07-08 23:21:43.052","2026-07-19 18:05:07.113","0f35c304-2084-49d1-b94b-ed4c7525be76","[PREMIUM]","New",2026,"Ford","Maverick","XL","[PREMIUM]","[PREMIUM]",5,"Truck","Carbonized Gray Metallic","Black Onyx/Dark Slate","All-wheel Drive",,,"Gasoline",,,"dealership","[PREMIUM]","Catskill","NY","[PREMIUM]",15,"[]",,,"[PREMIUM]"
