"_primaryKey","_firstSeenAt","_lastSeenAt","listingId","vin","stockType","year","make","model","trim","price","msrp","mileage","bodyStyle","exteriorColor","interiorColor","drivetrain","transmission","engine","fuelType","mpg","stockNumber","sellerType","sellerName","sellerCity","sellerState","images","imagesCount","options","optionsCount","description","listingUrl"
"8253eee4-464f-40d0-969f-b03eeb64efe2","2026-05-06 23:59:49.015","2026-05-06 23:59:49.015","8253eee4-464f-40d0-969f-b03eeb64efe2","[PREMIUM]","Used",2019,"Ford","F-250","XLT","[PREMIUM]","[PREMIUM]",186469,"Truck","Ingot Silver Metallic",,"Four-wheel Drive",,,"Diesel",,,"dealership","[PREMIUM]","Perry","MI","[PREMIUM]",,"[]",,,"[PREMIUM]"
"4010ff9b-d133-4ff7-b737-da76d3915971","2026-05-06 23:59:48.754","2026-05-06 23:59:48.754","4010ff9b-d133-4ff7-b737-da76d3915971","[PREMIUM]","Used",2019,"Lexus","IS 300","Base","[PREMIUM]","[PREMIUM]",37800,"Sedan","Atomic Silver","Nuance Black","Rear-wheel Drive",,,"Gasoline",,,"dealership","[PREMIUM]","Duluth","GA","[PREMIUM]",,"[]",,,"[PREMIUM]"
"51ff6318-2ede-434c-a6dc-0a4286cd4329","2026-05-06 23:59:48.685","2026-05-06 23:59:48.685","51ff6318-2ede-434c-a6dc-0a4286cd4329","[PREMIUM]","Used",2019,"Ford","Expedition","Limited","[PREMIUM]","[PREMIUM]",127491,"SUV","Black Metallic","Ebony","Four-wheel Drive",,,"Gasoline",,,"dealership","[PREMIUM]","Evansville","IN","[PREMIUM]",,"[]",,,"[PREMIUM]"
"275ff3a0-348f-4538-bf83-80dac6fc7948","2026-05-06 23:59:48.678","2026-05-06 23:59:48.678","275ff3a0-348f-4538-bf83-80dac6fc7948","[PREMIUM]","Used",2019,"RAM","1500","Rebel","[PREMIUM]","[PREMIUM]",122395,"Truck","Granite Crystal Metallic Clearcoat","Red/Black","Four-wheel Drive",,,"Gasoline",,,"dealership","[PREMIUM]","Vinita","OK","[PREMIUM]",,"[]",,,"[PREMIUM]"
"e4c0d577-c1d8-4bb3-b4d6-427a31168335","2026-05-06 23:59:48.677","2026-05-06 23:59:48.677","e4c0d577-c1d8-4bb3-b4d6-427a31168335","[PREMIUM]","Used",2019,"GMC","Canyon","Denali","[PREMIUM]","[PREMIUM]",110834,"Truck","Onyx Black","Jet Black","Four-wheel Drive",,,"Diesel",,,"dealership","[PREMIUM]","Boise","ID","[PREMIUM]",,"[]",,,"[PREMIUM]"
"0a0fb654-1511-44ee-a6ea-d27ea9c0f75b","2026-05-06 23:59:48.675","2026-05-06 23:59:48.675","0a0fb654-1511-44ee-a6ea-d27ea9c0f75b","[PREMIUM]","Used",2019,"Honda","Ridgeline","RTL-E","[PREMIUM]","[PREMIUM]",41927,"Truck","White","Tan","All-wheel Drive",,,"Gasoline",,,"dealership","[PREMIUM]","Cedar Rapids","IA","[PREMIUM]",,"[]",,,"[PREMIUM]"
"9ba420e8-c9e9-4fe7-8168-0847d1a7df19","2026-05-06 23:59:48.675","2026-05-06 23:59:48.675","9ba420e8-c9e9-4fe7-8168-0847d1a7df19","[PREMIUM]","Used",2019,"BMW","740","xDrive","[PREMIUM]","[PREMIUM]",73142,"Sedan","Alpine White","Mocha","All-wheel Drive",,,"Gasoline",,,"dealership","[PREMIUM]","Coconut Creek","FL","[PREMIUM]",,"[]",,,"[PREMIUM]"
"7ac954c2-3d4a-48e9-8b52-b84e8c0c1926","2026-05-06 23:59:48.672","2026-05-13 00:00:12.147","7ac954c2-3d4a-48e9-8b52-b84e8c0c1926","[PREMIUM]","Used",2019,"Chevrolet","Silverado 1500","RST","[PREMIUM]","[PREMIUM]",125493,"Truck","Satin Steel Metallic","Jet Black","Four-wheel Drive",,,"Gasoline",,,"dealership","[PREMIUM]","Marlborough","MA","[PREMIUM]",,"[]",,,"[PREMIUM]"
"cf5e0b29-72ef-4ca1-b1d7-af68f5137752","2026-05-06 23:59:48.661","2026-05-06 23:59:48.661","cf5e0b29-72ef-4ca1-b1d7-af68f5137752","[PREMIUM]","Used",2019,"Toyota","Tacoma","SR5","[PREMIUM]","[PREMIUM]",102304,"Truck","Magnetic Gray Metallic","Black/Caramel","Rear-wheel Drive",,,"Gasoline",,,"dealership","[PREMIUM]","Manassas","VA","[PREMIUM]",,"[]",,,"[PREMIUM]"
"a5b58f65-e92a-4ecc-8427-004cf3f9490b","2026-05-06 23:59:48.659","2026-05-06 23:59:48.659","a5b58f65-e92a-4ecc-8427-004cf3f9490b","[PREMIUM]","Used",2019,"Mercedes-Benz","GLS 450","Base 4MATIC","[PREMIUM]","[PREMIUM]",49943,"SUV","designo Diamond White Metallic","Ginger Beige","All-wheel Drive",,,"Gasoline",,,"dealership","[PREMIUM]","Phoenix","AZ","[PREMIUM]",,"[]",,,"[PREMIUM]"
"8e7fdd64-192e-4c5e-8307-d44ea248f4c4","2026-05-06 23:59:48.658","2026-05-06 23:59:48.658","8e7fdd64-192e-4c5e-8307-d44ea248f4c4","[PREMIUM]","Used",2019,"RAM","1500","Big Horn","[PREMIUM]","[PREMIUM]",47089,"Truck","Maximum Steel Metallic Clearcoat","Black","Four-wheel Drive",,,"Gasoline",,,"dealership","[PREMIUM]","West Long Branch","NJ","[PREMIUM]",,"[]",,,"[PREMIUM]"
"d7800600-6d43-4621-b1ea-8a619dcb2244","2026-05-06 23:59:48.650","2026-05-10 00:00:01.226","d7800600-6d43-4621-b1ea-8a619dcb2244","[PREMIUM]","Used",2019,"Honda","Pilot","Elite","[PREMIUM]","[PREMIUM]",75639,"SUV","Lunar Silver Metallic","Black","All-wheel Drive",,,"Gasoline",,,"dealership","[PREMIUM]","Woodbridge","VA","[PREMIUM]",,"[]",,,"[PREMIUM]"
"85a0674c-916a-4c66-8095-36b49040719d","2026-05-06 23:59:48.645","2026-05-06 23:59:48.645","85a0674c-916a-4c66-8095-36b49040719d","[PREMIUM]","Used",2019,"GMC","Canyon","Denali","[PREMIUM]","[PREMIUM]",55406,"Truck","Onyx Black","Jet Black","Four-wheel Drive",,,"Gasoline",,,"dealership","[PREMIUM]","Cedar Rapids","IA","[PREMIUM]",,"[]",,,"[PREMIUM]"
"1269c722-5969-4bcb-a5dc-2b7a40a55746","2026-05-06 23:59:28.180","2026-05-06 23:59:28.180","1269c722-5969-4bcb-a5dc-2b7a40a55746","[PREMIUM]","Used",2019,"Chevrolet","Silverado 1500","LT","[PREMIUM]","[PREMIUM]",80969,"Truck","Summit White","Jet Black","Four-wheel Drive",,,"Gasoline",,,"dealership","[PREMIUM]","Westerville","OH","[PREMIUM]",,"[]",,,"[PREMIUM]"
"7b558a74-d6bc-40f4-8598-23c5208c0637","2026-05-06 23:59:28.177","2026-05-06 23:59:28.177","7b558a74-d6bc-40f4-8598-23c5208c0637","[PREMIUM]","Used",2019,"Ford","F-150","Platinum","[PREMIUM]","[PREMIUM]",118135,"Truck","AGATE BLACK","BLACK INT W/DARK MARSALA LT","Four-wheel Drive",,,"Gasoline",,,"dealership","[PREMIUM]","Merriam","KS","[PREMIUM]",,"[]",,,"[PREMIUM]"
"a88eb83f-d0e8-4423-b063-3ae28d7592c7","2026-05-06 23:59:28.167","2026-05-06 23:59:28.167","a88eb83f-d0e8-4423-b063-3ae28d7592c7","[PREMIUM]","Used",2019,"Genesis","G90","Premium","[PREMIUM]","[PREMIUM]",44623,"Sedan","Blue","TAN","Four-wheel Drive",,,"Gasoline",,,"dealership","[PREMIUM]","Newark","DE","[PREMIUM]",,"[]",,,"[PREMIUM]"
"93632aac-bebc-472d-9c4e-e3a0f2b4b6f2","2026-05-06 23:59:28.160","2026-05-06 23:59:28.160","93632aac-bebc-472d-9c4e-e3a0f2b4b6f2","[PREMIUM]","Used",2019,"Lexus","NX 300",,"[PREMIUM]","[PREMIUM]",74708,"SUV","White","BROWN","Rear-wheel Drive",,,"Gasoline",,,"dealership","[PREMIUM]","Fort Worth","TX","[PREMIUM]",,"[]",,,"[PREMIUM]"
"a5205d1b-1552-400a-9122-1747eefd057f","2026-05-06 23:59:28.152","2026-05-12 23:59:51.975","a5205d1b-1552-400a-9122-1747eefd057f","[PREMIUM]","Used",2019,"Ford","Ranger","LARIAT","[PREMIUM]","[PREMIUM]",50441,"Truck","Chili Pepper Red","Medium Stone","Four-wheel Drive",,,"Gasoline",,,"dealership","[PREMIUM]","Carson City","NV","[PREMIUM]",,"[]",,,"[PREMIUM]"
"0e79276b-7bf6-47c2-ae23-7edd473a1fd0","2026-05-06 23:59:28.119","2026-05-06 23:59:28.119","0e79276b-7bf6-47c2-ae23-7edd473a1fd0","[PREMIUM]","Used",2019,"Tesla","Model S","Long Range","[PREMIUM]","[PREMIUM]",49072,"Hatchback","Gray",,"All-wheel Drive",,,"Electric",,,"dealership","[PREMIUM]","Inglewood","CA","[PREMIUM]",,"[]",,,"[PREMIUM]"
"20b02fd4-b093-4bef-b673-77cfe4bfcded","2026-05-06 23:59:18.219","2026-05-06 23:59:18.219","20b02fd4-b093-4bef-b673-77cfe4bfcded","[PREMIUM]","Used",2019,"Mercedes-Benz","C-Class",,"[PREMIUM]","[PREMIUM]",46712,"Coupe","Silver","BLACK","Four-wheel Drive",,,"Gasoline",,,"dealership","[PREMIUM]","East Meadow","NY","[PREMIUM]",,"[]",,,"[PREMIUM]"
"ad895d17-04bc-4720-9d6f-8827ed1ce2a1","2026-05-06 23:59:17.909","2026-05-06 23:59:17.909","ad895d17-04bc-4720-9d6f-8827ed1ce2a1","[PREMIUM]","Used",2019,"Mazda","CX-5","Signature","[PREMIUM]","[PREMIUM]",11158,"SUV","Gray","BLACK","4WD",,,"Gas",,,"dealership","[PREMIUM]","Puyallup","WA","[PREMIUM]",,"[]",,,"[PREMIUM]"
"c97c48f1-0256-43bc-b1d6-5ab3759e5b37","2026-05-06 23:59:17.907","2026-05-06 23:59:17.907","c97c48f1-0256-43bc-b1d6-5ab3759e5b37","[PREMIUM]","Used",2019,"Acura","MDX","Advance","[PREMIUM]","[PREMIUM]",65791,"SUV","Gray","BROWN","4WD",,,"Gas",,,"dealership","[PREMIUM]","Gilbert","AZ","[PREMIUM]",,"[]",,,"[PREMIUM]"
"7383d3ce-681f-44b0-8886-6b07d98c6f65","2026-05-06 23:59:17.869","2026-05-06 23:59:17.869","7383d3ce-681f-44b0-8886-6b07d98c6f65","[PREMIUM]","Used",2019,"Mercedes-Benz","E-Class","E 450 4MATIC","[PREMIUM]","[PREMIUM]",48130,"Sedan","Black","Black","All-wheel Drive",,,"Gasoline",,,"private","[PREMIUM]",,,"[PREMIUM]",,"[]",,,"[PREMIUM]"
"042299f2-63cd-4d2d-a779-d056668dc17c","2026-05-06 23:59:17.860","2026-05-06 23:59:17.860","042299f2-63cd-4d2d-a779-d056668dc17c","[PREMIUM]","Used",2019,"Lexus","NX 300",,"[PREMIUM]","[PREMIUM]",32136,"SUV","Silver","BURGUNDY","Four-wheel Drive",,,"Gasoline",,,"dealership","[PREMIUM]","Akron","OH","[PREMIUM]",,"[]",,,"[PREMIUM]"
"aa769336-a516-46bc-9a75-7b667c21a7e2","2026-05-06 23:58:57.778","2026-05-09 23:59:10.566","aa769336-a516-46bc-9a75-7b667c21a7e2","[PREMIUM]","Used",2020,"Mercedes-Benz","CLA 250","4MATIC","[PREMIUM]","[PREMIUM]",23933,"Sedan","Black","Black","All-wheel Drive",,,"Gasoline",,,"dealership","[PREMIUM]","South Amboy","NJ","[PREMIUM]",,"[]",,,"[PREMIUM]"
"63ebb11d-6849-4455-ab52-0a87ed87281b","2026-05-06 23:58:37.582","2026-05-06 23:58:37.582","63ebb11d-6849-4455-ab52-0a87ed87281b","[PREMIUM]","Used",2020,"INFINITI","QX80","Luxe","[PREMIUM]","[PREMIUM]",67257,"SUV","Mineral Black","Graphite","Rear-wheel Drive",,,"Gasoline",,,"dealership","[PREMIUM]","Grapevine","TX","[PREMIUM]",,"[]",,,"[PREMIUM]"
"e20c69b2-fc32-4e22-a31b-e4cb059f2b45","2026-05-06 23:58:37.576","2026-05-06 23:58:37.576","e20c69b2-fc32-4e22-a31b-e4cb059f2b45","[PREMIUM]","Used",2020,"Honda","Pilot","AWD EX-L","[PREMIUM]","[PREMIUM]",53815,"SUV","Blue","Gray","All-wheel Drive",,,"Gasoline",,,"dealership","[PREMIUM]","Tewksbury","MA","[PREMIUM]",,"[]",,,"[PREMIUM]"
"eb5061f3-ffb2-45f4-8a69-23e4e5b5a1a1","2026-05-06 23:58:37.538","2026-05-06 23:58:37.538","eb5061f3-ffb2-45f4-8a69-23e4e5b5a1a1","[PREMIUM]","Used",2020,"Toyota","RAV4","LE","[PREMIUM]","[PREMIUM]",38001,"SUV","Midnight Black Metallic","Black","Front-wheel Drive",,,"Gasoline",,,"dealership","[PREMIUM]","Piqua","OH","[PREMIUM]",,"[]",,,"[PREMIUM]"
"b301c237-d8a5-4bb6-8572-92ab22bb92e1","2026-05-06 23:58:37.519","2026-05-06 23:58:37.519","b301c237-d8a5-4bb6-8572-92ab22bb92e1","[PREMIUM]","Used",2020,"Mercedes-Benz","GLE 350","Base","[PREMIUM]","[PREMIUM]",72962,"SUV","Polar White","Black","Rear-wheel Drive",,,"Gasoline",,,"dealership","[PREMIUM]","Houston","TX","[PREMIUM]",,"[]",,,"[PREMIUM]"
"6d63a9a7-5467-471d-82dd-c6cc8abb4bfd","2026-05-06 23:58:27.247","2026-05-06 23:58:27.247","6d63a9a7-5467-471d-82dd-c6cc8abb4bfd","[PREMIUM]","Used",2020,"Ford","Explorer","Limited","[PREMIUM]","[PREMIUM]",56079,"SUV","Oxford White","Ebony","Four-wheel Drive",,,"Gasoline",,,"dealership","[PREMIUM]","Westmont","IL","[PREMIUM]",,"[]",,,"[PREMIUM]"
"3089b8c7-51d0-43c3-a246-5508481f24c7","2026-05-06 23:58:27.241","2026-05-06 23:58:27.241","3089b8c7-51d0-43c3-a246-5508481f24c7","[PREMIUM]","Used",2020,"Hyundai","PALISADE","Limited","[PREMIUM]","[PREMIUM]",70583,"SUV","Steel Graphite","Beige","All-wheel Drive",,,"Gasoline",,,"dealership","[PREMIUM]","Frisco","TX","[PREMIUM]",,"[]",,,"[PREMIUM]"
"0b9ca1a9-3307-4d1b-bc00-fb35926c78bc","2026-05-06 23:58:27.208","2026-05-06 23:58:27.208","0b9ca1a9-3307-4d1b-bc00-fb35926c78bc","[PREMIUM]","Used",2020,"GMC","Sierra 1500","SLE","[PREMIUM]","[PREMIUM]",119716,"Truck","Onyx Black","Jet Black","Four-wheel Drive",,,"Gasoline",,,"dealership","[PREMIUM]","Berwyn","IL","[PREMIUM]",,"[]",,,"[PREMIUM]"
"829716c3-5872-4ae5-adf8-bd23541e2c27","2026-05-06 23:58:17.053","2026-05-06 23:58:17.053","829716c3-5872-4ae5-adf8-bd23541e2c27","[PREMIUM]","Used",2020,"Ford","Explorer","ST","[PREMIUM]","[PREMIUM]",101785,"SUV","Black Metallic","Ebony","Four-wheel Drive",,,"Gasoline",,,"dealership","[PREMIUM]","Minneapolis","MN","[PREMIUM]",,"[]",,,"[PREMIUM]"
"4ecabdc0-f210-4241-9027-2f38103bd2fd","2026-05-06 23:58:17.015","2026-05-06 23:58:17.015","4ecabdc0-f210-4241-9027-2f38103bd2fd","[PREMIUM]","Used",2020,"Acura","RDX","Advance Package","[PREMIUM]","[PREMIUM]",60020,"SUV","Platinum White Pearl","Ebony","Front-wheel Drive",,,"Gasoline",,,"dealership","[PREMIUM]","Jacksonville","FL","[PREMIUM]",,"[]",,,"[PREMIUM]"
"e411091d-b37e-42df-926d-5fd4aca211db","2026-05-06 23:58:06.835","2026-05-06 23:58:06.835","e411091d-b37e-42df-926d-5fd4aca211db","[PREMIUM]","Used",2020,"Subaru","Outback","Limited","[PREMIUM]","[PREMIUM]",19722,"SUV","Autumn Green Metallic","Slate Black","All-wheel Drive",,,"Gasoline",,,"dealership","[PREMIUM]","Orlando","FL","[PREMIUM]",,"[]",,,"[PREMIUM]"
"59215666-7405-4785-8873-26b679fc4fc8","2026-05-06 23:57:56.768","2026-05-06 23:57:56.768","59215666-7405-4785-8873-26b679fc4fc8","[PREMIUM]","Used",2020,"Land Rover","Range Rover Velar","P340 S R-Dynamic","[PREMIUM]","[PREMIUM]",70284,"SUV","Fuji White","Vintage Tan/Ebony","All-wheel Drive",,,"Gasoline",,,"dealership","[PREMIUM]","Montgomery","AL","[PREMIUM]",,"[]",,,"[PREMIUM]"
"b7a042a6-a016-4344-aae1-67403f836cb3","2026-05-06 23:57:46.653","2026-05-09 23:58:00.272","b7a042a6-a016-4344-aae1-67403f836cb3","[PREMIUM]","Used",2020,"Jeep","Grand Cherokee","Summit","[PREMIUM]","[PREMIUM]",36288,"SUV","Ivory 3-Coat","Black","Four-wheel Drive",,,"Gasoline",,,"dealership","[PREMIUM]","Wilmington","NC","[PREMIUM]",,"[]",,,"[PREMIUM]"
"815db74f-99f1-4bf8-ba70-46a2da200416","2026-05-06 23:57:46.630","2026-05-06 23:57:46.630","815db74f-99f1-4bf8-ba70-46a2da200416","[PREMIUM]","Used",2020,"RAM","1500 Classic","Tradesman","[PREMIUM]","[PREMIUM]",24663,"Truck","Flame Red Clearcoat","Diesel Gray / Black","Four-wheel Drive",,,"Gasoline",,,"dealership","[PREMIUM]","Montpelier","OH","[PREMIUM]",,"[]",,,"[PREMIUM]"
"588efee2-ba3d-4346-aafd-d81969d66a19","2026-05-06 23:57:46.612","2026-05-06 23:57:46.612","588efee2-ba3d-4346-aafd-d81969d66a19","[PREMIUM]","Used",2020,"Chevrolet","Silverado 1500","LT","[PREMIUM]","[PREMIUM]",105745,"Truck","Black","Jet Black","Four-wheel Drive",,,"Gasoline",,,"dealership","[PREMIUM]","Glen Burnie","MD","[PREMIUM]",,"[]",,,"[PREMIUM]"
"5a53e587-f867-4ce1-9ed5-715d33c6adfc","2026-05-06 23:57:46.567","2026-05-06 23:57:46.567","5a53e587-f867-4ce1-9ed5-715d33c6adfc","[PREMIUM]","Used",2020,"RAM","1500","Big Horn/Lone Star","[PREMIUM]","[PREMIUM]",99287,"Truck","Diamond Black Crystal Pearlcoat","Black","Four-wheel Drive",,,"Gasoline",,,"dealership","[PREMIUM]","Manistee","MI","[PREMIUM]",,"[]",,,"[PREMIUM]"
"96345efd-bada-4f75-94b5-4962dced972f","2026-05-06 23:57:36.354","2026-05-06 23:57:36.354","96345efd-bada-4f75-94b5-4962dced972f","[PREMIUM]","Used",2020,"Honda","Civic","Sport Touring","[PREMIUM]","[PREMIUM]",4277,"Hatchback","Rallye Red","Black","FWD",,,"Gasoline",,,"dealership","[PREMIUM]","Seattle","WA","[PREMIUM]",,"[]",,,"[PREMIUM]"
"debe0532-fc43-4807-9090-f6ce0956a79e","2026-05-06 23:57:26.279","2026-05-09 23:57:40.031","debe0532-fc43-4807-9090-f6ce0956a79e","[PREMIUM]","Used",2020,"Porsche","Macan","Macan","[PREMIUM]","[PREMIUM]",6103,"SUV","Black",,"All-wheel Drive",,,"Gasoline",,,"dealership","[PREMIUM]","Reading","PA","[PREMIUM]",,"[]",,,"[PREMIUM]"
"67e7bb5b-18c3-4a2c-ac4b-41b9721039c4","2026-05-06 23:57:26.235","2026-05-06 23:57:26.235","67e7bb5b-18c3-4a2c-ac4b-41b9721039c4","[PREMIUM]","Used",2020,"Honda","Pilot","Touring 7-Passenger","[PREMIUM]","[PREMIUM]",91895,"SUV","Green","Beige","Front-wheel Drive",,,"Gasoline",,,"dealership","[PREMIUM]","Wake Forest","NC","[PREMIUM]",,"[]",,,"[PREMIUM]"
"68d0cd2b-3f66-437b-88a6-bd3490baec33","2026-05-06 23:57:26.191","2026-05-06 23:57:26.191","68d0cd2b-3f66-437b-88a6-bd3490baec33","[PREMIUM]","Used",2020,"Chevrolet","Silverado 1500","LT","[PREMIUM]","[PREMIUM]",77504,"Truck","Black","Black","Four-wheel Drive",,,"Gasoline",,,"dealership","[PREMIUM]","Crossville","TN","[PREMIUM]",,"[]",,,"[PREMIUM]"
"9b9ae115-4ad2-48b1-84ae-d01df01bc267","2026-05-06 23:57:26.190","2026-05-06 23:57:26.190","9b9ae115-4ad2-48b1-84ae-d01df01bc267","[PREMIUM]","Used",2020,"Lincoln","Nautilus","Reserve","[PREMIUM]","[PREMIUM]",32093,"SUV","Burgundy Velvet","Ebony","All-wheel Drive",,,"Gasoline",,,"dealership","[PREMIUM]","Merrillville","IN","[PREMIUM]",,"[]",,,"[PREMIUM]"
"7074c722-7191-41ae-af9a-cbd28cf7f1fb","2026-05-06 23:57:15.931","2026-05-06 23:57:15.931","7074c722-7191-41ae-af9a-cbd28cf7f1fb","[PREMIUM]","Used",2020,"Honda","Odyssey","EX-L","[PREMIUM]","[PREMIUM]",73488,"Passenger Van","Platinum White Pearl","Gray","Front-wheel Drive",,,"Gasoline",,,"dealership","[PREMIUM]","Greensboro","NC","[PREMIUM]",,"[]",,,"[PREMIUM]"
"57685cdb-6f15-4e4b-8b20-32573986730a","2026-05-06 23:57:15.917","2026-05-06 23:57:15.917","57685cdb-6f15-4e4b-8b20-32573986730a","[PREMIUM]","Used",2020,"Ford","F-150","XL","[PREMIUM]","[PREMIUM]",66884,"Truck","Lead Foot","Black","Four-wheel Drive",,,"Gasoline",,,"dealership","[PREMIUM]","Salisbury","NC","[PREMIUM]",,"[]",,,"[PREMIUM]"
"dc2bf098-0bae-4a0a-8c87-6e55b99b7435","2026-05-06 23:57:15.793","2026-05-06 23:57:15.793","dc2bf098-0bae-4a0a-8c87-6e55b99b7435","[PREMIUM]","Used",2020,"Honda","CR-V","Touring","[PREMIUM]","[PREMIUM]",63450,"SUV","White","Gray","All-wheel Drive",,,"Gasoline",,,"dealership","[PREMIUM]","Huron","OH","[PREMIUM]",,"[]",,,"[PREMIUM]"
"e0db2c0f-4c0b-40cd-870f-9ca4ccb25a15","2026-05-06 23:57:15.758","2026-05-06 23:57:15.758","e0db2c0f-4c0b-40cd-870f-9ca4ccb25a15","[PREMIUM]","Used",2020,"Ford","Ranger","XLT","[PREMIUM]","[PREMIUM]",62788,"Truck","MAGNETIC","MED STONE PREM CLOTH SEATS","Four-wheel Drive",,,"Gasoline",,,"dealership","[PREMIUM]","Tulsa","OK","[PREMIUM]",,"[]",,,"[PREMIUM]"
"69842022-8586-4dd5-b46f-2eec62a3cb37","2026-05-06 23:57:15.741","2026-05-09 23:57:29.900","69842022-8586-4dd5-b46f-2eec62a3cb37","[PREMIUM]","Used",2020,"Chevrolet","Silverado 1500","LT","[PREMIUM]","[PREMIUM]",125600,"Truck","Black","Jet Black","Four-wheel Drive",,,"Gasoline",,,"dealership","[PREMIUM]","Cameron","MO","[PREMIUM]",,"[]",,,"[PREMIUM]"
"6a72edfe-1566-4525-8e31-a398134a33cf","2026-05-06 23:57:15.720","2026-05-09 23:57:29.890","6a72edfe-1566-4525-8e31-a398134a33cf","[PREMIUM]","Used",2020,"RAM","1500","Big Horn/Lone Star","[PREMIUM]","[PREMIUM]",88000,"Truck","Steel Metallic","Black","Four-wheel Drive",,,"Gasoline",,,"dealership","[PREMIUM]","Vicksburg","MI","[PREMIUM]",,"[]",,,"[PREMIUM]"
"ad200d31-8b08-481b-84e4-11ae25d9cb07","2026-05-06 23:57:15.716","2026-05-06 23:57:15.716","ad200d31-8b08-481b-84e4-11ae25d9cb07","[PREMIUM]","Used",2020,"Acura","MDX","3.5L w/Technology Package","[PREMIUM]","[PREMIUM]",43771,"SUV","Platinum White Pearl","Biege","All-wheel Drive",,,"Gasoline",,,"dealership","[PREMIUM]","Louisville","KY","[PREMIUM]",,"[]",,,"[PREMIUM]"
"35ddc6fd-e9e8-4b6b-a5c1-9d2adb05ada6","2026-05-06 23:57:05.935","2026-05-06 23:57:05.935","35ddc6fd-e9e8-4b6b-a5c1-9d2adb05ada6","[PREMIUM]","Used",2020,"GMC","Sierra 1500","SLT","[PREMIUM]","[PREMIUM]",125142,"Truck","Gray","Jet Black","Four-wheel Drive",,,"Diesel",,,"dealership","[PREMIUM]","Baton Rouge","LA","[PREMIUM]",,"[]",,,"[PREMIUM]"
"fba41cfa-8b63-4e96-9aae-d6cf160e6755","2026-05-06 23:57:05.520","2026-05-09 23:57:19.777","fba41cfa-8b63-4e96-9aae-d6cf160e6755","[PREMIUM]","Used",2020,"Subaru","WRX","TR","[PREMIUM]","[PREMIUM]",24515,"Sedan","Crystal Black Silica","Carbon Black","All-wheel Drive",,,"Gasoline",,,"dealership","[PREMIUM]","Cumberland","MD","[PREMIUM]",,"[]",,,"[PREMIUM]"
"5deb6dc4-2807-456a-ad85-4cce520bbf18","2026-05-06 23:57:05.518","2026-05-12 23:57:19.456","5deb6dc4-2807-456a-ad85-4cce520bbf18","[PREMIUM]","Used",2020,"Chevrolet","Traverse","RS","[PREMIUM]","[PREMIUM]",126189,"SUV","Cajun Red Tintcoat","Jet Black","All-wheel Drive",,,"Gasoline",,,"dealership","[PREMIUM]","Motor City in Colorado Springs","CO","[PREMIUM]",,"[]",,,"[PREMIUM]"
"683c552c-7d07-4237-a0ed-f6330b4a8269","2026-05-06 23:57:05.502","2026-05-06 23:57:05.502","683c552c-7d07-4237-a0ed-f6330b4a8269","[PREMIUM]","Used",2020,"Ford","Mustang","GT Premium","[PREMIUM]","[PREMIUM]",53200,"Convertible","Shadow Black","Ebony w/Metal Gray Stitch","Rear-wheel Drive",,,"Gasoline",,,"dealership","[PREMIUM]","Ham Lake","MN","[PREMIUM]",,"[]",,,"[PREMIUM]"
"ea320035-4098-49f4-b633-62100a905827","2026-05-06 23:57:05.501","2026-05-06 23:57:05.501","ea320035-4098-49f4-b633-62100a905827","[PREMIUM]","Used",2020,"Chevrolet","Tahoe","LT","[PREMIUM]","[PREMIUM]",99386,"SUV","Summit White","Jet Black/Dark Ash","Rear-wheel Drive",,,"Gasoline",,,"dealership","[PREMIUM]","Lithia Springs","GA","[PREMIUM]",,"[]",,,"[PREMIUM]"
"2f7e6be8-944e-4e49-b7ba-241c7c674a14","2026-05-06 23:57:05.495","2026-05-06 23:57:05.495","2f7e6be8-944e-4e49-b7ba-241c7c674a14","[PREMIUM]","Used",2020,"Toyota","RAV4","XLE","[PREMIUM]","[PREMIUM]",97770,"SUV","Midnight Black Metallic","Light Gray","All-wheel Drive",,,"Gasoline",,,"dealership","[PREMIUM]","Tacoma","WA","[PREMIUM]",,"[]",,,"[PREMIUM]"
"0f3bdcf7-ea2e-467e-bddf-a88fff042b3a","2026-05-06 23:57:05.485","2026-05-06 23:57:05.485","0f3bdcf7-ea2e-467e-bddf-a88fff042b3a","[PREMIUM]","Used",2020,"Chevrolet","Silverado 1500","Custom","[PREMIUM]","[PREMIUM]",86387,"Truck","Black","Jet Black","Rear-wheel Drive",,,"Gasoline",,,"dealership","[PREMIUM]","Cookeville","TN","[PREMIUM]",,"[]",,,"[PREMIUM]"
"ee2ea605-cf3d-429d-a0ef-5b3ee0b5662a","2026-05-06 23:57:05.480","2026-05-06 23:57:05.480","ee2ea605-cf3d-429d-a0ef-5b3ee0b5662a","[PREMIUM]","Used",2020,"GMC","Acadia","Denali","[PREMIUM]","[PREMIUM]",68439,"SUV","Red Quartz Tintcoat","Jet Black","Front-wheel Drive",,,"Gasoline",,,"dealership","[PREMIUM]","Newnan","GA","[PREMIUM]",,"[]",,,"[PREMIUM]"
"e275dd08-15f0-4792-adec-ad03aff9b226","2026-05-06 23:56:55.758","2026-05-06 23:56:55.758","e275dd08-15f0-4792-adec-ad03aff9b226","[PREMIUM]","Used",2020,"Honda","Pilot","AWD Elite","[PREMIUM]","[PREMIUM]",99000,"SUV","Lunar Silver Metallic","Black","All-wheel Drive",,,"Gasoline",,,"dealership","[PREMIUM]","Coon Rapids","MN","[PREMIUM]",,"[]",,,"[PREMIUM]"
"3909c04f-7d5f-4a5d-b843-711fad1ada08","2026-05-06 23:56:55.673","2026-05-06 23:56:55.673","3909c04f-7d5f-4a5d-b843-711fad1ada08","[PREMIUM]","Used",2020,"BMW","430","i","[PREMIUM]","[PREMIUM]",31051,"Coupe","Black Sapphire Metallic","Coral Red","Rear-wheel Drive",,,"Gasoline",,,"dealership","[PREMIUM]","Rio Piedras","PR","[PREMIUM]",,"[]",,,"[PREMIUM]"
"a4852055-a958-43d6-83d0-a697ae807c66","2026-05-06 23:56:55.665","2026-05-06 23:56:55.665","a4852055-a958-43d6-83d0-a697ae807c66","[PREMIUM]","Used",2020,"BMW","530","i xDrive","[PREMIUM]","[PREMIUM]",31703,"Sedan","Imperial Blue Metallic","Black","All-wheel Drive",,,"Gasoline",,,"dealership","[PREMIUM]","Sykesville","MD","[PREMIUM]",,"[]",,,"[PREMIUM]"
"baf45bdd-6895-4a6d-ad14-db10261bb4e8","2026-05-06 23:56:55.620","2026-05-09 23:57:10.135","baf45bdd-6895-4a6d-ad14-db10261bb4e8","[PREMIUM]","Used",2020,"Ford","Explorer","ST","[PREMIUM]","[PREMIUM]",65153,"SUV","Black","Black","Four-wheel Drive",,,"Gasoline",,,"dealership","[PREMIUM]","Englewood","CO","[PREMIUM]",,"[]",,,"[PREMIUM]"
"0238ba22-a8ff-4ad1-bc49-7576a62947a2","2026-05-06 23:56:55.611","2026-05-06 23:56:55.611","0238ba22-a8ff-4ad1-bc49-7576a62947a2","[PREMIUM]","Used",2020,"Ford","F-150","XLT","[PREMIUM]","[PREMIUM]",89748,"Truck","Oxford White","Black","4WD",,,"Gasoline",,,"dealership","[PREMIUM]","Paris","KY","[PREMIUM]",,"[]",,,"[PREMIUM]"
"52fdc426-b74c-4710-8da4-f33f286ede73","2026-05-06 23:56:55.610","2026-05-06 23:56:55.610","52fdc426-b74c-4710-8da4-f33f286ede73","[PREMIUM]","Used",2020,"Toyota","Tacoma","SR","[PREMIUM]","[PREMIUM]",29418,"Truck","Midnight Black Metallic","Cement","Rear-wheel Drive",,,"Gasoline",,,"dealership","[PREMIUM]","Brandon","FL","[PREMIUM]",,"[]",,,"[PREMIUM]"
"f34af6e0-5b37-40ed-a13f-cae7ce11712b","2026-05-06 23:56:55.527","2026-05-09 23:57:10.098","f34af6e0-5b37-40ed-a13f-cae7ce11712b","[PREMIUM]","Used",2020,"Ford","F-150","XL","[PREMIUM]","[PREMIUM]",87835,"Truck","Oxford White","Black","Four-wheel Drive",,,"Gasoline",,,"dealership","[PREMIUM]","Turnersville","NJ","[PREMIUM]",,"[]",,,"[PREMIUM]"
"14fc09c6-230e-4c0e-ad0b-1b395e5e5b5b","2026-05-06 23:56:55.359","2026-05-09 23:57:09.616","14fc09c6-230e-4c0e-ad0b-1b395e5e5b5b","[PREMIUM]","Used",2020,"Honda","Pilot","AWD EX-L","[PREMIUM]","[PREMIUM]",63775,"SUV","Silver Metallic","Gray","All-wheel Drive",,,"Gasoline",,,"dealership","[PREMIUM]","Raleigh","NC","[PREMIUM]",,"[]",,,"[PREMIUM]"
"c2f1eca5-6d71-4484-8928-6e5948399c02","2026-05-06 23:56:55.305","2026-05-06 23:56:55.305","c2f1eca5-6d71-4484-8928-6e5948399c02","[PREMIUM]","Used",2020,"Toyota","Avalon","Limited","[PREMIUM]","[PREMIUM]",83800,"Sedan","Harbor Gray Metallic","Graphite","Front-wheel Drive",,,"Gasoline",,,"dealership","[PREMIUM]","Bradenton","FL","[PREMIUM]",,"[]",,,"[PREMIUM]"
"4447cdaf-088e-4023-801a-a165835145d8","2026-05-06 23:56:55.296","2026-05-09 23:57:10.134","4447cdaf-088e-4023-801a-a165835145d8","[PREMIUM]","Used",2020,"Lincoln","Nautilus","Reserve","[PREMIUM]","[PREMIUM]",39419,"SUV","Pristine White","Cappuccino","Front-wheel Drive",,,"Gasoline",,,"dealership","[PREMIUM]","Norfolk","VA","[PREMIUM]",,"[]",,,"[PREMIUM]"
"65639791-c0ef-40ff-89a1-249d75eb3028","2026-05-06 23:56:55.295","2026-05-06 23:56:55.295","65639791-c0ef-40ff-89a1-249d75eb3028","[PREMIUM]","Used",2020,"Chevrolet","Silverado 1500","LT","[PREMIUM]","[PREMIUM]",46099,"Truck","Silver Ice Metallic","Jet Black","Four-wheel Drive",,,"Gasoline",,,"dealership","[PREMIUM]","Saint Paul","MN","[PREMIUM]",,"[]",,,"[PREMIUM]"
"6bc40e27-5780-4ec8-bb46-e08901688412","2026-05-06 23:56:55.294","2026-05-06 23:56:55.294","6bc40e27-5780-4ec8-bb46-e08901688412","[PREMIUM]","Used",2020,"Honda","Accord","Touring 2.0T","[PREMIUM]","[PREMIUM]",83514,"Sedan","White","Black","Front-wheel Drive",,,"Gasoline",,,"dealership","[PREMIUM]","Alhambra","CA","[PREMIUM]",,"[]",,,"[PREMIUM]"
"8906ae19-6efe-49bd-b0bb-bc7b987bec66","2026-05-06 23:56:55.284","2026-05-12 23:57:09.368","8906ae19-6efe-49bd-b0bb-bc7b987bec66","[PREMIUM]","Used",2020,"BMW","M240","M240i Convertible","[PREMIUM]","[PREMIUM]",66185,,"Alpine White","Black","Rear-wheel Drive",,,"Gasoline",,,"dealership","[PREMIUM]","Ocoee","FL","[PREMIUM]",,"[]",,,"[PREMIUM]"
"06a8be37-28a2-4f5d-a95e-024486827c41","2026-05-06 23:56:55.281","2026-05-06 23:56:55.281","06a8be37-28a2-4f5d-a95e-024486827c41","[PREMIUM]","Used",2020,"RAM","1500","Big Horn/Lone Star","[PREMIUM]","[PREMIUM]",121629,"Truck","Flame Red Clearcoat","Black","Four-wheel Drive",,,"Gasoline",,,"dealership","[PREMIUM]","Shepherdsville","KY","[PREMIUM]",,"[]",,,"[PREMIUM]"
"08bcb4a2-33a0-4140-8910-7771598a928a","2026-05-06 23:56:55.280","2026-05-09 23:57:09.831","08bcb4a2-33a0-4140-8910-7771598a928a","[PREMIUM]","Used",2020,"Honda","Accord","EX 1.5T","[PREMIUM]","[PREMIUM]",14656,"Sedan","Champagne Frost Pearl","Ivory","Front-wheel Drive",,,"Gasoline",,,"dealership","[PREMIUM]","Rio Piedras","PR","[PREMIUM]",,"[]",,,"[PREMIUM]"
"14560729-1766-46a3-94f0-9a411238c746","2026-05-06 23:56:55.276","2026-05-06 23:56:55.276","14560729-1766-46a3-94f0-9a411238c746","[PREMIUM]","Used",2020,"Toyota","Sienna","LE","[PREMIUM]","[PREMIUM]",52901,"Passenger Van","Predawn Gray Mica","Cement","Front-wheel Drive",,,"Gasoline",,,"dealership","[PREMIUM]","Coconut Creek","FL","[PREMIUM]",,"[]",,,"[PREMIUM]"
"390e0850-a449-4fba-a5e9-7d6fe218b379","2026-05-06 23:56:55.276","2026-05-06 23:56:55.276","390e0850-a449-4fba-a5e9-7d6fe218b379","[PREMIUM]","Used",2020,"Honda","Civic","SI","[PREMIUM]","[PREMIUM]",38188,"Sedan","White","BLACK","Rear-wheel Drive",,,"Gasoline",,,"dealership","[PREMIUM]","Henderson","NV","[PREMIUM]",,"[]",,,"[PREMIUM]"
"2b9ee972-7475-4260-9709-e74d6dc9b403","2026-05-06 23:56:55.274","2026-05-06 23:56:55.274","2b9ee972-7475-4260-9709-e74d6dc9b403","[PREMIUM]","Used",2020,"Jeep","Wrangler Unlimited","Freedom 4x4","[PREMIUM]","[PREMIUM]",57892,"SUV","Sting-Gray Clearcoat","Black","Four-wheel Drive",,,"Gasoline",,,"dealership","[PREMIUM]","Tampa","FL","[PREMIUM]",,"[]",,,"[PREMIUM]"
"33e9cc23-1fdc-4fea-98e9-815e999edf99","2026-05-06 23:56:55.273","2026-05-06 23:56:55.273","33e9cc23-1fdc-4fea-98e9-815e999edf99","[PREMIUM]","Used",2020,"Ford","Explorer","XLT","[PREMIUM]","[PREMIUM]",44713,"SUV","Silver Spruce Metallic","Sandstone","Rear-wheel Drive",,,"Gasoline",,,"dealership","[PREMIUM]","Sevierville","TN","[PREMIUM]",,"[]",,,"[PREMIUM]"
"eddb3671-54e0-4140-8697-af95bdc521dd","2026-05-06 23:56:55.273","2026-05-09 23:57:09.957","eddb3671-54e0-4140-8697-af95bdc521dd","[PREMIUM]","Used",2020,"Chevrolet","Silverado 1500","Custom Trail Boss","[PREMIUM]","[PREMIUM]",110486,"Truck","BLUE","Black","Four-wheel Drive",,,"Gasoline",,,"dealership","[PREMIUM]","Wysox","PA","[PREMIUM]",,"[]",,,"[PREMIUM]"
"8ca3d185-ac0a-431f-9293-40ee7a899fab","2026-05-06 23:56:55.271","2026-05-06 23:56:55.271","8ca3d185-ac0a-431f-9293-40ee7a899fab","[PREMIUM]","Used",2020,"Kia","Telluride","SX","[PREMIUM]","[PREMIUM]",90670,"SUV","Dark Moss","Gray","All-wheel Drive",,,"Gasoline",,,"dealership","[PREMIUM]","Peoria","AZ","[PREMIUM]",,"[]",,,"[PREMIUM]"
"c883d6b9-ce31-4fba-ad82-c9a19f7caa08","2026-05-06 23:56:55.271","2026-05-06 23:56:55.271","c883d6b9-ce31-4fba-ad82-c9a19f7caa08","[PREMIUM]","Used",2020,"Toyota","Tacoma","SR","[PREMIUM]","[PREMIUM]",47855,"Truck","Silver Sky Metallic","Cement","Rear-wheel Drive",,,"Gasoline",,,"dealership","[PREMIUM]","Fredericksburg","VA","[PREMIUM]",,"[]",,,"[PREMIUM]"
"d359607e-2dd3-43b0-86a1-983fd5ac018e","2026-05-06 23:56:55.270","2026-05-06 23:56:55.270","d359607e-2dd3-43b0-86a1-983fd5ac018e","[PREMIUM]","Used",2020,"Ford","Explorer","Platinum","[PREMIUM]","[PREMIUM]",75876,"SUV","STAR WHITE MET TRI-COAT","LT SNDSTNE LTH SEAT SURFACE","Four-wheel Drive",,,"Gasoline",,,"dealership","[PREMIUM]","Saltillo","MS","[PREMIUM]",,"[]",,,"[PREMIUM]"
"6f89a573-d1d0-4006-b4ef-282b05866984","2026-05-06 23:56:55.248","2026-05-06 23:56:55.248","6f89a573-d1d0-4006-b4ef-282b05866984","[PREMIUM]","Used",2020,"RAM","3500","Tradesman Regular Cab 4x4 8&#39; Box","[PREMIUM]","[PREMIUM]",84611,"Truck","Bright White Clearcoat","Diesel Gray/Black","Four-wheel Drive",,,"Gasoline",,,"dealership","[PREMIUM]","Vinita","OK","[PREMIUM]",,"[]",,,"[PREMIUM]"
"0b46e93e-f153-49f5-a8c8-5f3ae3068b98","2026-05-06 23:56:55.161","2026-05-06 23:56:55.161","0b46e93e-f153-49f5-a8c8-5f3ae3068b98","[PREMIUM]","Used",2020,"BMW","330","I","[PREMIUM]","[PREMIUM]",29828,"Sedan","Gray","BLACK","Rear-wheel Drive",,,"Gasoline",,,"dealership","[PREMIUM]","Orlando","FL","[PREMIUM]",,"[]",,,"[PREMIUM]"
"91429a91-23f0-4712-a8e6-8638a10db21c","2026-05-06 23:56:55.105","2026-05-06 23:56:55.105","91429a91-23f0-4712-a8e6-8638a10db21c","[PREMIUM]","Used",2020,"Ford","Transit-250","Base","[PREMIUM]","[PREMIUM]",96570,"Cargo Van","Oxford White","Dark Palazzo","Rear-wheel Drive",,,"E85 Flex Fuel",,,"dealership","[PREMIUM]","Phoenix","AZ","[PREMIUM]",,"[]",,,"[PREMIUM]"
"153717fe-4da6-4b25-9f37-4561bd371fc0","2026-05-06 23:56:44.708","2026-05-06 23:56:44.708","153717fe-4da6-4b25-9f37-4561bd371fc0","[PREMIUM]","Used",2021,"Tesla","Model Y","Long Range Dual Motor All-Wheel Drive","[PREMIUM]","[PREMIUM]",31600,"SUV",,"Black","All-wheel Drive",,,"Electric",,,"dealership","[PREMIUM]","Troy","NY","[PREMIUM]",,"[]",,,"[PREMIUM]"
"745d0821-c8e7-4c1f-98a0-75230de9bb9b","2026-05-06 23:56:44.623","2026-05-06 23:56:44.623","745d0821-c8e7-4c1f-98a0-75230de9bb9b","[PREMIUM]","Used",2020,"Chevrolet","Silverado 1500","Custom","[PREMIUM]","[PREMIUM]",76075,"Truck","Red","BLACK","Four-wheel Drive",,,"Gasoline",,,"dealership","[PREMIUM]","Albuquerque","NM","[PREMIUM]",,"[]",,,"[PREMIUM]"
"cb84ba3c-aef5-46c2-8f4c-3d32bc0b9691","2026-05-06 23:56:44.618","2026-05-06 23:56:44.618","cb84ba3c-aef5-46c2-8f4c-3d32bc0b9691","[PREMIUM]","Used",2020,"RAM","1500","Laramie","[PREMIUM]","[PREMIUM]",114005,"Truck","Gray","BLACK","Rear-wheel Drive",,,"Gasoline",,,"dealership","[PREMIUM]","Houston","TX","[PREMIUM]",,"[]",,,"[PREMIUM]"
"c89dc9d4-8303-4e96-8a9b-88a18a759974","2026-05-06 23:56:44.601","2026-05-06 23:56:44.601","c89dc9d4-8303-4e96-8a9b-88a18a759974","[PREMIUM]","Used",2020,"Honda","Ridgeline","RTL-E","[PREMIUM]","[PREMIUM]",59412,"Truck","Gray","BLACK","Four-wheel Drive",,,"Gasoline",,,"dealership","[PREMIUM]","Memphis","TN","[PREMIUM]",,"[]",,,"[PREMIUM]"
"0995c65b-82f1-46f6-9d64-091af93ac97b","2026-05-06 23:56:44.598","2026-05-09 23:56:59.484","0995c65b-82f1-46f6-9d64-091af93ac97b","[PREMIUM]","Used",2021,"Subaru","Forester","Sport","[PREMIUM]","[PREMIUM]",44615,"SUV","Crystal Black Silica","Gray","All-wheel Drive",,,"Gasoline",,,"dealership","[PREMIUM]","Thornton","CO","[PREMIUM]",,"[]",,,"[PREMIUM]"
"43f7a540-89d9-40be-8382-06cbf1a0837c","2026-05-06 23:56:44.596","2026-05-09 23:57:10.000","43f7a540-89d9-40be-8382-06cbf1a0837c","[PREMIUM]","Used",2020,"Mercedes-Benz","CLA 250","4MATIC","[PREMIUM]","[PREMIUM]",48334,"Sedan","Mountain Gray Metallic","Black","All-wheel Drive",,,"Gasoline",,,"dealership","[PREMIUM]","Westerville","OH","[PREMIUM]",,"[]",,,"[PREMIUM]"
"cf83f5ed-2adb-4d1e-8b28-7eeb65d27e7c","2026-05-06 23:56:44.577","2026-05-06 23:56:44.577","cf83f5ed-2adb-4d1e-8b28-7eeb65d27e7c","[PREMIUM]","Used",2020,"Nissan","Murano","SL","[PREMIUM]","[PREMIUM]",20275,"SUV","Silver","BLACK","Four-wheel Drive",,,"Gasoline",,,"dealership","[PREMIUM]","Sicklerville","NJ","[PREMIUM]",,"[]",,,"[PREMIUM]"
"351fc1f6-d6b5-41bb-ba94-f73a92684749","2026-05-06 23:56:44.515","2026-05-06 23:56:44.515","351fc1f6-d6b5-41bb-ba94-f73a92684749","[PREMIUM]","Used",2020,"Toyota","Tundra","SR5","[PREMIUM]","[PREMIUM]",190000,"Truck","White","Gray","Four-wheel Drive",,,"Gasoline",,,"private","[PREMIUM]",,,"[PREMIUM]",,"[]",,,"[PREMIUM]"
"87174ff2-3567-4643-92d2-69e1dc63bd46","2026-05-06 23:56:44.493","2026-05-06 23:56:44.493","87174ff2-3567-4643-92d2-69e1dc63bd46","[PREMIUM]","Used",2020,"Lincoln","Corsair","Reserve","[PREMIUM]","[PREMIUM]",42936,"SUV","Red","TAN","4WD",,,"Gas",,,"dealership","[PREMIUM]","Puyallup","WA","[PREMIUM]",,"[]",,,"[PREMIUM]"
"75b4768f-4717-49ce-9d6a-06e93176f4bf","2026-05-06 23:56:44.492","2026-05-06 23:56:44.492","75b4768f-4717-49ce-9d6a-06e93176f4bf","[PREMIUM]","Used",2020,"Cadillac","XT4","Sport","[PREMIUM]","[PREMIUM]",28626,"SUV","White","BLACK","Four-wheel Drive",,,"Gasoline",,,"dealership","[PREMIUM]","Hillside","IL","[PREMIUM]",,"[]",,,"[PREMIUM]"
"c9ee836e-7b2b-4fe4-ab5f-1c5f7eef11ff","2026-05-06 23:56:44.489","2026-05-06 23:56:44.489","c9ee836e-7b2b-4fe4-ab5f-1c5f7eef11ff","[PREMIUM]","Used",2020,"Mazda","CX-9","Grand Touring","[PREMIUM]","[PREMIUM]",54865,"SUV","Gray","BLACK","Rear-wheel Drive",,,"Gasoline",,,"dealership","[PREMIUM]","Amarillo","TX","[PREMIUM]",,"[]",,,"[PREMIUM]"
"7f4bd3f0-1e62-4755-ab8c-0d2036d5036d","2026-05-06 23:56:44.487","2026-05-06 23:56:44.487","7f4bd3f0-1e62-4755-ab8c-0d2036d5036d","[PREMIUM]","Used",2020,"Honda","Accord","Sport","[PREMIUM]","[PREMIUM]",38919,"Sedan","White","BLACK","Rear-wheel Drive",,,"Gasoline",,,"dealership","[PREMIUM]","Jensen Beach","FL","[PREMIUM]",,"[]",,,"[PREMIUM]"
"b2c09378-4f51-411a-bcb0-49847794afd2","2026-05-06 23:56:44.486","2026-05-06 23:56:44.486","b2c09378-4f51-411a-bcb0-49847794afd2","[PREMIUM]","Used",2020,"Chevrolet","Silverado 1500","Custom","[PREMIUM]","[PREMIUM]",56290,"Truck","Blue","BLACK","Rear-wheel Drive",,,"Gasoline",,,"dealership","[PREMIUM]","Saltillo","MS","[PREMIUM]",,"[]",,,"[PREMIUM]"
"5807d00e-3f51-4df9-92f9-8d26677f9b56","2026-05-06 23:56:44.485","2026-05-09 23:56:59.117","5807d00e-3f51-4df9-92f9-8d26677f9b56","[PREMIUM]","Used",2020,"BMW","330","I xDrive","[PREMIUM]","[PREMIUM]",18986,"Sedan","Red","BLACK","Four-wheel Drive",,,"Gasoline",,,"dealership","[PREMIUM]","Hartford","CT","[PREMIUM]",,"[]",,,"[PREMIUM]"
"e9a45b5d-fb68-4bf8-a8ef-42d0429a04ad","2026-05-06 23:56:44.485","2026-05-06 23:56:44.485","e9a45b5d-fb68-4bf8-a8ef-42d0429a04ad","[PREMIUM]","Used",2020,"Ford","Escape","Titanium","[PREMIUM]","[PREMIUM]",19265,"SUV","Gray","BLACK","Rear-wheel Drive",,,"Hybrid",,,"dealership","[PREMIUM]","Puyallup","WA","[PREMIUM]",,"[]",,,"[PREMIUM]"
"86ab5bea-f5b3-47c0-9914-03a99fc8258b","2026-05-06 23:56:44.484","2026-05-06 23:56:44.484","86ab5bea-f5b3-47c0-9914-03a99fc8258b","[PREMIUM]","Used",2020,"Honda","Odyssey","EX-L","[PREMIUM]","[PREMIUM]",88503,"Passenger Van","White","TAN","Rear-wheel Drive",,,"Gasoline",,,"dealership","[PREMIUM]","Hamilton","NJ","[PREMIUM]",,"[]",,,"[PREMIUM]"
"df207f2c-143a-4141-b666-ff042d434b39","2026-05-06 23:56:44.482","2026-05-06 23:56:44.482","df207f2c-143a-4141-b666-ff042d434b39","[PREMIUM]","Used",2020,"Honda","CR-V","Touring","[PREMIUM]","[PREMIUM]",31920,"SUV","Gray","BLACK","4WD",,,"Gas",,,"dealership","[PREMIUM]","Parker","CO","[PREMIUM]",,"[]",,,"[PREMIUM]"
"7e103573-bb58-4978-a829-482d0376a545","2026-05-06 23:56:44.479","2026-05-06 23:56:44.479","7e103573-bb58-4978-a829-482d0376a545","[PREMIUM]","Used",2020,"Cadillac","XT6","Sport","[PREMIUM]","[PREMIUM]",60680,"SUV","Black","BLACK","Four-wheel Drive",,,"Gasoline",,,"dealership","[PREMIUM]","Austin","TX","[PREMIUM]",,"[]",,,"[PREMIUM]"
"edf07d62-3a3c-446d-aa93-643fb3eef8f1","2026-05-06 23:56:44.475","2026-05-09 23:57:09.396","edf07d62-3a3c-446d-aa93-643fb3eef8f1","[PREMIUM]","Used",2020,"Subaru","Ascent","Limited","[PREMIUM]","[PREMIUM]",52238,"SUV","White","TAN","Four-wheel Drive",,,"Gasoline",,,"dealership","[PREMIUM]","Canoga Park","CA","[PREMIUM]",,"[]",,,"[PREMIUM]"
"4d03c26a-cda3-4ec2-ae5a-b693cac851eb","2026-05-06 23:56:44.472","2026-05-06 23:56:44.472","4d03c26a-cda3-4ec2-ae5a-b693cac851eb","[PREMIUM]","Used",2020,"Cadillac","XT6","Sport","[PREMIUM]","[PREMIUM]",52915,"SUV","Black","BLACK","Four-wheel Drive",,,"Gasoline",,,"dealership","[PREMIUM]","San Antonio","TX","[PREMIUM]",,"[]",,,"[PREMIUM]"
"3f73e716-e53a-436c-80cf-a5f11132d9df","2026-05-06 23:56:44.383","2026-05-06 23:56:44.383","3f73e716-e53a-436c-80cf-a5f11132d9df","[PREMIUM]","Used",2020,"Cadillac","XT6","Premium Luxury","[PREMIUM]","[PREMIUM]",48021,"SUV","Silver","TAN","Rear-wheel Drive",,,"Gasoline",,,"dealership","[PREMIUM]","Houston","TX","[PREMIUM]",,"[]",,,"[PREMIUM]"
"8eafdb9b-2f21-4054-a512-6dc45af94cc6","2026-05-06 23:56:44.379","2026-05-06 23:56:44.379","8eafdb9b-2f21-4054-a512-6dc45af94cc6","[PREMIUM]","Used",2020,"Toyota","RAV4 Hybrid","XSE","[PREMIUM]","[PREMIUM]",71235,"SUV","White","BLACK","Four-wheel Drive",,,"Hybrid",,,"dealership","[PREMIUM]","Nashville","TN","[PREMIUM]",,"[]",,,"[PREMIUM]"
"ef7aaf2d-54ce-47ae-b34e-1e61c7e90f45","2026-05-06 23:56:44.368","2026-05-09 23:57:09.677","ef7aaf2d-54ce-47ae-b34e-1e61c7e90f45","[PREMIUM]","Used",2020,"Hyundai","PALISADE","SEL","[PREMIUM]","[PREMIUM]",58330,"SUV","Blue","GRAY","Rear-wheel Drive",,,"Gasoline",,,"dealership","[PREMIUM]","Memphis","TN","[PREMIUM]",,"[]",,,"[PREMIUM]"
"53ebe647-fdce-47d5-9d0b-0532ee9e2584","2026-05-06 23:56:44.364","2026-05-09 23:56:58.678","53ebe647-fdce-47d5-9d0b-0532ee9e2584","[PREMIUM]","Used",2020,"Jeep","Gladiator","Rubicon","[PREMIUM]","[PREMIUM]",46000,"Truck","Black","Black","Four-wheel Drive",,,"Gasoline",,,"private","[PREMIUM]",,,"[PREMIUM]",,"[]",,,"[PREMIUM]"
"43f26814-182e-4b5f-809d-1169242358fc","2026-05-06 23:56:33.860","2026-05-06 23:56:33.860","43f26814-182e-4b5f-809d-1169242358fc","[PREMIUM]","Used",2021,"Honda","Pilot","EX-L","[PREMIUM]","[PREMIUM]",54559,"SUV","Platinum White","Black","FWD",,,"Gasoline",,,"dealership","[PREMIUM]","Rio Piedras","PR","[PREMIUM]",,"[]",,,"[PREMIUM]"
"adcfa3d6-14fd-49d7-8ff5-a6e96b5b4a8c","2026-05-06 23:56:33.859","2026-05-06 23:56:33.859","adcfa3d6-14fd-49d7-8ff5-a6e96b5b4a8c","[PREMIUM]","Used",2021,"Acura","RDX","Technology Package","[PREMIUM]","[PREMIUM]",41481,"SUV","Majestic Black Pearl","Ebony","All-wheel Drive",,,"Gasoline",,,"dealership","[PREMIUM]","Palm Coast","FL","[PREMIUM]",,"[]",,,"[PREMIUM]"
"265f2b57-bb50-4d32-a5cd-bcd4fb341fda","2026-05-06 23:56:33.857","2026-05-06 23:56:33.857","265f2b57-bb50-4d32-a5cd-bcd4fb341fda","[PREMIUM]","Used",2021,"Volvo","XC60","T5 Inscription","[PREMIUM]","[PREMIUM]",55382,"SUV","Crystal White Metallic","Charcoal","All-wheel Drive",,,"Gasoline",,,"dealership","[PREMIUM]","Easton","MA","[PREMIUM]",,"[]",,,"[PREMIUM]"
"b83f97b4-9bc2-45b4-8830-ca2d782ed597","2026-05-06 23:56:33.857","2026-05-06 23:56:33.857","b83f97b4-9bc2-45b4-8830-ca2d782ed597","[PREMIUM]","Used",2021,"Toyota","Tacoma","SR","[PREMIUM]","[PREMIUM]",46140,"Truck","Magnetic Gray Metallic","Cement","Rear-wheel Drive",,,"Gasoline",,,"dealership","[PREMIUM]","Midlothian","VA","[PREMIUM]",,"[]",,,"[PREMIUM]"
"abc88772-284f-4f9e-9ffa-ba360dbb7100","2026-05-06 23:56:33.833","2026-05-06 23:56:33.833","abc88772-284f-4f9e-9ffa-ba360dbb7100","[PREMIUM]","Used",2021,"Toyota","Venza","Limited","[PREMIUM]","[PREMIUM]",58069,"SUV","Blizzard Pearl","Java","AWD",,,"Hybrid",,,"dealership","[PREMIUM]","Rio Piedras","PR","[PREMIUM]",,"[]",,,"[PREMIUM]"
"c7fbbe16-46f5-46b5-9c89-ddb4cd25a00b","2026-05-06 23:56:33.828","2026-05-06 23:56:33.828","c7fbbe16-46f5-46b5-9c89-ddb4cd25a00b","[PREMIUM]","Used",2021,"Chevrolet","Silverado 1500","WT","[PREMIUM]","[PREMIUM]",80003,"Truck","Summit White","BLACK","Four-wheel Drive",,,"Gasoline",,,"dealership","[PREMIUM]","Mansfield","TX","[PREMIUM]",,"[]",,,"[PREMIUM]"
"408e1c82-bf0e-44e2-8e0a-92055a091d7f","2026-05-06 23:56:24.030","2026-05-06 23:56:24.030","408e1c82-bf0e-44e2-8e0a-92055a091d7f","[PREMIUM]","Used",2021,"Kia","Telluride","SX","[PREMIUM]","[PREMIUM]",85748,"SUV","Ebony Black","Black","All-wheel Drive",,,"Gasoline",,,"dealership","[PREMIUM]","Holiday","FL","[PREMIUM]",,"[]",,,"[PREMIUM]"
"2b85a0f9-89aa-43b8-a7c5-e99e082226ce","2026-05-06 23:56:23.996","2026-05-06 23:56:23.996","2b85a0f9-89aa-43b8-a7c5-e99e082226ce","[PREMIUM]","Used",2021,"Toyota","Tacoma","TRD Sport","[PREMIUM]","[PREMIUM]",57345,"Truck","Super White","Cement","Rear-wheel Drive",,,"Gasoline",,,"dealership","[PREMIUM]","Tampa","FL","[PREMIUM]",,"[]",,,"[PREMIUM]"
"7386b355-27a1-4539-a14d-bcff7739dd37","2026-05-06 23:56:23.872","2026-05-06 23:56:23.872","7386b355-27a1-4539-a14d-bcff7739dd37","[PREMIUM]","Used",2021,"RAM","1500","Big Horn/Lone Star","[PREMIUM]","[PREMIUM]",102929,"Truck","Billet Silver Metallic Clearcoat","Diesel Gray/Black","Four-wheel Drive",,,"Gasoline",,,"dealership","[PREMIUM]","Vinita","OK","[PREMIUM]",,"[]",,,"[PREMIUM]"
"6412a036-f5bd-42b8-a527-eb832ddb45ea","2026-05-06 23:56:23.738","2026-05-06 23:56:23.738","6412a036-f5bd-42b8-a527-eb832ddb45ea","[PREMIUM]","Used",2021,"Lexus","RX 350","Base","[PREMIUM]","[PREMIUM]",96108,"SUV","Moonbeam Beige Metallic","Beige","All-wheel Drive",,,"Gasoline",,,"dealership","[PREMIUM]","Easton","MA","[PREMIUM]",,"[]",,,"[PREMIUM]"
"ec9f8474-530b-462f-bf0b-29d777a5fc3d","2026-05-06 23:56:23.591","2026-05-06 23:56:23.591","ec9f8474-530b-462f-bf0b-29d777a5fc3d","[PREMIUM]","Used",2021,"Jeep","Gladiator","Sport S","[PREMIUM]","[PREMIUM]",40149,"Truck","Hydro Blue Pearlcoat","Black","Four-wheel Drive",,,"Gasoline",,,"dealership","[PREMIUM]","Tyngsboro","MA","[PREMIUM]",,"[]",,,"[PREMIUM]"
"33b00df8-d63d-4934-8f1c-d11120884f79","2026-05-06 23:56:23.552","2026-05-09 23:56:48.813","33b00df8-d63d-4934-8f1c-d11120884f79","[PREMIUM]","Used",2021,"Toyota","RAV4","XLE","[PREMIUM]","[PREMIUM]",84700,"SUV","Magnetic Gray Metallic","Black","Front-wheel Drive",,,"Gasoline",,,"dealership","[PREMIUM]","Oakland","CA","[PREMIUM]",,"[]",,,"[PREMIUM]"
"dfae1dc6-16da-404e-b247-cf1a73c9d828","2026-05-06 23:56:23.551","2026-05-09 23:56:59.320","dfae1dc6-16da-404e-b247-cf1a73c9d828","[PREMIUM]","Used",2021,"Toyota","Highlander","XLE","[PREMIUM]","[PREMIUM]",95135,"SUV","Celestial Silver Metallic","Black","All-wheel Drive",,,"Gasoline",,,"dealership","[PREMIUM]","Garland","TX","[PREMIUM]",,"[]",,,"[PREMIUM]"
"bc8e82ac-b9e5-4d6b-be6e-d00275b9cf7d","2026-05-06 23:56:23.540","2026-05-06 23:56:23.540","bc8e82ac-b9e5-4d6b-be6e-d00275b9cf7d","[PREMIUM]","Used",2021,"Chevrolet","Silverado 1500","LT","[PREMIUM]","[PREMIUM]",84353,"Truck","Northsky Blue Metallic","Jet Black","Four-wheel Drive",,,"Gasoline",,,"dealership","[PREMIUM]","Morristown","NJ","[PREMIUM]",,"[]",,,"[PREMIUM]"
"43fad17d-a959-483f-b67a-24aeb7910c1e","2026-05-06 23:56:23.532","2026-05-06 23:56:23.532","43fad17d-a959-483f-b67a-24aeb7910c1e","[PREMIUM]","Used",2021,"Honda","CR-V","EX","[PREMIUM]","[PREMIUM]",19657,"SUV","White","TAN","Four-wheel Drive",,,"Gasoline",,,"dealership","[PREMIUM]","Hamilton","NJ","[PREMIUM]",,"[]",,,"[PREMIUM]"
"dc84da88-e986-41c1-9476-130b37265908","2026-05-06 23:56:23.532","2026-05-06 23:56:23.532","dc84da88-e986-41c1-9476-130b37265908","[PREMIUM]","Used",2021,"GMC","Sierra 1500","Elevation","[PREMIUM]","[PREMIUM]",65111,"Truck","Quicksilver Metallic","Jet Black","Rear-wheel Drive",,,"Gasoline",,,"dealership","[PREMIUM]","Baton Rouge","LA","[PREMIUM]",,"[]",,,"[PREMIUM]"
"31dcc265-0af4-429b-9d6c-cc2c80020484","2026-05-06 23:56:23.530","2026-05-06 23:56:23.530","31dcc265-0af4-429b-9d6c-cc2c80020484","[PREMIUM]","Used",2021,"Tesla","Model Y","Performance Dual Motor All-Wheel Drive","[PREMIUM]","[PREMIUM]",59101,"SUV","Pearl White Multi-Coat","Blk","All-wheel Drive",,,"Electric",,,"dealership","[PREMIUM]","Greensboro","NC","[PREMIUM]",,"[]",,,"[PREMIUM]"
"524d2527-5181-4c62-99f9-aade2f159e7b","2026-05-06 23:56:23.520","2026-05-09 23:56:38.788","524d2527-5181-4c62-99f9-aade2f159e7b","[PREMIUM]","Used",2021,"Toyota","Venza","Limited","[PREMIUM]","[PREMIUM]",68146,"SUV","Blizzard Pearl","Java/Black","All-wheel Drive",,,"Gasoline",,,"dealership","[PREMIUM]","Warrenton","VA","[PREMIUM]",,"[]",,,"[PREMIUM]"
"98719c66-ef21-49f8-bacd-53fd7c41f016","2026-05-06 23:56:23.511","2026-05-09 23:56:38.813","98719c66-ef21-49f8-bacd-53fd7c41f016","[PREMIUM]","Used",2021,"Hyundai","PALISADE","SEL","[PREMIUM]","[PREMIUM]",74126,"SUV","Hyper White","Black","All-wheel Drive",,,"Gasoline",,,"dealership","[PREMIUM]","Independence","MO","[PREMIUM]",,"[]",,,"[PREMIUM]"
"516e4dee-c9e4-46eb-ae4a-3038c5c25d01","2026-05-06 23:56:23.509","2026-05-06 23:56:23.509","516e4dee-c9e4-46eb-ae4a-3038c5c25d01","[PREMIUM]","Used",2021,"Mercedes-Benz","C-Class","C 300 4MATIC","[PREMIUM]","[PREMIUM]",29288,"Sedan","Blue","AMG Black","All-wheel Drive",,,"Gasoline",,,"dealership","[PREMIUM]","Sewickley","PA","[PREMIUM]",,"[]",,,"[PREMIUM]"
"0eaf99d4-4081-4995-8727-764df4903b5d","2026-05-06 23:56:23.497","2026-05-09 23:56:49.115","0eaf99d4-4081-4995-8727-764df4903b5d","[PREMIUM]","Used",2021,"Chevrolet","Camaro","1LT","[PREMIUM]","[PREMIUM]",33480,"Coupe","Black","Jet Black","Rear-wheel Drive",,,"Gasoline",,,"dealership","[PREMIUM]","Acworth","GA","[PREMIUM]",,"[]",,,"[PREMIUM]"
"e1714734-84b0-4289-a36e-09ae9c24913d","2026-05-06 23:56:23.478","2026-05-09 23:56:28.092","e1714734-84b0-4289-a36e-09ae9c24913d","[PREMIUM]","Used",2021,"RAM","ProMaster 2500","High Roof","[PREMIUM]","[PREMIUM]",37450,"Cargo Van","Bright White Clearcoat","Black","Front-wheel Drive",,,"Gasoline",,,"dealership","[PREMIUM]","Sykesville","MD","[PREMIUM]",,"[]",,,"[PREMIUM]"
"82f5fffc-a64a-4053-99a6-b00b11173376","2026-05-06 23:56:13.353","2026-05-09 23:56:28.558","82f5fffc-a64a-4053-99a6-b00b11173376","[PREMIUM]","Used",2021,"Mercedes-Benz","GLB 250","4MATIC","[PREMIUM]","[PREMIUM]",50627,"SUV","Polar White","Macchiato Beige","All-wheel Drive",,,"Gasoline",,,"dealership","[PREMIUM]","Rosedale","MD","[PREMIUM]",,"[]",,,"[PREMIUM]"
"e1cc6a70-11a9-4519-912a-ad73fa2f3170","2026-05-06 23:56:12.986","2026-05-09 23:56:38.814","e1cc6a70-11a9-4519-912a-ad73fa2f3170","[PREMIUM]","Used",2021,"Volvo","XC60","T6 Inscription","[PREMIUM]","[PREMIUM]",48829,"SUV","Bright Silver Metallic","Blond","All-wheel Drive",,,"Gasoline",,,"dealership","[PREMIUM]","Hyannis","MA","[PREMIUM]",,"[]",,,"[PREMIUM]"
"d0281541-9357-4ece-8049-4deee06aaf09","2026-05-06 23:56:12.977","2026-05-09 23:56:28.135","d0281541-9357-4ece-8049-4deee06aaf09","[PREMIUM]","Used",2021,"Toyota","Sienna","Platinum 7 Passenger","[PREMIUM]","[PREMIUM]",181585,"Passenger Van","Predawn Gray Mica","Noble Brown","Front-wheel Drive",,,"Gasoline",,,"dealership","[PREMIUM]","Oklahoma City","OK","[PREMIUM]",,"[]",,,"[PREMIUM]"
"fdeade5a-aa11-4b75-8355-f527a17caedb","2026-05-06 23:56:12.972","2026-05-06 23:56:12.972","fdeade5a-aa11-4b75-8355-f527a17caedb","[PREMIUM]","Used",2021,"Honda","Accord Hybrid","EX","[PREMIUM]","[PREMIUM]",50477,"Sedan","Gray","Black","Front-wheel Drive",,,"Hybrid",,,"dealership","[PREMIUM]","Redlands","CA","[PREMIUM]",,"[]",,,"[PREMIUM]"
"80b5403d-76a9-48b2-9aca-7b362911312b","2026-05-06 23:56:12.971","2026-05-06 23:56:12.971","80b5403d-76a9-48b2-9aca-7b362911312b","[PREMIUM]","Used",2021,"Honda","CR-V","AWD Touring","[PREMIUM]","[PREMIUM]",36326,"SUV","Radiant Red Metallic","Gray","All-wheel Drive",,,"Gasoline",,,"dealership","[PREMIUM]","Flemington","NJ","[PREMIUM]",,"[]",,,"[PREMIUM]"
"590bdfc4-4fad-4d72-9b42-c0e0e9e10326","2026-05-06 23:56:12.952","2026-05-06 23:56:12.952","590bdfc4-4fad-4d72-9b42-c0e0e9e10326","[PREMIUM]","Used",2021,"Lexus","ES 250","Base","[PREMIUM]","[PREMIUM]",99084,"Sedan","Caviar","Black w/Linear Espresso Wood Trim","All-wheel Drive",,,"Gasoline",,,"dealership","[PREMIUM]","Fayetteville","AR","[PREMIUM]",,"[]",,,"[PREMIUM]"
"473e9cfd-23e8-48dc-bf85-070350364851","2026-05-06 23:56:12.940","2026-05-06 23:56:12.940","473e9cfd-23e8-48dc-bf85-070350364851","[PREMIUM]","Used",2021,"Lincoln","Corsair","Reserve","[PREMIUM]","[PREMIUM]",37419,"SUV","Pristine White","Sandstone","All-wheel Drive",,,"Gasoline",,,"dealership","[PREMIUM]","Cedar Rapids","IA","[PREMIUM]",,"[]",,,"[PREMIUM]"
"1216105a-41af-484f-995f-52465e32aceb","2026-05-06 23:56:02.656","2026-05-06 23:56:02.656","1216105a-41af-484f-995f-52465e32aceb","[PREMIUM]","Used",2021,"Honda","Civic","Sport","[PREMIUM]","[PREMIUM]",27767,"Hatchback","Platinum White Pearl","Black","Front-wheel Drive",,,"Gasoline",,,"dealership","[PREMIUM]","Honolulu","HI","[PREMIUM]",,"[]",,,"[PREMIUM]"
"1f980525-047b-43ad-927a-3f365dcc5c76","2026-05-06 23:56:02.650","2026-05-09 23:56:18.409","1f980525-047b-43ad-927a-3f365dcc5c76","[PREMIUM]","Used",2021,"Volvo","XC90","T6 Momentum","[PREMIUM]","[PREMIUM]",71572,"SUV","Gray","BLACK","Four-wheel Drive",,,"Gasoline",,,"dealership","[PREMIUM]","Rochester","NY","[PREMIUM]",,"[]",,,"[PREMIUM]"
"036b4ccf-b2f2-4b9b-a0e0-96ce74964f48","2026-05-06 23:56:02.642","2026-05-06 23:56:02.642","036b4ccf-b2f2-4b9b-a0e0-96ce74964f48","[PREMIUM]","Used",2021,"INFINITI","Q50","3.0t RED SPORT 400","[PREMIUM]","[PREMIUM]",74097,"Sedan","Graphite Shadow","Graphite","All-wheel Drive",,,"Gasoline",,,"dealership","[PREMIUM]","LaGrange","GA","[PREMIUM]",,"[]",,,"[PREMIUM]"
"bf06b965-9db5-4701-846b-a0fd16db5c75","2026-05-06 23:55:52.486","2026-05-06 23:55:52.486","bf06b965-9db5-4701-846b-a0fd16db5c75","[PREMIUM]","Used",2021,"Toyota","Camry","SE","[PREMIUM]","[PREMIUM]",9136,"Sedan","Silver","BLACK","Rear-wheel Drive",,,"Gasoline",,,"dealership","[PREMIUM]","Doral","FL","[PREMIUM]",,"[]",,,"[PREMIUM]"
"98b9b7ae-c1ca-4898-b23a-a2175569770a","2026-05-06 23:55:52.420","2026-05-06 23:55:52.420","98b9b7ae-c1ca-4898-b23a-a2175569770a","[PREMIUM]","Used",2021,"Audi","S4","3.0T Premium","[PREMIUM]","[PREMIUM]",84635,"Sedan","Gray","Magma Red","All-wheel Drive",,,"Gasoline",,,"dealership","[PREMIUM]","Preston","ID","[PREMIUM]",,"[]",,,"[PREMIUM]"
"c1da7583-3503-46d5-89ef-46c3beec7882","2026-05-06 23:55:42.756","2026-05-09 23:55:57.697","c1da7583-3503-46d5-89ef-46c3beec7882","[PREMIUM]","Used",2021,"Acura","RDX","SH-AWD Technology","[PREMIUM]","[PREMIUM]",49111,"SUV","Red","TAN","Four-wheel Drive",,,"Gasoline",,,"dealership","[PREMIUM]","Las Vegas","NV","[PREMIUM]",,"[]",,,"[PREMIUM]"
"cde2a67b-fe3e-4623-ac12-84c4010c9b01","2026-05-06 23:55:42.747","2026-05-06 23:55:42.747","cde2a67b-fe3e-4623-ac12-84c4010c9b01","[PREMIUM]","Used",2021,"Toyota","Camry","XSE","[PREMIUM]","[PREMIUM]",73551,"Sedan","Gray","BLACK","Rear-wheel Drive",,,"Gasoline",,,"dealership","[PREMIUM]","Memphis","TN","[PREMIUM]",,"[]",,,"[PREMIUM]"
"7270158d-f338-4758-b274-c191680aef29","2026-05-06 23:55:42.738","2026-05-09 23:55:57.691","7270158d-f338-4758-b274-c191680aef29","[PREMIUM]","Used",2021,"Subaru","Forester","Sport","[PREMIUM]","[PREMIUM]",43054,"SUV","Black","BLACK","Four-wheel Drive",,,"Gasoline",,,"dealership","[PREMIUM]","Akron","OH","[PREMIUM]",,"[]",,,"[PREMIUM]"
"ab8c0d29-8af6-4ceb-bab0-ec1ec3b453a3","2026-05-06 23:55:42.491","2026-05-09 23:55:57.664","ab8c0d29-8af6-4ceb-bab0-ec1ec3b453a3","[PREMIUM]","Used",2021,"Jeep","Wrangler Unlimited 4xe","Unlimited Sahara High Altitude","[PREMIUM]","[PREMIUM]",44298,"SUV","Black","CREAM","Four-wheel Drive",,,"Plug-In Hybrid",,,"dealership","[PREMIUM]","Tinley Park","IL","[PREMIUM]",,"[]",,,"[PREMIUM]"
"393559bf-ac8c-462e-922e-12f1016d59c7","2026-05-06 23:55:42.418","2026-05-09 23:55:57.868","393559bf-ac8c-462e-922e-12f1016d59c7","[PREMIUM]","Used",2021,"Chrysler","Pacifica Hybrid","Limited","[PREMIUM]","[PREMIUM]",40018,"Passenger Van","Black","GRAY","Rear-wheel Drive",,,"Plug-In Hybrid",,,"dealership","[PREMIUM]","Gainesville","GA","[PREMIUM]",,"[]",,,"[PREMIUM]"
"d66659fc-df69-4e8b-b80f-ad5cd277c397","2026-05-06 23:55:42.416","2026-05-06 23:55:42.416","d66659fc-df69-4e8b-b80f-ad5cd277c397","[PREMIUM]","Used",2021,"Chevrolet","Silverado 1500","Custom","[PREMIUM]","[PREMIUM]",43132,"Truck","Silver","BLACK","2WD",,,"Gas",,,"dealership","[PREMIUM]","Pharr","TX","[PREMIUM]",,"[]",,,"[PREMIUM]"
"94bea7db-e661-4e91-8a6f-fe0cde29d85c","2026-05-06 23:55:42.375","2026-05-06 23:55:42.375","94bea7db-e661-4e91-8a6f-fe0cde29d85c","[PREMIUM]","Used",2021,"Audi","Q5","Premium Plus","[PREMIUM]","[PREMIUM]",20307,"SUV","White","BLACK","Four-wheel Drive",,,"Gasoline",,,"dealership","[PREMIUM]","Hickory","NC","[PREMIUM]",,"[]",,,"[PREMIUM]"
"74a0812c-f749-445f-9efe-b9477e96677d","2026-05-06 23:55:42.365","2026-05-06 23:55:42.365","74a0812c-f749-445f-9efe-b9477e96677d","[PREMIUM]","Used",2021,"Jeep","Grand Cherokee L","Limited","[PREMIUM]","[PREMIUM]",54828,"SUV","Baltic Gray Metallic Clearcoat","Global Black","Four-wheel Drive",,,"Gasoline",,,"dealership","[PREMIUM]","Preston","ID","[PREMIUM]",,"[]",,,"[PREMIUM]"
"9f2b8cbc-c594-4b79-87d5-18e5ead3ab8d","2026-05-06 23:55:42.315","2026-05-06 23:55:42.315","9f2b8cbc-c594-4b79-87d5-18e5ead3ab8d","[PREMIUM]","Used",2021,"BMW","330e",,"[PREMIUM]","[PREMIUM]",35025,"Sedan","Gray","BLACK","Rear-wheel Drive",,,"Plug-In Hybrid",,,"dealership","[PREMIUM]","Colma","CA","[PREMIUM]",,"[]",,,"[PREMIUM]"
"2908dac2-c140-4cc2-bd1a-21d9cd62638b","2026-05-06 23:55:32.066","2026-05-09 23:55:58.204","2908dac2-c140-4cc2-bd1a-21d9cd62638b","[PREMIUM]","Used",2021,"Toyota","RAV4","XLE Premium","[PREMIUM]","[PREMIUM]",37039,"SUV","Gray","BLACK","Rear-wheel Drive",,,"Gasoline",,,"dealership","[PREMIUM]","Richmond","TX","[PREMIUM]",,"[]",,,"[PREMIUM]"
"72432da8-c802-4198-9046-44c06220363a","2026-05-06 23:55:31.998","2026-05-06 23:55:31.998","72432da8-c802-4198-9046-44c06220363a","[PREMIUM]","Used",2021,"Tesla","Model Y","Long Range","[PREMIUM]","[PREMIUM]",43900,"SUV","Gray","BLACK","Four-wheel Drive",,,"Electric",,,"dealership","[PREMIUM]","Westborough","MA","[PREMIUM]",,"[]",,,"[PREMIUM]"
"f426f91b-962b-4349-ae99-d04080deb2c4","2026-05-06 23:55:31.991","2026-05-06 23:55:31.991","f426f91b-962b-4349-ae99-d04080deb2c4","[PREMIUM]","Used",2021,"GMC","Sierra 1500",,"[PREMIUM]","[PREMIUM]",51441,"Truck","Blue","BLACK","Four-wheel Drive",,,"Gasoline",,,"dealership","[PREMIUM]","Norcross","GA","[PREMIUM]",,"[]",,,"[PREMIUM]"
"866a1e4b-875e-4997-b402-f59771b745db","2026-05-06 23:55:31.988","2026-05-06 23:55:31.988","866a1e4b-875e-4997-b402-f59771b745db","[PREMIUM]","Used",2021,"Ford","Bronco","Badlands","[PREMIUM]","[PREMIUM]",121208,"SUV","Blue","BLACK","Four-wheel Drive",,,"Gasoline",,,"dealership","[PREMIUM]","Austin","TX","[PREMIUM]",,"[]",,,"[PREMIUM]"
"43ebec41-d71b-4c0c-963b-046f3896bb3a","2026-05-06 23:55:31.980","2026-05-06 23:55:31.980","43ebec41-d71b-4c0c-963b-046f3896bb3a","[PREMIUM]","Used",2021,"Volkswagen","Atlas","SEL Premium","[PREMIUM]","[PREMIUM]",51184,"SUV","Green","BROWN","Four-wheel Drive",,,"Gasoline",,,"dealership","[PREMIUM]","Newark","DE","[PREMIUM]",,"[]",,,"[PREMIUM]"
"1b7f7884-37bc-403e-89cd-deddf39b97cc","2026-05-06 23:55:31.965","2026-05-12 23:56:19.084","1b7f7884-37bc-403e-89cd-deddf39b97cc","[PREMIUM]","Used",2021,"Toyota","Tacoma","SR5","[PREMIUM]","[PREMIUM]",64041,"Truck","Silver","GRAY","Rear-wheel Drive",,,"Gasoline",,,"dealership","[PREMIUM]","Duarte","CA","[PREMIUM]",,"[]",,,"[PREMIUM]"
"e4da7064-5717-4175-942c-3489b62363fb","2026-05-06 23:55:31.961","2026-05-06 23:55:31.961","e4da7064-5717-4175-942c-3489b62363fb","[PREMIUM]","Used",2021,"Mazda","CX-9","Grand Touring","[PREMIUM]","[PREMIUM]",32411,"SUV","White","BLACK","4WD",,,"Gas",,,"dealership","[PREMIUM]","Duarte","CA","[PREMIUM]",,"[]",,,"[PREMIUM]"
"b2916f50-cef0-4363-ac80-8547d8b736f6","2026-05-06 23:55:31.953","2026-05-06 23:55:31.953","b2916f50-cef0-4363-ac80-8547d8b736f6","[PREMIUM]","Used",2021,"BMW","X3","XDrive30i","[PREMIUM]","[PREMIUM]",34259,"SUV","Blue","TAN","4WD",,,"Gas",,,"dealership","[PREMIUM]","Norwood","MA","[PREMIUM]",,"[]",,,"[PREMIUM]"
"093677dc-90ea-477f-96ee-073b0331b7f6","2026-05-06 23:55:12.087","2026-05-06 23:55:12.087","093677dc-90ea-477f-96ee-073b0331b7f6","[PREMIUM]","Used",2022,"Lincoln","Corsair","Reserve","[PREMIUM]","[PREMIUM]",45864,"SUV","Infinite Black Metallic Clearcoat","Sandstone","All-wheel Drive",,,"Gasoline",,,"dealership","[PREMIUM]","Grand Ledge","MI","[PREMIUM]",,"[]",,,"[PREMIUM]"
"f8c726d6-cae5-453c-b345-9afee3b09678","2026-05-06 23:55:12.043","2026-05-06 23:55:12.043","f8c726d6-cae5-453c-b345-9afee3b09678","[PREMIUM]","Used",2022,"Honda","CR-V","AWD EX","[PREMIUM]","[PREMIUM]",50712,"SUV","Platinum White Pearl","Ivory","All-wheel Drive",,,"Gasoline",,,"dealership","[PREMIUM]","Clearwater","FL","[PREMIUM]",,"[]",,,"[PREMIUM]"
"8d0198a1-ccc7-4441-a20c-c70c48747183","2026-05-06 23:55:11.788","2026-05-06 23:55:11.788","8d0198a1-ccc7-4441-a20c-c70c48747183","[PREMIUM]","Used",2022,"Audi","Q3","45 S line Premium","[PREMIUM]","[PREMIUM]",44147,"SUV","Mythos Black Metallic",,"All-wheel Drive",,,"Gasoline",,,"dealership","[PREMIUM]","Raleigh","NC","[PREMIUM]",,"[]",,,"[PREMIUM]"
"6dd140ad-729d-4b42-9e22-3ec77426d640","2026-05-06 23:55:11.782","2026-05-09 23:55:17.124","6dd140ad-729d-4b42-9e22-3ec77426d640","[PREMIUM]","Used",2022,"Honda","CR-V","AWD EX","[PREMIUM]","[PREMIUM]",38500,"SUV","Silver",,"All-wheel Drive",,,"Gasoline",,,"dealership","[PREMIUM]","Albany","CA","[PREMIUM]",,"[]",,,"[PREMIUM]"
"c0ae5a4e-de67-4fcf-95c9-0597e608e48d","2026-05-06 23:55:11.780","2026-05-06 23:55:11.780","c0ae5a4e-de67-4fcf-95c9-0597e608e48d","[PREMIUM]","Used",2022,"Hyundai","SANTA CRUZ","2.5L SEL","[PREMIUM]","[PREMIUM]",39310,"Truck","Phantom Black","Black","FWD",,,"Gasoline",,,"dealership","[PREMIUM]","Rio Piedras","PR","[PREMIUM]",,"[]",,,"[PREMIUM]"
"68ad0c16-680f-42d8-aea2-561fb524a77c","2026-05-06 23:55:11.768","2026-05-06 23:55:11.768","68ad0c16-680f-42d8-aea2-561fb524a77c","[PREMIUM]","Used",2022,"Honda","Passport","EX-L","[PREMIUM]","[PREMIUM]",54675,"SUV","Platinum White Pearl","Black","FWD",,,"Gasoline",,,"dealership","[PREMIUM]","Rio Piedras","PR","[PREMIUM]",,"[]",,,"[PREMIUM]"
"51dacd1d-0d56-479e-97ba-46055ef886f3","2026-05-06 23:55:11.758","2026-05-06 23:55:11.758","51dacd1d-0d56-479e-97ba-46055ef886f3","[PREMIUM]","Used",2022,"Ford","Explorer","XLT","[PREMIUM]","[PREMIUM]",60055,"SUV","Star White","Ebony","Four-wheel Drive",,,"Gasoline",,,"dealership","[PREMIUM]","Matteson","IL","[PREMIUM]",,"[]",,,"[PREMIUM]"
"24b44648-dbf6-45c6-930d-d7a0f005502c","2026-05-06 23:55:11.737","2026-05-06 23:55:11.737","24b44648-dbf6-45c6-930d-d7a0f005502c","[PREMIUM]","Used",2022,"Honda","Civic","LX","[PREMIUM]","[PREMIUM]",30873,"Sedan","Gray","Black","FWD",,,"Gasoline",,,"dealership","[PREMIUM]","Rio Piedras","PR","[PREMIUM]",,"[]",,,"[PREMIUM]"
"83b71e0c-0fde-49a2-98cb-436067b0abec","2026-05-06 23:55:11.735","2026-05-06 23:55:11.735","83b71e0c-0fde-49a2-98cb-436067b0abec","[PREMIUM]","Used",2022,"Ford","Edge","Titanium","[PREMIUM]","[PREMIUM]",29727,"SUV","Gray Metallic","Ebony","All-wheel Drive",,,"Gasoline",,,"dealership","[PREMIUM]","Muskegon","MI","[PREMIUM]",,"[]",,,"[PREMIUM]"
"a4eef854-2e2e-4d8b-963e-cff42d3cb9d6","2026-05-06 23:55:11.724","2026-05-06 23:55:11.724","a4eef854-2e2e-4d8b-963e-cff42d3cb9d6","[PREMIUM]","Used",2022,"Volkswagen","Jetta GLI","2.0T Autobahn","[PREMIUM]","[PREMIUM]",35803,"Sedan","Deep Black Pearl","Titan Black","Front-wheel Drive",,,"Gasoline",,,"dealership","[PREMIUM]","Miami","FL","[PREMIUM]",,"[]",,,"[PREMIUM]"
"58857a30-846f-4d1d-a734-afe4d4afe62e","2026-05-06 23:55:11.721","2026-05-09 23:55:16.032","58857a30-846f-4d1d-a734-afe4d4afe62e","[PREMIUM]","Used",2022,"Honda","CR-V","EX-L","[PREMIUM]","[PREMIUM]",10216,"SUV","Gray","Black","Front-wheel Drive",,,"Gasoline",,,"dealership","[PREMIUM]","Rio Piedras","PR","[PREMIUM]",,"[]",,,"[PREMIUM]"
"81832dbc-80ec-4b01-8c17-d2ea8700e97a","2026-05-06 23:55:11.719","2026-05-06 23:55:11.719","81832dbc-80ec-4b01-8c17-d2ea8700e97a","[PREMIUM]","Used",2022,"Tesla","Model Y","Performance Dual Motor All-Wheel Drive","[PREMIUM]","[PREMIUM]",95949,"SUV","Solid Black","Black","All-wheel Drive",,,"Electric",,,"dealership","[PREMIUM]","Tomball","TX","[PREMIUM]",,"[]",,,"[PREMIUM]"
"43c93862-a867-45fc-a365-c1f535757c49","2026-05-06 23:55:11.716","2026-05-06 23:55:11.716","43c93862-a867-45fc-a365-c1f535757c49","[PREMIUM]","Used",2022,"Tesla","Model 3","Performance","[PREMIUM]","[PREMIUM]",63290,"Sedan","Pearl White Multi-Coat","Black","All-wheel Drive",,,"Electric",,,"dealership","[PREMIUM]","Sunnyvale","CA","[PREMIUM]",,"[]",,,"[PREMIUM]"
"b9796a57-01ac-4c77-b0a5-1723c861b3cf","2026-05-06 23:55:11.710","2026-05-06 23:55:11.710","b9796a57-01ac-4c77-b0a5-1723c861b3cf","[PREMIUM]","Used",2022,"Honda","Accord","LX 1.5T","[PREMIUM]","[PREMIUM]",32407,"Sedan","Modern Steel Metallic","Black","FWD",,,"Gasoline",,,"dealership","[PREMIUM]","Rio Piedras","PR","[PREMIUM]",,"[]",,,"[PREMIUM]"
"20449856-b4b5-40b8-9b53-2f2677cb974e","2026-05-06 23:55:11.674","2026-05-06 23:55:11.674","20449856-b4b5-40b8-9b53-2f2677cb974e","[PREMIUM]","Used",2022,"Chrysler","Pacifica","Touring L","[PREMIUM]","[PREMIUM]",50151,"Minivan","Granite Crystal Metallic Clearcoat","Black","Front-wheel Drive",,,"Gasoline",,,"dealership","[PREMIUM]","Santa Fe","NM","[PREMIUM]",,"[]",,,"[PREMIUM]"
"6162feef-8dba-480f-b562-e617b7b434c6","2026-05-06 23:55:11.674","2026-05-09 23:55:15.993","6162feef-8dba-480f-b562-e617b7b434c6","[PREMIUM]","Used",2022,"Kia","Sorento Hybrid","S","[PREMIUM]","[PREMIUM]",58120,"SUV","Runway Red","Black","Front-wheel Drive",,,"Hybrid",,,"dealership","[PREMIUM]","Columbia","SC","[PREMIUM]",,"[]",,,"[PREMIUM]"
"0a3d5d6f-e010-4f37-98ee-f62d4a762386","2026-05-06 23:55:01.610","2026-05-06 23:55:01.610","0a3d5d6f-e010-4f37-98ee-f62d4a762386","[PREMIUM]","Used",2022,"Nissan","Frontier","S","[PREMIUM]","[PREMIUM]",48125,"Truck","Gun Metallic","Charcoal","Four-wheel Drive",,,"Gasoline",,,"dealership","[PREMIUM]","Muskegon","MI","[PREMIUM]",,"[]",,,"[PREMIUM]"
"8bf960c2-8068-4e7c-b597-535b919b0cf6","2026-05-06 23:55:01.591","2026-05-06 23:55:01.591","8bf960c2-8068-4e7c-b597-535b919b0cf6","[PREMIUM]","Used",2022,"Mercedes-Benz","GLC 300",,"[PREMIUM]","[PREMIUM]",40886,"SUV","White","TAN","Four-wheel Drive",,,"Gasoline",,,"dealership","[PREMIUM]","Irving","TX","[PREMIUM]",,"[]",,,"[PREMIUM]"
"346fae9d-6456-4e2e-844c-1a85584bf6c8","2026-05-06 23:55:01.319","2026-05-06 23:55:01.319","346fae9d-6456-4e2e-844c-1a85584bf6c8","[PREMIUM]","Used",2022,"GMC","Terrain","SLT","[PREMIUM]","[PREMIUM]",34969,"SUV","Ebony Twilight Metallic","Jet Black","All-wheel Drive",,,"Gasoline",,,"dealership","[PREMIUM]","Mankato","MN","[PREMIUM]",,"[]",,,"[PREMIUM]"
"b473400c-6cea-4b41-b723-d1ba0d2f7e25","2026-05-06 23:55:01.314","2026-05-09 23:55:16.964","b473400c-6cea-4b41-b723-d1ba0d2f7e25","[PREMIUM]","Used",2022,"Nissan","Rogue","SL","[PREMIUM]","[PREMIUM]",27181,"SUV","Boulder Gray Pearl","Charcoal","Front-wheel Drive",,,"Gasoline",,,"dealership","[PREMIUM]","Orlando","FL","[PREMIUM]",,"[]",,,"[PREMIUM]"
"8aecfa51-4bd9-47d5-a10a-d27dbba0b959","2026-05-06 23:55:01.307","2026-05-06 23:55:01.307","8aecfa51-4bd9-47d5-a10a-d27dbba0b959","[PREMIUM]","Used",2022,"Honda","Civic","Sport","[PREMIUM]","[PREMIUM]",22708,"Sedan","Lunar Silver Metallic","Black","Front-wheel Drive",,,"Gasoline",,,"dealership","[PREMIUM]","Los Angeles","CA","[PREMIUM]",,"[]",,,"[PREMIUM]"
"120fe2f3-38fe-41a8-b06f-34d856c80db1","2026-05-06 23:55:01.292","2026-05-09 23:55:26.444","120fe2f3-38fe-41a8-b06f-34d856c80db1","[PREMIUM]","Used",2022,"Kia","Sorento","SX Prestige","[PREMIUM]","[PREMIUM]",62010,"SUV","Aruba Green","Black","All-wheel Drive",,,"Gasoline",,,"dealership","[PREMIUM]","North Dartmouth","MA","[PREMIUM]",,"[]",,,"[PREMIUM]"
"5d98fb84-dfdf-4f4b-83cf-eee170c8597e","2026-05-06 23:55:01.273","2026-05-09 23:55:16.397","5d98fb84-dfdf-4f4b-83cf-eee170c8597e","[PREMIUM]","Used",2022,"Jeep","Wrangler Unlimited","Sahara","[PREMIUM]","[PREMIUM]",58502,"SUV","Sting-Grey","Black","Four-wheel Drive",,,"Gasoline",,,"dealership","[PREMIUM]","Perrysburg","OH","[PREMIUM]",,"[]",,,"[PREMIUM]"
"3ef13647-fffa-4080-b43f-eee715931ffc","2026-05-06 23:55:01.257","2026-05-09 23:55:17.063","3ef13647-fffa-4080-b43f-eee715931ffc","[PREMIUM]","Used",2022,"Kia","Sorento","SX","[PREMIUM]","[PREMIUM]",44047,"SUV","Glacial White Pearl","Black","All-wheel Drive",,,"Gasoline",,,"dealership","[PREMIUM]","Las Vegas","NV","[PREMIUM]",,"[]",,,"[PREMIUM]"
"000b4b21-8799-49b4-87ab-0edc3f0a2720","2026-05-06 23:55:01.245","2026-05-06 23:55:01.245","000b4b21-8799-49b4-87ab-0edc3f0a2720","[PREMIUM]","Used",2022,"Honda","Accord","Sport 1.5T","[PREMIUM]","[PREMIUM]",46668,"Sedan","Black Metallic","Black","Front-wheel Drive",,,"Gasoline",,,"dealership","[PREMIUM]","Orange","CA","[PREMIUM]",,"[]",,,"[PREMIUM]"
"12af4e58-f857-4afe-8de5-caf5d0b31b36","2026-05-06 23:55:01.242","2026-05-09 23:55:26.257","12af4e58-f857-4afe-8de5-caf5d0b31b36","[PREMIUM]","Used",2022,"Audi","Q5","45 S line Premium","[PREMIUM]","[PREMIUM]",35562,"SUV","Florett Silver Metallic","Rock Gray","All-wheel Drive",,,"Gasoline",,,"dealership","[PREMIUM]","Cary","NC","[PREMIUM]",,"[]",,,"[PREMIUM]"
"04212256-2947-4eb4-9d62-2b74d60fdc0a","2026-05-06 23:55:01.223","2026-05-06 23:55:01.223","04212256-2947-4eb4-9d62-2b74d60fdc0a","[PREMIUM]","Used",2022,"Subaru","Forester","Limited","[PREMIUM]","[PREMIUM]",38915,"SUV","Black","BLACK","Four-wheel Drive",,,"Gasoline",,,"dealership","[PREMIUM]","Woodbridge","VA","[PREMIUM]",,"[]",,,"[PREMIUM]"
"e349f488-854f-4e56-895d-2dbaea931070","2026-05-06 23:55:01.211","2026-05-06 23:55:01.211","e349f488-854f-4e56-895d-2dbaea931070","[PREMIUM]","Used",2022,"Jeep","Wrangler Unlimited 4xe","Rubicon","[PREMIUM]","[PREMIUM]",32370,"SUV","Bright White Clearcoat","Black","Four-wheel Drive",,,"Gasoline",,,"dealership","[PREMIUM]","Battle Creek","MI","[PREMIUM]",,"[]",,,"[PREMIUM]"
"b1aa2a44-568b-43e7-b786-59ef81987cd6","2026-05-06 23:55:01.201","2026-05-06 23:55:01.201","b1aa2a44-568b-43e7-b786-59ef81987cd6","[PREMIUM]","Used",2022,"INFINITI","QX50","ESSENTIAL AWD","[PREMIUM]","[PREMIUM]",32259,"SUV","Graphite Shadow","Graphite","All-wheel Drive",,,"Gasoline",,,"dealership","[PREMIUM]","Manassas","VA","[PREMIUM]",,"[]",,,"[PREMIUM]"
"d5946a8e-539d-44bc-9ab2-e76270d7e42e","2026-05-06 23:55:01.195","2026-05-06 23:55:01.195","d5946a8e-539d-44bc-9ab2-e76270d7e42e","[PREMIUM]","Used",2022,"RAM","ProMaster 2500","High Roof","[PREMIUM]","[PREMIUM]",76350,"Cargo Van","Bright White Clearcoat","Black","Front-wheel Drive",,,"Gasoline",,,"dealership","[PREMIUM]","Phoenix","AZ","[PREMIUM]",,"[]",,,"[PREMIUM]"
"27def9d5-43be-43f7-b77f-8f7b81a3bf67","2026-05-06 23:54:50.692","2026-05-12 23:55:08.249","27def9d5-43be-43f7-b77f-8f7b81a3bf67","[PREMIUM]","Used",2022,"Subaru","Outback","Limited","[PREMIUM]","[PREMIUM]",53911,"SUV","Crystal White Pearl","Warm Ivory","All-wheel Drive",,,"Gasoline",,,"dealership","[PREMIUM]","Tempe","AZ","[PREMIUM]",,"[]",,,"[PREMIUM]"
"2bf59c74-784e-49f4-8376-46c6a294b667","2026-05-06 23:54:50.654","2026-05-06 23:54:50.654","2bf59c74-784e-49f4-8376-46c6a294b667","[PREMIUM]","Used",2022,"Mazda","CX-9","Grand Touring","[PREMIUM]","[PREMIUM]",69023,"SUV","Machine Gray Metallic","Black","All-wheel Drive",,,"Gasoline",,,"dealership","[PREMIUM]","Sioux Falls","SD","[PREMIUM]",,"[]",,,"[PREMIUM]"
"a10cb249-0356-49b5-a9e3-a90d8d479ee3","2026-05-06 23:54:50.629","2026-05-09 23:55:05.668","a10cb249-0356-49b5-a9e3-a90d8d479ee3","[PREMIUM]","Used",2022,"Dodge","Charger","GT","[PREMIUM]","[PREMIUM]",42373,"Sedan","Pitch Black Clearcoat","Black","Rear-wheel Drive",,,"Gasoline",,,"dealership","[PREMIUM]","Bartlesville","OK","[PREMIUM]",,"[]",,,"[PREMIUM]"
"1e599a2e-53a8-48e1-b003-cefa6061d81f","2026-05-06 23:54:50.587","2026-05-09 23:55:06.268","1e599a2e-53a8-48e1-b003-cefa6061d81f","[PREMIUM]","Used",2022,"Subaru","Forester","Limited","[PREMIUM]","[PREMIUM]",59801,"SUV","Brown","Black",,,,,,,"dealership","[PREMIUM]","Orchard Park","NY","[PREMIUM]",,"[]",,,"[PREMIUM]"
"923be83f-7d62-4a80-92a1-8ce94b547724","2026-05-06 23:54:50.585","2026-05-06 23:54:50.585","923be83f-7d62-4a80-92a1-8ce94b547724","[PREMIUM]","Used",2022,"Ford","F-150",,"[PREMIUM]","[PREMIUM]",47002,"Truck","Oxford White","Black W/Medium Dark Slate","Rear-wheel Drive",,,"Gasoline",,,"dealership","[PREMIUM]","Santa Clara","CA","[PREMIUM]",,"[]",,,"[PREMIUM]"
"bbc9d6da-5f12-42f2-83ba-f21828411dc2","2026-05-06 23:54:50.579","2026-05-06 23:54:50.579","bbc9d6da-5f12-42f2-83ba-f21828411dc2","[PREMIUM]","Used",2022,"Chrysler","Pacifica","Touring L","[PREMIUM]","[PREMIUM]",42348,"Minivan","Black","BLACK","2WD",,,"Gas",,,"dealership","[PREMIUM]","Charlottesville","VA","[PREMIUM]",,"[]",,,"[PREMIUM]"
"7976a54c-b37f-483d-a790-84c12b19a525","2026-05-06 23:54:50.573","2026-05-09 23:55:05.539","7976a54c-b37f-483d-a790-84c12b19a525","[PREMIUM]","Used",2022,"Ford","F-250","XL","[PREMIUM]","[PREMIUM]",112660,"Truck","White","Gray","Four-wheel Drive",,,"Gasoline",,,"dealership","[PREMIUM]","Englewood","CO","[PREMIUM]",,"[]",,,"[PREMIUM]"
"c8e5125c-602c-4038-8483-4203428776aa","2026-05-06 23:54:50.565","2026-05-06 23:54:50.565","c8e5125c-602c-4038-8483-4203428776aa","[PREMIUM]","Used",2022,"Toyota","Highlander","LE","[PREMIUM]","[PREMIUM]",88646,"SUV","Wind Chill Pearl","Graphite","All-wheel Drive",,,"Gasoline",,,"dealership","[PREMIUM]","Sacramento","CA","[PREMIUM]",,"[]",,,"[PREMIUM]"
"961edf0a-1415-4d34-b467-bc337b1c776d","2026-05-06 23:54:50.553","2026-05-09 23:55:05.718","961edf0a-1415-4d34-b467-bc337b1c776d","[PREMIUM]","Used",2022,"Mercedes-Benz","GLB 250","Base","[PREMIUM]","[PREMIUM]",61707,"SUV","Black",,"Front-wheel Drive",,,"Gasoline",,,"dealership","[PREMIUM]","Gilbert","AZ","[PREMIUM]",,"[]",,,"[PREMIUM]"
"e3b55ce5-ae0b-4f87-99e6-e48283220109","2026-05-06 23:54:50.550","2026-05-06 23:54:50.550","e3b55ce5-ae0b-4f87-99e6-e48283220109","[PREMIUM]","Used",2022,"Kia","Sorento","X-Line S","[PREMIUM]","[PREMIUM]",45008,"SUV","Silver","GRAY","Four-wheel Drive",,,"Gasoline",,,"dealership","[PREMIUM]","Knoxville","TN","[PREMIUM]",,"[]",,,"[PREMIUM]"
"2bd5e598-4b30-497c-a22c-6c5d7bcaa17b","2026-05-06 23:54:50.549","2026-05-09 23:55:06.217","2bd5e598-4b30-497c-a22c-6c5d7bcaa17b","[PREMIUM]","Used",2022,"Mercedes-Benz","GLC 300",,"[PREMIUM]","[PREMIUM]",34362,"SUV","Gray","BLACK","Four-wheel Drive",,,"Gasoline",,,"dealership","[PREMIUM]","Augusta","GA","[PREMIUM]",,"[]",,,"[PREMIUM]"
"44b17971-f88b-4d3b-8178-f9c6c9771dd9","2026-05-06 23:54:50.542","2026-05-06 23:54:50.542","44b17971-f88b-4d3b-8178-f9c6c9771dd9","[PREMIUM]","Used",2022,"Audi","A5 Sportback","Premium Plus","[PREMIUM]","[PREMIUM]",50831,"Hatchback","Gray","BLACK","Four-wheel Drive",,,"Gasoline",,,"dealership","[PREMIUM]","Katy","TX","[PREMIUM]",,"[]",,,"[PREMIUM]"
"b13f33fe-6041-4773-bc5f-a1aba03a1706","2026-05-06 23:54:50.524","2026-05-12 23:55:08.224","b13f33fe-6041-4773-bc5f-a1aba03a1706","[PREMIUM]","Used",2022,"Audi","e-tron","Premium","[PREMIUM]","[PREMIUM]",24994,"SUV","Gray","Black","All-wheel Drive",,,"Electric",,,"dealership","[PREMIUM]","Bellevue","WA","[PREMIUM]",,"[]",,,"[PREMIUM]"
"96d063e8-7358-4b9b-885c-ae42d9424c5a","2026-05-06 23:54:40.505","2026-05-09 23:54:55.742","96d063e8-7358-4b9b-885c-ae42d9424c5a","[PREMIUM]","Used",2022,"BMW","X3","sDrive30i","[PREMIUM]","[PREMIUM]",50322,"SUV","Black","BLACK","Rear-wheel Drive",,,"Gasoline",,,"dealership","[PREMIUM]","Akron","OH","[PREMIUM]",,"[]",,,"[PREMIUM]"
"36858055-7657-4899-950d-be5394441797","2026-05-06 23:54:40.347","2026-05-06 23:54:40.347","36858055-7657-4899-950d-be5394441797","[PREMIUM]","Used",2022,"Tesla","Model Y","Long Range","[PREMIUM]","[PREMIUM]",59089,"SUV","White","BLACK","Four-wheel Drive",,,"Electric",,,"dealership","[PREMIUM]","Milwaukie","OR","[PREMIUM]",,"[]",,,"[PREMIUM]"
"50fc7a9a-bf3c-4cc2-9254-ba98c4f00dcd","2026-05-06 23:54:40.321","2026-05-09 23:54:55.402","50fc7a9a-bf3c-4cc2-9254-ba98c4f00dcd","[PREMIUM]","Used",2022,"Volvo","XC60","B5 Inscription","[PREMIUM]","[PREMIUM]",35941,"SUV","Brown","BLACK","Rear-wheel Drive",,,"Gasoline",,,"dealership","[PREMIUM]","Jensen Beach","FL","[PREMIUM]",,"[]",,,"[PREMIUM]"
"5c026c16-056b-4173-9e24-7184e937fcb3","2026-05-06 23:54:40.319","2026-05-06 23:54:40.319","5c026c16-056b-4173-9e24-7184e937fcb3","[PREMIUM]","Used",2022,"Jeep","Wrangler Unlimited 4xe","Unlimited Sahara","[PREMIUM]","[PREMIUM]",57937,"SUV","Burgundy","BLACK","Four-wheel Drive",,,"Plug-In Hybrid",,,"dealership","[PREMIUM]","Austin","TX","[PREMIUM]",,"[]",,,"[PREMIUM]"
"dcf745e1-4612-4bbf-890a-8755ad32f76c","2026-05-06 23:54:40.271","2026-05-09 23:54:55.678","dcf745e1-4612-4bbf-890a-8755ad32f76c","[PREMIUM]","Used",2022,"Dodge","Durango","GT Plus","[PREMIUM]","[PREMIUM]",53267,"SUV","Black","BLACK","Four-wheel Drive",,,"Gasoline",,,"dealership","[PREMIUM]","Fresno","CA","[PREMIUM]",,"[]",,,"[PREMIUM]"
"70dbddd7-c0a8-466a-ae27-54b50812d1cd","2026-05-06 23:54:40.222","2026-05-06 23:54:40.222","70dbddd7-c0a8-466a-ae27-54b50812d1cd","[PREMIUM]","Used",2022,"Toyota","Prius","XLE","[PREMIUM]","[PREMIUM]",31708,"Hatchback","Silver","BLACK","2WD",,,"Hybrid",,,"dealership","[PREMIUM]","Palmdale","CA","[PREMIUM]",,"[]",,,"[PREMIUM]"
"057441ee-ada0-4ca0-93e7-164a7c2d6434","2026-05-06 23:54:40.221","2026-05-06 23:54:40.221","057441ee-ada0-4ca0-93e7-164a7c2d6434","[PREMIUM]","Used",2022,"Mercedes-Benz","GLB 250",,"[PREMIUM]","[PREMIUM]",40696,"SUV","Blue","TAN","Four-wheel Drive",,,"Gasoline",,,"dealership","[PREMIUM]","Winston-Salem","NC","[PREMIUM]",,"[]",,,"[PREMIUM]"
"3614699d-867b-4e4f-8bed-166800dfb28d","2026-05-06 23:54:40.209","2026-05-06 23:54:40.209","3614699d-867b-4e4f-8bed-166800dfb28d","[PREMIUM]","Used",2022,"Kia","Sorento","SX Prestige","[PREMIUM]","[PREMIUM]",36513,"SUV","Gray","BLACK","Rear-wheel Drive",,,"Gasoline",,,"dealership","[PREMIUM]","Kennesaw","GA","[PREMIUM]",,"[]",,,"[PREMIUM]"
"fec88cd0-42a4-4f02-87a2-76defbb0f430","2026-05-06 23:54:40.191","2026-05-09 23:54:55.731","fec88cd0-42a4-4f02-87a2-76defbb0f430","[PREMIUM]","Used",2022,"Volkswagen","Tiguan","SEL R-Line","[PREMIUM]","[PREMIUM]",34657,"SUV","Blue","BLACK","Four-wheel Drive",,,"Gasoline",,,"dealership","[PREMIUM]","Jacksonville","NC","[PREMIUM]",,"[]",,,"[PREMIUM]"
"858171b7-56e5-4d4f-a855-86c95d5b5e25","2026-05-06 23:54:40.187","2026-05-09 23:54:55.247","858171b7-56e5-4d4f-a855-86c95d5b5e25","[PREMIUM]","Used",2022,"Jeep","Grand Cherokee","Limited","[PREMIUM]","[PREMIUM]",34201,"SUV","White","BLACK","Rear-wheel Drive",,,"Gasoline",,,"dealership","[PREMIUM]","Las Vegas","NV","[PREMIUM]",,"[]",,,"[PREMIUM]"
"fedd5343-d677-453e-b45c-208c02094ca6","2026-05-06 23:54:40.185","2026-05-06 23:54:40.185","fedd5343-d677-453e-b45c-208c02094ca6","[PREMIUM]","Used",2022,"Chevrolet","Silverado 1500","Custom","[PREMIUM]","[PREMIUM]",59669,"Truck","Gray","BLACK","Rear-wheel Drive",,,"Gasoline",,,"dealership","[PREMIUM]","Ocala","FL","[PREMIUM]",,"[]",,,"[PREMIUM]"
"0228f874-4b38-4a1a-8027-7914ad76944c","2026-05-06 23:54:40.181","2026-05-06 23:54:40.181","0228f874-4b38-4a1a-8027-7914ad76944c","[PREMIUM]","Used",2022,"Subaru","Forester","Limited","[PREMIUM]","[PREMIUM]",13900,"SUV","Crystal White Pearl","Black",,,,,,,"dealership","[PREMIUM]","Old Bridge Township","NJ","[PREMIUM]",,"[]",,,"[PREMIUM]"
"901b555d-9b16-4929-a6b9-0ccd70b393f3","2026-05-06 23:54:40.178","2026-05-06 23:54:40.178","901b555d-9b16-4929-a6b9-0ccd70b393f3","[PREMIUM]","Used",2022,"Jeep","Compass","High Altitude","[PREMIUM]","[PREMIUM]",13032,"SUV","White","BLACK","Four-wheel Drive",,,"Gasoline",,,"dealership","[PREMIUM]","Plainfield","IL","[PREMIUM]",,"[]",,,"[PREMIUM]"
"ba4a0a43-4f01-4d04-a0af-7129b66ad93e","2026-05-06 23:54:40.176","2026-05-06 23:54:40.176","ba4a0a43-4f01-4d04-a0af-7129b66ad93e","[PREMIUM]","Used",2022,"Kia","K5","GT-Line","[PREMIUM]","[PREMIUM]",32796,"Sedan","Black","RED","Rear-wheel Drive",,,"Gasoline",,,"dealership","[PREMIUM]","West Carrollton","OH","[PREMIUM]",,"[]",,,"[PREMIUM]"
"28e746b5-4053-45d9-babf-517bfab0d8ba","2026-05-06 23:54:40.170","2026-05-06 23:54:40.170","28e746b5-4053-45d9-babf-517bfab0d8ba","[PREMIUM]","Used",2022,"Honda","CR-V","EX","[PREMIUM]","[PREMIUM]",59955,"SUV","Silver","GRAY","Four-wheel Drive",,,"Gasoline",,,"dealership","[PREMIUM]","Chattanooga","TN","[PREMIUM]",,"[]",,,"[PREMIUM]"
"2bd7a0d6-016f-48b0-a147-01dbfcf71b03","2026-05-06 23:54:40.170","2026-05-06 23:54:40.170","2bd7a0d6-016f-48b0-a147-01dbfcf71b03","[PREMIUM]","Used",2022,"Mazda","CX-9","Touring","[PREMIUM]","[PREMIUM]",26367,"SUV","Silver","BLACK","Four-wheel Drive",,,"Gasoline",,,"dealership","[PREMIUM]","Austin","TX","[PREMIUM]",,"[]",,,"[PREMIUM]"
"9e2a3733-8cad-40d4-b127-4ef6ff3a6c49","2026-05-06 23:54:40.170","2026-05-06 23:54:40.170","9e2a3733-8cad-40d4-b127-4ef6ff3a6c49","[PREMIUM]","Used",2022,"Audi","A3","Premium","[PREMIUM]","[PREMIUM]",25655,"Sedan","Black","BLACK","Four-wheel Drive",,,"Gasoline",,,"dealership","[PREMIUM]","Victorville","CA","[PREMIUM]",,"[]",,,"[PREMIUM]"
"6720cc54-15bd-4b09-81da-4c900cccd094","2026-05-06 23:54:40.169","2026-05-06 23:54:40.169","6720cc54-15bd-4b09-81da-4c900cccd094","[PREMIUM]","Used",2022,"Toyota","Camry","SE","[PREMIUM]","[PREMIUM]",22194,"Sedan","Black","BLACK","Rear-wheel Drive",,,"Gasoline",,,"dealership","[PREMIUM]","Las Vegas","NV","[PREMIUM]",,"[]",,,"[PREMIUM]"
"5142f7fc-5652-4492-87d6-71d291aebdab","2026-05-06 23:54:40.166","2026-05-06 23:54:40.166","5142f7fc-5652-4492-87d6-71d291aebdab","[PREMIUM]","Used",2022,"Toyota","RAV4","LE","[PREMIUM]","[PREMIUM]",2550,"SUV","Silver","BLACK","Four-wheel Drive",,,"Gasoline",,,"dealership","[PREMIUM]","Hartford","CT","[PREMIUM]",,"[]",,,"[PREMIUM]"
"31ca06a3-5499-4838-ad3c-244b908388d9","2026-05-06 23:54:40.137","2026-05-06 23:54:40.137","31ca06a3-5499-4838-ad3c-244b908388d9","[PREMIUM]","Used",2022,"Ford","Explorer","XLT","[PREMIUM]","[PREMIUM]",30345,"SUV","White","BLACK","Four-wheel Drive",,,"Gasoline",,,"dealership","[PREMIUM]","Roanoke","VA","[PREMIUM]",,"[]",,,"[PREMIUM]"
"4ee7d8f9-6677-4dd4-9da4-2bcac72d6800","2026-05-06 23:54:09.906","2026-05-06 23:54:09.906","4ee7d8f9-6677-4dd4-9da4-2bcac72d6800","[PREMIUM]","Used",2023,"Ford","Edge","SE","[PREMIUM]","[PREMIUM]",26079,"SUV","Atlas Blue","Ebony","All-wheel Drive",,,"Gasoline",,,"dealership","[PREMIUM]","Youngstown","OH","[PREMIUM]",,"[]",,,"[PREMIUM]"
"e65c65d1-bd3e-4e9d-bab4-7a19b9cddc03","2026-05-06 23:54:09.657","2026-05-09 23:54:14.321","e65c65d1-bd3e-4e9d-bab4-7a19b9cddc03","[PREMIUM]","Used",2023,"Dodge","Durango","SXT","[PREMIUM]","[PREMIUM]",67188,"SUV","Destroyer Gray Clearcoat","Black","All-wheel Drive",,,"Gasoline",,,"dealership","[PREMIUM]","Bountiful","UT","[PREMIUM]",,"[]",,,"[PREMIUM]"
"5416e7c1-e91f-4e4e-9b3b-07149c4a3391","2026-05-06 23:54:09.650","2026-05-09 23:54:24.176","5416e7c1-e91f-4e4e-9b3b-07149c4a3391","[PREMIUM]","Used",2023,"GMC","Terrain","AT4","[PREMIUM]","[PREMIUM]",49015,"SUV","Summit White","Black","All-wheel Drive",,,"Gasoline",,,"dealership","[PREMIUM]","Farmville","NC","[PREMIUM]",,"[]",,,"[PREMIUM]"
"e74794b8-d217-4dce-9355-6a3146cefc30","2026-05-06 23:54:09.608","2026-05-06 23:54:09.608","e74794b8-d217-4dce-9355-6a3146cefc30","[PREMIUM]","Used",2023,"Mazda","CX-5","2.5 S Premium Plus Package","[PREMIUM]","[PREMIUM]",17864,"SUV","Rhodium White Metallic","Black","All-wheel Drive",,,"Gasoline",,,"dealership","[PREMIUM]","Green Brook Township","NJ","[PREMIUM]",,"[]",,,"[PREMIUM]"
"dfb8043f-ade5-4563-87eb-3ac673ece5f7","2026-05-06 23:54:09.591","2026-05-09 23:54:24.940","dfb8043f-ade5-4563-87eb-3ac673ece5f7","[PREMIUM]","Used",2023,"Kia","Sportage","SX","[PREMIUM]","[PREMIUM]",24817,"SUV","Sapphire Blue / Blue","Black","Front-wheel Drive",,,"Gasoline",,,"dealership","[PREMIUM]","Wood River","IL","[PREMIUM]",,"[]",,,"[PREMIUM]"
"a7ae100f-0d56-4383-a677-9c5b653d564a","2026-05-06 23:54:09.508","2026-05-09 23:54:24.523","a7ae100f-0d56-4383-a677-9c5b653d564a","[PREMIUM]","Used",2023,"RAM","ProMaster 1500","Base","[PREMIUM]","[PREMIUM]",13516,"Cargo Van","Bright White Clearcoat","Black","Front-wheel Drive",,,"Gasoline",,,"dealership","[PREMIUM]","Portland","OR","[PREMIUM]",,"[]",,,"[PREMIUM]"
"131e4304-38c4-4c69-bf16-64f237750145","2026-05-06 23:53:59.659","2026-05-06 23:53:59.659","131e4304-38c4-4c69-bf16-64f237750145","[PREMIUM]","Used",2023,"Honda","HR-V","LX","[PREMIUM]","[PREMIUM]",20258,"SUV","Platinum White Pearl","Black","FWD",,,"Gasoline",,,"dealership","[PREMIUM]","Rio Piedras","PR","[PREMIUM]",,"[]",,,"[PREMIUM]"
"64c4e212-b9f1-4ec3-af66-ea82243e9f7a","2026-05-06 23:53:59.340","2026-05-09 23:54:13.927","64c4e212-b9f1-4ec3-af66-ea82243e9f7a","[PREMIUM]","Used",2023,"Honda","HR-V","EX-L","[PREMIUM]","[PREMIUM]",53134,"SUV","Crystal Black Pearl","Black","Front-wheel Drive",,,"Gasoline",,,"dealership","[PREMIUM]","Rio Piedras","PR","[PREMIUM]",,"[]",,,"[PREMIUM]"
"c5024d80-510d-4a7b-ba33-e8342c272915","2026-05-06 23:53:39.279","2026-05-06 23:53:39.279","c5024d80-510d-4a7b-ba33-e8342c272915","[PREMIUM]","Used",2023,"Chevrolet","Traverse","LS","[PREMIUM]","[PREMIUM]",35841,"SUV","Summit White","Jet Black/Chai","All-wheel Drive",,,"Gasoline",,,"dealership","[PREMIUM]","Roslyn","NY","[PREMIUM]",,"[]",,,"[PREMIUM]"
"668825eb-b5dc-467f-8dcb-7fb04319e1bb","2026-05-06 23:53:18.999","2026-05-09 23:53:33.023","668825eb-b5dc-467f-8dcb-7fb04319e1bb","[PREMIUM]","Used",2023,"Chevrolet","Equinox","FWD RS","[PREMIUM]","[PREMIUM]",27028,"SUV","Mosaic Black Metallic","Jet Black","Front-wheel Drive",,,"Gasoline",,,"dealership","[PREMIUM]","Cincinnati","OH","[PREMIUM]",,"[]",,,"[PREMIUM]"
"3ae68ad7-7fb1-482a-8b4c-1f677e8cc1f6","2026-05-06 23:53:18.986","2026-05-09 23:53:33.575","3ae68ad7-7fb1-482a-8b4c-1f677e8cc1f6","[PREMIUM]","Used",2023,"Kia","Sorento","SX","[PREMIUM]","[PREMIUM]",65819,"SUV","Wolf Gray","Black","Front-wheel Drive",,,"Gasoline",,,"dealership","[PREMIUM]","Shelbyville","IN","[PREMIUM]",,"[]",,,"[PREMIUM]"
"db60096e-4f5e-4ae0-abf6-1384ceb21955","2026-05-06 23:53:18.957","2026-05-09 23:53:33.844","db60096e-4f5e-4ae0-abf6-1384ceb21955","[PREMIUM]","Used",2023,"Nissan","Pathfinder","SL FWD","[PREMIUM]","[PREMIUM]",66157,"SUV","Super Black","Charcoal","Front-wheel Drive",,,"Gasoline",,,"dealership","[PREMIUM]","Tyler","TX","[PREMIUM]",,"[]",,,"[PREMIUM]"
"bbcc4f83-2bca-478d-9366-44ed9c430932","2026-05-06 23:52:59.122","2026-05-09 23:53:11.852","bbcc4f83-2bca-478d-9366-44ed9c430932","[PREMIUM]","Used",2023,"Ford","Mustang","EcoBoost Premium","[PREMIUM]","[PREMIUM]",24154,"Coupe","CARBONIZED GRAY METALLIC","EBONY ACTIVEX POWER SEATS","Rear-wheel Drive",,,"Gasoline",,,"dealership","[PREMIUM]","Palmetto Bay","FL","[PREMIUM]",,"[]",,,"[PREMIUM]"
"9dd680ec-cf85-4d37-88f0-46ce985a74fa","2026-05-06 23:52:38.686","2026-05-06 23:52:38.686","9dd680ec-cf85-4d37-88f0-46ce985a74fa","[PREMIUM]","Used",2023,"Subaru","Crosstrek","Sport","[PREMIUM]","[PREMIUM]",30917,"SUV","Cool-Gray Khaki","Gray w/Yellow Stitching","All-wheel Drive",,,"Gasoline",,,"dealership","[PREMIUM]","Johnson City","TN","[PREMIUM]",,"[]",,,"[PREMIUM]"
"393319e1-3912-48b2-a350-0d3cc2871f9d","2026-05-06 23:52:38.647","2026-05-06 23:52:38.647","393319e1-3912-48b2-a350-0d3cc2871f9d","[PREMIUM]","Used",2023,"Chevrolet","Blazer","2LT","[PREMIUM]","[PREMIUM]",31754,"SUV","Sterling Gray Metallic","Jet Black","Front-wheel Drive",,,"Gasoline",,,"dealership","[PREMIUM]","Huntsville","AL","[PREMIUM]",,"[]",,,"[PREMIUM]"
"cf558e95-e988-4187-ac2a-1eb641902be1","2026-05-06 23:52:38.621","2026-05-06 23:52:38.621","cf558e95-e988-4187-ac2a-1eb641902be1","[PREMIUM]","Used",2023,"Volvo","XC40 Recharge Pure Electric","Plus","[PREMIUM]","[PREMIUM]",33965,"SUV","Thunder Grey Metallic","Charcoal","All-wheel Drive",,,"Electric",,,"dealership","[PREMIUM]","Richmond","VA","[PREMIUM]",,"[]",,,"[PREMIUM]"
"6c1267d3-b93c-4607-8301-ffeb8b8e4f84","2026-05-06 23:52:28.676","2026-05-06 23:52:28.676","6c1267d3-b93c-4607-8301-ffeb8b8e4f84","[PREMIUM]","Used",2023,"Nissan","Rogue","SV","[PREMIUM]","[PREMIUM]",7852,"SUV","Super Black","Charcoal","Front-wheel Drive",,,"Gasoline",,,"dealership","[PREMIUM]","Leesburg","GA","[PREMIUM]",,"[]",,,"[PREMIUM]"
"7672208c-23f8-4d7c-a90e-8b67a7fb40d6","2026-05-06 23:52:28.625","2026-05-06 23:52:28.625","7672208c-23f8-4d7c-a90e-8b67a7fb40d6","[PREMIUM]","Used",2023,"Hyundai","SONATA","Limited","[PREMIUM]","[PREMIUM]",10911,"Sedan","Portofino Gray","Dark Gray/Camel","Front-wheel Drive",,,"Gasoline",,,"dealership","[PREMIUM]","Venice","FL","[PREMIUM]",,"[]",,,"[PREMIUM]"
"06319c0a-bbb1-43c1-8d97-23e12cdb99cb","2026-05-06 23:52:28.581","2026-05-06 23:52:28.581","06319c0a-bbb1-43c1-8d97-23e12cdb99cb","[PREMIUM]","Used",2023,"Jeep","Grand Cherokee 4xe","Base","[PREMIUM]","[PREMIUM]",28868,"SUV","Bright White Clearcoat","Global Black","Four-wheel Drive",,,"Gasoline",,,"dealership","[PREMIUM]","Rosedale","MD","[PREMIUM]",,"[]",,,"[PREMIUM]"
"39f6a71d-2f43-4444-99cc-4bc37eed054a","2026-05-06 23:52:28.577","2026-05-06 23:52:28.577","39f6a71d-2f43-4444-99cc-4bc37eed054a","[PREMIUM]","Used",2023,"Hyundai","Santa Fe Plug-In Hybrid","Limited","[PREMIUM]","[PREMIUM]",55266,"SUV","Portofino Gray","Black","All-wheel Drive",,,"Hybrid",,,"dealership","[PREMIUM]","Rosedale","MD","[PREMIUM]",,"[]",,,"[PREMIUM]"
"acc336fc-ffdf-446d-8558-6b049b73d2c3","2026-05-06 23:52:28.555","2026-05-06 23:52:28.555","acc336fc-ffdf-446d-8558-6b049b73d2c3","[PREMIUM]","Used",2023,"Nissan","Rogue","Platinum","[PREMIUM]","[PREMIUM]",65610,"SUV","Boulder Gray","Charcoal","All-wheel Drive",,,"Gasoline",,,"dealership","[PREMIUM]","Centennial","CO","[PREMIUM]",,"[]",,,"[PREMIUM]"
"291d5b7b-76a5-4a20-92fe-204ea1e3d741","2026-05-06 23:52:18.428","2026-05-09 23:52:30.980","291d5b7b-76a5-4a20-92fe-204ea1e3d741","[PREMIUM]","Used",2023,"Ford","Mustang Mach-E","Premium","[PREMIUM]","[PREMIUM]",38424,"SUV","Shadow Black","Light Space Gray","All-wheel Drive",,,"Electric",,,"dealership","[PREMIUM]","Lowell","MI","[PREMIUM]",,"[]",,,"[PREMIUM]"
"bf46da7c-3e93-4b9b-b734-86732c2dc067","2026-05-06 23:52:18.224","2026-05-06 23:52:18.224","bf46da7c-3e93-4b9b-b734-86732c2dc067","[PREMIUM]","Used",2023,"Nissan","Rogue","SV","[PREMIUM]","[PREMIUM]",4093,"SUV","Pearl White Tricoat","Charcoal","All-wheel Drive",,,"Gasoline",,,"dealership","[PREMIUM]","Hainesport","NJ","[PREMIUM]",,"[]",,,"[PREMIUM]"
"f2b05f4f-291e-4eb8-8c68-903a5d565d36","2026-05-06 23:51:48.090","2026-05-06 23:51:48.090","f2b05f4f-291e-4eb8-8c68-903a5d565d36","[PREMIUM]","Used",2023,"Subaru","Outback","Premium","[PREMIUM]","[PREMIUM]",43823,"SUV","Autumn Green Metallic","Black","All-wheel Drive",,,"Gasoline",,,"dealership","[PREMIUM]","Westerville","OH","[PREMIUM]",,"[]",,,"[PREMIUM]"
"87aff009-0ca2-41a5-8c69-11eb8945c92a","2026-05-06 23:51:07.954","2026-05-09 23:51:20.505","87aff009-0ca2-41a5-8c69-11eb8945c92a","[PREMIUM]","Used",2023,"Subaru","Forester","Premium","[PREMIUM]","[PREMIUM]",15046,"SUV","Horizon Blue Pearl","Gray",,,,,,,"dealership","[PREMIUM]","Old Bridge Township","NJ","[PREMIUM]",,"[]",,,"[PREMIUM]"
"9816da62-b5d6-402f-af97-3c6e973c0e50","2026-05-06 23:50:57.820","2026-05-09 23:51:10.758","9816da62-b5d6-402f-af97-3c6e973c0e50","[PREMIUM]","Used",2023,"Cadillac","XT4","Luxury","[PREMIUM]","[PREMIUM]",24195,"SUV","White","BLACK","Four-wheel Drive",,,"Gasoline",,,"dealership","[PREMIUM]","Sicklerville","NJ","[PREMIUM]",,"[]",,,"[PREMIUM]"
"1bb00c4e-e968-4659-8749-2e0159c92981","2026-05-06 23:50:57.799","2026-05-06 23:50:57.799","1bb00c4e-e968-4659-8749-2e0159c92981","[PREMIUM]","Used",2023,"Jeep","Grand Cherokee","Limited","[PREMIUM]","[PREMIUM]",35464,"SUV","Black","TAN","Four-wheel Drive",,,"Gasoline",,,"dealership","[PREMIUM]","Jacksonville","FL","[PREMIUM]",,"[]",,,"[PREMIUM]"
"180232bd-8127-4005-933e-f2a7be732ebf","2026-05-06 23:50:57.796","2026-05-09 23:51:20.429","180232bd-8127-4005-933e-f2a7be732ebf","[PREMIUM]","Used",2023,"Tesla","Model 3",,"[PREMIUM]","[PREMIUM]",25838,"Sedan","Red","BLACK","Rear-wheel Drive",,,"Electric",,,"dealership","[PREMIUM]","Columbia","SC","[PREMIUM]",,"[]",,,"[PREMIUM]"
"f49fd97f-2093-4754-b778-ab3e73c402d0","2026-05-06 23:50:57.777","2026-05-06 23:50:57.777","f49fd97f-2093-4754-b778-ab3e73c402d0","[PREMIUM]","Used",2023,"Chrysler","Pacifica","Touring L","[PREMIUM]","[PREMIUM]",55117,"Minivan","Black","BLACK","2WD",,,"Gas",,,"dealership","[PREMIUM]","Charlottesville","VA","[PREMIUM]",,"[]",,,"[PREMIUM]"
"92dc7c47-defa-4ed0-a4b8-fab7c045a280","2026-05-06 23:50:57.772","2026-05-06 23:50:57.772","92dc7c47-defa-4ed0-a4b8-fab7c045a280","[PREMIUM]","Used",2023,"Volkswagen","Atlas","SE w/Tech","[PREMIUM]","[PREMIUM]",53639,"SUV","Silver","GRAY","Rear-wheel Drive",,,"Gasoline",,,"dealership","[PREMIUM]","Charleston","SC","[PREMIUM]",,"[]",,,"[PREMIUM]"
"7c2e6f3f-9d55-40a2-86a1-d841a46e0a77","2026-05-06 23:50:47.668","2026-05-06 23:50:47.668","7c2e6f3f-9d55-40a2-86a1-d841a46e0a77","[PREMIUM]","Used",2023,"Chrysler","Pacifica Hybrid","Touring L","[PREMIUM]","[PREMIUM]",54959,"Passenger Van","Silver","BLACK","Rear-wheel Drive",,,"Plug-In Hybrid",,,"dealership","[PREMIUM]","Tolleson","AZ","[PREMIUM]",,"[]",,,"[PREMIUM]"
"6d690674-f2a0-4e71-a437-6876cbd0d299","2026-05-06 23:50:47.652","2026-05-06 23:50:47.652","6d690674-f2a0-4e71-a437-6876cbd0d299","[PREMIUM]","Used",2023,"Chrysler","Pacifica","Touring L","[PREMIUM]","[PREMIUM]",46448,"Passenger Van","Gray","BLACK","Rear-wheel Drive",,,"Gasoline",,,"dealership","[PREMIUM]","MERIDIAN","ID","[PREMIUM]",,"[]",,,"[PREMIUM]"
"e65f4ba9-d802-4585-8b81-c9d9406ee6a5","2026-05-06 23:50:47.618","2026-05-06 23:50:47.618","e65f4ba9-d802-4585-8b81-c9d9406ee6a5","[PREMIUM]","Used",2023,"Toyota","Camry","SE","[PREMIUM]","[PREMIUM]",10102,"Sedan","Ice Cap","Ash","All-wheel Drive",,,"Gasoline",,,"dealership","[PREMIUM]","Hempstead","NY","[PREMIUM]",,"[]",,,"[PREMIUM]"
"2788955b-ddfc-4d00-a5c4-8c5a8e3ed9ed","2026-05-06 23:50:47.595","2026-05-06 23:50:47.595","2788955b-ddfc-4d00-a5c4-8c5a8e3ed9ed","[PREMIUM]","Used",2023,"Kia","Sorento Hybrid","EX","[PREMIUM]","[PREMIUM]",47820,"SUV","White",,"Four-wheel Drive",,,"Hybrid",,,"dealership","[PREMIUM]","Indianapolis","IN","[PREMIUM]",,"[]",,,"[PREMIUM]"
"4aea40cc-d38e-4905-a168-280b6324fe46","2026-05-06 23:50:47.578","2026-05-06 23:50:47.578","4aea40cc-d38e-4905-a168-280b6324fe46","[PREMIUM]","Used",2023,"Chrysler","Pacifica","Limited","[PREMIUM]","[PREMIUM]",39328,"Passenger Van","Black","BLACK","Rear-wheel Drive",,,"Gasoline",,,"dealership","[PREMIUM]","San Diego","CA","[PREMIUM]",,"[]",,,"[PREMIUM]"
"88cc1972-6f0c-4b08-9760-f5009d0c4745","2026-05-06 23:50:47.570","2026-05-06 23:50:47.570","88cc1972-6f0c-4b08-9760-f5009d0c4745","[PREMIUM]","Used",2023,"Tesla","Model 3",,"[PREMIUM]","[PREMIUM]",57215,"Sedan","Blue","BLACK","Rear-wheel Drive",,,"Electric",,,"dealership","[PREMIUM]","Austin","TX","[PREMIUM]",,"[]",,,"[PREMIUM]"
"fc63591a-66ce-42c6-8241-983f0b92db44","2026-05-06 23:50:47.555","2026-05-06 23:50:47.555","fc63591a-66ce-42c6-8241-983f0b92db44","[PREMIUM]","Used",2023,"Kia","Niro Plug-In Hybrid","EX","[PREMIUM]","[PREMIUM]",34465,"SUV","Black","BLACK","Rear-wheel Drive",,,"Plug-In Hybrid",,,"dealership","[PREMIUM]","Sterling","VA","[PREMIUM]",,"[]",,,"[PREMIUM]"
"ec0931e7-2660-42ce-9f40-8d6a5faa7706","2026-05-06 23:50:37.407","2026-05-09 23:51:00.402","ec0931e7-2660-42ce-9f40-8d6a5faa7706","[PREMIUM]","Used",2023,"Subaru","Outback","Touring XT","[PREMIUM]","[PREMIUM]",41835,"SUV","Blue","BROWN","Four-wheel Drive",,,"Gasoline",,,"dealership","[PREMIUM]","Ocala","FL","[PREMIUM]",,"[]",,,"[PREMIUM]"
"08103a89-5c96-4f2e-a1e9-39525f73e9a8","2026-05-06 23:50:37.350","2026-05-09 23:50:50.469","08103a89-5c96-4f2e-a1e9-39525f73e9a8","[PREMIUM]","Used",2023,"Tesla","Model 3",,"[PREMIUM]","[PREMIUM]",21900,"Sedan","Gray","WHITE","Rear-wheel Drive",,,"Electric",,,"dealership","[PREMIUM]","Fairfield","CA","[PREMIUM]",,"[]",,,"[PREMIUM]"
"5ac00f04-cafd-4622-9bb1-e89ab5e8f46b","2026-05-06 23:50:37.319","2026-05-09 23:50:50.635","5ac00f04-cafd-4622-9bb1-e89ab5e8f46b","[PREMIUM]","Used",2023,"Subaru","Outback","Limited","[PREMIUM]","[PREMIUM]",42251,"SUV","Silver","BLACK","Four-wheel Drive",,,"Gasoline",,,"dealership","[PREMIUM]","Beaverton","OR","[PREMIUM]",,"[]",,,"[PREMIUM]"
"89236dbc-10f0-47fd-bf31-3a26c38d3bcb","2026-05-06 23:50:17.078","2026-05-06 23:50:17.078","89236dbc-10f0-47fd-bf31-3a26c38d3bcb","[PREMIUM]","Used",2024,"GMC","Terrain","SLT","[PREMIUM]","[PREMIUM]",49182,"SUV","Sterling Metallic","Jet Black","All-wheel Drive",,,"Gasoline",,,"dealership","[PREMIUM]","Corpus Christi","TX","[PREMIUM]",,"[]",,,"[PREMIUM]"
"53c3c341-9a60-4766-a879-deb3bd484647","2026-05-06 23:50:17.064","2026-05-09 23:50:30.027","53c3c341-9a60-4766-a879-deb3bd484647","[PREMIUM]","Used",2024,"Mitsubishi","Outlander","SEL 2.5 S-AWC","[PREMIUM]","[PREMIUM]",14246,"SUV","Mercury Gray Metallic","Light Gray","All-wheel Drive",,,"Gasoline",,,"dealership","[PREMIUM]","Washington Township","NJ","[PREMIUM]",,"[]",,,"[PREMIUM]"
"4acab9d8-cd68-4d56-8a06-62fbb348f862","2026-05-06 23:50:17.031","2026-05-06 23:50:17.031","4acab9d8-cd68-4d56-8a06-62fbb348f862","[PREMIUM]","Used",2024,"Toyota","bZ4X","XLE","[PREMIUM]","[PREMIUM]",7347,"SUV","Supersonic Red","Black","Front-wheel Drive",,,"Electric",,,"dealership","[PREMIUM]","Grand Prairie","TX","[PREMIUM]",,"[]",,,"[PREMIUM]"
"b44c033e-f6a0-4da7-9cf7-0ffa71b2cdf1","2026-05-06 23:50:17.020","2026-05-09 23:50:29.723","b44c033e-f6a0-4da7-9cf7-0ffa71b2cdf1","[PREMIUM]","Used",2024,"Hyundai","SANTA FE","SEL 2.4","[PREMIUM]","[PREMIUM]",41525,"SUV","Shimmering Silver","Gray","Front-wheel Drive",,,"Gasoline",,,"dealership","[PREMIUM]","Grand Prairie","TX","[PREMIUM]",,"[]",,,"[PREMIUM]"
"031b1bc4-11f5-41ca-8438-af40f290b001","2026-05-06 23:50:17.007","2026-05-12 23:50:45.495","031b1bc4-11f5-41ca-8438-af40f290b001","[PREMIUM]","Used",2024,"Mitsubishi","Outlander PHEV","SEL","[PREMIUM]","[PREMIUM]",44921,"SUV","Silver","Black","All-wheel Drive",,,"Gasoline",,,"dealership","[PREMIUM]","Preston","ID","[PREMIUM]",,"[]",,,"[PREMIUM]"
"88306ab9-e655-4b2b-ab33-4fe2c6dab96b","2026-05-06 23:49:46.717","2026-05-09 23:50:08.738","88306ab9-e655-4b2b-ab33-4fe2c6dab96b","[PREMIUM]","Used",2024,"Mazda","CX-5","Carbon Edition","[PREMIUM]","[PREMIUM]",28589,"SUV","Gray","BLACK","Four-wheel Drive",,,"Gasoline",,,"dealership","[PREMIUM]","Clearwater","FL","[PREMIUM]",,"[]",,,"[PREMIUM]"
"5c9e0350-5421-4767-aea9-393a5821e0b3","2026-05-06 23:49:46.715","2026-05-06 23:49:46.715","5c9e0350-5421-4767-aea9-393a5821e0b3","[PREMIUM]","Used",2024,"Kia","K5","GT-Line","[PREMIUM]","[PREMIUM]",47840,"Sedan","Gray","RED","Rear-wheel Drive",,,"Gasoline",,,"dealership","[PREMIUM]","Austin","TX","[PREMIUM]",,"[]",,,"[PREMIUM]"
"f99c9b35-74ba-499b-a423-401712749f07","2026-05-06 23:49:46.685","2026-05-06 23:49:46.685","f99c9b35-74ba-499b-a423-401712749f07","[PREMIUM]","Used",2024,"Jeep","Grand Cherokee","Laredo","[PREMIUM]","[PREMIUM]",30370,"SUV","White","BLACK","Rear-wheel Drive",,,"Gasoline",,,"dealership","[PREMIUM]","Fort Worth","TX","[PREMIUM]",,"[]",,,"[PREMIUM]"
"3ca6d208-3f52-44a0-a31a-1d3e7b155f78","2026-05-06 23:49:46.682","2026-05-06 23:49:46.682","3ca6d208-3f52-44a0-a31a-1d3e7b155f78","[PREMIUM]","Used",2024,"Subaru","Crosstrek","Limited","[PREMIUM]","[PREMIUM]",12529,"SUV","Crystal White Pearl","Black W/Orange Stitching",,,,,,,"dealership","[PREMIUM]","Ocala","FL","[PREMIUM]",,"[]",,,"[PREMIUM]"
"a3433d49-975a-407e-bc78-345ecc84c03a","2026-05-06 23:49:46.669","2026-05-06 23:49:46.669","a3433d49-975a-407e-bc78-345ecc84c03a","[PREMIUM]","Used",2024,"Subaru","Outback","Premium","[PREMIUM]","[PREMIUM]",20986,"SUV","Crystal White Pearl","Gray",,,,,,,"dealership","[PREMIUM]","Colma","CA","[PREMIUM]",,"[]",,,"[PREMIUM]"
"77305eb8-7198-4512-9dff-d8701621951a","2026-05-06 23:49:46.667","2026-05-09 23:50:40.954","77305eb8-7198-4512-9dff-d8701621951a","[PREMIUM]","Used",2024,"Tesla","Model Y","Long Range","[PREMIUM]","[PREMIUM]",3573,"SUV","Black","Black","All-wheel Drive",,,"Electric",,,"private","[PREMIUM]",,,"[PREMIUM]",,"[]",,,"[PREMIUM]"
"f53b805c-35a6-46ca-824b-360a8044bf36","2026-05-06 23:49:36.520","2026-05-06 23:49:36.520","f53b805c-35a6-46ca-824b-360a8044bf36","[PREMIUM]","Used",2024,"Dodge","Hornet","R/T Plus","[PREMIUM]","[PREMIUM]",17435,"SUV","Gold","BLACK","Four-wheel Drive",,,"Plug-In Hybrid",,,"dealership","[PREMIUM]","Duarte","CA","[PREMIUM]",,"[]",,,"[PREMIUM]"
"26ab8b9c-d0e6-4d3f-8de0-08e51d71bf38","2026-05-06 23:49:36.513","2026-05-09 23:49:47.651","26ab8b9c-d0e6-4d3f-8de0-08e51d71bf38","[PREMIUM]","Used",2024,"Jeep","Grand Cherokee","Altitude","[PREMIUM]","[PREMIUM]",32143,"SUV","Burgundy","BLACK","Four-wheel Drive",,,"Gasoline",,,"dealership","[PREMIUM]","MERIDIAN","ID","[PREMIUM]",,"[]",,,"[PREMIUM]"
"3cd35cbc-9d1e-4a8f-acde-4fa8b4400ea9","2026-05-06 23:49:36.485","2026-05-06 23:49:36.485","3cd35cbc-9d1e-4a8f-acde-4fa8b4400ea9","[PREMIUM]","Used",2024,"Mazda","CX-50","2.5 S Premium Package","[PREMIUM]","[PREMIUM]",25517,"SUV","Red","BLACK","Four-wheel Drive",,,"Gasoline",,,"dealership","[PREMIUM]","Gilbert","AZ","[PREMIUM]",,"[]",,,"[PREMIUM]"
"30913202-d5bf-41c0-af3a-5187638952cc","2026-05-06 23:49:36.473","2026-05-06 23:49:36.473","30913202-d5bf-41c0-af3a-5187638952cc","[PREMIUM]","Used",2024,"Honda","Civic","Touring","[PREMIUM]","[PREMIUM]",16670,"Sedan","Gray","BLACK","Rear-wheel Drive",,,"Gasoline",,,"dealership","[PREMIUM]","Norco","CA","[PREMIUM]",,"[]",,,"[PREMIUM]"
"91e4d09a-6aa1-411b-b585-53cba7c008c8","2026-05-06 23:49:36.464","2026-05-06 23:49:36.464","91e4d09a-6aa1-411b-b585-53cba7c008c8","[PREMIUM]","Used",2024,"Audi","A3","Premium Plus","[PREMIUM]","[PREMIUM]",30100,"Sedan","Gray","BLACK","Rear-wheel Drive",,,"Gasoline",,,"dealership","[PREMIUM]","Savannah","GA","[PREMIUM]",,"[]",,,"[PREMIUM]"
"4b7ab91b-2a65-495d-a345-db6ebe1a30ec","2026-05-06 23:49:36.461","2026-05-06 23:49:36.461","4b7ab91b-2a65-495d-a345-db6ebe1a30ec","[PREMIUM]","Used",2024,"Polestar","2","Long range Dual motor - AWD - Plus,Pilot","[PREMIUM]","[PREMIUM]",16553,"Hatchback","Magnesium","Slate WeaveTech with Black Ash deco","All-wheel Drive",,,"Electric",,,"dealership","[PREMIUM]","Tampa","FL","[PREMIUM]",,"[]",,,"[PREMIUM]"
"69a1bc48-e179-46b3-bf60-6e1ef0d04dc5","2026-05-06 23:49:36.451","2026-05-09 23:49:47.526","69a1bc48-e179-46b3-bf60-6e1ef0d04dc5","[PREMIUM]","Used",2024,"Mazda","CX-30","2.5 S Premium Package","[PREMIUM]","[PREMIUM]",22145,"SUV","Blue","BLACK","Four-wheel Drive",,,"Gasoline",,,"dealership","[PREMIUM]","Akron","OH","[PREMIUM]",,"[]",,,"[PREMIUM]"
"660ba306-fc61-4ca6-b2d7-94089e56b3fa","2026-05-06 23:49:36.445","2026-05-06 23:49:36.445","660ba306-fc61-4ca6-b2d7-94089e56b3fa","[PREMIUM]","Used",2024,"Chevrolet","Camaro","LT","[PREMIUM]","[PREMIUM]",17033,"Coupe","Red","BLACK","Rear-wheel Drive",,,"Gasoline",,,"dealership","[PREMIUM]","Independence","MO","[PREMIUM]",,"[]",,,"[PREMIUM]"
"a21d3bb6-3314-4c07-9f63-f3ee4dd4fbc1","2026-05-06 23:49:36.444","2026-05-06 23:49:36.444","a21d3bb6-3314-4c07-9f63-f3ee4dd4fbc1","[PREMIUM]","Used",2024,"Subaru","WRX",,"[PREMIUM]","[PREMIUM]",10312,"Sedan","Blue","BLACK","Four-wheel Drive",,,"Gasoline",,,"dealership","[PREMIUM]","MERIDIAN","ID","[PREMIUM]",,"[]",,,"[PREMIUM]"
"9a29603b-e065-45d1-926c-244fbd410d5d","2026-05-06 23:49:36.442","2026-05-06 23:49:36.442","9a29603b-e065-45d1-926c-244fbd410d5d","[PREMIUM]","Used",2024,"RAM","1500 Classic","SLT","[PREMIUM]","[PREMIUM]",42581,"Truck","White","BLACK","Rear-wheel Drive",,,"Gasoline",,,"dealership","[PREMIUM]","Buford","GA","[PREMIUM]",,"[]",,,"[PREMIUM]"
"197f40fb-4471-4072-bb9e-78ac559e6600","2026-05-06 23:49:36.440","2026-05-06 23:49:36.440","197f40fb-4471-4072-bb9e-78ac559e6600","[PREMIUM]","Used",2024,"Nissan","Frontier","SV","[PREMIUM]","[PREMIUM]",12434,"Truck","White","BLACK","Rear-wheel Drive",,,"Gasoline",,,"dealership","[PREMIUM]","Las Vegas","NV","[PREMIUM]",,"[]",,,"[PREMIUM]"
"25f31f46-7dc1-4cee-884c-2ad7695e9883","2026-05-06 23:49:26.109","2026-05-09 23:49:37.396","25f31f46-7dc1-4cee-884c-2ad7695e9883","[PREMIUM]","Used",2025,"Nissan","Kicks","SV","[PREMIUM]","[PREMIUM]",4525,"SUV","Canyon Bronze M","Charcoal","All-wheel Drive",,,"Gasoline",,,"dealership","[PREMIUM]","Hurlock","MD","[PREMIUM]",,"[]",,,"[PREMIUM]"
"c0372e5a-394a-46db-8e00-2d7cbb6c901a","2026-05-06 23:49:16.204","2026-05-09 23:49:27.021","c0372e5a-394a-46db-8e00-2d7cbb6c901a","[PREMIUM]","Used",2025,"Toyota","Corolla","SE","[PREMIUM]","[PREMIUM]",15806,"Sedan","Ice Cap","Moonstone","Front-wheel Drive",,,"Gasoline",,,"dealership","[PREMIUM]","Little Rock","AR","[PREMIUM]",,"[]",,,"[PREMIUM]"
"f598de1c-b6b2-49dc-94d4-df7456b03f0f","2026-05-06 23:49:06.124","2026-05-09 23:49:16.578","f598de1c-b6b2-49dc-94d4-df7456b03f0f","[PREMIUM]","Used",2025,"Chevrolet","Equinox","1LT","[PREMIUM]","[PREMIUM]",30469,"SUV","Sterling Gray Metallic","Black","All-wheel Drive",,,"Gasoline",,,"dealership","[PREMIUM]","Appleton","WI","[PREMIUM]",,"[]",,,"[PREMIUM]"
"13c16752-4e08-45e2-b327-615a2c2e4e03","2026-05-06 23:49:06.116","2026-05-06 23:49:06.116","13c16752-4e08-45e2-b327-615a2c2e4e03","[PREMIUM]","Used",2025,"Honda","HR-V","EX-L","[PREMIUM]","[PREMIUM]",7877,"SUV","Modern Steel Metallic","Black","All-wheel Drive",,,"Gasoline",,,"dealership","[PREMIUM]","Monroe","MI","[PREMIUM]",,"[]",,,"[PREMIUM]"
"ac20e862-02b5-45f3-a821-174ac5105d35","2026-05-06 23:49:06.086","2026-05-06 23:49:06.086","ac20e862-02b5-45f3-a821-174ac5105d35","[PREMIUM]","Used",2025,"Mazda","CX-5","2.5 S Select Package","[PREMIUM]","[PREMIUM]",7743,"SUV","Deep Crystal Blue Mica","Black","All-wheel Drive",,,"Gasoline",,,"dealership","[PREMIUM]","St Paul","MN","[PREMIUM]",,"[]",,,"[PREMIUM]"
"f956917d-1d14-49ae-8f26-c38a3768d265","2026-05-06 23:49:06.054","2026-05-06 23:49:06.054","f956917d-1d14-49ae-8f26-c38a3768d265","[PREMIUM]","Used",2025,"Toyota","Camry","LE","[PREMIUM]","[PREMIUM]",25227,"Sedan","Ice Cap","Black","Front-wheel Drive",,,"Gasoline",,,"dealership","[PREMIUM]","Riverside","CA","[PREMIUM]",,"[]",,,"[PREMIUM]"
"20c0449d-3958-4476-8c1c-287f2fe28623","2026-05-06 23:49:06.051","2026-05-09 23:49:16.942","20c0449d-3958-4476-8c1c-287f2fe28623","[PREMIUM]","Used",2025,"Toyota","Camry","LE","[PREMIUM]","[PREMIUM]",49642,"Sedan","Midnight Black Metallic","Black","Front-wheel Drive",,,"Gasoline",,,"dealership","[PREMIUM]","Arlington","VA","[PREMIUM]",,"[]",,,"[PREMIUM]"
"5c7f622e-31cb-4480-87f5-4f67609dc8bb","2026-05-06 23:49:06.051","2026-05-06 23:49:06.051","5c7f622e-31cb-4480-87f5-4f67609dc8bb","[PREMIUM]","Used",2025,"GMC","Terrain","FWD Elevation","[PREMIUM]","[PREMIUM]",17356,"SUV","Summit White","After Dark","Front-wheel Drive",,,"Gasoline",,,"dealership","[PREMIUM]","Delray Beach","FL","[PREMIUM]",,"[]",,,"[PREMIUM]"
"40841ae0-3d10-4ecb-9d9d-84322b3ff84c","2026-05-06 23:49:06.049","2026-05-09 23:49:16.793","40841ae0-3d10-4ecb-9d9d-84322b3ff84c","[PREMIUM]","Used",2025,"Subaru","Outback","Premium","[PREMIUM]","[PREMIUM]",33031,"SUV","Crimson Red Pearl","Slate Black","All-wheel Drive",,,"Gasoline",,,"dealership","[PREMIUM]","Roseville","CA","[PREMIUM]",,"[]",,,"[PREMIUM]"
"e5b8ab77-8516-45a1-93f4-cd0c8b96459b","2026-05-06 23:49:06.031","2026-05-06 23:49:06.031","e5b8ab77-8516-45a1-93f4-cd0c8b96459b","[PREMIUM]","Used",2025,"Honda","Civic","Sport","[PREMIUM]","[PREMIUM]",13510,"Sedan","Crystal Black Pearl","Black","Front-wheel Drive",,,"Gasoline",,,"dealership","[PREMIUM]","Concord","CA","[PREMIUM]",,"[]",,,"[PREMIUM]"
"bd8a2fa4-cd39-495c-82be-298150d50574","2026-05-06 23:49:06.030","2026-05-09 23:49:16.597","bd8a2fa4-cd39-495c-82be-298150d50574","[PREMIUM]","Used",2025,"Honda","CR-V","LX 2WD","[PREMIUM]","[PREMIUM]",19734,"SUV","Blue","Black","Front-wheel Drive",,,"Gasoline",,,"dealership","[PREMIUM]","Avondale","AZ","[PREMIUM]",,"[]",,,"[PREMIUM]"
"725c36ca-9168-45f8-ae5c-91b56205e45d","2026-05-06 23:48:55.784","2026-05-06 23:48:55.784","725c36ca-9168-45f8-ae5c-91b56205e45d","[PREMIUM]","Used",2025,"Hyundai","TUCSON","SEL","[PREMIUM]","[PREMIUM]",13491,"SUV","White Pearl","Black","All-wheel Drive",,,"Gasoline",,,"dealership","[PREMIUM]","Columbia","TN","[PREMIUM]",,"[]",,,"[PREMIUM]"
"87c932b4-242c-4bfb-beaa-f69c98f10eb2","2026-05-06 23:48:55.756","2026-05-09 23:49:16.550","87c932b4-242c-4bfb-beaa-f69c98f10eb2","[PREMIUM]","Used",2025,"Hyundai","SANTA CRUZ","SE","[PREMIUM]","[PREMIUM]",3459,"Truck","Phantom Black","Black","All-wheel Drive",,,"Gasoline",,,"dealership","[PREMIUM]","Florence","SC","[PREMIUM]",,"[]",,,"[PREMIUM]"
"96577ee8-4a48-4d20-bec0-4c46717a73dd","2026-05-06 23:48:55.726","2026-05-09 23:49:16.790","96577ee8-4a48-4d20-bec0-4c46717a73dd","[PREMIUM]","Used",2025,"Honda","Civic","Sport","[PREMIUM]","[PREMIUM]",19306,"Hatchback","Platinum White Pearl","Black","Front-wheel Drive",,,"Gasoline",,,"dealership","[PREMIUM]","Liverpool","NY","[PREMIUM]",,"[]",,,"[PREMIUM]"
"df0c6b5a-e9eb-4861-88a6-19bd0822a9de","2026-05-06 23:48:55.725","2026-05-06 23:48:55.725","df0c6b5a-e9eb-4861-88a6-19bd0822a9de","[PREMIUM]","Used",2025,"Volkswagen","Tiguan","2.0T S","[PREMIUM]","[PREMIUM]",4697,"SUV","Deep Black Pearl Effect","Grigio","Front-wheel Drive",,,"Gasoline",,,"dealership","[PREMIUM]","Hawthorne","CA","[PREMIUM]",,"[]",,,"[PREMIUM]"
"837fdcfc-8303-4774-bf87-66a2fdbd6735","2026-05-06 23:48:55.722","2026-05-09 23:49:06.113","837fdcfc-8303-4774-bf87-66a2fdbd6735","[PREMIUM]","Used",2025,"Nissan","Rogue","SL","[PREMIUM]","[PREMIUM]",14386,"SUV","Pearl","Charcoal","Front-wheel Drive",,,"Gasoline",,,"dealership","[PREMIUM]","Lexington","NC","[PREMIUM]",,"[]",,,"[PREMIUM]"
"604c68fd-1da9-4e59-8539-94af69a5b87f","2026-05-06 23:48:55.719","2026-05-06 23:48:55.719","604c68fd-1da9-4e59-8539-94af69a5b87f","[PREMIUM]","Used",2025,"Kia","K5","LXS","[PREMIUM]","[PREMIUM]",19927,"Sedan","Aurora Black","Black","FWD",,,"Gasoline",,,"dealership","[PREMIUM]","Victorville","CA","[PREMIUM]",,"[]",,,"[PREMIUM]"
"bc75cb2e-203d-4fb8-ac0c-9a0b25334249","2026-05-06 23:48:55.718","2026-05-09 23:49:16.632","bc75cb2e-203d-4fb8-ac0c-9a0b25334249","[PREMIUM]","Used",2025,"Jeep","Wrangler","Sport","[PREMIUM]","[PREMIUM]",6703,"SUV","41","Black","Four-wheel Drive",,,"Gasoline",,,"dealership","[PREMIUM]","Fort Wayne","IN","[PREMIUM]",,"[]",,,"[PREMIUM]"
"559dfe82-38b8-4f1b-be4a-556057b26b40","2026-05-06 23:48:55.696","2026-05-06 23:48:55.696","559dfe82-38b8-4f1b-be4a-556057b26b40","[PREMIUM]","Used",2025,"Nissan","Pathfinder","SV FWD","[PREMIUM]","[PREMIUM]",40392,"SUV","Gun Metallic","Charcoal","Front-wheel Drive",,,"Gasoline",,,"dealership","[PREMIUM]","Loveland","OH","[PREMIUM]",,"[]",,,"[PREMIUM]"
"5d950f88-b351-46be-a610-3d797caed426","2026-05-06 23:48:55.663","2026-05-09 23:49:06.051","5d950f88-b351-46be-a610-3d797caed426","[PREMIUM]","Used",2025,"Volkswagen","Jetta GLI","2.0T Autobahn","[PREMIUM]","[PREMIUM]",35769,"Sedan","Monterey Blue W/Black Roof","Grigio With Red Crust","Front-wheel Drive",,,"Gasoline",,,"dealership","[PREMIUM]","Summerville","SC","[PREMIUM]",,"[]",,,"[PREMIUM]"
"c9e2e1e7-9d7b-4f93-8d16-fe8e0271614b","2026-05-06 23:48:45.667","2026-05-06 23:48:45.667","c9e2e1e7-9d7b-4f93-8d16-fe8e0271614b","[PREMIUM]","Used",2025,"Ford","Escape","Platinum","[PREMIUM]","[PREMIUM]",38133,"SUV","Black Metallic","Ebony","AWD",,,"Gasoline",,,"dealership","[PREMIUM]","Brandon","MS","[PREMIUM]",,"[]",,,"[PREMIUM]"
"aa4d77b6-d1ca-4cd4-81e9-bbe34ddac0c0","2026-05-06 23:48:45.303","2026-05-06 23:48:45.303","aa4d77b6-d1ca-4cd4-81e9-bbe34ddac0c0","[PREMIUM]","Used",2025,"Jeep","Compass","Limited","[PREMIUM]","[PREMIUM]",30652,"SUV","Red","Black","Four-wheel Drive",,,"Gasoline",,,"dealership","[PREMIUM]","Grand Rapids","MI","[PREMIUM]",,"[]",,,"[PREMIUM]"
"76813d78-e999-4b66-95db-285986ff2a26","2026-05-06 23:48:35.193","2026-05-06 23:48:35.193","76813d78-e999-4b66-95db-285986ff2a26","[PREMIUM]","Used",2025,"Hyundai","TUCSON","SE","[PREMIUM]","[PREMIUM]",13832,"SUV","White Pearl","Gray","Front-wheel Drive",,,"Gasoline",,,"dealership","[PREMIUM]","Tupelo","MS","[PREMIUM]",,"[]",,,"[PREMIUM]"
"b10add9f-9ae0-42d2-820d-87f43be1a91b","2026-05-06 23:48:25.188","2026-05-12 23:48:52.920","b10add9f-9ae0-42d2-820d-87f43be1a91b","[PREMIUM]","Used",2025,"Subaru","Forester","2.5i Premium","[PREMIUM]","[PREMIUM]",15318,"SUV","Crystal White Pearl","Black","All-wheel Drive",,,,,,"dealership","[PREMIUM]","Sarasota","FL","[PREMIUM]",,"[]",,,"[PREMIUM]"
"9f83ad21-0db2-45f7-b811-d7eddfa98562","2026-05-06 23:48:25.112","2026-05-06 23:48:25.112","9f83ad21-0db2-45f7-b811-d7eddfa98562","[PREMIUM]","Used",2025,"MINI","Hardtop","Cooper S","[PREMIUM]","[PREMIUM]",6748,"Hatchback","Midnight Black II Metallic","Grey/Blue","Front-wheel Drive",,,"Gasoline",,,"dealership","[PREMIUM]","Buford","GA","[PREMIUM]",,"[]",,,"[PREMIUM]"
"fce0c9c0-4076-4614-8378-dab3d2d9cca7","2026-05-06 23:48:25.110","2026-05-09 23:48:35.399","fce0c9c0-4076-4614-8378-dab3d2d9cca7","[PREMIUM]","Used",2025,"Chevrolet","Equinox","LT","[PREMIUM]","[PREMIUM]",8308,"SUV","Green","Black","All-wheel Drive",,,"Gasoline",,,"dealership","[PREMIUM]","Hicksville","NY","[PREMIUM]",,"[]",,,"[PREMIUM]"
"b3ee77e7-bc50-4c26-aa6a-906e201af091","2026-05-06 23:48:14.746","2026-05-06 23:48:14.746","b3ee77e7-bc50-4c26-aa6a-906e201af091","[PREMIUM]","Used",2025,"Subaru","Legacy",,"[PREMIUM]","[PREMIUM]",12809,"Sedan","Cosmic Blue Pearl","Slate Black","AWD",,,"Gasoline",,,"dealership","[PREMIUM]","Plattsburgh","NY","[PREMIUM]",,"[]",,,"[PREMIUM]"
"be9bda4d-4378-440d-a6c2-d61bf189e371","2026-05-06 23:48:14.746","2026-05-06 23:48:14.746","be9bda4d-4378-440d-a6c2-d61bf189e371","[PREMIUM]","Used",2025,"Honda","Accord","SE","[PREMIUM]","[PREMIUM]",17354,"Sedan","Meteorite Gray Metallic",,"Front-wheel Drive",,,"Gasoline",,,"dealership","[PREMIUM]","Tempe","AZ","[PREMIUM]",,"[]",,,"[PREMIUM]"
"25e01734-5a71-42e2-b3f4-029275a34bd3","2026-05-06 23:48:14.738","2026-05-06 23:48:14.738","25e01734-5a71-42e2-b3f4-029275a34bd3","[PREMIUM]","Used",2025,"Genesis","G70","2.5T","[PREMIUM]","[PREMIUM]",27661,"Sedan","Gray","Obsidian Black","AWD",,,"Gasoline",,,"dealership","[PREMIUM]","Huntington Station","NY","[PREMIUM]",,"[]",,,"[PREMIUM]"
"e5f5ad64-85e4-4022-8f71-7ae6ff64755d","2026-05-06 23:48:04.605","2026-05-06 23:48:04.605","e5f5ad64-85e4-4022-8f71-7ae6ff64755d","[PREMIUM]","Used",2025,"Kia","K5","GT-Line","[PREMIUM]","[PREMIUM]",42016,"Sedan","Aurora Black Pearl","Black","All-wheel Drive",,,"Gasoline",,,"dealership","[PREMIUM]","St. Peters","MO","[PREMIUM]",,"[]",,,"[PREMIUM]"
"87611d48-67d8-4a6c-a98f-e0754e7ff034","2026-05-06 23:48:04.578","2026-05-06 23:48:04.578","87611d48-67d8-4a6c-a98f-e0754e7ff034","[PREMIUM]","Used",2025,"Kia","Sportage","EX","[PREMIUM]","[PREMIUM]",29244,"SUV","Everlasting Silver","Black","Front-wheel Drive",,,"E85 Flex Fuel",,,"dealership","[PREMIUM]","Rocky Mount","NC","[PREMIUM]",,"[]",,,"[PREMIUM]"
"11a48c81-7c5a-4830-8802-25cef4e49b61","2026-05-06 23:47:44.528","2026-05-06 23:47:44.528","11a48c81-7c5a-4830-8802-25cef4e49b61","[PREMIUM]","Used",2025,"Mazda","CX-50","2.5 S Premium Plus Package","[PREMIUM]","[PREMIUM]",21317,"SUV","Machine Gray Metallic","Black w/Brown","All-wheel Drive",,,"Gasoline",,,"dealership","[PREMIUM]","SAN ANTONIO","TX","[PREMIUM]",,"[]",,,"[PREMIUM]"
"bcbe25fe-aad7-4866-80a1-bcf080078589","2026-05-06 23:47:44.497","2026-05-06 23:47:44.497","bcbe25fe-aad7-4866-80a1-bcf080078589","[PREMIUM]","Used",2025,"Honda","HR-V",,"[PREMIUM]","[PREMIUM]",18984,"SUV","Platinum White Pearl","Black",,,,"Gasoline",,,"dealership","[PREMIUM]","Fayetteville","NC","[PREMIUM]",,"[]",,,"[PREMIUM]"
"13ad2a72-b670-4e35-9e8f-1f551e1b2c53","2026-05-06 23:47:34.428","2026-05-09 23:47:54.722","13ad2a72-b670-4e35-9e8f-1f551e1b2c53","[PREMIUM]","Used",2025,"Mazda","CX-5","2.5 S Select Package","[PREMIUM]","[PREMIUM]",3568,"SUV","Machine Gray Metallic","Black","All-wheel Drive",,,"Gasoline",,,"dealership","[PREMIUM]","Clearwater","FL","[PREMIUM]",,"[]",,,"[PREMIUM]"
"7d6b7f34-45c6-4356-b449-1e66f2d09ca6","2026-05-06 23:47:24.436","2026-05-06 23:47:24.436","7d6b7f34-45c6-4356-b449-1e66f2d09ca6","[PREMIUM]","Used",2025,"Toyota","RAV4","LE","[PREMIUM]","[PREMIUM]",32447,"SUV","Silver Sky Metallic","Black","All-wheel Drive",,,"Gasoline",,,"dealership","[PREMIUM]","Delaware","OH","[PREMIUM]",,"[]",,,"[PREMIUM]"
"59d599bb-a8c6-4a58-ac0c-2a8d35e2f8fe","2026-05-06 23:47:24.285","2026-05-06 23:47:24.285","59d599bb-a8c6-4a58-ac0c-2a8d35e2f8fe","[PREMIUM]","Used",2025,"Subaru","Crosstrek","Premium","[PREMIUM]","[PREMIUM]",24360,"SUV","Magnetite Gray Metallic","GRY/Gray","All-wheel Drive",,,"Gasoline",,,"dealership","[PREMIUM]","El Paso","TX","[PREMIUM]",,"[]",,,"[PREMIUM]"
"f4725428-18ac-4280-b8e7-4edc14209c9f","2026-05-06 23:47:14.158","2026-05-06 23:47:14.158","f4725428-18ac-4280-b8e7-4edc14209c9f","[PREMIUM]","Used",2025,"Kia","K5","GT-Line","[PREMIUM]","[PREMIUM]",11384,"Sedan","Aurora Black Pearl","Black","Front-wheel Drive",,,"Gasoline",,,"dealership","[PREMIUM]","Tacoma","WA","[PREMIUM]",,"[]",,,"[PREMIUM]"
"54ceebe0-1255-4763-9403-c80ebd6b8e19","2026-05-06 23:47:14.141","2026-05-06 23:47:14.141","54ceebe0-1255-4763-9403-c80ebd6b8e19","[PREMIUM]","Used",2025,"Honda","Civic","Sport","[PREMIUM]","[PREMIUM]",25924,"Hatchback","Crystal Black Pearl","Black","Front-wheel Drive",,,"Gasoline",,,"dealership","[PREMIUM]","Raynham","MA","[PREMIUM]",,"[]",,,"[PREMIUM]"
"724baa1f-b6ba-4aa3-9de3-c24fa01d92c3","2026-05-06 23:46:44.089","2026-05-09 23:46:53.379","724baa1f-b6ba-4aa3-9de3-c24fa01d92c3","[PREMIUM]","Used",2025,"Mazda","CX-5","2.5 S Preferred Package","[PREMIUM]","[PREMIUM]",5026,"SUV","Jet Black Mica","Parchment","All-wheel Drive",,,"Gasoline",,,"dealership","[PREMIUM]","Lunenburg","MA","[PREMIUM]",,"[]",,,"[PREMIUM]"
"16a93745-b784-40a6-b9f6-c44cc8bffa65","2026-05-06 23:46:44.073","2026-05-06 23:46:44.073","16a93745-b784-40a6-b9f6-c44cc8bffa65","[PREMIUM]","Used",2025,"Honda","CR-V","EX AWD","[PREMIUM]","[PREMIUM]",58340,"SUV","Canyon River Blue Metallic","Black","All-wheel Drive",,,"Gasoline",,,"dealership","[PREMIUM]","Chicago","IL","[PREMIUM]",,"[]",,,"[PREMIUM]"
"64550519-a475-4584-a470-55b34921bc5c","2026-05-06 23:46:33.894","2026-05-06 23:46:33.894","64550519-a475-4584-a470-55b34921bc5c","[PREMIUM]","Used",2025,"Hyundai","SANTA FE","SEL 2.4","[PREMIUM]","[PREMIUM]",11356,"SUV","Ecotronic Gray","Black","Front-wheel Drive",,,"Gasoline",,,"dealership","[PREMIUM]","Tampa","FL","[PREMIUM]",,"[]",,,"[PREMIUM]"
"c991fce7-9414-4155-b66f-0f64e20a76c0","2026-05-06 23:46:33.884","2026-05-06 23:46:33.884","c991fce7-9414-4155-b66f-0f64e20a76c0","[PREMIUM]","Used",2025,"Subaru","Crosstrek","Premium","[PREMIUM]","[PREMIUM]",3248,"SUV","Magnetite Gray Metallic","Black","All-wheel Drive",,,"Gasoline",,,"dealership","[PREMIUM]","St. Cloud","MN","[PREMIUM]",,"[]",,,"[PREMIUM]"
"e5ba8208-3ff0-4e1a-983a-67aa95d2e3f2","2026-05-06 23:46:23.707","2026-05-06 23:46:23.707","e5ba8208-3ff0-4e1a-983a-67aa95d2e3f2","[PREMIUM]","Used",2025,"Subaru","Crosstrek","Sport","[PREMIUM]","[PREMIUM]",4580,"SUV","Crystal White Pearl","Gray","All-wheel Drive",,,"Gasoline",,,"dealership","[PREMIUM]","Albany","CA","[PREMIUM]",,"[]",,,"[PREMIUM]"
"55532fba-3645-4ac1-9a8d-04565ed6caf8","2026-05-06 23:46:23.651","2026-05-06 23:46:23.651","55532fba-3645-4ac1-9a8d-04565ed6caf8","[PREMIUM]","Used",2025,"Hyundai","TUCSON","SEL","[PREMIUM]","[PREMIUM]",25084,"SUV","Phantom Black","Black","Front-wheel Drive",,,"Gasoline",,,"dealership","[PREMIUM]","Topeka","KS","[PREMIUM]",,"[]",,,"[PREMIUM]"
"943eab46-d036-444a-8250-9fe2ad91cf49","2026-05-06 23:46:23.639","2026-05-09 23:46:32.582","943eab46-d036-444a-8250-9fe2ad91cf49","[PREMIUM]","Used",2025,"Honda","HR-V","AWD Sport","[PREMIUM]","[PREMIUM]",30299,"SUV","Nordic Forest Pearl","Black","All-wheel Drive",,,"Gasoline",,,"dealership","[PREMIUM]","Cleveland Heights","OH","[PREMIUM]",,"[]",,,"[PREMIUM]"
"8723fd91-b0a9-4b4a-8d75-e04a9fe40278","2026-05-06 23:46:23.594","2026-05-06 23:46:23.594","8723fd91-b0a9-4b4a-8d75-e04a9fe40278","[PREMIUM]","Used",2025,"Honda","Civic","LX","[PREMIUM]","[PREMIUM]",22178,"Sedan","Rallye Red","Black","FWD",,,"Gasoline",,,"dealership","[PREMIUM]","Rio Piedras","PR","[PREMIUM]",,"[]",,,"[PREMIUM]"
"fea3c0dc-3832-4d77-b4ba-760589db3897","2026-05-06 23:46:03.414","2026-05-06 23:46:03.414","fea3c0dc-3832-4d77-b4ba-760589db3897","[PREMIUM]","Used",2025,"Subaru","Forester","Premium","[PREMIUM]","[PREMIUM]",21557,"SUV","Ice Silver Metallic","Black","All-wheel Drive",,,"Gasoline",,,"dealership","[PREMIUM]","Albany","CA","[PREMIUM]",,"[]",,,"[PREMIUM]"
"3e38561d-5815-4bea-b848-685dd5ccdfd2","2026-05-06 23:46:03.370","2026-05-12 23:46:41.744","3e38561d-5815-4bea-b848-685dd5ccdfd2","[PREMIUM]","Used",2025,"Nissan","Rogue","Rock Creek","[PREMIUM]","[PREMIUM]",57800,"SUV","Super Black","charcoal","All-wheel Drive",,,"Gasoline",,,"dealership","[PREMIUM]","Campbellsville","KY","[PREMIUM]",,"[]",,,"[PREMIUM]"
"610657e1-1d9e-4a3b-8571-916d638f5240","2026-05-06 23:46:03.340","2026-05-06 23:46:03.340","610657e1-1d9e-4a3b-8571-916d638f5240","[PREMIUM]","Used",2025,"Mazda","CX-50","2.5 S Premium Plus Package","[PREMIUM]","[PREMIUM]",30067,"SUV","Pearl","Black w/Brown","All-wheel Drive",,,"Gasoline",,,"dealership","[PREMIUM]","HOUSTON","TX","[PREMIUM]",,"[]",,,"[PREMIUM]"
"17e07d5b-5a66-49bd-a41b-ff9b0c1c65ff","2026-05-06 23:45:53.231","2026-05-06 23:45:53.231","17e07d5b-5a66-49bd-a41b-ff9b0c1c65ff","[PREMIUM]","Used",2025,"Hyundai","TUCSON","SEL","[PREMIUM]","[PREMIUM]",13178,"SUV","Rockwood Green","Black","All-wheel Drive",,,"Gasoline",,,"dealership","[PREMIUM]","Escondido","CA","[PREMIUM]",,"[]",,,"[PREMIUM]"
"6a0e2c03-505d-4264-bcb5-ec9b3f15e898","2026-05-06 23:45:43.049","2026-05-06 23:45:43.049","6a0e2c03-505d-4264-bcb5-ec9b3f15e898","[PREMIUM]","Used",2025,"Subaru","Outback","Premium","[PREMIUM]","[PREMIUM]",18349,"SUV","White","Black",,,,,,,"dealership","[PREMIUM]","Chico","CA","[PREMIUM]",,"[]",,,"[PREMIUM]"
"8660a7cf-92fd-4b9d-8480-c3b99427f951","2026-05-06 23:45:43.045","2026-05-06 23:45:43.045","8660a7cf-92fd-4b9d-8480-c3b99427f951","[PREMIUM]","Used",2025,"Honda","HR-V","AWD Sport","[PREMIUM]","[PREMIUM]",4307,"SUV","Lunar Silver Metallic","Black","All-wheel Drive",,,"Gasoline",,,"dealership","[PREMIUM]","Los Angeles","CA","[PREMIUM]",,"[]",,,"[PREMIUM]"
"00944d10-cce6-41fa-84de-fc2c940802fc","2026-05-06 23:45:43.013","2026-05-06 23:45:43.013","00944d10-cce6-41fa-84de-fc2c940802fc","[PREMIUM]","Used",2025,"Honda","CR-V","LX 2WD","[PREMIUM]","[PREMIUM]",15074,"SUV","Urban Gray Pearl","Black","Front-wheel Drive",,,"Gasoline",,,"dealership","[PREMIUM]","Los Angeles","CA","[PREMIUM]",,"[]",,,"[PREMIUM]"
"2932d83d-3bdb-4243-ad01-ed39b901575c","2026-05-06 23:45:32.944","2026-05-12 23:45:51.303","2932d83d-3bdb-4243-ad01-ed39b901575c","[PREMIUM]","Used",2025,"Honda","Civic Hybrid","Sport Touring","[PREMIUM]","[PREMIUM]",32047,"Sedan","Rallye Red","Black","Front-wheel Drive",,,"Hybrid",,,"dealership","[PREMIUM]","Miami","FL","[PREMIUM]",,"[]",,,"[PREMIUM]"
"4381e617-9bcf-4446-9412-6d368b55774d","2026-05-06 23:45:32.932","2026-05-09 23:45:41.798","4381e617-9bcf-4446-9412-6d368b55774d","[PREMIUM]","New",2025,"Hyundai","SONATA","SEL","[PREMIUM]","[PREMIUM]",6507,"Sedan","Serenity White","Black","Front-wheel Drive",,,"Gasoline",,,"dealership","[PREMIUM]","Joliet","IL","[PREMIUM]",,"[]",,,"[PREMIUM]"
"db6170c4-7188-4371-8456-1a812e1f4c4d","2026-05-06 23:45:32.826","2026-05-09 23:45:52.008","db6170c4-7188-4371-8456-1a812e1f4c4d","[PREMIUM]","Used",2025,"Subaru","Crosstrek",,"[PREMIUM]","[PREMIUM]",4566,"SUV","Blue","BLACK","Four-wheel Drive",,,"Gasoline",,,"dealership","[PREMIUM]","Hillside","IL","[PREMIUM]",,"[]",,,"[PREMIUM]"
"48b94d95-4f17-4fe4-90cd-96d2cd6a3616","2026-05-06 23:45:32.817","2026-05-06 23:45:32.817","48b94d95-4f17-4fe4-90cd-96d2cd6a3616","[PREMIUM]","Used",2025,"Subaru","Crosstrek","Premium","[PREMIUM]","[PREMIUM]",23308,"SUV","Offshore Blue Metallic","Gray",,,,,,,"dealership","[PREMIUM]","Ocala","FL","[PREMIUM]",,"[]",,,"[PREMIUM]"
"ff512438-95c6-4979-8e72-e353fd055667","2026-05-06 23:45:32.799","2026-05-06 23:45:32.799","ff512438-95c6-4979-8e72-e353fd055667","[PREMIUM]","Used",2025,"Honda","HR-V","Sport","[PREMIUM]","[PREMIUM]",14678,"SUV","Gray","BLACK","Rear-wheel Drive",,,"Gasoline",,,"dealership","[PREMIUM]","Palmdale","CA","[PREMIUM]",,"[]",,,"[PREMIUM]"
"106969da-62ae-4880-92f3-408eba351841","2026-05-06 23:45:32.754","2026-05-06 23:45:32.754","106969da-62ae-4880-92f3-408eba351841","[PREMIUM]","Used",2025,"Mazda","CX-5","2.5 S Carbon Edition","[PREMIUM]","[PREMIUM]",25971,"SUV","Polymetal Gray Metallic","Black","All-wheel Drive",,,"Gasoline",,,"dealership","[PREMIUM]","Preston","ID","[PREMIUM]",,"[]",,,"[PREMIUM]"
"e9ef394e-e8b7-48cf-8a10-e224e69be12b","2026-05-06 23:45:32.749","2026-05-06 23:45:32.749","e9ef394e-e8b7-48cf-8a10-e224e69be12b","[PREMIUM]","Used",2025,"Kia","K5","GT-Line","[PREMIUM]","[PREMIUM]",22411,"Sedan","Black","BLACK","Four-wheel Drive",,,"Gasoline",,,"dealership","[PREMIUM]","Indianapolis","IN","[PREMIUM]",,"[]",,,"[PREMIUM]"
"8552a017-fa61-44fb-95ac-5eff0a231561","2026-05-06 23:45:32.743","2026-05-12 23:45:51.318","8552a017-fa61-44fb-95ac-5eff0a231561","[PREMIUM]","Used",2025,"Hyundai","TUCSON","SEL","[PREMIUM]","[PREMIUM]",8703,"SUV","Gray","GRAY","Four-wheel Drive",,,"Gasoline",,,"dealership","[PREMIUM]","Kenner","LA","[PREMIUM]",,"[]",,,"[PREMIUM]"
"ec87f70d-59a9-418c-9778-8222d1b14a4c","2026-05-06 23:45:32.731","2026-05-06 23:45:32.731","ec87f70d-59a9-418c-9778-8222d1b14a4c","[PREMIUM]","Used",2025,"Subaru","Crosstrek","Limited","[PREMIUM]","[PREMIUM]",4622,"SUV","Sun Blaze Pearl","Black",,,,,,,"dealership","[PREMIUM]","Ocala","FL","[PREMIUM]",,"[]",,,"[PREMIUM]"
"41a923cd-51da-4250-8247-e78da88f6e75","2026-05-06 23:45:32.728","2026-05-06 23:45:32.728","41a923cd-51da-4250-8247-e78da88f6e75","[PREMIUM]","New",2026,"Volkswagen","Jetta","1.5T Sport","[PREMIUM]","[PREMIUM]",5,"Sedan","Monterey Blue","Titan Black","FWD",,,"Gasoline",,,"dealership","[PREMIUM]","Hawthorne","CA","[PREMIUM]",,"[]",,,"[PREMIUM]"
"145c60ee-77c6-4b48-bf88-7a940f51426b","2026-05-06 23:45:32.711","2026-05-06 23:45:32.711","145c60ee-77c6-4b48-bf88-7a940f51426b","[PREMIUM]","Used",2025,"Honda","Civic","Sport","[PREMIUM]","[PREMIUM]",3044,"Hatchback","Gray","BLACK","Rear-wheel Drive",,,"Gasoline",,,"dealership","[PREMIUM]","Fredericksburg","VA","[PREMIUM]",,"[]",,,"[PREMIUM]"
"b8d0a674-62c7-4cfd-bd2f-a28a0f63d5dc","2026-05-06 23:45:12.386","2026-05-12 23:45:41.178","b8d0a674-62c7-4cfd-bd2f-a28a0f63d5dc","[PREMIUM]","New",2026,"Nissan","Rogue","S","[PREMIUM]","[PREMIUM]",2,"SUV","Glacier White","Charcoal","Front-wheel Drive",,,"Gasoline",,,"dealership","[PREMIUM]","Mesquite","TX","[PREMIUM]",,"[]",,,"[PREMIUM]"
"3b18c80c-9169-41d5-99cf-f30977816b4a","2026-05-06 23:45:12.360","2026-05-09 23:45:31.098","3b18c80c-9169-41d5-99cf-f30977816b4a","[PREMIUM]","New",2026,"Honda","Civic Hybrid","Sport","[PREMIUM]","[PREMIUM]",15,"Sedan","Platinum White Pearl",,"Front-wheel Drive",,,"Hybrid",,,"dealership","[PREMIUM]","Arlington","TX","[PREMIUM]",,"[]",,,"[PREMIUM]"
"0f196b24-9d07-4786-bb02-e296de88ee51","2026-05-06 23:45:12.285","2026-05-06 23:45:12.285","0f196b24-9d07-4786-bb02-e296de88ee51","[PREMIUM]","New",2026,"Honda","HR-V","2WD Sport","[PREMIUM]","[PREMIUM]",7,"SUV","Boost Blue Pearl","Black","Front-wheel Drive",,,"Gasoline",,,"dealership","[PREMIUM]","Delray Beach","FL","[PREMIUM]",,"[]",,,"[PREMIUM]"
"a3b3e7d7-3f9a-4137-83ec-b5bfd36490f1","2026-05-06 23:45:12.279","2026-05-06 23:45:12.279","a3b3e7d7-3f9a-4137-83ec-b5bfd36490f1","[PREMIUM]","New",2026,"Ford","Maverick","XL","[PREMIUM]","[PREMIUM]",5,"Truck","Light Blue","Black Onyx/Dark Slate","Front-wheel Drive",,,"Gasoline",,,"dealership","[PREMIUM]","Irving","TX","[PREMIUM]",,"[]",,,"[PREMIUM]"
"000a9f6a-d479-4b6a-8bb2-d02f396d8348","2026-05-06 23:45:12.271","2026-05-06 23:45:12.271","000a9f6a-d479-4b6a-8bb2-d02f396d8348","[PREMIUM]","New",2026,"Honda","Civic","Sport","[PREMIUM]","[PREMIUM]",9,"Hatchback","Rallye Red","Black","Front-wheel Drive",,,"Gasoline",,,"dealership","[PREMIUM]","Delray Beach","FL","[PREMIUM]",,"[]",,,"[PREMIUM]"
"1edcbed8-23d7-4e5e-81d8-72f7d3d42c2d","2026-05-06 23:45:12.271","2026-05-06 23:45:12.271","1edcbed8-23d7-4e5e-81d8-72f7d3d42c2d","[PREMIUM]","New",2026,"Honda","Civic","Sport","[PREMIUM]","[PREMIUM]",7,"Sedan","Rallye Red","Black","Front-wheel Drive",,,"Gasoline",,,"dealership","[PREMIUM]","Delray Beach","FL","[PREMIUM]",,"[]",,,"[PREMIUM]"
"86f075db-1d70-45ae-b0b2-1392ac7fb396","2026-05-06 23:45:12.271","2026-05-06 23:45:12.271","86f075db-1d70-45ae-b0b2-1392ac7fb396","[PREMIUM]","New",2026,"Honda","Civic","Sport","[PREMIUM]","[PREMIUM]",15,"Sedan","Blue Lagoon Pearl","Black","Front-wheel Drive",,,"Gasoline",,,"dealership","[PREMIUM]","Arlington","TX","[PREMIUM]",,"[]",,,"[PREMIUM]"
"6770b573-43c8-4552-88ae-ec57bbfda992","2026-05-06 23:45:02.048","2026-05-09 23:45:10.949","6770b573-43c8-4552-88ae-ec57bbfda992","[PREMIUM]","New",2026,"Honda","Accord","LX 1.5T","[PREMIUM]","[PREMIUM]",13,"Sedan","Solar Silver","Black","Front-wheel Drive",,,"Gasoline",,,"dealership","[PREMIUM]","Delray Beach","FL","[PREMIUM]",,"[]",,,"[PREMIUM]"
"b0064f0b-a276-49d9-9eff-d705bd06b764","2026-05-06 23:45:02.046","2026-05-06 23:45:02.046","b0064f0b-a276-49d9-9eff-d705bd06b764","[PREMIUM]","New",2026,"Honda","HR-V","LX","[PREMIUM]","[PREMIUM]",11,"SUV","Crystal Black Pearl","Black","Front-wheel Drive",,,"Gasoline",,,"dealership","[PREMIUM]","Delray Beach","FL","[PREMIUM]",,"[]",,,"[PREMIUM]"
"88f9be27-09cf-48c4-a30b-6b1a2a7ebcf5","2026-05-06 23:45:02.036","2026-05-06 23:45:02.036","88f9be27-09cf-48c4-a30b-6b1a2a7ebcf5","[PREMIUM]","New",2026,"Honda","Accord","LX 1.5T","[PREMIUM]","[PREMIUM]",11,"Sedan","METEORITE GRAY","Black","Front-wheel Drive",,,"Gasoline",,,"dealership","[PREMIUM]","Delray Beach","FL","[PREMIUM]",,"[]",,,"[PREMIUM]"
"4d84a6ed-62c9-4aa5-b207-a3ab4f42f009","2026-05-06 23:45:02.031","2026-05-06 23:45:02.031","4d84a6ed-62c9-4aa5-b207-a3ab4f42f009","[PREMIUM]","New",2026,"Honda","HR-V","LX","[PREMIUM]","[PREMIUM]",11,"SUV","Solar Silver Metallic","Gray","All-wheel Drive",,,"Gasoline",,,"dealership","[PREMIUM]","Delray Beach","FL","[PREMIUM]",,"[]",,,"[PREMIUM]"
"1b6ec296-0cc4-4b6b-ab61-b26eb5c60c31","2026-05-06 23:45:01.982","2026-05-09 23:45:10.979","1b6ec296-0cc4-4b6b-ab61-b26eb5c60c31","[PREMIUM]","New",2026,"Kia","Seltos","S","[PREMIUM]","[PREMIUM]",5,"SUV","Gray","Black","All-wheel Drive",,,"Gasoline",,,"dealership","[PREMIUM]","Coeur d'Alene","ID","[PREMIUM]",,"[]",,,"[PREMIUM]"
"0c71e4ca-1db8-4ba5-970c-d7b1b5eb1ec8","2026-05-06 23:45:01.899","2026-05-09 23:45:11.211","0c71e4ca-1db8-4ba5-970c-d7b1b5eb1ec8","[PREMIUM]","New",2026,"Toyota","Corolla","LE","[PREMIUM]","[PREMIUM]",0,"Sedan","Underground","Light Gray","Front-wheel Drive",,,"Gasoline",,,"dealership","[PREMIUM]","Manhattan Beach","CA","[PREMIUM]",,"[]",,,"[PREMIUM]"
"aef0ee8d-1373-490c-9c16-2733daab08c1","2026-05-06 23:45:01.889","2026-05-06 23:45:01.889","aef0ee8d-1373-490c-9c16-2733daab08c1","[PREMIUM]","New",2026,"Toyota","Corolla","LE","[PREMIUM]","[PREMIUM]",0,"Sedan","Gray","Light Gray Fabric","Front-wheel Drive",,,"Gasoline",,,"dealership","[PREMIUM]","Danvers","MA","[PREMIUM]",,"[]",,,"[PREMIUM]"
"daa67845-b5c1-4ee3-b38b-6ae767f174f7","2026-05-06 23:45:01.884","2026-05-06 23:45:01.884","daa67845-b5c1-4ee3-b38b-6ae767f174f7","[PREMIUM]","New",2026,"Honda","HR-V","LX","[PREMIUM]","[PREMIUM]",11,"SUV","Crystal Black Pearl","Black","Front-wheel Drive",,,"Gasoline",,,"dealership","[PREMIUM]","Delray Beach","FL","[PREMIUM]",,"[]",,,"[PREMIUM]"
"86d4b7d4-ba70-4180-acfc-bcd24deef1d7","2026-05-06 23:45:01.883","2026-05-09 23:45:11.084","86d4b7d4-ba70-4180-acfc-bcd24deef1d7","[PREMIUM]","New",2026,"Honda","HR-V","LX","[PREMIUM]","[PREMIUM]",11,"SUV","PLATINUM WHITE","Black","Front-wheel Drive",,,"Gasoline",,,"dealership","[PREMIUM]","Delray Beach","FL","[PREMIUM]",,"[]",,,"[PREMIUM]"
"73ce1138-171a-4376-a400-8e86681e136c","2026-05-06 23:45:01.877","2026-05-06 23:45:01.877","73ce1138-171a-4376-a400-8e86681e136c","[PREMIUM]","New",2026,"Toyota","Camry","LE","[PREMIUM]","[PREMIUM]",0,"Sedan","Gray","Black","Front-wheel Drive",,,"Gasoline",,,"dealership","[PREMIUM]","Westminster","CA","[PREMIUM]",,"[]",,,"[PREMIUM]"
"fadb9400-7bb0-40e4-bb66-bb00b000ff02","2026-05-06 23:45:01.876","2026-05-09 23:45:21.206","fadb9400-7bb0-40e4-bb66-bb00b000ff02","[PREMIUM]","New",2026,"Toyota","Corolla Hybrid","SE","[PREMIUM]","[PREMIUM]",0,"Sedan","Gray","Black","Front-wheel Drive",,,"Hybrid",,,"dealership","[PREMIUM]","Westminster","CA","[PREMIUM]",,"[]",,,"[PREMIUM]"
"999e5e77-060f-4e08-adc2-c6537f3a8adf","2026-05-06 23:45:01.871","2026-05-09 23:45:10.980","999e5e77-060f-4e08-adc2-c6537f3a8adf","[PREMIUM]","New",2026,"Subaru","Impreza","Sport","[PREMIUM]","[PREMIUM]",6,"Hatchback","Magnetite Gray Metallic","Black","All-wheel Drive",,,"Gasoline",,,"dealership","[PREMIUM]","Janesville","WI","[PREMIUM]",,"[]",,,"[PREMIUM]"
"b153753e-857b-4977-baba-93ac68fdb905","2026-05-06 23:45:01.868","2026-05-09 23:45:10.984","b153753e-857b-4977-baba-93ac68fdb905","[PREMIUM]","New",2026,"Nissan","Kicks","S","[PREMIUM]","[PREMIUM]",3,"SUV","Fresh Powder","Charcoal","Front-wheel Drive",,,"Gasoline",,,"dealership","[PREMIUM]","Marianna","FL","[PREMIUM]",,"[]",,,"[PREMIUM]"
"3e119d82-621f-4ef0-88f0-f0b77c8f2b7f","2026-05-06 23:45:01.853","2026-05-09 23:45:10.878","3e119d82-621f-4ef0-88f0-f0b77c8f2b7f","[PREMIUM]","New",2026,"Toyota","Corolla","SE","[PREMIUM]","[PREMIUM]",0,"Hatchback","White","Black Synthetic Suede","Front-wheel Drive",,,"Gasoline",,,"dealership","[PREMIUM]","Danvers","MA","[PREMIUM]",,"[]",,,"[PREMIUM]"
"264b517b-0fb2-4ea6-9e45-15240a022ae6","2026-05-06 23:45:01.853","2026-05-09 23:45:10.921","264b517b-0fb2-4ea6-9e45-15240a022ae6","[PREMIUM]","New",2026,"Toyota","Corolla Hybrid","LE","[PREMIUM]","[PREMIUM]",1,"Sedan","Underground","Black","Front-wheel Drive",,,"Hybrid",,,"dealership","[PREMIUM]","New Hampton","NY","[PREMIUM]",,"[]",,,"[PREMIUM]"
"d6e5fd6b-aa2e-419f-b407-76be11017cde","2026-05-06 23:45:01.849","2026-05-09 23:45:10.888","d6e5fd6b-aa2e-419f-b407-76be11017cde","[PREMIUM]","New",2026,"Toyota","Corolla","SE","[PREMIUM]","[PREMIUM]",0,"Sedan","Gray","Black","Front-wheel Drive",,,"Gasoline",,,"dealership","[PREMIUM]","Westminster","CA","[PREMIUM]",,"[]",,,"[PREMIUM]"
"7d0c8929-6b1e-4e4c-abb8-8dd2e1abadc8","2026-05-06 23:44:51.649","2026-05-06 23:44:51.649","7d0c8929-6b1e-4e4c-abb8-8dd2e1abadc8","[PREMIUM]","New",2026,"Toyota","Camry","LE","[PREMIUM]","[PREMIUM]",0,"Sedan","White","Black","Front-wheel Drive",,,"Gasoline",,,"dealership","[PREMIUM]","Westminster","CA","[PREMIUM]",,"[]",,,"[PREMIUM]"
"1181216f-0bff-43c5-9ba0-929706909ebc","2026-05-06 23:44:51.348","2026-05-09 23:45:00.717","1181216f-0bff-43c5-9ba0-929706909ebc","[PREMIUM]","New",2026,"Chevrolet","Equinox","1LT","[PREMIUM]","[PREMIUM]",0,"SUV","Lakeshore Blue Metallic","Black","Front-wheel Drive",,,"Gasoline",,,"dealership","[PREMIUM]","Royal Oak","MI","[PREMIUM]",,"[]",,,"[PREMIUM]"
"92c11a59-9e1a-41b7-9d61-30d92756279c","2026-05-06 23:44:51.338","2026-05-06 23:44:51.338","92c11a59-9e1a-41b7-9d61-30d92756279c","[PREMIUM]","New",2026,"Toyota","Corolla Hybrid","LE","[PREMIUM]","[PREMIUM]",0,"Sedan","Midnight Black Metallic","Black Fabric","All-wheel Drive",,,"Hybrid",,,"dealership","[PREMIUM]","White Hall","WV","[PREMIUM]",,"[]",,,"[PREMIUM]"
"7def69a2-53ed-4d6a-bb5f-2b757a081c35","2026-05-06 23:44:51.327","2026-05-12 23:45:21.475","7def69a2-53ed-4d6a-bb5f-2b757a081c35","[PREMIUM]","New",2026,"Toyota","Corolla Hybrid","SE","[PREMIUM]","[PREMIUM]",2,"Sedan","Underground","Black","Front-wheel Drive",,,"Hybrid",,,"dealership","[PREMIUM]","Decatur","AL","[PREMIUM]",,"[]",,,"[PREMIUM]"
"b46f1204-9945-44d1-9e80-88a8e081c5b9","2026-05-06 23:44:51.316","2026-05-06 23:44:51.316","b46f1204-9945-44d1-9e80-88a8e081c5b9","[PREMIUM]","New",2026,"Toyota","Corolla","LE","[PREMIUM]","[PREMIUM]",5,"Sedan","Celestite","Black","Front-wheel Drive",,,"Gasoline",,,"dealership","[PREMIUM]","Columbus","GA","[PREMIUM]",,"[]",,,"[PREMIUM]"
"14b8cbb4-03ee-43e5-8657-3e2734cf9e7e","2026-05-06 23:44:51.312","2026-05-09 23:45:00.362","14b8cbb4-03ee-43e5-8657-3e2734cf9e7e","[PREMIUM]","New",2026,"Honda","Civic","Sport","[PREMIUM]","[PREMIUM]",7,"Sedan","Silver","Black","Front-wheel Drive",,,"Gasoline",,,"dealership","[PREMIUM]","Cerritos","CA","[PREMIUM]",,"[]",,,"[PREMIUM]"
"42a61ee2-b58b-4212-9d70-e74a054363eb","2026-05-06 23:44:51.300","2026-05-09 23:45:00.524","42a61ee2-b58b-4212-9d70-e74a054363eb","[PREMIUM]","New",2026,"Chevrolet","Trax","LT","[PREMIUM]","[PREMIUM]",0,"SUV","Cypress Gray","Jet Black w/Blue Accents","Front-wheel Drive",,,"Gasoline",,,"dealership","[PREMIUM]","Paoli","PA","[PREMIUM]",,"[]",,,"[PREMIUM]"
"46732c12-41f0-4457-96d3-8355e704800b","2026-05-06 23:44:51.294","2026-05-06 23:44:51.294","46732c12-41f0-4457-96d3-8355e704800b","[PREMIUM]","New",2026,"Honda","Civic","LX","[PREMIUM]","[PREMIUM]",2,"Sedan","Blue","Black","Front-wheel Drive",,,"Gasoline",,,"dealership","[PREMIUM]","Cerritos","CA","[PREMIUM]",,"[]",,,"[PREMIUM]"
"143833c8-bd11-4422-9de3-774592724579","2026-05-06 23:44:51.247","2026-05-06 23:44:51.247","143833c8-bd11-4422-9de3-774592724579","[PREMIUM]","New",2026,"Toyota","Corolla","SE","[PREMIUM]","[PREMIUM]",0,"Sedan","Gray","Black","Front-wheel Drive",,,"Gasoline",,,"dealership","[PREMIUM]","Marion","OH","[PREMIUM]",,"[]",,,"[PREMIUM]"
"1b9a9691-2481-4d24-a441-77c23f1c6254","2026-05-06 23:44:41.094","2026-05-06 23:44:41.094","1b9a9691-2481-4d24-a441-77c23f1c6254","[PREMIUM]","New",2026,"Chevrolet","Equinox","1LT","[PREMIUM]","[PREMIUM]",1,"SUV","Lakeshore Blue Metallic","Black","Front-wheel Drive",,,"Gasoline",,,"dealership","[PREMIUM]","Southfield","MI","[PREMIUM]",,"[]",,,"[PREMIUM]"
"39222f90-972b-429b-8362-7dbf44d802d8","2026-05-06 23:44:41.019","2026-05-09 23:45:00.675","39222f90-972b-429b-8362-7dbf44d802d8","[PREMIUM]","New",2026,"Chevrolet","Trax","FWD ACTIV","[PREMIUM]","[PREMIUM]",3021,"SUV","Cacti Green","Jet Black With Artemis Accents, Evotex Seat Trim","Front-wheel Drive",,,"Gasoline",,,"dealership","[PREMIUM]","Irving","TX","[PREMIUM]",,"[]",,,"[PREMIUM]"
"151abc7f-afdd-47d7-8702-a6ff4fed23c4","2026-05-06 23:44:40.997","2026-05-06 23:44:40.997","151abc7f-afdd-47d7-8702-a6ff4fed23c4","[PREMIUM]","New",2026,"Hyundai","ELANTRA","Sport","[PREMIUM]","[PREMIUM]",5,"Sedan","Abyss Black","Gray","Front-wheel Drive",,,"Gasoline",,,"dealership","[PREMIUM]","Chicago","IL","[PREMIUM]",,"[]",,,"[PREMIUM]"
"44bdfdf6-04b3-4b9b-9a61-bfd05ec39121","2026-05-06 23:44:40.992","2026-05-09 23:45:00.555","44bdfdf6-04b3-4b9b-9a61-bfd05ec39121","[PREMIUM]","New",2026,"Subaru","Crosstrek","Premium","[PREMIUM]","[PREMIUM]",10,"SUV","Sapphire Blue Pearl","Blk Startex-Trmmed","All-wheel Drive",,,"Gasoline",,,"dealership","[PREMIUM]","Albany","CA","[PREMIUM]",,"[]",,,"[PREMIUM]"
"606d4ce5-0a67-4d29-bcb6-6b7c9d1c3935","2026-05-06 23:44:40.986","2026-05-09 23:45:00.455","606d4ce5-0a67-4d29-bcb6-6b7c9d1c3935","[PREMIUM]","New",2026,"Chevrolet","Trax","LT","[PREMIUM]","[PREMIUM]",2,"SUV","Mosaic Black Metallic","Jet Black w/Yellow Accents","Front-wheel Drive",,,"Gasoline",,,"dealership","[PREMIUM]","Cincinnati","OH","[PREMIUM]",,"[]",,,"[PREMIUM]"
"82c09993-264d-49f0-aa75-e7191e19f14b","2026-05-06 23:44:40.983","2026-05-09 23:45:00.338","82c09993-264d-49f0-aa75-e7191e19f14b","[PREMIUM]","New",2026,"Chevrolet","Trax","FWD 2RS","[PREMIUM]","[PREMIUM]",7,"SUV","Sterling Gray Metallic","Jet Black w/Red Accents","Front-wheel Drive",,,"Gasoline",,,"dealership","[PREMIUM]","Marion","OH","[PREMIUM]",,"[]",,,"[PREMIUM]"
"f4d34293-1f84-4e04-9c8d-b2ccf32ab563","2026-05-06 23:44:40.975","2026-05-09 23:45:00.441","f4d34293-1f84-4e04-9c8d-b2ccf32ab563","[PREMIUM]","New",2026,"Chevrolet","Trax","LT","[PREMIUM]","[PREMIUM]",5,"SUV","Summit White","Jet Black w/Blue Accents","Front-wheel Drive",,,"Gasoline",,,"dealership","[PREMIUM]","Logan","UT","[PREMIUM]",,"[]",,,"[PREMIUM]"
"07d341f6-0e92-4b8b-a7dc-48e6d8aae495","2026-05-06 23:44:40.970","2026-05-06 23:44:40.970","07d341f6-0e92-4b8b-a7dc-48e6d8aae495","[PREMIUM]","New",2026,"Toyota","Corolla","XSE","[PREMIUM]","[PREMIUM]",5,"Hatchback","Blue Crush Metallic/Midnight Black Metallic","Black w/SofTex Seat Trim","Front-wheel Drive",,,"Gasoline",,,"dealership","[PREMIUM]","Brunswick","OH","[PREMIUM]",,"[]",,,"[PREMIUM]"
"44f30548-d5f2-44d7-829a-5073e262bfcd","2026-05-06 23:44:40.969","2026-05-09 23:45:00.611","44f30548-d5f2-44d7-829a-5073e262bfcd","[PREMIUM]","New",2026,"Honda","Civic","Sport","[PREMIUM]","[PREMIUM]",6,"Sedan","Crystal Black Pearl","Black","Front-wheel Drive",,,"Gasoline",,,"dealership","[PREMIUM]","Cleveland Heights","OH","[PREMIUM]",,"[]",,,"[PREMIUM]"
"17a622bd-a2ca-41df-b14b-1e59487efae5","2026-05-06 23:44:40.958","2026-05-09 23:45:00.170","17a622bd-a2ca-41df-b14b-1e59487efae5","[PREMIUM]","New",2026,"Toyota","Corolla Hybrid","LE","[PREMIUM]","[PREMIUM]",3,"Sedan","Classic Silver Metallic","Light Gray","Front-wheel Drive",,,"Hybrid",,,"dealership","[PREMIUM]","Mount Airy","NC","[PREMIUM]",,"[]",,,"[PREMIUM]"
"7f8454c5-53f9-4add-9bd7-531be49de56e","2026-05-06 23:44:40.956","2026-05-12 23:45:10.972","7f8454c5-53f9-4add-9bd7-531be49de56e","[PREMIUM]","New",2026,"Chevrolet","Trax","LT","[PREMIUM]","[PREMIUM]",5,"SUV","Summit White","Jet Black With Blue Accen","Front-wheel Drive",,,"Gasoline",,,"dealership","[PREMIUM]","Boonton","NJ","[PREMIUM]",,"[]",,,"[PREMIUM]"
"2daf6beb-679e-4328-a9f3-41a35c3ce089","2026-05-06 23:44:40.944","2026-05-06 23:44:40.944","2daf6beb-679e-4328-a9f3-41a35c3ce089","[PREMIUM]","New",2026,"Chevrolet","Trax","FWD ACTIV","[PREMIUM]","[PREMIUM]",4,"SUV","Summit White","Jet Black w/Artemis Accents","Front-wheel Drive",,,"Gasoline",,,"dealership","[PREMIUM]","Marion","OH","[PREMIUM]",,"[]",,,"[PREMIUM]"
"b47ac276-7a5a-4770-9cba-d25e7ed01a3c","2026-05-06 23:44:40.928","2026-05-06 23:44:40.928","b47ac276-7a5a-4770-9cba-d25e7ed01a3c","[PREMIUM]","New",2026,"Honda","HR-V","LX","[PREMIUM]","[PREMIUM]",12,"SUV","Crystal Black Pearl","Bk/Black","Front-wheel Drive",,,"Gasoline",,,"dealership","[PREMIUM]","Durham","NC","[PREMIUM]",,"[]",,,"[PREMIUM]"
"199628a7-92fa-48a2-9356-cada25d7f5c8","2026-05-06 23:44:30.601","2026-05-06 23:44:30.601","199628a7-92fa-48a2-9356-cada25d7f5c8","[PREMIUM]","New",2026,"Subaru","Crosstrek","Base","[PREMIUM]","[PREMIUM]",5,"SUV","Lithium Red Pearl","Gray","All-wheel Drive",,,"Gasoline",,,"dealership","[PREMIUM]","Brunswick","OH","[PREMIUM]",,"[]",,,"[PREMIUM]"
"65aea603-0192-4bda-8537-d1117aa3d150","2026-05-06 23:44:30.594","2026-05-06 23:44:30.594","65aea603-0192-4bda-8537-d1117aa3d150","[PREMIUM]","New",2026,"Chevrolet","Trailblazer","RS","[PREMIUM]","[PREMIUM]",8,"SUV","White Sands","Jet Black w/Red Accents","Front-wheel Drive",,,"Gasoline",,,"dealership","[PREMIUM]","Bolingbrook","IL","[PREMIUM]",,"[]",,,"[PREMIUM]"
"b95e5d84-a044-4523-bb09-a7eeae6271ba","2026-05-06 23:44:30.592","2026-05-06 23:44:30.592","b95e5d84-a044-4523-bb09-a7eeae6271ba","[PREMIUM]","New",2026,"Chevrolet","Equinox","1LT","[PREMIUM]","[PREMIUM]",41,"SUV","Lakeshore Blue Metallic","Black","Front-wheel Drive",,,"Gasoline",,,"dealership","[PREMIUM]","McKinney","TX","[PREMIUM]",,"[]",,,"[PREMIUM]"
"31e85a3d-419c-4caf-8f17-8a13a7cb5794","2026-05-06 23:44:30.588","2026-05-06 23:44:30.588","31e85a3d-419c-4caf-8f17-8a13a7cb5794","[PREMIUM]","New",2026,"Kia","Niro","LX","[PREMIUM]","[PREMIUM]",3,"SUV","Runway Red","Charcoal","Front-wheel Drive",,,"Gasoline",,,"dealership","[PREMIUM]","West Springfield","MA","[PREMIUM]",,"[]",,,"[PREMIUM]"
"fce15a61-5e61-4814-9119-14259e52362d","2026-05-06 23:44:30.586","2026-05-06 23:44:30.586","fce15a61-5e61-4814-9119-14259e52362d","[PREMIUM]","New",2026,"Mazda","Mazda3","2.5 S Select Sport","[PREMIUM]","[PREMIUM]",2,"Sedan","Deep Crystal Blue Mica","Black","Front-wheel Drive",,,"Gasoline",,,"dealership","[PREMIUM]","Lubbock","TX","[PREMIUM]",,"[]",,,"[PREMIUM]"
"cb362410-0ae8-4f60-8390-d797537c930c","2026-05-06 23:44:30.576","2026-05-09 23:44:40.118","cb362410-0ae8-4f60-8390-d797537c930c","[PREMIUM]","New",2026,"Subaru","Crosstrek","Premium","[PREMIUM]","[PREMIUM]",10,"SUV","Lithium Red Pearl","Blk Startex-Trmmed","All-wheel Drive",,,"Gasoline",,,"dealership","[PREMIUM]","Albany","CA","[PREMIUM]",,"[]",,,"[PREMIUM]"
"546fb549-6895-40b5-96ed-1a73d4accbc3","2026-05-06 23:44:30.572","2026-05-06 23:44:30.572","546fb549-6895-40b5-96ed-1a73d4accbc3","[PREMIUM]","New",2026,"Chevrolet","Trax","FWD 2RS","[PREMIUM]","[PREMIUM]",3,"SUV","Mosaic Black Metallic","Jet Black w/Red Accents","Front-wheel Drive",,,"Gasoline",,,"dealership","[PREMIUM]","Baltimore","MD","[PREMIUM]",,"[]",,,"[PREMIUM]"
"44c0c044-77a4-457c-a488-0aa7cfb8810c","2026-05-06 23:44:30.568","2026-05-09 23:44:39.863","44c0c044-77a4-457c-a488-0aa7cfb8810c","[PREMIUM]","New",2026,"Mazda","CX-30","2.5 S Select Sport","[PREMIUM]","[PREMIUM]",2,"SUV","Soul Red Crystal Metallic","Black","All-wheel Drive",,,"Gasoline",,,"dealership","[PREMIUM]","Lubbock","TX","[PREMIUM]",,"[]",,,"[PREMIUM]"
"2361804d-cde1-4edd-a3de-acbae2eed3dd","2026-05-06 23:44:30.564","2026-05-06 23:44:30.564","2361804d-cde1-4edd-a3de-acbae2eed3dd","[PREMIUM]","New",2026,"Mazda","Mazda3","FWD w/Select Package","[PREMIUM]","[PREMIUM]",1,"Sedan","Deep Crystal Blue Mica","Black","FWD",,,"Gasoline",,,"dealership","[PREMIUM]","Cleveland","OH","[PREMIUM]",,"[]",,,"[PREMIUM]"
"40f0710f-845b-4deb-8ecd-bb5fae1b1f7b","2026-05-06 23:44:30.551","2026-05-12 23:44:50.545","40f0710f-845b-4deb-8ecd-bb5fae1b1f7b","[PREMIUM]","New",2026,"Subaru","Impreza","Sport","[PREMIUM]","[PREMIUM]",0,"Hatchback","Crystal White Pearl","Black","All-wheel Drive",,,"Gasoline",,,"dealership","[PREMIUM]","Owings Mills","MD","[PREMIUM]",,"[]",,,"[PREMIUM]"
"52bea230-02af-4f33-8fa2-80f58fd144fb","2026-05-06 23:44:30.551","2026-05-12 23:44:50.553","52bea230-02af-4f33-8fa2-80f58fd144fb","[PREMIUM]","New",2026,"Honda","Accord","LX 1.5T","[PREMIUM]","[PREMIUM]",2,"Sedan","Meteorite Gray Metallic","Black","Front-wheel Drive",,,"Gasoline",,,"dealership","[PREMIUM]","Elyria","OH","[PREMIUM]",,"[]",,,"[PREMIUM]"
"90247636-1ce0-47b3-a94d-e3ac4829382e","2026-05-06 23:44:30.538","2026-05-09 23:44:39.791","90247636-1ce0-47b3-a94d-e3ac4829382e","[PREMIUM]","New",2026,"Chevrolet","Trailblazer","LT","[PREMIUM]","[PREMIUM]",87,"SUV","Cacti Green","Jet Black","All-wheel Drive",,,"Gasoline",,,"dealership","[PREMIUM]","Flint","MI","[PREMIUM]",,"[]",,,"[PREMIUM]"
"d7d1adef-e541-479e-a4be-a5630b1b1315","2026-05-06 23:44:30.530","2026-05-09 23:44:39.822","d7d1adef-e541-479e-a4be-a5630b1b1315","[PREMIUM]","New",2026,"Toyota","Corolla","SE","[PREMIUM]","[PREMIUM]",0,"Sedan","Gray","Black / Red","Front-wheel Drive",,,"Gasoline",,,"dealership","[PREMIUM]","Miami","FL","[PREMIUM]",,"[]",,,"[PREMIUM]"
"166a4b56-7e06-4b5e-879a-8c2109cdebeb","2026-05-06 23:44:30.491","2026-05-12 23:44:50.545","166a4b56-7e06-4b5e-879a-8c2109cdebeb","[PREMIUM]","New",2026,"Toyota","Corolla","LE","[PREMIUM]","[PREMIUM]",0,"Sedan","White","Macadamia","Front-wheel Drive",,,"Gasoline",,,"dealership","[PREMIUM]","Miami","FL","[PREMIUM]",,"[]",,,"[PREMIUM]"
"5d1e84e0-ef6f-428b-8f00-021666535c5e","2026-05-06 23:44:30.491","2026-05-12 23:44:50.650","5d1e84e0-ef6f-428b-8f00-021666535c5e","[PREMIUM]","New",2026,"Hyundai","ELANTRA","Sport","[PREMIUM]","[PREMIUM]",4116,"Sedan","Serenity White Pearl","Black","Front-wheel Drive",,,"Gasoline",,,"dealership","[PREMIUM]","Flint","MI","[PREMIUM]",,"[]",,,"[PREMIUM]"
"a7e02800-3fa4-4e80-a5b0-3d32158b25b0","2026-05-06 23:44:19.875","2026-05-09 23:44:40.045","a7e02800-3fa4-4e80-a5b0-3d32158b25b0","[PREMIUM]","New",2026,"Hyundai","KONA","SEL Sport","[PREMIUM]","[PREMIUM]",0,"SUV","Atlas White","Black","Front-wheel Drive",,,"Gasoline",,,"dealership","[PREMIUM]","Coconut Creek","FL","[PREMIUM]",,"[]",,,"[PREMIUM]"
"c3571612-8176-47cb-999b-78840a386c60","2026-05-06 23:44:19.861","2026-05-06 23:44:19.861","c3571612-8176-47cb-999b-78840a386c60","[PREMIUM]","New",2026,"Chevrolet","Trax","FWD 1RS","[PREMIUM]","[PREMIUM]",225,"SUV","Summit White","Jet Black/Gray w/Red Accents","Front-wheel Drive",,,"Gasoline",,,"dealership","[PREMIUM]","Santa Barbara","CA","[PREMIUM]",,"[]",,,"[PREMIUM]"
"de29cd58-c088-409f-b160-8855b1036926","2026-05-06 23:44:19.856","2026-05-06 23:44:19.856","de29cd58-c088-409f-b160-8855b1036926","[PREMIUM]","New",2026,"Buick","Envista","Sport Touring FWD","[PREMIUM]","[PREMIUM]",5,"SUV","Ocean Blue Metallic","Ebony w/Santorini Blue Stitching","Front Wheel Drive",,,"Regular unleaded",,,"dealership","[PREMIUM]","Lebanon","PA","[PREMIUM]",,"[]",,,"[PREMIUM]"
"0ce27ab6-64c7-4039-8690-aaff9cff29c3","2026-05-06 23:44:19.833","2026-05-09 23:44:40.055","0ce27ab6-64c7-4039-8690-aaff9cff29c3","[PREMIUM]","New",2026,"Chevrolet","Trax","LT","[PREMIUM]","[PREMIUM]",5,"SUV","Cypress Gray","Jet Black w/Blue Accents","Front-wheel Drive",,,"Gasoline",,,"dealership","[PREMIUM]","Fayetteville","AR","[PREMIUM]",,"[]",,,"[PREMIUM]"
"f26e9813-6a62-4324-93f7-183e6e075c60","2026-05-06 23:44:19.815","2026-05-09 23:44:39.897","f26e9813-6a62-4324-93f7-183e6e075c60","[PREMIUM]","New",2026,"Honda","Civic","Sport","[PREMIUM]","[PREMIUM]",4,"Sedan","Solar Silver Metallic","Black","Front-wheel Drive",,,"Gasoline",,,"dealership","[PREMIUM]","Los Angeles","CA","[PREMIUM]",,"[]",,,"[PREMIUM]"
"4beb5f24-c539-4e3c-acbd-06c47701b41a","2026-05-06 23:44:19.808","2026-05-06 23:44:19.808","4beb5f24-c539-4e3c-acbd-06c47701b41a","[PREMIUM]","Used",2026,"Kia","Seltos","EX","[PREMIUM]","[PREMIUM]",1208,"SUV","Gravity Gray","Black","All-wheel Drive",,,"Gasoline",,,"dealership","[PREMIUM]","Larksville","PA","[PREMIUM]",,"[]",,,"[PREMIUM]"
"71e4460f-7675-4726-9918-dd86d7d16dcb","2026-05-06 23:44:09.710","2026-05-12 23:44:30.298","71e4460f-7675-4726-9918-dd86d7d16dcb","[PREMIUM]","New",2026,"Hyundai","KONA","SEL Sport","[PREMIUM]","[PREMIUM]",17,"SUV","Ultimate Red Metallic","Black","Front-wheel Drive",,,"Gasoline",,,"dealership","[PREMIUM]","Coconut Creek","FL","[PREMIUM]",,"[]",,,"[PREMIUM]"
"443f0985-121a-4a44-8a48-6dc0fa8e4763","2026-05-06 23:44:09.632","2026-05-09 23:44:19.299","443f0985-121a-4a44-8a48-6dc0fa8e4763","[PREMIUM]","New",2026,"Chevrolet","Trailblazer","LT","[PREMIUM]","[PREMIUM]",7,"SUV","Mosaic Black Metallic","Jet Black","All-wheel Drive",,,"Gasoline",,,"dealership","[PREMIUM]","Bolingbrook","IL","[PREMIUM]",,"[]",,,"[PREMIUM]"
"f14c9395-b6eb-44a9-ad11-4a15687dd270","2026-05-06 23:44:09.615","2026-05-06 23:44:09.615","f14c9395-b6eb-44a9-ad11-4a15687dd270","[PREMIUM]","New",2026,"Chevrolet","Trailblazer","LT","[PREMIUM]","[PREMIUM]",0,"SUV","Cacti Green","Jet Black","Front-wheel Drive",,,"Gasoline",,,"dealership","[PREMIUM]","Fayetteville","AR","[PREMIUM]",,"[]",,,"[PREMIUM]"
"42cb0422-9309-46e2-8880-7b9f3001ff3f","2026-05-06 23:44:09.600","2026-05-09 23:44:19.532","42cb0422-9309-46e2-8880-7b9f3001ff3f","[PREMIUM]","New",2026,"Honda","Civic","Sport","[PREMIUM]","[PREMIUM]",4,"Sedan","Platinum White Pearl","Black","Front-wheel Drive",,,"Gasoline",,,"dealership","[PREMIUM]","Los Angeles","CA","[PREMIUM]",,"[]",,,"[PREMIUM]"
"0fba193e-42fd-49d0-b628-d55abf8073b1","2026-05-06 23:44:09.592","2026-05-06 23:44:09.592","0fba193e-42fd-49d0-b628-d55abf8073b1","[PREMIUM]","New",2026,"Honda","HR-V","LX","[PREMIUM]","[PREMIUM]",4,"SUV","Platinum White Pearl","Black","Front Wheel Drive",,,"Gasoline",,,"dealership","[PREMIUM]","Los Angeles","CA","[PREMIUM]",,"[]",,,"[PREMIUM]"
"b41ba5ef-2432-4579-a75f-e3594d85b276","2026-05-06 23:43:59.649","2026-05-06 23:43:59.649","b41ba5ef-2432-4579-a75f-e3594d85b276","[PREMIUM]","New",2026,"Honda","Civic","Sport","[PREMIUM]","[PREMIUM]",4,"Hatchback","Urban Gray Pearl","Black","Front Wheel Drive",,,"Regular unleaded",,,"dealership","[PREMIUM]","Los Angeles","CA","[PREMIUM]",,"[]",,,"[PREMIUM]"
"acee0571-4a05-4c3a-83c5-06732537bd97","2026-05-06 23:43:59.424","2026-05-06 23:43:59.424","acee0571-4a05-4c3a-83c5-06732537bd97","[PREMIUM]","New",2026,"Chevrolet","Trailblazer","LT","[PREMIUM]","[PREMIUM]",5,"SUV","Apex Red","Jet Black","All-wheel Drive",,,"Gasoline",,,"dealership","[PREMIUM]","Akron","OH","[PREMIUM]",,"[]",,,"[PREMIUM]"
"1ada3cdc-fd3f-4aa1-ba97-5ae82d88db40","2026-05-06 23:43:59.389","2026-05-09 23:44:09.162","1ada3cdc-fd3f-4aa1-ba97-5ae82d88db40","[PREMIUM]","New",2026,"Chevrolet","Trax","LT","[PREMIUM]","[PREMIUM]",5,"SUV","Summit White","Jet Black w/Blue Accents","Front-wheel Drive",,,"Gasoline",,,"dealership","[PREMIUM]","Herculaneum","MO","[PREMIUM]",,"[]",,,"[PREMIUM]"
"cb8f7328-c56d-40ac-990a-5eb546b5cb88","2026-05-06 23:43:59.381","2026-05-09 23:44:09.291","cb8f7328-c56d-40ac-990a-5eb546b5cb88","[PREMIUM]","New",2026,"Chevrolet","Trax","LT","[PREMIUM]","[PREMIUM]",4,"SUV","Sterling Gray Metallic","Jet Black With Blue Accents, Cloth/Evotex Seat Trim","Front-wheel Drive",,,"Gasoline",,,"dealership","[PREMIUM]","Herculaneum","MO","[PREMIUM]",,"[]",,,"[PREMIUM]"
"276e83cd-ed5b-43b6-a182-73534b6b62b0","2026-05-06 23:43:59.377","2026-05-09 23:44:19.393","276e83cd-ed5b-43b6-a182-73534b6b62b0","[PREMIUM]","New",2026,"Honda","Civic","Sport","[PREMIUM]","[PREMIUM]",2,"Hatchback","Urban Gray Pearl","Black","Front-wheel Drive",,,"Gasoline",,,"dealership","[PREMIUM]","Austin","TX","[PREMIUM]",,"[]",,,"[PREMIUM]"
"f73eb897-ca6d-4e78-91ee-072507e06cb1","2026-05-06 23:43:59.369","2026-05-06 23:43:59.369","f73eb897-ca6d-4e78-91ee-072507e06cb1","[PREMIUM]","New",2026,"Toyota","Corolla","LE","[PREMIUM]","[PREMIUM]",2,"Sedan","Underground","Black","Front-wheel Drive",,,"Gasoline",,,"dealership","[PREMIUM]","Raleigh","NC","[PREMIUM]",,"[]",,,"[PREMIUM]"
"baa56f75-a0e6-4f12-9a10-bb1d8436dfeb","2026-05-06 23:43:49.388","2026-05-09 23:43:58.497","baa56f75-a0e6-4f12-9a10-bb1d8436dfeb","[PREMIUM]","New",2026,"Honda","HR-V","LX","[PREMIUM]","[PREMIUM]",4,"SUV","Platinum White Pearl","Gray","Front-wheel Drive",,,"Gasoline",,,"dealership","[PREMIUM]","Los Angeles","CA","[PREMIUM]",,"[]",,,"[PREMIUM]"
"0dbf1040-a241-44bd-9898-c2ab3dee4fef","2026-05-06 23:43:49.277","2026-05-06 23:43:49.277","0dbf1040-a241-44bd-9898-c2ab3dee4fef","[PREMIUM]","New",2026,"Mazda","CX-30","Select","[PREMIUM]","[PREMIUM]",,"SUV","Machine Gray Metallic","Black/Black","All-wheel Drive",,,"Gasoline",,,"dealership","[PREMIUM]","Savannah","GA","[PREMIUM]",,"[]",,,"[PREMIUM]"
"95beffad-8a1d-4d09-bcae-48cef413862b","2026-05-06 23:43:49.075","2026-05-06 23:43:49.075","95beffad-8a1d-4d09-bcae-48cef413862b","[PREMIUM]","New",2026,"Chevrolet","Trax","FWD ACTIV","[PREMIUM]","[PREMIUM]",1,"SUV","Sterling Gray Metallic","Jet Black With Artemis Accents, Evotex Seat Trim","Front-wheel Drive",,,"Gasoline",,,"dealership","[PREMIUM]","Herculaneum","MO","[PREMIUM]",,"[]",,,"[PREMIUM]"
"518371b5-782a-44d9-982b-1afb45bba9b4","2026-05-06 23:43:49.063","2026-05-12 23:44:00.030","518371b5-782a-44d9-982b-1afb45bba9b4","[PREMIUM]","New",2026,"Chevrolet","Trax","LT","[PREMIUM]","[PREMIUM]",5,"SUV","Cypress Gray","Jet Black With Blue Accents, Cloth/Evotex Seat Trim","Front-wheel Drive",,,"Gasoline",,,"dealership","[PREMIUM]","Herculaneum","MO","[PREMIUM]",,"[]",,,"[PREMIUM]"
"bf89b7dc-2acc-4f93-960a-3996501b4307","2026-05-06 23:43:49.062","2026-05-09 23:43:58.635","bf89b7dc-2acc-4f93-960a-3996501b4307","[PREMIUM]","New",2026,"Nissan","Rogue","S","[PREMIUM]","[PREMIUM]",5,"SUV","Super Black","Charcoal","Front-wheel Drive",,,"Gasoline",,,"dealership","[PREMIUM]","Bentonville","AR","[PREMIUM]",,"[]",,,"[PREMIUM]"
"01596ee9-7507-4592-a66e-e603ee6d5d01","2026-05-06 23:43:49.038","2026-05-09 23:43:58.886","01596ee9-7507-4592-a66e-e603ee6d5d01","[PREMIUM]","New",2026,"Chevrolet","Trax","FWD ACTIV","[PREMIUM]","[PREMIUM]",3,"SUV","Mosaic Black Metallic","Jet Black w/Artemis Accents","Front-wheel Drive",,,"Gasoline",,,"dealership","[PREMIUM]","Oak Lawn","IL","[PREMIUM]",,"[]",,,"[PREMIUM]"
"acb2459a-d85f-4103-b450-232255d14b9c","2026-05-06 23:43:48.973","2026-05-06 23:43:48.973","acb2459a-d85f-4103-b450-232255d14b9c","[PREMIUM]","New",2026,"Kia","Sportage","LX","[PREMIUM]","[PREMIUM]",6,"SUV","Panthera Metal Gray","Bk","Front-wheel Drive",,,"Gasoline",,,"dealership","[PREMIUM]","Riverside","CA","[PREMIUM]",,"[]",,,"[PREMIUM]"
"e567a3a7-0e1a-4ba2-a3d1-6c5f5329657f","2026-05-06 23:43:48.938","2026-05-09 23:43:58.391","e567a3a7-0e1a-4ba2-a3d1-6c5f5329657f","[PREMIUM]","New",2026,"Mazda","Mazda3","FWD w/Select Package","[PREMIUM]","[PREMIUM]",,"Sedan","Ceramic Metallic","Black","Front-wheel Drive",,,"Gasoline",,,"dealership","[PREMIUM]","Savannah","GA","[PREMIUM]",,"[]",,,"[PREMIUM]"
"0d4cf7e1-22b6-4b8a-82d9-4b003d554bd8","2026-05-06 23:43:48.936","2026-05-09 23:43:58.403","0d4cf7e1-22b6-4b8a-82d9-4b003d554bd8","[PREMIUM]","New",2026,"Chevrolet","Trax","FWD ACTIV","[PREMIUM]","[PREMIUM]",0,"SUV","Cacti Green","Jet Black With Artemis Accent","Front-wheel Drive",,,"Gasoline",,,"dealership","[PREMIUM]","Tallmadge","OH","[PREMIUM]",,"[]",,,"[PREMIUM]"
"fb6966c5-2d65-4b17-92a7-f0c14ca0da7f","2026-05-06 23:43:48.928","2026-05-06 23:43:48.928","fb6966c5-2d65-4b17-92a7-f0c14ca0da7f","[PREMIUM]","New",2026,"Mazda","CX-30","2.5 S","[PREMIUM]","[PREMIUM]",,"SUV","Snowflake White Pearl","Black/Black","All-wheel Drive",,,"Gasoline",,,"dealership","[PREMIUM]","Savannah","GA","[PREMIUM]",,"[]",,,"[PREMIUM]"
"6177189a-e070-4b94-849b-25e874a80a2f","2026-05-06 23:43:48.894","2026-05-09 23:43:58.402","6177189a-e070-4b94-849b-25e874a80a2f","[PREMIUM]","New",2026,"Chevrolet","Trailblazer","LT","[PREMIUM]","[PREMIUM]",2297,"SUV","Sterling Gray Metallic","Jet Black","Front-wheel Drive",,,"Gasoline",,,"dealership","[PREMIUM]","Akron","OH","[PREMIUM]",,"[]",,,"[PREMIUM]"
"a98b6ef7-00ca-4f19-a74e-4c69e6773b98","2026-05-06 23:43:48.879","2026-05-06 23:43:48.879","a98b6ef7-00ca-4f19-a74e-4c69e6773b98","[PREMIUM]","New",2026,"Hyundai","TUCSON","SEL","[PREMIUM]","[PREMIUM]",17,"SUV","Ecotronic Gray","Black","Front-wheel Drive",,,"Gasoline",,,"dealership","[PREMIUM]","Joliet","IL","[PREMIUM]",,"[]",,,"[PREMIUM]"
"6043db8d-9add-4231-8983-1a90415bc3c9","2026-05-06 23:43:48.847","2026-05-09 23:43:58.510","6043db8d-9add-4231-8983-1a90415bc3c9","[PREMIUM]","New",2026,"Mazda","CX-30","2.5 S","[PREMIUM]","[PREMIUM]",,"SUV","Jet Black Mica","Black/Black","All-wheel Drive",,,"Gasoline",,,"dealership","[PREMIUM]","Savannah","GA","[PREMIUM]",,"[]",,,"[PREMIUM]"
"37a838db-9710-4f76-8a73-2558e55380b4","2026-05-06 23:43:48.808","2026-05-09 23:43:58.401","37a838db-9710-4f76-8a73-2558e55380b4","[PREMIUM]","New",2026,"Mazda","CX-30","Select","[PREMIUM]","[PREMIUM]",,"SUV","Machine Gray Metallic","Black/Black","All-wheel Drive",,,"Gasoline",,,"dealership","[PREMIUM]","Savannah","GA","[PREMIUM]",,"[]",,,"[PREMIUM]"
"455429c5-687d-4b2e-afb8-33553ffd93d0","2026-05-06 23:43:38.319","2026-05-09 23:43:48.195","455429c5-687d-4b2e-afb8-33553ffd93d0","[PREMIUM]","New",2026,"Hyundai","KONA","SEL Sport","[PREMIUM]","[PREMIUM]",204,"SUV","Cyber Gray Metallic","Black","Front-wheel Drive",,,"Gasoline",,,"dealership","[PREMIUM]","Joliet","IL","[PREMIUM]",,"[]",,,"[PREMIUM]"
"e8fbd2ec-c0ba-4094-b972-e1bbeeadb95e","2026-05-06 23:43:38.287","2026-05-09 23:43:47.875","e8fbd2ec-c0ba-4094-b972-e1bbeeadb95e","[PREMIUM]","New",2026,"Kia","Seltos","S","[PREMIUM]","[PREMIUM]",0,"SUV","Pluton Blue/Black Roof","Black","All-wheel Drive",,,"Gasoline",,,"dealership","[PREMIUM]","North Olmsted","OH","[PREMIUM]",,"[]",,,"[PREMIUM]"
"ef96cac9-9f52-4580-aa56-1fc6f02fefaf","2026-05-06 23:43:38.273","2026-05-09 23:43:58.484","ef96cac9-9f52-4580-aa56-1fc6f02fefaf","[PREMIUM]","New",2026,"Mazda","CX-30","Select","[PREMIUM]","[PREMIUM]",,"SUV","Ceramic Metallic","Black/Black","All-wheel Drive",,,"Gasoline",,,"dealership","[PREMIUM]","Savannah","GA","[PREMIUM]",,"[]",,,"[PREMIUM]"
"b45da663-99e6-4263-8f7a-37603e2d381e","2026-05-06 23:43:38.268","2026-05-06 23:43:38.268","b45da663-99e6-4263-8f7a-37603e2d381e","[PREMIUM]","New",2026,"Mitsubishi","Outlander","LE 1.5T 2WD","[PREMIUM]","[PREMIUM]",5,"SUV","White Diamond","Black","Front-wheel Drive",,,"Gasoline",,,"dealership","[PREMIUM]","Deland","FL","[PREMIUM]",,"[]",,,"[PREMIUM]"
"649e4098-5823-478a-99b2-c2887f0a709d","2026-05-06 23:43:38.265","2026-05-06 23:43:38.265","649e4098-5823-478a-99b2-c2887f0a709d","[PREMIUM]","New",2026,"Honda","Civic","Sport","[PREMIUM]","[PREMIUM]",4,"Sedan","Meteorite Gray Metallic","Black","Front Wheel Drive",,,"Regular unleaded",,,"dealership","[PREMIUM]","Los Angeles","CA","[PREMIUM]",,"[]",,,"[PREMIUM]"
"c084de84-0491-4982-9d9f-c7b45af2c349","2026-05-06 23:43:38.262","2026-05-06 23:43:38.262","c084de84-0491-4982-9d9f-c7b45af2c349","[PREMIUM]","New",2026,"Toyota","Corolla","LE","[PREMIUM]","[PREMIUM]",2,"Sedan","Celestite","Black","Front-wheel Drive",,,"Gasoline",,,"dealership","[PREMIUM]","Sanford","NC","[PREMIUM]",,"[]",,,"[PREMIUM]"
"64df26d9-1e5f-441c-8e94-acbeafb5b1da","2026-05-06 23:43:38.250","2026-05-12 23:43:59.994","64df26d9-1e5f-441c-8e94-acbeafb5b1da","[PREMIUM]","New",2026,"Mazda","Mazda3","FWD w/Select Package","[PREMIUM]","[PREMIUM]",2,"Sedan","Deep Crystal Blue Mica","Black","Front-wheel Drive",,,"Gasoline",,,"dealership","[PREMIUM]","Savannah","GA","[PREMIUM]",,"[]",,,"[PREMIUM]"
"513a1dd3-4abe-405f-8726-709c4816b29d","2026-05-06 23:43:38.248","2026-05-06 23:43:38.248","513a1dd3-4abe-405f-8726-709c4816b29d","[PREMIUM]","New",2026,"Mazda","Mazda3","2.5 S Carbon Edition","[PREMIUM]","[PREMIUM]",,"Sedan","Polymetal Gray Metallic","Red","All-wheel Drive",,,"Gasoline",,,"dealership","[PREMIUM]","Savannah","GA","[PREMIUM]",,"[]",,,"[PREMIUM]"
"a9322ddc-322d-483d-85a0-5f7fa8720f5d","2026-05-06 23:43:38.236","2026-05-09 23:43:47.880","a9322ddc-322d-483d-85a0-5f7fa8720f5d","[PREMIUM]","Used",2026,"Toyota","Corolla Hybrid","SE","[PREMIUM]","[PREMIUM]",8640,"Sedan","Pearl","Moonstone","All-wheel Drive",,,"Hybrid",,,"dealership","[PREMIUM]","West Burlington","IA","[PREMIUM]",,"[]",,,"[PREMIUM]"
"5816ce6a-68d0-456a-a4c6-b50674ddaefe","2026-05-06 23:43:38.234","2026-05-09 23:43:47.951","5816ce6a-68d0-456a-a4c6-b50674ddaefe","[PREMIUM]","New",2026,"Hyundai","KONA","SEL Sport","[PREMIUM]","[PREMIUM]",10,"SUV","Denim Blue Pearl","Black","Front-wheel Drive",,,"Gasoline",,,"dealership","[PREMIUM]","Joliet","IL","[PREMIUM]",,"[]",,,"[PREMIUM]"
"cb38f85f-a253-4a48-9827-829acea065f6","2026-05-06 23:43:38.200","2026-05-06 23:43:38.200","cb38f85f-a253-4a48-9827-829acea065f6","[PREMIUM]","Used",2026,"Hyundai","TUCSON","SE","[PREMIUM]","[PREMIUM]",4117,"SUV","Hampton Gray","Black","Front-wheel Drive",,,"Gasoline",,,"dealership","[PREMIUM]","Orlando","FL","[PREMIUM]",,"[]",,,"[PREMIUM]"
"42023ca2-7950-417e-87b8-ec73d800c843","2026-05-06 23:43:28.025","2026-05-06 23:43:28.025","42023ca2-7950-417e-87b8-ec73d800c843","[PREMIUM]","New",2026,"Chevrolet","Equinox","1LT","[PREMIUM]","[PREMIUM]",0,"SUV","Sterling Gray Metallic","Ekv Black","Front-wheel Drive",,,"Gasoline",,,"dealership","[PREMIUM]","Daytona Beach","FL","[PREMIUM]",,"[]",,,"[PREMIUM]"
"da7f5e27-382d-46c7-a139-dd22ceec5a59","2026-05-06 23:43:27.943","2026-05-09 23:43:37.033","da7f5e27-382d-46c7-a139-dd22ceec5a59","[PREMIUM]","Used",2026,"Nissan","Rogue","SV","[PREMIUM]","[PREMIUM]",146,"SUV","Super Black","Charcoal","All-wheel Drive",,,"Gasoline",,,"dealership","[PREMIUM]","Wilkes-Barre","PA","[PREMIUM]",,"[]",,,"[PREMIUM]"
"7d3f11bf-1c3c-418e-ad3d-1dc4cd41a28a","2026-05-06 23:43:27.924","2026-05-09 23:43:37.156","7d3f11bf-1c3c-418e-ad3d-1dc4cd41a28a","[PREMIUM]","New",2026,"Chevrolet","Equinox","1LT","[PREMIUM]","[PREMIUM]",3,"SUV","Sterling Gray Metallic","Black","Front-wheel Drive",,,"Gasoline",,,"dealership","[PREMIUM]","Richardson","TX","[PREMIUM]",,"[]",,,"[PREMIUM]"
"12168718-a86e-46ef-9cc5-d63bda3c038e","2026-05-06 23:43:27.741","2026-05-09 23:43:47.810","12168718-a86e-46ef-9cc5-d63bda3c038e","[PREMIUM]","New",2026,"Kia","Seltos","S","[PREMIUM]","[PREMIUM]",1,"SUV","Fusion Black","Black","All-wheel Drive",,,"Gasoline",,,"dealership","[PREMIUM]","Riverdale","NJ","[PREMIUM]",,"[]",,,"[PREMIUM]"
"ef070c3c-ac13-44fa-84f9-ce9a6f9e6e92","2026-05-06 23:43:27.726","2026-05-06 23:43:27.726","ef070c3c-ac13-44fa-84f9-ce9a6f9e6e92","[PREMIUM]","New",2026,"Kia","Seltos","S","[PREMIUM]","[PREMIUM]",1,"SUV","Snow White Pearl","Black","All-wheel Drive",,,"Gasoline",,,"dealership","[PREMIUM]","Riverdale","NJ","[PREMIUM]",,"[]",,,"[PREMIUM]"
"648edb01-9146-457c-9534-22b19124bea3","2026-05-06 23:43:27.717","2026-05-12 23:43:49.808","648edb01-9146-457c-9534-22b19124bea3","[PREMIUM]","New",2026,"Nissan","Rogue","SV","[PREMIUM]","[PREMIUM]",6,"SUV","Super Black","Charcoal","All-wheel Drive",,,"Gasoline",,,"dealership","[PREMIUM]","Wilkes-Barre","PA","[PREMIUM]",,"[]",,,"[PREMIUM]"
"73cef852-a65d-412c-89c5-b108e431d65f","2026-05-06 23:43:27.672","2026-05-06 23:43:27.672","73cef852-a65d-412c-89c5-b108e431d65f","[PREMIUM]","New",2026,"Subaru","Impreza","Sport","[PREMIUM]","[PREMIUM]",0,"Hatchback","Crystal White Pearl","Black","All-wheel Drive",,,"Gasoline",,,"dealership","[PREMIUM]","Silver Spring","MD","[PREMIUM]",,"[]",,,"[PREMIUM]"
"8e04c9fc-99d3-4f3c-b13e-63f6ca655b04","2026-05-06 23:43:27.663","2026-05-06 23:43:27.663","8e04c9fc-99d3-4f3c-b13e-63f6ca655b04","[PREMIUM]","Used",2026,"Hyundai","TUCSON","SE","[PREMIUM]","[PREMIUM]",2357,"SUV","Phantom Black","Black","Front-wheel Drive",,,"Gasoline",,,"dealership","[PREMIUM]","Sanford","FL","[PREMIUM]",,"[]",,,"[PREMIUM]"
"6cc0514e-0b57-42f9-86e9-da45dfb42732","2026-05-06 23:43:27.620","2026-05-09 23:43:37.151","6cc0514e-0b57-42f9-86e9-da45dfb42732","[PREMIUM]","New",2026,"Chevrolet","Trax","LT","[PREMIUM]","[PREMIUM]",3,"SUV","Summit White","Jet Black w/Blue Accents","Front-wheel Drive",,,"Gasoline",,,"dealership","[PREMIUM]","Clifton","NJ","[PREMIUM]",,"[]",,,"[PREMIUM]"
"8721add6-930f-4cd9-8ab6-a69683440230","2026-05-06 23:43:27.606","2026-05-06 23:43:27.606","8721add6-930f-4cd9-8ab6-a69683440230","[PREMIUM]","New",2026,"Kia","K5","LXS FWD","[PREMIUM]","[PREMIUM]",10,"Sedan","Snow White Pearl","Black","Front-wheel Drive",,,"Gasoline",,,"dealership","[PREMIUM]","Mesa","AZ","[PREMIUM]",,"[]",,,"[PREMIUM]"
"26461319-1fc7-403a-b729-c2998594e253","2026-05-06 23:43:27.605","2026-05-06 23:43:27.605","26461319-1fc7-403a-b729-c2998594e253","[PREMIUM]","New",2026,"Chevrolet","Equinox","1LT","[PREMIUM]","[PREMIUM]",0,"SUV","Sterling Gray Metallic","Ekv Black","Front-wheel Drive",,,"Gasoline",,,"dealership","[PREMIUM]","Daytona Beach","FL","[PREMIUM]",,"[]",,,"[PREMIUM]"
"c40ff6bb-4873-4065-b7d8-56cfcd715879","2026-05-06 23:43:27.587","2026-05-09 23:43:37.274","c40ff6bb-4873-4065-b7d8-56cfcd715879","[PREMIUM]","New",2026,"Hyundai","ELANTRA","Sport","[PREMIUM]","[PREMIUM]",1,"Sedan","Amazon Gray","Black","Front-wheel Drive",,,"Gasoline",,,"dealership","[PREMIUM]","Downey","CA","[PREMIUM]",,"[]",,,"[PREMIUM]"
"dd9aad9a-2c8f-4619-8505-b72b1411b769","2026-05-06 23:43:27.573","2026-05-09 23:43:37.124","dd9aad9a-2c8f-4619-8505-b72b1411b769","[PREMIUM]","New",2026,"Kia","Seltos","S","[PREMIUM]","[PREMIUM]",1,"SUV","Pluton Blue/Black Roof","Black","All-wheel Drive",,,"Gasoline",,,"dealership","[PREMIUM]","Riverdale","NJ","[PREMIUM]",,"[]",,,"[PREMIUM]"
"846e99bd-87d9-465a-a3e2-dfd2afb9d856","2026-05-06 23:43:27.572","2026-05-09 23:43:37.207","846e99bd-87d9-465a-a3e2-dfd2afb9d856","[PREMIUM]","New",2026,"Honda","Civic","Sport","[PREMIUM]","[PREMIUM]",10,"Sedan","Blue Lagoon Pearl","Black","Front-wheel Drive",,,"Gasoline",,,"dealership","[PREMIUM]","Milwaukee","WI","[PREMIUM]",,"[]",,,"[PREMIUM]"
"8c02e3b3-306f-4e4f-9080-eb17a106174c","2026-05-06 23:43:27.571","2026-05-09 23:43:48.040","8c02e3b3-306f-4e4f-9080-eb17a106174c","[PREMIUM]","New",2026,"Kia","Seltos","S","[PREMIUM]","[PREMIUM]",1,"SUV","Steel Gray","Black","All-wheel Drive",,,"Gasoline",,,"dealership","[PREMIUM]","Riverdale","NJ","[PREMIUM]",,"[]",,,"[PREMIUM]"
"14b3b22f-de74-4541-a115-c9c6eacb942a","2026-05-06 23:43:27.559","2026-05-09 23:43:36.981","14b3b22f-de74-4541-a115-c9c6eacb942a","[PREMIUM]","New",2026,"Nissan","Kicks","SV","[PREMIUM]","[PREMIUM]",5,"SUV","Gun Metallic","Charcoal","Front-wheel Drive",,,"Gasoline",,,"dealership","[PREMIUM]","Bentonville","AR","[PREMIUM]",,"[]",,,"[PREMIUM]"
"b7e0e949-ac10-4d59-b395-95ad4e3fce5b","2026-05-06 23:43:27.553","2026-05-09 23:43:37.151","b7e0e949-ac10-4d59-b395-95ad4e3fce5b","[PREMIUM]","New",2026,"Kia","Seltos","S","[PREMIUM]","[PREMIUM]",1,"SUV","Clear White/Black Roof","Black","All-wheel Drive",,,"Gasoline",,,"dealership","[PREMIUM]","Riverdale","NJ","[PREMIUM]",,"[]",,,"[PREMIUM]"
"39b3b460-9ba3-4136-bc76-c3d4dc502821","2026-05-06 23:43:27.547","2026-05-06 23:43:27.547","39b3b460-9ba3-4136-bc76-c3d4dc502821","[PREMIUM]","New",2026,"Volkswagen","Taos","S","[PREMIUM]","[PREMIUM]",5,"SUV",,"Gray/Black","Front-wheel Drive",,,"Gasoline",,,"dealership","[PREMIUM]","Beaumont","TX","[PREMIUM]",,"[]",,,"[PREMIUM]"
"7d04e05f-8887-4f82-969f-8148852d4282","2026-05-06 23:43:17.291","2026-05-06 23:43:17.291","7d04e05f-8887-4f82-969f-8148852d4282","[PREMIUM]","Used",2026,"Toyota","Corolla","LE","[PREMIUM]","[PREMIUM]",620,"Sedan","Classic Silver","Black","Front-wheel Drive",,,"Gasoline",,,"dealership","[PREMIUM]","Avondale","AZ","[PREMIUM]",,"[]",,,"[PREMIUM]"
"dbdfd043-6cc7-4f7d-a941-9a200c93bd26","2026-05-06 23:43:17.047","2026-05-06 23:43:17.047","dbdfd043-6cc7-4f7d-a941-9a200c93bd26","[PREMIUM]","New",2026,"Honda","Civic","Sport","[PREMIUM]","[PREMIUM]",8,"Sedan","Platinum White Pearl","Black","Front-wheel Drive",,,"Gasoline",,,"dealership","[PREMIUM]","Milwaukee","WI","[PREMIUM]",,"[]",,,"[PREMIUM]"
"663f79f9-91f3-463b-a8eb-58580cd822f9","2026-05-06 23:43:17.045","2026-05-09 23:43:26.418","663f79f9-91f3-463b-a8eb-58580cd822f9","[PREMIUM]","New",2026,"Chevrolet","Trax","FWD ACTIV","[PREMIUM]","[PREMIUM]",3,"SUV","White Sands","Jet Black w/Artemis Accents","Front-wheel Drive",,,"Gasoline",,,"dealership","[PREMIUM]","Clifton","NJ","[PREMIUM]",,"[]",,,"[PREMIUM]"
"3336453f-7146-4b51-a910-30ca6040840b","2026-05-06 23:43:17.014","2026-05-09 23:43:26.362","3336453f-7146-4b51-a910-30ca6040840b","[PREMIUM]","New",2026,"Chevrolet","Trax","FWD ACTIV","[PREMIUM]","[PREMIUM]",3,"SUV","Mosaic Black Metallic","Jet Black w/Artemis Accents","Front-wheel Drive",,,"Gasoline",,,"dealership","[PREMIUM]","Clifton","NJ","[PREMIUM]",,"[]",,,"[PREMIUM]"
"b2de48a1-7a8e-4e0e-b32e-96b46e5d6aa7","2026-05-06 23:43:17.014","2026-05-06 23:43:17.014","b2de48a1-7a8e-4e0e-b32e-96b46e5d6aa7","[PREMIUM]","New",2026,"Buick","Envista","Preferred","[PREMIUM]","[PREMIUM]",4,"SUV","Summit White","Ebony","FWD",,,"Flexible Fuel",,,"dealership","[PREMIUM]","Oak Lawn","IL","[PREMIUM]",,"[]",,,"[PREMIUM]"
"c95bb2b2-a92c-43ee-b5e2-1b04a763a53f","2026-05-06 23:43:16.972","2026-05-12 23:43:39.486","c95bb2b2-a92c-43ee-b5e2-1b04a763a53f","[PREMIUM]","New",2026,"Chevrolet","Trax","ACTIV","[PREMIUM]","[PREMIUM]",,"SUV","Sterling Gray Metallic","Jet Black","Front-wheel Drive",,,"E85 Flex Fuel",,,"dealership","[PREMIUM]","Frankfort","IL","[PREMIUM]",,"[]",,,"[PREMIUM]"
"85b72404-e2d1-4840-8ded-7caa2bec7352","2026-05-06 23:43:16.930","2026-05-06 23:43:16.930","85b72404-e2d1-4840-8ded-7caa2bec7352","[PREMIUM]","New",2026,"Nissan","Altima","SV","[PREMIUM]","[PREMIUM]",0,"Sedan","Super Black","Charcoal","Front-wheel Drive",,,"Gasoline",,,"dealership","[PREMIUM]","Hainesport","NJ","[PREMIUM]",,"[]",,,"[PREMIUM]"
"8503fa83-1d23-4d4b-b8e5-7dbdefd21baf","2026-05-06 23:43:16.922","2026-05-06 23:43:16.922","8503fa83-1d23-4d4b-b8e5-7dbdefd21baf","[PREMIUM]","New",2026,"Honda","Accord","SE","[PREMIUM]","[PREMIUM]",0,"Sedan","Canyon River Blue Metallic","Blk Lth &amp;Clth","Front-wheel Drive",,,"Gasoline",,,"dealership","[PREMIUM]","Laurel","MD","[PREMIUM]",,"[]",,,"[PREMIUM]"
"3a9cdc1c-8b3f-46b8-9850-168d172aad4b","2026-05-06 23:43:16.879","2026-05-09 23:43:37.481","3a9cdc1c-8b3f-46b8-9850-168d172aad4b","[PREMIUM]","New",2026,"Chevrolet","Equinox","1LT","[PREMIUM]","[PREMIUM]",3,"SUV","Sterling Gray Metallic","Black","Front-wheel Drive",,,"Gasoline",,,"dealership","[PREMIUM]","Richardson","TX","[PREMIUM]",,"[]",,,"[PREMIUM]"
"768042f9-e63c-4933-8cec-035aba5229b7","2026-05-06 23:43:16.863","2026-05-09 23:43:26.471","768042f9-e63c-4933-8cec-035aba5229b7","[PREMIUM]","New",2026,"Chevrolet","Equinox","1LT","[PREMIUM]","[PREMIUM]",0,"SUV","Sterling Gray Metallic","Ekv Black","Front-wheel Drive",,,"Gasoline",,,"dealership","[PREMIUM]","Daytona Beach","FL","[PREMIUM]",,"[]",,,"[PREMIUM]"
"16baf190-a110-46ae-886b-e5627c300465","2026-05-06 23:43:16.858","2026-05-06 23:43:16.858","16baf190-a110-46ae-886b-e5627c300465","[PREMIUM]","New",2026,"Honda","HR-V","2WD Sport","[PREMIUM]","[PREMIUM]",3,"SUV","URBAN GRAY","Black","Front-wheel Drive",,,"Gasoline",,,"dealership","[PREMIUM]","Greer","SC","[PREMIUM]",,"[]",,,"[PREMIUM]"
"7e9ee6c9-9e93-4546-9d36-381c013d5b4b","2026-05-06 23:43:16.854","2026-05-09 23:43:26.199","7e9ee6c9-9e93-4546-9d36-381c013d5b4b","[PREMIUM]","New",2026,"Chevrolet","Trax","FWD ACTIV","[PREMIUM]","[PREMIUM]",3,"SUV","Mosaic Black Metallic","Jet Black w/Yellow Accents","Front-wheel Drive",,,"Gasoline",,,"dealership","[PREMIUM]","Arlington","TX","[PREMIUM]",,"[]",,,"[PREMIUM]"
"a195efb6-9e92-4b46-8315-11c542a5613f","2026-05-06 23:43:16.842","2026-05-09 23:43:26.358","a195efb6-9e92-4b46-8315-11c542a5613f","[PREMIUM]","New",2026,"Volkswagen","Jetta","1.4T SE","[PREMIUM]","[PREMIUM]",1,"Sedan","Platinum Gray Metallic","Grigio/Titan Black","Front Wheel Drive",,,"Regular Unleaded",,,"dealership","[PREMIUM]","Westerville","OH","[PREMIUM]",,"[]",,,"[PREMIUM]"
"2c06946f-c063-4e5a-8853-9822c782a8ca","2026-05-06 23:43:16.840","2026-05-09 23:43:26.136","2c06946f-c063-4e5a-8853-9822c782a8ca","[PREMIUM]","New",2026,"Chevrolet","Trailblazer","LT","[PREMIUM]","[PREMIUM]",5,"SUV","Sterling Gray Metallic","Jet Black","Front-wheel Drive",,,"Gasoline",,,"dealership","[PREMIUM]","Garden Grove","CA","[PREMIUM]",,"[]",,,"[PREMIUM]"
"35a73704-74d2-4f89-9537-9ba098977bea","2026-05-06 23:43:16.831","2026-05-06 23:43:16.831","35a73704-74d2-4f89-9537-9ba098977bea","[PREMIUM]","New",2026,"Kia","Niro","LX","[PREMIUM]","[PREMIUM]",2,"SUV","Gray","Charcoal","Front-wheel Drive",,,"Gasoline",,,"dealership","[PREMIUM]","San Jose","CA","[PREMIUM]",,"[]",,,"[PREMIUM]"
"a12e8a2a-6285-48ff-bc70-f07ae94595d4","2026-05-06 23:43:16.825","2026-05-06 23:43:16.825","a12e8a2a-6285-48ff-bc70-f07ae94595d4","[PREMIUM]","New",2026,"Mazda","Mazda3","FWD w/Preferred Package","[PREMIUM]","[PREMIUM]",,"Sedan","Snowflake White Pearl","Black","Front-wheel Drive",,,"Gasoline",,,"dealership","[PREMIUM]","Savannah","GA","[PREMIUM]",,"[]",,,"[PREMIUM]"
"dec06285-44c8-477e-b37d-f8115895faa6","2026-05-06 23:43:16.819","2026-05-09 23:43:26.290","dec06285-44c8-477e-b37d-f8115895faa6","[PREMIUM]","New",2026,"Mazda","Mazda3","FWD w/Preferred Package","[PREMIUM]","[PREMIUM]",,"Sedan","Deep Crystal Blue Mica","Black","Front-wheel Drive",,,"Gasoline",,,"dealership","[PREMIUM]","Savannah","GA","[PREMIUM]",,"[]",,,"[PREMIUM]"
"ea551210-8b03-46b9-80b3-8b07d1f51dfd","2026-05-06 23:43:16.746","2026-05-06 23:43:16.746","ea551210-8b03-46b9-80b3-8b07d1f51dfd","[PREMIUM]","New",2026,"Chevrolet","Trax","LT","[PREMIUM]","[PREMIUM]",0,"SUV","Apex Red","Jet Black w/Blue Accents","Front-wheel Drive",,,"Gasoline",,,"dealership","[PREMIUM]","Santa Paula","CA","[PREMIUM]",,"[]",,,"[PREMIUM]"
"43aeda67-497e-4df3-9893-3a00032329d1","2026-05-06 23:43:16.735","2026-05-09 23:43:26.123","43aeda67-497e-4df3-9893-3a00032329d1","[PREMIUM]","New",2026,"Hyundai","SONATA","SEL Sport","[PREMIUM]","[PREMIUM]",1,"Sedan","Blue","Gray","All-wheel Drive",,,"Gasoline",,,"dealership","[PREMIUM]","Gurnee","IL","[PREMIUM]",,"[]",,,"[PREMIUM]"
"17569c9c-d005-455b-9445-9cad0f8bf3e1","2026-05-06 23:43:16.729","2026-05-06 23:43:16.729","17569c9c-d005-455b-9445-9cad0f8bf3e1","[PREMIUM]","New",2026,"Hyundai","ELANTRA","Limited","[PREMIUM]","[PREMIUM]",14,"Sedan","Ecotronic Gray","Black","Front-wheel Drive",,,"Gasoline",,,"dealership","[PREMIUM]","Dayton","OH","[PREMIUM]",,"[]",,,"[PREMIUM]"
"a00a79dc-2537-4c92-b6a6-e6f3a37a01d8","2026-05-06 23:43:16.719","2026-05-06 23:43:16.719","a00a79dc-2537-4c92-b6a6-e6f3a37a01d8","[PREMIUM]","New",2026,"Mazda","Mazda3","FWD w/Preferred Package","[PREMIUM]","[PREMIUM]",,"Sedan","Snowflake White Pearl","Black","Front-wheel Drive",,,"Gasoline",,,"dealership","[PREMIUM]","Savannah","GA","[PREMIUM]",,"[]",,,"[PREMIUM]"
"e5015bf6-2c09-47c7-866c-12a10638d4b3","2026-05-06 23:43:16.717","2026-05-06 23:43:16.717","e5015bf6-2c09-47c7-866c-12a10638d4b3","[PREMIUM]","New",2026,"Hyundai","VENUE","SEL","[PREMIUM]","[PREMIUM]",0,"SUV","Shimmering Silver","Black","Front-wheel Drive",,,"Gasoline",,,"dealership","[PREMIUM]","Miami","FL","[PREMIUM]",,"[]",,,"[PREMIUM]"
"22a5a504-448b-4046-ba87-836b48c1dc31","2026-05-06 23:43:06.236","2026-05-06 23:43:06.236","22a5a504-448b-4046-ba87-836b48c1dc31","[PREMIUM]","New",2026,"Volkswagen","Tiguan","2.0T S","[PREMIUM]","[PREMIUM]",17,"SUV","pyrite silver metallic","GRIGIO &amp; BLACK CLOTH","Front Wheel Drive",,,"Regular Unleaded",,,"dealership","[PREMIUM]","Westerville","OH","[PREMIUM]",,"[]",,,"[PREMIUM]"
"72eee704-f9af-4049-8ac2-903767152475","2026-05-06 23:43:06.179","2026-05-06 23:43:06.179","72eee704-f9af-4049-8ac2-903767152475","[PREMIUM]","New",2026,"Toyota","Corolla Hybrid","SE","[PREMIUM]","[PREMIUM]",0,"Sedan","Midnight Black Metallic","Moonstone","Front-wheel Drive",,,"Hybrid",,,"dealership","[PREMIUM]","Mckinney","TX","[PREMIUM]",,"[]",,,"[PREMIUM]"
"de2223b8-303d-45bd-8bc1-717fe96362f2","2026-05-06 23:43:06.140","2026-05-06 23:43:06.140","de2223b8-303d-45bd-8bc1-717fe96362f2","[PREMIUM]","New",2026,"Honda","HR-V","2WD Sport","[PREMIUM]","[PREMIUM]",3,"SUV","URBAN GRAY","Black","Front-wheel Drive",,,"Gasoline",,,"dealership","[PREMIUM]","Greer","SC","[PREMIUM]",,"[]",,,"[PREMIUM]"
"cecd076e-6701-4f00-876e-09a5866422fa","2026-05-06 23:43:06.127","2026-05-09 23:43:26.339","cecd076e-6701-4f00-876e-09a5866422fa","[PREMIUM]","New",2026,"Kia","K4","GT-Line","[PREMIUM]","[PREMIUM]",12,"Sedan","Snow White Pearl","Black","Front-wheel Drive",,,"Gasoline",,,"dealership","[PREMIUM]","Orlando","FL","[PREMIUM]",,"[]",,,"[PREMIUM]"
"7040561d-4df7-4ef8-af43-8ce0d3c4cade","2026-05-06 23:43:06.124","2026-05-09 23:43:26.420","7040561d-4df7-4ef8-af43-8ce0d3c4cade","[PREMIUM]","New",2026,"Honda","Accord","LX 1.5T","[PREMIUM]","[PREMIUM]",0,"Sedan","Meteorite Gray Metallic","Blk Fabric","Front-wheel Drive",,,"Gasoline",,,"dealership","[PREMIUM]","Fort Myers","FL","[PREMIUM]",,"[]",,,"[PREMIUM]"
"19c8ab89-7f85-43ff-b167-d24901526669","2026-05-06 23:43:06.119","2026-05-06 23:43:06.119","19c8ab89-7f85-43ff-b167-d24901526669","[PREMIUM]","New",2026,"Volkswagen","Jetta","1.4T S","[PREMIUM]","[PREMIUM]",10,"Sedan","Deep Black Pearl","Black","Front Wheel Drive",,,"Regular unleaded",,,"dealership","[PREMIUM]","Westerville","OH","[PREMIUM]",,"[]",,,"[PREMIUM]"
"ab8af2b7-adab-405b-8c53-821d36875ecc","2026-05-06 23:43:06.103","2026-05-09 23:43:26.225","ab8af2b7-adab-405b-8c53-821d36875ecc","[PREMIUM]","New",2026,"Volkswagen","Jetta","1.4T S","[PREMIUM]","[PREMIUM]",1,"Sedan","Pure White","Storm Gray","Front Wheel Drive",,,"Regular unleaded",,,"dealership","[PREMIUM]","Westerville","OH","[PREMIUM]",,"[]",,,"[PREMIUM]"
"85ce0a47-cfbf-483e-acc6-8b8b007146ba","2026-05-06 23:42:55.610","2026-05-06 23:42:55.610","85ce0a47-cfbf-483e-acc6-8b8b007146ba","[PREMIUM]","New",2026,"Volkswagen","Taos","S","[PREMIUM]","[PREMIUM]",10,"SUV","Pyrite Silver Metallic","Gray/Black","All Wheel Drive",,,"Regular unleaded",,,"dealership","[PREMIUM]","Westerville","OH","[PREMIUM]",,"[]",,,"[PREMIUM]"
"b247ac17-4086-42e7-973b-94f5f836df5a","2026-05-06 23:42:55.589","2026-05-06 23:42:55.589","b247ac17-4086-42e7-973b-94f5f836df5a","[PREMIUM]","New",2026,"Volkswagen","Jetta","1.4T S","[PREMIUM]","[PREMIUM]",10,"Sedan","Kings Red Metallic","Titan Black","Front Wheel Drive",,,"Regular unleaded",,,"dealership","[PREMIUM]","Westerville","OH","[PREMIUM]",,"[]",,,"[PREMIUM]"
"208bb4b8-1920-4216-baff-0e567ddffb7b","2026-05-06 23:42:55.582","2026-05-06 23:42:55.582","208bb4b8-1920-4216-baff-0e567ddffb7b","[PREMIUM]","New",2026,"Volkswagen","Jetta","1.4T SE","[PREMIUM]","[PREMIUM]",11,"Sedan","Deep Black Pearl","Grigio/Titan Black","Front Wheel Drive",,,"Regular unleaded",,,"dealership","[PREMIUM]","Westerville","OH","[PREMIUM]",,"[]",,,"[PREMIUM]"
"e950ef65-7eee-497b-b8e0-974a017b2b07","2026-05-06 23:42:25.445","2026-05-06 23:42:25.445","e950ef65-7eee-497b-b8e0-974a017b2b07","[PREMIUM]","New",2026,"Volkswagen","Jetta","1.4T S","[PREMIUM]","[PREMIUM]",1,"Sedan","Pyrite Silver Metallic","Titan Black","Front Wheel Drive",,,"Regular Unleaded",,,"dealership","[PREMIUM]","Westerville","OH","[PREMIUM]",,"[]",,,"[PREMIUM]"
"cdfadf2e-3853-406f-abbb-952dcf19a82d","2026-05-06 23:42:15.357","2026-05-06 23:42:15.357","cdfadf2e-3853-406f-abbb-952dcf19a82d","[PREMIUM]","Used",2026,"Toyota","Camry","SE","[PREMIUM]","[PREMIUM]",3834,"Sedan","Teal","Black","Front-wheel Drive",,,"Gasoline",,,"dealership","[PREMIUM]","Crestwood","IL","[PREMIUM]",,"[]",,,"[PREMIUM]"
"f909c8e8-8a20-4dc7-a7f4-2f109e41c8bd","2026-05-06 23:41:55.332","2026-05-06 23:41:55.332","f909c8e8-8a20-4dc7-a7f4-2f109e41c8bd","[PREMIUM]","New",2027,"Chevrolet","Bolt","LT FWD","[PREMIUM]","[PREMIUM]",0,"SUV","Gbj","Jet Black With Blue Gray Stitching","Front-wheel Drive",,,"Electric",,,"dealership","[PREMIUM]","Everett","WA","[PREMIUM]",,"[]",,,"[PREMIUM]"
"dfbc88fc-7913-4434-b1e3-dd6241e89d3e","2026-05-06 23:41:55.301","2026-05-06 23:41:55.301","dfbc88fc-7913-4434-b1e3-dd6241e89d3e","[PREMIUM]","New",2027,"Chevrolet","Bolt","LT FWD","[PREMIUM]","[PREMIUM]",2,"SUV","Sterling Gray Metallic","Jet Black with Blue and Gray Stitching","Front-wheel Drive",,,"Electric",,,"dealership","[PREMIUM]","Marion","OH","[PREMIUM]",,"[]",,,"[PREMIUM]"
"e02989b7-db04-4b39-bd19-93ff37029071","2026-05-06 23:41:05.065","2026-05-06 23:41:05.065","e02989b7-db04-4b39-bd19-93ff37029071","[PREMIUM]","Used",2005,"Ford","Excursion","XLT","[PREMIUM]","[PREMIUM]",60998,"SUV","Blue","Gray","Rear-wheel Drive",,,"Gasoline",,,"dealership","[PREMIUM]","Glenshaw","PA","[PREMIUM]",,"[]",,,"[PREMIUM]"
"1cc5b7a3-7996-4489-ab73-f69966990e4b","2026-05-06 23:40:55.051","2026-05-06 23:40:55.051","1cc5b7a3-7996-4489-ab73-f69966990e4b","[PREMIUM]","Used",2008,"Dodge","Ram 2500","ST Quad Cab","[PREMIUM]","[PREMIUM]",114309,"Truck","Bright White Clearcoat","Medium Slate Gray","Four-wheel Drive",,,"Diesel",,,"dealership","[PREMIUM]","Plainfield","IL","[PREMIUM]",,"[]",,,"[PREMIUM]"
"81fff9d3-a821-4b43-8c61-4530360ddc54","2026-05-06 23:40:44.977","2026-05-09 23:40:54.295","81fff9d3-a821-4b43-8c61-4530360ddc54","[PREMIUM]","Used",2011,"Toyota","FJ Cruiser","Base","[PREMIUM]","[PREMIUM]",94936,"SUV","Black","Black","Rear-wheel Drive",,,"Gasoline",,,"dealership","[PREMIUM]","Montclair","CA","[PREMIUM]",,"[]",,,"[PREMIUM]"
"861e5cb6-e99e-46eb-a9c5-176f2ab7b883","2026-05-06 23:40:24.909","2026-05-06 23:40:24.909","861e5cb6-e99e-46eb-a9c5-176f2ab7b883","[PREMIUM]","Used",2012,"Fisker","Karma","EcoSport","[PREMIUM]","[PREMIUM]",21980,"Sedan","Not Specified","Not Specified","Rear-wheel Drive",,,"Electric",,,"dealership","[PREMIUM]","Yonkers","NY","[PREMIUM]",,"[]",,,"[PREMIUM]"
"f456a779-a0df-48e7-b1aa-6067b80b177b","2026-05-06 23:40:24.905","2026-05-09 23:40:33.933","f456a779-a0df-48e7-b1aa-6067b80b177b","[PREMIUM]","Used",2012,"Ford","F-250","Lariat","[PREMIUM]","[PREMIUM]",200817,"Truck","Sterling Gray Metallic","Black","Four-wheel Drive",,,"Diesel",,,"dealership","[PREMIUM]","Preston","ID","[PREMIUM]",,"[]",,,"[PREMIUM]"
"adac531c-7ac6-4251-b373-56c02ec9e308","2026-05-06 23:40:14.740","2026-05-06 23:40:14.740","adac531c-7ac6-4251-b373-56c02ec9e308","[PREMIUM]","Used",2013,"Toyota","Tacoma","Base","[PREMIUM]","[PREMIUM]",141409,"Truck","Magnetic Gray Metallic","Graphite","Four-wheel Drive",,,"Gasoline",,,"dealership","[PREMIUM]","Warwick","RI","[PREMIUM]",,"[]",,,"[PREMIUM]"
"9cd04881-8b07-456d-b59a-df6466349a97","2026-05-06 23:40:14.690","2026-05-09 23:40:23.726","9cd04881-8b07-456d-b59a-df6466349a97","[PREMIUM]","Used",2013,"Ford","Mustang","GT","[PREMIUM]","[PREMIUM]",67092,"Coupe","Black","Charcoal Black","Rear-wheel Drive",,,"Gasoline",,,"dealership","[PREMIUM]","Plainfield","IL","[PREMIUM]",,"[]",,,"[PREMIUM]"
"da13451b-c076-406f-a518-07b195c42f8d","2026-05-06 23:40:04.601","2026-05-06 23:40:04.601","da13451b-c076-406f-a518-07b195c42f8d","[PREMIUM]","Used",2014,"GMC","Sierra 1500","SLE","[PREMIUM]","[PREMIUM]",67840,"Truck","Stealth Gray Metallic","Black","Four-wheel Drive",,,"E85 Flex Fuel",,,"dealership","[PREMIUM]","Souderton","PA","[PREMIUM]",,"[]",,,"[PREMIUM]"
"88afbf75-3f93-4c41-aa8a-b14f18fa254a","2026-05-06 23:38:14.060","2026-05-06 23:38:14.060","88afbf75-3f93-4c41-aa8a-b14f18fa254a","[PREMIUM]","Used",2016,"Cadillac","Escalade ESV","Platinum","[PREMIUM]","[PREMIUM]",101778,"SUV","Black Raven","Jet Black With Jet Black Accents","Four-wheel Drive",,,"Gasoline",,,"dealership","[PREMIUM]","Fontana","CA","[PREMIUM]",,"[]",,,"[PREMIUM]"
"d1a15c4c-2cbd-43e9-a92b-e5f03db51617","2026-05-06 23:38:14.040","2026-05-06 23:38:14.040","d1a15c4c-2cbd-43e9-a92b-e5f03db51617","[PREMIUM]","Used",2016,"Audi","A3","Premium Plus","[PREMIUM]","[PREMIUM]",48102,"Convertible","Black","BLACK","Four-wheel Drive",,,"Gasoline",,,"dealership","[PREMIUM]","King of Prussia","PA","[PREMIUM]",,"[]",,,"[PREMIUM]"
"4fc8a300-c50d-48db-b3b7-fe15f9bddca1","2026-05-06 23:38:14.015","2026-05-09 23:38:21.555","4fc8a300-c50d-48db-b3b7-fe15f9bddca1","[PREMIUM]","Used",2016,"Lexus","RX 350","Base","[PREMIUM]","[PREMIUM]",97257,"SUV","Red","Tan","Front-wheel Drive",,,"Gasoline",,,"dealership","[PREMIUM]","Leesburg","FL","[PREMIUM]",,"[]",,,"[PREMIUM]"
"071e27da-c115-46ee-8c5d-72e30001e879","2026-05-06 23:38:14.013","2026-05-06 23:38:14.013","071e27da-c115-46ee-8c5d-72e30001e879","[PREMIUM]","Used",2016,"Lexus","IS 300","4dr Sdn AWD","[PREMIUM]","[PREMIUM]",63310,,"Obsidian","Black","All-wheel Drive",,,"Gasoline",,,"dealership","[PREMIUM]","Manassas","VA","[PREMIUM]",,"[]",,,"[PREMIUM]"
"7bd93ed1-eda4-4fc6-96d6-6bdbdfd9cb4e","2026-05-06 23:38:13.961","2026-05-06 23:38:13.961","7bd93ed1-eda4-4fc6-96d6-6bdbdfd9cb4e","[PREMIUM]","Used",2016,"Mercedes-Benz","GLE 350",,"[PREMIUM]","[PREMIUM]",46315,"SUV","White","GRAY","Rear-wheel Drive",,,"Gasoline",,,"dealership","[PREMIUM]","Inglewood","CA","[PREMIUM]",,"[]",,,"[PREMIUM]"
"dbe6d2b2-4a68-41ba-b483-38ed242d9614","2026-05-06 23:37:53.754","2026-05-06 23:37:53.754","dbe6d2b2-4a68-41ba-b483-38ed242d9614","[PREMIUM]","Used",2017,"Ford","F-150","XLT","[PREMIUM]","[PREMIUM]",127525,"Truck","Shadow Black","Black","Four-wheel Drive",,,"E85 Flex Fuel",,,"dealership","[PREMIUM]","Knoxville","TN","[PREMIUM]",,"[]",,,"[PREMIUM]"
"17bc0bc8-bee9-4c7a-9cd7-87bda9c7c6ed","2026-05-06 23:37:53.751","2026-05-06 23:37:53.751","17bc0bc8-bee9-4c7a-9cd7-87bda9c7c6ed","[PREMIUM]","Used",2017,"Dodge","Charger","Daytona 340 RWD","[PREMIUM]","[PREMIUM]",86383,"Sedan","Granite Pearlcoat","Brazen Gold/Black","Rear-wheel Drive",,,"Gasoline",,,"dealership","[PREMIUM]","Winter Park","FL","[PREMIUM]",,"[]",,,"[PREMIUM]"
"7caf0817-99fe-4776-b9a5-71eeeb020d04","2026-05-06 23:37:53.725","2026-05-09 23:38:01.067","7caf0817-99fe-4776-b9a5-71eeeb020d04","[PREMIUM]","Used",2017,"Lexus","RX 350","Base","[PREMIUM]","[PREMIUM]",135350,"SUV","Eminent White Pearl","Black","All-wheel Drive",,,"Gasoline",,,"dealership","[PREMIUM]","Pelham","AL","[PREMIUM]",,"[]",,,"[PREMIUM]"
"b899a4cd-7728-4ccc-af09-eb6644ffa38a","2026-05-06 23:37:43.592","2026-05-06 23:37:43.592","b899a4cd-7728-4ccc-af09-eb6644ffa38a","[PREMIUM]","Used",2017,"Toyota","Highlander","XLE","[PREMIUM]","[PREMIUM]",50010,"SUV","Shoreline Blue Pearl","Ash","Front-wheel Drive",,,"Gasoline",,,"dealership","[PREMIUM]","Leesburg","FL","[PREMIUM]",,"[]",,,"[PREMIUM]"
"fc93f483-caaf-40ab-886b-39d96e5004b8","2026-05-06 23:37:23.501","2026-05-06 23:37:23.501","fc93f483-caaf-40ab-886b-39d96e5004b8","[PREMIUM]","Used",2017,"Audi","A7","3.0T Competition Prestige","[PREMIUM]","[PREMIUM]",115450,"Hatchback","gray","black","All-wheel Drive",,,"Gasoline",,,"dealership","[PREMIUM]","Dallas","TX","[PREMIUM]",,"[]",,,"[PREMIUM]"
"3c8afdec-c363-4885-a61c-4cb46714acd7","2026-05-06 23:37:23.401","2026-05-09 23:37:30.850","3c8afdec-c363-4885-a61c-4cb46714acd7","[PREMIUM]","Used",2017,"Dodge","Charger","SE","[PREMIUM]","[PREMIUM]",97110,"Sedan","Pitch Black Clearcoat","Brazen Gold/Black","Rear-wheel Drive",,,"Gasoline",,,"dealership","[PREMIUM]","Sacramento","CA","[PREMIUM]",,"[]",,,"[PREMIUM]"
"4cb3e76d-3175-4831-998f-876339b64a08","2026-05-06 23:37:13.426","2026-05-06 23:37:13.426","4cb3e76d-3175-4831-998f-876339b64a08","[PREMIUM]","Used",2017,"Lexus","IS 300","Base","[PREMIUM]","[PREMIUM]",70240,"Sedan","Mica","Flaxen","All-wheel Drive",,,"Gasoline",,,"dealership","[PREMIUM]","Pasco","WA","[PREMIUM]",,"[]",,,"[PREMIUM]"
"da9849c0-7365-4764-872c-b904647fe248","2026-05-06 23:37:13.236","2026-05-09 23:37:20.822","da9849c0-7365-4764-872c-b904647fe248","[PREMIUM]","Used",2017,"GMC","Canyon",,"[PREMIUM]","[PREMIUM]",34934,"Truck","White","GRAY","Rear-wheel Drive",,,"Gasoline",,,"dealership","[PREMIUM]","Orlando","FL","[PREMIUM]",,"[]",,,"[PREMIUM]"
"dabe9501-0ef8-43f8-b9a1-ee501d420c68","2026-05-06 23:37:13.233","2026-05-06 23:37:13.233","dabe9501-0ef8-43f8-b9a1-ee501d420c68","[PREMIUM]","Used",2017,"Ford","Mustang","Ecoboost Premium","[PREMIUM]","[PREMIUM]",76427,"Coupe","Gray","BLACK","Rear-wheel Drive",,,"Gasoline",,,"dealership","[PREMIUM]","Charlotte","NC","[PREMIUM]",,"[]",,,"[PREMIUM]"
"71c27c1c-822c-4744-bd72-63fffcfc363b","2026-05-06 23:37:03.117","2026-05-06 23:37:03.117","71c27c1c-822c-4744-bd72-63fffcfc363b","[PREMIUM]","Used",2017,"Subaru","Outback","2.5i Limited","[PREMIUM]","[PREMIUM]",23841,"SUV","Ice Silver Metallic","Slate Black","All-wheel Drive",,,"Gasoline",,,"dealership","[PREMIUM]","Albany","CA","[PREMIUM]",,"[]",,,"[PREMIUM]"
"5f081262-2cac-4435-9e3f-3db888c2ce69","2026-05-06 23:37:03.085","2026-05-06 23:37:03.085","5f081262-2cac-4435-9e3f-3db888c2ce69","[PREMIUM]","Used",2017,"Honda","Pilot","Touring","[PREMIUM]","[PREMIUM]",73733,"SUV","Crystal Black Pearl","Black","All-wheel Drive",,,"Gasoline",,,"dealership","[PREMIUM]","Frankfort","KY","[PREMIUM]",,"[]",,,"[PREMIUM]"
"dfe6ede6-f32d-492e-a077-794628063225","2026-05-06 23:37:03.084","2026-05-06 23:37:03.084","dfe6ede6-f32d-492e-a077-794628063225","[PREMIUM]","Used",2017,"Ford","Escape","SE","[PREMIUM]","[PREMIUM]",68713,"SUV","Shadow Black","Charcoal Black","Four-wheel Drive",,,"Gasoline",,,"dealership","[PREMIUM]","Harrisonville","MO","[PREMIUM]",,"[]",,,"[PREMIUM]"
"612f3235-54ef-466e-922a-596263966538","2026-05-06 23:37:03.081","2026-05-06 23:37:03.081","612f3235-54ef-466e-922a-596263966538","[PREMIUM]","Used",2017,"Chrysler","Pacifica","Limited","[PREMIUM]","[PREMIUM]",68760,"Passenger Van","Gold","BROWN","Rear-wheel Drive",,,"Gasoline",,,"dealership","[PREMIUM]","Boynton Beach","FL","[PREMIUM]",,"[]",,,"[PREMIUM]"
"a448ab0c-3fd6-49ec-854d-129d5554a200","2026-05-06 23:37:03.077","2026-05-06 23:37:03.077","a448ab0c-3fd6-49ec-854d-129d5554a200","[PREMIUM]","Used",2017,"Honda","CR-V","Touring","[PREMIUM]","[PREMIUM]",69838,"SUV","Blue","GRAY","Rear-wheel Drive",,,"Gasoline",,,"dealership","[PREMIUM]","Buena Park","CA","[PREMIUM]",,"[]",,,"[PREMIUM]"
"8f991ff6-7d30-4c29-86d4-dce67086c5de","2026-05-06 23:37:03.062","2026-05-06 23:37:03.062","8f991ff6-7d30-4c29-86d4-dce67086c5de","[PREMIUM]","Used",2017,"Buick","LaCrosse","Essence","[PREMIUM]","[PREMIUM]",39168,"Sedan","Silver","BLACK","Rear-wheel Drive",,,"Gasoline",,,"dealership","[PREMIUM]","Katy","TX","[PREMIUM]",,"[]",,,"[PREMIUM]"
"917156cb-b00f-45dc-8d41-477ef6534b8d","2026-05-06 23:37:03.061","2026-05-06 23:37:03.061","917156cb-b00f-45dc-8d41-477ef6534b8d","[PREMIUM]","Used",2017,"Honda","Civic","SI","[PREMIUM]","[PREMIUM]",43560,"Sedan","Black","BLACK","Rear-wheel Drive",,,"Gasoline",,,"dealership","[PREMIUM]","Killeen","TX","[PREMIUM]",,"[]",,,"[PREMIUM]"
"48810b5d-47a6-47cb-a658-50e864b87a1d","2026-05-06 23:37:03.060","2026-05-06 23:37:03.060","48810b5d-47a6-47cb-a658-50e864b87a1d","[PREMIUM]","Used",2017,"Mercedes-Benz","GLE 350",,"[PREMIUM]","[PREMIUM]",79012,"SUV","Black","BLACK","4WD",,,"Flex",,,"dealership","[PREMIUM]","Oklahoma City","OK","[PREMIUM]",,"[]",,,"[PREMIUM]"
"3339e521-ca01-41ed-b327-74446230a4d0","2026-05-06 23:37:03.053","2026-05-06 23:37:03.053","3339e521-ca01-41ed-b327-74446230a4d0","[PREMIUM]","Used",2017,"Subaru","Forester","2.5I Limited","[PREMIUM]","[PREMIUM]",22136,"SUV","Green","GRAY","Four-wheel Drive",,,"Gasoline",,,"dealership","[PREMIUM]","Cincinnati","OH","[PREMIUM]",,"[]",,,"[PREMIUM]"
"4d61c78a-9560-4b54-a1af-cde286c0a908","2026-05-06 23:37:03.037","2026-05-06 23:37:03.037","4d61c78a-9560-4b54-a1af-cde286c0a908","[PREMIUM]","Used",2017,"Jeep","Wrangler Unlimited","Sport","[PREMIUM]","[PREMIUM]",75038,"SUV","Rhino Clearcoat","Black","Four-wheel Drive",,,"Gasoline",,,"dealership","[PREMIUM]","Birmingham","AL","[PREMIUM]",,"[]",,,"[PREMIUM]"
"566003da-3ec5-4da4-bef9-e5e64a4b4835","2026-05-06 23:36:42.934","2026-05-06 23:36:42.934","566003da-3ec5-4da4-bef9-e5e64a4b4835","[PREMIUM]","Used",2018,"Jeep","Wrangler JK Unlimited","Sport","[PREMIUM]","[PREMIUM]",42545,"SUV","Bright White Clearcoat","Black","Four-wheel Drive",,,"Gasoline",,,"dealership","[PREMIUM]","Salt Lake City","UT","[PREMIUM]",,"[]",,,"[PREMIUM]"
"fcf56fbe-67b1-4283-a088-a625dd9f8c2c","2026-05-06 23:36:22.495","2026-05-06 23:36:22.495","fcf56fbe-67b1-4283-a088-a625dd9f8c2c","[PREMIUM]","Used",2018,"Audi","Q7","2.0T Premium Plus","[PREMIUM]","[PREMIUM]",66486,"SUV","Gray","No Color","All-wheel Drive",,,"Gasoline",,,"dealership","[PREMIUM]","Folsom","CA","[PREMIUM]",,"[]",,,"[PREMIUM]"
"2bd006e8-bb79-47ed-b223-8381a17e4602","2026-05-06 23:36:22.493","2026-05-09 23:36:40.667","2bd006e8-bb79-47ed-b223-8381a17e4602","[PREMIUM]","Used",2018,"Ford","F-150","XLT","[PREMIUM]","[PREMIUM]",64969,"Truck","RUBY RED METALLIC TINTED CC","BLACK SPORT 40/CONSOLE/40","Rear-wheel Drive",,,"Gasoline",,,"dealership","[PREMIUM]","Birmingham","AL","[PREMIUM]",,"[]",,,"[PREMIUM]"
"70a247a3-05df-4168-882d-448e37d8d95a","2026-05-06 23:36:22.489","2026-05-06 23:36:22.489","70a247a3-05df-4168-882d-448e37d8d95a","[PREMIUM]","Used",2018,"Nissan","Frontier","SV","[PREMIUM]","[PREMIUM]",21389,"Truck","Cayenne Red","Beige","Four-wheel Drive",,,"Gasoline",,,"dealership","[PREMIUM]","Colonie","NY","[PREMIUM]",,"[]",,,"[PREMIUM]"
"5a8fbeba-d40b-420e-a586-3ba98c899dc0","2026-05-06 23:36:22.480","2026-05-06 23:36:22.480","5a8fbeba-d40b-420e-a586-3ba98c899dc0","[PREMIUM]","Used",2018,"Ford","F-150","Lariat","[PREMIUM]","[PREMIUM]",125208,"Truck","Silver","Beige","Rear-wheel Drive",,,"Gasoline",,,"dealership","[PREMIUM]","Houma","LA","[PREMIUM]",,"[]",,,"[PREMIUM]"
"5103beec-481e-45b8-81c1-bbce49eeeceb","2026-05-06 23:36:22.478","2026-05-06 23:36:22.478","5103beec-481e-45b8-81c1-bbce49eeeceb","[PREMIUM]","Used",2018,"Toyota","Camry","XSE","[PREMIUM]","[PREMIUM]",64119,"Sedan","Blue","BLACK","Rear-wheel Drive",,,"Gasoline",,,"dealership","[PREMIUM]","San Antonio","TX","[PREMIUM]",,"[]",,,"[PREMIUM]"
"ae98dfba-42b9-4858-9030-f840eeaa617b","2026-05-06 23:36:22.477","2026-05-06 23:36:22.477","ae98dfba-42b9-4858-9030-f840eeaa617b","[PREMIUM]","Used",2018,"Toyota","Highlander","Limited","[PREMIUM]","[PREMIUM]",134511,"SUV","Ooh La La Rouge Mica","Almond","All-wheel Drive",,,"Gasoline",,,"dealership","[PREMIUM]","Plainwell","MI","[PREMIUM]",,"[]",,,"[PREMIUM]"
"699a6c08-f79c-4651-b0ff-33c72289862b","2026-05-06 23:36:22.476","2026-05-09 23:36:40.691","699a6c08-f79c-4651-b0ff-33c72289862b","[PREMIUM]","Used",2018,"Land Rover","Range Rover Velar","P380 S","[PREMIUM]","[PREMIUM]",52983,"SUV","Yulong White","Acorn","All-wheel Drive",,,"Gasoline",,,"dealership","[PREMIUM]","Deerfield Beach","FL","[PREMIUM]",,"[]",,,"[PREMIUM]"
"50b09cd1-bf84-4107-8478-44f879bb8893","2026-05-06 23:36:22.463","2026-05-06 23:36:22.463","50b09cd1-bf84-4107-8478-44f879bb8893","[PREMIUM]","Used",2018,"Jeep","Wrangler JK Unlimited","Sahara","[PREMIUM]","[PREMIUM]",102175,"SUV","Black Clearcoat","Black","Four-wheel Drive",,,"Gasoline",,,"dealership","[PREMIUM]","Chesapeake","VA","[PREMIUM]",,"[]",,,"[PREMIUM]"
"8e0738d9-c9d0-4b4b-9822-1a10c9945afc","2026-05-06 23:36:22.463","2026-05-06 23:36:22.463","8e0738d9-c9d0-4b4b-9822-1a10c9945afc","[PREMIUM]","Used",2018,"Subaru","Crosstrek","Limited","[PREMIUM]","[PREMIUM]",37155,"SUV","Blue","BLACK","Four-wheel Drive",,,"Gasoline",,,"dealership","[PREMIUM]","Fort Worth","TX","[PREMIUM]",,"[]",,,"[PREMIUM]"
"12a1b209-6dbc-497b-8479-96e2e645bf5b","2026-05-06 23:36:22.459","2026-05-06 23:36:22.459","12a1b209-6dbc-497b-8479-96e2e645bf5b","[PREMIUM]","Used",2018,"Honda","Accord","Sport","[PREMIUM]","[PREMIUM]",71936,"Sedan","Black","Black","FWD",,,"Gasoline",,,"dealership","[PREMIUM]","Rio Piedras","PR","[PREMIUM]",,"[]",,,"[PREMIUM]"
"dff89add-6a4c-4f49-8154-4b0d0bd92f67","2026-05-06 23:36:22.456","2026-05-06 23:36:22.456","dff89add-6a4c-4f49-8154-4b0d0bd92f67","[PREMIUM]","Used",2018,"Honda","Civic","Si","[PREMIUM]","[PREMIUM]",83547,"Sedan","Crystal Black Pearl","Black","Front-wheel Drive",,,"Gasoline",,,"dealership","[PREMIUM]","Durham","NC","[PREMIUM]",,"[]",,,"[PREMIUM]"
"72a2e1c6-a80f-4b9a-b2d5-b7b94cda1b5c","2026-05-06 23:36:22.454","2026-05-06 23:36:22.454","72a2e1c6-a80f-4b9a-b2d5-b7b94cda1b5c","[PREMIUM]","Used",2018,"Toyota","RAV4","XLE","[PREMIUM]","[PREMIUM]",60485,"SUV","Silver","GRAY","Rear-wheel Drive",,,"Gasoline",,,"dealership","[PREMIUM]","Milwaukie","OR","[PREMIUM]",,"[]",,,"[PREMIUM]"
"dcda78d1-f190-4d48-b215-ecdfbaee1d57","2026-05-06 23:36:22.444","2026-05-06 23:36:22.444","dcda78d1-f190-4d48-b215-ecdfbaee1d57","[PREMIUM]","Used",2018,"Chevrolet","Silverado 1500","1LT","[PREMIUM]","[PREMIUM]",98426,"Truck","Red","Gray","Rear-wheel Drive",,,"Gasoline",,,"dealership","[PREMIUM]","Leesburg","FL","[PREMIUM]",,"[]",,,"[PREMIUM]"
"455754e6-ca57-4e27-a504-a522376468d6","2026-05-06 23:36:22.422","2026-05-09 23:36:40.640","455754e6-ca57-4e27-a504-a522376468d6","[PREMIUM]","Used",2018,"Subaru","Forester","2.0XT Touring","[PREMIUM]","[PREMIUM]",95245,"SUV","Crystal White Pearl","Saddle Brown","All-wheel Drive",,,"Gasoline",,,"dealership","[PREMIUM]","Blackfoot","ID","[PREMIUM]",,"[]",,,"[PREMIUM]"
"c1418d7d-d1dd-462e-9d82-2f6b16876991","2026-05-06 23:36:12.486","2026-05-09 23:36:20.127","c1418d7d-d1dd-462e-9d82-2f6b16876991","[PREMIUM]","Used",2018,"Honda","Ridgeline","RTL-E","[PREMIUM]","[PREMIUM]",70787,"Truck","Silver","BLACK","Four-wheel Drive",,,"Gasoline",,,"dealership","[PREMIUM]","Kenosha","WI","[PREMIUM]",,"[]",,,"[PREMIUM]"
"55e74a36-68df-4fef-9ef0-c8c98368d36b","2026-05-06 23:36:12.085","2026-05-06 23:36:12.085","55e74a36-68df-4fef-9ef0-c8c98368d36b","[PREMIUM]","Used",2018,"Jeep","Wrangler","All-New Unlimited Sahara","[PREMIUM]","[PREMIUM]",60166,"SUV","White","TAN","Four-wheel Drive",,,"Gasoline",,,"dealership","[PREMIUM]","Daytona Beach","FL","[PREMIUM]",,"[]",,,"[PREMIUM]"
"2feba5d5-6efd-4a58-95b7-3a8b420b7b8b","2026-05-06 23:36:12.079","2026-05-06 23:36:12.079","2feba5d5-6efd-4a58-95b7-3a8b420b7b8b","[PREMIUM]","Used",2018,"Honda","CR-V","EX-L","[PREMIUM]","[PREMIUM]",64483,"SUV","White","CREAM","Four-wheel Drive",,,"Gasoline",,,"dealership","[PREMIUM]","Charleston","SC","[PREMIUM]",,"[]",,,"[PREMIUM]"
"4131c32b-f74f-4a13-a6cd-509d039c963d","2026-05-06 23:36:12.059","2026-05-06 23:36:12.059","4131c32b-f74f-4a13-a6cd-509d039c963d","[PREMIUM]","Used",2018,"Honda","Accord","EX-L","[PREMIUM]","[PREMIUM]",93484,"Sedan","Gray","GRAY","Rear-wheel Drive",,,"Gasoline",,,"dealership","[PREMIUM]","Lancaster","PA","[PREMIUM]",,"[]",,,"[PREMIUM]"
"7e0c418d-4367-44fe-affd-abd3fe2a5248","2026-05-06 23:36:12.052","2026-05-09 23:36:20.365","7e0c418d-4367-44fe-affd-abd3fe2a5248","[PREMIUM]","Used",2018,"Honda","Odyssey","EX","[PREMIUM]","[PREMIUM]",76538,"Passenger Van","Gray",,"Front-wheel Drive",,,"Gasoline",,,"dealership","[PREMIUM]","Palo Alto","CA","[PREMIUM]",,"[]",,,"[PREMIUM]"
"abe4dc44-eaee-495c-8bd6-52ea5546e428","2026-05-06 23:36:12.047","2026-05-06 23:36:12.047","abe4dc44-eaee-495c-8bd6-52ea5546e428","[PREMIUM]","Used",2018,"Chevrolet","Camaro","LT","[PREMIUM]","[PREMIUM]",50395,"Coupe","White","RED","2WD",,,"Gas",,,"dealership","[PREMIUM]","Virginia Beach","VA","[PREMIUM]",,"[]",,,"[PREMIUM]"
"4868c949-fc8e-4049-9579-8ab133421f5d","2026-05-06 23:36:12.046","2026-05-06 23:36:12.046","4868c949-fc8e-4049-9579-8ab133421f5d","[PREMIUM]","Used",2018,"Volvo","XC60","T5 Momentum","[PREMIUM]","[PREMIUM]",42220,"SUV","Blue","WHITE","Four-wheel Drive",,,"Gasoline",,,"dealership","[PREMIUM]","Fairfield","CA","[PREMIUM]",,"[]",,,"[PREMIUM]"
"16cac63f-b257-466e-9b2b-52024532d538","2026-05-06 23:36:12.043","2026-05-06 23:36:12.043","16cac63f-b257-466e-9b2b-52024532d538","[PREMIUM]","Used",2018,"Nissan","Armada","SV","[PREMIUM]","[PREMIUM]",60560,"SUV","Silver","GRAY","Four-wheel Drive",,,"Gasoline",,,"dealership","[PREMIUM]","White Marsh","MD","[PREMIUM]",,"[]",,,"[PREMIUM]"
"5771e5ea-5167-4ae5-ad1f-f99ab29b0ff9","2026-05-06 23:36:12.043","2026-05-06 23:36:12.043","5771e5ea-5167-4ae5-ad1f-f99ab29b0ff9","[PREMIUM]","Used",2018,"Toyota","RAV4","XLE","[PREMIUM]","[PREMIUM]",108067,"SUV","Green","BLACK","Four-wheel Drive",,,"Gasoline",,,"dealership","[PREMIUM]","Lynnwood","WA","[PREMIUM]",,"[]",,,"[PREMIUM]"
"a697c60d-917a-46ab-98df-4934c23473f1","2026-05-06 23:36:12.031","2026-05-06 23:36:12.031","a697c60d-917a-46ab-98df-4934c23473f1","[PREMIUM]","Used",2018,"BMW","530","I","[PREMIUM]","[PREMIUM]",53569,"Sedan","Silver","GRAY","Rear-wheel Drive",,,"Gasoline",,,"dealership","[PREMIUM]","Charleston","SC","[PREMIUM]",,"[]",,,"[PREMIUM]"
"d51f393d-b4d7-4733-8d5b-cbcab9f24377","2026-05-06 23:36:12.021","2026-05-06 23:36:12.021","d51f393d-b4d7-4733-8d5b-cbcab9f24377","[PREMIUM]","Used",2018,"Honda","CR-V","LX","[PREMIUM]","[PREMIUM]",48944,"SUV","Gray","BLACK","Four-wheel Drive",,,"Gasoline",,,"dealership","[PREMIUM]","Tinley Park","IL","[PREMIUM]",,"[]",,,"[PREMIUM]"
"7ccb2f50-2ea3-4a25-b2ad-b0e144b81799","2026-05-06 23:36:12.010","2026-05-06 23:36:12.010","7ccb2f50-2ea3-4a25-b2ad-b0e144b81799","[PREMIUM]","Used",2018,"Mercedes-Benz","C-Class",,"[PREMIUM]","[PREMIUM]",22230,"Sedan","Black","BLACK","Rear-wheel Drive",,,"Gasoline",,,"dealership","[PREMIUM]","Killeen","TX","[PREMIUM]",,"[]",,,"[PREMIUM]"
"b59d7be5-f292-4f20-a218-7d0f982c2c1e","2026-05-06 23:36:11.976","2026-05-06 23:36:11.976","b59d7be5-f292-4f20-a218-7d0f982c2c1e","[PREMIUM]","Used",2018,"Toyota","86",,"[PREMIUM]","[PREMIUM]",43295,"Coupe","Black","BLACK","Rear-wheel Drive",,,"Gasoline",,,"dealership","[PREMIUM]","Indianapolis","IN","[PREMIUM]",,"[]",,,"[PREMIUM]"
"74cf003e-2c69-415b-ab14-d5f1c8860193","2026-05-06 23:36:01.601","2026-05-06 23:36:01.601","74cf003e-2c69-415b-ab14-d5f1c8860193","[PREMIUM]","Used",2019,"Chevrolet","Silverado 1500","LT","[PREMIUM]","[PREMIUM]",96996,"Truck","Silver Ice Metallic","Jet Black","Rear-wheel Drive",,,"Gasoline",,,"dealership","[PREMIUM]","Paris","TX","[PREMIUM]",,"[]",,,"[PREMIUM]"
"012e0e21-0fb4-4227-8c30-3df3f84b6a8b","2026-05-06 23:36:01.599","2026-05-06 23:36:01.599","012e0e21-0fb4-4227-8c30-3df3f84b6a8b","[PREMIUM]","Used",2019,"Honda","CR-V","Touring","[PREMIUM]","[PREMIUM]",78063,"SUV","Platinum White Pearl","Gray","Front-wheel Drive",,,"Gasoline",,,"dealership","[PREMIUM]","Clearwater","FL","[PREMIUM]",,"[]",,,"[PREMIUM]"
"dacb369b-bd62-4c33-a237-33ad83b8a066","2026-05-06 23:36:01.586","2026-05-06 23:36:01.586","dacb369b-bd62-4c33-a237-33ad83b8a066","[PREMIUM]","Used",2019,"BMW","X3","xDrive30i","[PREMIUM]","[PREMIUM]",43598,"SUV","Dark Graphite Metallic","Black","All-wheel Drive",,,"Gasoline",,,"dealership","[PREMIUM]","Sewickley","PA","[PREMIUM]",,"[]",,,"[PREMIUM]"
"0f9e9f9c-07b4-4db4-95db-1089124bf2df","2026-05-06 23:36:01.579","2026-05-09 23:36:20.086","0f9e9f9c-07b4-4db4-95db-1089124bf2df","[PREMIUM]","Used",2019,"Chevrolet","Tahoe","LS","[PREMIUM]","[PREMIUM]",73578,"SUV","Shadow Gray Metallic","Jet Black","Rear-wheel Drive",,,"Gasoline",,,"dealership","[PREMIUM]","Miami","FL","[PREMIUM]",,"[]",,,"[PREMIUM]"
"48fb60ec-b86d-4739-b3fe-3b49b7295fb3","2026-05-06 23:36:01.572","2026-05-06 23:36:01.572","48fb60ec-b86d-4739-b3fe-3b49b7295fb3","[PREMIUM]","Used",2019,"Hyundai","ELANTRA","SE","[PREMIUM]","[PREMIUM]",63887,"Sedan","Galactic Gray","Black","Front-wheel Drive",,,"Gasoline",,,"dealership","[PREMIUM]","San Bernardino","CA","[PREMIUM]",,"[]",,,"[PREMIUM]"
"fa0ce62c-5a2a-4a6e-933a-39250bc241d0","2026-05-06 23:36:01.567","2026-05-06 23:36:01.567","fa0ce62c-5a2a-4a6e-933a-39250bc241d0","[PREMIUM]","Used",2019,"BMW","X1","SDrive28i","[PREMIUM]","[PREMIUM]",41744,"SUV","White","BLACK","Rear-wheel Drive",,,"Gasoline",,,"dealership","[PREMIUM]","Merriam","KS","[PREMIUM]",,"[]",,,"[PREMIUM]"
"65f03a1c-1ffa-4820-afe9-eb12370145d7","2026-05-06 23:35:51.624","2026-05-06 23:35:51.624","65f03a1c-1ffa-4820-afe9-eb12370145d7","[PREMIUM]","Used",2019,"Ford","Ranger","XLT","[PREMIUM]","[PREMIUM]",61070,"Truck","LIGHTNING BLUE","EBONY PREMIUM CLOTH SEATS","Four-wheel Drive",,,"Gasoline",,,"dealership","[PREMIUM]","Portage","IN","[PREMIUM]",,"[]",,,"[PREMIUM]"
"8d6f45fb-3148-42c0-ad8b-a69ea93486ec","2026-05-06 23:35:51.466","2026-05-09 23:36:00.172","8d6f45fb-3148-42c0-ad8b-a69ea93486ec","[PREMIUM]","Used",2019,"Mazda","CX-5","Grand Touring","[PREMIUM]","[PREMIUM]",55942,"SUV","Machine Gray Metallic","Parchment","FWD",,,"Gasoline",,,"dealership","[PREMIUM]","Gonzales","LA","[PREMIUM]",,"[]",,,"[PREMIUM]"
"8eda3a0f-2e38-44d4-b8ea-175e83de35ef","2026-05-06 23:35:51.463","2026-05-06 23:35:51.463","8eda3a0f-2e38-44d4-b8ea-175e83de35ef","[PREMIUM]","Used",2019,"Chevrolet","Tahoe","LS","[PREMIUM]","[PREMIUM]",92378,"SUV","Silver Ice Metallic","Jet Black","Four-wheel Drive",,,"Gasoline",,,"dealership","[PREMIUM]","Clarkston","MI","[PREMIUM]",,"[]",,,"[PREMIUM]"
"210d2021-85f1-4959-b7a4-20041860d1d1","2026-05-06 23:35:51.459","2026-05-12 23:36:12.881","210d2021-85f1-4959-b7a4-20041860d1d1","[PREMIUM]","Used",2019,"Honda","HR-V","Sport","[PREMIUM]","[PREMIUM]",29897,"SUV","Crystal Black Pearl","Black","All-wheel Drive",,,"Gasoline",,,"dealership","[PREMIUM]","South Easton","MA","[PREMIUM]",,"[]",,,"[PREMIUM]"
"9eddcc51-8ef1-4bfd-948f-d98fad9d3a61","2026-05-06 23:35:51.454","2026-05-06 23:35:51.454","9eddcc51-8ef1-4bfd-948f-d98fad9d3a61","[PREMIUM]","Used",2019,"BMW","230","230i","[PREMIUM]","[PREMIUM]",11446,"Coupe","Mineral Grey Metallic","Black","Rear-wheel Drive",,,"Gasoline",,,"dealership","[PREMIUM]","Albany","CA","[PREMIUM]",,"[]",,,"[PREMIUM]"
"c31e3967-09d5-489f-821e-08024645b607","2026-05-06 23:35:41.094","2026-05-06 23:35:41.094","c31e3967-09d5-489f-821e-08024645b607","[PREMIUM]","Used",2019,"Chevrolet","Tahoe","LT","[PREMIUM]","[PREMIUM]",123817,"SUV","Satin Steel Metallic","Jet Black","Four-wheel Drive",,,"Gasoline",,,"dealership","[PREMIUM]","Raleigh","NC","[PREMIUM]",,"[]",,,"[PREMIUM]"
"853cdb8d-4b7c-4d92-a523-8ec01cc0ffc8","2026-05-06 23:35:41.044","2026-05-12 23:36:02.708","853cdb8d-4b7c-4d92-a523-8ec01cc0ffc8","[PREMIUM]","Used",2019,"Ford","Transit-250","Base","[PREMIUM]","[PREMIUM]",93871,"Cargo Van","Oxford White","Black","Rear-wheel Drive",,,"Gasoline",,,"dealership","[PREMIUM]","Chesapeake","VA","[PREMIUM]",,"[]",,,"[PREMIUM]"
"19c4d43d-e142-44c8-a784-ef5275cc42b0","2026-05-06 23:35:30.997","2026-05-09 23:35:49.746","19c4d43d-e142-44c8-a784-ef5275cc42b0","[PREMIUM]","Used",2019,"Toyota","RAV4","LE","[PREMIUM]","[PREMIUM]",59086,"SUV","Gray","BLACK","Four-wheel Drive",,,"Gasoline",,,"dealership","[PREMIUM]","Milwaukee","WI","[PREMIUM]",,"[]",,,"[PREMIUM]"
"c411a6f6-7b26-4c38-bb78-f552dc28c00b","2026-05-06 23:35:30.968","2026-05-06 23:35:30.968","c411a6f6-7b26-4c38-bb78-f552dc28c00b","[PREMIUM]","Used",2019,"Toyota","Camry","XLE","[PREMIUM]","[PREMIUM]",94844,"Sedan","Super White","Macadamia","Front-wheel Drive",,,"Gasoline",,,"dealership","[PREMIUM]","Sevierville","TN","[PREMIUM]",,"[]",,,"[PREMIUM]"
"6e648636-56bb-4810-a301-f8d2847365f6","2026-05-06 23:35:20.941","2026-05-06 23:35:20.941","6e648636-56bb-4810-a301-f8d2847365f6","[PREMIUM]","Used",2019,"Jeep","Cherokee","Latitude Plus","[PREMIUM]","[PREMIUM]",20197,"SUV","Gray","BLACK","Four-wheel Drive",,,"Gasoline",,,"dealership","[PREMIUM]","MERIDIAN","ID","[PREMIUM]",,"[]",,,"[PREMIUM]"
"220a435f-7f9f-44b8-9c1c-de0ddf7de7be","2026-05-06 23:35:20.890","2026-05-06 23:35:20.890","220a435f-7f9f-44b8-9c1c-de0ddf7de7be","[PREMIUM]","Used",2019,"Honda","Civic","EX","[PREMIUM]","[PREMIUM]",73330,"Hatchback","White","CREAM","Rear-wheel Drive",,,"Gasoline",,,"dealership","[PREMIUM]","Duarte","CA","[PREMIUM]",,"[]",,,"[PREMIUM]"
"edacbe2a-170c-4e52-8ee1-7e7c95380ba6","2026-05-06 23:35:20.837","2026-05-06 23:35:20.837","edacbe2a-170c-4e52-8ee1-7e7c95380ba6","[PREMIUM]","Used",2019,"Nissan","Frontier","SV","[PREMIUM]","[PREMIUM]",74056,"Truck","Silver","GRAY","Rear-wheel Drive",,,"Gasoline",,,"dealership","[PREMIUM]","Murfreesboro","TN","[PREMIUM]",,"[]",,,"[PREMIUM]"
"8382c812-0583-4267-8877-542a7945a23e","2026-05-06 23:35:20.808","2026-05-06 23:35:20.808","8382c812-0583-4267-8877-542a7945a23e","[PREMIUM]","Used",2019,"Mercedes-Benz","GLC 300",,"[PREMIUM]","[PREMIUM]",48612,"SUV","Blue","BLACK","Four-wheel Drive",,,"Gasoline",,,"dealership","[PREMIUM]","West Carrollton","OH","[PREMIUM]",,"[]",,,"[PREMIUM]"
"3c85ec6b-0283-4551-b4f4-fb6e87735152","2026-05-06 23:35:10.598","2026-05-06 23:35:10.598","3c85ec6b-0283-4551-b4f4-fb6e87735152","[PREMIUM]","Used",2020,"Jeep","Grand Cherokee","Limited X","[PREMIUM]","[PREMIUM]",65890,"SUV","Velvet Red Pearlcoat","Black","Four-wheel Drive",,,"Gasoline",,,"dealership","[PREMIUM]","Streamwood","IL","[PREMIUM]",,"[]",,,"[PREMIUM]"
"cf9a0a20-a182-4840-b58b-bceeeb501005","2026-05-06 23:35:10.586","2026-05-06 23:35:10.586","cf9a0a20-a182-4840-b58b-bceeeb501005","[PREMIUM]","Used",2020,"Honda","CR-V Hybrid","Touring","[PREMIUM]","[PREMIUM]",104652,"SUV","Modern Steel Metallic","Black","All-wheel Drive",,,"Hybrid",,,"dealership","[PREMIUM]","Costa Mesa","CA","[PREMIUM]",,"[]",,,"[PREMIUM]"
"a5b78bd8-88ed-40d4-8176-974f6665c525","2026-05-06 23:35:00.647","2026-05-12 23:35:32.393","a5b78bd8-88ed-40d4-8176-974f6665c525","[PREMIUM]","Used",2020,"Subaru","WRX","Premium","[PREMIUM]","[PREMIUM]",52016,"Sedan","Pure Red","Carbon Black Checkered","All-wheel Drive",,,"Gasoline",,,"dealership","[PREMIUM]","Plainfield","IL","[PREMIUM]",,"[]",,,"[PREMIUM]"
"2522a864-e39b-441e-bae4-392df6b9c351","2026-05-06 23:35:00.553","2026-05-06 23:35:00.553","2522a864-e39b-441e-bae4-392df6b9c351","[PREMIUM]","Used",2020,"Mercedes-Benz","CLA 250","Base","[PREMIUM]","[PREMIUM]",70732,"Sedan","Digital White Metallic","Black","Front-wheel Drive",,,"Gasoline",,,"dealership","[PREMIUM]","Plainfield","IL","[PREMIUM]",,"[]",,,"[PREMIUM]"
"f0756833-fa16-4877-b235-535020e90d68","2026-05-06 23:35:00.543","2026-05-06 23:35:00.543","f0756833-fa16-4877-b235-535020e90d68","[PREMIUM]","Used",2020,"Subaru","Forester","Sport","[PREMIUM]","[PREMIUM]",73358,"SUV","Magnetite Gray Metallic","Gray","All-wheel Drive",,,"Gasoline",,,"dealership","[PREMIUM]","Colorado Springs","CO","[PREMIUM]",,"[]",,,"[PREMIUM]"
"7158e0df-188e-441d-8688-5a00391bb32b","2026-05-06 23:35:00.520","2026-05-06 23:35:00.520","7158e0df-188e-441d-8688-5a00391bb32b","[PREMIUM]","Used",2020,"Mazda","CX-5","Touring","[PREMIUM]","[PREMIUM]",67885,"SUV","Deep Crystal Blue Mica","Black","All-wheel Drive",,,"Gasoline",,,"dealership","[PREMIUM]","Longwood","FL","[PREMIUM]",,"[]",,,"[PREMIUM]"
"1a8249c1-c79a-462a-9cce-626521b6f967","2026-05-06 23:35:00.506","2026-05-06 23:35:00.506","1a8249c1-c79a-462a-9cce-626521b6f967","[PREMIUM]","Used",2020,"Land Rover","Discovery Sport","SE","[PREMIUM]","[PREMIUM]",48513,"SUV","Eiger Grey Metallic","Light Oyster","All-wheel Drive",,,"Gasoline",,,"dealership","[PREMIUM]","Hinsdale","IL","[PREMIUM]",,"[]",,,"[PREMIUM]"
"e0aa26be-0a2e-4008-85d4-26073eed27e7","2026-05-06 23:35:00.496","2026-05-09 23:35:09.428","e0aa26be-0a2e-4008-85d4-26073eed27e7","[PREMIUM]","Used",2020,"Mazda","CX-5","Grand Touring","[PREMIUM]","[PREMIUM]",73531,"SUV","Deep Crystal Blue Mica","Black","All-wheel Drive",,,"Gasoline",,,"dealership","[PREMIUM]","Manassas","VA","[PREMIUM]",,"[]",,,"[PREMIUM]"
"6d0a7e24-8294-43ea-85e1-e3fe8afc47e9","2026-05-06 23:35:00.493","2026-05-09 23:35:09.560","6d0a7e24-8294-43ea-85e1-e3fe8afc47e9","[PREMIUM]","Used",2020,"Ford","F-150","XL","[PREMIUM]","[PREMIUM]",119245,"Truck","OXFORD WHITE","DARK GRAY CLOTH 40/20/40","Four-wheel Drive",,,"Gasoline",,,"dealership","[PREMIUM]","Perham","MN","[PREMIUM]",,"[]",,,"[PREMIUM]"
"750ffb16-3e1f-4130-98ae-8904b8bc6fea","2026-05-06 23:35:00.488","2026-05-06 23:35:00.488","750ffb16-3e1f-4130-98ae-8904b8bc6fea","[PREMIUM]","Used",2020,"Ford","Escape","Titanium","[PREMIUM]","[PREMIUM]",82885,"SUV","Black Metallic","Black","All-wheel Drive",,,"Gasoline",,,"dealership","[PREMIUM]","Apple Valley","MN","[PREMIUM]",,"[]",,,"[PREMIUM]"
"4421b0d1-fa50-43f3-8ddc-0c6c0180cf37","2026-05-06 23:35:00.471","2026-05-06 23:35:00.471","4421b0d1-fa50-43f3-8ddc-0c6c0180cf37","[PREMIUM]","Used",2020,"Toyota","Corolla","LE","[PREMIUM]","[PREMIUM]",20677,"Sedan","Classic Silver Metallic","Light Gray","Front-wheel Drive",,,"Gasoline",,,"dealership","[PREMIUM]","Eugene","OR","[PREMIUM]",,"[]",,,"[PREMIUM]"
"b3488b5a-0cef-4626-a27e-eb847d2fa2d4","2026-05-06 23:35:00.468","2026-05-12 23:35:22.434","b3488b5a-0cef-4626-a27e-eb847d2fa2d4","[PREMIUM]","Used",2020,"BMW","X3","sDrive30i","[PREMIUM]","[PREMIUM]",75282,"SUV","Phytonic Blue Metallic","Black","Rear-wheel Drive",,,"Gasoline",,,"dealership","[PREMIUM]","Plano","TX","[PREMIUM]",,"[]",,,"[PREMIUM]"
"b4f8109c-dbaf-41e3-b994-e394f4c711f6","2026-05-06 23:35:00.452","2026-05-06 23:35:00.452","b4f8109c-dbaf-41e3-b994-e394f4c711f6","[PREMIUM]","Used",2020,"Cadillac","CT4","Luxury","[PREMIUM]","[PREMIUM]",74190,"Sedan","Crystal White Tricoat","Whisper Beige With Jet Black Accents","Rear-wheel Drive",,,"Gasoline",,,"dealership","[PREMIUM]","Johnston","RI","[PREMIUM]",,"[]",,,"[PREMIUM]"
"92847edb-95d2-4d54-9a64-e40268fcf8fd","2026-05-06 23:34:50.065","2026-05-06 23:34:50.065","92847edb-95d2-4d54-9a64-e40268fcf8fd","[PREMIUM]","Used",2020,"Honda","CR-V","2WD EX-L","[PREMIUM]","[PREMIUM]",49084,"SUV","Modern Steel Metallic",,"Front-wheel Drive",,,"Gasoline",,,"dealership","[PREMIUM]","Tampa","FL","[PREMIUM]",,"[]",,,"[PREMIUM]"
"2a470ef1-5d7b-4e34-b86a-2761172c91b5","2026-05-06 23:34:50.052","2026-05-06 23:34:50.052","2a470ef1-5d7b-4e34-b86a-2761172c91b5","[PREMIUM]","Used",2020,"Honda","Civic","EX-L","[PREMIUM]","[PREMIUM]",43026,"Hatchback","Crystal Black Pearl","Black","Front-wheel Drive",,,"Gasoline",,,"dealership","[PREMIUM]","Frederick","MD","[PREMIUM]",,"[]",,,"[PREMIUM]"
"b6fa0c2f-5799-489d-afed-080df557efbe","2026-05-06 23:34:50.037","2026-05-06 23:34:50.037","b6fa0c2f-5799-489d-afed-080df557efbe","[PREMIUM]","Used",2020,"Acura","ILX","Premium Package","[PREMIUM]","[PREMIUM]",43083,"Sedan","Platinum White Pearl","Ebony","Front-wheel Drive",,,"Gasoline",,,"dealership","[PREMIUM]","Rosedale","MD","[PREMIUM]",,"[]",,,"[PREMIUM]"
"8a22970e-ea47-49b9-befe-b496862f9ee1","2026-05-06 23:34:50.017","2026-05-06 23:34:50.017","8a22970e-ea47-49b9-befe-b496862f9ee1","[PREMIUM]","Used",2020,"Honda","Odyssey","LX","[PREMIUM]","[PREMIUM]",89309,"Passenger Van","Silver","GRAY","Rear-wheel Drive",,,"Gasoline",,,"dealership","[PREMIUM]","Amarillo","TX","[PREMIUM]",,"[]",,,"[PREMIUM]"
"4884e6d4-d139-4b92-ae83-b16bf8a6783c","2026-05-06 23:34:40.003","2026-05-06 23:34:40.003","4884e6d4-d139-4b92-ae83-b16bf8a6783c","[PREMIUM]","Used",2020,"Honda","Accord","LX","[PREMIUM]","[PREMIUM]",37811,"Sedan","Red","TAN","Rear-wheel Drive",,,"Gasoline",,,"dealership","[PREMIUM]","Austin","TX","[PREMIUM]",,"[]",,,"[PREMIUM]"
"9bf9fe00-90f5-4549-b1ec-6f3fe846749d","2026-05-06 23:34:39.984","2026-05-06 23:34:39.984","9bf9fe00-90f5-4549-b1ec-6f3fe846749d","[PREMIUM]","Used",2020,"Mazda","CX-30","Preferred","[PREMIUM]","[PREMIUM]",37724,"SUV","Gray","BLACK","Four-wheel Drive",,,"Gasoline",,,"dealership","[PREMIUM]","Newark","DE","[PREMIUM]",,"[]",,,"[PREMIUM]"
"3cb3f4ac-4bf2-4651-a46c-d339be71accc","2026-05-06 23:34:39.974","2026-05-06 23:34:39.974","3cb3f4ac-4bf2-4651-a46c-d339be71accc","[PREMIUM]","Used",2020,"Acura","RDX","SH-AWD Technology","[PREMIUM]","[PREMIUM]",92515,"SUV","Black","BROWN","Four-wheel Drive",,,"Gasoline",,,"dealership","[PREMIUM]","Gastonia","NC","[PREMIUM]",,"[]",,,"[PREMIUM]"
"06a594e4-877f-46bb-9e38-9f1010f06ae5","2026-05-06 23:34:39.968","2026-05-06 23:34:39.968","06a594e4-877f-46bb-9e38-9f1010f06ae5","[PREMIUM]","Used",2020,"Ford","Edge","SEL","[PREMIUM]","[PREMIUM]",52453,"SUV","Green","TAN","Four-wheel Drive",,,"Gasoline",,,"dealership","[PREMIUM]","Wilmington","NC","[PREMIUM]",,"[]",,,"[PREMIUM]"
"bee6528b-b1c4-49e0-820e-9f3d23ff7b49","2026-05-06 23:34:39.827","2026-05-06 23:34:39.827","bee6528b-b1c4-49e0-820e-9f3d23ff7b49","[PREMIUM]","Used",2020,"Subaru","Outback","Limited","[PREMIUM]","[PREMIUM]",61589,"Wagon","Brown","BLACK","Four-wheel Drive",,,"Gasoline",,,"dealership","[PREMIUM]","Palmdale","CA","[PREMIUM]",,"[]",,,"[PREMIUM]"
"72eb0240-5bd7-444e-bc94-72a499ede070","2026-05-06 23:34:39.820","2026-05-06 23:34:39.820","72eb0240-5bd7-444e-bc94-72a499ede070","[PREMIUM]","Used",2020,"Audi","SQ5","3.0T Premium Plus","[PREMIUM]","[PREMIUM]",44847,"SUV","Glacier White Metallic","Magma Red","All-wheel Drive",,,"Gasoline",,,"dealership","[PREMIUM]","Sandy Springs","GA","[PREMIUM]",,"[]",,,"[PREMIUM]"
"f6ab212d-384e-42b5-80a6-88a8ea9835bd","2026-05-06 23:34:39.788","2026-05-06 23:34:39.788","f6ab212d-384e-42b5-80a6-88a8ea9835bd","[PREMIUM]","Used",2020,"Jeep","Renegade","Trailhawk","[PREMIUM]","[PREMIUM]",16893,"SUV","Red","BLACK","Four-wheel Drive",,,"Gasoline",,,"dealership","[PREMIUM]","Louisville","KY","[PREMIUM]",,"[]",,,"[PREMIUM]"
"3c5c4e52-6f05-459e-860f-4d19b2b6c505","2026-05-06 23:34:39.783","2026-05-06 23:34:39.783","3c5c4e52-6f05-459e-860f-4d19b2b6c505","[PREMIUM]","Used",2020,"Toyota","Tundra","SR5","[PREMIUM]","[PREMIUM]",81577,,"Silver Sky Metallic","Graphite","Four-wheel Drive",,,"Gasoline",,,"dealership","[PREMIUM]","Bedford","VA","[PREMIUM]",,"[]",,,"[PREMIUM]"
"6d924bfe-f340-43d5-ab51-5d756c8b7045","2026-05-06 23:34:39.773","2026-05-06 23:34:39.773","6d924bfe-f340-43d5-ab51-5d756c8b7045","[PREMIUM]","Used",2020,"Subaru","BRZ","Limited","[PREMIUM]","[PREMIUM]",31339,"Coupe","Ice Silver Metallic","Black","Rear-wheel Drive",,,"Gasoline",,,"dealership","[PREMIUM]","Westerville","OH","[PREMIUM]",,"[]",,,"[PREMIUM]"
"5b85232e-bbda-4748-a403-ff67654a224d","2026-05-06 23:34:39.758","2026-05-06 23:34:39.758","5b85232e-bbda-4748-a403-ff67654a224d","[PREMIUM]","Used",2020,"RAM","ProMaster 3500","High Roof","[PREMIUM]","[PREMIUM]",75284,"Cargo Van","Patriot Blue Pearlcoat","Black","Front-wheel Drive",,,"Gasoline",,,"dealership","[PREMIUM]","Burbank","IL","[PREMIUM]",,"[]",,,"[PREMIUM]"
"265eeda3-276e-4ef4-8205-820018163c2b","2026-05-06 23:34:39.641","2026-05-06 23:34:39.641","265eeda3-276e-4ef4-8205-820018163c2b","[PREMIUM]","Used",2020,"Honda","Civic","EX","[PREMIUM]","[PREMIUM]",33988,"Hatchback","Blue","BLACK","Rear-wheel Drive",,,"Gasoline",,,"dealership","[PREMIUM]","Jensen Beach","FL","[PREMIUM]",,"[]",,,"[PREMIUM]"
"934747ab-4811-4094-b067-d119b3aabd48","2026-05-06 23:34:39.627","2026-05-06 23:34:39.627","934747ab-4811-4094-b067-d119b3aabd48","[PREMIUM]","Used",2020,"Tesla","Model 3","Performance","[PREMIUM]","[PREMIUM]",77813,"Sedan","Gray","BLACK","Four-wheel Drive",,,"Electric",,,"dealership","[PREMIUM]","Escondido","CA","[PREMIUM]",,"[]",,,"[PREMIUM]"
"249a16d6-bf13-498a-8788-12dc414cec82","2026-05-06 23:34:39.624","2026-05-06 23:34:39.624","249a16d6-bf13-498a-8788-12dc414cec82","[PREMIUM]","Used",2020,"Tesla","Model 3","Standard Range Plus","[PREMIUM]","[PREMIUM]",51243,"Sedan","White","BLACK","Rear-wheel Drive",,,"Electric",,,"dealership","[PREMIUM]","Victorville","CA","[PREMIUM]",,"[]",,,"[PREMIUM]"
"1a835aab-5538-46da-8296-4b6371f68f72","2026-05-06 23:34:39.623","2026-05-06 23:34:39.623","1a835aab-5538-46da-8296-4b6371f68f72","[PREMIUM]","Used",2020,"Chevrolet","Equinox","LT","[PREMIUM]","[PREMIUM]",49655,"SUV","Blue","BLACK","Four-wheel Drive",,,"Gasoline",,,"dealership","[PREMIUM]","Stockbridge","GA","[PREMIUM]",,"[]",,,"[PREMIUM]"
"75a9aa31-1ff3-4e57-a55f-230eb5e278d7","2026-05-06 23:34:39.619","2026-05-06 23:34:39.619","75a9aa31-1ff3-4e57-a55f-230eb5e278d7","[PREMIUM]","Used",2020,"Subaru","Forester","Limited","[PREMIUM]","[PREMIUM]",58548,"SUV","Silver","BLACK","Four-wheel Drive",,,"Gasoline",,,"dealership","[PREMIUM]","Akron","OH","[PREMIUM]",,"[]",,,"[PREMIUM]"
"8769d59a-b341-4ff8-9a5f-46549e8ac85b","2026-05-06 23:34:39.615","2026-05-06 23:34:39.615","8769d59a-b341-4ff8-9a5f-46549e8ac85b","[PREMIUM]","Used",2020,"Honda","Accord","Sport","[PREMIUM]","[PREMIUM]",59675,"Sedan","White","BLACK","Rear-wheel Drive",,,"Gasoline",,,"dealership","[PREMIUM]","Tinley Park","IL","[PREMIUM]",,"[]",,,"[PREMIUM]"
"c79b092a-fcee-42a7-88c4-d3c734ad41e5","2026-05-06 23:34:39.612","2026-05-06 23:34:39.612","c79b092a-fcee-42a7-88c4-d3c734ad41e5","[PREMIUM]","Used",2020,"Volkswagen","Tiguan","SEL","[PREMIUM]","[PREMIUM]",40277,"SUV","White","BLACK","2WD",,,"Gas",,,"dealership","[PREMIUM]","Sacramento","CA","[PREMIUM]",,"[]",,,"[PREMIUM]"
"50dfae20-eae7-4ff9-a490-52a73e94d061","2026-05-06 23:34:39.605","2026-05-09 23:34:59.090","50dfae20-eae7-4ff9-a490-52a73e94d061","[PREMIUM]","Used",2020,"Honda","Pilot","Touring","[PREMIUM]","[PREMIUM]",93740,"SUV","Gray","BLACK","Rear-wheel Drive",,,"Gasoline",,,"dealership","[PREMIUM]","Nashville","TN","[PREMIUM]",,"[]",,,"[PREMIUM]"
"d14dfc1b-0c74-47aa-bf75-90f816699d8f","2026-05-06 23:34:39.599","2026-05-06 23:34:39.599","d14dfc1b-0c74-47aa-bf75-90f816699d8f","[PREMIUM]","Used",2020,"Honda","Civic","Sport","[PREMIUM]","[PREMIUM]",60510,"Coupe","Blue","BLACK","Rear-wheel Drive",,,"Gasoline",,,"dealership","[PREMIUM]","Raleigh","NC","[PREMIUM]",,"[]",,,"[PREMIUM]"
"3d40d7ca-8752-427b-8016-c769f259a77d","2026-05-06 23:34:39.582","2026-05-06 23:34:39.582","3d40d7ca-8752-427b-8016-c769f259a77d","[PREMIUM]","Used",2020,"Hyundai","PALISADE","SEL FWD","[PREMIUM]","[PREMIUM]",64228,"SUV","Hyper White","Black","FWD",,,"Gasoline",,,"dealership","[PREMIUM]","Ocoee","FL","[PREMIUM]",,"[]",,,"[PREMIUM]"
"eceedef4-ec21-400d-92fc-e591e251eca6","2026-05-06 23:34:29.275","2026-05-06 23:34:29.275","eceedef4-ec21-400d-92fc-e591e251eca6","[PREMIUM]","Used",2021,"RAM","1500","Big Horn/Lone Star","[PREMIUM]","[PREMIUM]",78320,"Truck","Bright White Clearcoat","Black","Rear-wheel Drive",,,"Gasoline",,,"dealership","[PREMIUM]","Duncanville","TX","[PREMIUM]",,"[]",,,"[PREMIUM]"
"efa3d50d-4afc-4b32-ab82-276a9048ceb7","2026-05-06 23:33:49.198","2026-05-06 23:33:49.198","efa3d50d-4afc-4b32-ab82-276a9048ceb7","[PREMIUM]","Used",2021,"GMC","Terrain","SLE","[PREMIUM]","[PREMIUM]",37437,"SUV","Red Quartz Tintcoat","Jet Black","Front-wheel Drive",,,"Gasoline",,,"dealership","[PREMIUM]","McKinney","TX","[PREMIUM]",,"[]",,,"[PREMIUM]"
"665a9b79-0aaf-4b5c-8b0c-f19597f8271d","2026-05-06 23:33:49.178","2026-05-09 23:34:08.144","665a9b79-0aaf-4b5c-8b0c-f19597f8271d","[PREMIUM]","Used",2021,"Kia","K5","GT-Line","[PREMIUM]","[PREMIUM]",104606,"Sedan","Ebony Black","Black","Front-wheel Drive",,,"Gasoline",,,"dealership","[PREMIUM]","Huntington Beach","CA","[PREMIUM]",,"[]",,,"[PREMIUM]"
"f8223ece-a18b-438c-b063-41b69149295d","2026-05-06 23:33:29.345","2026-05-06 23:33:29.345","f8223ece-a18b-438c-b063-41b69149295d","[PREMIUM]","Used",2021,"Chevrolet","Traverse","LT Cloth","[PREMIUM]","[PREMIUM]",32259,"SUV","Satin Steel Metallic","Jet Black","All-wheel Drive",,,"Gasoline",,,"dealership","[PREMIUM]","Chicago","IL","[PREMIUM]",,"[]",,,"[PREMIUM]"
"e2978183-35dc-49d9-b7a2-a5501ef70b01","2026-05-06 23:33:29.021","2026-05-06 23:33:29.021","e2978183-35dc-49d9-b7a2-a5501ef70b01","[PREMIUM]","Used",2021,"Subaru","Outback","Touring XT","[PREMIUM]","[PREMIUM]",74417,"SUV","Crystal White Pearl","Java Brown","All-wheel Drive",,,"Gasoline",,,"dealership","[PREMIUM]","Troy","NY","[PREMIUM]",,"[]",,,"[PREMIUM]"
"6dce1d89-65b7-439d-9bcf-2cd8677a53d4","2026-05-06 23:33:09.282","2026-05-06 23:33:09.282","6dce1d89-65b7-439d-9bcf-2cd8677a53d4","[PREMIUM]","Used",2021,"Ford","Explorer","Limited","[PREMIUM]","[PREMIUM]",80548,"SUV","Iconic Silver Metallic","Ebony","Four-wheel Drive",,,"Gasoline",,,"dealership","[PREMIUM]","Thornton","CO","[PREMIUM]",,"[]",,,"[PREMIUM]"
"03916e15-d3ee-443c-9a0c-3210f0da6e92","2026-05-06 23:33:09.271","2026-05-06 23:33:09.271","03916e15-d3ee-443c-9a0c-3210f0da6e92","[PREMIUM]","Used",2021,"Toyota","RAV4","LE","[PREMIUM]","[PREMIUM]",124932,"SUV","Magnetic Gray Metallic","Black","All-wheel Drive",,,"Gasoline",,,"dealership","[PREMIUM]","Putnam","CT","[PREMIUM]",,"[]",,,"[PREMIUM]"
"78a0a4fe-deff-4ef1-a528-919f4e9b65d4","2026-05-06 23:33:08.934","2026-05-09 23:33:57.703","78a0a4fe-deff-4ef1-a528-919f4e9b65d4","[PREMIUM]","Used",2021,"RAM","1500 Classic","Warlock","[PREMIUM]","[PREMIUM]",63130,"Truck","Black","Black","Four-wheel Drive",,,"Gasoline",,,"dealership","[PREMIUM]","Phoenix","AZ","[PREMIUM]",,"[]",,,"[PREMIUM]"
"9679fdce-1a6c-46f2-8c01-7f2bda31b437","2026-05-06 23:33:08.915","2026-05-09 23:34:08.563","9679fdce-1a6c-46f2-8c01-7f2bda31b437","[PREMIUM]","Used",2021,"Toyota","Tacoma","SR","[PREMIUM]","[PREMIUM]",79281,"Truck","Silver Sky Metallic","Cement","Rear-wheel Drive",,,"Gasoline",,,"dealership","[PREMIUM]","Scottsdale","AZ","[PREMIUM]",,"[]",,,"[PREMIUM]"
"dbe7fd5b-9dcb-4a78-a73c-d9f36c52fcfb","2026-05-06 23:33:08.904","2026-05-09 23:34:08.254","dbe7fd5b-9dcb-4a78-a73c-d9f36c52fcfb","[PREMIUM]","Used",2021,"Chevrolet","Trailblazer","ACTIV","[PREMIUM]","[PREMIUM]",53416,"SUV","Zeus Bronze Metallic","Jet Black/Almond Butter","Front-wheel Drive",,,"Gasoline",,,"dealership","[PREMIUM]","Daytona Beach","FL","[PREMIUM]",,"[]",,,"[PREMIUM]"
"c5db75c1-2086-453a-95f0-adb5563cba8d","2026-05-06 23:33:08.880","2026-05-06 23:33:08.880","c5db75c1-2086-453a-95f0-adb5563cba8d","[PREMIUM]","Used",2021,"Subaru","Outback","Limited","[PREMIUM]","[PREMIUM]",45264,"SUV","Abyss Blue Pearl","Slate Black","All-wheel Drive",,,"Gasoline",,,"dealership","[PREMIUM]","Vernon","CT","[PREMIUM]",,"[]",,,"[PREMIUM]"
"c8928372-1f20-48f0-87fc-069850262b47","2026-05-06 23:33:08.878","2026-05-09 23:34:08.421","c8928372-1f20-48f0-87fc-069850262b47","[PREMIUM]","Used",2021,"GMC","Terrain","SLE","[PREMIUM]","[PREMIUM]",72609,"SUV","Black","JET BLACK, PREMIUM CLOTH SEAT TRIM","All-wheel Drive",,,"Gasoline",,,"dealership","[PREMIUM]","Newport News","VA","[PREMIUM]",,"[]",,,"[PREMIUM]"
"2ea39180-2ac6-408b-a55b-853b47c4cb30","2026-05-06 23:33:08.876","2026-05-09 23:34:08.182","2ea39180-2ac6-408b-a55b-853b47c4cb30","[PREMIUM]","Used",2021,"Honda","Pilot","EX-L","[PREMIUM]","[PREMIUM]",78857,"SUV","Platinum White Pearl","Black","Front-wheel Drive",,,"Gasoline",,,"dealership","[PREMIUM]","Rio Piedras","PR","[PREMIUM]",,"[]",,,"[PREMIUM]"
"2cfe8fa2-5573-435b-9d9d-2fb80551af46","2026-05-06 23:33:08.862","2026-05-06 23:33:08.862","2cfe8fa2-5573-435b-9d9d-2fb80551af46","[PREMIUM]","Used",2021,"Buick","Enclave","AWD Essence","[PREMIUM]","[PREMIUM]",60135,"SUV","Summit White","Dark Galvanized/Ebony Accents","All-wheel Drive",,,"Gasoline",,,"dealership","[PREMIUM]","Rexburg","ID","[PREMIUM]",,"[]",,,"[PREMIUM]"
"3d51d5fb-b275-42db-aa6a-6868323a8618","2026-05-06 23:33:08.861","2026-05-06 23:33:08.861","3d51d5fb-b275-42db-aa6a-6868323a8618","[PREMIUM]","Used",2021,"Mercedes-Benz","GLA 250","Base 4MATIC","[PREMIUM]","[PREMIUM]",48181,"SUV","Patagonia Red Metallic","Macchiato Beige","All-wheel Drive",,,"Gasoline",,,"dealership","[PREMIUM]","Manassas","VA","[PREMIUM]",,"[]",,,"[PREMIUM]"
"4b7823f1-8078-4113-b4cb-e0f8b79d98e4","2026-05-06 23:33:08.853","2026-05-06 23:33:08.853","4b7823f1-8078-4113-b4cb-e0f8b79d98e4","[PREMIUM]","Used",2021,"BMW","530e","Base","[PREMIUM]","[PREMIUM]",69326,"Sedan","Mineral White Metallic","Black","Rear-wheel Drive",,,"Gasoline",,,"dealership","[PREMIUM]","Montclair","CA","[PREMIUM]",,"[]",,,"[PREMIUM]"
"7c75fa6f-096d-40c4-95e6-ff8d7b1b7151","2026-05-06 23:33:08.852","2026-05-06 23:33:08.852","7c75fa6f-096d-40c4-95e6-ff8d7b1b7151","[PREMIUM]","Used",2021,"Subaru","Legacy","Premium","[PREMIUM]","[PREMIUM]",32552,"Sedan","Crystal Black Silica","Titanium Gray","All-wheel Drive",,,"Gasoline",,,"dealership","[PREMIUM]","Vernon","CT","[PREMIUM]",,"[]",,,"[PREMIUM]"
"e603baca-d547-496a-a510-b44b570b9ac8","2026-05-06 23:33:08.852","2026-05-06 23:33:08.852","e603baca-d547-496a-a510-b44b570b9ac8","[PREMIUM]","Used",2021,"Toyota","Corolla","SE","[PREMIUM]","[PREMIUM]",72643,"Sedan","Blueprint","Black","Front-wheel Drive",,,"Gasoline",,,"dealership","[PREMIUM]","Canonsburg","PA","[PREMIUM]",,"[]",,,"[PREMIUM]"
"162f0675-1d81-45ca-9412-f550398c2a22","2026-05-06 23:33:08.814","2026-05-06 23:33:08.814","162f0675-1d81-45ca-9412-f550398c2a22","[PREMIUM]","Used",2021,"Mercedes-Benz","C-Class","Sedan","[PREMIUM]","[PREMIUM]",73011,"Sedan","Black","Black MB-Tex","Rear-wheel Drive",,,"Gasoline",,,"dealership","[PREMIUM]","Palmetto Bay","FL","[PREMIUM]",,"[]",,,"[PREMIUM]"
"ca82078c-55f5-44af-9d78-cd07f4de9cb9","2026-05-06 23:32:58.709","2026-05-06 23:32:58.709","ca82078c-55f5-44af-9d78-cd07f4de9cb9","[PREMIUM]","Used",2021,"Honda","HR-V","EX","[PREMIUM]","[PREMIUM]",39285,"SUV",,,"All-wheel Drive",,,"Gasoline",,,"dealership","[PREMIUM]","Riverdale","NJ","[PREMIUM]",,"[]",,,"[PREMIUM]"
"d3d17ca6-2e7c-4bb2-aa0a-29f0e4d1f585","2026-05-06 23:32:58.384","2026-05-06 23:32:58.384","d3d17ca6-2e7c-4bb2-aa0a-29f0e4d1f585","[PREMIUM]","Used",2021,"Mazda","CX-5","Grand Touring","[PREMIUM]","[PREMIUM]",44559,"SUV","White","TAN","Rear-wheel Drive",,,"Gasoline",,,"dealership","[PREMIUM]","Raleigh","NC","[PREMIUM]",,"[]",,,"[PREMIUM]"
"40309854-c03c-461b-983c-808021dc57fd","2026-05-06 23:32:58.382","2026-05-06 23:32:58.382","40309854-c03c-461b-983c-808021dc57fd","[PREMIUM]","Used",2021,"RAM","1500 Classic","SLT","[PREMIUM]","[PREMIUM]",96240,"Truck","Diamond Black Crystal Pearlcoat","Diesel Gray/Black","Four-wheel Drive",,,"Gasoline",,,"dealership","[PREMIUM]","Tulsa","OK","[PREMIUM]",,"[]",,,"[PREMIUM]"
"b3b50d4f-d48b-4d5b-82a8-9f50dffa96d5","2026-05-06 23:32:58.367","2026-05-06 23:32:58.367","b3b50d4f-d48b-4d5b-82a8-9f50dffa96d5","[PREMIUM]","Used",2021,"Chevrolet","Equinox","Premier w/1LZ","[PREMIUM]","[PREMIUM]",39702,"SUV","Pacific Blue Metallic","Medium Ash Gray","Front-wheel Drive",,,"Gasoline",,,"dealership","[PREMIUM]","Dayton","OH","[PREMIUM]",,"[]",,,"[PREMIUM]"
"3daf8251-a306-4b8d-990c-bde7c876a611","2026-05-06 23:32:58.359","2026-05-09 23:33:57.705","3daf8251-a306-4b8d-990c-bde7c876a611","[PREMIUM]","Used",2021,"Subaru","Crosstrek","Premium","[PREMIUM]","[PREMIUM]",59530,"SUV","White","BLACK","Four-wheel Drive",,,"Gasoline",,,"dealership","[PREMIUM]","Irving","TX","[PREMIUM]",,"[]",,,"[PREMIUM]"
"56307519-8d1f-46b9-9a3f-e8225d2ba764","2026-05-06 23:32:58.354","2026-05-06 23:32:58.354","56307519-8d1f-46b9-9a3f-e8225d2ba764","[PREMIUM]","Used",2021,"Dodge","Charger","GT","[PREMIUM]","[PREMIUM]",58817,"Sedan","Granite Pearlcoat","Black","Rear-wheel Drive",,,"Gasoline",,,"dealership","[PREMIUM]","Frederick","MD","[PREMIUM]",,"[]",,,"[PREMIUM]"
"9b8e5ed9-63cc-4833-b8ef-a44ad2fe5e9f","2026-05-06 23:32:58.341","2026-05-09 23:33:57.784","9b8e5ed9-63cc-4833-b8ef-a44ad2fe5e9f","[PREMIUM]","Used",2021,"Toyota","Corolla","LE","[PREMIUM]","[PREMIUM]",44208,"Sedan","Silver","GRAY","Rear-wheel Drive",,,"Gasoline",,,"dealership","[PREMIUM]","Henderson","NV","[PREMIUM]",,"[]",,,"[PREMIUM]"
"381f0a5d-48c0-40a6-85c3-656fcb42737f","2026-05-06 23:32:58.333","2026-05-06 23:32:58.333","381f0a5d-48c0-40a6-85c3-656fcb42737f","[PREMIUM]","Used",2021,"Honda","Civic","Sport","[PREMIUM]","[PREMIUM]",66904,"Hatchback","Crystal Black Pearl","Black","Front-wheel Drive",,,"Gasoline",,,"dealership","[PREMIUM]","Woodbridge","VA","[PREMIUM]",,"[]",,,"[PREMIUM]"
"5feb8fa0-3b27-4e58-84d4-45071d4400b9","2026-05-06 23:32:58.309","2026-05-09 23:33:27.118","5feb8fa0-3b27-4e58-84d4-45071d4400b9","[PREMIUM]","Used",2021,"Ford","Explorer","Limited","[PREMIUM]","[PREMIUM]",115352,"SUV","Oxford White","Sandstone","Four-wheel Drive",,,"Gasoline",,,"dealership","[PREMIUM]","Preston","ID","[PREMIUM]",,"[]",,,"[PREMIUM]"
"edfb5088-b961-4afa-8dc8-6901528d974a","2026-05-06 23:32:37.849","2026-05-09 23:33:57.803","edfb5088-b961-4afa-8dc8-6901528d974a","[PREMIUM]","Used",2021,"Chevrolet","Trailblazer","LT","[PREMIUM]","[PREMIUM]",36910,"SUV","Blue","BLACK","Four-wheel Drive",,,"Gasoline",,,"dealership","[PREMIUM]","Henderson","NV","[PREMIUM]",,"[]",,,"[PREMIUM]"
"f56e65b8-bd50-486b-afd2-45f6f72c0be4","2026-05-06 23:32:37.842","2026-05-06 23:32:37.842","f56e65b8-bd50-486b-afd2-45f6f72c0be4","[PREMIUM]","Used",2021,"BMW","X3","sDrive30i","[PREMIUM]","[PREMIUM]",55600,"SUV","White","BLACK","Rear-wheel Drive",,,"Gasoline",,,"dealership","[PREMIUM]","Clermont","FL","[PREMIUM]",,"[]",,,"[PREMIUM]"
"f2b846aa-742a-4726-8653-4c8dacc0c421","2026-05-06 23:32:28.044","2026-05-06 23:32:28.044","f2b846aa-742a-4726-8653-4c8dacc0c421","[PREMIUM]","Used",2021,"Subaru","Outback","Premium","[PREMIUM]","[PREMIUM]",31564,"SUV","Silver","BLACK","Four-wheel Drive",,,"Gasoline",,,"dealership","[PREMIUM]","Lexington","KY","[PREMIUM]",,"[]",,,"[PREMIUM]"
"eb066098-dc21-4d3f-b6da-527e030366d8","2026-05-06 23:32:27.828","2026-05-09 23:33:57.831","eb066098-dc21-4d3f-b6da-527e030366d8","[PREMIUM]","Used",2021,"Nissan","Frontier","SV","[PREMIUM]","[PREMIUM]",55049,"Truck","Gray","GRAY","Rear-wheel Drive",,,"Gasoline",,,"dealership","[PREMIUM]","Fort Myers","FL","[PREMIUM]",,"[]",,,"[PREMIUM]"
"eb78c72d-0c21-4916-a149-dc9cb41706f1","2026-05-06 23:32:27.727","2026-05-09 23:33:06.583","eb78c72d-0c21-4916-a149-dc9cb41706f1","[PREMIUM]","Used",2021,"Jeep","Cherokee","Latitude Lux","[PREMIUM]","[PREMIUM]",12964,"SUV","Brown","BLACK","Four-wheel Drive",,,"Gasoline",,,"dealership","[PREMIUM]","Sicklerville","NJ","[PREMIUM]",,"[]",,,"[PREMIUM]"
"dc703291-32ad-442a-b1f3-4e0f544c4c63","2026-05-06 23:32:27.715","2026-05-06 23:32:27.715","dc703291-32ad-442a-b1f3-4e0f544c4c63","[PREMIUM]","Used",2021,"Volkswagen","Tiguan","SEL","[PREMIUM]","[PREMIUM]",40365,"SUV","Gray","BLACK","Four-wheel Drive",,,"Gasoline",,,"dealership","[PREMIUM]","Puyallup","WA","[PREMIUM]",,"[]",,,"[PREMIUM]"
"e5c6e3c4-b10e-48de-a885-aa333c4e6324","2026-05-06 23:32:27.701","2026-05-09 23:33:27.068","e5c6e3c4-b10e-48de-a885-aa333c4e6324","[PREMIUM]","Used",2021,"Nissan","Altima","SR","[PREMIUM]","[PREMIUM]",36275,"Sedan","White","BLACK","Four-wheel Drive",,,"Gasoline",,,"dealership","[PREMIUM]","Columbia","SC","[PREMIUM]",,"[]",,,"[PREMIUM]"
"0f2de81a-d0a6-4f42-b2ad-1f7284879777","2026-05-06 23:32:27.689","2026-05-06 23:32:27.689","0f2de81a-d0a6-4f42-b2ad-1f7284879777","[PREMIUM]","Used",2021,"Honda","HR-V","LX","[PREMIUM]","[PREMIUM]",21517,"SUV","White","GRAY","Rear-wheel Drive",,,"Gasoline",,,"dealership","[PREMIUM]","Jacksonville","FL","[PREMIUM]",,"[]",,,"[PREMIUM]"
"0ebe6c7b-ac3e-4e14-9054-21c2eb643f2c","2026-05-06 23:32:27.673","2026-05-06 23:32:27.673","0ebe6c7b-ac3e-4e14-9054-21c2eb643f2c","[PREMIUM]","Used",2021,"Audi","Q5","Premium Plus","[PREMIUM]","[PREMIUM]",56047,"SUV","White","TAN","Four-wheel Drive",,,"Gasoline",,,"dealership","[PREMIUM]","San Jose","CA","[PREMIUM]",,"[]",,,"[PREMIUM]"
"01e725fe-38e1-45af-9115-9ea9957649b5","2026-05-06 23:32:17.562","2026-05-06 23:32:17.562","01e725fe-38e1-45af-9115-9ea9957649b5","[PREMIUM]","Used",2022,"Toyota","RAV4","XLE","[PREMIUM]","[PREMIUM]",62348,"SUV","Magnetic Gray Metallic","Black","Front-wheel Drive",,,"Gasoline",,,"dealership","[PREMIUM]","Manassas","VA","[PREMIUM]",,"[]",,,"[PREMIUM]"
"14f17582-627b-441c-9e11-cca7c04b1f53","2026-05-06 23:32:17.381","2026-05-06 23:32:17.381","14f17582-627b-441c-9e11-cca7c04b1f53","[PREMIUM]","Used",2022,"Nissan","Rogue","SV","[PREMIUM]","[PREMIUM]",20382,"SUV","Scarlet Ember Tintcoat","Charcoal","FWD",,,"Gasoline",,,"dealership","[PREMIUM]","Rio Piedras","PR","[PREMIUM]",,"[]",,,"[PREMIUM]"
"80199025-da0d-47ff-8e58-5de96f2e17f2","2026-05-06 23:32:07.578","2026-05-06 23:32:07.578","80199025-da0d-47ff-8e58-5de96f2e17f2","[PREMIUM]","Used",2022,"Ford","Edge","Titanium","[PREMIUM]","[PREMIUM]",81377,"SUV","White Metallic","Ebony","All-wheel Drive",,,"Gasoline",,,"dealership","[PREMIUM]","Evansville","IN","[PREMIUM]",,"[]",,,"[PREMIUM]"
"14d2fb4a-2786-438e-bfe0-81de9decb22b","2026-05-06 23:32:07.374","2026-05-09 23:32:25.870","14d2fb4a-2786-438e-bfe0-81de9decb22b","[PREMIUM]","Used",2022,"Chevrolet","Equinox","AWD RS","[PREMIUM]","[PREMIUM]",62252,"SUV","Silver Ice Metallic","Jet Black","All-wheel Drive",,,"Gasoline",,,"dealership","[PREMIUM]","Troy","OH","[PREMIUM]",,"[]",,,"[PREMIUM]"
"cc65f5df-714b-4717-b9a0-161b9f3521a8","2026-05-06 23:32:07.298","2026-05-12 23:32:28.512","cc65f5df-714b-4717-b9a0-161b9f3521a8","[PREMIUM]","Used",2022,"Honda","HR-V","EX","[PREMIUM]","[PREMIUM]",33418,"SUV","Platinum White Pearl","Black","All-wheel Drive",,,"Gasoline",,,"dealership","[PREMIUM]","Marysville","WA","[PREMIUM]",,"[]",,,"[PREMIUM]"
"25710e8f-4920-4582-9057-5319c716bda0","2026-05-06 23:32:07.281","2026-05-06 23:32:07.281","25710e8f-4920-4582-9057-5319c716bda0","[PREMIUM]","Used",2022,"Ford","Escape","SE","[PREMIUM]","[PREMIUM]",14146,"SUV","Iconic Silver Metallic","Dark Earth Gray","All-wheel Drive",,,"Gasoline",,,"dealership","[PREMIUM]","Grand Ledge","MI","[PREMIUM]",,"[]",,,"[PREMIUM]"
"290f93ce-1a69-4ed7-a19a-635ba5a21bd4","2026-05-06 23:32:07.269","2026-05-06 23:32:07.269","290f93ce-1a69-4ed7-a19a-635ba5a21bd4","[PREMIUM]","Used",2022,"Volkswagen","ID.4","Pro","[PREMIUM]","[PREMIUM]",24309,"SUV","Moonstone","Black","Rear-wheel Drive",,,"Electric",,,"dealership","[PREMIUM]","Oklahoma City","OK","[PREMIUM]",,"[]",,,"[PREMIUM]"
"cd4667fc-a89f-41f1-87e1-dcb372525654","2026-05-06 23:32:07.218","2026-05-09 23:32:26.159","cd4667fc-a89f-41f1-87e1-dcb372525654","[PREMIUM]","Used",2022,"Subaru","Outback","Limited","[PREMIUM]","[PREMIUM]",61681,"SUV","Crystal White Pearl","Warm Ivory","All-wheel Drive",,,"Gasoline",,,"dealership","[PREMIUM]","Albany","CA","[PREMIUM]",,"[]",,,"[PREMIUM]"
"aef47b95-83b9-4f96-a2d8-ef1dd7c68067","2026-05-06 23:32:07.176","2026-05-06 23:32:07.176","aef47b95-83b9-4f96-a2d8-ef1dd7c68067","[PREMIUM]","Used",2022,"Ford","Escape","SE","[PREMIUM]","[PREMIUM]",28987,"SUV","Iced Blue Silver Metallic","Dark Earth Gray","All-wheel Drive",,,"Gasoline",,,"dealership","[PREMIUM]","Easton","MA","[PREMIUM]",,"[]",,,"[PREMIUM]"
"b5675ac8-3575-48b2-a7d0-b71c343b0a2b","2026-05-06 23:32:07.115","2026-05-06 23:32:07.115","b5675ac8-3575-48b2-a7d0-b71c343b0a2b","[PREMIUM]","Used",2022,"Tesla","Model 3","Standard Range","[PREMIUM]","[PREMIUM]",35610,"Sedan","Solid Black","White/Black","Rear-wheel Drive",,,"Electric",,,"dealership","[PREMIUM]","Palmetto Bay","FL","[PREMIUM]",,"[]",,,"[PREMIUM]"
"d2c9a1e9-c3e3-428a-afa3-8369521d6218","2026-05-06 23:32:07.081","2026-05-06 23:32:07.081","d2c9a1e9-c3e3-428a-afa3-8369521d6218","[PREMIUM]","Used",2022,"Hyundai","TUCSON","XRT","[PREMIUM]","[PREMIUM]",26476,"SUV","Portofino Gray","Black","All-wheel Drive",,,"Gasoline",,,"dealership","[PREMIUM]","Holland","MI","[PREMIUM]",,"[]",,,"[PREMIUM]"
"d833179e-68da-456d-8014-93592bed84bd","2026-05-06 23:32:07.016","2026-05-06 23:32:07.016","d833179e-68da-456d-8014-93592bed84bd","[PREMIUM]","Used",2022,"Nissan","Rogue","SV","[PREMIUM]","[PREMIUM]",48620,"SUV","Pearl White Tricoat","Gray","All-wheel Drive",,,"Gasoline",,,"dealership","[PREMIUM]","Coon Rapids","MN","[PREMIUM]",,"[]",,,"[PREMIUM]"
"26d33058-5d8c-4a24-b26b-fff510651345","2026-05-06 23:32:07.012","2026-05-06 23:32:07.012","26d33058-5d8c-4a24-b26b-fff510651345","[PREMIUM]","Used",2022,"Hyundai","TUCSON","Limited","[PREMIUM]","[PREMIUM]",33597,"SUV","Portofino Gray","Gray","Front-wheel Drive",,,"Gasoline",,,"dealership","[PREMIUM]","Orlando","FL","[PREMIUM]",,"[]",,,"[PREMIUM]"
"d7e42ce2-1136-42ec-b414-823b359cdb96","2026-05-06 23:32:07.012","2026-05-09 23:32:25.816","d7e42ce2-1136-42ec-b414-823b359cdb96","[PREMIUM]","Used",2022,"GMC","Terrain","SLT","[PREMIUM]","[PREMIUM]",42866,"SUV","Summit White","Jet Black","Front-wheel Drive",,,"Gasoline",,,"dealership","[PREMIUM]","Williamstown","NJ","[PREMIUM]",,"[]",,,"[PREMIUM]"
"0f1be426-c66f-4447-b37e-198e790eb86e","2026-05-06 23:32:07.001","2026-05-09 23:32:25.776","0f1be426-c66f-4447-b37e-198e790eb86e","[PREMIUM]","Used",2022,"Honda","Civic","EX-L","[PREMIUM]","[PREMIUM]",41864,"Hatchback","Crystal Black Pearl","Black","Front-wheel Drive",,,"Gasoline",,,"dealership","[PREMIUM]","Woodbridge","VA","[PREMIUM]",,"[]",,,"[PREMIUM]"
"c70a9a70-07cd-45ad-a529-6555fc4129e6","2026-05-06 23:32:07.000","2026-05-06 23:32:07.000","c70a9a70-07cd-45ad-a529-6555fc4129e6","[PREMIUM]","Used",2022,"Honda","CR-V","2WD EX-L","[PREMIUM]","[PREMIUM]",74681,"SUV","Platinum White Pearl","Gray","Front-wheel Drive",,,"Gasoline",,,"dealership","[PREMIUM]","Los Angeles","CA","[PREMIUM]",,"[]",,,"[PREMIUM]"
"bde9b38a-a291-4a39-9747-1500ef37dfd5","2026-05-06 23:32:06.996","2026-05-09 23:32:26.046","bde9b38a-a291-4a39-9747-1500ef37dfd5","[PREMIUM]","Used",2022,"GMC","Acadia","FWD SLE","[PREMIUM]","[PREMIUM]",88967,"SUV","Summit White","Jet Black","Front-wheel Drive",,,"Gasoline",,,"dealership","[PREMIUM]","Huntsville","AL","[PREMIUM]",,"[]",,,"[PREMIUM]"
"dbb9a3e7-8f76-46a3-93af-90fdb355f068","2026-05-06 23:32:06.995","2026-05-06 23:32:06.995","dbb9a3e7-8f76-46a3-93af-90fdb355f068","[PREMIUM]","Used",2022,"Hyundai","SONATA Hybrid","Limited","[PREMIUM]","[PREMIUM]",31979,"Sedan","Nocturne Black","Dark Gray","Front-wheel Drive",,,"Hybrid",,,"dealership","[PREMIUM]","Albany","NY","[PREMIUM]",,"[]",,,"[PREMIUM]"
"07cc88b7-6149-499d-9782-f97f83c69f59","2026-05-06 23:32:06.985","2026-05-06 23:32:06.985","07cc88b7-6149-499d-9782-f97f83c69f59","[PREMIUM]","Used",2022,"Jeep","Compass","Latitude Lux","[PREMIUM]","[PREMIUM]",21403,"SUV","Diamond Black Crystal Pearlcoat","Black","Four-wheel Drive",,,"Gasoline",,,"dealership","[PREMIUM]","Duncansville","PA","[PREMIUM]",,"[]",,,"[PREMIUM]"
"90634428-ce0d-4f2f-9a72-af4d55a77abd","2026-05-06 23:32:06.975","2026-05-06 23:32:06.975","90634428-ce0d-4f2f-9a72-af4d55a77abd","[PREMIUM]","Used",2022,"Toyota","Camry","SE","[PREMIUM]","[PREMIUM]",60720,"Sedan","Celestial Silver Metallic","Black","Front-wheel Drive",,,"Gasoline",,,"dealership","[PREMIUM]","Oklahoma City","OK","[PREMIUM]",,"[]",,,"[PREMIUM]"
"4b180456-f87e-4ba5-a947-517b150e66fc","2026-05-06 23:32:06.907","2026-05-06 23:32:06.907","4b180456-f87e-4ba5-a947-517b150e66fc","[PREMIUM]","Used",2022,"Ford","Bronco Sport","Outer Banks","[PREMIUM]","[PREMIUM]",63888,"SUV","Area 51","Navy Pier","Four Wheel Drive",,,"Regular unleaded",,,"dealership","[PREMIUM]","Los Angeles","CA","[PREMIUM]",,"[]",,,"[PREMIUM]"
"ee0a7474-8d3a-4305-b5c4-db7b4cdb2571","2026-05-06 23:32:06.858","2026-05-06 23:32:06.858","ee0a7474-8d3a-4305-b5c4-db7b4cdb2571","[PREMIUM]","Used",2022,"Nissan","Rogue","Platinum","[PREMIUM]","[PREMIUM]",77700,"SUV","Pearl White Tricoat","Wheat","Front-wheel Drive",,,"Gasoline",,,"dealership","[PREMIUM]","Boerne","TX","[PREMIUM]",,"[]",,,"[PREMIUM]"
"85c3f9b9-b83f-4cc2-82d3-b5e90aa6e445","2026-05-06 23:32:06.844","2026-05-06 23:32:06.844","85c3f9b9-b83f-4cc2-82d3-b5e90aa6e445","[PREMIUM]","Used",2022,"Toyota","Camry","SE","[PREMIUM]","[PREMIUM]",63446,"Sedan","Predawn Gray Mica","Black","Front-wheel Drive",,,"Gasoline",,,"dealership","[PREMIUM]","Palmetto Bay","FL","[PREMIUM]",,"[]",,,"[PREMIUM]"
"790ff4e7-5d82-4226-ab30-277eb1dcdab5","2026-05-06 23:31:56.456","2026-05-06 23:31:56.456","790ff4e7-5d82-4226-ab30-277eb1dcdab5","[PREMIUM]","Used",2022,"Subaru","Forester","Premium","[PREMIUM]","[PREMIUM]",67399,"SUV","Silver","BLACK","Four-wheel Drive",,,"Gasoline",,,"dealership","[PREMIUM]","Buena Park","CA","[PREMIUM]",,"[]",,,"[PREMIUM]"
"40a66390-178e-40b0-83d4-ccfdc9797f25","2026-05-06 23:31:56.438","2026-05-06 23:31:56.438","40a66390-178e-40b0-83d4-ccfdc9797f25","[PREMIUM]","Used",2022,"Honda","Accord","Sport 1.5T","[PREMIUM]","[PREMIUM]",30498,"Sedan","Still Night Pearl","Black","Front-wheel Drive",,,"Gasoline",,,"dealership","[PREMIUM]","Millersville","MD","[PREMIUM]",,"[]",,,"[PREMIUM]"
"86b3418d-b4f8-404e-824e-733709ec608e","2026-05-06 23:31:56.437","2026-05-06 23:31:56.437","86b3418d-b4f8-404e-824e-733709ec608e","[PREMIUM]","Used",2022,"Volkswagen","Tiguan","2.0T SE 4MOTION","[PREMIUM]","[PREMIUM]",59621,"SUV","Deep Black Pearl","Titan Black","All-wheel Drive",,,"Gasoline",,,"dealership","[PREMIUM]","Westerville","OH","[PREMIUM]",,"[]",,,"[PREMIUM]"
"1b68fc66-a8a0-4805-983c-1b23e91063c0","2026-05-06 23:31:56.431","2026-05-06 23:31:56.431","1b68fc66-a8a0-4805-983c-1b23e91063c0","[PREMIUM]","Used",2022,"Hyundai","TUCSON Hybrid","SEL Convenience","[PREMIUM]","[PREMIUM]",57748,"SUV","Black","BLACK","Four-wheel Drive",,,"Hybrid",,,"dealership","[PREMIUM]","East Haven","CT","[PREMIUM]",,"[]",,,"[PREMIUM]"
"d0643b4b-d0bb-4285-89c3-48429d5c952e","2026-05-06 23:31:56.429","2026-05-06 23:31:56.429","d0643b4b-d0bb-4285-89c3-48429d5c952e","[PREMIUM]","Used",2022,"Volkswagen","Atlas","2.0T SE w/Technology 4MOTION","[PREMIUM]","[PREMIUM]",81979,"SUV","White","Titan Black","All-wheel Drive",,,"Gasoline",,,"dealership","[PREMIUM]","Westerville","OH","[PREMIUM]",,"[]",,,"[PREMIUM]"
"feebb4d9-9c8b-4dd8-87e9-5b9ea01020f7","2026-05-06 23:31:56.415","2026-05-06 23:31:56.415","feebb4d9-9c8b-4dd8-87e9-5b9ea01020f7","[PREMIUM]","Used",2022,"Ford","Mustang","EcoBoost Premium","[PREMIUM]","[PREMIUM]",62505,"Convertible","Oxford White","Ebony","Rear-wheel Drive",,,"Gasoline",,,"dealership","[PREMIUM]","Sacramento","CA","[PREMIUM]",,"[]",,,"[PREMIUM]"
"c530f143-a75e-48fc-9cd3-01c3726ed4dc","2026-05-06 23:31:56.410","2026-05-06 23:31:56.410","c530f143-a75e-48fc-9cd3-01c3726ed4dc","[PREMIUM]","Used",2022,"Toyota","Camry","LE","[PREMIUM]","[PREMIUM]",79992,"Sedan","Celestial Silver Metallic","Ash","Front-wheel Drive",,,"Gasoline",,,"dealership","[PREMIUM]","Birmingham","AL","[PREMIUM]",,"[]",,,"[PREMIUM]"
"f13b1b20-5a1f-49ea-ab1b-9470135049d9","2026-05-06 23:31:56.409","2026-05-06 23:31:56.409","f13b1b20-5a1f-49ea-ab1b-9470135049d9","[PREMIUM]","Used",2022,"Honda","Civic","EX","[PREMIUM]","[PREMIUM]",42405,"Sedan","White","BLACK","Rear-wheel Drive",,,"Gasoline",,,"dealership","[PREMIUM]","Sterling","VA","[PREMIUM]",,"[]",,,"[PREMIUM]"
"aea34a61-47fc-4ca3-9448-cf7f07ba6662","2026-05-06 23:31:36.483","2026-05-06 23:31:36.483","aea34a61-47fc-4ca3-9448-cf7f07ba6662","[PREMIUM]","Used",2022,"Honda","Civic","Sport","[PREMIUM]","[PREMIUM]",32488,"Sedan","White","BLACK","Rear-wheel Drive",,,"Gasoline",,,"dealership","[PREMIUM]","Houston","TX","[PREMIUM]",,"[]",,,"[PREMIUM]"
"6ed44829-df49-46c2-8970-b4a6133a50e6","2026-05-06 23:31:36.110","2026-05-06 23:31:36.110","6ed44829-df49-46c2-8970-b4a6133a50e6","[PREMIUM]","Used",2022,"Hyundai","TUCSON","SEL","[PREMIUM]","[PREMIUM]",38074,"SUV","Silver","BLACK","Rear-wheel Drive",,,"Gasoline",,,"dealership","[PREMIUM]","Wilmington","NC","[PREMIUM]",,"[]",,,"[PREMIUM]"
"5efdd9eb-c01c-4998-af40-17bfa47ce326","2026-05-06 23:31:36.104","2026-05-09 23:31:45.268","5efdd9eb-c01c-4998-af40-17bfa47ce326","[PREMIUM]","Used",2022,"Hyundai","TUCSON","SEL","[PREMIUM]","[PREMIUM]",61952,"SUV","Black","BLACK","Rear-wheel Drive",,,"Gasoline",,,"dealership","[PREMIUM]","Lynchburg","VA","[PREMIUM]",,"[]",,,"[PREMIUM]"
"2816fb5e-fd2a-429f-acf8-f890346dbb5c","2026-05-06 23:31:36.098","2026-05-06 23:31:36.098","2816fb5e-fd2a-429f-acf8-f890346dbb5c","[PREMIUM]","Used",2022,"Nissan","Rogue","SV","[PREMIUM]","[PREMIUM]",21689,"SUV","Gray","BLACK","Four-wheel Drive",,,"Gasoline",,,"dealership","[PREMIUM]","Tampa","FL","[PREMIUM]",,"[]",,,"[PREMIUM]"
"c2e0e2a9-b60b-4a16-99b6-03ff279bb49d","2026-05-06 23:31:36.085","2026-05-06 23:31:36.085","c2e0e2a9-b60b-4a16-99b6-03ff279bb49d","[PREMIUM]","Used",2022,"Hyundai","TUCSON","N Line","[PREMIUM]","[PREMIUM]",46314,"SUV","White","BLACK","4WD",,,"Gas",,,"dealership","[PREMIUM]","Richmond","TX","[PREMIUM]",,"[]",,,"[PREMIUM]"
"70fce85a-e43f-4c9a-84ed-ee41020a6597","2026-05-06 23:31:36.081","2026-05-09 23:31:45.063","70fce85a-e43f-4c9a-84ed-ee41020a6597","[PREMIUM]","Used",2022,"Honda","Civic","Sport","[PREMIUM]","[PREMIUM]",34085,"Hatchback","White","WHITE","Rear-wheel Drive",,,"Gasoline",,,"dealership","[PREMIUM]","Columbus","OH","[PREMIUM]",,"[]",,,"[PREMIUM]"
"cbf1c73e-5990-464b-871b-88dac291b0ad","2026-05-06 23:31:15.897","2026-05-06 23:31:15.897","cbf1c73e-5990-464b-871b-88dac291b0ad","[PREMIUM]","Used",2022,"Chevrolet","Equinox","RS","[PREMIUM]","[PREMIUM]",32612,"SUV","Blue","BLACK","Rear-wheel Drive",,,"Gasoline",,,"dealership","[PREMIUM]","Akron","OH","[PREMIUM]",,"[]",,,"[PREMIUM]"
"deff8dc0-ca6a-4a2a-8209-f8dd35b83934","2026-05-06 23:31:15.857","2026-05-06 23:31:15.857","deff8dc0-ca6a-4a2a-8209-f8dd35b83934","[PREMIUM]","Used",2022,"Toyota","Camry","SE","[PREMIUM]","[PREMIUM]",89687,"Sedan","Silver","BLACK","Rear-wheel Drive",,,"Gasoline",,,"dealership","[PREMIUM]","Midlothian","VA","[PREMIUM]",,"[]",,,"[PREMIUM]"
"43163841-40eb-4549-9a5d-ed22232df403","2026-05-06 23:31:06.020","2026-05-06 23:31:06.020","43163841-40eb-4549-9a5d-ed22232df403","[PREMIUM]","Used",2022,"Jeep","Compass","Latitude","[PREMIUM]","[PREMIUM]",21618,"SUV","White","BLACK","Four-wheel Drive",,,"Gasoline",,,"dealership","[PREMIUM]","Oak Lawn","IL","[PREMIUM]",,"[]",,,"[PREMIUM]"
"829f5ff3-0139-4989-bb7c-2dd03d070ea0","2026-05-06 23:31:05.726","2026-05-06 23:31:05.726","829f5ff3-0139-4989-bb7c-2dd03d070ea0","[PREMIUM]","Used",2022,"Jeep","Compass","Latitude","[PREMIUM]","[PREMIUM]",35077,"SUV","Red","BLACK","Four-wheel Drive",,,"Gasoline",,,"dealership","[PREMIUM]","Lithia Springs","GA","[PREMIUM]",,"[]",,,"[PREMIUM]"
"3df23f05-5ff1-4012-afd6-f2c516d522a4","2026-05-06 23:31:05.710","2026-05-06 23:31:05.710","3df23f05-5ff1-4012-afd6-f2c516d522a4","[PREMIUM]","Used",2022,"Subaru","Crosstrek","Premium","[PREMIUM]","[PREMIUM]",84106,"SUV","Red","BLACK","4WD",,,"Gas",,,"dealership","[PREMIUM]","Raleigh","NC","[PREMIUM]",,"[]",,,"[PREMIUM]"
"76f2a658-f6f5-448c-9888-131e25f044ae","2026-05-06 23:31:05.684","2026-05-06 23:31:05.684","76f2a658-f6f5-448c-9888-131e25f044ae","[PREMIUM]","Used",2023,"Hyundai","SANTA FE","SEL 2.4","[PREMIUM]","[PREMIUM]",49538,"SUV","Stormy Sea","Beige","Front-wheel Drive",,,"Gasoline",,,"dealership","[PREMIUM]","Coconut Creek","FL","[PREMIUM]",,"[]",,,"[PREMIUM]"
"2bdb26bf-98f9-4b08-b806-a1d2484c4b14","2026-05-06 23:31:05.664","2026-05-06 23:31:05.664","2bdb26bf-98f9-4b08-b806-a1d2484c4b14","[PREMIUM]","Used",2022,"Subaru","Crosstrek","Premium","[PREMIUM]","[PREMIUM]",25074,"SUV","Blue","BLACK","Four-wheel Drive",,,"Gasoline",,,"dealership","[PREMIUM]","Sicklerville","NJ","[PREMIUM]",,"[]",,,"[PREMIUM]"
"04bdc666-6af9-4824-b775-ea23ff6f01f3","2026-05-06 23:31:05.657","2026-05-06 23:31:05.657","04bdc666-6af9-4824-b775-ea23ff6f01f3","[PREMIUM]","Used",2023,"Toyota","Camry","LE","[PREMIUM]","[PREMIUM]",24547,"Sedan","Ice","Ash","Front-wheel Drive",,,"Gasoline",,,"dealership","[PREMIUM]","Coconut Creek","FL","[PREMIUM]",,"[]",,,"[PREMIUM]"
"2b65bb29-6bfc-4f53-bf6c-4d98bc3b6b10","2026-05-06 23:31:05.638","2026-05-06 23:31:05.638","2b65bb29-6bfc-4f53-bf6c-4d98bc3b6b10","[PREMIUM]","Used",2022,"Kia","Forte","GT-Line","[PREMIUM]","[PREMIUM]",37758,"Sedan","Orange","BLACK","Rear-wheel Drive",,,"Gasoline",,,"dealership","[PREMIUM]","Indianapolis","IN","[PREMIUM]",,"[]",,,"[PREMIUM]"
"45c697e0-5aaa-4425-9e29-d305137042f2","2026-05-06 23:31:05.623","2026-05-06 23:31:05.623","45c697e0-5aaa-4425-9e29-d305137042f2","[PREMIUM]","Used",2023,"Nissan","Rogue","SV","[PREMIUM]","[PREMIUM]",21689,"SUV","Super Black","Charcoal","All-wheel Drive",,,"Gasoline",,,"dealership","[PREMIUM]","Beaverdale","PA","[PREMIUM]",,"[]",,,"[PREMIUM]"
"f82c9894-5a6b-4ae6-bf9e-af1308af1213","2026-05-06 23:31:05.603","2026-05-06 23:31:05.603","f82c9894-5a6b-4ae6-bf9e-af1308af1213","[PREMIUM]","Used",2022,"Honda","Civic","Sport","[PREMIUM]","[PREMIUM]",42180,"Sedan","Black","BLACK","Rear-wheel Drive",,,"Gasoline",,,"dealership","[PREMIUM]","Oxnard","CA","[PREMIUM]",,"[]",,,"[PREMIUM]"
"e7e670ac-c1f9-47f8-b784-cbeccd1cf206","2026-05-06 23:31:05.588","2026-05-06 23:31:05.588","e7e670ac-c1f9-47f8-b784-cbeccd1cf206","[PREMIUM]","Used",2022,"Buick","Envision","Preferred","[PREMIUM]","[PREMIUM]",29940,"SUV","White","BLACK","Rear-wheel Drive",,,"Gasoline",,,"dealership","[PREMIUM]","Independence","MO","[PREMIUM]",,"[]",,,"[PREMIUM]"
"f85f642e-ee43-466d-a48e-8f2704e9a748","2026-05-06 23:30:55.554","2026-05-06 23:30:55.554","f85f642e-ee43-466d-a48e-8f2704e9a748","[PREMIUM]","Used",2023,"Buick","Encore GX","Select","[PREMIUM]","[PREMIUM]",35615,"SUV","Summit White","Ebony w/Ebony Accents","Front-wheel Drive",,,"Gasoline",,,"dealership","[PREMIUM]","Royal Oak","MI","[PREMIUM]",,"[]",,,"[PREMIUM]"
"6f8e1736-8313-44be-aa02-ae06fe5f2dc4","2026-05-06 23:30:55.247","2026-05-06 23:30:55.247","6f8e1736-8313-44be-aa02-ae06fe5f2dc4","[PREMIUM]","Used",2023,"Honda","HR-V","LX","[PREMIUM]","[PREMIUM]",59450,"SUV","Platinum White Pearl",,"All-wheel Drive",,,"Gasoline",,,"dealership","[PREMIUM]","Phoenix","AZ","[PREMIUM]",,"[]",,,"[PREMIUM]"
"507e0bff-0e92-49e7-ae28-edf161dcf7ba","2026-05-06 23:30:55.226","2026-05-06 23:30:55.226","507e0bff-0e92-49e7-ae28-edf161dcf7ba","[PREMIUM]","Used",2023,"Chevrolet","Trailblazer","LT","[PREMIUM]","[PREMIUM]",25100,"SUV","Blue Glow Metallic","Jet Black","All-wheel Drive",,,"Gasoline",,,"dealership","[PREMIUM]","Roslyn","NY","[PREMIUM]",,"[]",,,"[PREMIUM]"
"91082058-c46c-4513-b3cd-764c882876d6","2026-05-06 23:30:44.919","2026-05-06 23:30:44.919","91082058-c46c-4513-b3cd-764c882876d6","[PREMIUM]","Used",2023,"Chevrolet","Equinox","LS","[PREMIUM]","[PREMIUM]",33742,"SUV","Sterling Gray Metallic","Medium Ash Gray","All-wheel Drive",,,"Gasoline",,,"dealership","[PREMIUM]","Roslyn","NY","[PREMIUM]",,"[]",,,"[PREMIUM]"
"0ed84bf7-b3b8-4d2a-a20b-cf95683cb07c","2026-05-06 23:30:35.231","2026-05-06 23:30:35.231","0ed84bf7-b3b8-4d2a-a20b-cf95683cb07c","[PREMIUM]","Used",2023,"Nissan","Rogue","SV","[PREMIUM]","[PREMIUM]",34698,"SUV","Pearl White Tricoat/Super Black","Charcoal","All-wheel Drive",,,"Gasoline",,,"dealership","[PREMIUM]","Rosedale","MD","[PREMIUM]",,"[]",,,"[PREMIUM]"
"f5f26abc-e5f8-4fbe-98c7-81f5f57584c9","2026-05-06 23:30:34.841","2026-05-06 23:30:34.841","f5f26abc-e5f8-4fbe-98c7-81f5f57584c9","[PREMIUM]","Used",2023,"Subaru","Crosstrek","Base","[PREMIUM]","[PREMIUM]",41300,"SUV","Crystal Black Silica","Black","All-wheel Drive",,,"Gasoline",,,"dealership","[PREMIUM]","Albany","CA","[PREMIUM]",,"[]",,,"[PREMIUM]"
"3ec80558-e77f-41d2-b0f6-ebe532b03192","2026-05-06 23:30:34.828","2026-05-06 23:30:34.828","3ec80558-e77f-41d2-b0f6-ebe532b03192","[PREMIUM]","Used",2023,"Hyundai","ELANTRA N","Base","[PREMIUM]","[PREMIUM]",54344,"Sedan","Intense Blue","Black w/Blue Stitch","Front-wheel Drive",,,"Gasoline",,,"dealership","[PREMIUM]","Palmetto Bay","FL","[PREMIUM]",,"[]",,,"[PREMIUM]"
"fb487d15-9851-45b4-b2d6-2791306a5b15","2026-05-06 23:30:34.825","2026-05-06 23:30:34.825","fb487d15-9851-45b4-b2d6-2791306a5b15","[PREMIUM]","Used",2023,"Subaru","Forester","Base","[PREMIUM]","[PREMIUM]",25071,"SUV","Crystal White Pearl","Gray","All-wheel Drive",,,"Gasoline",,,"dealership","[PREMIUM]","Clearwater","FL","[PREMIUM]",,"[]",,,"[PREMIUM]"
"10e02e58-1f4a-4a88-a9eb-9e743494712c","2026-05-06 23:30:34.814","2026-05-06 23:30:34.814","10e02e58-1f4a-4a88-a9eb-9e743494712c","[PREMIUM]","Used",2023,"Chrysler","Pacifica","Touring L","[PREMIUM]","[PREMIUM]",85989,"Minivan","Brilliant Black Crystal Pearlcoat","Black/Alloy/Black","Front-wheel Drive",,,"Gasoline",,,"dealership","[PREMIUM]","Chesapeake","VA","[PREMIUM]",,"[]",,,"[PREMIUM]"
"3438c306-ce4f-4c31-938c-cf363ebeaf77","2026-05-06 23:30:34.793","2026-05-06 23:30:34.793","3438c306-ce4f-4c31-938c-cf363ebeaf77","[PREMIUM]","Used",2023,"Subaru","Impreza","Sport","[PREMIUM]","[PREMIUM]",32934,"Hatchback","Red Pearl","Black","All-wheel Drive",,,"Gasoline",,,"dealership","[PREMIUM]","Albany","CA","[PREMIUM]",,"[]",,,"[PREMIUM]"
"bd27e691-33d1-403e-9947-5ac01b4e2748","2026-05-06 23:30:34.789","2026-05-09 23:30:44.510","bd27e691-33d1-403e-9947-5ac01b4e2748","[PREMIUM]","Used",2023,"Mazda","CX-30","2.5 S Preferred Package","[PREMIUM]","[PREMIUM]",7679,"SUV","Deep Crystal Blue Mica","Greige","All-wheel Drive",,,"Gasoline",,,"dealership","[PREMIUM]","Plainfield","IL","[PREMIUM]",,"[]",,,"[PREMIUM]"
"80d85bc2-e15e-49e3-8739-fa7a20b6f042","2026-05-06 23:30:34.751","2026-05-06 23:30:34.751","80d85bc2-e15e-49e3-8739-fa7a20b6f042","[PREMIUM]","Used",2023,"Chrysler","Pacifica","Touring L","[PREMIUM]","[PREMIUM]",60763,"Minivan","Granite Crystal Metallic Clearcoat","Black/Alloy/Black","Front-wheel Drive",,,"Gasoline",,,"dealership","[PREMIUM]","Baltimore","MD","[PREMIUM]",,"[]",,,"[PREMIUM]"
"3f64ae30-9ee7-484f-8ade-0e53c1973f12","2026-05-06 23:30:34.735","2026-05-06 23:30:34.735","3f64ae30-9ee7-484f-8ade-0e53c1973f12","[PREMIUM]","Used",2023,"Hyundai","Kona N","Base","[PREMIUM]","[PREMIUM]",64057,"SUV","Lunar White","Black","Front-wheel Drive",,,"Gasoline",,,"dealership","[PREMIUM]","Chino","CA","[PREMIUM]",,"[]",,,"[PREMIUM]"
"c63bc804-4c48-4503-99d2-fae7303c03c3","2026-05-06 23:30:24.357","2026-05-06 23:30:24.357","c63bc804-4c48-4503-99d2-fae7303c03c3","[PREMIUM]","Used",2023,"Nissan","Murano","SL FWD","[PREMIUM]","[PREMIUM]",43400,"SUV","Boulder Gray Pearl","Graphite","Front-wheel Drive",,,"Gasoline",,,"dealership","[PREMIUM]","Middletown","PA","[PREMIUM]",,"[]",,,"[PREMIUM]"
"f6885846-8471-403f-8e2f-67f8a18fc01f","2026-05-06 23:30:24.345","2026-05-06 23:30:24.345","f6885846-8471-403f-8e2f-67f8a18fc01f","[PREMIUM]","Used",2023,"GMC","Acadia","FWD SLT","[PREMIUM]","[PREMIUM]",69979,"SUV","Ebony Twilight Metallic","Jet Black","Front-wheel Drive",,,"Gasoline",,,"dealership","[PREMIUM]","Tampa","FL","[PREMIUM]",,"[]",,,"[PREMIUM]"
"8cf07c21-53f5-4415-a290-a53cbafeae21","2026-05-06 23:30:24.297","2026-05-12 23:30:37.092","8cf07c21-53f5-4415-a290-a53cbafeae21","[PREMIUM]","Used",2023,"Hyundai","TUCSON Hybrid","Blue","[PREMIUM]","[PREMIUM]",75945,"SUV","Amazon Gray","Gray","All-wheel Drive",,,"Hybrid",,,"dealership","[PREMIUM]","Albany","NY","[PREMIUM]",,"[]",,,"[PREMIUM]"
"b561093b-783a-4d11-9b66-540e153f5c7b","2026-05-06 23:30:24.260","2026-05-06 23:30:24.260","b561093b-783a-4d11-9b66-540e153f5c7b","[PREMIUM]","Used",2023,"Dodge","Charger","GT","[PREMIUM]","[PREMIUM]",53067,"Sedan","Torred Clearcoat","Black","Rear-wheel Drive",,,"Gasoline",,,"dealership","[PREMIUM]","Plainfield","IL","[PREMIUM]",,"[]",,,"[PREMIUM]"
"e398ad98-1c05-48c0-b914-452f480388ff","2026-05-06 23:30:24.239","2026-05-06 23:30:24.239","e398ad98-1c05-48c0-b914-452f480388ff","[PREMIUM]","Used",2023,"RAM","ProMaster 2500","Base","[PREMIUM]","[PREMIUM]",74826,"Cargo Van","Bright White Clearcoat","Black","Front-wheel Drive",,,"Gasoline",,,"dealership","[PREMIUM]","Canoga Park","CA","[PREMIUM]",,"[]",,,"[PREMIUM]"
"34ca93a0-8d02-4817-b64b-d956a386d45f","2026-05-06 23:30:14.158","2026-05-06 23:30:14.158","34ca93a0-8d02-4817-b64b-d956a386d45f","[PREMIUM]","Used",2023,"Chevrolet","Equinox","1LT","[PREMIUM]","[PREMIUM]",17248,"SUV","Summit White","Jet Black","All-wheel Drive",,,"Gasoline",,,"dealership","[PREMIUM]","Houston","TX","[PREMIUM]",,"[]",,,"[PREMIUM]"
"49022b64-9af1-404a-b00a-e0fba4d22c1a","2026-05-06 23:30:14.071","2026-05-12 23:30:36.930","49022b64-9af1-404a-b00a-e0fba4d22c1a","[PREMIUM]","Used",2023,"Nissan","Altima","2.5 SR","[PREMIUM]","[PREMIUM]",34606,"Sedan","Super Black","Sport","Front-wheel Drive",,,"Gasoline",,,"dealership","[PREMIUM]","Hainesport","NJ","[PREMIUM]",,"[]",,,"[PREMIUM]"
"ae77bb73-36c4-4267-94c2-911d42829026","2026-05-06 23:30:14.051","2026-05-06 23:30:14.051","ae77bb73-36c4-4267-94c2-911d42829026","[PREMIUM]","Used",2023,"Chevrolet","Equinox","1LT","[PREMIUM]","[PREMIUM]",32652,"SUV","Radiant Red Tintcoat","Jet Black","Front-wheel Drive",,,"Gasoline",,,"dealership","[PREMIUM]","Pryor","OK","[PREMIUM]",,"[]",,,"[PREMIUM]"
"9d13cf7c-60e3-4dc5-9b67-f4f2ae68b191","2026-05-06 23:30:14.048","2026-05-09 23:30:23.598","9d13cf7c-60e3-4dc5-9b67-f4f2ae68b191","[PREMIUM]","Used",2023,"Chevrolet","Blazer","2LT","[PREMIUM]","[PREMIUM]",65194,"SUV","Red Hot","Jet Black","Front-wheel Drive",,,"Gasoline",,,"dealership","[PREMIUM]","Louisville","KY","[PREMIUM]",,"[]",,,"[PREMIUM]"
"20504426-2fef-46ba-8e70-5e3ef6bd6867","2026-05-06 23:30:14.041","2026-05-06 23:30:14.041","20504426-2fef-46ba-8e70-5e3ef6bd6867","[PREMIUM]","Used",2023,"Hyundai","IONIQ 6","SEL","[PREMIUM]","[PREMIUM]",25734,"Sedan","Onyx Black","Black","Rear-wheel Drive",,,"Electric",,,"dealership","[PREMIUM]","Midlothian","VA","[PREMIUM]",,"[]",,,"[PREMIUM]"
"1036bd39-bfd9-486a-aaf3-4c6169f02f55","2026-05-06 23:30:14.020","2026-05-06 23:30:14.020","1036bd39-bfd9-486a-aaf3-4c6169f02f55","[PREMIUM]","Used",2023,"Nissan","Altima","SR FWD","[PREMIUM]","[PREMIUM]",43722,"Sedan","Gray Sky Pearl","Sport","Front-wheel Drive",,,"Gasoline",,,"dealership","[PREMIUM]","Charlotte","NC","[PREMIUM]",,"[]",,,"[PREMIUM]"
"c2f86c8c-2cd0-4136-a05a-542c9c72c89f","2026-05-06 23:30:14.011","2026-05-12 23:30:36.978","c2f86c8c-2cd0-4136-a05a-542c9c72c89f","[PREMIUM]","Used",2023,"Chrysler","Voyager","LX","[PREMIUM]","[PREMIUM]",52429,"Passenger Van","Silver Mist Clearcoat","Black/Alloy/Black","Front-wheel Drive",,,"Gasoline",,,"dealership","[PREMIUM]","Rosedale","MD","[PREMIUM]",,"[]",,,"[PREMIUM]"
"ccce0660-9c82-4747-a465-c2f92fbdd3de","2026-05-06 23:30:04.075","2026-05-06 23:30:04.075","ccce0660-9c82-4747-a465-c2f92fbdd3de","[PREMIUM]","Used",2023,"Hyundai","TUCSON","SEL","[PREMIUM]","[PREMIUM]",31999,"SUV","Calypso Red","Black","All-wheel Drive",,,"Gasoline",,,"dealership","[PREMIUM]","South Easton","MA","[PREMIUM]",,"[]",,,"[PREMIUM]"
"dc946520-015a-427c-a6a6-de785aa4c109","2026-05-06 23:30:04.072","2026-05-06 23:30:04.072","dc946520-015a-427c-a6a6-de785aa4c109","[PREMIUM]","Used",2023,"Nissan","Rogue","SV","[PREMIUM]","[PREMIUM]",27825,"SUV","Blue","BLACK","Rear-wheel Drive",,,"Gasoline",,,"dealership","[PREMIUM]","Mobile","AL","[PREMIUM]",,"[]",,,"[PREMIUM]"
"8abf68ca-0cfe-4e69-9a62-3d373bb2fab1","2026-05-06 23:30:03.836","2026-05-09 23:30:23.617","8abf68ca-0cfe-4e69-9a62-3d373bb2fab1","[PREMIUM]","Used",2023,"Chevrolet","Equinox","LT","[PREMIUM]","[PREMIUM]",27341,"SUV","White","BLACK","Rear-wheel Drive",,,"Gasoline",,,"dealership","[PREMIUM]","Lithia Springs","GA","[PREMIUM]",,"[]",,,"[PREMIUM]"
"aadbc9d9-8c65-4508-9534-029cf1157f07","2026-05-06 23:30:03.813","2026-05-09 23:30:23.955","aadbc9d9-8c65-4508-9534-029cf1157f07","[PREMIUM]","Used",2023,"Hyundai","KONA","SEL","[PREMIUM]","[PREMIUM]",20179,"SUV","White","BLACK","Four-wheel Drive",,,"Gasoline",,,"dealership","[PREMIUM]","Chattanooga","TN","[PREMIUM]",,"[]",,,"[PREMIUM]"
"e636d3e0-3981-444c-9155-66c4a0356c44","2026-05-06 23:30:03.808","2026-05-06 23:30:03.808","e636d3e0-3981-444c-9155-66c4a0356c44","[PREMIUM]","Used",2023,"Nissan","Kicks","SV","[PREMIUM]","[PREMIUM]",9135,"SUV","Gray","BLACK","Rear-wheel Drive",,,"Gasoline",,,"dealership","[PREMIUM]","Palm Desert","CA","[PREMIUM]",,"[]",,,"[PREMIUM]"
"22ac2280-47ba-4f1b-94ff-241329b2d0f2","2026-05-06 23:30:03.793","2026-05-06 23:30:03.793","22ac2280-47ba-4f1b-94ff-241329b2d0f2","[PREMIUM]","Used",2023,"Nissan","Rogue","SV","[PREMIUM]","[PREMIUM]",25469,"SUV","Black","BLACK","Rear-wheel Drive",,,"Gasoline",,,"dealership","[PREMIUM]","Oxnard","CA","[PREMIUM]",,"[]",,,"[PREMIUM]"
"08fb0bbe-37df-41ac-8ab3-ed485ba8f817","2026-05-06 23:30:03.793","2026-05-09 23:30:23.605","08fb0bbe-37df-41ac-8ab3-ed485ba8f817","[PREMIUM]","Used",2023,"Volkswagen","Tiguan","2.0T SE R-Line Black","[PREMIUM]","[PREMIUM]",39582,"SUV","Opal White Pearl","Titan Black","Front-wheel Drive",,,"Gasoline",,,"dealership","[PREMIUM]","Pensacola","FL","[PREMIUM]",,"[]",,,"[PREMIUM]"
"ca570212-a915-467c-b348-f68a9e0d14d8","2026-05-06 23:30:03.792","2026-05-06 23:30:03.792","ca570212-a915-467c-b348-f68a9e0d14d8","[PREMIUM]","Used",2023,"Toyota","Corolla Cross","L","[PREMIUM]","[PREMIUM]",33653,"SUV","Black","GRAY","Four-wheel Drive",,,"Gasoline",,,"dealership","[PREMIUM]","Milwaukie","OR","[PREMIUM]",,"[]",,,"[PREMIUM]"
"40fb7714-d9ac-4c90-9b4e-c0c99c35fcd7","2026-05-06 23:30:03.784","2026-05-06 23:30:03.784","40fb7714-d9ac-4c90-9b4e-c0c99c35fcd7","[PREMIUM]","Used",2023,"Volkswagen","Tiguan","SE","[PREMIUM]","[PREMIUM]",32472,"SUV","Gray","BLACK","Rear-wheel Drive",,,"Gasoline",,,"dealership","[PREMIUM]","Jacksonville","FL","[PREMIUM]",,"[]",,,"[PREMIUM]"
"a47d9272-c026-4d56-9eb8-1533c92afea1","2026-05-06 23:30:03.780","2026-05-06 23:30:03.780","a47d9272-c026-4d56-9eb8-1533c92afea1","[PREMIUM]","Used",2023,"Chrysler","Pacifica","Touring L","[PREMIUM]","[PREMIUM]",66671,"Minivan","Bright White Clearcoat","Black/Alloy/Black","Front-wheel Drive",,,"Gasoline",,,"dealership","[PREMIUM]","Pensacola","FL","[PREMIUM]",,"[]",,,"[PREMIUM]"
"7190899c-d556-43c3-a766-e9cb168e79b7","2026-05-06 23:30:03.777","2026-05-06 23:30:03.777","7190899c-d556-43c3-a766-e9cb168e79b7","[PREMIUM]","Used",2023,"Nissan","Rogue","SV","[PREMIUM]","[PREMIUM]",30938,"SUV","Red","TAN","Rear-wheel Drive",,,"Gasoline",,,"dealership","[PREMIUM]","Mobile","AL","[PREMIUM]",,"[]",,,"[PREMIUM]"
"9b4d7d40-c657-4abc-b9d6-f9100e79a5a0","2026-05-06 23:30:03.763","2026-05-06 23:30:03.763","9b4d7d40-c657-4abc-b9d6-f9100e79a5a0","[PREMIUM]","Used",2023,"Chevrolet","Trailblazer","LT","[PREMIUM]","[PREMIUM]",4316,"SUV","Black","BLACK","Rear-wheel Drive",,,"Gasoline",,,"dealership","[PREMIUM]","Torrance","CA","[PREMIUM]",,"[]",,,"[PREMIUM]"
"1068c50b-4ccf-443d-8426-b5e38687c91f","2026-05-06 23:30:03.744","2026-05-06 23:30:03.744","1068c50b-4ccf-443d-8426-b5e38687c91f","[PREMIUM]","Used",2023,"Nissan","Sentra","SR","[PREMIUM]","[PREMIUM]",14600,"Sedan","Orange","BLACK","2WD",,,"Gasoline",,,"dealership","[PREMIUM]","Houston","TX","[PREMIUM]",,"[]",,,"[PREMIUM]"
"af28361c-7c80-4b18-9b06-2ceea26b4da5","2026-05-06 23:30:03.739","2026-05-06 23:30:03.739","af28361c-7c80-4b18-9b06-2ceea26b4da5","[PREMIUM]","Used",2023,"Hyundai","SONATA","SEL","[PREMIUM]","[PREMIUM]",52030,"Sedan","Gray","BLACK","Rear-wheel Drive",,,"Gasoline",,,"dealership","[PREMIUM]","Albuquerque","NM","[PREMIUM]",,"[]",,,"[PREMIUM]"
"2b001bf2-719f-43be-9958-1e53c6f928f0","2026-05-06 23:30:03.736","2026-05-06 23:30:03.736","2b001bf2-719f-43be-9958-1e53c6f928f0","[PREMIUM]","Used",2023,"Hyundai","SONATA","SE","[PREMIUM]","[PREMIUM]",18623,"Sedan","White","GRAY","Rear-wheel Drive",,,"Gasoline",,,"dealership","[PREMIUM]","Clermont","FL","[PREMIUM]",,"[]",,,"[PREMIUM]"
"7baeaffd-15f0-4ca7-8bff-3f137e9e9e5b","2026-05-06 23:29:53.685","2026-05-06 23:29:53.685","7baeaffd-15f0-4ca7-8bff-3f137e9e9e5b","[PREMIUM]","Used",2023,"Hyundai","ELANTRA","SEL","[PREMIUM]","[PREMIUM]",34995,"Sedan","Black","GRAY","2WD",,,"Gas",,,"dealership","[PREMIUM]","Palmdale","CA","[PREMIUM]",,"[]",,,"[PREMIUM]"
"1f0e2613-a962-498a-9fa7-2d2d31fb8d44","2026-05-06 23:29:53.664","2026-05-06 23:29:53.664","1f0e2613-a962-498a-9fa7-2d2d31fb8d44","[PREMIUM]","Used",2023,"Mazda","CX-5","2.5 S Select Package","[PREMIUM]","[PREMIUM]",45593,"SUV","Black","BLACK","Four-wheel Drive",,,"Gasoline",,,"dealership","[PREMIUM]","Columbia","SC","[PREMIUM]",,"[]",,,"[PREMIUM]"
"9ae9cf0e-d923-412a-afa9-d08f4966c145","2026-05-06 23:29:53.654","2026-05-09 23:30:13.541","9ae9cf0e-d923-412a-afa9-d08f4966c145","[PREMIUM]","Used",2023,"Nissan","Rogue","SV","[PREMIUM]","[PREMIUM]",19208,"SUV","White","GRAY","Four-wheel Drive",,,"Gasoline",,,"dealership","[PREMIUM]","Stockbridge","GA","[PREMIUM]",,"[]",,,"[PREMIUM]"
"b54d0e1f-e030-4503-93dd-6a5d97118108","2026-05-06 23:29:53.476","2026-05-06 23:29:53.476","b54d0e1f-e030-4503-93dd-6a5d97118108","[PREMIUM]","Used",2023,"Hyundai","ELANTRA","SEL","[PREMIUM]","[PREMIUM]",21425,"Sedan","Blue","BLACK","Rear-wheel Drive",,,"Gasoline",,,"dealership","[PREMIUM]","Palm Desert","CA","[PREMIUM]",,"[]",,,"[PREMIUM]"
"cd209074-53ee-4b9d-9c9c-d97832d589fe","2026-05-06 23:29:53.423","2026-05-06 23:29:53.423","cd209074-53ee-4b9d-9c9c-d97832d589fe","[PREMIUM]","Used",2023,"Nissan","Rogue","S","[PREMIUM]","[PREMIUM]",26954,"SUV","Blue","BLACK","Rear-wheel Drive",,,"Gasoline",,,"dealership","[PREMIUM]","Reno","NV","[PREMIUM]",,"[]",,,"[PREMIUM]"
"73846c09-6a74-4b66-a375-e8f09ce54c84","2026-05-06 23:29:53.412","2026-05-06 23:29:53.412","73846c09-6a74-4b66-a375-e8f09ce54c84","[PREMIUM]","Used",2023,"Mazda","CX-5","Turbo","[PREMIUM]","[PREMIUM]",44027,"SUV","White","BLACK","4WD",,,"Gas",,,"dealership","[PREMIUM]","Davie","FL","[PREMIUM]",,"[]",,,"[PREMIUM]"
"cb8cf755-8bcd-40ee-8d86-79190d4b18dd","2026-05-06 23:29:53.390","2026-05-09 23:30:13.279","cb8cf755-8bcd-40ee-8d86-79190d4b18dd","[PREMIUM]","Used",2023,"Hyundai","KONA","SEL","[PREMIUM]","[PREMIUM]",10095,"SUV","Gray","GRAY","Four-wheel Drive",,,"Gasoline",,,"dealership","[PREMIUM]","Gainesville","FL","[PREMIUM]",,"[]",,,"[PREMIUM]"
"007473a7-3443-4f27-8aa9-8324fc9b1c27","2026-05-06 23:29:53.375","2026-05-06 23:29:53.375","007473a7-3443-4f27-8aa9-8324fc9b1c27","[PREMIUM]","Used",2023,"Kia","Forte","GT-Line","[PREMIUM]","[PREMIUM]",37296,"Sedan","Gray","BLACK","Rear-wheel Drive",,,"Gasoline",,,"dealership","[PREMIUM]","Tucson","AZ","[PREMIUM]",,"[]",,,"[PREMIUM]"
"64f2a119-0d1a-4b19-8777-24690eea1ea0","2026-05-06 23:29:53.369","2026-05-12 23:30:36.940","64f2a119-0d1a-4b19-8777-24690eea1ea0","[PREMIUM]","Used",2023,"Hyundai","TUCSON","SEL","[PREMIUM]","[PREMIUM]",36420,"SUV","Gray","BLACK","Four-wheel Drive",,,"Gasoline",,,"dealership","[PREMIUM]","Bristol","TN","[PREMIUM]",,"[]",,,"[PREMIUM]"
"8b024562-5024-443b-8d44-0e626170f390","2026-05-06 23:29:53.366","2026-05-06 23:29:53.366","8b024562-5024-443b-8d44-0e626170f390","[PREMIUM]","Used",2023,"Hyundai","TUCSON","SEL","[PREMIUM]","[PREMIUM]",42430,"SUV","Gray","BLACK","Rear-wheel Drive",,,"Gasoline",,,"dealership","[PREMIUM]","Mobile","AL","[PREMIUM]",,"[]",,,"[PREMIUM]"
"9ef86c35-179c-4e5b-b335-215bd46d695d","2026-05-06 23:29:53.363","2026-05-06 23:29:53.363","9ef86c35-179c-4e5b-b335-215bd46d695d","[PREMIUM]","Used",2023,"Jeep","Compass","Altitude","[PREMIUM]","[PREMIUM]",34942,"SUV","Gray","BLACK","Four-wheel Drive",,,"Gasoline",,,"dealership","[PREMIUM]","Newark","DE","[PREMIUM]",,"[]",,,"[PREMIUM]"
"e22287b8-0574-4a78-bf2d-6f61f575c72e","2026-05-06 23:29:53.363","2026-05-06 23:29:53.363","e22287b8-0574-4a78-bf2d-6f61f575c72e","[PREMIUM]","Used",2023,"Hyundai","TUCSON","SEL","[PREMIUM]","[PREMIUM]",20553,"SUV","Black","BLACK","2WD",,,"Gas",,,"dealership","[PREMIUM]","Warner Robins","GA","[PREMIUM]",,"[]",,,"[PREMIUM]"
"2a60fa1d-9120-4073-8026-31a2b31bfd2c","2026-05-06 23:29:53.360","2026-05-12 23:30:36.975","2a60fa1d-9120-4073-8026-31a2b31bfd2c","[PREMIUM]","Used",2023,"Buick","Encore GX","Select","[PREMIUM]","[PREMIUM]",15770,"SUV","White","BLACK","Rear-wheel Drive",,,"Gasoline",,,"dealership","[PREMIUM]","Baton Rouge","LA","[PREMIUM]",,"[]",,,"[PREMIUM]"
"6ef663a4-62fa-4021-9644-5ab3f2d380c4","2026-05-06 23:29:53.354","2026-05-09 23:30:13.449","6ef663a4-62fa-4021-9644-5ab3f2d380c4","[PREMIUM]","Used",2023,"Kia","Soul","GT-Line","[PREMIUM]","[PREMIUM]",33583,"Hatchback","White","BLACK","Rear-wheel Drive",,,"Gasoline",,,"dealership","[PREMIUM]","Harrisonburg","VA","[PREMIUM]",,"[]",,,"[PREMIUM]"
"ab6c8a9a-c2d1-4ad2-8ff4-21f8a499e3c1","2026-05-06 23:29:53.343","2026-05-09 23:30:13.385","ab6c8a9a-c2d1-4ad2-8ff4-21f8a499e3c1","[PREMIUM]","Used",2023,"Chevrolet","Equinox","LT","[PREMIUM]","[PREMIUM]",10430,"SUV","White","BLACK","Rear-wheel Drive",,,"Gasoline",,,"dealership","[PREMIUM]","Jacksonville","FL","[PREMIUM]",,"[]",,,"[PREMIUM]"
"f7dfb5c7-f094-41a6-9906-016a2fdf9ee4","2026-05-06 23:29:53.327","2026-05-09 23:30:13.208","f7dfb5c7-f094-41a6-9906-016a2fdf9ee4","[PREMIUM]","Used",2023,"Chevrolet","Malibu","LS","[PREMIUM]","[PREMIUM]",51305,"Sedan","Black","GRAY","Rear-wheel Drive",,,"Gasoline",,,"dealership","[PREMIUM]","Fairfield","CA","[PREMIUM]",,"[]",,,"[PREMIUM]"
"c75868c5-6948-4cf4-baee-3444cf543f4f","2026-05-06 23:29:53.318","2026-05-06 23:29:53.318","c75868c5-6948-4cf4-baee-3444cf543f4f","[PREMIUM]","Used",2023,"Toyota","Prius","XLE","[PREMIUM]","[PREMIUM]",98161,"Hatchback","Blue","GRAY","Rear-wheel Drive",,,"Hybrid",,,"dealership","[PREMIUM]","Burbank","CA","[PREMIUM]",,"[]",,,"[PREMIUM]"
"606ee440-36c1-4570-944d-b4ab5c9f2751","2026-05-06 23:29:53.314","2026-05-12 23:30:36.974","606ee440-36c1-4570-944d-b4ab5c9f2751","[PREMIUM]","Used",2023,"Toyota","Corolla Hybrid","LE","[PREMIUM]","[PREMIUM]",27347,"Sedan","White","BLACK","Rear-wheel Drive",,,"Hybrid",,,"dealership","[PREMIUM]","Fort Worth","TX","[PREMIUM]",,"[]",,,"[PREMIUM]"
"36aa8001-958f-4ccd-b1f8-9aeb89791940","2026-05-06 23:29:43.025","2026-05-06 23:29:43.025","36aa8001-958f-4ccd-b1f8-9aeb89791940","[PREMIUM]","Used",2024,"Mazda","CX-30","2.5 S Select Sport","[PREMIUM]","[PREMIUM]",60998,"SUV","Jet Black Mica","Black","All-wheel Drive",,,"Gasoline",,,"dealership","[PREMIUM]","Carrollton","TX","[PREMIUM]",,"[]",,,"[PREMIUM]"
"aad53cd1-7ffd-480a-a348-5dae99f10054","2026-05-06 23:29:42.999","2026-05-06 23:29:42.999","aad53cd1-7ffd-480a-a348-5dae99f10054","[PREMIUM]","Used",2023,"Nissan","Rogue","SV","[PREMIUM]","[PREMIUM]",39553,"SUV","Blue","GRAY","Four-wheel Drive",,,"Gasoline",,,"dealership","[PREMIUM]","Wilmington","NC","[PREMIUM]",,"[]",,,"[PREMIUM]"
"219806aa-8e9e-4dad-9e6c-56315571cf20","2026-05-06 23:29:42.946","2026-05-09 23:30:02.779","219806aa-8e9e-4dad-9e6c-56315571cf20","[PREMIUM]","Used",2023,"Hyundai","TUCSON","SEL","[PREMIUM]","[PREMIUM]",23488,"SUV","Gray","BLACK","Rear-wheel Drive",,,"Gasoline",,,"dealership","[PREMIUM]","Lakeland","FL","[PREMIUM]",,"[]",,,"[PREMIUM]"
"edb36b8b-e9e4-49a7-a4aa-7200577aff08","2026-05-06 23:29:42.920","2026-05-06 23:29:42.920","edb36b8b-e9e4-49a7-a4aa-7200577aff08","[PREMIUM]","Used",2023,"Honda","Civic","LX","[PREMIUM]","[PREMIUM]",17795,"Sedan","Blue",,"Rear-wheel Drive",,,"Gasoline",,,"dealership","[PREMIUM]","East Haven","CT","[PREMIUM]",,"[]",,,"[PREMIUM]"
"d3b5061c-b101-42aa-83e2-23dbf9860ef8","2026-05-06 23:29:42.919","2026-05-09 23:30:13.248","d3b5061c-b101-42aa-83e2-23dbf9860ef8","[PREMIUM]","Used",2023,"Nissan","Rogue","SV","[PREMIUM]","[PREMIUM]",31424,"SUV","Gray","GRAY","Four-wheel Drive",,,"Gasoline",,,"dealership","[PREMIUM]","Raleigh","NC","[PREMIUM]",,"[]",,,"[PREMIUM]"
"5f3ea863-b7bd-4663-bedd-95c688225607","2026-05-06 23:29:42.916","2026-05-06 23:29:42.916","5f3ea863-b7bd-4663-bedd-95c688225607","[PREMIUM]","Used",2023,"Nissan","Rogue","S","[PREMIUM]","[PREMIUM]",58829,"SUV","Gray","BLACK","Four-wheel Drive",,,"Gasoline",,,"dealership","[PREMIUM]","Algonquin","IL","[PREMIUM]",,"[]",,,"[PREMIUM]"
"80376207-2bad-4a68-b499-b51b7d3c840f","2026-05-06 23:29:42.915","2026-05-09 23:30:13.235","80376207-2bad-4a68-b499-b51b7d3c840f","[PREMIUM]","Used",2023,"Ford","Bronco Sport",,"[PREMIUM]","[PREMIUM]",46448,"SUV","Black","BLACK","Four-wheel Drive",,,"Gasoline",,,"dealership","[PREMIUM]","Roseville","CA","[PREMIUM]",,"[]",,,"[PREMIUM]"
"922d0004-e0cb-47be-9d86-f71909c191d7","2026-05-06 23:29:42.907","2026-05-06 23:29:42.907","922d0004-e0cb-47be-9d86-f71909c191d7","[PREMIUM]","Used",2023,"Hyundai","TUCSON","Limited","[PREMIUM]","[PREMIUM]",49089,"SUV","White","BLACK","Four-wheel Drive",,,"Gasoline",,,"dealership","[PREMIUM]","Hickory","NC","[PREMIUM]",,"[]",,,"[PREMIUM]"
"db6502e8-9022-41a9-9d50-135dad3f5d13","2026-05-06 23:29:42.902","2026-05-09 23:30:02.590","db6502e8-9022-41a9-9d50-135dad3f5d13","[PREMIUM]","Used",2023,"Nissan","Rogue","S","[PREMIUM]","[PREMIUM]",39274,"SUV","Red","BLACK","Four-wheel Drive",,,"Gasoline",,,"dealership","[PREMIUM]","Raleigh","NC","[PREMIUM]",,"[]",,,"[PREMIUM]"
"1fb93582-27b0-4ab7-8d98-739115bf0252","2026-05-06 23:29:42.900","2026-05-06 23:29:42.900","1fb93582-27b0-4ab7-8d98-739115bf0252","[PREMIUM]","Used",2023,"Nissan","Rogue","S","[PREMIUM]","[PREMIUM]",23322,"SUV","Black","BLACK","Four-wheel Drive",,,"Gasoline",,,"dealership","[PREMIUM]","Sterling","VA","[PREMIUM]",,"[]",,,"[PREMIUM]"
"c1297ecc-5d33-48b5-865a-5ec85ea9e733","2026-05-06 23:29:42.899","2026-05-06 23:29:42.899","c1297ecc-5d33-48b5-865a-5ec85ea9e733","[PREMIUM]","Used",2023,"Nissan","Rogue","S","[PREMIUM]","[PREMIUM]",29018,"SUV","Gray","BLACK","Rear-wheel Drive",,,"Gasoline",,,"dealership","[PREMIUM]","Norcross","GA","[PREMIUM]",,"[]",,,"[PREMIUM]"
"b6f86e7b-a368-4252-8853-0107f9aab0a8","2026-05-06 23:29:42.898","2026-05-06 23:29:42.898","b6f86e7b-a368-4252-8853-0107f9aab0a8","[PREMIUM]","Used",2023,"Hyundai","SANTA FE","SEL","[PREMIUM]","[PREMIUM]",45882,"SUV","Black","BROWN","Rear-wheel Drive",,,"Gasoline",,,"dealership","[PREMIUM]","Daytona Beach","FL","[PREMIUM]",,"[]",,,"[PREMIUM]"
"c6d03e1c-adca-4e80-8db3-f35bda25791f","2026-05-06 23:29:42.892","2026-05-06 23:29:42.892","c6d03e1c-adca-4e80-8db3-f35bda25791f","[PREMIUM]","Used",2023,"Tesla","Model 3",,"[PREMIUM]","[PREMIUM]",73358,"Sedan","White","BLACK","Rear-wheel Drive",,,"Electric",,,"dealership","[PREMIUM]","Stockton","CA","[PREMIUM]",,"[]",,,"[PREMIUM]"
"f8508c0c-2b07-404e-bebd-1ff68e465054","2026-05-06 23:29:42.886","2026-05-06 23:29:42.886","f8508c0c-2b07-404e-bebd-1ff68e465054","[PREMIUM]","Used",2023,"Hyundai","ELANTRA","Limited","[PREMIUM]","[PREMIUM]",20841,"Sedan","Black","BLACK","Rear-wheel Drive",,,"Gasoline",,,"dealership","[PREMIUM]","Daytona Beach","FL","[PREMIUM]",,"[]",,,"[PREMIUM]"
"637eb095-e956-43f8-acae-e6d19991979c","2026-05-06 23:29:42.882","2026-05-06 23:29:42.882","637eb095-e956-43f8-acae-e6d19991979c","[PREMIUM]","Used",2023,"Chrysler","Pacifica","Limited","[PREMIUM]","[PREMIUM]",59476,"Passenger Van","Black","BLACK","Rear-wheel Drive",,,"Gasoline",,,"dealership","[PREMIUM]","Marysville","WA","[PREMIUM]",,"[]",,,"[PREMIUM]"
"eeb56060-fdac-44e3-99b7-d1099ece5c2c","2026-05-06 23:29:42.875","2026-05-06 23:29:42.875","eeb56060-fdac-44e3-99b7-d1099ece5c2c","[PREMIUM]","Used",2023,"Toyota","Camry","SE","[PREMIUM]","[PREMIUM]",39285,"Sedan","Black","BLACK","Rear-wheel Drive",,,"Gasoline",,,"dealership","[PREMIUM]","Victorville","CA","[PREMIUM]",,"[]",,,"[PREMIUM]"
"ec842e41-d5d9-495b-ac7a-5d0adbf5c414","2026-05-06 23:29:42.866","2026-05-06 23:29:42.866","ec842e41-d5d9-495b-ac7a-5d0adbf5c414","[PREMIUM]","Used",2023,"Audi","A3","Premium","[PREMIUM]","[PREMIUM]",57847,"Sedan","Black","BLACK","Rear-wheel Drive",,,"Gasoline",,,"dealership","[PREMIUM]","Austin","TX","[PREMIUM]",,"[]",,,"[PREMIUM]"
"eaadcc37-4b60-498f-bb93-9c88060bbe3f","2026-05-06 23:29:42.864","2026-05-06 23:29:42.864","eaadcc37-4b60-498f-bb93-9c88060bbe3f","[PREMIUM]","Used",2023,"MINI","Hardtop",,"[PREMIUM]","[PREMIUM]",35325,"Hatchback","Green","BLACK","Rear-wheel Drive",,,"Gasoline",,,"dealership","[PREMIUM]","Tucson","AZ","[PREMIUM]",,"[]",,,"[PREMIUM]"
"5a20102f-8801-4e5a-a79d-a758da1a4b74","2026-05-06 23:29:32.492","2026-05-06 23:29:32.492","5a20102f-8801-4e5a-a79d-a758da1a4b74","[PREMIUM]","Used",2024,"Hyundai","TUCSON","SEL","[PREMIUM]","[PREMIUM]",38070,"SUV","Black Pearl","Gray","All-wheel Drive",,,"Gasoline",,,"dealership","[PREMIUM]","Easton","MA","[PREMIUM]",,"[]",,,"[PREMIUM]"
"b02fc265-3bb3-4e1b-bc3e-9967aea12aea","2026-05-06 23:29:32.481","2026-05-06 23:29:32.481","b02fc265-3bb3-4e1b-bc3e-9967aea12aea","[PREMIUM]","Used",2024,"Toyota","Corolla","LE","[PREMIUM]","[PREMIUM]",52539,"Sedan","Underground","Black","Front-wheel Drive",,,"Gasoline",,,"dealership","[PREMIUM]","Canton","MA","[PREMIUM]",,"[]",,,"[PREMIUM]"
"7a9e48d2-4d15-4356-9f7b-7fe91a61d9a0","2026-05-06 23:29:32.448","2026-05-06 23:29:32.448","7a9e48d2-4d15-4356-9f7b-7fe91a61d9a0","[PREMIUM]","Used",2024,"Kia","Forte","GT-Line","[PREMIUM]","[PREMIUM]",19914,"Sedan","Steel Gray","Black","Front-wheel Drive",,,"Gasoline",,,"dealership","[PREMIUM]","Peoria","AZ","[PREMIUM]",,"[]",,,"[PREMIUM]"
"72d39c75-84cc-4942-9477-ef123a74616a","2026-05-06 23:29:22.143","2026-05-06 23:29:22.143","72d39c75-84cc-4942-9477-ef123a74616a","[PREMIUM]","Used",2024,"Volkswagen","Tiguan","2.0T SE 4MOTION","[PREMIUM]","[PREMIUM]",44758,"SUV","Pure White","Titan Black","All-wheel Drive",,,"Gasoline",,,"dealership","[PREMIUM]","Albany","CA","[PREMIUM]",,"[]",,,"[PREMIUM]"
"e7381f5f-d4af-46cf-ad0e-8425787eaa84","2026-05-06 23:29:22.104","2026-05-06 23:29:22.104","e7381f5f-d4af-46cf-ad0e-8425787eaa84","[PREMIUM]","Used",2024,"Hyundai","TUCSON","SEL","[PREMIUM]","[PREMIUM]",12693,"SUV","Shimmering Silver","Black","All-wheel Drive",,,"Gasoline",,,"dealership","[PREMIUM]","Cleveland Heights","OH","[PREMIUM]",,"[]",,,"[PREMIUM]"
"41b935ae-35c5-4db6-8f41-444ab8cba7a5","2026-05-06 23:29:11.943","2026-05-09 23:29:20.591","41b935ae-35c5-4db6-8f41-444ab8cba7a5","[PREMIUM]","Used",2024,"Ford","Escape","ST-Line","[PREMIUM]","[PREMIUM]",48704,"SUV","Agate Black Metallic","Ebony","All-wheel Drive",,,"Gasoline",,,"dealership","[PREMIUM]","Chesapeake","VA","[PREMIUM]",,"[]",,,"[PREMIUM]"
"d572f540-415c-47b8-b43f-c35d9415e3e0","2026-05-06 23:29:11.934","2026-05-06 23:29:11.934","d572f540-415c-47b8-b43f-c35d9415e3e0","[PREMIUM]","Used",2024,"Toyota","Camry","LE","[PREMIUM]","[PREMIUM]",85864,"Sedan","Ice Cap","Ash","Front-wheel Drive",,,"Gasoline",,,"dealership","[PREMIUM]","Canoga Park","CA","[PREMIUM]",,"[]",,,"[PREMIUM]"
"63f6ee2d-a93b-4476-ab33-d9ae38df12f1","2026-05-06 23:29:11.907","2026-05-06 23:29:11.907","63f6ee2d-a93b-4476-ab33-d9ae38df12f1","[PREMIUM]","Used",2024,"Hyundai","SONATA","SEL","[PREMIUM]","[PREMIUM]",58256,"Sedan","Portofino Gray","Black","Front-wheel Drive",,,"Gasoline",,,"dealership","[PREMIUM]","Chesapeake","VA","[PREMIUM]",,"[]",,,"[PREMIUM]"
"e8c3bc48-c7ce-465f-b797-a7e71b9f65b2","2026-05-06 23:29:01.758","2026-05-09 23:29:10.182","e8c3bc48-c7ce-465f-b797-a7e71b9f65b2","[PREMIUM]","Used",2024,"Chevrolet","Trax","LS","[PREMIUM]","[PREMIUM]",38841,"SUV","Sterling Gray Metallic","Jet Black/Gray w/Blue Accents","Front-wheel Drive",,,"Gasoline",,,"dealership","[PREMIUM]","Pryor","OK","[PREMIUM]",,"[]",,,"[PREMIUM]"
"4e7a0de2-cfd5-4be3-a3b6-ded5706429b9","2026-05-06 23:29:01.734","2026-05-12 23:29:15.101","4e7a0de2-cfd5-4be3-a3b6-ded5706429b9","[PREMIUM]","Used",2024,"Nissan","Altima","SR FWD","[PREMIUM]","[PREMIUM]",58828,"Sedan","Super Black Clearcoat","Sport","Front-wheel Drive",,,"Gasoline",,,"dealership","[PREMIUM]","Chesapeake","VA","[PREMIUM]",,"[]",,,"[PREMIUM]"
"6cfc1fab-2729-44ae-88fc-3f762a102ea3","2026-05-06 23:29:01.717","2026-05-09 23:29:09.718","6cfc1fab-2729-44ae-88fc-3f762a102ea3","[PREMIUM]","Used",2024,"Hyundai","TUCSON","SEL","[PREMIUM]","[PREMIUM]",59553,"SUV","Dark Gray Metallic","Gray","Front-wheel Drive",,,"Gasoline",,,"dealership","[PREMIUM]","Frederick","MD","[PREMIUM]",,"[]",,,"[PREMIUM]"
"2960056d-bd1c-4ffb-a1c6-6c6c285b924a","2026-05-06 23:29:01.712","2026-05-09 23:29:20.677","2960056d-bd1c-4ffb-a1c6-6c6c285b924a","[PREMIUM]","Used",2024,"Buick","Envista","Sport Touring FWD","[PREMIUM]","[PREMIUM]",22953,"SUV","Cinnabar Metallic","Ebony Seats Interior With Santorini Blue Stitc","Front-wheel Drive",,,"Gasoline",,,"dealership","[PREMIUM]","Westerville","OH","[PREMIUM]",,"[]",,,"[PREMIUM]"
"0ef2f507-5053-40e6-9ca5-2c3f15831d47","2026-05-06 23:29:01.711","2026-05-06 23:29:01.711","0ef2f507-5053-40e6-9ca5-2c3f15831d47","[PREMIUM]","Used",2024,"Chevrolet","Malibu","FWD 1LT","[PREMIUM]","[PREMIUM]",33620,"Sedan","Lakeshore Blue Metallic","Jet Black","Front-wheel Drive",,,"Gasoline",,,"dealership","[PREMIUM]","Austin","TX","[PREMIUM]",,"[]",,,"[PREMIUM]"
"666c65be-716a-473d-860c-a7e24891e2d3","2026-05-06 23:29:01.696","2026-05-06 23:29:01.696","666c65be-716a-473d-860c-a7e24891e2d3","[PREMIUM]","Used",2024,"Volkswagen","Taos","1.5T SE","[PREMIUM]","[PREMIUM]",46878,"SUV","Deep Black Pearl Effect","Black","FWD",,,"Gasoline",,,"dealership","[PREMIUM]","Beaumont","TX","[PREMIUM]",,"[]",,,"[PREMIUM]"
"75214461-2106-4a89-87c2-90b65d5e6118","2026-05-06 23:29:01.694","2026-05-06 23:29:01.694","75214461-2106-4a89-87c2-90b65d5e6118","[PREMIUM]","Used",2024,"Volvo","S60","B5 Core Dark Theme","[PREMIUM]","[PREMIUM]",54146,"Sedan","Thunder Grey Metallic","Charcoal","Front-wheel Drive",,,"Gasoline",,,"dealership","[PREMIUM]","Pasco","WA","[PREMIUM]",,"[]",,,"[PREMIUM]"
"02705404-c236-4522-9d24-ea6a2b666a68","2026-05-06 23:28:51.681","2026-05-09 23:28:59.530","02705404-c236-4522-9d24-ea6a2b666a68","[PREMIUM]","Used",2024,"Nissan","Altima","2.5 SV","[PREMIUM]","[PREMIUM]",52801,"Sedan","Garnet Pearl Metallic","Charcoal","Front-wheel Drive",,,"Gasoline",,,"dealership","[PREMIUM]","Charlotte","NC","[PREMIUM]",,"[]",,,"[PREMIUM]"
"9ef3782e-e12b-4fea-91bf-f3837a24cd0b","2026-05-06 23:28:51.460","2026-05-06 23:28:51.460","9ef3782e-e12b-4fea-91bf-f3837a24cd0b","[PREMIUM]","Used",2024,"Mazda","CX-5","2.5 S Select Package","[PREMIUM]","[PREMIUM]",23652,"SUV","Blue","BLACK","Four-wheel Drive",,,"Gasoline",,,"dealership","[PREMIUM]","Canoga Park","CA","[PREMIUM]",,"[]",,,"[PREMIUM]"
"89ecc9d7-19c7-4dd3-853b-9bbc67204a90","2026-05-06 23:28:51.456","2026-05-06 23:28:51.456","89ecc9d7-19c7-4dd3-853b-9bbc67204a90","[PREMIUM]","Used",2024,"Hyundai","ELANTRA","SEL","[PREMIUM]","[PREMIUM]",27802,"Sedan","Amazon Gray","Medium Gray","Front-wheel Drive",,,"Gasoline",,,"dealership","[PREMIUM]","Plano","TX","[PREMIUM]",,"[]",,,"[PREMIUM]"
"5cd7a7bb-542b-4633-9ba6-e676b3809cc0","2026-05-06 23:28:51.443","2026-05-09 23:29:09.705","5cd7a7bb-542b-4633-9ba6-e676b3809cc0","[PREMIUM]","Used",2024,"Kia","K5","LXS","[PREMIUM]","[PREMIUM]",29904,"Sedan","Glacial White Pearl","Black","Front-wheel Drive",,,"Gasoline",,,"dealership","[PREMIUM]","Fort Walton Beach","FL","[PREMIUM]",,"[]",,,"[PREMIUM]"
"5af82725-2c1d-46cf-a58a-9172332555a4","2026-05-06 23:28:51.418","2026-05-06 23:28:51.418","5af82725-2c1d-46cf-a58a-9172332555a4","[PREMIUM]","Used",2024,"Chevrolet","Trailblazer","RS","[PREMIUM]","[PREMIUM]",42552,"SUV","Sterling Gray Metallic","Jet Black w/Red Accents","Front-wheel Drive",,,"Gasoline",,,"dealership","[PREMIUM]","Mesa","AZ","[PREMIUM]",,"[]",,,"[PREMIUM]"
"1b790fad-5d10-401f-922b-704ac0a6389d","2026-05-06 23:28:51.381","2026-05-06 23:28:51.381","1b790fad-5d10-401f-922b-704ac0a6389d","[PREMIUM]","Used",2024,"Mazda","CX-5","2.5 S Select Package","[PREMIUM]","[PREMIUM]",19046,"SUV","Silver","BLACK","Four-wheel Drive",,,"Gasoline",,,"dealership","[PREMIUM]","Doral","FL","[PREMIUM]",,"[]",,,"[PREMIUM]"
"b2e33438-ccaf-471e-81c9-f69a1d6d0d40","2026-05-06 23:28:51.378","2026-05-06 23:28:51.378","b2e33438-ccaf-471e-81c9-f69a1d6d0d40","[PREMIUM]","Used",2024,"Buick","Envista","Preferred","[PREMIUM]","[PREMIUM]",39186,"SUV","Orange","BLACK","Rear-wheel Drive",,,"Gasoline",,,"dealership","[PREMIUM]","St. Louis","MO","[PREMIUM]",,"[]",,,"[PREMIUM]"
"b41c7a5b-449e-4a4a-af83-081717afc226","2026-05-06 23:28:51.376","2026-05-09 23:29:09.864","b41c7a5b-449e-4a4a-af83-081717afc226","[PREMIUM]","Used",2024,"Mazda","Mazda3","2.5 S Select Sport","[PREMIUM]","[PREMIUM]",30052,"Hatchback","Gold","BLACK","Rear-wheel Drive",,,"Gasoline",,,"dealership","[PREMIUM]","Gilbert","AZ","[PREMIUM]",,"[]",,,"[PREMIUM]"
"ab6a8613-e3b4-49ed-9366-5b9f8e6c733a","2026-05-06 23:28:51.363","2026-05-06 23:28:51.363","ab6a8613-e3b4-49ed-9366-5b9f8e6c733a","[PREMIUM]","Used",2024,"Toyota","Corolla","LE","[PREMIUM]","[PREMIUM]",17015,"Sedan","Silver","BLACK","Rear-wheel Drive",,,"Gasoline",,,"dealership","[PREMIUM]","Doral","FL","[PREMIUM]",,"[]",,,"[PREMIUM]"
"869d3f54-1f39-49e1-86d0-e78406ec5aa0","2026-05-06 23:28:51.347","2026-05-09 23:28:59.508","869d3f54-1f39-49e1-86d0-e78406ec5aa0","[PREMIUM]","Used",2024,"Nissan","Sentra","SR","[PREMIUM]","[PREMIUM]",21556,"Sedan","Gray","BLACK","Rear-wheel Drive",,,"Gasoline",,,"dealership","[PREMIUM]","West Carrollton","OH","[PREMIUM]",,"[]",,,"[PREMIUM]"
"0ccba96b-1e80-4488-9450-9eb52d158745","2026-05-06 23:28:51.338","2026-05-09 23:28:59.221","0ccba96b-1e80-4488-9450-9eb52d158745","[PREMIUM]","Used",2024,"Hyundai","ELANTRA","SEL","[PREMIUM]","[PREMIUM]",2043,"Sedan","Blue","BLACK","Rear-wheel Drive",,,"Gasoline",,,"dealership","[PREMIUM]","Wilmington","NC","[PREMIUM]",,"[]",,,"[PREMIUM]"
"bd33552d-2c0f-4b52-a102-2897226a6231","2026-05-06 23:28:51.338","2026-05-09 23:29:09.758","bd33552d-2c0f-4b52-a102-2897226a6231","[PREMIUM]","Used",2024,"Ford","Escape","ST-Line","[PREMIUM]","[PREMIUM]",48660,"SUV","Gray","BLACK","Rear-wheel Drive",,,"Gasoline",,,"dealership","[PREMIUM]","Memphis","TN","[PREMIUM]",,"[]",,,"[PREMIUM]"
"b90c9c64-84ef-4211-8062-f38b59e22122","2026-05-06 23:28:51.333","2026-05-12 23:29:15.117","b90c9c64-84ef-4211-8062-f38b59e22122","[PREMIUM]","Used",2024,"Honda","Civic","Sport","[PREMIUM]","[PREMIUM]",35800,"Sedan","Gray","BLACK","Rear-wheel Drive",,,"Gasoline",,,"dealership","[PREMIUM]","Plainfield","IL","[PREMIUM]",,"[]",,,"[PREMIUM]"
"e420e232-0ed7-419c-aa3f-a45638e92dbc","2026-05-06 23:28:51.332","2026-05-06 23:28:51.332","e420e232-0ed7-419c-aa3f-a45638e92dbc","[PREMIUM]","Used",2024,"Hyundai","ELANTRA","SEL","[PREMIUM]","[PREMIUM]",3588,"Sedan","Red","BLACK","Rear-wheel Drive",,,"Gasoline",,,"dealership","[PREMIUM]","Cranston","RI","[PREMIUM]",,"[]",,,"[PREMIUM]"
"ef908fbc-6a74-4bf3-9bed-1e9f91c1ec8d","2026-05-06 23:28:51.332","2026-05-09 23:28:59.421","ef908fbc-6a74-4bf3-9bed-1e9f91c1ec8d","[PREMIUM]","Used",2024,"Toyota","Corolla","LE","[PREMIUM]","[PREMIUM]",28141,"Sedan","White","BLACK","Rear-wheel Drive",,,"Gasoline",,,"dealership","[PREMIUM]","Renton","WA","[PREMIUM]",,"[]",,,"[PREMIUM]"
"8f5e6b4c-aed7-4a5c-bcba-01d6528b8bd6","2026-05-06 23:28:51.330","2026-05-06 23:28:51.330","8f5e6b4c-aed7-4a5c-bcba-01d6528b8bd6","[PREMIUM]","Used",2024,"Nissan","Altima","SV","[PREMIUM]","[PREMIUM]",24566,"Sedan","Red","BLACK","Rear-wheel Drive",,,"Gasoline",,,"dealership","[PREMIUM]","Baton Rouge","LA","[PREMIUM]",,"[]",,,"[PREMIUM]"
"8fe0bfc8-165c-41bb-97ae-1071b9c002a2","2026-05-06 23:28:51.319","2026-05-09 23:29:20.495","8fe0bfc8-165c-41bb-97ae-1071b9c002a2","[PREMIUM]","Used",2024,"Subaru","Impreza","Sport","[PREMIUM]","[PREMIUM]",22531,"Hatchback","Crystal White Pearl","Black",,,,,,,"dealership","[PREMIUM]","Southfield","MI","[PREMIUM]",,"[]",,,"[PREMIUM]"
"79e4d9f2-df2b-4244-b87c-39083e71c0b8","2026-05-06 23:28:41.063","2026-05-06 23:28:41.063","79e4d9f2-df2b-4244-b87c-39083e71c0b8","[PREMIUM]","Used",2024,"GMC","Terrain","SLT","[PREMIUM]","[PREMIUM]",30603,"SUV","White","BLACK","Four-wheel Drive",,,"Gasoline",,,"dealership","[PREMIUM]","Woodbridge","VA","[PREMIUM]",,"[]",,,"[PREMIUM]"
"fdfed972-604f-478f-ae9e-10cd12ca1419","2026-05-06 23:28:41.060","2026-05-06 23:28:41.060","fdfed972-604f-478f-ae9e-10cd12ca1419","[PREMIUM]","Used",2024,"Toyota","RAV4","LE","[PREMIUM]","[PREMIUM]",57276,"SUV","Silver","BLACK","Four-wheel Drive",,,"Gasoline",,,"dealership","[PREMIUM]","Renton","WA","[PREMIUM]",,"[]",,,"[PREMIUM]"
"6d2c0e30-002a-4595-b62e-2de10df4772d","2026-05-06 23:28:41.043","2026-05-09 23:28:59.736","6d2c0e30-002a-4595-b62e-2de10df4772d","[PREMIUM]","Used",2024,"Volkswagen","Taos","SE","[PREMIUM]","[PREMIUM]",9851,"SUV","Gray","GRAY","Rear-wheel Drive",,,"Gasoline",,,"dealership","[PREMIUM]","Killeen","TX","[PREMIUM]",,"[]",,,"[PREMIUM]"
"2b9050d9-a06e-47b6-a85b-f4d6cf1acfa1","2026-05-06 23:28:41.024","2026-05-06 23:28:41.024","2b9050d9-a06e-47b6-a85b-f4d6cf1acfa1","[PREMIUM]","Used",2024,"Hyundai","ELANTRA","SEL","[PREMIUM]","[PREMIUM]",23493,"Sedan","Gray","GRAY","Rear-wheel Drive",,,"Gasoline",,,"dealership","[PREMIUM]","Smithtown","NY","[PREMIUM]",,"[]",,,"[PREMIUM]"
"3a15e414-9624-45a7-bddd-9c2596d9ec70","2026-05-06 23:28:41.010","2026-05-12 23:29:15.235","3a15e414-9624-45a7-bddd-9c2596d9ec70","[PREMIUM]","Used",2024,"Nissan","Kicks","S","[PREMIUM]","[PREMIUM]",7523,"SUV","Gray","BLACK","Rear-wheel Drive",,,"Gasoline",,,"dealership","[PREMIUM]","Houston","TX","[PREMIUM]",,"[]",,,"[PREMIUM]"
"d0d7328b-57c2-45ca-8bad-f45811ceedf2","2026-05-06 23:28:41.001","2026-05-09 23:28:59.575","d0d7328b-57c2-45ca-8bad-f45811ceedf2","[PREMIUM]","Used",2024,"Volkswagen","Tiguan","SE","[PREMIUM]","[PREMIUM]",38554,"SUV","Black","BLACK","Rear-wheel Drive",,,"Gasoline",,,"dealership","[PREMIUM]","Franklin","TN","[PREMIUM]",,"[]",,,"[PREMIUM]"
"113a10bb-9fc4-4a5c-9e59-49fc8285141a","2026-05-06 23:28:40.999","2026-05-09 23:28:59.227","113a10bb-9fc4-4a5c-9e59-49fc8285141a","[PREMIUM]","Used",2024,"Kia","Forte","GT-Line","[PREMIUM]","[PREMIUM]",28494,"Sedan","Gray","BLACK","Rear-wheel Drive",,,"Gasoline",,,"dealership","[PREMIUM]","Nashville","TN","[PREMIUM]",,"[]",,,"[PREMIUM]"
"80347c61-63e4-4da6-a4b4-9ecad26390c9","2026-05-06 23:28:40.999","2026-05-06 23:28:40.999","80347c61-63e4-4da6-a4b4-9ecad26390c9","[PREMIUM]","Used",2024,"Mitsubishi","Eclipse Cross","ES","[PREMIUM]","[PREMIUM]",6570,"SUV","Black","BLACK","Four-wheel Drive",,,"Gasoline",,,"dealership","[PREMIUM]","Gainesville","FL","[PREMIUM]",,"[]",,,"[PREMIUM]"
"6e38379a-3eb7-4c0a-92af-76f50f235165","2026-05-06 23:28:40.992","2026-05-09 23:28:59.310","6e38379a-3eb7-4c0a-92af-76f50f235165","[PREMIUM]","Used",2024,"MINI","Hardtop",,"[PREMIUM]","[PREMIUM]",22848,"Hatchback","White","BLACK","Rear-wheel Drive",,,"Gasoline",,,"dealership","[PREMIUM]","Clermont","FL","[PREMIUM]",,"[]",,,"[PREMIUM]"
"659dfece-8987-4aae-a844-a87d79a4fd6a","2026-05-06 23:28:40.988","2026-05-09 23:28:59.417","659dfece-8987-4aae-a844-a87d79a4fd6a","[PREMIUM]","Used",2024,"Buick","Encore GX","Avenir","[PREMIUM]","[PREMIUM]",39322,"SUV","Gray","GRAY","Rear-wheel Drive",,,"Gasoline",,,"dealership","[PREMIUM]","Raleigh","NC","[PREMIUM]",,"[]",,,"[PREMIUM]"
"4c1d12a0-c322-496e-a1df-fae48ab8be45","2026-05-06 23:28:40.980","2026-05-09 23:28:59.403","4c1d12a0-c322-496e-a1df-fae48ab8be45","[PREMIUM]","Used",2024,"Volkswagen","Jetta","Sport","[PREMIUM]","[PREMIUM]",13284,"Sedan","Gray","BLACK","Rear-wheel Drive",,,"Gasoline",,,"dealership","[PREMIUM]","Norco","CA","[PREMIUM]",,"[]",,,"[PREMIUM]"
"a6f18ae7-a07a-4f42-b481-6afa8a205420","2026-05-06 23:28:40.976","2026-05-06 23:28:40.976","a6f18ae7-a07a-4f42-b481-6afa8a205420","[PREMIUM]","Used",2024,"Toyota","Corolla","LE","[PREMIUM]","[PREMIUM]",11095,"Sedan","Gray","BLACK","Rear-wheel Drive",,,"Gasoline",,,"dealership","[PREMIUM]","Fresno","CA","[PREMIUM]",,"[]",,,"[PREMIUM]"
"6f6bf252-f5eb-401d-a5e4-c0dbd311344c","2026-05-06 23:28:40.960","2026-05-09 23:28:59.259","6f6bf252-f5eb-401d-a5e4-c0dbd311344c","[PREMIUM]","Used",2024,"BMW","228 Gran Coupe","I xDrive Gran Coupe","[PREMIUM]","[PREMIUM]",53474,"Sedan","White","BLACK","Four-wheel Drive",,,"Gasoline",,,"dealership","[PREMIUM]","Palmdale","CA","[PREMIUM]",,"[]",,,"[PREMIUM]"
"aded334e-1aa5-4c8b-b370-e63065cc362c","2026-05-06 23:28:40.955","2026-05-06 23:28:40.955","aded334e-1aa5-4c8b-b370-e63065cc362c","[PREMIUM]","Used",2024,"Volkswagen","Jetta","Sport","[PREMIUM]","[PREMIUM]",16536,"Sedan","White","BLACK","Rear-wheel Drive",,,"Gasoline",,,"dealership","[PREMIUM]","El Paso","TX","[PREMIUM]",,"[]",,,"[PREMIUM]"
"4bd3e4ba-b9a6-49db-aca5-4c6206e31d68","2026-05-06 23:28:10.757","2026-05-06 23:28:10.757","4bd3e4ba-b9a6-49db-aca5-4c6206e31d68","[PREMIUM]","Used",2025,"Kia","K4","EX","[PREMIUM]","[PREMIUM]",6699,"Sedan","Currant Red","Gray","Front-wheel Drive",,,"Gasoline",,,"dealership","[PREMIUM]","Olathe","KS","[PREMIUM]",,"[]",,,"[PREMIUM]"
"b27eb1bf-b152-475e-9610-820ad4de4264","2026-05-06 23:28:00.609","2026-05-06 23:28:00.609","b27eb1bf-b152-475e-9610-820ad4de4264","[PREMIUM]","Used",2025,"Subaru","Legacy","Premium","[PREMIUM]","[PREMIUM]",10611,"Sedan","Ice Silver Metallic","Slate Black","All-wheel Drive",,,"Gasoline",,,"dealership","[PREMIUM]","Albany","CA","[PREMIUM]",,"[]",,,"[PREMIUM]"
"729087a7-2e27-4d46-9d50-a8f663c19cc1","2026-05-06 23:27:40.440","2026-05-06 23:27:40.440","729087a7-2e27-4d46-9d50-a8f663c19cc1","[PREMIUM]","Used",2025,"Chevrolet","Trax","1RS","[PREMIUM]","[PREMIUM]",8715,"SUV","Summit White","Jet Black","Front-wheel Drive",,,"E85 Flex Fuel",,,"dealership","[PREMIUM]","Cincinnati","OH","[PREMIUM]",,"[]",,,"[PREMIUM]"
"2ecd3c49-50b8-48f6-acfd-846f69f5a995","2026-05-06 23:27:40.392","2026-05-06 23:27:40.392","2ecd3c49-50b8-48f6-acfd-846f69f5a995","[PREMIUM]","New",2025,"Kia","K4","LXS","[PREMIUM]","[PREMIUM]",12,"Sedan","Snow White Pearl","Gray","Front-wheel Drive",,,"Gasoline",,,"dealership","[PREMIUM]","St. Louis","MO","[PREMIUM]",,"[]",,,"[PREMIUM]"
"baf478c7-0f74-43ea-8c40-f174a7c1761f","2026-05-06 23:27:40.348","2026-05-06 23:27:40.348","baf478c7-0f74-43ea-8c40-f174a7c1761f","[PREMIUM]","Used",2025,"Mitsubishi","Outlander","SE 2.5 2WD","[PREMIUM]","[PREMIUM]",32577,"SUV","White Diamond","Black","Front-wheel Drive",,,"Gasoline",,,"dealership","[PREMIUM]","HOUSTON","TX","[PREMIUM]",,"[]",,,"[PREMIUM]"
"9e4d3027-3454-4711-a42c-bc0c0cd4e217","2026-05-06 23:27:40.341","2026-05-06 23:27:40.341","9e4d3027-3454-4711-a42c-bc0c0cd4e217","[PREMIUM]","Used",2025,"Nissan","Altima","2.5 SV","[PREMIUM]","[PREMIUM]",40268,"Sedan","Gun Metallic","Charcoal","Front-wheel Drive",,,"Gasoline",,,"dealership","[PREMIUM]","Laurel","MD","[PREMIUM]",,"[]",,,"[PREMIUM]"
"58830aa7-2da5-496a-b629-8f70b7bd2f21","2026-05-06 23:27:40.334","2026-05-06 23:27:40.334","58830aa7-2da5-496a-b629-8f70b7bd2f21","[PREMIUM]","Used",2025,"Kia","Seltos","S","[PREMIUM]","[PREMIUM]",4200,"SUV","Mars Orange","Black","All-wheel Drive",,,"Gasoline",,,"dealership","[PREMIUM]","Ottawa","IL","[PREMIUM]",,"[]",,,"[PREMIUM]"
"4199a641-7a01-447d-8717-85bac9e08fe8","2026-05-06 23:27:30.567","2026-05-06 23:27:30.567","4199a641-7a01-447d-8717-85bac9e08fe8","[PREMIUM]","Used",2025,"Ford","Escape","Active","[PREMIUM]","[PREMIUM]",28064,"SUV","Gray Metallic","Ebony","Front-wheel Drive",,,"Gasoline",,,"dealership","[PREMIUM]","Salem","OH","[PREMIUM]",,"[]",,,"[PREMIUM]"
"83ccd350-4e5a-4fd5-8a20-f6c0cd52ebfb","2026-05-06 23:27:30.302","2026-05-09 23:27:47.820","83ccd350-4e5a-4fd5-8a20-f6c0cd52ebfb","[PREMIUM]","Used",2025,"Nissan","Rogue","SV","[PREMIUM]","[PREMIUM]",11708,"SUV","Brilliant Silver Metallic","charcoal","All-wheel Drive",,,"Gasoline",,,"dealership","[PREMIUM]","South Jordan","UT","[PREMIUM]",,"[]",,,"[PREMIUM]"
"28c18efe-b6b4-42bc-afab-7b17e627e7a5","2026-05-06 23:27:30.273","2026-05-06 23:27:30.273","28c18efe-b6b4-42bc-afab-7b17e627e7a5","[PREMIUM]","Used",2025,"Kia","K4","LXS","[PREMIUM]","[PREMIUM]",33929,"Sedan","Aurora Black Pearl","Gray","Front-wheel Drive",,,"Gasoline",,,"dealership","[PREMIUM]","Downey","CA","[PREMIUM]",,"[]",,,"[PREMIUM]"
"987c46a3-ad60-429f-bf35-121d6be65fda","2026-05-06 23:27:30.273","2026-05-06 23:27:30.273","987c46a3-ad60-429f-bf35-121d6be65fda","[PREMIUM]","Used",2025,"Hyundai","TUCSON","SEL","[PREMIUM]","[PREMIUM]",38617,"SUV","Phantom Black","Gray","Front-wheel Drive",,,"Gasoline",,,"dealership","[PREMIUM]","Grand Prairie","TX","[PREMIUM]",,"[]",,,"[PREMIUM]"
"da090b26-b8de-4450-b862-83c9467bd203","2026-05-06 23:27:30.222","2026-05-06 23:27:30.222","da090b26-b8de-4450-b862-83c9467bd203","[PREMIUM]","Used",2025,"Nissan","Kicks","SV","[PREMIUM]","[PREMIUM]",15585,"SUV","Gun Metallic","Charcoal","All-wheel Drive",,,"Gasoline",,,"dealership","[PREMIUM]","Albany","NY","[PREMIUM]",,"[]",,,"[PREMIUM]"
"49a114d3-d4f1-4e91-b7e9-821208ea45a4","2026-05-06 23:27:30.218","2026-05-06 23:27:30.218","49a114d3-d4f1-4e91-b7e9-821208ea45a4","[PREMIUM]","Used",2025,"Volkswagen","Taos","1.5T S","[PREMIUM]","[PREMIUM]",6606,"SUV","White","Gray/Black","All-wheel Drive",,,"Gasoline",,,"dealership","[PREMIUM]","Westerville","OH","[PREMIUM]",,"[]",,,"[PREMIUM]"
"67913c6b-0d21-4225-88c7-485b57833f69","2026-05-06 23:27:30.209","2026-05-09 23:27:48.397","67913c6b-0d21-4225-88c7-485b57833f69","[PREMIUM]","Used",2025,"Chevrolet","Trax","1RS","[PREMIUM]","[PREMIUM]",10978,"SUV","White","BLACK","Rear-wheel Drive",,,"E85 Flex Fuel",,,"dealership","[PREMIUM]","Beaverton","OR","[PREMIUM]",,"[]",,,"[PREMIUM]"
"f1d16804-8733-43ce-8659-03de871434fc","2026-05-06 23:27:30.206","2026-05-06 23:27:30.206","f1d16804-8733-43ce-8659-03de871434fc","[PREMIUM]","Used",2025,"Toyota","Corolla","LE","[PREMIUM]","[PREMIUM]",1334,"Sedan","Celestite","Light Gray","Front-wheel Drive",,,"Gasoline",,,"dealership","[PREMIUM]","Louisville","KY","[PREMIUM]",,"[]",,,"[PREMIUM]"
"9bebe98e-2cae-4426-a356-5057823f24a5","2026-05-06 23:27:30.199","2026-05-09 23:27:47.768","9bebe98e-2cae-4426-a356-5057823f24a5","[PREMIUM]","Used",2025,"Volkswagen","Jetta","1.5T S","[PREMIUM]","[PREMIUM]",6370,"Sedan","Pure White","Gone","Front-wheel Drive",,,"Gasoline",,,"dealership","[PREMIUM]","Redlands","CA","[PREMIUM]",,"[]",,,"[PREMIUM]"
"556bbe34-e971-4124-8ad6-2c4bb79fd83e","2026-05-06 23:27:30.192","2026-05-06 23:27:30.192","556bbe34-e971-4124-8ad6-2c4bb79fd83e","[PREMIUM]","Used",2025,"Chevrolet","Trailblazer","LT","[PREMIUM]","[PREMIUM]",13576,"SUV","Gray","BLACK","Rear-wheel Drive",,,"Gasoline",,,"dealership","[PREMIUM]","Stockton","CA","[PREMIUM]",,"[]",,,"[PREMIUM]"
"23a8ea36-27d8-4963-940f-629decad43fd","2026-05-06 23:27:30.185","2026-05-06 23:27:30.185","23a8ea36-27d8-4963-940f-629decad43fd","[PREMIUM]","Used",2025,"Nissan","Kicks","SV","[PREMIUM]","[PREMIUM]",7000,"SUV","White","BLACK","Four-wheel Drive",,,"Gasoline",,,"dealership","[PREMIUM]","Santa Fe","NM","[PREMIUM]",,"[]",,,"[PREMIUM]"
"de831c76-6129-4d37-a927-5f3471229693","2026-05-06 23:27:30.177","2026-05-06 23:27:30.177","de831c76-6129-4d37-a927-5f3471229693","[PREMIUM]","Used",2025,"Kia","Seltos","S","[PREMIUM]","[PREMIUM]",3780,"SUV","Fusion Black","Black","All-wheel Drive",,,"Gasoline",,,"dealership","[PREMIUM]","Ottawa","IL","[PREMIUM]",,"[]",,,"[PREMIUM]"
"ded69a29-cfc3-45ed-88e3-66d5d6ec5479","2026-05-06 23:27:30.159","2026-05-06 23:27:30.159","ded69a29-cfc3-45ed-88e3-66d5d6ec5479","[PREMIUM]","Used",2025,"Volkswagen","Jetta","Sport","[PREMIUM]","[PREMIUM]",27605,"Sedan","Gray","GRAY","2WD",,,"Gas",,,"dealership","[PREMIUM]","Lithia Springs","GA","[PREMIUM]",,"[]",,,"[PREMIUM]"
"beea3e3b-531f-4d9d-842f-e71dfd4da69f","2026-05-06 23:27:09.723","2026-05-06 23:27:09.723","beea3e3b-531f-4d9d-842f-e71dfd4da69f","[PREMIUM]","Used",2025,"Hyundai","SONATA","SEL","[PREMIUM]","[PREMIUM]",28984,"Sedan","White","BLACK","2WD",,,"Gas",,,"dealership","[PREMIUM]","Huntsville","AL","[PREMIUM]",,"[]",,,"[PREMIUM]"
"9accd683-81ea-444e-b748-40536fdecb86","2026-05-06 23:27:09.696","2026-05-06 23:27:09.696","9accd683-81ea-444e-b748-40536fdecb86","[PREMIUM]","Used",2025,"Toyota","Corolla","LE","[PREMIUM]","[PREMIUM]",6457,"Sedan","Black","GRAY","2WD",,,"Gas",,,"dealership","[PREMIUM]","Austin","TX","[PREMIUM]",,"[]",,,"[PREMIUM]"
"11e7cced-828f-44c5-942a-410a1d4c56af","2026-05-06 23:27:09.689","2026-05-06 23:27:09.689","11e7cced-828f-44c5-942a-410a1d4c56af","[PREMIUM]","Used",2025,"Chevrolet","Trax","Activ","[PREMIUM]","[PREMIUM]",14078,"SUV","Gray","BLACK","Rear-wheel Drive",,,"E85 Flex Fuel",,,"dealership","[PREMIUM]","St. Louis","MO","[PREMIUM]",,"[]",,,"[PREMIUM]"
"8d2d92fb-702c-4fb9-88f0-e9561ce34c8f","2026-05-06 23:27:09.681","2026-05-06 23:27:09.681","8d2d92fb-702c-4fb9-88f0-e9561ce34c8f","[PREMIUM]","Used",2025,"Kia","Sportage","LX","[PREMIUM]","[PREMIUM]",36123,"SUV","White","BLACK","2WD",,,"Gas",,,"dealership","[PREMIUM]","Fort Worth","TX","[PREMIUM]",,"[]",,,"[PREMIUM]"
"d9014d87-20fa-4081-a29e-e9cd5a2cc52e","2026-05-06 23:27:09.651","2026-05-09 23:27:17.603","d9014d87-20fa-4081-a29e-e9cd5a2cc52e","[PREMIUM]","Used",2025,"Volkswagen","Jetta","Sport","[PREMIUM]","[PREMIUM]",13101,"Sedan","Gray","BLACK","Rear-wheel Drive",,,"Gasoline",,,"dealership","[PREMIUM]","Independence","MO","[PREMIUM]",,"[]",,,"[PREMIUM]"
"a3bb54b7-3f2c-453f-bd6f-98b89165b750","2026-05-06 23:26:49.776","2026-05-06 23:26:49.776","a3bb54b7-3f2c-453f-bd6f-98b89165b750","[PREMIUM]","New",2026,"Kia","K4","LXS","[PREMIUM]","[PREMIUM]",5,"Sedan","DM4/","Gray","Front-wheel Drive",,,"Gasoline",,,"dealership","[PREMIUM]","Houston","TX","[PREMIUM]",,"[]",,,"[PREMIUM]"
"3288a63f-7cfd-4aab-b643-67b1f450ce91","2026-05-06 23:26:49.462","2026-05-06 23:26:49.462","3288a63f-7cfd-4aab-b643-67b1f450ce91","[PREMIUM]","Used",2025,"Kia","Sportage","LX","[PREMIUM]","[PREMIUM]",17915,"SUV","White","BLACK","Rear-wheel Drive",,,"Gasoline",,,"dealership","[PREMIUM]","Manchester","NH","[PREMIUM]",,"[]",,,"[PREMIUM]"
"fad1e4c5-ed6f-4ff0-b83e-c90ec09f722e","2026-05-06 23:26:49.419","2026-05-09 23:26:57.270","fad1e4c5-ed6f-4ff0-b83e-c90ec09f722e","[PREMIUM]","New",2026,"Honda","Civic","LX","[PREMIUM]","[PREMIUM]",15,"Sedan","Rallye Red","Black","Front-wheel Drive",,,"Gasoline",,,"dealership","[PREMIUM]","Arlington","TX","[PREMIUM]",,"[]",,,"[PREMIUM]"
"a4895cb4-48ec-4aff-b6e6-6155ed661a0a","2026-05-06 23:26:49.397","2026-05-06 23:26:49.397","a4895cb4-48ec-4aff-b6e6-6155ed661a0a","[PREMIUM]","Used",2025,"Hyundai","SONATA","SEL","[PREMIUM]","[PREMIUM]",24927,"Sedan","Silver","BLACK","Rear-wheel Drive",,,"Gasoline",,,"dealership","[PREMIUM]","Raleigh","NC","[PREMIUM]",,"[]",,,"[PREMIUM]"
"ee54280a-5d37-47d8-8c12-f89eb9af0b95","2026-05-06 23:26:49.396","2026-05-06 23:26:49.396","ee54280a-5d37-47d8-8c12-f89eb9af0b95","[PREMIUM]","Used",2025,"Kia","Seltos","S","[PREMIUM]","[PREMIUM]",25085,"SUV","Gray","BLACK","2WD",,,"Gas",,,"dealership","[PREMIUM]","Gilbert","AZ","[PREMIUM]",,"[]",,,"[PREMIUM]"
"a9655599-4c4b-4975-b9e3-2416aa6829c7","2026-05-06 23:26:49.392","2026-05-06 23:26:49.392","a9655599-4c4b-4975-b9e3-2416aa6829c7","[PREMIUM]","Used",2025,"Hyundai","SONATA","SEL","[PREMIUM]","[PREMIUM]",20097,"Sedan","Gray","BLACK","2WD",,,"Gas",,,"dealership","[PREMIUM]","Oxnard","CA","[PREMIUM]",,"[]",,,"[PREMIUM]"
"a57ce9cc-7c33-4095-958c-699168a0d1de","2026-05-06 23:26:49.383","2026-05-06 23:26:49.383","a57ce9cc-7c33-4095-958c-699168a0d1de","[PREMIUM]","New",2026,"Nissan","Kicks","S","[PREMIUM]","[PREMIUM]",11,"SUV","Fresh Powder","Charcoal","Front-wheel Drive",,,"Gasoline",,,"dealership","[PREMIUM]","Grapevine","TX","[PREMIUM]",,"[]",,,"[PREMIUM]"
"132765ec-152c-4c0b-b9bd-5e4f2cd0e413","2026-05-06 23:26:49.377","2026-05-09 23:26:57.297","132765ec-152c-4c0b-b9bd-5e4f2cd0e413","[PREMIUM]","Used",2025,"Jeep","Compass","Trailhawk","[PREMIUM]","[PREMIUM]",25462,"SUV","White","BLUE","Four-wheel Drive",,,"Gasoline",,,"dealership","[PREMIUM]","Katy","TX","[PREMIUM]",,"[]",,,"[PREMIUM]"
"eb655861-8c7e-433a-a7a1-07014d35dac4","2026-05-06 23:26:39.521","2026-05-09 23:26:47.155","eb655861-8c7e-433a-a7a1-07014d35dac4","[PREMIUM]","New",2026,"Hyundai","ELANTRA","SE","[PREMIUM]","[PREMIUM]",5,"Sedan","Abyss Black","Gray","Front-wheel Drive",,,"Gasoline",,,"dealership","[PREMIUM]","Chicago","IL","[PREMIUM]",,"[]",,,"[PREMIUM]"
"ae8a88c7-1f36-480d-80e2-cb5c29a7add9","2026-05-06 23:26:39.286","2026-05-09 23:26:47.045","ae8a88c7-1f36-480d-80e2-cb5c29a7add9","[PREMIUM]","New",2026,"Volkswagen","Jetta","1.5T S","[PREMIUM]","[PREMIUM]",11,"Sedan","Platinum Gray","Titan Black","Front-wheel Drive",,,"Gasoline",,,"dealership","[PREMIUM]","Hawthorne","CA","[PREMIUM]",,"[]",,,"[PREMIUM]"
"5eb806c9-6c4c-4f66-9d12-3259684b6c8a","2026-05-06 23:26:39.222","2026-05-06 23:26:39.222","5eb806c9-6c4c-4f66-9d12-3259684b6c8a","[PREMIUM]","New",2026,"Toyota","Corolla","LE","[PREMIUM]","[PREMIUM]",0,"Sedan","Ice Cap","Black Fabric","Front-wheel Drive",,,"Gasoline",,,"dealership","[PREMIUM]","Waterford","MI","[PREMIUM]",,"[]",,,"[PREMIUM]"
"49e2ba20-ae34-4ab5-9cb2-da6e4ba3b478","2026-05-06 23:26:39.192","2026-05-06 23:26:39.192","49e2ba20-ae34-4ab5-9cb2-da6e4ba3b478","[PREMIUM]","New",2026,"Kia","K4","LXS","[PREMIUM]","[PREMIUM]",5,"Sedan","Snow White Pearl","Gray","Front-wheel Drive",,,"Gasoline",,,"dealership","[PREMIUM]","Houston","TX","[PREMIUM]",,"[]",,,"[PREMIUM]"
"973a0d52-d5f1-4e32-b28a-145ddc92f6cd","2026-05-06 23:26:39.192","2026-05-09 23:26:47.163","973a0d52-d5f1-4e32-b28a-145ddc92f6cd","[PREMIUM]","New",2026,"Nissan","Sentra","SV","[PREMIUM]","[PREMIUM]",2,"Sedan","Fresh Powder","Charcoal","Front-wheel Drive",,,"Gasoline",,,"dealership","[PREMIUM]","Phoenix","AZ","[PREMIUM]",,"[]",,,"[PREMIUM]"
"c12ec26a-08b0-4311-acbb-c7fd2c1180c0","2026-05-06 23:26:39.147","2026-05-06 23:26:39.147","c12ec26a-08b0-4311-acbb-c7fd2c1180c0","[PREMIUM]","New",2026,"Toyota","Corolla","LE","[PREMIUM]","[PREMIUM]",0,"Sedan","Classic Silver Metallic","Black","Front-wheel Drive",,,"Gasoline",,,"dealership","[PREMIUM]","Sanford","FL","[PREMIUM]",,"[]",,,"[PREMIUM]"
"82915730-a02c-4df0-becb-f9f49f2df356","2026-05-06 23:26:29.315","2026-05-06 23:26:29.315","82915730-a02c-4df0-becb-f9f49f2df356","[PREMIUM]","New",2026,"Kia","K4","LXS","[PREMIUM]","[PREMIUM]",10,"Sedan","Morning Haze","Black","Front-wheel Drive",,,"Gasoline",,,"dealership","[PREMIUM]","Las Vegas","NV","[PREMIUM]",,"[]",,,"[PREMIUM]"
"7bec3c2d-1e6f-4594-bc4b-ca67b049da74","2026-05-06 23:26:29.086","2026-05-09 23:26:47.071","7bec3c2d-1e6f-4594-bc4b-ca67b049da74","[PREMIUM]","New",2026,"Toyota","Corolla","LE","[PREMIUM]","[PREMIUM]",0,"Sedan","Black","Light Gray Fabric","Front-wheel Drive",,,"Gasoline",,,"dealership","[PREMIUM]","Danvers","MA","[PREMIUM]",,"[]",,,"[PREMIUM]"
"033cd2d4-70f6-49e0-9e5b-8508904027ce","2026-05-06 23:26:29.085","2026-05-06 23:26:29.085","033cd2d4-70f6-49e0-9e5b-8508904027ce","[PREMIUM]","New",2026,"Chevrolet","Trax","FWD ACTIV","[PREMIUM]","[PREMIUM]",2,"SUV","White Sands","Jet Black w/Artemis Accents","Front-wheel Drive",,,"Gasoline",,,"dealership","[PREMIUM]","McKinney","TX","[PREMIUM]",,"[]",,,"[PREMIUM]"
"d2660adf-4599-4496-9476-4b243c437dac","2026-05-06 23:26:29.064","2026-05-06 23:26:29.064","d2660adf-4599-4496-9476-4b243c437dac","[PREMIUM]","New",2026,"Volkswagen","Jetta","1.4T S","[PREMIUM]","[PREMIUM]",127,"Sedan","Deep Black Pearl",,"Front-wheel Drive",,,"Gasoline",,,"dealership","[PREMIUM]","Louisville","KY","[PREMIUM]",,"[]",,,"[PREMIUM]"
"141b961e-a693-482e-b8c2-3c319900b96c","2026-05-06 23:26:29.031","2026-05-06 23:26:29.031","141b961e-a693-482e-b8c2-3c319900b96c","[PREMIUM]","New",2026,"Kia","K4","LXS","[PREMIUM]","[PREMIUM]",10,"Sedan","Gray","Black","Front-wheel Drive",,,"Gasoline",,,"dealership","[PREMIUM]","Las Vegas","NV","[PREMIUM]",,"[]",,,"[PREMIUM]"
"2d53ef2e-e867-4fe5-a2d9-5e266a08e9d3","2026-05-06 23:26:29.018","2026-05-06 23:26:29.018","2d53ef2e-e867-4fe5-a2d9-5e266a08e9d3","[PREMIUM]","New",2026,"Chevrolet","Trax","LT","[PREMIUM]","[PREMIUM]",2,"SUV","Summit White","Jet Black w/Blue Accents","Front-wheel Drive",,,"Gasoline",,,"dealership","[PREMIUM]","McKinney","TX","[PREMIUM]",,"[]",,,"[PREMIUM]"
"23f89f21-7c86-4316-85cb-76de3598ad99","2026-05-06 23:26:29.015","2026-05-06 23:26:29.015","23f89f21-7c86-4316-85cb-76de3598ad99","[PREMIUM]","New",2026,"Toyota","Corolla","LE","[PREMIUM]","[PREMIUM]",0,"Sedan","Celestite","Black","Front-wheel Drive",,,"Gasoline",,,"dealership","[PREMIUM]","St Charles","IL","[PREMIUM]",,"[]",,,"[PREMIUM]"
"7a2b8873-5949-4bcc-9a65-ba1e76d9ed65","2026-05-06 23:26:29.011","2026-05-09 23:26:47.284","7a2b8873-5949-4bcc-9a65-ba1e76d9ed65","[PREMIUM]","New",2026,"Kia","K4","LXS","[PREMIUM]","[PREMIUM]",10,"Sedan","Snow White Pearl","Gray","Front-wheel Drive",,,"Gasoline",,,"dealership","[PREMIUM]","Rochester","NY","[PREMIUM]",,"[]",,,"[PREMIUM]"
"1e0f91fa-d816-4970-bafa-213a55c45eeb","2026-05-06 23:26:28.999","2026-05-09 23:26:57.362","1e0f91fa-d816-4970-bafa-213a55c45eeb","[PREMIUM]","New",2026,"Toyota","Corolla","LE","[PREMIUM]","[PREMIUM]",0,"Sedan","Black","Black Fabric","Front-wheel Drive",,,"Gasoline",,,"dealership","[PREMIUM]","Danvers","MA","[PREMIUM]",,"[]",,,"[PREMIUM]"
"de493558-c4c5-429d-b3ca-caa4406b15fe","2026-05-06 23:26:28.997","2026-05-06 23:26:28.997","de493558-c4c5-429d-b3ca-caa4406b15fe","[PREMIUM]","New",2026,"Kia","K4","GT-LINE","[PREMIUM]","[PREMIUM]",10,"Sedan",,,"FWD",,,"Gasoline",,,"dealership","[PREMIUM]","Libertyville","IL","[PREMIUM]",,"[]",,,"[PREMIUM]"
"c30799e7-5658-4aa6-b58f-c72dd475eb9b","2026-05-06 23:26:28.989","2026-05-06 23:26:28.989","c30799e7-5658-4aa6-b58f-c72dd475eb9b","[PREMIUM]","New",2026,"Chevrolet","Trax","LT","[PREMIUM]","[PREMIUM]",5,"SUV","Mosaic Black Metallic","Jet Black w/Blue Accents","Front-wheel Drive",,,"Gasoline",,,"dealership","[PREMIUM]","Marion","OH","[PREMIUM]",,"[]",,,"[PREMIUM]"
"31a8b7c0-ae28-4d0a-a957-44e996bacd40","2026-05-06 23:26:28.982","2026-05-06 23:26:28.982","31a8b7c0-ae28-4d0a-a957-44e996bacd40","[PREMIUM]","New",2026,"Volkswagen","Jetta","1.4T S","[PREMIUM]","[PREMIUM]",2,"Sedan","Deep Black","Titan Black w/Molekular Inserts","Front-wheel Drive",,,"Gasoline",,,"dealership","[PREMIUM]","Tampa","FL","[PREMIUM]",,"[]",,,"[PREMIUM]"
"0243d9df-7775-475d-9526-0db5ec6f6537","2026-05-06 23:26:28.976","2026-05-09 23:26:47.301","0243d9df-7775-475d-9526-0db5ec6f6537","[PREMIUM]","New",2026,"Toyota","Corolla","LE","[PREMIUM]","[PREMIUM]",0,"Sedan","Black","Black Fabric","Front-wheel Drive",,,"Gasoline",,,"dealership","[PREMIUM]","Danvers","MA","[PREMIUM]",,"[]",,,"[PREMIUM]"
"6591dff4-5d35-4668-bd64-69ba0f891fac","2026-05-06 23:26:28.953","2026-05-06 23:26:28.953","6591dff4-5d35-4668-bd64-69ba0f891fac","[PREMIUM]","New",2026,"Hyundai","ELANTRA","Sport","[PREMIUM]","[PREMIUM]",3807,"Sedan","Ecotronic Gray","Black","Front-wheel Drive",,,"Gasoline",,,"dealership","[PREMIUM]","Columbus","OH","[PREMIUM]",,"[]",,,"[PREMIUM]"
"294a6dbf-9305-4a9d-b894-29c5041ac147","2026-05-06 23:26:28.939","2026-05-06 23:26:28.939","294a6dbf-9305-4a9d-b894-29c5041ac147","[PREMIUM]","New",2026,"Nissan","Sentra","SV","[PREMIUM]","[PREMIUM]",10,"Sedan","Super Black","Charcoal","Front-wheel Drive",,,"Gasoline",,,"dealership","[PREMIUM]","Hasbrouck Heights","NJ","[PREMIUM]",,"[]",,,"[PREMIUM]"
"0a06d39a-d051-4c6b-a473-a450a6ddcd35","2026-05-06 23:26:18.440","2026-05-06 23:26:18.440","0a06d39a-d051-4c6b-a473-a450a6ddcd35","[PREMIUM]","New",2026,"Chevrolet","Trax","LT","[PREMIUM]","[PREMIUM]",0,"SUV","Cypress","Jet Black With Blue Accents","Front-wheel Drive",,,"Gasoline",,,"dealership","[PREMIUM]","Tallmadge","OH","[PREMIUM]",,"[]",,,"[PREMIUM]"
"e1aab840-59a5-4a3a-b2b2-d7eecad44d1c","2026-05-06 23:26:18.416","2026-05-06 23:26:18.416","e1aab840-59a5-4a3a-b2b2-d7eecad44d1c","[PREMIUM]","New",2026,"Chevrolet","Trax","LT","[PREMIUM]","[PREMIUM]",6,"SUV","Summit White","Jet Black w/Blue Accents","Front-wheel Drive",,,"Gasoline",,,"dealership","[PREMIUM]","Richardson","TX","[PREMIUM]",,"[]",,,"[PREMIUM]"
"2c181cad-5a33-45f9-8852-1d128a274623","2026-05-06 23:26:18.391","2026-05-06 23:26:18.391","2c181cad-5a33-45f9-8852-1d128a274623","[PREMIUM]","New",2026,"Kia","K4","EX","[PREMIUM]","[PREMIUM]",10,"Sedan","Interstellar Gr","Black","Front-wheel Drive",,,"Gasoline",,,"dealership","[PREMIUM]","Mesa","AZ","[PREMIUM]",,"[]",,,"[PREMIUM]"
"f6f6d548-e594-427e-a554-98c82066f3a5","2026-05-06 23:26:18.357","2026-05-06 23:26:18.357","f6f6d548-e594-427e-a554-98c82066f3a5","[PREMIUM]","New",2026,"Volkswagen","Jetta","1.4T S","[PREMIUM]","[PREMIUM]",11,"Sedan","Deep Black Pearl","Titan Black w/Cloth Seat Trim","Front Wheel Drive",,,"Regular unleaded",,,"dealership","[PREMIUM]","Westerville","OH","[PREMIUM]",,"[]",,,"[PREMIUM]"
"3075303b-48cd-4f20-95f4-ca6a1e9a5036","2026-05-06 23:26:18.313","2026-05-06 23:26:18.313","3075303b-48cd-4f20-95f4-ca6a1e9a5036","[PREMIUM]","New",2026,"Kia","K4","LXS","[PREMIUM]","[PREMIUM]",40,"Sedan","Morning Haze","Gray","Front-wheel Drive",,,"Gasoline",,,"dealership","[PREMIUM]","Riverside","CA","[PREMIUM]",,"[]",,,"[PREMIUM]"
"54d7bc5b-c1dc-4dd2-b459-19d97f43953d","2026-05-06 23:26:18.296","2026-05-06 23:26:18.296","54d7bc5b-c1dc-4dd2-b459-19d97f43953d","[PREMIUM]","New",2026,"Mazda","CX-30","2.5 S","[PREMIUM]","[PREMIUM]",,"SUV","Jet Black Mica","Black/Black","All-wheel Drive",,,"Gasoline",,,"dealership","[PREMIUM]","Savannah","GA","[PREMIUM]",,"[]",,,"[PREMIUM]"
"458f150e-d74a-4426-84f2-b30fc4d4b30f","2026-05-06 23:26:18.295","2026-05-06 23:26:18.295","458f150e-d74a-4426-84f2-b30fc4d4b30f","[PREMIUM]","Used",2026,"Hyundai","VENUE","SEL","[PREMIUM]","[PREMIUM]",1430,"SUV","Silver","BLACK","Rear-wheel Drive",,,"Gasoline",,,"dealership","[PREMIUM]","Tucson","AZ","[PREMIUM]",,"[]",,,"[PREMIUM]"
"b266787c-2d06-47ad-9987-f475134742d7","2026-05-06 23:25:28.024","2026-05-06 23:25:28.024","b266787c-2d06-47ad-9987-f475134742d7","[PREMIUM]","Used",2006,"Toyota","Sienna","XLE Limited","[PREMIUM]","[PREMIUM]",66844,"Passenger Van","Natural White","Stone","Front-wheel Drive",,,"Gasoline",,,"dealership","[PREMIUM]","Troy","MO","[PREMIUM]",,"[]",,,"[PREMIUM]"
"7fcff026-f1d8-4592-aad7-812be9a66374","2026-05-06 23:25:18.019","2026-05-09 23:25:24.059","7fcff026-f1d8-4592-aad7-812be9a66374","[PREMIUM]","Used",2003,"BMW","M3","Base","[PREMIUM]","[PREMIUM]",129201,"Coupe","Carbon Black Metallic","Black","Rear-wheel Drive",,,"Gasoline",,,"dealership","[PREMIUM]","Plainfield","IL","[PREMIUM]",,"[]",,,"[PREMIUM]"
"b4083551-89c5-4c62-a2e9-2022a138d702","2026-05-06 23:25:17.899","2026-05-06 23:25:17.899","b4083551-89c5-4c62-a2e9-2022a138d702","[PREMIUM]","Used",2002,"Chevrolet","Camaro","Z28","[PREMIUM]","[PREMIUM]",30385,"Coupe","Onyx Black","Ebony","Rear-wheel Drive",,,"Gasoline",,,"dealership","[PREMIUM]","Greenville","TX","[PREMIUM]",,"[]",,,"[PREMIUM]"
"a5a6e05b-59ea-4d03-bd73-030c3bea9c56","2026-05-06 23:25:17.894","2026-05-12 23:25:42.835","a5a6e05b-59ea-4d03-bd73-030c3bea9c56","[PREMIUM]","Used",2002,"Porsche","Boxster","S","[PREMIUM]","[PREMIUM]",60102,"Convertible","Black","Black","Rear-wheel Drive",,,"Gasoline",,,"dealership","[PREMIUM]","Anaheim","CA","[PREMIUM]",,"[]",,,"[PREMIUM]"
"c741cbc1-d320-4c74-a5ec-08dfa2ccd468","2026-05-06 23:24:48.085","2026-05-12 23:25:22.581","c741cbc1-d320-4c74-a5ec-08dfa2ccd468","[PREMIUM]","Used",2008,"Toyota","FJ Cruiser","Base","[PREMIUM]","[PREMIUM]",120817,"SUV","Brick","Dark Charcoal","Four-wheel Drive",,,"Gasoline",,,"dealership","[PREMIUM]","Detroit","MI","[PREMIUM]",,"[]",,,"[PREMIUM]"
"a5d1980b-5467-4199-886e-6877cae2286f","2026-05-06 23:24:47.748","2026-05-09 23:25:03.864","a5d1980b-5467-4199-886e-6877cae2286f","[PREMIUM]","Used",2008,"Chevrolet","Express 1500","Base","[PREMIUM]","[PREMIUM]",49461,"Cargo Van","Graystone Metallic","Medium Pewter","All-wheel Drive",,,"Gasoline",,,"dealership","[PREMIUM]","Plainfield","IL","[PREMIUM]",,"[]",,,"[PREMIUM]"
"de78221e-e486-4459-bb11-992134dbdc82","2026-05-06 23:24:27.557","2026-05-06 23:24:27.557","de78221e-e486-4459-bb11-992134dbdc82","[PREMIUM]","Used",2011,"INFINITI","G37","Base","[PREMIUM]","[PREMIUM]",52068,"Convertible","Moonlight White","Stone","Rear-wheel Drive",,,"Gasoline",,,"dealership","[PREMIUM]","Plainfield","IL","[PREMIUM]",,"[]",,,"[PREMIUM]"
"b68902f2-c2be-4ecc-b722-b8b6d246734e","2026-05-06 23:24:27.543","2026-05-06 23:24:27.543","b68902f2-c2be-4ecc-b722-b8b6d246734e","[PREMIUM]","Used",2011,"Chevrolet","Tahoe","LTZ","[PREMIUM]","[PREMIUM]",132443,"SUV","Black","Light Cashmere","Four-wheel Drive",,,"E85 Flex Fuel",,,"dealership","[PREMIUM]","Duluth","GA","[PREMIUM]",,"[]",,,"[PREMIUM]"
"d51240fa-9258-481b-ae62-7f675f6f59ca","2026-05-06 23:24:27.519","2026-05-06 23:24:27.519","d51240fa-9258-481b-ae62-7f675f6f59ca","[PREMIUM]","Used",2010,"Ford","F-350","4WD Crew Cab 156&quot; Lariat","[PREMIUM]","[PREMIUM]",171601,"Truck","Oxford White","Camel","Four-wheel Drive",,,"Diesel",,,"dealership","[PREMIUM]","Charlotte","NC","[PREMIUM]",,"[]",,,"[PREMIUM]"
"afe83789-b4d2-421f-a577-2c4b9d270843","2026-05-06 23:24:27.510","2026-05-06 23:24:27.510","afe83789-b4d2-421f-a577-2c4b9d270843","[PREMIUM]","Used",2011,"Toyota","Tacoma","PreRunner","[PREMIUM]","[PREMIUM]",168910,"Truck","Silver","Graphite","Rear-wheel Drive",,,"Gasoline",,,"dealership","[PREMIUM]","Phoenix","AZ","[PREMIUM]",,"[]",,,"[PREMIUM]"
"c789f35e-94d7-4c96-8e2d-92d56f2b7d05","2026-05-06 23:24:17.350","2026-05-06 23:24:17.350","c789f35e-94d7-4c96-8e2d-92d56f2b7d05","[PREMIUM]","Used",2011,"Toyota","4Runner","SR5","[PREMIUM]","[PREMIUM]",137113,"SUV","Classic Silver Metallic","Black/Graphite","Four-wheel Drive",,,"Gasoline",,,"dealership","[PREMIUM]","Victorville","CA","[PREMIUM]",,"[]",,,"[PREMIUM]"
"ad4d0dde-1c08-48e2-8f50-f128348183a5","2026-05-06 23:23:57.275","2026-05-06 23:23:57.275","ad4d0dde-1c08-48e2-8f50-f128348183a5","[PREMIUM]","Used",2012,"GMC","Yukon","Denali","[PREMIUM]","[PREMIUM]",131677,"SUV","Mocha Steel Metallic","Cocoa/Light Cashmere","All-wheel Drive",,,"E85 Flex Fuel",,,"dealership","[PREMIUM]","Troy","MO","[PREMIUM]",,"[]",,,"[PREMIUM]"
"2bc0aa5f-f669-4b61-925e-ed123a4e4c4e","2026-05-06 23:23:47.198","2026-05-09 23:24:03.465","2bc0aa5f-f669-4b61-925e-ed123a4e4c4e","[PREMIUM]","Used",2013,"Lexus","ES 350","Base","[PREMIUM]","[PREMIUM]",77431,"Sedan","Nebula Gray Pearl","Black","Front-wheel Drive",,,"Gasoline",,,"dealership","[PREMIUM]","Schaumburg","IL","[PREMIUM]",,"[]",,,"[PREMIUM]"
"4713ab61-01b6-41db-b56e-bedcc3d51e90","2026-05-06 23:23:26.998","2026-05-06 23:23:26.998","4713ab61-01b6-41db-b56e-bedcc3d51e90","[PREMIUM]","Used",2013,"Lexus","LS 460","Base","[PREMIUM]","[PREMIUM]",149901,"Sedan","Liquid Platinum","Black","Rear-wheel Drive",,,"Gasoline",,,"dealership","[PREMIUM]","San Antonio","TX","[PREMIUM]",,"[]",,,"[PREMIUM]"
"7f2fe2cc-0e2c-4a4e-8d56-12f29cc8f3f1","2026-05-06 23:23:26.988","2026-05-09 23:23:42.904","7f2fe2cc-0e2c-4a4e-8d56-12f29cc8f3f1","[PREMIUM]","Used",2013,"Toyota","Highlander","Limited","[PREMIUM]","[PREMIUM]",97578,"SUV","Blizzard Pearl","Black","All-wheel Drive",,,"Gasoline",,,"dealership","[PREMIUM]","San Rafael","CA","[PREMIUM]",,"[]",,,"[PREMIUM]"
"44b5fc66-e1f9-40a0-887f-902ba7d7f4cc","2026-05-06 23:23:26.957","2026-05-09 23:23:43.204","44b5fc66-e1f9-40a0-887f-902ba7d7f4cc","[PREMIUM]","Used",2013,"Jeep","Wrangler Unlimited","Sport","[PREMIUM]","[PREMIUM]",109989,"SUV","Black Clearcoat","Black","Four-wheel Drive",,,"Gasoline",,,"dealership","[PREMIUM]","Tulsa","OK","[PREMIUM]",,"[]",,,"[PREMIUM]"
"ead21e91-5d4d-4256-bb57-6a4f7f4fd8b2","2026-05-06 23:23:06.751","2026-05-06 23:23:06.751","ead21e91-5d4d-4256-bb57-6a4f7f4fd8b2","[PREMIUM]","Used",2014,"Jeep","Wrangler","Sport","[PREMIUM]","[PREMIUM]",91633,"SUV","Anvil Clear Coat","Black","Four-wheel Drive",,,"Gasoline",,,"dealership","[PREMIUM]","Rochester","NY","[PREMIUM]",,"[]",,,"[PREMIUM]"
"05f09697-ab2f-4202-97bf-207df5fee0e4","2026-05-06 23:22:16.724","2026-05-06 23:22:16.724","05f09697-ab2f-4202-97bf-207df5fee0e4","[PREMIUM]","Used",2014,"Toyota","RAV4","XLE","[PREMIUM]","[PREMIUM]",87200,"SUV","Shoreline Blue Pearl","Ash","All-wheel Drive",,,"Gasoline",,,"dealership","[PREMIUM]","Albany","CA","[PREMIUM]",,"[]",,,"[PREMIUM]"
"4edd291a-1a34-4a02-a2f1-2593f9c20627","2026-05-06 23:21:16.444","2026-05-06 23:21:16.444","4edd291a-1a34-4a02-a2f1-2593f9c20627","[PREMIUM]","Used",2015,"Toyota","RAV4","Limited","[PREMIUM]","[PREMIUM]",111379,"SUV","Brown","TAN","Four-wheel Drive",,,"Gasoline",,,"dealership","[PREMIUM]","Fredericksburg","VA","[PREMIUM]",,"[]",,,"[PREMIUM]"
"a11e480e-c2c2-42cf-8433-464449a86691","2026-05-06 23:21:16.431","2026-05-06 23:21:16.431","a11e480e-c2c2-42cf-8433-464449a86691","[PREMIUM]","Used",2015,"Lexus","ES 350",,"[PREMIUM]","[PREMIUM]",125660,"Sedan","Silver","BLACK","Rear-wheel Drive",,,"Gasoline",,,"dealership","[PREMIUM]","Murfreesboro","TN","[PREMIUM]",,"[]",,,"[PREMIUM]"
"e18abb78-ca95-43ba-b073-945a24f92d8f","2026-05-06 23:21:16.431","2026-05-09 23:21:31.247","e18abb78-ca95-43ba-b073-945a24f92d8f","[PREMIUM]","Used",2016,"Honda","Civic","EX-L","[PREMIUM]","[PREMIUM]",53787,"Sedan","Aegean Blue Metallic","Black","Front-wheel Drive",,,"Gasoline",,,"dealership","[PREMIUM]","Nashville","TN","[PREMIUM]",,"[]",,,"[PREMIUM]"
"1e80317d-de68-4ac5-816a-178fc0de38e8","2026-05-06 23:21:16.426","2026-05-06 23:21:16.426","1e80317d-de68-4ac5-816a-178fc0de38e8","[PREMIUM]","Used",2015,"Chevrolet","Colorado","LT","[PREMIUM]","[PREMIUM]",119868,"Truck","Brownstone Metallic","Jet Black/Dark Ash","Four Wheel Drive",,,"Regular unleaded",,,"dealership","[PREMIUM]","Westerville","OH","[PREMIUM]",,"[]",,,"[PREMIUM]"
"41323f0e-ec56-4050-8b74-449a997230c3","2026-05-06 23:21:16.425","2026-05-06 23:21:16.425","41323f0e-ec56-4050-8b74-449a997230c3","[PREMIUM]","Used",2015,"Chevrolet","Camaro","1LT","[PREMIUM]","[PREMIUM]",64156,"Convertible","Red Hot","Gray","Rear-wheel Drive",,,"Gasoline",,,"dealership","[PREMIUM]","Rosedale","MD","[PREMIUM]",,"[]",,,"[PREMIUM]"
"e10d1250-a963-437a-bf69-4dfef100eed1","2026-05-06 23:21:16.422","2026-05-06 23:21:16.422","e10d1250-a963-437a-bf69-4dfef100eed1","[PREMIUM]","Used",2015,"GMC","Canyon","SLE","[PREMIUM]","[PREMIUM]",95799,"Truck","Summit White","Jet Black","Four-wheel Drive",,,"Gasoline",,,"dealership","[PREMIUM]","Westlake","OH","[PREMIUM]",,"[]",,,"[PREMIUM]"
"91631c96-5bc9-4e53-9fb1-b8fdfe8a1d76","2026-05-06 23:21:16.421","2026-05-06 23:21:16.421","91631c96-5bc9-4e53-9fb1-b8fdfe8a1d76","[PREMIUM]","Used",2015,"Toyota","Prius","One","[PREMIUM]","[PREMIUM]",40567,"Hatchback","Red","GRAY","Rear-wheel Drive",,,"Hybrid",,,"dealership","[PREMIUM]","Canoga Park","CA","[PREMIUM]",,"[]",,,"[PREMIUM]"
"8d0966dc-421d-46ae-8c70-448001a623d4","2026-05-06 23:21:16.421","2026-05-06 23:21:16.421","8d0966dc-421d-46ae-8c70-448001a623d4","[PREMIUM]","Used",2015,"Nissan","Xterra","S","[PREMIUM]","[PREMIUM]",95556,"SUV","Orange","GRAY","Rear-wheel Drive",,,"Gasoline",,,"dealership","[PREMIUM]","Austin","TX","[PREMIUM]",,"[]",,,"[PREMIUM]"
"beaa706c-b2df-484b-b8f6-80fa6e17bac3","2026-05-06 23:21:16.416","2026-05-06 23:21:16.416","beaa706c-b2df-484b-b8f6-80fa6e17bac3","[PREMIUM]","Used",2015,"Jeep","Wrangler Unlimited","Sahara","[PREMIUM]","[PREMIUM]",108846,"SUV","Tank Clearcoat","Black","Four-wheel Drive",,,"Gasoline",,,"dealership","[PREMIUM]","Honolulu","HI","[PREMIUM]",,"[]",,,"[PREMIUM]"
"d3bc61e0-c4b6-412e-b0d3-a1c5efd836df","2026-05-06 23:21:06.167","2026-05-06 23:21:06.167","d3bc61e0-c4b6-412e-b0d3-a1c5efd836df","[PREMIUM]","Used",2016,"Mazda","CX-5","Grand Touring","[PREMIUM]","[PREMIUM]",99102,"SUV","Jet Black Mica","Sand/Parchment","All-wheel Drive",,,"Gasoline",,,"dealership","[PREMIUM]","Groton","CT","[PREMIUM]",,"[]",,,"[PREMIUM]"
"3df351ca-f838-48a5-b55a-b9abb73e5142","2026-05-06 23:20:56.034","2026-05-06 23:20:56.034","3df351ca-f838-48a5-b55a-b9abb73e5142","[PREMIUM]","Used",2016,"GMC","Yukon","SLT","[PREMIUM]","[PREMIUM]",132522,"SUV","Quicksilver Metallic","Jet Black","Four-wheel Drive",,,"Gasoline",,,"dealership","[PREMIUM]","Clarkston","MI","[PREMIUM]",,"[]",,,"[PREMIUM]"
"810c16d0-ce52-4526-b47f-686fe9bd57cb","2026-05-06 23:20:56.018","2026-05-06 23:20:56.018","810c16d0-ce52-4526-b47f-686fe9bd57cb","[PREMIUM]","Used",2016,"Cadillac","CTS","3.6L Performance","[PREMIUM]","[PREMIUM]",82877,"Sedan","Radiant Silver Metallic","Jet Black w/Jet Black Accents","All-wheel Drive",,,"Gasoline",,,"dealership","[PREMIUM]","Plainfield","IL","[PREMIUM]",,"[]",,,"[PREMIUM]"
"f1991d9f-1c2c-425a-9a98-80d7d7833482","2026-05-06 23:20:55.993","2026-05-06 23:20:55.993","f1991d9f-1c2c-425a-9a98-80d7d7833482","[PREMIUM]","Used",2016,"Mercedes-Benz","GLC 300","Base","[PREMIUM]","[PREMIUM]",56337,"SUV","Hyacinth Red","Almond MB-Tex","Rear-wheel Drive",,,"Gasoline",,,"dealership","[PREMIUM]","Clearwater","FL","[PREMIUM]",,"[]",,,"[PREMIUM]"
"f35b2c08-0910-423d-9c78-724983a90a21","2026-05-06 23:20:45.965","2026-05-09 23:21:01.228","f35b2c08-0910-423d-9c78-724983a90a21","[PREMIUM]","Used",2016,"RAM","1500","Laramie","[PREMIUM]","[PREMIUM]",155330,"Truck","Pearl White","Black","Four-wheel Drive",,,"Gasoline",,,"dealership","[PREMIUM]","Tulsa","OK","[PREMIUM]",,"[]",,,"[PREMIUM]"
"68d6818a-c467-46f6-a210-fd276ef7f685","2026-05-06 23:20:45.918","2026-05-09 23:21:11.186","68d6818a-c467-46f6-a210-fd276ef7f685","[PREMIUM]","Used",2016,"Volkswagen","Golf R","4-Door w/DCC &amp; Navigation","[PREMIUM]","[PREMIUM]",68275,"Hatchback","Deep Black Pearl","Black","All-wheel Drive",,,"Gasoline",,,"dealership","[PREMIUM]","Plainfield","IL","[PREMIUM]",,"[]",,,"[PREMIUM]"
"70f1ae29-1979-4482-865c-394751804141","2026-05-06 23:20:15.715","2026-05-06 23:20:15.715","70f1ae29-1979-4482-865c-394751804141","[PREMIUM]","Used",2016,"Cadillac","ATS",,"[PREMIUM]","[PREMIUM]",57472,"Sedan","Black","CREAM","Rear-wheel Drive",,,"Gasoline",,,"dealership","[PREMIUM]","Murfreesboro","TN","[PREMIUM]",,"[]",,,"[PREMIUM]"
"83d1b81a-c7a9-4275-863d-14339c023085","2026-05-06 23:20:15.707","2026-05-06 23:20:15.707","83d1b81a-c7a9-4275-863d-14339c023085","[PREMIUM]","Used",2016,"Mazda","Mazda3","I Sport","[PREMIUM]","[PREMIUM]",73025,"Sedan","Red","BLACK","Rear-wheel Drive",,,"Gasoline",,,"dealership","[PREMIUM]","Nashville","TN","[PREMIUM]",,"[]",,,"[PREMIUM]"
"f07ecd66-2b5b-418a-b1eb-ec1a2dfddec2","2026-05-06 23:20:15.678","2026-05-06 23:20:15.678","f07ecd66-2b5b-418a-b1eb-ec1a2dfddec2","[PREMIUM]","Used",2016,"Toyota","Prius v","Two","[PREMIUM]","[PREMIUM]",44892,"Hatchback","Silver","GRAY","Rear-wheel Drive",,,"Hybrid",,,"dealership","[PREMIUM]","Mobile","AL","[PREMIUM]",,"[]",,,"[PREMIUM]"
"460d09b8-9421-47c4-9271-61319b85cb05","2026-05-06 23:20:15.677","2026-05-12 23:20:41.502","460d09b8-9421-47c4-9271-61319b85cb05","[PREMIUM]","Used",2016,"Jeep","Grand Cherokee","Summit","[PREMIUM]","[PREMIUM]",92596,"SUV","White","BROWN","Four-wheel Drive",,,"Gasoline",,,"dealership","[PREMIUM]","Palm Desert","CA","[PREMIUM]",,"[]",,,"[PREMIUM]"
"f68d1b33-d708-4f56-af7b-c319aa5328fa","2026-05-06 23:20:05.451","2026-05-09 23:20:20.255","f68d1b33-d708-4f56-af7b-c319aa5328fa","[PREMIUM]","Used",2016,"Mercedes-Benz","CLS-Class","CLS 400 4MATIC","[PREMIUM]","[PREMIUM]",110000,"Sedan","Gray","Gray","All-wheel Drive",,,"Gasoline",,,"private","[PREMIUM]",,,"[PREMIUM]",,"[]",,,"[PREMIUM]"
"72ea421a-372f-4da8-a48a-43a06e08d99e","2026-05-06 23:19:55.449","2026-05-06 23:19:55.449","72ea421a-372f-4da8-a48a-43a06e08d99e","[PREMIUM]","Used",2017,"Buick","LaCrosse","Essence","[PREMIUM]","[PREMIUM]",75891,"Sedan","White Frost Tricoat","Light Neutral","Front-wheel Drive",,,"Gasoline",,,"dealership","[PREMIUM]","Tyngsboro","MA","[PREMIUM]",,"[]",,,"[PREMIUM]"
"1e813876-5950-444d-a45f-c4617668e2a5","2026-05-06 23:19:45.377","2026-05-06 23:19:45.377","1e813876-5950-444d-a45f-c4617668e2a5","[PREMIUM]","Used",2017,"Audi","A4","2.0T Premium Plus","[PREMIUM]","[PREMIUM]",78062,"Sedan","Manhattan Gray Metallic","Black","All-wheel Drive",,,"Gasoline",,,"dealership","[PREMIUM]","San Rafael","CA","[PREMIUM]",,"[]",,,"[PREMIUM]"
"ef7b3909-dc58-421c-af0f-86f0ac762b7c","2026-05-06 23:19:45.311","2026-05-06 23:19:45.311","ef7b3909-dc58-421c-af0f-86f0ac762b7c","[PREMIUM]","Used",2017,"Subaru","Crosstrek","2.0i Premium","[PREMIUM]","[PREMIUM]",30851,"SUV","Crystal Black Silica","Black","All-wheel Drive",,,"Gasoline",,,"dealership","[PREMIUM]","Leesport","PA","[PREMIUM]",,"[]",,,"[PREMIUM]"
"97eb1a69-c756-439c-b5ac-578676251013","2026-05-06 23:19:45.188","2026-05-09 23:20:00.466","97eb1a69-c756-439c-b5ac-578676251013","[PREMIUM]","Used",2017,"Honda","HR-V","EX","[PREMIUM]","[PREMIUM]",88622,"SUV","Milano Red","Black","All-wheel Drive",,,"Gasoline",,,"dealership","[PREMIUM]","Spencerport","NY","[PREMIUM]",,"[]",,,"[PREMIUM]"
"440ae135-a009-400d-a397-e3b289e273ff","2026-05-06 23:19:25.174","2026-05-12 23:19:40.977","440ae135-a009-400d-a397-e3b289e273ff","[PREMIUM]","Used",2017,"Buick","LaCrosse","Premium","[PREMIUM]","[PREMIUM]",45439,"Sedan","Crimson Red Tintcoat","Light Neutral","All-wheel Drive",,,"Gasoline",,,"dealership","[PREMIUM]","Spokane","WA","[PREMIUM]",,"[]",,,"[PREMIUM]"
"b7be70e0-90e0-4f11-8c23-ab2012264694","2026-05-06 23:19:04.804","2026-05-06 23:19:04.804","b7be70e0-90e0-4f11-8c23-ab2012264694","[PREMIUM]","Used",2017,"Honda","Pilot","EX-L w/ Navigation","[PREMIUM]","[PREMIUM]",105252,"SUV","Red","Black","All-wheel Drive",,,"Gasoline",,,"dealership","[PREMIUM]","Plainfield","IL","[PREMIUM]",,"[]",,,"[PREMIUM]"
"27ed9b77-27db-4d8a-b134-2dd676a5362f","2026-05-06 23:19:04.803","2026-05-06 23:19:04.803","27ed9b77-27db-4d8a-b134-2dd676a5362f","[PREMIUM]","Used",2017,"Porsche","Macan","Macan","[PREMIUM]","[PREMIUM]",86216,"SUV","Black","Black","All-wheel Drive",,,"Gasoline",,,"dealership","[PREMIUM]","Portland","OR","[PREMIUM]",,"[]",,,"[PREMIUM]"
"9fa97889-a666-45f5-ba42-74f76be4fa0a","2026-05-06 23:19:04.793","2026-05-09 23:19:09.813","9fa97889-a666-45f5-ba42-74f76be4fa0a","[PREMIUM]","Used",2017,"Honda","HR-V","EX","[PREMIUM]","[PREMIUM]",90581,"SUV","Gray","NH-912","Front-wheel Drive",,,"Gasoline",,,"dealership","[PREMIUM]","Greer","SC","[PREMIUM]",,"[]",,,"[PREMIUM]"
"9beed9c8-05cc-4715-9b13-922e33226a02","2026-05-06 23:19:04.777","2026-05-09 23:19:19.987","9beed9c8-05cc-4715-9b13-922e33226a02","[PREMIUM]","Used",2017,"Chevrolet","Tahoe","Premier","[PREMIUM]","[PREMIUM]",150196,"SUV","Tungsten Metallic","Jet Black","Four-wheel Drive",,,"Gasoline",,,"dealership","[PREMIUM]","Sioux Falls","SD","[PREMIUM]",,"[]",,,"[PREMIUM]"
"70f1bc92-dc48-45a0-bb64-aa460ee647da","2026-05-06 23:19:04.776","2026-05-06 23:19:04.776","70f1bc92-dc48-45a0-bb64-aa460ee647da","[PREMIUM]","Used",2017,"Chrysler","Pacifica","Touring-L","[PREMIUM]","[PREMIUM]",79953,"Passenger Van","Granite Crystal Metallic Clearcoat","Toffee/Cognac/Alloy","Front-wheel Drive",,,"Gasoline",,,"dealership","[PREMIUM]","Hyattsville","MD","[PREMIUM]",,"[]",,,"[PREMIUM]"
"5c58c290-23aa-4f64-a071-b0c67adb9697","2026-05-06 23:19:04.761","2026-05-06 23:19:04.761","5c58c290-23aa-4f64-a071-b0c67adb9697","[PREMIUM]","Used",2017,"Ford","Focus ST",,"[PREMIUM]","[PREMIUM]",54394,"Hatchback","Triple Yellow Tri-Coat","Charcoal Black","Front-wheel Drive",,,"Gasoline",,,"dealership","[PREMIUM]","Plainfield","IL","[PREMIUM]",,"[]",,,"[PREMIUM]"
"cc06da06-b115-4406-a54c-df88af630006","2026-05-06 23:19:04.745","2026-05-06 23:19:04.745","cc06da06-b115-4406-a54c-df88af630006","[PREMIUM]","Used",2017,"Mercedes-Benz","GLS 550","Base 4MATIC","[PREMIUM]","[PREMIUM]",114105,"SUV","designo Diamond White Metallic","Ginger Beige/Espresso Brown","All-wheel Drive",,,"Gasoline",,,"dealership","[PREMIUM]","Plainfield","IL","[PREMIUM]",,"[]",,,"[PREMIUM]"
"448811ec-b319-4c75-becf-5e305a580515","2026-05-06 23:18:54.549","2026-05-06 23:18:54.549","448811ec-b319-4c75-becf-5e305a580515","[PREMIUM]","Used",2017,"Buick","Enclave","Leather","[PREMIUM]","[PREMIUM]",69831,"SUV","Brown","BROWN","Rear-wheel Drive",,,"Gasoline",,,"dealership","[PREMIUM]","Fort Worth","TX","[PREMIUM]",,"[]",,,"[PREMIUM]"
"27afd894-0735-41fa-bec2-d6454a564e00","2026-05-06 23:18:54.435","2026-05-09 23:18:59.770","27afd894-0735-41fa-bec2-d6454a564e00","[PREMIUM]","Used",2017,"Dodge","Durango","R/T","[PREMIUM]","[PREMIUM]",141231,"SUV","Granite Metallic Clearcoat","Black","Rear-wheel Drive",,,"Gasoline",,,"dealership","[PREMIUM]","El Paso","TX","[PREMIUM]",,"[]",,,"[PREMIUM]"
"88de4bc1-1468-4b48-809e-3cc4a39868ff","2026-05-06 23:18:54.432","2026-05-06 23:18:54.432","88de4bc1-1468-4b48-809e-3cc4a39868ff","[PREMIUM]","Used",2017,"Hyundai","Veloster","Value Edition","[PREMIUM]","[PREMIUM]",47693,"Hatchback","Silver","BLACK","2WD",,,"Gas",,,"dealership","[PREMIUM]","St. Peters","MO","[PREMIUM]",,"[]",,,"[PREMIUM]"
"bc9dacfc-6d4d-4f3c-9e25-8d4459a1d6e1","2026-05-06 23:18:54.397","2026-05-09 23:19:09.912","bc9dacfc-6d4d-4f3c-9e25-8d4459a1d6e1","[PREMIUM]","Used",2017,"Jeep","Wrangler Unlimited","Sahara","[PREMIUM]","[PREMIUM]",102303,"SUV","Silver","Black","Four-wheel Drive",,,"Gasoline",,,"private","[PREMIUM]",,,"[PREMIUM]",,"[]",,,"[PREMIUM]"
"1c9f796a-95af-43d5-a463-a6859647286f","2026-05-06 23:18:44.676","2026-05-06 23:18:44.676","1c9f796a-95af-43d5-a463-a6859647286f","[PREMIUM]","Used",2017,"BMW","330","I","[PREMIUM]","[PREMIUM]",69246,"Sedan","Silver","TAN","Rear-wheel Drive",,,"Gasoline",,,"dealership","[PREMIUM]","Huntsville","AL","[PREMIUM]",,"[]",,,"[PREMIUM]"
"6741c70f-878c-4b3c-a71c-3befcb3ed55e","2026-05-06 23:18:44.338","2026-05-09 23:18:59.373","6741c70f-878c-4b3c-a71c-3befcb3ed55e","[PREMIUM]","Used",2017,"Land Rover","Discovery Sport","SE","[PREMIUM]","[PREMIUM]",56413,"SUV","Gray","BLACK","Four-wheel Drive",,,"Gasoline",,,"dealership","[PREMIUM]","Milwaukie","OR","[PREMIUM]",,"[]",,,"[PREMIUM]"
"21743394-46b8-41b3-accd-a89f01c5ce94","2026-05-06 23:18:44.308","2026-05-06 23:18:44.308","21743394-46b8-41b3-accd-a89f01c5ce94","[PREMIUM]","Used",2017,"Honda","Accord","LX","[PREMIUM]","[PREMIUM]",73088,"Sedan","Blue","GRAY","Rear-wheel Drive",,,"Gasoline",,,"dealership","[PREMIUM]","Westborough","MA","[PREMIUM]",,"[]",,,"[PREMIUM]"
"f9ca2468-5ca0-4ac0-aa82-11d7deb1fc41","2026-05-06 23:18:44.306","2026-05-06 23:18:44.306","f9ca2468-5ca0-4ac0-aa82-11d7deb1fc41","[PREMIUM]","Used",2017,"Subaru","Crosstrek","Limited","[PREMIUM]","[PREMIUM]",114614,"SUV","White","BLACK","Four-wheel Drive",,,"Gasoline",,,"dealership","[PREMIUM]","South Jordan","UT","[PREMIUM]",,"[]",,,"[PREMIUM]"
"e2db7e37-1d76-472c-87f3-2f22ffe31c38","2026-05-06 23:18:44.303","2026-05-06 23:18:44.303","e2db7e37-1d76-472c-87f3-2f22ffe31c38","[PREMIUM]","Used",2017,"Acura","MDX",,"[PREMIUM]","[PREMIUM]",105199,"SUV","Gray","GRAY","Four-wheel Drive",,,"Gasoline",,,"dealership","[PREMIUM]","Tolleson","AZ","[PREMIUM]",,"[]",,,"[PREMIUM]"
"5aa7ac66-cb45-42bf-8c1f-bd30d8693d29","2026-05-06 23:18:44.301","2026-05-06 23:18:44.301","5aa7ac66-cb45-42bf-8c1f-bd30d8693d29","[PREMIUM]","Used",2018,"Chevrolet","Equinox","LT","[PREMIUM]","[PREMIUM]",44762,"SUV","Sandy Ridge Metallic","Jet Black","Front-wheel Drive",,,"Gasoline",,,"dealership","[PREMIUM]","Highland","IN","[PREMIUM]",,"[]",,,"[PREMIUM]"
"49dce09d-7999-43c7-952f-3003a6625b9c","2026-05-06 23:18:44.299","2026-05-06 23:18:44.299","49dce09d-7999-43c7-952f-3003a6625b9c","[PREMIUM]","Used",2017,"Mercedes-Benz","GLC 300",,"[PREMIUM]","[PREMIUM]",66676,"SUV","Gray","GRAY","Four-wheel Drive",,,"Gasoline",,,"dealership","[PREMIUM]","Frederick","MD","[PREMIUM]",,"[]",,,"[PREMIUM]"
"84aea620-c1e1-47d8-bcbc-5a18d2cb7981","2026-05-06 23:18:44.298","2026-05-06 23:18:44.298","84aea620-c1e1-47d8-bcbc-5a18d2cb7981","[PREMIUM]","Used",2017,"Lexus","ES 350",,"[PREMIUM]","[PREMIUM]",107179,"Sedan","White","BLACK","Rear-wheel Drive",,,"Gasoline",,,"dealership","[PREMIUM]","San Diego","CA","[PREMIUM]",,"[]",,,"[PREMIUM]"
"35211c7b-8853-4924-bd0c-b4c2d3f67169","2026-05-06 23:18:44.296","2026-05-06 23:18:44.296","35211c7b-8853-4924-bd0c-b4c2d3f67169","[PREMIUM]","Used",2017,"Nissan","Frontier","SV","[PREMIUM]","[PREMIUM]",96640,"Truck","White","GRAY","Rear-wheel Drive",,,"Gasoline",,,"dealership","[PREMIUM]","Buena Park","CA","[PREMIUM]",,"[]",,,"[PREMIUM]"
"73360229-3d78-4757-9ade-023167df63e9","2026-05-06 23:18:44.291","2026-05-06 23:18:44.291","73360229-3d78-4757-9ade-023167df63e9","[PREMIUM]","Used",2017,"Acura","RDX","AWD","[PREMIUM]","[PREMIUM]",103751,"SUV","White","TAN","Four-wheel Drive",,,"Gasoline",,,"dealership","[PREMIUM]","Vancouver","WA","[PREMIUM]",,"[]",,,"[PREMIUM]"
"39d926ea-0275-4eed-95c3-0de06c44d260","2026-05-06 23:18:44.290","2026-05-06 23:18:44.290","39d926ea-0275-4eed-95c3-0de06c44d260","[PREMIUM]","Used",2017,"Ford","Edge","SEL","[PREMIUM]","[PREMIUM]",79143,"SUV","Silver","BLACK","Four-wheel Drive",,,"Gasoline",,,"dealership","[PREMIUM]","Savannah","GA","[PREMIUM]",,"[]",,,"[PREMIUM]"
"d42b6d77-db24-4ed9-bb70-7de191f2ac7f","2026-05-06 23:18:44.289","2026-05-06 23:18:44.289","d42b6d77-db24-4ed9-bb70-7de191f2ac7f","[PREMIUM]","Used",2017,"Kia","Forte5","LX","[PREMIUM]","[PREMIUM]",9293,"Hatchback","White","BLACK","2WD",,,"Gas",,,"dealership","[PREMIUM]","Newark","DE","[PREMIUM]",,"[]",,,"[PREMIUM]"
"3e48916b-259c-44c1-bb2b-121bf1cb9be5","2026-05-06 23:18:44.284","2026-05-06 23:18:44.284","3e48916b-259c-44c1-bb2b-121bf1cb9be5","[PREMIUM]","Used",2017,"Chevrolet","Cruze","Premier","[PREMIUM]","[PREMIUM]",44091,"Sedan","White","BROWN","Rear-wheel Drive",,,"Gasoline",,,"dealership","[PREMIUM]","Algonquin","IL","[PREMIUM]",,"[]",,,"[PREMIUM]"
"d9996b26-2bba-4f3d-a75c-901b4ae23658","2026-05-06 23:18:44.284","2026-05-06 23:18:44.284","d9996b26-2bba-4f3d-a75c-901b4ae23658","[PREMIUM]","Used",2017,"Ford","Escape","Titanium","[PREMIUM]","[PREMIUM]",53999,"SUV","Gray","GRAY","Rear-wheel Drive",,,"Gasoline",,,"dealership","[PREMIUM]","Palmdale","CA","[PREMIUM]",,"[]",,,"[PREMIUM]"
"d0f04082-a2b0-4f20-beba-9a58977bd61c","2026-05-06 23:18:33.874","2026-05-06 23:18:33.874","d0f04082-a2b0-4f20-beba-9a58977bd61c","[PREMIUM]","Used",2018,"Chevrolet","Colorado","WT","[PREMIUM]","[PREMIUM]",109830,"Truck","Summit White","Jet Black/Dark Ash","Rear-wheel Drive",,,"Gasoline",,,"dealership","[PREMIUM]","Arlington","TX","[PREMIUM]",,"[]",,,"[PREMIUM]"
"97f6aa8a-95ee-44db-8250-57af496da3b0","2026-05-06 23:18:23.838","2026-05-06 23:18:23.838","97f6aa8a-95ee-44db-8250-57af496da3b0","[PREMIUM]","Used",2018,"Honda","Civic","EX","[PREMIUM]","[PREMIUM]",88497,"Sedan","Cosmic Blue Metallic","Black/Gray","Front-wheel Drive",,,"Gasoline",,,"dealership","[PREMIUM]","Albany","NY","[PREMIUM]",,"[]",,,"[PREMIUM]"
"a88785bf-461b-4ff6-84ca-a9bc58bef205","2026-05-06 23:18:23.836","2026-05-09 23:18:39.344","a88785bf-461b-4ff6-84ca-a9bc58bef205","[PREMIUM]","Used",2018,"Porsche","Cayenne","Platinum Edition","[PREMIUM]","[PREMIUM]",101173,"SUV","Carrara White Metallic","Luxor Beige","All-wheel Drive",,,"Gasoline",,,"dealership","[PREMIUM]","Plainfield","IL","[PREMIUM]",,"[]",,,"[PREMIUM]"
"d81fed36-8194-4c78-a637-6ce72b94d1fd","2026-05-06 23:18:23.834","2026-05-06 23:18:23.834","d81fed36-8194-4c78-a637-6ce72b94d1fd","[PREMIUM]","Used",2018,"Nissan","Rogue","SV","[PREMIUM]","[PREMIUM]",54860,"SUV","Scarlet Ember",,"Front-wheel Drive",,,"Gasoline",,,"dealership","[PREMIUM]","Troy","AL","[PREMIUM]",,"[]",,,"[PREMIUM]"
"76c4c026-32e2-4f41-a3cf-4f0d20a3c96f","2026-05-06 23:18:23.814","2026-05-09 23:18:39.139","76c4c026-32e2-4f41-a3cf-4f0d20a3c96f","[PREMIUM]","Used",2018,"Kia","Sportage","SX Turbo","[PREMIUM]","[PREMIUM]",73705,"SUV","Snow White Pearl","Gray","All-wheel Drive",,,"Gasoline",,,"dealership","[PREMIUM]","Lancaster","PA","[PREMIUM]",,"[]",,,"[PREMIUM]"
"99b2c672-8bc8-4d72-bb83-08858c60efa1","2026-05-06 23:18:23.810","2026-05-06 23:18:23.810","99b2c672-8bc8-4d72-bb83-08858c60efa1","[PREMIUM]","Used",2018,"Mercedes-Benz","CLA 250","4MATIC","[PREMIUM]","[PREMIUM]",60534,"Sedan","Jupiter Red","Black","All-wheel Drive",,,"Gasoline",,,"dealership","[PREMIUM]","Cleveland Heights","OH","[PREMIUM]",,"[]",,,"[PREMIUM]"
"f568e7fa-4016-4809-be9b-9dc872756de9","2026-05-06 23:18:23.803","2026-05-06 23:18:23.803","f568e7fa-4016-4809-be9b-9dc872756de9","[PREMIUM]","Used",2018,"Honda","Pilot","LX","[PREMIUM]","[PREMIUM]",89504,"SUV","Modern Steel Metallic","Gray","All-wheel Drive",,,"Gasoline",,,"dealership","[PREMIUM]","Fairfax","VA","[PREMIUM]",,"[]",,,"[PREMIUM]"
"54aec8e1-4d2d-41c3-8201-1715045a393b","2026-05-06 23:18:13.697","2026-05-06 23:18:13.697","54aec8e1-4d2d-41c3-8201-1715045a393b","[PREMIUM]","Used",2018,"Jeep","Grand Cherokee","Trailhawk","[PREMIUM]","[PREMIUM]",82565,"SUV","Bright White Clearcoat","Ruby Red/Black","Four-wheel Drive",,,"Gasoline",,,"dealership","[PREMIUM]","Morristown","NJ","[PREMIUM]",,"[]",,,"[PREMIUM]"
"9cc3a153-767c-4d90-95c9-5056abab8b5c","2026-05-06 23:18:13.692","2026-05-06 23:18:13.692","9cc3a153-767c-4d90-95c9-5056abab8b5c","[PREMIUM]","Used",2018,"Honda","CR-V","EX","[PREMIUM]","[PREMIUM]",109033,"SUV","Crystal Black Pearl",,"All-wheel Drive",,,"Gasoline",,,"dealership","[PREMIUM]","Alexandria","VA","[PREMIUM]",,"[]",,,"[PREMIUM]"
"2441b3d3-aead-41cb-b7b5-fc344470feca","2026-05-06 23:18:13.677","2026-05-06 23:18:13.677","2441b3d3-aead-41cb-b7b5-fc344470feca","[PREMIUM]","Used",2018,"Nissan","Rogue","S","[PREMIUM]","[PREMIUM]",68651,"SUV","Gun Metallic","Charcoal","Front-wheel Drive",,,"Gasoline",,,"dealership","[PREMIUM]","Huntsville","AL","[PREMIUM]",,"[]",,,"[PREMIUM]"
"21fb1723-2416-4c9c-b14d-23bc739f2b48","2026-05-06 23:18:13.671","2026-05-06 23:18:13.671","21fb1723-2416-4c9c-b14d-23bc739f2b48","[PREMIUM]","Used",2018,"Honda","Accord","Sport","[PREMIUM]","[PREMIUM]",80746,"Sedan","Platinum White Pearl","Black","Front-wheel Drive",,,"Gasoline",,,"dealership","[PREMIUM]","Lebanon","PA","[PREMIUM]",,"[]",,,"[PREMIUM]"
"9776d31f-ed8f-4523-bd18-490e21367ecf","2026-05-06 23:18:13.671","2026-05-09 23:18:18.951","9776d31f-ed8f-4523-bd18-490e21367ecf","[PREMIUM]","Used",2018,"Subaru","Outback","2.5I Limited","[PREMIUM]","[PREMIUM]",90843,"Wagon","Blue","GRAY","Four-wheel Drive",,,"Gasoline",,,"dealership","[PREMIUM]","Fremont","CA","[PREMIUM]",,"[]",,,"[PREMIUM]"
"ac5fd4c1-8850-486e-9223-649e24c8d3ea","2026-05-06 23:18:13.664","2026-05-06 23:18:13.664","ac5fd4c1-8850-486e-9223-649e24c8d3ea","[PREMIUM]","Used",2018,"BMW","X2","xDrive28i","[PREMIUM]","[PREMIUM]",71688,"SUV","Sunset Orange Metallic","Black","All-wheel Drive",,,"Gasoline",,,"dealership","[PREMIUM]","Salem","OH","[PREMIUM]",,"[]",,,"[PREMIUM]"
"358d1b7b-0d6f-4f75-8d5f-47736fb11ea8","2026-05-06 23:18:13.649","2026-05-09 23:18:18.907","358d1b7b-0d6f-4f75-8d5f-47736fb11ea8","[PREMIUM]","Used",2018,"Honda","CR-V","EX","[PREMIUM]","[PREMIUM]",112546,"SUV","Silver","GRAY","Rear-wheel Drive",,,"Gasoline",,,"dealership","[PREMIUM]","Kentwood","MI","[PREMIUM]",,"[]",,,"[PREMIUM]"
"53aaa224-6df8-4a88-a2f9-885b0062f874","2026-05-06 23:18:13.643","2026-05-06 23:18:13.643","53aaa224-6df8-4a88-a2f9-885b0062f874","[PREMIUM]","Used",2018,"Cadillac","CTS","3.6L Luxury","[PREMIUM]","[PREMIUM]",66263,"Sedan","Satin Steel Metallic","Jet Black/Jet Black Accents","All-wheel Drive",,,"Gasoline",,,"dealership","[PREMIUM]","Plainfield","IL","[PREMIUM]",,"[]",,,"[PREMIUM]"
"eab32a0a-ef32-4917-93b4-af2b642cba04","2026-05-06 23:18:13.639","2026-05-06 23:18:13.639","eab32a0a-ef32-4917-93b4-af2b642cba04","[PREMIUM]","Used",2018,"Jeep","Cherokee","Latitude Plus","[PREMIUM]","[PREMIUM]",43026,"SUV","Diamond Black Crystal Pearlcoat","Black","Four-wheel Drive",,,"Gasoline",,,"dealership","[PREMIUM]","Bethany","MO","[PREMIUM]",,"[]",,,"[PREMIUM]"
"5d5bd7e8-9ea1-4e2c-9814-d40eda8588a4","2026-05-06 23:18:03.660","2026-05-06 23:18:03.660","5d5bd7e8-9ea1-4e2c-9814-d40eda8588a4","[PREMIUM]","Used",2018,"BMW","330e","E iPerformance","[PREMIUM]","[PREMIUM]",66567,"Sedan","Black","BLACK","Rear-wheel Drive",,,"Plug-In Hybrid",,,"dealership","[PREMIUM]","Palm Desert","CA","[PREMIUM]",,"[]",,,"[PREMIUM]"
"30372f73-077b-4e01-97f5-727d6ebaca13","2026-05-06 23:18:03.383","2026-05-06 23:18:03.383","30372f73-077b-4e01-97f5-727d6ebaca13","[PREMIUM]","Used",2018,"Volkswagen","Atlas","SE","[PREMIUM]","[PREMIUM]",81563,"SUV","White","TAN","2WD",,,"Gas",,,"dealership","[PREMIUM]","Mobile","AL","[PREMIUM]",,"[]",,,"[PREMIUM]"
"5db5c845-0708-4012-8379-cdf0ff4d28ca","2026-05-06 23:18:03.374","2026-05-06 23:18:03.374","5db5c845-0708-4012-8379-cdf0ff4d28ca","[PREMIUM]","Used",2018,"Honda","Civic","LX","[PREMIUM]","[PREMIUM]",61992,"Sedan","Black","BLACK","Rear-wheel Drive",,,"Gasoline",,,"dealership","[PREMIUM]","Fredericksburg","VA","[PREMIUM]",,"[]",,,"[PREMIUM]"
"d515485a-e662-440b-a1f4-985e4cadbb0f","2026-05-06 23:18:03.367","2026-05-09 23:18:18.789","d515485a-e662-440b-a1f4-985e4cadbb0f","[PREMIUM]","Used",2018,"Hyundai","Santa Fe Sport",,"[PREMIUM]","[PREMIUM]",82128,"SUV","Gray","GRAY","Rear-wheel Drive",,,"Gasoline",,,"dealership","[PREMIUM]","Plainfield","IL","[PREMIUM]",,"[]",,,"[PREMIUM]"
"c2f18a3c-3534-4e6f-8e84-7609f6501c8e","2026-05-06 23:18:03.366","2026-05-06 23:18:03.366","c2f18a3c-3534-4e6f-8e84-7609f6501c8e","[PREMIUM]","Used",2018,"Chrysler","300","Limited","[PREMIUM]","[PREMIUM]",76708,"Sedan","White","TAN","Rear-wheel Drive",,,"Gasoline",,,"dealership","[PREMIUM]","Jacksonville","FL","[PREMIUM]",,"[]",,,"[PREMIUM]"
"3e50f277-b985-45ad-97a8-529e2d82da4e","2026-05-06 23:18:03.364","2026-05-06 23:18:03.364","3e50f277-b985-45ad-97a8-529e2d82da4e","[PREMIUM]","Used",2018,"Nissan","Rogue","SL","[PREMIUM]","[PREMIUM]",83351,"SUV","Gray","BROWN","Four-wheel Drive",,,"Gasoline",,,"dealership","[PREMIUM]","Hagerstown","MD","[PREMIUM]",,"[]",,,"[PREMIUM]"
"84cd1c35-baf2-49ae-a6b8-115d937332a3","2026-05-06 23:18:03.363","2026-05-06 23:18:03.363","84cd1c35-baf2-49ae-a6b8-115d937332a3","[PREMIUM]","Used",2018,"Subaru","Impreza","Sport","[PREMIUM]","[PREMIUM]",63790,"Sedan","Black","BLACK","4WD",,,"Gas",,,"dealership","[PREMIUM]","Newark","DE","[PREMIUM]",,"[]",,,"[PREMIUM]"
"6dc3f172-0200-4099-9f5f-774e07d66542","2026-05-06 23:18:03.362","2026-05-06 23:18:03.362","6dc3f172-0200-4099-9f5f-774e07d66542","[PREMIUM]","Used",2019,"Volkswagen","Tiguan","2.0T SEL","[PREMIUM]","[PREMIUM]",95819,"SUV","White","Black","All-wheel Drive",,,"Gasoline",,,"dealership","[PREMIUM]","Acworth","GA","[PREMIUM]",,"[]",,,"[PREMIUM]"
"76defa44-02b8-46e3-a09b-1a65c3399987","2026-05-06 23:18:03.361","2026-05-06 23:18:03.361","76defa44-02b8-46e3-a09b-1a65c3399987","[PREMIUM]","Used",2018,"Nissan","Pathfinder","SL","[PREMIUM]","[PREMIUM]",62864,"SUV","Gray","BLACK","Four-wheel Drive",,,"Gasoline",,,"dealership","[PREMIUM]","South Jordan","UT","[PREMIUM]",,"[]",,,"[PREMIUM]"
"c89c72ea-ab89-48d4-9643-ef21e7aa2fb6","2026-05-06 23:18:03.359","2026-05-06 23:18:03.359","c89c72ea-ab89-48d4-9643-ef21e7aa2fb6","[PREMIUM]","Used",2019,"Dodge","Charger","SXT","[PREMIUM]","[PREMIUM]",53304,"Sedan","Gray","Gray","RWD",,,"Gasoline",,,"dealership","[PREMIUM]","Dallas","TX","[PREMIUM]",,"[]",,,"[PREMIUM]"
"9e1ab57d-5564-4474-bc47-7570c9820f58","2026-05-06 23:18:03.350","2026-05-06 23:18:03.350","9e1ab57d-5564-4474-bc47-7570c9820f58","[PREMIUM]","Used",2018,"Mercedes-Benz","GLC 300",,"[PREMIUM]","[PREMIUM]",67000,"SUV","Black","BLACK","Rear-wheel Drive",,,"Gasoline",,,"dealership","[PREMIUM]","San Antonio","TX","[PREMIUM]",,"[]",,,"[PREMIUM]"
"ba59fc7b-09ac-4a99-a8ec-db24286236d2","2026-05-06 23:18:03.346","2026-05-09 23:18:19.183","ba59fc7b-09ac-4a99-a8ec-db24286236d2","[PREMIUM]","Used",2018,"Toyota","RAV4","XLE","[PREMIUM]","[PREMIUM]",113219,"SUV","Purple","BLACK","Rear-wheel Drive",,,"Gasoline",,,"dealership","[PREMIUM]","San Antonio","TX","[PREMIUM]",,"[]",,,"[PREMIUM]"
"fa78651f-1960-4471-8773-c87b612b23e4","2026-05-06 23:18:03.343","2026-05-09 23:18:18.803","fa78651f-1960-4471-8773-c87b612b23e4","[PREMIUM]","Used",2018,"Mazda","CX-5","Touring","[PREMIUM]","[PREMIUM]",86100,"SUV","Red","TAN","Rear-wheel Drive",,,"Gasoline",,,"dealership","[PREMIUM]","Raleigh","NC","[PREMIUM]",,"[]",,,"[PREMIUM]"
"9194f89a-5e65-4a58-bab0-5eb30065b004","2026-05-06 23:18:03.341","2026-05-06 23:18:03.341","9194f89a-5e65-4a58-bab0-5eb30065b004","[PREMIUM]","Used",2019,"Toyota","Camry","LE","[PREMIUM]","[PREMIUM]",47045,"Sedan","Red","Macadamia","Front-wheel Drive",,,"Gasoline",,,"dealership","[PREMIUM]","Estero","FL","[PREMIUM]",,"[]",,,"[PREMIUM]"
"96722c09-7b1a-40b5-a1e3-7d560390d2f1","2026-05-06 23:18:03.341","2026-05-06 23:18:03.341","96722c09-7b1a-40b5-a1e3-7d560390d2f1","[PREMIUM]","Used",2018,"Nissan","Maxima","SR","[PREMIUM]","[PREMIUM]",76363,"Sedan","Black","BLACK","Rear-wheel Drive",,,"Gasoline",,,"dealership","[PREMIUM]","Charlotte","NC","[PREMIUM]",,"[]",,,"[PREMIUM]"
"8dbb8e6e-0dae-406c-a304-bdbf1aa2cc97","2026-05-06 23:18:03.331","2026-05-06 23:18:03.331","8dbb8e6e-0dae-406c-a304-bdbf1aa2cc97","[PREMIUM]","Used",2018,"Subaru","Outback","2.5I Premium","[PREMIUM]","[PREMIUM]",83830,"Wagon","Gray","BLACK","Four-wheel Drive",,,"Gasoline",,,"dealership","[PREMIUM]","Roseville","CA","[PREMIUM]",,"[]",,,"[PREMIUM]"
"10b2f794-f2d7-4fbc-8d20-498ee36735ba","2026-05-06 23:17:53.239","2026-05-06 23:17:53.239","10b2f794-f2d7-4fbc-8d20-498ee36735ba","[PREMIUM]","Used",2019,"Ford","Explorer","XLT","[PREMIUM]","[PREMIUM]",83449,"SUV","White Platinum Clearcoat Metallic","Medium Light Stone","Four-wheel Drive",,,"Gasoline",,,"dealership","[PREMIUM]","Ithaca","NY","[PREMIUM]",,"[]",,,"[PREMIUM]"
"f410a178-0b31-466d-a4fd-d3a004996c72","2026-05-06 23:17:53.236","2026-05-06 23:17:53.236","f410a178-0b31-466d-a4fd-d3a004996c72","[PREMIUM]","Used",2019,"Chevrolet","Silverado 1500 LD","1LT","[PREMIUM]","[PREMIUM]",92091,"Truck","Black","Jet Black","Rear-wheel Drive",,,"Gasoline",,,"dealership","[PREMIUM]","Pompano Beach","FL","[PREMIUM]",,"[]",,,"[PREMIUM]"
"76670c12-9a87-47c4-bad1-84e8a99d3168","2026-05-06 23:17:53.080","2026-05-06 23:17:53.080","76670c12-9a87-47c4-bad1-84e8a99d3168","[PREMIUM]","Used",2019,"Ford","Escape","Titanium","[PREMIUM]","[PREMIUM]",73139,"SUV","Black Metallic","Medium Light Stone","Four-wheel Drive",,,"Gasoline",,,"dealership","[PREMIUM]","Seekonk","MA","[PREMIUM]",,"[]",,,"[PREMIUM]"
"49867b05-19e3-4665-b068-eb1730cce561","2026-05-06 23:17:53.036","2026-05-06 23:17:53.036","49867b05-19e3-4665-b068-eb1730cce561","[PREMIUM]","Used",2019,"Subaru","Legacy","3.6R Limited","[PREMIUM]","[PREMIUM]",75327,"Sedan","Crystal Black Silica","Ivory","All-wheel Drive",,,"Gasoline",,,"dealership","[PREMIUM]","Apex","NC","[PREMIUM]",,"[]",,,"[PREMIUM]"
"933fd5de-6f63-4f66-ba9a-7a12ef651dac","2026-05-06 23:17:53.017","2026-05-06 23:17:53.017","933fd5de-6f63-4f66-ba9a-7a12ef651dac","[PREMIUM]","Used",2019,"Jeep","Cherokee","High Altitude","[PREMIUM]","[PREMIUM]",90745,"SUV","Diamond Black Crystal Pearlcoat","Black","Four-wheel Drive",,,"Gasoline",,,"dealership","[PREMIUM]","Tyler","TX","[PREMIUM]",,"[]",,,"[PREMIUM]"
"123fc395-779e-4a88-b78f-418860a0abf8","2026-05-06 23:17:52.969","2026-05-06 23:17:52.969","123fc395-779e-4a88-b78f-418860a0abf8","[PREMIUM]","Used",2019,"Subaru","Legacy","2.5i Premium","[PREMIUM]","[PREMIUM]",54940,"Sedan","Crimson Red Pearl","Black","All-wheel Drive",,,"Gasoline",,,"dealership","[PREMIUM]","Liverpool","NY","[PREMIUM]",,"[]",,,"[PREMIUM]"
"1f5c8e5b-ac9c-4f96-9a41-d6fc2ef1642d","2026-05-06 23:17:52.969","2026-05-06 23:17:52.969","1f5c8e5b-ac9c-4f96-9a41-d6fc2ef1642d","[PREMIUM]","Used",2019,"Buick","Encore","ESSENCE","[PREMIUM]","[PREMIUM]",46728,"SUV","Quicksilver Metallic","Ebony",,,,,,,"dealership","[PREMIUM]","Albuquerque","NM","[PREMIUM]",,"[]",,,"[PREMIUM]"
"5056bb38-0af1-426b-bc39-83c28fd3d11c","2026-05-06 23:17:52.958","2026-05-09 23:18:08.819","5056bb38-0af1-426b-bc39-83c28fd3d11c","[PREMIUM]","Used",2019,"Honda","CR-V","EX","[PREMIUM]","[PREMIUM]",97136,"SUV","Black","Black","Front-wheel Drive",,,"Gasoline",,,"dealership","[PREMIUM]","North Richland Hills","TX","[PREMIUM]",,"[]",,,"[PREMIUM]"
"51c56544-7a7b-4547-bcab-5f5b04c2d648","2026-05-06 23:17:52.952","2026-05-06 23:17:52.952","51c56544-7a7b-4547-bcab-5f5b04c2d648","[PREMIUM]","Used",2019,"Honda","Passport","EX-L","[PREMIUM]","[PREMIUM]",124660,"SUV","Maroon","Black","All-wheel Drive",,,"Gasoline",,,"dealership","[PREMIUM]","Newark","DE","[PREMIUM]",,"[]",,,"[PREMIUM]"
