"_primaryKey","_firstSeenAt","_lastSeenAt","listingId","vin","stockType","year","make","model","trim","price","msrp","mileage","bodyStyle","exteriorColor","interiorColor","drivetrain","transmission","engine","fuelType","mpg","stockNumber","sellerType","sellerName","sellerCity","sellerState","images","imagesCount","options","optionsCount","description","listingUrl"
"a997dd39-6c6f-4e90-92dd-43b7a92a0f24","2026-05-22 23:59:50.090","2026-05-22 23:59:50.090","a997dd39-6c6f-4e90-92dd-43b7a92a0f24","[PREMIUM]","New",2026,"Mitsubishi","Outlander","ES S-AWC","[PREMIUM]","[PREMIUM]",1,"SUV","Red Diamond","Black","All-wheel Drive",,,"Gasoline",,,"dealership","[PREMIUM]","Bedford","OH","[PREMIUM]",,"[]",,,"[PREMIUM]"
"268d80f1-3e75-4cb6-8732-f1bde3f794ec","2026-05-22 23:59:49.868","2026-05-22 23:59:49.868","268d80f1-3e75-4cb6-8732-f1bde3f794ec","[PREMIUM]","New",2026,"Buick","Encore GX","Sport Touring","[PREMIUM]","[PREMIUM]",1,"SUV","Ebony Twilight Metallic","Ebony w/Santorini Blue Stitching","All-wheel Drive",,,"Gasoline",,,"dealership","[PREMIUM]","South Kingstown","RI","[PREMIUM]",,"[]",,,"[PREMIUM]"
"d2e5311e-bd53-4123-ab2f-60c7d8fb2bbf","2026-05-22 23:59:49.858","2026-05-22 23:59:49.858","d2e5311e-bd53-4123-ab2f-60c7d8fb2bbf","[PREMIUM]","New",2026,"Nissan","Rogue","SV","[PREMIUM]","[PREMIUM]",10,"SUV","Gun Metallic","Charcoal","All-wheel Drive",,,"Gasoline",,,"dealership","[PREMIUM]","Washington","PA","[PREMIUM]",,"[]",,,"[PREMIUM]"
"f7a235f2-1ff6-4eef-b3fe-82a28c2b2939","2026-05-22 23:59:49.847","2026-05-22 23:59:49.847","f7a235f2-1ff6-4eef-b3fe-82a28c2b2939","[PREMIUM]","New",2026,"Ford","Mustang","EcoBoost","[PREMIUM]","[PREMIUM]",0,"Coupe","Carbonized Gray Metallic","Seats Black Onyx","Rear-wheel Drive",,,"Gasoline",,,"dealership","[PREMIUM]","Pasco","WA","[PREMIUM]",,"[]",,,"[PREMIUM]"
"7328bf83-a3f1-4974-8394-b6e138ac797c","2026-05-22 23:59:49.846","2026-05-22 23:59:49.846","7328bf83-a3f1-4974-8394-b6e138ac797c","[PREMIUM]","New",2026,"Mazda","CX-5","2.5 S Select Package","[PREMIUM]","[PREMIUM]",0,"SUV","Polymetal Gray Metallic","Black","All-wheel Drive",,,"Gasoline",,,"dealership","[PREMIUM]","Fairless Hills","PA","[PREMIUM]",,"[]",,,"[PREMIUM]"
"8ad4542b-f654-4c83-b239-39a0e625feb6","2026-05-22 23:59:49.844","2026-05-22 23:59:49.844","8ad4542b-f654-4c83-b239-39a0e625feb6","[PREMIUM]","New",2026,"Buick","Encore GX","Sport Touring","[PREMIUM]","[PREMIUM]",1,"SUV","Moonstone Gray Metallic","Ebony w/Santorini Blue Stitching","All-wheel Drive",,,"Gasoline",,,"dealership","[PREMIUM]","South Kingstown","RI","[PREMIUM]",,"[]",,,"[PREMIUM]"
"cd5eb3c3-a5b1-4cd9-820a-52549e0f4112","2026-05-22 23:59:49.837","2026-05-26 00:00:10.765","cd5eb3c3-a5b1-4cd9-820a-52549e0f4112","[PREMIUM]","New",2026,"Acura","Integra","FWD","[PREMIUM]","[PREMIUM]",7,"Hatchback","Solar Silver Metallic","Black","Front Wheel Drive",,,"Gasoline",,,"dealership","[PREMIUM]","Columbus","OH","[PREMIUM]",,"[]",,,"[PREMIUM]"
"b0e815fa-836a-498a-84a9-2df3813d757d","2026-05-22 23:59:49.835","2026-05-22 23:59:49.835","b0e815fa-836a-498a-84a9-2df3813d757d","[PREMIUM]","New",2026,"Buick","Encore GX","Sport Touring","[PREMIUM]","[PREMIUM]",0,"SUV","Ocean Blue Metallic","EBONY W/ SANTORINI BLUE","All-wheel Drive",,,"Gasoline",,,"dealership","[PREMIUM]","Newport","TN","[PREMIUM]",,"[]",,,"[PREMIUM]"
"42ba1794-8668-49fd-986f-25b1eedc693c","2026-05-22 23:59:49.833","2026-05-22 23:59:49.833","42ba1794-8668-49fd-986f-25b1eedc693c","[PREMIUM]","New",2026,"Buick","Encore GX","Sport Touring","[PREMIUM]","[PREMIUM]",0,"SUV","Moonstone Gray Metallic","EBONY W/ SANTORINI BLUE A","All-wheel Drive",,,"Gasoline",,,"dealership","[PREMIUM]","Newport","TN","[PREMIUM]",,"[]",,,"[PREMIUM]"
"9665db68-71c7-43b3-bc8a-31a1f759c02f","2026-05-22 23:59:49.826","2026-05-22 23:59:49.826","9665db68-71c7-43b3-bc8a-31a1f759c02f","[PREMIUM]","New",2026,"Chevrolet","Equinox EV","LT","[PREMIUM]","[PREMIUM]",0,"SUV","Sterling Gray Metallic","Black","Front-wheel Drive",,,"Electric",,,"dealership","[PREMIUM]","Buellton","CA","[PREMIUM]",,"[]",,,"[PREMIUM]"
"d9d4a43a-e4d1-44e5-a46c-db567ef39723","2026-05-22 23:59:39.276","2026-05-22 23:59:39.276","d9d4a43a-e4d1-44e5-a46c-db567ef39723","[PREMIUM]","New",2026,"Kia","Sportage","EX","[PREMIUM]","[PREMIUM]",0,"SUV","Wolf Gray","Black","Front-wheel Drive",,,"Gasoline",,,"dealership","[PREMIUM]","Madison Heights","MI","[PREMIUM]",,"[]",,,"[PREMIUM]"
"f8122c83-4899-4824-ba70-475c5e8030ee","2026-05-22 23:59:39.270","2026-05-22 23:59:39.270","f8122c83-4899-4824-ba70-475c5e8030ee","[PREMIUM]","New",2026,"Ford","Maverick","XL","[PREMIUM]","[PREMIUM]",6,"Truck","OXFORD WHITE","NAVY PIER - BLACK/SLATE","All-wheel Drive",,,"Gasoline",,,"dealership","[PREMIUM]","Lexington","KY","[PREMIUM]",,"[]",,,"[PREMIUM]"
"fdc9e7db-15a4-4507-a7ee-b90b105d0d94","2026-05-22 23:59:39.269","2026-05-22 23:59:39.269","fdc9e7db-15a4-4507-a7ee-b90b105d0d94","[PREMIUM]","New",2026,"Toyota","Corolla Cross","XLE","[PREMIUM]","[PREMIUM]",0,"SUV","Cavalry Blue","Black SofTex","Front-wheel Drive",,,"Gasoline",,,"dealership","[PREMIUM]","Los Angeles","CA","[PREMIUM]",,"[]",,,"[PREMIUM]"
"6a8eb711-4eff-4e2a-b897-8c4fa7c20a5f","2026-05-22 23:59:29.263","2026-05-22 23:59:29.263","6a8eb711-4eff-4e2a-b897-8c4fa7c20a5f","[PREMIUM]","New",2026,"Subaru","Crosstrek","Premium","[PREMIUM]","[PREMIUM]",0,"SUV","Magnetite Gray Metallic","Gray","All-wheel Drive",,,"Gasoline",,,"dealership","[PREMIUM]","Waldorf","MD","[PREMIUM]",,"[]",,,"[PREMIUM]"
"67965c39-0f87-416a-b3ed-e45591a0447d","2026-05-22 23:59:28.967","2026-05-25 23:59:40.732","67965c39-0f87-416a-b3ed-e45591a0447d","[PREMIUM]","New",2026,"Subaru","Outback","Premium","[PREMIUM]","[PREMIUM]",0,"SUV","Crystal White Pearl","Titanium Gray","All-wheel Drive",,,"Gasoline",,,"dealership","[PREMIUM]","Waldorf","MD","[PREMIUM]",,"[]",,,"[PREMIUM]"
"ecbb93a4-815b-4ba8-a837-1eff2e699103","2026-05-22 23:59:28.967","2026-05-22 23:59:28.967","ecbb93a4-815b-4ba8-a837-1eff2e699103","[PREMIUM]","New",2026,"Subaru","Outback","Premium","[PREMIUM]","[PREMIUM]",0,"SUV","Emerald","Blk Startex-Trmmed","All-wheel Drive",,,"Gasoline",,,"dealership","[PREMIUM]","Waldorf","MD","[PREMIUM]",,"[]",,,"[PREMIUM]"
"94ef0511-8754-40df-baf3-418cc532ef5e","2026-05-22 23:59:28.961","2026-05-25 23:59:40.696","94ef0511-8754-40df-baf3-418cc532ef5e","[PREMIUM]","New",2026,"Subaru","Crosstrek","Premium","[PREMIUM]","[PREMIUM]",0,"SUV","Ice Silver Metallic","Black","All-wheel Drive",,,"Gasoline",,,"dealership","[PREMIUM]","Waldorf","MD","[PREMIUM]",,"[]",,,"[PREMIUM]"
"20102b8e-7b4b-4534-9bfd-296960caf284","2026-05-22 23:59:09.808","2026-05-25 23:59:20.413","20102b8e-7b4b-4534-9bfd-296960caf284","[PREMIUM]","New",2026,"Honda","Accord","LX 1.5T","[PREMIUM]","[PREMIUM]",10,"Sedan","Platinum White Pearl","Black","Front-wheel Drive",,,"Gasoline",,,"dealership","[PREMIUM]","Sea Girt","NJ","[PREMIUM]",,"[]",,,"[PREMIUM]"
"bd573854-3dc7-4e1e-b1d8-eb658675cfd9","2026-05-22 23:59:08.774","2026-05-22 23:59:08.774","bd573854-3dc7-4e1e-b1d8-eb658675cfd9","[PREMIUM]","Used",2026,"Kia","Sportage","EX","[PREMIUM]","[PREMIUM]",2562,"SUV","Glacial White Pearl","Black","Front-wheel Drive",,,"Gasoline",,,"dealership","[PREMIUM]","Denison","TX","[PREMIUM]",,"[]",,,"[PREMIUM]"
"c9a829bc-acf4-4031-9fc1-f799b4a05d21","2026-05-22 23:59:08.756","2026-05-22 23:59:08.756","c9a829bc-acf4-4031-9fc1-f799b4a05d21","[PREMIUM]","New",2026,"Subaru","Crosstrek","Limited","[PREMIUM]","[PREMIUM]",0,"SUV","Crystal White Pearl","Gray","All-wheel Drive",,,"Gasoline",,,"dealership","[PREMIUM]","Waldorf","MD","[PREMIUM]",,"[]",,,"[PREMIUM]"
"2fabd80d-a16e-4e04-ba31-936bfce5a05c","2026-05-22 23:59:08.727","2026-05-22 23:59:08.727","2fabd80d-a16e-4e04-ba31-936bfce5a05c","[PREMIUM]","New",2026,"Nissan","Rogue","Rock Creek","[PREMIUM]","[PREMIUM]",0,"SUV","Obsidian Green","Charcoal","All-wheel Drive",,,"Gasoline",,,"dealership","[PREMIUM]","Corinth","TX","[PREMIUM]",,"[]",,,"[PREMIUM]"
"35da81fa-d729-4db5-a566-07955ee939e4","2026-05-22 23:59:08.616","2026-05-22 23:59:08.616","35da81fa-d729-4db5-a566-07955ee939e4","[PREMIUM]","New",2026,"Chevrolet","Trailblazer","ACTIV","[PREMIUM]","[PREMIUM]",5,"SUV","Cacti Green","Jet Black With Yellow Stitching","Front-wheel Drive",,,"Gasoline",,,"dealership","[PREMIUM]","Hicksville","OH","[PREMIUM]",,"[]",,,"[PREMIUM]"
"781c7e30-5400-4111-a0a7-ed1ebd5f85f4","2026-05-22 23:59:08.613","2026-05-22 23:59:08.613","781c7e30-5400-4111-a0a7-ed1ebd5f85f4","[PREMIUM]","New",2026,"Kia","Sportage","EX","[PREMIUM]","[PREMIUM]",6,"SUV","Panthera Metal Gray","Black","Front-wheel Drive",,,"Gasoline",,,"dealership","[PREMIUM]","Milw","WI","[PREMIUM]",,"[]",,,"[PREMIUM]"
"3bdcb041-3759-4dee-9982-9748f113faf1","2026-05-22 23:59:08.610","2026-05-22 23:59:08.610","3bdcb041-3759-4dee-9982-9748f113faf1","[PREMIUM]","New",2026,"Kia","Niro","EX","[PREMIUM]","[PREMIUM]",6,"SUV","Snow White Pearl","Charcoal","Front-wheel Drive",,,"Gasoline",,,"dealership","[PREMIUM]","Milw","WI","[PREMIUM]",,"[]",,,"[PREMIUM]"
"e560cf42-dca0-48e4-bcc2-851b0f2b37b6","2026-05-22 23:59:08.601","2026-05-22 23:59:08.601","e560cf42-dca0-48e4-bcc2-851b0f2b37b6","[PREMIUM]","New",2026,"Subaru","Crosstrek","Sport","[PREMIUM]","[PREMIUM]",0,"SUV","Sapphire Blue Pearl","Gray","All-wheel Drive",,,"Gasoline",,,"dealership","[PREMIUM]","Waldorf","MD","[PREMIUM]",,"[]",,,"[PREMIUM]"
"876ab9c5-d5be-44f7-a43c-704f33e59913","2026-05-22 23:59:08.597","2026-05-22 23:59:08.597","876ab9c5-d5be-44f7-a43c-704f33e59913","[PREMIUM]","New",2026,"Subaru","Forester","Premium","[PREMIUM]","[PREMIUM]",0,"SUV","Magnetite Gray Metallic","Gray","All-wheel Drive",,,"Gasoline",,,"dealership","[PREMIUM]","Waldorf","MD","[PREMIUM]",,"[]",,,"[PREMIUM]"
"6ae60bc1-4fcb-4b2a-9114-8e5b333d4aa9","2026-05-22 23:59:08.592","2026-05-22 23:59:08.592","6ae60bc1-4fcb-4b2a-9114-8e5b333d4aa9","[PREMIUM]","New",2026,"Ford","Escape","Active","[PREMIUM]","[PREMIUM]",0,"SUV","Rapid Red Metallic Tinted Clearcoat","Ebony","Front-wheel Drive",,,"Gasoline",,,"dealership","[PREMIUM]","Dickson","TN","[PREMIUM]",,"[]",,,"[PREMIUM]"
"a30e854c-fb2e-40e4-a16c-7cad263a1af0","2026-05-22 23:58:59.002","2026-05-22 23:58:59.002","a30e854c-fb2e-40e4-a16c-7cad263a1af0","[PREMIUM]","New",2026,"Buick","Encore GX","Sport Touring","[PREMIUM]","[PREMIUM]",10,"SUV","Ebony Twilight Metallic","Ebony w/Santorini Blue Stitching","Front-wheel Drive",,,"Gasoline",,,"dealership","[PREMIUM]","Miami","FL","[PREMIUM]",,"[]",,,"[PREMIUM]"
"13c4cac0-f819-47c5-b4dd-253ca59d9593","2026-05-22 23:58:58.348","2026-05-22 23:58:58.348","13c4cac0-f819-47c5-b4dd-253ca59d9593","[PREMIUM]","New",2026,"Buick","Encore GX","Sport Touring","[PREMIUM]","[PREMIUM]",10,"SUV","Ebony Twilight Metallic","Ebony w/Santorini Blue Stitching","Front-wheel Drive",,,"Gasoline",,,"dealership","[PREMIUM]","Miami","FL","[PREMIUM]",,"[]",,,"[PREMIUM]"
"be9495ca-31fe-49ee-a8f8-6327c07ba3b1","2026-05-22 23:58:58.343","2026-05-22 23:58:58.343","be9495ca-31fe-49ee-a8f8-6327c07ba3b1","[PREMIUM]","New",2026,"Honda","Civic Si","Base","[PREMIUM]","[PREMIUM]",20,"Sedan","Platinum White Pearl","Black/Red","Front-wheel Drive",,,"Gasoline",,,"dealership","[PREMIUM]","Libertyville","IL","[PREMIUM]",,"[]",,,"[PREMIUM]"
"b85064f3-73b0-4719-b09f-efcc469c012e","2026-05-22 23:58:58.334","2026-05-22 23:58:58.334","b85064f3-73b0-4719-b09f-efcc469c012e","[PREMIUM]","Used",2026,"Toyota","Camry","SE","[PREMIUM]","[PREMIUM]",5329,"Sedan","Ice Cap","Boulder","Front-wheel Drive",,,"Gasoline",,,"dealership","[PREMIUM]","Stuart","FL","[PREMIUM]",,"[]",,,"[PREMIUM]"
"d3621a69-c99d-436e-a5c7-1991223a18c3","2026-05-22 23:58:58.256","2026-05-22 23:58:58.256","d3621a69-c99d-436e-a5c7-1991223a18c3","[PREMIUM]","New",2026,"Nissan","Leaf","S+","[PREMIUM]","[PREMIUM]",4,"SUV","Gun Metallic","Dark","Front-wheel Drive",,,"Electric",,,"dealership","[PREMIUM]","Gilroy","CA","[PREMIUM]",,"[]",,,"[PREMIUM]"
"8ad26408-4113-4f3c-9e99-f5cfc35cae8b","2026-05-22 23:58:58.254","2026-05-22 23:58:58.254","8ad26408-4113-4f3c-9e99-f5cfc35cae8b","[PREMIUM]","New",2026,"Buick","Encore GX","Sport Touring","[PREMIUM]","[PREMIUM]",10,"SUV","Moonstone Gray Metallic","Ebony w/Santorini Blue Stitching","Front-wheel Drive",,,"Gasoline",,,"dealership","[PREMIUM]","Miami","FL","[PREMIUM]",,"[]",,,"[PREMIUM]"
"903932cc-9aed-42a2-8bdb-7010d5bce756","2026-05-22 23:58:58.251","2026-05-22 23:58:58.251","903932cc-9aed-42a2-8bdb-7010d5bce756","[PREMIUM]","New",2026,"Mazda","CX-30","2.5 S Premium Package","[PREMIUM]","[PREMIUM]",2,"SUV","Soul Red Crystal Metallic","Black","All-wheel Drive",,,"Gasoline",,,"dealership","[PREMIUM]","Franklin","TN","[PREMIUM]",,"[]",,,"[PREMIUM]"
"8f17ef74-d3a5-4e96-b736-9e88d6df20f9","2026-05-22 23:58:36.993","2026-05-22 23:58:36.993","8f17ef74-d3a5-4e96-b736-9e88d6df20f9","[PREMIUM]","New",2026,"Chevrolet","Trailblazer","RS","[PREMIUM]","[PREMIUM]",0,"SUV","Apex Red","Jet Black w/Red Accents","All-wheel Drive",,,"Gasoline",,,"dealership","[PREMIUM]","Lexington","IL","[PREMIUM]",,"[]",,,"[PREMIUM]"
"58946b44-68d1-4ccd-af00-9cc592bd344a","2026-05-22 23:58:26.933","2026-05-22 23:58:26.933","58946b44-68d1-4ccd-af00-9cc592bd344a","[PREMIUM]","New",2026,"Volkswagen","Taos","SE Black","[PREMIUM]","[PREMIUM]",7,"SUV","Pure White w/Deep Blk Rf","Black","All-wheel Drive",,,"Gasoline",,,"dealership","[PREMIUM]","Sheboygan","WI","[PREMIUM]",,"[]",,,"[PREMIUM]"
"1dc8f187-b3d9-4edb-b1aa-1b50ec03d848","2026-05-22 23:58:26.921","2026-05-22 23:58:26.921","1dc8f187-b3d9-4edb-b1aa-1b50ec03d848","[PREMIUM]","New",2026,"Toyota","Camry","SE","[PREMIUM]","[PREMIUM]",0,"Sedan","Gray","Black","FWD",,,"Hybrid",,,"dealership","[PREMIUM]","Miami","FL","[PREMIUM]",,"[]",,,"[PREMIUM]"
"3a991b09-b3b0-40c2-8b39-c226b8fcfde1","2026-05-22 23:58:26.873","2026-05-22 23:58:26.873","3a991b09-b3b0-40c2-8b39-c226b8fcfde1","[PREMIUM]","New",2026,"Nissan","Frontier","S","[PREMIUM]","[PREMIUM]",12,"Truck","Glacier White","Charcoal","Rear-wheel Drive",,,"Gasoline",,,"dealership","[PREMIUM]","Orlando","FL","[PREMIUM]",,"[]",,,"[PREMIUM]"
"69b30d9b-8f45-4a9a-8c20-362c9231d69c","2026-05-22 23:58:26.854","2026-05-22 23:58:26.854","69b30d9b-8f45-4a9a-8c20-362c9231d69c","[PREMIUM]","New",2026,"Nissan","Frontier","S","[PREMIUM]","[PREMIUM]",12,"Truck","Glacier White","Charcoal","Rear-wheel Drive",,,"Gasoline",,,"dealership","[PREMIUM]","Orlando","FL","[PREMIUM]",,"[]",,,"[PREMIUM]"
"e603b328-2dff-445c-b885-9158e5c83f14","2026-05-22 23:58:26.850","2026-05-22 23:58:26.850","e603b328-2dff-445c-b885-9158e5c83f14","[PREMIUM]","New",2026,"Nissan","Frontier","S","[PREMIUM]","[PREMIUM]",12,"Truck","Glacier White","Charcoal","Rear-wheel Drive",,,"Gasoline",,,"dealership","[PREMIUM]","Orlando","FL","[PREMIUM]",,"[]",,,"[PREMIUM]"
"9532a864-53fa-41af-b26c-203b336af4c1","2026-05-22 23:58:26.805","2026-05-22 23:58:26.805","9532a864-53fa-41af-b26c-203b336af4c1","[PREMIUM]","New",2026,"Honda","Civic Hybrid","Sport","[PREMIUM]","[PREMIUM]",0,"Hatchback","Crystal Black Pearl","Blk Clth/Lthette","Front-wheel Drive",,,"Hybrid",,,"dealership","[PREMIUM]","Lima","OH","[PREMIUM]",,"[]",,,"[PREMIUM]"
"49443ad8-63e5-4612-a09d-7c6e76ef5d9f","2026-05-22 23:58:16.487","2026-05-22 23:58:16.487","49443ad8-63e5-4612-a09d-7c6e76ef5d9f","[PREMIUM]","New",2026,"Toyota","Corolla Cross","LE","[PREMIUM]","[PREMIUM]",10,"SUV","Jet Black","Black","All-wheel Drive",,,"Gasoline",,,"dealership","[PREMIUM]","Spokane","WA","[PREMIUM]",,"[]",,,"[PREMIUM]"
"74c70645-1e91-4a12-9a3a-903a5a7cf5b6","2026-05-22 23:58:16.481","2026-05-22 23:58:16.481","74c70645-1e91-4a12-9a3a-903a5a7cf5b6","[PREMIUM]","New",2026,"Jeep","Compass","Latitude","[PREMIUM]","[PREMIUM]",11,"SUV","Red Hot Pearlcoat","Black","Four-wheel Drive",,,"Gasoline",,,"dealership","[PREMIUM]","Union Grove","WI","[PREMIUM]",,"[]",,,"[PREMIUM]"
"4472b87e-8dac-4302-a9ed-2fe15ee60843","2026-05-22 23:58:16.471","2026-05-22 23:58:16.471","4472b87e-8dac-4302-a9ed-2fe15ee60843","[PREMIUM]","New",2026,"Chevrolet","Equinox","1LT","[PREMIUM]","[PREMIUM]",0,"SUV","Radiant Red Tintcoat","Black","Front-wheel Drive",,,"Gasoline",,,"dealership","[PREMIUM]","Saint Cloud","FL","[PREMIUM]",,"[]",,,"[PREMIUM]"
"0d524c5b-ef6b-4b34-ae84-1cad6a8c0220","2026-05-22 23:58:16.447","2026-05-22 23:58:16.447","0d524c5b-ef6b-4b34-ae84-1cad6a8c0220","[PREMIUM]","New",2026,"Subaru","Crosstrek","Premium","[PREMIUM]","[PREMIUM]",0,"SUV","Blue","Black","AWD",,,"Gasoline",,,"dealership","[PREMIUM]","Colorado Springs","CO","[PREMIUM]",,"[]",,,"[PREMIUM]"
"9ac06ccf-cd16-4bc5-8998-165bcdada85e","2026-05-22 23:58:16.440","2026-05-22 23:58:16.440","9ac06ccf-cd16-4bc5-8998-165bcdada85e","[PREMIUM]","New",2026,"Ford","Bronco Sport","Big Bend","[PREMIUM]","[PREMIUM]",4,"SUV","Space White Metallic","W Easy Clean Material Smoked Truffle","Four-wheel Drive",,,"Gasoline",,,"dealership","[PREMIUM]","New Smyrna Beach","FL","[PREMIUM]",,"[]",,,"[PREMIUM]"
"59846d52-953a-4df8-9e66-f7d1edd6475e","2026-05-22 23:58:16.438","2026-05-22 23:58:16.438","59846d52-953a-4df8-9e66-f7d1edd6475e","[PREMIUM]","New",2026,"Toyota","Camry","SE","[PREMIUM]","[PREMIUM]",0,"Sedan","Gray","Boulder","FWD",,,"Hybrid",,,"dealership","[PREMIUM]","Miami","FL","[PREMIUM]",,"[]",,,"[PREMIUM]"
"e09fc65d-7abd-41c5-89a4-0c48f011ca27","2026-05-22 23:58:16.416","2026-05-22 23:58:16.416","e09fc65d-7abd-41c5-89a4-0c48f011ca27","[PREMIUM]","New",2026,"Ford","Bronco Sport","Big Bend","[PREMIUM]","[PREMIUM]",4,"SUV","Azure Gray Metallic Tri-Coat","W Easy Clean Material Smoked Truffle","Four-wheel Drive",,,"Gasoline",,,"dealership","[PREMIUM]","New Smyrna Beach","FL","[PREMIUM]",,"[]",,,"[PREMIUM]"
"72162dba-fb89-47cd-8a76-87850f5c9f4d","2026-05-22 23:58:16.408","2026-05-22 23:58:16.408","72162dba-fb89-47cd-8a76-87850f5c9f4d","[PREMIUM]","New",2026,"Subaru","Crosstrek","Premium","[PREMIUM]","[PREMIUM]",0,"SUV","Ice Silver","Black","All-wheel Drive",,,"Gasoline",,,"dealership","[PREMIUM]","Bellingham","WA","[PREMIUM]",,"[]",,,"[PREMIUM]"
"65e10d6b-80e4-4c0b-b8d7-9ed34e41f5e2","2026-05-22 23:58:16.394","2026-05-22 23:58:16.394","65e10d6b-80e4-4c0b-b8d7-9ed34e41f5e2","[PREMIUM]","New",2026,"Toyota","Camry","SE","[PREMIUM]","[PREMIUM]",0,"Sedan","Gray","Boulder","FWD",,,"Hybrid",,,"dealership","[PREMIUM]","Miami","FL","[PREMIUM]",,"[]",,,"[PREMIUM]"
"ba3709ec-3365-40aa-97af-c5155eaaf7f9","2026-05-22 23:58:16.393","2026-05-22 23:58:16.393","ba3709ec-3365-40aa-97af-c5155eaaf7f9","[PREMIUM]","New",2026,"Toyota","RAV4","LE","[PREMIUM]","[PREMIUM]",0,"SUV","Gray","Black","FWD",,,"Gasoline",,,"dealership","[PREMIUM]","Miami","FL","[PREMIUM]",,"[]",,,"[PREMIUM]"
"dff157c1-b09b-46cd-9388-2f74f931e31f","2026-05-22 23:58:16.388","2026-05-22 23:58:16.388","dff157c1-b09b-46cd-9388-2f74f931e31f","[PREMIUM]","New",2026,"Toyota","RAV4","LE","[PREMIUM]","[PREMIUM]",0,"SUV","Gray","Black","FWD",,,"Gasoline",,,"dealership","[PREMIUM]","Miami","FL","[PREMIUM]",,"[]",,,"[PREMIUM]"
"4a86036d-98c5-4ce9-b65e-f5fe578341ac","2026-05-22 23:58:16.379","2026-05-22 23:58:16.379","4a86036d-98c5-4ce9-b65e-f5fe578341ac","[PREMIUM]","New",2026,"Toyota","Camry","LE","[PREMIUM]","[PREMIUM]",0,"Sedan","Black","Boulder","FWD",,,"Hybrid",,,"dealership","[PREMIUM]","Miami","FL","[PREMIUM]",,"[]",,,"[PREMIUM]"
"c069def1-4cfc-4a38-a006-46c53a612642","2026-05-22 23:58:05.842","2026-05-22 23:58:05.842","c069def1-4cfc-4a38-a006-46c53a612642","[PREMIUM]","New",2026,"Subaru","Crosstrek","Premium","[PREMIUM]","[PREMIUM]",0,"SUV","Blue","Black","AWD",,,"Gasoline",,,"dealership","[PREMIUM]","Colorado Springs","CO","[PREMIUM]",,"[]",,,"[PREMIUM]"
"68382be2-d409-4093-b77e-038e99ce66cf","2026-05-22 23:58:05.835","2026-05-22 23:58:05.835","68382be2-d409-4093-b77e-038e99ce66cf","[PREMIUM]","New",2026,"Toyota","Corolla Cross","LE","[PREMIUM]","[PREMIUM]",0,"SUV","Gray","Gray","FWD",,,"Gasoline",,,"dealership","[PREMIUM]","Miami","FL","[PREMIUM]",,"[]",,,"[PREMIUM]"
"bf32261f-c2b1-4352-8b7c-1deb7eefb2c8","2026-05-22 23:58:05.830","2026-05-22 23:58:05.830","bf32261f-c2b1-4352-8b7c-1deb7eefb2c8","[PREMIUM]","New",2026,"Chevrolet","Equinox","LT","[PREMIUM]","[PREMIUM]",0,"SUV","Radiant Red","Black","AWD",,,"Gasoline",,,"dealership","[PREMIUM]","Green Bay","WI","[PREMIUM]",,"[]",,,"[PREMIUM]"
"a73515b3-8747-4f6f-85fa-f4d153fc2f75","2026-05-22 23:58:05.825","2026-05-22 23:58:05.825","a73515b3-8747-4f6f-85fa-f4d153fc2f75","[PREMIUM]","New",2026,"Honda","CR-V","LX AWD","[PREMIUM]","[PREMIUM]",5,"SUV","Meteorite Gray Metallic","Black","All-wheel Drive",,,"Gasoline",,,"dealership","[PREMIUM]","Elyria","OH","[PREMIUM]",,"[]",,,"[PREMIUM]"
"5ce0bc27-82ba-467c-a1b4-00e49ffc3159","2026-05-22 23:58:05.816","2026-05-22 23:58:05.816","5ce0bc27-82ba-467c-a1b4-00e49ffc3159","[PREMIUM]","New",2026,"Toyota","Camry","SE","[PREMIUM]","[PREMIUM]",0,"Sedan","White","Black","FWD",,,"Hybrid",,,"dealership","[PREMIUM]","Miami","FL","[PREMIUM]",,"[]",,,"[PREMIUM]"
"e316edd0-9dfa-4479-ba97-afd29727b7b0","2026-05-22 23:58:05.814","2026-05-22 23:58:05.814","e316edd0-9dfa-4479-ba97-afd29727b7b0","[PREMIUM]","New",2026,"Honda","CR-V","LX AWD","[PREMIUM]","[PREMIUM]",5,"SUV","Crystal Black Pearl","Black","All-wheel Drive",,,"Gasoline",,,"dealership","[PREMIUM]","Elyria","OH","[PREMIUM]",,"[]",,,"[PREMIUM]"
"27d42517-0e2b-4b57-a4c8-85e490d91023","2026-05-22 23:58:05.808","2026-05-22 23:58:05.808","27d42517-0e2b-4b57-a4c8-85e490d91023","[PREMIUM]","New",2026,"Toyota","Camry","SE","[PREMIUM]","[PREMIUM]",0,"Sedan","Gray","Black","FWD",,,"Hybrid",,,"dealership","[PREMIUM]","Miami","FL","[PREMIUM]",,"[]",,,"[PREMIUM]"
"8f7750ec-f1bc-4c1c-b813-887f75e87b68","2026-05-22 23:58:05.808","2026-05-22 23:58:05.808","8f7750ec-f1bc-4c1c-b813-887f75e87b68","[PREMIUM]","New",2026,"Toyota","Camry","SE","[PREMIUM]","[PREMIUM]",0,"Sedan","White","Black","FWD",,,"Hybrid",,,"dealership","[PREMIUM]","Miami","FL","[PREMIUM]",,"[]",,,"[PREMIUM]"
"4db07062-4261-4bf6-8045-306aa1d2ee90","2026-05-22 23:58:05.803","2026-05-22 23:58:05.803","4db07062-4261-4bf6-8045-306aa1d2ee90","[PREMIUM]","New",2026,"Hyundai","SANTA FE","SE","[PREMIUM]","[PREMIUM]",5,"SUV","Phantom Black","Black","Front-wheel Drive",,,"Gasoline",,,"dealership","[PREMIUM]","Catonsville","MD","[PREMIUM]",,"[]",,,"[PREMIUM]"
"b80694a0-7ccf-4e63-afad-e0b450cc683b","2026-05-22 23:58:05.802","2026-05-22 23:58:05.802","b80694a0-7ccf-4e63-afad-e0b450cc683b","[PREMIUM]","New",2026,"Toyota","Camry","SE","[PREMIUM]","[PREMIUM]",0,"Sedan","Gray","Black","FWD",,,"Hybrid",,,"dealership","[PREMIUM]","Miami","FL","[PREMIUM]",,"[]",,,"[PREMIUM]"
"8125e9cc-1e83-4342-92f5-1470c8d3d197","2026-05-22 23:58:05.799","2026-05-22 23:58:05.799","8125e9cc-1e83-4342-92f5-1470c8d3d197","[PREMIUM]","New",2026,"Toyota","Corolla Cross","LE","[PREMIUM]","[PREMIUM]",0,"SUV","Gray","Gray","FWD",,,"Gasoline",,,"dealership","[PREMIUM]","Miami","FL","[PREMIUM]",,"[]",,,"[PREMIUM]"
"09170a70-c909-411f-9669-130e7cf69120","2026-05-22 23:58:05.796","2026-05-25 23:58:20.529","09170a70-c909-411f-9669-130e7cf69120","[PREMIUM]","New",2026,"Toyota","Corolla Cross","LE","[PREMIUM]","[PREMIUM]",0,"SUV","Blue","Black","Front-wheel Drive",,,"Gasoline",,,"dealership","[PREMIUM]","Miami","FL","[PREMIUM]",,"[]",,,"[PREMIUM]"
"c2785d2c-6a2c-4ba3-8a63-1c436bc5028a","2026-05-22 23:58:05.782","2026-05-22 23:58:05.782","c2785d2c-6a2c-4ba3-8a63-1c436bc5028a","[PREMIUM]","New",2026,"Toyota","Camry","SE","[PREMIUM]","[PREMIUM]",0,"Sedan","Gray","Black","FWD",,,"Hybrid",,,"dealership","[PREMIUM]","Miami","FL","[PREMIUM]",,"[]",,,"[PREMIUM]"
"855db6e7-d6c2-4df0-896f-61c8475d307a","2026-05-22 23:57:55.375","2026-05-22 23:57:55.375","855db6e7-d6c2-4df0-896f-61c8475d307a","[PREMIUM]","New",2026,"Toyota","Tacoma","SR","[PREMIUM]","[PREMIUM]",0,"Truck","Gray","Black","RWD",,,"Gasoline",,,"dealership","[PREMIUM]","Miami","FL","[PREMIUM]",,"[]",,,"[PREMIUM]"
"31378e57-3772-4881-927d-cc8d20538e7d","2026-05-22 23:57:55.365","2026-05-22 23:57:55.365","31378e57-3772-4881-927d-cc8d20538e7d","[PREMIUM]","New",2026,"Volkswagen","Tiguan","2.0T SE","[PREMIUM]","[PREMIUM]",6,"SUV","pyrite silver metallic","Gray","Front Wheel Drive",,,"Regular unleaded",,,"dealership","[PREMIUM]","Jacksonville","FL","[PREMIUM]",,"[]",,,"[PREMIUM]"
"f4658cbc-42b3-4e36-a6bb-aa14d1008e47","2026-05-22 23:57:55.357","2026-05-22 23:57:55.357","f4658cbc-42b3-4e36-a6bb-aa14d1008e47","[PREMIUM]","New",2026,"Toyota","Camry","SE","[PREMIUM]","[PREMIUM]",0,"Sedan","Gray","Black","FWD",,,"Hybrid",,,"dealership","[PREMIUM]","Miami","FL","[PREMIUM]",,"[]",,,"[PREMIUM]"
"7b4420de-2fea-47bf-99d0-aad75cac2b9f","2026-05-22 23:57:55.345","2026-05-25 23:57:59.876","7b4420de-2fea-47bf-99d0-aad75cac2b9f","[PREMIUM]","New",2026,"Toyota","Corolla Cross","LE","[PREMIUM]","[PREMIUM]",0,"SUV","Gray","Gray","Front-wheel Drive",,,"Gasoline",,,"dealership","[PREMIUM]","Miami","FL","[PREMIUM]",,"[]",,,"[PREMIUM]"
"d6431bee-9633-42af-a275-a9cc8d4ad43c","2026-05-22 23:57:55.302","2026-05-22 23:57:55.302","d6431bee-9633-42af-a275-a9cc8d4ad43c","[PREMIUM]","New",2026,"Honda","CR-V","EX 2WD","[PREMIUM]","[PREMIUM]",10,"SUV","Meteorite Gray Metallic","Gray","Front Wheel Drive",,,"Gasoline",,,"dealership","[PREMIUM]","Stuart","FL","[PREMIUM]",,"[]",,,"[PREMIUM]"
"03ee7abd-79b6-4e29-876c-57cb4ca7f98e","2026-05-22 23:57:55.284","2026-05-22 23:57:55.284","03ee7abd-79b6-4e29-876c-57cb4ca7f98e","[PREMIUM]","New",2026,"Toyota","RAV4","LE","[PREMIUM]","[PREMIUM]",12,"SUV","Ice","Black","Front-wheel Drive",,,"Gasoline",,,"dealership","[PREMIUM]","North Little Rock","AR","[PREMIUM]",,"[]",,,"[PREMIUM]"
"e86ddd6c-46a6-4bb9-b96c-7ef504274b16","2026-05-22 23:57:55.269","2026-05-22 23:57:55.269","e86ddd6c-46a6-4bb9-b96c-7ef504274b16","[PREMIUM]","New",2026,"Toyota","Camry","SE","[PREMIUM]","[PREMIUM]",0,"Sedan","Gray","Black","FWD",,,"Hybrid",,,"dealership","[PREMIUM]","Miami","FL","[PREMIUM]",,"[]",,,"[PREMIUM]"
"fc2bacce-6985-498b-a50e-667a43123000","2026-05-22 23:57:55.269","2026-05-22 23:57:55.269","fc2bacce-6985-498b-a50e-667a43123000","[PREMIUM]","New",2026,"Chevrolet","Equinox","1LT","[PREMIUM]","[PREMIUM]",0,"SUV","Summit White","Artemis Gry Evotex","Front-wheel Drive",,,"Gasoline",,,"dealership","[PREMIUM]","Lincoln","NE","[PREMIUM]",,"[]",,,"[PREMIUM]"
"1e59b98d-b3fb-4a12-a166-bfdea3637897","2026-05-22 23:57:55.262","2026-05-22 23:57:55.262","1e59b98d-b3fb-4a12-a166-bfdea3637897","[PREMIUM]","New",2026,"Kia","Sportage","EX","[PREMIUM]","[PREMIUM]",1,"SUV","Wolf Gray","Black","Front-wheel Drive",,,"E85 Flex Fuel",,,"dealership","[PREMIUM]","Lithonia","GA","[PREMIUM]",,"[]",,,"[PREMIUM]"
"68fb69ac-7474-4acf-8aae-e9a16a37a02e","2026-05-22 23:57:55.262","2026-05-25 23:58:10.304","68fb69ac-7474-4acf-8aae-e9a16a37a02e","[PREMIUM]","New",2026,"Volkswagen","Jetta GLI","2.0T Autobahn","[PREMIUM]","[PREMIUM]",6,"Sedan","Gray","Grigio/Titan Black","Front Wheel Drive",,,"Premium unleaded",,,"dealership","[PREMIUM]","Jacksonville","FL","[PREMIUM]",,"[]",,,"[PREMIUM]"
"fb50c1a8-19b3-46fc-93d3-301a65b5eaea","2026-05-22 23:57:55.260","2026-05-22 23:57:55.260","fb50c1a8-19b3-46fc-93d3-301a65b5eaea","[PREMIUM]","New",2026,"Toyota","Camry","LE","[PREMIUM]","[PREMIUM]",0,"Sedan","Red","Black","FWD",,,"Hybrid",,,"dealership","[PREMIUM]","Miami","FL","[PREMIUM]",,"[]",,,"[PREMIUM]"
"132bc5b9-e5db-452e-8fb6-f97cdd58c693","2026-05-22 23:57:55.253","2026-05-22 23:57:55.253","132bc5b9-e5db-452e-8fb6-f97cdd58c693","[PREMIUM]","New",2026,"Kia","K5","GT-Line FWD","[PREMIUM]","[PREMIUM]",5,"Sedan","Gray","Black","Front-wheel Drive",,,"Gasoline",,,"dealership","[PREMIUM]","Plano","TX","[PREMIUM]",,"[]",,,"[PREMIUM]"
"cb8c9288-2c9d-4021-8f0a-0d656717536c","2026-05-22 23:57:55.250","2026-05-25 23:57:59.925","cb8c9288-2c9d-4021-8f0a-0d656717536c","[PREMIUM]","New",2026,"Volkswagen","Jetta GLI","2.0T Autobahn","[PREMIUM]","[PREMIUM]",6,"Sedan","Pure White","Grigio/Titan Black","Front Wheel Drive",,,"Premium unleaded",,,"dealership","[PREMIUM]","Jacksonville","FL","[PREMIUM]",,"[]",,,"[PREMIUM]"
"3fca6914-8b98-41be-b9fe-b5a9fb6e6077","2026-05-22 23:57:55.246","2026-05-22 23:57:55.246","3fca6914-8b98-41be-b9fe-b5a9fb6e6077","[PREMIUM]","New",2026,"Volkswagen","Jetta GLI","2.0T Autobahn","[PREMIUM]","[PREMIUM]",6,"Sedan","Pure White","Grigio/Titan Black","Front Wheel Drive",,,"Premium unleaded",,,"dealership","[PREMIUM]","Jacksonville","FL","[PREMIUM]",,"[]",,,"[PREMIUM]"
"e463aa21-515c-47e0-8ea2-9823c88c0c7a","2026-05-22 23:57:55.242","2026-05-22 23:57:55.242","e463aa21-515c-47e0-8ea2-9823c88c0c7a","[PREMIUM]","New",2026,"Toyota","Camry","SE","[PREMIUM]","[PREMIUM]",0,"Sedan","Gray","Boulder","FWD",,,"Hybrid",,,"dealership","[PREMIUM]","Miami","FL","[PREMIUM]",,"[]",,,"[PREMIUM]"
"ecbc8b88-c80d-4c6f-abb7-44e751e96fbd","2026-05-22 23:57:55.239","2026-05-22 23:57:55.239","ecbc8b88-c80d-4c6f-abb7-44e751e96fbd","[PREMIUM]","New",2026,"Toyota","Camry","SE","[PREMIUM]","[PREMIUM]",0,"Sedan","White","Boulder","FWD",,,"Hybrid",,,"dealership","[PREMIUM]","Miami","FL","[PREMIUM]",,"[]",,,"[PREMIUM]"
"f34a646f-aea5-454e-a029-017a2f0e841e","2026-05-22 23:57:45.257","2026-05-22 23:57:45.257","f34a646f-aea5-454e-a029-017a2f0e841e","[PREMIUM]","New",2026,"Kia","Sorento","S","[PREMIUM]","[PREMIUM]",5,"SUV","White","Gray","Front-wheel Drive",,,"Gasoline",,,"dealership","[PREMIUM]","St. Louis","MO","[PREMIUM]",,"[]",,,"[PREMIUM]"
"5fb73cdf-f49b-4b71-ad76-ceaa076a25ec","2026-05-22 23:57:45.185","2026-05-22 23:57:45.185","5fb73cdf-f49b-4b71-ad76-ceaa076a25ec","[PREMIUM]","New",2026,"Ford","Maverick","XL","[PREMIUM]","[PREMIUM]",5,"Truck","Oxford White","Black Onyx/Dark Slate","Front-wheel Drive",,,"Gasoline",,,"dealership","[PREMIUM]","Lees Summit","MO","[PREMIUM]",,"[]",,,"[PREMIUM]"
"a1be4e70-2e6c-4fef-b98d-d102bdeafedf","2026-05-22 23:57:45.161","2026-05-22 23:57:45.161","a1be4e70-2e6c-4fef-b98d-d102bdeafedf","[PREMIUM]","New",2026,"Nissan","Altima","SR","[PREMIUM]","[PREMIUM]",7,"Sedan","Gun Metallic/Super Black","Sport","Front-wheel Drive",,,"Gasoline",,,"dealership","[PREMIUM]","Indianapolis","IN","[PREMIUM]",,"[]",,,"[PREMIUM]"
"ef22c8f1-47e3-4b2a-b1cd-cb2672571455","2026-05-22 23:57:44.781","2026-05-22 23:57:44.781","ef22c8f1-47e3-4b2a-b1cd-cb2672571455","[PREMIUM]","New",2026,"Kia","Sportage","EX","[PREMIUM]","[PREMIUM]",5,"SUV","Gray","Black","Front-wheel Drive",,,"Gasoline",,,"dealership","[PREMIUM]","St. Louis","MO","[PREMIUM]",,"[]",,,"[PREMIUM]"
"efdcad59-4298-444c-8e28-9ed792ebf9e4","2026-05-22 23:57:44.775","2026-05-22 23:57:44.775","efdcad59-4298-444c-8e28-9ed792ebf9e4","[PREMIUM]","New",2026,"Honda","Accord","SE","[PREMIUM]","[PREMIUM]",0,"Sedan","Meteorite Gray Metallic","Black","Front-wheel Drive",,,"Gasoline",,,"dealership","[PREMIUM]","Glen Head","NY","[PREMIUM]",,"[]",,,"[PREMIUM]"
"daec1faf-fb70-44e1-bc3d-5fc73a825084","2026-05-22 23:57:44.767","2026-05-22 23:57:44.767","daec1faf-fb70-44e1-bc3d-5fc73a825084","[PREMIUM]","New",2026,"Toyota","Camry","SE","[PREMIUM]","[PREMIUM]",0,"Sedan","Underground","Boulder","Front-wheel Drive",,,"Gasoline",,,"dealership","[PREMIUM]","Punta Gorda","FL","[PREMIUM]",,"[]",,,"[PREMIUM]"
"19e1b602-ba98-4a87-9f6a-b245f32d9741","2026-05-22 23:57:34.269","2026-05-25 23:57:50.319","19e1b602-ba98-4a87-9f6a-b245f32d9741","[PREMIUM]","New",2026,"Volkswagen","Tiguan","2.0T SE 4MOTION","[PREMIUM]","[PREMIUM]",5,"SUV","monterey blue pearl","Grigio &amp; Black","All-wheel Drive",,,"Gasoline",,,"dealership","[PREMIUM]","Jacksonville","FL","[PREMIUM]",,"[]",,,"[PREMIUM]"
"74c9cf06-0aeb-4969-be96-8b230e8d1424","2026-05-22 23:57:23.926","2026-05-25 23:57:30.377","74c9cf06-0aeb-4969-be96-8b230e8d1424","[PREMIUM]","New",2026,"Kia","Sportage","EX","[PREMIUM]","[PREMIUM]",5,"SUV","Panthera Metal","Black","Front-wheel Drive",,,"Gasoline",,,"dealership","[PREMIUM]","Cerritos","CA","[PREMIUM]",,"[]",,,"[PREMIUM]"
"16b1ed9f-3d1a-45f4-b1c9-3fb03b2c60cf","2026-05-22 23:57:13.858","2026-05-22 23:57:13.858","16b1ed9f-3d1a-45f4-b1c9-3fb03b2c60cf","[PREMIUM]","New",2026,"Volkswagen","Taos","SE","[PREMIUM]","[PREMIUM]",6,"SUV","Moss","Black Cloudtex","Front Wheel Drive",,,"Regular unleaded",,,"dealership","[PREMIUM]","Jacksonville","FL","[PREMIUM]",,"[]",,,"[PREMIUM]"
"e2345180-86c5-4e23-8717-7930beb217d6","2026-05-22 23:57:13.851","2026-05-22 23:57:13.851","e2345180-86c5-4e23-8717-7930beb217d6","[PREMIUM]","New",2026,"Volkswagen","Jetta GLI","2.0T Autobahn","[PREMIUM]","[PREMIUM]",6,"Sedan","Deep Black","Grigio/Titan Black","Front Wheel Drive",,,"Premium unleaded",,,"dealership","[PREMIUM]","Jacksonville","FL","[PREMIUM]",,"[]",,,"[PREMIUM]"
"fa3b2025-a8c9-4e9d-85de-fce4ea18bdbd","2026-05-22 23:57:13.849","2026-05-22 23:57:13.849","fa3b2025-a8c9-4e9d-85de-fce4ea18bdbd","[PREMIUM]","New",2026,"Toyota","Corolla Cross Hybrid","S","[PREMIUM]","[PREMIUM]",0,"SUV","Gray","Gray","AWD",,,"Hybrid",,,"dealership","[PREMIUM]","Miami","FL","[PREMIUM]",,"[]",,,"[PREMIUM]"
"1b4900e8-b856-4ebb-b2a9-5065825c7a36","2026-05-22 23:57:13.845","2026-05-22 23:57:13.845","1b4900e8-b856-4ebb-b2a9-5065825c7a36","[PREMIUM]","New",2026,"Toyota","Corolla Cross","XLE","[PREMIUM]","[PREMIUM]",0,"SUV","White",,"AWD",,,"Gasoline",,,"dealership","[PREMIUM]","Miami","FL","[PREMIUM]",,"[]",,,"[PREMIUM]"
"a3a74da3-1786-441c-9306-0be3b7c4c5ad","2026-05-22 23:57:13.843","2026-05-22 23:57:13.843","a3a74da3-1786-441c-9306-0be3b7c4c5ad","[PREMIUM]","New",2026,"Volkswagen","Golf GTI","2.0T S DSG","[PREMIUM]","[PREMIUM]",6,"Hatchback","Slate Blue","titan black/scalepaper plaid","Front Wheel Drive",,,"Regular unleaded",,,"dealership","[PREMIUM]","Jacksonville","FL","[PREMIUM]",,"[]",,,"[PREMIUM]"
"7808f271-7b80-44b0-9aa3-15b78ac53846","2026-05-22 23:57:13.842","2026-05-22 23:57:13.842","7808f271-7b80-44b0-9aa3-15b78ac53846","[PREMIUM]","New",2026,"Toyota","Camry","SE","[PREMIUM]","[PREMIUM]",0,"Sedan","Blue","Boulder","FWD",,,"Hybrid",,,"dealership","[PREMIUM]","Miami","FL","[PREMIUM]",,"[]",,,"[PREMIUM]"
"89cdacb9-84be-4bd4-be8b-9620ebe521d8","2026-05-22 23:57:13.841","2026-05-22 23:57:13.841","89cdacb9-84be-4bd4-be8b-9620ebe521d8","[PREMIUM]","New",2026,"Toyota","Prius Plug-In Hybrid","SE","[PREMIUM]","[PREMIUM]",0,"Hatchback","White","Black / Red","FWD",,,"Hybrid",,,"dealership","[PREMIUM]","Miami","FL","[PREMIUM]",,"[]",,,"[PREMIUM]"
"480d3227-7729-45df-ae67-a9667873dee0","2026-05-22 23:57:13.834","2026-05-22 23:57:13.834","480d3227-7729-45df-ae67-a9667873dee0","[PREMIUM]","New",2026,"Kia","K5","GT-Line FWD","[PREMIUM]","[PREMIUM]",5,"Sedan","Aurora Black Pearl","Black","Front-wheel Drive",,,"Gasoline",,,"dealership","[PREMIUM]","Plano","TX","[PREMIUM]",,"[]",,,"[PREMIUM]"
"e883c753-8fd2-41f4-bd95-261263fd0b78","2026-05-22 23:57:13.832","2026-05-25 23:57:29.715","e883c753-8fd2-41f4-bd95-261263fd0b78","[PREMIUM]","New",2026,"Toyota","Camry","LE","[PREMIUM]","[PREMIUM]",0,"Sedan","Teal","Black","Front-wheel Drive",,,"Hybrid",,,"dealership","[PREMIUM]","Miami","FL","[PREMIUM]",,"[]",,,"[PREMIUM]"
"a613a471-509a-4b35-bcdb-76ec1eff5f18","2026-05-22 23:57:13.831","2026-05-22 23:57:13.831","a613a471-509a-4b35-bcdb-76ec1eff5f18","[PREMIUM]","New",2026,"Volkswagen","Jetta GLI","2.0T Autobahn","[PREMIUM]","[PREMIUM]",6,"Sedan","Red","Grigio/Titan Black","Front Wheel Drive",,,"Premium unleaded",,,"dealership","[PREMIUM]","Jacksonville","FL","[PREMIUM]",,"[]",,,"[PREMIUM]"
"8db01d8d-984d-4e0f-9043-88b97e3949a3","2026-05-22 23:57:13.829","2026-05-25 23:57:30.087","8db01d8d-984d-4e0f-9043-88b97e3949a3","[PREMIUM]","New",2026,"Toyota","Camry","SE","[PREMIUM]","[PREMIUM]",0,"Sedan","Gray","Black","Front-wheel Drive",,,"Hybrid",,,"dealership","[PREMIUM]","Miami","FL","[PREMIUM]",,"[]",,,"[PREMIUM]"
"d850a919-3bb5-4fc2-b270-a5130c21824d","2026-05-22 23:57:13.828","2026-05-22 23:57:13.828","d850a919-3bb5-4fc2-b270-a5130c21824d","[PREMIUM]","New",2026,"Toyota","Camry","SE","[PREMIUM]","[PREMIUM]",0,"Sedan","Gray","Black","FWD",,,"Hybrid",,,"dealership","[PREMIUM]","Miami","FL","[PREMIUM]",,"[]",,,"[PREMIUM]"
"b69c99e4-8092-4c41-b347-ee7a33215f9f","2026-05-22 23:57:13.826","2026-05-22 23:57:13.826","b69c99e4-8092-4c41-b347-ee7a33215f9f","[PREMIUM]","New",2026,"Toyota","Camry","SE","[PREMIUM]","[PREMIUM]",0,"Sedan","Gray","Boulder","FWD",,,"Hybrid",,,"dealership","[PREMIUM]","Miami","FL","[PREMIUM]",,"[]",,,"[PREMIUM]"
"3098a56d-bad4-4241-8a91-8d4c97ad73e5","2026-05-22 23:57:13.818","2026-05-25 23:57:29.498","3098a56d-bad4-4241-8a91-8d4c97ad73e5","[PREMIUM]","New",2026,"Toyota","Camry","SE","[PREMIUM]","[PREMIUM]",0,"Sedan","Gray","Boulder","Front-wheel Drive",,,"Hybrid",,,"dealership","[PREMIUM]","Miami","FL","[PREMIUM]",,"[]",,,"[PREMIUM]"
"157d7479-42be-4b39-899b-a2cce98e11c2","2026-05-22 23:57:03.361","2026-05-22 23:57:03.361","157d7479-42be-4b39-899b-a2cce98e11c2","[PREMIUM]","New",2026,"Kia","Sportage","EX","[PREMIUM]","[PREMIUM]",5,"SUV","Blue","Black","All-wheel Drive",,,"Gasoline",,,"dealership","[PREMIUM]","Freehold","NJ","[PREMIUM]",,"[]",,,"[PREMIUM]"
"fe94a9dd-ce91-4145-8f1a-a324dbfe43d1","2026-05-22 23:57:03.358","2026-05-22 23:57:03.358","fe94a9dd-ce91-4145-8f1a-a324dbfe43d1","[PREMIUM]","Used",2026,"Chevrolet","Equinox","1LT","[PREMIUM]","[PREMIUM]",580,"SUV","Summit White","Artemis Gray","Front-wheel Drive",,,"Gasoline",,,"dealership","[PREMIUM]","Mechanicsburg","OH","[PREMIUM]",,"[]",,,"[PREMIUM]"
"f6b909d9-d519-49b4-846c-da1924ab27f9","2026-05-22 23:57:03.352","2026-05-25 23:57:09.813","f6b909d9-d519-49b4-846c-da1924ab27f9","[PREMIUM]","New",2026,"Chevrolet","Equinox","1LT","[PREMIUM]","[PREMIUM]",5,"SUV","Mosaic Black Metallic","Black","Front-wheel Drive",,,"Gasoline",,,"dealership","[PREMIUM]","Rochester Hills","MI","[PREMIUM]",,"[]",,,"[PREMIUM]"
"7a1afe20-df59-491b-9ecc-0ff012784fa1","2026-05-22 23:57:03.328","2026-05-22 23:57:03.328","7a1afe20-df59-491b-9ecc-0ff012784fa1","[PREMIUM]","New",2026,"Kia","K5","GT-Line FWD","[PREMIUM]","[PREMIUM]",5,"Sedan","Snow White Pearl","Black","Front-wheel Drive",,,"Gasoline",,,"dealership","[PREMIUM]","Plano","TX","[PREMIUM]",,"[]",,,"[PREMIUM]"
"49399192-9db6-47c0-bec9-e168cfa284a8","2026-05-22 23:57:03.171","2026-05-22 23:57:03.171","49399192-9db6-47c0-bec9-e168cfa284a8","[PREMIUM]","New",2026,"Chevrolet","Equinox","1LT","[PREMIUM]","[PREMIUM]",5,"SUV","Sterling Gray Metallic","Black","Front-wheel Drive",,,"Gasoline",,,"dealership","[PREMIUM]","Rochester Hills","MI","[PREMIUM]",,"[]",,,"[PREMIUM]"
"015fd7f8-e8b8-43ee-b376-9d94a4c1b638","2026-05-22 23:56:52.681","2026-05-22 23:56:52.681","015fd7f8-e8b8-43ee-b376-9d94a4c1b638","[PREMIUM]","New",2026,"Hyundai","SANTA CRUZ","SEL","[PREMIUM]","[PREMIUM]",10,"Truck","Hampton Gray","Black","Front-wheel Drive",,,"Gasoline",,,"dealership","[PREMIUM]","Brookshire","TX","[PREMIUM]",,"[]",,,"[PREMIUM]"
"0d42ba5a-3ec0-47f7-9236-b7394a262d0e","2026-05-22 23:56:52.658","2026-05-22 23:56:52.658","0d42ba5a-3ec0-47f7-9236-b7394a262d0e","[PREMIUM]","New",2026,"Nissan","Frontier","S","[PREMIUM]","[PREMIUM]",0,"Truck","Glacier White","Charcoal","Rear-wheel Drive",,,"Gasoline",,,"dealership","[PREMIUM]","Longwood","FL","[PREMIUM]",,"[]",,,"[PREMIUM]"
"7d6feade-9d5c-4dbf-be75-8de28bb695cf","2026-05-22 23:56:52.645","2026-05-25 23:57:09.227","7d6feade-9d5c-4dbf-be75-8de28bb695cf","[PREMIUM]","New",2026,"Acura","Integra","Base","[PREMIUM]","[PREMIUM]",4,"Hatchback","Solar Silver Metallic","Ebony","Front-wheel Drive",,,"Gasoline",,,"dealership","[PREMIUM]","Goleta","CA","[PREMIUM]",,"[]",,,"[PREMIUM]"
"2cbc96f2-d3f0-4bce-9ca6-50dd29c69138","2026-05-22 23:56:52.643","2026-05-22 23:56:52.643","2cbc96f2-d3f0-4bce-9ca6-50dd29c69138","[PREMIUM]","New",2026,"Hyundai","TUCSON","SEL","[PREMIUM]","[PREMIUM]",3,"SUV","Ultimate Red","Black","Front-wheel Drive",,,"Gasoline",,,"dealership","[PREMIUM]","Pensacola","FL","[PREMIUM]",,"[]",,,"[PREMIUM]"
"33cca813-29c1-4b00-9510-d5946f424d79","2026-05-22 23:56:52.641","2026-05-22 23:56:52.641","33cca813-29c1-4b00-9510-d5946f424d79","[PREMIUM]","New",2026,"Nissan","Frontier","S","[PREMIUM]","[PREMIUM]",0,"Truck","Glacier White","Charcoal","Rear-wheel Drive",,,"Gasoline",,,"dealership","[PREMIUM]","Longwood","FL","[PREMIUM]",,"[]",,,"[PREMIUM]"
"993d60a7-8b80-4e8c-9c99-fcf53cb2db4d","2026-05-22 23:56:52.638","2026-05-22 23:56:52.638","993d60a7-8b80-4e8c-9c99-fcf53cb2db4d","[PREMIUM]","New",2026,"Nissan","Frontier","S","[PREMIUM]","[PREMIUM]",0,"Truck","Glacier White","Charcoal","Rear-wheel Drive",,,"Gasoline",,,"dealership","[PREMIUM]","Longwood","FL","[PREMIUM]",,"[]",,,"[PREMIUM]"
"7566ae04-7162-4aa8-92b7-957631b466f6","2026-05-22 23:56:52.637","2026-05-22 23:56:52.637","7566ae04-7162-4aa8-92b7-957631b466f6","[PREMIUM]","Used",2026,"Hyundai","TUCSON","SEL","[PREMIUM]","[PREMIUM]",4982,"SUV","Gray","Gray","Front-wheel Drive",,,"Gasoline",,,"dealership","[PREMIUM]","Pinellas Park","FL","[PREMIUM]",,"[]",,,"[PREMIUM]"
"27c83718-08e6-4e9f-ab67-b48d9be02135","2026-05-22 23:56:52.631","2026-05-22 23:56:52.631","27c83718-08e6-4e9f-ab67-b48d9be02135","[PREMIUM]","New",2026,"Chevrolet","Equinox","LT","[PREMIUM]","[PREMIUM]",0,"SUV","Sterling Gray Metallic","Black","Front-wheel Drive",,,"Gasoline",,,"dealership","[PREMIUM]","Troy","MI","[PREMIUM]",,"[]",,,"[PREMIUM]"
"c6a69ea9-a01f-4830-a6d8-739c70141d01","2026-05-22 23:56:52.631","2026-05-22 23:56:52.631","c6a69ea9-a01f-4830-a6d8-739c70141d01","[PREMIUM]","New",2026,"Hyundai","TUCSON","SE","[PREMIUM]","[PREMIUM]",9,"SUV","Shimmering Silver","Black","Front-wheel Drive",,,"Gasoline",,,"dealership","[PREMIUM]","Brookshire","TX","[PREMIUM]",,"[]",,,"[PREMIUM]"
"0c13d706-3cb5-477e-97bc-4840bbf53e31","2026-05-22 23:56:52.625","2026-05-28 23:57:25.297","0c13d706-3cb5-477e-97bc-4840bbf53e31","[PREMIUM]","New",2026,"Acura","Integra","Base","[PREMIUM]","[PREMIUM]",4,"Hatchback","Solar Silver Metallic","Ebony","Front-wheel Drive",,,"Gasoline",,,"dealership","[PREMIUM]","Goleta","CA","[PREMIUM]",,"[]",,,"[PREMIUM]"
"51ff084e-d8bb-47dd-835d-c1ec8fd0e1d5","2026-05-22 23:56:52.619","2026-05-25 23:57:09.606","51ff084e-d8bb-47dd-835d-c1ec8fd0e1d5","[PREMIUM]","New",2026,"Hyundai","SONATA","SEL","[PREMIUM]","[PREMIUM]",6,"Sedan","Ultimate Red","Black","Front-wheel Drive",,,"Gasoline",,,"dealership","[PREMIUM]","Newark","DE","[PREMIUM]",,"[]",,,"[PREMIUM]"
"f8844ce3-3c76-4220-b3c5-12978c8cc87c","2026-05-22 23:56:52.619","2026-05-22 23:56:52.619","f8844ce3-3c76-4220-b3c5-12978c8cc87c","[PREMIUM]","Used",2026,"Ford","Maverick","XLT","[PREMIUM]","[PREMIUM]",2733,"Truck","Ruby Red Metallic Tinted Clearcoat","Navy Pier/Aspen Gray","All-wheel Drive",,,"Gasoline",,,"dealership","[PREMIUM]","Gainesville","FL","[PREMIUM]",,"[]",,,"[PREMIUM]"
"e77d4be1-9e6e-4514-ba07-19e1da4bdece","2026-05-22 23:56:52.615","2026-05-22 23:56:52.615","e77d4be1-9e6e-4514-ba07-19e1da4bdece","[PREMIUM]","New",2026,"Hyundai","TUCSON","SEL","[PREMIUM]","[PREMIUM]",15,"SUV","Phantom Black","Gray","Front-wheel Drive",,,"Gasoline",,,"dealership","[PREMIUM]","Brookshire","TX","[PREMIUM]",,"[]",,,"[PREMIUM]"
"cafcde2e-b8a9-45be-8b27-aea445426879","2026-05-22 23:56:52.614","2026-05-22 23:56:52.614","cafcde2e-b8a9-45be-8b27-aea445426879","[PREMIUM]","New",2026,"Hyundai","KONA","Limited","[PREMIUM]","[PREMIUM]",0,"SUV","Mirage Green","Black","Front-wheel Drive",,,"Gasoline",,,"dealership","[PREMIUM]","Midlothian","VA","[PREMIUM]",,"[]",,,"[PREMIUM]"
"7478af4d-23f7-488f-b9a7-8b06e4c23f08","2026-05-22 23:56:42.722","2026-05-22 23:56:42.722","7478af4d-23f7-488f-b9a7-8b06e4c23f08","[PREMIUM]","New",2026,"Hyundai","SONATA","SEL","[PREMIUM]","[PREMIUM]",6,"Sedan","Serenity White","Black","Front-wheel Drive",,,"Gasoline",,,"dealership","[PREMIUM]","Newark","DE","[PREMIUM]",,"[]",,,"[PREMIUM]"
"fd9a1e15-cb41-4542-9fb5-6dd8085c5e9c","2026-05-22 23:56:42.472","2026-05-22 23:56:42.472","fd9a1e15-cb41-4542-9fb5-6dd8085c5e9c","[PREMIUM]","New",2026,"Chevrolet","Equinox","1LT","[PREMIUM]","[PREMIUM]",0,"SUV","Radiant Red Tintcoat","BLACK","Front-wheel Drive",,,"Gasoline",,,"dealership","[PREMIUM]","Lubbock","TX","[PREMIUM]",,"[]",,,"[PREMIUM]"
"42f71aae-76fb-4229-9a28-d9132e8101d9","2026-05-22 23:56:42.434","2026-05-22 23:56:42.434","42f71aae-76fb-4229-9a28-d9132e8101d9","[PREMIUM]","New",2026,"GMC","Terrain","FWD Elevation","[PREMIUM]","[PREMIUM]",2,"SUV","Summit White","After Dark","Front-wheel Drive",,,"Gasoline",,,"dealership","[PREMIUM]","Monroe","MI","[PREMIUM]",,"[]",,,"[PREMIUM]"
"74d0a430-46b3-4bd1-b10d-83241f9f4424","2026-05-22 23:56:42.162","2026-05-22 23:56:42.162","74d0a430-46b3-4bd1-b10d-83241f9f4424","[PREMIUM]","Used",2026,"Honda","Civic Si",,"[PREMIUM]","[PREMIUM]",12350,"Sedan","Urban Gray Pearl","Black/Red",,,,,,,"dealership","[PREMIUM]","Newton","MA","[PREMIUM]",,"[]",,,"[PREMIUM]"
"a6d9d02b-7c0d-4b5b-9304-edd8a77430ed","2026-05-22 23:56:42.052","2026-05-22 23:56:42.052","a6d9d02b-7c0d-4b5b-9304-edd8a77430ed","[PREMIUM]","New",2026,"Toyota","Camry","SE","[PREMIUM]","[PREMIUM]",0,"Sedan","Dark Cosmos","Black SofTex &amp; Fabric","Front-wheel Drive",,,"Gasoline",,,"dealership","[PREMIUM]","Hackensack","NJ","[PREMIUM]",,"[]",,,"[PREMIUM]"
"1b82faa2-a454-4c4a-91bd-fd045a6f41c9","2026-05-22 23:56:42.035","2026-05-22 23:56:42.035","1b82faa2-a454-4c4a-91bd-fd045a6f41c9","[PREMIUM]","New",2026,"Toyota","Camry","LE","[PREMIUM]","[PREMIUM]",0,"Sedan","Ice Cap","Black Fabric","Front-wheel Drive",,,"Gasoline",,,"dealership","[PREMIUM]","Hackensack","NJ","[PREMIUM]",,"[]",,,"[PREMIUM]"
"0fe20ec4-04ee-4a10-9370-79b8cb326323","2026-05-22 23:56:42.031","2026-05-22 23:56:42.031","0fe20ec4-04ee-4a10-9370-79b8cb326323","[PREMIUM]","New",2026,"GMC","Terrain","AWD Elevation","[PREMIUM]","[PREMIUM]",2,"SUV","Summit White","After Dark","All-wheel Drive",,,"Gasoline",,,"dealership","[PREMIUM]","Monroe","MI","[PREMIUM]",,"[]",,,"[PREMIUM]"
"70ed2c4e-1ff3-4b35-8922-364ed8364502","2026-05-22 23:56:42.031","2026-05-22 23:56:42.031","70ed2c4e-1ff3-4b35-8922-364ed8364502","[PREMIUM]","New",2026,"Toyota","Camry","LE","[PREMIUM]","[PREMIUM]",10,"Sedan","Ice Cap","Blk Fabric","Front-wheel Drive",,,"Gasoline",,,"dealership","[PREMIUM]","Bryan","TX","[PREMIUM]",,"[]",,,"[PREMIUM]"
"55b579c3-1a2b-4ed0-bb72-d3c55fd9a928","2026-05-22 23:56:42.008","2026-05-22 23:56:42.008","55b579c3-1a2b-4ed0-bb72-d3c55fd9a928","[PREMIUM]","New",2026,"Hyundai","TUCSON","SEL","[PREMIUM]","[PREMIUM]",4,"SUV","Hampton Gray","Gray","All-wheel Drive",,,"Gasoline",,,"dealership","[PREMIUM]","Newark","DE","[PREMIUM]",,"[]",,,"[PREMIUM]"
"ee0854a3-44ce-46fa-918f-040acb8b8f4e","2026-05-22 23:56:42.008","2026-05-22 23:56:42.008","ee0854a3-44ce-46fa-918f-040acb8b8f4e","[PREMIUM]","New",2026,"Toyota","Tacoma","SR","[PREMIUM]","[PREMIUM]",0,"Truck","Celestial Silver Metallic","Black Fabric","Rear-wheel Drive",,,"Gasoline",,,"dealership","[PREMIUM]","Hackensack","NJ","[PREMIUM]",,"[]",,,"[PREMIUM]"
"aae913c0-1813-4250-98de-e2410c8eb867","2026-05-22 23:56:42.005","2026-05-22 23:56:42.005","aae913c0-1813-4250-98de-e2410c8eb867","[PREMIUM]","New",2026,"Chevrolet","Trailblazer","RS","[PREMIUM]","[PREMIUM]",2,"SUV","Iridescent Pearl Tricoat","Jet Black w/Red Accents","Front-wheel Drive",,,"Gasoline",,,"dealership","[PREMIUM]","Evansville","IN","[PREMIUM]",,"[]",,,"[PREMIUM]"
"2f9245d0-62ec-4c57-b04b-c9a8623902b7","2026-05-22 23:56:31.438","2026-05-22 23:56:31.438","2f9245d0-62ec-4c57-b04b-c9a8623902b7","[PREMIUM]","New",2026,"Toyota","Camry","LE","[PREMIUM]","[PREMIUM]",0,"Sedan","Ice Cap","Black Fabric","Front-wheel Drive",,,"Gasoline",,,"dealership","[PREMIUM]","Hackensack","NJ","[PREMIUM]",,"[]",,,"[PREMIUM]"
"3c88fd47-b7f6-47b7-9e48-b2243d389fa1","2026-05-22 23:56:31.412","2026-05-22 23:56:31.412","3c88fd47-b7f6-47b7-9e48-b2243d389fa1","[PREMIUM]","New",2026,"Toyota","Camry","SE","[PREMIUM]","[PREMIUM]",0,"Sedan","Midnight Black Metallic","Black","Front-wheel Drive",,,"Gasoline",,,"dealership","[PREMIUM]","Hackensack","NJ","[PREMIUM]",,"[]",,,"[PREMIUM]"
"3258f2ea-aea3-4eb4-98a3-0812bf804a3d","2026-05-22 23:56:31.227","2026-05-22 23:56:31.227","3258f2ea-aea3-4eb4-98a3-0812bf804a3d","[PREMIUM]","New",2026,"Toyota","Camry","LE","[PREMIUM]","[PREMIUM]",0,"Sedan","Ice Cap","Black Fabric","Front-wheel Drive",,,"Gasoline",,,"dealership","[PREMIUM]","Hackensack","NJ","[PREMIUM]",,"[]",,,"[PREMIUM]"
"c0a38f88-e2b9-426d-8965-9bdc5f8db8a6","2026-05-22 23:56:31.157","2026-05-22 23:56:31.157","c0a38f88-e2b9-426d-8965-9bdc5f8db8a6","[PREMIUM]","New",2026,"Chevrolet","Equinox","AWD RS","[PREMIUM]","[PREMIUM]",3,"SUV","Radiant Red Tintcoat","Black w/Red Accents","All-wheel Drive",,,"Gasoline",,,"dealership","[PREMIUM]","Portland","OR","[PREMIUM]",,"[]",,,"[PREMIUM]"
"61e76bbe-fd62-4052-b142-f032aec5c6c8","2026-05-22 23:56:31.154","2026-05-22 23:56:31.154","61e76bbe-fd62-4052-b142-f032aec5c6c8","[PREMIUM]","New",2026,"Chevrolet","Equinox","1LT","[PREMIUM]","[PREMIUM]",3666,"SUV","Mosaic Black Metallic","Black","All-wheel Drive",,,"Gasoline",,,"dealership","[PREMIUM]","Portland","OR","[PREMIUM]",,"[]",,,"[PREMIUM]"
"0033ca2f-954f-4e14-ab87-472ccd7eb922","2026-05-22 23:56:31.152","2026-05-22 23:56:31.152","0033ca2f-954f-4e14-ab87-472ccd7eb922","[PREMIUM]","New",2026,"Hyundai","TUCSON","SEL","[PREMIUM]","[PREMIUM]",1,"SUV","Rockwood Green","Black","All-wheel Drive",,,"Gasoline",,,"dealership","[PREMIUM]","Vestal","NY","[PREMIUM]",,"[]",,,"[PREMIUM]"
"b4f6dea2-10a6-4caa-8c96-8addde78651b","2026-05-22 23:56:31.150","2026-05-22 23:56:31.150","b4f6dea2-10a6-4caa-8c96-8addde78651b","[PREMIUM]","New",2026,"Chevrolet","Equinox","AWD ACTIV","[PREMIUM]","[PREMIUM]",10,"SUV","Sterling Gray Metallic","Maple Sugar","All-wheel Drive",,,"Gasoline",,,"dealership","[PREMIUM]","Portland","OR","[PREMIUM]",,"[]",,,"[PREMIUM]"
"6921f531-4bd5-4493-8077-a75e8ab9ff70","2026-05-22 23:56:31.145","2026-05-22 23:56:31.145","6921f531-4bd5-4493-8077-a75e8ab9ff70","[PREMIUM]","New",2026,"Honda","HR-V","EX-L","[PREMIUM]","[PREMIUM]",0,"SUV","Platinum White Pearl","Black","Front-wheel Drive",,,"Gasoline",,,"dealership","[PREMIUM]","Charlotte","NC","[PREMIUM]",,"[]",,,"[PREMIUM]"
"a0df7d1c-2375-4ef5-86fd-b1429794a5fe","2026-05-22 23:56:31.145","2026-05-22 23:56:31.145","a0df7d1c-2375-4ef5-86fd-b1429794a5fe","[PREMIUM]","New",2026,"Hyundai","TUCSON","SEL","[PREMIUM]","[PREMIUM]",1,"SUV","Hampton Gray","Black","All-wheel Drive",,,"Gasoline",,,"dealership","[PREMIUM]","Vestal","NY","[PREMIUM]",,"[]",,,"[PREMIUM]"
"1d16ec71-af13-427f-822d-a9fb1539dd9d","2026-05-22 23:56:31.144","2026-05-22 23:56:31.144","1d16ec71-af13-427f-822d-a9fb1539dd9d","[PREMIUM]","New",2026,"Toyota","Camry","SE","[PREMIUM]","[PREMIUM]",0,"Sedan","Ocean Gem","Black","Front-wheel Drive",,,"Gasoline",,,"dealership","[PREMIUM]","West Columbia","SC","[PREMIUM]",,"[]",,,"[PREMIUM]"
"16390814-df36-43d4-805a-6d68b737f7b6","2026-05-22 23:56:31.142","2026-05-22 23:56:31.142","16390814-df36-43d4-805a-6d68b737f7b6","[PREMIUM]","New",2026,"Subaru","Crosstrek","Premium","[PREMIUM]","[PREMIUM]",1,"SUV","Magnetite Gray Metallic","Black","All-wheel Drive",,,"Gasoline",,,"dealership","[PREMIUM]","Vernon","CT","[PREMIUM]",,"[]",,,"[PREMIUM]"
"3b083ae5-5318-42a4-a6f5-947910f606c6","2026-05-22 23:56:31.142","2026-05-22 23:56:31.142","3b083ae5-5318-42a4-a6f5-947910f606c6","[PREMIUM]","New",2026,"Toyota","Corolla","XSE","[PREMIUM]","[PREMIUM]",0,"Sedan","Wind Chill Pearl/Midnight Black Metallic","Black/Red","Front-wheel Drive",,,"Gasoline",,,"dealership","[PREMIUM]","Brockton","MA","[PREMIUM]",,"[]",,,"[PREMIUM]"
"32b05b85-5dc6-4a1b-bf58-9a341f340dcd","2026-05-22 23:56:31.141","2026-05-22 23:56:31.141","32b05b85-5dc6-4a1b-bf58-9a341f340dcd","[PREMIUM]","New",2026,"Toyota","Prius","XLE","[PREMIUM]","[PREMIUM]",2,"Hatchback","Reservoir Blue","Light Gray","Front-wheel Drive",,,"Gasoline",,,"dealership","[PREMIUM]","Bethesda","MD","[PREMIUM]",,"[]",,,"[PREMIUM]"
"93b4585e-7694-4e8a-9aba-b54e1cad45db","2026-05-22 23:56:31.141","2026-05-22 23:56:31.141","93b4585e-7694-4e8a-9aba-b54e1cad45db","[PREMIUM]","New",2026,"Ford","Maverick","XL","[PREMIUM]","[PREMIUM]",1,"Truck","Oxford White","Black Onyx/Dark Slate","All-wheel Drive",,,"Gasoline",,,"dealership","[PREMIUM]","Yakima","WA","[PREMIUM]",,"[]",,,"[PREMIUM]"
"bbc9dd41-0d8d-49bd-ade9-90841bddb3ad","2026-05-22 23:56:31.124","2026-05-25 23:56:49.099","bbc9dd41-0d8d-49bd-ade9-90841bddb3ad","[PREMIUM]","New",2026,"Hyundai","TUCSON","SEL","[PREMIUM]","[PREMIUM]",1,"SUV","Rockwood Green","Black","All-wheel Drive",,,"Gasoline",,,"dealership","[PREMIUM]","Vestal","NY","[PREMIUM]",,"[]",,,"[PREMIUM]"
"3907cfdf-429a-4d73-b7cf-4fa78d05f42a","2026-05-22 23:56:31.116","2026-05-22 23:56:31.116","3907cfdf-429a-4d73-b7cf-4fa78d05f42a","[PREMIUM]","Used",2026,"Honda","CR-V",,"[PREMIUM]","[PREMIUM]",3407,"SUV","Radiant Red Metallic","Gray",,,,,,,"dealership","[PREMIUM]","Raynham","MA","[PREMIUM]",,"[]",,,"[PREMIUM]"
"ca3fdb19-050a-4a65-a859-595867b596bf","2026-05-22 23:56:20.948","2026-05-22 23:56:20.948","ca3fdb19-050a-4a65-a859-595867b596bf","[PREMIUM]","New",2026,"Nissan","Rogue","Rock Creek","[PREMIUM]","[PREMIUM]",10,"SUV","Boulder Gray Pearl","Charcoal","AWD",,,"Gasoline",,,"dealership","[PREMIUM]","New Bern","NC","[PREMIUM]",,"[]",,,"[PREMIUM]"
"f3455e76-973b-4956-aa1b-51b2ffbb0c23","2026-05-22 23:56:20.431","2026-05-22 23:56:20.431","f3455e76-973b-4956-aa1b-51b2ffbb0c23","[PREMIUM]","New",2026,"Toyota","Camry","Nightshade","[PREMIUM]","[PREMIUM]",0,"Sedan","Ice Cap","Black","Front-wheel Drive",,,"Gasoline",,,"dealership","[PREMIUM]","Paris","TX","[PREMIUM]",,"[]",,,"[PREMIUM]"
"c07af220-0235-4338-b249-1150db64d803","2026-05-22 23:56:20.419","2026-05-22 23:56:20.419","c07af220-0235-4338-b249-1150db64d803","[PREMIUM]","New",2026,"Honda","HR-V","2WD Sport","[PREMIUM]","[PREMIUM]",0,"SUV","Platinum White Pearl","Black","Front-wheel Drive",,,"Gasoline",,,"dealership","[PREMIUM]","Charlotte","NC","[PREMIUM]",,"[]",,,"[PREMIUM]"
"a74f418b-26a4-4631-b55a-8f25202811b1","2026-05-22 23:56:20.349","2026-05-22 23:56:20.349","a74f418b-26a4-4631-b55a-8f25202811b1","[PREMIUM]","New",2026,"Honda","CR-V","LX 2WD","[PREMIUM]","[PREMIUM]",32,"SUV","Radiant Red Metallic","Gray","Front-wheel Drive",,,"Gasoline",,,"dealership","[PREMIUM]","Tampa","FL","[PREMIUM]",,"[]",,,"[PREMIUM]"
"9bbf06c8-9ad6-43bb-9262-aa1b8e9ebb8e","2026-05-22 23:56:20.325","2026-05-22 23:56:20.325","9bbf06c8-9ad6-43bb-9262-aa1b8e9ebb8e","[PREMIUM]","New",2026,"Hyundai","SANTA CRUZ","SE","[PREMIUM]","[PREMIUM]",5,"Truck","Sage Gray","Black","All-wheel Drive",,,"Gasoline",,,"dealership","[PREMIUM]","Davenport","IA","[PREMIUM]",,"[]",,,"[PREMIUM]"
"afb3819b-1f79-461d-99f8-6999c95c6bfb","2026-05-22 23:56:20.310","2026-05-22 23:56:20.310","afb3819b-1f79-461d-99f8-6999c95c6bfb","[PREMIUM]","New",2026,"Toyota","Camry","SE","[PREMIUM]","[PREMIUM]",9,"Sedan","Ocean Gem","Boulder","Front-wheel Drive",,,"Gasoline",,,"dealership","[PREMIUM]","Claremont","CA","[PREMIUM]",,"[]",,,"[PREMIUM]"
"9ff1334f-687e-476a-99b0-232ac5ae7a26","2026-05-22 23:56:20.273","2026-05-22 23:56:20.273","9ff1334f-687e-476a-99b0-232ac5ae7a26","[PREMIUM]","New",2026,"Honda","HR-V","EX-L","[PREMIUM]","[PREMIUM]",0,"SUV","Platinum White Pearl","Black","Front-wheel Drive",,,"Gasoline",,,"dealership","[PREMIUM]","Charlotte","NC","[PREMIUM]",,"[]",,,"[PREMIUM]"
"589f9041-4736-44e2-aa3d-fec68cad3e1d","2026-05-22 23:56:20.217","2026-05-22 23:56:20.217","589f9041-4736-44e2-aa3d-fec68cad3e1d","[PREMIUM]","New",2026,"Toyota","Camry","LE","[PREMIUM]","[PREMIUM]",0,"Sedan","Celestial Silver Metallic","Boulder","Front-wheel Drive",,,"Gasoline",,,"dealership","[PREMIUM]","Holiday","FL","[PREMIUM]",,"[]",,,"[PREMIUM]"
"e7c6a94e-3b26-4353-999e-0cb624702e02","2026-05-22 23:56:20.204","2026-05-22 23:56:20.204","e7c6a94e-3b26-4353-999e-0cb624702e02","[PREMIUM]","New",2026,"Nissan","Altima","2.5 SV","[PREMIUM]","[PREMIUM]",10,"Sedan","Super Black Clearcoat","Charcoal","FWD",,,"Gasoline",,,"dealership","[PREMIUM]","New Bern","NC","[PREMIUM]",,"[]",,,"[PREMIUM]"
"08816f71-83b3-4e8c-9cec-986a5a7cf27f","2026-05-22 23:56:20.202","2026-05-22 23:56:20.202","08816f71-83b3-4e8c-9cec-986a5a7cf27f","[PREMIUM]","New",2026,"Nissan","Altima","2.5 SV","[PREMIUM]","[PREMIUM]",10,"Sedan","Pearl White Tricoat","Charcoal","FWD",,,"Gasoline",,,"dealership","[PREMIUM]","New Bern","NC","[PREMIUM]",,"[]",,,"[PREMIUM]"
"b8f44c14-f944-4ae9-8c7b-8b5c9410e967","2026-05-22 23:56:20.200","2026-05-22 23:56:20.200","b8f44c14-f944-4ae9-8c7b-8b5c9410e967","[PREMIUM]","New",2026,"Nissan","Rogue","Rock Creek","[PREMIUM]","[PREMIUM]",10,"SUV","Boulder Gray Pearl","Charcoal","AWD",,,"Gasoline",,,"dealership","[PREMIUM]","New Bern","NC","[PREMIUM]",,"[]",,,"[PREMIUM]"
"80b01141-9f7c-4d21-ad8a-de3f8ab1a50d","2026-05-22 23:56:20.196","2026-05-22 23:56:20.196","80b01141-9f7c-4d21-ad8a-de3f8ab1a50d","[PREMIUM]","New",2026,"Nissan","Altima","2.5 SR","[PREMIUM]","[PREMIUM]",10,"Sedan","Super Black Clearcoat","Sport","FWD",,,"Gasoline",,,"dealership","[PREMIUM]","New Bern","NC","[PREMIUM]",,"[]",,,"[PREMIUM]"
"940f8f54-dde3-403b-8691-652dd6edb67a","2026-05-22 23:56:20.196","2026-05-22 23:56:20.196","940f8f54-dde3-403b-8691-652dd6edb67a","[PREMIUM]","New",2026,"Nissan","Rogue","Dark Armor","[PREMIUM]","[PREMIUM]",50,"SUV","Deep Ocean Blue Pearl","Charcoal","Front-wheel Drive",,,"Gasoline",,,"dealership","[PREMIUM]","New Bern","NC","[PREMIUM]",,"[]",,,"[PREMIUM]"
"3455ca78-7cfa-4a20-b177-f49afd23e28e","2026-05-22 23:56:20.193","2026-05-22 23:56:20.193","3455ca78-7cfa-4a20-b177-f49afd23e28e","[PREMIUM]","New",2026,"Volkswagen","Golf GTI","2.0T S","[PREMIUM]","[PREMIUM]",5,"Hatchback","Alpine Silver","Titan Black &amp; P","FWD",,,"Gasoline",,,"dealership","[PREMIUM]","Ontario","CA","[PREMIUM]",,"[]",,,"[PREMIUM]"
"238e628f-d273-4a93-b5bc-238c463b536f","2026-05-22 23:56:20.187","2026-05-22 23:56:20.187","238e628f-d273-4a93-b5bc-238c463b536f","[PREMIUM]","New",2026,"Hyundai","ELANTRA","Limited","[PREMIUM]","[PREMIUM]",11,"Sedan","Abyss Black","Light Gray","Front-wheel Drive",,,"Gasoline",,,"dealership","[PREMIUM]","Saint Augustine","FL","[PREMIUM]",,"[]",,,"[PREMIUM]"
"0efe162b-de21-4a96-bc1b-15480cadbb60","2026-05-22 23:56:20.181","2026-05-22 23:56:20.181","0efe162b-de21-4a96-bc1b-15480cadbb60","[PREMIUM]","New",2026,"Nissan","Frontier","S","[PREMIUM]","[PREMIUM]",10,"Truck","Glacier White","Charcoal","RWD",,,"Gasoline",,,"dealership","[PREMIUM]","New Bern","NC","[PREMIUM]",,"[]",,,"[PREMIUM]"
"7b490473-1835-46c0-a5e5-7269f378dbf4","2026-05-22 23:56:20.176","2026-05-22 23:56:20.176","7b490473-1835-46c0-a5e5-7269f378dbf4","[PREMIUM]","New",2026,"Toyota","Prius","LE","[PREMIUM]","[PREMIUM]",2,"Hatchback","Wind Chill Pearl","Gradient Black","Front-wheel Drive",,,"Gasoline",,,"dealership","[PREMIUM]","Bethesda","MD","[PREMIUM]",,"[]",,,"[PREMIUM]"
"e8f68188-5919-4161-8098-eaf5682485d6","2026-05-22 23:56:20.172","2026-05-22 23:56:20.172","e8f68188-5919-4161-8098-eaf5682485d6","[PREMIUM]","New",2026,"Nissan","Rogue","Dark Armor","[PREMIUM]","[PREMIUM]",10,"SUV","Everest White Pearl Tricoat","Light Gray","All-wheel Drive",,,"Gasoline",,,"dealership","[PREMIUM]","New Bern","NC","[PREMIUM]",,"[]",,,"[PREMIUM]"
"63e91d97-7ad0-4ca2-8c29-a9e0d130c02b","2026-05-22 23:56:20.171","2026-05-25 23:56:28.568","63e91d97-7ad0-4ca2-8c29-a9e0d130c02b","[PREMIUM]","New",2026,"Nissan","Rogue","Dark Armor","[PREMIUM]","[PREMIUM]",10,"SUV","Scarlet Ember Tintcoat","Light Gray","All-wheel Drive",,,"Gasoline",,,"dealership","[PREMIUM]","New Bern","NC","[PREMIUM]",,"[]",,,"[PREMIUM]"
"bc255668-fd94-4b81-a612-a3093a11b808","2026-05-22 23:56:20.161","2026-05-22 23:56:20.161","bc255668-fd94-4b81-a612-a3093a11b808","[PREMIUM]","New",2026,"Honda","Civic Hybrid","Sport","[PREMIUM]","[PREMIUM]",0,"Sedan","Blue Lagoon Pearl","Gray","Front-wheel Drive",,,"Hybrid",,,"dealership","[PREMIUM]","Charlotte","NC","[PREMIUM]",,"[]",,,"[PREMIUM]"
"64d7160d-3940-4c90-b430-d30be121fe38","2026-05-22 23:56:09.715","2026-05-22 23:56:09.715","64d7160d-3940-4c90-b430-d30be121fe38","[PREMIUM]","New",2026,"Nissan","Rogue","Rock Creek","[PREMIUM]","[PREMIUM]",10,"SUV","Everest White Pearl Tricoat","Charcoal","AWD",,,"Gasoline",,,"dealership","[PREMIUM]","New Bern","NC","[PREMIUM]",,"[]",,,"[PREMIUM]"
"e44f1204-c95b-4a07-ab8e-31d0e9c684de","2026-05-22 23:56:09.444","2026-05-28 23:56:39.073","e44f1204-c95b-4a07-ab8e-31d0e9c684de","[PREMIUM]","New",2026,"Nissan","Kicks","SR","[PREMIUM]","[PREMIUM]",42,"SUV","Gun Metallic","Sport","FWD",,,"Gasoline",,,"dealership","[PREMIUM]","New Bern","NC","[PREMIUM]",,"[]",,,"[PREMIUM]"
"97d3d36f-47a7-4d3a-adf5-a15668850c5a","2026-05-22 23:56:09.443","2026-05-25 23:56:18.583","97d3d36f-47a7-4d3a-adf5-a15668850c5a","[PREMIUM]","New",2026,"Nissan","Rogue","Rock Creek","[PREMIUM]","[PREMIUM]",10,"SUV","Everest White Pearl Tricoat","Charcoal","AWD",,,"Gasoline",,,"dealership","[PREMIUM]","New Bern","NC","[PREMIUM]",,"[]",,,"[PREMIUM]"
"b17b7029-331b-42c8-bfd5-5d2943a58d82","2026-05-22 23:56:09.427","2026-05-22 23:56:09.427","b17b7029-331b-42c8-bfd5-5d2943a58d82","[PREMIUM]","New",2026,"Volkswagen","Jetta","1.5T SEL","[PREMIUM]","[PREMIUM]",5,"Sedan","Gray","Grigio &amp; Titan","FWD",,,"Gasoline",,,"dealership","[PREMIUM]","Ontario","CA","[PREMIUM]",,"[]",,,"[PREMIUM]"
"406248e0-798e-4de9-b03d-52a929b23e4b","2026-05-22 23:55:59.416","2026-05-22 23:55:59.416","406248e0-798e-4de9-b03d-52a929b23e4b","[PREMIUM]","New",2027,"Honda","HR-V","Sport","[PREMIUM]","[PREMIUM]",5,"SUV","Nordic Forest Pearl","Black","All-wheel Drive",,,"Gasoline",,,"dealership","[PREMIUM]","Seekonk","MA","[PREMIUM]",,"[]",,,"[PREMIUM]"
"aacc1334-08ca-4399-a55d-0602e2625e00","2026-05-22 23:55:59.329","2026-05-22 23:55:59.329","aacc1334-08ca-4399-a55d-0602e2625e00","[PREMIUM]","New",2027,"Honda","HR-V","EX-L","[PREMIUM]","[PREMIUM]",10,"SUV","Platinum White Pearl","Gray","All-wheel Drive",,,"Gasoline",,,"dealership","[PREMIUM]","Sea Girt","NJ","[PREMIUM]",,"[]",,,"[PREMIUM]"
"b4d713db-7266-4d79-9040-7490c98dde1d","2026-05-22 23:55:59.300","2026-05-22 23:55:59.300","b4d713db-7266-4d79-9040-7490c98dde1d","[PREMIUM]","New",2027,"Honda","HR-V","EX-L","[PREMIUM]","[PREMIUM]",5,"SUV","Modern Steel Metallic","Black","All-wheel Drive",,,"Gasoline",,,"dealership","[PREMIUM]","Burien","WA","[PREMIUM]",,"[]",,,"[PREMIUM]"
"c5a44384-0cb5-4a49-91b5-c37dd5bfe5f2","2026-05-22 23:55:59.295","2026-05-22 23:55:59.295","c5a44384-0cb5-4a49-91b5-c37dd5bfe5f2","[PREMIUM]","New",2027,"Honda","HR-V","Sport","[PREMIUM]","[PREMIUM]",40,"SUV","Platinum White Pearl","Black","All-wheel Drive",,,"Gasoline",,,"dealership","[PREMIUM]","Old Bridge Township","NJ","[PREMIUM]",,"[]",,,"[PREMIUM]"
"1ccca58b-d160-4184-b055-cd10fef8ac91","2026-05-22 23:55:48.982","2026-05-22 23:55:48.982","1ccca58b-d160-4184-b055-cd10fef8ac91","[PREMIUM]","New",2027,"Honda","HR-V","EX-L","[PREMIUM]","[PREMIUM]",10,"SUV","Black","Black","Front-wheel Drive",,,"Gasoline",,,"dealership","[PREMIUM]","Houston","TX","[PREMIUM]",,"[]",,,"[PREMIUM]"
"57c8e16c-47b9-4be1-a9a6-f82c790b9a25","2026-05-22 23:55:48.979","2026-05-22 23:55:48.979","57c8e16c-47b9-4be1-a9a6-f82c790b9a25","[PREMIUM]","New",2027,"Honda","HR-V","EX-L","[PREMIUM]","[PREMIUM]",1,"SUV","Modern Steel Metallic","Black","All-wheel Drive",,,"Gasoline",,,"dealership","[PREMIUM]","Knoxville","TN","[PREMIUM]",,"[]",,,"[PREMIUM]"
"8547da8e-78df-4063-9357-4acb7c6655f0","2026-05-22 23:55:48.969","2026-05-22 23:55:48.969","8547da8e-78df-4063-9357-4acb7c6655f0","[PREMIUM]","New",2027,"Chevrolet","Bolt","RS FWD","[PREMIUM]","[PREMIUM]",1,"SUV","Summit White","Jet Black with Red Stitching","Front-wheel Drive",,,"Electric",,,"dealership","[PREMIUM]","Austin","TX","[PREMIUM]",,"[]",,,"[PREMIUM]"
"ad24d22a-e5e8-4fd0-9efc-1e92c9dc6d21","2026-05-22 23:55:48.962","2026-05-25 23:56:08.802","ad24d22a-e5e8-4fd0-9efc-1e92c9dc6d21","[PREMIUM]","New",2027,"Honda","HR-V","EX-L","[PREMIUM]","[PREMIUM]",0,"SUV","Ge","Blk Lth-Trmmed","All-wheel Drive",,,"Gasoline",,,"dealership","[PREMIUM]","Clarkesville","MD","[PREMIUM]",,"[]",,,"[PREMIUM]"
"50ddce1f-fb72-4b2a-a8b8-505d0d031eea","2026-05-22 23:55:48.923","2026-05-22 23:55:48.923","50ddce1f-fb72-4b2a-a8b8-505d0d031eea","[PREMIUM]","New",2027,"Honda","HR-V","EX-L","[PREMIUM]","[PREMIUM]",10,"SUV","Platinum White Pearl","Gray","Front-wheel Drive",,,"Gasoline",,,"dealership","[PREMIUM]","Houston","TX","[PREMIUM]",,"[]",,,"[PREMIUM]"
"55bec51c-8d92-4a45-8c18-6d895ae2ab68","2026-05-22 23:55:48.882","2026-05-22 23:55:48.882","55bec51c-8d92-4a45-8c18-6d895ae2ab68","[PREMIUM]","New",2027,"Honda","HR-V","EX-L","[PREMIUM]","[PREMIUM]",10,"SUV","Modern Steel Metallic","Black","Front-wheel Drive",,,"Gasoline",,,"dealership","[PREMIUM]","Houston","TX","[PREMIUM]",,"[]",,,"[PREMIUM]"
"aeacbb55-449b-4159-accf-f21050422bdf","2026-05-22 23:55:48.878","2026-05-25 23:55:58.366","aeacbb55-449b-4159-accf-f21050422bdf","[PREMIUM]","New",2027,"Honda","HR-V","Sport","[PREMIUM]","[PREMIUM]",1,"SUV","Nordic Forest P","Black","All-wheel Drive",,,"Gasoline",,,"dealership","[PREMIUM]","Eau Claire","WI","[PREMIUM]",,"[]",,,"[PREMIUM]"
"3cf782a2-4a16-40e3-8c11-709c3db0ee39","2026-05-22 23:55:48.873","2026-05-22 23:55:48.873","3cf782a2-4a16-40e3-8c11-709c3db0ee39","[PREMIUM]","New",2027,"Honda","HR-V","EX-L","[PREMIUM]","[PREMIUM]",10,"SUV","Green","Black","Front-wheel Drive",,,"Gasoline",,,"dealership","[PREMIUM]","Houston","TX","[PREMIUM]",,"[]",,,"[PREMIUM]"
"d94e7de7-b6be-41fb-a815-ee0a42a2e66d","2026-05-22 23:55:48.865","2026-05-22 23:55:48.865","d94e7de7-b6be-41fb-a815-ee0a42a2e66d","[PREMIUM]","New",2027,"Honda","HR-V","Sport","[PREMIUM]","[PREMIUM]",0,"SUV","Nordic Forest P","Black","All-wheel Drive",,,"Gasoline",,,"dealership","[PREMIUM]","Lima","OH","[PREMIUM]",,"[]",,,"[PREMIUM]"
"9a982d6e-4fe4-468d-bc9a-226861e8b402","2026-05-22 23:55:48.861","2026-05-22 23:55:48.861","9a982d6e-4fe4-468d-bc9a-226861e8b402","[PREMIUM]","New",2027,"Honda","HR-V","Sport","[PREMIUM]","[PREMIUM]",0,"SUV","Boost Blue Pearl","Black","All-wheel Drive",,,"Gasoline",,,"dealership","[PREMIUM]","Lima","OH","[PREMIUM]",,"[]",,,"[PREMIUM]"
"95c693f8-d98e-432c-ad7e-ef61e4b76ab5","2026-05-22 23:49:58.268","2026-05-22 23:49:58.268","95c693f8-d98e-432c-ad7e-ef61e4b76ab5","[PREMIUM]","Used",2013,"Mercedes-Benz","SL-Class","2dr Roadster SL 550","[PREMIUM]","[PREMIUM]",54637,"Convertible","Mars Red","Beige/Brown","Rear-wheel Drive",,,"Gasoline",,,"dealership","[PREMIUM]","Delray Beach","FL","[PREMIUM]",,"[]",,,"[PREMIUM]"
"6f2f498b-8475-4c7d-8723-761b3ec16e36","2026-05-22 23:49:57.861","2026-05-22 23:49:57.861","6f2f498b-8475-4c7d-8723-761b3ec16e36","[PREMIUM]","Used",2013,"Ford","F-450","XL","[PREMIUM]","[PREMIUM]",42856,"Truck","Oxford White","Steel","Rear-wheel Drive",,,"Gasoline",,,"dealership","[PREMIUM]","Paulding","OH","[PREMIUM]",,"[]",,,"[PREMIUM]"
"3236fd53-3bb0-4e8f-9fc4-148158591d64","2026-05-22 23:49:47.724","2026-05-22 23:49:47.724","3236fd53-3bb0-4e8f-9fc4-148158591d64","[PREMIUM]","Used",2014,"Toyota","4Runner","Limited","[PREMIUM]","[PREMIUM]",80972,"SUV","Silver","BLACK","Rear-wheel Drive",,,"Gasoline",,,"dealership","[PREMIUM]","Fayetteville","NC","[PREMIUM]",,"[]",,,"[PREMIUM]"
"8afeb866-4c99-4eb9-8ec2-515c46d70e13","2026-05-22 23:49:17.519","2026-05-22 23:49:17.519","8afeb866-4c99-4eb9-8ec2-515c46d70e13","[PREMIUM]","Used",2016,"Toyota","Highlander","Limited","[PREMIUM]","[PREMIUM]",84153,"SUV","Gray","GRAY","Rear-wheel Drive",,,"Gasoline",,,"dealership","[PREMIUM]","Oklahoma City","OK","[PREMIUM]",,"[]",,,"[PREMIUM]"
"05ae6aeb-9986-4f62-833d-466a2847df7a","2026-05-22 23:49:07.355","2026-05-22 23:49:07.355","05ae6aeb-9986-4f62-833d-466a2847df7a","[PREMIUM]","Used",2016,"Ford","Mustang","GT Premium","[PREMIUM]","[PREMIUM]",57305,"Coupe","White","BLACK","Rear-wheel Drive",,,"Gasoline",,,"dealership","[PREMIUM]","Boynton Beach","FL","[PREMIUM]",,"[]",,,"[PREMIUM]"
"179f08cb-5041-40a8-a35c-32b0ff221237","2026-05-22 23:49:07.336","2026-05-22 23:49:07.336","179f08cb-5041-40a8-a35c-32b0ff221237","[PREMIUM]","Used",2016,"Toyota","4Runner","SR5 Premium","[PREMIUM]","[PREMIUM]",106027,"SUV","Magnetic Gray Metallic","Black/Graphite","Four-wheel Drive",,,"Gasoline",,,"dealership","[PREMIUM]","Portland","OR","[PREMIUM]",,"[]",,,"[PREMIUM]"
"acf74ab8-38ae-43c7-9f22-e234eeb92bce","2026-05-22 23:49:07.309","2026-05-22 23:49:07.309","acf74ab8-38ae-43c7-9f22-e234eeb92bce","[PREMIUM]","Used",2016,"Lexus","ES 350",,"[PREMIUM]","[PREMIUM]",35823,"Sedan","White","TAN","Rear-wheel Drive",,,"Gasoline",,,"dealership","[PREMIUM]","West Carrollton","OH","[PREMIUM]",,"[]",,,"[PREMIUM]"
"9cdd0ad5-2e47-4c74-ba3d-f695c512c71b","2026-05-22 23:49:07.306","2026-05-22 23:49:07.306","9cdd0ad5-2e47-4c74-ba3d-f695c512c71b","[PREMIUM]","Used",2016,"Mercedes-Benz","S-Class","S 550","[PREMIUM]","[PREMIUM]",74329,"Sedan","black","black","Rear-wheel Drive",,,"Gasoline",,,"dealership","[PREMIUM]","Dallas","TX","[PREMIUM]",,"[]",,,"[PREMIUM]"
"c5fb76cd-baf0-4b8c-a42b-a2880581bcab","2026-05-22 23:49:07.300","2026-05-22 23:49:07.300","c5fb76cd-baf0-4b8c-a42b-a2880581bcab","[PREMIUM]","Used",2016,"Lexus","RX 350",,"[PREMIUM]","[PREMIUM]",50034,"SUV","Gray","CREAM","Four-wheel Drive",,,"Gasoline",,,"dealership","[PREMIUM]","St. Louis","MO","[PREMIUM]",,"[]",,,"[PREMIUM]"
"2b1f6556-e5c2-43a0-bc4b-18dc9ad40451","2026-05-22 23:48:47.426","2026-05-22 23:48:47.426","2b1f6556-e5c2-43a0-bc4b-18dc9ad40451","[PREMIUM]","Used",2017,"Tesla","Model X","90D","[PREMIUM]","[PREMIUM]",67760,"SUV","Pearl White Multi-Coat","Black","All-wheel Drive",,,"Electric",,,"dealership","[PREMIUM]","Auburn","WA","[PREMIUM]",,"[]",,,"[PREMIUM]"
"2ce7d3df-f227-4615-aec2-4fad21d568e5","2026-05-22 23:48:47.006","2026-05-22 23:48:47.006","2ce7d3df-f227-4615-aec2-4fad21d568e5","[PREMIUM]","Used",2017,"GMC","Sierra 1500","SLT","[PREMIUM]","[PREMIUM]",119041,"Truck","Gray","Black","Four-wheel Drive",,,"Gasoline",,,"dealership","[PREMIUM]","Albany","GA","[PREMIUM]",,"[]",,,"[PREMIUM]"
"b2444b64-6615-43ca-a90c-bb6e49dc9bad","2026-05-22 23:48:26.797","2026-05-22 23:48:26.797","b2444b64-6615-43ca-a90c-bb6e49dc9bad","[PREMIUM]","Used",2017,"Toyota","Tacoma","SR5","[PREMIUM]","[PREMIUM]",144245,"Truck","White",,"Four-wheel Drive",,,"Gasoline",,,"dealership","[PREMIUM]","Parker","CO","[PREMIUM]",,"[]",,,"[PREMIUM]"
"d5b98bcf-8943-4043-9c01-d8dc00b15379","2026-05-22 23:48:16.969","2026-05-22 23:48:16.969","d5b98bcf-8943-4043-9c01-d8dc00b15379","[PREMIUM]","Used",2017,"Toyota","Highlander Hybrid","Limited","[PREMIUM]","[PREMIUM]",114134,"SUV","Celestial Silver Metallic","Black","All-wheel Drive",,,"Hybrid",,,"dealership","[PREMIUM]","Olympia","WA","[PREMIUM]",,"[]",,,"[PREMIUM]"
"2196160c-6a4d-4d99-90a1-13a57a9e071a","2026-05-22 23:48:16.577","2026-05-22 23:48:16.577","2196160c-6a4d-4d99-90a1-13a57a9e071a","[PREMIUM]","Used",2017,"Audi","TT",,"[PREMIUM]","[PREMIUM]",40612,"Coupe","White","BLACK","Four-wheel Drive",,,"Gasoline",,,"dealership","[PREMIUM]","Beaverton","OR","[PREMIUM]",,"[]",,,"[PREMIUM]"
"e130e0ef-84f3-498f-b322-45d9d71012d0","2026-05-22 23:48:16.567","2026-05-22 23:48:16.567","e130e0ef-84f3-498f-b322-45d9d71012d0","[PREMIUM]","Used",2017,"Dodge","Challenger","R/T Plus","[PREMIUM]","[PREMIUM]",88016,"Coupe","Black","BLACK","Rear-wheel Drive",,,"Gasoline",,,"dealership","[PREMIUM]","Rogers","AR","[PREMIUM]",,"[]",,,"[PREMIUM]"
"312a9c90-0802-4eb6-a541-0b5fc4bbb959","2026-05-22 23:48:16.565","2026-05-22 23:48:16.565","312a9c90-0802-4eb6-a541-0b5fc4bbb959","[PREMIUM]","Used",2017,"Lexus","RX 350",,"[PREMIUM]","[PREMIUM]",64188,"SUV","White","GRAY","Rear-wheel Drive",,,"Gasoline",,,"dealership","[PREMIUM]","San Diego","CA","[PREMIUM]",,"[]",,,"[PREMIUM]"
"c2be1ba3-6821-4af7-80ab-480f306035a6","2026-05-22 23:48:16.564","2026-05-22 23:48:16.564","c2be1ba3-6821-4af7-80ab-480f306035a6","[PREMIUM]","Used",2017,"Ford","F-250","Lariat 4x4 4dr Crew Cab 6.8 ft. SB Pickup","[PREMIUM]","[PREMIUM]",205398,"Truck","Silver","Black","Four-wheel Drive",,,"Diesel/B20 Capable",,,"dealership","[PREMIUM]","Phoenix","AZ","[PREMIUM]",,"[]",,,"[PREMIUM]"
"6f13052f-0b07-430b-bcbb-e69407d8114e","2026-05-22 23:48:16.559","2026-05-22 23:48:16.559","6f13052f-0b07-430b-bcbb-e69407d8114e","[PREMIUM]","Used",2017,"Mercedes-Benz","AMG C 43",,"[PREMIUM]","[PREMIUM]",78284,"Coupe","Black","RED","Four-wheel Drive",,,"Gasoline",,,"dealership","[PREMIUM]","Brooklyn Park","MN","[PREMIUM]",,"[]",,,"[PREMIUM]"
"150045cf-28da-4b38-90a0-16e9c8c0cea2","2026-05-22 23:46:56.079","2026-05-25 23:47:06.812","150045cf-28da-4b38-90a0-16e9c8c0cea2","[PREMIUM]","Used",2018,"Chevrolet","Traverse","High Country","[PREMIUM]","[PREMIUM]",65070,"SUV","Cajun Red Tintcoat","Jet Black/Loft Brown","All-wheel Drive",,,"Gasoline",,,"dealership","[PREMIUM]","Greenville","SC","[PREMIUM]",,"[]",,,"[PREMIUM]"
"153c34a2-45c9-48d1-b859-e25e57008889","2026-05-22 23:46:56.016","2026-05-22 23:46:56.016","153c34a2-45c9-48d1-b859-e25e57008889","[PREMIUM]","Used",2018,"Chevrolet","Silverado 1500","1LT","[PREMIUM]","[PREMIUM]",104422,"Truck","Red Hot","Dark Ash/Jet Black","Four-wheel Drive",,,"Gasoline",,,"dealership","[PREMIUM]","Harrisonburg","VA","[PREMIUM]",,"[]",,,"[PREMIUM]"
"e1ec0078-11d0-4015-8fda-920ed80d01f6","2026-05-22 23:46:56.016","2026-05-22 23:46:56.016","e1ec0078-11d0-4015-8fda-920ed80d01f6","[PREMIUM]","Used",2018,"Audi","S5","3.0T Prestige","[PREMIUM]","[PREMIUM]",49036,"Convertible","Navarra Blue Metallic w/ Black Roof","Black","All-wheel Drive",,,"Gasoline",,,"dealership","[PREMIUM]","Pinellas Park","FL","[PREMIUM]",,"[]",,,"[PREMIUM]"
"58bb4ac5-8a36-4786-a7a7-48ac519d4379","2026-05-22 23:46:56.003","2026-05-25 23:47:06.500","58bb4ac5-8a36-4786-a7a7-48ac519d4379","[PREMIUM]","Used",2018,"Maserati","Levante","S GranSport","[PREMIUM]","[PREMIUM]",62426,"SUV","BLACK",,"All-wheel Drive",,,"Gasoline",,,"dealership","[PREMIUM]","Tempe","AZ","[PREMIUM]",,"[]",,,"[PREMIUM]"
"9726537c-d758-42a1-827c-4da42d922fc2","2026-05-22 23:46:55.996","2026-05-22 23:46:55.996","9726537c-d758-42a1-827c-4da42d922fc2","[PREMIUM]","Used",2018,"RAM","2500","Tradesman","[PREMIUM]","[PREMIUM]",123687,"Truck","Black","Diesel Gray / Black","Four-wheel Drive",,,"Diesel",,,"dealership","[PREMIUM]","Avenel","NJ","[PREMIUM]",,"[]",,,"[PREMIUM]"
"bb924f2c-5a19-41af-bf95-54f9222f5c92","2026-05-22 23:46:45.718","2026-05-22 23:46:45.718","bb924f2c-5a19-41af-bf95-54f9222f5c92","[PREMIUM]","Used",2018,"RAM","1500","Big Horn","[PREMIUM]","[PREMIUM]",82367,"Truck","Brilliant Black Crystal Pearlcoat","Diesel Gray/Black","Four-wheel Drive",,,"Gasoline",,,"dealership","[PREMIUM]","North Little Rock","AR","[PREMIUM]",,"[]",,,"[PREMIUM]"
"0e0a8407-c4bd-45df-8d35-37efd1ac18eb","2026-05-22 23:46:15.644","2026-05-25 23:46:25.698","0e0a8407-c4bd-45df-8d35-37efd1ac18eb","[PREMIUM]","Used",2018,"Subaru","Forester","2.5I Limited","[PREMIUM]","[PREMIUM]",21696,"SUV","White","GRAY","Four-wheel Drive",,,"Gasoline",,,"dealership","[PREMIUM]","Lynnwood","WA","[PREMIUM]",,"[]",,,"[PREMIUM]"
"47d3a806-6354-49b1-bd9f-23970d44ed9a","2026-05-22 23:43:44.648","2026-05-22 23:43:44.648","47d3a806-6354-49b1-bd9f-23970d44ed9a","[PREMIUM]","Used",2019,"Honda","Odyssey","Elite","[PREMIUM]","[PREMIUM]",79826,"Passenger Van","Deep Scarlet Pearl",,"Front-wheel Drive",,,"Gasoline",,,"dealership","[PREMIUM]","Vienna","VA","[PREMIUM]",,"[]",,,"[PREMIUM]"
"d5987c7f-9549-4d7c-82d1-64018ab7e20e","2026-05-22 23:43:34.579","2026-05-22 23:43:34.579","d5987c7f-9549-4d7c-82d1-64018ab7e20e","[PREMIUM]","Used",2019,"Volvo","XC90","T6 Inscription","[PREMIUM]","[PREMIUM]",61707,"SUV","Denim Blue Metallic","Blond/Charcoal","All-wheel Drive",,,"Gasoline",,,"dealership","[PREMIUM]","Bend","OR","[PREMIUM]",,"[]",,,"[PREMIUM]"
"03bb7bc4-ba5d-4f8a-92c6-fc18d830efb6","2026-05-22 23:43:34.258","2026-05-22 23:43:34.258","03bb7bc4-ba5d-4f8a-92c6-fc18d830efb6","[PREMIUM]","Used",2019,"Ford","Transit-150","XLT","[PREMIUM]","[PREMIUM]",43407,"Passenger Van","Oxford White","Black","Rear-wheel Drive",,,"Gasoline",,,"dealership","[PREMIUM]","Pataskala","OH","[PREMIUM]",,"[]",,,"[PREMIUM]"
"df509943-1288-4518-881a-109ee63a02f5","2026-05-22 23:43:34.187","2026-05-22 23:43:34.187","df509943-1288-4518-881a-109ee63a02f5","[PREMIUM]","Used",2019,"Ford","F-150","XLT","[PREMIUM]","[PREMIUM]",62853,"Truck","STONE GRAY","MEDIUM GRAY CLOTH 40/20/40","Four-wheel Drive",,,"Gasoline",,,"dealership","[PREMIUM]","Hagerstown","MD","[PREMIUM]",,"[]",,,"[PREMIUM]"
"2fdcc01a-f788-44fe-b7f3-bdc639ce50f8","2026-05-22 23:43:34.165","2026-05-22 23:43:34.165","2fdcc01a-f788-44fe-b7f3-bdc639ce50f8","[PREMIUM]","Used",2019,"Ford","F-150","XLT","[PREMIUM]","[PREMIUM]",108531,"Truck","VELOCITY BLUE","BLACK SPORT 40/CONSOLE/40","Four-wheel Drive",,,"Gasoline",,,"dealership","[PREMIUM]","Brainerd","MN","[PREMIUM]",,"[]",,,"[PREMIUM]"
"61c8faff-e0d3-462a-ade3-bdfd526ba2c8","2026-05-22 23:42:43.813","2026-05-22 23:42:43.813","61c8faff-e0d3-462a-ade3-bdfd526ba2c8","[PREMIUM]","Used",2019,"Chevrolet","Traverse","LT","[PREMIUM]","[PREMIUM]",26668,"SUV","Burgundy","BLACK","Four-wheel Drive",,,"Gasoline",,,"dealership","[PREMIUM]","Santa Rosa","CA","[PREMIUM]",,"[]",,,"[PREMIUM]"
"cd686fcb-3733-4113-8128-b9a8315d46c7","2026-05-22 23:42:43.740","2026-05-22 23:42:43.740","cd686fcb-3733-4113-8128-b9a8315d46c7","[PREMIUM]","Used",2019,"Toyota","Highlander","XLE","[PREMIUM]","[PREMIUM]",74213,"SUV","White","BLACK","Rear-wheel Drive",,,"Gasoline",,,"dealership","[PREMIUM]","Charlotte","NC","[PREMIUM]",,"[]",,,"[PREMIUM]"
"2d0d73ee-6b8e-4e5e-9dbc-f72474b72810","2026-05-22 23:42:43.717","2026-05-25 23:42:54.240","2d0d73ee-6b8e-4e5e-9dbc-f72474b72810","[PREMIUM]","Used",2019,"Jeep","Wrangler","Sport S","[PREMIUM]","[PREMIUM]",11106,"SUV","Silver","Black","Four-wheel Drive",,,"Gasoline",,,"dealership","[PREMIUM]","Polk City","IA","[PREMIUM]",,"[]",,,"[PREMIUM]"
"1526e9e7-1756-4e45-9ffe-59aafa5af8d8","2026-05-22 23:42:03.405","2026-05-22 23:42:03.405","1526e9e7-1756-4e45-9ffe-59aafa5af8d8","[PREMIUM]","Used",2020,"Cadillac","XT5","Sport","[PREMIUM]","[PREMIUM]",56449,"SUV","Stellar Black Metallic","Jet Black","All-wheel Drive",,,"Gasoline",,,"dealership","[PREMIUM]","Grapevine","TX","[PREMIUM]",,"[]",,,"[PREMIUM]"
"74c11b91-9e60-4c12-9a78-5f234b166eb4","2026-05-22 23:41:23.500","2026-05-22 23:41:23.500","74c11b91-9e60-4c12-9a78-5f234b166eb4","[PREMIUM]","Used",2020,"Tesla","Model 3","Long Range","[PREMIUM]","[PREMIUM]",35539,"Sedan","Pearl White Multi-Coat","Black","All-wheel Drive",,,"Electric",,,"dealership","[PREMIUM]","Pataskala","OH","[PREMIUM]",,"[]",,,"[PREMIUM]"
"baae094c-0b77-4e12-b7cc-bcc65d81346e","2026-05-22 23:41:23.486","2026-05-22 23:41:23.486","baae094c-0b77-4e12-b7cc-bcc65d81346e","[PREMIUM]","Used",2020,"Ford","Explorer","ST","[PREMIUM]","[PREMIUM]",100023,"SUV","Rapid Red Metallic Tinted Clearcoat","Ebony","Four-wheel Drive",,,"Gasoline",,,"dealership","[PREMIUM]","Greeley","CO","[PREMIUM]",,"[]",,,"[PREMIUM]"
"e14d0dc6-b542-4bdf-91b5-24fd2b32618f","2026-05-22 23:41:23.163","2026-05-25 23:41:32.677","e14d0dc6-b542-4bdf-91b5-24fd2b32618f","[PREMIUM]","Used",2020,"Chevrolet","Tahoe","LT","[PREMIUM]","[PREMIUM]",101476,"SUV","Silver Ice Metallic","Jet Black","Four-wheel Drive",,,"Gasoline",,,"dealership","[PREMIUM]","Lynnwood","WA","[PREMIUM]",,"[]",,,"[PREMIUM]"
"b7347168-5403-4120-90fd-ecd79df9421d","2026-05-22 23:41:23.071","2026-05-22 23:41:23.071","b7347168-5403-4120-90fd-ecd79df9421d","[PREMIUM]","Used",2020,"Ford","Explorer","XLT","[PREMIUM]","[PREMIUM]",27970,"SUV","Magnetic Metallic","Black","Rear-wheel Drive",,,"Gasoline",,,"dealership","[PREMIUM]","Phoenix","AZ","[PREMIUM]",,"[]",,,"[PREMIUM]"
"9ba03a5e-71dc-4bfe-989a-3e0d06d0b91d","2026-05-22 23:41:23.069","2026-05-22 23:41:23.069","9ba03a5e-71dc-4bfe-989a-3e0d06d0b91d","[PREMIUM]","Used",2020,"Jeep","Grand Cherokee","High Altitude","[PREMIUM]","[PREMIUM]",60851,"SUV","Diamond Black Crystal Pearlcoat","Black","Four-wheel Drive",,,"Gasoline",,,"dealership","[PREMIUM]","Temple Hills","MD","[PREMIUM]",,"[]",,,"[PREMIUM]"
"6c0610cc-0a1b-4827-b9e9-0ace912f6dd0","2026-05-22 23:41:12.821","2026-05-22 23:41:12.821","6c0610cc-0a1b-4827-b9e9-0ace912f6dd0","[PREMIUM]","Used",2020,"Chevrolet","Camaro","LT","[PREMIUM]","[PREMIUM]",26446,"Coupe","Blue","BLACK","Rear-wheel Drive",,,"Gasoline",,,"dealership","[PREMIUM]","Midland","TX","[PREMIUM]",,"[]",,,"[PREMIUM]"
"c2fe6c53-4744-4d76-8da0-2e071b2bb482","2026-05-22 23:41:02.753","2026-05-25 23:41:22.615","c2fe6c53-4744-4d76-8da0-2e071b2bb482","[PREMIUM]","Used",2020,"GMC","Sierra 1500","SLT","[PREMIUM]","[PREMIUM]",113255,"Truck","Onyx Black","Jet Black","Rear-wheel Drive",,,"Diesel",,,"dealership","[PREMIUM]","Brookshire","TX","[PREMIUM]",,"[]",,,"[PREMIUM]"
"50aca1e3-50d4-4ef4-8bdd-fd3bf5951e25","2026-05-22 23:40:52.712","2026-05-25 23:41:02.330","50aca1e3-50d4-4ef4-8bdd-fd3bf5951e25","[PREMIUM]","Used",2020,"Hyundai","PALISADE","SEL","[PREMIUM]","[PREMIUM]",66991,"SUV","White","BLACK","Four-wheel Drive",,,"Gasoline",,,"dealership","[PREMIUM]","Springfield","IL","[PREMIUM]",,"[]",,,"[PREMIUM]"
"e75e9459-4076-4dd1-bec8-0526d838c02f","2026-05-22 23:40:52.618","2026-05-22 23:40:52.618","e75e9459-4076-4dd1-bec8-0526d838c02f","[PREMIUM]","Used",2020,"BMW","330","I","[PREMIUM]","[PREMIUM]",41641,"Sedan","Blue","BLACK","Rear-wheel Drive",,,"Gasoline",,,"dealership","[PREMIUM]","Houston","TX","[PREMIUM]",,"[]",,,"[PREMIUM]"
"340b45b5-5803-49a2-900a-1e040f35cdb6","2026-05-22 23:40:52.600","2026-05-22 23:40:52.600","340b45b5-5803-49a2-900a-1e040f35cdb6","[PREMIUM]","Used",2020,"Hyundai","Veloster N",,"[PREMIUM]","[PREMIUM]",31465,"Hatchback","Black","BLACK","Rear-wheel Drive",,,"Gasoline",,,"dealership","[PREMIUM]","Gilbert","AZ","[PREMIUM]",,"[]",,,"[PREMIUM]"
"b78bba9c-cf8b-4ec7-b3e1-4cb1c3e3eb9d","2026-05-22 23:40:52.596","2026-05-22 23:40:52.596","b78bba9c-cf8b-4ec7-b3e1-4cb1c3e3eb9d","[PREMIUM]","Used",2020,"INFINITI","Q50","Edition 30","[PREMIUM]","[PREMIUM]",50254,"Sedan","White","BLACK","Four-wheel Drive",,,"Gasoline",,,"dealership","[PREMIUM]","East Haven","CT","[PREMIUM]",,"[]",,,"[PREMIUM]"
"20a5ec05-fcef-419b-9e95-bb217953e70f","2026-05-22 23:40:32.396","2026-05-22 23:40:32.396","20a5ec05-fcef-419b-9e95-bb217953e70f","[PREMIUM]","Used",2020,"Jeep","Grand Cherokee","High Altitude","[PREMIUM]","[PREMIUM]",64941,"SUV","Blue","BLACK","Four-wheel Drive",,,"Gasoline",,,"dealership","[PREMIUM]","Glen Allen","VA","[PREMIUM]",,"[]",,,"[PREMIUM]"
"04dcb72d-de9f-4a26-adea-1188d92279d8","2026-05-22 23:40:32.393","2026-05-22 23:40:32.393","04dcb72d-de9f-4a26-adea-1188d92279d8","[PREMIUM]","Used",2020,"Volvo","XC40","T5 Inscription","[PREMIUM]","[PREMIUM]",40509,"SUV","Black","TAN","Four-wheel Drive",,,"Gasoline",,,"dealership","[PREMIUM]","Columbia","SC","[PREMIUM]",,"[]",,,"[PREMIUM]"
"51096bb5-0a32-4ad3-88f1-663271096a9f","2026-05-22 23:38:12.456","2026-05-22 23:38:12.456","51096bb5-0a32-4ad3-88f1-663271096a9f","[PREMIUM]","Used",2021,"Tesla","Model Y","Long Range Dual Motor All-Wheel Drive","[PREMIUM]","[PREMIUM]",42411,"SUV","Pearl White Multi-Coat","Black","All-wheel Drive",,,"Electric",,,"dealership","[PREMIUM]","Houston","TX","[PREMIUM]",,"[]",,,"[PREMIUM]"
"08bea7a8-a290-4197-8a9f-08c01640d6c0","2026-05-22 23:38:12.062","2026-05-22 23:38:12.062","08bea7a8-a290-4197-8a9f-08c01640d6c0","[PREMIUM]","Used",2021,"RAM","1500","Big Horn/Lone Star","[PREMIUM]","[PREMIUM]",81414,"Truck","Olive Green Pearlcoat","Diesel Gray/Black","Four-wheel Drive",,,"Gasoline",,,"dealership","[PREMIUM]","Fargo","ND","[PREMIUM]",,"[]",,,"[PREMIUM]"
"e9243e95-22b5-43c2-84a4-c213f88b3edc","2026-05-22 23:38:12.056","2026-05-22 23:38:12.056","e9243e95-22b5-43c2-84a4-c213f88b3edc","[PREMIUM]","Used",2021,"Toyota","Sienna","LE","[PREMIUM]","[PREMIUM]",140491,"Passenger Van","Super White","Graphite","Front-wheel Drive",,,"Gasoline",,,"dealership","[PREMIUM]","Vallejo","CA","[PREMIUM]",,"[]",,,"[PREMIUM]"
"9f0889da-b674-47c4-bb56-bacb520fe64e","2026-05-22 23:38:12.050","2026-05-22 23:38:12.050","9f0889da-b674-47c4-bb56-bacb520fe64e","[PREMIUM]","Used",2021,"Jeep","Cherokee","Limited","[PREMIUM]","[PREMIUM]",14273,"SUV","Granite Crystal Metallic Clearcoat","Black","Four-wheel Drive",,,"Gasoline",,,"dealership","[PREMIUM]","Woodbury Hts","NJ","[PREMIUM]",,"[]",,,"[PREMIUM]"
"011f2926-d05f-4abb-aa27-f3ef58888392","2026-05-22 23:38:12.034","2026-05-22 23:38:12.034","011f2926-d05f-4abb-aa27-f3ef58888392","[PREMIUM]","Used",2021,"Jeep","Grand Cherokee","Laredo","[PREMIUM]","[PREMIUM]",50681,"SUV","Diamond Black Crystal Pearlcoat","Black","Rear-wheel Drive",,,"Gasoline",,,"dealership","[PREMIUM]","Colorado Springs","CO","[PREMIUM]",,"[]",,,"[PREMIUM]"
"498f6ca0-88ea-4173-84b0-b441eb9aeb9a","2026-05-22 23:38:12.034","2026-05-22 23:38:12.034","498f6ca0-88ea-4173-84b0-b441eb9aeb9a","[PREMIUM]","Used",2021,"RAM","1500","Big Horn","[PREMIUM]","[PREMIUM]",111340,"Truck","Patriot Blue Pearlcoat","Black","Four-wheel Drive",,,"Gasoline",,,"dealership","[PREMIUM]","Hopkins","MN","[PREMIUM]",,"[]",,,"[PREMIUM]"
"951ed3a5-32db-4e18-b074-20fce14edaba","2026-05-22 23:38:12.034","2026-05-22 23:38:12.034","951ed3a5-32db-4e18-b074-20fce14edaba","[PREMIUM]","Used",2021,"Honda","Ridgeline","RTL-E","[PREMIUM]","[PREMIUM]",105871,"Truck","Modern Steel Metallic",,"All-wheel Drive",,,"Gasoline",,,"dealership","[PREMIUM]","Selma","TX","[PREMIUM]",,"[]",,,"[PREMIUM]"
"0dc9e16e-05c2-41e7-aa9b-9b1a1a441698","2026-05-22 23:38:12.025","2026-05-22 23:38:12.025","0dc9e16e-05c2-41e7-aa9b-9b1a1a441698","[PREMIUM]","Used",2021,"Chevrolet","Silverado 1500","Custom","[PREMIUM]","[PREMIUM]",105218,"Truck","Silver Ice Metallic","Jet Black","Four-wheel Drive",,,"Gasoline",,,"dealership","[PREMIUM]","LaFollette","TN","[PREMIUM]",,"[]",,,"[PREMIUM]"
"e523de28-fb60-4f14-8bce-dce7c5b78b03","2026-05-22 23:37:21.433","2026-05-22 23:37:21.433","e523de28-fb60-4f14-8bce-dce7c5b78b03","[PREMIUM]","Used",2021,"Tesla","Model 3","Standard Range Plus","[PREMIUM]","[PREMIUM]",9282,"Sedan","Red","BLACK","Rear-wheel Drive",,,"Electric",,,"dealership","[PREMIUM]","Oxnard","CA","[PREMIUM]",,"[]",,,"[PREMIUM]"
"54a18561-de62-42e8-be53-035539753d76","2026-05-22 23:37:21.399","2026-05-22 23:37:21.399","54a18561-de62-42e8-be53-035539753d76","[PREMIUM]","Used",2021,"Toyota","RAV4 Prime","SE","[PREMIUM]","[PREMIUM]",72078,"SUV","Black","Black","All-wheel Drive",,,"Hybrid",,,"dealership","[PREMIUM]","Pinellas Park","FL","[PREMIUM]",,"[]",,,"[PREMIUM]"
"056a2423-6acc-4f49-be1d-b733c742fd79","2026-05-22 23:37:21.361","2026-05-22 23:37:21.361","056a2423-6acc-4f49-be1d-b733c742fd79","[PREMIUM]","Used",2021,"Subaru","Forester","Touring","[PREMIUM]","[PREMIUM]",75382,"SUV","Crystal White Pearl","Saddle Brown","All-wheel Drive",,,"Gasoline",,,"dealership","[PREMIUM]","Greensboro","NC","[PREMIUM]",,"[]",,,"[PREMIUM]"
"e82edbca-37c4-4c92-9971-5c93637e069f","2026-05-22 23:37:21.358","2026-05-22 23:37:21.358","e82edbca-37c4-4c92-9971-5c93637e069f","[PREMIUM]","Used",2021,"Chevrolet","Traverse","LT Cloth","[PREMIUM]","[PREMIUM]",34676,"SUV","Summit White","Jet Black","Front-wheel Drive",,,"Gasoline",,,"dealership","[PREMIUM]","Plymouth","MI","[PREMIUM]",,"[]",,,"[PREMIUM]"
"aa205fd9-9263-498b-a32b-e6440df93bad","2026-05-22 23:37:21.351","2026-05-22 23:37:21.351","aa205fd9-9263-498b-a32b-e6440df93bad","[PREMIUM]","Used",2021,"Chrysler","Pacifica","Touring","[PREMIUM]","[PREMIUM]",35064,"Passenger Van","White","Black","Front-wheel Drive",,,"Gasoline",,,"dealership","[PREMIUM]","Pinellas Park","FL","[PREMIUM]",,"[]",,,"[PREMIUM]"
"c2345cf7-b81f-41cd-b9bc-197b30df4074","2026-05-22 23:37:21.349","2026-05-22 23:37:21.349","c2345cf7-b81f-41cd-b9bc-197b30df4074","[PREMIUM]","Used",2021,"Dodge","Durango","GT","[PREMIUM]","[PREMIUM]",42955,"SUV","Black","BLACK","Four-wheel Drive",,,"Gasoline",,,"dealership","[PREMIUM]","Fremont","CA","[PREMIUM]",,"[]",,,"[PREMIUM]"
"96913cfc-b154-4395-a452-27cb2fbce15f","2026-05-22 23:37:21.342","2026-05-22 23:37:21.342","96913cfc-b154-4395-a452-27cb2fbce15f","[PREMIUM]","Used",2021,"Acura","TLX","Advance","[PREMIUM]","[PREMIUM]",41959,"Sedan","White","Ebony","Front-wheel Drive",,,"Gasoline",,,"dealership","[PREMIUM]","Pinellas Park","FL","[PREMIUM]",,"[]",,,"[PREMIUM]"
"2ab34ed5-c872-4479-963e-f18babcdf394","2026-05-22 23:37:21.339","2026-05-25 23:37:32.151","2ab34ed5-c872-4479-963e-f18babcdf394","[PREMIUM]","Used",2021,"Honda","Accord","Touring 2.0T","[PREMIUM]","[PREMIUM]",77760,"Sedan","White","Ivory","Front-wheel Drive",,,"Gasoline",,,"dealership","[PREMIUM]","Pinellas Park","FL","[PREMIUM]",,"[]",,,"[PREMIUM]"
"0cf0792f-ae38-47f2-a9d6-1d0dab01c503","2026-05-22 23:37:21.336","2026-05-22 23:37:21.336","0cf0792f-ae38-47f2-a9d6-1d0dab01c503","[PREMIUM]","Used",2021,"GMC","Acadia","Denali","[PREMIUM]","[PREMIUM]",66257,"SUV","White Frost Tricoat","Jet Black","Front-wheel Drive",,,"Gasoline",,,"dealership","[PREMIUM]","Naples","FL","[PREMIUM]",,"[]",,,"[PREMIUM]"
"47adf22a-4e91-4fd1-86ce-ea6afdc53f8f","2026-05-22 23:37:21.333","2026-05-22 23:37:21.333","47adf22a-4e91-4fd1-86ce-ea6afdc53f8f","[PREMIUM]","Used",2021,"Mazda","CX-9","Signature","[PREMIUM]","[PREMIUM]",51953,"SUV","Gray","BLACK","Four-wheel Drive",,,"Gasoline",,,"dealership","[PREMIUM]","Clermont","FL","[PREMIUM]",,"[]",,,"[PREMIUM]"
"999336fa-f223-473b-8af5-34b3fdcba297","2026-05-22 23:37:21.332","2026-05-22 23:37:21.332","999336fa-f223-473b-8af5-34b3fdcba297","[PREMIUM]","Used",2021,"Toyota","Highlander","XLE","[PREMIUM]","[PREMIUM]",64708,"SUV","Gray","Black","Unknown",,,"Gasoline",,,"dealership","[PREMIUM]","Phoenix","AZ","[PREMIUM]",,"[]",,,"[PREMIUM]"
"0f401881-3e7f-40e7-9b98-1826b9bf1a6b","2026-05-22 23:37:21.331","2026-05-22 23:37:21.331","0f401881-3e7f-40e7-9b98-1826b9bf1a6b","[PREMIUM]","Used",2021,"Toyota","Tacoma","SR","[PREMIUM]","[PREMIUM]",58966,"Truck","Silver","GRAY","Four-wheel Drive",,,"Gasoline",,,"dealership","[PREMIUM]","Wilmington","NC","[PREMIUM]",,"[]",,,"[PREMIUM]"
"7b1b2695-f31e-4f1e-879a-939c33071ff4","2026-05-22 23:37:21.310","2026-05-22 23:37:21.310","7b1b2695-f31e-4f1e-879a-939c33071ff4","[PREMIUM]","Used",2021,"Mercedes-Benz","GLC 300","Base","[PREMIUM]","[PREMIUM]",30315,"SUV","White","Silk Beige / Black","Rear-wheel Drive",,,"Gasoline",,,"dealership","[PREMIUM]","Pinellas Park","FL","[PREMIUM]",,"[]",,,"[PREMIUM]"
"59c75890-b27c-448a-8bee-7c91ee2e8906","2026-05-22 23:37:21.308","2026-05-22 23:37:21.308","59c75890-b27c-448a-8bee-7c91ee2e8906","[PREMIUM]","Used",2021,"Mercedes-Benz","GLB 250","Base","[PREMIUM]","[PREMIUM]",47962,"SUV","Galaxy Blue Metallic","Black","Front-wheel Drive",,,"Gasoline",,,"dealership","[PREMIUM]","Brookshire","TX","[PREMIUM]",,"[]",,,"[PREMIUM]"
"449f4bf7-d9c9-488d-abf6-929059083efc","2026-05-22 23:37:10.637","2026-05-22 23:37:10.637","449f4bf7-d9c9-488d-abf6-929059083efc","[PREMIUM]","Used",2021,"Mazda","MX-5 Miata","RF Grand Touring","[PREMIUM]","[PREMIUM]",51120,"Convertible","Blue","BLACK","Rear-wheel Drive",,,"Gasoline",,,"dealership","[PREMIUM]","West Carrollton","OH","[PREMIUM]",,"[]",,,"[PREMIUM]"
"eff2e509-9baf-4a1a-855c-2e2bddefed4f","2026-05-22 23:37:10.562","2026-05-22 23:37:10.562","eff2e509-9baf-4a1a-855c-2e2bddefed4f","[PREMIUM]","Used",2021,"Honda","Passport",,"[PREMIUM]","[PREMIUM]",70050,"SUV","Crystal Black Pearl","Black",,,,,,,"dealership","[PREMIUM]","Bentonville","AR","[PREMIUM]",,"[]",,,"[PREMIUM]"
"f77183ba-5919-41ec-b7fa-2af43b259c39","2026-05-22 23:37:10.561","2026-05-22 23:37:10.561","f77183ba-5919-41ec-b7fa-2af43b259c39","[PREMIUM]","Used",2021,"Buick","Envision","Avenir","[PREMIUM]","[PREMIUM]",39272,"SUV","Black","CREAM","Rear-wheel Drive",,,"Gasoline",,,"dealership","[PREMIUM]","San Diego","CA","[PREMIUM]",,"[]",,,"[PREMIUM]"
"1c5c631f-2875-467f-825d-983e2d03abba","2026-05-22 23:37:10.560","2026-05-22 23:37:10.560","1c5c631f-2875-467f-825d-983e2d03abba","[PREMIUM]","Used",2021,"Tesla","Model Y","Long Range","[PREMIUM]","[PREMIUM]",74775,"SUV","Gray","BLACK","Four-wheel Drive",,,"Electric",,,"dealership","[PREMIUM]","Midland","TX","[PREMIUM]",,"[]",,,"[PREMIUM]"
"00b9e6f4-1991-4a09-84fa-6feeeaa87f73","2026-05-22 23:37:10.557","2026-05-22 23:37:10.557","00b9e6f4-1991-4a09-84fa-6feeeaa87f73","[PREMIUM]","Used",2021,"Mercedes-Benz","GLC 300",,"[PREMIUM]","[PREMIUM]",37287,"SUV","Gray","BLACK","Four-wheel Drive",,,"Gasoline",,,"dealership","[PREMIUM]","Danvers","MA","[PREMIUM]",,"[]",,,"[PREMIUM]"
"25616209-f1aa-463f-944f-400f2de76168","2026-05-22 23:37:10.556","2026-05-22 23:37:10.556","25616209-f1aa-463f-944f-400f2de76168","[PREMIUM]","Used",2021,"Jeep","Gladiator","Overland","[PREMIUM]","[PREMIUM]",55770,"Truck","Sting-Gray Clearcoat","Black","Four-wheel Drive",,,"Gasoline",,,"dealership","[PREMIUM]","Portland","OR","[PREMIUM]",,"[]",,,"[PREMIUM]"
"e1c1cd8c-a47f-4ef5-a56b-1186fe1a9d8e","2026-05-22 23:37:10.556","2026-05-22 23:37:10.556","e1c1cd8c-a47f-4ef5-a56b-1186fe1a9d8e","[PREMIUM]","Used",2021,"Toyota","Tacoma","TRD Sport","[PREMIUM]","[PREMIUM]",95524,"Truck","Cement","Cement","Rear-wheel Drive",,,"Gasoline",,,"dealership","[PREMIUM]","Brookshire","TX","[PREMIUM]",,"[]",,,"[PREMIUM]"
"0e9baa53-c577-4142-a0be-9eecd8827676","2026-05-22 23:37:10.555","2026-05-22 23:37:10.555","0e9baa53-c577-4142-a0be-9eecd8827676","[PREMIUM]","Used",2021,"Audi","Q5","Premium Plus","[PREMIUM]","[PREMIUM]",18854,"SUV","Black","BLACK","Four-wheel Drive",,,"Gasoline",,,"dealership","[PREMIUM]","Duarte","CA","[PREMIUM]",,"[]",,,"[PREMIUM]"
"194fbb50-92c9-467c-b0d5-32a8da22cfa8","2026-05-22 23:37:10.547","2026-05-22 23:37:10.547","194fbb50-92c9-467c-b0d5-32a8da22cfa8","[PREMIUM]","Used",2021,"Mercedes-Benz","GLB 250",,"[PREMIUM]","[PREMIUM]",42397,"SUV","Black","BLACK","Four-wheel Drive",,,"Gasoline",,,"dealership","[PREMIUM]","Louisville","KY","[PREMIUM]",,"[]",,,"[PREMIUM]"
"7abc670b-477c-41e0-a590-610a6d6315d0","2026-05-22 23:37:10.545","2026-05-22 23:37:10.545","7abc670b-477c-41e0-a590-610a6d6315d0","[PREMIUM]","Used",2021,"Ford","Mustang","Ecoboost Premium","[PREMIUM]","[PREMIUM]",51964,"Coupe","White","BLACK","Rear-wheel Drive",,,"Gasoline",,,"dealership","[PREMIUM]","Chattanooga","TN","[PREMIUM]",,"[]",,,"[PREMIUM]"
"05fa359a-66c6-4753-af4e-9b441d196d00","2026-05-22 23:37:10.538","2026-05-22 23:37:10.538","05fa359a-66c6-4753-af4e-9b441d196d00","[PREMIUM]","Used",2021,"Audi","Q5","Premium Plus","[PREMIUM]","[PREMIUM]",44274,"SUV","White","BLACK","Four-wheel Drive",,,"Gasoline",,,"dealership","[PREMIUM]","Hillside","IL","[PREMIUM]",,"[]",,,"[PREMIUM]"
"d92a81e8-3418-4424-bdaa-9ae5e9cd0727","2026-05-22 23:37:10.535","2026-05-22 23:37:10.535","d92a81e8-3418-4424-bdaa-9ae5e9cd0727","[PREMIUM]","Used",2021,"Tesla","Model Y","Performance","[PREMIUM]","[PREMIUM]",60151,"SUV","White","WHITE","Four-wheel Drive",,,"Electric",,,"dealership","[PREMIUM]","Palmdale","CA","[PREMIUM]",,"[]",,,"[PREMIUM]"
"99db233f-b244-40a3-b7da-9f98a3bc6f2f","2026-05-22 23:37:10.528","2026-05-22 23:37:10.528","99db233f-b244-40a3-b7da-9f98a3bc6f2f","[PREMIUM]","Used",2021,"Honda","Pilot","EX-L","[PREMIUM]","[PREMIUM]",45045,"SUV","White","BLACK","Rear-wheel Drive",,,"Gasoline",,,"dealership","[PREMIUM]","Orlando","FL","[PREMIUM]",,"[]",,,"[PREMIUM]"
"0c3a399f-da23-4d38-b4cc-22ef70b70d90","2026-05-22 23:37:10.527","2026-05-22 23:37:10.527","0c3a399f-da23-4d38-b4cc-22ef70b70d90","[PREMIUM]","Used",2021,"Ford","F-150","XL","[PREMIUM]","[PREMIUM]",102534,"Truck","Carbonized Gray Metallic","Black","Rear-wheel Drive",,,"Gasoline",,,"dealership","[PREMIUM]","Brookshire","TX","[PREMIUM]",,"[]",,,"[PREMIUM]"
"fc046c97-fa28-4352-8915-cdf748c5b90a","2026-05-22 23:37:10.527","2026-05-22 23:37:10.527","fc046c97-fa28-4352-8915-cdf748c5b90a","[PREMIUM]","Used",2021,"Audi","Q7","Premium","[PREMIUM]","[PREMIUM]",42911,"SUV","White","BLACK","Four-wheel Drive",,,"Gasoline",,,"dealership","[PREMIUM]","Ontario","CA","[PREMIUM]",,"[]",,,"[PREMIUM]"
"0b419638-af01-452b-b847-95cf9393f439","2026-05-22 23:37:10.526","2026-05-22 23:37:10.526","0b419638-af01-452b-b847-95cf9393f439","[PREMIUM]","Used",2021,"Ford","Bronco Sport","Badlands","[PREMIUM]","[PREMIUM]",28928,"SUV","Gray","BLACK","Four-wheel Drive",,,"Gasoline",,,"dealership","[PREMIUM]","Bristol","TN","[PREMIUM]",,"[]",,,"[PREMIUM]"
"505f65dd-95cd-4b3e-8de6-bfd1f3624edc","2026-05-22 23:37:10.526","2026-05-22 23:37:10.526","505f65dd-95cd-4b3e-8de6-bfd1f3624edc","[PREMIUM]","Used",2021,"Acura","RDX",,"[PREMIUM]","[PREMIUM]",74329,"SUV","Performance Red Pearl","Ebony",,,,,,,"dealership","[PREMIUM]","Houston","TX","[PREMIUM]",,"[]",,,"[PREMIUM]"
"d5d07db8-ed3c-43d9-88b0-e81aac62bafb","2026-05-22 23:36:49.921","2026-05-22 23:36:49.921","d5d07db8-ed3c-43d9-88b0-e81aac62bafb","[PREMIUM]","Used",2021,"BMW","330","I","[PREMIUM]","[PREMIUM]",39310,"Sedan","Black","BLACK","Rear-wheel Drive",,,"Gasoline",,,"dealership","[PREMIUM]","Davie","FL","[PREMIUM]",,"[]",,,"[PREMIUM]"
"aca071ef-9d10-41de-86fc-b93a48c6a667","2026-05-22 23:36:49.912","2026-05-22 23:36:49.912","aca071ef-9d10-41de-86fc-b93a48c6a667","[PREMIUM]","Used",2021,"Subaru","Forester","Touring","[PREMIUM]","[PREMIUM]",38683,"SUV","White","BLACK","Four-wheel Drive",,,"Gasoline",,,"dealership","[PREMIUM]","Kenner","LA","[PREMIUM]",,"[]",,,"[PREMIUM]"
"efbdef57-0173-4165-9b57-6ebaf679217e","2026-05-22 23:36:49.901","2026-05-22 23:36:49.901","efbdef57-0173-4165-9b57-6ebaf679217e","[PREMIUM]","Used",2021,"GMC","Canyon","Elevation Standard","[PREMIUM]","[PREMIUM]",55874,"Truck","White","BLACK","Rear-wheel Drive",,,"Gasoline",,,"dealership","[PREMIUM]","Tucson","AZ","[PREMIUM]",,"[]",,,"[PREMIUM]"
"223d6f6b-f430-4c62-b871-d3dd5ba9ec22","2026-05-22 23:36:49.886","2026-05-22 23:36:49.886","223d6f6b-f430-4c62-b871-d3dd5ba9ec22","[PREMIUM]","Used",2021,"Mercedes-Benz","GLC 300",,"[PREMIUM]","[PREMIUM]",25493,"SUV","Black","BLACK","Rear-wheel Drive",,,"Gasoline",,,"dealership","[PREMIUM]","Midland","TX","[PREMIUM]",,"[]",,,"[PREMIUM]"
"80cd415f-da82-4ffa-8862-6ffea0ca2520","2026-05-22 23:36:49.876","2026-05-22 23:36:49.876","80cd415f-da82-4ffa-8862-6ffea0ca2520","[PREMIUM]","Used",2021,"Audi","A5 Sportback","S-Line Premium Plus","[PREMIUM]","[PREMIUM]",51071,"Hatchback","White","BLACK","Four-wheel Drive",,,"Gasoline",,,"dealership","[PREMIUM]","Oxnard","CA","[PREMIUM]",,"[]",,,"[PREMIUM]"
"a3803bef-0391-4b85-902c-27f1fb8b49a1","2026-05-22 23:36:39.662","2026-05-22 23:36:39.662","a3803bef-0391-4b85-902c-27f1fb8b49a1","[PREMIUM]","Used",2022,"Mercedes-Benz","GLC 300","4MATIC","[PREMIUM]","[PREMIUM]",47325,"SUV","Black","Black","All-wheel Drive",,,"Gasoline",,,"dealership","[PREMIUM]","Sidney","NY","[PREMIUM]",,"[]",,,"[PREMIUM]"
"1bdf43af-3f34-4fa5-81ab-a5fed322b600","2026-05-22 23:36:29.874","2026-05-22 23:36:29.874","1bdf43af-3f34-4fa5-81ab-a5fed322b600","[PREMIUM]","Used",2022,"Honda","Accord Hybrid","Sport","[PREMIUM]","[PREMIUM]",27743,"Sedan","Blue","BLACK","Rear-wheel Drive",,,"Hybrid",,,"dealership","[PREMIUM]","Harrisonburg","VA","[PREMIUM]",,"[]",,,"[PREMIUM]"
"027c91cf-d423-4761-aa51-c54ec165dce0","2026-05-22 23:36:29.527","2026-05-22 23:36:29.527","027c91cf-d423-4761-aa51-c54ec165dce0","[PREMIUM]","Used",2022,"Toyota","RAV4 Hybrid","XLE","[PREMIUM]","[PREMIUM]",98741,"SUV","Silver/Gray","Black","All-wheel Drive",,,"Hybrid",,,"dealership","[PREMIUM]","San Antonio","TX","[PREMIUM]",,"[]",,,"[PREMIUM]"
"958f73ff-6b64-432f-b6fc-25ce39af31cd","2026-05-22 23:36:29.475","2026-05-22 23:36:29.475","958f73ff-6b64-432f-b6fc-25ce39af31cd","[PREMIUM]","Used",2022,"Mercedes-Benz","GLA 250","4MATIC","[PREMIUM]","[PREMIUM]",35741,"SUV","Mountain Grey Metallic","Black","All-wheel Drive",,,"Gasoline",,,"dealership","[PREMIUM]","Conway","SC","[PREMIUM]",,"[]",,,"[PREMIUM]"
"41b45a32-b878-45b6-8384-5f3e6544efa6","2026-05-22 23:36:19.288","2026-05-25 23:36:31.376","41b45a32-b878-45b6-8384-5f3e6544efa6","[PREMIUM]","Used",2022,"Nissan","Frontier","S","[PREMIUM]","[PREMIUM]",65059,"Truck","Glacier White","Charcoal","Four-wheel Drive",,,"Gasoline",,,"dealership","[PREMIUM]","Muncy","PA","[PREMIUM]",,"[]",,,"[PREMIUM]"
"2fc700be-f39d-4c95-b456-5fb4dfb7e55d","2026-05-22 23:35:59.515","2026-05-22 23:35:59.515","2fc700be-f39d-4c95-b456-5fb4dfb7e55d","[PREMIUM]","Used",2022,"Hyundai","SANTA FE","Calligraphy","[PREMIUM]","[PREMIUM]",38909,"SUV","Stormy Sea","Beige","Front-wheel Drive",,,"Gasoline",,,"dealership","[PREMIUM]","Springdale","AR","[PREMIUM]",,"[]",,,"[PREMIUM]"
"d3ade836-4a15-4c96-958a-ec1eeb03e286","2026-05-22 23:35:59.140","2026-05-25 23:36:11.449","d3ade836-4a15-4c96-958a-ec1eeb03e286","[PREMIUM]","Used",2022,"Subaru","Forester","2.5i Limited","[PREMIUM]","[PREMIUM]",44132,"SUV","Magnetite Gray Metallic","Black","All-wheel Drive",,,,,,"dealership","[PREMIUM]","Bloomington","MN","[PREMIUM]",,"[]",,,"[PREMIUM]"
"94adbbe1-8014-4b18-b7e8-68e86990d7fc","2026-05-22 23:35:59.112","2026-05-22 23:35:59.112","94adbbe1-8014-4b18-b7e8-68e86990d7fc","[PREMIUM]","Used",2022,"Audi","Q3","40 Premium","[PREMIUM]","[PREMIUM]",37653,"SUV","White",,"All-wheel Drive",,,"Gasoline",,,"dealership","[PREMIUM]","Milford","CT","[PREMIUM]",,"[]",,,"[PREMIUM]"
"9c1e9a3b-5f67-4c0f-82d6-4c898b2beb95","2026-05-22 23:35:28.890","2026-05-22 23:35:28.890","9c1e9a3b-5f67-4c0f-82d6-4c898b2beb95","[PREMIUM]","Used",2022,"Toyota","RAV4 Hybrid","XLE","[PREMIUM]","[PREMIUM]",82068,"SUV","Silver Sky Metallic","Black","All-wheel Drive",,,"Hybrid",,,"dealership","[PREMIUM]","Plainwell","MI","[PREMIUM]",,"[]",,,"[PREMIUM]"
"99d1fdf5-5824-4e32-acb9-1c14ef0e00c9","2026-05-22 23:35:28.756","2026-05-22 23:35:28.756","99d1fdf5-5824-4e32-acb9-1c14ef0e00c9","[PREMIUM]","Used",2022,"Honda","CR-V","AWD EX-L","[PREMIUM]","[PREMIUM]",48388,"SUV","Platinum White Pearl","Ivory","All-wheel Drive",,,"Gasoline",,,"dealership","[PREMIUM]","Waite Park","MN","[PREMIUM]",,"[]",,,"[PREMIUM]"
"bae06723-6198-4197-82e2-4c2213d85dc6","2026-05-22 23:35:28.750","2026-05-25 23:35:40.912","bae06723-6198-4197-82e2-4c2213d85dc6","[PREMIUM]","Used",2022,"Honda","Pilot","AWD EX-L","[PREMIUM]","[PREMIUM]",64880,"SUV","Platinum White Pearl","TAN","All-wheel Drive",,,"Gasoline",,,"dealership","[PREMIUM]","Mayfield","KY","[PREMIUM]",,"[]",,,"[PREMIUM]"
"36b44463-d57f-48b6-834c-40c90bf8f903","2026-05-22 23:35:28.742","2026-05-22 23:35:28.742","36b44463-d57f-48b6-834c-40c90bf8f903","[PREMIUM]","Used",2022,"Acura","TLX","A-Spec","[PREMIUM]","[PREMIUM]",22650,"Sedan","Majestic Black Pearl","Red","Front-wheel Drive",,,"Gasoline",,,"dealership","[PREMIUM]","Dallas","TX","[PREMIUM]",,"[]",,,"[PREMIUM]"
"16d1f009-cf23-4e6a-98f4-d360c2e9d05b","2026-05-22 23:35:28.737","2026-05-22 23:35:28.737","16d1f009-cf23-4e6a-98f4-d360c2e9d05b","[PREMIUM]","Used",2022,"Toyota","Camry","XSE","[PREMIUM]","[PREMIUM]",70639,"Sedan","Ice Edge","Ash","All-wheel Drive",,,"Gasoline",,,"dealership","[PREMIUM]","Marietta","OH","[PREMIUM]",,"[]",,,"[PREMIUM]"
"18447161-ddb2-4452-a415-594f822a943d","2026-05-22 23:35:28.736","2026-05-22 23:35:28.736","18447161-ddb2-4452-a415-594f822a943d","[PREMIUM]","Used",2022,"Volkswagen","Atlas","2.0T SE w/Technology 4MOTION","[PREMIUM]","[PREMIUM]",57867,"SUV","Deep Black Pearl","Shetland Beige","All-wheel Drive",,,"Gasoline",,,"dealership","[PREMIUM]","Waldorf","MD","[PREMIUM]",,"[]",,,"[PREMIUM]"
"37c607ca-6ff3-47a0-9b38-091af59fd905","2026-05-22 23:35:28.735","2026-05-22 23:35:28.735","37c607ca-6ff3-47a0-9b38-091af59fd905","[PREMIUM]","Used",2022,"Jeep","Grand Cherokee 4xe","Base","[PREMIUM]","[PREMIUM]",13387,"SUV","Baltic Gray Metallic Clearcoat","Global Black","Four-wheel Drive",,,"Gasoline",,,"dealership","[PREMIUM]","Greenville","SC","[PREMIUM]",,"[]",,,"[PREMIUM]"
"4fd798fe-fe0b-429a-87f9-41ce3927d07b","2026-05-22 23:35:28.709","2026-05-22 23:35:28.709","4fd798fe-fe0b-429a-87f9-41ce3927d07b","[PREMIUM]","Used",2022,"Audi","A4","45 S line Premium Plus","[PREMIUM]","[PREMIUM]",67297,"Sedan","Blue",,"All-wheel Drive",,,"Gasoline",,,"dealership","[PREMIUM]","Lynnwood","WA","[PREMIUM]",,"[]",,,"[PREMIUM]"
"65fd7e0a-ad95-4f60-9dfc-6d3d8766ef8f","2026-05-22 23:35:18.421","2026-05-22 23:35:18.421","65fd7e0a-ad95-4f60-9dfc-6d3d8766ef8f","[PREMIUM]","Used",2022,"Chevrolet","Silverado 1500","Custom","[PREMIUM]","[PREMIUM]",45092,"Truck","Silver Ice Metallic","Jet Black","Rear-wheel Drive",,,"Gasoline",,,"dealership","[PREMIUM]","Bloomington","IL","[PREMIUM]",,"[]",,,"[PREMIUM]"
"4a3261ad-7fff-48ea-8372-91c614955c09","2026-05-22 23:35:18.302","2026-05-22 23:35:18.302","4a3261ad-7fff-48ea-8372-91c614955c09","[PREMIUM]","Used",2022,"Kia","Sorento","S","[PREMIUM]","[PREMIUM]",33949,"SUV","Glacial White Pearl","Black","Front-wheel Drive",,,"Gasoline",,,"dealership","[PREMIUM]","Cedar Rapids","IA","[PREMIUM]",,"[]",,,"[PREMIUM]"
"f7116d3d-e832-4f27-a9c7-ea03318c6717","2026-05-22 23:35:08.641","2026-05-22 23:35:08.641","f7116d3d-e832-4f27-a9c7-ea03318c6717","[PREMIUM]","Used",2022,"Ford","Explorer","XLT","[PREMIUM]","[PREMIUM]",42540,"SUV","Silver","GRAY","2WD",,,"Flex",,,"dealership","[PREMIUM]","Gilbert","AZ","[PREMIUM]",,"[]",,,"[PREMIUM]"
"83c157a8-0e27-4fea-8482-a596e1ee5c13","2026-05-22 23:35:08.348","2026-05-22 23:35:08.348","83c157a8-0e27-4fea-8482-a596e1ee5c13","[PREMIUM]","Used",2022,"Kia","Telluride","S","[PREMIUM]","[PREMIUM]",36293,"SUV","Moss","Black","AWD",,,,,,"dealership","[PREMIUM]","Dubuque","IA","[PREMIUM]",,"[]",,,"[PREMIUM]"
"80f064bb-bdac-4f03-9878-39f787cf421a","2026-05-22 23:35:08.342","2026-05-22 23:35:08.342","80f064bb-bdac-4f03-9878-39f787cf421a","[PREMIUM]","Used",2022,"Acura","MDX","Technology","[PREMIUM]","[PREMIUM]",91709,"SUV","Liquid Carbon Metallic","Ebony","Front-wheel Drive",,,"Gasoline",,,"dealership","[PREMIUM]","Brookshire","TX","[PREMIUM]",,"[]",,,"[PREMIUM]"
"3cece397-f26a-4f0e-bf0f-b8e11a2493fd","2026-05-22 23:35:08.223","2026-05-25 23:35:21.097","3cece397-f26a-4f0e-bf0f-b8e11a2493fd","[PREMIUM]","Used",2022,"Jeep","Grand Cherokee 4xe","Base","[PREMIUM]","[PREMIUM]",24993,"SUV","Diamond Black Crystal Pearlcoat","Global Black","Four-wheel Drive",,,"Gasoline",,,"dealership","[PREMIUM]","Brandenburg","KY","[PREMIUM]",,"[]",,,"[PREMIUM]"
"6a5cef69-3be4-4955-8e0a-6847896c3e7d","2026-05-22 23:35:08.223","2026-05-22 23:35:08.223","6a5cef69-3be4-4955-8e0a-6847896c3e7d","[PREMIUM]","Used",2022,"Volkswagen","Tiguan","SE R-Line Black","[PREMIUM]","[PREMIUM]",29880,"SUV","Gray","BLACK","Four-wheel Drive",,,"Gasoline",,,"dealership","[PREMIUM]","Laurel","MD","[PREMIUM]",,"[]",,,"[PREMIUM]"
"09fe7e11-8144-497c-ba4e-f45549b59c82","2026-05-22 23:35:08.215","2026-05-22 23:35:08.215","09fe7e11-8144-497c-ba4e-f45549b59c82","[PREMIUM]","Used",2022,"Honda","Accord","Sport","[PREMIUM]","[PREMIUM]",7132,"Sedan","White","BLACK","Rear-wheel Drive",,,"Gasoline",,,"dealership","[PREMIUM]","Memphis","TN","[PREMIUM]",,"[]",,,"[PREMIUM]"
"15d30bd8-ad4a-46f5-943b-7f58fd8ba449","2026-05-22 23:35:08.206","2026-05-22 23:35:08.206","15d30bd8-ad4a-46f5-943b-7f58fd8ba449","[PREMIUM]","Used",2022,"Toyota","Tacoma","SR","[PREMIUM]","[PREMIUM]",56989,"Truck","Red","GRAY","Rear-wheel Drive",,,"Gasoline",,,"dealership","[PREMIUM]","Nashville","TN","[PREMIUM]",,"[]",,,"[PREMIUM]"
"4cf9bcfd-85af-47ff-962a-02b7a6e9132c","2026-05-22 23:35:08.206","2026-05-25 23:35:20.457","4cf9bcfd-85af-47ff-962a-02b7a6e9132c","[PREMIUM]","Used",2022,"Honda","Accord",,"[PREMIUM]","[PREMIUM]",40732,"Sedan","Crystal Black Pearl","Black",,,,,,,"dealership","[PREMIUM]","Salisbury","MD","[PREMIUM]",,"[]",,,"[PREMIUM]"
"3534f934-0f47-4dca-915f-5730cd99c8ac","2026-05-22 23:35:08.204","2026-05-22 23:35:08.204","3534f934-0f47-4dca-915f-5730cd99c8ac","[PREMIUM]","Used",2022,"BMW","330","I","[PREMIUM]","[PREMIUM]",44311,"Sedan","White","TAN","Rear-wheel Drive",,,"Gasoline",,,"dealership","[PREMIUM]","Greenville","SC","[PREMIUM]",,"[]",,,"[PREMIUM]"
"706818e8-2c1d-4153-b911-c2f031f16910","2026-05-22 23:35:08.200","2026-05-25 23:35:30.577","706818e8-2c1d-4153-b911-c2f031f16910","[PREMIUM]","Used",2022,"Acura","ILX","Premium A-Spec","[PREMIUM]","[PREMIUM]",30229,"Sedan","Blue","BLACK","Rear-wheel Drive",,,"Gasoline",,,"dealership","[PREMIUM]","Chattanooga","TN","[PREMIUM]",,"[]",,,"[PREMIUM]"
"dbc1b0dc-78c7-4e71-a7fa-29be253a6b15","2026-05-22 23:35:08.200","2026-05-22 23:35:08.200","dbc1b0dc-78c7-4e71-a7fa-29be253a6b15","[PREMIUM]","Used",2022,"INFINITI","QX50","Luxe","[PREMIUM]","[PREMIUM]",34105,"SUV","Black","BLACK","Rear-wheel Drive",,,"Gasoline",,,"dealership","[PREMIUM]","Katy","TX","[PREMIUM]",,"[]",,,"[PREMIUM]"
"a715305c-23d7-433a-9917-aba1644da975","2026-05-22 23:35:08.195","2026-05-22 23:35:08.195","a715305c-23d7-433a-9917-aba1644da975","[PREMIUM]","Used",2022,"Chevrolet","Blazer","2LT","[PREMIUM]","[PREMIUM]",33413,"SUV","White","Jet Black","All-wheel Drive",,,"Gasoline",,,"dealership","[PREMIUM]","Platteville","WI","[PREMIUM]",,"[]",,,"[PREMIUM]"
"65a3f60c-9b7c-472e-8e46-ac1dcd4c8ec9","2026-05-22 23:35:08.191","2026-05-22 23:35:08.191","65a3f60c-9b7c-472e-8e46-ac1dcd4c8ec9","[PREMIUM]","Used",2022,"BMW","228 Gran Coupe","i xDrive","[PREMIUM]","[PREMIUM]",16328,"Sedan","Blue","Black","All-wheel Drive",,,"Gasoline",,,"dealership","[PREMIUM]","Triangle","VA","[PREMIUM]",,"[]",,,"[PREMIUM]"
"3e27b970-4c55-4c74-8b06-6a24b7b9c8f4","2026-05-22 23:34:58.434","2026-05-25 23:35:10.273","3e27b970-4c55-4c74-8b06-6a24b7b9c8f4","[PREMIUM]","Used",2022,"Honda","CR-V","EX","[PREMIUM]","[PREMIUM]",22605,"SUV","Blue","BLACK","Rear-wheel Drive",,,"Gasoline",,,"dealership","[PREMIUM]","McKinney","TX","[PREMIUM]",,"[]",,,"[PREMIUM]"
"f6d5152b-f7d0-45dc-9cf3-9f42424c4593","2026-05-22 23:34:57.841","2026-05-28 23:35:24.298","f6d5152b-f7d0-45dc-9cf3-9f42424c4593","[PREMIUM]","Used",2022,"Honda","Accord Hybrid","Sport","[PREMIUM]","[PREMIUM]",64801,"Sedan","White","BLACK","Rear-wheel Drive",,,"Hybrid",,,"dealership","[PREMIUM]","Wichita","KS","[PREMIUM]",,"[]",,,"[PREMIUM]"
"8194e0a1-12ac-4b95-a52d-855bc22420a3","2026-05-22 23:34:57.768","2026-05-22 23:34:57.768","8194e0a1-12ac-4b95-a52d-855bc22420a3","[PREMIUM]","Used",2022,"Jeep","Grand Cherokee WK","Laredo X","[PREMIUM]","[PREMIUM]",26816,"SUV","White","BLACK","Rear-wheel Drive",,,"Gasoline",,,"dealership","[PREMIUM]","Boynton Beach","FL","[PREMIUM]",,"[]",,,"[PREMIUM]"
"8f43d0c8-e753-4bbe-a2fa-ac45288e4bed","2026-05-22 23:34:57.762","2026-05-22 23:34:57.762","8f43d0c8-e753-4bbe-a2fa-ac45288e4bed","[PREMIUM]","Used",2022,"Tesla","Model 3","Long Range","[PREMIUM]","[PREMIUM]",36172,"Sedan","Black","BLACK","Four-wheel Drive",,,"Electric",,,"dealership","[PREMIUM]","Lancaster","PA","[PREMIUM]",,"[]",,,"[PREMIUM]"
"99b274f7-2292-4fc6-a1cb-f45643019d9c","2026-05-22 23:34:57.755","2026-05-22 23:34:57.755","99b274f7-2292-4fc6-a1cb-f45643019d9c","[PREMIUM]","Used",2022,"Ford","F-150","XL 4WD SuperCrew 5.5&#39; Box","[PREMIUM]","[PREMIUM]",88099,,"Oxford White",,"Four-wheel Drive",,,"Gasoline",,,"dealership","[PREMIUM]","Eunice","LA","[PREMIUM]",,"[]",,,"[PREMIUM]"
"4eaed8f2-979c-40d6-8dd3-f92f22dc48ca","2026-05-22 23:34:57.744","2026-05-22 23:34:57.744","4eaed8f2-979c-40d6-8dd3-f92f22dc48ca","[PREMIUM]","Used",2022,"Subaru","WRX","Limited","[PREMIUM]","[PREMIUM]",33725,"Sedan","White","BLACK","Four-wheel Drive",,,"Gasoline",,,"dealership","[PREMIUM]","Plano","TX","[PREMIUM]",,"[]",,,"[PREMIUM]"
"e6ed0a2b-c224-45ff-a003-2fa6f37063d2","2026-05-22 23:34:57.732","2026-05-25 23:35:10.470","e6ed0a2b-c224-45ff-a003-2fa6f37063d2","[PREMIUM]","Used",2022,"Lincoln","Corsair","Standard","[PREMIUM]","[PREMIUM]",21725,"SUV","Gray","GRAY","Four-wheel Drive",,,"Gasoline",,,"dealership","[PREMIUM]","Edison","NJ","[PREMIUM]",,"[]",,,"[PREMIUM]"
"ae41257b-7dfd-417d-9b2e-2624053e4e73","2026-05-22 23:34:57.726","2026-05-22 23:34:57.726","ae41257b-7dfd-417d-9b2e-2624053e4e73","[PREMIUM]","Used",2022,"Nissan","Frontier","SV","[PREMIUM]","[PREMIUM]",8313,"Truck","White","GRAY","2WD",,,"Gas",,,"dealership","[PREMIUM]","Murrieta","CA","[PREMIUM]",,"[]",,,"[PREMIUM]"
"e936455f-8f9d-4df9-935d-ef3267c11c37","2026-05-22 23:34:57.726","2026-05-25 23:35:10.403","e936455f-8f9d-4df9-935d-ef3267c11c37","[PREMIUM]","Used",2022,"Toyota","Camry","SE Night Shade","[PREMIUM]","[PREMIUM]",52599,"Sedan","White","BLACK","Rear-wheel Drive",,,"Gasoline",,,"dealership","[PREMIUM]","Kennesaw","GA","[PREMIUM]",,"[]",,,"[PREMIUM]"
"2b09c493-2a8c-4bd1-932e-f22baf94921b","2026-05-22 23:34:57.710","2026-05-22 23:34:57.710","2b09c493-2a8c-4bd1-932e-f22baf94921b","[PREMIUM]","Used",2022,"Honda","Accord","Sport","[PREMIUM]","[PREMIUM]",21845,"Sedan","Blue","BLACK","Rear-wheel Drive",,,"Gasoline",,,"dealership","[PREMIUM]","Las Vegas","NV","[PREMIUM]",,"[]",,,"[PREMIUM]"
"ba3e74be-365c-4927-a82a-07c0beebc04e","2026-05-22 23:34:37.450","2026-05-22 23:34:37.450","ba3e74be-365c-4927-a82a-07c0beebc04e","[PREMIUM]","Used",2022,"Toyota","RAV4","XLE","[PREMIUM]","[PREMIUM]",27856,"SUV","White","GRAY","Rear-wheel Drive",,,"Gasoline",,,"dealership","[PREMIUM]","Midlothian","VA","[PREMIUM]",,"[]",,,"[PREMIUM]"
"18e7594f-3d9f-493a-a4c8-765400d17641","2026-05-22 23:34:27.383","2026-05-22 23:34:27.383","18e7594f-3d9f-493a-a4c8-765400d17641","[PREMIUM]","Used",2022,"Subaru","Forester","Wilderness","[PREMIUM]","[PREMIUM]",17686,"SUV","Autumn Green","Gray",,,,,,,"dealership","[PREMIUM]","Cumberland","MD","[PREMIUM]",,"[]",,,"[PREMIUM]"
"6df0610a-7c12-4370-955a-ace3d0d82bd2","2026-05-22 23:34:27.314","2026-05-22 23:34:27.314","6df0610a-7c12-4370-955a-ace3d0d82bd2","[PREMIUM]","Used",2022,"Kia","Sorento","X-Line S","[PREMIUM]","[PREMIUM]",57761,"SUV","Gray","GRAY","Four-wheel Drive",,,"Gasoline",,,"dealership","[PREMIUM]","Baton Rouge","LA","[PREMIUM]",,"[]",,,"[PREMIUM]"
"f5bf31a1-2040-4568-b25c-828b63afa909","2026-05-22 23:34:27.285","2026-05-22 23:34:27.285","f5bf31a1-2040-4568-b25c-828b63afa909","[PREMIUM]","Used",2022,"Honda","CR-V","EX","[PREMIUM]","[PREMIUM]",24278,"SUV","White","TAN","Four-wheel Drive",,,"Gasoline",,,"dealership","[PREMIUM]","Columbus","GA","[PREMIUM]",,"[]",,,"[PREMIUM]"
"2587d013-155b-46e1-90e9-b30cebf01c3a","2026-05-22 23:34:27.284","2026-05-22 23:34:27.284","2587d013-155b-46e1-90e9-b30cebf01c3a","[PREMIUM]","Used",2022,"Subaru","Outback","Wilderness","[PREMIUM]","[PREMIUM]",61922,"SUV","Gray","BLACK","Four-wheel Drive",,,"Gasoline",,,"dealership","[PREMIUM]","Omaha","NE","[PREMIUM]",,"[]",,,"[PREMIUM]"
"fd2ba346-8198-4cb8-8b21-3ffde8140982","2026-05-22 23:34:27.283","2026-05-22 23:34:27.283","fd2ba346-8198-4cb8-8b21-3ffde8140982","[PREMIUM]","Used",2022,"Honda","CR-V Hybrid","EX","[PREMIUM]","[PREMIUM]",43729,"SUV","Silver","GRAY","Four-wheel Drive",,,"Hybrid",,,"dealership","[PREMIUM]","Raleigh","NC","[PREMIUM]",,"[]",,,"[PREMIUM]"
"aa2cb75d-868d-41b9-9433-e10413e7fd8c","2026-05-22 23:34:27.280","2026-05-22 23:34:27.280","aa2cb75d-868d-41b9-9433-e10413e7fd8c","[PREMIUM]","Used",2022,"Mercedes-Benz","GLC 300",,"[PREMIUM]","[PREMIUM]",43287,"SUV","White","CREAM","Four-wheel Drive",,,"Gasoline",,,"dealership","[PREMIUM]","Woodbridge","VA","[PREMIUM]",,"[]",,,"[PREMIUM]"
"1c02ab46-9a31-48b9-b781-8994a103fd56","2026-05-22 23:34:27.270","2026-05-22 23:34:27.270","1c02ab46-9a31-48b9-b781-8994a103fd56","[PREMIUM]","Used",2022,"Subaru","Forester","Premium","[PREMIUM]","[PREMIUM]",36806,"SUV","Silver","BLACK","Four-wheel Drive",,,"Gasoline",,,"dealership","[PREMIUM]","Madison","WI","[PREMIUM]",,"[]",,,"[PREMIUM]"
"f03ede1e-5af4-4cda-98a7-70337259baaa","2026-05-22 23:34:27.265","2026-05-22 23:34:27.265","f03ede1e-5af4-4cda-98a7-70337259baaa","[PREMIUM]","Used",2022,"MINI","Countryman","S","[PREMIUM]","[PREMIUM]",39170,"SUV","Black","BLACK","Rear-wheel Drive",,,"Gasoline",,,"dealership","[PREMIUM]","Ontario","CA","[PREMIUM]",,"[]",,,"[PREMIUM]"
"428798c7-d038-4f8f-bcec-672bd5388f59","2026-05-22 23:34:16.953","2026-05-22 23:34:16.953","428798c7-d038-4f8f-bcec-672bd5388f59","[PREMIUM]","Used",2022,"Volkswagen","Tiguan","SE R-Line Black","[PREMIUM]","[PREMIUM]",27411,"SUV","Black","BLACK","Four-wheel Drive",,,"Gasoline",,,"dealership","[PREMIUM]","Hartford","CT","[PREMIUM]",,"[]",,,"[PREMIUM]"
"bda9ffca-44b4-45a7-a79f-83c65a937a28","2026-05-22 23:34:16.929","2026-05-22 23:34:16.929","bda9ffca-44b4-45a7-a79f-83c65a937a28","[PREMIUM]","Used",2022,"Mercedes-Benz","GLC 300",,"[PREMIUM]","[PREMIUM]",40377,"SUV","Black","BLACK","Rear-wheel Drive",,,"Gasoline",,,"dealership","[PREMIUM]","Inglewood","CA","[PREMIUM]",,"[]",,,"[PREMIUM]"
"fb7bd79a-5a36-4b96-b4c8-886593425ae2","2026-05-22 23:34:16.929","2026-05-22 23:34:16.929","fb7bd79a-5a36-4b96-b4c8-886593425ae2","[PREMIUM]","Used",2022,"Nissan","Pathfinder","SL","[PREMIUM]","[PREMIUM]",56324,"SUV","Black","BLACK","Rear-wheel Drive",,,"Gasoline",,,"dealership","[PREMIUM]","Modesto","CA","[PREMIUM]",,"[]",,,"[PREMIUM]"
"6a52b7e3-660d-4ae0-ae9c-83cd7c538173","2026-05-22 23:34:16.927","2026-05-22 23:34:16.927","6a52b7e3-660d-4ae0-ae9c-83cd7c538173","[PREMIUM]","Used",2022,"Mercedes-Benz","GLC 300",,"[PREMIUM]","[PREMIUM]",29494,"SUV","Gray","BLACK","Rear-wheel Drive",,,"Gasoline",,,"dealership","[PREMIUM]","Escondido","CA","[PREMIUM]",,"[]",,,"[PREMIUM]"
"6bf5421c-88a0-4cb0-ac62-b52357dfa4c1","2026-05-22 23:34:16.864","2026-05-22 23:34:16.864","6bf5421c-88a0-4cb0-ac62-b52357dfa4c1","[PREMIUM]","Used",2022,"Jeep","Wrangler","Unlimited Sport S","[PREMIUM]","[PREMIUM]",25007,"SUV","Gray","BLACK","Four-wheel Drive",,,"Gasoline",,,"dealership","[PREMIUM]","Fayetteville","NC","[PREMIUM]",,"[]",,,"[PREMIUM]"
"a25daabb-49f6-451e-a718-00185e0575d6","2026-05-22 23:34:16.846","2026-05-22 23:34:16.846","a25daabb-49f6-451e-a718-00185e0575d6","[PREMIUM]","Used",2022,"Mercedes-Benz","GLC 300","GLC 300","[PREMIUM]","[PREMIUM]",49672,"SUV","Black","Black","Unknown",,,"Gasoline",,,"dealership","[PREMIUM]","Watkinsville","GA","[PREMIUM]",,"[]",,,"[PREMIUM]"
"16f657c1-a49b-410b-8208-b23efe1a5a1a","2026-05-22 23:34:16.840","2026-05-22 23:34:16.840","16f657c1-a49b-410b-8208-b23efe1a5a1a","[PREMIUM]","Used",2022,"Kia","Sorento","SX","[PREMIUM]","[PREMIUM]",26252,"SUV","White","GRAY","Four-wheel Drive",,,"Gasoline",,,"dealership","[PREMIUM]","Frederick","MD","[PREMIUM]",,"[]",,,"[PREMIUM]"
"f6af371c-85a0-43c5-a7a7-32e0b4f26788","2026-05-22 23:34:16.840","2026-05-22 23:34:16.840","f6af371c-85a0-43c5-a7a7-32e0b4f26788","[PREMIUM]","Used",2022,"Honda","Civic","SI","[PREMIUM]","[PREMIUM]",38708,"Sedan","Orange","BLACK","Rear-wheel Drive",,,"Gasoline",,,"dealership","[PREMIUM]","Columbus","OH","[PREMIUM]",,"[]",,,"[PREMIUM]"
"a5ef3776-52ff-40f4-be17-accb3e8dfc51","2026-05-22 23:34:16.838","2026-05-25 23:34:29.716","a5ef3776-52ff-40f4-be17-accb3e8dfc51","[PREMIUM]","Used",2022,"Ford","Bronco Sport","Outer Banks","[PREMIUM]","[PREMIUM]",42312,"SUV","Blue","BLACK","Four-wheel Drive",,,"Gasoline",,,"dealership","[PREMIUM]","McKinney","TX","[PREMIUM]",,"[]",,,"[PREMIUM]"
"0c2a9cb0-47cb-412b-b941-94536b739cad","2026-05-22 23:34:16.836","2026-05-22 23:34:16.836","0c2a9cb0-47cb-412b-b941-94536b739cad","[PREMIUM]","Used",2022,"Volkswagen","Golf GTI","2.0T SE","[PREMIUM]","[PREMIUM]",53809,"Hatchback","Moonstone","Titan Blk/Scalepaper Pld","Front-wheel Drive",,,"Gasoline",,,"dealership","[PREMIUM]","Ontario","CA","[PREMIUM]",,"[]",,,"[PREMIUM]"
"4a723c3b-833b-4747-8b0f-d03fe82d46e5","2026-05-22 23:34:16.833","2026-05-25 23:34:29.792","4a723c3b-833b-4747-8b0f-d03fe82d46e5","[PREMIUM]","Used",2022,"Mercedes-Benz","GLC 300",,"[PREMIUM]","[PREMIUM]",52986,"SUV","White","BLACK","Four-wheel Drive",,,"Gasoline",,,"dealership","[PREMIUM]","West Carrollton","OH","[PREMIUM]",,"[]",,,"[PREMIUM]"
"d24c70dc-c921-4200-934e-2b7c79375e18","2026-05-22 23:34:16.816","2026-05-22 23:34:16.816","d24c70dc-c921-4200-934e-2b7c79375e18","[PREMIUM]","Used",2022,"Mercedes-Benz","C-Class","C 300","[PREMIUM]","[PREMIUM]",48586,"Sedan","Graphite Gray Metallic","Black","4MATIC®",,,"Gasoline",,,"dealership","[PREMIUM]","Watkinsville","GA","[PREMIUM]",,"[]",,,"[PREMIUM]"
"2d1b00a1-8d1f-4d7c-b250-bd171f01faab","2026-05-22 23:33:46.344","2026-05-22 23:33:46.344","2d1b00a1-8d1f-4d7c-b250-bd171f01faab","[PREMIUM]","Used",2023,"Mazda","CX-9","Touring","[PREMIUM]","[PREMIUM]",43316,"SUV","Machine Gray Metallic","Black","All-wheel Drive",,,"Gasoline",,,"dealership","[PREMIUM]","North Hills","CA","[PREMIUM]",,"[]",,,"[PREMIUM]"
"bdd87b31-06ff-4a05-94c3-1772f71b435c","2026-05-22 23:33:46.329","2026-05-22 23:33:46.329","bdd87b31-06ff-4a05-94c3-1772f71b435c","[PREMIUM]","Used",2023,"Hyundai","PALISADE","XRT","[PREMIUM]","[PREMIUM]",96111,"SUV","Abyss Black Pearl","Black","All-wheel Drive",,,"Gasoline",,,"dealership","[PREMIUM]","Merriville","IN","[PREMIUM]",,"[]",,,"[PREMIUM]"
"b7fe1531-e50e-4067-95d6-efd6e25547f6","2026-05-22 23:33:46.322","2026-05-28 23:34:13.158","b7fe1531-e50e-4067-95d6-efd6e25547f6","[PREMIUM]","Used",2023,"Audi","Q5","40 Premium","[PREMIUM]","[PREMIUM]",56002,"SUV","Glacier White Metallic","Rock Gray","All-wheel Drive",,,"Gasoline",,,"dealership","[PREMIUM]","Pembroke Pines","FL","[PREMIUM]",,"[]",,,"[PREMIUM]"
"06958fdb-9874-4cff-8305-da4a1e79d998","2026-05-22 23:33:46.319","2026-05-25 23:33:59.258","06958fdb-9874-4cff-8305-da4a1e79d998","[PREMIUM]","Used",2023,"Hyundai","SANTA FE","SEL 2.4","[PREMIUM]","[PREMIUM]",29208,"SUV","Stormy Sea","Gray","All-wheel Drive",,,"Gasoline",,,"dealership","[PREMIUM]","Taylor","MI","[PREMIUM]",,"[]",,,"[PREMIUM]"
"4975f334-1220-490f-8698-32eda1f4814c","2026-05-22 23:33:46.311","2026-05-22 23:33:46.311","4975f334-1220-490f-8698-32eda1f4814c","[PREMIUM]","Used",2023,"Chevrolet","Express 2500","LT","[PREMIUM]","[PREMIUM]",39892,"Passenger Van","Silver Ice Metallic","Medium Pewter","Rear-wheel Drive",,,"Gasoline",,,"dealership","[PREMIUM]","Rexburg","ID","[PREMIUM]",,"[]",,,"[PREMIUM]"
"97ca2f10-a39d-412f-950a-6af844208f13","2026-05-22 23:33:46.305","2026-05-22 23:33:46.305","97ca2f10-a39d-412f-950a-6af844208f13","[PREMIUM]","Used",2023,"Chevrolet","Traverse","LT Cloth","[PREMIUM]","[PREMIUM]",36646,"SUV","Summit White","Jet Black","Front-wheel Drive",,,"Gasoline",,,"dealership","[PREMIUM]","Miami","FL","[PREMIUM]",,"[]",,,"[PREMIUM]"
"841fc0b5-e1dd-4bee-8296-067fcdb3ac49","2026-05-22 23:33:46.303","2026-05-22 23:33:46.303","841fc0b5-e1dd-4bee-8296-067fcdb3ac49","[PREMIUM]","Used",2023,"GMC","Acadia","FWD SLE","[PREMIUM]","[PREMIUM]",16239,"SUV","Sterling Metallic","Jet Black","Front-wheel Drive",,,"Gasoline",,,"dealership","[PREMIUM]","Honolulu","HI","[PREMIUM]",,"[]",,,"[PREMIUM]"
"305e0cf9-2543-4c0f-b4d7-6cde10ade77a","2026-05-22 23:33:46.301","2026-05-22 23:33:46.301","305e0cf9-2543-4c0f-b4d7-6cde10ade77a","[PREMIUM]","Used",2023,"Chevrolet","Blazer","RS","[PREMIUM]","[PREMIUM]",97931,"SUV","Red Hot","Jet Black/Nightshift Blue","All-wheel Drive",,,"Gasoline",,,"dealership","[PREMIUM]","Kaukauna","WI","[PREMIUM]",,"[]",,,"[PREMIUM]"
"cee767c3-91c1-45c2-85fd-d5b2bc3ce8d3","2026-05-22 23:33:46.300","2026-05-22 23:33:46.300","cee767c3-91c1-45c2-85fd-d5b2bc3ce8d3","[PREMIUM]","Used",2023,"Honda","Accord Hybrid","Sport","[PREMIUM]","[PREMIUM]",37247,"Sedan","Lunar Silver Metallic","Black","Front-wheel Drive",,,"Hybrid",,,"dealership","[PREMIUM]","Waldorf","MD","[PREMIUM]",,"[]",,,"[PREMIUM]"
"59ed816b-fd27-461c-8bb2-29e8b5756b6d","2026-05-22 23:33:36.455","2026-05-22 23:33:36.455","59ed816b-fd27-461c-8bb2-29e8b5756b6d","[PREMIUM]","Used",2023,"Acura","Integra","A-Spec Tech Package","[PREMIUM]","[PREMIUM]",51897,"Hatchback","Platinum White Pearl","Ebony","Front-wheel Drive",,,"Gasoline",,,"dealership","[PREMIUM]","Columbus","OH","[PREMIUM]",,"[]",,,"[PREMIUM]"
"1825709f-c2e7-44d8-8b06-c474e4fb5348","2026-05-22 23:33:35.886","2026-05-22 23:33:35.886","1825709f-c2e7-44d8-8b06-c474e4fb5348","[PREMIUM]","Used",2023,"Honda","Civic","Sport","[PREMIUM]","[PREMIUM]",27246,"Hatchback","Sonic Gray Pearl","Black","Front-wheel Drive",,,"Gasoline",,,"dealership","[PREMIUM]","North Charleston","SC","[PREMIUM]",,"[]",,,"[PREMIUM]"
"4da08c3a-f1c5-42a6-a3b5-a8d30914abf8","2026-05-22 23:33:35.885","2026-05-22 23:33:35.885","4da08c3a-f1c5-42a6-a3b5-a8d30914abf8","[PREMIUM]","Used",2023,"Jeep","Wrangler 4xe","Rubicon","[PREMIUM]","[PREMIUM]",44544,"SUV","Hydro Blue Pearlcoat","Black","Four-wheel Drive",,,"Gasoline",,,"dealership","[PREMIUM]","Houston","TX","[PREMIUM]",,"[]",,,"[PREMIUM]"
"5109ec28-f4a8-479e-bd78-24c03269959a","2026-05-22 23:33:35.882","2026-05-22 23:33:35.882","5109ec28-f4a8-479e-bd78-24c03269959a","[PREMIUM]","Used",2023,"GMC","Acadia","AWD SLE","[PREMIUM]","[PREMIUM]",30214,"SUV","Summit White","Jet Black","All-wheel Drive",,,"Gasoline",,,"dealership","[PREMIUM]","Akron","OH","[PREMIUM]",,"[]",,,"[PREMIUM]"
"5de1f5e5-b298-44b7-b413-138b17dc4b11","2026-05-22 23:33:35.871","2026-05-22 23:33:35.871","5de1f5e5-b298-44b7-b413-138b17dc4b11","[PREMIUM]","Used",2023,"Subaru","Ascent","Touring 7-Passenger","[PREMIUM]","[PREMIUM]",81564,"SUV","Crystal Black Silica","Slate Black","All-wheel Drive",,,"Gasoline",,,"dealership","[PREMIUM]","Waldorf","MD","[PREMIUM]",,"[]",,,"[PREMIUM]"
"55820b02-c800-4055-97d1-2800e4d91525","2026-05-22 23:33:35.772","2026-05-22 23:33:35.772","55820b02-c800-4055-97d1-2800e4d91525","[PREMIUM]","Used",2023,"Honda","Accord Hybrid","Touring","[PREMIUM]","[PREMIUM]",36076,"Sedan","White","Gray","Front-wheel Drive",,,"Hybrid",,,"dealership","[PREMIUM]","Pinellas Park","FL","[PREMIUM]",,"[]",,,"[PREMIUM]"
"b7f6601a-8c9b-4a53-8a35-683642f41723","2026-05-22 23:33:35.769","2026-05-22 23:33:35.769","b7f6601a-8c9b-4a53-8a35-683642f41723","[PREMIUM]","Used",2023,"Honda","Accord","LX","[PREMIUM]","[PREMIUM]",8600,"Sedan","Tan","Black","Front-wheel Drive",,,"Gasoline",,,"dealership","[PREMIUM]","Pinellas Park","FL","[PREMIUM]",,"[]",,,"[PREMIUM]"
"69649e48-dc37-4d8f-8792-dc6140c20631","2026-05-22 23:33:35.763","2026-05-22 23:33:35.763","69649e48-dc37-4d8f-8792-dc6140c20631","[PREMIUM]","Used",2023,"Jaguar","F-PACE","P250 AWD Automatic","[PREMIUM]","[PREMIUM]",31193,"SUV","Santorini Black","Lt Oyster/Ebony/Lt Oyster","All-wheel Drive",,,"Gasoline",,,"dealership","[PREMIUM]","Jacksonville","FL","[PREMIUM]",,"[]",,,"[PREMIUM]"
"4fd3eaf6-c56c-47b6-a466-f66343fbe4a9","2026-05-22 23:33:35.748","2026-05-22 23:33:35.748","4fd3eaf6-c56c-47b6-a466-f66343fbe4a9","[PREMIUM]","Used",2023,"Mazda","CX-5","2.5 S Carbon Edition","[PREMIUM]","[PREMIUM]",42075,"SUV","Polymetal Gray","Red","All-wheel Drive",,,"Gasoline",,,"dealership","[PREMIUM]","Valdosta","GA","[PREMIUM]",,"[]",,,"[PREMIUM]"
"7df810fd-14ca-480e-b85b-d16fb1afb4b9","2026-05-22 23:33:35.747","2026-05-22 23:33:35.747","7df810fd-14ca-480e-b85b-d16fb1afb4b9","[PREMIUM]","Used",2023,"Jeep","Grand Cherokee 4xe","Base","[PREMIUM]","[PREMIUM]",38638,"SUV","Baltic Gray Metallic Clearcoat","Global Black","Four-wheel Drive",,,"Gasoline",,,"dealership","[PREMIUM]","Waite Park","MN","[PREMIUM]",,"[]",,,"[PREMIUM]"
"af146c69-1690-4862-b69e-df3e9d09247b","2026-05-22 23:33:35.732","2026-05-22 23:33:35.732","af146c69-1690-4862-b69e-df3e9d09247b","[PREMIUM]","Used",2023,"Tesla","Model 3","Standard Range","[PREMIUM]","[PREMIUM]",47938,"Sedan","Midnight Silver Metallic","Black","Rear-wheel Drive",,,"Electric",,,"dealership","[PREMIUM]","Plano","TX","[PREMIUM]",,"[]",,,"[PREMIUM]"
"2479b03e-a6cd-4ec8-94af-74ac7db14b66","2026-05-22 23:33:35.710","2026-05-22 23:33:35.710","2479b03e-a6cd-4ec8-94af-74ac7db14b66","[PREMIUM]","Used",2023,"BMW","228 Gran Coupe","i xDrive","[PREMIUM]","[PREMIUM]",36814,"Sedan","White Metallic","Oyster/Black","All-wheel Drive",,,"Gasoline",,,"dealership","[PREMIUM]","Southern Pines","NC","[PREMIUM]",,"[]",,,"[PREMIUM]"
"173da7e9-07dc-446a-b8fb-ea70b07029bf","2026-05-22 23:33:25.572","2026-05-22 23:33:25.572","173da7e9-07dc-446a-b8fb-ea70b07029bf","[PREMIUM]","Used",2023,"Kia","Sportage","X-Pro","[PREMIUM]","[PREMIUM]",74058,"SUV","GREEN/BLK","Black","AWD",,,,,,"dealership","[PREMIUM]","Greensburg","PA","[PREMIUM]",,"[]",,,"[PREMIUM]"
"4e9b0acd-e478-45e7-82e7-34fb6222f18c","2026-05-22 23:33:25.425","2026-05-22 23:33:25.425","4e9b0acd-e478-45e7-82e7-34fb6222f18c","[PREMIUM]","Used",2023,"Kia","Sportage","EX","[PREMIUM]","[PREMIUM]",18569,"SUV","Blue","Black","Front-wheel Drive",,,"Gasoline",,,"dealership","[PREMIUM]","Pinellas Park","FL","[PREMIUM]",,"[]",,,"[PREMIUM]"
"56659293-64d6-4051-9710-5094f9eae49d","2026-05-22 23:33:25.419","2026-05-22 23:33:25.419","56659293-64d6-4051-9710-5094f9eae49d","[PREMIUM]","Used",2023,"Toyota","Camry","SE","[PREMIUM]","[PREMIUM]",33184,"Sedan","Predawn Gray Mica","Ash","Front-wheel Drive",,,"Gasoline",,,"dealership","[PREMIUM]","Louisville","KY","[PREMIUM]",,"[]",,,"[PREMIUM]"
"ff369901-d579-4fd9-aec4-d18f3e22b7b3","2026-05-22 23:33:25.407","2026-05-22 23:33:25.407","ff369901-d579-4fd9-aec4-d18f3e22b7b3","[PREMIUM]","Used",2023,"Hyundai","SANTA FE","Calligraphy","[PREMIUM]","[PREMIUM]",40255,"SUV","Gray","TAN","Four-wheel Drive",,,"Gasoline",,,"dealership","[PREMIUM]","Gastonia","NC","[PREMIUM]",,"[]",,,"[PREMIUM]"
"6f30264a-945d-472e-997b-680626c6a689","2026-05-22 23:33:25.394","2026-05-22 23:33:25.394","6f30264a-945d-472e-997b-680626c6a689","[PREMIUM]","Used",2023,"Toyota","Camry","SE","[PREMIUM]","[PREMIUM]",40991,"Sedan","Silver","BLACK","Rear-wheel Drive",,,"Gasoline",,,"dealership","[PREMIUM]","Norco","CA","[PREMIUM]",,"[]",,,"[PREMIUM]"
"b96738b3-f636-47bf-b22f-5cfd34233c0e","2026-05-22 23:33:25.393","2026-05-22 23:33:25.393","b96738b3-f636-47bf-b22f-5cfd34233c0e","[PREMIUM]","Used",2023,"Mazda","CX-5","2.5 S","[PREMIUM]","[PREMIUM]",40445,"SUV","White","BLACK","Four-wheel Drive",,,"Gasoline",,,"dealership","[PREMIUM]","Milwaukie","OR","[PREMIUM]",,"[]",,,"[PREMIUM]"
"510962bc-7ed7-4304-8c30-d96b00a59955","2026-05-22 23:33:25.387","2026-05-22 23:33:25.387","510962bc-7ed7-4304-8c30-d96b00a59955","[PREMIUM]","Used",2023,"Subaru","Outback","Touring","[PREMIUM]","[PREMIUM]",21207,"SUV","Crystal White Pearl","Java Brown","All-wheel Drive",,,"Gasoline",,,"dealership","[PREMIUM]","Wall Township","NJ","[PREMIUM]",,"[]",,,"[PREMIUM]"
"e3808b78-18f7-4dee-8f5d-bc30d296d2b4","2026-05-22 23:33:25.382","2026-05-25 23:33:38.791","e3808b78-18f7-4dee-8f5d-bc30d296d2b4","[PREMIUM]","Used",2023,"Subaru","Forester","Limited","[PREMIUM]","[PREMIUM]",44375,"SUV","Black","BLACK","Four-wheel Drive",,,"Gasoline",,,"dealership","[PREMIUM]","Cincinnati","OH","[PREMIUM]",,"[]",,,"[PREMIUM]"
"893cd687-8535-44ab-a21e-cea4090308db","2026-05-22 23:33:25.365","2026-05-22 23:33:25.365","893cd687-8535-44ab-a21e-cea4090308db","[PREMIUM]","Used",2023,"Honda","Accord",,"[PREMIUM]","[PREMIUM]",26189,"Sedan","Platinum White Pearl","Gray",,,,,,,"dealership","[PREMIUM]","Cincinnati","OH","[PREMIUM]",,"[]",,,"[PREMIUM]"
"12e62801-65c3-4fb4-afcc-03590e892375","2026-05-22 23:33:25.330","2026-05-22 23:33:25.330","12e62801-65c3-4fb4-afcc-03590e892375","[PREMIUM]","Used",2023,"Mazda","CX-9","Touring Plus","[PREMIUM]","[PREMIUM]",31680,"SUV","Red","BLACK","Four-wheel Drive",,,"Gasoline",,,"dealership","[PREMIUM]","Ellicott City","MD","[PREMIUM]",,"[]",,,"[PREMIUM]"
"4bfc0140-b54b-4935-9f5b-2851fd53f187","2026-05-22 23:33:25.317","2026-05-22 23:33:25.317","4bfc0140-b54b-4935-9f5b-2851fd53f187","[PREMIUM]","Used",2023,"GMC","Acadia","FWD SLT","[PREMIUM]","[PREMIUM]",35620,"SUV","Summit White","Jet Black","Front-wheel Drive",,,"Gasoline",,,"dealership","[PREMIUM]","McKinney","TX","[PREMIUM]",,"[]",,,"[PREMIUM]"
"2c31ab0f-b16b-40a6-a9f5-65e3738dfff5","2026-05-22 23:33:25.316","2026-05-22 23:33:25.316","2c31ab0f-b16b-40a6-a9f5-65e3738dfff5","[PREMIUM]","Used",2023,"Subaru","Forester","Wilderness","[PREMIUM]","[PREMIUM]",31457,"SUV","Ice Silver Metallic","Gray","All-wheel Drive",,,"Gasoline",,,"dealership","[PREMIUM]","Kingston","NY","[PREMIUM]",,"[]",,,"[PREMIUM]"
"f03018c1-72f5-4619-925b-b9da6783e937","2026-05-22 23:33:25.316","2026-05-22 23:33:25.316","f03018c1-72f5-4619-925b-b9da6783e937","[PREMIUM]","Used",2023,"Hyundai","TUCSON","Limited","[PREMIUM]","[PREMIUM]",18585,"SUV","Blue","Black","All-wheel Drive",,,"Gasoline",,,"dealership","[PREMIUM]","Pinellas Park","FL","[PREMIUM]",,"[]",,,"[PREMIUM]"
"c0047a05-5c16-4a5d-bf5f-b80c358bd8ac","2026-05-22 23:33:25.315","2026-05-22 23:33:25.315","c0047a05-5c16-4a5d-bf5f-b80c358bd8ac","[PREMIUM]","Used",2023,"Volvo","XC40","B4 Plus Dark Theme","[PREMIUM]","[PREMIUM]",29832,"SUV","Gray","Charcoal","Front-wheel Drive",,,"Gasoline",,,"dealership","[PREMIUM]","Pinellas Park","FL","[PREMIUM]",,"[]",,,"[PREMIUM]"
"36466510-6e1f-44cb-adbf-26a1a9192d18","2026-05-22 23:33:25.295","2026-05-22 23:33:25.295","36466510-6e1f-44cb-adbf-26a1a9192d18","[PREMIUM]","Used",2023,"Hyundai","SONATA Hybrid","Limited","[PREMIUM]","[PREMIUM]",16690,"Sedan","Black","Black","Front-wheel Drive",,,"Hybrid",,,"dealership","[PREMIUM]","Pinellas Park","FL","[PREMIUM]",,"[]",,,"[PREMIUM]"
"ab3eeea3-dd6d-4dcf-aef6-6e49d2f87190","2026-05-22 23:33:25.286","2026-05-22 23:33:25.286","ab3eeea3-dd6d-4dcf-aef6-6e49d2f87190","[PREMIUM]","Used",2023,"Acura","Integra","w/A-Spec Package","[PREMIUM]","[PREMIUM]",39969,"Hatchback","White","Orchid","Front-wheel Drive",,,"Gasoline",,,"dealership","[PREMIUM]","Pinellas Park","FL","[PREMIUM]",,"[]",,,"[PREMIUM]"
"4e00aa3e-d8f7-4663-965e-e118e5bfcac7","2026-05-22 23:33:25.275","2026-05-22 23:33:25.275","4e00aa3e-d8f7-4663-965e-e118e5bfcac7","[PREMIUM]","Used",2023,"Kia","K5","GT-Line","[PREMIUM]","[PREMIUM]",22085,"Sedan","Gray","Black","FWD",,,,,,"dealership","[PREMIUM]","Vineland","NJ","[PREMIUM]",,"[]",,,"[PREMIUM]"
"9f09e587-7a5a-44c8-860e-3c382615df83","2026-05-22 23:33:14.791","2026-05-22 23:33:14.791","9f09e587-7a5a-44c8-860e-3c382615df83","[PREMIUM]","Used",2023,"Toyota","Camry","SE","[PREMIUM]","[PREMIUM]",23210,"Sedan","Gray","GRAY","Rear-wheel Drive",,,"Gasoline",,,"dealership","[PREMIUM]","Fayetteville","NC","[PREMIUM]",,"[]",,,"[PREMIUM]"
"147a54a7-d05e-4daa-94d3-6f1d88fc6263","2026-05-22 23:33:14.569","2026-05-22 23:33:14.569","147a54a7-d05e-4daa-94d3-6f1d88fc6263","[PREMIUM]","Used",2023,"Mazda","CX-5","Carbon Edition","[PREMIUM]","[PREMIUM]",36264,"SUV","Gray","RED","Four-wheel Drive",,,"Gasoline",,,"dealership","[PREMIUM]","Savannah","GA","[PREMIUM]",,"[]",,,"[PREMIUM]"
"9d03afc0-7edf-4839-992a-199d6a7e3ab7","2026-05-22 23:33:14.554","2026-05-22 23:33:14.554","9d03afc0-7edf-4839-992a-199d6a7e3ab7","[PREMIUM]","Used",2023,"Honda","Civic",,"[PREMIUM]","[PREMIUM]",23670,"Sedan","Meteorite Gray Metallic","Black",,,,,,,"dealership","[PREMIUM]","Cathedral City","CA","[PREMIUM]",,"[]",,,"[PREMIUM]"
"eb5f5200-05db-4c77-86e1-923ba94e9e98","2026-05-22 23:33:14.456","2026-05-22 23:33:14.456","eb5f5200-05db-4c77-86e1-923ba94e9e98","[PREMIUM]","Used",2023,"Ford","Bronco Sport","Big Bend","[PREMIUM]","[PREMIUM]",32672,"SUV","Gray","GRAY","Four-wheel Drive",,,"Gasoline",,,"dealership","[PREMIUM]","Parker","CO","[PREMIUM]",,"[]",,,"[PREMIUM]"
"1acfb7c2-0258-4638-aa1f-56e33ac36aef","2026-05-22 23:33:14.442","2026-05-22 23:33:14.442","1acfb7c2-0258-4638-aa1f-56e33ac36aef","[PREMIUM]","Used",2023,"Mitsubishi","Outlander PHEV","PLUG 40TH ANNIVERSARY","[PREMIUM]","[PREMIUM]",39812,"SUV","Black Diamond","Black / Saddle Tan","Four-wheel Drive",,,"Hybrid",,,"dealership","[PREMIUM]","Brookshire","TX","[PREMIUM]",,"[]",,,"[PREMIUM]"
"7be9244c-8139-4c2b-aac2-6c53012d5fa9","2026-05-22 23:33:14.428","2026-05-22 23:33:14.428","7be9244c-8139-4c2b-aac2-6c53012d5fa9","[PREMIUM]","Used",2023,"Kia","Sportage","SX-Prestige","[PREMIUM]","[PREMIUM]",47889,"SUV","Sapphire Blue","Black","All-wheel Drive",,,"Gasoline",,,"dealership","[PREMIUM]","Brookshire","TX","[PREMIUM]",,"[]",,,"[PREMIUM]"
"9551fc18-70f0-43d7-9ac5-50f6a49af095","2026-05-22 23:33:04.160","2026-05-22 23:33:04.160","9551fc18-70f0-43d7-9ac5-50f6a49af095","[PREMIUM]","Used",2023,"Cadillac","XT5","Premium Luxury","[PREMIUM]","[PREMIUM]",44489,"SUV","Black","BLACK","Rear-wheel Drive",,,"Gasoline",,,"dealership","[PREMIUM]","San Diego","CA","[PREMIUM]",,"[]",,,"[PREMIUM]"
"f5f3169a-71bd-4401-93c7-ff9bddaef208","2026-05-22 23:32:53.867","2026-05-22 23:32:53.867","f5f3169a-71bd-4401-93c7-ff9bddaef208","[PREMIUM]","Used",2023,"Volvo","XC60","B5 Plus Bright Theme","[PREMIUM]","[PREMIUM]",76211,"SUV","Crystal White Metallic","Blond","All-wheel Drive",,,"Gasoline",,,"dealership","[PREMIUM]","Portland","OR","[PREMIUM]",,"[]",,,"[PREMIUM]"
"66523d51-5e75-4fde-ae53-b44814275b05","2026-05-22 23:32:53.854","2026-05-22 23:32:53.854","66523d51-5e75-4fde-ae53-b44814275b05","[PREMIUM]","Used",2023,"Toyota","RAV4","XLE","[PREMIUM]","[PREMIUM]",42392,"SUV","Pearl","Black","Front-wheel Drive",,,"Gasoline",,,"dealership","[PREMIUM]","Portland","OR","[PREMIUM]",,"[]",,,"[PREMIUM]"
"442549c7-730d-4709-9b1e-387fa97d4d94","2026-05-22 23:32:53.842","2026-05-22 23:32:53.842","442549c7-730d-4709-9b1e-387fa97d4d94","[PREMIUM]","Used",2023,"Kia","Sorento Hybrid","EX","[PREMIUM]","[PREMIUM]",32270,"SUV","Silky Silver","Black","All-wheel Drive",,,"Hybrid",,,"dealership","[PREMIUM]","Manahawkin","NJ","[PREMIUM]",,"[]",,,"[PREMIUM]"
"f51afd5f-c18e-4dcc-bf2b-9c13b1e9e429","2026-05-22 23:32:53.841","2026-05-22 23:32:53.841","f51afd5f-c18e-4dcc-bf2b-9c13b1e9e429","[PREMIUM]","Used",2023,"Subaru","Outback","Limited XT","[PREMIUM]","[PREMIUM]",36360,"SUV","White","BLACK","4WD",,,"Gas",,,"dealership","[PREMIUM]","Mobile","AL","[PREMIUM]",,"[]",,,"[PREMIUM]"
"2854a1bb-f485-4115-994d-12aac4ced06f","2026-05-22 23:32:53.817","2026-05-22 23:32:53.817","2854a1bb-f485-4115-994d-12aac4ced06f","[PREMIUM]","Used",2023,"Buick","Enclave","Essence","[PREMIUM]","[PREMIUM]",37025,"SUV","Red","BLACK","Rear-wheel Drive",,,"Gasoline",,,"dealership","[PREMIUM]","Austin","TX","[PREMIUM]",,"[]",,,"[PREMIUM]"
"ab1433ef-023c-4b1b-9db9-cefb8193d088","2026-05-22 23:32:43.420","2026-05-22 23:32:43.420","ab1433ef-023c-4b1b-9db9-cefb8193d088","[PREMIUM]","Used",2023,"Kia","Sorento","S","[PREMIUM]","[PREMIUM]",48971,"SUV","Black","BLACK","2WD",,,"Gas",,,"dealership","[PREMIUM]","Kennesaw","GA","[PREMIUM]",,"[]",,,"[PREMIUM]"
"fb8b5d16-979b-494a-83a9-15bc61031f42","2026-05-22 23:32:43.410","2026-05-22 23:32:43.410","fb8b5d16-979b-494a-83a9-15bc61031f42","[PREMIUM]","Used",2023,"Jeep","Grand Cherokee L","Laredo","[PREMIUM]","[PREMIUM]",56207,"SUV","Gray","BLACK","Four-wheel Drive",,,"Gasoline",,,"dealership","[PREMIUM]","Tuscaloosa","AL","[PREMIUM]",,"[]",,,"[PREMIUM]"
"064ec6f0-06db-4ce8-ad1e-89a1f9f1480d","2026-05-22 23:32:43.406","2026-05-22 23:32:43.406","064ec6f0-06db-4ce8-ad1e-89a1f9f1480d","[PREMIUM]","Used",2023,"Tesla","Model 3",,"[PREMIUM]","[PREMIUM]",17392,"Sedan","White","BLACK","Rear-wheel Drive",,,"Electric",,,"dealership","[PREMIUM]","Tucson","AZ","[PREMIUM]",,"[]",,,"[PREMIUM]"
"7312729c-a35c-41ac-986b-cf8a62488453","2026-05-22 23:32:43.400","2026-05-22 23:32:43.400","7312729c-a35c-41ac-986b-cf8a62488453","[PREMIUM]","Used",2023,"Kia","Niro EV","Wave","[PREMIUM]","[PREMIUM]",14355,"SUV","Snow White Pearl","Charcoal","FWD",,,,,,"dealership","[PREMIUM]","Renton","WA","[PREMIUM]",,"[]",,,"[PREMIUM]"
"5009570c-2ed5-4ff5-a893-293849a640c4","2026-05-22 23:32:33.864","2026-05-22 23:32:33.864","5009570c-2ed5-4ff5-a893-293849a640c4","[PREMIUM]","Used",2023,"Nissan","Rogue","SL","[PREMIUM]","[PREMIUM]",22472,"SUV","Gray","BLACK","Four-wheel Drive",,,"Gasoline",,,"dealership","[PREMIUM]","Frederick","MD","[PREMIUM]",,"[]",,,"[PREMIUM]"
"75a8d8c0-770d-4ed8-9fd7-311fc7a65928","2026-05-22 23:32:33.506","2026-05-22 23:32:33.506","75a8d8c0-770d-4ed8-9fd7-311fc7a65928","[PREMIUM]","Used",2023,"Tesla","Model 3",,"[PREMIUM]","[PREMIUM]",24888,"Sedan","Black","BLACK","Rear-wheel Drive",,,"Electric",,,"dealership","[PREMIUM]","Smithtown","NY","[PREMIUM]",,"[]",,,"[PREMIUM]"
"3a083886-7788-4c03-a9b4-14f205eda78f","2026-05-22 23:32:33.216","2026-05-22 23:32:33.216","3a083886-7788-4c03-a9b4-14f205eda78f","[PREMIUM]","Used",2023,"Nissan","Altima","SR","[PREMIUM]","[PREMIUM]",9362,"Sedan","Gray","BLACK","Four-wheel Drive",,,"Gasoline",,,"dealership","[PREMIUM]","Frederick","MD","[PREMIUM]",,"[]",,,"[PREMIUM]"
"68870d64-b718-4c4d-856f-5839d9a02064","2026-05-22 23:32:33.152","2026-05-22 23:32:33.152","68870d64-b718-4c4d-856f-5839d9a02064","[PREMIUM]","Used",2023,"Mitsubishi","Outlander","SE","[PREMIUM]","[PREMIUM]",26297,"SUV","White","BLACK","Rear-wheel Drive",,,"Gasoline",,,"dealership","[PREMIUM]","El Paso","TX","[PREMIUM]",,"[]",,,"[PREMIUM]"
"c052d886-dc28-4db7-a5b7-dd3ff5f1b229","2026-05-22 23:32:33.147","2026-05-22 23:32:33.147","c052d886-dc28-4db7-a5b7-dd3ff5f1b229","[PREMIUM]","Used",2023,"Audi","A4","Premium","[PREMIUM]","[PREMIUM]",31626,"Sedan","Gray","TAN","Four-wheel Drive",,,"Gasoline",,,"dealership","[PREMIUM]","Ontario","CA","[PREMIUM]",,"[]",,,"[PREMIUM]"
"29f680e4-d453-476b-a586-0ce50e7fa58d","2026-05-22 23:32:33.143","2026-05-22 23:32:33.143","29f680e4-d453-476b-a586-0ce50e7fa58d","[PREMIUM]","Used",2023,"Chevrolet","Blazer","3LT","[PREMIUM]","[PREMIUM]",30995,"SUV","Black","BLACK","Four-wheel Drive",,,"Gasoline",,,"dealership","[PREMIUM]","Kentwood","MI","[PREMIUM]",,"[]",,,"[PREMIUM]"
"a9c9ab25-e4fa-41f5-b204-311ac2366326","2026-05-22 23:32:33.143","2026-05-22 23:32:33.143","a9c9ab25-e4fa-41f5-b204-311ac2366326","[PREMIUM]","Used",2023,"RAM","1500","Tradesman","[PREMIUM]","[PREMIUM]",54317,"Truck","Patriot Blue Pearlcoat","Diesel Gray/Black","Four-wheel Drive",,,"Gasoline",,,"dealership","[PREMIUM]","Portland","OR","[PREMIUM]",,"[]",,,"[PREMIUM]"
"c7c21aef-2e87-4725-a1ff-3cba74b655c9","2026-05-22 23:32:33.130","2026-05-22 23:32:33.130","c7c21aef-2e87-4725-a1ff-3cba74b655c9","[PREMIUM]","Used",2023,"Nissan","Pathfinder","SV","[PREMIUM]","[PREMIUM]",33475,"SUV","Gray","GRAY","Four-wheel Drive",,,"Gasoline",,,"dealership","[PREMIUM]","Lynchburg","VA","[PREMIUM]",,"[]",,,"[PREMIUM]"
"a039dc17-064f-4612-b981-9191aa5058c9","2026-05-22 23:32:33.125","2026-05-22 23:32:33.125","a039dc17-064f-4612-b981-9191aa5058c9","[PREMIUM]","Used",2023,"MINI","Countryman","S ALL4","[PREMIUM]","[PREMIUM]",23882,"SUV","Red","BLACK","Four-wheel Drive",,,"Gasoline",,,"dealership","[PREMIUM]","Richmond","TX","[PREMIUM]",,"[]",,,"[PREMIUM]"
"d0a8d0ff-c8a8-4597-b775-7e1c85f5d3be","2026-05-22 23:32:33.123","2026-05-22 23:32:33.123","d0a8d0ff-c8a8-4597-b775-7e1c85f5d3be","[PREMIUM]","Used",2023,"Audi","Q5","S-Line Premium Plus","[PREMIUM]","[PREMIUM]",45898,"SUV","White","BLACK","Four-wheel Drive",,,"Gasoline",,,"dealership","[PREMIUM]","Midland","TX","[PREMIUM]",,"[]",,,"[PREMIUM]"
"ae609b36-b7ca-4f70-89cb-7d2df0f3deb5","2026-05-22 23:32:33.114","2026-05-22 23:32:33.114","ae609b36-b7ca-4f70-89cb-7d2df0f3deb5","[PREMIUM]","Used",2023,"Volkswagen","Taos","1.5T SEL","[PREMIUM]","[PREMIUM]",11327,"SUV","Pyrite Silver Metallic","French Roast/Black","All-wheel Drive",,,"Gasoline",,,"dealership","[PREMIUM]","Williamstown","NJ","[PREMIUM]",,"[]",,,"[PREMIUM]"
"4f78c33d-bddd-465d-a739-e45a31708731","2026-05-22 23:32:22.748","2026-05-25 23:32:38.536","4f78c33d-bddd-465d-a739-e45a31708731","[PREMIUM]","Used",2023,"Audi","Q4 e-tron","Premium Plus","[PREMIUM]","[PREMIUM]",42270,"SUV","Black","BLACK","Four-wheel Drive",,,"Electric",,,"dealership","[PREMIUM]","Federal Heights","CO","[PREMIUM]",,"[]",,,"[PREMIUM]"
"6b0d2b3e-e5f9-4a48-aa20-47c99aa508d1","2026-05-22 23:32:22.744","2026-05-22 23:32:22.744","6b0d2b3e-e5f9-4a48-aa20-47c99aa508d1","[PREMIUM]","Used",2023,"Ford","Escape","ST-Line Select","[PREMIUM]","[PREMIUM]",19193,"SUV","Blue","BLACK","Four-wheel Drive",,,"Hybrid",,,"dealership","[PREMIUM]","Austin","TX","[PREMIUM]",,"[]",,,"[PREMIUM]"
"0b505791-5ed7-4021-9702-7aadc6b996e6","2026-05-22 23:32:22.662","2026-05-22 23:32:22.662","0b505791-5ed7-4021-9702-7aadc6b996e6","[PREMIUM]","Used",2023,"Toyota","Camry","SE","[PREMIUM]","[PREMIUM]",38036,"Sedan","Gray","BLACK","Four-wheel Drive",,,"Gasoline",,,"dealership","[PREMIUM]","Houston","TX","[PREMIUM]",,"[]",,,"[PREMIUM]"
"183421db-fe28-4b74-aab2-d7026ffc44b8","2026-05-22 23:32:22.661","2026-05-22 23:32:22.661","183421db-fe28-4b74-aab2-d7026ffc44b8","[PREMIUM]","Used",2023,"Tesla","Model 3",,"[PREMIUM]","[PREMIUM]",26017,"Sedan","Blue","BLACK","Rear-wheel Drive",,,"Electric",,,"dealership","[PREMIUM]","Katy","TX","[PREMIUM]",,"[]",,,"[PREMIUM]"
"941f9e65-426d-4b3c-84f9-c245bbcc6df1","2026-05-22 23:32:22.658","2026-05-22 23:32:22.658","941f9e65-426d-4b3c-84f9-c245bbcc6df1","[PREMIUM]","Used",2023,"Tesla","Model 3",,"[PREMIUM]","[PREMIUM]",21784,"Sedan","Gray","BLACK","Rear-wheel Drive",,,"Electric",,,"dealership","[PREMIUM]","Murrieta","CA","[PREMIUM]",,"[]",,,"[PREMIUM]"
"fcc9b03a-d069-46a7-97f9-34698ca17e56","2026-05-22 23:32:22.652","2026-05-22 23:32:22.652","fcc9b03a-d069-46a7-97f9-34698ca17e56","[PREMIUM]","Used",2023,"Dodge","Challenger","SXT","[PREMIUM]","[PREMIUM]",30702,"Coupe","Blue","BLACK","Rear-wheel Drive",,,"Gasoline",,,"dealership","[PREMIUM]","Independence","MO","[PREMIUM]",,"[]",,,"[PREMIUM]"
"85daf3ff-8078-4fcc-b38a-62b2bbcdc0da","2026-05-22 23:32:12.466","2026-05-22 23:32:12.466","85daf3ff-8078-4fcc-b38a-62b2bbcdc0da","[PREMIUM]","Used",2023,"Nissan","Rogue","Platinum","[PREMIUM]","[PREMIUM]",12867,"SUV","Black","GRAY","Rear-wheel Drive",,,"Gasoline",,,"dealership","[PREMIUM]","Las Vegas","NV","[PREMIUM]",,"[]",,,"[PREMIUM]"
"cd92ecca-bd7f-4320-a27b-be69adae9fc5","2026-05-22 23:32:12.461","2026-05-22 23:32:12.461","cd92ecca-bd7f-4320-a27b-be69adae9fc5","[PREMIUM]","Used",2023,"Volkswagen","ID.4","Pro S","[PREMIUM]","[PREMIUM]",22385,"SUV","Pure Gray w/Black Roof","Gray","Rear-wheel Drive",,,"Electric",,,"dealership","[PREMIUM]","Ontario","CA","[PREMIUM]",,"[]",,,"[PREMIUM]"
"b6eee2da-6302-43ec-8894-99e93b64f299","2026-05-22 23:32:12.399","2026-05-22 23:32:12.399","b6eee2da-6302-43ec-8894-99e93b64f299","[PREMIUM]","Used",2023,"Nissan","Murano","SL","[PREMIUM]","[PREMIUM]",34299,"SUV","Black","BLACK","Four-wheel Drive",,,"Gasoline",,,"dealership","[PREMIUM]","Frederick","MD","[PREMIUM]",,"[]",,,"[PREMIUM]"
"dd864e8e-fe1c-4dc9-bd87-5e9174c15fd4","2026-05-22 23:32:12.390","2026-05-22 23:32:12.390","dd864e8e-fe1c-4dc9-bd87-5e9174c15fd4","[PREMIUM]","Used",2023,"Mitsubishi","Outlander PHEV","SE","[PREMIUM]","[PREMIUM]",15118,"SUV","Black","BLACK","Four-wheel Drive",,,"Plug-In Hybrid",,,"dealership","[PREMIUM]","Schaumburg","IL","[PREMIUM]",,"[]",,,"[PREMIUM]"
"da6a596d-0420-4102-8eb1-43e40359d41f","2026-05-22 23:31:23.130","2026-05-22 23:31:23.130","da6a596d-0420-4102-8eb1-43e40359d41f","[PREMIUM]","Used",2024,"Subaru","Crosstrek","Sport","[PREMIUM]","[PREMIUM]",13982,"SUV","Ice Silver Metallic","Gray w/Yellow Stitching","All-wheel Drive",,,"Gasoline",,,"dealership","[PREMIUM]","Jacksonville","FL","[PREMIUM]",,"[]",,,"[PREMIUM]"
"8605d638-1918-40b0-992a-5242955411d2","2026-05-22 23:31:22.102","2026-05-22 23:31:22.102","8605d638-1918-40b0-992a-5242955411d2","[PREMIUM]","Used",2024,"Jeep","Grand Cherokee 4xe","Base","[PREMIUM]","[PREMIUM]",47610,"SUV","Bright White Clearcoat","Global Black","Four-wheel Drive",,,"Gasoline",,,"dealership","[PREMIUM]","Grand Forks","ND","[PREMIUM]",,"[]",,,"[PREMIUM]"
"3651499c-69f9-4096-b285-44361e379db8","2026-05-22 23:31:11.927","2026-05-22 23:31:11.927","3651499c-69f9-4096-b285-44361e379db8","[PREMIUM]","Used",2024,"Honda","Accord","EX","[PREMIUM]","[PREMIUM]",16613,"Sedan","Meteorite Gray Metallic","Black","Front-wheel Drive",,,"Gasoline",,,"dealership","[PREMIUM]","Yorktown Heights","NY","[PREMIUM]",,"[]",,,"[PREMIUM]"
"ec6591bd-2391-4beb-a518-342dc66ee782","2026-05-22 23:30:11.731","2026-05-22 23:30:11.731","ec6591bd-2391-4beb-a518-342dc66ee782","[PREMIUM]","Used",2024,"Hyundai","IONIQ 6","SEL","[PREMIUM]","[PREMIUM]",26973,"Sedan","Green","Dark Green","Rear-wheel Drive",,,"Electric",,,"dealership","[PREMIUM]","Honolulu","HI","[PREMIUM]",,"[]",,,"[PREMIUM]"
"8e3059e1-62f0-40ba-86ba-97be32dc6fd2","2026-05-22 23:30:11.719","2026-05-22 23:30:11.719","8e3059e1-62f0-40ba-86ba-97be32dc6fd2","[PREMIUM]","Used",2024,"Jeep","Compass","Limited","[PREMIUM]","[PREMIUM]",39611,"SUV","Red Hot Pearlcoat",,"Four-wheel Drive",,,"Gasoline",,,"dealership","[PREMIUM]","Concord","NH","[PREMIUM]",,"[]",,,"[PREMIUM]"
"5347205b-5236-44ea-974e-e2fd5dfe4528","2026-05-22 23:29:41.661","2026-05-22 23:29:41.661","5347205b-5236-44ea-974e-e2fd5dfe4528","[PREMIUM]","Used",2024,"Ford","Mustang","EcoBoost Premium","[PREMIUM]","[PREMIUM]",49913,"Convertible","Dark Matter Gray Metallic","Space Gray","Rear-wheel Drive",,,"Gasoline",,,"dealership","[PREMIUM]","Austin","TX","[PREMIUM]",,"[]",,,"[PREMIUM]"
"3ff4a521-9603-400f-a008-70a7a6b1e57c","2026-05-22 23:29:41.547","2026-05-22 23:29:41.547","3ff4a521-9603-400f-a008-70a7a6b1e57c","[PREMIUM]","Used",2024,"Toyota","Corolla","LE","[PREMIUM]","[PREMIUM]",38446,"Sedan","Blueprint","Light Gray","Front-wheel Drive",,,"Gasoline",,,"dealership","[PREMIUM]","Arlington","TX","[PREMIUM]",,"[]",,,"[PREMIUM]"
"57cdbc2f-f450-413d-af1d-f949d5dcefa5","2026-05-22 23:29:11.415","2026-05-22 23:29:11.415","57cdbc2f-f450-413d-af1d-f949d5dcefa5","[PREMIUM]","Used",2024,"Subaru","Outback","Premium","[PREMIUM]","[PREMIUM]",29204,"SUV","Cosmic Blue Pearl","Slate Black","All-wheel Drive",,,"Gasoline",,,"dealership","[PREMIUM]","Tallahassee","FL","[PREMIUM]",,"[]",,,"[PREMIUM]"
"2f7b06b7-8bac-43aa-974f-64c8a0dacfa8","2026-05-22 23:29:01.274","2026-05-22 23:29:01.274","2f7b06b7-8bac-43aa-974f-64c8a0dacfa8","[PREMIUM]","Used",2024,"Chevrolet","Equinox","RS","[PREMIUM]","[PREMIUM]",18039,"SUV","Blue","BLACK","Four-wheel Drive",,,"Gasoline",,,"dealership","[PREMIUM]","Florence","KY","[PREMIUM]",,"[]",,,"[PREMIUM]"
"3a232bb8-8e63-4adb-ab1e-34863be31f4c","2026-05-22 23:28:51.150","2026-05-22 23:28:51.150","3a232bb8-8e63-4adb-ab1e-34863be31f4c","[PREMIUM]","Used",2024,"Ford","Escape","Active","[PREMIUM]","[PREMIUM]",4154,"SUV","Iconic Silver Metallic",,"All-wheel Drive",,,"Gasoline",,,"dealership","[PREMIUM]","Girard","PA","[PREMIUM]",,"[]",,,"[PREMIUM]"
"6d405135-0986-48cc-955e-4216bd8a8fd1","2026-05-22 23:28:51.150","2026-05-22 23:28:51.150","6d405135-0986-48cc-955e-4216bd8a8fd1","[PREMIUM]","Used",2024,"Subaru","Outback","Premium","[PREMIUM]","[PREMIUM]",22344,"SUV","Magnetite Gray Metallic","Black","All-wheel Drive",,,"Gasoline",,,"dealership","[PREMIUM]","Indianapolis","IN","[PREMIUM]",,"[]",,,"[PREMIUM]"
"45a35d6b-b9bb-4e3d-be5f-86d6c61ff1ed","2026-05-22 23:27:50.722","2026-05-22 23:27:50.722","45a35d6b-b9bb-4e3d-be5f-86d6c61ff1ed","[PREMIUM]","Used",2024,"Subaru","Outback","Premium","[PREMIUM]","[PREMIUM]",44541,"SUV","Autumn Green Metallic","Warm Ivory",,,,,,,"dealership","[PREMIUM]","Tucson","AZ","[PREMIUM]",,"[]",,,"[PREMIUM]"
"212e90ef-f27c-4ca2-9bb9-5f25ca5df0bc","2026-05-22 23:27:40.612","2026-05-22 23:27:40.612","212e90ef-f27c-4ca2-9bb9-5f25ca5df0bc","[PREMIUM]","Used",2024,"Nissan","Rogue","SV","[PREMIUM]","[PREMIUM]",16175,"SUV","Scarlet Ember Tintcoat","Charcoal","Front-wheel Drive",,,"Gasoline",,,"dealership","[PREMIUM]","Orlando","FL","[PREMIUM]",,"[]",,,"[PREMIUM]"
"aba477c6-2e05-40e2-b0dc-062c0d5bc77a","2026-05-22 23:27:30.974","2026-05-22 23:27:30.974","aba477c6-2e05-40e2-b0dc-062c0d5bc77a","[PREMIUM]","Used",2024,"Subaru","Crosstrek","Premium","[PREMIUM]","[PREMIUM]",34223,"SUV","Crystal White Pearl","Gray",,,,,,,"dealership","[PREMIUM]","Hawthorne","CA","[PREMIUM]",,"[]",,,"[PREMIUM]"
"10e6e75f-5379-4aac-827d-ff9179e399e0","2026-05-22 23:26:10.218","2026-05-22 23:26:10.218","10e6e75f-5379-4aac-827d-ff9179e399e0","[PREMIUM]","Used",2024,"Volvo","S60","B5 Plus Dark Theme","[PREMIUM]","[PREMIUM]",53793,"Sedan","Onyx Black Metallic","Blond","Front-wheel Drive",,,"Gasoline",,,"dealership","[PREMIUM]","Houston","TX","[PREMIUM]",,"[]",,,"[PREMIUM]"
"cc665641-fc5a-43cb-8a01-d8045c60401d","2026-05-22 23:26:10.171","2026-05-22 23:26:10.171","cc665641-fc5a-43cb-8a01-d8045c60401d","[PREMIUM]","Used",2024,"Toyota","Corolla Cross","L","[PREMIUM]","[PREMIUM]",55345,"SUV","Celestite","Light Gray","Front-wheel Drive",,,"Gasoline",,,"dealership","[PREMIUM]","Sacramento","CA","[PREMIUM]",,"[]",,,"[PREMIUM]"
"0ca25d7f-cac8-418d-9cf9-02e3c29310a7","2026-05-22 23:25:40.005","2026-05-22 23:25:40.005","0ca25d7f-cac8-418d-9cf9-02e3c29310a7","[PREMIUM]","Used",2024,"Honda","CR-V","LX AWD","[PREMIUM]","[PREMIUM]",25229,"SUV","Meteorite Gray Metallic","Black","All-wheel Drive",,,"Gasoline",,,"dealership","[PREMIUM]","Waite Park","MN","[PREMIUM]",,"[]",,,"[PREMIUM]"
"9bd7be52-f71a-4926-96be-ba19cb088114","2026-05-22 23:24:39.674","2026-05-22 23:24:39.674","9bd7be52-f71a-4926-96be-ba19cb088114","[PREMIUM]","Used",2024,"Ford","Edge","ST Line","[PREMIUM]","[PREMIUM]",26788,"SUV","Agate Black Metallic","Ebony","All-wheel Drive",,,"Gasoline",,,"dealership","[PREMIUM]","McKinney","TX","[PREMIUM]",,"[]",,,"[PREMIUM]"
"ac091f96-29ab-40c3-8790-ab9948dbfde4","2026-05-22 23:24:39.399","2026-05-25 23:24:55.000","ac091f96-29ab-40c3-8790-ab9948dbfde4","[PREMIUM]","Used",2024,"Acura","Integra","A-SPEC","[PREMIUM]","[PREMIUM]",33593,"Hatchback","Platinum White Pearl","Orchid","Front-wheel Drive",,,"Gasoline",,,"dealership","[PREMIUM]","Arlington","TX","[PREMIUM]",,"[]",,,"[PREMIUM]"
"93b97c80-e085-45cd-920b-faad2ddf52cb","2026-05-22 23:24:39.367","2026-05-22 23:24:39.367","93b97c80-e085-45cd-920b-faad2ddf52cb","[PREMIUM]","Used",2024,"Hyundai","SANTA FE","SEL 2.4","[PREMIUM]","[PREMIUM]",41917,"SUV","Rockwood Green","Black","Front-wheel Drive",,,"Gasoline",,,"online_vendor","[PREMIUM]","Phoenix","AZ","[PREMIUM]",,"[]",,,"[PREMIUM]"
"77ac0055-2037-4cf2-aacf-f519f07f2485","2026-05-22 23:24:29.128","2026-05-22 23:24:29.128","77ac0055-2037-4cf2-aacf-f519f07f2485","[PREMIUM]","Used",2024,"Honda","HR-V","EX-L","[PREMIUM]","[PREMIUM]",25287,"SUV","Nordic Forest Pearl","Black","Front-wheel Drive",,,"Gasoline",,,"dealership","[PREMIUM]","Glendale","CA","[PREMIUM]",,"[]",,,"[PREMIUM]"
"a319c953-12ca-4897-a2b2-ec1dfb52d4f8","2026-05-22 23:24:29.110","2026-05-25 23:24:45.125","a319c953-12ca-4897-a2b2-ec1dfb52d4f8","[PREMIUM]","Used",2024,"Chrysler","Voyager","LX","[PREMIUM]","[PREMIUM]",38854,"Passenger Van","Diamond Black Crystal Pearlcoat","Black/Alloy/Black","Front-wheel Drive",,,"Gasoline",,,"dealership","[PREMIUM]","Lubbock","TX","[PREMIUM]",,"[]",,,"[PREMIUM]"
"b19cbe3a-aafd-4146-a086-ad88960ec61d","2026-05-22 23:24:19.702","2026-05-25 23:24:35.021","b19cbe3a-aafd-4146-a086-ad88960ec61d","[PREMIUM]","Used",2024,"Hyundai","TUCSON","SEL","[PREMIUM]","[PREMIUM]",8503,"SUV","Black","Black","Front-wheel Drive",,,"Gasoline",,,"dealership","[PREMIUM]","Pinellas Park","FL","[PREMIUM]",,"[]",,,"[PREMIUM]"
"05ed2149-ad56-40fc-ae95-fb688f09e799","2026-05-22 23:24:18.897","2026-05-22 23:24:18.897","05ed2149-ad56-40fc-ae95-fb688f09e799","[PREMIUM]","Used",2024,"Honda","Accord","EX","[PREMIUM]","[PREMIUM]",17122,"Sedan","Blue","Black","Front-wheel Drive",,,"Gasoline",,,"dealership","[PREMIUM]","Pinellas Park","FL","[PREMIUM]",,"[]",,,"[PREMIUM]"
"1899957e-413e-4ccb-a48b-7bc287bfae50","2026-05-22 23:24:18.895","2026-05-22 23:24:18.895","1899957e-413e-4ccb-a48b-7bc287bfae50","[PREMIUM]","Used",2024,"Hyundai","TUCSON","SEL","[PREMIUM]","[PREMIUM]",19397,"SUV","Gray","Gray","Front-wheel Drive",,,"Gasoline",,,"dealership","[PREMIUM]","Pinellas Park","FL","[PREMIUM]",,"[]",,,"[PREMIUM]"
"51ba119f-c0ab-433f-8ce0-3b0e6ab703c1","2026-05-22 23:23:58.557","2026-05-22 23:23:58.557","51ba119f-c0ab-433f-8ce0-3b0e6ab703c1","[PREMIUM]","Used",2024,"Hyundai","TUCSON Hybrid","Blue","[PREMIUM]","[PREMIUM]",22481,"SUV","Shimmering Silver","Black","All-wheel Drive",,,"Hybrid",,,"dealership","[PREMIUM]","Brookshire","TX","[PREMIUM]",,"[]",,,"[PREMIUM]"
"b36eab3a-c538-4049-9f45-15761aa192da","2026-05-22 23:23:48.399","2026-05-22 23:23:48.399","b36eab3a-c538-4049-9f45-15761aa192da","[PREMIUM]","Used",2024,"Chrysler","Pacifica","Touring L","[PREMIUM]","[PREMIUM]",49959,"Passenger Van","White","BLACK","Rear-wheel Drive",,,"Gasoline",,,"dealership","[PREMIUM]","Midland","TX","[PREMIUM]",,"[]",,,"[PREMIUM]"
"9aaff4e4-f869-409d-aa59-7906d0512712","2026-05-22 23:23:39.167","2026-05-22 23:23:39.167","9aaff4e4-f869-409d-aa59-7906d0512712","[PREMIUM]","Used",2024,"Volkswagen","Tiguan","SE R-Line Black","[PREMIUM]","[PREMIUM]",11618,"SUV","Gray","BLACK","2WD",,,"Gas",,,"dealership","[PREMIUM]","Richmond","TX","[PREMIUM]",,"[]",,,"[PREMIUM]"
"5f1860ec-0a69-4a29-b22a-84c2207b9141","2026-05-22 23:23:38.251","2026-05-22 23:23:38.251","5f1860ec-0a69-4a29-b22a-84c2207b9141","[PREMIUM]","Used",2024,"Mazda","CX-5","2.5 S Preferred Package","[PREMIUM]","[PREMIUM]",27182,"SUV","Gray","BLACK","Four-wheel Drive",,,"Gasoline",,,"dealership","[PREMIUM]","Roswell","GA","[PREMIUM]",,"[]",,,"[PREMIUM]"
"a2640f70-7aa2-4f8e-b25d-2d0959c71d0b","2026-05-22 23:23:38.205","2026-05-22 23:23:38.205","a2640f70-7aa2-4f8e-b25d-2d0959c71d0b","[PREMIUM]","Used",2024,"Kia","Sportage","SX Prestige","[PREMIUM]","[PREMIUM]",10997,"SUV","Gray","RED","Rear-wheel Drive",,,"Gasoline",,,"dealership","[PREMIUM]","Doral","FL","[PREMIUM]",,"[]",,,"[PREMIUM]"
"1219db10-24c5-4528-8d3b-49e65f2c5209","2026-05-22 23:23:38.186","2026-05-22 23:23:38.186","1219db10-24c5-4528-8d3b-49e65f2c5209","[PREMIUM]","Used",2024,"Honda","Civic","Sport","[PREMIUM]","[PREMIUM]",20782,"Hatchback","Gray","GRAY","Rear-wheel Drive",,,"Gasoline",,,"dealership","[PREMIUM]","Charlotte","NC","[PREMIUM]",,"[]",,,"[PREMIUM]"
"92d2c4b6-8b79-4392-88a9-11a3c136f1b8","2026-05-22 23:23:38.175","2026-05-22 23:23:38.175","92d2c4b6-8b79-4392-88a9-11a3c136f1b8","[PREMIUM]","Used",2024,"Honda","Accord","EX","[PREMIUM]","[PREMIUM]",26272,"Sedan","Silver","BLACK","Rear-wheel Drive",,,"Gasoline",,,"dealership","[PREMIUM]","Royal Palm Beach","FL","[PREMIUM]",,"[]",,,"[PREMIUM]"
"999fb382-cd58-4cd2-adc9-24e0284b1232","2026-05-22 23:23:38.164","2026-05-25 23:23:54.126","999fb382-cd58-4cd2-adc9-24e0284b1232","[PREMIUM]","Used",2024,"Mitsubishi","Outlander","SE","[PREMIUM]","[PREMIUM]",12296,"SUV","Pearl","BLACK","Four-wheel Drive",,,"Gasoline",,,"dealership","[PREMIUM]","Wayne","NJ","[PREMIUM]",,"[]",,,"[PREMIUM]"
"7aa36c06-b37c-4f26-887b-d8828093174f","2026-05-22 23:23:27.989","2026-05-22 23:23:27.989","7aa36c06-b37c-4f26-887b-d8828093174f","[PREMIUM]","Used",2024,"Toyota","Camry","SE","[PREMIUM]","[PREMIUM]",24250,"Sedan","Gray","GRAY","Rear-wheel Drive",,,"Gasoline",,,"dealership","[PREMIUM]","Asheville","NC","[PREMIUM]",,"[]",,,"[PREMIUM]"
"56046b19-fc79-4932-973a-78e5ce75cae7","2026-05-22 23:23:27.971","2026-05-22 23:23:27.971","56046b19-fc79-4932-973a-78e5ce75cae7","[PREMIUM]","Used",2024,"Subaru","Crosstrek","Limited","[PREMIUM]","[PREMIUM]",17079,"SUV","Sun Blaze Pearl","Black W And Orange Stitching",,,,,,,"dealership","[PREMIUM]","Plattsburgh","NY","[PREMIUM]",,"[]",,,"[PREMIUM]"
"4a27ab0f-09db-435b-98f7-ed2d06e06df0","2026-05-22 23:23:27.918","2026-05-22 23:23:27.918","4a27ab0f-09db-435b-98f7-ed2d06e06df0","[PREMIUM]","Used",2024,"Jeep","Compass","Limited","[PREMIUM]","[PREMIUM]",15017,"SUV","Black","BLACK","Four-wheel Drive",,,"Gasoline",,,"dealership","[PREMIUM]","Houston","TX","[PREMIUM]",,"[]",,,"[PREMIUM]"
"4173aaf1-eadd-412b-954e-7407e0cdc20f","2026-05-22 23:23:27.879","2026-05-22 23:23:27.879","4173aaf1-eadd-412b-954e-7407e0cdc20f","[PREMIUM]","Used",2024,"Acura","Integra","Technology A-Spec","[PREMIUM]","[PREMIUM]",51685,"Hatchback","White","BLACK","Rear-wheel Drive",,,"Gasoline",,,"dealership","[PREMIUM]","Visalia","CA","[PREMIUM]",,"[]",,,"[PREMIUM]"
"ae124b7e-bc3d-45de-a20f-d6d7121397d4","2026-05-22 23:23:27.870","2026-05-22 23:23:27.870","ae124b7e-bc3d-45de-a20f-d6d7121397d4","[PREMIUM]","Used",2024,"Subaru","Impreza","RS","[PREMIUM]","[PREMIUM]",9315,"Hatchback","Red","BLACK","Four-wheel Drive",,,"Gasoline",,,"dealership","[PREMIUM]","Indianapolis","IN","[PREMIUM]",,"[]",,,"[PREMIUM]"
"ca81e88b-d9e1-48bc-9062-01a9097ce4ea","2026-05-22 23:23:27.867","2026-05-22 23:23:27.867","ca81e88b-d9e1-48bc-9062-01a9097ce4ea","[PREMIUM]","Used",2024,"Hyundai","IONIQ 5","SEL","[PREMIUM]","[PREMIUM]",12967,"SUV","Gray","GRAY","Four-wheel Drive",,,"Electric",,,"dealership","[PREMIUM]","Tampa","FL","[PREMIUM]",,"[]",,,"[PREMIUM]"
"3cbd0807-1371-4591-9b00-41eb64906cae","2026-05-22 23:23:27.859","2026-05-22 23:23:27.859","3cbd0807-1371-4591-9b00-41eb64906cae","[PREMIUM]","Used",2024,"Ford","Bronco Sport","Big Bend","[PREMIUM]","[PREMIUM]",10055,"SUV","Blue","BLACK","Four-wheel Drive",,,"Gasoline",,,"dealership","[PREMIUM]","South Jordan","UT","[PREMIUM]",,"[]",,,"[PREMIUM]"
"2ba9ccba-72d2-4624-b8bd-9b1e6488fa5a","2026-05-22 23:23:27.839","2026-05-22 23:23:27.839","2ba9ccba-72d2-4624-b8bd-9b1e6488fa5a","[PREMIUM]","Used",2024,"Subaru","Legacy","Touring XT","[PREMIUM]","[PREMIUM]",30542,"Sedan","White","BROWN","Four-wheel Drive",,,"Gasoline",,,"dealership","[PREMIUM]","Norcross","GA","[PREMIUM]",,"[]",,,"[PREMIUM]"
"a739d0b3-f973-4da0-a0aa-d2d6a20eb2a1","2026-05-22 23:23:17.519","2026-05-22 23:23:17.519","a739d0b3-f973-4da0-a0aa-d2d6a20eb2a1","[PREMIUM]","Used",2024,"BMW","228 Gran Coupe","I Gran Coupe","[PREMIUM]","[PREMIUM]",24869,"Sedan","White","BLACK","Rear-wheel Drive",,,"Gasoline",,,"dealership","[PREMIUM]","Fort Worth","TX","[PREMIUM]",,"[]",,,"[PREMIUM]"
"d6af8367-d484-4204-857b-2bbeb41b3716","2026-05-22 23:23:17.505","2026-05-25 23:23:34.273","d6af8367-d484-4204-857b-2bbeb41b3716","[PREMIUM]","Used",2024,"Subaru","Crosstrek","Premium","[PREMIUM]","[PREMIUM]",12126,"SUV","Gray","BLACK","Four-wheel Drive",,,"Gasoline",,,"dealership","[PREMIUM]","Columbus","OH","[PREMIUM]",,"[]",,,"[PREMIUM]"
"2a07a693-53e8-46d3-89ac-e5864dab3168","2026-05-22 23:23:17.493","2026-05-22 23:23:17.493","2a07a693-53e8-46d3-89ac-e5864dab3168","[PREMIUM]","Used",2025,"Honda","Civic","Sport","[PREMIUM]","[PREMIUM]",21166,"Hatchback","Rallye Red","Black","Front-wheel Drive",,,"Gasoline",,,"dealership","[PREMIUM]","Charlotte","NC","[PREMIUM]",,"[]",,,"[PREMIUM]"
"62916964-6cca-4ad9-b648-f1007ebd41a9","2026-05-22 23:23:07.431","2026-05-22 23:23:07.431","62916964-6cca-4ad9-b648-f1007ebd41a9","[PREMIUM]","Used",2025,"Mazda","CX-50","2.5 S Premium Package","[PREMIUM]","[PREMIUM]",16008,"SUV","Polymetal Gray Metallic","Black w/Gray","All-wheel Drive",,,"Gasoline",,,"dealership","[PREMIUM]","Easton","MA","[PREMIUM]",,"[]",,,"[PREMIUM]"
"ca4fafae-eae8-4802-8514-f21010ce64ec","2026-05-22 23:23:07.307","2026-05-22 23:23:07.307","ca4fafae-eae8-4802-8514-f21010ce64ec","[PREMIUM]","Used",2025,"Chevrolet","Equinox","FWD RS","[PREMIUM]","[PREMIUM]",29730,"SUV","Sterling Gray Metallic","Black w/Red Accents","Front-wheel Drive",,,"Gasoline",,,"dealership","[PREMIUM]","McKinney","TX","[PREMIUM]",,"[]",,,"[PREMIUM]"
"b64a377b-95c5-44f8-9fd5-a69c80c6b178","2026-05-22 23:23:07.279","2026-05-22 23:23:07.279","b64a377b-95c5-44f8-9fd5-a69c80c6b178","[PREMIUM]","Used",2025,"MINI","Hardtop","S","[PREMIUM]","[PREMIUM]",13620,"Hatchback","Green","Gray","Front-wheel Drive",,,"Gasoline",,,"dealership","[PREMIUM]","Houston","TX","[PREMIUM]",,"[]",,,"[PREMIUM]"
"ae40603a-f965-478c-9fe7-d948ae58cee0","2026-05-22 23:22:57.130","2026-05-22 23:22:57.130","ae40603a-f965-478c-9fe7-d948ae58cee0","[PREMIUM]","Used",2025,"Toyota","RAV4","XLE","[PREMIUM]","[PREMIUM]",33581,"SUV","Silver Sky Metallic","Black","All-wheel Drive",,,"Gasoline",,,"dealership","[PREMIUM]","Boulder","CO","[PREMIUM]",,"[]",,,"[PREMIUM]"
"14f54e0a-6b25-4231-a652-15651e81ef0c","2026-05-22 23:22:57.101","2026-05-22 23:22:57.101","14f54e0a-6b25-4231-a652-15651e81ef0c","[PREMIUM]","Used",2025,"Nissan","Altima","SR FWD","[PREMIUM]","[PREMIUM]",6386,"Sedan","Pearl White Tricoat","Sport","Front-wheel Drive",,,"Gasoline",,,"dealership","[PREMIUM]","Cedar Rapids","IA","[PREMIUM]",,"[]",,,"[PREMIUM]"
"d1852508-a0d8-41ae-b804-4fe48e54eb46","2026-05-22 23:22:57.099","2026-05-22 23:22:57.099","d1852508-a0d8-41ae-b804-4fe48e54eb46","[PREMIUM]","Used",2025,"Chevrolet","Trax","LS","[PREMIUM]","[PREMIUM]",14504,"SUV","Cypress Gray","Jet Black/Gray w/Blue Accents","Front-wheel Drive",,,"Gasoline",,,"dealership","[PREMIUM]","Olympia","WA","[PREMIUM]",,"[]",,,"[PREMIUM]"
"d335fc33-52e7-4838-b601-10a58b73eff0","2026-05-22 23:22:57.098","2026-05-22 23:22:57.098","d335fc33-52e7-4838-b601-10a58b73eff0","[PREMIUM]","New",2025,"Ford","Bronco Sport","Big Bend","[PREMIUM]","[PREMIUM]",3259,"SUV","Shadow Black","Truffle","Four-wheel Drive",,,"Gasoline",,,"dealership","[PREMIUM]","St. George","UT","[PREMIUM]",,"[]",,,"[PREMIUM]"
"131d4935-8b1a-467d-806f-151642f92951","2026-05-22 23:22:57.093","2026-05-22 23:22:57.093","131d4935-8b1a-467d-806f-151642f92951","[PREMIUM]","Used",2025,"Hyundai","SONATA Hybrid","Limited","[PREMIUM]","[PREMIUM]",23196,"Sedan","Carbon Blue","Dark Gray","Front-wheel Drive",,,"Hybrid",,,"dealership","[PREMIUM]","San Diego","CA","[PREMIUM]",,"[]",,,"[PREMIUM]"
"eb5432ee-3168-405c-98f1-7febba47bfbf","2026-05-22 23:22:57.089","2026-05-22 23:22:57.089","eb5432ee-3168-405c-98f1-7febba47bfbf","[PREMIUM]","Used",2025,"Toyota","Camry","LE","[PREMIUM]","[PREMIUM]",41471,"Sedan","Midnight Black Metallic","Black","Front-wheel Drive",,,"Gasoline",,,"dealership","[PREMIUM]","Canton","MI","[PREMIUM]",,"[]",,,"[PREMIUM]"
"bf54d1de-7176-45ec-93f8-e43e26e69b2e","2026-05-22 23:22:57.087","2026-05-22 23:22:57.087","bf54d1de-7176-45ec-93f8-e43e26e69b2e","[PREMIUM]","Used",2025,"Kia","Niro","EX","[PREMIUM]","[PREMIUM]",4545,"SUV","Snow White Pearl","Charcoal","Front-wheel Drive",,,"Hybrid",,,"dealership","[PREMIUM]","Columbus","OH","[PREMIUM]",,"[]",,,"[PREMIUM]"
"1250ef75-0b20-456e-b198-5923678c6be3","2026-05-22 23:22:57.085","2026-05-22 23:22:57.085","1250ef75-0b20-456e-b198-5923678c6be3","[PREMIUM]","Used",2025,"Subaru","Crosstrek","Sport","[PREMIUM]","[PREMIUM]",1139,"SUV","Crystal White Pearl","Gray","All-wheel Drive",,,"Gasoline",,,"dealership","[PREMIUM]","Waldorf","MD","[PREMIUM]",,"[]",,,"[PREMIUM]"
"63153fc0-9c16-4b1a-a7dd-f33e1c89e0c9","2026-05-22 23:22:57.076","2026-05-22 23:22:57.076","63153fc0-9c16-4b1a-a7dd-f33e1c89e0c9","[PREMIUM]","Used",2025,"Chevrolet","Trailblazer","LT","[PREMIUM]","[PREMIUM]",34859,"SUV","Mosaic Black Metallic","Jet Black","All-wheel Drive",,,"Gasoline",,,"dealership","[PREMIUM]","Union Gap","WA","[PREMIUM]",,"[]",,,"[PREMIUM]"
"54432d93-b1d4-4c96-9f17-329e710194aa","2026-05-22 23:22:46.600","2026-05-22 23:22:46.600","54432d93-b1d4-4c96-9f17-329e710194aa","[PREMIUM]","Used",2025,"Kia","K4","GT-Line","[PREMIUM]","[PREMIUM]",8199,"Sedan","Black","BLACK","Rear-wheel Drive",,,"Gasoline",,,"dealership","[PREMIUM]","Murfreesboro","TN","[PREMIUM]",,"[]",,,"[PREMIUM]"
"af79442f-e60b-44fa-aaa1-371abc8fe273","2026-05-22 23:22:46.555","2026-05-22 23:22:46.555","af79442f-e60b-44fa-aaa1-371abc8fe273","[PREMIUM]","Used",2025,"Toyota","Camry","LE","[PREMIUM]","[PREMIUM]",29069,"Sedan","Gray","GRAY","Rear-wheel Drive",,,"Hybrid",,,"dealership","[PREMIUM]","Duarte","CA","[PREMIUM]",,"[]",,,"[PREMIUM]"
"cee48475-1d4d-4536-8c1d-5d43b36f651f","2026-05-22 23:22:46.474","2026-05-22 23:22:46.474","cee48475-1d4d-4536-8c1d-5d43b36f651f","[PREMIUM]","Used",2025,"Honda","Civic","Sport","[PREMIUM]","[PREMIUM]",28045,"Sedan","White","BLACK","Rear-wheel Drive",,,"Gasoline",,,"dealership","[PREMIUM]","Columbus","OH","[PREMIUM]",,"[]",,,"[PREMIUM]"
"f6f5f4fc-8d77-42c0-b8e5-64882468d7d9","2026-05-22 23:22:46.472","2026-05-22 23:22:46.472","f6f5f4fc-8d77-42c0-b8e5-64882468d7d9","[PREMIUM]","Used",2025,"Nissan","Rogue","SV","[PREMIUM]","[PREMIUM]",5797,"SUV","Red","BLACK","Rear-wheel Drive",,,"Gasoline",,,"dealership","[PREMIUM]","Katy","TX","[PREMIUM]",,"[]",,,"[PREMIUM]"
"56d5a2ba-a6ee-4012-a309-97220cd511b5","2026-05-22 23:22:36.963","2026-05-25 23:22:53.550","56d5a2ba-a6ee-4012-a309-97220cd511b5","[PREMIUM]","Used",2025,"Hyundai","ELANTRA HEV","Limited","[PREMIUM]","[PREMIUM]",10745,"Sedan","White","GRAY","Rear-wheel Drive",,,"Hybrid",,,"dealership","[PREMIUM]","Louisville","KY","[PREMIUM]",,"[]",,,"[PREMIUM]"
"d05e28c9-f73f-4d16-a881-d5932086c6dc","2026-05-22 23:22:36.323","2026-05-22 23:22:36.323","d05e28c9-f73f-4d16-a881-d5932086c6dc","[PREMIUM]","New",2025,"Chevrolet","Trailblazer","RS","[PREMIUM]","[PREMIUM]",5,"SUV","Nitro Yellow Metallic","Jet Black w/Red Accents","Front-wheel Drive",,,"Gasoline",,,"dealership","[PREMIUM]","Portland","OR","[PREMIUM]",,"[]",,,"[PREMIUM]"
"5a25fe76-3553-4848-b6b7-5e017f8b16d6","2026-05-22 23:22:36.311","2026-05-22 23:22:36.311","5a25fe76-3553-4848-b6b7-5e017f8b16d6","[PREMIUM]","Used",2025,"Subaru","Legacy","Premium","[PREMIUM]","[PREMIUM]",5303,"Sedan","Ice Silver Metallic","Titanium Gray",,,,,,,"dealership","[PREMIUM]","Fairborn","OH","[PREMIUM]",,"[]",,,"[PREMIUM]"
"13a364a7-5e4c-45f5-a285-3bb0f9ece59c","2026-05-22 23:22:36.308","2026-05-22 23:22:36.308","13a364a7-5e4c-45f5-a285-3bb0f9ece59c","[PREMIUM]","Used",2025,"Hyundai","TUCSON","SEL","[PREMIUM]","[PREMIUM]",2826,"SUV","White","BLACK","Rear-wheel Drive",,,"Gasoline",,,"dealership","[PREMIUM]","Escondido","CA","[PREMIUM]",,"[]",,,"[PREMIUM]"
"f4359c54-5f24-4ec9-9fe1-71a8b823bc24","2026-05-22 23:22:05.726","2026-05-22 23:22:05.726","f4359c54-5f24-4ec9-9fe1-71a8b823bc24","[PREMIUM]","Used",2025,"Honda","Civic","Sport","[PREMIUM]","[PREMIUM]",26235,"Sedan","Black","BLACK","Rear-wheel Drive",,,"Gasoline",,,"dealership","[PREMIUM]","Fayetteville","NC","[PREMIUM]",,"[]",,,"[PREMIUM]"
"462eb942-4f56-42a5-ab95-0ded03ee142d","2026-05-22 23:21:56.740","2026-05-22 23:21:56.740","462eb942-4f56-42a5-ab95-0ded03ee142d","[PREMIUM]","Used",2025,"Hyundai","TUCSON","SE","[PREMIUM]","[PREMIUM]",1219,"SUV","White","GRAY","Four-wheel Drive",,,"Gasoline",,,"dealership","[PREMIUM]","Brooklyn Park","MN","[PREMIUM]",,"[]",,,"[PREMIUM]"
"14134d40-5e54-47d8-b4ad-6599cd2e0131","2026-05-22 23:21:55.569","2026-05-25 23:22:13.014","14134d40-5e54-47d8-b4ad-6599cd2e0131","[PREMIUM]","Used",2025,"Chevrolet","Equinox","LT","[PREMIUM]","[PREMIUM]",4590,"SUV","White","BLACK","Rear-wheel Drive",,,"Gasoline",,,"dealership","[PREMIUM]","Oxnard","CA","[PREMIUM]",,"[]",,,"[PREMIUM]"
"a529064a-e0c2-452d-b8e6-defdf93790e9","2026-05-22 23:21:55.568","2026-05-22 23:21:55.568","a529064a-e0c2-452d-b8e6-defdf93790e9","[PREMIUM]","Used",2025,"Toyota","Camry","LE","[PREMIUM]","[PREMIUM]",25764,"Sedan","Black","BLACK","2WD",,,"Hybrid",,,"dealership","[PREMIUM]","Milwaukie","OR","[PREMIUM]",,"[]",,,"[PREMIUM]"
"38d13f33-47b6-4e01-b788-a20acb1a0652","2026-05-22 23:21:55.552","2026-05-25 23:22:13.046","38d13f33-47b6-4e01-b788-a20acb1a0652","[PREMIUM]","Used",2025,"Chevrolet","Trax","2RS","[PREMIUM]","[PREMIUM]",12555,"SUV","Gray","BLACK","Rear-wheel Drive",,,"E85 Flex Fuel",,,"dealership","[PREMIUM]","Waukesha","WI","[PREMIUM]",,"[]",,,"[PREMIUM]"
"df44fa18-3792-42ba-86bc-41fed07cfd53","2026-05-22 23:21:55.549","2026-05-25 23:22:02.492","df44fa18-3792-42ba-86bc-41fed07cfd53","[PREMIUM]","Used",2025,"Honda","HR-V","Sport","[PREMIUM]","[PREMIUM]",14569,"SUV","Black","BLACK","Rear-wheel Drive",,,"Gasoline",,,"dealership","[PREMIUM]","Doral","FL","[PREMIUM]",,"[]",,,"[PREMIUM]"
"ad9fc080-cb81-469d-a6f0-f16bdcfa6cf5","2026-05-22 23:21:55.543","2026-05-22 23:21:55.543","ad9fc080-cb81-469d-a6f0-f16bdcfa6cf5","[PREMIUM]","New",2025,"Nissan","Kicks","SR","[PREMIUM]","[PREMIUM]",10,"SUV","Aspen White Tricoat","Sport","AWD",,,"Gasoline",,,"dealership","[PREMIUM]","New Bern","NC","[PREMIUM]",,"[]",,,"[PREMIUM]"
"cef920d2-cf1c-4e3d-b457-05c4b690c4b4","2026-05-22 23:21:55.542","2026-05-22 23:21:55.542","cef920d2-cf1c-4e3d-b457-05c4b690c4b4","[PREMIUM]","Used",2025,"Buick","Envision","Preferred","[PREMIUM]","[PREMIUM]",23567,"SUV","Black","BLACK","Four-wheel Drive",,,"Gasoline",,,"dealership","[PREMIUM]","Irvine","CA","[PREMIUM]",,"[]",,,"[PREMIUM]"
"dda7c0f3-6bc0-442d-8ad9-53437cbd7a62","2026-05-22 23:21:55.535","2026-05-22 23:21:55.535","dda7c0f3-6bc0-442d-8ad9-53437cbd7a62","[PREMIUM]","Used",2025,"Nissan","Rogue","SV","[PREMIUM]","[PREMIUM]",1848,"SUV","Gray","BLACK","Four-wheel Drive",,,"Gasoline",,,"dealership","[PREMIUM]","Nashville","TN","[PREMIUM]",,"[]",,,"[PREMIUM]"
"3e94a826-0152-4684-87d9-f425ebc831c2","2026-05-22 23:21:55.532","2026-05-22 23:21:55.532","3e94a826-0152-4684-87d9-f425ebc831c2","[PREMIUM]","Used",2025,"Mazda","CX-70","Turbo Preferred","[PREMIUM]","[PREMIUM]",30442,"SUV","Black","BLACK","Four-wheel Drive",,,"Gasoline",,,"dealership","[PREMIUM]","Fresno","CA","[PREMIUM]",,"[]",,,"[PREMIUM]"
"cc91510b-572f-4934-bdff-b6dee7f6238f","2026-05-22 23:21:55.528","2026-05-22 23:21:55.528","cc91510b-572f-4934-bdff-b6dee7f6238f","[PREMIUM]","Used",2025,"Volkswagen","Atlas Cross Sport","SE","[PREMIUM]","[PREMIUM]",35976,"SUV","Gray","BLACK","Rear-wheel Drive",,,"Gasoline",,,"dealership","[PREMIUM]","Modesto","CA","[PREMIUM]",,"[]",,,"[PREMIUM]"
"dd7b7600-97e6-46cd-a59b-6f774235a658","2026-05-22 23:21:45.190","2026-05-25 23:22:02.675","dd7b7600-97e6-46cd-a59b-6f774235a658","[PREMIUM]","New",2026,"Chevrolet","Trax","FWD ACTIV","[PREMIUM]","[PREMIUM]",10,"SUV","White Sands","Jet Black w/Artemis Accents","Front-wheel Drive",,,"Gasoline",,,"dealership","[PREMIUM]","Orlando","FL","[PREMIUM]",,"[]",,,"[PREMIUM]"
"b34090ed-33a3-49f8-b90b-146bd5a9d766","2026-05-22 23:21:45.108","2026-05-22 23:21:45.108","b34090ed-33a3-49f8-b90b-146bd5a9d766","[PREMIUM]","New",2026,"Honda","Civic","Sport","[PREMIUM]","[PREMIUM]",0,"Hatchback","Meteorite Gray Metallic","Black","Front-wheel Drive",,,"Gasoline",,,"dealership","[PREMIUM]","Elgin in Elgin","IL","[PREMIUM]",,"[]",,,"[PREMIUM]"
"c7294ddf-7165-4c53-94e8-c11add7b6a16","2026-05-22 23:21:45.095","2026-05-22 23:21:45.095","c7294ddf-7165-4c53-94e8-c11add7b6a16","[PREMIUM]","New",2026,"Kia","K4","GT-Line","[PREMIUM]","[PREMIUM]",0,"Sedan","Interstellar Gray","Black","Front-wheel Drive",,,"Gasoline",,,"dealership","[PREMIUM]","Orlando","FL","[PREMIUM]",,"[]",,,"[PREMIUM]"
"c9aa8a51-09e9-48e3-b406-ac1c45bf48c7","2026-05-22 23:21:45.091","2026-05-22 23:21:45.091","c9aa8a51-09e9-48e3-b406-ac1c45bf48c7","[PREMIUM]","New",2026,"Toyota","Corolla","LE","[PREMIUM]","[PREMIUM]",5,"Sedan","Wind Chill Pearl","Black","Front-wheel Drive",,,"Gasoline",,,"dealership","[PREMIUM]","Columbus","GA","[PREMIUM]",,"[]",,,"[PREMIUM]"
"9e062843-b117-4e6a-a3d4-3aa14f7413d9","2026-05-22 23:21:45.090","2026-05-22 23:21:45.090","9e062843-b117-4e6a-a3d4-3aa14f7413d9","[PREMIUM]","New",2026,"Kia","Seltos","S","[PREMIUM]","[PREMIUM]",5,"SUV","Steel Gray","Black","Front-wheel Drive",,,"Gasoline",,,"dealership","[PREMIUM]","Cape Coral","FL","[PREMIUM]",,"[]",,,"[PREMIUM]"
"7dd232f0-f229-4012-a815-10133ee5bb28","2026-05-22 23:21:45.086","2026-05-22 23:21:45.086","7dd232f0-f229-4012-a815-10133ee5bb28","[PREMIUM]","New",2026,"Chevrolet","Trax","FWD ACTIV","[PREMIUM]","[PREMIUM]",10,"SUV","White Sands","Jet Black w/Artemis Accents","Front-wheel Drive",,,"Gasoline",,,"dealership","[PREMIUM]","Greenacres","FL","[PREMIUM]",,"[]",,,"[PREMIUM]"
"c0c8be60-ff54-4323-b28b-581adda8385a","2026-05-22 23:21:45.086","2026-05-25 23:22:02.532","c0c8be60-ff54-4323-b28b-581adda8385a","[PREMIUM]","New",2026,"Chevrolet","Trax","LS","[PREMIUM]","[PREMIUM]",10,"SUV","Cypress Gray","Jet Black/Gray w/Blue Accents","Front-wheel Drive",,,"Gasoline",,,"dealership","[PREMIUM]","Orlando","FL","[PREMIUM]",,"[]",,,"[PREMIUM]"
"74da29aa-d1f8-4785-83a8-27b1a410c16a","2026-05-22 23:21:45.084","2026-05-22 23:21:45.084","74da29aa-d1f8-4785-83a8-27b1a410c16a","[PREMIUM]","New",2026,"Chevrolet","Trax","LS","[PREMIUM]","[PREMIUM]",10,"SUV","Sterling Gray Metallic","Jet Black/Gray w/Blue Accents","Front-wheel Drive",,,"Gasoline",,,"dealership","[PREMIUM]","Orlando","FL","[PREMIUM]",,"[]",,,"[PREMIUM]"
"bb2f5e71-d61c-4049-a67e-e54bf871aed1","2026-05-22 23:21:45.082","2026-05-22 23:21:45.082","bb2f5e71-d61c-4049-a67e-e54bf871aed1","[PREMIUM]","New",2026,"Chevrolet","Trax","FWD 2RS","[PREMIUM]","[PREMIUM]",10,"SUV","Mosaic Black Metallic","Jet Black w/Red Accents","Front-wheel Drive",,,"Gasoline",,,"dealership","[PREMIUM]","Lutherville-Timonium","MD","[PREMIUM]",,"[]",,,"[PREMIUM]"
"c18e585d-03e9-4d84-a913-f0f857b4fd01","2026-05-22 23:21:45.080","2026-05-25 23:22:02.700","c18e585d-03e9-4d84-a913-f0f857b4fd01","[PREMIUM]","New",2026,"Buick","Envista","Sport Touring FWD","[PREMIUM]","[PREMIUM]",0,"SUV","Moonstone Gray Metallic","Ebony seats and interior with Santorini Blue stitc","Front-wheel Drive",,,"Gasoline",,,"dealership","[PREMIUM]","Saginaw","MI","[PREMIUM]",,"[]",,,"[PREMIUM]"
"6dc7a634-43d1-4dc3-9912-2f87ec6308c8","2026-05-22 23:21:45.079","2026-05-22 23:21:45.079","6dc7a634-43d1-4dc3-9912-2f87ec6308c8","[PREMIUM]","New",2026,"Kia","K4","LXS","[PREMIUM]","[PREMIUM]",0,"Sedan","Snow White Pearl","Gray","Front-wheel Drive",,,"Gasoline",,,"dealership","[PREMIUM]","Orlando","FL","[PREMIUM]",,"[]",,,"[PREMIUM]"
"ea0e3ab6-fd0d-456e-8d5b-a3ce6503d7f8","2026-05-22 23:21:45.079","2026-05-22 23:21:45.079","ea0e3ab6-fd0d-456e-8d5b-a3ce6503d7f8","[PREMIUM]","New",2026,"Kia","K4","GT-Line","[PREMIUM]","[PREMIUM]",2,"Sedan","Morning Haze","Black","Front-wheel Drive",,,"Gasoline",,,"dealership","[PREMIUM]","San Jose","CA","[PREMIUM]",,"[]",,,"[PREMIUM]"
"5d9a5956-490e-4a45-bf0f-c8bb299ba264","2026-05-22 23:21:45.060","2026-05-22 23:21:45.060","5d9a5956-490e-4a45-bf0f-c8bb299ba264","[PREMIUM]","New",2026,"Toyota","Corolla","SE","[PREMIUM]","[PREMIUM]",0,"Sedan","Classic Silver Metallic","Blackred Premiu","Front-wheel Drive",,,"Gasoline",,,"dealership","[PREMIUM]","Little Falls","NJ","[PREMIUM]",,"[]",,,"[PREMIUM]"
"d5ee00d5-dc2e-4b55-94b0-8aa2bf068841","2026-05-22 23:21:45.044","2026-05-25 23:22:02.779","d5ee00d5-dc2e-4b55-94b0-8aa2bf068841","[PREMIUM]","Used",2026,"Hyundai","KONA","SE","[PREMIUM]","[PREMIUM]",1911,"SUV","Denim Blue Pearl","Gray","Front-wheel Drive",,,"Gasoline",,,"dealership","[PREMIUM]","Modesto","CA","[PREMIUM]",,"[]",,,"[PREMIUM]"
"855a174d-69d0-4acc-bf8a-43fe1a681acd","2026-05-22 23:21:34.760","2026-05-22 23:21:34.760","855a174d-69d0-4acc-bf8a-43fe1a681acd","[PREMIUM]","New",2026,"Kia","K4","EX","[PREMIUM]","[PREMIUM]",5,"Sedan","Morning Haze","Black","Front-wheel Drive",,,"Gasoline",,,"dealership","[PREMIUM]","Phoenix","AZ","[PREMIUM]",,"[]",,,"[PREMIUM]"
"acf273c5-8e69-4a78-ba8f-331ce694c7e3","2026-05-22 23:21:34.370","2026-05-25 23:21:52.484","acf273c5-8e69-4a78-ba8f-331ce694c7e3","[PREMIUM]","New",2026,"Nissan","Sentra","SV","[PREMIUM]","[PREMIUM]",5,"Sedan","Gun Metallic","Charcoal","Front-wheel Drive",,,"Gasoline",,,"dealership","[PREMIUM]","Cerritos","CA","[PREMIUM]",,"[]",,,"[PREMIUM]"
"fd92a3f0-17d2-463d-af45-b6a41beaa0dc","2026-05-22 23:21:34.144","2026-05-28 23:22:16.652","fd92a3f0-17d2-463d-af45-b6a41beaa0dc","[PREMIUM]","New",2026,"Chevrolet","Trax","LS","[PREMIUM]","[PREMIUM]",10,"SUV","Mosaic Black Metallic","Jet Black/Gray w/Blue Accents","Front-wheel Drive",,,"Gasoline",,,"dealership","[PREMIUM]","Orlando","FL","[PREMIUM]",,"[]",,,"[PREMIUM]"
"11028b01-092f-46ed-bc86-e7e43ce52a34","2026-05-22 23:21:34.143","2026-05-22 23:21:34.143","11028b01-092f-46ed-bc86-e7e43ce52a34","[PREMIUM]","New",2026,"Volkswagen","Jetta","1.4T S","[PREMIUM]","[PREMIUM]",0,"Sedan","Monterey Blue Pearl","Titan Black w/Molekular Inserts","Front-wheel Drive",,,"Gasoline",,,"dealership","[PREMIUM]","Minneapolis","MN","[PREMIUM]",,"[]",,,"[PREMIUM]"
"7162298a-d887-4c33-95b9-b9c574eb195d","2026-05-22 23:21:34.117","2026-05-22 23:21:34.117","7162298a-d887-4c33-95b9-b9c574eb195d","[PREMIUM]","New",2026,"Chevrolet","Trailblazer","LS","[PREMIUM]","[PREMIUM]",4,"SUV","Summit White","Jet Black","All-wheel Drive",,,"Gasoline",,,"dealership","[PREMIUM]","Spokane","WA","[PREMIUM]",,"[]",,,"[PREMIUM]"
"4ca8f2d9-4fc1-4ff9-a6e2-d1209f80a99d","2026-05-22 23:21:34.115","2026-05-25 23:21:42.200","4ca8f2d9-4fc1-4ff9-a6e2-d1209f80a99d","[PREMIUM]","New",2026,"Kia","Seltos","S","[PREMIUM]","[PREMIUM]",5,"SUV","Snow White Pearl","Black","Front-wheel Drive",,,"Gasoline",,,"dealership","[PREMIUM]","Cape Coral","FL","[PREMIUM]",,"[]",,,"[PREMIUM]"
"1dc90bff-8e98-427d-ac40-2a51708cfcf4","2026-05-22 23:21:34.110","2026-05-31 23:21:57.582","1dc90bff-8e98-427d-ac40-2a51708cfcf4","[PREMIUM]","New",2026,"Chevrolet","Trailblazer","LT","[PREMIUM]","[PREMIUM]",10,"SUV","Apex Red","Jet Black","Front-wheel Drive",,,"Gasoline",,,"dealership","[PREMIUM]","Gilbert","AZ","[PREMIUM]",,"[]",,,"[PREMIUM]"
"8f624ac9-99c4-4315-997b-95d50312723d","2026-05-22 23:21:34.092","2026-05-22 23:21:34.092","8f624ac9-99c4-4315-997b-95d50312723d","[PREMIUM]","New",2026,"Kia","K4","GT-Line","[PREMIUM]","[PREMIUM]",5,"Sedan","Snow White Pearl","Black","Front-wheel Drive",,,"Gasoline",,,"dealership","[PREMIUM]","Phoenix","AZ","[PREMIUM]",,"[]",,,"[PREMIUM]"
"f22f7236-cd34-4495-853d-57aa2300738b","2026-05-22 23:21:34.003","2026-05-25 23:21:42.201","f22f7236-cd34-4495-853d-57aa2300738b","[PREMIUM]","New",2026,"Toyota","Camry","LE","[PREMIUM]","[PREMIUM]",5,"Sedan","Midnight Black","Black Fabric","Front-wheel Drive",,,"Gasoline",,,"dealership","[PREMIUM]","Arlington","TX","[PREMIUM]",,"[]",,,"[PREMIUM]"
"3d5207c8-7397-4105-a958-f6ef61f28850","2026-05-22 23:21:33.998","2026-05-31 23:22:07.634","3d5207c8-7397-4105-a958-f6ef61f28850","[PREMIUM]","New",2026,"Ford","Maverick","XL","[PREMIUM]","[PREMIUM]",47,"Truck","Shadow Black","Black Onyx/Dark Slate","All-wheel Drive",,,"Gasoline",,,"dealership","[PREMIUM]","Santa Clara","CA","[PREMIUM]",,"[]",,,"[PREMIUM]"
"6d8ecf59-2697-4177-80e6-4eeba4fbbe91","2026-05-22 23:21:33.994","2026-05-22 23:21:33.994","6d8ecf59-2697-4177-80e6-4eeba4fbbe91","[PREMIUM]","New",2026,"Nissan","Kicks","SV","[PREMIUM]","[PREMIUM]",3,"SUV","Super Black","Charcoal","Front-wheel Drive",,,"Gasoline",,,"dealership","[PREMIUM]","Phoenix","AZ","[PREMIUM]",,"[]",,,"[PREMIUM]"
"384111a3-2341-4aba-87f7-5c1585f51786","2026-05-22 23:21:33.990","2026-05-22 23:21:33.990","384111a3-2341-4aba-87f7-5c1585f51786","[PREMIUM]","New",2026,"Kia","Seltos","S","[PREMIUM]","[PREMIUM]",5,"SUV","Steel Gray","Black","Front-wheel Drive",,,"Gasoline",,,"dealership","[PREMIUM]","Cape Coral","FL","[PREMIUM]",,"[]",,,"[PREMIUM]"
"1d9d13a2-57e6-425f-b853-88e9baa580af","2026-05-22 23:21:33.989","2026-05-25 23:21:52.034","1d9d13a2-57e6-425f-b853-88e9baa580af","[PREMIUM]","New",2026,"Kia","K4","GT-Line","[PREMIUM]","[PREMIUM]",5,"Sedan","Snow White Pearl","Black","Front-wheel Drive",,,"Gasoline",,,"dealership","[PREMIUM]","Phoenix","AZ","[PREMIUM]",,"[]",,,"[PREMIUM]"
"e0454b66-84cf-42b0-9084-3c38b702f523","2026-05-22 23:21:33.983","2026-05-22 23:21:33.983","e0454b66-84cf-42b0-9084-3c38b702f523","[PREMIUM]","New",2026,"Toyota","Corolla","SE","[PREMIUM]","[PREMIUM]",6,"Sedan","Underground","Black/Red","Front-wheel Drive",,,"Gasoline",,,"dealership","[PREMIUM]","Dallas","TX","[PREMIUM]",,"[]",,,"[PREMIUM]"
"d515dd4d-9332-4495-933f-63e620793afc","2026-05-22 23:21:33.979","2026-05-25 23:21:42.016","d515dd4d-9332-4495-933f-63e620793afc","[PREMIUM]","New",2026,"Kia","Seltos","S","[PREMIUM]","[PREMIUM]",11,"SUV","Clear White/Black Roof","Black","Front-wheel Drive",,,"Gasoline",,,"dealership","[PREMIUM]","Phoenix","AZ","[PREMIUM]",,"[]",,,"[PREMIUM]"
"ad14d8ef-c2d5-4912-96b0-904890b03e3b","2026-05-22 23:21:33.974","2026-05-22 23:21:33.974","ad14d8ef-c2d5-4912-96b0-904890b03e3b","[PREMIUM]","New",2026,"Kia","K4","GT-Line","[PREMIUM]","[PREMIUM]",5,"Sedan","Snow White Pearl","Black","Front-wheel Drive",,,"Gasoline",,,"dealership","[PREMIUM]","Phoenix","AZ","[PREMIUM]",,"[]",,,"[PREMIUM]"
"a8e67024-f51b-452d-ac79-4e31c8b6ec79","2026-05-22 23:21:33.973","2026-05-22 23:21:33.973","a8e67024-f51b-452d-ac79-4e31c8b6ec79","[PREMIUM]","New",2026,"Toyota","Corolla","SE","[PREMIUM]","[PREMIUM]",6,"Sedan","Ice Cap","Black/Red","Front-wheel Drive",,,"Gasoline",,,"dealership","[PREMIUM]","Dallas","TX","[PREMIUM]",,"[]",,,"[PREMIUM]"
"4dee99b9-7c6f-4752-ac9e-ed614a06e70a","2026-05-22 23:21:33.970","2026-05-22 23:21:33.970","4dee99b9-7c6f-4752-ac9e-ed614a06e70a","[PREMIUM]","New",2026,"Kia","K4","GT-Line","[PREMIUM]","[PREMIUM]",5,"Sedan","Currant Red","Black","Front-wheel Drive",,,"Gasoline",,,"dealership","[PREMIUM]","Phoenix","AZ","[PREMIUM]",,"[]",,,"[PREMIUM]"
"e2d167ff-8414-4fb8-b60b-20e0bdfac13e","2026-05-22 23:21:23.349","2026-05-22 23:21:23.349","e2d167ff-8414-4fb8-b60b-20e0bdfac13e","[PREMIUM]","New",2026,"Chevrolet","Equinox","1LT","[PREMIUM]","[PREMIUM]",2,"SUV","Summit White","Black","Front-wheel Drive",,,"Gasoline",,,"dealership","[PREMIUM]","Scottsdale","AZ","[PREMIUM]",,"[]",,,"[PREMIUM]"
"ef32db26-9f0e-4d75-9ea9-14620d66ba1e","2026-05-22 23:21:23.299","2026-05-22 23:21:23.299","ef32db26-9f0e-4d75-9ea9-14620d66ba1e","[PREMIUM]","New",2026,"Nissan","Sentra","SV","[PREMIUM]","[PREMIUM]",5,"Sedan","Atlantic Gray Metallic","Charcoal","Front-wheel Drive",,,"Gasoline",,,"dealership","[PREMIUM]","Cerritos","CA","[PREMIUM]",,"[]",,,"[PREMIUM]"
"2dc6bd4e-19f2-4699-9ad7-46db3a3d6d4f","2026-05-22 23:21:23.295","2026-05-22 23:21:23.295","2dc6bd4e-19f2-4699-9ad7-46db3a3d6d4f","[PREMIUM]","New",2026,"Nissan","Sentra","SV","[PREMIUM]","[PREMIUM]",10,"Sedan","Atlantic Gray Metallic","Charcoal","Front-wheel Drive",,,"Gasoline",,,"dealership","[PREMIUM]","Hasbrouck Heights","NJ","[PREMIUM]",,"[]",,,"[PREMIUM]"
"c762e662-8ff7-406d-aa9b-90daf1d1cfaa","2026-05-22 23:21:03.024","2026-05-22 23:21:03.024","c762e662-8ff7-406d-aa9b-90daf1d1cfaa","[PREMIUM]","Used",2026,"Chevrolet","Equinox","1LT","[PREMIUM]","[PREMIUM]",12457,"SUV","Mosaic Black Metallic","Black, Cloth seat trim","Front-wheel Drive",,,"Gasoline",,,"dealership","[PREMIUM]","South Bend","IN","[PREMIUM]",,"[]",,,"[PREMIUM]"
"c7711aad-b8b6-4eb5-a01e-fc1519966c41","2026-05-22 23:20:12.322","2026-05-22 23:20:12.322","c7711aad-b8b6-4eb5-a01e-fc1519966c41","[PREMIUM]","New",2026,"Chevrolet","Trax","FWD ACTIV","[PREMIUM]","[PREMIUM]",0,"SUV","Cacti Green","Jet Black w/Artemis Accents","Front-wheel Drive",,,"Gasoline",,,"dealership","[PREMIUM]","Marianna","FL","[PREMIUM]",,"[]",,,"[PREMIUM]"
"941b8196-3982-4e47-a06e-628ec8fb20a3","2026-05-22 23:19:52.190","2026-05-28 23:20:09.142","941b8196-3982-4e47-a06e-628ec8fb20a3","[PREMIUM]","New",2026,"Kia","K4","LX","[PREMIUM]","[PREMIUM]",1,"Sedan","Snow White Pearl","Black","Front-wheel Drive",,,"Gasoline",,,"dealership","[PREMIUM]","Homestead","FL","[PREMIUM]",,"[]",,,"[PREMIUM]"
"9a7751a0-4767-4e32-a0dd-57a056d70a39","2026-05-22 23:19:42.031","2026-05-28 23:20:09.148","9a7751a0-4767-4e32-a0dd-57a056d70a39","[PREMIUM]","New",2026,"Kia","K4","LX","[PREMIUM]","[PREMIUM]",1,"Sedan","Aurora Black Pearl","Black","Front-wheel Drive",,,"Gasoline",,,"dealership","[PREMIUM]","Homestead","FL","[PREMIUM]",,"[]",,,"[PREMIUM]"
"a7f64782-a24b-41d4-93dc-f1cf309f96d2","2026-05-22 23:19:41.995","2026-05-22 23:19:41.995","a7f64782-a24b-41d4-93dc-f1cf309f96d2","[PREMIUM]","New",2026,"Toyota","Corolla","LE","[PREMIUM]","[PREMIUM]",0,"Sedan","Blueprint","Black","Front-wheel Drive",,,"Gasoline",,,"dealership","[PREMIUM]","Kenosha","WI","[PREMIUM]",,"[]",,,"[PREMIUM]"
"6c4f91ed-062b-47f5-b094-24a20c360cb3","2026-05-22 23:19:31.904","2026-05-22 23:19:31.904","6c4f91ed-062b-47f5-b094-24a20c360cb3","[PREMIUM]","New",2026,"Chevrolet","Trailblazer","LS","[PREMIUM]","[PREMIUM]",0,"SUV","Mosaic Black Metallic","Jet Black","All-wheel Drive",,,"Gasoline",,,"dealership","[PREMIUM]","Royal Oak","MI","[PREMIUM]",,"[]",,,"[PREMIUM]"
"785c4e8c-5f26-450a-9ca2-35be47179e01","2026-05-22 23:19:31.895","2026-05-22 23:19:31.895","785c4e8c-5f26-450a-9ca2-35be47179e01","[PREMIUM]","New",2026,"Toyota","Corolla Cross","L","[PREMIUM]","[PREMIUM]",0,"SUV","White","Light Gray","All-wheel Drive",,,"Gasoline",,,"dealership","[PREMIUM]","Chicago","IL","[PREMIUM]",,"[]",,,"[PREMIUM]"
"73305269-3c11-482f-ad6d-7490729b5c4f","2026-05-22 23:19:31.894","2026-05-22 23:19:31.894","73305269-3c11-482f-ad6d-7490729b5c4f","[PREMIUM]","New",2026,"Honda","Civic","Sport","[PREMIUM]","[PREMIUM]",0,"Sedan","Gray","Black","Front-wheel Drive",,,"Gasoline",,,"dealership","[PREMIUM]","Cerritos","CA","[PREMIUM]",,"[]",,,"[PREMIUM]"
"da02c18e-4676-4979-ae4c-5dd0fc7117dd","2026-05-22 23:19:22.018","2026-05-31 23:19:56.924","da02c18e-4676-4979-ae4c-5dd0fc7117dd","[PREMIUM]","New",2026,"Chevrolet","Trax","LT","[PREMIUM]","[PREMIUM]",6,"SUV","Black","Jet Black with Blue accents, Cloth/Evotex seat trim","Front-wheel Drive",,,"Gasoline",,,"dealership","[PREMIUM]","Cocoa","FL","[PREMIUM]",,"[]",,,"[PREMIUM]"
"c349c523-1084-4fae-b966-4c9b94cde762","2026-05-22 23:19:21.612","2026-05-28 23:19:44.097","c349c523-1084-4fae-b966-4c9b94cde762","[PREMIUM]","New",2026,"Chevrolet","Equinox","1LT","[PREMIUM]","[PREMIUM]",0,"SUV","Mosaic Black Metallic","Black","Front-wheel Drive",,,"Gasoline",,,"dealership","[PREMIUM]","Royal Oak","MI","[PREMIUM]",,"[]",,,"[PREMIUM]"
"812dc841-91df-4325-b285-8f7a009ca75b","2026-05-22 23:19:11.350","2026-05-28 23:19:27.066","812dc841-91df-4325-b285-8f7a009ca75b","[PREMIUM]","New",2026,"Toyota","Corolla Hybrid","LE","[PREMIUM]","[PREMIUM]",0,"Sedan","Black","Gray","Front-wheel Drive",,,"Hybrid",,,"dealership","[PREMIUM]","St Charles","IL","[PREMIUM]",,"[]",,,"[PREMIUM]"
"72963077-a526-4588-9c13-974f49604f9d","2026-05-22 23:19:11.350","2026-05-22 23:19:11.350","72963077-a526-4588-9c13-974f49604f9d","[PREMIUM]","New",2026,"Kia","K4","LXS","[PREMIUM]","[PREMIUM]",15,"Sedan","Snow White Pearl","Gray","Front-wheel Drive",,,"Gasoline",,,"dealership","[PREMIUM]","Homestead","FL","[PREMIUM]",,"[]",,,"[PREMIUM]"
"bc513af9-2dec-4d1b-8256-982db36fc7e3","2026-05-22 23:19:11.347","2026-05-22 23:19:11.347","bc513af9-2dec-4d1b-8256-982db36fc7e3","[PREMIUM]","New",2026,"Honda","Civic","Sport","[PREMIUM]","[PREMIUM]",1,"Sedan","Urban Gray","Black","Front-wheel Drive",,,"Gasoline",,,"dealership","[PREMIUM]","Eau Claire","WI","[PREMIUM]",,"[]",,,"[PREMIUM]"
"baab125f-bb26-4bb8-a9f5-8234569afed1","2026-05-22 23:19:11.347","2026-05-22 23:19:11.347","baab125f-bb26-4bb8-a9f5-8234569afed1","[PREMIUM]","New",2026,"Chevrolet","Trax","LT","[PREMIUM]","[PREMIUM]",0,"SUV","Gray","Jet Black with Blue accents, Cloth/Evotex seat trim","Front-wheel Drive",,,"Gasoline",,,"dealership","[PREMIUM]","Cocoa","FL","[PREMIUM]",,"[]",,,"[PREMIUM]"
"81fc9267-ad0b-47fe-8f6c-6b9ce0478393","2026-05-22 23:19:11.345","2026-05-22 23:19:11.345","81fc9267-ad0b-47fe-8f6c-6b9ce0478393","[PREMIUM]","New",2026,"Chevrolet","Trax","LT","[PREMIUM]","[PREMIUM]",0,"SUV","White","Jet Black with Blue accents, Cloth/Evotex seat trim","Front-wheel Drive",,,"Gasoline",,,"dealership","[PREMIUM]","Cocoa","FL","[PREMIUM]",,"[]",,,"[PREMIUM]"
"0766d507-15da-4929-a04f-d7d8ad231127","2026-05-22 23:19:01.535","2026-05-22 23:19:01.535","0766d507-15da-4929-a04f-d7d8ad231127","[PREMIUM]","New",2026,"Volkswagen","Tiguan","2.0T S 4MOTION","[PREMIUM]","[PREMIUM]",0,"SUV","deep black pearl","grigio and black","All-wheel Drive",,,"Gasoline",,,"dealership","[PREMIUM]","Waldorf","MD","[PREMIUM]",,"[]",,,"[PREMIUM]"
"e66af169-8850-4d5b-8f91-a126e5394678","2026-05-22 23:19:01.109","2026-05-22 23:19:01.109","e66af169-8850-4d5b-8f91-a126e5394678","[PREMIUM]","New",2026,"Honda","Civic","LX","[PREMIUM]","[PREMIUM]",1,"Sedan","Meteorite Gray Metallic","Black","Front-wheel Drive",,,"Gasoline",,,"dealership","[PREMIUM]","Eau Claire","WI","[PREMIUM]",,"[]",,,"[PREMIUM]"
"d55b02f3-da8a-4914-876f-3c8bfa225c35","2026-05-22 23:19:01.107","2026-05-22 23:19:01.107","d55b02f3-da8a-4914-876f-3c8bfa225c35","[PREMIUM]","New",2026,"Volkswagen","Tiguan","2.0T S 4MOTION","[PREMIUM]","[PREMIUM]",0,"SUV","deep black pearl","grigio and black","All-wheel Drive",,,"Gasoline",,,"dealership","[PREMIUM]","Waldorf","MD","[PREMIUM]",,"[]",,,"[PREMIUM]"
"ab7c11cb-ea4e-4281-8ef9-f40ce0b2349d","2026-05-22 23:19:01.097","2026-05-22 23:19:01.097","ab7c11cb-ea4e-4281-8ef9-f40ce0b2349d","[PREMIUM]","New",2026,"Chevrolet","Trailblazer","LT","[PREMIUM]","[PREMIUM]",2,"SUV","Cacti Green","Jet Black","Front Wheel Drive",,,"Regular unleaded",,,"dealership","[PREMIUM]","Fort Wayne","IN","[PREMIUM]",,"[]",,,"[PREMIUM]"
"eaf6ad30-a6f0-41d1-8946-156cabacc639","2026-05-22 23:18:41.067","2026-05-22 23:18:41.067","eaf6ad30-a6f0-41d1-8946-156cabacc639","[PREMIUM]","New",2026,"Volkswagen","Jetta","1.4T SE","[PREMIUM]","[PREMIUM]",0,"Sedan","White Pearl","Grigio/Titan Blk Cloudtex","Front-wheel Drive",,,"Gasoline",,,"dealership","[PREMIUM]","Waldorf","MD","[PREMIUM]",,"[]",,,"[PREMIUM]"
"7daa1779-2964-4aea-89d0-e272835ed640","2026-05-22 23:18:41.001","2026-05-22 23:18:41.001","7daa1779-2964-4aea-89d0-e272835ed640","[PREMIUM]","New",2026,"Volkswagen","Jetta","1.4T SE","[PREMIUM]","[PREMIUM]",0,"Sedan","White Pearl","Atlantic Blu/Storm Gry Cl","Front-wheel Drive",,,"Gasoline",,,"dealership","[PREMIUM]","Waldorf","MD","[PREMIUM]",,"[]",,,"[PREMIUM]"
"7007d1bc-7c69-475c-8609-03ff8b67f761","2026-05-22 23:18:40.875","2026-05-25 23:18:50.526","7007d1bc-7c69-475c-8609-03ff8b67f761","[PREMIUM]","New",2026,"Volkswagen","Jetta","1.4T SE","[PREMIUM]","[PREMIUM]",0,"Sedan","Silver Metallic","Grigio/Titan Blk Cloudtex","Front-wheel Drive",,,"Gasoline",,,"dealership","[PREMIUM]","Waldorf","MD","[PREMIUM]",,"[]",,,"[PREMIUM]"
"7d966df8-7d25-4bf0-8752-153001bdad41","2026-05-22 23:18:20.766","2026-05-22 23:18:20.766","7d966df8-7d25-4bf0-8752-153001bdad41","[PREMIUM]","New",2026,"Toyota","Corolla Hybrid","SE","[PREMIUM]","[PREMIUM]",0,"Sedan","Midnight Black","Black/Red Premium Fabric","Front-wheel Drive",,,"Hybrid",,,"dealership","[PREMIUM]","Baltimore","MD","[PREMIUM]",,"[]",,,"[PREMIUM]"
"5891a858-9343-4d73-b1d2-8a749c5fe218","2026-05-22 23:18:20.710","2026-05-22 23:18:20.710","5891a858-9343-4d73-b1d2-8a749c5fe218","[PREMIUM]","New",2026,"Chevrolet","Trax","FWD 2RS","[PREMIUM]","[PREMIUM]",5,"SUV","Apex Red","Jet Black w/Red Accents","Front-wheel Drive",,,"Gasoline",,,"dealership","[PREMIUM]","Fargo","ND","[PREMIUM]",,"[]",,,"[PREMIUM]"
"1feae9c9-d527-47f4-ae7f-d0fdabf89af3","2026-05-22 23:18:20.669","2026-05-22 23:18:20.669","1feae9c9-d527-47f4-ae7f-d0fdabf89af3","[PREMIUM]","New",2026,"Chevrolet","Trax","FWD 2RS","[PREMIUM]","[PREMIUM]",10,"SUV","Apex Red","Jet Black w/Red Accents","Front-wheel Drive",,,"Gasoline",,,"dealership","[PREMIUM]","Auburn","AL","[PREMIUM]",,"[]",,,"[PREMIUM]"
"91850c45-7a46-4634-a479-1662232f338e","2026-05-22 23:18:20.657","2026-05-22 23:18:20.657","91850c45-7a46-4634-a479-1662232f338e","[PREMIUM]","New",2026,"Nissan","Rogue","SV","[PREMIUM]","[PREMIUM]",10,"SUV","Deep Ocean Blue Pearl","Charcoal","Front-wheel Drive",,,"Gasoline",,,"dealership","[PREMIUM]","Corinth","TX","[PREMIUM]",,"[]",,,"[PREMIUM]"
"82b3785e-0584-49af-8c7c-7a01c5bafcda","2026-05-22 23:18:20.654","2026-06-03 23:19:11.379","82b3785e-0584-49af-8c7c-7a01c5bafcda","[PREMIUM]","New",2026,"Chevrolet","Trax","LT","[PREMIUM]","[PREMIUM]",12,"SUV","Summit White","Jet Black With Blue Accents","Front-wheel Drive",,,"Gasoline",,,"dealership","[PREMIUM]","Chino","CA","[PREMIUM]",,"[]",,,"[PREMIUM]"
"c3468ccc-8442-48b9-85cc-c6240e0b29e9","2026-05-22 23:18:20.648","2026-05-22 23:18:20.648","c3468ccc-8442-48b9-85cc-c6240e0b29e9","[PREMIUM]","New",2026,"Subaru","Crosstrek","Premium","[PREMIUM]","[PREMIUM]",0,"SUV","Magnetite Gray Metallic/Crystal Black Silica","Gray","All-wheel Drive",,,"Gasoline",,,"dealership","[PREMIUM]","Waldorf","MD","[PREMIUM]",,"[]",,,"[PREMIUM]"
"c3ef1ff8-88e5-4cb1-9cbf-4b4545eff9c1","2026-05-22 23:18:10.517","2026-05-31 23:18:36.453","c3ef1ff8-88e5-4cb1-9cbf-4b4545eff9c1","[PREMIUM]","New",2026,"Buick","Envista","Sport Touring FWD","[PREMIUM]","[PREMIUM]",5,"SUV","Summit White","Ebony w/Santorini Blue Stitching","Front-wheel Drive",,,"Gasoline",,,"dealership","[PREMIUM]","Tustin","CA","[PREMIUM]",,"[]",,,"[PREMIUM]"
"24c79f8d-665c-44c4-8b83-187d496c4f2c","2026-05-22 23:18:10.100","2026-05-22 23:18:10.100","24c79f8d-665c-44c4-8b83-187d496c4f2c","[PREMIUM]","New",2026,"Toyota","Corolla","LE","[PREMIUM]","[PREMIUM]",0,"Sedan","Bluprint","Lt Gry Fabric","Front-wheel Drive",,,"Gasoline",,,"dealership","[PREMIUM]","Malvern","PA","[PREMIUM]",,"[]",,,"[PREMIUM]"
"2bcfeac8-0c2f-4678-9f62-28f309a04662","2026-05-22 23:18:10.087","2026-05-22 23:18:10.087","2bcfeac8-0c2f-4678-9f62-28f309a04662","[PREMIUM]","New",2026,"Buick","Envista","Preferred FWD","[PREMIUM]","[PREMIUM]",2,"SUV","Ocean Blue Metallic","Ebony Seats With Slate Interior Accents","Front-wheel Drive",,,"Gasoline",,,"dealership","[PREMIUM]","Flint","MI","[PREMIUM]",,"[]",,,"[PREMIUM]"
"3101a3f9-de78-405c-846f-08420d2e1f13","2026-05-22 23:18:10.084","2026-05-22 23:18:10.084","3101a3f9-de78-405c-846f-08420d2e1f13","[PREMIUM]","New",2026,"Honda","Civic","Sport","[PREMIUM]","[PREMIUM]",0,"Sedan","Crystal Black Pearl","Black","Front-wheel Drive",,,"Gasoline",,,"dealership","[PREMIUM]","Clarkesville","MD","[PREMIUM]",,"[]",,,"[PREMIUM]"
"bb116e12-7644-4284-a261-abac6856fdcd","2026-05-22 23:18:10.060","2026-05-22 23:18:10.060","bb116e12-7644-4284-a261-abac6856fdcd","[PREMIUM]","New",2026,"Chevrolet","Trailblazer","LS","[PREMIUM]","[PREMIUM]",4,"SUV","Cacti Green","Jet Black","Front-wheel Drive",,,"Gasoline",,,"dealership","[PREMIUM]","Houston","TX","[PREMIUM]",,"[]",,,"[PREMIUM]"
"44c7dd67-5d99-48b0-914d-daea27252d75","2026-05-22 23:18:00.067","2026-05-22 23:18:00.067","44c7dd67-5d99-48b0-914d-daea27252d75","[PREMIUM]","New",2026,"Toyota","Corolla Cross","LE","[PREMIUM]","[PREMIUM]",0,"SUV","Gray","Black","FWD",,,"Gasoline",,,"dealership","[PREMIUM]","Miami","FL","[PREMIUM]",,"[]",,,"[PREMIUM]"
"3bb3a7f1-5aa0-4f4e-8238-aa78be4c2288","2026-05-22 23:17:59.644","2026-05-22 23:17:59.644","3bb3a7f1-5aa0-4f4e-8238-aa78be4c2288","[PREMIUM]","New",2026,"Toyota","Corolla Cross","LE","[PREMIUM]","[PREMIUM]",0,"SUV","Black","Black","FWD",,,"Gasoline",,,"dealership","[PREMIUM]","Miami","FL","[PREMIUM]",,"[]",,,"[PREMIUM]"
"b4c746ed-38f4-4950-9426-30431f8177e1","2026-05-22 23:17:59.637","2026-05-25 23:18:09.578","b4c746ed-38f4-4950-9426-30431f8177e1","[PREMIUM]","New",2026,"Toyota","Corolla","SE","[PREMIUM]","[PREMIUM]",0,"Sedan","White","Moonstone","Front-wheel Drive",,,"Gasoline",,,"dealership","[PREMIUM]","Miami","FL","[PREMIUM]",,"[]",,,"[PREMIUM]"
"545b420d-4e55-4f18-93dc-a10728e75282","2026-05-22 23:17:49.711","2026-05-22 23:17:49.711","545b420d-4e55-4f18-93dc-a10728e75282","[PREMIUM]","New",2026,"Subaru","Crosstrek","Premium","[PREMIUM]","[PREMIUM]",5,"SUV","Crystal White","Black","All-wheel Drive",,,"Gasoline",,,"dealership","[PREMIUM]","Youngstown","OH","[PREMIUM]",,"[]",,,"[PREMIUM]"
"b45f520e-64b5-43fa-9aea-abe0b5c35c89","2026-05-22 23:17:49.630","2026-05-22 23:17:49.630","b45f520e-64b5-43fa-9aea-abe0b5c35c89","[PREMIUM]","New",2026,"Toyota","Corolla Cross","L","[PREMIUM]","[PREMIUM]",0,"SUV","Black","Gray","FWD",,,"Gasoline",,,"dealership","[PREMIUM]","Miami","FL","[PREMIUM]",,"[]",,,"[PREMIUM]"
"77c2b9e4-24ec-4af4-b093-4c2cee5b1117","2026-05-22 23:17:49.614","2026-05-22 23:17:49.614","77c2b9e4-24ec-4af4-b093-4c2cee5b1117","[PREMIUM]","New",2026,"Toyota","Corolla Hybrid","LE","[PREMIUM]","[PREMIUM]",0,"Sedan","Gray","Black","FWD",,,"Hybrid",,,"dealership","[PREMIUM]","Miami","FL","[PREMIUM]",,"[]",,,"[PREMIUM]"
"f18d5001-b8f4-4832-b0e8-70d94c33e272","2026-05-22 23:17:49.542","2026-05-22 23:17:49.542","f18d5001-b8f4-4832-b0e8-70d94c33e272","[PREMIUM]","New",2026,"Toyota","Corolla Cross","L","[PREMIUM]","[PREMIUM]",0,"SUV","Sonic Silver","Light Gray","All-wheel Drive",,,"Gasoline",,,"dealership","[PREMIUM]","Putnam","CT","[PREMIUM]",,"[]",,,"[PREMIUM]"
"b88856c1-082e-43d6-b2f1-4bd6d921f847","2026-05-22 23:17:49.515","2026-05-22 23:17:49.515","b88856c1-082e-43d6-b2f1-4bd6d921f847","[PREMIUM]","New",2026,"Volkswagen","Jetta","1.5T SE","[PREMIUM]","[PREMIUM]",10,"Sedan","Deep Black Pearl Effect","Grigio/Titan Black","Front-wheel Drive",,,"Gasoline",,,"dealership","[PREMIUM]","Tampa","FL","[PREMIUM]",,"[]",,,"[PREMIUM]"
"69a71714-d87f-439f-a586-fec8cf151293","2026-05-22 23:17:29.156","2026-05-22 23:17:29.156","69a71714-d87f-439f-a586-fec8cf151293","[PREMIUM]","New",2026,"Volkswagen","Tiguan","2.0T S","[PREMIUM]","[PREMIUM]",6,"SUV","pure white","grigio and black","Front Wheel Drive",,,"Regular Unleaded",,,"dealership","[PREMIUM]","Jacksonville","FL","[PREMIUM]",,"[]",,,"[PREMIUM]"
"44ecad9b-23f5-4d46-8327-31a48c2656e0","2026-05-22 23:17:29.110","2026-05-22 23:17:29.110","44ecad9b-23f5-4d46-8327-31a48c2656e0","[PREMIUM]","New",2026,"Volkswagen","Tiguan","2.0T S","[PREMIUM]","[PREMIUM]",6,"SUV","pure white","grigio and black","Front Wheel Drive",,,"Regular Unleaded",,,"dealership","[PREMIUM]","Jacksonville","FL","[PREMIUM]",,"[]",,,"[PREMIUM]"
"f754a821-6cb6-46e9-bc2a-e753ecfdea3d","2026-05-22 23:17:29.079","2026-05-28 23:18:01.478","f754a821-6cb6-46e9-bc2a-e753ecfdea3d","[PREMIUM]","New",2026,"Kia","K4","GT-Line","[PREMIUM]","[PREMIUM]",5,"Sedan","Interstellar Gray","Black","Front-wheel Drive",,,"Gasoline",,,"dealership","[PREMIUM]","Plano","TX","[PREMIUM]",,"[]",,,"[PREMIUM]"
"1035661d-a0dc-4c36-8c7a-7f6cac17276a","2026-05-22 23:17:29.075","2026-05-22 23:17:29.075","1035661d-a0dc-4c36-8c7a-7f6cac17276a","[PREMIUM]","New",2026,"Volkswagen","Jetta","1.4T S","[PREMIUM]","[PREMIUM]",7,"Sedan","Pyrite Silver Metallic","Titan Black w/Molekular Inserts","Front Wheel Drive",,,"Regular unleaded",,,"dealership","[PREMIUM]","Jacksonville","FL","[PREMIUM]",,"[]",,,"[PREMIUM]"
"681c4b61-de0f-4c8c-a844-f7183b567003","2026-05-22 23:17:29.066","2026-05-22 23:17:29.066","681c4b61-de0f-4c8c-a844-f7183b567003","[PREMIUM]","New",2026,"Kia","K4","EX","[PREMIUM]","[PREMIUM]",0,"Sedan","Steel","Blk Syntex Artificial Lth","Front-wheel Drive",,,"Gasoline",,,"dealership","[PREMIUM]","Fallston","MD","[PREMIUM]",,"[]",,,"[PREMIUM]"
"4093c211-6506-4438-b4c5-5c4402ce7517","2026-05-22 23:17:29.065","2026-05-22 23:17:29.065","4093c211-6506-4438-b4c5-5c4402ce7517","[PREMIUM]","New",2026,"Volkswagen","Taos","S","[PREMIUM]","[PREMIUM]",6,"SUV","Pure White","Gray/Black","Front Wheel Drive",,,"Regular unleaded",,,"dealership","[PREMIUM]","Jacksonville","FL","[PREMIUM]",,"[]",,,"[PREMIUM]"
"bd11d647-6df5-40f3-9c0b-9e3e417ec749","2026-05-22 23:17:29.006","2026-05-22 23:17:29.006","bd11d647-6df5-40f3-9c0b-9e3e417ec749","[PREMIUM]","New",2026,"Kia","K4","GT-Line","[PREMIUM]","[PREMIUM]",5,"Sedan","Aurora Black Pearl","Black","Front-wheel Drive",,,"Gasoline",,,"dealership","[PREMIUM]","Plano","TX","[PREMIUM]",,"[]",,,"[PREMIUM]"
"08623431-b0ad-4793-ba0a-cdffd382bacc","2026-05-22 23:17:09.168","2026-05-22 23:17:09.168","08623431-b0ad-4793-ba0a-cdffd382bacc","[PREMIUM]","New",2026,"Honda","Civic","Sport","[PREMIUM]","[PREMIUM]",0,"Hatchback","Meteorite Gray Metallic","Black","Front-wheel Drive",,,"Gasoline",,,"dealership","[PREMIUM]","Glen Head","NY","[PREMIUM]",,"[]",,,"[PREMIUM]"
"25dfecb0-d155-4dda-9c3e-847734658434","2026-05-22 23:17:08.844","2026-05-22 23:17:08.844","25dfecb0-d155-4dda-9c3e-847734658434","[PREMIUM]","New",2026,"Chevrolet","Equinox EV","LT","[PREMIUM]","[PREMIUM]",0,"SUV","Riptide Blue Metallic","Black","Front-wheel Drive",,,"Electric",,,"dealership","[PREMIUM]","Saint Cloud","FL","[PREMIUM]",,"[]",,,"[PREMIUM]"
"0f1bedde-477b-411e-b9a4-654e09f17a96","2026-05-22 23:17:08.748","2026-05-22 23:17:08.748","0f1bedde-477b-411e-b9a4-654e09f17a96","[PREMIUM]","New",2026,"Kia","K5","LXS FWD","[PREMIUM]","[PREMIUM]",5,"Sedan","Interstellar Gray","Black","Front-wheel Drive",,,"Gasoline",,,"dealership","[PREMIUM]","Plano","TX","[PREMIUM]",,"[]",,,"[PREMIUM]"
"f23c5528-cd6b-4c9f-a201-da4aaf9f7ebd","2026-05-22 23:17:08.721","2026-05-22 23:17:08.721","f23c5528-cd6b-4c9f-a201-da4aaf9f7ebd","[PREMIUM]","New",2026,"Honda","Civic","Sport","[PREMIUM]","[PREMIUM]",0,"Hatchback","Crystal Black Pearl","Black","Front-wheel Drive",,,"Gasoline",,,"dealership","[PREMIUM]","Glen Head","NY","[PREMIUM]",,"[]",,,"[PREMIUM]"
"c7e85656-c926-4627-a818-79eb3c36a6eb","2026-05-22 23:16:38.392","2026-05-22 23:16:38.392","c7e85656-c926-4627-a818-79eb3c36a6eb","[PREMIUM]","New",2026,"Volkswagen","Tiguan","2.0T S","[PREMIUM]","[PREMIUM]",6,"SUV","pure white","grigio and black","Front Wheel Drive",,,"Regular Unleaded",,,"dealership","[PREMIUM]","Jacksonville","FL","[PREMIUM]",,"[]",,,"[PREMIUM]"
"6510655d-1f89-4969-ab75-58e18179697d","2026-05-22 23:16:38.357","2026-05-22 23:16:38.357","6510655d-1f89-4969-ab75-58e18179697d","[PREMIUM]","New",2026,"Volkswagen","Tiguan","2.0T S","[PREMIUM]","[PREMIUM]",6,"SUV","pure white","grigio and black","Front Wheel Drive",,,"Regular Unleaded",,,"dealership","[PREMIUM]","Jacksonville","FL","[PREMIUM]",,"[]",,,"[PREMIUM]"
"1d2e4cc7-a105-4021-915c-72e850d39f71","2026-05-22 23:16:38.285","2026-05-22 23:16:38.285","1d2e4cc7-a105-4021-915c-72e850d39f71","[PREMIUM]","New",2026,"Volkswagen","Tiguan","2.0T S","[PREMIUM]","[PREMIUM]",6,"SUV","Deep Black","grigio and black","Front Wheel Drive",,,"Regular Unleaded",,,"dealership","[PREMIUM]","Jacksonville","FL","[PREMIUM]",,"[]",,,"[PREMIUM]"
"6411408c-045a-41ec-9f6e-e0cd6c25f269","2026-05-22 23:15:27.984","2026-05-25 23:15:47.602","6411408c-045a-41ec-9f6e-e0cd6c25f269","[PREMIUM]","New",2026,"Hyundai","SANTA CRUZ","SEL","[PREMIUM]","[PREMIUM]",12862,"Truck","Phantom Black","Black","Front-wheel Drive",,,"Gasoline",,,"dealership","[PREMIUM]","Brookshire","TX","[PREMIUM]",,"[]",,,"[PREMIUM]"
"44123e75-0d6e-4f21-b68c-1b1d9d676c05","2026-05-22 23:15:07.958","2026-05-22 23:15:07.958","44123e75-0d6e-4f21-b68c-1b1d9d676c05","[PREMIUM]","Used",2026,"Nissan","Rogue","SV","[PREMIUM]","[PREMIUM]",2219,"SUV","Scarlet Ember","Charcoal","Front-wheel Drive",,,"Gasoline",,,"dealership","[PREMIUM]","Pinellas Park","FL","[PREMIUM]",,"[]",,,"[PREMIUM]"
"702ea98f-99e2-4745-81da-52d46032c325","2026-05-22 23:15:07.922","2026-05-25 23:15:17.255","702ea98f-99e2-4745-81da-52d46032c325","[PREMIUM]","New",2026,"Kia","Seltos","S","[PREMIUM]","[PREMIUM]",0,"SUV","Fusion Black","Black","Front-wheel Drive",,,"Gasoline",,,"dealership","[PREMIUM]","Bradley","IL","[PREMIUM]",,"[]",,,"[PREMIUM]"
"02417c75-aabd-47a6-9e54-be24bcc794ce","2026-05-22 23:15:07.917","2026-05-22 23:15:07.917","02417c75-aabd-47a6-9e54-be24bcc794ce","[PREMIUM]","New",2026,"Nissan","Sentra","SV","[PREMIUM]","[PREMIUM]",0,"Sedan","Super Black","Charcoal","Front-wheel Drive",,,"Gasoline",,,"dealership","[PREMIUM]","Longwood","FL","[PREMIUM]",,"[]",,,"[PREMIUM]"
"620c4dfb-16e7-4736-ab68-44a5db4d279c","2026-05-22 23:15:07.895","2026-05-22 23:15:07.895","620c4dfb-16e7-4736-ab68-44a5db4d279c","[PREMIUM]","New",2026,"Hyundai","TUCSON","SEL","[PREMIUM]","[PREMIUM]",5,"SUV","Phantom Black","Gray","Front-wheel Drive",,,"Gasoline",,,"dealership","[PREMIUM]","McDonough","GA","[PREMIUM]",,"[]",,,"[PREMIUM]"
"b07ec382-3a3a-4deb-adca-826b0bf3109f","2026-05-22 23:15:07.870","2026-05-22 23:15:07.870","b07ec382-3a3a-4deb-adca-826b0bf3109f","[PREMIUM]","New",2026,"Hyundai","TUCSON","SEL","[PREMIUM]","[PREMIUM]",5,"SUV","Phantom Black","Black","Front-wheel Drive",,,"Gasoline",,,"dealership","[PREMIUM]","McDonough","GA","[PREMIUM]",,"[]",,,"[PREMIUM]"
"561a0cc3-e4ad-4e67-a761-57cbadea6549","2026-05-22 23:15:07.814","2026-05-25 23:15:16.607","561a0cc3-e4ad-4e67-a761-57cbadea6549","[PREMIUM]","New",2026,"Kia","K5","LXS","[PREMIUM]","[PREMIUM]",0,"Sedan","Snow White Pearl","Black","Front-wheel Drive",,,"Gasoline",,,"dealership","[PREMIUM]","Bradley","IL","[PREMIUM]",,"[]",,,"[PREMIUM]"
"eb5851cb-74cb-468e-b447-85ba8132737c","2026-05-22 23:15:07.809","2026-05-22 23:15:07.809","eb5851cb-74cb-468e-b447-85ba8132737c","[PREMIUM]","New",2026,"Nissan","Kicks","SV","[PREMIUM]","[PREMIUM]",0,"SUV","Aspen White TriCoat / Super Black Two-tone","Charcoal","Front-wheel Drive",,,"Gasoline",,,"dealership","[PREMIUM]","Longwood","FL","[PREMIUM]",,"[]",,,"[PREMIUM]"
"155778e3-34de-40ce-b35e-18c875fcd479","2026-05-22 23:14:57.458","2026-05-22 23:14:57.458","155778e3-34de-40ce-b35e-18c875fcd479","[PREMIUM]","New",2026,"Nissan","Kicks","SV","[PREMIUM]","[PREMIUM]",0,"SUV","Scarlet Ember Tintcoat","Charcoal","Front-wheel Drive",,,"Gasoline",,,"dealership","[PREMIUM]","Longwood","FL","[PREMIUM]",,"[]",,,"[PREMIUM]"
"f4fbae1c-d80e-4903-b76e-66a0dec966aa","2026-05-22 23:14:57.441","2026-05-22 23:14:57.441","f4fbae1c-d80e-4903-b76e-66a0dec966aa","[PREMIUM]","New",2026,"Nissan","Kicks","SV","[PREMIUM]","[PREMIUM]",0,"SUV","Gun Metallic","Charcoal","Front-wheel Drive",,,"Gasoline",,,"dealership","[PREMIUM]","Longwood","FL","[PREMIUM]",,"[]",,,"[PREMIUM]"
"b3e36959-3a5a-4fef-80bc-a6cfd990cd06","2026-05-22 23:14:57.430","2026-05-22 23:14:57.430","b3e36959-3a5a-4fef-80bc-a6cfd990cd06","[PREMIUM]","Used",2026,"Kia","Sportage","LX","[PREMIUM]","[PREMIUM]",6127,"SUV","Ebony Black","Black","FWD",,,,,,"dealership","[PREMIUM]","Jersey City","NJ","[PREMIUM]",,"[]",,,"[PREMIUM]"
"c31ad4e1-0e78-49f9-a472-f8707d5b204e","2026-05-22 23:14:57.340","2026-05-25 23:15:16.977","c31ad4e1-0e78-49f9-a472-f8707d5b204e","[PREMIUM]","New",2026,"Nissan","Kicks","SV","[PREMIUM]","[PREMIUM]",0,"SUV","Deep Blue Pearl","Charcoal","Front-wheel Drive",,,"Gasoline",,,"dealership","[PREMIUM]","Longwood","FL","[PREMIUM]",,"[]",,,"[PREMIUM]"
"baa81312-8bbd-4955-b77d-eb7f3885998e","2026-05-22 23:14:47.173","2026-05-22 23:14:47.173","baa81312-8bbd-4955-b77d-eb7f3885998e","[PREMIUM]","New",2026,"Hyundai","SONATA","SE","[PREMIUM]","[PREMIUM]",5,"Sedan","Portofino Gray","Gray","Front-wheel Drive",,,"Gasoline",,,"dealership","[PREMIUM]","Newark","DE","[PREMIUM]",,"[]",,,"[PREMIUM]"
"29c88a5d-233d-4940-8d56-45a8ecdd4e0a","2026-05-22 23:14:47.064","2026-05-22 23:14:47.064","29c88a5d-233d-4940-8d56-45a8ecdd4e0a","[PREMIUM]","New",2026,"Hyundai","ELANTRA HEV","Blue","[PREMIUM]","[PREMIUM]",5,"Sedan","Abyss Black","Black","Front-wheel Drive",,,"Hybrid",,,"dealership","[PREMIUM]","Austin","TX","[PREMIUM]",,"[]",,,"[PREMIUM]"
"5ff4b4b0-f027-4106-a776-2d6c454f58b8","2026-05-22 23:14:47.061","2026-05-22 23:14:47.061","5ff4b4b0-f027-4106-a776-2d6c454f58b8","[PREMIUM]","New",2026,"Toyota","Corolla","LE","[PREMIUM]","[PREMIUM]",5,"Sedan","Underground","Macadamia","Front-wheel Drive",,,"Gasoline",,,"dealership","[PREMIUM]","Abilene","TX","[PREMIUM]",,"[]",,,"[PREMIUM]"
"f457175b-45cb-4f8c-8e3c-5c870edacd34","2026-05-22 23:14:47.055","2026-05-22 23:14:47.055","f457175b-45cb-4f8c-8e3c-5c870edacd34","[PREMIUM]","New",2026,"Hyundai","ELANTRA","Sport","[PREMIUM]","[PREMIUM]",6,"Sedan","Ecotronic Gray","Gray","Front-wheel Drive",,,"Gasoline",,,"dealership","[PREMIUM]","Newark","DE","[PREMIUM]",,"[]",,,"[PREMIUM]"
"837d66a5-4fb2-4949-8071-f5f9c46f9356","2026-05-22 23:14:36.834","2026-05-22 23:14:36.834","837d66a5-4fb2-4949-8071-f5f9c46f9356","[PREMIUM]","New",2026,"Chevrolet","Trax","LT","[PREMIUM]","[PREMIUM]",0,"SUV","Cypress Gray","Jet Black w/Blue Accents","Front-wheel Drive",,,"Gasoline",,,"dealership","[PREMIUM]","Honolulu","HI","[PREMIUM]",,"[]",,,"[PREMIUM]"
"2d6c3c17-9224-4da6-abb3-1682fac35d11","2026-05-22 23:14:36.737","2026-05-25 23:14:46.535","2d6c3c17-9224-4da6-abb3-1682fac35d11","[PREMIUM]","New",2026,"Chevrolet","Trax","FWD ACTIV","[PREMIUM]","[PREMIUM]",0,"SUV","White Sands","Jet Black w/Artemis Accents","Front-wheel Drive",,,"Gasoline",,,"dealership","[PREMIUM]","Honolulu","HI","[PREMIUM]",,"[]",,,"[PREMIUM]"
"91c8841f-73be-4b92-8077-51934358f664","2026-05-22 23:14:26.620","2026-05-22 23:14:26.620","91c8841f-73be-4b92-8077-51934358f664","[PREMIUM]","New",2026,"Chevrolet","Trax","LT","[PREMIUM]","[PREMIUM]",0,"SUV","Mosaic Black Metallic","Jet Black w/Blue Accents","Front-wheel Drive",,,"Gasoline",,,"dealership","[PREMIUM]","Honolulu","HI","[PREMIUM]",,"[]",,,"[PREMIUM]"
"f9b7b53e-8492-4ffa-81c8-af365990a5fe","2026-05-22 23:14:16.903","2026-05-25 23:14:36.421","f9b7b53e-8492-4ffa-81c8-af365990a5fe","[PREMIUM]","New",2026,"Chevrolet","Trax","LT","[PREMIUM]","[PREMIUM]",3,"SUV","Mosaic Black Metallic","Jet Black w/Blue Accents","Front-wheel Drive",,,"Gasoline",,,"dealership","[PREMIUM]","Albuquerque","NM","[PREMIUM]",,"[]",,,"[PREMIUM]"
"e3be0412-7d37-4cb3-971e-d0f93fe7a42d","2026-05-22 23:14:16.864","2026-05-22 23:14:16.864","e3be0412-7d37-4cb3-971e-d0f93fe7a42d","[PREMIUM]","New",2026,"Chevrolet","Trax","LT","[PREMIUM]","[PREMIUM]",0,"SUV","Sterling Gray Metallic","Jet Black w/Blue Accents","Front-wheel Drive",,,"Gasoline",,,"dealership","[PREMIUM]","Honolulu","HI","[PREMIUM]",,"[]",,,"[PREMIUM]"
"11374041-8de8-45f7-82d7-fafe430287fc","2026-05-22 23:14:16.471","2026-05-22 23:14:16.471","11374041-8de8-45f7-82d7-fafe430287fc","[PREMIUM]","New",2026,"Chevrolet","Trax","FWD 2RS","[PREMIUM]","[PREMIUM]",0,"SUV","Mosaic Black Metallic","Jet Black w/Red Accents","Front-wheel Drive",,,"Gasoline",,,"dealership","[PREMIUM]","Albuquerque","NM","[PREMIUM]",,"[]",,,"[PREMIUM]"
"bddc41be-c0a3-47e1-b816-2bc32612ab34","2026-05-22 23:14:06.351","2026-05-28 23:14:47.138","bddc41be-c0a3-47e1-b816-2bc32612ab34","[PREMIUM]","New",2026,"Chevrolet","Trailblazer","RS","[PREMIUM]","[PREMIUM]",4,"SUV","Mosaic Black Metallic","Jet Black w/Red Accents","All-wheel Drive",,,"Gasoline",,,"dealership","[PREMIUM]","Portland","OR","[PREMIUM]",,"[]",,,"[PREMIUM]"
"fabfcfd6-0eb9-4493-806a-c0ad39fb93da","2026-05-22 23:14:06.343","2026-05-28 23:14:32.354","fabfcfd6-0eb9-4493-806a-c0ad39fb93da","[PREMIUM]","New",2026,"Chevrolet","Trax","FWD ACTIV","[PREMIUM]","[PREMIUM]",7,"SUV","White Sands","Jet Black w/Artemis Accents","Front-wheel Drive",,,"Gasoline",,,"dealership","[PREMIUM]","Albuquerque","NM","[PREMIUM]",,"[]",,,"[PREMIUM]"
"d170a61e-3c5e-47d9-a806-111666b72fa1","2026-05-22 23:14:06.327","2026-05-22 23:14:06.327","d170a61e-3c5e-47d9-a806-111666b72fa1","[PREMIUM]","New",2026,"Chevrolet","Trax","FWD ACTIV","[PREMIUM]","[PREMIUM]",11,"SUV","Sterling Gray Metallic","Jet Black w/Artemis Accents","Front-wheel Drive",,,"Gasoline",,,"dealership","[PREMIUM]","Albion","MI","[PREMIUM]",,"[]",,,"[PREMIUM]"
"c9410621-11e7-40b3-9c88-afac21a3cd25","2026-05-22 23:14:06.235","2026-05-22 23:14:06.235","c9410621-11e7-40b3-9c88-afac21a3cd25","[PREMIUM]","New",2026,"Chevrolet","Trax","FWD 2RS","[PREMIUM]","[PREMIUM]",11,"SUV","Apex Red","Jet Black w/Red Accents","Front-wheel Drive",,,"Gasoline",,,"dealership","[PREMIUM]","Albion","MI","[PREMIUM]",,"[]",,,"[PREMIUM]"
"467d2e1e-2112-4943-856a-3eea7d1447db","2026-05-22 23:12:45.778","2026-05-22 23:12:45.778","467d2e1e-2112-4943-856a-3eea7d1447db","[PREMIUM]","New",2026,"Hyundai","ELANTRA","Sport","[PREMIUM]","[PREMIUM]",12,"Sedan","Ecotronic Gray","Gray","Front-wheel Drive",,,"Gasoline",,,"dealership","[PREMIUM]","Hanover","PA","[PREMIUM]",,"[]",,,"[PREMIUM]"
"1cf795b1-d978-43e6-b75c-f5bc0cd0d93b","2026-05-22 23:12:35.809","2026-05-22 23:12:35.809","1cf795b1-d978-43e6-b75c-f5bc0cd0d93b","[PREMIUM]","New",2026,"Hyundai","ELANTRA","Limited","[PREMIUM]","[PREMIUM]",1,"Sedan","Serenity White Pearl","Light Gray","Front-wheel Drive",,,"Gasoline",,,"dealership","[PREMIUM]","Mentor","OH","[PREMIUM]",,"[]",,,"[PREMIUM]"
"cd2b8a6c-a421-401f-93e6-95e8328ad7b5","2026-05-22 23:12:35.723","2026-05-25 23:12:45.105","cd2b8a6c-a421-401f-93e6-95e8328ad7b5","[PREMIUM]","New",2026,"Hyundai","ELANTRA","Sport","[PREMIUM]","[PREMIUM]",0,"Sedan","Serenity White Pearl","Gray","Front-wheel Drive",,,"Gasoline",,,"dealership","[PREMIUM]","Findlay","OH","[PREMIUM]",,"[]",,,"[PREMIUM]"
"9cccb0e8-a519-453f-99fc-3f75b4dedf7f","2026-05-22 23:12:35.710","2026-05-22 23:12:35.710","9cccb0e8-a519-453f-99fc-3f75b4dedf7f","[PREMIUM]","New",2026,"Volkswagen","Tiguan","2.0T S","[PREMIUM]","[PREMIUM]",6,"SUV","Platinum Gray","Grigio &amp; Black","FWD",,,"Gasoline",,,"dealership","[PREMIUM]","Ontario","CA","[PREMIUM]",,"[]",,,"[PREMIUM]"
"6386503f-5d33-42a5-a5b3-3a86de8dabbf","2026-05-22 23:12:35.686","2026-05-25 23:12:44.664","6386503f-5d33-42a5-a5b3-3a86de8dabbf","[PREMIUM]","New",2026,"Hyundai","ELANTRA","Sport","[PREMIUM]","[PREMIUM]",0,"Sedan","Serenity White Pearl","Black","Front-wheel Drive",,,"Gasoline",,,"dealership","[PREMIUM]","Findlay","OH","[PREMIUM]",,"[]",,,"[PREMIUM]"
"3f02ffbc-4869-455e-98be-4ace5e4c8979","2026-05-22 23:12:35.684","2026-05-22 23:12:35.684","3f02ffbc-4869-455e-98be-4ace5e4c8979","[PREMIUM]","New",2026,"Toyota","Corolla Hybrid","LE","[PREMIUM]","[PREMIUM]",2,"Sedan","Ice Cap","Light Gray","Front-wheel Drive",,,"Hybrid",,,"dealership","[PREMIUM]","Bethesda","MD","[PREMIUM]",,"[]",,,"[PREMIUM]"
"e590c7e6-de57-4b6a-a2e8-eb00b71fe66e","2026-05-22 23:12:35.640","2026-05-22 23:12:35.640","e590c7e6-de57-4b6a-a2e8-eb00b71fe66e","[PREMIUM]","New",2026,"Hyundai","ELANTRA","Sport","[PREMIUM]","[PREMIUM]",10,"Sedan","Abyss Black","Black","Front-wheel Drive",,,"Gasoline",,,"dealership","[PREMIUM]","Davenport","IA","[PREMIUM]",,"[]",,,"[PREMIUM]"
"da2d8202-f308-4b7a-aa32-d208474b6918","2026-05-22 23:12:35.610","2026-05-25 23:12:44.849","da2d8202-f308-4b7a-aa32-d208474b6918","[PREMIUM]","New",2026,"Hyundai","ELANTRA","Sport","[PREMIUM]","[PREMIUM]",0,"Sedan","Serenity White Pearl","Black","Front-wheel Drive",,,"Gasoline",,,"dealership","[PREMIUM]","Findlay","OH","[PREMIUM]",,"[]",,,"[PREMIUM]"
"2777bc8c-b692-4a61-809b-d9765c311bb7","2026-05-22 23:12:25.418","2026-05-22 23:12:25.418","2777bc8c-b692-4a61-809b-d9765c311bb7","[PREMIUM]","New",2026,"Nissan","Rogue","SV","[PREMIUM]","[PREMIUM]",10,"SUV","Everest White Pearl Tricoat","Charcoal","FWD",,,"Gasoline",,,"dealership","[PREMIUM]","New Bern","NC","[PREMIUM]",,"[]",,,"[PREMIUM]"
"893a016f-9c34-4670-987b-74a6913573e0","2026-05-22 23:12:25.378","2026-05-22 23:12:25.378","893a016f-9c34-4670-987b-74a6913573e0","[PREMIUM]","New",2026,"Nissan","Sentra","SV","[PREMIUM]","[PREMIUM]",10,"Sedan","Imperial Bronze","Charcoal","FWD",,,"Gasoline",,,"dealership","[PREMIUM]","New Bern","NC","[PREMIUM]",,"[]",,,"[PREMIUM]"
"320da583-f8f2-4771-b69d-f812389f819c","2026-05-22 23:12:25.369","2026-05-25 23:12:44.624","320da583-f8f2-4771-b69d-f812389f819c","[PREMIUM]","New",2026,"Nissan","Sentra","SR","[PREMIUM]","[PREMIUM]",10,"Sedan","Atlantic Gray Metallic","Sport","FWD",,,"Gasoline",,,"dealership","[PREMIUM]","New Bern","NC","[PREMIUM]",,"[]",,,"[PREMIUM]"
"5e8fec81-befa-4d25-92b4-58d6908bd8ce","2026-05-22 23:12:25.297","2026-05-22 23:12:25.297","5e8fec81-befa-4d25-92b4-58d6908bd8ce","[PREMIUM]","New",2026,"Nissan","Kicks","SR","[PREMIUM]","[PREMIUM]",10,"SUV","Gun Metallic","Sport","FWD",,,"Gasoline",,,"dealership","[PREMIUM]","New Bern","NC","[PREMIUM]",,"[]",,,"[PREMIUM]"
"4aefd9ff-3e50-4f81-a4a4-8da7ca50705f","2026-05-22 23:12:05.229","2026-05-22 23:12:05.229","4aefd9ff-3e50-4f81-a4a4-8da7ca50705f","[PREMIUM]","New",2027,"Honda","HR-V","Sport","[PREMIUM]","[PREMIUM]",8,"SUV","Milano Red","Black","Front Wheel Drive",,,"Gasoline",,,"dealership","[PREMIUM]","Kingwood","TX","[PREMIUM]",,"[]",,,"[PREMIUM]"
"25a55c0c-5276-41d6-9540-798ec6f4d656","2026-05-22 23:12:05.138","2026-05-22 23:12:05.138","25a55c0c-5276-41d6-9540-798ec6f4d656","[PREMIUM]","New",2027,"Chevrolet","Bolt","LT FWD","[PREMIUM]","[PREMIUM]",0,"SUV","Summit White","Jet Black With Blue Gray Stitching","Front-wheel Drive",,,"Electric",,,"dealership","[PREMIUM]","Saint Cloud","FL","[PREMIUM]",,"[]",,,"[PREMIUM]"
"db941da1-59a4-4c02-89aa-dd0bcb181669","2026-05-22 23:11:54.958","2026-05-22 23:11:54.958","db941da1-59a4-4c02-89aa-dd0bcb181669","[PREMIUM]","New",2027,"Honda","HR-V","LX","[PREMIUM]","[PREMIUM]",0,"SUV","Crystal Black Pearl","Black","All-wheel Drive",,,"Gasoline",,,"dealership","[PREMIUM]","Elgin in Elgin","IL","[PREMIUM]",,"[]",,,"[PREMIUM]"
"b5ab52af-7adf-409d-86da-5d0ff19f52c2","2026-05-22 23:11:54.889","2026-05-22 23:11:54.889","b5ab52af-7adf-409d-86da-5d0ff19f52c2","[PREMIUM]","New",2027,"Honda","HR-V","LX","[PREMIUM]","[PREMIUM]",4,"SUV","Deep Ocean Pearl","Black","Front-wheel Drive",,,"Gasoline",,,"dealership","[PREMIUM]","Goleta","CA","[PREMIUM]",,"[]",,,"[PREMIUM]"
"23b268c6-3269-4350-904a-91c52cb1ef08","2026-05-22 23:11:54.873","2026-05-22 23:11:54.873","23b268c6-3269-4350-904a-91c52cb1ef08","[PREMIUM]","New",2027,"Honda","HR-V","Sport","[PREMIUM]","[PREMIUM]",6,"SUV","Milano Red","Black","Front-wheel Drive",,,"Gasoline",,,"dealership","[PREMIUM]","Phoenix","AZ","[PREMIUM]",,"[]",,,"[PREMIUM]"
"7f91bf8c-273e-4d5c-a402-8429ec0e5bf8","2026-05-22 23:11:54.855","2026-05-22 23:11:54.855","7f91bf8c-273e-4d5c-a402-8429ec0e5bf8","[PREMIUM]","New",2027,"Chevrolet","Bolt","LT FWD","[PREMIUM]","[PREMIUM]",0,"SUV","Summit White","Jet Black with Blue and Gray Stitching","Front-wheel Drive",,,"Electric",,,"dealership","[PREMIUM]","Sanford","FL","[PREMIUM]",,"[]",,,"[PREMIUM]"
"1312102f-5194-4045-ad9e-a03d0deec000","2026-05-22 23:11:54.839","2026-05-22 23:11:54.839","1312102f-5194-4045-ad9e-a03d0deec000","[PREMIUM]","New",2027,"Honda","HR-V","Sport","[PREMIUM]","[PREMIUM]",10,"SUV","Platinum White Pearl","Black","Front-wheel Drive",,,"Gasoline",,,"dealership","[PREMIUM]","Houston","TX","[PREMIUM]",,"[]",,,"[PREMIUM]"
"0bdec024-6aad-4547-9255-537f6d3edd64","2026-05-22 23:10:44.557","2026-05-22 23:10:44.557","0bdec024-6aad-4547-9255-537f6d3edd64","[PREMIUM]","Used",2006,"Ford","F-150",,"[PREMIUM]","[PREMIUM]",46700,"Truck","Silver Clearcoat Metallic","Tan leather","Four-wheel Drive",,,"Gasoline",,,"dealership","[PREMIUM]","Pine River","MN","[PREMIUM]",,"[]",,,"[PREMIUM]"
"48879ca5-08b9-4d75-8e1a-632454f4513f","2026-05-22 23:10:14.497","2026-05-22 23:10:14.497","48879ca5-08b9-4d75-8e1a-632454f4513f","[PREMIUM]","Used",2010,"Chevrolet","Silverado 1500","LT","[PREMIUM]","[PREMIUM]",57527,"Truck","Blue","Black","Four-wheel Drive",,,"E85 Flex Fuel",,,"private","[PREMIUM]",,,"[PREMIUM]",,"[]",,,"[PREMIUM]"
"90263af1-e368-4c17-91e7-a47df63d9990","2026-05-22 23:09:44.169","2026-05-22 23:09:44.169","90263af1-e368-4c17-91e7-a47df63d9990","[PREMIUM]","Used",2011,"Ford","F-150","SVT Raptor","[PREMIUM]","[PREMIUM]",161581,"Truck","BLACK","BLACK INTERIOR W/BLACK SEATS","Four-wheel Drive",,,"Gasoline",,,"dealership","[PREMIUM]","Leesburg","VA","[PREMIUM]",,"[]",,,"[PREMIUM]"
"732e7400-1861-4a9d-a0a2-4e64a68c129c","2026-05-22 23:09:24.005","2026-05-22 23:09:24.005","732e7400-1861-4a9d-a0a2-4e64a68c129c","[PREMIUM]","Used",2013,"Mercedes-Benz","E-Class","4MATIC","[PREMIUM]","[PREMIUM]",81213,"Wagon","Iridium Silver Metallic","Black","All-wheel Drive",,,"Gasoline",,,"dealership","[PREMIUM]","Downers Grove","IL","[PREMIUM]",,"[]",,,"[PREMIUM]"
"4c952dca-173a-4105-9261-623958cd08ea","2026-05-22 23:09:03.857","2026-05-22 23:09:03.857","4c952dca-173a-4105-9261-623958cd08ea","[PREMIUM]","Used",2013,"Audi","S4","3.0T Premium Plus","[PREMIUM]","[PREMIUM]",71025,"Sedan","Black","Black","All-wheel Drive",,,"Gasoline",,,"dealership","[PREMIUM]","Spotsylvania","VA","[PREMIUM]",,"[]",,,"[PREMIUM]"
"32038afc-dbd8-4eb9-9add-1f6a4698a819","2026-05-22 23:06:23.714","2026-05-22 23:06:23.714","32038afc-dbd8-4eb9-9add-1f6a4698a819","[PREMIUM]","Used",2015,"Ford","F-150","Lariat","[PREMIUM]","[PREMIUM]",89605,"Truck","White Platinum Metallic Tri-Coat","Medium Light Camel","Rear-wheel Drive",,,"Gasoline",,,"dealership","[PREMIUM]","Chesapeake","VA","[PREMIUM]",,"[]",,,"[PREMIUM]"
"929636fd-f044-4df5-97ac-cbfc54145bba","2026-05-22 23:06:13.331","2026-05-22 23:06:13.331","929636fd-f044-4df5-97ac-cbfc54145bba","[PREMIUM]","Used",2015,"Jeep","Wrangler","Sahara","[PREMIUM]","[PREMIUM]",54649,"SUV","White","BLACK","Four-wheel Drive",,,"Gasoline",,,"dealership","[PREMIUM]","Greensboro","NC","[PREMIUM]",,"[]",,,"[PREMIUM]"
"b20e7302-82de-4923-a20c-10667d427312","2026-05-22 23:05:23.185","2026-05-22 23:05:23.185","b20e7302-82de-4923-a20c-10667d427312","[PREMIUM]","Used",2016,"Nissan","Titan XD","SV","[PREMIUM]","[PREMIUM]",94147,"Truck","Cayenne Red","Beige","Four-wheel Drive",,,"Diesel",,,"dealership","[PREMIUM]","Fredericksburg","VA","[PREMIUM]",,"[]",,,"[PREMIUM]"
"05b73f6e-d8d3-4863-a535-19125982a91f","2026-05-22 23:03:53.101","2026-05-22 23:03:53.101","05b73f6e-d8d3-4863-a535-19125982a91f","[PREMIUM]","Used",2016,"Land Rover","Range Rover","SUPERCHARGED","[PREMIUM]","[PREMIUM]",92252,"SUV","Indus Silver","Ebony / Ebony","Four-wheel Drive",,,"Gasoline",,,"dealership","[PREMIUM]","Brookshire","TX","[PREMIUM]",,"[]",,,"[PREMIUM]"
"d1648744-357b-45ed-8d53-d334b886d03e","2026-05-22 23:03:42.929","2026-05-22 23:03:42.929","d1648744-357b-45ed-8d53-d334b886d03e","[PREMIUM]","Used",2016,"Honda","Pilot","Elite","[PREMIUM]","[PREMIUM]",112433,"SUV","Tan","WHITE","Four-wheel Drive",,,"Gasoline",,,"dealership","[PREMIUM]","Virginia Beach","VA","[PREMIUM]",,"[]",,,"[PREMIUM]"
"bb252a57-455e-4eb3-bc04-3c2f2994690f","2026-05-22 23:03:32.896","2026-05-22 23:03:32.896","bb252a57-455e-4eb3-bc04-3c2f2994690f","[PREMIUM]","Used",2017,"Honda","Pilot","Touring","[PREMIUM]","[PREMIUM]",74124,"SUV","Gray","Gray","Front-wheel Drive",,,"Gasoline",,,"dealership","[PREMIUM]","Gainesville","FL","[PREMIUM]",,"[]",,,"[PREMIUM]"
"1f46f1c8-f16a-43d6-b045-3d658a1dcbec","2026-05-22 23:03:22.765","2026-05-22 23:03:22.765","1f46f1c8-f16a-43d6-b045-3d658a1dcbec","[PREMIUM]","Used",2017,"Toyota","Tacoma","TRD Off Road","[PREMIUM]","[PREMIUM]",150629,"Truck","Silver Sky Metallic","Graphite w/Gun Metal","Four-wheel Drive",,,"Gasoline",,,"dealership","[PREMIUM]","Lynnwood","WA","[PREMIUM]",,"[]",,,"[PREMIUM]"
"9ceb1892-297b-4239-83a8-3d6ba75186a9","2026-05-22 23:01:32.754","2026-05-25 23:01:51.168","9ceb1892-297b-4239-83a8-3d6ba75186a9","[PREMIUM]","Used",2017,"Lincoln","Continental","Reserve","[PREMIUM]","[PREMIUM]",82458,"Sedan","White Platinum","Ebony","All-wheel Drive",,,"Gasoline",,,"dealership","[PREMIUM]","Dallas","TX","[PREMIUM]",,"[]",,,"[PREMIUM]"
"7adc9102-ff29-4d59-8f99-8ad8e55948c3","2026-05-22 23:01:22.371","2026-05-22 23:01:22.371","7adc9102-ff29-4d59-8f99-8ad8e55948c3","[PREMIUM]","Used",2017,"Subaru","Outback","2.5i Limited","[PREMIUM]","[PREMIUM]",46828,"SUV","Crystal Black Silica","Ivory","AWD",,,"Gasoline",,,"dealership","[PREMIUM]","Rockville","MD","[PREMIUM]",,"[]",,,"[PREMIUM]"
"77ba828f-6463-48ab-8239-936c604a86b3","2026-05-22 23:01:22.323","2026-05-28 23:01:41.478","77ba828f-6463-48ab-8239-936c604a86b3","[PREMIUM]","Used",2017,"Chevrolet","Silverado 1500","1LT","[PREMIUM]","[PREMIUM]",124871,"Truck","Silver Ice Metallic","Jet Black","Rear-wheel Drive",,,"Gasoline",,,"dealership","[PREMIUM]","San Antonio","TX","[PREMIUM]",,"[]",,,"[PREMIUM]"
"97d797ef-cdca-462a-8e4f-81812c220d91","2026-05-22 23:01:22.299","2026-05-22 23:01:22.299","97d797ef-cdca-462a-8e4f-81812c220d91","[PREMIUM]","Used",2017,"Honda","Ridgeline",,"[PREMIUM]","[PREMIUM]",86210,"Truck",,,"All-wheel Drive",,,"Gasoline",,,"dealership","[PREMIUM]","Elk River","MN","[PREMIUM]",,"[]",,,"[PREMIUM]"
"47ccbb56-08e8-4628-be7a-55866f5e8ff9","2026-05-22 23:01:22.291","2026-05-25 23:01:30.598","47ccbb56-08e8-4628-be7a-55866f5e8ff9","[PREMIUM]","Used",2017,"GMC","Canyon","SLE","[PREMIUM]","[PREMIUM]",59127,"Truck","Summit White","Jet Black","Rear-wheel Drive",,,"Gasoline",,,"dealership","[PREMIUM]","Kapolei","HI","[PREMIUM]",,"[]",,,"[PREMIUM]"
"ea4000df-f54b-44ca-aa70-2fee72cd344b","2026-05-22 23:01:12.028","2026-05-22 23:01:12.028","ea4000df-f54b-44ca-aa70-2fee72cd344b","[PREMIUM]","Used",2017,"Toyota","Camry","SE","[PREMIUM]","[PREMIUM]",68799,"Sedan","Midnight Black Metallic","Black","Front-wheel Drive",,,"Gasoline",,,"dealership","[PREMIUM]","Pittsburgh","PA","[PREMIUM]",,"[]",,,"[PREMIUM]"
"5acda5f8-fd3d-47bf-9df0-26421cdb5ac0","2026-05-22 23:01:12.026","2026-05-25 23:01:20.250","5acda5f8-fd3d-47bf-9df0-26421cdb5ac0","[PREMIUM]","Used",2017,"Toyota","Highlander","XLE","[PREMIUM]","[PREMIUM]",94500,"SUV","Toasted Walnut Pearl","Black","Front-wheel Drive",,,"Gasoline",,,"dealership","[PREMIUM]","Anaheim","CA","[PREMIUM]",,"[]",,,"[PREMIUM]"
"a8f2aea8-eb42-416e-ae74-224ab42e8527","2026-05-22 23:01:12.017","2026-05-22 23:01:12.017","a8f2aea8-eb42-416e-ae74-224ab42e8527","[PREMIUM]","Used",2017,"RAM","1500","Laramie","[PREMIUM]","[PREMIUM]",126017,"Truck","Pearl White","Black","Four-wheel Drive",,,"Gasoline",,,"dealership","[PREMIUM]","Huntington","IN","[PREMIUM]",,"[]",,,"[PREMIUM]"
"e8c5ef3e-4b22-4325-8c5c-e46fcdaa15d9","2026-05-22 23:01:11.990","2026-05-22 23:01:11.990","e8c5ef3e-4b22-4325-8c5c-e46fcdaa15d9","[PREMIUM]","Used",2017,"RAM","1500","Express","[PREMIUM]","[PREMIUM]",64317,"Truck","Delmonico Red Pearlcoat","Diesel Gray/Black","Rear-wheel Drive",,,"Gasoline",,,"dealership","[PREMIUM]","CANAL WINCHESTER","OH","[PREMIUM]",,"[]",,,"[PREMIUM]"
"719d8dc3-f805-49ac-a339-ba3ab7280181","2026-05-22 23:01:01.782","2026-05-22 23:01:01.782","719d8dc3-f805-49ac-a339-ba3ab7280181","[PREMIUM]","Used",2017,"Honda","CR-V","EX-L","[PREMIUM]","[PREMIUM]",101402,"SUV","Lunar Silver Metallic",,"All-wheel Drive",,,"Gasoline",,,"dealership","[PREMIUM]","Inver Grove Heights","MN","[PREMIUM]",,"[]",,,"[PREMIUM]"
"440949a2-372c-46d4-a3c2-27c568010d23","2026-05-22 23:01:01.773","2026-05-22 23:01:01.773","440949a2-372c-46d4-a3c2-27c568010d23","[PREMIUM]","Used",2017,"Toyota","Highlander","XLE","[PREMIUM]","[PREMIUM]",110037,"SUV","Blizzard Pearl","Black","Front-wheel Drive",,,"Gasoline",,,"dealership","[PREMIUM]","Mesa","AZ","[PREMIUM]",,"[]",,,"[PREMIUM]"
"fcb566f5-4e64-4456-91dd-621a39efb628","2026-05-22 23:01:01.753","2026-05-22 23:01:01.753","fcb566f5-4e64-4456-91dd-621a39efb628","[PREMIUM]","Used",2017,"Subaru","Forester","2.5i Limited","[PREMIUM]","[PREMIUM]",62920,"SUV","Dark Gray Metallic","Gray","All-wheel Drive",,,"Gasoline",,,"dealership","[PREMIUM]","East Greenbush","NY","[PREMIUM]",,"[]",,,"[PREMIUM]"
"22cf3e65-f301-43b3-b5b5-1ee8c3c67200","2026-05-22 23:00:51.453","2026-05-25 23:01:10.329","22cf3e65-f301-43b3-b5b5-1ee8c3c67200","[PREMIUM]","Used",2017,"Chevrolet","Silverado 1500","2LT","[PREMIUM]","[PREMIUM]",142593,"Truck",,,"Four-wheel Drive",,,"Gasoline",,,"dealership","[PREMIUM]","San Antonio","TX","[PREMIUM]",,"[]",,,"[PREMIUM]"
"c8982bce-9130-47f8-97b5-1310ac346c8f","2026-05-22 23:00:51.429","2026-05-28 23:01:30.307","c8982bce-9130-47f8-97b5-1310ac346c8f","[PREMIUM]","Used",2017,"Toyota","RAV4","XLE","[PREMIUM]","[PREMIUM]",101979,"SUV","Super White","Nutmeg","All-wheel Drive",,,"Gasoline",,,"dealership","[PREMIUM]","Iowa City","IA","[PREMIUM]",,"[]",,,"[PREMIUM]"
"3e5bb6d8-a6ac-4251-877e-0380ef7405c7","2026-05-22 23:00:41.532","2026-05-25 23:00:59.785","3e5bb6d8-a6ac-4251-877e-0380ef7405c7","[PREMIUM]","Used",2017,"Honda","CR-V","EX-L","[PREMIUM]","[PREMIUM]",94265,"SUV","Black","Gray","All-wheel Drive",,,"Gasoline",,,"dealership","[PREMIUM]","Libertyville","IL","[PREMIUM]",,"[]",,,"[PREMIUM]"
"83e1e342-4827-4d7f-b485-fdd3cd924014","2026-05-22 23:00:41.513","2026-05-22 23:00:41.513","83e1e342-4827-4d7f-b485-fdd3cd924014","[PREMIUM]","Used",2017,"Honda","Accord","Sport","[PREMIUM]","[PREMIUM]",36855,"Sedan","Crystal Black Pearl","Black","Front-wheel Drive",,,"Gasoline",,,"dealership","[PREMIUM]","Modesto","CA","[PREMIUM]",,"[]",,,"[PREMIUM]"
"9bd39cc6-2dde-4ed8-970b-dc3ebff16862","2026-05-22 23:00:41.512","2026-05-22 23:00:41.512","9bd39cc6-2dde-4ed8-970b-dc3ebff16862","[PREMIUM]","Used",2017,"Lexus","RX 350","Base","[PREMIUM]","[PREMIUM]",101982,"SUV","Silver Lining Metallic","Black","All-wheel Drive",,,"Gasoline",,,"dealership","[PREMIUM]","Toledo","OH","[PREMIUM]",,"[]",,,"[PREMIUM]"
"218c6467-81ec-41f5-9c0d-6c8af8b1a791","2026-05-22 23:00:41.492","2026-05-22 23:00:41.492","218c6467-81ec-41f5-9c0d-6c8af8b1a791","[PREMIUM]","Used",2017,"Chevrolet","Tahoe","Premier","[PREMIUM]","[PREMIUM]",137675,"SUV","Silver Ice Metallic","Jet Black","Rear-wheel Drive",,,"Gasoline",,,"dealership","[PREMIUM]","Rock Hill","SC","[PREMIUM]",,"[]",,,"[PREMIUM]"
"ad458406-b012-4166-85fc-0958e5c03105","2026-05-22 23:00:41.490","2026-05-22 23:00:41.490","ad458406-b012-4166-85fc-0958e5c03105","[PREMIUM]","Used",2017,"Chevrolet","Tahoe","LT","[PREMIUM]","[PREMIUM]",101418,"SUV","Silver Ice Metallic","Jet Black","Four-wheel Drive",,,"Gasoline",,,"dealership","[PREMIUM]","Miami","FL","[PREMIUM]",,"[]",,,"[PREMIUM]"
"bbaa6b02-7e25-44f7-a6b9-6120f7094948","2026-05-22 23:00:41.486","2026-05-25 23:01:09.976","bbaa6b02-7e25-44f7-a6b9-6120f7094948","[PREMIUM]","Used",2017,"Honda","CR-V","EX-L","[PREMIUM]","[PREMIUM]",97984,"SUV","Black","BLACK","Four-wheel Drive",,,"Gasoline",,,"dealership","[PREMIUM]","Garland","TX","[PREMIUM]",,"[]",,,"[PREMIUM]"
"967ad4cb-99fc-44f1-8433-ae739123c834","2026-05-22 23:00:41.483","2026-05-22 23:00:41.483","967ad4cb-99fc-44f1-8433-ae739123c834","[PREMIUM]","Used",2017,"Audi","Q3","Premium Plus","[PREMIUM]","[PREMIUM]",35999,"SUV","Red","BLACK","Four-wheel Drive",,,"Gasoline",,,"dealership","[PREMIUM]","White Marsh","MD","[PREMIUM]",,"[]",,,"[PREMIUM]"
"319863b7-7d41-4157-acee-3d020076afbc","2026-05-22 23:00:41.472","2026-05-22 23:00:41.472","319863b7-7d41-4157-acee-3d020076afbc","[PREMIUM]","Used",2017,"Nissan","Armada","Platinum","[PREMIUM]","[PREMIUM]",82435,"SUV","Super Black","Almond","Four-wheel Drive",,,"Gasoline",,,"dealership","[PREMIUM]","Greenville","SC","[PREMIUM]",,"[]",,,"[PREMIUM]"
"a76a56b8-a0fe-4ed8-92ef-bdf5cf10e0d7","2026-05-22 23:00:41.472","2026-05-22 23:00:41.472","a76a56b8-a0fe-4ed8-92ef-bdf5cf10e0d7","[PREMIUM]","Used",2017,"GMC","Yukon","Denali","[PREMIUM]","[PREMIUM]",106168,"SUV","White Frost Tricoat","Cocoa/Shale","Four-wheel Drive",,,"Gasoline",,,"dealership","[PREMIUM]","Toledo","OH","[PREMIUM]",,"[]",,,"[PREMIUM]"
"12c3554f-1f3f-4966-b0e1-b4d6e7e7d903","2026-05-22 23:00:41.459","2026-05-25 23:00:59.465","12c3554f-1f3f-4966-b0e1-b4d6e7e7d903","[PREMIUM]","Used",2017,"Chevrolet","Silverado 1500","LTZ","[PREMIUM]","[PREMIUM]",100361,"Truck","Silver Ice Metallic","Jet Black","Four-wheel Drive",,,"Gasoline",,,"dealership","[PREMIUM]","Somerset","NJ","[PREMIUM]",,"[]",,,"[PREMIUM]"
"e2379398-970c-4f03-917f-8e8c5891b15f","2026-05-22 23:00:41.459","2026-05-22 23:00:41.459","e2379398-970c-4f03-917f-8e8c5891b15f","[PREMIUM]","Used",2017,"GMC","Sierra 1500","SLT","[PREMIUM]","[PREMIUM]",112523,"Truck","Silver","Black","Four-wheel Drive",,,"Gasoline",,,"dealership","[PREMIUM]","Amsterdam","NY","[PREMIUM]",,"[]",,,"[PREMIUM]"
"a732da41-6794-4d30-9e13-24e0bec257ad","2026-05-22 23:00:41.452","2026-05-22 23:00:41.452","a732da41-6794-4d30-9e13-24e0bec257ad","[PREMIUM]","Used",2017,"Ford","F-150","XLT","[PREMIUM]","[PREMIUM]",74773,"Truck","LIGHTNING BLUE","MEDIUM GRAY CLOTH 40/20/40","Four-wheel Drive",,,"Gasoline",,,"dealership","[PREMIUM]","Ellisville","MO","[PREMIUM]",,"[]",,,"[PREMIUM]"
"32dd67d5-d03d-45e6-aff2-87264b30fc25","2026-05-22 23:00:41.359","2026-05-22 23:00:41.359","32dd67d5-d03d-45e6-aff2-87264b30fc25","[PREMIUM]","Used",2017,"Nissan","Titan XD","SL","[PREMIUM]","[PREMIUM]",90702,"Truck","Deep Blue Pearl","Beige","Four-wheel Drive",,,"Diesel",,,"dealership","[PREMIUM]","Toccoa","GA","[PREMIUM]",,"[]",,,"[PREMIUM]"
"52b91815-351f-40b6-a479-0d31acc75498","2026-05-22 23:00:31.080","2026-05-22 23:00:31.080","52b91815-351f-40b6-a479-0d31acc75498","[PREMIUM]","Used",2017,"Subaru","Forester","2.5I Touring","[PREMIUM]","[PREMIUM]",33550,"SUV","Green","BLACK","4WD",,,"Gas",,,"dealership","[PREMIUM]","Norwood","MA","[PREMIUM]",,"[]",,,"[PREMIUM]"
"8d51a04b-9d0d-4bf4-b582-62e7f8cca1c9","2026-05-22 23:00:30.755","2026-05-22 23:00:30.755","8d51a04b-9d0d-4bf4-b582-62e7f8cca1c9","[PREMIUM]","Used",2017,"Lexus","RX 350",,"[PREMIUM]","[PREMIUM]",110166,"SUV","Pearl","BROWN","Four-wheel Drive",,,"Gasoline",,,"dealership","[PREMIUM]","Lynchburg","VA","[PREMIUM]",,"[]",,,"[PREMIUM]"
"3139ccb1-83e1-4663-ab5f-af1759aff8fc","2026-05-22 23:00:30.662","2026-05-25 23:00:39.470","3139ccb1-83e1-4663-ab5f-af1759aff8fc","[PREMIUM]","Used",2017,"Toyota","Highlander","XLE","[PREMIUM]","[PREMIUM]",105430,"SUV","Shoreline Blue Pearl","LIGHT GRAY w/SHIMAMOKU","Front-wheel Drive",,,"Gasoline",,,"dealership","[PREMIUM]","Tucson","AZ","[PREMIUM]",,"[]",,,"[PREMIUM]"
"0ad1c69a-dbab-4df3-81d4-b286fcf88ca7","2026-05-22 23:00:30.660","2026-05-22 23:00:30.660","0ad1c69a-dbab-4df3-81d4-b286fcf88ca7","[PREMIUM]","Used",2017,"Honda","Civic","EX","[PREMIUM]","[PREMIUM]",46551,"Sedan","Gray","GRAY","Rear-wheel Drive",,,"Gasoline",,,"dealership","[PREMIUM]","Oklahoma City","OK","[PREMIUM]",,"[]",,,"[PREMIUM]"
"ab7f7221-625e-44e3-a200-12949899553b","2026-05-22 23:00:30.659","2026-05-25 23:00:39.432","ab7f7221-625e-44e3-a200-12949899553b","[PREMIUM]","Used",2017,"Toyota","Sienna","XLE Premium","[PREMIUM]","[PREMIUM]",121588,"Passenger Van","Gold","TAN","Rear-wheel Drive",,,"Gasoline",,,"dealership","[PREMIUM]","Merriam","KS","[PREMIUM]",,"[]",,,"[PREMIUM]"
"db8e0f4b-b83f-49c6-989b-ef9d1de34030","2026-05-22 23:00:30.634","2026-05-22 23:00:30.634","db8e0f4b-b83f-49c6-989b-ef9d1de34030","[PREMIUM]","Used",2017,"Volkswagen","Beetle","Classic","[PREMIUM]","[PREMIUM]",64564,"Convertible","Gray","GRAY","Rear-wheel Drive",,,"Gasoline",,,"dealership","[PREMIUM]","Jensen Beach","FL","[PREMIUM]",,"[]",,,"[PREMIUM]"
"750f12e4-019f-4348-9db3-9c130b419125","2026-05-22 23:00:30.624","2026-05-22 23:00:30.624","750f12e4-019f-4348-9db3-9c130b419125","[PREMIUM]","Used",2017,"Honda","Accord","Sport SE","[PREMIUM]","[PREMIUM]",65932,"Sedan","Silver","BLACK","Rear-wheel Drive",,,"Gasoline",,,"dealership","[PREMIUM]","Plano","TX","[PREMIUM]",,"[]",,,"[PREMIUM]"
"abcdc69d-c2aa-454b-8c1c-53e185434132","2026-05-22 23:00:30.618","2026-05-22 23:00:30.618","abcdc69d-c2aa-454b-8c1c-53e185434132","[PREMIUM]","Used",2017,"Toyota","Highlander","XLE","[PREMIUM]","[PREMIUM]",93595,"SUV","Silver","GRAY","Rear-wheel Drive",,,"Gasoline",,,"dealership","[PREMIUM]","San Antonio","TX","[PREMIUM]",,"[]",,,"[PREMIUM]"
"0dab2408-302a-4e3c-9457-a92e4c8cc9aa","2026-05-22 23:00:30.607","2026-05-22 23:00:30.607","0dab2408-302a-4e3c-9457-a92e4c8cc9aa","[PREMIUM]","Used",2017,"Chrysler","Pacifica","Touring L","[PREMIUM]","[PREMIUM]",51938,"Passenger Van","Burgundy","BLACK","Rear-wheel Drive",,,"Gasoline",,,"dealership","[PREMIUM]","Bloomington","IL","[PREMIUM]",,"[]",,,"[PREMIUM]"
"fc738186-114f-4ca8-b525-64fc8dbc57ed","2026-05-22 23:00:30.597","2026-05-28 23:00:55.466","fc738186-114f-4ca8-b525-64fc8dbc57ed","[PREMIUM]","Used",2017,"Acura","RDX","AWD","[PREMIUM]","[PREMIUM]",27953,"SUV","Burgundy","TAN","Four-wheel Drive",,,"Gasoline",,,"dealership","[PREMIUM]","Augusta","GA","[PREMIUM]",,"[]",,,"[PREMIUM]"
"de6df777-c396-45ed-9631-03e4c86dee88","2026-05-22 23:00:30.593","2026-05-22 23:00:30.593","de6df777-c396-45ed-9631-03e4c86dee88","[PREMIUM]","Used",2017,"Jeep","Grand Cherokee","Limited","[PREMIUM]","[PREMIUM]",36334,"SUV","Gray","BLACK","Four-wheel Drive",,,"Gasoline",,,"dealership","[PREMIUM]","Tampa","FL","[PREMIUM]",,"[]",,,"[PREMIUM]"
"4db2a544-ce43-4dd4-8eac-0d02bf6b9a26","2026-05-22 23:00:30.504","2026-05-25 23:00:39.100","4db2a544-ce43-4dd4-8eac-0d02bf6b9a26","[PREMIUM]","Used",2017,"Toyota","Sienna","XLE Premium","[PREMIUM]","[PREMIUM]",115408,"Passenger Van","White","CREAM","Rear-wheel Drive",,,"Gasoline",,,"dealership","[PREMIUM]","White Marsh","MD","[PREMIUM]",,"[]",,,"[PREMIUM]"
"e4317a7c-3152-493b-b9f2-25841ac6be8d","2026-05-22 23:00:20.159","2026-05-22 23:00:20.159","e4317a7c-3152-493b-b9f2-25841ac6be8d","[PREMIUM]","Used",2017,"Dodge","Durango","GT","[PREMIUM]","[PREMIUM]",69507,"SUV","Gray","CREAM","Rear-wheel Drive",,,"Gasoline",,,"dealership","[PREMIUM]","Pharr","TX","[PREMIUM]",,"[]",,,"[PREMIUM]"
"d4b55709-4610-4ffa-94f9-02e11e8506b4","2026-05-22 23:00:20.134","2026-05-22 23:00:20.134","d4b55709-4610-4ffa-94f9-02e11e8506b4","[PREMIUM]","Used",2017,"Chevrolet","Colorado","Work Truck","[PREMIUM]","[PREMIUM]",44737,"Truck","Black","GRAY","Rear-wheel Drive",,,"Gasoline",,,"dealership","[PREMIUM]","San Diego","CA","[PREMIUM]",,"[]",,,"[PREMIUM]"
"8b444650-b956-4763-849a-1ce7033b954c","2026-05-22 23:00:20.114","2026-05-25 23:00:39.283","8b444650-b956-4763-849a-1ce7033b954c","[PREMIUM]","Used",2017,"INFINITI","Q60","Premium","[PREMIUM]","[PREMIUM]",79837,"Coupe","Gray","GRAY","Four-wheel Drive",,,"Gasoline",,,"dealership","[PREMIUM]","Merrillville","IN","[PREMIUM]",,"[]",,,"[PREMIUM]"
"5c215ba6-bbd8-4b19-9ebc-3070b87e5f1c","2026-05-22 23:00:20.056","2026-05-22 23:00:20.056","5c215ba6-bbd8-4b19-9ebc-3070b87e5f1c","[PREMIUM]","Used",2017,"Dodge","Charger","Daytona","[PREMIUM]","[PREMIUM]",116025,"Sedan","Yellow","BLACK","Rear-wheel Drive",,,"Gasoline",,,"dealership","[PREMIUM]","Oceanside","CA","[PREMIUM]",,"[]",,,"[PREMIUM]"
"f10eea8e-3c1f-469d-9d65-1c910c4ba824","2026-05-22 23:00:20.053","2026-05-22 23:00:20.053","f10eea8e-3c1f-469d-9d65-1c910c4ba824","[PREMIUM]","Used",2018,"Jeep","Wrangler JK Unlimited","Willys Wheeler W","[PREMIUM]","[PREMIUM]",62701,"SUV","Bright White Clearcoat","Black","Four-wheel Drive",,,"Gasoline",,,"dealership","[PREMIUM]","Fredericksburg","VA","[PREMIUM]",,"[]",,,"[PREMIUM]"
"023171eb-121f-4ebc-b7c2-1f35cbdb168e","2026-05-22 23:00:20.044","2026-05-25 23:00:39.309","023171eb-121f-4ebc-b7c2-1f35cbdb168e","[PREMIUM]","Used",2017,"Subaru","WRX",,"[PREMIUM]","[PREMIUM]",39342,"Sedan","Blue","BLACK","Four-wheel Drive",,,"Gasoline",,,"dealership","[PREMIUM]","Doral","FL","[PREMIUM]",,"[]",,,"[PREMIUM]"
"5c0be807-95c8-41fd-bf14-034f00a282e6","2026-05-22 23:00:19.997","2026-05-25 23:00:39.439","5c0be807-95c8-41fd-bf14-034f00a282e6","[PREMIUM]","Used",2017,"FIAT","124 Spider","Lusso","[PREMIUM]","[PREMIUM]",26900,"Convertible","White","Black","Rear-wheel Drive",,,"Gasoline",,,"private","[PREMIUM]","New Bern","NC","[PREMIUM]",,"[]",,,"[PREMIUM]"
"d9b68711-967a-4dcb-928b-dc5fd81e1416","2026-05-22 23:00:09.682","2026-05-22 23:00:09.682","d9b68711-967a-4dcb-928b-dc5fd81e1416","[PREMIUM]","Used",2018,"Honda","Accord","Touring","[PREMIUM]","[PREMIUM]",51668,"Sedan","Champagne Frost Pearl","Seats","Front-wheel Drive",,,"Gasoline",,,"dealership","[PREMIUM]","Madison","WI","[PREMIUM]",,"[]",,,"[PREMIUM]"
"f61d896a-05da-4da5-a27f-de40ac2de2ac","2026-05-22 23:00:09.435","2026-05-25 23:00:18.907","f61d896a-05da-4da5-a27f-de40ac2de2ac","[PREMIUM]","Used",2018,"Chevrolet","Suburban","LT","[PREMIUM]","[PREMIUM]",110005,"SUV","Tungsten Metallic","Jet Black","Four-wheel Drive",,,"Gasoline",,,"dealership","[PREMIUM]","Fredericksburg","VA","[PREMIUM]",,"[]",,,"[PREMIUM]"
"49bde7c7-f3e9-4adc-a346-1af8243b5168","2026-05-22 22:59:59.469","2026-05-22 22:59:59.469","49bde7c7-f3e9-4adc-a346-1af8243b5168","[PREMIUM]","Used",2018,"Honda","Odyssey","EX-L","[PREMIUM]","[PREMIUM]",95340,"Passenger Van","Obsidian Blue Pearl","Gray w/Leather Seat Trim","Front-wheel Drive",,,"Gasoline",,,"dealership","[PREMIUM]","Vallejo","CA","[PREMIUM]",,"[]",,,"[PREMIUM]"
"58777c5d-f5b7-4f8b-be79-074851b0bb94","2026-05-22 22:59:59.270","2026-05-25 23:00:08.542","58777c5d-f5b7-4f8b-be79-074851b0bb94","[PREMIUM]","Used",2018,"Dodge","Durango","R/T","[PREMIUM]","[PREMIUM]",105326,"SUV","DB Black Clearcoat","Red/Black","Rear-wheel Drive",,,"Gasoline",,,"dealership","[PREMIUM]","Pembroke Pines","FL","[PREMIUM]",,"[]",,,"[PREMIUM]"
"88c3ca74-b9c3-456f-8f22-3aa984061276","2026-05-22 22:59:38.866","2026-05-22 22:59:38.866","88c3ca74-b9c3-456f-8f22-3aa984061276","[PREMIUM]","Used",2018,"Ford","F-150","XLT","[PREMIUM]","[PREMIUM]",105934,"Truck","SHADOW BLACK","MED GRAY CLOTH 40CONSOLE40","Four-wheel Drive",,,"Gasoline",,,"dealership","[PREMIUM]","Forest Lake","MN","[PREMIUM]",,"[]",,,"[PREMIUM]"
"28d06aed-d39f-4ee5-a814-2c01bdc8b5c0","2026-05-22 22:59:38.686","2026-05-28 23:00:03.190","28d06aed-d39f-4ee5-a814-2c01bdc8b5c0","[PREMIUM]","Used",2018,"Mercedes-Benz","GLS 450","Base 4MATIC","[PREMIUM]","[PREMIUM]",70612,"SUV","Obsidian Black Metallic","Black","All-wheel Drive",,,"Gasoline",,,"dealership","[PREMIUM]","Brookshire","TX","[PREMIUM]",,"[]",,,"[PREMIUM]"
"c8eaeaea-0b47-4517-a8ed-e24189327112","2026-05-22 22:59:38.625","2026-05-22 22:59:38.625","c8eaeaea-0b47-4517-a8ed-e24189327112","[PREMIUM]","Used",2018,"Chevrolet","Silverado 1500","Custom","[PREMIUM]","[PREMIUM]",108401,"Truck","Black","Gray","Four-wheel Drive",,,"E85 Flex Fuel",,,"dealership","[PREMIUM]","Orlando","FL","[PREMIUM]",,"[]",,,"[PREMIUM]"
"77cecce0-94ca-4837-b228-93de2fdd5e74","2026-05-22 22:59:38.623","2026-05-25 22:59:48.087","77cecce0-94ca-4837-b228-93de2fdd5e74","[PREMIUM]","Used",2018,"RAM","1500","Big Horn","[PREMIUM]","[PREMIUM]",73364,"Truck","Granite Crystal Metallic Clearcoat","Diesel Gray/Black","Four-wheel Drive",,,"Gasoline",,,"dealership","[PREMIUM]","Eastpointe","MI","[PREMIUM]",,"[]",,,"[PREMIUM]"
"c7ac99f2-48dd-4350-b201-8a43b24ae364","2026-05-22 22:59:38.616","2026-05-25 22:59:47.881","c7ac99f2-48dd-4350-b201-8a43b24ae364","[PREMIUM]","Used",2018,"GMC","Terrain","Denali","[PREMIUM]","[PREMIUM]",37227,"SUV","Ebony Twilight Metallic","Jet Black","All-wheel Drive",,,"Gasoline",,,"dealership","[PREMIUM]","Council Bluffs","IA","[PREMIUM]",,"[]",,,"[PREMIUM]"
"74b23a91-5afe-4496-95b6-425871aa06ad","2026-05-22 22:59:38.606","2026-05-22 22:59:38.606","74b23a91-5afe-4496-95b6-425871aa06ad","[PREMIUM]","Used",2018,"Chevrolet","Tahoe","LT","[PREMIUM]","[PREMIUM]",117622,"SUV","Black","Black","Four-wheel Drive",,,"Gasoline",,,"dealership","[PREMIUM]","Saint Peters","MO","[PREMIUM]",,"[]",,,"[PREMIUM]"
"7c2486f8-5df8-4346-980c-24c3eed8191f","2026-05-22 22:59:28.319","2026-05-22 22:59:28.319","7c2486f8-5df8-4346-980c-24c3eed8191f","[PREMIUM]","Used",2018,"Mazda","MX-5 Miata RF","Grand Touring","[PREMIUM]","[PREMIUM]",54591,"Coupe","Soul Red Crystal","Black","Rear-wheel Drive",,,"Gasoline",,,"dealership","[PREMIUM]","West Plains","MO","[PREMIUM]",,"[]",,,"[PREMIUM]"
"57c3a135-2f4b-4d10-b27d-c83ec1eda63e","2026-05-22 22:58:58.041","2026-05-22 22:58:58.041","57c3a135-2f4b-4d10-b27d-c83ec1eda63e","[PREMIUM]","Used",2018,"RAM","1500","Lonestar","[PREMIUM]","[PREMIUM]",99097,"Truck","Red","GRAY","Rear-wheel Drive",,,"Gasoline",,,"dealership","[PREMIUM]","McKinney","TX","[PREMIUM]",,"[]",,,"[PREMIUM]"
"6c347ea1-66b8-4f91-bd14-a2fe741ad8f0","2026-05-22 22:58:57.978","2026-05-28 05:52:46.137","6c347ea1-66b8-4f91-bd14-a2fe741ad8f0","[PREMIUM]","Used",2018,"Toyota","86","GT","[PREMIUM]","[PREMIUM]",62646,"Coupe","Red","BLACK","Rear-wheel Drive",,,"Gasoline",,,"dealership","[PREMIUM]","Tampa","FL","[PREMIUM]",,"[]",,,"[PREMIUM]"
"7b2e1c28-9d45-4048-8fef-d7ec89cb3d11","2026-05-22 22:58:57.908","2026-05-22 22:58:57.908","7b2e1c28-9d45-4048-8fef-d7ec89cb3d11","[PREMIUM]","Used",2018,"Lexus","NX 300",,"[PREMIUM]","[PREMIUM]",71599,"SUV","White","BLACK","Four-wheel Drive",,,"Gasoline",,,"dealership","[PREMIUM]","White Marsh","MD","[PREMIUM]",,"[]",,,"[PREMIUM]"
"f498a5be-203a-4e33-88ce-a45decda3e2d","2026-05-22 22:58:57.896","2026-05-22 22:58:57.896","f498a5be-203a-4e33-88ce-a45decda3e2d","[PREMIUM]","Used",2018,"Toyota","Camry","SE","[PREMIUM]","[PREMIUM]",63356,"Sedan","Blue","BLACK","Rear-wheel Drive",,,"Gasoline",,,"dealership","[PREMIUM]","Green Brook Township","NJ","[PREMIUM]",,"[]",,,"[PREMIUM]"
"02f9fe56-e6d3-44e3-ae6d-6e24d46591b5","2026-05-22 22:58:47.628","2026-05-22 22:58:47.628","02f9fe56-e6d3-44e3-ae6d-6e24d46591b5","[PREMIUM]","Used",2018,"MINI","Countryman","S ALL4","[PREMIUM]","[PREMIUM]",55619,"SUV","Blue","BLACK","Four-wheel Drive",,,"Gasoline",,,"dealership","[PREMIUM]","Westborough","MA","[PREMIUM]",,"[]",,,"[PREMIUM]"
"b3fd438c-4fe5-4d1c-94d8-f2dacc247d1e","2026-05-22 22:58:47.567","2026-05-22 22:58:47.567","b3fd438c-4fe5-4d1c-94d8-f2dacc247d1e","[PREMIUM]","Used",2018,"Chrysler","Pacifica","Limited","[PREMIUM]","[PREMIUM]",71878,"Passenger Van","Blue","BLACK","Rear-wheel Drive",,,"Gasoline",,,"dealership","[PREMIUM]","Springfield","IL","[PREMIUM]",,"[]",,,"[PREMIUM]"
"a5be0fc3-5188-436b-b92e-4410a409ba6b","2026-05-22 22:58:47.506","2026-05-22 22:58:47.506","a5be0fc3-5188-436b-b92e-4410a409ba6b","[PREMIUM]","Used",2018,"BMW","230","XI","[PREMIUM]","[PREMIUM]",38157,"Coupe","Gray","BLACK","Four-wheel Drive",,,"Gasoline",,,"dealership","[PREMIUM]","Kentwood","MI","[PREMIUM]",,"[]",,,"[PREMIUM]"
"10077b4e-a53e-49e8-8c12-46c11a6bf0d0","2026-05-22 22:58:47.496","2026-05-22 22:58:47.496","10077b4e-a53e-49e8-8c12-46c11a6bf0d0","[PREMIUM]","Used",2018,"BMW","X1","SDrive28i","[PREMIUM]","[PREMIUM]",17159,"SUV","Blue","GRAY","Rear-wheel Drive",,,"Gasoline",,,"dealership","[PREMIUM]","Murrieta","CA","[PREMIUM]",,"[]",,,"[PREMIUM]"
"f256a71c-6fd8-4c71-996d-ac465c2aee79","2026-05-22 22:58:47.495","2026-05-22 22:58:47.495","f256a71c-6fd8-4c71-996d-ac465c2aee79","[PREMIUM]","Used",2018,"Toyota","Camry Hybrid","SE","[PREMIUM]","[PREMIUM]",91820,"Sedan","Silver","BLACK","2WD",,,"Hybrid",,,"dealership","[PREMIUM]","Sacramento","CA","[PREMIUM]",,"[]",,,"[PREMIUM]"
"06f4a405-3886-484f-8141-98dd322f7457","2026-05-22 22:58:39.106","2026-05-22 22:58:39.106","06f4a405-3886-484f-8141-98dd322f7457","[PREMIUM]","Used",2018,"Lexus","RX 350","L","[PREMIUM]","[PREMIUM]",121909,"SUV","Silver","BLACK","Four-wheel Drive",,,"Gasoline",,,"dealership","[PREMIUM]","Pleasanton","CA","[PREMIUM]",,"[]",,,"[PREMIUM]"
"0fb13ca2-45bb-4d30-9f2a-d1b94d9e9301","2026-05-22 22:58:38.997","2026-05-22 22:58:38.997","0fb13ca2-45bb-4d30-9f2a-d1b94d9e9301","[PREMIUM]","Used",2018,"Acura","TLX",,"[PREMIUM]","[PREMIUM]",78625,"Sedan","White","BLACK","Four-wheel Drive",,,"Gasoline",,,"dealership","[PREMIUM]","Columbus","OH","[PREMIUM]",,"[]",,,"[PREMIUM]"
"48601a12-9ff2-45c2-944a-ac235d122180","2026-05-22 22:58:28.902","2026-05-25 22:58:37.758","48601a12-9ff2-45c2-944a-ac235d122180","[PREMIUM]","Used",2019,"RAM","1500 Classic","Warlock","[PREMIUM]","[PREMIUM]",84232,"Truck","Granite Crystal Clearcoat Metallic","Diesel Gray / Black","Four-wheel Drive",,,"Gasoline",,,"dealership","[PREMIUM]","Orlando","FL","[PREMIUM]",,"[]",,,"[PREMIUM]"
"a0a8bf8e-65c8-4979-8b62-05ae80f85560","2026-05-22 22:57:58.710","2026-05-22 22:57:58.710","a0a8bf8e-65c8-4979-8b62-05ae80f85560","[PREMIUM]","Used",2019,"RAM","1500 Classic","Express","[PREMIUM]","[PREMIUM]",56097,"Truck","Blue Streak Pearlcoat","Diesel Gray / Black","Rear-wheel Drive",,,"Gasoline",,,"dealership","[PREMIUM]","Surprise","AZ","[PREMIUM]",,"[]",,,"[PREMIUM]"
"a15fd94b-e839-47f7-a437-38a92b3e6678","2026-05-22 22:57:28.518","2026-05-22 22:57:28.518","a15fd94b-e839-47f7-a437-38a92b3e6678","[PREMIUM]","Used",2019,"Cadillac","XT4","Sport","[PREMIUM]","[PREMIUM]",54582,"SUV","Twilight Blue Metallic","Sedona/Jet Black","Front-wheel Drive",,,"Gasoline",,,"dealership","[PREMIUM]","Covina","CA","[PREMIUM]",,"[]",,,"[PREMIUM]"
"c4c282bb-c52c-4338-ab5d-ab01dd2890fa","2026-05-22 22:57:18.716","2026-05-22 22:57:18.716","c4c282bb-c52c-4338-ab5d-ab01dd2890fa","[PREMIUM]","Used",2019,"Toyota","Highlander Hybrid","Platinum","[PREMIUM]","[PREMIUM]",139359,"SUV","Blizzard Pearl","Saddle Tan","All-wheel Drive",,,"Hybrid",,,"dealership","[PREMIUM]","Indianapolis","IN","[PREMIUM]",,"[]",,,"[PREMIUM]"
"d75c01ad-7b6b-463c-98c9-b52a863aa1aa","2026-05-22 22:57:18.338","2026-05-22 22:57:18.338","d75c01ad-7b6b-463c-98c9-b52a863aa1aa","[PREMIUM]","Used",2019,"Kia","Optima","S","[PREMIUM]","[PREMIUM]",48641,"Sedan","Ebony Black","Black","Front-wheel Drive",,,"Gasoline",,,"dealership","[PREMIUM]","Richmond","VA","[PREMIUM]",,"[]",,,"[PREMIUM]"
"3464138a-13bd-478e-870f-acd139443ed7","2026-05-22 22:57:18.332","2026-05-22 22:57:18.332","3464138a-13bd-478e-870f-acd139443ed7","[PREMIUM]","Used",2019,"RAM","1500","Big Horn","[PREMIUM]","[PREMIUM]",151717,"Truck","Maximum Steel Metallic Clearcoat","Black","Four-wheel Drive",,,"Gasoline",,,"dealership","[PREMIUM]","Wilmington","NC","[PREMIUM]",,"[]",,,"[PREMIUM]"
"215a630a-2e20-48a1-a4c4-1fb5a1582db6","2026-05-22 22:57:08.194","2026-05-22 22:57:08.194","215a630a-2e20-48a1-a4c4-1fb5a1582db6","[PREMIUM]","Used",2019,"BMW","X3","XDrive30i","[PREMIUM]","[PREMIUM]",55892,"SUV","Black","BLACK","Four-wheel Drive",,,"Gasoline",,,"dealership","[PREMIUM]","Hillside","IL","[PREMIUM]",,"[]",,,"[PREMIUM]"
"8a755d45-2174-43e5-a025-703e12924579","2026-05-22 22:57:08.094","2026-05-22 22:57:08.094","8a755d45-2174-43e5-a025-703e12924579","[PREMIUM]","Used",2019,"BMW","X1","XDrive28i","[PREMIUM]","[PREMIUM]",46462,"SUV","White","BLACK","Four-wheel Drive",,,"Gasoline",,,"dealership","[PREMIUM]","Woodbridge","VA","[PREMIUM]",,"[]",,,"[PREMIUM]"
"4ff0b260-0c8f-4699-85f9-da1c5f11e7b8","2026-05-22 22:57:08.080","2026-05-22 22:57:08.080","4ff0b260-0c8f-4699-85f9-da1c5f11e7b8","[PREMIUM]","Used",2019,"Subaru","WRX STI","Base","[PREMIUM]","[PREMIUM]",94585,"Sedan","WR Blue Pearl","Black/Carbon Black","All-wheel Drive",,,"Gasoline",,,"dealership","[PREMIUM]","Jefferson City","TN","[PREMIUM]",,"[]",,,"[PREMIUM]"
"9107b2bb-2b88-429a-9380-ce369605bf08","2026-05-22 22:57:08.070","2026-05-22 22:57:08.070","9107b2bb-2b88-429a-9380-ce369605bf08","[PREMIUM]","Used",2019,"Volkswagen","Atlas","SE w/Tech","[PREMIUM]","[PREMIUM]",56275,"SUV","Gray","BLACK","Rear-wheel Drive",,,"Gasoline",,,"dealership","[PREMIUM]","Raleigh","NC","[PREMIUM]",,"[]",,,"[PREMIUM]"
"818b0207-6ff7-4d77-8dfe-bd74717c4200","2026-05-22 22:56:58.135","2026-05-22 22:56:58.135","818b0207-6ff7-4d77-8dfe-bd74717c4200","[PREMIUM]","Used",2019,"Honda","Ridgeline","RTL-T","[PREMIUM]","[PREMIUM]",85672,"Truck","Silver","GRAY","Rear-wheel Drive",,,"Gasoline",,,"dealership","[PREMIUM]","Glen Allen","VA","[PREMIUM]",,"[]",,,"[PREMIUM]"
"7aa79af4-51fe-4805-b390-495a3bf7c194","2026-05-22 22:56:57.825","2026-05-22 22:56:57.825","7aa79af4-51fe-4805-b390-495a3bf7c194","[PREMIUM]","Used",2019,"Volkswagen","Atlas","SEL","[PREMIUM]","[PREMIUM]",81514,"SUV","Black","TAN","Four-wheel Drive",,,"Gasoline",,,"dealership","[PREMIUM]","Milwaukee","WI","[PREMIUM]",,"[]",,,"[PREMIUM]"
"35b55cb7-126d-40b2-8f7d-fe2093fbf778","2026-05-22 22:55:07.216","2026-05-22 22:55:07.216","35b55cb7-126d-40b2-8f7d-fe2093fbf778","[PREMIUM]","Used",2019,"Honda","HR-V","EX","[PREMIUM]","[PREMIUM]",68170,"SUV","White","BLACK","Rear-wheel Drive",,,"Gasoline",,,"dealership","[PREMIUM]","Austin","TX","[PREMIUM]",,"[]",,,"[PREMIUM]"
"fc9bd744-770f-41fa-838b-ba4924ad916d","2026-05-22 22:55:07.121","2026-05-25 22:55:17.848","fc9bd744-770f-41fa-838b-ba4924ad916d","[PREMIUM]","Used",2019,"Nissan","Rogue","SV","[PREMIUM]","[PREMIUM]",54724,"SUV","Black","BLACK","Four-wheel Drive",,,"Gasoline",,,"dealership","[PREMIUM]","Merriam","KS","[PREMIUM]",,"[]",,,"[PREMIUM]"
"f56cb141-8aa3-4a13-bc6c-b3d0dc08557f","2026-05-22 22:55:07.113","2026-05-22 22:55:07.113","f56cb141-8aa3-4a13-bc6c-b3d0dc08557f","[PREMIUM]","Used",2019,"Mercedes-Benz","A-Class",,"[PREMIUM]","[PREMIUM]",47477,"Sedan","Black","BLACK","Four-wheel Drive",,,"Gasoline",,,"dealership","[PREMIUM]","Charleston","SC","[PREMIUM]",,"[]",,,"[PREMIUM]"
"a40a6176-0cb1-4b01-917b-20f481803c84","2026-05-22 22:55:07.110","2026-05-22 22:55:07.110","a40a6176-0cb1-4b01-917b-20f481803c84","[PREMIUM]","Used",2019,"Honda","Ridgeline","RTL-T","[PREMIUM]","[PREMIUM]",57776,"Truck","White","BLACK","Rear-wheel Drive",,,"Gasoline",,,"dealership","[PREMIUM]","Roseville","CA","[PREMIUM]",,"[]",,,"[PREMIUM]"
"940e805d-ac29-476f-9717-befdfbe2555e","2026-05-22 22:54:26.924","2026-05-22 22:54:26.924","940e805d-ac29-476f-9717-befdfbe2555e","[PREMIUM]","Used",2019,"Honda","CR-V","Touring","[PREMIUM]","[PREMIUM]",64722,"SUV","White","BLACK","Four-wheel Drive",,,"Gasoline",,,"dealership","[PREMIUM]","Houston","TX","[PREMIUM]",,"[]",,,"[PREMIUM]"
"f0735517-93c5-4697-a043-ba3f7dddcc91","2026-05-22 22:51:06.770","2026-05-22 22:51:06.770","f0735517-93c5-4697-a043-ba3f7dddcc91","[PREMIUM]","Used",2020,"Toyota","RAV4","LE","[PREMIUM]","[PREMIUM]",49972,"SUV","Magnetic Gray Metallic","Black","Front-wheel Drive",,,"Gasoline",,,"dealership","[PREMIUM]","Martinsburg","WV","[PREMIUM]",,"[]",,,"[PREMIUM]"
"f44a4152-7fb5-4257-b8a7-fc2957190e98","2026-05-22 22:51:06.305","2026-05-28 22:51:35.085","f44a4152-7fb5-4257-b8a7-fc2957190e98","[PREMIUM]","Used",2020,"Mazda","CX-9","Signature","[PREMIUM]","[PREMIUM]",104986,"SUV","Snowflake White Pearl Mica","Dark Chestnut","All-wheel Drive",,,"Gasoline",,,"dealership","[PREMIUM]","High Point","NC","[PREMIUM]",,"[]",,,"[PREMIUM]"
"c8fcfd22-913a-4565-9971-73af9e75e670","2026-05-22 22:50:56.680","2026-05-22 22:50:56.680","c8fcfd22-913a-4565-9971-73af9e75e670","[PREMIUM]","Used",2020,"Jeep","Wrangler Unlimited","Sport","[PREMIUM]","[PREMIUM]",103878,"SUV","Billet Silver Metallic Clearcoat","Black","Four-wheel Drive",,,"Gasoline",,,"dealership","[PREMIUM]","Midlothian","VA","[PREMIUM]",,"[]",,,"[PREMIUM]"
"872775cf-e6f2-4341-bd95-105c23dc2827","2026-05-22 22:50:36.029","2026-05-22 22:50:36.029","872775cf-e6f2-4341-bd95-105c23dc2827","[PREMIUM]","Used",2020,"Cadillac","XT4","Premium Luxury","[PREMIUM]","[PREMIUM]",72848,"SUV","Red Horizon Tintcoat","Jet Black","Front-wheel Drive",,,"Gasoline",,,"dealership","[PREMIUM]","Tampa","FL","[PREMIUM]",,"[]",,,"[PREMIUM]"
"cc6a3767-b6c5-4d7d-8e1a-096928393581","2026-05-22 22:50:36.019","2026-05-25 22:50:46.137","cc6a3767-b6c5-4d7d-8e1a-096928393581","[PREMIUM]","Used",2020,"Nissan","Rogue","SL","[PREMIUM]","[PREMIUM]",31035,"SUV","White","Charcoal","All-wheel Drive",,,"Gasoline",,,"dealership","[PREMIUM]","Orlando","FL","[PREMIUM]",,"[]",,,"[PREMIUM]"
"e5f99f92-6259-44c0-8154-5de19dd31c78","2026-05-22 22:50:36.003","2026-05-22 22:50:36.003","e5f99f92-6259-44c0-8154-5de19dd31c78","[PREMIUM]","Used",2020,"Nissan","Murano","Platinum","[PREMIUM]","[PREMIUM]",87244,"SUV","Pearl White Tricoat","Cashmere","Front-wheel Drive",,,"Gasoline",,,"dealership","[PREMIUM]","Springdale","AR","[PREMIUM]",,"[]",,,"[PREMIUM]"
"5913bbec-5249-4098-a673-21948846fa4e","2026-05-22 22:50:35.989","2026-05-25 22:50:56.203","5913bbec-5249-4098-a673-21948846fa4e","[PREMIUM]","Used",2020,"Cadillac","CT5","Luxury RWD","[PREMIUM]","[PREMIUM]",91041,"Sedan","Dark Moon Metallic","Shara Beige","Rear-wheel Drive",,,"Gasoline",,,"dealership","[PREMIUM]","Chamblee","GA","[PREMIUM]",,"[]",,,"[PREMIUM]"
"62169e9f-36b3-4e68-b090-28a40a3d0fd6","2026-05-22 22:50:35.988","2026-05-22 22:50:35.988","62169e9f-36b3-4e68-b090-28a40a3d0fd6","[PREMIUM]","Used",2020,"Ford","Expedition","XLT","[PREMIUM]","[PREMIUM]",109610,"SUV","Agate Black","Ebony","Rear-wheel Drive",,,"Gasoline",,,"dealership","[PREMIUM]","Pittsburg","TX","[PREMIUM]",,"[]",,,"[PREMIUM]"
"7fcfca96-50b5-4efc-bd5c-05aeb90b47c8","2026-05-22 22:50:35.986","2026-05-22 22:50:35.986","7fcfca96-50b5-4efc-bd5c-05aeb90b47c8","[PREMIUM]","Used",2020,"Dodge","Durango","GT RWD","[PREMIUM]","[PREMIUM]",94250,"SUV","Vice White","Black","Rear-wheel Drive",,,"Gasoline",,,"dealership","[PREMIUM]","Rockwall","TX","[PREMIUM]",,"[]",,,"[PREMIUM]"
"8230fc74-b196-4f32-8398-bffc20144f2b","2026-05-22 22:50:35.975","2026-05-22 22:50:35.975","8230fc74-b196-4f32-8398-bffc20144f2b","[PREMIUM]","Used",2020,"RAM","1500","Big Horn/Lone Star","[PREMIUM]","[PREMIUM]",69762,"Truck","Granite Crystal Metallic Clearcoat","Diesel Gray/Black","Four-wheel Drive",,,"Gasoline",,,"dealership","[PREMIUM]","Oakfield","NY","[PREMIUM]",,"[]",,,"[PREMIUM]"
"ae7c12ed-8db9-4040-a9cb-ca4ad9ad043c","2026-05-22 22:50:15.376","2026-05-22 22:50:15.376","ae7c12ed-8db9-4040-a9cb-ca4ad9ad043c","[PREMIUM]","Used",2020,"Jeep","Wrangler Unlimited","Willys 4x4","[PREMIUM]","[PREMIUM]",96848,"SUV","Billet Silver Metallic Clearcoat","Black","Four-wheel Drive",,,"Gasoline",,,"dealership","[PREMIUM]","Paducah","KY","[PREMIUM]",,"[]",,,"[PREMIUM]"
"0d4fc232-c055-4ac8-bfba-fe07cc5613b6","2026-05-22 22:50:15.344","2026-05-22 22:50:15.344","0d4fc232-c055-4ac8-bfba-fe07cc5613b6","[PREMIUM]","Used",2020,"Toyota","Tacoma","TRD Sport","[PREMIUM]","[PREMIUM]",165976,"Truck","Super White","Cement","Rear-wheel Drive",,,"Gasoline",,,"dealership","[PREMIUM]","Macon","GA","[PREMIUM]",,"[]",,,"[PREMIUM]"
"c895a8a0-9df7-40dc-ad4c-88ed7dc0b5e5","2026-05-22 22:50:04.817","2026-05-28 22:50:21.197","c895a8a0-9df7-40dc-ad4c-88ed7dc0b5e5","[PREMIUM]","Used",2020,"Ford","Explorer","Limited","[PREMIUM]","[PREMIUM]",84132,"SUV","Rapid Red Metallic Tinted Clearcoat","Ebony","Rear-wheel Drive",,,"Gasoline",,,"dealership","[PREMIUM]","Tucson","AZ","[PREMIUM]",,"[]",,,"[PREMIUM]"
"e292804c-ddfd-4cf5-92c0-ac280da11a14","2026-05-22 22:50:04.728","2026-05-25 22:50:25.535","e292804c-ddfd-4cf5-92c0-ac280da11a14","[PREMIUM]","Used",2020,"Hyundai","PALISADE","Limited","[PREMIUM]","[PREMIUM]",97545,"SUV","Lagoon Silver","Black","All Wheel Drive",,,"Gasoline",,,"dealership","[PREMIUM]","Columbus","OH","[PREMIUM]",,"[]",,,"[PREMIUM]"
"7fc3c660-d457-4f40-a899-3881d7e0e3ed","2026-05-22 22:50:04.716","2026-05-22 22:50:04.716","7fc3c660-d457-4f40-a899-3881d7e0e3ed","[PREMIUM]","Used",2020,"Toyota","Camry","LE","[PREMIUM]","[PREMIUM]",13341,"Sedan","Super White","Ash","Front-wheel Drive",,,"Gasoline",,,"dealership","[PREMIUM]","Grapevine","TX","[PREMIUM]",,"[]",,,"[PREMIUM]"
"f78dde84-16d0-4e37-995c-925e601c12c4","2026-05-22 22:50:04.712","2026-05-22 22:50:04.712","f78dde84-16d0-4e37-995c-925e601c12c4","[PREMIUM]","Used",2020,"Honda","CR-V","AWD EX-L","[PREMIUM]","[PREMIUM]",69218,"SUV","Crystal Black Pearl","Black","All-wheel Drive",,,"Gasoline",,,"dealership","[PREMIUM]","Lutherville-Timonium","MD","[PREMIUM]",,"[]",,,"[PREMIUM]"
"885f5754-45a0-4208-9f63-7891503e5a7e","2026-05-22 22:50:04.705","2026-05-22 22:50:04.705","885f5754-45a0-4208-9f63-7891503e5a7e","[PREMIUM]","Used",2020,"Tesla","Model Y","Long Range Dual Motor All-Wheel Drive","[PREMIUM]","[PREMIUM]",101061,"SUV","Gray","Gray","All-wheel Drive",,,"Electric",,,"dealership","[PREMIUM]","Rosedale","MD","[PREMIUM]",,"[]",,,"[PREMIUM]"
"36ad165e-cb17-4348-84ca-1d65b192fb72","2026-05-22 22:50:04.704","2026-05-25 22:50:15.070","36ad165e-cb17-4348-84ca-1d65b192fb72","[PREMIUM]","Used",2020,"Honda","Civic","Sport","[PREMIUM]","[PREMIUM]",70078,"Hatchback","Platinum White Pearl","Black","Front Wheel Drive",,,"Gasoline",,,"dealership","[PREMIUM]","Columbus","OH","[PREMIUM]",,"[]",,,"[PREMIUM]"
"94d6cd2f-c9e8-4ab7-9a6c-3dae05b047a5","2026-05-22 22:50:04.688","2026-05-25 22:50:15.294","94d6cd2f-c9e8-4ab7-9a6c-3dae05b047a5","[PREMIUM]","Used",2020,"Nissan","Altima","SR Intelligent AWD","[PREMIUM]","[PREMIUM]",30462,"Sedan","Gun Metallic","Sport","All-wheel Drive",,,"Gasoline",,,"dealership","[PREMIUM]","Waldorf","MD","[PREMIUM]",,"[]",,,"[PREMIUM]"
"c227bc2f-afaa-4b69-bee4-a6978e0c2b3a","2026-05-22 22:50:04.688","2026-05-25 22:50:15.110","c227bc2f-afaa-4b69-bee4-a6978e0c2b3a","[PREMIUM]","Used",2020,"RAM","1500","Laramie","[PREMIUM]","[PREMIUM]",103931,"Truck","Blue","Black","Four-wheel Drive",,,"Gasoline",,,"dealership","[PREMIUM]","Loganville","GA","[PREMIUM]",,"[]",,,"[PREMIUM]"
"dda3d804-abcf-45e7-9acb-42f06e2e5661","2026-05-22 22:49:54.340","2026-05-22 22:49:54.340","dda3d804-abcf-45e7-9acb-42f06e2e5661","[PREMIUM]","Used",2020,"Cadillac","XT4","Sport","[PREMIUM]","[PREMIUM]",28753,"SUV","Stellar Black Metallic","Jet Black w/Cinnamon Accents","Front-wheel Drive",,,"Gasoline",,,"dealership","[PREMIUM]","Bloomington","IL","[PREMIUM]",,"[]",,,"[PREMIUM]"
"66fc0149-9405-411c-9ac9-6ac2b559b710","2026-05-22 22:49:34.569","2026-05-25 22:49:44.423","66fc0149-9405-411c-9ac9-6ac2b559b710","[PREMIUM]","Used",2020,"Honda","HR-V","EX","[PREMIUM]","[PREMIUM]",9744,"SUV","Gray","BLACK","Rear-wheel Drive",,,"Gasoline",,,"dealership","[PREMIUM]","Oceanside","CA","[PREMIUM]",,"[]",,,"[PREMIUM]"
"a1f00983-4c63-4dab-aac6-0e1775fc2f63","2026-05-22 22:49:34.136","2026-05-22 22:49:34.136","a1f00983-4c63-4dab-aac6-0e1775fc2f63","[PREMIUM]","Used",2020,"Honda","Civic","EX","[PREMIUM]","[PREMIUM]",76713,"Hatchback","White","Black","Front-wheel Drive",,,"Gasoline",,,"dealership","[PREMIUM]","Pinellas Park","FL","[PREMIUM]",,"[]",,,"[PREMIUM]"
"384b6e45-b70d-4767-9fd9-732d2d169566","2026-05-22 22:49:34.127","2026-05-22 22:49:34.127","384b6e45-b70d-4767-9fd9-732d2d169566","[PREMIUM]","Used",2020,"BMW","X1","SDrive28i","[PREMIUM]","[PREMIUM]",39553,"SUV","Gray","BLACK","Rear-wheel Drive",,,"Gasoline",,,"dealership","[PREMIUM]","Palmdale","CA","[PREMIUM]",,"[]",,,"[PREMIUM]"
"54682f41-6439-438d-9fef-c28e9f6884ba","2026-05-22 22:49:34.109","2026-05-25 22:49:44.625","54682f41-6439-438d-9fef-c28e9f6884ba","[PREMIUM]","Used",2020,"Hyundai","PALISADE","Limited","[PREMIUM]","[PREMIUM]",104730,"SUV","Steel / Graphite","Black","Front-wheel Drive",,,"Gasoline",,,"dealership","[PREMIUM]","Brookshire","TX","[PREMIUM]",,"[]",,,"[PREMIUM]"
"ec7bfae0-31a7-48c2-b99e-d119e91c1153","2026-05-22 22:49:23.700","2026-05-22 22:49:23.700","ec7bfae0-31a7-48c2-b99e-d119e91c1153","[PREMIUM]","Used",2020,"Hyundai","SANTA FE","Limited","[PREMIUM]","[PREMIUM]",46302,"SUV","Blue","GRAY","Four-wheel Drive",,,"Gasoline",,,"dealership","[PREMIUM]","South Portland","ME","[PREMIUM]",,"[]",,,"[PREMIUM]"
"cd557f31-b756-4bdc-be9d-38354e317a5f","2026-05-22 22:49:03.394","2026-05-22 22:49:03.394","cd557f31-b756-4bdc-be9d-38354e317a5f","[PREMIUM]","Used",2020,"Toyota","Highlander","XLE","[PREMIUM]","[PREMIUM]",81551,"SUV","Red","TAN","Rear-wheel Drive",,,"Gasoline",,,"dealership","[PREMIUM]","Tampa","FL","[PREMIUM]",,"[]",,,"[PREMIUM]"
"2d7d4792-2195-4ff1-8779-af515b7bf591","2026-05-22 22:48:53.557","2026-05-22 22:48:53.557","2d7d4792-2195-4ff1-8779-af515b7bf591","[PREMIUM]","Used",2020,"Toyota","RAV4","LE","[PREMIUM]","[PREMIUM]",40262,"SUV","Silver","BLACK","Rear-wheel Drive",,,"Gasoline",,,"dealership","[PREMIUM]","Royal Palm Beach","FL","[PREMIUM]",,"[]",,,"[PREMIUM]"
"250d427e-01d9-4043-9cf6-8b38d7e9f0ea","2026-05-22 22:48:53.531","2026-05-22 22:48:53.531","250d427e-01d9-4043-9cf6-8b38d7e9f0ea","[PREMIUM]","Used",2020,"Nissan","Altima","SL","[PREMIUM]","[PREMIUM]",39835,"Sedan","White","GRAY","Rear-wheel Drive",,,"Gasoline",,,"dealership","[PREMIUM]","Houston","TX","[PREMIUM]",,"[]",,,"[PREMIUM]"
"e1a9df98-0864-413d-b288-6a30d12b9784","2026-05-22 22:48:53.140","2026-05-22 22:48:53.140","e1a9df98-0864-413d-b288-6a30d12b9784","[PREMIUM]","Used",2020,"Toyota","Corolla","XLE","[PREMIUM]","[PREMIUM]",30747,"Sedan","Silver","BLACK","Rear-wheel Drive",,,"Gasoline",,,"dealership","[PREMIUM]","Schaumburg","IL","[PREMIUM]",,"[]",,,"[PREMIUM]"
"039f1800-26c2-4720-a8d5-bb7ac3636ec6","2026-05-22 22:48:53.080","2026-05-22 22:48:53.080","039f1800-26c2-4720-a8d5-bb7ac3636ec6","[PREMIUM]","Used",2020,"Subaru","Outback","Premium","[PREMIUM]","[PREMIUM]",48144,"Wagon","Green","BLACK","Four-wheel Drive",,,"Gasoline",,,"dealership","[PREMIUM]","Virginia Beach","VA","[PREMIUM]",,"[]",,,"[PREMIUM]"
"679c5080-8f2e-4903-869c-1e7a516c46cd","2026-05-22 22:48:53.079","2026-05-22 22:48:53.079","679c5080-8f2e-4903-869c-1e7a516c46cd","[PREMIUM]","Used",2020,"Lincoln","Corsair","Standard","[PREMIUM]","[PREMIUM]",30559,"SUV","Blue","TAN","Rear-wheel Drive",,,"Gasoline",,,"dealership","[PREMIUM]","Kenosha","WI","[PREMIUM]",,"[]",,,"[PREMIUM]"
"786f70e6-b094-4740-9ad1-80a4ded341c5","2026-05-22 22:48:53.077","2026-05-22 22:48:53.077","786f70e6-b094-4740-9ad1-80a4ded341c5","[PREMIUM]","Used",2020,"Honda","Accord","Sport","[PREMIUM]","[PREMIUM]",64742,"Sedan","White","BLACK","2WD",,,"Gas",,,"dealership","[PREMIUM]","Ontario","CA","[PREMIUM]",,"[]",,,"[PREMIUM]"
"18210fac-5a2f-4510-9b5a-df6e5254193e","2026-05-22 22:48:53.066","2026-05-22 22:48:53.066","18210fac-5a2f-4510-9b5a-df6e5254193e","[PREMIUM]","Used",2020,"BMW","530","I","[PREMIUM]","[PREMIUM]",51661,"Sedan","Black","CREAM","Rear-wheel Drive",,,"Gasoline",,,"dealership","[PREMIUM]","Houston","TX","[PREMIUM]",,"[]",,,"[PREMIUM]"
"7551710e-6edd-447b-87c0-08cc760c89a1","2026-05-22 22:48:53.065","2026-05-22 22:48:53.065","7551710e-6edd-447b-87c0-08cc760c89a1","[PREMIUM]","Used",2020,"Jeep","Grand Cherokee","Altitude","[PREMIUM]","[PREMIUM]",92671,"SUV","Black","BLACK","Four-wheel Drive",,,"Gasoline",,,"dealership","[PREMIUM]","Royal Palm Beach","FL","[PREMIUM]",,"[]",,,"[PREMIUM]"
"2f7af4b7-fde6-4b1b-8779-2442b1f96739","2026-05-22 22:48:42.723","2026-05-22 22:48:42.723","2f7af4b7-fde6-4b1b-8779-2442b1f96739","[PREMIUM]","Used",2020,"Audi","Q5","Premium Plus","[PREMIUM]","[PREMIUM]",48263,"SUV","Black","BLACK","Four-wheel Drive",,,"Gasoline",,,"dealership","[PREMIUM]","Fredericksburg","VA","[PREMIUM]",,"[]",,,"[PREMIUM]"
"382b98c7-3a9a-48b4-9ae4-bf12ef6fff2c","2026-05-22 22:48:22.629","2026-05-22 22:48:22.629","382b98c7-3a9a-48b4-9ae4-bf12ef6fff2c","[PREMIUM]","Used",2021,"Hyundai","TUCSON","Limited","[PREMIUM]","[PREMIUM]",47495,"SUV","Black Noir Pearl","Black","All-wheel Drive",,,"Gasoline",,,"dealership","[PREMIUM]","Laconia","NH","[PREMIUM]",,"[]",,,"[PREMIUM]"
"76194cb4-18f6-4a87-b055-4ddb05d24403","2026-05-22 22:48:22.253","2026-05-25 22:48:34.509","76194cb4-18f6-4a87-b055-4ddb05d24403","[PREMIUM]","Used",2021,"Volkswagen","Tiguan","2.0T SE","[PREMIUM]","[PREMIUM]",37961,"SUV","Deep Black Pearl","Titan Black","Front-wheel Drive",,,"Gasoline",,,"dealership","[PREMIUM]","Fallston","MD","[PREMIUM]",,"[]",,,"[PREMIUM]"
"c1a9d88a-a6a8-4ffb-a8a9-d1b1d933b263","2026-05-22 22:47:41.883","2026-05-22 22:47:41.883","c1a9d88a-a6a8-4ffb-a8a9-d1b1d933b263","[PREMIUM]","Used",2021,"Toyota","Corolla","SE","[PREMIUM]","[PREMIUM]",67477,"Sedan","Super White","Black","Front-wheel Drive",,,"Gasoline",,,"dealership","[PREMIUM]","Melbourne","FL","[PREMIUM]",,"[]",,,"[PREMIUM]"
"dd878141-b5a5-4134-ac09-0046c6cca526","2026-05-22 22:47:12.114","2026-05-25 22:47:32.479","dd878141-b5a5-4134-ac09-0046c6cca526","[PREMIUM]","Used",2021,"Kia","Telluride","SX","[PREMIUM]","[PREMIUM]",88958,"SUV","Dark Moss","Black","All-wheel Drive",,,"Gasoline",,,"dealership","[PREMIUM]","Arlington","TX","[PREMIUM]",,"[]",,,"[PREMIUM]"
"7df86e98-c226-415a-9a85-cbfd2ebfadf4","2026-05-22 22:47:11.705","2026-05-22 22:47:11.705","7df86e98-c226-415a-9a85-cbfd2ebfadf4","[PREMIUM]","Used",2021,"Ford","Escape PHEV","Titanium","[PREMIUM]","[PREMIUM]",49335,"SUV","White Metallic","Ebony","Front-wheel Drive",,,"Hybrid",,,"dealership","[PREMIUM]","El Paso","IL","[PREMIUM]",,"[]",,,"[PREMIUM]"
"ef2afa9b-0255-4f21-80a4-acfbd17aa8d2","2026-05-22 22:46:51.523","2026-05-22 22:46:51.523","ef2afa9b-0255-4f21-80a4-acfbd17aa8d2","[PREMIUM]","Used",2021,"GMC","Acadia","AWD SLE","[PREMIUM]","[PREMIUM]",79282,"SUV","Ebony Twilight Metallic","Jet Black","All-wheel Drive",,,"Gasoline",,,"dealership","[PREMIUM]","Lake Katrine","NY","[PREMIUM]",,"[]",,,"[PREMIUM]"
"3d6c667a-49b3-40f1-96c4-6af98e3bf04a","2026-05-22 22:46:31.240","2026-05-22 22:46:31.240","3d6c667a-49b3-40f1-96c4-6af98e3bf04a","[PREMIUM]","Used",2021,"Dodge","Challenger","GT","[PREMIUM]","[PREMIUM]",58862,"Coupe","Black","BLACK","Rear-wheel Drive",,,"Gasoline",,,"dealership","[PREMIUM]","El Paso","TX","[PREMIUM]",,"[]",,,"[PREMIUM]"
"e99ba909-994c-45a7-a1fc-d84a8221b68c","2026-05-22 22:46:11.013","2026-05-22 22:46:11.013","e99ba909-994c-45a7-a1fc-d84a8221b68c","[PREMIUM]","Used",2021,"RAM","ProMaster 3500","High Roof","[PREMIUM]","[PREMIUM]",88000,"Cargo Van","Bright White Clearcoat","Black","Front-wheel Drive",,,"Gasoline",,,"dealership","[PREMIUM]","Summerville","SC","[PREMIUM]",,"[]",,,"[PREMIUM]"
"7ab01ced-878b-4409-b018-da36d7d42455","2026-05-22 22:45:40.789","2026-05-22 22:45:40.789","7ab01ced-878b-4409-b018-da36d7d42455","[PREMIUM]","Used",2021,"Kia","Sorento","SX","[PREMIUM]","[PREMIUM]",76691,"SUV","Gravity Grey","Black","Front-wheel Drive",,,"Gasoline",,,"dealership","[PREMIUM]","Cape Coral","FL","[PREMIUM]",,"[]",,,"[PREMIUM]"
"b55756dc-3a46-4853-a2ac-8f1667fbbdc7","2026-05-22 22:45:40.758","2026-05-22 22:45:40.758","b55756dc-3a46-4853-a2ac-8f1667fbbdc7","[PREMIUM]","Used",2021,"Audi","A4","40 Premium Plus","[PREMIUM]","[PREMIUM]",55674,"Sedan","Ibis White","Okapi Brown","All-wheel Drive",,,"Gasoline",,,"dealership","[PREMIUM]","Houston","TX","[PREMIUM]",,"[]",,,"[PREMIUM]"
"73d63471-ba60-4894-8b54-ac636172b814","2026-05-22 22:45:00.461","2026-05-25 22:45:11.373","73d63471-ba60-4894-8b54-ac636172b814","[PREMIUM]","Used",2021,"Ford","Explorer","XLT","[PREMIUM]","[PREMIUM]",91062,"SUV","RAPID RED MET TINTED CC","SANDSTONE ACTIVEX SEAT MTRL","Rear-wheel Drive",,,"Gasoline",,,"dealership","[PREMIUM]","North Little Rock","AR","[PREMIUM]",,"[]",,,"[PREMIUM]"
"1d1fb7e6-5965-4cd1-b4d3-6e152b392c84","2026-05-22 22:45:00.327","2026-05-22 22:45:00.327","1d1fb7e6-5965-4cd1-b4d3-6e152b392c84","[PREMIUM]","Used",2021,"Honda","CR-V","Touring","[PREMIUM]","[PREMIUM]",73028,"SUV","Modern Steel Metallic","Black","All-wheel Drive",,,"Gasoline",,,"dealership","[PREMIUM]","Columbus","OH","[PREMIUM]",,"[]",,,"[PREMIUM]"
"aa4913a2-5580-4e01-a57f-5ee1cccf81df","2026-05-22 22:44:49.968","2026-05-22 22:44:49.968","aa4913a2-5580-4e01-a57f-5ee1cccf81df","[PREMIUM]","Used",2021,"Subaru","Forester","Touring","[PREMIUM]","[PREMIUM]",60261,"SUV","Crimson Red Pearl","Black","All-wheel Drive",,,"Gasoline",,,"dealership","[PREMIUM]","Naples","FL","[PREMIUM]",,"[]",,,"[PREMIUM]"
"83e2dac1-0879-438b-87d4-eb19f175a353","2026-05-22 22:44:49.959","2026-05-22 22:44:49.959","83e2dac1-0879-438b-87d4-eb19f175a353","[PREMIUM]","Used",2021,"Honda","Accord","LX 1.5T","[PREMIUM]","[PREMIUM]",52969,"Sedan","White","Black","Front-wheel Drive",,,"Gasoline",,,"dealership","[PREMIUM]","Pinellas Park","FL","[PREMIUM]",,"[]",,,"[PREMIUM]"
"c49451f1-c0c3-48bb-b2b9-ba1b246fcb2e","2026-05-22 22:44:49.959","2026-05-25 22:45:01.895","c49451f1-c0c3-48bb-b2b9-ba1b246fcb2e","[PREMIUM]","Used",2021,"Nissan","Rogue","SL","[PREMIUM]","[PREMIUM]",35765,"SUV","Boulder Gray Pearl","Charcoal","All-wheel Drive",,,"Gasoline",,,"dealership","[PREMIUM]","Duncansville","PA","[PREMIUM]",,"[]",,,"[PREMIUM]"
"a8f4fd07-b7ce-495c-95fd-d4438d68fbd0","2026-05-22 22:44:49.946","2026-05-22 22:44:49.946","a8f4fd07-b7ce-495c-95fd-d4438d68fbd0","[PREMIUM]","Used",2021,"Toyota","Camry","SE Night Shade","[PREMIUM]","[PREMIUM]",59369,"Sedan","Silver","BLACK","Rear-wheel Drive",,,"Gasoline",,,"dealership","[PREMIUM]","Clearwater","FL","[PREMIUM]",,"[]",,,"[PREMIUM]"
"9986ff25-f106-4b54-81e1-44b96cee107c","2026-05-22 22:44:49.928","2026-05-22 22:44:49.928","9986ff25-f106-4b54-81e1-44b96cee107c","[PREMIUM]","Used",2021,"Cadillac","CT4","Premium Luxury","[PREMIUM]","[PREMIUM]",31239,"Sedan","Shadow Metallic","Cinnamon w/Jet Black Accents","Rear-wheel Drive",,,"Gasoline",,,"dealership","[PREMIUM]","Sewickley","PA","[PREMIUM]",,"[]",,,"[PREMIUM]"
"a40960a6-1e2e-4808-82ce-671b9cacbbb8","2026-05-22 22:44:39.607","2026-05-22 22:44:39.607","a40960a6-1e2e-4808-82ce-671b9cacbbb8","[PREMIUM]","Used",2021,"Volvo","XC40","T5 R-Design","[PREMIUM]","[PREMIUM]",51358,"SUV","White","BLACK","Four-wheel Drive",,,"Gasoline",,,"dealership","[PREMIUM]","Raleigh","NC","[PREMIUM]",,"[]",,,"[PREMIUM]"
"edde3405-6633-41b9-82da-36edc83c0ac6","2026-05-22 22:44:39.596","2026-05-22 22:44:39.596","edde3405-6633-41b9-82da-36edc83c0ac6","[PREMIUM]","Used",2021,"Honda","Civic","EX","[PREMIUM]","[PREMIUM]",38115,"Hatchback","White","BLACK","Rear-wheel Drive",,,"Gasoline",,,"dealership","[PREMIUM]","Vancouver","WA","[PREMIUM]",,"[]",,,"[PREMIUM]"
"4c8261a0-4d9f-40fa-916b-e3ecd1b64b28","2026-05-22 22:44:39.593","2026-05-22 22:44:39.593","4c8261a0-4d9f-40fa-916b-e3ecd1b64b28","[PREMIUM]","Used",2021,"Hyundai","SANTA FE","SEL","[PREMIUM]","[PREMIUM]",15029,"SUV","Blue","BLACK","Rear-wheel Drive",,,"Gasoline",,,"dealership","[PREMIUM]","Costa Mesa","CA","[PREMIUM]",,"[]",,,"[PREMIUM]"
"fa5a8400-66c0-4bc8-8e94-2a90ba3b18a4","2026-05-22 22:44:39.581","2026-05-22 22:44:39.581","fa5a8400-66c0-4bc8-8e94-2a90ba3b18a4","[PREMIUM]","Used",2021,"Kia","Sedona","EX","[PREMIUM]","[PREMIUM]",71705,"Passenger Van","Silky Silver","Gray","Front-wheel Drive",,,"Gasoline",,,"dealership","[PREMIUM]","Olympia","WA","[PREMIUM]",,"[]",,,"[PREMIUM]"
"3429d3e9-183b-4cc6-ba6e-bc2daf96bce1","2026-05-22 22:44:29.683","2026-05-22 22:44:29.683","3429d3e9-183b-4cc6-ba6e-bc2daf96bce1","[PREMIUM]","Used",2021,"Volkswagen","Tiguan","SEL","[PREMIUM]","[PREMIUM]",50502,"SUV","Gray","BLACK","Four-wheel Drive",,,"Gasoline",,,"dealership","[PREMIUM]","Fort Wayne","IN","[PREMIUM]",,"[]",,,"[PREMIUM]"
"8f92527f-3e80-4340-9657-a2a4e568ab53","2026-05-22 22:44:29.676","2026-05-22 22:44:29.676","8f92527f-3e80-4340-9657-a2a4e568ab53","[PREMIUM]","Used",2021,"Buick","Encore GX","Essence","[PREMIUM]","[PREMIUM]",20039,"SUV","Black","BROWN","Four-wheel Drive",,,"Gasoline",,,"dealership","[PREMIUM]","Omaha","NE","[PREMIUM]",,"[]",,,"[PREMIUM]"
"d3412742-7e95-4272-ac28-ea8a61b76196","2026-05-22 22:44:29.357","2026-05-22 22:44:29.357","d3412742-7e95-4272-ac28-ea8a61b76196","[PREMIUM]","Used",2021,"Chevrolet","Silverado 1500","LT","[PREMIUM]","[PREMIUM]",99153,"Truck","Summit White","Jet Black","Four-wheel Drive",,,"Gasoline",,,"dealership","[PREMIUM]","Brookshire","TX","[PREMIUM]",,"[]",,,"[PREMIUM]"
"b9622b43-70ac-4430-ab28-cd3eee7403ac","2026-05-22 22:44:29.341","2026-05-22 22:44:29.341","b9622b43-70ac-4430-ab28-cd3eee7403ac","[PREMIUM]","Used",2021,"Toyota","C-HR","XLE","[PREMIUM]","[PREMIUM]",21757,"SUV","Gray","BLACK","Rear-wheel Drive",,,"Gasoline",,,"dealership","[PREMIUM]","Chattanooga","TN","[PREMIUM]",,"[]",,,"[PREMIUM]"
"7dc6f2e3-7fa7-42c4-acc8-f8595c992178","2026-05-22 22:44:29.265","2026-05-25 22:44:41.159","7dc6f2e3-7fa7-42c4-acc8-f8595c992178","[PREMIUM]","Used",2021,"Chevrolet","Blazer","RS","[PREMIUM]","[PREMIUM]",60544,"SUV","White","BLACK","Rear-wheel Drive",,,"Gasoline",,,"dealership","[PREMIUM]","St. Louis","MO","[PREMIUM]",,"[]",,,"[PREMIUM]"
"27d9db62-52cf-4251-9f7b-70ba723c65ad","2026-05-22 22:44:29.257","2026-05-22 22:44:29.257","27d9db62-52cf-4251-9f7b-70ba723c65ad","[PREMIUM]","Used",2021,"Volkswagen","Tiguan","SEL","[PREMIUM]","[PREMIUM]",55473,"SUV","Gray","BLACK","Four-wheel Drive",,,"Gasoline",,,"dealership","[PREMIUM]","MERIDIAN","ID","[PREMIUM]",,"[]",,,"[PREMIUM]"
"cc8c968e-9221-4781-beba-81d6927b321a","2026-05-22 22:44:29.252","2026-05-22 22:44:29.252","cc8c968e-9221-4781-beba-81d6927b321a","[PREMIUM]","Used",2021,"Mercedes-Benz","GLC 300",,"[PREMIUM]","[PREMIUM]",58858,"SUV","White","CREAM","Rear-wheel Drive",,,"Gasoline",,,"dealership","[PREMIUM]","Buena Park","CA","[PREMIUM]",,"[]",,,"[PREMIUM]"
"d60911ae-d801-40c8-b9e8-d0cd61288422","2026-05-22 22:44:29.250","2026-05-22 22:44:29.250","d60911ae-d801-40c8-b9e8-d0cd61288422","[PREMIUM]","Used",2021,"Toyota","Corolla","LE","[PREMIUM]","[PREMIUM]",24541,"Sedan","Silver","GRAY","Rear-wheel Drive",,,"Gasoline",,,"dealership","[PREMIUM]","Naperville","IL","[PREMIUM]",,"[]",,,"[PREMIUM]"
"6e5e9e9c-4000-4287-9922-c2b791df9bcc","2026-05-22 22:44:29.237","2026-05-22 22:44:29.237","6e5e9e9c-4000-4287-9922-c2b791df9bcc","[PREMIUM]","Used",2021,"Chevrolet","Colorado","Work Truck","[PREMIUM]","[PREMIUM]",42253,"Truck","White","GRAY","Rear-wheel Drive",,,"Gasoline",,,"dealership","[PREMIUM]","Fort Myers","FL","[PREMIUM]",,"[]",,,"[PREMIUM]"
"a9922fb2-0352-4304-aaca-9519f5ab1c40","2026-05-22 22:44:19.090","2026-05-22 22:44:19.090","a9922fb2-0352-4304-aaca-9519f5ab1c40","[PREMIUM]","Used",2021,"Toyota","Camry","SE","[PREMIUM]","[PREMIUM]",34828,"Sedan","Red","BLACK","4WD",,,"Gas",,,"dealership","[PREMIUM]","Edison","NJ","[PREMIUM]",,"[]",,,"[PREMIUM]"
"7d3de9f6-1147-4e3b-937f-dac1dc1661c6","2026-05-22 22:44:18.785","2026-05-22 22:44:18.785","7d3de9f6-1147-4e3b-937f-dac1dc1661c6","[PREMIUM]","Used",2021,"GMC","Terrain","SLE","[PREMIUM]","[PREMIUM]",68557,"SUV","Gray","BLACK","Four-wheel Drive",,,"Gasoline",,,"dealership","[PREMIUM]","Colorado Springs","CO","[PREMIUM]",,"[]",,,"[PREMIUM]"
"f8167196-2544-482e-9578-41ab41fd4b6e","2026-05-22 22:44:18.767","2026-05-22 22:44:18.767","f8167196-2544-482e-9578-41ab41fd4b6e","[PREMIUM]","Used",2021,"Honda","Civic","Sport","[PREMIUM]","[PREMIUM]",42214,"Sedan","Blue","BLACK","Rear-wheel Drive",,,"Gasoline",,,"dealership","[PREMIUM]","Memphis","TN","[PREMIUM]",,"[]",,,"[PREMIUM]"
"d300e33a-b326-4726-81f7-df2d9a31b984","2026-05-22 22:44:18.691","2026-05-25 22:44:41.162","d300e33a-b326-4726-81f7-df2d9a31b984","[PREMIUM]","Used",2021,"Toyota","Corolla","XSE Apex","[PREMIUM]","[PREMIUM]",28839,"Sedan","Gray","BLACK","Rear-wheel Drive",,,"Gasoline",,,"dealership","[PREMIUM]","Pleasanton","CA","[PREMIUM]",,"[]",,,"[PREMIUM]"
"ceefb920-6bba-4201-95fd-95e4a39685da","2026-05-22 22:44:18.681","2026-05-22 22:44:18.681","ceefb920-6bba-4201-95fd-95e4a39685da","[PREMIUM]","Used",2021,"BMW","X1","SDrive28i","[PREMIUM]","[PREMIUM]",35038,"SUV","Black","BLACK","Rear-wheel Drive",,,"Gasoline",,,"dealership","[PREMIUM]","Burbank","CA","[PREMIUM]",,"[]",,,"[PREMIUM]"
"ae6851cd-d8de-482b-9109-73970e51401d","2026-05-22 22:44:18.677","2026-05-22 22:44:18.677","ae6851cd-d8de-482b-9109-73970e51401d","[PREMIUM]","Used",2021,"Volkswagen","Atlas Cross Sport","SE w/Tech","[PREMIUM]","[PREMIUM]",53852,"SUV","Black","BLACK","Rear-wheel Drive",,,"Gasoline",,,"dealership","[PREMIUM]","Fredericksburg","VA","[PREMIUM]",,"[]",,,"[PREMIUM]"
"5871f13c-f831-4243-9405-2066894edf78","2026-05-22 22:44:18.674","2026-05-22 22:44:18.674","5871f13c-f831-4243-9405-2066894edf78","[PREMIUM]","Used",2021,"Mercedes-Benz","GLC 300",,"[PREMIUM]","[PREMIUM]",62988,"SUV","White","CHAMPAGNE","Four-wheel Drive",,,"Gasoline",,,"dealership","[PREMIUM]","Houston","TX","[PREMIUM]",,"[]",,,"[PREMIUM]"
"eea67efb-a7c4-4958-8857-fd42e0bb4907","2026-05-22 22:44:18.644","2026-05-22 22:44:18.644","eea67efb-a7c4-4958-8857-fd42e0bb4907","[PREMIUM]","Used",2021,"Jaguar","E-PACE","SE","[PREMIUM]","[PREMIUM]",61153,"SUV","White","BROWN","Four-wheel Drive",,,"Gasoline",,,"dealership","[PREMIUM]","Jacksonville","FL","[PREMIUM]",,"[]",,,"[PREMIUM]"
"e1353867-4e30-4bdc-95e0-51d443fa52bb","2026-05-22 22:43:48.172","2026-05-25 22:44:01.146","e1353867-4e30-4bdc-95e0-51d443fa52bb","[PREMIUM]","Used",2022,"Volkswagen","Tiguan","2.0T SE","[PREMIUM]","[PREMIUM]",32789,"SUV","Pure White","Titan Black","Front-wheel Drive",,,"Gasoline",,,"dealership","[PREMIUM]","Dixon","CA","[PREMIUM]",,"[]",,,"[PREMIUM]"
"05c849eb-445c-46bc-854c-2cb3b101d6ee","2026-05-22 22:43:27.954","2026-05-22 22:43:27.954","05c849eb-445c-46bc-854c-2cb3b101d6ee","[PREMIUM]","Used",2022,"Jeep","Renegade","Limited","[PREMIUM]","[PREMIUM]",27384,"SUV","Colorado Red Clearcoat","Black","Four-wheel Drive",,,"Gasoline",,,"dealership","[PREMIUM]","Toms River","NJ","[PREMIUM]",,"[]",,,"[PREMIUM]"
"955406e6-fd11-4c72-84f0-3aa4db79be00","2026-05-22 22:43:27.936","2026-05-22 22:43:27.936","955406e6-fd11-4c72-84f0-3aa4db79be00","[PREMIUM]","Used",2022,"Nissan","Sentra","SV","[PREMIUM]","[PREMIUM]",12105,"Sedan","Super Black","Black","Front-wheel Drive",,,"Gasoline",,,"dealership","[PREMIUM]","Voorhees","NJ","[PREMIUM]",,"[]",,,"[PREMIUM]"
"945ab152-4b10-4ea4-8250-6c1525939884","2026-05-22 22:43:17.826","2026-05-22 22:43:17.826","945ab152-4b10-4ea4-8250-6c1525939884","[PREMIUM]","Used",2022,"Chevrolet","Traverse","LS","[PREMIUM]","[PREMIUM]",80039,"SUV","Mosaic Black Metallic","Jet Black/Chai","All-wheel Drive",,,"Gasoline",,,"dealership","[PREMIUM]","St. Louis","MO","[PREMIUM]",,"[]",,,"[PREMIUM]"
"06968a6c-18ee-48c7-a2ba-6ba846422ac8","2026-05-22 22:43:07.651","2026-05-25 22:43:20.694","06968a6c-18ee-48c7-a2ba-6ba846422ac8","[PREMIUM]","Used",2022,"Chevrolet","Equinox","1LT","[PREMIUM]","[PREMIUM]",70264,"SUV","White","Jet Black","Front-wheel Drive",,,"Gasoline",,,"dealership","[PREMIUM]","Dallas","TX","[PREMIUM]",,"[]",,,"[PREMIUM]"
"8d588a60-118a-4067-91ea-c12dfc2dd034","2026-05-22 22:43:07.643","2026-05-22 22:43:07.643","8d588a60-118a-4067-91ea-c12dfc2dd034","[PREMIUM]","Used",2022,"Toyota","Corolla","SE","[PREMIUM]","[PREMIUM]",47644,"Sedan","White","Black","Front-wheel Drive",,,"Gasoline",,,"dealership","[PREMIUM]","Jacksonville","FL","[PREMIUM]",,"[]",,,"[PREMIUM]"
"0646406c-a5e4-46b2-8761-3caa6150409a","2026-05-22 22:43:07.640","2026-05-28 22:43:39.428","0646406c-a5e4-46b2-8761-3caa6150409a","[PREMIUM]","Used",2022,"Mitsubishi","Outlander","SEL","[PREMIUM]","[PREMIUM]",56981,"SUV","Deep Bronze Metallic","Light Gray","Front-wheel Drive",,,"Gasoline",,,"dealership","[PREMIUM]","Columbus","OH","[PREMIUM]",,"[]",,,"[PREMIUM]"
"91be7c95-2eb5-4050-9cca-ad5223b9db7e","2026-05-22 22:43:07.636","2026-05-22 22:43:07.636","91be7c95-2eb5-4050-9cca-ad5223b9db7e","[PREMIUM]","Used",2022,"Kia","Telluride","S","[PREMIUM]","[PREMIUM]",91592,"SUV","Black Copper","Black","Front-wheel Drive",,,"Gasoline",,,"dealership","[PREMIUM]","Stone Mountain","GA","[PREMIUM]",,"[]",,,"[PREMIUM]"
"329f5486-cf26-4e9e-98a2-3b856a98223d","2026-05-22 22:42:57.535","2026-05-22 22:42:57.535","329f5486-cf26-4e9e-98a2-3b856a98223d","[PREMIUM]","Used",2022,"Volkswagen","Tiguan","SE","[PREMIUM]","[PREMIUM]",44403,"SUV","Silver","BLACK","Rear-wheel Drive",,,"Gasoline",,,"dealership","[PREMIUM]","Fort Worth","TX","[PREMIUM]",,"[]",,,"[PREMIUM]"
"2b222f66-ea88-44b3-b5f8-1a9711080a7c","2026-05-22 22:42:57.522","2026-05-22 22:42:57.522","2b222f66-ea88-44b3-b5f8-1a9711080a7c","[PREMIUM]","Used",2022,"Honda","Civic","Sport","[PREMIUM]","[PREMIUM]",17631,"Sedan","Morning Mist Metallic","Black","Front-wheel Drive",,,"Gasoline",,,"dealership","[PREMIUM]","Kingston","NY","[PREMIUM]",,"[]",,,"[PREMIUM]"
"1388821b-868f-4354-bb11-e0fa42e8582a","2026-05-22 22:42:57.520","2026-05-22 22:42:57.520","1388821b-868f-4354-bb11-e0fa42e8582a","[PREMIUM]","Used",2022,"Kia","K5","GT-Line","[PREMIUM]","[PREMIUM]",93368,"Sedan","Ebony Black","Black","Front-wheel Drive",,,"Gasoline",,,"dealership","[PREMIUM]","Raleigh","NC","[PREMIUM]",,"[]",,,"[PREMIUM]"
"e8baf2ef-6bdd-48f9-be59-e34c119a0b86","2026-05-22 22:42:57.516","2026-05-25 22:43:10.457","e8baf2ef-6bdd-48f9-be59-e34c119a0b86","[PREMIUM]","Used",2022,"Mazda","CX-5","2.5 S Select Package","[PREMIUM]","[PREMIUM]",58822,"SUV","Machine Gray Metallic","Black","All-wheel Drive",,,"Gasoline",,,"dealership","[PREMIUM]","Columbus","OH","[PREMIUM]",,"[]",,,"[PREMIUM]"
"15594a17-cb16-4417-9cf4-06092dbd030a","2026-05-22 22:42:57.504","2026-05-22 22:42:57.504","15594a17-cb16-4417-9cf4-06092dbd030a","[PREMIUM]","Used",2022,"Hyundai","KONA","SEL","[PREMIUM]","[PREMIUM]",37563,"SUV","Lunar White","Gray","All-wheel Drive",,,"Gasoline",,,"dealership","[PREMIUM]","St. Louis","MO","[PREMIUM]",,"[]",,,"[PREMIUM]"
"e8324e19-d71e-46e1-9e9a-eeaf8e27333e","2026-05-22 22:42:37.278","2026-05-22 22:42:37.278","e8324e19-d71e-46e1-9e9a-eeaf8e27333e","[PREMIUM]","Used",2022,"Honda","Civic",,"[PREMIUM]","[PREMIUM]",48506,"Sedan","Meteorite Gray Metallic","Black",,,,,,,"dealership","[PREMIUM]","Davie","FL","[PREMIUM]",,"[]",,,"[PREMIUM]"
"3ec56d39-7f0f-4eb9-8964-38b5430413fc","2026-05-22 22:42:37.252","2026-05-22 22:42:37.252","3ec56d39-7f0f-4eb9-8964-38b5430413fc","[PREMIUM]","Used",2022,"Honda","Civic",,"[PREMIUM]","[PREMIUM]",42449,"Hatchback","Crystal Black Pearl","Black",,,,,,,"dealership","[PREMIUM]","Bowie","MD","[PREMIUM]",,"[]",,,"[PREMIUM]"
"4fcf9387-54b7-4be7-add2-43cd1a8f11b6","2026-05-22 22:42:17.321","2026-05-22 22:42:17.321","4fcf9387-54b7-4be7-add2-43cd1a8f11b6","[PREMIUM]","Used",2022,"Nissan","Rogue Sport","SL","[PREMIUM]","[PREMIUM]",24998,"SUV","Black","BLACK","Four-wheel Drive",,,"Gasoline",,,"dealership","[PREMIUM]","Milwaukee","WI","[PREMIUM]",,"[]",,,"[PREMIUM]"
"afb7e7c2-f85e-43cb-9250-4df23d5e61e5","2026-05-22 22:42:07.381","2026-05-22 22:42:07.381","afb7e7c2-f85e-43cb-9250-4df23d5e61e5","[PREMIUM]","Used",2022,"Kia","Sorento","LX","[PREMIUM]","[PREMIUM]",47505,"SUV","Gray","BLACK","Rear-wheel Drive",,,"Gasoline",,,"dealership","[PREMIUM]","Louisville","KY","[PREMIUM]",,"[]",,,"[PREMIUM]"
"4df98057-5c38-403a-a4f5-db0c6ff97172","2026-05-22 22:42:06.987","2026-05-25 22:42:20.213","4df98057-5c38-403a-a4f5-db0c6ff97172","[PREMIUM]","Used",2022,"Dodge","Charger","SXT","[PREMIUM]","[PREMIUM]",63905,"Sedan","Red","BLACK","Rear-wheel Drive",,,"Gasoline",,,"dealership","[PREMIUM]","Raleigh","NC","[PREMIUM]",,"[]",,,"[PREMIUM]"
"2026bccf-3109-4d35-8d58-76ca152d8d39","2026-05-22 22:41:46.854","2026-05-22 22:41:46.854","2026bccf-3109-4d35-8d58-76ca152d8d39","[PREMIUM]","Used",2022,"Volkswagen","Tiguan","SE","[PREMIUM]","[PREMIUM]",57393,"SUV","Silver","BLACK","Rear-wheel Drive",,,"Gasoline",,,"dealership","[PREMIUM]","Murrieta","CA","[PREMIUM]",,"[]",,,"[PREMIUM]"
"11a84831-fab6-400a-96f4-23f1c11e37ca","2026-05-22 22:41:46.769","2026-05-25 22:42:00.131","11a84831-fab6-400a-96f4-23f1c11e37ca","[PREMIUM]","Used",2022,"Toyota","Corolla","LE","[PREMIUM]","[PREMIUM]",47810,"Sedan","Blue","BLACK","Rear-wheel Drive",,,"Gasoline",,,"dealership","[PREMIUM]","Mobile","AL","[PREMIUM]",,"[]",,,"[PREMIUM]"
"0a3c2a76-cec8-4c52-988b-eba5f40f0814","2026-05-22 22:41:46.750","2026-05-22 22:41:46.750","0a3c2a76-cec8-4c52-988b-eba5f40f0814","[PREMIUM]","Used",2022,"Toyota","Corolla Hatchback","SE","[PREMIUM]","[PREMIUM]",79007,"Hatchback","Blue","BLACK","Rear-wheel Drive",,,"Gasoline",,,"dealership","[PREMIUM]","South Jordan","UT","[PREMIUM]",,"[]",,,"[PREMIUM]"
"778370bf-500d-4363-ab47-5be7d365c07f","2026-05-22 22:41:46.736","2026-05-22 22:41:46.736","778370bf-500d-4363-ab47-5be7d365c07f","[PREMIUM]","Used",2022,"Volkswagen","Jetta GLI","Autobahn","[PREMIUM]","[PREMIUM]",55833,"Sedan","Gray","BLACK","Rear-wheel Drive",,,"Gasoline",,,"dealership","[PREMIUM]","Knoxville","TN","[PREMIUM]",,"[]",,,"[PREMIUM]"
"8c44cdaf-b747-417d-a038-9804eacddd96","2026-05-22 22:40:16.801","2026-05-22 22:40:16.801","8c44cdaf-b747-417d-a038-9804eacddd96","[PREMIUM]","Used",2023,"Ford","Escape","Active","[PREMIUM]","[PREMIUM]",39615,"SUV","Rapid Red Metallic Tinted Clearcoat","Space Gray","All-wheel Drive",,,"Gasoline",,,"dealership","[PREMIUM]","Cleveland","OH","[PREMIUM]",,"[]",,,"[PREMIUM]"
"39b7696b-9104-4b14-a0c2-559e6bec9872","2026-05-22 22:40:16.798","2026-05-22 22:40:16.798","39b7696b-9104-4b14-a0c2-559e6bec9872","[PREMIUM]","Used",2023,"Kia","Soul","EX","[PREMIUM]","[PREMIUM]",20643,"Hatchback","Surf Blue","Black/Gray","Front-wheel Drive",,,"Gasoline",,,"dealership","[PREMIUM]","Hollywood","FL","[PREMIUM]",,"[]",,,"[PREMIUM]"
"2fb3146f-baac-4778-996c-69e58d6860ff","2026-05-22 22:40:16.739","2026-05-22 22:40:16.739","2fb3146f-baac-4778-996c-69e58d6860ff","[PREMIUM]","Used",2023,"Toyota","Corolla","LE","[PREMIUM]","[PREMIUM]",27007,"Sedan","Ice Cap","Light Gray","Front-wheel Drive",,,"Gasoline",,,"dealership","[PREMIUM]","Kenner","LA","[PREMIUM]",,"[]",,,"[PREMIUM]"
"97d87eb0-4c10-4b91-ab3d-ef8a6c98f95f","2026-05-22 22:40:06.544","2026-05-22 22:40:06.544","97d87eb0-4c10-4b91-ab3d-ef8a6c98f95f","[PREMIUM]","Used",2023,"Jeep","Compass","Limited","[PREMIUM]","[PREMIUM]",62248,"SUV","Bright White Clearcoat","Steel Gray","Four-wheel Drive",,,"Gasoline",,,"dealership","[PREMIUM]","Mount Holly","NJ","[PREMIUM]",,"[]",,,"[PREMIUM]"
"eb66387f-72da-438e-b189-0879427b5986","2026-05-22 22:40:06.298","2026-05-22 22:40:06.298","eb66387f-72da-438e-b189-0879427b5986","[PREMIUM]","Used",2023,"Chevrolet","Equinox","1LT","[PREMIUM]","[PREMIUM]",29496,"SUV","Mosaic Black Metallic","Jet Black","All-wheel Drive",,,"Gasoline",,,"dealership","[PREMIUM]","Roslyn","NY","[PREMIUM]",,"[]",,,"[PREMIUM]"
"f306866f-9dc3-4659-871a-ea554fe2e5ba","2026-05-22 22:40:06.290","2026-05-22 22:40:06.290","f306866f-9dc3-4659-871a-ea554fe2e5ba","[PREMIUM]","Used",2023,"Subaru","Solterra","Limited","[PREMIUM]","[PREMIUM]",30451,"SUV","Harbor Mist Gray Pearl","Gray/Blue","All-wheel Drive",,,"Electric",,,"dealership","[PREMIUM]","Fresno","CA","[PREMIUM]",,"[]",,,"[PREMIUM]"
"85e58fd0-515c-45b5-a146-07ec5d48b546","2026-05-22 22:40:06.206","2026-05-22 22:40:06.206","85e58fd0-515c-45b5-a146-07ec5d48b546","[PREMIUM]","Used",2023,"Toyota","Camry","LE","[PREMIUM]","[PREMIUM]",6777,"Sedan","Black","Ash","Front-wheel Drive",,,"Gasoline",,,"dealership","[PREMIUM]","Coconut Creek","FL","[PREMIUM]",,"[]",,,"[PREMIUM]"
"7269e98a-aa8f-4666-ad6b-b8988a2fc7f2","2026-05-22 22:40:06.192","2026-05-22 22:40:06.192","7269e98a-aa8f-4666-ad6b-b8988a2fc7f2","[PREMIUM]","Used",2023,"Nissan","Rogue","SV","[PREMIUM]","[PREMIUM]",39217,"SUV","Super Black","Light Gray","Front-wheel Drive",,,"Gasoline",,,"dealership","[PREMIUM]","Houston","TX","[PREMIUM]",,"[]",,,"[PREMIUM]"
"1466a74e-0dc1-404e-9ea1-c68db139eb7b","2026-05-22 22:40:06.172","2026-05-22 22:40:06.172","1466a74e-0dc1-404e-9ea1-c68db139eb7b","[PREMIUM]","Used",2023,"Chrysler","Pacifica","Touring L","[PREMIUM]","[PREMIUM]",78146,"Minivan","Bright White Clearcoat","Black/Alloy/Black","Front-wheel Drive",,,"Gasoline",,,"dealership","[PREMIUM]","Pataskala","OH","[PREMIUM]",,"[]",,,"[PREMIUM]"
"d6041c0c-4cb8-42f7-bc9f-970041c76b8b","2026-05-22 22:39:56.230","2026-05-28 22:40:20.197","d6041c0c-4cb8-42f7-bc9f-970041c76b8b","[PREMIUM]","Used",2023,"Ford","Escape","Active","[PREMIUM]","[PREMIUM]",4839,"SUV","Star White Metallic Tri-Coat","Ebony","Front-wheel Drive",,,"Gasoline",,,"dealership","[PREMIUM]","Wooster","OH","[PREMIUM]",,"[]",,,"[PREMIUM]"
"edd304ff-9a8e-4585-80e5-e2aa37e5ebcd","2026-05-22 22:39:56.020","2026-05-22 22:39:56.020","edd304ff-9a8e-4585-80e5-e2aa37e5ebcd","[PREMIUM]","Used",2023,"Ford","Escape","Active","[PREMIUM]","[PREMIUM]",32022,"SUV","Carbonized Gray Metallic","Space Gray","All-wheel Drive",,,"Gasoline",,,"dealership","[PREMIUM]","LaBelle","FL","[PREMIUM]",,"[]",,,"[PREMIUM]"
"10ce5bf3-6f95-43b2-a0a8-2595d948e8f0","2026-05-22 22:39:55.766","2026-05-25 22:39:59.023","10ce5bf3-6f95-43b2-a0a8-2595d948e8f0","[PREMIUM]","Used",2023,"Honda","Civic","Sport","[PREMIUM]","[PREMIUM]",63368,"Sedan","Aegean Blue Metallic","Black","Front-wheel Drive",,,"Gasoline",,,"dealership","[PREMIUM]","Tyngsboro","MA","[PREMIUM]",,"[]",,,"[PREMIUM]"
"de7ec17a-f16a-4cb4-a61c-48926bca37cf","2026-05-22 22:39:55.715","2026-05-25 22:39:58.564","de7ec17a-f16a-4cb4-a61c-48926bca37cf","[PREMIUM]","Used",2023,"Mazda","Mazda3","AWD","[PREMIUM]","[PREMIUM]",20800,"Sedan","Polymetal Gray Metallic","Red","All-wheel Drive",,,"Gasoline",,,"dealership","[PREMIUM]","Loveland","CO","[PREMIUM]",,"[]",,,"[PREMIUM]"
"5690d996-4b09-429e-b4e0-64f69e8a902c","2026-05-22 22:39:55.714","2026-05-22 22:39:55.714","5690d996-4b09-429e-b4e0-64f69e8a902c","[PREMIUM]","Used",2023,"Hyundai","TUCSON","SEL","[PREMIUM]","[PREMIUM]",29436,"SUV","Portofino Gray","Gray","All-wheel Drive",,,"Gasoline",,,"dealership","[PREMIUM]","Beaverdale","PA","[PREMIUM]",,"[]",,,"[PREMIUM]"
"f118c115-1b38-4dce-91f4-4b6704de86e0","2026-05-22 22:39:55.680","2026-05-25 22:39:58.670","f118c115-1b38-4dce-91f4-4b6704de86e0","[PREMIUM]","Used",2023,"Hyundai","TUCSON","SEL","[PREMIUM]","[PREMIUM]",33081,"SUV","Serenity White Pearl","Black","All-wheel Drive",,,"Gasoline",,,"dealership","[PREMIUM]","Santa Fe","NM","[PREMIUM]",,"[]",,,"[PREMIUM]"
"7b6c3774-b0b7-4ca9-8945-8fe6e06aeb91","2026-05-22 22:39:55.672","2026-05-22 22:39:55.672","7b6c3774-b0b7-4ca9-8945-8fe6e06aeb91","[PREMIUM]","Used",2023,"Chrysler","Voyager","LX","[PREMIUM]","[PREMIUM]",73446,"Passenger Van","Silver Mist Clearcoat","Black/Alloy/Black","Front-wheel Drive",,,"Gasoline",,,"dealership","[PREMIUM]","Greenville","SC","[PREMIUM]",,"[]",,,"[PREMIUM]"
"20ba8ee6-3e05-44b3-96bc-4b877528acfe","2026-05-22 22:39:55.580","2026-05-25 22:39:58.870","20ba8ee6-3e05-44b3-96bc-4b877528acfe","[PREMIUM]","Used",2023,"Jeep","Renegade","Latitude","[PREMIUM]","[PREMIUM]",8595,"SUV","Alpine White Clearcoat","Black","Four-wheel Drive",,,"Gasoline",,,"dealership","[PREMIUM]","Duncansville","PA","[PREMIUM]",,"[]",,,"[PREMIUM]"
"6f85a8cb-62a9-4352-952a-8c5a626c5e85","2026-05-22 22:39:55.575","2026-05-22 22:39:55.575","6f85a8cb-62a9-4352-952a-8c5a626c5e85","[PREMIUM]","Used",2023,"Hyundai","SANTA FE","SE","[PREMIUM]","[PREMIUM]",32273,"SUV","Stormy Sea","Gray","All-wheel Drive",,,"Gasoline",,,"dealership","[PREMIUM]","Taylor","MI","[PREMIUM]",,"[]",,,"[PREMIUM]"
"b9b9d99f-72c6-457c-8b17-b5333277f5bb","2026-05-22 22:39:55.574","2026-05-22 22:39:55.574","b9b9d99f-72c6-457c-8b17-b5333277f5bb","[PREMIUM]","Used",2023,"Chevrolet","Malibu","1LS","[PREMIUM]","[PREMIUM]",72315,"Sedan","Gray","Jet Black","Front-wheel Drive",,,"Gasoline",,,"dealership","[PREMIUM]","Greenville","NC","[PREMIUM]",,"[]",,,"[PREMIUM]"
"546f4a8c-9966-46bb-8bed-b107ed7e0ea0","2026-05-22 22:39:45.552","2026-05-22 22:39:45.552","546f4a8c-9966-46bb-8bed-b107ed7e0ea0","[PREMIUM]","Used",2023,"Kia","Sportage","EX","[PREMIUM]","[PREMIUM]",13751,"SUV","Blue","Black","Front-wheel Drive",,,"Gasoline",,,"dealership","[PREMIUM]","Pinellas Park","FL","[PREMIUM]",,"[]",,,"[PREMIUM]"
"4ed9c64c-91a8-4ed9-8eae-7df85e092ed9","2026-05-22 22:39:45.469","2026-05-22 22:39:45.469","4ed9c64c-91a8-4ed9-8eae-7df85e092ed9","[PREMIUM]","Used",2023,"Volkswagen","Tiguan","2.0T SE R-Line Black","[PREMIUM]","[PREMIUM]",94996,"SUV","Platinum Gray Metallic","Titan Black","Front-wheel Drive",,,"Gasoline",,,"dealership","[PREMIUM]","Waldorf","MD","[PREMIUM]",,"[]",,,"[PREMIUM]"
"f6e8917e-f745-4194-8490-2e0e1d28014f","2026-05-22 22:39:45.465","2026-05-22 22:39:45.465","f6e8917e-f745-4194-8490-2e0e1d28014f","[PREMIUM]","Used",2023,"Kia","Forte","GT-Line","[PREMIUM]","[PREMIUM]",34267,"Sedan","Sporty Blue","Black","Front-wheel Drive",,,"Gasoline",,,"dealership","[PREMIUM]","Waldorf","MD","[PREMIUM]",,"[]",,,"[PREMIUM]"
"eb8cf014-964b-4ee0-87dd-dc62b56c6ebe","2026-05-22 22:39:45.427","2026-05-22 22:39:45.427","eb8cf014-964b-4ee0-87dd-dc62b56c6ebe","[PREMIUM]","Used",2023,"Toyota","Corolla","SE","[PREMIUM]","[PREMIUM]",20747,"Sedan","Blueprint","Black/Red","Front-wheel Drive",,,"Gasoline",,,"dealership","[PREMIUM]","Honolulu","HI","[PREMIUM]",,"[]",,,"[PREMIUM]"
"f9755eac-6ac6-4f27-94a1-5f3909ff24be","2026-05-22 22:39:45.140","2026-05-22 22:39:45.140","f9755eac-6ac6-4f27-94a1-5f3909ff24be","[PREMIUM]","Used",2023,"Mazda","CX-30","2.5 S Premium Package","[PREMIUM]","[PREMIUM]",29992,"SUV","Snowflake White Pearl Mica","White","All-wheel Drive",,,"Gasoline",,,"dealership","[PREMIUM]","New Rochelle","NY","[PREMIUM]",,"[]",,,"[PREMIUM]"
"6a196452-2421-4ed6-a5bc-e6a3ae44a468","2026-05-22 22:39:45.032","2026-05-25 22:39:58.362","6a196452-2421-4ed6-a5bc-e6a3ae44a468","[PREMIUM]","Used",2023,"Subaru","Crosstrek","Base","[PREMIUM]","[PREMIUM]",28207,"SUV","Crystal Black Silica","Black","All-wheel Drive",,,"Gasoline",,,"dealership","[PREMIUM]","Chandler","AZ","[PREMIUM]",,"[]",,,"[PREMIUM]"
"6fa15c04-c3c2-454a-8644-c9f876ea9df9","2026-05-22 22:39:45.017","2026-05-25 22:39:58.654","6fa15c04-c3c2-454a-8644-c9f876ea9df9","[PREMIUM]","Used",2023,"Hyundai","TUCSON","SEL","[PREMIUM]","[PREMIUM]",25298,"SUV","Red","Gray","Front-wheel Drive",,,"Gasoline",,,"dealership","[PREMIUM]","Pinellas Park","FL","[PREMIUM]",,"[]",,,"[PREMIUM]"
"19a42927-191c-444a-aced-34d1809b6321","2026-05-22 22:39:45.005","2026-05-25 22:39:58.382","19a42927-191c-444a-aced-34d1809b6321","[PREMIUM]","Used",2023,"Nissan","Rogue","SV","[PREMIUM]","[PREMIUM]",41750,"SUV","Super Black","Charcoal","Front-wheel Drive",,,"Gasoline",,,"dealership","[PREMIUM]","Broken Arrow","OK","[PREMIUM]",,"[]",,,"[PREMIUM]"
"1fadc6d2-7a97-452b-bb42-c770f96076a4","2026-05-22 22:39:45.001","2026-05-22 22:39:45.001","1fadc6d2-7a97-452b-bb42-c770f96076a4","[PREMIUM]","Used",2023,"Subaru","Impreza","Base","[PREMIUM]","[PREMIUM]",20736,"Hatchback","Gray","Black","All-wheel Drive",,,"Gasoline",,,"dealership","[PREMIUM]","Lincoln","NE","[PREMIUM]",,"[]",,,"[PREMIUM]"
"dfdabcfd-d356-41ae-af4c-4e2c1262ba99","2026-05-22 22:39:44.985","2026-05-22 22:39:44.985","dfdabcfd-d356-41ae-af4c-4e2c1262ba99","[PREMIUM]","Used",2023,"Kia","K5","LXS","[PREMIUM]","[PREMIUM]",40042,"Sedan","Glacial White Pearl","Black","Front-wheel Drive",,,"Gasoline",,,"dealership","[PREMIUM]","Lubbock","TX","[PREMIUM]",,"[]",,,"[PREMIUM]"
"70a96f0f-a3b2-4dfb-87de-8e7b021c76fc","2026-05-22 22:39:44.983","2026-05-25 22:39:58.347","70a96f0f-a3b2-4dfb-87de-8e7b021c76fc","[PREMIUM]","Used",2023,"Ford","Bronco Sport","Big Bend","[PREMIUM]","[PREMIUM]",53069,"SUV","Black","BLACK","Four-wheel Drive",,,"Gasoline",,,"dealership","[PREMIUM]","Milwaukee","WI","[PREMIUM]",,"[]",,,"[PREMIUM]"
"d3c15fba-4959-4305-a024-b317aca7be95","2026-05-22 22:39:44.983","2026-05-22 22:39:44.983","d3c15fba-4959-4305-a024-b317aca7be95","[PREMIUM]","Used",2023,"Honda","CR-V","EX 4dr SUV","[PREMIUM]","[PREMIUM]",38967,"SUV","Gray","Gray","Front-wheel Drive",,,"Gasoline",,,"dealership","[PREMIUM]","Phoenix","AZ","[PREMIUM]",,"[]",,,"[PREMIUM]"
"7a9ff0cc-b660-45f5-84ae-485cc745775e","2026-05-22 22:39:44.981","2026-05-25 22:39:58.641","7a9ff0cc-b660-45f5-84ae-485cc745775e","[PREMIUM]","Used",2023,"Chevrolet","Blazer","2LT","[PREMIUM]","[PREMIUM]",78592,"SUV","Blue Glow Metallic","Jet Black","Front-wheel Drive",,,"Gasoline",,,"dealership","[PREMIUM]","Jacksonville","FL","[PREMIUM]",,"[]",,,"[PREMIUM]"
"4948ba6c-822f-4267-aebd-c5b6b5cb3c15","2026-05-22 22:39:44.979","2026-05-25 22:39:58.814","4948ba6c-822f-4267-aebd-c5b6b5cb3c15","[PREMIUM]","Used",2023,"Ford","Edge","SE","[PREMIUM]","[PREMIUM]",36207,"SUV","Atlas Blue Metallic","Ebony","All-wheel Drive",,,"Gasoline",,,"dealership","[PREMIUM]","Honolulu","HI","[PREMIUM]",,"[]",,,"[PREMIUM]"
"a1b40541-c0b2-44c9-baa3-b09c993d6431","2026-05-22 22:39:44.975","2026-05-25 22:39:58.355","a1b40541-c0b2-44c9-baa3-b09c993d6431","[PREMIUM]","Used",2023,"Dodge","Durango","SXT Launch Edition RWD","[PREMIUM]","[PREMIUM]",72280,"SUV","Destroyer Gray Clearcoat","Black","Rear-wheel Drive",,,"Gasoline",,,"dealership","[PREMIUM]","Lubbock","TX","[PREMIUM]",,"[]",,,"[PREMIUM]"
"92a840b3-7e2b-466b-bef9-bf021ebb0d74","2026-05-22 22:39:44.972","2026-05-22 22:39:44.972","92a840b3-7e2b-466b-bef9-bf021ebb0d74","[PREMIUM]","Used",2023,"GMC","Terrain","SLT","[PREMIUM]","[PREMIUM]",86190,"SUV","Silver","Black","Front-wheel Drive",,,"Gasoline",,,"dealership","[PREMIUM]","Manassas","VA","[PREMIUM]",,"[]",,,"[PREMIUM]"
"614af2fc-1069-455d-b00a-0a463efc0dec","2026-05-22 22:39:44.963","2026-05-22 22:39:44.963","614af2fc-1069-455d-b00a-0a463efc0dec","[PREMIUM]","Used",2023,"Mitsubishi","Outlander","SE","[PREMIUM]","[PREMIUM]",63911,"SUV","Alloy Silver Metallic","Black","Front-wheel Drive",,,"Gasoline",,,"dealership","[PREMIUM]","Cleveland","OH","[PREMIUM]",,"[]",,,"[PREMIUM]"
"fc9d33da-9e65-4f8b-84c5-0d916030bd91","2026-05-22 22:39:34.447","2026-05-25 22:39:37.463","fc9d33da-9e65-4f8b-84c5-0d916030bd91","[PREMIUM]","Used",2023,"Nissan","Rogue","SV","[PREMIUM]","[PREMIUM]",21146,"SUV","White","BLACK","Four-wheel Drive",,,"Gasoline",,,"dealership","[PREMIUM]","Virginia Beach","VA","[PREMIUM]",,"[]",,,"[PREMIUM]"
"e7ddd7b3-bbc5-49e9-907b-09a712da10c6","2026-05-22 22:39:34.121","2026-05-22 22:39:34.121","e7ddd7b3-bbc5-49e9-907b-09a712da10c6","[PREMIUM]","Used",2023,"Dodge","Charger","SXT","[PREMIUM]","[PREMIUM]",71285,"Sedan","Gray","BLACK","Rear-wheel Drive",,,"Gasoline",,,"dealership","[PREMIUM]","Midland","TX","[PREMIUM]",,"[]",,,"[PREMIUM]"
"62f53f50-7a37-478e-a388-74c55f36a91f","2026-05-22 22:39:34.092","2026-05-22 22:39:34.092","62f53f50-7a37-478e-a388-74c55f36a91f","[PREMIUM]","Used",2023,"Nissan","Sentra","SR","[PREMIUM]","[PREMIUM]",20237,"Sedan","White","BLACK","Rear-wheel Drive",,,"Gasoline",,,"dealership","[PREMIUM]","Virginia Beach","VA","[PREMIUM]",,"[]",,,"[PREMIUM]"
"c4bbf26a-c468-47a3-a64c-a106e7715332","2026-05-22 22:39:34.055","2026-05-22 22:39:34.055","c4bbf26a-c468-47a3-a64c-a106e7715332","[PREMIUM]","Used",2023,"Honda","Accord","EX","[PREMIUM]","[PREMIUM]",19872,"Sedan","Gray","Gray","Front-wheel Drive",,,"Gasoline",,,"dealership","[PREMIUM]","Pinellas Park","FL","[PREMIUM]",,"[]",,,"[PREMIUM]"
"8911c9b0-cf47-42d5-89bd-0fe122774b30","2026-05-22 22:39:34.046","2026-05-22 22:39:34.046","8911c9b0-cf47-42d5-89bd-0fe122774b30","[PREMIUM]","Used",2023,"Nissan","Rogue","SV","[PREMIUM]","[PREMIUM]",39059,"SUV","Gray","BLACK","Four-wheel Drive",,,"Gasoline",,,"dealership","[PREMIUM]","Brandywine","MD","[PREMIUM]",,"[]",,,"[PREMIUM]"
"3eb5343a-820e-4f20-aecd-decad6ea9d10","2026-05-22 22:39:34.038","2026-05-28 22:39:48.435","3eb5343a-820e-4f20-aecd-decad6ea9d10","[PREMIUM]","Used",2023,"Nissan","Rogue","S","[PREMIUM]","[PREMIUM]",34305,"SUV","Black","BLACK","Four-wheel Drive",,,"Gasoline",,,"dealership","[PREMIUM]","Brandywine","MD","[PREMIUM]",,"[]",,,"[PREMIUM]"
"52f40c45-c309-4696-80d1-ef2ffab6b431","2026-05-22 22:39:34.038","2026-05-25 22:39:37.575","52f40c45-c309-4696-80d1-ef2ffab6b431","[PREMIUM]","Used",2023,"Hyundai","ELANTRA","SEL","[PREMIUM]","[PREMIUM]",13246,"Sedan","Blue","GRAY","Rear-wheel Drive",,,"Gasoline",,,"dealership","[PREMIUM]","Boynton Beach","FL","[PREMIUM]",,"[]",,,"[PREMIUM]"
"a1b0e00f-4b18-42ea-853f-1016d402fc19","2026-05-22 22:39:34.033","2026-05-22 22:39:34.033","a1b0e00f-4b18-42ea-853f-1016d402fc19","[PREMIUM]","Used",2023,"Hyundai","SANTA FE","SE","[PREMIUM]","[PREMIUM]",29196,"SUV","Black","GRAY","Four-wheel Drive",,,"Gasoline",,,"dealership","[PREMIUM]","Urbandale","IA","[PREMIUM]",,"[]",,,"[PREMIUM]"
"57341806-37e6-450d-80ab-8569cf0173a3","2026-05-22 22:39:34.030","2026-05-22 22:39:34.030","57341806-37e6-450d-80ab-8569cf0173a3","[PREMIUM]","Used",2023,"Nissan","Rogue","S","[PREMIUM]","[PREMIUM]",48514,"SUV","Gray","BLACK","Four-wheel Drive",,,"Gasoline",,,"dealership","[PREMIUM]","Wilmington","NC","[PREMIUM]",,"[]",,,"[PREMIUM]"
"6f995fb5-8f85-4886-8433-adc1d6520e95","2026-05-22 22:39:34.029","2026-05-22 22:39:34.029","6f995fb5-8f85-4886-8433-adc1d6520e95","[PREMIUM]","Used",2023,"Mazda","CX-5","Carbon Edition","[PREMIUM]","[PREMIUM]",49504,"SUV","Gray","BLACK","Four-wheel Drive",,,"Gasoline",,,"dealership","[PREMIUM]","Knoxville","TN","[PREMIUM]",,"[]",,,"[PREMIUM]"
"614c8908-0082-4359-a52a-6b6080f92e28","2026-05-22 22:39:34.018","2026-05-25 22:39:37.421","614c8908-0082-4359-a52a-6b6080f92e28","[PREMIUM]","Used",2023,"Jeep","Compass","Sport","[PREMIUM]","[PREMIUM]",67668,"SUV","Bright White Clearcoat","Black","Four-wheel Drive",,,"Gasoline",,,"dealership","[PREMIUM]","Oklahoma City","OK","[PREMIUM]",,"[]",,,"[PREMIUM]"
"af73303d-e86b-44db-b6a9-ebb7a8451432","2026-05-22 22:39:34.012","2026-05-22 22:39:34.012","af73303d-e86b-44db-b6a9-ebb7a8451432","[PREMIUM]","Used",2023,"Nissan","Rogue","SV","[PREMIUM]","[PREMIUM]",31951,"SUV","Black","BLACK","Four-wheel Drive",,,"Gasoline",,,"dealership","[PREMIUM]","Charlotte","NC","[PREMIUM]",,"[]",,,"[PREMIUM]"
"fa56e19c-a78e-4c6e-8b87-ca20d815d2d2","2026-05-22 22:39:34.012","2026-05-25 22:39:47.759","fa56e19c-a78e-4c6e-8b87-ca20d815d2d2","[PREMIUM]","Used",2023,"Buick","Envision","Preferred","[PREMIUM]","[PREMIUM]",33131,"SUV","White","BLACK","Rear-wheel Drive",,,"Gasoline",,,"dealership","[PREMIUM]","San Antonio","TX","[PREMIUM]",,"[]",,,"[PREMIUM]"
"5f41ee37-026f-4652-a70b-84a23e7b4c1f","2026-05-22 22:39:34.006","2026-05-25 22:39:37.537","5f41ee37-026f-4652-a70b-84a23e7b4c1f","[PREMIUM]","Used",2023,"Chevrolet","Equinox","LT","[PREMIUM]","[PREMIUM]",6982,"SUV","Red","GRAY","Four-wheel Drive",,,"Gasoline",,,"dealership","[PREMIUM]","Florence","KY","[PREMIUM]",,"[]",,,"[PREMIUM]"
"4742d194-da8c-4443-87a5-984fccbc7b7f","2026-05-22 22:39:33.989","2026-05-25 22:39:58.787","4742d194-da8c-4443-87a5-984fccbc7b7f","[PREMIUM]","Used",2023,"Mazda","CX-50","2.5 S Preferred Plus Package","[PREMIUM]","[PREMIUM]",88600,"SUV","White","BLACK","Four-wheel Drive",,,"Gasoline",,,"dealership","[PREMIUM]","Louisville","KY","[PREMIUM]",,"[]",,,"[PREMIUM]"
"f705fd0a-e40f-4dde-a727-32f6f4d7225b","2026-05-22 22:39:24.535","2026-05-22 22:39:24.535","f705fd0a-e40f-4dde-a727-32f6f4d7225b","[PREMIUM]","Used",2023,"Ford","Bronco Sport","Big Bend","[PREMIUM]","[PREMIUM]",85103,"SUV","Green",,"4WD",,,"Gasoline",,,"dealership","[PREMIUM]","Kennett","MO","[PREMIUM]",,"[]",,,"[PREMIUM]"
"29cb04bc-df7e-4cff-a7f7-be8df3b0fdfa","2026-05-22 22:39:23.824","2026-05-25 22:39:37.566","29cb04bc-df7e-4cff-a7f7-be8df3b0fdfa","[PREMIUM]","Used",2023,"Nissan","Rogue","SV","[PREMIUM]","[PREMIUM]",19231,"SUV","Gray","BLACK","Four-wheel Drive",,,"Gasoline",,,"dealership","[PREMIUM]","Brandywine","MD","[PREMIUM]",,"[]",,,"[PREMIUM]"
"473e37ef-aaf9-4ea1-b9fc-93a72b6f4c3a","2026-05-22 22:39:23.461","2026-05-25 22:39:37.323","473e37ef-aaf9-4ea1-b9fc-93a72b6f4c3a","[PREMIUM]","Used",2023,"Kia","Seltos","SX","[PREMIUM]","[PREMIUM]",27320,"SUV","Snow White Pearl","Black","All-wheel Drive",,,,,,"dealership","[PREMIUM]","Salisbury","NC","[PREMIUM]",,"[]",,,"[PREMIUM]"
"8fc7f436-7e5d-4b61-ab70-9dad5798a4e6","2026-05-22 22:39:23.450","2026-05-25 22:39:37.281","8fc7f436-7e5d-4b61-ab70-9dad5798a4e6","[PREMIUM]","Used",2023,"Hyundai","SANTA FE","SEL","[PREMIUM]","[PREMIUM]",27042,"SUV","Calypso Red","Black","All-wheel Drive",,,"Gasoline",,,"dealership","[PREMIUM]","Brookshire","TX","[PREMIUM]",,"[]",,,"[PREMIUM]"
"5d90f9ca-ff26-4205-9a9e-64c4624bad11","2026-05-22 22:39:23.448","2026-05-25 22:39:37.621","5d90f9ca-ff26-4205-9a9e-64c4624bad11","[PREMIUM]","Used",2023,"Hyundai","ELANTRA","SEL","[PREMIUM]","[PREMIUM]",29259,"Sedan","Gray","BLACK","Rear-wheel Drive",,,"Gasoline",,,"dealership","[PREMIUM]","O'Fallon","IL","[PREMIUM]",,"[]",,,"[PREMIUM]"
"c2e20499-8f58-459b-a382-b4f1f265cf85","2026-05-22 22:39:23.448","2026-05-25 22:39:37.595","c2e20499-8f58-459b-a382-b4f1f265cf85","[PREMIUM]","Used",2023,"Kia","K5","LXS","[PREMIUM]","[PREMIUM]",23533,"Sedan","Gray","Black","Front-wheel Drive",,,,,,"dealership","[PREMIUM]","Orchard Park","NY","[PREMIUM]",,"[]",,,"[PREMIUM]"
"24ec1507-8d02-419c-9660-147576cd0c38","2026-05-22 22:39:23.447","2026-05-22 22:39:23.447","24ec1507-8d02-419c-9660-147576cd0c38","[PREMIUM]","Used",2023,"Ford","Explorer","Limited","[PREMIUM]","[PREMIUM]",77162,"SUV","Oxford White","Sandstone","Four-wheel Drive",,,"Gasoline",,,"dealership","[PREMIUM]","Brookshire","TX","[PREMIUM]",,"[]",,,"[PREMIUM]"
"27169930-4c07-4d94-8c9b-4fb7415c57b9","2026-05-22 22:39:23.441","2026-05-22 22:39:23.441","27169930-4c07-4d94-8c9b-4fb7415c57b9","[PREMIUM]","Used",2023,"Kia","Soul","EX IVT","[PREMIUM]","[PREMIUM]",27886,"Sedan","Gray","Gray","Front-wheel Drive",,,,,,"dealership","[PREMIUM]","Fredericksburg","VA","[PREMIUM]",,"[]",,,"[PREMIUM]"
"9143612e-0dad-4a97-8e8b-2b4752565f4a","2026-05-22 22:39:23.426","2026-05-22 22:39:23.426","9143612e-0dad-4a97-8e8b-2b4752565f4a","[PREMIUM]","Used",2023,"Nissan","Altima","2.5 SL","[PREMIUM]","[PREMIUM]",63707,"Sedan","Brilliant Silver Metallic","Charcoal","All-wheel Drive",,,"Gasoline",,,"dealership","[PREMIUM]","Brookshire","TX","[PREMIUM]",,"[]",,,"[PREMIUM]"
"aa29642e-b29d-4221-97fc-f72c9f4081fc","2026-05-22 22:39:23.423","2026-05-28 22:39:49.382","aa29642e-b29d-4221-97fc-f72c9f4081fc","[PREMIUM]","Used",2023,"Audi","Q3","45 S line Premium","[PREMIUM]","[PREMIUM]",70258,"SUV","Ibis White","Black","All-wheel Drive",,,"Gasoline",,,"dealership","[PREMIUM]","Brookshire","TX","[PREMIUM]",,"[]",,,"[PREMIUM]"
"85da088a-8089-464c-ba3a-bcafe0b1c03e","2026-05-22 22:39:23.420","2026-05-25 22:39:37.631","85da088a-8089-464c-ba3a-bcafe0b1c03e","[PREMIUM]","Used",2023,"Honda","Accord","EX","[PREMIUM]","[PREMIUM]",32978,"Sedan","White","BLACK","Rear-wheel Drive",,,"Gasoline",,,"dealership","[PREMIUM]","Pharr","TX","[PREMIUM]",,"[]",,,"[PREMIUM]"
"90b7186a-0cb7-45e5-adbb-5478dab35725","2026-05-22 22:39:23.418","2026-05-25 22:39:37.207","90b7186a-0cb7-45e5-adbb-5478dab35725","[PREMIUM]","Used",2023,"Nissan","Altima","SV","[PREMIUM]","[PREMIUM]",7586,"Sedan","Gray","BLACK","Rear-wheel Drive",,,"Gasoline",,,"dealership","[PREMIUM]","Charlotte","NC","[PREMIUM]",,"[]",,,"[PREMIUM]"
"b6bf7a75-2193-455e-8b15-dbed39a1d4c3","2026-05-22 22:39:23.417","2026-05-25 22:39:37.584","b6bf7a75-2193-455e-8b15-dbed39a1d4c3","[PREMIUM]","Used",2023,"Honda","Civic",,"[PREMIUM]","[PREMIUM]",31727,"Sedan","Sonic Gray Pearl","Black",,,,,,,"dealership","[PREMIUM]","Huntington","NY","[PREMIUM]",,"[]",,,"[PREMIUM]"
"999bef9d-3a44-4e59-b2d4-72ec14fd7581","2026-05-22 22:39:12.967","2026-05-22 22:39:12.967","999bef9d-3a44-4e59-b2d4-72ec14fd7581","[PREMIUM]","Used",2023,"Volkswagen","Tiguan","SE","[PREMIUM]","[PREMIUM]",51884,"SUV","Black","BLACK","Four-wheel Drive",,,"Gasoline",,,"dealership","[PREMIUM]","Newport News","VA","[PREMIUM]",,"[]",,,"[PREMIUM]"
"59295dd5-6d79-4269-af4d-ae30a35192b7","2026-05-22 22:39:12.964","2026-05-22 22:39:12.964","59295dd5-6d79-4269-af4d-ae30a35192b7","[PREMIUM]","Used",2023,"Nissan","Rogue","SV","[PREMIUM]","[PREMIUM]",25749,"SUV","Black","BLACK","Four-wheel Drive",,,"Gasoline",,,"dealership","[PREMIUM]","Harrisonburg","VA","[PREMIUM]",,"[]",,,"[PREMIUM]"
"1fc583c0-00f6-46de-a459-bf9bc71f9e28","2026-05-22 22:39:12.953","2026-05-28 22:39:37.170","1fc583c0-00f6-46de-a459-bf9bc71f9e28","[PREMIUM]","Used",2023,"Honda","HR-V",,"[PREMIUM]","[PREMIUM]",20440,"SUV","Platinum White Pearl","Black",,,,"Gasoline",,,"dealership","[PREMIUM]","Dublin","CA","[PREMIUM]",,"[]",,,"[PREMIUM]"
"40f7e8a8-9f57-425a-9b3d-e4e291da7919","2026-05-22 22:39:02.791","2026-05-25 22:39:06.341","40f7e8a8-9f57-425a-9b3d-e4e291da7919","[PREMIUM]","Used",2023,"Toyota","Corolla","LE","[PREMIUM]","[PREMIUM]",24158,"Sedan","Gray","GRAY","Rear-wheel Drive",,,"Gasoline",,,"dealership","[PREMIUM]","Gainesville","FL","[PREMIUM]",,"[]",,,"[PREMIUM]"
"ba4da393-a0d9-49f4-939e-53bc71e2fcd7","2026-05-22 22:38:52.741","2026-05-22 22:38:52.741","ba4da393-a0d9-49f4-939e-53bc71e2fcd7","[PREMIUM]","Used",2023,"Kia","Sportage","LX","[PREMIUM]","[PREMIUM]",30410,"SUV","White","BLACK","Four-wheel Drive",,,"Gasoline",,,"dealership","[PREMIUM]","Colorado Springs","CO","[PREMIUM]",,"[]",,,"[PREMIUM]"
"a45801b1-4c62-4de4-9e9c-e1f151f780c0","2026-05-22 22:38:52.726","2026-05-22 22:38:52.726","a45801b1-4c62-4de4-9e9c-e1f151f780c0","[PREMIUM]","Used",2023,"Kia","Sportage Hybrid","LX","[PREMIUM]","[PREMIUM]",40014,"SUV","Snow White Pearl","Black","All-wheel Drive",,,,,,"dealership","[PREMIUM]","Lake Katrine","NY","[PREMIUM]",,"[]",,,"[PREMIUM]"
"57ab7875-7891-4237-8235-1c431e77063f","2026-05-22 22:38:52.721","2026-05-25 22:38:56.250","57ab7875-7891-4237-8235-1c431e77063f","[PREMIUM]","Used",2023,"Hyundai","TUCSON","SEL","[PREMIUM]","[PREMIUM]",43801,"SUV","Black","BLACK","Rear-wheel Drive",,,"Gasoline",,,"dealership","[PREMIUM]","Austin","TX","[PREMIUM]",,"[]",,,"[PREMIUM]"
"494f7e2f-1c94-4783-b877-c68f8fad8f70","2026-05-22 22:38:52.686","2026-05-22 22:38:52.686","494f7e2f-1c94-4783-b877-c68f8fad8f70","[PREMIUM]","Used",2023,"Volkswagen","ID.4","PRO S","[PREMIUM]","[PREMIUM]",24214,"SUV","Silver","BLACK","Rear-wheel Drive",,,"Electric",,,"dealership","[PREMIUM]","Santa Rosa","CA","[PREMIUM]",,"[]",,,"[PREMIUM]"
"a967792f-c811-47cb-a80e-351d64f787ef","2026-05-22 22:38:52.632","2026-05-22 22:38:52.632","a967792f-c811-47cb-a80e-351d64f787ef","[PREMIUM]","Used",2023,"Nissan","Rogue","SV","[PREMIUM]","[PREMIUM]",12476,"SUV","Blue","GRAY","Four-wheel Drive",,,"Gasoline",,,"dealership","[PREMIUM]","Raleigh","NC","[PREMIUM]",,"[]",,,"[PREMIUM]"
"60a81f05-09ba-4d88-ae0e-a6fad4801496","2026-05-22 22:38:52.629","2026-05-25 22:39:16.855","60a81f05-09ba-4d88-ae0e-a6fad4801496","[PREMIUM]","Used",2023,"Nissan","Rogue","SV","[PREMIUM]","[PREMIUM]",2819,"SUV","White","BLACK","Rear-wheel Drive",,,"Gasoline",,,"dealership","[PREMIUM]","Glen Allen","VA","[PREMIUM]",,"[]",,,"[PREMIUM]"
"481703b4-ac7b-4c3d-87b0-a9773f3b2faf","2026-05-22 22:38:52.625","2026-05-22 22:38:52.625","481703b4-ac7b-4c3d-87b0-a9773f3b2faf","[PREMIUM]","Used",2023,"Hyundai","TUCSON","SEL","[PREMIUM]","[PREMIUM]",33641,"SUV","Gray","BLACK","Rear-wheel Drive",,,"Gasoline",,,"dealership","[PREMIUM]","Pineville","NC","[PREMIUM]",,"[]",,,"[PREMIUM]"
"5fb42f11-48d2-4988-83d8-d4ac4e8e9f83","2026-05-22 22:38:52.620","2026-05-22 22:38:52.620","5fb42f11-48d2-4988-83d8-d4ac4e8e9f83","[PREMIUM]","Used",2023,"Kia","Seltos","SX","[PREMIUM]","[PREMIUM]",49422,"SUV","Blue","BLACK","Four-wheel Drive",,,"Gasoline",,,"dealership","[PREMIUM]","Richmond","TX","[PREMIUM]",,"[]",,,"[PREMIUM]"
"52e90e7d-0f9b-4b93-993a-ac21d2ec022a","2026-05-22 22:38:52.617","2026-05-28 22:39:15.900","52e90e7d-0f9b-4b93-993a-ac21d2ec022a","[PREMIUM]","Used",2023,"Chevrolet","Trailblazer","LT","[PREMIUM]","[PREMIUM]",39612,"SUV","Silver","GRAY","Rear-wheel Drive",,,"Gasoline",,,"dealership","[PREMIUM]","Burbank","CA","[PREMIUM]",,"[]",,,"[PREMIUM]"
"d91d88fb-2173-452f-aa39-4cccf244d41d","2026-05-22 22:38:52.608","2026-05-25 22:38:56.802","d91d88fb-2173-452f-aa39-4cccf244d41d","[PREMIUM]","Used",2023,"Nissan","Rogue","S","[PREMIUM]","[PREMIUM]",24362,"SUV","Black","BLACK","Four-wheel Drive",,,"Gasoline",,,"dealership","[PREMIUM]","Wilmington","NC","[PREMIUM]",,"[]",,,"[PREMIUM]"
"dd56d214-b7f0-484c-bb8b-aafd5958fc3a","2026-05-22 22:38:52.604","2026-05-22 22:38:52.604","dd56d214-b7f0-484c-bb8b-aafd5958fc3a","[PREMIUM]","Used",2023,"Volkswagen","Tiguan","S","[PREMIUM]","[PREMIUM]",28642,"SUV","Gray","BLACK","Rear-wheel Drive",,,"Gasoline",,,"dealership","[PREMIUM]","Houston","TX","[PREMIUM]",,"[]",,,"[PREMIUM]"
"69ba4a63-cdc4-4f61-9d32-a44d0bd057cb","2026-05-22 22:38:42.368","2026-05-25 22:38:56.263","69ba4a63-cdc4-4f61-9d32-a44d0bd057cb","[PREMIUM]","Used",2023,"Volkswagen","Taos","SE","[PREMIUM]","[PREMIUM]",21406,"SUV","White","GRAY","Four-wheel Drive",,,"Gasoline",,,"dealership","[PREMIUM]","Littleton","CO","[PREMIUM]",,"[]",,,"[PREMIUM]"
"8dc17c24-4fc1-4be0-b7fd-bb65571c9c98","2026-05-22 22:38:42.319","2026-05-22 22:38:42.319","8dc17c24-4fc1-4be0-b7fd-bb65571c9c98","[PREMIUM]","Used",2023,"Nissan","Altima","SR","[PREMIUM]","[PREMIUM]",30525,"Sedan","Gray","BLACK","Four-wheel Drive",,,"Gasoline",,,"dealership","[PREMIUM]","Newark","DE","[PREMIUM]",,"[]",,,"[PREMIUM]"
"ed34ec71-4176-4b66-bf80-67aee6d46dde","2026-05-22 22:38:42.316","2026-05-22 22:38:42.316","ed34ec71-4176-4b66-bf80-67aee6d46dde","[PREMIUM]","Used",2023,"Chevrolet","Equinox","Premier","[PREMIUM]","[PREMIUM]",46801,"SUV","Gray","BLACK","Rear-wheel Drive",,,"Gasoline",,,"dealership","[PREMIUM]","Myrtle Beach","SC","[PREMIUM]",,"[]",,,"[PREMIUM]"
"075ecdcb-60c5-4d1c-897e-a639064c23dc","2026-05-22 22:38:42.279","2026-05-22 22:38:42.279","075ecdcb-60c5-4d1c-897e-a639064c23dc","[PREMIUM]","Used",2023,"Chrysler","Pacifica","Touring L","[PREMIUM]","[PREMIUM]",58820,"Passenger Van","Gray","BLACK","Rear-wheel Drive",,,"Gasoline",,,"dealership","[PREMIUM]","Gainesville","FL","[PREMIUM]",,"[]",,,"[PREMIUM]"
"7f863079-3d76-4977-bfd1-38e3631dab30","2026-05-22 22:38:42.279","2026-05-22 22:38:42.279","7f863079-3d76-4977-bfd1-38e3631dab30","[PREMIUM]","Used",2023,"Nissan","Altima","SV","[PREMIUM]","[PREMIUM]",39108,"Sedan","White","BLACK","4WD",,,"Gas",,,"dealership","[PREMIUM]","Laurel","MD","[PREMIUM]",,"[]",,,"[PREMIUM]"
"af82c56c-8039-492e-9d17-aeb01a4cf64a","2026-05-22 22:38:22.177","2026-05-25 22:38:36.242","af82c56c-8039-492e-9d17-aeb01a4cf64a","[PREMIUM]","Used",2023,"Nissan","Rogue","S","[PREMIUM]","[PREMIUM]",24430,"SUV","Gray","BLACK","Four-wheel Drive",,,"Gasoline",,,"dealership","[PREMIUM]","Raleigh","NC","[PREMIUM]",,"[]",,,"[PREMIUM]"
"a44bafd6-7b61-463c-ad9c-ed413db47b78","2026-05-22 22:38:11.972","2026-05-22 22:38:11.972","a44bafd6-7b61-463c-ad9c-ed413db47b78","[PREMIUM]","Used",2023,"Buick","Encore GX","Select","[PREMIUM]","[PREMIUM]",26349,"SUV","Silver","BLACK","Rear-wheel Drive",,,"Gasoline",,,"dealership","[PREMIUM]","Raleigh","NC","[PREMIUM]",,"[]",,,"[PREMIUM]"
"b3deafa7-4d78-4264-a2a8-e35d21fea296","2026-05-22 22:38:11.939","2026-05-22 22:38:11.939","b3deafa7-4d78-4264-a2a8-e35d21fea296","[PREMIUM]","Used",2023,"Hyundai","TUCSON","SEL","[PREMIUM]","[PREMIUM]",29973,"SUV","Red","BLACK","Four-wheel Drive",,,"Gasoline",,,"dealership","[PREMIUM]","Wilmington","NC","[PREMIUM]",,"[]",,,"[PREMIUM]"
"85d7dfef-901a-4579-a376-44f174d0504d","2026-05-22 22:38:11.929","2026-05-25 22:38:25.699","85d7dfef-901a-4579-a376-44f174d0504d","[PREMIUM]","Used",2023,"Chevrolet","Equinox","LT","[PREMIUM]","[PREMIUM]",13336,"SUV","Red","BLACK","Four-wheel Drive",,,"Gasoline",,,"dealership","[PREMIUM]","Madison","WI","[PREMIUM]",,"[]",,,"[PREMIUM]"
"8e93eb1f-e6b0-458b-85db-e023386fed7c","2026-05-22 22:38:01.814","2026-05-22 22:38:01.814","8e93eb1f-e6b0-458b-85db-e023386fed7c","[PREMIUM]","Used",2023,"Mazda","CX-5","2.5 S Premium Package","[PREMIUM]","[PREMIUM]",55905,"SUV","Black","BLACK","Four-wheel Drive",,,"Gasoline",,,"dealership","[PREMIUM]","Davie","FL","[PREMIUM]",,"[]",,,"[PREMIUM]"
"2d6d65fc-e604-40b2-a7f5-ed73d6dada04","2026-05-22 22:38:01.798","2026-05-22 22:38:01.798","2d6d65fc-e604-40b2-a7f5-ed73d6dada04","[PREMIUM]","Used",2023,"Honda","Accord","EX","[PREMIUM]","[PREMIUM]",63084,"Sedan","Black","BLACK","Rear-wheel Drive",,,"Gasoline",,,"dealership","[PREMIUM]","Tulsa","OK","[PREMIUM]",,"[]",,,"[PREMIUM]"
"793a18c8-c2c3-4601-b0fa-1c38b4d6d87e","2026-05-22 22:37:51.581","2026-05-22 22:37:51.581","793a18c8-c2c3-4601-b0fa-1c38b4d6d87e","[PREMIUM]","Used",2023,"Kia","Forte","GT-Line","[PREMIUM]","[PREMIUM]",61087,"Sedan","Gray","BLACK","Rear-wheel Drive",,,"Gasoline",,,"dealership","[PREMIUM]","Tolleson","AZ","[PREMIUM]",,"[]",,,"[PREMIUM]"
"e5978166-9271-4ede-ad50-b210273a8635","2026-05-22 22:37:21.462","2026-05-25 22:37:35.146","e5978166-9271-4ede-ad50-b210273a8635","[PREMIUM]","Used",2024,"Chevrolet","Express 2500","LT","[PREMIUM]","[PREMIUM]",195371,"Cargo Van","Silver","Gray","Rear-wheel Drive",,,"Gasoline",,,"dealership","[PREMIUM]","Louisville","TN","[PREMIUM]",,"[]",,,"[PREMIUM]"
"64e6d4bc-d65c-42d9-9d85-7a39038a476d","2026-05-22 22:37:21.444","2026-05-25 22:37:24.932","64e6d4bc-d65c-42d9-9d85-7a39038a476d","[PREMIUM]","Used",2024,"Volkswagen","Jetta","1.5T Sport","[PREMIUM]","[PREMIUM]",31688,"Sedan","Pure White","Titan Black","Front-wheel Drive",,,"Gasoline",,,"dealership","[PREMIUM]","Pembroke Pines","FL","[PREMIUM]",,"[]",,,"[PREMIUM]"
"aa49e063-7979-487e-9d1c-cee4a2b49ed7","2026-05-22 22:36:51.299","2026-05-22 22:36:51.299","aa49e063-7979-487e-9d1c-cee4a2b49ed7","[PREMIUM]","Used",2024,"Jeep","Compass","Limited","[PREMIUM]","[PREMIUM]",20760,"SUV","Bright White Clearcoat","Black","Four-wheel Drive",,,"Gasoline",,,"dealership","[PREMIUM]","Denison","TX","[PREMIUM]",,"[]",,,"[PREMIUM]"
"fae83bda-43e4-4f6d-bd5c-48eb1cb11c43","2026-05-22 22:36:31.153","2026-05-22 22:36:31.153","fae83bda-43e4-4f6d-bd5c-48eb1cb11c43","[PREMIUM]","Used",2024,"Subaru","Impreza","Base","[PREMIUM]","[PREMIUM]",20768,"Hatchback","Crystal Black Silica","Black","All-wheel Drive",,,"Gasoline",,,"dealership","[PREMIUM]","Bakersfield","CA","[PREMIUM]",,"[]",,,"[PREMIUM]"
"274dc6ef-9ccc-451c-a9fb-72d61642c26d","2026-05-22 22:36:31.142","2026-05-22 22:36:31.142","274dc6ef-9ccc-451c-a9fb-72d61642c26d","[PREMIUM]","Used",2024,"Subaru","Crosstrek","Base","[PREMIUM]","[PREMIUM]",38193,"SUV","Crystal Black Silica","Gray","All-wheel Drive",,,"Gasoline",,,"dealership","[PREMIUM]","Kingston","NY","[PREMIUM]",,"[]",,,"[PREMIUM]"
"29035792-7599-44d3-aae2-f24da13747b2","2026-05-22 22:36:31.141","2026-05-22 22:36:31.141","29035792-7599-44d3-aae2-f24da13747b2","[PREMIUM]","Used",2024,"Hyundai","ELANTRA","SEL","[PREMIUM]","[PREMIUM]",28425,"Sedan","Blue","GRAY","Rear-wheel Drive",,,"Gasoline",,,"dealership","[PREMIUM]","Austin","TX","[PREMIUM]",,"[]",,,"[PREMIUM]"
"9075a338-db0e-4cc5-84a8-e5c0cf694e10","2026-05-22 22:36:31.137","2026-05-22 22:36:31.137","9075a338-db0e-4cc5-84a8-e5c0cf694e10","[PREMIUM]","Used",2024,"Subaru","Impreza","Sport","[PREMIUM]","[PREMIUM]",63462,"Hatchback","White","GRAY","Four-wheel Drive",,,"Gasoline",,,"dealership","[PREMIUM]","Greenville","SC","[PREMIUM]",,"[]",,,"[PREMIUM]"
"0b9d9e0b-8671-4d83-948a-0c633027f2cb","2026-05-22 22:36:21.016","2026-05-22 22:36:21.016","0b9d9e0b-8671-4d83-948a-0c633027f2cb","[PREMIUM]","Used",2024,"Kia","Seltos","LX","[PREMIUM]","[PREMIUM]",11686,"SUV","Fusion Black","Black","All-wheel Drive",,,,,,"dealership","[PREMIUM]","Papillion","NE","[PREMIUM]",,"[]",,,"[PREMIUM]"
"af21733c-a372-4ba0-9561-8eba1b17d7ca","2026-05-22 22:36:10.943","2026-05-25 22:36:24.563","af21733c-a372-4ba0-9561-8eba1b17d7ca","[PREMIUM]","Used",2024,"Nissan","Sentra","SV","[PREMIUM]","[PREMIUM]",3807,"Sedan","Red","BLACK","Rear-wheel Drive",,,"Gasoline",,,"dealership","[PREMIUM]","Memphis","TN","[PREMIUM]",,"[]",,,"[PREMIUM]"
"0e7a9367-4be5-4382-9743-b9ce6a300197","2026-05-22 22:34:01.061","2026-05-25 22:34:13.833","0e7a9367-4be5-4382-9743-b9ce6a300197","[PREMIUM]","Used",2024,"Honda","Civic","Sport","[PREMIUM]","[PREMIUM]",28406,"Hatchback","Red","BLACK","Rear-wheel Drive",,,"Gasoline",,,"dealership","[PREMIUM]","Columbus","OH","[PREMIUM]",,"[]",,,"[PREMIUM]"
"b6c447d5-cd66-4d2a-a71a-86b7cc0e3e4e","2026-05-22 22:34:00.694","2026-05-25 22:34:14.504","b6c447d5-cd66-4d2a-a71a-86b7cc0e3e4e","[PREMIUM]","Used",2024,"Kia","Seltos","S","[PREMIUM]","[PREMIUM]",41852,"SUV","Dark Ocean Blue/White Roof","Black","All-wheel Drive",,,,,,"dealership","[PREMIUM]","Manahawkin","NJ","[PREMIUM]",,"[]",,,"[PREMIUM]"
"fcca07a6-76b5-4fbd-99c1-a6e8edbf2a92","2026-05-22 22:34:00.657","2026-05-22 22:34:00.657","fcca07a6-76b5-4fbd-99c1-a6e8edbf2a92","[PREMIUM]","Used",2024,"Nissan","Rogue","S","[PREMIUM]","[PREMIUM]",31796,"SUV","Gray","BLACK","Rear-wheel Drive",,,"Gasoline",,,"dealership","[PREMIUM]","Bakersfield","CA","[PREMIUM]",,"[]",,,"[PREMIUM]"
"fd31a553-cb50-4256-bdda-10e14ce2c599","2026-05-22 22:34:00.593","2026-05-22 22:34:00.593","fd31a553-cb50-4256-bdda-10e14ce2c599","[PREMIUM]","Used",2024,"Kia","Seltos","EX","[PREMIUM]","[PREMIUM]",47990,"SUV","Black","BROWN","Four-wheel Drive",,,"Gasoline",,,"dealership","[PREMIUM]","Gastonia","NC","[PREMIUM]",,"[]",,,"[PREMIUM]"
"922725c9-466f-4529-8142-977227544cfe","2026-05-22 22:34:00.576","2026-05-22 22:34:00.576","922725c9-466f-4529-8142-977227544cfe","[PREMIUM]","Used",2024,"Nissan","Altima","SV","[PREMIUM]","[PREMIUM]",29794,"Sedan","White","BLACK","Rear-wheel Drive",,,"Gasoline",,,"dealership","[PREMIUM]","Newark","DE","[PREMIUM]",,"[]",,,"[PREMIUM]"
"e271e17d-531f-4247-b92c-04c2276d0372","2026-05-22 22:34:00.571","2026-05-25 22:34:14.221","e271e17d-531f-4247-b92c-04c2276d0372","[PREMIUM]","Used",2024,"Nissan","Rogue","SV","[PREMIUM]","[PREMIUM]",49507,"SUV","Black","BLACK","Four-wheel Drive",,,"Gasoline",,,"dealership","[PREMIUM]","Salem","OR","[PREMIUM]",,"[]",,,"[PREMIUM]"
"449ae327-8193-41aa-9d51-a7bd5c0cf3bc","2026-05-22 22:34:00.557","2026-05-25 22:34:14.167","449ae327-8193-41aa-9d51-a7bd5c0cf3bc","[PREMIUM]","Used",2024,"Volkswagen","Taos","SE","[PREMIUM]","[PREMIUM]",17423,"SUV","Blue","BLACK","Four-wheel Drive",,,"Gasoline",,,"dealership","[PREMIUM]","Raleigh","NC","[PREMIUM]",,"[]",,,"[PREMIUM]"
"fc2acd44-9a24-44fb-aa96-ed4b1aebd433","2026-05-22 22:34:00.535","2026-05-22 22:34:00.535","fc2acd44-9a24-44fb-aa96-ed4b1aebd433","[PREMIUM]","Used",2024,"Honda","Civic","Sport","[PREMIUM]","[PREMIUM]",26289,"Sedan","Blue","BLACK","Rear-wheel Drive",,,"Gasoline",,,"dealership","[PREMIUM]","Lakeland","FL","[PREMIUM]",,"[]",,,"[PREMIUM]"
"ecc11f03-811b-4691-9d93-33267dd2eefd","2026-05-22 22:33:20.925","2026-05-22 22:33:20.925","ecc11f03-811b-4691-9d93-33267dd2eefd","[PREMIUM]","Used",2024,"Nissan","Altima","SR","[PREMIUM]","[PREMIUM]",22418,"Sedan","White","BLACK","Rear-wheel Drive",,,"Gasoline",,,"dealership","[PREMIUM]","Jackson","TN","[PREMIUM]",,"[]",,,"[PREMIUM]"
"067adb2a-f834-4c77-8a76-9b33704670c8","2026-05-22 22:33:20.438","2026-05-22 22:33:20.438","067adb2a-f834-4c77-8a76-9b33704670c8","[PREMIUM]","Used",2024,"Kia","Seltos","S","[PREMIUM]","[PREMIUM]",39378,"SUV","Neptune Blue","Black","All-wheel Drive",,,,,,"dealership","[PREMIUM]","Papillion","NE","[PREMIUM]",,"[]",,,"[PREMIUM]"
"5c073362-ec2d-4dec-bdc4-f55c7bde7356","2026-05-22 22:33:00.208","2026-05-22 22:33:00.208","5c073362-ec2d-4dec-bdc4-f55c7bde7356","[PREMIUM]","Used",2024,"Mazda","CX-5","2.5 S Select Package","[PREMIUM]","[PREMIUM]",57419,"SUV","Tan","BLACK","Four-wheel Drive",,,"Gasoline",,,"dealership","[PREMIUM]","Laurel","MD","[PREMIUM]",,"[]",,,"[PREMIUM]"
"87291dd4-24c8-467c-b961-6a2531c2581b","2026-05-22 22:33:00.192","2026-05-22 22:33:00.192","87291dd4-24c8-467c-b961-6a2531c2581b","[PREMIUM]","Used",2024,"Hyundai","SONATA","SEL","[PREMIUM]","[PREMIUM]",11758,"Sedan","White","BLACK","Rear-wheel Drive",,,"Gasoline",,,"dealership","[PREMIUM]","Woodbridge","VA","[PREMIUM]",,"[]",,,"[PREMIUM]"
"5f5a6657-181a-4a0e-bbf9-f1fefff33bb4","2026-05-22 22:32:50.031","2026-05-22 22:32:50.031","5f5a6657-181a-4a0e-bbf9-f1fefff33bb4","[PREMIUM]","Used",2024,"Toyota","Corolla","SE","[PREMIUM]","[PREMIUM]",9991,"Sedan","Silver","BLACK","Rear-wheel Drive",,,"Gasoline",,,"dealership","[PREMIUM]","Lynnwood","WA","[PREMIUM]",,"[]",,,"[PREMIUM]"
"08f7250b-8548-4e76-a095-2e58bc0e3a67","2026-05-22 22:32:50.015","2026-05-22 22:32:50.015","08f7250b-8548-4e76-a095-2e58bc0e3a67","[PREMIUM]","Used",2024,"Volkswagen","Tiguan","Wolfsburg Edition","[PREMIUM]","[PREMIUM]",42420,"SUV","White","BLACK","Rear-wheel Drive",,,"Gasoline",,,"dealership","[PREMIUM]","Tinley Park","IL","[PREMIUM]",,"[]",,,"[PREMIUM]"
"a19da2b7-37b8-44f5-857c-0a741a9f9144","2026-05-22 22:32:50.002","2026-05-22 22:32:50.002","a19da2b7-37b8-44f5-857c-0a741a9f9144","[PREMIUM]","Used",2024,"Ford","Escape","ST-Line","[PREMIUM]","[PREMIUM]",56592,"SUV","Black","BLACK","4WD",,,"Gas",,,"dealership","[PREMIUM]","Charlotte","NC","[PREMIUM]",,"[]",,,"[PREMIUM]"
"2d20b9aa-0c09-4214-9f7d-f8ee8fc0bdf0","2026-05-22 22:31:59.738","2026-05-22 22:31:59.738","2d20b9aa-0c09-4214-9f7d-f8ee8fc0bdf0","[PREMIUM]","Used",2025,"Subaru","Legacy","Base","[PREMIUM]","[PREMIUM]",10433,"Sedan","Cosmic Blue Pearl","Slate Black","All-wheel Drive",,,"Gasoline",,,"dealership","[PREMIUM]","Uxbridge","MA","[PREMIUM]",,"[]",,,"[PREMIUM]"
"23ea2a8b-d876-4189-bced-2c3071e95693","2026-05-22 22:31:49.743","2026-05-25 22:31:53.212","23ea2a8b-d876-4189-bced-2c3071e95693","[PREMIUM]","Used",2025,"Chevrolet","Trax","FWD 2RS","[PREMIUM]","[PREMIUM]",35746,"SUV","Crimson Metallic","Jet Black w/Red Accents","Front-wheel Drive",,,"Gasoline",,,"dealership","[PREMIUM]","Clearwater","FL","[PREMIUM]",,"[]",,,"[PREMIUM]"
"de9726f3-db12-424e-a996-025fa1bfa90f","2026-05-22 22:31:49.630","2026-05-22 22:31:49.630","de9726f3-db12-424e-a996-025fa1bfa90f","[PREMIUM]","Used",2025,"Buick","Envista","Preferred FWD","[PREMIUM]","[PREMIUM]",25343,"SUV","Ebony Twilight Metallic","Ebony w/Ebony Interior","Front-wheel Drive",,,"Gasoline",,,"dealership","[PREMIUM]","Cleveland","OH","[PREMIUM]",,"[]",,,"[PREMIUM]"
"8d94fddf-7157-4243-9896-9eea1283f03a","2026-05-22 22:31:39.388","2026-05-22 22:31:39.388","8d94fddf-7157-4243-9896-9eea1283f03a","[PREMIUM]","Used",2025,"Jeep","Compass","Limited","[PREMIUM]","[PREMIUM]",39342,"SUV","Silver Zynith Metallic Clearcoat","Black","Four Wheel Drive",,,"Regular unleaded",,,"dealership","[PREMIUM]","Jacksonville","FL","[PREMIUM]",,"[]",,,"[PREMIUM]"
"a8589099-7398-4ea7-b8ba-b32aa611a1b2","2026-05-22 22:31:39.386","2026-05-22 22:31:39.386","a8589099-7398-4ea7-b8ba-b32aa611a1b2","[PREMIUM]","Used",2025,"Nissan","Rogue","SV","[PREMIUM]","[PREMIUM]",40914,"SUV","Super Black","charcoal","All Wheel Drive",,,"Regular unleaded",,,"dealership","[PREMIUM]","Sterling","IL","[PREMIUM]",,"[]",,,"[PREMIUM]"
"20ce0da5-f005-4621-ad53-86a128efd792","2026-05-22 22:31:39.376","2026-05-22 22:31:39.376","20ce0da5-f005-4621-ad53-86a128efd792","[PREMIUM]","Used",2025,"Jeep","Compass","Trailhawk","[PREMIUM]","[PREMIUM]",37399,"SUV","Bright White Clearcoat","Ruby Red/Black","Four Wheel Drive",,,"Regular unleaded",,,"dealership","[PREMIUM]","Jacksonville","FL","[PREMIUM]",,"[]",,,"[PREMIUM]"
"7b976830-92af-4cd2-9ca9-6bd85b566cb2","2026-05-22 22:31:39.374","2026-05-22 22:31:39.374","7b976830-92af-4cd2-9ca9-6bd85b566cb2","[PREMIUM]","Used",2025,"Kia","Seltos","S","[PREMIUM]","[PREMIUM]",21840,"SUV","Gravity Gray","Black","Front Wheel Drive",,,"Regular unleaded",,,"dealership","[PREMIUM]","Sterling","IL","[PREMIUM]",,"[]",,,"[PREMIUM]"
"9cf8c1c7-899c-4b9d-ab32-a3df5a3fee7e","2026-05-22 22:31:39.367","2026-05-22 22:31:39.367","9cf8c1c7-899c-4b9d-ab32-a3df5a3fee7e","[PREMIUM]","Used",2025,"Nissan","Altima","SR","[PREMIUM]","[PREMIUM]",23928,"Sedan","Gun Metallic","Charcoal","Front-wheel Drive",,,"Gasoline",,,"dealership","[PREMIUM]","Gonzales","LA","[PREMIUM]",,"[]",,,"[PREMIUM]"
"e34cc2eb-0e66-495d-8499-b93c1171f402","2026-05-22 22:31:39.342","2026-05-22 22:31:39.342","e34cc2eb-0e66-495d-8499-b93c1171f402","[PREMIUM]","Used",2025,"Nissan","Versa","1.6 S","[PREMIUM]","[PREMIUM]",15059,"Sedan","Fresh Powder","Charcoal","Front-wheel Drive",,,"Gasoline",,,"dealership","[PREMIUM]","Greenville","SC","[PREMIUM]",,"[]",,,"[PREMIUM]"
"20a80939-bb5c-476f-9245-29c31bbaeed1","2026-05-22 22:31:39.329","2026-05-22 22:31:39.329","20a80939-bb5c-476f-9245-29c31bbaeed1","[PREMIUM]","Used",2025,"Nissan","Sentra","SV","[PREMIUM]","[PREMIUM]",12589,"Sedan","Gun Metallic","Charcoal","Front-wheel Drive",,,"Gasoline",,,"dealership","[PREMIUM]","Fort Wayne","IN","[PREMIUM]",,"[]",,,"[PREMIUM]"
"898ed6b4-96d3-44e9-8448-92aac16e8e2c","2026-05-22 22:31:39.329","2026-05-22 22:31:39.329","898ed6b4-96d3-44e9-8448-92aac16e8e2c","[PREMIUM]","Used",2025,"Toyota","Camry","LE","[PREMIUM]","[PREMIUM]",47667,"Sedan","Ice","Black","Front-wheel Drive",,,"Gasoline",,,"dealership","[PREMIUM]","Laurel","MD","[PREMIUM]",,"[]",,,"[PREMIUM]"
"17f51ae7-97b4-441a-a43f-0a74048e627e","2026-05-22 22:31:39.318","2026-05-22 22:31:39.318","17f51ae7-97b4-441a-a43f-0a74048e627e","[PREMIUM]","Used",2025,"Kia","K4","LXS","[PREMIUM]","[PREMIUM]",18514,"Sedan","Snow White Pearl","Gray","Front-wheel Drive",,,"Gasoline",,,"dealership","[PREMIUM]","Nashville","TN","[PREMIUM]",,"[]",,,"[PREMIUM]"
"c6725af4-2bbe-4b02-8989-4bc61a3f932f","2026-05-22 22:31:00.687","2026-05-22 22:31:00.687","c6725af4-2bbe-4b02-8989-4bc61a3f932f","[PREMIUM]","Used",2025,"Kia","K4","LXS","[PREMIUM]","[PREMIUM]",12594,"Sedan","Aurora Black Pearl","Gray","Front-wheel Drive",,,"Gasoline",,,"dealership","[PREMIUM]","Lake City","FL","[PREMIUM]",,"[]",,,"[PREMIUM]"
"b81fa096-badc-4cd5-9031-f2e010d97ab9","2026-05-22 22:30:59.175","2026-05-22 22:30:59.175","b81fa096-badc-4cd5-9031-f2e010d97ab9","[PREMIUM]","Used",2025,"Hyundai","ELANTRA","SEL Sport","[PREMIUM]","[PREMIUM]",7096,"Sedan","Red","GRAY","Rear-wheel Drive",,,"Gasoline",,,"dealership","[PREMIUM]","Murfreesboro","TN","[PREMIUM]",,"[]",,,"[PREMIUM]"
"a88dfa10-6fd2-4a7b-ae82-34821010a108","2026-05-22 22:30:58.856","2026-05-22 22:30:58.856","a88dfa10-6fd2-4a7b-ae82-34821010a108","[PREMIUM]","Used",2025,"Kia","Soul","LX","[PREMIUM]","[PREMIUM]",9989,"Hatchback","White","Black","Front-wheel Drive",,,"Gasoline",,,"dealership","[PREMIUM]","Pinellas Park","FL","[PREMIUM]",,"[]",,,"[PREMIUM]"
"e8109781-8fce-4f00-80e1-ac87f38bf6a3","2026-05-22 22:30:58.853","2026-05-22 22:30:58.853","e8109781-8fce-4f00-80e1-ac87f38bf6a3","[PREMIUM]","Used",2025,"Hyundai","ELANTRA","SEL Sport","[PREMIUM]","[PREMIUM]",6958,"Sedan","Red","BLACK","Rear-wheel Drive",,,"Gasoline",,,"dealership","[PREMIUM]","Murfreesboro","TN","[PREMIUM]",,"[]",,,"[PREMIUM]"
"e5a180dc-eec2-4bee-aa13-e727baca7ae5","2026-05-22 22:30:58.852","2026-05-22 22:30:58.852","e5a180dc-eec2-4bee-aa13-e727baca7ae5","[PREMIUM]","New",2025,"Hyundai","ELANTRA","SEL Sport","[PREMIUM]","[PREMIUM]",5081,"Sedan","Red","Black","Front-wheel Drive",,,"Gasoline",,,"dealership","[PREMIUM]","Brookshire","TX","[PREMIUM]",,"[]",,,"[PREMIUM]"
"cfce7d34-9efc-4ca7-b2f5-39d375ed80f5","2026-05-22 22:30:58.846","2026-05-22 22:30:58.846","cfce7d34-9efc-4ca7-b2f5-39d375ed80f5","[PREMIUM]","Used",2025,"Hyundai","VENUE","SEL","[PREMIUM]","[PREMIUM]",4235,"SUV","Green","Black","Front-wheel Drive",,,"Gasoline",,,"dealership","[PREMIUM]","Pinellas Park","FL","[PREMIUM]",,"[]",,,"[PREMIUM]"
"5dd3429d-6960-4581-ad67-59a9cd5c1414","2026-05-22 22:30:58.845","2026-05-25 22:31:12.820","5dd3429d-6960-4581-ad67-59a9cd5c1414","[PREMIUM]","Used",2025,"Kia","K4","EX","[PREMIUM]","[PREMIUM]",20729,"Sedan","Black","BLACK","Rear-wheel Drive",,,"Gasoline",,,"dealership","[PREMIUM]","Nashville","TN","[PREMIUM]",,"[]",,,"[PREMIUM]"
"bd6636f0-7261-429c-aac2-34f658bc5259","2026-05-22 22:30:58.835","2026-05-22 22:30:58.835","bd6636f0-7261-429c-aac2-34f658bc5259","[PREMIUM]","Used",2025,"Nissan","Sentra","S","[PREMIUM]","[PREMIUM]",6207,"Sedan","Fresh Powder","Charcoal","Front Wheel Drive",,,"Gasoline",,,"dealership","[PREMIUM]","Katy","TX","[PREMIUM]",,"[]",,,"[PREMIUM]"
"094c7b79-7534-45c9-9c48-2b2bac20c4d3","2026-05-22 22:30:58.830","2026-05-25 22:31:12.887","094c7b79-7534-45c9-9c48-2b2bac20c4d3","[PREMIUM]","Used",2025,"Nissan","Sentra","S","[PREMIUM]","[PREMIUM]",7658,"Sedan","White","BLACK","Rear-wheel Drive",,,"Gasoline",,,"dealership","[PREMIUM]","Midland","TX","[PREMIUM]",,"[]",,,"[PREMIUM]"
"da078a4f-c625-4b17-ad57-9e7b871376d0","2026-05-22 22:30:58.829","2026-05-22 22:30:58.829","da078a4f-c625-4b17-ad57-9e7b871376d0","[PREMIUM]","Used",2025,"Hyundai","ELANTRA","SEL Convenience","[PREMIUM]","[PREMIUM]",15469,"Sedan","Gray","BLACK","Rear-wheel Drive",,,"Gasoline",,,"dealership","[PREMIUM]","Memphis","TN","[PREMIUM]",,"[]",,,"[PREMIUM]"
"c7bd8877-d4ee-4645-a9c6-f2a151efad27","2026-05-22 22:30:58.825","2026-05-22 22:30:58.825","c7bd8877-d4ee-4645-a9c6-f2a151efad27","[PREMIUM]","Used",2025,"Nissan","Rogue","SV","[PREMIUM]","[PREMIUM]",42258,"SUV","Everest White Pearl","charcoal","All Wheel Drive",,,"Regular unleaded",,,"dealership","[PREMIUM]","Sterling","IL","[PREMIUM]",,"[]",,,"[PREMIUM]"
"49e817a3-21e4-409a-a936-b951ae60e275","2026-05-22 22:30:49.417","2026-05-22 22:30:49.417","49e817a3-21e4-409a-a936-b951ae60e275","[PREMIUM]","Used",2025,"Nissan","Rogue","SV","[PREMIUM]","[PREMIUM]",23683,"SUV","Black","BLACK","Rear-wheel Drive",,,"Gasoline",,,"dealership","[PREMIUM]","Greensboro","NC","[PREMIUM]",,"[]",,,"[PREMIUM]"
"192a7c39-4468-409e-91f0-b85b87d33a39","2026-05-22 22:30:48.441","2026-05-22 22:30:48.441","192a7c39-4468-409e-91f0-b85b87d33a39","[PREMIUM]","Used",2025,"Buick","Encore GX","Preferred","[PREMIUM]","[PREMIUM]",28695,"SUV","Black","BLACK","Rear-wheel Drive",,,"Gasoline",,,"dealership","[PREMIUM]","Gilbert","AZ","[PREMIUM]",,"[]",,,"[PREMIUM]"
"fabc1429-d575-4428-b5b6-6814b8fc58f0","2026-05-22 22:30:48.381","2026-05-25 22:31:02.682","fabc1429-d575-4428-b5b6-6814b8fc58f0","[PREMIUM]","Used",2025,"Nissan","Altima","SV","[PREMIUM]","[PREMIUM]",29440,"Sedan","Gray","BLACK","Rear-wheel Drive",,,"Gasoline",,,"dealership","[PREMIUM]","Gastonia","NC","[PREMIUM]",,"[]",,,"[PREMIUM]"
"41033539-3970-4164-87d3-1cd5e713b91e","2026-05-22 22:30:48.341","2026-05-22 22:30:48.341","41033539-3970-4164-87d3-1cd5e713b91e","[PREMIUM]","Used",2025,"Honda","Civic","LX","[PREMIUM]","[PREMIUM]",10342,"Sedan","Red","BLACK","Rear-wheel Drive",,,"Gasoline",,,"dealership","[PREMIUM]","Stockton","CA","[PREMIUM]",,"[]",,,"[PREMIUM]"
"84d998a6-5cf6-4880-b9b1-4b8671d9dc39","2026-05-22 22:30:48.322","2026-05-22 22:30:48.322","84d998a6-5cf6-4880-b9b1-4b8671d9dc39","[PREMIUM]","Used",2025,"Hyundai","KONA","SEL","[PREMIUM]","[PREMIUM]",42919,"SUV","Green","GRAY","Rear-wheel Drive",,,"Gasoline",,,"dealership","[PREMIUM]","Irving","TX","[PREMIUM]",,"[]",,,"[PREMIUM]"
"5618b624-5dbc-4ca7-b7ce-c281b4ed70ab","2026-05-22 22:30:48.311","2026-05-22 22:30:48.311","5618b624-5dbc-4ca7-b7ce-c281b4ed70ab","[PREMIUM]","Used",2025,"Mazda","CX-30","Carbon Edition","[PREMIUM]","[PREMIUM]",30578,"SUV","Gray","RED","Four-wheel Drive",,,"Gasoline",,,"dealership","[PREMIUM]","Charleston","SC","[PREMIUM]",,"[]",,,"[PREMIUM]"
"614fb565-67c9-4e14-ba21-83c2fd36982a","2026-05-22 22:30:48.299","2026-05-22 22:30:48.299","614fb565-67c9-4e14-ba21-83c2fd36982a","[PREMIUM]","Used",2025,"Honda","Civic",,"[PREMIUM]","[PREMIUM]",29621,"Sedan","Crystal Black Pearl","Black",,,,,,,"dealership","[PREMIUM]","Newton","MA","[PREMIUM]",,"[]",,,"[PREMIUM]"
"b650a8f1-2f5e-4d4c-91b4-7983b307c124","2026-05-22 22:30:48.274","2026-05-22 22:30:48.274","b650a8f1-2f5e-4d4c-91b4-7983b307c124","[PREMIUM]","Used",2025,"Nissan","Rogue","SV","[PREMIUM]","[PREMIUM]",19616,"SUV","Gray","BLACK","Rear-wheel Drive",,,"Gasoline",,,"dealership","[PREMIUM]","Greensboro","NC","[PREMIUM]",,"[]",,,"[PREMIUM]"
"4a320606-27b5-4c9e-9073-b3b40702e768","2026-05-22 22:30:48.273","2026-05-22 22:30:48.273","4a320606-27b5-4c9e-9073-b3b40702e768","[PREMIUM]","Used",2025,"Nissan","Sentra","SV","[PREMIUM]","[PREMIUM]",2568,"Sedan","Blue","BLACK","Rear-wheel Drive",,,"Gasoline",,,"dealership","[PREMIUM]","Charlotte","NC","[PREMIUM]",,"[]",,,"[PREMIUM]"
"57b29951-9268-4fd4-b7bc-69c971277da0","2026-05-22 22:30:48.273","2026-05-22 22:30:48.273","57b29951-9268-4fd4-b7bc-69c971277da0","[PREMIUM]","Used",2025,"Toyota","Corolla","LE","[PREMIUM]","[PREMIUM]",27082,"Sedan","White","GRAY","Rear-wheel Drive",,,"Gasoline",,,"dealership","[PREMIUM]","Roswell","GA","[PREMIUM]",,"[]",,,"[PREMIUM]"
"07104009-5d64-45a8-9883-22a0cdea009d","2026-05-22 22:30:48.264","2026-05-22 22:30:48.264","07104009-5d64-45a8-9883-22a0cdea009d","[PREMIUM]","Used",2025,"Kia","Soul","LX","[PREMIUM]","[PREMIUM]",10819,"Hatchback","White","BLACK","Rear-wheel Drive",,,"Gasoline",,,"dealership","[PREMIUM]","Saltillo","MS","[PREMIUM]",,"[]",,,"[PREMIUM]"
"b4cde253-573c-4eca-8497-bf4111ce1d0b","2026-05-22 22:30:48.257","2026-05-22 22:30:48.257","b4cde253-573c-4eca-8497-bf4111ce1d0b","[PREMIUM]","Used",2025,"Kia","Soul","LX","[PREMIUM]","[PREMIUM]",11981,"Hatchback","Steel Gray",,"Front-wheel Drive",,,,,,"dealership","[PREMIUM]","Colma","CA","[PREMIUM]",,"[]",,,"[PREMIUM]"
"4bc582ce-9908-4ca9-b260-466aa04ffffe","2026-05-22 22:30:48.254","2026-05-22 22:30:48.254","4bc582ce-9908-4ca9-b260-466aa04ffffe","[PREMIUM]","Used",2025,"Volkswagen","Jetta","Sport","[PREMIUM]","[PREMIUM]",27070,"Sedan","Black","BLACK","2WD",,,"Gas",,,"dealership","[PREMIUM]","Gainesville","FL","[PREMIUM]",,"[]",,,"[PREMIUM]"
"e1e8f01b-b3f0-419b-8bdb-e7ad570ae575","2026-05-22 22:30:48.249","2026-05-22 22:30:48.249","e1e8f01b-b3f0-419b-8bdb-e7ad570ae575","[PREMIUM]","Used",2025,"Kia","K4","LXS","[PREMIUM]","[PREMIUM]",18571,"Sedan","Black","BLACK","Rear-wheel Drive",,,"Gasoline",,,"dealership","[PREMIUM]","Stockbridge","GA","[PREMIUM]",,"[]",,,"[PREMIUM]"
"88d6ae23-9eae-4e8d-b69c-9016926c3308","2026-05-22 22:30:48.242","2026-05-22 22:30:48.242","88d6ae23-9eae-4e8d-b69c-9016926c3308","[PREMIUM]","Used",2025,"Chevrolet","Malibu","LS","[PREMIUM]","[PREMIUM]",14983,"Sedan","Blue","BLACK","Rear-wheel Drive",,,"Gasoline",,,"dealership","[PREMIUM]","Melbourne","FL","[PREMIUM]",,"[]",,,"[PREMIUM]"
"61ae2a35-f6d2-4961-bd41-4da7dcf75bd2","2026-05-22 22:30:48.238","2026-05-25 22:31:02.913","61ae2a35-f6d2-4961-bd41-4da7dcf75bd2","[PREMIUM]","Used",2025,"Jeep","Compass","Trailhawk","[PREMIUM]","[PREMIUM]",26305,"SUV","White","BLACK","Four-wheel Drive",,,"Gasoline",,,"dealership","[PREMIUM]","Greensboro","NC","[PREMIUM]",,"[]",,,"[PREMIUM]"
"be2b142e-70a8-4e02-9703-80728e1c0f43","2026-05-22 22:30:38.174","2026-05-22 22:30:38.174","be2b142e-70a8-4e02-9703-80728e1c0f43","[PREMIUM]","Used",2025,"Hyundai","TUCSON","SE","[PREMIUM]","[PREMIUM]",29650,"SUV","Black","BLACK","Rear-wheel Drive",,,"Gasoline",,,"dealership","[PREMIUM]","Davie","FL","[PREMIUM]",,"[]",,,"[PREMIUM]"
"5cafba6f-d256-4e2a-9291-0b1a6f057b2b","2026-05-22 22:30:37.903","2026-05-22 22:30:37.903","5cafba6f-d256-4e2a-9291-0b1a6f057b2b","[PREMIUM]","Used",2025,"Hyundai","SONATA","SEL","[PREMIUM]","[PREMIUM]",18617,"Sedan","White","GRAY","Rear-wheel Drive",,,"Gasoline",,,"dealership","[PREMIUM]","Murrieta","CA","[PREMIUM]",,"[]",,,"[PREMIUM]"
"9267f55a-a3df-46ce-89d4-4d4203f24db0","2026-05-22 22:30:37.876","2026-05-22 22:30:37.876","9267f55a-a3df-46ce-89d4-4d4203f24db0","[PREMIUM]","Used",2025,"Buick","Encore GX","Preferred","[PREMIUM]","[PREMIUM]",23071,"SUV","Gray","BLACK","Rear-wheel Drive",,,"Gasoline",,,"dealership","[PREMIUM]","San Antonio","TX","[PREMIUM]",,"[]",,,"[PREMIUM]"
"3aff735c-a762-4343-896d-ef45d4571fe6","2026-05-22 22:30:37.781","2026-05-22 22:30:37.781","3aff735c-a762-4343-896d-ef45d4571fe6","[PREMIUM]","Used",2025,"Hyundai","SONATA","SEL","[PREMIUM]","[PREMIUM]",25677,"Sedan","Silver","BLACK","2WD",,,"Gas",,,"dealership","[PREMIUM]","Norcross","GA","[PREMIUM]",,"[]",,,"[PREMIUM]"
"c0522cc9-371a-4658-bcd1-c4d308c89787","2026-05-22 22:30:37.777","2026-05-22 22:30:37.777","c0522cc9-371a-4658-bcd1-c4d308c89787","[PREMIUM]","Used",2025,"Jeep","Compass","Limited","[PREMIUM]","[PREMIUM]",43173,"SUV","White","BLACK","Four-wheel Drive",,,"Gasoline",,,"dealership","[PREMIUM]","Austin","TX","[PREMIUM]",,"[]",,,"[PREMIUM]"
"49509083-5991-47a6-b726-9507a64ea6f7","2026-05-22 22:30:37.770","2026-05-22 22:30:37.770","49509083-5991-47a6-b726-9507a64ea6f7","[PREMIUM]","Used",2025,"Buick","Envista","Preferred","[PREMIUM]","[PREMIUM]",19865,"SUV","Black","BLACK","Rear-wheel Drive",,,"E85 Flex Fuel",,,"dealership","[PREMIUM]","Oklahoma City","OK","[PREMIUM]",,"[]",,,"[PREMIUM]"
"d77b423f-5691-4eb3-95a6-168afd4a14ea","2026-05-22 22:29:37.924","2026-05-22 22:29:37.924","d77b423f-5691-4eb3-95a6-168afd4a14ea","[PREMIUM]","New",2026,"Nissan","Sentra","SV","[PREMIUM]","[PREMIUM]",2,"Sedan","Super Black","Charcoal","Front-wheel Drive",,,"Gasoline",,,"dealership","[PREMIUM]","Phoenix","AZ","[PREMIUM]",,"[]",,,"[PREMIUM]"
"58a6b77a-7468-469b-bdae-e800e43dd0c2","2026-05-22 22:29:37.543","2026-05-22 22:29:37.543","58a6b77a-7468-469b-bdae-e800e43dd0c2","[PREMIUM]","New",2026,"Hyundai","ELANTRA","SE","[PREMIUM]","[PREMIUM]",0,"Sedan","Abyss Black","Gray","Front-wheel Drive",,,"Gasoline",,,"dealership","[PREMIUM]","Arlington","TX","[PREMIUM]",,"[]",,,"[PREMIUM]"
"3d32374b-2fd0-4687-b5e4-0019640d5f6c","2026-05-22 22:29:07.660","2026-05-22 22:29:07.660","3d32374b-2fd0-4687-b5e4-0019640d5f6c","[PREMIUM]","New",2026,"Chevrolet","Trax","LT","[PREMIUM]","[PREMIUM]",10,"SUV","Gray","Jet Black with Blue accents, Cloth/Evotex seat trim","Front-wheel Drive",,,"Gasoline",,,"dealership","[PREMIUM]","Troy","AL","[PREMIUM]",,"[]",,,"[PREMIUM]"
"cb3fb6e7-0e47-48a6-b233-9d8753979407","2026-05-22 22:29:07.307","2026-05-22 22:29:07.307","cb3fb6e7-0e47-48a6-b233-9d8753979407","[PREMIUM]","New",2026,"Volkswagen","Jetta","1.4T SE","[PREMIUM]","[PREMIUM]",21,"Sedan","Silver Metallic","Grigio/Titan Blk Cloudtex","Front-wheel Drive",,,"Gasoline",,,"dealership","[PREMIUM]","Waldorf","MD","[PREMIUM]",,"[]",,,"[PREMIUM]"
"871aec12-04f9-4cb6-aa6a-b431dc06c355","2026-05-22 22:29:07.270","2026-05-22 22:29:07.270","871aec12-04f9-4cb6-aa6a-b431dc06c355","[PREMIUM]","New",2026,"Chevrolet","Trax","LS","[PREMIUM]","[PREMIUM]",5,"SUV","Gray","Jet Black/Gray with Blue accents, Cloth seat trim","Front-wheel Drive",,,"Gasoline",,,"dealership","[PREMIUM]","Estero","FL","[PREMIUM]",,"[]",,,"[PREMIUM]"
"12f35ea8-1db9-4804-aaf3-f4f0f7b05897","2026-05-22 22:28:57.908","2026-05-22 22:28:57.908","12f35ea8-1db9-4804-aaf3-f4f0f7b05897","[PREMIUM]","New",2026,"Toyota","Corolla","LE","[PREMIUM]","[PREMIUM]",0,"Sedan","Black","Black","FWD",,,"Gasoline",,,"dealership","[PREMIUM]","Miami","FL","[PREMIUM]",,"[]",,,"[PREMIUM]"
"a5594a49-7325-4aeb-a44b-6448b399d181","2026-05-22 22:28:57.160","2026-05-22 22:28:57.160","a5594a49-7325-4aeb-a44b-6448b399d181","[PREMIUM]","New",2026,"Chevrolet","Trax","LT","[PREMIUM]","[PREMIUM]",5,"SUV","Cypress Gray","Jet Black With Blue Accen","Front-wheel Drive",,,"Gasoline",,,"dealership","[PREMIUM]","Provo","UT","[PREMIUM]",,"[]",,,"[PREMIUM]"
"29afbd5c-b9a3-4598-85b4-56155e98ecf0","2026-05-22 22:28:57.138","2026-05-25 22:29:12.237","29afbd5c-b9a3-4598-85b4-56155e98ecf0","[PREMIUM]","New",2026,"Toyota","Corolla","LE","[PREMIUM]","[PREMIUM]",0,"Sedan","White","Macadamia","Front-wheel Drive",,,"Gasoline",,,"dealership","[PREMIUM]","Miami","FL","[PREMIUM]",,"[]",,,"[PREMIUM]"
"11a34da2-b956-450c-92ae-5c95adfca05f","2026-05-22 22:28:57.129","2026-05-22 22:28:57.129","11a34da2-b956-450c-92ae-5c95adfca05f","[PREMIUM]","New",2026,"Hyundai","ELANTRA","SE","[PREMIUM]","[PREMIUM]",0,"Sedan","White Pearl","Gray","Front-wheel Drive",,,"Gasoline",,,"dealership","[PREMIUM]","Laurel","MD","[PREMIUM]",,"[]",,,"[PREMIUM]"
"1b946739-8c6c-45a2-ab63-1eb9d88600e6","2026-05-22 22:28:57.117","2026-05-22 22:28:57.117","1b946739-8c6c-45a2-ab63-1eb9d88600e6","[PREMIUM]","New",2026,"Toyota","Corolla","LE","[PREMIUM]","[PREMIUM]",0,"Sedan","Black","Black","FWD",,,"Gasoline",,,"dealership","[PREMIUM]","Miami","FL","[PREMIUM]",,"[]",,,"[PREMIUM]"
"a203373c-ccae-4da3-a1e5-0e13477faf36","2026-05-22 22:28:57.086","2026-05-25 22:29:02.399","a203373c-ccae-4da3-a1e5-0e13477faf36","[PREMIUM]","New",2026,"Toyota","Corolla","LE","[PREMIUM]","[PREMIUM]",0,"Sedan","Gray","Black","Front-wheel Drive",,,"Gasoline",,,"dealership","[PREMIUM]","Miami","FL","[PREMIUM]",,"[]",,,"[PREMIUM]"
"c24d4af7-c126-4ead-afa2-fc153fc6baaa","2026-05-22 22:28:57.069","2026-05-22 22:28:57.069","c24d4af7-c126-4ead-afa2-fc153fc6baaa","[PREMIUM]","New",2026,"Mazda","Mazda3","2.5 S Select Sport","[PREMIUM]","[PREMIUM]",0,"Sedan","Jet Black Mica","Black","Front-wheel Drive",,,"Gasoline",,,"dealership","[PREMIUM]","Port Richey","FL","[PREMIUM]",,"[]",,,"[PREMIUM]"
"0ccbb5aa-d123-4214-b7d5-49f91183c2d5","2026-05-22 22:28:57.015","2026-05-22 22:28:57.015","0ccbb5aa-d123-4214-b7d5-49f91183c2d5","[PREMIUM]","New",2026,"Toyota","Corolla","LE","[PREMIUM]","[PREMIUM]",0,"Sedan","Black","Black","FWD",,,"Gasoline",,,"dealership","[PREMIUM]","Miami","FL","[PREMIUM]",,"[]",,,"[PREMIUM]"
"fb80e238-d3cd-46a6-bf17-654f8cf9f891","2026-05-22 22:28:57.015","2026-05-22 22:28:57.015","fb80e238-d3cd-46a6-bf17-654f8cf9f891","[PREMIUM]","New",2026,"Toyota","Corolla","LE","[PREMIUM]","[PREMIUM]",0,"Sedan","White","Gray","FWD",,,"Gasoline",,,"dealership","[PREMIUM]","Miami","FL","[PREMIUM]",,"[]",,,"[PREMIUM]"
"029e6b34-330c-4117-9701-e0fcbee6630a","2026-05-22 22:28:57.010","2026-05-22 22:28:57.010","029e6b34-330c-4117-9701-e0fcbee6630a","[PREMIUM]","New",2026,"Toyota","Corolla","LE","[PREMIUM]","[PREMIUM]",0,"Sedan","Black","Black","FWD",,,"Gasoline",,,"dealership","[PREMIUM]","Miami","FL","[PREMIUM]",,"[]",,,"[PREMIUM]"
"3e1e94ce-c3dd-4f91-a73a-b92530169ec1","2026-05-22 22:28:46.825","2026-05-22 22:28:46.825","3e1e94ce-c3dd-4f91-a73a-b92530169ec1","[PREMIUM]","New",2026,"Toyota","Corolla","LE","[PREMIUM]","[PREMIUM]",0,"Sedan","Midnight Black Metallic","Black","Front-wheel Drive",,,"Gasoline",,,"dealership","[PREMIUM]","Orlando","FL","[PREMIUM]",,"[]",,,"[PREMIUM]"
"aa51a7bd-f475-4c55-9ae5-875242d2b46e","2026-05-22 22:28:46.771","2026-05-22 22:28:46.771","aa51a7bd-f475-4c55-9ae5-875242d2b46e","[PREMIUM]","New",2026,"Kia","K4","LXS","[PREMIUM]","[PREMIUM]",0,"Sedan","Morning Haze","Blk Clth","Front-wheel Drive",,,"Gasoline",,,"dealership","[PREMIUM]","Fallston","MD","[PREMIUM]",,"[]",,,"[PREMIUM]"
"2e76450b-22e9-4a31-9293-1b69f849601b","2026-05-22 22:28:36.675","2026-05-22 22:28:36.675","2e76450b-22e9-4a31-9293-1b69f849601b","[PREMIUM]","New",2026,"Toyota","Corolla","LE","[PREMIUM]","[PREMIUM]",0,"Sedan","Gray","Macadamia","FWD",,,"Gasoline",,,"dealership","[PREMIUM]","Miami","FL","[PREMIUM]",,"[]",,,"[PREMIUM]"
"28ab76f9-81cd-4626-95e0-7f7ae55f2b0e","2026-05-22 22:28:36.592","2026-05-22 22:28:36.592","28ab76f9-81cd-4626-95e0-7f7ae55f2b0e","[PREMIUM]","New",2026,"Toyota","Corolla","LE","[PREMIUM]","[PREMIUM]",0,"Sedan","Black","Black","FWD",,,"Gasoline",,,"dealership","[PREMIUM]","Miami","FL","[PREMIUM]",,"[]",,,"[PREMIUM]"
"aaabd2e4-140a-4bb0-8341-4914d146851f","2026-05-22 22:28:36.588","2026-05-22 22:28:36.588","aaabd2e4-140a-4bb0-8341-4914d146851f","[PREMIUM]","New",2026,"Toyota","Corolla","LE","[PREMIUM]","[PREMIUM]",0,"Sedan","Gray","Black","FWD",,,"Gasoline",,,"dealership","[PREMIUM]","Miami","FL","[PREMIUM]",,"[]",,,"[PREMIUM]"
"f4d0b067-98a4-40e2-9d35-1319385631ad","2026-05-22 22:28:36.562","2026-05-22 22:28:36.562","f4d0b067-98a4-40e2-9d35-1319385631ad","[PREMIUM]","New",2026,"Hyundai","ELANTRA","Sport","[PREMIUM]","[PREMIUM]",11,"Sedan","Serenity White","Black","Front-wheel Drive",,,"Gasoline",,,"dealership","[PREMIUM]","Bourbonnais","IL","[PREMIUM]",,"[]",,,"[PREMIUM]"
